feature,p_value,u_stat,cohens_d,cohens_d_raw,log2_fc,ad_mean,control_mean,direction,p_adj
g__Pyramidobacter,0.940064576558677,2353.0,0.041580957557570526,0.041580957557570526,0.0,-1.557791612718175,-1.6437970969728923,up,0.9783288818095964
g__Alistipes,0.1642281820907161,2705.0,0.19202187568530252,0.19202187568530252,0.17157019442615407,5.554319751128258,4.93154616203457,up,0.9713065209366739
g__Prevotella,0.8410870596635687,2420.0,0.013221777492471307,0.013221777492471307,0.0,-1.3860785245890983,-1.4310129190512142,up,0.9713065209366739
g__Porphyromonas,0.24384707558413554,2651.0,0.34743180175134075,0.34743180175134075,0.0,-1.2142701552967063,-1.5748484557608657,up,0.9713065209366739
g__Parabacteroides,0.8870617623982282,2406.0,0.03922176096240577,-0.03922176096240577,-0.031205877510586875,4.473671233437867,4.571492063653123,down,0.9783288818095964
g__Phocaeicola,0.8574529080473072,2415.0,0.02093290797793548,0.02093290797793548,0.010623685758249693,6.424473420209448,6.377338782754664,up,0.9713065209366739
g__Collinsella,0.760417987347328,2298.0,0.03211120222895625,-0.03211120222895625,-0.0443745034518725,3.466039638615078,3.574304778204667,down,0.9713065209366739
g__Methanobrevibacter,0.9300991057930379,2393.0,0.030481324749299463,0.030481324749299463,0.0,-1.0348264130464906,-1.0862300605094308,up,0.9783288818095964
g__Bacteroides,0.6639808714034726,2476.0,0.13429824871891646,0.13429824871891646,0.05028852445344307,7.245797431927683,6.997579386300835,up,0.9713065209366739
g__Gemmiger,0.7731757818719381,2441.0,0.0917599668613499,0.0917599668613499,0.188847681712911,3.2740918564891732,2.872380983386252,up,0.9713065209366739
g__Oscillospiraceae_unclassified,0.6103231142801342,2494.0,0.13587242299701394,0.13587242299701394,0.30710836128461527,2.4998247526227297,2.0205087491455984,up,0.9713065209366739
g__Odoribacter,0.2241561552329554,2663.0,0.19409046674837743,0.19409046674837743,1.0696797189006468,1.30115174277627,0.6199008996230942,up,0.9713065209366739
g__Phascolarctobacterium,0.7731757818719381,2302.0,0.0035980355790022124,-0.0035980355790022124,-0.007691393517219074,2.5714758829294335,2.5852217181315895,down,0.9713065209366739
g__Vescimonas,0.03112981582878748,2888.0,0.379032863519064,0.379032863519064,0.0,1.1283568251128044,-0.24292374553341844,up,0.9713065209366739
g__Ruthenibacterium,0.7069589076056451,2462.0,0.10518416463930373,0.10518416463930373,0.08588246335595666,4.262464535807586,4.0161283245179655,up,0.9713065209366739
g__GGB9715,0.3941371825614728,2576.0,0.14461688268498268,0.14461688268498268,0.3255722087689178,2.3690418501330623,1.8904523369987578,up,0.9713065209366739
g__Ruminococcus,0.6132532452402786,2493.0,0.0013552802256549094,-0.0013552802256549094,-0.0010213338784569308,5.75446943013089,5.758544661039055,down,0.9713065209366739
g__GGB9480,0.48282811088822,2203.0,0.0797131821123979,-0.0797131821123979,0.0,-0.19960651983660693,-0.06494058700610507,down,0.9713065209366739
g__Blautia,0.7477250267908757,2294.0,0.02069813857733012,-0.02069813857733012,-0.005660395017144497,6.678885173149655,6.705141165117125,down,0.9713065209366739
g__Evtepia,0.24048350970692567,2653.0,0.20124659240577472,0.20124659240577472,0.4824000229266434,1.9999705449440082,1.4315506639344415,up,0.9713065209366739
g__Anaerobutyricum,0.4105656995624295,2569.0,0.2119809465981269,0.2119809465981269,0.15266325092291005,5.378274992539454,4.838233077535102,up,0.9713065209366739
g__Butyricimonas,0.06545714529570394,2813.0,0.3782147215526267,0.3782147215526267,0.0,1.0158484062180912,-0.00958459350277394,up,0.9713065209366739
g__Faecalibacterium,0.3140822675617376,2613.0,0.36204720303726,0.36204720303726,0.3072991761177034,6.341516429189548,5.124917189509695,up,0.9713065209366739
g__Hungatella,0.9135150831631654,2398.0,0.010174896894478137,0.010174896894478137,0.0,-0.8731584256818677,-0.9105577858728381,up,0.9783288818095964
g__Desulfovibrio,0.41772923301414755,2177.0,0.033434055439380946,0.033434055439380946,0.0,-1.2127519652409362,-1.3004980576061984,up,0.9713065209366739
g__Mediterraneibacter,0.9168291103690169,2397.0,0.0004947537256166991,0.0004947537256166991,0.00014730566375939947,6.27338832395608,6.272747815443316,up,0.9783288818095964
g__Christensenella,0.2905942366476899,2118.0,0.1930141285929692,-0.1930141285929692,0.0,-0.6687622448441951,-0.12224390070574825,down,0.9713065209366739
g__GGB9760,0.9433885646021108,2389.0,0.11817092018886954,0.11817092018886954,0.33761082663944963,1.2775485006533094,1.0109889548968853,up,0.9783288818095964
g__Lentihominibacter,0.682274983847722,2470.0,0.08932716416513756,0.08932716416513756,0.45811954921751097,1.009825366132045,0.7350866740708482,up,0.9713065209366739
g__Clostridium,0.5419519784828528,2518.0,0.14399127781318477,0.14399127781318477,0.05264506633388669,5.284090157103242,5.094745270751528,up,0.9713065209366739
g__GGB3518,0.854174596311595,2327.0,0.009947402449516548,-0.009947402449516548,-0.0008507746010042961,3.8677165632820967,3.869998074865141,down,0.9713065209366739
g__Ligilactobacillus,0.6398984499572301,2484.0,0.04799339243628953,0.04799339243628953,0.0,-0.6983665128680696,-0.8602931103626096,up,0.9713065209366739
g__Eggerthella,0.5391882118918248,2224.0,0.10829060835809089,-0.10829060835809089,-0.15693046991577142,2.7427203817088084,3.057893195585994,down,0.9713065209366739
g__Holdemanella,0.8804668737898316,2335.0,0.045098445469334635,0.045098445469334635,0.06563562700543629,1.7978857001908597,1.7179233619625245,up,0.9783288818095964
g__Dorea,0.5039140440889992,2211.0,0.0498619882721038,-0.0498619882721038,-0.04026014757386577,4.588061298821148,4.717899916508266,down,0.9713065209366739
g__Anaerotruncus,0.08374825180879192,2786.0,0.3136707054797953,0.3136707054797953,0.0,0.2506317929310459,-0.6566005163982912,up,0.9713065209366739
g__Raoultibacter,0.5200417286139674,2217.0,0.017989491490495984,-0.017989491490495984,0.0,-0.6080558016887444,-0.555526790716907,down,0.9713065209366739
g__GGB1215,0.7288141248786871,2288.0,0.04561027021052651,-0.04561027021052651,-0.0041002002200571305,3.5981786511753735,3.6084193722130182,down,0.9713065209366739
g__Candidatus_Cibionibacter,0.7131795761599218,2460.0,0.12749642720402896,0.12749642720402896,0.15653229921957,4.183619653185665,3.7534555500348525,up,0.9713065209366739
g__Streptococcus,0.2194161618379109,2077.0,0.2674216687554029,-0.2674216687554029,-0.17262848194091795,4.776973426345438,5.38417511614669,down,0.9713065209366739
g__Erysipelatoclostridium,0.5364315251064322,2223.0,0.13126154271240936,-0.13126154271240936,-0.2649638987369266,2.083622655316309,2.5036934443104077,down,0.9713065209366739
g__GGB3433,0.5699722381131727,2235.0,0.059335191183178884,-0.059335191183178884,0.0,-0.4860207892828025,-0.39071003139521077,down,0.9713065209366739
g__Bilophila,0.8574529080473072,2328.0,0.016182629566811896,0.016182629566811896,0.04110482449182966,1.7163278641280062,1.668116845301862,up,0.9713065209366739
g__Coprococcus,0.5558759414638932,2230.0,0.07126656183063469,-0.07126656183063469,-0.0709715468839639,3.69406653901023,3.8803355116193186,down,0.9713065209366739
g__Gordonibacter,0.051588486093761106,2838.0,0.31125666163406746,0.31125666163406746,0.0,0.7846726582550351,-0.14975981164740076,up,0.9713065209366739
g__Escherichia,0.607399214125354,2248.0,0.09771919656957993,-0.09771919656957993,-0.15179464601272796,3.1022475000246454,3.4464436721662164,down,0.9713065209366739
g__Eubacteriaceae_unclassified,0.8085673212554976,2313.0,0.005248670417835684,0.005248670417835684,0.1103755025380569,0.23901390928154165,0.22140979924958995,up,0.9713065209366739
g__Diplocloster,0.7288141248786871,2455.0,0.1805354297853106,0.1805354297853106,0.0,-2.184665266806252,-2.4102264885501974,up,0.9713065209366739
g__GGB3653,0.4546352003232724,2192.0,0.09129872028291448,-0.09129872028291448,-0.41719027855257124,0.7553036811032667,1.0085754415925214,down,0.9713065209366739
g__GGB9176,0.940064576558677,2390.0,0.1146548792034013,0.1146548792034013,0.0,-1.9594796737015188,-2.0665854519102305,up,0.9783288818095964
g__Wujia,0.2925052045061357,2624.0,0.19220095154446296,0.19220095154446296,0.776697114412424,1.1764240392103873,0.6866805738032419,up,0.9713065209366739
g__Corynebacterium,0.6700573577708726,2474.0,0.15772850542671407,0.15772850542671407,0.0,-1.2870743425843907,-1.535840764389633,up,0.9713065209366739
g__Romboutsia,0.8870617623982282,2406.0,0.02787440306375002,-0.02787440306375002,-0.051616647721761943,2.1581645292599716,2.2367771092838313,down,0.9783288818095964
g__GGB3345,0.30809636302258747,2127.0,0.1769240652874564,-0.1769240652874564,-0.43522677734660786,0.8946715019083005,1.2097062343048421,down,0.9713065209366739
g__Limosilactobacillus,0.5391882118918248,2519.0,0.17761120352773171,0.17761120352773171,0.0,0.30493171689186527,-0.24954231433398433,up,0.9713065209366739
g__Agathobaculum,0.11530596240146752,1994.0,0.24299641221891155,-0.24299641221891155,-0.12066482084653699,4.5651403142220754,4.963383824931101,down,0.9713065209366739
g__Bifidobacterium,0.9201445835149341,2347.0,0.038158367756210045,-0.038158367756210045,-0.03446570622881478,5.325641002683309,5.454401446172387,down,0.9783288818095964
g__GGB4659,0.49067870932066526,2206.0,0.10506921404391224,-0.10506921404391224,-0.017161128172800244,1.9592467286985338,1.9826914996380849,down,0.9713065209366739
g__Roseburia,0.6044815824352852,2496.0,0.027713770436107687,-0.027713770436107687,-0.011487029215693874,6.074452001176999,6.123011076567984,down,0.9713065209366739
g__Intestinimonas,0.7007577458202716,2464.0,0.09153751325455615,0.09153751325455615,0.0,-0.054039682857596284,-0.27811241643894263,up,0.9713065209366739
g__Candidatus_Nanosynsacchari,0.8378218779789235,2322.0,0.07833127537330511,-0.07833127537330511,0.0,-0.40597203514870034,-0.20855169177078334,down,0.9713065209366739
g__Segatella,0.7636014837937904,2299.0,0.01805301068346686,-0.01805301068346686,-0.2446103695134934,0.39057913322963866,0.462747515582806,down,0.9713065209366739
g__GGB41458,0.29828864825799517,2621.0,0.1447815727928354,0.1447815727928354,0.38367524135917713,0.7050014223567651,0.5403712528101107,up,0.9713065209366739
g__Lachnoclostridium,0.9533662144774582,2357.0,0.024927269178662174,0.024927269178662174,0.14679573974217602,0.9249281635100914,0.8354454204648237,up,0.9784835374247453
g__Lachnospiraceae_unclassified,0.10153799039193498,1979.0,0.2971481796054925,-0.2971481796054925,-0.24781009838234905,4.883984019804209,5.7992590262874435,down,0.9713065209366739
g__Faecalibacillus,0.20265253036521136,2066.0,0.22296738474845518,-0.22296738474845518,-0.5878293018771098,1.7194385417166822,2.5842879915489623,down,0.9713065209366739
g__GGB1456,0.37811292186202794,2583.0,0.32027962884830236,0.32027962884830236,0.0,-3.601340261010306,-4.074683921146737,up,0.9713065209366739
g__GGB9237,0.5586815421456336,2512.0,0.05363656441223678,0.05363656441223678,0.0,-1.1254780650768492,-1.1905984700629186,up,0.9713065209366739
g__Anaerofustis,0.6639808714034726,2476.0,0.18676164265995487,0.18676164265995487,0.0,-2.0137686083435624,-2.404732146792067,up,0.9713065209366739
g__Faecalicatena,0.018065795168569012,1805.0,0.4507822915999339,-0.4507822915999339,-0.5910122280191021,2.543789289872271,3.831718033262873,down,0.9713065209366739
g__Lachnospira,0.051089291803937266,1904.0,0.3608751927143181,-0.3608751927143181,-0.40936573706518015,2.6422830921198197,3.5092209367960554,down,0.9713065209366739
g__Eubacterium,0.5282042403654144,2523.0,0.06148770517724247,0.06148770517724247,0.04648919338870018,4.48310313425775,4.3409430503667785,up,0.9713065209366739
g__GGB9545,0.41294539637506356,2568.0,0.29833584756673714,0.29833584756673714,0.1281551003362788,1.4217173738335247,1.300872525218261,up,0.9713065209366739
g__Coprobacillus,0.4058308166893556,2172.0,0.12423649190154597,-0.12423649190154597,0.0,-1.6188208018189625,-1.2920398777249011,down,0.9713065209366739
g__Candidatus_Saccharibacteria_unclassified,0.1414651553763089,2019.0,0.3238064291317857,-0.3238064291317857,-0.684798291422186,1.1704681295314512,1.8815008530677064,down,0.9713065209366739
g__Candidatus_Nanoperiomorbus,0.5986652735891027,2498.0,0.1097462765935537,0.1097462765935537,0.0,-2.29190433198754,-2.4648471363872915,up,0.9713065209366739
g__Anaerostipes,0.3387856876968661,2142.0,0.10783002914524262,-0.10783002914524262,-0.07145782115190502,4.9831616464041115,5.236196340911786,down,0.9713065209366739
g__Fusicatenibacter,0.20117614312348686,2065.0,0.1830703836534833,-0.1830703836534833,-0.11978622802504475,4.731457630476064,5.14107811964052,down,0.9713065209366739
g__GGB2998,0.10066879944873093,2765.0,0.2974719315408292,0.2974719315408292,0.0,-2.2067817181280116,-2.887154736141403,up,0.9713065209366739
g__GGB12798,0.4622308637195627,2195.0,0.048651795751244974,-0.048651795751244974,0.0,-2.39366034528524,-2.2864996607304096,down,0.9713065209366739
g__Enterococcus,0.8378218779789235,2421.0,0.040787886310069986,0.040787886310069986,0.0,0.025057657424652834,-0.10842709515374385,up,0.9713065209366739
g__Provencibacterium,0.37585695079411907,2584.0,0.2721181899376175,0.2721181899376175,0.0,-1.957182486910402,-2.342983353298141,up,0.9713065209366739
g__Lactobacillus,0.20863701833869408,2673.0,0.2843744545130835,0.2843744545130835,0.0,0.10867388844907562,-0.6709974589282756,up,0.9713065209366739
g__Holdemania,0.33458406922822426,2603.0,0.19220936909692204,0.19220936909692204,0.4993719694303852,1.40515597506701,0.9940279423001832,up,0.9713065209366739
g__GGB3429,0.7924269182782541,2435.0,0.12425528539620524,0.12425528539620524,0.0,-1.1063148247291392,-1.2199861948861477,up,0.9713065209366739
g__GGB3061,0.5558759414638932,2513.0,0.23463375713387064,0.23463375713387064,0.0,-1.1357345266423293,-1.4662430954232817,up,0.9713065209366739
g__Acidaminococcus,0.6853426035606958,2274.0,0.23078991032030735,-0.23078991032030735,0.0,-0.4092216596992232,-0.07972017465225922,down,0.9713065209366739
g__Congzhengia,0.5336819479672524,2222.0,0.1950486459936082,-0.1950486459936082,0.0,-0.4836720865337455,-0.3703956162607096,down,0.9713065209366739
g__Coprobacter,0.7351000957263445,2453.0,0.11367577127005522,0.11367577127005522,0.0,-0.41018174227323134,-0.5847544525662032,up,0.9713065209366739
g__Oscillibacter,0.21320870749517173,2670.0,0.16793164920581705,0.16793164920581705,0.40799795364343444,2.764580747638386,2.0835774910031555,up,0.9713065209366739
g__Dysosmobacter,0.5957666702502111,2499.0,0.0773656187476677,0.0773656187476677,0.26921566837178873,1.39466489345911,1.1572518333743738,up,0.9713065209366739
g__Simiaoa,0.5785110427843865,2238.0,0.05121973312176,-0.05121973312176,-0.22251043399037485,1.0829071533095862,1.2634950287022502,down,0.9713065209366739
g__Enterocloster,0.6279960232666452,2488.0,0.08956693611519215,-0.08956693611519215,-0.13878687459017672,2.8838391410261446,3.1750461648361705,down,0.9713065209366739
g__Emergencia,0.9300991057930379,2393.0,0.005653734747373211,-0.005653734747373211,0.0,-2.1233747583523033,-2.1145214272759345,down,0.9783288818095964
g__Brotolimicola,0.4880542446592311,2205.0,0.09258176527814693,-0.09258176527814693,-0.11202063133204229,2.6539840838930653,2.868269033601771,down,0.9713065209366739
g__Intestinibacter,0.2388140405963899,2089.0,0.1795904573064291,-0.1795904573064291,-3.113174950081892,0.06852433466435257,0.592930607048028,down,0.9713065209366739
g__Parascardovia,0.8247896000995886,2425.0,0.17894464766020435,0.17894464766020435,0.0,-3.16152353733436,-3.5074985546740036,up,0.9713065209366739
g__Jilunia,0.9433885646021108,2354.0,0.28231158129010686,0.28231158129010686,0.0,-3.187582760281915,-3.6266735985846523,up,0.9783288818095964
g__Megamonas,0.10779079027918854,2757.0,0.43902892321000225,0.43902892321000225,0.0,-1.029073837940573,-2.3942497726931835,up,0.9713065209366739
g__Varibaculum,0.7288141248786871,2288.0,0.045610271340944385,-0.045610271340944385,0.0,-0.15875131867968897,-0.1485105974102212,down,0.9713065209366739
g__Fumia,0.7731757818719381,2441.0,0.16592950041096807,0.16592950041096807,0.0,-2.1285924750983196,-2.3498407288417154,up,0.9713065209366739
g__Actinomyces,0.3602988263960675,2152.0,0.14308508808668574,-0.14308508808668574,-0.5954497410169892,0.8259636182974054,1.2479843840332638,down,0.9713065209366739
g__GGB2848,0.7763749812910754,2303.0,0.06006610457309323,-0.06006610457309323,0.0,-2.6523761008800335,-2.581628945597164,down,0.9713065209366739
g__Wansuia,0.27012811422075667,2636.0,0.18904670341747026,0.18904670341747026,0.0,-1.5230524643194707,-2.025353967408921,up,0.9713065209366739
g__Bianquea,0.7956481309005246,2309.0,0.046676346379103645,0.046676346379103645,0.0,-2.4540789599412998,-2.5281576388480813,up,0.9713065209366739
g__GGB88417,0.7319548618400757,2289.0,0.06967769071331992,-0.06967769071331992,0.0,-2.532398355368693,-2.506864234754509,down,0.9713065209366739
g__GGB3632,0.03490483526289171,1866.0,0.2908468883747514,-0.2908468883747514,0.0,-0.3547623353403627,0.03243562369303781,down,0.9713065209366739
g__Flavonifractor,0.8607336803836151,2414.0,0.038383047317312936,0.038383047317312936,0.039244098324311916,3.468437738569398,3.375361187240322,up,0.9713065209366739
g__Paraprevotella,0.15554045223560736,2031.0,0.19088644841289157,-0.19088644841289157,-1.1254912263484007,0.37000055286902206,0.8072517440878848,down,0.9713065209366739
g__Olsenella,0.9500394413259129,2387.0,0.002475913140703411,-0.002475913140703411,0.0,-2.0599506702131087,-2.0539634395495927,down,0.9784314246299056
g__Clostridiaceae_unclassified,0.15192574640712747,2028.0,0.2196829814856892,-0.2196829814856892,-0.16984673188347543,4.359850244410245,4.904565433670414,down,0.9713065209366739
g__Candidatus_Nanosynbacter,0.9035822484778409,2342.0,0.05343797906458662,-0.05343797906458662,0.0,-1.9663194974400402,-1.9062712440205791,down,0.9783288818095964
g__Parasutterella,0.4647784010736252,2196.0,0.12899862852930957,-0.12899862852930957,-0.7618401634046941,0.6473550562368579,1.0976889327717312,down,0.9713065209366739
g__GGB4456,0.6458848529528223,2482.0,0.04685806723710125,0.04685806723710125,0.0,-0.40827103569341777,-0.48759130056881456,up,0.9713065209366739
g__Lancefieldella,0.7540632018414068,2296.0,0.006943756403080518,0.006943756403080518,0.0,-1.3916515160502845,-1.4052025682659224,up,0.9713065209366739
g__Neobittarella,0.7131795761599218,2460.0,0.09442519429452897,0.09442519429452897,0.0,-2.277400949571654,-2.5261972212616093,up,0.9713065209366739
g__Schaalia,0.8476255757634981,2325.0,0.08649533917092067,-0.08649533917092067,-1.3620702057808212,0.13490347638576125,0.3467744802500634,down,0.9713065209366739
g__Mogibacterium,0.37360930935934156,2158.0,0.1547473981253288,-0.1547473981253288,0.0,-0.7157652005545011,-0.40413553762696397,down,0.9713065209366739
g__Ndongobacter,0.7288141248786871,2288.0,0.04561027522507075,-0.04561027522507075,0.0,-1.6302523976603318,-1.6200116755943181,down,0.9713065209366739
g__Eubacteriales_Family_XIII_Incertae_Sedis_unclassified,0.42739427811559205,2181.0,0.15763163541237657,-0.15763163541237657,0.0,-2.4029521072819287,-2.0055562538003997,down,0.9713065209366739
g__GGB31184,0.7288141248786871,2288.0,0.04561027650065109,-0.04561027650065109,0.0,-1.8558026406105466,-1.8455619182829404,down,0.9713065209366739
g__GGB4683,0.29828864825799517,2122.0,0.030236303786788498,-0.030236303786788498,0.0,-0.3734497735793234,-0.2923896150965722,down,0.9713065209366739
g__GGB3256,0.42496588234348953,2180.0,0.10548910155729362,-0.10548910155729362,0.0,-0.7518625069167256,-0.4112991991768048,down,0.9713065209366739
g__GGB4699,0.4673337292145693,2197.0,0.0005454758526299417,-0.0005454758526299417,0.0,-1.6042844230705977,-1.603425026184962,down,0.9713065209366739
g__Prevotellamassilia,0.6884154196466701,2275.0,0.005210143966320326,-0.005210143966320326,-0.0004616722190443842,4.374006225807686,4.375406161512473,down,0.9713065209366739
g__GGB9342,0.854174596311595,2327.0,0.059630868339542814,0.059630868339542814,0.5514141719241179,0.32587000427387747,0.22235770376005992,up,0.9713065209366739
g__Pseudoruminococcus,0.5364315251064322,2223.0,0.09484760637294776,-0.09484760637294776,0.0,-2.5661058299782833,-2.435245760930528,down,0.9713065209366739
g__GGB9699,0.5336819479672524,2521.0,0.10057866051717056,0.10057866051717056,0.4201474512688509,1.0279540637632454,0.7682396576456947,up,0.9713065209366739
g__GGB4578,0.19679408653771413,2062.0,0.21689455364757332,-0.21689455364757332,0.0,-0.6583864287524585,-0.25974894530447146,down,0.9713065209366739
g__GGB9634,0.5173354177706786,2216.0,0.08880366477168704,-0.08880366477168704,-0.877408605697237,0.204422770381622,0.3755394608310646,down,0.9713065209366739
g__GGB9730,0.6103231142801342,2249.0,0.09797585335533783,-0.09797585335533783,-0.1477793937880914,2.041524162966391,2.261728938277932,down,0.9713065209366739
g__Turicibacter,0.7351000957263445,2290.0,0.05740402060697541,0.05740402060697541,0.0,-0.7303409229928062,-0.8785115612727276,up,0.9713065209366739
g__Sutterella,0.9300991057930379,2350.0,0.003231941977825288,0.003231941977825288,0.0,-0.23531365581496239,-0.24475689449672067,up,0.9783288818095964
g__GGB27106,0.7859951622317407,2306.0,0.04655756034026109,-0.04655756034026109,-0.004294896038117158,3.4348344690790964,3.445075190117725,down,0.9713065209366739
g__Klebsiella,0.8738802650755434,2410.0,0.02211625264217165,0.02211625264217165,0.05637247349821792,2.1941634937605943,2.110081255766425,up,0.9783288818095964
g__GGB9365,0.2793050432382447,2631.0,0.25726321329826046,0.25726321329826046,0.0,0.23724246533882196,-0.37231628890790397,up,0.9713065209366739
g__Oliverpabstia,0.4854373706570898,2204.0,0.09547251750643736,-0.09547251750643736,-0.684882175947437,0.3884086462808066,0.6243943542512703,down,0.9713065209366739
g__GGB4717,0.589988748012487,2501.0,0.2829194726128361,0.2829194726128361,0.0,-1.4755052754383584,-1.7105256649165301,up,0.9713065209366739
g__Anaerotignum,0.6945764610656292,2277.0,0.09321842151968597,-0.09321842151968597,-0.2228044121218017,1.5856454214516786,1.8504480158199816,down,0.9713065209366739
g__GGB9767,0.8574529080473072,2415.0,0.0020797546781564824,0.0020797546781564824,0.001795800922135018,1.2903709602064353,1.2887657645901032,up,0.9713065209366739
g__GGB51441,0.15073516721048352,2027.0,0.3066138957379696,-0.3066138957379696,0.0,-1.5720313224527753,-0.6332496793383484,down,0.9713065209366739
g__GGB74463,0.5173354177706786,2216.0,0.011233602450345756,0.011233602450345756,0.0,-2.542883728649836,-2.5515847430455803,up,0.9713065209366739
g__GGB9547,0.940064576558677,2390.0,0.1438394808215777,0.1438394808215777,0.11484389933900024,0.7244538755390368,0.6690202781805271,up,0.9783288818095964
g__GGB9770,0.28491182076548194,2115.0,0.011093560720035613,0.011093560720035613,0.0,0.007539819586684964,-0.00638655920185957,up,0.9713065209366739
g__Qingrenia,0.9267796385782083,2394.0,0.15794265126981646,0.15794265126981646,0.0,-1.243133027805247,-1.3299286900277911,up,0.9783288818095964
g__Anaeromassilibacillus,0.22098809812029896,2665.0,0.26382262868517276,0.26382262868517276,0.0,-0.6156545912732831,-1.1786158753935372,up,0.9713065209366739
g__GGB2982,0.04407401125743848,2854.0,0.3604490845729762,0.3604490845729762,0.0,-1.12860255382717,-1.9997752676136618,up,0.9713065209366739
g__GGB9707,0.4471103741295367,2554.0,0.18352536256067248,0.18352536256067248,0.0,-1.7087700345270567,-2.293327172200654,up,0.9713065209366739
g__Eubacteriales_unclassified,0.5671393855898632,2509.0,0.1047238724001752,0.1047238724001752,0.22008649787356965,1.781058306688412,1.5290634234993652,up,0.9713065209366739
g__Ligaoa,0.2629370512510705,2103.0,0.06700599638465551,-0.06700599638465551,0.0,-1.631146588565897,-1.5677463029592713,down,0.9713065209366739
g__Tyzzerella,0.8476255757634981,2325.0,0.05292141423055834,0.05292141423055834,0.23768984149745698,0.9263116530968433,0.7856070200909478,up,0.9713065209366739
g__Massilioclostridium,0.5813706134190317,2504.0,0.2079661216247988,0.2079661216247988,0.0,-3.3733113889020783,-3.7243339558038673,up,0.9713065209366739
g__Hydrogeniiclostridium,0.973341894401155,2363.0,0.0534075107322989,0.0534075107322989,0.0,-2.361553896060277,-2.442688719298388,up,0.9899141173478262
g__GGB9614,0.7477250267908757,2449.0,0.10657158333655758,0.10657158333655758,0.0,-1.6455844719510957,-1.8966838160380248,up,0.9713065209366739
g__Slackia,0.5092604502070492,2213.0,0.17606500834335026,-0.17606500834335026,0.0,-1.5360718491080294,-1.228825359626671,down,0.9713065209366739
g__GGB9524,0.27012811422075667,2636.0,0.2815408251356063,0.2815408251356063,0.0,-2.3869234806036124,-3.021089295462046,up,0.9713065209366739
g__Haemophilus,0.059579233700940294,1920.0,0.23403315217544982,-0.23403315217544982,0.0,-0.3276464668106648,0.14563686851678576,down,0.9713065209366739
g__Lacrimispora,0.2225680913897914,2664.0,0.25514619652914283,0.25514619652914283,0.0,-0.10661608270075239,-0.9254777535732771,up,0.9713065209366739
g__GGB4657,0.9500394413259129,2356.0,0.09533757801030204,0.09533757801030204,0.03270485071467954,1.658860775157234,1.6216786422511769,up,0.9784314246299056
g__GGB9561,0.7069589076056451,2462.0,0.09929718001701919,0.09929718001701919,0.0,-1.6845274742363066,-1.929148847148055,up,0.9713065209366739
g__GGB4651,0.6914933872014473,2467.0,0.22752559565888578,0.22752559565888578,0.3039229979981296,0.6434010478889859,0.5211849005634346,up,0.9713065209366739
g__Pseudoflavonifractor,0.6976645958265567,2278.0,0.04303597844531034,0.04303597844531034,0.0,-1.8932800489590842,-2.0073782373307214,up,0.9713065209366739
g__GGB33586,0.26651589493125294,2638.0,0.230876358194228,0.230876358194228,0.0,-2.1184416725437143,-2.5122661018241805,up,0.9713065209366739
g__GGB9239,0.8118054397390899,2314.0,0.1720581849019085,0.1720581849019085,0.0,-1.3878975247422187,-1.488637541793886,up,0.9713065209366739
g__GGB9537,0.39645945245965497,2575.0,0.18587049017801804,0.18587049017801804,0.0,-0.8931074826401378,-1.0525674377151801,up,0.9713065209366739
g__Massiliimalia,0.08755207816698193,2781.0,0.28745114092638197,0.28745114092638197,0.0,-2.4862964000250365,-3.245522085892694,up,0.9713065209366739
g__GGB9743,0.6220806418988096,2253.0,0.1015473748991012,-0.1015473748991012,0.0,-0.5280443231823498,-0.493816995889142,down,0.9713065209366739
g__GGB35068,0.42496588234348953,2180.0,0.14771546304380537,-0.14771546304380537,0.0,-1.756599973587015,-1.4736274427086777,down,0.9713065209366739
g__Jingyaoa,1.0,2372.0,0.1628011496438055,0.1628011496438055,0.0,-1.606913811841456,-1.8462852042350437,up,1.0
g__GGB2653,0.5227553213035618,2218.0,0.036837855686168305,-0.036837855686168305,0.0,-1.4040234410271135,-1.326677523804636,down,0.9713065209366739
g__Clostridia_unclassified,0.14604387687282638,2023.0,0.23141553167891693,-0.23141553167891693,-5.302508289269047,0.01902191080502914,0.7507030636355401,down,0.9713065209366739
g__GGB52130,0.5586815421456336,2512.0,0.1815153346654487,0.1815153346654487,0.0,-1.7335556668460286,-2.129578302391965,up,0.9713065209366739
g__GGB9091,0.7859951622317407,2306.0,0.04655756086733995,-0.04655756086733995,-0.02582560598042248,0.5669720096547678,0.5772127308017484,down,0.9713065209366739
g__Veillonella,0.5119447515077407,2214.0,0.0832204481140094,-0.0832204481140094,-0.4281226489150456,0.9077696109957101,1.221387297826657,down,0.9713065209366739
g__Lawsonibacter,0.9866690866593932,2367.0,0.029965198404579004,0.029965198404579004,0.24524465503253157,0.4688124141726616,0.39552424104267864,up,0.9933207883672094
g__GGB9765,0.3021864254541431,2124.0,0.2304041961767562,-0.2304041961767562,0.0,-2.2277734458342167,-2.021445842896664,down,0.9713065209366739
g__Bacteria_unclassified,0.6279960232666452,2488.0,0.10843421007065929,0.10843421007065929,0.4935631109697012,0.6899662952616133,0.4900614885919768,up,0.9713065209366739
g__Anaerovorax,0.37585695079411907,2159.0,0.06616390775993018,-0.06616390775993018,0.0,-1.4692463391965542,-1.4066544115475001,down,0.9713065209366739
g__GGB9616,0.7731757818719381,2302.0,0.12190850083650816,-0.12190850083650816,0.0,-0.6943066447771359,-0.4617349479021461,down,0.9713065209366739
g__Colidextribacter,0.8247896000995886,2318.0,0.07587362596753969,-0.07587362596753969,0.0,-1.947257406899281,-1.8654151500781322,down,0.9713065209366739
g__GGB4552,0.5012519914080794,2210.0,0.1323230425003403,-0.1323230425003403,-0.8740278195128657,0.2976221878439471,0.5454738000788384,down,0.9713065209366739
g__GGB9501,0.5039140440889992,2211.0,0.07692148577750045,-0.07692148577750045,0.0,-1.5087187778692541,-1.4018256363295996,down,0.9713065209366739
g__Enterobacter,0.30023332020649895,2620.0,0.23632887967253793,0.23632887967253793,0.0,-0.4949768105631197,-1.178399628023721,up,0.9713065209366739
g__Luoshenia,0.17592897434028232,2696.0,0.25082402270522514,0.25082402270522514,0.0,-3.564680315446159,-4.040526477601972,up,0.9713065209366739
g__GGB3444,0.7382497780183291,2291.0,0.05017896493170845,-0.05017896493170845,0.0,-1.9288835672198983,-1.8438439046361215,down,0.9713065209366739
g__Anaerofilum,0.4546352003232724,2192.0,0.05266122330713438,-0.05266122330713438,0.0,-2.779710905624851,-2.719725867647498,down,0.9713065209366739
g__GGB3304,0.682274983847722,2273.0,0.08221435291150396,-0.08221435291150396,0.0,-0.6679107390580282,-0.42758605103513014,down,0.9713065209366739
g__GGB3321,0.5364315251064322,2520.0,0.12041393218985076,0.12041393218985076,0.0,-0.06850780681081733,-0.221783882140322,up,0.9713065209366739
g__Lactonifactor,0.1772665005237799,2048.0,0.19392609725053336,-0.19392609725053336,0.0,-2.8339000822048446,-2.3934427125743656,down,0.9713065209366739
g__GGB9646,0.5586815421456336,2512.0,0.12368692414242645,0.12368692414242645,0.0,-2.1695065452639066,-2.386138980163233,up,0.9713065209366739
g__GGB9491,0.8182912896901339,2427.0,0.06481675413079079,0.06481675413079079,0.0,-2.687879463556832,-2.840838499196222,up,0.9713065209366739
g__GGB74505,0.41772923301414755,2177.0,0.30183606909626154,-0.30183606909626154,0.0,-2.4408463064802746,-2.1316607821743223,down,0.9713065209366739
g__Youxingia,0.5227553213035618,2218.0,0.12479173145942628,-0.12479173145942628,0.0,-3.386388720524542,-3.225380425629252,down,0.9713065209366739
g__GGB36267,0.39645945245965497,2575.0,0.12041825462359627,0.12041825462359627,0.0,-0.4969687479491311,-0.5990474123176681,up,0.9713065209366739
g__Granulicatella,0.26472230485130954,2104.0,0.14594735146322957,-0.14594735146322957,0.0,-0.7648833449811723,-0.35228893250955295,down,0.9713065209366739
g__GGB3005,0.5671393855898632,2234.0,0.018382318003778594,-0.018382318003778594,0.0,-3.1320039210715693,-3.095396848320709,down,0.9713065209366739
g__GGB3892,0.9168291103690169,2397.0,0.1481559908096735,0.1481559908096735,0.0,-1.60456217562541,-1.669282714888593,up,0.9783288818095964
g__GGB9719,0.5012519914080794,2210.0,0.048871269212508735,-0.048871269212508735,0.0,-0.40471992158032316,-0.28694002793066753,down,0.9713065209366739
g__Gehongia,0.9035822484778409,2401.0,0.011424270326338323,0.011424270326338323,0.0,-4.328129375368275,-4.343653891048442,up,0.9783288818095964
g__Lachnotalea,0.7636014837937904,2444.0,0.06391276649702399,0.06391276649702399,0.0,-3.427464403151623,-3.5349255763444933,up,0.9713065209366739
g__GGB1266,0.9334197895488263,2392.0,0.1681989902966621,0.1681989902966621,0.04314955569880549,2.9010848935401268,2.8156011054832373,up,0.9783288818095964
g__GGB3619,0.9234614453568397,2348.0,0.07201093997748195,0.07201093997748195,0.0,-0.7533124471669324,-0.9403014557279975,up,0.9783288818095964
g__Akkermansia,0.24216118439800982,2652.0,0.2074920356689848,0.2074920356689848,1.0669433704465217,1.626747746899237,0.7764942707799506,up,0.9713065209366739
g__GGB3109,0.8673023849719943,2412.0,0.01326671475277968,-0.01326671475277968,-0.025129686448311372,2.0973391374948416,2.1341918175662156,down,0.9762599710237524
g__GGB9512,0.7892092446575114,2307.0,0.02597683921764516,-0.02597683921764516,-0.03016436850570877,1.2306506977461036,1.2566524491350035,down,0.9713065209366739
g__Oxalobacter,0.8936644804635717,2404.0,0.08404898940041938,0.08404898940041938,0.0,-1.4558695259796959,-1.6530650944881882,up,0.9783288818095964
g__GGB6612,0.8345594867637544,2321.0,0.0031632846462373537,0.0031632846462373537,0.00038485124283910074,2.8222602904862204,2.8215075288196467,up,0.9713065209366739
g__GGB6606,0.6609508617844958,2266.0,0.027910845719483376,-0.027910845719483376,-0.00695219985727413,2.1966724213547,2.207283507434286,down,0.9713065209366739
g__Barnesiella,0.04631617059443389,2849.0,0.41745065491955624,0.41745065491955624,0.0,0.995603513615306,-0.1852697784425333,up,0.9713065209366739
g__GGB3363,0.741403859972898,2451.0,0.14106984542617618,0.14106984542617618,0.0,0.10375047256610274,-0.32129445891527597,up,0.9713065209366739
g__Megasphaera,0.854174596311595,2327.0,0.02281332368862607,0.02281332368862607,0.0,-0.0325123006349492,-0.09485080771685803,up,0.9713065209366739
g__Jutongia,0.8182912896901339,2316.0,0.04777661840797793,-0.04777661840797793,0.0,-0.69710741456285,-0.5831365022331023,down,0.9713065209366739
g__GGB9747,0.633935398910253,2257.0,0.012071592233531851,-0.012071592233531851,-0.014875008329992296,1.7408454439316912,1.7588874045042957,down,0.9713065209366739
g__GGB9559,0.05414607940405357,1910.0,0.40460556871135966,-0.40460556871135966,0.0,-1.7273259595086576,-1.1577400965067974,down,0.9713065209366739
g__Hydrogenoanaerobacterium,0.7194193773294597,2285.0,0.03181807777943434,0.03181807777943434,0.0,-0.8312632117873221,-0.9015047436098063,up,0.9713065209366739
g__Phocea,0.17196155878931196,2044.0,0.228865622390461,-0.228865622390461,0.0,-2.524144534694972,-1.9427494612103395,down,0.9713065209366739
g__Neglectibacter,0.4880542446592311,2205.0,0.07121521834990328,-0.07121521834990328,-0.1591962017376652,0.3293854435395015,0.36781313516473146,down,0.9713065209366739
g__Candidatus_Gastranaerophilales_unclassified,0.973341894401155,2380.0,0.13405109055378822,0.13405109055378822,0.0,0.04820316061121388,-0.020235827544677766,up,0.9899141173478262
g__GGB9766,0.8574529080473072,2328.0,0.05418497421600868,0.05418497421600868,0.8207853533607912,0.1589147879842838,0.08996701295365499,up,0.9713065209366739
g__GGB9359,0.4933107407337587,2536.0,0.24724111449227626,0.24724111449227626,0.0,-1.2855542540072362,-1.6667916714042885,up,0.9713065209366739
g__Actinobaculum,0.8312999405081587,2423.0,0.001069551976339859,0.001069551976339859,0.0,-2.2269673669241534,-2.2293669154200155,up,0.9713065209366739
g__Propionibacterium,0.9800047929125448,2378.0,0.010881804117028817,0.010881804117028817,0.0,-2.6274816539324894,-2.6504396868293303,up,0.9910657950898873
g__Dialister,0.08226468398429969,1955.0,0.21433085032739388,-0.21433085032739388,-3.726460971807776,0.07917681249613143,1.0480320018342728,down,0.9713065209366739
g__Turicimonas,0.8443549771835649,2324.0,0.08821175704430347,-0.08821175704430347,0.0,-0.5058175012702059,-0.4539226839611854,down,0.9713065209366739
g__GGB33469,0.8804668737898316,2335.0,0.03334635303023201,0.03334635303023201,0.0,-1.5939729667649747,-1.6534251499910413,up,0.9783288818095964
g__Zhenpiania,0.2593915222665606,2642.0,0.20934825824753647,0.20934825824753647,0.0,-0.0018831808958891453,-0.535673629206572,up,0.9713065209366739
g__GGB58233,0.71006682683083,2282.0,0.0633196502846856,-0.0633196502846856,0.0,-3.0971992662999437,-3.011806594121485,down,0.9713065209366739
g__GGB9531,0.7699804318123871,2442.0,0.19964269960113998,0.19964269960113998,0.0,-1.2919642854299136,-1.5802408339961704,up,0.9713065209366739
g__Faecalimonas,0.9866690866593932,2367.0,0.059851933904694066,0.059851933904694066,0.6176787219667517,0.4789896267961724,0.31216649290831067,up,0.9933207883672094
g__GGB3819,0.3181150875224942,2132.0,0.20986762303085657,-0.20986762303085657,0.0,-0.0949258947925145,0.1620002283761554,down,0.9713065209366739
g__Anaeroglobus,0.9467135387712392,2355.0,0.22528157196824672,-0.22528157196824672,0.0,-1.3901146300010179,-1.2107007106756977,down,0.9784314246299056
g__Staphylococcus,0.8804668737898316,2335.0,0.09589183240669949,0.09589183240669949,0.0,-0.9626231479541365,-1.009064526013624,up,0.9783288818095964
g__Arachnia,0.625035313549059,2254.0,0.11188828899297738,-0.11188828899297738,0.0,-2.9641419155892414,-2.831064499554734,down,0.9713065209366739
g__Fusobacterium,0.553077234767128,2229.0,0.1276112459480548,-0.1276112459480548,0.0,-0.878870588554927,-0.5345334497083634,down,0.9713065209366739
g__Lacticaseibacillus,0.4880542446592311,2538.0,0.11373098605447722,0.11373098605447722,0.0,-0.8583076624624002,-1.0407978031234493,up,0.9713065209366739
g__GGB9759,0.43227524590333644,2183.0,0.03007683187639837,-0.03007683187639837,0.0,-1.0804525237779503,-1.0292491254329923,down,0.9713065209366739
g__GGB3740,0.369139048339002,2156.0,0.07570295228104101,-0.07570295228104101,-2.4555540499922675,0.03875906946347547,0.21260269570875695,down,0.9713065209366739
g__Leuconostoc,0.1642281820907161,2038.0,0.203427970554616,-0.203427970554616,0.0,-2.3970993048838007,-1.9621787829762587,down,0.9713065209366739
g__Lactococcus,0.8936644804635717,2404.0,0.0953225990204734,0.0953225990204734,0.0,-0.6055492451482186,-0.8035847845889095,up,0.9783288818095964
g__Amedibacillus,0.34302101751604797,2144.0,0.15145401087465019,-0.15145401087465019,0.0,-0.604822461022376,-0.4050092492814086,down,0.9713065209366739
g__GGB3828,0.6191320474510349,2252.0,0.0913791150608793,-0.0913791150608793,0.0,-2.9354678825775933,-2.8290997153609783,down,0.9713065209366739
g__GGB12785,0.3304161846858422,2138.0,0.2125371055458485,-0.2125371055458485,0.0,-3.075960961555667,-2.4754507922109634,down,0.9713065209366739
g__Gardnerella,0.9500394413259129,2356.0,0.10767675520940251,0.10767675520940251,0.0,-3.7893177900952604,-3.914168430805962,up,0.9784314246299056
g__Gemella,0.506583538989541,2212.0,0.026631768074300007,-0.026631768074300007,0.0,-1.496698324957719,-1.43523610289585,down,0.9713065209366739
g__GGB3278,0.4880542446592311,2205.0,0.043028024239383025,-0.043028024239383025,0.0,-1.8905294836835795,-1.7504646033245463,down,0.9713065209366739
g__GGB4684,0.3803772139232505,2161.0,0.16007642523551038,-0.16007642523551038,-2.192614844979249,0.07433819556253399,0.3398246297397594,down,0.9713065209366739
g__Adlercreutzia,0.8118054397390899,2314.0,0.04640620010647977,-0.04640620010647977,-0.1866939954009859,1.0957273998102885,1.2471049826526504,down,0.9713065209366739
g__GGB9635,0.966680855749333,2382.0,0.1036898756292514,0.1036898756292514,0.0,-1.3229913819331067,-1.617749131242406,up,0.9876237705261145
g__GGB9758,0.3581097073544983,2592.0,0.1968460139720659,0.1968460139720659,0.0,0.17061383816406123,-0.5662108908960425,up,0.9713065209366739
g__GGB9708,0.4471103741295367,2189.0,0.06919831778923889,-0.06919831778923889,0.0,-1.6331368559509314,-1.3962453410520863,down,0.9713065209366739
g__Mesosutterella,0.0844981186911233,1958.0,0.1591938634779792,-0.1591938634779792,0.0,-0.6181574293134651,-0.3733652692338433,down,0.9713065209366739
g__GGB4642,0.4750462477108389,2200.0,0.33118818856081483,-0.33118818856081483,-0.6796494571689506,0.39817342528915295,0.6377744902569918,down,0.9713065209366739
g__Allisonella,0.053626262819216626,1909.0,0.3350877439787667,-0.3350877439787667,0.0,-2.604999241400671,-1.6861748801928418,down,0.9713065209366739
g__GGB51647,0.5092604502070492,2213.0,0.0831958623556201,-0.0831958623556201,-1.1215389119056722,0.3183763773601095,0.6927199425359883,down,0.9713065209366739
g__Rothia,0.5475006301001722,2227.0,0.05707597196326615,-0.05707597196326615,0.0,-0.8518069244737929,-0.6721314101056733,down,0.9713065209366739
g__GGB13493,0.2867975489410338,2627.0,0.19052129445594068,0.19052129445594068,0.0,-2.0881882164605035,-2.5179943590959883,up,0.9713065209366739
g__GGB9627,0.8345594867637544,2321.0,0.07725099293814844,0.07725099293814844,0.0,-1.47092362929563,-1.628745819151917,up,0.9713065209366739
g__GGB9618,0.8771725063597323,2334.0,0.003888105541942458,-0.003888105541942458,0.0,-3.1684967702094147,-3.1624661845578865,down,0.9783288818095964
g__GGB3486,0.940064576558677,2390.0,0.08607798964475237,0.08607798964475237,0.0,-1.2254838539971553,-1.306297483570105,up,0.9783288818095964
g__GGB13404,0.4153332454852956,2567.0,0.06772629941255638,0.06772629941255638,0.0,-0.351017369482179,-0.41909405323037263,up,0.9713065209366739
g__GGB9784,0.8771725063597323,2409.0,0.03642771409571852,0.03642771409571852,0.0,-0.13086172350439154,-0.15156893901778185,up,0.9783288818095964
g__GGB9509,0.4347277858351569,2184.0,0.11001772731701949,-0.11001772731701949,0.0,-1.4601785438528907,-1.3806576509248771,down,0.9713065209366739
g__GGB13489,0.7540632018414068,2296.0,0.05678555613359581,-0.05678555613359581,0.0,-0.5886207485237201,-0.5383907160588106,down,0.9713065209366739
g__GGB51959,0.7445622926251909,2450.0,0.06904595861800389,0.06904595861800389,0.0,-2.7762330154750354,-2.925985426020988,up,0.9713065209366739
g__GGB9347,0.6853426035606958,2274.0,0.016473932933560812,-0.016473932933560812,0.0,-2.528423661028957,-2.499764771616009,down,0.9713065209366739
g__Cetobacterium,0.7988728301499053,2310.0,0.047417923431831654,-0.047417923431831654,-0.001975950428255392,7.471909197810683,7.4821499188429,down,0.9713065209366739
g__GGB4599,0.8936644804635717,2339.0,0.057970032999374546,-0.057970032999374546,-0.31815617781658073,0.36790731465558674,0.45868334954977286,down,0.9783288818095964
g__GGB9595,0.42496588234348953,2563.0,0.3122400608844743,0.3122400608844743,1.0394966992831445,0.7415694330185427,0.36077142623755926,up,0.9713065209366739
g__GGB4569,0.6220806418988096,2253.0,0.07317534378394201,-0.07317534378394201,-0.040576050621763796,1.7962437535336873,1.8474805683700695,down,0.9713065209366739
g__GGB9813,0.6220806418988096,2490.0,0.2132385751335587,0.2132385751335587,0.0,-1.2564898638617576,-1.7368826012393463,up,0.9713065209366739
g__GGB9593,0.5309395099901181,2221.0,0.017778246714040317,-0.017778246714040317,0.0,-1.944512972165297,-1.9051397943075958,down,0.9713065209366739
g__Senegalimassilia,0.7924269182782541,2308.0,0.05297269029781377,-0.05297269029781377,-0.064125707155254,1.4292793614430157,1.494241809435792,down,0.9713065209366739
g__GGB9424,0.757238543280802,2297.0,0.07897685620753209,-0.07897685620753209,-0.046819999841262956,1.2408567273640112,1.2817870039077486,down,0.9713065209366739
g__GGB9602,0.6884154196466701,2468.0,0.06285288176963211,0.06285288176963211,0.8092185950751901,0.26689806135510163,0.152316288638219,up,0.9713065209366739
g__GGB2958,1.0,2371.0,0.17684260219824463,0.17684260219824463,0.13707544597719876,1.1042324706786697,1.0041456074067996,up,1.0
g__GGB9597,0.7038558651334981,2463.0,0.2352990945708136,0.2352990945708136,0.0,-0.3236328720033396,-0.5566336914575529,up,0.9713065209366739
g__Eisenbergiella,0.07049670546171387,1938.0,0.28688543794485094,-0.28688543794485094,0.0,-0.8482616480981258,0.0212828194995618,down,0.9713065209366739
g__GGB1672,0.7988728301499053,2310.0,0.04741792348356079,-0.04741792348356079,-0.005029169045508931,2.9325920709426705,2.9428327919855586,down,0.9713065209366739
g__Zhenhengia,0.8771725063597323,2334.0,0.037593385019888494,0.037593385019888494,0.0,-1.8856502606436543,-1.9176239344427435,up,0.9783288818095964
g__Cloacibacillus,0.41294539637506356,2175.0,0.012671983854181286,0.012671983854181286,0.0,-3.1039293425931693,-3.1284664816602836,up,0.9713065209366739
g__GGB9790,0.2737737659209105,2109.0,0.02745960587178923,-0.02745960587178923,-0.02948259458974067,0.8364159808268361,0.8536846398135469,down,0.9713065209366739
g__GGB3612,0.4225455661524572,2564.0,0.15995004345485034,0.15995004345485034,0.0,-1.5801162857358755,-1.8508818487442147,up,0.9713065209366739
g__GGB9502,0.4802264885926826,2541.0,0.2194919805257622,0.2194919805257622,0.0,-0.015645354685467096,-0.2322923231371106,up,0.9713065209366739
g__GGB9608,0.6428887528550192,2260.0,0.10173479398428142,-0.10173479398428142,0.0,-1.7762348204868998,-1.668540279164813,down,0.9713065209366739
g__GGB52283,0.7988728301499053,2310.0,0.04741792373521802,-0.04741792373521802,-0.012545654746531737,1.1725248831236834,1.1827656042184829,down,0.9713065209366739
g__Citrobacter,0.6132532452402786,2250.0,0.16305897621789525,-0.16305897621789525,0.0,-0.9422402090124853,-0.6456611298506922,down,0.9713065209366739
g__GGB53380,0.7382497780183291,2291.0,0.08454462737690568,0.08454462737690568,0.0,-0.11852163869235036,-0.15068810685063627,up,0.9713065209366739
g__GGB9819,0.9966671262860999,2373.0,0.03460605127724294,-0.03460605127724294,-0.01126844480752743,1.0172441087477737,1.0252205982908968,down,0.9988968066581047
g__GGB9786,0.28116557289666455,2113.0,0.20524410978540808,-0.20524410978540808,0.0,-0.8261784657597186,-0.652076557031333,down,0.9713065209366739
g__GGB3593,0.8574529080473072,2328.0,0.08323203765481865,0.08323203765481865,0.0,-0.8461331827318596,-0.870914201053148,up,0.9713065209366739
g__GGB49418,0.5785110427843865,2505.0,0.15306093170042567,0.15306093170042567,0.0,-1.8534261569641892,-1.9491053740536386,up,0.9713065209366739
g__Solobacterium,0.6488867091109647,2262.0,0.1687142569888304,-0.1687142569888304,0.0,-1.4260833426329653,-1.1358952993417208,down,0.9713065209366739
g__GGB9534,0.5364315251064322,2520.0,0.14186664461878126,0.14186664461878126,0.0,-1.6725730898942037,-1.9549257513035019,up,0.9713065209366739
g__GGB2980,0.8903621709657936,2338.0,0.12240878230061743,0.12240878230061743,0.0,-1.8537227392307696,-2.0228391884853845,up,0.9783288818095964
g__GGB9444,0.25413555061316384,2098.0,0.03816920906126281,0.03816920906126281,0.0,-1.274597372776594,-1.3121721960806954,up,0.9713065209366739
g__GGB45656,0.41294539637506356,2175.0,0.2268558182051198,-0.2268558182051198,0.0,-1.2592268803815354,-1.1267238683871168,down,0.9713065209366739
g__Dielma,0.8508988004894168,2417.0,0.17657954564802567,0.17657954564802567,0.0,-1.810064038369379,-1.9712979363627425,up,0.9713065209366739
g__Mammaliicoccus,0.7988728301499053,2310.0,0.04741792450384491,-0.04741792450384491,0.0,-0.08843482324395877,-0.07819410199060839,down,0.9713065209366739
g__Atopobium,0.3408991402898477,2600.0,0.33322305602812796,0.33322305602812796,0.0,-2.3427059318459262,-2.6493309672042686,up,0.9713065209366739
g__Negativibacillus,0.018477267548691046,1807.0,0.4492596567287394,-0.4492596567287394,0.0,-1.2085009075955142,-0.4201723201125399,down,0.9713065209366739
g__GGB9253,0.7731757818719381,2441.0,0.13108249580733763,0.13108249580733763,0.0,-2.1263420287273256,-2.2614126435473567,up,0.9713065209366739
g__GGB9590,0.9766731402054258,2379.0,0.07924478196753287,0.07924478196753287,0.0,-3.0162957592798776,-3.13546186194543,up,0.9899311466335537
g__Peptostreptococcus,0.8903621709657936,2338.0,0.008505363562345946,0.008505363562345946,0.0,-2.033505361741889,-2.0454887142985343,up,0.9783288818095964
g__GGB2652,0.9002745759204331,2402.0,0.1122842665829618,0.1122842665829618,0.0,-3.8367065607240596,-3.951822818019692,up,0.9783288818095964
g__GGB3616,0.6945764610656292,2277.0,0.01412245585406872,-0.01412245585406872,0.0,-1.8379725411675223,-1.8242406979547496,down,0.9713065209366739
g__GGB9773,0.5614940047202928,2232.0,0.07645342103765043,-0.07645342103765043,0.0,-2.802512265059154,-2.7850751241838316,down,0.9713065209366739
g__GGB58067,0.5282042403654144,2220.0,0.24098012936959598,-0.24098012936959598,0.0,-3.709692600424864,-3.6239909281012306,down,0.9713065209366739
g__GGB1495,0.39645945245965497,2168.0,0.19409590968913043,-0.19409590968913043,-0.058331217473566774,3.387671016064624,3.527448440899676,down,0.9713065209366739
g__GGB1505,0.7892092446575114,2307.0,0.1157755855485288,-0.1157755855485288,0.0,-0.5527842334776467,-0.47714895955583986,down,0.9713065209366739
g__Bacteroidales_unclassified,0.37360930935934156,2158.0,0.3036119298301743,-0.3036119298301743,0.0,-1.3546624170468182,-1.1642639560847179,down,0.9713065209366739
g__GGB4603,0.6700573577708726,2269.0,0.014263788415401003,0.014263788415401003,0.049512348665269615,0.465657378156007,0.4499474412925358,up,0.9713065209366739
g__GGB51269,0.18545106924608878,2054.0,0.24290399344866376,-0.24290399344866376,0.0,-1.9119873557998381,-1.5609740480360081,down,0.9713065209366739
g__GGB3491,0.18132451194791233,2051.0,0.38354454318316095,-0.38354454318316095,0.0,-0.3751829876982745,-0.11011709100040917,down,0.9713065209366739
g__GGB1123,0.42739427811559205,2181.0,0.14497511207377758,-0.14497511207377758,-0.011580469711329276,3.881868740702353,3.9131537784042405,down,0.9713065209366739
g__GGB3490,0.06484862121401906,1929.0,0.537904553686124,-0.537904553686124,-1.0557040353729927,0.3037420473279107,0.6313984291899818,down,0.9713065209366739
g__GGB32900,0.5813706134190317,2239.0,0.12970934535770054,-0.12970934535770054,-0.05143324162351449,1.3345254815027652,1.3829606373865042,down,0.9713065209366739
g__GGB28369,0.42739427811559205,2181.0,0.14497511206427063,-0.14497511206427063,-0.012400319001832775,3.6241869572699796,3.655471994969646,down,0.9713065209366739
g__GGB3496,0.42739427811559205,2181.0,0.14497511205856206,-0.14497511205856206,-0.012851950283735215,3.4962810590611992,3.527566096759532,down,0.9713065209366739
g__GGB3730,0.13699754899906447,2015.0,0.39967332818196766,-0.39967332818196766,-0.4375346208934493,0.4332867270117466,0.5867950348411435,down,0.9713065209366739
g__GGB4604,0.11434462231101136,1993.0,0.26964295507004343,-0.26964295507004343,-0.5207564896562566,0.4994260647403635,0.7165302468907967,down,0.9713065209366739
g__GGB9667,0.4802264885926826,2202.0,0.2559203900456668,-0.2559203900456668,-0.43365477615323583,0.31564244338139574,0.42632273361516226,down,0.9713065209366739
g__GGB9529,0.12838973857158695,2007.0,0.3555318659898713,-0.3555318659898713,0.0,-2.143784711242241,-1.857681078426064,down,0.9713065209366739
g__GGB1663,0.3826498180151897,2162.0,0.013968598916755386,-0.013968598916755386,-0.00810949944078295,1.9128722712709778,1.923654949713603,down,0.9713065209366739
g__Bittarella,0.5699722381131727,2235.0,0.02206967925404625,-0.02206967925404625,0.0,-2.7322956233452107,-2.683533673522792,down,0.9713065209366739
g__Fournierella,0.19248233793034286,2059.0,0.2542838099625957,-0.2542838099625957,0.0,-1.6055441338165222,-1.4552155686339574,down,0.9713065209366739
g__Candidatus_Borkfalkia,0.4596911377144557,2194.0,0.08051625024318428,-0.08051625024318428,0.0,-1.1502966856950156,-1.1129232407588137,down,0.9713065209366739
g__GGB31234,0.8118054397390899,2314.0,0.004199290207741904,-0.004199290207741904,0.0,-3.8906874785612384,-3.8868329592725823,down,0.9713065209366739
g__GGB3002,0.7763749812910754,2303.0,0.04555648552093697,-0.04555648552093697,-0.10049362201676784,0.18387901363748754,0.19714408897978947,down,0.9713065209366739
g__GGB3000,0.4521190283851557,2191.0,0.06719342313964574,-0.06719342313964574,-0.06349830376348388,0.4841827690062634,0.5059693668198767,down,0.9713065209366739
g__GGB45495,0.3061179449445367,2126.0,0.0998717963758613,-0.0998717963758613,0.0,-2.509976652629611,-2.436040464586183,down,0.9713065209366739
g__GGB3537,0.35159269634203383,2148.0,0.005618887027905631,0.005618887027905631,0.0,-1.4486057338173064,-1.4565668603253847,up,0.9713065209366739
g__GGB45613,0.5699722381131727,2508.0,0.10992062067010555,0.10992062067010555,0.0,-2.8591908779123023,-2.957027336058279,up,0.9713065209366739
g__GGB34228,0.41772923301414755,2177.0,0.017151737400941246,0.017151737400941246,0.0,-2.05156107684115,-2.0644070973282953,up,0.9713065209366739
g__Guopingia,0.11627364713349267,2748.0,0.29616019775926233,0.29616019775926233,0.0,-3.012238606544144,-3.494814235339451,up,0.9713065209366739
g__Cuneatibacter,0.24216118439800982,2091.0,0.13526965516991493,-0.13526965516991493,0.0,-3.036413517866239,-2.7520320577704522,down,0.9713065209366739
g__GGB38744,0.2925052045061357,2119.0,0.3076826163316287,-0.3076826163316287,0.0,-3.9345542681354835,-3.5652689618820226,down,0.9713065209366739
g__GGB3353,0.525476167957402,2219.0,0.18125714681467078,-0.18125714681467078,0.0,-0.6013201525449622,-0.5581807075479079,down,0.9713065209366739
g__GGB3603,0.42739427811559205,2181.0,0.14497511100461472,-0.14497511100461472,-0.1222264918690283,0.35384989836800695,0.38513493582012953,down,0.9713065209366739
g__GGB9064,0.42739427811559205,2181.0,0.14497511001298377,-0.14497511001298377,0.0,-0.28813520638347856,-0.25685016916300873,down,0.9713065209366739
g__GGB9781,0.7319548618400757,2454.0,0.12337274307836013,0.12337274307836013,0.0,-2.9590831723631528,-3.1579071910515393,up,0.9713065209366739
g__Saccharomyces,0.5227553213035618,2218.0,0.03127930963247219,-0.03127930963247219,0.0,-0.37766354824651444,-0.3600731390093973,down,0.9713065209366739
g__GGB6470,0.8118054397390899,2314.0,0.005207007906564932,-0.005207007906564932,0.0,-1.2675578544223598,-1.266090631371893,down,0.9713065209366739
g__Comamonas,0.6161895690485215,2251.0,0.11702299125189564,-0.11702299125189564,0.0,-0.6282013707272526,-0.5434708347596581,down,0.9713065209366739
g__GGB9532,0.42496588234348953,2180.0,0.2267213803319762,-0.2267213803319762,0.0,-3.9802294627640853,-3.6776798827990573,down,0.9713065209366739
g__GGB52002,0.42739427811559205,2181.0,0.14497510751951873,-0.14497510751951873,0.0,-1.0726104214343257,-1.0413253847963488,down,0.9713065209366739
g__Yeguia,0.3100832220677242,2128.0,0.1210085174971748,-0.1210085174971748,0.0,-3.4507681625871394,-3.3421141397226046,down,0.9713065209366739
g__GGB4585,0.8476255757634981,2325.0,0.06027736723829451,-0.06027736723829451,-0.487157795628406,0.25011923867207525,0.35058732214206234,down,0.9713065209366739
g__Enorma,0.5586815421456336,2512.0,0.16137242112462338,0.16137242112462338,0.0,-2.4149595240494635,-2.7042570957616823,up,0.9713065209366739
g__GGB3340,0.4596911377144557,2194.0,0.12482498137735093,-0.12482498137735093,-0.5140180158096344,0.17424016226198155,0.24881875226263572,down,0.9713065209366739
g__GGB3626,0.31207852327810226,2129.0,0.13992219747960163,-0.13992219747960163,0.0,-2.605684089136769,-2.4830200913737968,down,0.9713065209366739
g__Catenibacterium,0.5643132967775745,2233.0,0.06817561660381423,0.06817561660381423,0.0,-0.9616980695320477,-1.0404332038813862,up,0.9713065209366739
g__GGB4605,0.19391180368138827,2060.0,0.22989154601888098,-0.22989154601888098,0.0,-0.4083812439728423,-0.10735925878507188,down,0.9713065209366739
g__GGB3277,0.6976645958265567,2278.0,0.008253316985029156,0.008253316985029156,0.14868100398365217,0.21588244351597893,0.19474211533265864,up,0.9713065209366739
g__GGB74802,0.5119447515077407,2214.0,0.13992672604868772,-0.13992672604868772,0.0,-1.4618149566700118,-1.4305299205418456,down,0.9713065209366739
g__Anaerosacchariphilus,0.3021864254541431,2124.0,0.10775903718124645,-0.10775903718124645,0.0,-3.8946195820440597,-3.6711016020507565,down,0.9713065209366739
g__Sellimonas,0.8021009634735513,2311.0,0.01552688496193325,0.01552688496193325,0.0,-2.011479731675055,-2.0616880382280818,up,0.9713065209366739
g__GGB3511,0.42983073792721815,2182.0,0.01223437736775758,-0.01223437736775758,0.0,-3.658951751139953,-3.642949611092114,down,0.9713065209366739
g__GGB4549,0.7382497780183291,2291.0,0.04266362463551155,0.04266362463551155,0.0,-1.470555547530106,-1.5265630435835458,up,0.9713065209366739
g__GGB3175,0.5728118209881186,2236.0,0.002400185072345991,-0.002400185072345991,0.0,-1.7789627394743148,-1.7729626460118295,down,0.9713065209366739
g__GGB33665,0.9234614453568397,2395.0,0.15188721835098762,0.15188721835098762,0.0,-0.346308910293307,-0.429591971501229,up,0.9783288818095964
g__GGB4706,0.7956481309005246,2309.0,0.04679541253964904,-0.04679541253964904,-0.003425484372879933,4.3079176757936075,4.318158396828435,down,0.9713065209366739
g__GGB4588,0.4596911377144557,2549.0,0.21015794351295275,0.21015794351295275,0.14978927561494323,1.5122974489083916,1.3631578678393796,up,0.9713065209366739
g__GGB1096,0.854174596311595,2327.0,0.023196785959150142,0.023196785959150142,0.0024027748366415285,4.0044194594631275,3.997755743214715,up,0.9713065209366739
g__GGB4596,0.1414651553763089,2019.0,0.3968431097739449,-0.3968431097739449,0.0,-0.838923514092262,-0.27290290873559947,down,0.9713065209366739
g__GGB9290,0.7445622926251909,2450.0,0.1986357867358505,0.1986357867358505,0.41985564595058344,0.3739255201313932,0.2795091072984054,up,0.9713065209366739
g__GGB33512,0.973341894401155,2363.0,0.05973734528248517,0.05973734528248517,0.0,-0.9101056969913857,-0.9740592932998385,up,0.9899141173478262
g__GGB9198,0.6220806418988096,2490.0,0.21510435648839996,0.21510435648839996,0.0,-1.7560965753555648,-1.869953365457376,up,0.9713065209366739
g__Faecalitalea,0.7924269182782541,2435.0,0.13646132518976,0.13646132518976,0.0,-3.5214387500074618,-3.691317640444088,up,0.9713065209366739
g__GGB39037,0.7162971087026041,2284.0,0.012082084957336632,-0.012082084957336632,-0.014933806547753637,0.46655998622907907,0.47141458310993284,down,0.9713065209366739
g__GGB3352,0.6220806418988096,2253.0,0.03910102876014619,-0.03910102876014619,-0.09137403042598037,0.16925762627601798,0.18032443074942345,down,0.9713065209366739
g__Longicatena,0.5871095011085609,2502.0,0.21212458673049908,0.21212458673049908,0.0,-0.7087583757200544,-1.009770433776144,up,0.9713065209366739
g__GGB9302,0.16549855900482224,2039.0,0.29910943101314685,-0.29910943101314685,0.0,-2.450890782026709,-1.9675886200726196,down,0.9713065209366739
g__GGB45620,0.9433885646021108,2354.0,0.19844783990151657,0.19844783990151657,0.0,-2.440620779835562,-2.5619316966440615,up,0.9783288818095964
g__GGB4583,0.9500394413259129,2356.0,0.08661703046862002,0.08661703046862002,0.19904410744645068,0.2510592309783672,0.21870461499487331,up,0.9784314246299056
g__GGB9061,0.3602988263960675,2152.0,0.29166252079821936,-0.29166252079821936,0.0,-1.8188745986229409,-1.6272356855490586,down,0.9713065209366739
g__GGB45432,0.13371887429280446,2731.0,0.3531139062025161,0.3531139062025161,0.0,-0.30316360859395103,-0.6255811606703463,up,0.9713065209366739
g__Weissella,0.2629370512510705,2103.0,0.10809900679332823,-0.10809900679332823,0.0,-1.2907666951057764,-1.0916634139701589,down,0.9713065209366739
g__Angelakisella,0.7956481309005246,2309.0,0.04679541496859746,-0.04679541496859746,0.0,-0.9086673800981372,-0.8984266585635737,down,0.9713065209366739
g__GGB9619,0.5119447515077407,2214.0,0.20984606674652667,-0.20984606674652667,0.0,-1.8316900388661126,-1.652931998571815,down,0.9713065209366739
g__GGB9062,0.741403859972898,2451.0,0.12229561344402767,0.12229561344402767,0.0,-2.0358699128188653,-2.106580026639749,up,0.9713065209366739
g__GGB9611,0.9866690866593932,2376.0,0.1586441301541475,0.1586441301541475,0.0,-3.3338716213424604,-3.431188246517252,up,0.9933207883672094
g__GGB4644,0.625035313549059,2489.0,0.24329838315602442,0.24329838315602442,0.0,-0.2247378082251709,-0.4653100519767799,up,0.9713065209366739
g__GGB6613,0.37137000587547175,2157.0,0.12480112302256438,-0.12480112302256438,0.0,-0.5174227868765575,-0.38471906393289873,down,0.9713065209366739
g__GGB4676,0.9766731402054258,2364.0,0.04004502700489239,0.04004502700489239,0.2198684926615918,0.23847876667149992,0.20476829097444688,up,0.9899311466335537
g__GGB4567,0.5842367778340732,2503.0,0.2644140573864768,0.2644140573864768,0.0,-0.5768116762287387,-0.8306806761528843,up,0.9713065209366739
g__GGB9345,0.3387856876968661,2142.0,0.06926725042497031,-0.06926725042497031,0.0,-2.36742357041958,-2.209106093914574,down,0.9713065209366739
g__GGB9249,0.6220806418988096,2490.0,0.2321472359418719,0.2321472359418719,0.17690790480587706,0.9343318630215771,0.826507071689408,up,0.9713065209366739
g__GGB9199,0.553077234767128,2229.0,0.01616972290009994,0.01616972290009994,0.007164508564314694,1.0915324579420012,1.0861252807448807,up,0.9713065209366739
g__GGB4584,0.5957666702502111,2499.0,0.22880848195082074,0.22880848195082074,0.0,-0.43359380752472676,-0.5808229316774746,up,0.9713065209366739
g__GGB3126,0.7988728301499053,2310.0,0.04719718918811698,-0.04719718918811698,-0.004191756534807655,3.5194755285148718,3.5297162495529726,down,0.9713065209366739
g__Victivallis,0.6639808714034726,2267.0,0.09256594552003079,0.09256594552003079,0.0,-1.370773179971106,-1.4354483116660242,up,0.9713065209366739
g__GGB4682,0.7827847230108824,2305.0,0.1254862956463828,0.1254862956463828,0.17628650360213025,0.9260819453645467,0.8195621479248696,up,0.9713065209366739
g__Frisingicoccus,0.4058308166893556,2172.0,0.11581867268436356,-0.11581867268436356,0.0,-1.3904348313396593,-1.2287039581575103,down,0.9713065209366739
g__GGB10692,0.8837633112203424,2407.0,0.15811548380639895,0.15811548380639895,0.0,-2.837021627055292,-2.932197542582702,up,0.9783288818095964
g__GGB2970,0.7508920130684245,2448.0,0.2001307601950671,0.2001307601950671,0.0,-1.1110428532702008,-1.2209775210918685,up,0.9713065209366739
g__GGB9453,0.553077234767128,2514.0,0.19564823676056572,0.19564823676056572,0.0,-1.7050484882644656,-1.8905251362742088,up,0.9713065209366739
g__GGB9293,0.9135150831631654,2398.0,0.18411787233627327,0.18411787233627327,0.0,-0.2210818698207321,-0.4038897694480663,up,0.9783288818095964
g__GGB3189,0.8837633112203424,2407.0,0.12470449556998754,0.12470449556998754,0.07629444551171655,0.8024702341302609,0.7611355653729334,up,0.9783288818095964
g__GGB2996,0.6518942799096743,2263.0,0.08641726528448068,-0.08641726528448068,0.0,-2.814949123813021,-2.7468072587958035,down,0.9713065209366739
g__GGB58485,0.9600221411919261,2384.0,0.04980962349971134,0.04980962349971134,0.0,-2.7624690765280855,-2.832963046359639,up,0.9830626725805323
g__GGB42378,0.4985974065178759,2209.0,0.0072617934653636815,0.0072617934653636815,0.0,-1.14549851073329,-1.147987909701803,up,0.9713065209366739
g__GGB9296,0.5173354177706786,2216.0,0.03302224803289041,-0.03302224803289041,0.0,-2.1934374408375645,-2.1583858398821425,down,0.9713065209366739
g__GGB9186,0.6518942799096743,2480.0,0.2662023710977794,0.2662023710977794,0.0,-0.271096296926727,-0.4243248420472789,up,0.9713065209366739
g__GGB38239,0.8021009634735513,2432.0,0.0949482757098738,0.0949482757098738,0.0,-0.08527854327004807,-0.15951837746208386,up,0.9713065209366739
g__Monoglobus,0.4081941685949836,2173.0,0.09113846961422971,-0.09113846961422971,-0.37093738820427014,0.24007870294873987,0.3104680518031354,down,0.9713065209366739
g__GGB2987,0.7892092446575114,2436.0,0.2110384320857128,0.2110384320857128,0.0,-3.377795086292878,-3.6778883359514642,up,0.9713065209366739
g__GGB9240,0.5671393855898632,2234.0,0.1670824202340346,-0.1670824202340346,0.0,-1.2163067614109777,-1.1233620217392155,down,0.9713065209366739
g__GGB9787,0.07246677634267423,1941.0,0.253762996393425,-0.253762996393425,0.0,-0.3751361744409707,-0.22815345727338468,down,0.9713065209366739
g__GGB9788,0.3021864254541431,2124.0,0.07099417978765811,-0.07099417978765811,0.0,-3.5470448780373105,-3.466116951371359,down,0.9713065209366739
g__GGB9522,0.04363675215008617,1888.0,0.32835801554114924,-0.32835801554114924,0.0,-1.4118686019128404,-1.173799197512125,down,0.9713065209366739
g__GGB51884,0.7540632018414068,2296.0,0.02558418201809009,0.02558418201809009,0.0,-1.6443562998513477,-1.6732966202981778,up,0.9713065209366739
g__GGB3287,0.7988728301499053,2310.0,0.04719719025520488,-0.04719719025520488,0.0,-0.10922559205313717,-0.09898487079513871,down,0.9713065209366739
g__GGB45491,0.7225463346740737,2457.0,0.20908576380880556,0.20908576380880556,0.0,-1.63432091396752,-1.7604485928651776,up,0.9713065209366739
g__GGB9818,0.625035313549059,2254.0,0.11153634317780294,-0.11153634317780294,0.0,-2.212890237075363,-2.1532592416383802,down,0.9713065209366739
g__Acinetobacter,0.8607336803836151,2329.0,0.1779451437527198,-0.1779451437527198,0.0,-1.3614879767013581,-1.2454937590521928,down,0.9713065209366739
g__GGB9301,0.7319548618400757,2454.0,0.21016866832770464,0.21016866832770464,0.0,-1.323014605128494,-1.4503758338530335,up,0.9713065209366739
g__Kluyvera,0.8410870596635687,2323.0,0.05563199406559051,0.05563199406559051,0.0,-3.0037400095419264,-3.109224322756388,up,0.9713065209366739
g__GGB6574,0.8118054397390899,2429.0,0.2611659918591555,0.2611659918591555,0.29958016200050996,1.1128487448037236,0.9041771456289908,up,0.9713065209366739
g__GGB1331,0.42983073792721815,2182.0,0.06892006012199885,-0.06892006012199885,0.0,-2.4648554567525385,-2.4014427940229313,down,0.9713065209366739
g__GGB4257,0.625035313549059,2254.0,0.04977612347785106,0.04977612347785106,0.0,-0.775690854415279,-0.8283377822728232,up,0.9713065209366739
g__GGB3818,0.5282042403654144,2220.0,0.007676802636402624,0.007676802636402624,0.0,-0.16728743834501478,-0.17642807625079257,up,0.9713065209366739
g__Peptoniphilus,0.7194193773294597,2285.0,0.07594685010338106,-0.07594685010338106,0.0,-2.730455722487553,-2.6653610504809024,down,0.9713065209366739
g__Finegoldia,0.6670163844206812,2268.0,0.14812616624496938,-0.14812616624496938,0.0,-1.4183921638384358,-1.3639576671462446,down,0.9713065209366739
g__GGB4386,0.42496588234348953,2180.0,0.293614938367999,-0.293614938367999,-0.9024817948247487,0.39956665474087705,0.7469014944920553,down,0.9713065209366739
g__GGB1339,0.682274983847722,2273.0,0.044868430363838675,-0.044868430363838675,-0.003456707562854929,4.268959598993198,4.279200320028135,down,0.9713065209366739
g__Intestinibacillus,0.7351000957263445,2290.0,0.05633368348068382,0.05633368348068382,0.0,-4.403049326881655,-4.490781512092959,up,0.9713065209366739
g__Paraeggerthella,0.9800047929125448,2365.0,0.23601094619391838,0.23601094619391838,2.0094239549114894,0.29159051451602996,0.0724229995013057,up,0.9910657950898873
g__Butyricicoccus,0.5643132967775745,2233.0,0.06060182507220717,-0.06060182507220717,0.0,-1.707119437434993,-1.5588290340706812,down,0.9713065209366739
g__GGB58158,0.31609445553522897,2131.0,0.15739626830205208,-0.15739626830205208,0.0,-2.5146689332564205,-2.4208243584326423,down,0.9713065209366739
g__Abiotrophia,0.5146364163271635,2215.0,0.15011714640147458,-0.15011714640147458,0.0,-2.644886642398465,-2.4782519045094222,down,0.9713065209366739
g__GGB9354,0.741403859972898,2292.0,0.026432069882914175,-0.026432069882914175,-0.0025697610044458697,3.6204931081159435,3.6269477591234844,down,0.9713065209366739
g__GGB36331,0.04817835139031331,1898.0,0.3402066974523848,-0.3402066974523848,-0.19338886809103953,1.8386256950938529,2.1023701189462916,down,0.9713065209366739
g__GGB6572,0.4802264885926826,2202.0,0.14125388947429923,-0.14125388947429923,-0.014652662094072275,3.06469581329122,3.095980850983558,down,0.9713065209366739
g__GGB9423,0.12734399587809223,2006.0,0.4445130946853536,-0.4445130946853536,0.0,-3.979509590573312,-3.6185035680471413,down,0.9713065209366739
g__GGB1385,0.5957666702502111,2244.0,0.10768418583955226,-0.10768418583955226,-0.022954856957810254,1.4807779407793134,1.504527175475557,down,0.9713065209366739
g__GGB4964,0.4546352003232724,2192.0,0.2623503573907648,-0.2623503573907648,0.0,-2.4993643592695864,-2.2562104888940877,down,0.9713065209366739
g__GGB6648,0.6976645958265567,2278.0,0.02077815834176236,-0.02077815834176236,0.0,-0.7412080945324706,-0.7312310587687122,down,0.9713065209366739
g__GGB9712,0.592874483007928,2243.0,0.03347428542067471,-0.03347428542067471,0.0,-0.03317177833436325,0.01694094368912185,down,0.9713065209366739
g__Oribacterium,0.2101529536455924,2071.0,0.10641853046447118,-0.10641853046447118,0.0,-1.6985875211638506,-1.6049528526685635,down,0.9713065209366739
g__Scardovia,0.3181150875224942,2611.0,0.2177794418846369,0.2177794418846369,0.0,-1.8676638883331285,-2.3124824396985706,up,0.9713065209366739
g__GGB9370,0.4802264885926826,2202.0,0.1412538867631391,-0.1412538867631391,0.0,-0.6580791051758562,-0.6267940681742771,down,0.9713065209366739
g__GGB3510,0.2737737659209105,2109.0,0.19468791860777485,-0.19468791860777485,0.0,-1.4545985080589379,-1.1957152682244419,down,0.9713065209366739
g__GGB1661,0.27012811422075667,2107.0,0.17279310876162599,-0.17279310876162599,0.0,-3.8103636564975822,-3.67809402106345,down,0.9713065209366739
g__GGB1689,0.9234614453568397,2348.0,0.07345334967888865,0.07345334967888865,0.009433740870311968,3.6221309140934213,3.598523174778036,up,0.9783288818095964
g__GGB13017,0.7956481309005246,2309.0,0.046836949586450106,-0.046836949586450106,-0.002590952206495478,5.69712354156003,5.70736426259281,down,0.9713065209366739
g__GGB1526,0.6700573577708726,2269.0,0.06309078823694739,0.06309078823694739,0.15239320830145173,0.33530873471958644,0.30169626942963285,up,0.9713065209366739
g__GGB3343,0.607399214125354,2495.0,0.24549632715374314,0.24549632715374314,0.0,-0.784378722200435,-0.9710978418163647,up,0.9713065209366739
g__GGB1543,0.7225463346740737,2286.0,0.0050661385786432795,0.0050661385786432795,0.0008188351835325591,2.529181460639579,2.5277463720721784,up,0.9713065209366739
g__GGB1548,0.7956481309005246,2309.0,0.04683694960174879,-0.04683694960174879,-0.00371762514466377,3.968988123821438,3.979228844857366,down,0.9713065209366739
g__GGB4554,0.9966671262860999,2370.0,0.11461984805826114,0.11461984805826114,0.01936975777342439,3.110164359115497,3.0686860719608435,up,0.9988968066581047
g__Baileyella,0.5871095011085609,2241.0,0.049675715072227566,-0.049675715072227566,-0.00787391236936618,2.7078680406746862,2.7226873927367925,down,0.9713065209366739
g__Kineothrix,0.9334197895488263,2351.0,0.09715561963486524,0.09715561963486524,0.0,-0.6783130393812586,-0.7410891776955904,up,0.9783288818095964
g__GGB3328,0.6161895690485215,2251.0,0.11569663418394847,-0.11569663418394847,-0.07931245537370822,0.7740395818958283,0.817783978291606,down,0.9713065209366739
g__GGB9690,0.9002745759204331,2341.0,0.18660829401790535,0.18660829401790535,0.0,-1.001712520786952,-1.2339522078908975,up,0.9783288818095964
g__GGB4704,0.7288141248786871,2288.0,0.01469247465058269,0.01469247465058269,0.0027818994869782325,2.1822839376710155,2.17807996870603,up,0.9713065209366739
g__GGB13147,0.7956481309005246,2309.0,0.0468369497347933,-0.0468369497347933,-0.007877737816047326,1.8703259347850358,1.8805666558483407,down,0.9713065209366739
g__GGB24147,0.8021009634735513,2311.0,0.027189658557874655,-0.027189658557874655,-0.01183790104584084,0.8200454215735201,0.826801910582477,down,0.9713065209366739
g__GGB3289,0.7508920130684245,2295.0,0.03378271306519483,0.03378271306519483,0.0,-0.967251506421616,-0.9917357650694094,up,0.9713065209366739
g__GGB9258,0.8021009634735513,2311.0,0.03784180488784548,0.03784180488784548,0.0,-0.6469198741676048,-0.6675272291545274,up,0.9713065209366739
g__GGB4591,0.8378218779789235,2421.0,0.17117404612198958,0.17117404612198958,0.1377540762365129,0.8529314759158418,0.7752576003471944,up,0.9713065209366739
g__GGB9783,0.9600221411919261,2359.0,0.039109140401612084,0.039109140401612084,0.011687296058099312,1.1841226841046142,1.1745688371102865,up,0.9830626725805323
g__GGB6649,0.6458848529528223,2482.0,0.3167125051771745,0.3167125051771745,0.0,-3.3223206122473554,-3.6858607650169617,up,0.9713065209366739
g__GGB9737,0.682274983847722,2273.0,0.06855692406631783,-0.06855692406631783,0.0,-1.0248391129049421,-0.9878589254564463,down,0.9713065209366739
g__GGB9527,0.5671393855898632,2234.0,0.06510318232275834,0.06510318232275834,0.0,-2.90110247186428,-2.9668589676758903,up,0.9713065209366739
g__GGB2983,0.08007935783805338,1952.0,0.3283450600090456,-0.3283450600090456,0.0,-1.5740731913337203,-1.3147788603910566,down,0.9713065209366739
g__Mitsuokella,0.5699722381131727,2235.0,0.009050427261167088,-0.009050427261167088,0.0,-0.8701995944735725,-0.8658988304939125,down,0.9713065209366739
g__Fenollaria,0.6191320474510349,2491.0,0.23618500998076278,0.23618500998076278,0.0,-1.7985804808009718,-1.9803675090412047,up,0.9713065209366739
g__GGB4723,0.7636014837937904,2444.0,0.15368997865786108,0.15368997865786108,0.0,-0.20693649204656162,-0.267950628673101,up,0.9713065209366739
g__GGB9094,0.7956481309005246,2309.0,0.04683695100699715,-0.04683695100699715,0.0,-0.36928158581797343,-0.359040864492883,down,0.9713065209366739
g__GGB3588,0.8378218779789235,2322.0,0.035895801375954196,-0.035895801375954196,0.0,-1.0741282804705048,-1.0413748943209251,down,0.9713065209366739
g__GGB1549,0.24384707558413554,2092.0,0.189185026526392,-0.189185026526392,0.0,-0.8550782506445695,-0.689954981682265,down,0.9713065209366739
g__GGB9189,0.9267796385782083,2394.0,0.02227349752938646,-0.02227349752938646,0.0,-3.5975347764036276,-3.582702061275413,down,0.9783288818095964
g__Amedibacterium,0.27194675763143294,2108.0,0.13319537628282838,-0.13319537628282838,0.0,-1.0711793784132968,-0.9540242186664809,down,0.9713065209366739
g__GGB9739,0.4802264885926826,2202.0,0.017410714932950936,-0.017410714932950936,-0.0031195114565595234,2.5067211792463286,2.512147278008563,down,0.9713065209366739
g__GGB9469,0.676155511870068,2271.0,0.1626848765716877,-0.1626848765716877,0.0,-0.19675993080938453,-0.05930660030439709,down,0.9713065209366739
g__GGB3680,0.5475006301001722,2227.0,0.2004718492428161,-0.2004718492428161,0.0,-0.37748956578907567,-0.3190068857406018,down,0.9713065209366739
g__GGB12788,0.9966671262860999,2373.0,0.12500823424157703,0.12500823424157703,0.0,-1.4596240162219956,-1.5391916670828885,up,0.9988968066581047
g__GGB3550,0.5558759414638932,2230.0,0.022548868648412077,-0.022548868648412077,0.0,-1.9939335849176492,-1.9534703342688744,down,0.9713065209366739
g__Cryptobacterium,0.6700573577708726,2269.0,0.07292353365759739,0.07292353365759739,0.0,-1.1761537478184771,-1.2131033784177196,up,0.9713065209366739
g__GGB4698,0.5146364163271635,2215.0,0.2429863270504141,-0.2429863270504141,-0.05498088437762673,2.4158305188280984,2.5096742732556687,down,0.9713065209366739
g__GGB4664,0.5173354177706786,2216.0,0.25164426619284946,-0.25164426619284946,0.0,-0.39411044610920015,-0.2524119633319695,down,0.9713065209366739
g__GGB4579,0.5200417286139674,2217.0,0.14948515081976058,-0.14948515081976058,-0.09112092440434906,1.4267861504165824,1.5198090159333582,down,0.9713065209366739
g__GGB9762,0.12527240300699402,2004.0,0.4171478765695238,-0.4171478765695238,-0.0734245847096755,2.722203047453883,2.864333077289223,down,0.9713065209366739
g__Terrisporobacter,0.5614940047202928,2232.0,0.1717936917356028,-0.1717936917356028,0.0,-0.22545397417206436,-0.14104364868771033,down,0.9713065209366739
g__GGB3118,0.41294539637506356,2175.0,0.07571970132081333,-0.07571970132081333,-0.015415858104348448,2.3807425291544027,2.4063182556742735,down,0.9713065209366739
g__GGB9288,0.8215389141821918,2317.0,0.012944021972920173,0.012944021972920173,0.0,-0.7658639654522493,-0.7755852134343989,up,0.9713065209366739
g__GGB3733,0.34302101751604797,2144.0,0.11242670406924819,-0.11242670406924819,-0.07996040639470668,0.8413904738127622,0.8893405024067061,down,0.9713065209366739
g__GGB9603,0.33668066301817057,2141.0,0.14076385061710783,-0.14076385061710783,-0.027757732792681032,2.1046990916550077,2.1455859855493244,down,0.9713065209366739
g__Acetivibrio,0.42496588234348953,2180.0,0.14574236522174705,-0.14574236522174705,-0.018903187427130957,2.3720719663659233,2.403357004041171,down,0.9713065209366739
g__Muribaculum,0.6731037481206118,2270.0,0.04997622310541724,-0.04997622310541724,-0.018074744752196496,1.0672717371210572,1.0807271182355658,down,0.9713065209366739
g__GGB9636,0.34302101751604797,2144.0,0.07292798258618975,-0.07292798258618975,-0.09055522129614221,0.7118866591749657,0.7580025945417717,down,0.9713065209366739
g__GGB3288,0.6488867091109647,2262.0,0.0024532067181225877,-0.0024532067181225877,0.0,-2.748814790697613,-2.7450271519560236,down,0.9713065209366739
g__GGB3649,0.2629370512510705,2103.0,0.29036133719485785,-0.29036133719485785,-0.13341505940962597,1.0143165987678837,1.1125908073282378,down,0.9713065209366739
g__GGB9434,0.3472900312045083,2146.0,0.11234096929821573,-0.11234096929821573,-0.0648340037805623,0.9041043190693944,0.9456610983322381,down,0.9713065209366739
g__GGB1662,0.6853426035606958,2274.0,0.0017643035687142606,-0.0017643035687142606,-0.0014762613577516282,0.603335111617572,0.6039528001400182,down,0.9713065209366739
g__GGB4750,0.32628205177440495,2136.0,0.2665366299644287,-0.2665366299644287,-0.15161473009819115,0.6558810989092868,0.728560626775122,down,0.9713065209366739
g__GGB9082,0.42496588234348953,2180.0,0.1457423645324376,-0.1457423645324376,-0.0683860840790325,0.6444803692844516,0.6757654068014727,down,0.9713065209366739
g__Sanguibacteroides,0.4622308637195627,2195.0,0.17695981901365054,-0.17695981901365054,0.0,-3.3420989097339757,-3.1900031625294205,down,0.9713065209366739
g__GGB47687,0.8345594867637544,2321.0,0.13910624107099767,0.13910624107099767,0.2974455520984241,0.33520145121940237,0.27275068937424557,up,0.9713065209366739
g__GGB9691,0.3647022014924911,2154.0,0.14299309864885432,-0.14299309864885432,-0.39138394138975935,0.24766672136102788,0.324852311333008,down,0.9713065209366739
g__GGB1148,0.37585695079411907,2159.0,0.2696470360138234,-0.2696470360138234,0.0,-0.06949054773368006,0.03927136710307693,down,0.9713065209366739
g__GGB3478,0.42496588234348953,2180.0,0.1457423631519949,-0.1457423631519949,0.0,-0.3288532973295233,-0.29756826012937443,down,0.9713065209366739
g__Thermophilibacter,0.8150467803527273,2315.0,0.1290795090193876,0.1290795090193876,0.0,-0.3442922202574987,-0.4171178689759232,up,0.9713065209366739
g__Bacilliculturomica,0.42496588234348953,2180.0,0.1457423622531687,-0.1457423622531687,0.0,-0.6689685041845899,-0.6376834671907611,down,0.9713065209366739
g__GGB9697,0.44961074669193124,2190.0,0.10063699595730738,-0.10063699595730738,0.0,-1.1411990914271615,-1.089818734337141,down,0.9713065209366739
g__GGB4566,0.910202559066044,2344.0,0.0714309549745474,0.0714309549745474,0.020127794628085508,1.7090730698408019,1.6853944561731613,up,0.9783288818095964
g__GGB9563,0.6428887528550192,2483.0,0.24944174474702158,0.24944174474702158,0.592354624112637,0.3973635857657259,0.2635551798189514,up,0.9713065209366739
g__Massilimicrobiota,0.7988728301499053,2310.0,0.006641753400664368,-0.006641753400664368,0.0,-0.9230415665740842,-0.914354768917046,down,0.9713065209366739
g__Extibacter,0.7699804318123871,2301.0,0.046230324550724004,-0.046230324550724004,0.0,-0.26337626491524413,-0.25313554361959617,down,0.9713065209366739
g__GGB45599,0.7699804318123871,2301.0,0.04623032496737721,-0.04623032496737721,0.0,-0.5445436405159423,-0.5343029191347274,down,0.9713065209366739
g__GGB42389,0.9766731402054258,2364.0,0.11091078699756139,0.11091078699756139,0.0,-4.468627541623039,-4.563819173955093,up,0.9899311466335537
g__GGB4653,0.6945764610656292,2277.0,0.17704276352472298,-0.17704276352472298,-0.17362327213940046,0.5496695984825065,0.6199655111082624,down,0.9713065209366739
g__GGB3003,0.4471103741295367,2189.0,0.14272895584157527,-0.14272895584157527,-0.02417766504901891,1.851197183529266,1.882482221181141,down,0.9713065209366739
g__Methanosphaera,0.3602988263960675,2152.0,0.20917132328705584,-0.20917132328705584,-0.041538816660347984,1.6665435377205928,1.7152249828020756,down,0.9713065209366739
g__GGB9445,0.4471103741295367,2189.0,0.14272895571852937,-0.14272895571852937,-0.03125367662735963,1.4285566488964165,1.4598416865180115,down,0.9713065209366739
g__GGB9059,0.4471103741295367,2189.0,0.1427289554926383,-0.1427289554926383,-0.047319303090876466,0.9382771677891693,0.9695622053551755,down,0.9713065209366739
g__GGB9063,0.5173354177706786,2216.0,0.11769689103068258,-0.11769689103068258,0.0,-2.757537689065646,-2.639724841754691,down,0.9713065209366739
g__GGB52106,0.8673023849719943,2331.0,0.06214506587800589,0.06214506587800589,0.0,-1.1215279858325105,-1.1388237381986461,up,0.9762599710237524
g__Longibaculum,0.5614940047202928,2232.0,0.10097159418808047,-0.10097159418808047,0.0,-1.9874887040920524,-1.8836309316084856,down,0.9713065209366739
g__Murimonas,0.5282042403654144,2220.0,0.024858465349944722,-0.024858465349944722,0.0,-2.5456549785734186,-2.530937117652319,down,0.9713065209366739
g__GGB3883,0.7256779331351564,2287.0,0.049558938057779854,-0.049558938057779854,0.0,-1.2252450285368535,-1.2119207613449083,down,0.9713065209366739
g__GGB9642,0.8936644804635717,2404.0,0.008808714341754863,-0.008808714341754863,-0.0016586945963802141,2.870241637621411,2.8735435081014833,down,0.9783288818095964
g__GGB3737,0.7194193773294597,2285.0,0.014589867090970998,0.014589867090970998,0.004082546841569546,1.5388420134611516,1.5344935449184254,up,0.9713065209366739
g__GGB32387,0.8607336803836151,2414.0,0.16970927394530397,0.16970927394530397,0.0,-1.1366528302165104,-1.3169727838784981,up,0.9713065209366739
g__GGB9184,0.7763749812910754,2303.0,0.04627641592859935,-0.04627641592859935,-0.005534396395745081,2.664412959867763,2.6746536809139685,down,0.9713065209366739
g__Neisseria,0.9533662144774582,2357.0,0.1071199923476338,0.1071199923476338,0.0,-2.860453222093565,-2.8971062474019553,up,0.9784835374247453
g__Aggregatibacter,0.1772665005237799,2048.0,0.36828167637927095,-0.36828167637927095,0.0,-0.015061985975222628,0.09963419792181911,down,0.9713065209366739
g__GGB51111,0.4105656995624295,2174.0,0.2110151473460443,-0.2110151473460443,0.0,-0.598516848199468,-0.5481505030291258,down,0.9713065209366739
g__Paeniclostridium,0.682274983847722,2273.0,0.13269461075687247,0.13269461075687247,0.0,-3.959799500814074,-4.053584868086397,up,0.9713065209366739
g__Enteroscipio,0.4698968272451489,2198.0,0.14156292213219182,-0.14156292213219182,-0.02590680803973417,1.7266015060743183,1.7578865437185542,down,0.9713065209366739
g__GGB55957,0.2944245934595492,2120.0,0.25903995983466527,-0.25903995983466527,0.0,-2.6900286747516997,-2.4178236347157585,down,0.9713065209366739
g__Robinsoniella,0.6103231142801342,2249.0,0.23114930519817747,-0.23114930519817747,0.0,-0.6401895417052613,-0.575977417865506,down,0.9713065209366739
g__Parvimonas,0.5336819479672524,2222.0,0.21214991864620705,-0.21214991864620705,0.0,-1.861672867592959,-1.7170001896883351,down,0.9713065209366739
g__Tropheryma,0.6639808714034726,2267.0,0.22373324880707735,-0.22373324880707735,0.0,-2.691123997050812,-2.5816029305080894,down,0.9713065209366739
g__GGB3600,0.7795779788188588,2304.0,0.1228872840773233,0.1228872840773233,0.062487557345789944,1.3357522151580359,1.279131735375798,up,0.9713065209366739
g__GGB88421,0.7319548618400757,2289.0,0.11855707078323777,-0.11855707078323777,0.0,-2.0334698692271154,-1.98867457261359,down,0.9713065209366739
g__Pauljensenia,0.7288141248786871,2455.0,0.07591266342542148,0.07591266342542148,0.0,-1.3161511780374937,-1.3640290474062973,up,0.9713065209366739
g__GGB96534,0.592874483007928,2243.0,0.13746362715724603,-0.13746362715724603,0.0,-0.5390934316533137,-0.5078083945723268,down,0.9713065209366739
g__GGB12761,0.5785110427843865,2238.0,0.031192586579721453,-0.031192586579721453,-0.05197557196734075,0.2459501209271913,0.2549724438745877,down,0.9713065209366739
g__GGB4277,0.9966671262860999,2373.0,0.05539925638861347,0.05539925638861347,0.0,-3.570815611081672,-3.6398870390449725,up,0.9988968066581047
g__GGB49434,0.8312999405081587,2320.0,0.08187097387048924,0.08187097387048924,0.0,-1.975352569103124,-2.001722608311948,up,0.9713065209366739
g__Peptidiphaga,0.7445622926251909,2293.0,0.007116478644475183,-0.007116478644475183,0.0,-2.261848498389513,-2.25685470675903,down,0.9713065209366739
g__GGB3385,0.7131795761599218,2283.0,0.04519528989564596,-0.04519528989564596,0.0,-1.2183975560235156,-1.2081568343065294,down,0.9713065209366739
g__Firmicutes_unclassified,0.4776325266763798,2201.0,0.10592816890879282,-0.10592816890879282,-0.19086299368731438,0.5045460105810194,0.5759121789331022,down,0.9713065209366739
g__Paratractidigestivibacter,0.4776325266763798,2201.0,0.058755801398886635,-0.058755801398886635,0.0,-0.5675571990782602,-0.52277914427616,down,0.9713065209366739
g__GGB8965,0.29635240697945886,2121.0,0.2538743922059199,-0.2538743922059199,-0.05279140398107029,1.717246275861586,1.7812479573311193,down,0.9713065209366739
g__GGB51960,0.4698968272451489,2198.0,0.14160231457432013,-0.14160231457432013,-0.01769839021422255,2.5346083350209576,2.5658933727013347,down,0.9713065209366739
g__GGB9364,0.2056289548364547,2068.0,0.30326670072289047,-0.30326670072289047,-0.049750563598604546,1.9799461655642054,2.049414449825173,down,0.9713065209366739
g__GGB1379,0.4698968272451489,2198.0,0.1416023144736228,-0.1416023144736228,-0.02349106677897368,1.9057587656904549,1.9370438033453865,down,0.9713065209366739
g__GGB9252,0.8738802650755434,2333.0,0.1137460356494212,-0.1137460356494212,0.0,-0.4971399156207229,-0.42439075918574465,down,0.9783288818095964
g__Catenibacillus,0.7131795761599218,2283.0,0.006244519783667438,-0.006244519783667438,0.0,-3.125740501852858,-3.120343409799194,down,0.9713065209366739
g__Massilistercora,0.5419519784828528,2225.0,0.003889390517665853,-0.003889390517665853,0.0,-1.5423326431622821,-1.5388593188569353,down,0.9713065209366739
g__GGB45497,0.5227553213035618,2218.0,0.17985376403029685,-0.17985376403029685,0.0,-1.4543617620472722,-1.4052125535727196,down,0.9713065209366739
g__GGB45596,0.32628205177440495,2136.0,0.20052721473240775,-0.20052721473240775,0.0,-0.3578408326748918,-0.31249841617678537,down,0.9713065209366739
g__Christensenellaceae_unclassified,0.5842367778340732,2240.0,0.12350072394544039,-0.12350072394544039,0.0,-0.7101230045364036,-0.6826038641279968,down,0.9713065209366739
g__GGB9782,0.37585695079411907,2159.0,0.052272400181492686,-0.052272400181492686,0.0,-1.9334125152462067,-1.91041464455114,down,0.9713065209366739
g__GGB79394,0.4698968272451489,2198.0,0.14160231090417869,-0.14160231090417869,0.0,-0.9590866068659787,-0.9278015701130158,down,0.9713065209366739
g__GGB3534,0.3201441635535237,2133.0,0.06950304607545874,-0.06950304607545874,0.0,-3.4158837004767015,-3.347993985513091,down,0.9713065209366739
g__GGB74511,0.757238543280802,2297.0,0.04609065148312578,-0.04609065148312578,-0.006580768052352474,2.2399463214595223,2.250187042513185,down,0.9713065209366739
g__GGB3441,0.9866690866593932,2367.0,0.06464333294805154,0.06464333294805154,0.05726108129908119,0.44111717003271206,0.42395197180999683,up,0.9933207883672094
g__Bariatricus,0.8410870596635687,2323.0,0.0977832710123716,-0.0977832710123716,0.0,-0.735449657880579,-0.6970022058218325,down,0.9713065209366739
g__Brevundimonas,0.5785110427843865,2238.0,0.13802508274745887,-0.13802508274745887,-0.06426889888338652,0.686753713591265,0.7180387511162507,down,0.9713065209366739
g__GGB3276,0.7162971087026041,2284.0,0.05375535156246582,0.05375535156246582,0.0,-0.7488975068772095,-0.7743480110628109,up,0.9713065209366739
g__Ralstonia,0.5200417286139674,2217.0,0.049524936247151666,-0.049524936247151666,0.0,-2.9782551375885924,-2.948555185311049,down,0.9713065209366739
g__Methylorubrum,0.5785110427843865,2238.0,0.1380250748377229,-0.1380250748377229,0.0,-1.863255834804934,-1.8319707994578807,down,0.9713065209366739
g__GGB41904,0.7162971087026041,2284.0,0.05669954366017477,0.05669954366017477,0.0,-2.5342003432183953,-2.5619316966440624,up,0.9713065209366739
g__GGB6601,0.7763749812910754,2303.0,0.04640572359359426,-0.04640572359359426,-0.006529322923696492,2.257635344677739,2.2678760657310235,down,0.9713065209366739
g__Marvinbryantia,0.8837633112203424,2336.0,0.0050264722400631505,-0.0050264722400631505,-0.00745658635721317,0.22213022712271252,0.22328128188264573,down,0.9783288818095964
g__Feifania,0.6884154196466701,2468.0,0.18738845709103244,0.18738845709103244,0.0,-1.59581485953337,-1.6592323810552931,up,0.9713065209366739
g__GGB4802,0.7763749812910754,2303.0,0.04640572498997321,-0.04640572498997321,0.0,-0.4195715088745504,-0.40933078753434876,down,0.9713065209366739
g__Candidatus_Soleaferrea,0.8969686343332216,2340.0,0.07387334399978465,0.07387334399978465,0.0,-3.9359982898386954,-3.9618156740513193,up,0.9783288818095964
g__GGB9724,0.3201441635535237,2133.0,0.36713504754252896,-0.36713504754252896,0.0,-1.5114118896081825,-1.3309198946583378,down,0.9713065209366739
g__GGB6133,0.48282811088822,2203.0,0.14118731282628652,-0.14118731282628652,-0.24376811686331928,0.16995230241760861,0.20123733981778005,down,0.9713065209366739
g__GGB42639,0.6670163844206812,2268.0,0.03487443458878154,-0.03487443458878154,0.0,-0.8566451089719711,-0.8481341747767853,down,0.9713065209366739
g__Burkholderia,0.5671393855898632,2234.0,0.0042589128031772115,0.0042589128031772115,0.0,-1.025468631119879,-1.028010428868059,up,0.9713065209366739
g__Methanoculleus,0.5671393855898632,2234.0,0.13853743816110453,-0.13853743816110453,0.0,-2.475433749350693,-2.444148715998546,down,0.9713065209366739
g__Merdimonas,0.8574529080473072,2328.0,0.13978362262974536,0.13978362262974536,0.0,-0.9961081481560387,-1.1354216428093895,up,0.9713065209366739
g__Rubneribacter,0.7859951622317407,2306.0,0.0695640382143402,0.0695640382143402,0.023861080026041686,1.5352152216921233,1.5100327516664864,up,0.9713065209366739
g__GGB79118,0.5699722381131727,2235.0,0.1377812914019566,-0.1377812914019566,0.0,-1.8087351407717926,-1.7748871117702902,down,0.9713065209366739
g__GGB3606,0.6220806418988096,2253.0,0.018162730252024428,-0.018162730252024428,0.0,-0.9286377682423134,-0.9229353809307967,down,0.9713065209366739
g__Anaerococcus,0.6428887528550192,2260.0,0.008778456592321258,-0.008778456592321258,0.0,-2.141331137106055,-2.136793261217356,down,0.9713065209366739
g__Lawsonella,0.37585695079411907,2159.0,0.21358242424014712,-0.21358242424014712,0.0,-2.033601155801754,-1.9840163535426851,down,0.9713065209366739
g__Coriobacteriaceae_unclassified,0.682274983847722,2273.0,0.04489586703404665,-0.04489586703404665,-0.011181402521262849,1.316208645659818,1.3264493667462265,down,0.9713065209366739
g__Lachnoanaerobaculum,0.682274983847722,2273.0,0.044878121600723866,-0.044878121600723866,-0.0081818025646602,1.800628064411311,1.8108687854768681,down,0.9713065209366739
g__GGB3887,0.682274983847722,2273.0,0.04487812417074186,-0.04487812417074186,0.0,-1.0171480124410592,-1.0069072908489218,down,0.9713065209366739
g__Kocuria,0.682274983847722,2273.0,0.04487813953377074,-0.04487813953377074,0.0,-2.9073469721418794,-2.8971062474019553,down,0.9713065209366739
g__Morganella,0.8021009634735513,2311.0,0.061392561903195614,0.061392561903195614,0.059134253266833844,1.1408545848812346,1.0950377926451822,up,0.9713065209366739
g__GGB1380,0.592874483007928,2243.0,0.13746313249455144,-0.13746313249455144,-0.015820397973504305,2.837333815241322,2.8686188529292918,down,0.9713065209366739
g__Acidovorax,0.592874483007928,2243.0,0.13746313174318314,-0.13746313174318314,-0.09477012292521579,0.4607839758114501,0.492069013289669,down,0.9713065209366739
g__Moraxella,0.7131795761599218,2283.0,0.07764680360387946,-0.07764680360387946,0.0,-1.1057876144892969,-1.080206172411405,down,0.9713065209366739
g__Denitrificimonas,0.592874483007928,2243.0,0.13746311358792945,-0.13746311358792945,0.0,-2.671178230380739,-2.6398931979707108,down,0.9713065209366739
g__Vagococcus,0.592874483007928,2243.0,0.13746309354975877,-0.13746309354975877,0.0,-3.3917238145587003,-3.3604387877424937,down,0.9713065209366739
g__GGB3364,0.7194193773294597,2285.0,0.04531001573982124,-0.04531001573982124,-0.0029242173279148153,5.047254634720641,5.057495355754045,down,0.9713065209366739
g__GGB3678,0.7194193773294597,2285.0,0.0453100157649482,-0.0453100157649482,-0.004280476550984761,3.4464225038600405,3.456663224898595,down,0.9713065209366739
g__Bradyrhizobium,0.8607336803836151,2329.0,0.153532252274862,0.153532252274862,0.0,-2.3076786641558633,-2.403206112682938,up,0.9713065209366739
g__Alloscardovia,0.1617094874004661,2036.0,0.4139070423218756,-0.4139070423218756,0.0,-0.4006763806080413,-0.20975898121645337,down,0.9713065209366739
g__GGB1455,0.8574529080473072,2328.0,0.04363638140430291,0.04363638140430291,0.0,-2.3404230143180307,-2.3523793616152986,up,0.9713065209366739
g__GGB9621,0.2489541537378115,2095.0,0.31567568248347294,-0.31567568248347294,-0.4666271516539586,0.29018588710067705,0.4010006315240082,down,0.9713065209366739
g__Luxibacter,0.3387856876968661,2142.0,0.23475386022744055,-0.23475386022744055,0.0,-0.2021634427031787,-0.14585200057066341,down,0.9713065209366739
g__GGB9200,0.5012519914080794,2210.0,0.10411694024542392,-0.10411694024542392,0.0,-0.6341134096297527,-0.5982830965521939,down,0.9713065209366739
g__GGB9495,0.5173354177706786,2216.0,0.13966160450710446,-0.13966160450710446,0.0,-0.1422120882356555,-0.11092705094879489,down,0.9713065209366739
g__GGB9357,0.4596911377144557,2194.0,0.13784543507874755,-0.13784543507874755,-0.012660958070693971,3.9424459613310785,3.9771967638577532,down,0.9713065209366739
g__GGB2977,0.5614940047202928,2232.0,0.1975028511094359,-0.1975028511094359,0.0,-1.681569625488516,-1.5316582176006395,down,0.9713065209366739
g__GGB87445,0.8936644804635717,2339.0,0.1048938690532484,0.1048938690532484,0.0,0.06722080745725245,-0.008701033357625435,up,0.9783288818095964
g__GGB3032,0.4421334302654807,2187.0,0.1431061564071573,-0.1431061564071573,0.0,-0.6653255131715168,-0.6340404761750859,down,0.9713065209366739
g__GGB9701,0.9433885646021108,2389.0,0.03443450845901783,0.03443450845901783,0.011695569415233725,2.2828201407932354,2.264388696918026,up,0.9783288818095964
g__GGB9076,0.4421334302654807,2187.0,0.14296462593007397,-0.14296462593007397,-0.018391304684817544,2.4385270311187766,2.4698120687962226,down,0.9713065209366739
g__GGB9589,0.4421334302654807,2187.0,0.1429646255131858,-0.1429646255131858,-0.04417569559279157,1.0061477311253058,1.0374327687007245,down,0.9713065209366739
g__GGB3139,0.4421334302654807,2187.0,0.14296462528896206,-0.14296462528896206,-0.0665236815973131,0.6629543994282983,0.6942394369488416,down,0.9713065209366739
g__GGB9774,0.2629370512510705,2103.0,0.28943539790798595,-0.28943539790798595,-0.22159111569765053,0.5214085962405377,0.6079722535343882,down,0.9713065209366739
g__GGB9640,0.8312999405081587,2320.0,0.011112549929791354,-0.011112549929791354,0.0,-3.9729601980338516,-3.964875063686552,down,0.9713065209366739
g__GGB25442,0.4421334302654807,2187.0,0.14296462331702978,-0.14296462331702978,0.0,-0.6053428128039281,-0.574057775765986,down,0.9713065209366739
g__GGB3722,0.4347277858351569,2184.0,0.14434319954216332,-0.14434319954216332,-0.005916793770919242,7.612615921142205,7.643900958851465,down,0.9713065209366739
g__GGB9278,0.5419519784828528,2225.0,0.20363725039516598,-0.20363725039516598,-0.027660598861080757,2.8156738435439075,2.870179223676585,down,0.9713065209366739
g__GGB9425,0.5643132967775745,2233.0,0.07681968158005863,-0.07681968158005863,-0.2464767277953615,0.25001706883329355,0.29659685905405014,down,0.9713065209366739
g__GGB3052,0.6700573577708726,2269.0,0.1627562488924388,-0.1627562488924388,-0.02499327637964571,2.4785811777548585,2.5218942603826187,down,0.9713065209366739
g__GGB1093,0.5586815421456336,2231.0,0.07503816560870157,-0.07503816560870157,-0.007103034528511545,3.5324330520442246,3.5498676877959445,down,0.9713065209366739
g__GGB3351,0.6015702565700234,2246.0,0.2072150933679334,-0.2072150933679334,-0.709152817608747,0.12543535783115545,0.20506721940817016,down,0.9713065209366739
g__GGB9275,0.4347277858351569,2184.0,0.14434319948503332,-0.14434319948503332,-0.013674606804303727,3.285008629699674,3.3162936673953927,down,0.9713065209366739
g__GGB9711,0.5419519784828528,2225.0,0.12649421272380892,-0.12649421272380892,-0.014937882168606387,2.6667711425344245,2.6945267382273226,down,0.9713065209366739
g__GGB9197,0.4347277858351569,2184.0,0.1443431994154137,-0.1443431994154137,-0.017974325724509774,2.495458772730786,2.526743810410003,down,0.9713065209366739
g__GGB9511,0.4347277858351569,2184.0,0.14434319936231693,-0.14434319936231693,-0.020867107319096134,2.147357597909685,2.178642635576316,down,0.9713065209366739
g__GGB9623,0.37137000587547175,2157.0,0.16589900911856248,-0.16589900911856248,0.0,-1.5460117683402756,-1.4733838322240282,down,0.9713065209366739
g__Faecalicoccus,0.5586815421456336,2231.0,0.056698137689963124,-0.056698137689963124,-0.012018020326765133,1.6568642411759984,1.6707239934633824,down,0.9713065209366739
g__GGB9637,0.5586815421456336,2231.0,0.10464662861540061,-0.10464662861540061,-0.026658790214472948,1.221395273635551,1.2441745991029127,down,0.9713065209366739
g__Mobilibacterium,0.4347277858351569,2184.0,0.14434319892048966,-0.14434319892048966,-0.04876061807079792,0.9100853901967959,0.9413704277587011,down,0.9713065209366739
g__Lactiplantibacillus,0.6015702565700234,2246.0,0.034382784722152754,-0.034382784722152754,0.0,-3.1198516792932685,-3.082635320401953,down,0.9713065209366739
g__GGB9291,0.4347277858351569,2184.0,0.14434319876473045,-0.14434319876473045,-0.06426889888338652,0.686753713591265,0.7180387511162507,down,0.9713065209366739
g__GGB3528,0.4347277858351569,2184.0,0.14434319832282982,-0.14434319832282982,-0.1788436016664052,0.2370506338735619,0.2683356712938042,down,0.9713065209366739
g__GGB9628,0.4347277858351569,2184.0,0.14434319721924885,-0.14434319721924885,0.0,-0.40716589653355406,-0.3758808593748927,down,0.9713065209366739
g__GGB9238,0.8443549771835649,2324.0,0.12227982319936218,0.12227982319936218,0.0,-1.9606624740252976,-2.03684894143144,up,0.9713065209366739
g__GGB3152,0.4347277858351569,2184.0,0.14434319264932685,-0.14434319264932685,0.0,-1.494604774116659,-1.4633197380412026,down,0.9713065209366739
g__GGB9243,0.4347277858351569,2184.0,0.14434317285801246,-0.14434317285801246,0.0,-2.84810883391913,-2.816823802534793,down,0.9713065209366739
g__GGB4602,0.4081941685949836,2173.0,0.2686109247183827,-0.2686109247183827,0.0,-0.12511765560692226,0.0018581762756182843,down,0.9713065209366739
g__GGB87334,0.8312999405081587,2320.0,0.11103883682651867,0.11103883682651867,0.0,-1.2922811509815915,-1.366562817838733,up,0.9713065209366739
g__GGB4272,0.7988728301499053,2310.0,0.047173900121984774,-0.047173900121984774,-0.003047006326730905,4.843652946159767,4.853893667193464,down,0.9713065209366739
g__GGB33247,0.7988728301499053,2310.0,0.047173900174703756,-0.047173900174703756,-0.005288621682726644,2.7884721664489613,2.7987128874935214,down,0.9713065209366739
g__GGB3169,0.7988728301499053,2310.0,0.0471739001907797,-0.0471739001907797,-0.005776161882869372,2.552677967540023,2.5629186885878954,down,0.9713065209366739
g__GGB6565,0.7988728301499053,2310.0,0.04717390023241222,-0.04717390023241222,-0.006957616878946499,2.118346104386101,2.128586825442552,down,0.9713065209366739
g__GGB47174,0.9633511789620104,2360.0,0.0299029350223409,0.0299029350223409,0.004935367306050994,2.022454821410336,2.0155479537501555,up,0.9853454981163943
g__GGB9266,0.9367416323295551,2391.0,0.12058393302939234,0.12058393302939234,0.0,-0.8164593310292431,-0.8572309058971512,up,0.9783288818095964
g__GGB4586,0.8345594867637544,2321.0,0.00197607377245722,0.00197607377245722,0.002079240931850073,0.5727773736928405,0.5719524700688554,up,0.9713065209366739
g__GGB9542,0.5200417286139674,2217.0,0.20839571103700255,-0.20839571103700255,-0.13063980739446296,0.5277512973515919,0.577771094040184,down,0.9713065209366739
g__GGB3627,0.9201445835149341,2347.0,0.0020917632872407914,-0.0020917632872407914,0.0,-2.3528538662875365,-2.3523793616152986,down,0.9783288818095964
g__Macrococcus,0.7988728301499053,2310.0,0.04717395229848782,-0.04717395229848782,0.0,-3.9720564058360917,-3.9618156740513193,down,0.9713065209366739
g__GGB3738,0.9700111135678586,2381.0,0.1634296033588034,0.1634296033588034,0.0,-3.9512348772040466,-4.067175967487391,up,0.9898974461922566
g__Leclercia,0.8280432935554788,2319.0,0.0777522626191676,0.0777522626191676,0.0,-0.7727901318225663,-0.8111315662426662,up,0.9713065209366739
g__GGB4658,0.7988728301499053,2310.0,0.04724106401535354,-0.04724106401535354,-0.011833267468423184,1.2434207039628655,1.253661425053374,down,0.9713065209366739
g__Pseudoramibacter,0.6579263983590454,2265.0,0.2275965396863179,-0.2275965396863179,0.0,-3.016546184959158,-2.875019029156197,down,0.9713065209366739
g__Selenomonas,0.6945764610656292,2277.0,0.20288375850755758,-0.20288375850755758,0.0,-2.131508445930442,-2.0549335294607767,down,0.9713065209366739
g__Dysgonomonas,0.633935398910253,2257.0,0.13629326481123136,-0.13629326481123136,-0.24586930708304908,0.1683737701743941,0.19965880757407697,down,0.9713065209366739
g__Campylobacter,0.8508988004894168,2326.0,0.1008172555123125,-0.1008172555123125,0.0,-2.2065719852463164,-2.1705100706214537,down,0.9713065209366739
g__Proteus,0.7007577458202716,2279.0,0.10644608358208704,0.10644608358208704,0.0,-1.3679643014788774,-1.4497330587317019,up,0.9713065209366739
g__Hallella,0.633935398910253,2257.0,0.13629326249416163,-0.13629326249416163,0.0,-0.9787916760037998,-0.9475066392698708,down,0.9713065209366739
g__Eggerthellaceae_unclassified,0.633935398910253,2257.0,0.1362932589961284,-0.1362932589961284,0.0,-1.6869766314105867,-1.6556915956817329,down,0.9713065209366739
g__GGB9271,0.553077234767128,2229.0,0.192180205386723,-0.192180205386723,-0.02685468842398692,2.678091281605149,2.7284088050878528,down,0.9713065209366739
g__GGB3303,0.5558759414638932,2230.0,0.024725389731493543,0.024725389731493543,0.009091033594071932,1.4838393035310375,1.4745184008046728,up,0.9713065209366739
g__GGB9117,0.4546352003232724,2192.0,0.1424303936071528,-0.1424303936071528,-0.1096329322811577,0.396245456246206,0.4275304937090099,down,0.9713065209366739
g__Butyrivibrio,0.5785110427843865,2238.0,0.043677321902912,0.043677321902912,0.0,-0.23092532470285354,-0.24939671887515794,up,0.9713065209366739
g__GGB44238,0.2611601263882116,2102.0,0.28004837554382306,-0.28004837554382306,0.0,-0.598516848199468,-0.5284762328582696,down,0.9713065209366739
g__GGB29535,0.5728118209881186,2236.0,0.22162594764644458,-0.22162594764644458,0.0,-3.1836001305142365,-3.1094751758907098,down,0.9713065209366739
g__Duodenibacillus,0.7445622926251909,2293.0,0.04572488743484875,-0.04572488743484875,-0.06918613497348863,0.20846389379835747,0.21870461499487331,down,0.9713065209366739
g__GGB3548,0.7225463346740737,2286.0,0.003676816583449674,0.003676816583449674,0.0006464755565817187,2.0503680749241844,2.049449505256804,up,0.9713065209366739
g__Bacillus,0.7827847230108824,2305.0,0.05513197788344642,0.05513197788344642,0.0,-3.0093466644076234,-3.048711869748506,up,0.9713065209366739
g__Diaphorobacter,0.4802264885926826,2202.0,0.1412480493439476,-0.1412480493439476,0.0,-0.02634660342427603,0.0049384339088172635,down,0.9713065209366739
g__GGB4255,0.42739427811559205,2181.0,0.1461738962471597,-0.1461738962471597,-0.007713151594362353,5.836035062302809,5.867320100011182,down,0.9713065209366739
g__GGB3306,0.6579263983590454,2265.0,0.08274211831278949,-0.08274211831278949,-0.056463987367109975,1.2021905177327668,1.250174545304315,down,0.9713065209366739
g__GGB9075,0.5092604502070492,2213.0,0.25131389413090677,-0.25131389413090677,0.0,-2.214200134555431,-2.0753807359848055,down,0.9713065209366739
g__Levilactobacillus,0.42739427811559205,2181.0,0.1461738960603849,-0.1461738960603849,-0.02102762581763269,2.130846490916592,2.1621315285825107,down,0.9713065209366739
g__GGB4672,0.42739427811559205,2181.0,0.14617389590177343,-0.14617389590177343,-0.029250657849685564,1.5274446492049352,1.5587296868348015,down,0.9713065209366739
g__GGB3146,0.5586815421456336,2231.0,0.026478696333173665,0.026478696333173665,0.025273953263775753,0.5221407884986484,0.5130732855747897,up,0.9713065209366739
g__GGB9328,0.42739427811559205,2181.0,0.14617389514733792,-0.14617389514733792,-0.11458026691287357,0.37847849188252203,0.4097635293409047,down,0.9713065209366739
g__GGB9095,0.42739427811559205,2181.0,0.14617389305690986,-0.14617389305690986,0.0,-0.683674650492912,-0.6523896135096849,down,0.9713065209366739
g__Alkaliflexus,0.42739427811559205,2181.0,0.14617389191699973,-0.14617389191699973,0.0,-0.9887917583383582,-0.9575067216142334,down,0.9713065209366739
g__Companilactobacillus,0.6488867091109647,2262.0,0.05388655616787586,0.05388655616787586,0.0,-0.5298773918098507,-0.5604521246267161,up,0.9713065209366739
g__Clostridioides,0.7256779331351564,2287.0,0.10825502667244655,0.10825502667244655,0.0,-0.8072826048241157,-0.8572309058971512,up,0.9713065209366739
g__GGB3817,0.7477250267908757,2449.0,0.13940003004816312,0.13940003004816312,0.0,-2.659216246312951,-2.829402957111921,up,0.9713065209366739
g__GGB9466,0.9367416323295551,2352.0,0.053915432266807076,0.053915432266807076,0.039468813037232854,0.5676522906824654,0.5523331354574085,up,0.9783288818095964
g__Sneathia,0.854174596311595,2327.0,0.05613393763471863,0.05613393763471863,0.05280783870782269,0.4877183896545629,0.47018891671079593,up,0.9713065209366739
g__Ezakiella,0.940064576558677,2390.0,0.054513128633423225,0.054513128633423225,0.0,-2.8528275885123553,-2.896932437495357,up,0.9783288818095964
g__GGB3640,0.7859951622317407,2306.0,0.04659311787080308,-0.04659311787080308,0.0,-0.9040053674246771,-0.8937646458924504,down,0.9713065209366739
g__GGB1420,0.9234614453568397,2348.0,0.04224415259468146,-0.04224415259468146,0.0,-1.2737690150913916,-1.260110760409292,down,0.9783288818095964
g__GGB1550,0.8085673212554976,2313.0,0.08634003209822624,-0.08634003209822624,0.0,-2.1938651751785403,-2.124270255251083,down,0.9713065209366739
g__GGB4260,0.6458848529528223,2261.0,0.09694182710780465,-0.09694182710780465,-0.03642876298922138,0.9310156245545537,0.9548235452566921,down,0.9713065209366739
g__GGB9412,0.9035822484778409,2342.0,0.07799176979569461,0.07799176979569461,0.026675530001997367,1.3816137361548515,1.356302329598819,up,0.9783288818095964
g__Gallibacter,0.7859951622317407,2306.0,0.046602330226499705,-0.046602330226499705,-0.0022073215486504137,6.688168317619716,6.6984090386520725,down,0.9713065209366739
g__GGB3176,0.7859951622317407,2306.0,0.04660233023121325,-0.04660233023121325,-0.002888581552772035,5.1095845960987445,5.11982531713207,down,0.9713065209366739
g__GGB3185,0.6103231142801342,2494.0,0.245536584769899,0.245536584769899,0.0,-2.045019359913623,-2.257069218174596,up,0.9713065209366739
g__GGB4266,0.7859951622317407,2306.0,0.04660233029293817,-0.04660233029293817,-0.005506448935310443,2.677961890390965,2.688202611436981,down,0.9713065209366739
g__GGB1246,0.7859951622317407,2306.0,0.046602330368584105,-0.046602330368584105,-0.007644427133701131,1.927564953812468,1.9378056748740367,down,0.9713065209366739
g__GGB12985,0.7859951622317407,2306.0,0.04660233042797068,-0.04660233042797068,-0.00931531400863801,1.5809011975504577,1.5911419186242364,down,0.9713065209366739
g__GGB9695,0.5699722381131727,2235.0,0.024176678320836475,0.024176678320836475,0.0,-1.3459786991227416,-1.3575580855656149,up,0.9713065209366739
g__GGB9533,0.7924269182782541,2435.0,0.20236611666292628,0.20236611666292628,0.0,-4.041488789695361,-4.184958725366654,up,0.9713065209366739
g__GGB2732,0.9500394413259129,2356.0,0.07512315466132068,0.07512315466132068,0.0,-2.4130009803020522,-2.4357609357717553,up,0.9784314246299056
g__GGB38987,0.7194193773294597,2285.0,0.04537546376052986,-0.04537546376052986,-0.006612236490639872,2.2292618130455493,2.2395025340994437,down,0.9713065209366739
g__GGB48168,0.6609508617844958,2266.0,0.039238842010213534,0.039238842010213534,0.0,-0.7163485293698677,-0.7293506487779853,up,0.9713065209366739
g__GGB9523,0.7256779331351564,2287.0,0.0031091838592807483,0.0031091838592807483,0.0,-3.3156801455517053,-3.3183744281394074,up,0.9713065209366739
g__GGB6123,0.7194193773294597,2285.0,0.045375463968872855,-0.045375463968872855,-0.012855545311125524,1.144137406608425,1.1543781277050296,down,0.9713065209366739
g__GGB9476,0.7194193773294597,2285.0,0.04537546425436263,-0.04537546425436263,-0.02934074773433446,0.4984369103403356,0.5086776314954656,down,0.9713065209366739
g__GGB3569,0.7194193773294597,2285.0,0.045375465002608764,-0.045375465002608764,0.0,-0.31106409331955825,-0.3008233720110379,down,0.9713065209366739
g__GGB9225,0.9367416323295551,2352.0,0.1621247380777803,0.1621247380777803,0.0,-2.130833780332599,-2.221351148331683,up,0.9783288818095964
g__Raoultella,0.741403859972898,2292.0,0.09018270034542586,-0.09018270034542586,0.0,-1.6160168504636583,-1.543541134024997,down,0.9713065209366739
g__GGB1496,0.7859951622317407,2306.0,0.04756501824554447,-0.04756501824554447,-0.004773327776740928,3.0900475454353695,3.100288266476685,down,0.9713065209366739
g__Microbacterium,0.7859951622317407,2306.0,0.047565018486647286,-0.047565018486647286,-0.011927129188641175,1.23359529751514,1.2438360186062252,down,0.9713065209366739
g__GGB73496,0.7859951622317407,2306.0,0.047565019214336784,-0.047565019214336784,0.0,-0.032420183918992436,-0.02217946267769452,down,0.9713065209366739
g__Candidatus_Nanogingivalis,0.7859951622317407,2306.0,0.047565020380414956,-0.047565020380414956,0.0,-0.7981798529118538,-0.787939131429849,down,0.9713065209366739
g__GGB12794,0.8021009634735513,2311.0,0.003912171217680393,0.003912171217680393,0.0,-1.5360626646935527,-1.5370147713398892,up,0.9713065209366739
g__GGB51139,0.7194193773294597,2285.0,0.0454456293561568,-0.0454456293561568,0.0,-0.8719660165974559,-0.8617252950809992,down,0.9713065209366739
g__GGB3142,0.6132532452402786,2250.0,0.003864115092706221,-0.003864115092706221,-0.0065335827391778305,0.6441867454702931,0.6471107121165519,down,0.9713065209366739
g__Culturomica,0.7194193773294597,2285.0,0.045273101931496924,-0.045273101931496924,-0.00589949530168892,2.49920540026533,2.5094461213140686,down,0.9713065209366739
g__Pediococcus,0.7795779788188588,2304.0,0.13543351896938946,-0.13543351896938946,0.0,-0.8060270971724335,-0.7089963902515822,down,0.9713065209366739
g__Latilactobacillus,0.7477250267908757,2294.0,0.06781363671897406,0.06781363671897406,0.052382039628277,0.6977926782292173,0.6729113335977922,up,0.9713065209366739
g__Melissococcus,0.7194193773294597,2285.0,0.04527310239735249,-0.04527310239735249,-0.024774302875421598,0.5912476075509049,0.6014883286951306,down,0.9713065209366739
g__GGB28640,0.940064576558677,2353.0,0.14941619979271836,0.14941619979271836,0.0,-0.5376086808218401,-0.6154284584596258,up,0.9783288818095964
g__GGB9641,0.7956481309005246,2309.0,0.04710534983610712,-0.04710534983610712,-0.01078322720311133,1.3649988093508356,1.3752395304346579,down,0.9713065209366739
g__GGB3057,0.7956481309005246,2309.0,0.04710535053931364,-0.04710535053931364,-0.42608938852668293,0.029805350713009902,0.04004607194168719,down,0.9713065209366739
g__GGB9457,0.8738802650755434,2333.0,0.0020545553166081733,0.0020545553166081733,0.0,-0.9360523546307372,-0.9365265011664095,up,0.9783288818095964
g__Hafnia,0.7763749812910754,2303.0,0.04626021837218394,-0.04626021837218394,-0.0036264500614380537,4.068903817973861,4.079144539009424,down,0.9713065209366739
g__Pluralibacter,0.7763749812910754,2303.0,0.04626021837525635,-0.04626021837525635,-0.003781810251554231,3.9015393953613513,3.9117801163975456,down,0.9713065209366739
g__Obesumbacterium,0.625035313549059,2254.0,0.031776623273567596,-0.031776623273567596,-0.022794286838930967,0.5538133470124511,0.5626329754175319,down,0.9713065209366739
g__Pseudocitrobacter,0.682274983847722,2273.0,0.002589629590095762,-0.002589629590095762,-0.0039731329004533905,0.2749250649466111,0.27568324271036765,down,0.9713065209366739
g__GGB9513,0.7763749812910754,2303.0,0.04626021908652978,-0.04626021908652978,-0.04857895864704545,0.2990367066679625,0.30927742785024137,down,0.9713065209366739
g__Lelliottia,0.7763749812910754,2303.0,0.04626021958718717,-0.04626021958718717,0.0,-0.22255427234523137,-0.21231355106012526,down,0.9713065209366739
g__GGB70856,0.757238543280802,2297.0,0.04611388713064997,-0.04611388713064997,-0.019338717704928968,0.7588630137540943,0.7691037348810168,down,0.9713065209366739
g__GGB9574,0.5986652735891027,2245.0,0.00022188806356848346,0.00022188806356848346,0.0,-1.847005455853986,-1.847086065332815,up,0.9713065209366739
g__GGB1095,0.8870617623982282,2337.0,0.11446147728283966,0.11446147728283966,0.03873642711690282,2.1401174656221498,2.08341978863493,up,0.9783288818095964
g__GGB9210,0.8969686343332216,2403.0,0.12028335463159721,0.12028335463159721,0.0,-1.0839426689468123,-1.1227390935816473,up,0.9783288818095964
g__Atlantibacter,0.7892092446575114,2307.0,0.046676904022618045,-0.046676904022618045,0.0,-1.8679239982201075,-1.8576832758767023,down,0.9713065209366739
g__GGB2731,0.592874483007928,2243.0,0.13746320487912037,-0.13746320487912037,-0.01034979517506967,4.3453097086823185,4.376594746387008,down,0.9713065209366739
g__Peptacetobacter,0.8443549771835649,2324.0,0.06427944305758833,0.06427944305758833,0.01030293516780081,3.3966030288125104,3.3724327646359074,up,0.9713065209366739
g__Phytobacter,0.5986652735891027,2245.0,0.08124356545283193,-0.08124356545283193,0.0,-0.28999425315649496,-0.2693973845915325,down,0.9713065209366739
g__Shuttleworthia,0.7131795761599218,2283.0,0.08647137585411006,-0.08647137585411006,0.0,-4.2784994219894426,-4.229346096944778,down,0.9713065209366739
g__GGB2964,0.5227553213035618,2218.0,0.1395905053235977,-0.1395905053235977,0.0,-2.6445099975233215,-2.613224964973835,down,0.9713065209366739
g__Paraclostridium,0.741403859972898,2292.0,0.03228403862448691,0.03228403862448691,0.006152196167651375,2.126017543761656,2.1169707058122396,up,0.9713065209366739
g__GGB4617,0.7827847230108824,2305.0,0.001867557180468482,0.001867557180468482,0.0002858113331912447,2.294194870909132,2.2937404145413356,up,0.9713065209366739
g__Caniella,0.633935398910253,2257.0,0.2280160057602423,-0.2280160057602423,0.0,-0.4456978119579871,-0.32447359459756503,down,0.9713065209366739
g__GGB1551,0.6398984499572301,2259.0,0.07979811748938881,-0.07979811748938881,-0.007354438792618177,3.6553156800114377,3.673996989353205,down,0.9713065209366739
g__GGB4700,0.6369139851174195,2258.0,0.20713193484576675,-0.20713193484576675,-0.09568868680844443,1.335099808578695,1.4266547891241248,down,0.9713065209366739
g__GGB4597,0.9234614453568397,2348.0,0.017943482341896085,0.017943482341896085,0.0074939052304560825,0.7906831570718431,0.7865866973557024,up,0.9783288818095964
g__GGB3124,0.9201445835149341,2396.0,0.01215118216049349,-0.01215118216049349,0.0,-1.8537015419393266,-1.8470438945394356,down,0.9783288818095964
g__GGB4689,0.741403859972898,2451.0,0.17751406723847132,0.17751406723847132,0.0,0.08934677035384411,-0.010573917006353921,up,0.9713065209366739
g__Herbaspirillum,0.682274983847722,2273.0,0.044830753908048714,-0.044830753908048714,0.0,-2.513442909766357,-2.5032021862336316,down,0.9713065209366739
g__GGB4711,0.7194193773294597,2285.0,0.04540082756428994,-0.04540082756428994,-0.00468178625258465,3.1505663003673003,3.160807021408075,down,0.9713065209366739
g__GGB4541,0.8574529080473072,2328.0,0.03849252269418081,0.03849252269418081,0.01175736207520647,1.2845179877296142,1.2740922430140602,up,0.9713065209366739
g__Epilithonimonas,0.7194193773294597,2285.0,0.04540082798573582,-0.04540082798573582,-0.019406007407243433,0.7562140056290474,0.7664547267562216,down,0.9713065209366739
g__GGB4559,0.8053324781427499,2312.0,0.10953776022060406,-0.10953776022060406,-0.01735054242084718,3.593868048349875,3.637350575744462,down,0.9713065209366739
g__GGB4703,0.5119447515077407,2214.0,0.2602984310566416,-0.2602984310566416,-0.15405790770502356,1.176017319694744,1.3085483347632,down,0.9713065209366739
g__GGB4611,0.4854373706570898,2204.0,0.14916096667608333,-0.14916096667608333,-0.007510861906075977,5.993637276753757,6.024922314462285,down,0.9713065209366739
g__GGB3623,0.4854373706570898,2204.0,0.1491609666483181,-0.1491609666483181,-0.011283235382356193,3.9845398119804694,4.015824849683095,down,0.9713065209366739
g__GGB9285,0.4854373706570898,2204.0,0.14916096663894804,-0.14916096663894804,-0.012055143778131022,3.7284050175237655,3.7596900552243993,down,0.9713065209366739
g__GGB1528,0.6220806418988096,2253.0,0.10203199884894201,-0.10203199884894201,-0.009183761975241062,3.392941720561454,3.4146090560269826,down,0.9713065209366739
g__GGB9548,0.4854373706570898,2204.0,0.14916096650677577,-0.14916096650677577,-0.019526836447725196,2.2958152466499366,2.327100284322475,down,0.9713065209366739
g__GGB1523,0.4854373706570898,2204.0,0.14916096646128787,-0.14916096646128787,-0.021712722412758907,2.0631212478616625,2.094406285524532,down,0.9713065209366739
g__GGB9778,0.4854373706570898,2204.0,0.14916096629329945,-0.14916096629329945,-0.029898350967571773,1.4940188019261662,1.525303839553327,down,0.9713065209366739
g__GGB9775,0.7988728301499053,2310.0,0.04593717387801565,-0.04593717387801565,0.0,-1.084488434252412,-1.0668352139392319,down,0.9713065209366739
g__GGB1525,0.4854373706570898,2204.0,0.14916096620020844,-0.14916096620020844,-0.03487777397150929,1.2785044896144422,1.309789527221815,down,0.9713065209366739
g__GGB79087,0.6579263983590454,2265.0,0.007758054946277859,-0.007758054946277859,-0.010582679532367037,0.33074087183975237,0.3331758933303201,down,0.9713065209366739
g__Salmonella,0.4854373706570898,2204.0,0.14916096586551966,-0.14916096586551966,-0.05898577816129419,0.7496445928656141,0.7809296304018436,down,0.9713065209366739
g__GGB6126,0.4854373706570898,2204.0,0.1491609658002049,-0.1491609658002049,-0.06559655093138468,0.6725422003995984,0.7038272379219442,down,0.9713065209366739
g__GGB1521,0.4854373706570898,2204.0,0.14916096555271904,-0.14916096555271904,-0.10252707151728421,0.4247656774872662,0.456050714957005,down,0.9713065209366739
g__GGB6518,0.6279960232666452,2255.0,0.08547854422918491,-0.08547854422918491,-0.06726387073750097,0.3825041925552625,0.4007602533202741,down,0.9713065209366739
g__GGB9551,0.6279960232666452,2255.0,0.019370005017161088,-0.019370005017161088,-0.049767865874036296,0.1459818598587088,0.15110558371359442,down,0.9713065209366739
g__GGB34231,0.4854373706570898,2204.0,0.1491609649333525,-0.1491609649333525,0.0,-0.013000361980309558,0.018284675357773242,down,0.9713065209366739
g__GGB3004,0.6161895690485215,2251.0,0.06497086966652245,-0.06497086966652245,0.0,-0.57904194004241,-0.5638362223841595,down,0.9713065209366739
g__Tetragenococcus,0.2611601263882116,2102.0,0.24011765146298955,-0.24011765146298955,0.0,-1.1581325851144872,-1.106344672574499,down,0.9713065209366739
g__GGB9454,0.5119447515077407,2214.0,0.2426184982591268,-0.2426184982591268,0.0,-3.1836001305142365,-3.11374796987862,down,0.9713065209366739
g__GGB6512,0.4854373706570898,2204.0,0.1491609555666927,-0.1491609555666927,0.0,-1.863255834804934,-1.8319707994578807,down,0.9713065209366739
g__GGB33539,0.6279960232666452,2255.0,0.006875341859838279,-0.006875341859838279,0.0,-3.3623686740299443,-3.3604387877424937,down,0.9713065209366739
g__GGB4661,0.7827847230108824,2305.0,0.04650857314742374,-0.04650857314742374,-0.02647283627042648,0.5529857679793607,0.5632264891279596,down,0.9713065209366739
g__Furfurilactobacillus,0.8053324781427499,2312.0,0.04031767524231335,0.04031767524231335,0.02091158082316881,0.8094368891446808,0.7977888823811515,up,0.9713065209366739
g__GGB4580,0.682274983847722,2273.0,0.044840847683320154,-0.044840847683320154,0.0,-0.14777426052793488,-0.13753353926105835,down,0.9713065209366739
g__GGB1627,0.682274983847722,2273.0,0.04484084886992451,-0.04484084886992451,0.0,-0.8585429974600581,-0.8483022759500597,down,0.9713065209366739
g__Loigolactobacillus,0.682274983847722,2273.0,0.04484085076976302,-0.04484085076976302,0.0,-1.4543617620472722,-1.444121040148018,down,0.9713065209366739
g__GGB1538,0.5336819479672524,2222.0,0.12768445591426755,-0.12768445591426755,-0.02033583140722088,3.057526027525497,3.1009292524564422,down,0.9713065209366739
g__GGB1568,0.5364315251064322,2223.0,0.13928396941690513,-0.13928396941690513,-0.017561938774414625,2.5544225885436758,2.5857076262246235,down,0.9713065209366739
g__GGB70869,0.4673337292145693,2197.0,0.2694816772673621,-0.2694816772673621,0.0,-3.448882163039246,-3.3507538273767676,down,0.9713065209366739
g__GGB51110,0.6279960232666452,2255.0,0.13927364291050698,-0.13927364291050698,0.0,-1.414830929508588,-1.3806214547676876,down,0.9713065209366739
g__GGB4571,0.9168291103690169,2346.0,0.06193271124010459,0.06193271124010459,0.012938268444586917,2.1511836420773767,2.1319778086697787,up,0.9783288818095964
g__GGB3475,0.7956481309005246,2309.0,0.04677907470864486,-0.04677907470864486,-0.020875059700492058,0.7026378721116922,0.7128785932440987,down,0.9713065209366739
g__GGB2657,0.7956481309005246,2309.0,0.046779074891166415,-0.046779074891166415,-0.03790711608253716,0.3846504571113414,0.394891178281298,down,0.9713065209366739
g__GGB3034,0.6518942799096743,2263.0,0.10695369589036187,-0.10695369589036187,0.0,-0.22384442050530212,-0.16825853362675244,down,0.9713065209366739
g__Tsuneonella,0.7956481309005246,2309.0,0.046779076320132555,-0.046779076320132555,0.0,-0.7571905117213117,-0.746949790257375,down,0.9713065209366739
g__GGB9289,0.7956481309005246,2309.0,0.04677907798124627,-0.04677907798124627,0.0,-1.3401694118334675,-1.3299286900277911,down,0.9713065209366739
g__Drancourtella,0.8280432935554788,2319.0,0.15155471175610932,0.15155471175610932,0.0,-0.7156957744971739,-0.8219849699414883,up,0.9713065209366739
g__GGB9694,0.9068915951679456,2343.0,0.04762024042509024,0.04762024042509024,0.0,-4.053924226433379,-4.067175967487391,up,0.9783288818095964
g__GGB32451,0.757238543280802,2297.0,0.046120231438467066,-0.046120231438467066,-0.0037898942583210835,3.893206332354393,3.903447053390623,down,0.9713065209366739
g__Fructilactobacillus,0.7256779331351564,2287.0,0.188857680062488,-0.188857680062488,0.0,-0.8724890675169564,-0.7354904856895662,down,0.9713065209366739
g__GGB1527,0.6518942799096743,2263.0,0.017577396243246526,0.017577396243246526,0.00254696362451068,3.3266309827216722,3.3207632606949855,up,0.9713065209366739
g__GGB1110,0.7892092446575114,2307.0,0.04785184742902454,-0.04785184742902454,-0.003613521276067811,4.083480217206542,4.093720938242056,down,0.9713065209366739
g__GGB32024,0.7892092446575114,2307.0,0.047851847432450835,-0.047851847432450835,-0.0037882543992640975,3.8948938375476096,3.9051345585838315,down,0.9713065209366739
g__GGB4671,0.7892092446575114,2307.0,0.047851847459120016,-0.047851847459120016,-0.004842830249534005,3.0456269450550724,3.0558676660968076,down,0.9713065209366739
g__GGB1582,0.7892092446575114,2307.0,0.047851847470260396,-0.047851847470260396,-0.005208905243509819,2.831224864512317,2.8414655855563553,down,0.9713065209366739
g__GGB4558,0.7288141248786871,2455.0,0.19429404817444926,0.19429404817444926,0.03613404452794031,2.7805094466605245,2.711733108786989,up,0.9713065209366739
g__GGB3480,0.9234614453568397,2395.0,0.1770120876295228,0.1770120876295228,0.0,-3.3456129916324677,-3.4918127948043645,up,0.9783288818095964
g__GGB9350,0.9533662144774582,2357.0,0.07630350727112246,0.07630350727112246,0.014290107370619662,2.316573146089504,2.2937404145413356,up,0.9784835374247453
g__GGB4694,0.7892092446575114,2307.0,0.04785184751329861,-0.04785184751329861,-0.006481751909316292,2.2742421539276445,2.28448287498058,down,0.9713065209366739
g__GGB4686,0.7892092446575114,2307.0,0.047851847539011824,-0.047851847539011824,-0.007199438644010972,2.0470213238971984,2.0572620449554497,down,0.9713065209366739
g__GGB3517,0.7892092446575114,2307.0,0.04785184754486775,-0.04785184754486775,-0.007361841024680601,2.001751221849539,2.0119919429090007,down,0.9713065209366739
g__GGB13283,0.7892092446575114,2307.0,0.04785184762395294,-0.04785184762395294,-0.009603714509654682,1.5332731489373137,1.543513870013125,down,0.9713065209366739
g__GGB9267,0.7892092446575114,2307.0,0.047851847686850635,-0.047851847686850635,-0.011560692004475412,1.2728582052313115,1.2830989263201258,down,0.9713065209366739
g__GGB1562,0.7892092446575114,2307.0,0.04785184771974312,-0.04785184771974312,-0.012684724013424789,1.1596139058075055,1.1698546269031196,down,0.9713065209366739
g__GGB74703,0.7892092446575114,2307.0,0.04785184779723059,-0.04785184779723059,-0.015720487593194075,0.9346967832408108,0.9449375043524441,down,0.9713065209366739
g__GGB9282,0.7892092446575114,2307.0,0.047851847804184125,-0.047851847804184125,-0.016025913705895845,0.9167858569401844,0.9270265780532552,down,0.9713065209366739
g__GGB74700,0.7892092446575114,2307.0,0.04785184801873152,-0.04785184801873152,-0.030458390536111508,0.4799606345971963,0.49020135575462065,down,0.9713065209366739
g__Gallalistipes,0.9433885646021108,2354.0,0.006145303382110822,-0.006145303382110822,-0.006480903414645112,0.29388931355276593,0.29521249877848893,down,0.9783288818095964
g__GGB3755,0.7892092446575114,2307.0,0.047851848248740635,-0.047851848248740635,-0.09043781081292346,0.15829663664518068,0.16853735785015508,down,0.9713065209366739
g__GGB4550,0.7892092446575114,2307.0,0.04785184915792041,-0.04785184915792041,0.0,-0.5775499348167985,-0.5673092134238683,down,0.9713065209366739
g__GGB9343,0.940064576558677,2353.0,0.015081224916957833,0.015081224916957833,0.0,-2.7644344998668418,-2.7678945995164623,up,0.9783288818095964
g__GGB35456,0.7194193773294597,2285.0,0.0453661079630034,-0.0453661079630034,-0.005694105062729302,2.5895378845020143,2.5997786055493157,down,0.9713065209366739
g__Plesiomonas,0.8378218779789235,2322.0,0.08259105798477243,0.08259105798477243,0.0,-1.1301049958424663,-1.164536217267954,up,0.9713065209366739
g__Coriobacteriales_unclassified,0.7194193773294597,2285.0,0.04536610838229824,-0.04536610838229824,-0.021126734589284997,0.6942069089800028,0.7044476301132585,down,0.9713065209366739
g__GGB3012,0.7194193773294597,2285.0,0.0453661087201229,-0.0453661087201229,-0.08312574463213077,0.17266240599106025,0.18290312719356902,down,0.9713065209366739
g__Pseudoxanthomonas,0.7194193773294597,2285.0,0.045399306787492384,-0.045399306787492384,-0.003286727435298954,4.490002564117168,4.500243285151542,down,0.9713065209366739
g__Hydrogenophaga,0.7194193773294597,2285.0,0.04539930681112573,-0.04539930681112573,-0.004405677749573212,3.3483361970735657,3.3585769181127847,down,0.9713065209366739
g__Hoeflea,0.7194193773294597,2285.0,0.045399306825828004,-0.045399306825828004,-0.004924238779830478,2.9951914575607055,3.0054321786029385,down,0.9713065209366739
g__Hyphomicrobium,0.7194193773294597,2285.0,0.04539930687064053,-0.04539930687064053,-0.006273814359748632,2.349788457584296,2.360029178635716,down,0.9713065209366739
g__Reyranella,0.7194193773294597,2285.0,0.04539930689782201,-0.04539930689782201,-0.007030385054018607,2.0963671977674285,2.106607918824421,down,0.9713065209366739
g__Roseicella,0.7194193773294597,2285.0,0.04539930689040309,-0.04539930689040309,-0.006825698899662475,2.1593854664035135,2.169626187458985,down,0.9713065209366739
g__Bosea,0.7194193773294597,2285.0,0.045399306943024395,-0.045399306943024395,-0.00827690882714963,1.7798791277809103,1.7901198488471695,down,0.9713065209366739
g__Glutamicibacter,0.7194193773294597,2285.0,0.04539930712193127,-0.04539930712193127,-0.013995823909393515,1.0505054829845049,1.0607462040874411,down,0.9713065209366739
g__Aeromicrobium,0.7194193773294597,2285.0,0.045399307674531146,-0.045399307674531146,-0.14731404050984243,0.09525752881521408,0.10549825003143712,down,0.9713065209366739
g__Nakamurella,0.7194193773294597,2285.0,0.045399307798832673,-0.045399307798832673,0.0,-0.034367604127946774,-0.02412688288624108,down,0.9713065209366739
g__Stenotrophomonas,0.7194193773294597,2285.0,0.04539930791663405,-0.04539930791663405,0.0,-0.14341695534781979,-0.133176234081964,down,0.9713065209366739
g__Afipia,0.7194193773294597,2285.0,0.04539930837064413,-0.04539930837064413,0.0,-0.47858567684665204,-0.4683449554877211,down,0.9713065209366739
g__Deinococcus,0.7194193773294597,2285.0,0.045399308287946104,-0.045399308287946104,0.0,-0.42531865080159675,-0.41507792945961947,down,0.9713065209366739
g__Alicycliphilus,0.7194193773294597,2285.0,0.0453993091823883,-0.0453993091823883,0.0,-0.8901483340365046,-0.8799076125111606,down,0.9713065209366739
g__Pedobacter,0.7194193773294597,2285.0,0.04539931078025496,-0.04539931078025496,0.0,-1.3994460130233863,-1.3892052911704686,down,0.9713065209366739
g__Ottowia,0.7194193773294597,2285.0,0.045399316142545415,-0.045399316142545415,0.0,-2.249291442117646,-2.239050719165422,down,0.9713065209366739
g__Planctomyces,0.7194193773294597,2285.0,0.04539932316714595,-0.04539932316714595,0.0,-2.808906963636148,-2.798666239243833,down,0.9713065209366739
g__Sphingomonas,0.7194193773294597,2285.0,0.0453993504850152,-0.0453993504850152,0.0,-3.789735180582751,-3.779494450590086,down,0.9713065209366739
g__Levyella,0.71006682683083,2282.0,0.045137311746266395,-0.045137311746266395,0.0,-0.12831418781026777,-0.11807346654791587,down,0.9713065209366739
g__Lapidilactobacillus,0.71006682683083,2282.0,0.08962346200841603,0.08962346200841603,0.01639223944554016,3.942328658921361,3.897788512977576,up,0.9713065209366739
g__GGB3609,0.6853426035606958,2274.0,0.08336515255767182,0.08336515255767182,0.05330420449995583,1.040154561479627,1.0024245944437067,up,0.9713065209366739
g__Lentilactobacillus,0.682274983847722,2273.0,0.044863275586104895,-0.044863275586104895,-0.00350839564353786,4.205990994816915,4.216231715852035,down,0.9713065209366739
g__GGB9580,0.7477250267908757,2294.0,0.08920007059039285,0.08920007059039285,0.1393152858225205,0.47087450450366863,0.4275304937090099,up,0.9713065209366739
g__GGB3451,0.682274983847722,2273.0,0.04486327558708057,-0.04486327558708057,-0.0035627907930813473,4.141697631156455,4.151938352191775,down,0.9713065209366739
g__GGB3583,0.682274983847722,2273.0,0.04486327586406523,-0.04486327586406523,-0.012089071030411689,1.2170019966241858,1.2272427177162577,down,0.9713065209366739
g__GGB42689,0.3472900312045083,2146.0,0.010952863361051982,0.010952863361051982,0.0,-1.7988107192846226,-1.8037533021467849,up,0.9713065209366739
g__GGB3446,0.682274983847722,2273.0,0.0448632761725168,-0.0448632761725168,-0.0294076095174776,0.4972920905504736,0.5075328117057446,down,0.9713065209366739
g__Cellulosilyticum,0.682274983847722,2273.0,0.04486327706227838,-0.04486327706227838,0.0,-0.411012255964663,-0.40077153462708726,down,0.9713065209366739
g__GGB3538,0.682274983847722,2273.0,0.0448632778934918,-0.0448632778934918,0.0,-0.8541084007833919,-0.8438676792755074,down,0.9713065209366739
g__Candidatus_Kuenenia,0.633935398910253,2257.0,0.06709713610196404,0.06709713610196404,0.0,-2.499031654475406,-2.528434100340794,up,0.9713065209366739
g__Cronobacter,0.7508920130684245,2295.0,0.045847989975086774,-0.045847989975086774,0.0,-3.0965888288748182,-3.086348103362433,down,0.9713065209366739
g__GGB4669,0.4596911377144557,2194.0,0.14222313082421095,-0.14222313082421095,0.0,-2.0774037656669737,-2.0461187308840736,down,0.9713065209366739
g__Ellagibacter,0.7956481309005246,2309.0,0.04689014362705182,-0.04689014362705182,-0.004338997309219924,3.399871056073443,3.410111777112304,down,0.9713065209366739
g__Bulleidia,0.7069589076056451,2281.0,0.04511941880658232,-0.04511941880658232,0.0,-2.424495463121388,-2.414254739801482,down,0.9713065209366739
g__GGB4269,0.7731757818719381,2302.0,0.04815519873247822,-0.04815519873247822,-0.0023722024052365916,6.222948856862018,6.23318957789452,down,0.9713065209366739
g__GGB9303,0.7731757818719381,2302.0,0.0481551987350686,-0.0481551987350686,-0.0027457041061056957,5.375736912521988,5.385977633555026,down,0.9713065209366739
g__GGB4745,0.7731757818719381,2302.0,0.04815519875135133,-0.04815519875135133,-0.0038320652447501346,3.8503062037893705,3.8605469248257807,down,0.9713065209366739
g__GGB1219,0.7731757818719381,2302.0,0.048155198752352794,-0.048155198752352794,-0.0038793618730776575,3.8033014470332107,3.8135421680698283,down,0.9713065209366739
g__GGB4548,0.7731757818719381,2302.0,0.0481551987588162,-0.0481551987588162,-0.004163181581610661,3.5436673681361235,3.5539080891740795,down,0.9713065209366739
g__Marseilla,0.9367416323295551,2352.0,0.04823326282102402,0.04823326282102402,0.006288142841826283,2.7699667857417936,2.7579198580076927,up,0.9783288818095964
g__GGB9211,0.7731757818719381,2302.0,0.048155198803275116,-0.048155198803275116,-0.005674102815626243,2.598684504213445,2.608925225260608,down,0.9713065209366739
g__GGB1102,0.7731757818719381,2302.0,0.04815519881486161,-0.04815519881486161,-0.006015616409197638,2.450863843639326,2.4611045646888883,down,0.9713065209366739
g__GGB1221,0.7731757818719381,2302.0,0.04815519887225786,-0.04815519887225786,-0.0076282354778392176,1.9316672431477229,1.9419079642091712,down,0.9713065209366739
g__GGB3254,0.7731757818719381,2302.0,0.048155198888849476,-0.048155198888849476,-0.008090725476709448,1.8209552193675014,1.8311959404323856,down,0.9713065209366739
g__GGB4598,0.7731757818719381,2302.0,0.04815519907350305,-0.04815519907350305,-0.014030894510163894,1.0478669590609455,1.0581076801640692,down,0.9713065209366739
g__GGB6566,0.7731757818719381,2302.0,0.048155199243117626,-0.048155199243117626,-0.022689977002378393,0.6460280358104065,0.6562687569486552,down,0.9713065209366739
g__GGB9262,0.7731757818719381,2302.0,0.04815519943032314,-0.04815519943032314,-0.0434791619542372,0.33470578190117684,0.3449465030781934,down,0.9713065209366739
g__GGB34797,0.7699804318123871,2301.0,0.046175053561283444,-0.046175053561283444,-0.003989929748364327,3.697763600853643,3.708004321890763,down,0.9713065209366739
g__GGB3677,0.7956481309005246,2309.0,0.04684618529788922,-0.04684618529788922,-0.009113969857199701,1.6159390540258576,1.6261797750982014,down,0.9713065209366739
g__Uruburuella,0.7194193773294597,2285.0,0.04546972232134023,-0.04546972232134023,-0.013461155873643828,1.0924335843718584,1.1026743054718862,down,0.9713065209366739
g__GGB3033,0.7194193773294597,2285.0,0.04546972447557424,-0.04546972447557424,0.0,-0.9227852603222804,-0.9125445387805727,down,0.9713065209366739
g__Soonwooa,0.7194193773294597,2285.0,0.04546972993621781,-0.04546972993621781,0.0,-2.0849884446479785,-2.074747721986682,down,0.9713065209366739
g__GGB3267,0.7256779331351564,2287.0,0.045547670910685914,-0.045547670910685914,-0.003331350250842415,4.429791283070079,4.440032004104594,down,0.9713065209366739
g__Leminorella,0.6579263983590454,2265.0,0.04404986029666402,-0.04404986029666402,-0.0036594426022963176,4.032173561102904,4.042414282138598,down,0.9713065209366739
g__Nakaseomyces,0.6579263983590454,2265.0,0.044049862778205065,-0.044049862778205065,0.0,-0.9275358626319395,-0.9172951410878053,down,0.9713065209366739
g__GGB41473,0.4985974065178759,2209.0,0.14085952181601247,-0.14085952181601247,0.0,-0.123001252790128,-0.09171621549522672,down,0.9713065209366739
g__GGB9530,0.4985974065178759,2209.0,0.14085952072428104,-0.14085952072428104,0.0,-0.6401895417052613,-0.6089045046911313,down,0.9713065209366739
g__GGB85099,0.4985974065178759,2209.0,0.14085951769542526,-0.14085951769542526,0.0,-1.3917474049676757,-1.3604623687325061,down,0.9713065209366739
g__GGB4715,0.7988728301499053,2310.0,0.047396349225496875,-0.047396349225496875,-0.0029245958301403994,5.046600755011363,5.0568414760447675,down,0.9713065209366739
g__GGB9261,0.7988728301499053,2310.0,0.04739634923397989,-0.04739634923397989,-0.003517401948273587,4.195208458381888,4.205449179417042,down,0.9713065209366739
g__GGB9710,0.7988728301499053,2310.0,0.0473963492478565,-0.0473963492478565,-0.004175026824150734,3.533598883637943,3.543839604675959,down,0.9713065209366739
g__GGB9088,0.7988728301499053,2310.0,0.0473963492546799,-0.0473963492546799,-0.004443304733159959,3.3199383569118663,3.3301790779512896,down,0.9713065209366739
g__GGB9673,0.7988728301499053,2310.0,0.04739634931072651,-0.04739634931072651,-0.0062133616675936025,2.3727003912987876,2.382941112349771,down,0.9713065209366739
g__GGB9172,0.7988728301499053,2310.0,0.047396349380933366,-0.047396349380933366,-0.00816915195851414,1.803424399912008,1.8136651209774721,down,0.9713065209366739
g__GGB4713,0.7988728301499053,2310.0,0.04739634940834312,-0.04739634940834312,-0.008943203946486353,1.6468921512759613,1.6571328723470788,down,0.9713065209366739
g__GGB9606,0.7988728301499053,2310.0,0.047396349419998964,-0.047396349419998964,-0.009279143143743571,1.5870835974112545,1.597324318484776,down,0.9713065209366739
g__GGB9696,0.7988728301499053,2310.0,0.04739634947237379,-0.04739634947237379,-0.010859847232977586,1.3553322286135534,1.3655729496978777,down,0.9713065209366739
g__GGB9263,0.7988728301499053,2310.0,0.04739634951074824,-0.04739634951074824,-0.012116757831891312,1.2142094787835376,1.2244501998757769,down,0.9713065209366739
g__GGB35597,0.7988728301499053,2310.0,0.047396351713554365,-0.047396351713554365,0.0,-0.9323091409313626,-0.9220684193847785,down,0.9713065209366739
g__GGB9539,0.7988728301499053,2310.0,0.04739635199218216,-0.04739635199218216,0.0,-1.0382014194344955,-1.0279606978304423,down,0.9713065209366739
g__GGB9543,0.7988728301499053,2310.0,0.04739635404625396,-0.04739635404625396,0.0,-1.5925120767616974,-1.5822713547339768,down,0.9713065209366739
g__GGB9297,0.7988728301499053,2310.0,0.047396354948018915,-0.047396354948018915,0.0,-1.763783762960035,-1.7535430407463188,down,0.9713065209366739
g__GGB33516,0.7988728301499053,2310.0,0.047396359055481015,-0.047396359055481015,0.0,-2.3043511991937335,-2.2941104761328233,down,0.9713065209366739
g__GGB1350,0.7859951622317407,2306.0,0.04646703618715331,-0.04646703618715331,-0.0922572147508712,0.15507602204830445,0.16531674325383655,down,0.9713065209366739
g__GGB4250,0.7859951622317407,2306.0,0.04646706150407487,-0.04646706150407487,0.0,-3.2789102198983153,-3.268669493489873,down,0.9713065209366739
g__GGB4243,0.5785110427843865,2238.0,0.1380326596091876,-0.1380326596091876,-0.006657740225533599,6.763662069222128,6.794947106931148,down,0.9713065209366739
g__GGB1552,0.5785110427843865,2238.0,0.13803265938295115,-0.13803265938295115,-0.025337687891596794,1.76573268028839,1.797017717935128,down,0.9713065209366739
g__Caulobacter,0.5785110427843865,2238.0,0.13803265102949547,-0.13803265102949547,0.0,-1.863255834804934,-1.8319707994578807,down,0.9713065209366739
g__GGB42184,0.7892092446575114,2307.0,0.04777437358077903,-0.04777437358077903,-0.00904547708032504,1.62821371055908,1.6384544316309324,down,0.9713065209366739
g__GGB9620,0.7892092446575114,2307.0,0.04777437546150338,-0.04777437546150338,0.0,-0.7491904696908046,-0.738949748230309,down,0.9713065209366739
g__Dellaglioa,0.6549075236507151,2264.0,0.133326605669918,-0.133326605669918,0.0,-0.7849283763049464,-0.7536433393991032,down,0.9713065209366739
g__GGB3400,0.682274983847722,2273.0,0.04477703769305261,-0.04477703769305261,-0.008326064040257314,1.769340949532114,1.7795816705987346,down,0.9713065209366739
g__GGB48159,0.682274983847722,2273.0,0.04477703830555881,-0.04477703830555881,-0.06138056926034045,0.23561488204957734,0.24585560324168926,down,0.9713065209366739
g__Berryella,0.682274983847722,2273.0,0.044777039185406604,-0.044777039185406604,0.0,-0.5189012115376918,-0.5086604901653152,down,0.9713065209366739
