feature,correlation,correlation_raw,p_value,direction,p_adj
s__Solobacterium_SGB6834,0.26559545605524465,-0.26559545605524465,0.00025833874224208284,negative,0.2388576227319662
s__Streptococcus_australis,0.2628850305240839,-0.2628850305240839,0.0003001335075058095,negative,0.2388576227319662
s__TM7_phylum_sp_oral_taxon_352,0.256638926699531,-0.256638926699531,0.00042148271238971936,negative,0.2388576227319662
s__Clostridium_transplantifaecale,0.2521485618733112,-0.2521485618733112,0.0005352551769904004,negative,0.2388576227319662
s__GGB9423_SGB14792,0.2345507064028059,-0.2345507064028059,0.0013110014093610336,negative,0.24110573268996754
s__GGB3490_SGB4664,0.23444896666110102,-0.23444896666110102,0.0013175636273014967,negative,0.24110573268996754
s__GGB9760_SGB15374,0.23380862856121645,0.23380862856121645,0.0013595601625761744,positive,0.24110573268996754
s__GGB9762_SGB15377,0.2302645729921911,-0.2302645729921911,0.001614963203839021,negative,0.24110573268996754
s__Luxibacter_massiliensis,0.22757751633370965,-0.22757751633370965,0.00183700639197114,negative,0.24110573268996754
s__Lachnoclostridium_sp_An138,0.22733124416803868,-0.22733124416803868,0.0018586888607501257,negative,0.24110573268996754
s__Lachnospiraceae_bacterium_oral_taxon_096,0.22669814912804298,-0.22669814912804298,0.001915502671964639,negative,0.24110573268996754
s__Alistipes_communis,0.22323290674392798,0.22323290674392798,0.002255458071628732,positive,0.24110573268996754
s__Aggregatibacter_segnis,0.21940059470602605,-0.21940059470602605,0.0026945611452329947,negative,0.24110573268996754
s__Barnesiella_intestinihominis,0.2139474268202924,0.2139474268202924,0.0034532906502422276,positive,0.24110573268996754
s__Odoribacter_splanchnicus,0.21319018596654965,0.21319018596654965,0.0035726746254897044,positive,0.24110573268996754
s__Ruminococcus_callidus,0.21286408657863334,0.21286408657863334,0.0036252236686489174,positive,0.24110573268996754
s__GGB44238_SGB61642,0.20832100469044496,-0.20832100469044496,0.004433423561164614,negative,0.24110573268996754
s__Desulfovibrio_desulfuricans,0.20683471328981046,-0.20683471328981046,0.004731016360803928,negative,0.24110573268996754
s__Tetragenococcus_halophilus,0.2060094601968133,-0.2060094601968133,0.004903885222706727,negative,0.24110573268996754
s__Anaerostipes_rhamnosivorans,0.20148181711759156,-0.20148181711759156,0.005957059263134178,negative,0.24110573268996754
s__Robinsoniella_peoriensis,0.20017700239273947,-0.20017700239273947,0.006295975428039257,negative,0.24110573268996754
s__Alloscardovia_omnicolens,0.1997701944507236,-0.1997701944507236,0.006405105465499474,negative,0.24110573268996754
s__Oscillospiraceae_unclassified_SGB15257,0.1989565450879932,-0.1989565450879932,0.00662845161938426,negative,0.24110573268996754
s__GGB8965_SGB13825,0.19795689069538747,-0.19795689069538747,0.006912347047677932,negative,0.24110573268996754
s__GGB9618_SGB15064,0.1967313293093435,-0.1967313293093435,0.007275147399191338,negative,0.24110573268996754
s__Senegalimassilia_SGB14826,0.19622640439111771,-0.19622640439111771,0.007429482910732601,negative,0.24110573268996754
s__Romboutsia_hominis,0.19586231308474175,-0.19586231308474175,0.007542571488461133,negative,0.24110573268996754
s__Schaalia_SGB17157,0.1933861531202025,-0.1933861531202025,0.008353124052809028,negative,0.24110573268996754
s__Enteroscipio_rubneri,0.19267014563880142,-0.19267014563880142,0.00860147832547181,negative,0.24110573268996754
s__Faecalicatena_orotica,0.19122892452619278,-0.19122892452619278,0.0091213117244629,negative,0.24110573268996754
s__Granulicatella_SGB8255,0.1908766999287236,-0.1908766999287236,0.00925250965473628,negative,0.24110573268996754
s__GGB9364_SGB14339,0.19008770184242238,-0.19008770184242238,0.0095524762153002,negative,0.24110573268996754
s__Lawsonibacter_hominis,0.18932970306728927,0.18932970306728927,0.009848724596186069,positive,0.24110573268996754
s__Olsenella_sp_KGMB02461,0.18916861727711387,-0.18916861727711387,0.009912717766504257,negative,0.24110573268996754
s__Collinsella_stercoris,0.18916336119056942,-0.18916336119056942,0.009914811981873889,negative,0.24110573268996754
s__Megamonas_funiformis,0.18898262624705514,0.18898262624705514,0.009987061566633343,positive,0.24110573268996754
s__GGB45596_SGB63306,0.18889425998317588,-0.18889425998317588,0.010022555354728029,negative,0.24110573268996754
s__GGB51111_SGB71327,0.1886200183812753,-0.1886200183812753,0.01013341958321751,negative,0.24110573268996754
s__GGB3649_SGB4958,0.18767250718449358,-0.18767250718449358,0.010524837350423508,negative,0.24110573268996754
s__GGB9595_SGB15019,0.18615941966860422,0.18615941966860422,0.011177581721726445,positive,0.24110573268996754
s__GGB74505_SGB47518,0.1840903953734781,-0.1840903953734781,0.01212776722404948,negative,0.24110573268996754
s__Eubacterium_ventriosum,0.18357772638665054,0.18357772638665054,0.0123739090879778,positive,0.24110573268996754
s__Methanosphaera_stadtmanae,0.18274937630990354,-0.18274937630990354,0.012780894146119697,negative,0.24110573268996754
s__Collinsella_sp_AF08_23,0.1825244026933828,-0.1825244026933828,0.012893437263887928,negative,0.24110573268996754
s__GGB9524_SGB14924,0.182276725780669,0.182276725780669,0.01301834246934309,positive,0.24110573268996754
s__GGB9758_SGB15368,0.18212242224364203,0.18212242224364203,0.013096694356147813,positive,0.24110573268996754
s__Actinomyces_naeslundii,0.18197245448592522,-0.18197245448592522,0.013173240652590549,negative,0.24110573268996754
s__Leuconostoc_carnosum,0.18080130572931905,-0.18080130572931905,0.013784632188507758,negative,0.24110573268996754
s__Vescimonas_coprocola,0.18076737134936885,0.18076737134936885,0.013802711896743747,positive,0.24110573268996754
s__Negativibacillus_massiliensis,0.18026705671099855,-0.18026705671099855,0.014071692036482309,negative,0.24110573268996754
s__Streptococcus_gallolyticus,0.18019923210258793,-0.18019923210258793,0.014108506911901884,negative,0.24110573268996754
s__Lactococcus_raffinolactis,0.17977030247981857,-0.17977030247981857,0.014343286048967578,negative,0.24110573268996754
s__Eggerthellaceae_bacterium_SWB101512,0.17935320505329733,-0.17935320505329733,0.01457485922003333,negative,0.24110573268996754
s__Roseburia_faecis,0.1787418974570834,0.1787418974570834,0.014920163602610458,positive,0.24110573268996754
s__GGB70869_SGB2145,0.17831918236413116,-0.17831918236413116,0.01516310015079686,negative,0.24110573268996754
s__GGB74802_SGB47402,0.17808884634559727,-0.17808884634559727,0.01529692400087844,negative,0.24110573268996754
s__GGB9778_SGB15398,0.1756795467645154,-0.1756795467645154,0.01675968941780139,negative,0.24110573268996754
s__Oscillibacter_valericigenes,0.175331174935637,0.175331174935637,0.016980970359647993,positive,0.24110573268996754
s__Peptoniphilus_harei,0.17476267638507204,-0.17476267638507204,0.017347534536163816,negative,0.24110573268996754
s__GGB1521_SGB2103,0.17462238503792285,-0.17462238503792285,0.017439045253393234,negative,0.24110573268996754
s__Collinsella_provencensis,0.17395252011794343,-0.17395252011794343,0.017881802410792392,negative,0.24110573268996754
s__GGB9359_SGB14334,0.17383966374500412,0.17383966374500412,0.01795735002903635,positive,0.24110573268996754
s__GGB9454_SGB14846,0.17336784722400198,-0.17336784722400198,0.01827620125362556,negative,0.24110573268996754
s__Oribacterium_sinus,0.17272610195449642,-0.17272610195449642,0.018717773100768796,negative,0.24110573268996754
s__GGB4604_SGB6370,0.17246017537341646,-0.17246017537341646,0.0189034467882224,negative,0.24110573268996754
s__GGB9529_SGB14929,0.1719990593018545,-0.1719990593018545,0.019229192475539104,negative,0.24110573268996754
s__Streptococcus_anginosus,0.17199078477443067,0.17199078477443067,0.01923508200496614,positive,0.24110573268996754
s__Caniella_SGB63087,0.1719422809193552,-0.1719422809193552,0.019269636868144296,negative,0.24110573268996754
s__GGB4611_SGB6385,0.17110999203551722,-0.17110999203551722,0.019871009430252273,negative,0.24110573268996754
s__GGB9548_SGB14955,0.17110999197189108,-0.17110999197189108,0.019871009476839892,negative,0.24110573268996754
s__Propionibacterium_freudenreichii,0.17110999195646454,-0.17110999195646454,0.01987100948813526,negative,0.24110573268996754
s__GGB1523_SGB2105,0.17110999195479765,-0.17110999195479765,0.01987100948935573,negative,0.24110573268996754
s__GGB9542_SGB14947,0.17110999193583765,-0.17110999193583765,0.01987100950323818,negative,0.24110573268996754
s__GGB1525_SGB2107,0.17110999185668882,-0.17110999185668882,0.019871009561191564,negative,0.24110573268996754
s__Salmonella_enterica,0.17110999173091937,-0.17110999173091937,0.01987100965328049,negative,0.24110573268996754
s__GGB6126_SGB8772,0.17110999170637556,-0.17110999170637556,0.01987100967125152,negative,0.24110573268996754
s__GGB34231_SGB47113,0.1711099913806286,-0.1711099913806286,0.019871009909765154,negative,0.24110573268996754
s__Leuconostoc_SGB48612,0.1711099906935883,-0.1711099906935883,0.019871010412819703,negative,0.24110573268996754
s__GGB6512_SGB9197,0.17110998786081225,-0.17110998786081225,0.019871012486993033,negative,0.24110573268996754
s__Alistipes_putredinis,0.17089738937134158,0.17089738937134158,0.020027207116770963,positive,0.24110573268996754
s__GGB4255_SGB53440,0.1694678791833548,-0.1694678791833548,0.021105316114901056,negative,0.24110573268996754
s__Levilactobacillus_brevis,0.16946787911374694,-0.16946787911374694,0.021105316168595463,negative,0.24110573268996754
s__GGB4672_SGB6461,0.16946787905463515,-0.16946787905463515,0.021105316214193332,negative,0.24110573268996754
s__GGB9328_SGB14291,0.16946787877347105,-0.16946787877347105,0.0211053164310787,negative,0.24110573268996754
s__Alkaliflexus_sp_Ai_910,0.16946787756958248,-0.16946787756958248,0.021105317359739067,negative,0.24110573268996754
s__Catenibacterium_mitsuokai,0.1694678772714792,-0.1694678772714792,0.021105317589690836,negative,0.24110573268996754
s__Lachnospiraceae_unclassified_SGB4708,0.16946787234489907,-0.16946787234489907,0.021105321389975475,negative,0.24110573268996754
s__GGB52002_SGB72669,0.16908356844819625,-0.16908356844819625,0.021403572007421424,negative,0.24110573268996754
s__Desulfovibrio_piger,0.16870336769801467,0.16870336769801467,0.021702213142439367,positive,0.24110573268996754
s__Citrobacter_amalonaticus,0.16840745383195976,-0.16840745383195976,0.021937131077705615,negative,0.24110573268996754
s__GGB1123_SGB1437,0.16820266063584374,-0.16820266063584374,0.022100992661967463,negative,0.24110573268996754
s__GGB28369_SGB40949,0.168202660632417,-0.168202660632417,0.022100992664718135,negative,0.24110573268996754
s__GGB3496_SGB4671,0.16820266063035855,-0.16820266063035855,0.022100992666370393,negative,0.24110573268996754
s__GGB9480_SGB14873,0.168202660508719,-0.168202660508719,0.02210099276401086,negative,0.24110573268996754
s__GGB9064_SGB13983,0.16820265989302033,-0.16820265989302033,0.02210099325823377,negative,0.24110573268996754
s__Eubacteriales_unclassified_SGB15150,0.16811574387928632,-0.16811574387928632,0.022170856051737728,negative,0.24110573268996754
s__Bacteroides_ilei,0.1681067633823835,-0.1681067633823835,0.022178085390238602,negative,0.24110573268996754
s__Bacteroides_cutis,0.1681067633396255,-0.1681067633396255,0.022178085424663634,negative,0.24110573268996754
s__Parabacteroides_sp_AM08_6,0.1681067632524098,-0.1681067632524098,0.022178085494882507,negative,0.24110573268996754
s__Bacteroides_sp_Marseille_P3684,0.16810676322249846,-0.16810676322249846,0.022178085518964767,negative,0.24110573268996754
s__GGB9082_SGB14007,0.16810676308966965,-0.16810676308966965,0.022178085625907614,negative,0.24110573268996754
s__GGB3478_SGB4643,0.16810676260303456,-0.16810676260303456,0.02217808601770604,negative,0.24110573268996754
s__Bacilliculturomica_massiliensis,0.16810676228617916,-0.16810676228617916,0.022178086272811728,negative,0.24110573268996754
s__Jutongia_huaianensis,0.16796480590178764,-0.16796480590178764,0.0222926321547969,negative,0.24110573268996754
s__Gordonibacter_pamelaeae,0.16742542975935307,0.16742542975935307,0.022732523770889457,positive,0.24110573268996754
s__GGB9278_SGB14230,0.16721901229033118,-0.16721901229033118,0.022902837137170104,negative,0.24110573268996754
s__GGB2998_SGB3988,0.1672011543108204,0.1672011543108204,0.022917623143106053,positive,0.24110573268996754
s__GGB9271_SGB14223,0.16716284959672412,-0.16716284959672412,0.022949366326575387,negative,0.24110573268996754
s__GGB1663_SGB2278,0.16656440850937917,-0.16656440850937917,0.02345023579095387,negative,0.24110573268996754
s__GGB9076_SGB13999,0.16656440846643866,-0.16656440846643866,0.023450235827228185,negative,0.24110573268996754
s__GGB9589_SGB15011,0.16656440832148645,-0.16656440832148645,0.02345023594967738,negative,0.24110573268996754
s__GGB3139_SGB4152,0.1665644082435244,-0.1665644082435244,0.023450236015536363,negative,0.24110573268996754
s__GGB25442_SGB37397,0.1665644075578853,-0.1665644075578853,0.023450236594734452,negative,0.24110573268996754
s__Mitsuokella_jalaludinii,0.16656440718536636,-0.16656440718536636,0.0234502369094223,negative,0.24110573268996754
s__GGB3722_SGB5050,0.16641374072614734,-0.16641374072614734,0.02357781106735076,negative,0.24110573268996754
s__GGB9275_SGB14227,0.16641374070705675,-0.16641374070705675,0.02357781108355318,negative,0.24110573268996754
s__GGB9197_SGB14136,0.16641374068379475,-0.16641374068379475,0.023577811103295893,negative,0.24110573268996754
s__GGB9636_SGB15108,0.16641374067666398,-0.16641374067666398,0.02357781110934786,negative,0.24110573268996754
s__GGB9511_SGB14908,0.16641374066605388,-0.16641374066605388,0.023577811118352554,negative,0.24110573268996754
s__GGB9291_SGB14248,0.1664137404663862,-0.1664137404663862,0.02357781128781283,negative,0.24110573268996754
s__GGB3528_SGB4713,0.16641374031873657,-0.16641374031873657,0.023577811413124584,negative,0.24110573268996754
s__GGB3152_SGB4165,0.16641373842308882,-0.16641373842308882,0.023577813021980868,negative,0.24110573268996754
s__GGB9243_SGB14185,0.16641373181035116,-0.16641373181035116,0.0235778186342818,negative,0.24110573268996754
s__Intestinimonas_timonensis,0.16638157373722756,-0.16638157373722756,0.023605125135152154,negative,0.24110573268996754
s__GGB3032_SGB4027,0.1661824910440727,-0.1661824910440727,0.023774779442359686,negative,0.24110573268996754
s__Lachnospira_SGB5083,0.16618248228451762,-0.16618248228451762,0.023774786930097457,negative,0.24110573268996754
s__GGB2982_SGB3964,0.16614354439219045,0.16614354439219045,0.02380809140770562,positive,0.24110573268996754
s__Collinsella_SGB62963,0.1660532857088713,-0.1660532857088713,0.0238854461260606,negative,0.24110573268996754
s__GGB9117_SGB14050,0.1659609786994922,-0.1659609786994922,0.023964779842244727,negative,0.24110573268996754
s__Ruminococcaceae_bacterium_Marseille_P2935,0.16596097801664964,-0.16596097801664964,0.02396478042995432,negative,0.24110573268996754
s__Aggregatibacter_kilianii,0.16596097622756406,-0.16596097622756406,0.023964781969786422,negative,0.24110573268996754
s__GGB9529_SGB53518,0.16596097446446997,-0.16596097446446997,0.02396478348724834,negative,0.24110573268996754
s__Faecalibacterium_prausnitzii,0.16595884369919672,0.16595884369919672,0.02396661745718121,positive,0.24110573268996754
s__GGB3003_SGB3994,0.16590527039216865,-0.16590527039216865,0.02401276820071803,negative,0.24110573268996754
s__GGB9445_SGB14835,0.16590527035061173,-0.16590527035061173,0.024012768236546876,negative,0.24110573268996754
s__Eubacterium_sulci,0.16564946632327182,-0.16564946632327182,0.024234185899083858,negative,0.24110573268996754
s__Bacteroidales_unclassified_SGB2124,0.16563846184216247,-0.16563846184216247,0.02424375035696503,negative,0.24110573268996754
s__Bifidobacterium_angulatum,0.16534926216008947,-0.16534926216008947,0.024496271861054162,negative,0.24110573268996754
s__Diaphorobacter_SGB61891,0.16534926166753527,-0.16534926166753527,0.024496272293056995,negative,0.24110573268996754
s__GGB9619_SGB15067,0.16534234837043876,-0.16534234837043876,0.02450233636044103,negative,0.24110573268996754
s__Actinomyces_SGB17132,0.16530196189662424,-0.16530196189662424,0.02453778754555505,negative,0.24110573268996754
s__Megasphaera_massiliensis,0.164954561701479,-0.164954561701479,0.02484455934640729,negative,0.24110573268996754
s__GGB12788_SGB19840,0.16495456131853597,-0.16495456131853597,0.024844559686372444,negative,0.24110573268996754
s__Megasphaera_SGB5856,0.16495456085029567,-0.16495456085029567,0.024844560102062138,negative,0.24110573268996754
s__Coprococcus_SGB5116,0.16486431822920905,-0.16486431822920905,0.024924785800910353,negative,0.24110573268996754
s__Collinsella_SGB53890,0.16486431818170708,-0.16486431818170708,0.02492478584319807,negative,0.24110573268996754
s__GGB9370_SGB14351,0.16486431731888712,-0.16486431731888712,0.02492478661130761,negative,0.24110573268996754
s__Firmicutes_bacterium_AM41_11,0.16434055514268714,-0.16434055514268714,0.02539481756040739,negative,0.24110573268996754
s__GGB1379_SGB1880,0.16434055507527318,-0.16434055507527318,0.02539481762139163,negative,0.24110573268996754
s__GGB79394_SGB105952,0.16434055393900576,-0.16434055393900576,0.025394818649287627,negative,0.24110573268996754
s__Christensenella_sp_Marseille_P3954,0.16434051397524962,-0.16434051397524962,0.02539485480152089,negative,0.24110573268996754
s__Clostridium_innocuum,0.16419118687657386,-0.16419118687657386,0.025530248697734452,negative,0.24110573268996754
s__Slackia_piriformis,0.16411356526235124,-0.16411356526235124,0.025600872034533744,negative,0.24110573268996754
s__GGB36599_SGB9269,0.16403970443090474,-0.16403970443090474,0.025668229215082303,negative,0.24110573268996754
s__Clostridiaceae_unclassified_SGB66046,0.1640397044141671,-0.1640397044141671,0.025668229230363344,negative,0.24110573268996754
s__GGB41473_SGB58537,0.16396573311380275,-0.16396573311380275,0.02573583946533362,negative,0.24110573268996754
s__GGB9530_SGB14930,0.16396573276755486,-0.16396573276755486,0.025735839782163664,negative,0.24110573268996754
s__GGB85099_SGB118991,0.16396573180693932,-0.16396573180693932,0.025735840661163054,negative,0.24110573268996754
s__GGB6133_SGB8780,0.1636971268422912,-0.1636971268422912,0.02598263325786611,negative,0.24110573268996754
s__GGB9724_SGB15278,0.16365486769542958,-0.16365486769542958,0.026021644858743778,negative,0.24110573268996754
s__GGB34476_SGB65958,0.16348715983788573,-0.16348715983788573,0.02617696016207681,negative,0.24110573268996754
s__Hungatella_effluvii,0.16348715972061872,-0.16348715972061872,0.026176960270955816,negative,0.24110573268996754
s__Pygmaiobacter_massiliensis,0.16348715960427881,-0.16348715960427881,0.026176960378974008,negative,0.24110573268996754
s__GGB3576_SGB4784,0.1634871592693724,-0.1634871592693724,0.026176960689924755,negative,0.24110573268996754
s__GGB9502_SGB14899,0.1632574351449318,0.1632574351449318,0.02639099894333245,positive,0.24110573268996754
s__Alistipes_SGB2302,0.16320814611515513,-0.16320814611515513,0.02643711734847419,negative,0.24110573268996754
s__GGB2964_SGB3946,0.16320814066905673,-0.16320814066905673,0.026437122448053494,negative,0.24110573268996754
s__GGB4596_SGB6358,0.16316323019988105,-0.16316323019988105,0.026479204069855898,negative,0.24110573268996754
s__GGB4602_SGB6365,0.1629723989852129,-0.1629723989852129,0.026658655743779052,negative,0.24110573268996754
s__GGB1568_SGB2155,0.16278565289019553,-0.16278565289019553,0.026835273413242426,negative,0.24110573268996754
s__Enorma_phocaeensis,0.16278565279826587,-0.16278565279826587,0.02683527350043243,negative,0.24110573268996754
s__Paeniclostridium_sordellii,0.16238569035298275,-0.16238569035298275,0.027216917211938984,negative,0.24110573268996754
s__Turicibacter_sp_1E2,0.16238568985040241,-0.16238568985040241,0.027216917694404,negative,0.24110573268996754
s__GGB9621_SGB15072,0.1621746213816413,-0.1621746213816413,0.027420184948929074,negative,0.24110573268996754
s__Pseudocitrobacter_vendiensis,0.16217462012193132,-0.16217462012193132,0.027420186165944837,negative,0.24110573268996754
s__Brevundimonas_vesicularis,0.16209825660905058,-0.16209825660905058,0.027494046536563038,negative,0.24110573268996754
s__Methylorubrum_suomiense,0.1620982542061932,-0.1620982542061932,0.02749404886333176,negative,0.24110573268996754
s__GGB6572_SGB9284,0.1618437513452396,-0.1618437513452396,0.027741439504059783,negative,0.24110573268996754
s__Actinomyces_sp_ICM47,0.16182751286200558,-0.16182751286200558,0.027757288597919982,negative,0.24110573268996754
s__Bifidobacterium_catenulatum,0.16176347260741344,-0.16176347260741344,0.027819868715034144,negative,0.24110573268996754
s__GGB3680_SGB4995,0.16162950526114694,-0.16162950526114694,0.027951171834930153,negative,0.24110573268996754
s__Segatella_hominis,0.1615674212412645,-0.1615674212412645,0.028012200622216828,negative,0.24110573268996754
s__Methanoculleus_SGB39516,0.16154048264023826,-0.16154048264023826,0.028038716768435938,negative,0.24110573268996754
s__Fructilactobacillus_sanfranciscensis,0.16152600127453598,-0.16152600127453598,0.028052979900853134,negative,0.24110573268996754
s__Parabacteroides_sp_AGMB00274,0.16152600119206195,-0.16152600119206195,0.02805297998210184,negative,0.24110573268996754
s__GGB29535_SGB42321,0.16139310972844412,-0.16139310972844412,0.028184158640752487,negative,0.24110573268996754
s__Streptococcus_mutans,0.16131139172705106,0.16131139172705106,0.028265083427337443,positive,0.24110573268996754
s__GGB4243_SGB5738,0.16126902670169616,-0.16126902670169616,0.028307115325849848,negative,0.24110573268996754
s__GGB1552_SGB2138,0.16126902663649598,-0.16126902663649598,0.02830711539057824,negative,0.24110573268996754
s__GGB12785_SGB19824,0.1612690262191586,-0.1612690262191586,0.028307115804897025,negative,0.24110573268996754
s__Caulobacter_sp_CCUG_60055,0.16126902422904538,-0.16126902422904538,0.028307117780615416,negative,0.24110573268996754
s__Raoultibacter_sp_Marseille_P8396,0.16126901777749802,-0.16126901777749802,0.02830712418549824,negative,0.24110573268996754
s__GGB3600_SGB4861,0.16110809571292373,-0.16110809571292373,0.02846726802315931,negative,0.24110573268996754
s__GGB96534_SGB136060,0.16110809517087887,-0.16110809517087887,0.028467268563883624,negative,0.24110573268996754
s__Enterobacter_chuandaensis,0.16074016924713203,-0.16074016924713203,0.02883632537411963,negative,0.24110573268996754
s__Enterobacter_soli,0.16074016911857741,-0.16074016911857741,0.028836325503779663,negative,0.24110573268996754
s__Citrobacter_sp_ku_bf4,0.16074016877744451,-0.16074016877744451,0.028836325847845914,negative,0.24110573268996754
s__GGB2731_SGB3673,0.16066273138432077,-0.16066273138432077,0.028914519516732354,negative,0.24110573268996754
s__Clostridium_sp_C5_48,0.1605763432263252,-0.1605763432263252,0.029001964921394598,negative,0.24110573268996754
s__Mediterraneibacter_butyricigenes,0.1604781257279196,0.1604781257279196,0.029101658589849574,positive,0.24110573268996754
s__Segatella_sinica,0.16027502192111878,-0.16027502192111878,0.02930874310140569,negative,0.24110573268996754
s__Fusobacterium_hominis,0.16025264996827226,-0.16025264996827226,0.029331630223206784,negative,0.24110573268996754
s__Leptogranulimonas_caecicola,0.15991707344685052,-0.15991707344685052,0.029676768422518037,negative,0.24110573268996754
s__Geobacillus_stearothermophilus,0.15991707291121712,-0.15991707291121712,0.029676768976165294,negative,0.24110573268996754
s__GGB55957_SGB77276,0.15986702410682502,-0.15986702410682502,0.029728539476587795,negative,0.24110573268996754
s__Lachnoclostridium_sp_An169,0.15970953212013694,-0.15970953212013694,0.029891952028659158,negative,0.24110573268996754
s__Clostridium_sp_NSJ_6,0.15969140417145705,-0.15969140417145705,0.029910810514544178,negative,0.24110573268996754
s__Lawsonibacter_SGB15145,0.15951512655248154,-0.15951512655248154,0.03009472142566835,negative,0.24110573268996754
s__Streptococcus_lutetiensis,0.15935584864346677,-0.15935584864346677,0.030261724535248592,negative,0.24110573268996754
s__Alistipes_SGB2313,0.1593148413812426,-0.1593148413812426,0.030304848320199775,negative,0.24110573268996754
s__Comamonas_denitrificans,0.15927969348565815,-0.15927969348565815,0.030341851981639797,negative,0.24110573268996754
s__Acinetobacter_junii,0.15927969348421103,-0.15927969348421103,0.030341851983163994,negative,0.24110573268996754
s__GGB1380_SGB1883,0.15927969346781287,-0.15927969346781287,0.030341852000437052,negative,0.24110573268996754
s__Acinetobacter_johnsonii,0.15927969346454657,-0.15927969346454657,0.030341852003877685,negative,0.24110573268996754
s__Comamonas_thiooxydans,0.15927969346366208,-0.15927969346366208,0.030341852004809572,negative,0.24110573268996754
s__Acinetobacter_baumannii,0.15927969345259546,-0.15927969345259546,0.03034185201646628,negative,0.24110573268996754
s__Acidovorax_temperans,0.15927969327595373,-0.15927969327595373,0.03034185220253136,negative,0.24110573268996754
s__Denitrificimonas_caeni,0.15927968864007216,-0.15927968864007216,0.030341857085719622,negative,0.24110573268996754
s__Vagococcus_fluvialis,0.15927968352339184,-0.15927968352339184,0.030341862475356803,negative,0.24110573268996754
s__Clostridium_cocleatum,0.15910480124273851,-0.15910480124273851,0.03052655121979621,negative,0.24110573268996754
s__Prevotella_multisaccharivorax,0.15910480122383475,-0.15910480122383475,0.030526551239811656,negative,0.24110573268996754
s__Selenomonas_felix,0.15910480101161673,-0.15910480101161673,0.03052655146450961,negative,0.24110573268996754
s__Mitsuokella_sp_oral_taxon_131,0.15910480099996596,-0.15910480099996596,0.030526551476845163,negative,0.24110573268996754
s__Dysgonomonas_capnocytophagoides,0.15910480096547464,-0.15910480096547464,0.030526551513365197,negative,0.24110573268996754
s__Enterococcus_canis,0.1591048006812139,-0.1591048006812139,0.030526551814342103,negative,0.24110573268996754
s__Hallella_seregens,0.159104800364102,-0.159104800364102,0.030526552150102332,negative,0.24110573268996754
s__Enterococcus_devriesei,0.1586143599396103,-0.1586143599396103,0.03104961010568124,negative,0.2420242812803977
s__Providencia_rettgeri,0.15861435992194534,-0.15861435992194534,0.0310496101246576,negative,0.2420242812803977
s__Schaalia_turicensis,0.15861435661521148,-0.15861435661521148,0.031049613676868947,negative,0.2420242812803977
s__Companilactobacillus_paralimentarius,0.15808388642078128,-0.15808388642078128,0.03162393290275274,negative,0.24385754918403238
s__Edwardsiella_tarda,0.15781341455830739,-0.15781341455830739,0.03192022370044711,negative,0.24385754918403238
s__Streptococcus_agalactiae,0.15781341455512604,-0.15781341455512604,0.03192022370394602,negative,0.24385754918403238
s__Mediterraneibacter_SGB4607,0.15777011015970965,-0.15777011015970965,0.03196788039675123,negative,0.24385754918403238
s__Pediococcus_acidilactici,0.1577701101592708,-0.1577701101592708,0.0319678803972345,negative,0.24385754918403238
s__Staphylococcus_xylosus,0.15690039778194367,-0.15690039778194367,0.032937886899835414,negative,0.25018777921789875
s__Candidatus_Nanosynbacter_SGB19887,0.15638327303418226,-0.15638327303418226,0.033526407646853586,negative,0.25153553768706044
s__Corynebacterium_pyruviciproducens,0.15612825479834322,-0.15612825479834322,0.03381990375619511,negative,0.25153553768706044
s__Corynebacterium_glucuronolyticum,0.1561282547078994,-0.1561282547078994,0.03381990386067031,negative,0.25153553768706044
s__Dellaglioa_algida,0.15612825442322362,-0.15612825442322362,0.03381990418951093,negative,0.25153553768706044
s__Leuconostoc_gelidum,0.1561282543909152,-0.1561282543909152,0.033819904226831655,negative,0.25153553768706044
s__GGB3730_SGB5060,0.1559456092576255,-0.1559456092576255,0.03403144396800443,negative,0.25205862026094566
s__GGB34900_SGB14891,0.15578404941134494,-0.15578404941134494,0.03421949667254358,negative,0.25240413867971195
s__GGB9711_SGB15240,0.15562925123293322,-0.15562925123293322,0.03440050443353302,negative,0.252695063431508
s__Alistipes_onderdonkii,0.15513639394401854,0.15513639394401854,0.03498222262961011,positive,0.25536597339469613
s__GGB9628_SGB15082,0.15507922781321576,-0.15507922781321576,0.03505023164240928,negative,0.25536597339469613
s__GGB6649_SGB9391,0.15473485062874998,0.15473485062874998,0.035462300630247,positive,0.2562088852139386
s__Guopingia_tenuis,0.15464673089649036,0.15464673089649036,0.03556839771434347,positive,0.2562088852139386
s__Desulfovibrio_intestinalis,0.15462340389128915,-0.15462340389128915,0.03559652858994777,negative,0.2562088852139386
s__Christensenellaceae_bacterium,0.15361640485774455,-0.15361640485774455,0.036828977599389426,negative,0.26167213348201956
s__GGB51110_SGB71326,0.15353524163592025,-0.15353524163592025,0.03692986274855962,negative,0.26167213348201956
s__Escherichia_marmotae,0.15327387640885287,-0.15327387640885287,0.037256324789940135,negative,0.26167213348201956
s__Erysipelatoclostridium_ramosum,0.1532683704636404,-0.1532683704636404,0.03726322819093867,negative,0.26167213348201956
s__GGB9770_SGB15389,0.15318248488981134,-0.15318248488981134,0.03737105213858937,negative,0.26167213348201956
s__Massiliimalia_timonensis,0.15315495768105392,0.15315495768105392,0.03740566650631463,positive,0.26167213348201956
s__Blautia_SGB4815,0.15307666075046203,0.15307666075046203,0.03750426976798611,positive,0.26167213348201956
s__Lachnospiraceae_bacterium_EP_SM_12S_S03,0.1530575831279427,-0.1530575831279427,0.03752832838733726,negative,0.26167213348201956
s__GGB79118_SGB105839,0.152831523163031,-0.152831523163031,0.03781440357062443,negative,0.26264089639519306
s__Gemmiger_formicilis,0.15221881633478587,0.15221881633478587,0.0385990395307614,positive,0.26705149442794224
s__Veillonella_rogosae,0.15172111002973115,-0.15172111002973115,0.039246464527100525,negative,0.2696971272038963
s__Gemmiger_sp_An87,0.15169276093663853,-0.15169276093663853,0.03928361516695409,negative,0.2696971272038963
s__Jilunia_laotingensis,0.15147623332460575,0.15147623332460575,0.039568346188014226,positive,0.2706111032398674
s__Klebsiella_michiganensis,0.15113449772642915,-0.15113449772642915,0.04002125778503417,negative,0.2726639127720839
s__Prevotella_sp_885,0.15029485004253001,-0.15029485004253001,0.04115262075546714,negative,0.27930581007037586
s__Lactobacillus_crispatus,0.14942884240931797,0.14942884240931797,0.042347529827083515,positive,0.2863270482626669
s__Haemophilus_sputorum,0.14903637903740605,-0.14903637903740605,0.0428985560034692,negative,0.28681645517712046
s__Bacteroides_cellulosilyticus,0.148807296758988,0.148807296758988,0.04322296144348235,positive,0.28681645517712046
s__Abiotrophia_sp_HMSC24B09,0.14796403145811707,-0.14796403145811707,0.04443488285467536,negative,0.28681645517712046
s__GGB1528_SGB2111,0.1475786845806393,-0.1475786845806393,0.04499808877165745,negative,0.28681645517712046
s__Oscillospiraceae_bacterium_Marseille_Q3528,0.14737212583993445,0.14737212583993445,0.04530243554812218,positive,0.28681645517712046
s__Bacteroides_caccae,0.1473627788538062,0.1473627788538062,0.045316248137317904,positive,0.28681645517712046
s__GGB3400_SGB4510,0.1472954329973886,-0.1472954329973886,0.04541587315973856,negative,0.28681645517712046
s__GGB9637_SGB15111,0.14723650619134432,-0.14723650619134432,0.04550319395663002,negative,0.28681645517712046
s__Klebsiella_grimontii,0.1470872058005465,-0.1470872058005465,0.045725063362398816,negative,0.28681645517712046
s__Oscillibacter_sp_ER4,0.14678363502736191,0.14678363502736191,0.046178976089261296,positive,0.28681645517712046
s__Solobacterium_SGB6829,0.14678292377165833,-0.14678292377165833,0.04618004399352233,negative,0.28681645517712046
s__GGB4386_SGB6036,0.14625022998903517,-0.14625022998903517,0.04698566173192776,negative,0.28681645517712046
s__Enterococcus_canintestini,0.14621773542622224,-0.14621773542622224,0.047035181897598914,negative,0.28681645517712046
s__GGB48159_SGB105302,0.14595462778148086,-0.14595462778148086,0.04743775125306391,negative,0.28681645517712046
s__GGB3883_SGB5266,0.1457920306479471,-0.1457920306479471,0.04768796743554159,negative,0.28681645517712046
s__Sutterella_SGB9293,0.14524986584757069,-0.14524986584757069,0.04853025365210624,negative,0.28681645517712046
s__GGB51960_SGB72480,0.1446939720060261,-0.1446939720060261,0.04940669720426752,negative,0.28681645517712046
s__GGB4664_SGB6452,0.1441610665063393,-0.1441610665063393,0.050259221371720605,negative,0.28681645517712046
s__Phocaeicola_coprocola,0.14388789200686045,0.14388789200686045,0.05070095564438773,positive,0.28681645517712046
s__Enterococcus_gilvus,0.1436282700155388,-0.1436282700155388,0.05112375981036952,negative,0.28681645517712046
s__Lentihominibacter_SGB71368,0.14347014406511374,-0.14347014406511374,0.0513827056196398,negative,0.28681645517712046
s__GGB9532_SGB14933,0.14341992889402125,-0.14341992889402125,0.05146516502845261,negative,0.28681645517712046
s__Collinsella_tanakaei,0.1434182159689135,-0.1434182159689135,0.05146797979584019,negative,0.28681645517712046
s__Blautia_stercoris,0.14300776769155676,0.14300776769155676,0.05214614334889423,positive,0.28681645517712046
s__GGB9285_SGB14238,0.14299335169805644,-0.14299335169805644,0.05217009628205338,negative,0.28681645517712046
s__Slackia_SGB14781,0.1427187114912832,-0.1427187114912832,0.052628171287433634,negative,0.28681645517712046
s__Klebsiella_spallanzanii,0.14261174579331667,-0.14261174579331667,0.05280748031937739,negative,0.28681645517712046
s__Megasphaera_cerevisiae,0.14224376857276486,-0.14224376857276486,0.05342820040148197,negative,0.28681645517712046
s__Haemophilus_parainfluenzae,0.1420630064139496,-0.1420630064139496,0.05373532437221076,negative,0.28681645517712046
s__GGB9707_SGB15229,0.14137046930399194,0.14137046930399194,0.05492553863124585,positive,0.28681645517712046
s__GGB9469_SGB14862,0.1413057264583125,-0.1413057264583125,0.05503791322752681,negative,0.28681645517712046
s__GGB45432_SGB63101,0.14120995690947533,0.14120995690947533,0.055204489605693546,positive,0.28681645517712046
s__Eubacterium_limosum,0.14086595894501075,-0.14086595894501075,0.05580626172939593,negative,0.28681645517712046
s__Anaerotruncus_rubiinfantis,0.14045624305875012,0.14045624305875012,0.05653005802812575,positive,0.28681645517712046
s__Gordonibacter_massiliensis,0.14013362569980792,-0.14013362569980792,0.05710542582759736,negative,0.28681645517712046
s__Butyricicoccus_faecihominis,0.14005011918075072,-0.14005011918075072,0.05725513899964448,negative,0.28681645517712046
s__Erysipelatoclostridium_sp_An15,0.1396480832637477,-0.1396480832637477,0.05798046013138964,negative,0.28681645517712046
s__GGB4964_SGB6927,0.13946145267214827,-0.13946145267214827,0.05831972883932959,negative,0.28681645517712046
s__Akkermansia_muciniphila,0.13880580876486354,0.13880580876486354,0.059524588873181884,positive,0.28681645517712046
s__GGB1456_SGB2019,0.13871046267742304,0.13871046267742304,0.059701497836556136,positive,0.28681645517712046
s__Acidaminococcus_fermentans,0.13849177222090006,-0.13849177222090006,0.060108899102154854,negative,0.28681645517712046
s__Enterococcus_faecalis,0.13832702702909427,0.13832702702909427,0.060417312527947215,positive,0.28681645517712046
s__Holdemania_sp_1001095H_141210_F2,0.1380838707306624,-0.1380838707306624,0.06087489239196026,negative,0.28681645517712046
s__Phascolarctobacterium_sp_ET69,0.13802861641400613,0.13802861641400613,0.06097926792971264,positive,0.28681645517712046
s__GGB9719_SGB15273,0.1379504528353898,-0.1379504528353898,0.061127170184643996,negative,0.28681645517712046
s__GGB3052_SGB4053,0.13751911074666054,-0.13751911074666054,0.0619486708373788,negative,0.28681645517712046
s__Oscillospiraceae_unclassified_SGB15252,0.13715728031266422,0.13715728031266422,0.06264475382355486,positive,0.28681645517712046
s__Raoultibacter_massiliensis,0.13659194563586458,0.13659194563586458,0.06374516520753337,positive,0.28681645517712046
s__Alistipes_provencensis,0.1364881217335261,0.1364881217335261,0.06394896710999921,positive,0.28681645517712046
s__Clostridia_bacterium_UC5_1_1E11,0.13624742955209276,-0.13624742955209276,0.06442348871148144,negative,0.28681645517712046
s__GGB12794_SGB19881,0.13610300470981368,-0.13610300470981368,0.0647096015278583,negative,0.28681645517712046
s__GGB3491_SGB4665,0.13590716106678424,-0.13590716106678424,0.06509923783034773,negative,0.28681645517712046
s__GGB3548_SGB4744,0.1354906331846056,-0.1354906331846056,0.06593431440100116,negative,0.28681645517712046
s__GGB4260_SGB5794,0.13545983448129498,-0.13545983448129498,0.06599640727665843,negative,0.28681645517712046
s__GGB4644_SGB6428,0.1351699136118004,0.1351699136118004,0.06658325855536229,positive,0.28681645517712046
s__Citrobacter_freundii,0.1344443095297367,-0.1344443095297367,0.06807070955254202,negative,0.28681645517712046
s__Pseudoramibacter_alactolyticus,0.13415260394955003,-0.13415260394955003,0.06867627826302576,negative,0.28681645517712046
s__Fusobacterium_varium,0.1338221455819046,-0.1338221455819046,0.06936759324352662,negative,0.28681645517712046
s__Porphyromonas_SGB1979,0.1335143254446213,-0.1335143254446213,0.07001663800308235,negative,0.28681645517712046
s__Coprococcus_catus,0.13244446978094532,0.13244446978094532,0.07231099186478115,positive,0.28681645517712046
s__Blautia_caecimuris,0.13226721844702274,-0.13226721844702274,0.07269694608468812,negative,0.28681645517712046
s__Veillonella_dispar,0.13156262758795773,-0.13156262758795773,0.07424771751743911,negative,0.28681645517712046
s__GGB36331_SGB53806,0.13149050802668277,-0.13149050802668277,0.07440795068643569,negative,0.28681645517712046
s__Clostridium_sp_chh4_2,0.1312778117721614,-0.1312778117721614,0.07488214561110887,negative,0.28681645517712046
s__GGB1551_SGB2136,0.13042051256873274,-0.13042051256873274,0.07681832179343097,negative,0.28681645517712046
s__Atopobium_sp_oral_taxon_416,0.13041302589222065,0.13041302589222065,0.07683540673649931,positive,0.28681645517712046
s__GGB45497_SGB63169,0.130352332059616,-0.130352332059616,0.07697402630348668,negative,0.28681645517712046
s__Acidaminococcus_intestini,0.13026372159929808,-0.13026372159929808,0.07717676801581738,negative,0.28681645517712046
s__Massiliimalia_massiliensis,0.12993783431974576,0.12993783431974576,0.0779261167623301,positive,0.28681645517712046
s__GGB9695_SGB15210,0.12944714680555774,-0.12944714680555774,0.07906548209870812,negative,0.28681645517712046
s__Mogibacterium_timidum,0.12943109046186896,-0.12943109046186896,0.07910299041812015,negative,0.28681645517712046
s__GGB45656_SGB63370,0.12910200785625972,-0.12910200785625972,0.0798749084238082,negative,0.28681645517712046
s__Staphylococcus_aureus,0.12903889457558912,-0.12903889457558912,0.08002364273683042,negative,0.28681645517712046
s__GGB3351_SGB4434,0.1286137763112227,-0.1286137763112227,0.0810313111296566,negative,0.28681645517712046
s__Amedibacillus_dolichus,0.12796575046763897,-0.12796575046763897,0.08258697325653129,negative,0.28681645517712046
s__GGB1093_SGB1404,0.12762573699324575,-0.12762573699324575,0.08341276832513086,negative,0.28681645517712046
s__GGB9621_SGB15073,0.1275127674804246,-0.1275127674804246,0.0836886022354697,negative,0.28681645517712046
s__Megasphaera_sp_NM10,0.12731219168866278,0.12731219168866278,0.08418014599115517,positive,0.28681645517712046
s__GGB6020_SGB8653,0.12726679052244363,-0.12726679052244363,0.08429172999191324,negative,0.28681645517712046
s__GGB9260_SGB14208,0.12726679030394802,-0.12726679030394802,0.08429173052920289,negative,0.28681645517712046
s__GGB4609_SGB6383,0.12726679029235413,-0.12726679029235413,0.08429173055771245,negative,0.28681645517712046
s__GGB4710_SGB6522,0.127266790073089,-0.127266790073089,0.08429173109689414,negative,0.28681645517712046
s__GGB4754_SGB6584,0.127266790059949,-0.127266790059949,0.08429173112920609,negative,0.28681645517712046
s__GGB4641_SGB6420,0.12726679000701996,-0.12726679000701996,0.08429173125936129,negative,0.28681645517712046
s__GGB6608_SGB9342,0.1272667900054281,-0.1272667900054281,0.08429173126327522,negative,0.28681645517712046
s__Agathobaculum_butyriciproducens,0.12692532652373276,-0.12692532652373276,0.08513476648948655,negative,0.28681645517712046
s__Anaerobutyricum_soehngenii,0.12654644289237574,0.12654644289237574,0.0860780876425136,positive,0.28681645517712046
s__Finegoldia_magna,0.1263525221610062,-0.1263525221610062,0.0865641295625136,negative,0.28681645517712046
s__GGB9525_SGB14925,0.12627016904942498,-0.12627016904942498,0.08677120275984464,negative,0.28681645517712046
s__GGB9474_SGB14868,0.12627016727589596,-0.12627016727589596,0.08677120722357097,negative,0.28681645517712046
s__Prevotella_melaninogenica,0.12627016231555446,-0.12627016231555446,0.08677121970806263,negative,0.28681645517712046
s__GGB6512_SGB9198,0.12627016219487577,-0.12627016219487577,0.08677122001179376,negative,0.28681645517712046
s__GGB9224_SGB14165,0.12627016192802107,-0.12627016192802107,0.08677122068343018,negative,0.28681645517712046
s__Puniceicoccaceae_bacterium_Marseille_Q1082,0.12627016163628685,-0.12627016163628685,0.08677122141768476,negative,0.28681645517712046
s__GGB52930_SGB73859,0.1262701615294833,-0.1262701615294833,0.08677122168649462,negative,0.28681645517712046
s__GGB6529_SGB9222,0.12627016139989436,-0.12627016139989436,0.08677122201265174,negative,0.28681645517712046
s__GGB6038_SGB8672,0.12627016138488406,-0.12627016138488406,0.08677122205043063,negative,0.28681645517712046
s__GGB6132_SGB8779,0.12627016129254326,-0.12627016129254326,0.08677122228283947,negative,0.28681645517712046
s__Prevotella_histicola,0.1262701611805869,-0.1262701611805869,0.08677122256461839,negative,0.28681645517712046
s__GGB4745_SGB6570,0.12627016112804887,-0.12627016112804887,0.08677122269684953,negative,0.28681645517712046
s__GGB6521_SGB9212,0.1262701611267711,-0.1262701611267711,0.08677122270006479,negative,0.28681645517712046
s__GGB6611_SGB9345,0.12627016110853087,-0.12627016110853087,0.08677122274597324,negative,0.28681645517712046
s__GGB3637_SGB4930,0.1262701610876222,-0.1262701610876222,0.08677122279859742,negative,0.28681645517712046
s__Prevotella_salivae,0.12627016107971997,-0.12627016107971997,0.08677122281848654,negative,0.28681645517712046
s__GGB532_SGB711,0.12627016106990155,-0.12627016106990155,0.08677122284319802,negative,0.28681645517712046
s__Oribacterium_SGB5283,0.12622242486112475,-0.12622242486112475,0.08689143488593751,negative,0.28681645517712046
s__Veillonella_denticariosi,0.12604590229390833,-0.12604590229390833,0.08733712267194574,negative,0.28681645517712046
s__GGB9102_SGB54310,0.1255710586188125,-0.1255710586188125,0.08854510163588136,negative,0.28681645517712046
s__Yanshouia_hominis,0.12557105654594633,-0.12557105654594633,0.08854510693815361,negative,0.28681645517712046
s__Methanomassiliicoccaceae_unclassified_SGB380,0.12557105487170786,-0.12557105487170786,0.08854511122075821,negative,0.28681645517712046
s__GGB9770_SGB73065,0.1255710539862757,-0.1255710539862757,0.0885451134856426,negative,0.28681645517712046
s__GGB9109_SGB14042,0.12557105361984522,-0.12557105361984522,0.08854511442295057,negative,0.28681645517712046
s__GGB3325_SGB4402,0.12557105360637638,-0.12557105360637638,0.08854511445740314,negative,0.28681645517712046
s__GGB9264_SGB14212,0.12557105357818296,-0.12557105357818296,0.08854511452952095,negative,0.28681645517712046
s__GGB4702_SGB6509,0.12557105350015185,-0.12557105350015185,0.08854511472912031,negative,0.28681645517712046
s__GGB31460_SGB6499,0.12557105349379502,-0.12557105349379502,0.08854511474538015,negative,0.28681645517712046
s__GGB35551_SGB53794,0.12502484063090263,-0.12502484063090263,0.08995113127601867,negative,0.28681645517712046
s__GGB9582_SGB15001,0.125024833206496,-0.125024833206496,0.08995115050774186,negative,0.28681645517712046
s__GGB6123_SGB8767,0.1250248325654128,-0.1250248325654128,0.08995115216836419,negative,0.28681645517712046
s__GGB9582_SGB15002,0.1250248325529603,-0.1250248325529603,0.08995115220062057,negative,0.28681645517712046
s__GGB9270_SGB14221,0.1250248325442705,-0.1250248325442705,0.08995115222313058,negative,0.28681645517712046
s__Ruminococcus_champanellensis,0.12502483252489202,-0.12502483252489202,0.0899511522733264,negative,0.28681645517712046
s__GGB1566_SGB2153,0.12502483251262614,-0.12502483251262614,0.08995115230509892,negative,0.28681645517712046
s__GGB1567_SGB2154,0.1250248324936645,-0.1250248324936645,0.08995115235421679,negative,0.28681645517712046
s__GGB9634_SGB15099,0.1250248324888889,-0.1250248324888889,0.08995115236658678,negative,0.28681645517712046
s__GGB45540_SGB63220,0.12488273078708899,-0.12488273078708899,0.09031984550190093,negative,0.28681645517712046
s__GGB48169_SGB66172,0.1248827303556578,-0.1248827303556578,0.09031984662310766,negative,0.28681645517712046
s__GGB3323_SGB4400,0.12488273032120172,-0.12488273032120172,0.09031984671265304,negative,0.28681645517712046
s__GGB9334_SGB14297,0.12488273015157801,-0.12488273015157801,0.09031984715347241,negative,0.28681645517712046
s__Flavonifractor_sp_An10,0.12479319326856593,-0.12479319326856593,0.09055277573199501,negative,0.28681645517712046
s__GGB4723_SGB6541,0.12479319293948785,-0.12479319293948785,0.09055277658896553,negative,0.28681645517712046
s__GGB9262_SGB14210,0.12479319266138458,-0.12479319266138458,0.09055277731318948,negative,0.28681645517712046
s__GGB6566_SGB9275,0.12479319255478698,-0.12479319255478698,0.09055277759078668,negative,0.28681645517712046
s__GGB4598_SGB6360,0.12479319245820544,-0.12479319245820544,0.09055277784230018,negative,0.28681645517712046
s__GGB3254_SGB4301,0.124793192353062,-0.124793192353062,0.09055277811610964,negative,0.28681645517712046
s__GGB1102_SGB1416,0.12479319231093398,-0.12479319231093398,0.09055277822581781,negative,0.28681645517712046
s__GGB9211_SGB14151,0.12479319230433641,-0.12479319230433641,0.09055277824299907,negative,0.28681645517712046
s__GGB4548_SGB6270,0.12479319227901932,-0.12479319227901932,0.09055277830892851,negative,0.28681645517712046
s__GGB4269_SGB5815,0.1247931922640262,-0.1247931922640262,0.09055277834797265,negative,0.28681645517712046
s__Candidatus_Nanogingivalis_gingivitcus,0.12477585340778771,-0.12477585340778771,0.09059794041312183,negative,0.28681645517712046
s__GGB3429_SGB4569,0.12477585300096516,-0.12477585300096516,0.09059794147297301,negative,0.28681645517712046
s__Citrobacter_sp_Marseille_Q6884,0.1247758529403692,-0.1247758529403692,0.09059794163083673,negative,0.28681645517712046
s__GGB73496_SGB47079,0.12477585274551219,-0.12477585274551219,0.09059794213847662,negative,0.28681645517712046
s__Microbacterium_lacticum,0.12477585233222008,-0.12477585233222008,0.09059794321518272,negative,0.28681645517712046
s__Prevotella_pectinovora,0.12477585220471964,-0.12477585220471964,0.09059794354734521,negative,0.28681645517712046
s__GGB1496_SGB2073,0.1247758521952876,-0.1247758521952876,0.09059794357191762,negative,0.28681645517712046
s__GGB9813_SGB15447,0.12463389752940997,0.12463389752940997,0.09096836534053417,positive,0.28681645517712046
s__Methanobrevibacter_woesei,0.12456610136557243,-0.12456610136557243,0.09114570084961575,negative,0.28681645517712046
s__Bacteroides_togonis,0.12456610131733388,-0.12456610131733388,0.09114570097589221,negative,0.28681645517712046
s__Clostridiaceae_bacterium_Marseille_Q4149,0.12449216040370471,-0.12449216040370471,0.09133942356414712,negative,0.28681645517712046
s__GGB1672_SGB2289,0.12427090904038306,-0.12427090904038306,0.0919210556182586,negative,0.28681645517712046
s__Cetobacterium_somerae,0.12427090901048536,-0.12427090901048536,0.09192105569705314,negative,0.28681645517712046
s__Fusobacterium_ulcerans,0.1242213002569099,-0.1242213002569099,0.09205187282338023,negative,0.28681645517712046
s__GGB3755_SGB5104,0.12419196882428138,-0.12419196882428138,0.09212928887647322,negative,0.28681645517712046
s__GGB74700_SGB54319,0.12419196869068472,-0.12419196869068472,0.09212928922920019,negative,0.28681645517712046
s__GGB74703_SGB54323,0.12419196856203032,-0.12419196856203032,0.09212928956887878,negative,0.28681645517712046
s__GGB1562_SGB2149,0.12419196851702304,-0.12419196851702304,0.09212928968770888,negative,0.28681645517712046
s__GGB9267_SGB14218,0.12419196849791739,-0.12419196849791739,0.09212928973815211,negative,0.28681645517712046
s__GGB3517_SGB4696,0.12419196841545,-0.12419196841545,0.09212928995588568,negative,0.28681645517712046
s__GGB4686_SGB6483,0.12419196841204778,-0.12419196841204778,0.09212928996486792,negative,0.28681645517712046
s__GGB4694_SGB6493,0.12419196839711456,-0.12419196839711456,0.09212929000429504,negative,0.28681645517712046
s__GGB4558_SGB6290,0.12419196837676139,-0.12419196837676139,0.09212929005803251,negative,0.28681645517712046
s__GGB1582_SGB2173,0.12419196837211564,-0.12419196837211564,0.09212929007029921,negative,0.28681645517712046
s__GGB4671_SGB6460,0.12419196836564353,-0.12419196836564353,0.09212929008738639,negative,0.28681645517712046
s__Bacteroides_pectinophilus,0.12419196836163438,-0.12419196836163438,0.09212929009797183,negative,0.28681645517712046
s__GGB32024_SGB48242,0.12419196835015472,-0.12419196835015472,0.09212929012828074,negative,0.28681645517712046
s__GGB1110_SGB1424,0.12419196834816502,-0.12419196834816502,0.09212929013353417,negative,0.28681645517712046
s__Prevotella_SGB1604,0.12419196834508169,-0.12419196834508169,0.09212929014167502,negative,0.28681645517712046
s__GGB33516_SGB54324,0.12402669766032003,-0.12402669766032003,0.09256646808168811,negative,0.28681645517712046
s__GGB9297_SGB14255,0.12402669526623375,-0.12402669526623375,0.09256647442652643,negative,0.28681645517712046
s__GGB9543_SGB14949,0.12402669474063142,-0.12402669474063142,0.09256647581948448,negative,0.28681645517712046
s__GGB35597_SGB49163,0.12402669338098837,-0.12402669338098837,0.09256647942282886,negative,0.28681645517712046
s__GGB9747_SGB15355,0.12402669242524358,-0.12402669242524358,0.09256648195575598,negative,0.28681645517712046
s__GGB9263_SGB14211,0.12402669209705644,-0.12402669209705644,0.09256648282552177,negative,0.28681645517712046
s__GGB9696_SGB15212,0.12402669207468892,-0.12402669207468892,0.09256648288480082,negative,0.28681645517712046
s__GGB9606_SGB15038,0.12402669204416168,-0.12402669204416168,0.09256648296570448,negative,0.28681645517712046
s__GGB4713_SGB6526,0.12402669203736642,-0.12402669203736642,0.0925664829837129,negative,0.28681645517712046
s__GGB9172_SGB14110,0.12402669202139098,-0.12402669202139098,0.09256648302605114,negative,0.28681645517712046
s__GGB9673_SGB15172,0.12402669198046805,-0.12402669198046805,0.09256648313450604,negative,0.28681645517712046
s__Alistipes_sp_An66,0.12402669196509963,-0.12402669196509963,0.09256648317523544,negative,0.28681645517712046
s__GGB9634_SGB15101,0.12402669195281742,-0.12402669195281742,0.09256648320778606,negative,0.28681645517712046
s__Mogibacterium_kristiansenii,0.1240266919387977,-0.1240266919387977,0.09256648324494107,negative,0.28681645517712046
s__GGB4715_SGB6529,0.1240266919307929,-0.1240266919307929,0.09256648326615603,negative,0.28681645517712046
s__GGB13493_SGB15238,0.12364666641730385,0.12364666641730385,0.09357800309076639,positive,0.28681645517712046
s__Macrococcus_caseolyticus,0.12362351451530873,-0.12362351451530873,0.09363990994165505,negative,0.28681645517712046
s__GGB9542_SGB14948,0.12362348404773373,-0.12362348404773373,0.09363999143165506,negative,0.28681645517712046
s__GGB6565_SGB9274,0.12362348377516957,-0.12362348377516957,0.09363999216066841,negative,0.28681645517712046
s__GGB3169_SGB4183,0.1236234837505901,-0.1236234837505901,0.09363999222640995,negative,0.28681645517712046
s__GGB33247_SGB47403,0.12362348374109744,-0.12362348374109744,0.09363999225179892,negative,0.28681645517712046
s__GGB4272_SGB5822,0.12362348370997256,-0.12362348370997256,0.09363999233504691,negative,0.28681645517712046
s__Prevotella_disiens,0.12336258172265407,-0.12336258172265407,0.09433988433355142,negative,0.28681645517712046
s__Parvimonas_parva,0.12336256571794693,-0.12336256571794693,0.09433992739476904,negative,0.28681645517712046
s__Acinetobacter_sp_A3_8,0.12329959658277861,-0.12329959658277861,0.09450946904163265,negative,0.28681645517712046
s__GGB3287_SGB4341,0.12329959575394203,-0.12329959575394203,0.09450947127483163,negative,0.28681645517712046
s__GGB3126_SGB4139,0.12329959511697029,-0.12329959511697029,0.09450947299107477,negative,0.28681645517712046
s__Lactococcus_carnosus,0.12327789591065058,-0.12327789591065058,0.09456795323767668,negative,0.28681645517712046
s__GGB3321_SGB4396,0.1232778957322551,-0.1232778957322551,0.09456795371857836,negative,0.28681645517712046
s__Odoribacter_laneus,0.12327789527026822,-0.12327789527026822,0.09456795496395794,negative,0.28681645517712046
s__Proteus_penneri,0.12327789506560526,-0.12327789506560526,0.09456795551566842,negative,0.28681645517712046
s__Mediterranea_SGB1823,0.12309182436184804,-0.12309182436184804,0.09507060522998304,negative,0.28681645517712046
s__Lactiplantibacillus_pentosus,0.1230855113956758,-0.1230855113956758,0.09508769617664546,negative,0.28681645517712046
s__Bifidobacterium_mongoliense,0.12308550025788995,-0.12308550025788995,0.09508772633187074,negative,0.28681645517712046
s__Weissella_paramesenteroides,0.12308549581564868,-0.12308549581564868,0.09508773835911025,negative,0.28681645517712046
s__Ellagibacter_isourolithinifaciens,0.12308549573157036,-0.12308549573157036,0.0950877385867495,negative,0.28681645517712046
s__Dysosmobacter_sp_Marseille_Q4140,0.12305858285593943,-0.12305858285593943,0.09516062660150021,negative,0.28681645517712046
s__GGB1154_SGB1482,0.12300799359490901,-0.12300799359490901,0.09529775738555571,negative,0.28681645517712046
s__Clostridium_sp_Marseille_P2538,0.12299903265310383,-0.12299903265310383,0.09532206389632952,negative,0.28681645517712046
s__GGB9289_SGB14244,0.12281806940686764,-0.12281806940686764,0.09581398046589715,negative,0.28681645517712046
s__Tsuneonella_sp_YG55,0.1228180684012426,-0.1228180684012426,0.09581398320510044,negative,0.28681645517712046
s__GGB3475_SGB4638,0.1228180674256617,-0.1228180674256617,0.0958139858624673,negative,0.28681645517712046
s__GGB9094_SGB14025,0.12281559328185696,-0.12281559328185696,0.09582072532445224,negative,0.28681645517712046
s__GGB13147_SGB19694,0.12281559251144927,-0.12281559251144927,0.09582072742306742,negative,0.28681645517712046
s__GGB1548_SGB2132,0.12281559243088098,-0.12281559243088098,0.09582072764253875,negative,0.28681645517712046
s__GGB13017_SGB20189,0.12281559242162074,-0.12281559242162074,0.09582072766776323,negative,0.28681645517712046
s__GGB6574_SGB9289,0.12269731223051829,-0.12269731223051829,0.09614335716592912,negative,0.28681645517712046
s__Barnesiella_sp_An22,0.12269731205462843,-0.12269731205462843,0.09614335764634,negative,0.28681645517712046
s__GGB4661_SGB6449,0.12266511400584994,-0.12266511400584994,0.09623133247606423,negative,0.28681645517712046
s__Haemophilus_paraphrohaemolyticus,0.12266511376921209,-0.12266511376921209,0.0962313331228649,negative,0.28681645517712046
s__Lachnoclostridium_sp_An131,0.12260259441779389,-0.12260259441779389,0.0964023373950929,negative,0.28681645517712046
s__Actinomyces_radicidentis,0.12256856526664925,-0.12256856526664925,0.09649551594895513,negative,0.28681645517712046
s__Actinomyces_haliotis,0.12256855924776265,-0.12256855924776265,0.09649553243617709,negative,0.28681645517712046
s__GGB9210_SGB14150,0.12256855922214423,-0.12256855922214423,0.09649553250635173,negative,0.28681645517712046
s__Methanobrevibacter_arboriphilus,0.12251295357487035,-0.12251295357487035,0.09664794556999481,negative,0.28681645517712046
s__Enterococcus_dispar,0.12247059031670421,-0.12247059031670421,0.09676418984724071,negative,0.28681645517712046
s__GGB4802_SGB6641,0.12239641193022115,-0.12239641193022115,0.09696800154796063,negative,0.28681645517712046
s__GGB6601_SGB9333,0.12239641107452126,-0.12239641107452126,0.09696800390103401,negative,0.28681645517712046
s__Acidaminococcus_massiliensis,0.12238346735098928,0.12238346735098928,0.09700360279274356,positive,0.28681645517712046
s__GGB38987_SGB53576,0.12234424389513426,-0.12234424389513426,0.0971115416570048,negative,0.28681645517712046
s__Succinatimonas_hippei,0.1223442313894195,-0.1223442313894195,0.09711157608661072,negative,0.28681645517712046
s__GGB9091_SGB14020,0.12229099705811042,-0.12229099705811042,0.09725822378597573,negative,0.28681645517712046
s__Leuconostoc_suionicum,0.12222845599870072,-0.12222845599870072,0.09743073351798207,negative,0.28681645517712046
s__GGB1350_SGB1808,0.12222845573809171,-0.12222845573809171,0.09743073423733699,negative,0.28681645517712046
s__Fusobacterium_perfoetens,0.12222845529880695,-0.12222845529880695,0.09743073544988676,negative,0.28681645517712046
s__Peptacetobacter_SGB6132,0.12222845522863172,-0.12222845522863172,0.09743073564358998,negative,0.28681645517712046
s__Enterococcus_hermanniensis,0.12218685416211282,-0.12218685416211282,0.09754561995832028,negative,0.28681645517712046
s__Lelliottia_amnigena,0.12218685333931215,-0.12218685333931215,0.09754562223160404,negative,0.28681645517712046
s__Streptococcus_parauberis,0.12218685300790873,-0.12218685300790873,0.09754562314722627,negative,0.28681645517712046
s__Enterococcus_viikkiensis,0.12218685269211807,-0.12218685269211807,0.09754562401971169,negative,0.28681645517712046
s__GGB70521_SGB94953,0.12205014375961544,-0.12205014375961544,0.09792391187102309,negative,0.28681645517712046
s__GGB9412_SGB14768,0.12205013985456337,-0.12205013985456337,0.09792392269328873,negative,0.28681645517712046
s__GGB3640_SGB4937,0.12182652950985781,-0.12182652950985781,0.09854518053034607,negative,0.28681645517712046
s__Clostridiales_bacterium_KA00274,0.12182652867893988,-0.12182652867893988,0.09854518284467524,negative,0.28681645517712046
s__Anaerococcus_tetradius,0.12182652845942053,-0.12182652845942053,0.0985451834560961,negative,0.28681645517712046
s__GGB9184_SGB14123,0.12182060431354763,-0.12182060431354763,0.09856168488661021,negative,0.28681645517712046
s__Wujia_chipingensis,0.1217381852694016,0.1217381852694016,0.09879148632980313,positive,0.28681645517712046
s__GGB3004_SGB3995,0.12171974341113974,-0.12171974341113974,0.09884296410186698,negative,0.28681645517712046
s__Rothia_sp_P100,0.12167498369009255,-0.12167498369009255,0.09896799269129154,negative,0.28681645517712046
s__Candidatus_Kaistella_beijingensis,0.12167497582789676,-0.12167497582789676,0.09896801466397673,negative,0.28681645517712046
s__Lactiplantibacillus_paraplantarum,0.12167497559305239,-0.12167497559305239,0.09896801532030262,negative,0.28681645517712046
s__Chryseobacterium_sp_VAUSW3,0.12167497554868117,-0.12167497554868117,0.09896801544430833,negative,0.28681645517712046
s__GGB9559_SGB14969,0.12147891536323638,-0.12147891536323638,0.09951715186748064,negative,0.28681645517712046
s__Prevotella_denticola,0.12147592532750624,-0.12147592532750624,0.099525545153292,negative,0.28681645517712046
s__Porphyromonas_somerae,0.121475924822148,-0.121475924822148,0.09952554657192256,negative,0.28681645517712046
s__Aggregatibacter_sp_2125159857,0.12147592385618303,-0.12147592385618303,0.09952554928355904,negative,0.28681645517712046
s__Aggregatibacter_aphrophilus,0.12147592343535522,-0.12147592343535522,0.09952555046489811,negative,0.28681645517712046
s__GGB13727_SGB8655,0.12147592332765474,-0.12147592332765474,0.09952555076723264,negative,0.28681645517712046
s__GGB6012_SGB8640,0.12147592322635295,-0.12147592322635295,0.09952555105160568,negative,0.28681645517712046
s__GGB1627_SGB2227,0.12147592321545606,-0.12147592321545606,0.09952555108219434,negative,0.28681645517712046
s__GGB1146_SGB1472,0.12147592321357603,-0.12147592321357603,0.09952555108747246,negative,0.28681645517712046
s__GGB1239_SGB1657,0.12147592321355344,-0.12147592321355344,0.0995255510875354,negative,0.28681645517712046
s__Peptostreptococcus_russellii,0.12139502042219716,-0.12139502042219716,0.09975286481889982,negative,0.28681645517712046
s__Bacteroides_sp_AF16_49,0.1213905898791068,-0.1213905898791068,0.09976532523077829,negative,0.28681645517712046
s__Enorma_burkinafasonensis,0.12131341915968946,-0.12131341915968946,0.09998255688254197,negative,0.28681645517712046
s__GGB12985_SGB20152,0.12131341879276253,-0.12131341879276253,0.09998255791631135,negative,0.28681645517712046
s__GGB1246_SGB1667,0.12131341875513095,-0.12131341875513095,0.0999825580223332,negative,0.28681645517712046
s__GGB4266_SGB5809,0.12131341870719335,-0.12131341870719335,0.0999825581573913,negative,0.28681645517712046
s__Segatella_brasiliensis,0.12131341867189116,-0.12131341867189116,0.09998255825685047,negative,0.28681645517712046
s__GGB3176_SGB4194,0.12131341866807835,-0.12131341866807835,0.09998255826759225,negative,0.28681645517712046
s__Gallibacter_intestinalis,0.12131341866508677,-0.12131341866508677,0.09998255827602061,negative,0.28681645517712046
s__GGB34797_SGB14322,0.12115267600729805,-0.12115267600729805,0.10043624172994144,negative,0.28681645517712046
s__Actinomyces_SGB17145,0.12104224435877009,-0.12104224435877009,0.10074886831947617,negative,0.28681645517712046
s__Staphylococcus_arlettae,0.12104224374258224,-0.12104224374258224,0.10074887006601753,negative,0.28681645517712046
s__Staphylococcus_nepalensis,0.12104224345261014,-0.12104224345261014,0.10074887088792295,negative,0.28681645517712046
s__Furfurilactobacillus_rossiae,0.12102852751059326,-0.12102852751059326,0.10078775368202582,negative,0.28681645517712046
s__GGB9597_SGB15022,0.12096741823051611,0.12096741823051611,0.10096113416170473,positive,0.28681645517712046
s__GGB9559_SGB69175,0.12094362279872713,-0.12094362279872713,0.10102871075725317,negative,0.28681645517712046
s__Staphylococcus_gallinarum,0.12087688040742181,-0.12087688040742181,0.10121844303726757,negative,0.28681645517712046
s__Firmicutes_unclassified_SGB47659,0.12082050378712411,-0.12082050378712411,0.10137892717215016,negative,0.28681645517712046
s__GGB1691_SGB2323,0.12082050370424809,-0.12082050370424809,0.10137892740821655,negative,0.28681645517712046
s__GGB32451_SGB47419,0.12081364663146033,-0.12081364663146033,0.1013984607508921,negative,0.28681645517712046
s__Duodenibacillus_massiliensis,0.12077067397546873,-0.12077067397546873,0.10152094214324862,negative,0.28681645517712046
s__Cronobacter_sakazakii,0.1207275861679379,-0.1207275861679379,0.10164386902528662,negative,0.28681645517712046
s__Agathobaculum_sp_Marseille_P7918,0.12072757213023708,-0.12072757213023708,0.10164390909313374,negative,0.28681645517712046
s__Lacrimispora_sp_210928_DFI_3_58,0.12065555089200462,-0.12065555089200462,0.10184964374594513,negative,0.28681645517712046
s__GGB70856_SGB95309,0.12065555083205891,-0.12065555083205891,0.10184964391732226,negative,0.28681645517712046
s__Oscillibacter_ruminantium,0.12065555068196844,-0.12065555068196844,0.10184964434641039,negative,0.28681645517712046
s__Collinsella_aerofaciens,0.12053706759313824,0.12053706759313824,0.10218881631141562,positive,0.28681645517712046
s__GGB45599_SGB63311,0.12046608053067824,-0.12046608053067824,0.10239245190255537,negative,0.28681645517712046
s__Extibacter_muris,0.12046608026047717,-0.12046608026047717,0.10239245267827114,negative,0.28681645517712046
s__Actinomyces_timonensis,0.12027494947804585,-0.12027494947804585,0.10294232810041642,negative,0.28681645517712046
s__Fusobacterium_gonidiaformans,0.12027494924414397,-0.12027494924414397,0.10294232877476414,negative,0.28681645517712046
s__Mobiluncus_SGB15488,0.12027494907716742,-0.12027494907716742,0.10294232925616424,negative,0.28681645517712046
s__Alterileibacterium_massiliense,0.12027494855550298,-0.12027494855550298,0.10294233076014339,negative,0.28681645517712046
s__Oscillibacter_sp_MSJ_31,0.12024800562227243,0.12024800562227243,0.10302003142721453,positive,0.28681645517712046
s__Oribacterium_SGB96486,0.12012177660701424,-0.12012177660701424,0.10338467917272319,negative,0.28681645517712046
s__Blautia_pseudococcoides,0.12012177638922401,-0.12012177638922401,0.10338467980274833,negative,0.28681645517712046
s__GGB3818_SGB5183,0.11997607945956532,-0.11997607945956532,0.10380683032752759,negative,0.28681645517712046
s__Streptococcus_pneumoniae,0.11996707925473869,-0.11996707925473869,0.10383295251595608,negative,0.28681645517712046
s__Streptococcus_salivarius,0.11995818434689212,-0.11995818434689212,0.10385877418008622,negative,0.28681645517712046
s__Prevotella_amnii,0.11995576952086358,-0.11995576952086358,0.10386578522461024,negative,0.28681645517712046
s__Bacteroidales_bacterium_KA00251,0.11995576320507766,-0.11995576320507766,0.10386580356192976,negative,0.28681645517712046
s__GGB4711_SGB6524,0.11993687349368148,-0.11993687349368148,0.1039206595660449,negative,0.28681645517712046
s__Methanothrix_SGB39499,0.11991629600459483,-0.11991629600459483,0.10398044288035115,negative,0.28681645517712046
s__Bacteroides_graminisolvens,0.11991629443281862,-0.11991629443281862,0.10398044744783157,negative,0.28681645517712046
s__Eubacterium_SGB4329,0.11983466089764966,-0.11983466089764966,0.104217882569499,negative,0.28681645517712046
s__Raoultella_ornithinolytica,0.11973910765736107,-0.11973910765736107,0.104496346187237,negative,0.28681645517712046
s__Streptococcus_parasanguinis,0.11973527475316864,-0.11973527475316864,0.10450752834419365,negative,0.28681645517712046
s__Desulfovibrio_sp_86,0.11968407436704151,-0.11968407436704151,0.10465699131111687,negative,0.28681645517712046
s__Soonwooa_buanensis,0.11968407374351483,-0.11968407374351483,0.10465699313232595,negative,0.28681645517712046
s__GGB3033_SGB4029,0.11968407013195512,-0.11968407013195512,0.10465700368104117,negative,0.28681645517712046
s__Uruburuella_suis,0.11968406870718751,-0.11968406870718751,0.10465700784253097,negative,0.28681645517712046
s__GGB31184_SGB44478,0.11966063963214896,-0.11966063963214896,0.10472545757115037,negative,0.28681645517712046
s__Ndongobacter_massiliensis,0.11966063878778092,-0.11966063878778092,0.10472546003866702,negative,0.28681645517712046
s__GGB1215_SGB1581,0.11966063546841052,-0.11966063546841052,0.10472546973894452,negative,0.28681645517712046
s__Pseudomonas_aeruginosa,0.11962905107644764,-0.11962905107644764,0.10481780161030323,negative,0.28681645517712046
s__Porphyromonas_gingivalis,0.11962904917859732,-0.11962904917859732,0.1048178071602877,negative,0.28681645517712046
s__Melissococcus_sp_OM08_11BH,0.11948076115649651,-0.11948076115649651,0.10525216045237312,negative,0.28681645517712046
s__Rothia_koreensis,0.11948076113241914,-0.11948076113241914,0.1052521605230135,negative,0.28681645517712046
s__Latilactobacillus_sakei,0.11948076113143007,-0.11948076113143007,0.10525216052591534,negative,0.28681645517712046
s__Culturomica_massiliensis,0.11948076084681503,-0.11948076084681503,0.10525216136094385,negative,0.28681645517712046
s__Lactococcus_taiwanensis,0.11948076080054464,-0.11948076080054464,0.10525216149669657,negative,0.28681645517712046
s__GGB12785_SGB19823,0.11941765079532644,-0.11941765079532644,0.10543744743547784,negative,0.28681645517712046
s__GGB51139_SGB71360,0.11937423322099211,-0.11937423322099211,0.10556506693552109,negative,0.28681645517712046
s__Clostridium_sp_MCC353,0.11935615469234005,-0.11935615469234005,0.1056182419079214,negative,0.28681645517712046
s__Dorea_sp_D27,0.11935615191032664,-0.11935615191032664,0.10561825009237084,negative,0.28681645517712046
s__Levyella_massiliensis,0.11932193736666573,-0.11932193736666573,0.10571894414597513,negative,0.28681645517712046
s__Porphyromonas_SGB1984,0.11932193681600299,-0.11932193681600299,0.10571894576719316,negative,0.28681645517712046
s__GGB3678_SGB4992,0.11931768972531827,-0.11931768972531827,0.10573145030373049,negative,0.28681645517712046
s__GGB3364_SGB4450,0.11931768970854222,-0.11931768970854222,0.10573145035312585,negative,0.28681645517712046
s__Anaerotignum_sp_MSJ_24,0.11926172509855343,0.11926172509855343,0.10589633339079771,positive,0.28681645517712046
s__Campylobacter_ureolyticus,0.11923571357712262,-0.11923571357712262,0.10597303740039092,negative,0.28681645517712046
s__Anaerococcus_degeneri,0.1192357134709617,-0.1192357134709617,0.10597303771353324,negative,0.28681645517712046
s__Peptoniphilus_coxii,0.11923570899362994,-0.11923570899362994,0.1059730509202617,negative,0.28681645517712046
s__Dialister_micraerophilus,0.11923570876448698,-0.11923570876448698,0.10597305159616138,negative,0.28681645517712046
s__GGB3012_SGB4003,0.1192357079759898,-0.1192357079759898,0.10597305392198222,negative,0.28681645517712046
s__Coriobacteriales_bacterium_DNF00809,0.11923570774994753,-0.11923570774994753,0.10597305458873603,negative,0.28681645517712046
s__GGB35456_SGB71664,0.1192357074693935,-0.1192357074693935,0.10597305541628331,negative,0.28681645517712046
s__Clostridium_porci,0.1192357074372844,-0.1192357074372844,0.10597305551099466,negative,0.28681645517712046
s__Sphingomonas_sp_G_3_2_10,0.11916328130175363,-0.11916328130175363,0.10618685941516791,negative,0.28681645517712046
s__Planctomyces_sp_SH_PL14,0.11916326298788027,-0.11916326298788027,0.10618691352108127,negative,0.28681645517712046
s__Deinococcus_cavernae,0.11916325903207968,-0.11916325903207968,0.10618692520797345,negative,0.28681645517712046
s__Ottowia_testudinis,0.11916325827859382,-0.11916325827859382,0.10618692743404884,negative,0.28681645517712046
s__Bosea_sp_WAO,0.1191632570227835,-0.1191632570227835,0.10618693114417546,negative,0.28681645517712046
s__Pedobacter_africanus,0.1191632546837168,-0.1191632546837168,0.10618693805464002,negative,0.28681645517712046
s__Alicycliphilus_denitrificans,0.11916325361250946,-0.11916325361250946,0.10618694121938095,negative,0.28681645517712046
s__Deinococcus_radiopugnans,0.11916325318347079,-0.11916325318347079,0.10618694248692015,negative,0.28681645517712046
s__Afipia_clevelandensis,0.11916325306831668,-0.11916325306831668,0.10618694282712796,negative,0.28681645517712046
s__Roseicella_sp_DB1501,0.11916325291285847,-0.11916325291285847,0.10618694328640876,negative,0.28681645517712046
s__Stenotrophomonas_acidaminiphila,0.11916325276394818,-0.11916325276394818,0.10618694372634434,negative,0.28681645517712046
s__Nakamurella_multipartita,0.11916325268497442,-0.11916325268497442,0.1061869439596623,negative,0.28681645517712046
s__Aeromicrobium_tamlense,0.11916325260164258,-0.11916325260164258,0.10618694420585484,negative,0.28681645517712046
s__Pseudoxanthomonas_beigongshangi,0.11916325238552077,-0.11916325238552077,0.10618694484435866,negative,0.28681645517712046
s__Lactobacillus_iners,0.11916325231209897,-0.11916325231209897,0.10618694506127385,negative,0.28681645517712046
s__Glutamicibacter_soli,0.11916325223117995,-0.11916325223117995,0.10618694530033905,negative,0.28681645517712046
s__Bosea_sp_AS_1,0.11916325211378029,-0.11916325211378029,0.10618694564718024,negative,0.28681645517712046
s__Roseicella_frigidaeris,0.11916325208294448,-0.11916325208294448,0.10618694573828105,negative,0.28681645517712046
s__Reyranella_massiliensis,0.11916325208093664,-0.11916325208093664,0.10618694574421232,negative,0.28681645517712046
s__Hyphomicrobium_zavarzinii,0.11916325206271568,-0.11916325206271568,0.10618694579804402,negative,0.28681645517712046
s__Hoeflea_sp_108,0.11916325203267347,-0.11916325203267347,0.10618694588679961,negative,0.28681645517712046
s__Hydrogenophaga_borbori,0.11916325202281555,-0.11916325202281555,0.10618694591592387,negative,0.28681645517712046
s__Pseudoxanthomonas_japonensis,0.11916325200711858,-0.11916325200711858,0.10618694596229847,negative,0.28681645517712046
s__Veillonella_seminalis,0.11916325200100751,-0.11916325200100751,0.10618694598035223,negative,0.28681645517712046
s__Lachnospira_pectinoschiza,0.11909773759995362,-0.11909773759995362,0.10638063844888684,negative,0.28681645517712046
s__GGB3385_SGB4471,0.11904880962656249,-0.11904880962656249,0.10652547447684785,negative,0.28681645517712046
s__Loigolactobacillus_coryniformis,0.1188852195382178,-0.1188852195382178,0.10701085787909954,negative,0.28681645517712046
s__Furfurilactobacillus_siliginis,0.11888521829198254,-0.11888521829198254,0.10701086158337603,negative,0.28681645517712046
s__GGB1627_SGB2230,0.1188852182562109,-0.1188852182562109,0.10701086168970275,negative,0.28681645517712046
s__Lactococcus_plantarum,0.11888521776195245,-0.11888521776195245,0.10701086315882438,negative,0.28681645517712046
s__Lactococcus_SGB96887,0.1188852176605451,-0.1188852176605451,0.1070108634602447,negative,0.28681645517712046
s__GGB4580_SGB6330,0.11888521745549002,-0.11888521745549002,0.10701086406974465,negative,0.28681645517712046
s__Blautia_SGB4833,0.11888521734793572,-0.11888521734793572,0.10701086438943645,negative,0.28681645517712046
s__Leuconostoc_holzapfelii,0.1188852168234652,-0.1188852168234652,0.10701086594835889,negative,0.28681645517712046
s__Bacteroides_fluxus,0.11888521674022226,-0.11888521674022226,0.10701086619578797,negative,0.28681645517712046
s__Mammaliicoccus_sciuri,0.1188350807930344,-0.1188350807930344,0.10715997053614361,negative,0.28681645517712046
s__Bulleidia_extructa,0.11882146377808729,-0.11882146377808729,0.10720049572249901,negative,0.28681645517712046
s__Lachnoclostridium_edouardi,0.11882145628493263,-0.11882145628493263,0.10720051802596464,negative,0.28681645517712046
s__Parabacteroides_goldsteinii,0.11874982801760953,0.11874982801760953,0.10741388706673351,positive,0.28681645517712046
s__Faecalicatena_SGB4872,0.11871603565472323,-0.11871603565472323,0.10751466480492136,negative,0.28681645517712046
s__GGB3569_SGB4776,0.11863310327414948,-0.11863310327414948,0.10776230581665651,negative,0.28681645517712046
s__GGB9476_SGB14870,0.11863310276574043,-0.11863310276574043,0.10776230733616732,negative,0.28681645517712046
s__GGB6123_SGB8768,0.11863310257175962,-0.11863310257175962,0.10776230791592947,negative,0.28681645517712046
s__Peptidiphaga_gingivicola,0.11858791039762537,-0.11858791039762537,0.10789744285183542,negative,0.28681645517712046
s__GGB1538_SGB2121,0.11857745857806629,-0.11857745857806629,0.10792871511921132,negative,0.28681645517712046
s__Coriobacteriaceae_bacterium,0.11848855372460117,-0.11848855372460117,0.10819500983957381,negative,0.28681645517712046
s__Herbaspirillum_huttiense,0.11848726093131008,-0.11848726093131008,0.10819888591527407,negative,0.28681645517712046
s__Bradyrhizobium_diazoefficiens,0.1184872603888034,-0.1184872603888034,0.10819888754185031,negative,0.28681645517712046
s__Parabacteroides_SGB1944,0.11848725268827216,-0.11848725268827216,0.10819891063004584,negative,0.28681645517712046
s__Kocuria_salsicia,0.11839197086168755,-0.11839197086168755,0.10848488651752111,negative,0.28681645517712046
s__Mogibacterium_SGB3923,0.11839196501720342,-0.11839196501720342,0.10848490407714824,negative,0.28681645517712046
s__Lachnoanaerobaculum_sp_ICM7,0.118391964189413,-0.118391964189413,0.10848490656422609,negative,0.28681645517712046
s__Neisseria_elongata,0.11839196354816678,-0.11839196354816678,0.10848490849083736,negative,0.28681645517712046
s__GGB3887_SGB5270,0.11839196036573188,-0.11839196036573188,0.10848491805239532,negative,0.28681645517712046
s__Lachnoanaerobaculum_saburreum,0.11839195921686291,-0.11839195921686291,0.10848492150414778,negative,0.28681645517712046
s__Anaerococcus_prevotii,0.11829667042544348,-0.11829667042544348,0.10877151124987872,negative,0.28681645517712046
s__Selenomonas_SGB5883,0.11829666676157141,-0.11829666676157141,0.10877152228071722,negative,0.28681645517712046
s__Anaerococcus_lactolyticus,0.11829666353636654,-0.11829666353636654,0.10877153199085904,negative,0.28681645517712046
s__Lachnospiraceae_bacterium_OM04_12BH,0.11827107635740064,0.11827107635740064,0.10884858885505529,positive,0.28681645517712046
s__Limosilactobacillus_ingluviei,0.11819564247993382,-0.11819564247993382,0.10907601039066703,negative,0.28681645517712046
s__Berryella_intestinalis,0.11819563543213304,-0.11819563543213304,0.10907603165609926,negative,0.28681645517712046
s__Lachnoclostridium_phytofermentans,0.11819563513973454,-0.11819563513973454,0.10907603253835732,negative,0.28681645517712046
s__Clostridium_SGB29100,0.1181956346681089,-0.1181956346681089,0.10907603396140172,negative,0.28681645517712046
s__Lactobacillus_panisapium,0.11819563440344696,-0.11819563440344696,0.10907603475996934,negative,0.28681645517712046
s__Enterococcus_cecorum,0.1181956343289826,-0.1181956343289826,0.10907603498465232,negative,0.28681645517712046
s__Enterococcus_sp_CU9D,0.1181956342929652,-0.1181956342929652,0.10907603509332722,negative,0.28681645517712046
s__Enterococcus_pallens,0.1180762025837638,-0.1180762025837638,0.10943686532227656,negative,0.28681645517712046
s__Bacillus_sp_AP8,0.11807619132203064,-0.11807619132203064,0.10943689939059714,negative,0.28681645517712046
s__GGB3538_SGB4728,0.11807619127842883,-0.11807619127842883,0.10943689952249872,negative,0.28681645517712046
s__Roseburia_porci,0.11807619124382406,-0.11807619124382406,0.10943689962718373,negative,0.28681645517712046
s__Anaerostipes_butyraticus,0.11807619070907867,-0.11807619070907867,0.10943690124486342,negative,0.28681645517712046
s__Cellulosilyticum_lentocellum,0.1180761907061543,-0.1180761907061543,0.10943690125370967,negative,0.28681645517712046
s__Anaerofilum_sp_An201,0.11807619024958971,-0.11807619024958971,0.1094369026348819,negative,0.28681645517712046
s__Enterococcus_pseudoavium,0.11807618991160257,-0.11807618991160257,0.10943690365733982,negative,0.28681645517712046
s__GGB3583_SGB4799,0.11807618988120744,-0.11807618988120744,0.10943690374928995,negative,0.28681645517712046
s__Gemmiger_sp_An50,0.11807618974571125,-0.11807618974571125,0.1094369041591853,negative,0.28681645517712046
s__GGB3451_SGB4605,0.11807618969051113,-0.11807618969051113,0.109436904326173,negative,0.28681645517712046
s__Lentilactobacillus_buchneri,0.11807618968983746,-0.11807618968983746,0.1094369043282105,negative,0.28681645517712046
s__Lactobacillus_equicursoris,0.11807618968733989,-0.11807618968733989,0.10943690433576626,negative,0.28681645517712046
s__Bacteroides_sp_OF04_15BH,0.11797430643828392,-0.11797430643828392,0.10974545593369632,negative,0.28681645517712046
s__GGB1339_SGB1796,0.11797430643009361,-0.11797430643009361,0.10974545595852844,negative,0.28681645517712046
s__GGB9774_SGB15394,0.11759902844605863,-0.11759902844605863,0.11088786376236548,negative,0.28937841639740114
s__Bacteroides_faecalis,0.1174548254501361,-0.1174548254501361,0.11132930990920632,negative,0.2897952924303286
s__Vescimonas_fastidiosa,0.11744080346023592,-0.11744080346023592,0.1113723084634204,negative,0.2897952924303286
s__Blautia_argi,0.1173296896645856,-0.1173296896645856,0.11171349965365764,negative,0.2899336703539806
s__Massilimicrobiota_timonensis,0.11731770645745647,-0.11731770645745647,0.11175034465184239,negative,0.2899336703539806
s__GGB9575_SGB14988,0.11710562912217927,-0.11710562912217927,0.1124039973509943,negative,0.2912062921212261
s__GGB52130_SGB14966,0.11699393628040242,0.11699393628040242,0.11274945056979212,positive,0.2916779264740274
s__Gemmiger_SGB72777,0.11670322233561578,-0.11670322233561578,0.11365248736002825,negative,0.2918988395120531
s__Actinomyces_urogenitalis,0.11670322196297091,-0.11670322196297091,0.11365248852117368,negative,0.2918988395120531
s__Proteus_terrae,0.11670322195919637,-0.11670322195919637,0.11365248853293541,negative,0.2918988395120531
s__GGB12785_SGB19825,0.11670322190173539,-0.11670322190173539,0.11365248871198194,negative,0.2918988395120531
s__Pseudocitrobacter_corydidari,0.11670322170216837,-0.11670322170216837,0.11365248933382459,negative,0.2918988395120531
s__Butyricimonas_faecihominis,0.11647777927604946,0.11647777927604946,0.11435665629018232,positive,0.2932036955327759
s__Candida_glabrata,0.1162917204472759,-0.1162917204472759,0.11494037030972523,negative,0.2932036955327759
s__Phytobacter_massiliensis,0.11629171935830467,-0.11629171935830467,0.11494037373289537,negative,0.2932036955327759
s__Leminorella_grimontii,0.11629171866723666,-0.11629171866723666,0.11494037590526085,negative,0.2932036955327759
s__Bacteroides_oleiciplenus,0.11627852961859944,-0.11627852961859944,0.11498184138540232,negative,0.2932036955327759
s__Citrobacter_braakii,0.11612743438639014,-0.11612743438639014,0.11545770770107304,negative,0.29375707917224814
s__Lactobacillus_amylovorus,0.11610515848804284,-0.11610515848804284,0.11552799416185892,negative,0.29375707917224814
s__Escherichia_fergusonii,0.11582323236125158,-0.11582323236125158,0.11642043306450663,negative,0.29518556640886084
s__Companilactobacillus_farciminis,0.1158232031181959,-0.1158232031181959,0.11642052591139385,negative,0.29518556640886084
s__GGB9249_SGB14193,0.11563662009460315,0.11563662009460315,0.1170141036302193,positive,0.29622697175482054
s__Bacteroides_stercorirosoris,0.11558988184162133,-0.11558988184162133,0.11716316081731276,negative,0.29622697175482054
s__Dielma_fastidiosa,0.11540825892663437,0.11540825892663437,0.11774379478117115,positive,0.29723846451366676
s__Feifania_hominis,0.1153606816977035,0.1153606816977035,0.11789626491634513,positive,0.29723846451366676
s__Blautia_producta,0.11522894048164177,-0.11522894048164177,0.11831925602558854,negative,0.29788416361872433
s__Anaerotruncus_colihominis,0.11513957241321757,0.11513957241321757,0.11860686792825573,positive,0.2979133336247101
s__Limosilactobacillus_oris,0.11507443619247262,0.11507443619247262,0.11881683715546877,positive,0.2979133336247101
s__Blautia_massiliensis,0.115068437240316,0.115068437240316,0.11883618954360346,positive,0.2979133336247101
s__Actinomyces_bouchesdurhonensis,0.11501817334761263,-0.11501817334761263,0.11899843522376377,negative,0.2979133336247101
s__Leuconostoc_pseudomesenteroides,0.11453283304155899,-0.11453283304155899,0.1205739257862025,negative,0.3012194789848559
s__GGB33512_SGB15202,0.11450751878137914,-0.11450751878137914,0.12065654200233725,negative,0.3012194789848559
s__GGB3353_SGB4437,0.11378425951146322,-0.11378425951146322,0.1230355990534266,negative,0.3067298104893387
s__Collinsella_SGB14747,0.11370575035748144,-0.11370575035748144,0.1232960144981953,negative,0.3069503289808628
s__Alistipes_ihumii,0.11351874928518868,0.11351874928518868,0.12391801751643385,positive,0.30806916610979723
s__Actinomyces_graevenitzii,0.11344379074391549,-0.11344379074391549,0.12416802541776928,negative,0.3082613704738778
s__GGB36331_SGB15121,0.11318051283373261,-0.11318051283373261,0.1250492253098907,negative,0.3100178710807707
s__Parabacteroides_sp_N37,0.11300752950043713,-0.11300752950043713,0.12563083328428618,negative,0.3110277911407085
s__Lachnoclostridium_SGB4602,0.11256858547931642,-0.11256858547931642,0.127116041599536,negative,0.31426888400993314
s__Arachnia_SGB15898,0.11238288328838401,-0.11238288328838401,0.12774844663110127,negative,0.31539554251246993
s__GGB9301_SGB14262,0.11219296814869728,0.11219296814869728,0.1283977059801611,positive,0.31656064250633636
s__GGB88421_SGB135712,0.11204074691092387,-0.11204074691092387,0.12891993603750762,negative,0.3174097735544153
s__Blautia_marasmi,0.11194710066446201,-0.11194710066446201,0.129242023295665,negative,0.3177394012860709
s__Provencibacterium_massiliense,0.11189331727098314,0.11189331727098314,0.1294272861360133,positive,0.3177394012860709
s__GGB9690_SGB15196,0.11184675671077336,0.11184675671077336,0.1295878342500054,positive,0.3177394012860709
s__GGB9623_SGB15075,0.11177827792658572,-0.11177827792658572,0.1298242384318819,negative,0.31788239451427874
s__Clostridium_sp_AM33_3,0.11139916063482903,0.11139916063482903,0.13113904894956036,positive,0.32066192106159624
s__Mogibacterium_diversum,0.11125300881213343,-0.11125300881213343,0.13164864174974036,negative,0.32126002699100065
s__Mediterraneibacter_SGB4598,0.11122582055776382,-0.11122582055776382,0.13174360770723387,negative,0.32126002699100065
s__Luoshenia_tenuis,0.11094640868408104,0.11094640868408104,0.13272261996479717,positive,0.3232058344299631
s__Parabacteroides_merdae,0.11081652940857739,0.11081652940857739,0.1331795929206003,positive,0.3238768029472364
s__Alistipes_shahii,0.11066261395027582,0.11066261395027582,0.1337226985111717,positive,0.3247551249557027
s__Desulfovibrio_fairfieldensis,0.11027802705608508,-0.11027802705608508,0.1350871778707512,negative,0.32733543011039795
s__Phocaeicola_dorei,0.11025984775881642,0.11025984775881642,0.13515193949095983,positive,0.32733543011039795
s__Oribacterium_SGB5287,0.10964113117823863,-0.10964113117823863,0.13737025854338228,negative,0.3322573326557417
s__GGB9186_SGB14125,0.10940320025627207,0.10940320025627207,0.138230700620291,positive,0.33388606306795593
s__Alistipes_dispar,0.10923548644413413,-0.10923548644413413,0.1388396835815268,negative,0.3349038313419261
s__Campylobacter_concisus,0.10915025687845858,-0.10915025687845858,0.139149943595899,negative,0.3351992568403235
s__GGB9075_SGB13997,0.10905300929438383,-0.10905300929438383,0.1395045990200493,negative,0.3356006863218167
s__Enorma_massiliensis,0.10848368973865723,0.10848368973865723,0.14159472897140066,positive,0.33978631774284324
s__GGB9618_SGB15065,0.10847543159639575,0.10847543159639575,0.1416252215129834,positive,0.33978631774284324
s__GGB3034_SGB4030,0.10817726658119897,-0.10817726658119897,0.1427295273335823,negative,0.3419761158260998
s__Eggerthella_sinensis,0.10797492674846734,-0.10797492674846734,0.1434826532558126,negative,0.3433197534338143
s__Peptostreptococcus_anaerobius,0.1077691989431739,-0.1077691989431739,0.14425148513263183,negative,0.344697323911309
s__GGB74511_SGB47635,0.10761952160917287,-0.10761952160917287,0.14481281434447618,negative,0.3455760342311363
s__GGB1549_SGB2133,0.1072860489398869,-0.1072860489398869,0.14606939063600552,negative,0.3481092954409477
s__Pseudoflavonifractor_phocaeensis,0.10696274766236726,0.10696274766236726,0.1472955241538146,positive,0.3499735135563239
s__Fusobacterium_periodonticum,0.10694341743429704,-0.10694341743429704,0.14736908134071378,negative,0.3499735135563239
s__TM7_phylum_sp_oral_taxon_351,0.10692170246665982,-0.10692170246665982,0.147451746372939,negative,0.3499735135563239
s__GGB3343_SGB4423,0.10686823740709119,0.10686823740709119,0.14765542820061078,positive,0.3499735135563239
s__Lachnospiraceae_bacterium_2_1_46FAA,0.10682194708936969,-0.10682194708936969,0.14783194914367967,negative,0.3499735135563239
s__Tropheryma_whipplei,0.10673707957866423,-0.10673707957866423,0.14815599354987924,negative,0.3500700489024673
s__GGB1331_SGB1787,0.10670857227682076,-0.10670857227682076,0.14826496188810379,negative,0.3500700489024673
s__Schaalia_georgiae,0.10654601035526544,-0.10654601035526544,0.1488875107570845,negative,0.35107557027925473
s__Vescimonas_SGB15087,0.10633334578920309,-0.10633334578920309,0.14970491895845323,negative,0.3522456431378448
s__GGB9635_SGB15103,0.10631427148408654,0.10631427148408654,0.1497783995191172,positive,0.3522456431378448
s__Phocaeicola_plebeius,0.10624106525368092,-0.10624106525368092,0.15006066758846265,negative,0.3524451205860603
s__Faecalibacterium_sp_HTFF,0.10614217345097007,0.10614217345097007,0.15044261256234703,positive,0.35287787572114254
s__Lactobacillus_delbrueckii,0.10601279566356758,0.10601279566356758,0.15094341140729903,positive,0.35350937953750106
s__Alistipes_timonensis,0.10597036405009774,-0.10597036405009774,0.1511079308611279,negative,0.35350937953750106
s__Bittarella_massiliensis,0.10522283048832128,-0.10522283048832128,0.15402859902950636,negative,0.3598375757367021
s__Selenomonas_SGB5880,0.10517520582496442,-0.10517520582496442,0.15421610388715803,negative,0.3598375757367021
s__Longibaculum_muris,0.10508246831713722,-0.10508246831713722,0.15458171778587698,negative,0.36021979927909975
s__GGB9357_SGB14332,0.10493860056743942,-0.10493860056743942,0.15515020246413516,negative,0.36107315697324804
s__GGB42639_SGB59836,0.10452689528336653,-0.10452689528336653,0.1567857293471038,negative,0.3644043318809639
s__Lachnotalea_sp_AF33_28,0.10446475811955261,0.10446475811955261,0.15703369526894326,positive,0.364506041684088
s__GGB9290_SGB14247,0.10432353216974836,0.10432353216974836,0.15759837104309526,positive,0.36534167832717535
s__Gallalistipes_aquisgranensis,0.10422662230810502,-0.10422662230810502,0.15798673585128953,negative,0.3655476849727061
s__GGB45656_SGB72339,0.10417701658725818,-0.10417701658725818,0.15818580799797718,negative,0.3655476849727061
s__Angelakisella_massiliensis,0.10414818393821648,-0.10414818393821648,0.15830160251198983,negative,0.3655476849727061
s__Jingyaoa_shaoxingensis,0.1038413707422408,0.1038413707422408,0.15953773728090204,positive,0.3678741807942098
s__Selenomonas_noxia,0.10379217562808817,-0.10379217562808817,0.15973661367246447,negative,0.3678741807942098
s__GGB3061_SGB4063,0.10374503105727953,0.10374503105727953,0.1599273749559142,positive,0.3678741807942098
s__Frisingicoccus_caecimuris,0.10348084939121717,-0.10348084939121717,0.16099949647209327,negative,0.3698637081115656
s__GGB3623_SGB4900,0.10314573807593728,-0.10314573807593728,0.1623672062109519,negative,0.37252630216780097
s__Alistipes_finegoldii,0.10295108821002422,0.10295108821002422,0.16316562404451976,positive,0.37387758526247467
s__GGB3612_SGB4882,0.10279690499674478,0.10279690499674478,0.16380013618288794,positive,0.37485031164930127
s__Acidaminococcus_provencensis,0.1026604992396253,-0.1026604992396253,0.16436302443278455,negative,0.37547984154637626
s__GGB9715_SGB15260,0.10262834279045475,0.10262834279045475,0.16449593058222198,positive,0.37547984154637626
s__GGB9354_SGB14327,0.10248550573196792,-0.10248550573196792,0.16508726223748227,negative,0.37634835644176995
s__GGB4567_SGB6308,0.10237093231560404,0.10237093231560404,0.1655627310273858,positive,0.3763969448823074
s__GGB9531_SGB14932,0.1022690727527075,0.1022690727527075,0.1659862959933744,positive,0.3763969448823074
s__Allisonella_histaminiformans,0.10223475509774621,-0.10223475509774621,0.16612918178623023,negative,0.3763969448823074
s__Arachnia_propionica,0.10223079598106079,-0.10223079598106079,0.16614567195816698,negative,0.3763969448823074
s__Lentihominibacter_faecis,0.10218449914736136,0.10218449914736136,0.16633859416457908,positive,0.3763969448823074
s__Terrisporobacter_mayombei,0.10217606073161224,-0.10217606073161224,0.16637377563705352,negative,0.3763969448823074
s__Scardovia_inopinata,0.10203776548938542,0.10203776548938542,0.16695114758434834,positive,0.3772250613140023
s__GGB9357_SGB14330,0.10184673078113979,-0.10184673078113979,0.16775115728447304,negative,0.37849686711707
s__GGB3518_SGB4697,0.101771343579205,-0.101771343579205,0.16806764617628006,negative,0.37849686711707
s__GGB6518_SGB9205,0.1017517089430782,-0.1017517089430782,0.16815014880887197,negative,0.37849686711707
s__bacterium_210917_DFI_7_65,0.10168053825683498,0.10168053825683498,0.1684494531514583,positive,0.37869304014528093
s__Lancefieldella_parvula,0.10140142636501054,-0.10140142636501054,0.1696270704445151,negative,0.38086078080938296
s__Anaerococcus_murdochii,0.1008131336796588,-0.1008131336796588,0.1721292024804403,negative,0.38598235872713166
s__Coprobacter_fastidiosus,0.10076372626960521,0.10076372626960521,0.17234058258012547,positive,0.38598235872713166
s__Clostridiales_bacterium_CHKCI006,0.10069339483245764,-0.10069339483245764,0.17264181420115432,negative,0.386172479134161
s__Fumia_xinanensis,0.1006010800746477,0.1006010800746477,0.17303779347975967,positive,0.38657379394414393
s__Alistipes_sp_AF17_16,0.1005408220919175,0.1005408220919175,0.1732966299025201,positive,0.38666810546999797
s__GGB4682_SGB6472,0.10039056584892886,0.10039056584892886,0.17394330115214207,positive,0.38762645762368736
s__GGB24147_SGB35951,0.1001698774454062,-0.1001698774454062,0.17489633623795353,negative,0.3892642895071659
s__Marvinbryantia_SGB4691,0.09942036429374368,-0.09942036429374368,0.17816193809819247,negative,0.3960386793340891
s__Rothia_mucilaginosa,0.09929685702953173,-0.09929685702953173,0.17870434601425667,negative,0.3965537088988267
s__Eubacterium_maltosivorans,0.09925471292323987,-0.09925471292323987,0.17888970916273111,negative,0.3965537088988267
s__Adlercreutzia_sp_JBNU_10,0.0992100259586117,-0.0992100259586117,0.17908641149436016,negative,0.3965537088988267
s__GGB9616_SGB15062,0.09916556777582111,-0.09916556777582111,0.17928226503157038,negative,0.3965537088988267
s__Clostridium_SGB48024,0.0990570824395426,-0.0990570824395426,0.1797608430047204,negative,0.39669036882913516
s__Parascardovia_denticolens,0.09905081503689772,0.09905081503689772,0.17978852010239235,positive,0.39669036882913516
s__Anaerotruncus_massiliensis,0.09893779479342973,-0.09893779479342973,0.18028816112332313,negative,0.3973016884013973
s__Olsenella_profusa,0.09864066045054276,0.09864066045054276,0.18160661464972916,positive,0.39971369562240017
s__Cuneatibacter_sp_NSJ_177,0.09843553412341384,-0.09843553412341384,0.18252093859808316,negative,0.40123137364233796
s__Bacteroides_thetaiotaomicron,0.09811111001070398,0.09811111001070398,0.18397392029295923,positive,0.4036775685189271
s__GGB2652_SGB3573,0.09808615914368798,0.09808615914368798,0.18408601724056395,positive,0.4036775685189271
s__Porphyromonas_SGB1977,0.0979893101996637,0.0979893101996637,0.18452160642249477,positive,0.40413627909712047
s__GGB58233_SGB79883,0.09790521400481135,-0.09790521400481135,0.184900451977176,negative,0.4044697387000725
s__Porphyromonas_asaccharolytica,0.09782208050779556,-0.09782208050779556,0.18527552137750403,negative,0.4045949411739504
s__Fenollaria_massiliensis,0.09779207892054868,0.09779207892054868,0.18541101505898677,positive,0.4045949411739504
s__Fusobacterium_nucleatum,0.09764585816356292,0.09764585816356292,0.18607242017041792,positive,0.4055424542175775
s__GGB33586_SGB53517,0.09675619938923012,0.09675619938923012,0.19013395150295373,positive,0.41388915052777125
s__Dialister_hominis,0.09663735410679297,-0.09663735410679297,0.19068137795878806,negative,0.41457522491648807
s__Holdemanella_porci,0.09648682954030144,0.09648682954030144,0.1913763765407101,positive,0.4152192279891836
s__Eubacterium_infirmum,0.09647246105019679,-0.09647246105019679,0.1914428149216236,negative,0.4152192279891836
s__Ruminococcus_sp_OA3,0.09637861927169368,-0.09637861927169368,0.1918771433205926,negative,0.415656190324342
s__Candidatus_Saccharibacteria_unclassified_SGB19905,0.09628899394827985,-0.09628899394827985,0.19229262725368104,negative,0.41605132078523716
s__Lacticaseibacillus_suilingensis,0.09620990851695592,-0.09620990851695592,0.19265979494802113,negative,0.41619969626853676
s__Abiotrophia_defectiva,0.09615711847397503,-0.09615711847397503,0.1929051660145815,negative,0.41619969626853676
s__Lachnospira_eligens,0.09612368176817554,-0.09612368176817554,0.19306069944557336,negative,0.41619969626853676
s__GGB2998_SGB3989,0.09554968286313764,-0.09554968286313764,0.19574496223970939,negative,0.4206604026864985
s__Campylobacter_SGB19292,0.09554648364508822,-0.09554648364508822,0.1957599987837435,negative,0.4206604026864985
s__Candidatus_Saccharibacteria_bacterium_oral_taxon_955,0.09553013327851127,-0.09553013327851127,0.19583685973808418,negative,0.4206604026864985
s__GGB4659_SGB6447,0.0953499144964023,-0.0953499144964023,0.19668549861786425,negative,0.4219754988376054
s__GGB3603_SGB4866,0.09509787838422865,-0.09509787838422865,0.19787679597502225,negative,0.42402170566076197
s__GGB3002_SGB3993,0.09464847312964127,-0.09464847312964127,0.20001397123642187,negative,0.42729600601183426
s__GGB13404_SGB14252,0.0946335570936208,0.0946335570936208,0.20008519090329424,positive,0.42729600601183426
s__GGB9457_SGB14849,0.09462565105398987,-0.09462565105398987,0.20012294735344172,negative,0.42729600601183426
s__GGB3267_SGB4317,0.09446835323813518,-0.09446835323813518,0.20087521888669652,negative,0.4283898037189406
s__Obesumbacterium_proteus,0.0943207721727081,-0.0943207721727081,0.20158287912463022,negative,0.4293859656771658
s__Baileyella_intestinalis,0.09411851546364397,-0.09411851546364397,0.20255563861532472,negative,0.4309437603436885
s__Pseudoflavonifractor_sp_MSJ_37,0.09394051892985207,-0.09394051892985207,0.20341452034486893,negative,0.4321369940801904
s__Parasutterella_SGB9260,0.09390201060034861,-0.09390201060034861,0.20360067900360793,negative,0.4321369940801904
s__Qingrenia_yutianensis,0.0937101458614065,0.0937101458614065,0.2045300331502593,positive,0.43359382679896763
s__Olsenella_timonensis,0.09366011332907569,-0.09366011332907569,0.20477288290842,negative,0.43359382679896763
s__GGB9715_SGB15265,0.09348162735749177,0.09348162735749177,0.20564091883823624,positive,0.43491592432020343
s__GGB88417_SGB135709,0.09340942137135609,-0.09340942137135609,0.20599283259171033,negative,0.43514462269373133
s__GGB9786_SGB63164,0.09330108775669642,-0.09330108775669642,0.20652163676278185,negative,0.4357460066448766
s__GGB33469_SGB15236,0.09310136671128057,0.09310136671128057,0.20749908736066902,positive,0.4372914650989306
s__Enterococcus_durans,0.09295952117650062,-0.09295952117650062,0.20819530915421386,negative,0.43801326881662495
s__Scardovia_wiggsiae,0.09293163886688413,0.09293163886688413,0.20833236147076445,positive,0.43801326881662495
s__Acetivibrio_sp_MSJd_27,0.09280574811155906,-0.09280574811155906,0.20895197074184296,negative,0.4387991385578702
s__Bifidobacterium_dentium,0.09271174261980715,0.09271174261980715,0.2094155098857934,positive,0.4392557992316583
s__Actinomyces_sp_HMT897,0.09251463775857484,0.09251463775857484,0.2103898268241966,positive,0.4407815033816795
s__Blautia_schinkii,0.09227909515368592,-0.09227909515368592,0.21155840833268208,negative,0.4427101510830451
s__Eggerthella_lenta,0.09205812240114805,-0.09205812240114805,0.21265892918023743,negative,0.44449202410623395
s__GGB9522_SGB98319,0.09199557437320159,-0.09199557437320159,0.21297118328212725,negative,0.44462404930830074
s__GGB32900_SGB53446,0.0918874763326636,-0.0918874763326636,0.21351160720977813,negative,0.4452315640998294
s__GGB3510_SGB4687,0.0916086472555736,-0.0916086472555736,0.21491011067849358,negative,0.44762490963956947
s__GGB2970_SGB3952,0.09137860628775862,0.09137860628775862,0.21606883093523763,positive,0.44936109659932105
s__Clostridium_sp_AM42_4,0.09134328072623488,0.09134328072623488,0.21624716077244638,positive,0.44936109659932105
s__GGB3340_SGB4419,0.09126195965726307,-0.09126195965726307,0.21665808360420222,negative,0.4496625161316756
s__GGB4617_SGB6392,0.09107968266148202,-0.09107968266148202,0.21758116984942463,negative,0.4496625161316756
s__Diplocloster_modestus,0.09102799476578267,0.09102799476578267,0.21784343710489124,positive,0.4496625161316756
s__Turicibacter_sp_TJ11,0.09100343654887204,-0.09100343654887204,0.2179681258159924,negative,0.4496625161316756
s__Veillonella_atypica,0.0909783861606315,-0.0909783861606315,0.21809536582343392,negative,0.4496625161316756
s__GGB9534_SGB14937,0.09097382680738918,0.09097382680738918,0.2181185301261946,positive,0.4496625161316756
s__Lacticaseibacillus_paracasei,0.09095133173500239,0.09095133173500239,0.21823284452208988,positive,0.4496625161316756
s__Enterococcus_casseliflavus,0.09086488395198469,-0.09086488395198469,0.21867254812109693,negative,0.4496625161316756
s__Gordonibacter_sp_28C,0.09085706621364667,-0.09085706621364667,0.2187123429652691,negative,0.4496625161316756
s__GGB12761_SGB19791,0.09081798992763741,-0.09081798992763741,0.21891133138287178,negative,0.4496625161316756
s__Bifidobacterium_animalis,0.0907578580830448,-0.0907578580830448,0.21921779300344957,negative,0.4497744373691465
s__GGB2987_SGB3969,0.0905313545185881,0.0905313545185881,0.22037490969244591,positive,0.45138789607697294
s__Lawsonibacter_asaccharolyticus,0.09050497748577435,0.09050497748577435,0.22050994138886296,positive,0.45138789607697294
s__Intestinibacter_bartlettii,0.09037028041365124,-0.09037028041365124,0.2212004124679443,negative,0.4522826303038724
s__Enterococcus_raffinosus,0.09020566736939668,-0.09020566736939668,0.22204632094044874,negative,0.4529819817772052
s__GGB4588_SGB6347,0.0902049541375076,0.0902049541375076,0.22204999106725745,positive,0.4529819817772052
s__GGB3185_SGB4208,0.09010629203731439,0.09010629203731439,0.22255809879999647,positive,0.4533943221927956
s__Oribacterium_parvum,0.09006710820465079,-0.09006710820465079,0.22276012356475164,negative,0.4533943221927956
s__GGB3740_SGB5076,0.08985976137479587,-0.08985976137479587,0.22383133349411985,negative,0.45505572925626875
s__Roseburia_inulinivorans,0.08970588638309222,-0.08970588638309222,0.22462865146283112,negative,0.4561571591139403
s__Citrobacter_sp_Res13_Sevr_PEB04_36,0.08951874789145277,-0.08951874789145277,0.22560103729972997,negative,0.45731212183343084
s__GGB3304_SGB4365,0.08949785320993774,-0.08949785320993774,0.22570979234467933,negative,0.45731212183343084
s__Epilithonimonas_hominis,0.08926955798432273,-0.08926955798432273,0.22690046852859067,negative,0.4592033291650049
s__Candidatus_Cibionibacter_quicibialis,0.08887323126407021,0.08887323126407021,0.228978051841596,positive,0.4628831512313124
s__Clostridium_sp_AT4,0.08875481811069229,0.08875481811069229,0.22960138266022792,positive,0.4636181765254602
s__GGB9239_SGB14181,0.08859309583192741,0.08859309583192741,0.23045462692945154,positive,0.46481526448482596
s__GGB33512_SGB15201,0.08843920475349393,0.08843920475349393,0.23126862741072518,positive,0.4656115436790378
s__Paraeggerthella_hongkongensis,0.08835879791690199,0.08835879791690199,0.23169474079951763,positive,0.4656115436790378
s__Clostridium_sp_D5,0.088331688283138,-0.088331688283138,0.23183853197308094,negative,0.4656115436790378
s__Anaerococcus_obesiensis,0.0883214584384532,-0.0883214584384532,0.23189280802838352,negative,0.4656115436790378
s__Faecalibacterium_SGB15346,0.08813974563698201,0.08813974563698201,0.23285840526172566,positive,0.4670250038114385
s__GGB3534_SGB4722,0.08759249702081534,-0.08759249702081534,0.23578348611262812,negative,0.4723608560168812
s__GGB4597_SGB6359,0.08747137585377406,-0.08747137585377406,0.23643435653216907,negative,0.47313377400215445
s__Clostridia_bacterium_UC5_1_1D1,0.08739908864945632,-0.08739908864945632,0.23682340709997426,negative,0.473381614415962
s__GGB9545_SGB14952,0.08734184210435691,0.08734184210435691,0.2371318269418497,positive,0.4734679094979885
s__GGB9590_SGB15012,0.08724781305005806,0.08724781305005806,0.23763902589285318,positive,0.4739504594622826
s__GGB51269_SGB5062,0.08689224387365128,-0.08689224387365128,0.2395638582635213,negative,0.47725612388435884
s__GGB3109_SGB4119,0.08682241816424956,-0.08682241816424956,0.23994312878826932,negative,0.47747880143485033
s__Arachnia_rubra,0.08653250554536689,-0.08653250554536689,0.24152232851657457,negative,0.47962382940370135
s__Oscillospiraceae_bacterium_CLA_AA_H250,0.08649773549201001,0.08649773549201001,0.24171221262724665,positive,0.47962382940370135
s__GGB9708_SGB15233,0.08646035192412543,0.08646035192412543,0.24191648571903535,positive,0.47962382940370135
s__Peptidiphaga_SGB69229,0.08639021436747221,-0.08639021436747221,0.24230005970566845,negative,0.47962382940370135
s__Eubacterium_sp_c_25,0.08628532943982795,-0.08628532943982795,0.24287445423031692,negative,0.47962382940370135
s__Anaeromassilibacillus_senegalensis,0.08625406532214615,0.08625406532214615,0.24304585338041335,positive,0.47962382940370135
s__Bacteroides_stercoris,0.08624709230329458,0.08624709230329458,0.24308409303267153,positive,0.47962382940370135
s__Senegalimassilia_faecalis,0.08623131598175644,-0.08623131598175644,0.24317062499179254,negative,0.47962382940370135
s__Kluyvera_ascorbata,0.08597863680164591,-0.08597863680164591,0.24455947819621213,negative,0.4818307600223385
s__Olsenella_SGB74421,0.08582500058379437,-0.08582500058379437,0.2454066356363664,negative,0.4829667526029923
s__GGB9501_SGB14898,0.08556221835970772,-0.08556221835970772,0.24686035708681428,negative,0.4852926623347616
s__Citrobacter_portucalensis,0.08549193771509742,-0.08549193771509742,0.24725016427748855,negative,0.4855242499838472
s__GGB9237_SGB14179,0.0854112799599759,0.0854112799599759,0.24769805403965162,positive,0.48586925984700896
s__Butyricimonas_synergistica,0.08494889003962272,0.08494889003962272,0.25027655849526104,positive,0.49038820736996813
s__Clostridium_leptum,0.08480536927214787,0.08480536927214787,0.25108066530360584,positive,0.49142432847251805
s__Streptococcus_gordonii,0.08473239712606472,0.08473239712606472,0.25149019281408774,positive,0.4916858285554855
s__GGB9766_SGB15383,0.08468344423225432,0.08468344423225432,0.2517651805600637,positive,0.4916858285554855
s__GGB9527_SGB14927,0.08454127156186576,0.08454127156186576,0.2525649994581809,positive,0.4925513132647183
s__Clostridiales_bacterium,0.08450661617232284,0.08450661617232284,0.2527602257425669,positive,0.4925513132647183
s__GGB9342_SGB14306,0.08439002073011803,0.08439002073011803,0.25341781535711505,positive,0.4930227497136154
s__GGB9545_SGB14951,0.08436580169256261,0.08436580169256261,0.2535545569955736,positive,0.4930227497136154
s__Coprococcus_comes,0.08414575246787244,0.08414575246787244,0.2547992982310344,positive,0.49442618193017274
s__Porphyromonas_uenonis,0.08414028117008558,-0.08414028117008558,0.2548303010508453,negative,0.49442618193017274
s__Actinomyces_johnsonii,0.08388849431705843,-0.08388849431705843,0.2562598536451158,negative,0.4955345681974083
s__Prevotellamassilia_timonensis,0.0838753404309987,-0.0838753404309987,0.2563346880785393,negative,0.4955345681974083
s__Segatella_brunsvicensis,0.08386231965850353,-0.08386231965850353,0.2564087800326388,negative,0.4955345681974083
s__Evtepia_gabavorous,0.08384418223793082,0.08384418223793082,0.2565120117727761,positive,0.4955345681974083
s__GGB3632_SGB4921,0.08342041286093155,-0.08342041286093155,0.25893210564181035,negative,0.49966898223852046
s__GGB9602_SGB15031,0.08271733584759264,0.08271733584759264,0.2629818083118333,positive,0.50679742625656
s__Segatella_copri,0.08268070936811338,0.08268070936811338,0.263193957501306,positive,0.50679742625656
s__Parabacteroides_bouchesdurhonensis,0.08258424890242987,-0.08258424890242987,0.26375323963265385,negative,0.5070387720073788
s__GGB9061_SGB13979,0.08256112983819446,-0.08256112983819446,0.26388740571140334,negative,0.5070387720073788
s__Streptococcus_sobrinus,0.08249526745851939,0.08249526745851939,0.26426987853362893,positive,0.5072276700887394
s__Candidatus_Borkfalkia_ceftriaxoniphila,0.08239968850304957,-0.08239968850304957,0.26482559393891764,negative,0.5077483192061955
s__Dorea_sp_AF36_15AT,0.0818679201018142,0.0818679201018142,0.26793198233578613,positive,0.5131529919199337
s__Clostridiaceae_bacterium_Marseille_Q4143,0.08179634033829535,0.08179634033829535,0.2683520125885556,positive,0.5134065835697447
s__Blautia_sp_OF03_15BH,0.08160755239784892,0.08160755239784892,0.26946197166880126,positive,0.514110743858509
s__GGB36267_SGB14177,0.08157149447392538,0.08157149447392538,0.26967432534399904,positive,0.514110743858509
s__Bacteroides_faecis,0.08156223153112449,-0.08156223153112449,0.2697288953915048,negative,0.514110743858509
s__Bifidobacterium_pseudolongum,0.08151078135850391,-0.08151078135850391,0.27003213651208186,negative,0.514110743858509
s__Bacteroides_eggerthii,0.08148907247471854,0.08148907247471854,0.2701601555962361,positive,0.514110743858509
s__Lactobacillus_gasseri,0.0812859845418423,0.0812859845418423,0.27135978127897314,positive,0.5158436736772812
s__Enterobacter_bugandensis,0.0812370763664271,-0.0812370763664271,0.271649218182094,negative,0.5158445260159976
s__GGB1148_SGB1475,0.08117516297579466,-0.08117516297579466,0.2720159201248224,negative,0.5159919420008586
s__GGB33469_SGB15237,0.0809790656732714,-0.0809790656732714,0.2731795866848347,negative,0.5176492168072505
s__GGB52283_SGB73075,0.08084230729300895,-0.08084230729300895,0.2739931239774218,negative,0.518640218769563
s__Clostridium_sp_AM22_11AC,0.08072340205203381,0.08072340205203381,0.27470179103760234,positive,0.5190019604311901
s__Butyricimonas_faecalis,0.08068812997459705,0.08068812997459705,0.2749122487186577,positive,0.5190019604311901
s__Coprobacillus_cateniformis,0.08066396425749685,-0.08066396425749685,0.2750565011584907,negative,0.5190019604311901
s__GGB58485_SGB80143,0.08056880581823292,0.08056880581823292,0.27562502867882177,positive,0.5190477572870615
s__GGB3819_SGB5184,0.08056256568792346,-0.08056256568792346,0.27566233832388476,negative,0.5190477572870615
s__GGB3000_SGB3991,0.08034439693799031,-0.08034439693799031,0.27696891458167266,negative,0.5209583904407648
s__GGB9547_SGB14954,0.08021738502987666,-0.08021738502987666,0.277731492210416,negative,0.521388497898238
s__Schaalia_SGB17168,0.08020901905143295,-0.08020901905143295,0.2777817711491453,negative,0.521388497898238
s__Streptococcus_pluranimalium,0.08005758090214254,-0.08005758090214254,0.2786929664744355,negative,0.5225493121395666
s__GGB9603_SGB15035,0.07992279013884922,-0.07992279013884922,0.2795056899636087,negative,0.5235232493022471
s__Clostridium_SGB6179,0.07986979097978154,-0.07986979097978154,0.279825686658564,negative,0.523573218747942
s__Enterocloster_hominis,0.07948752202361276,0.07948752202361276,0.2821410509543143,positive,0.5273526449774356
s__GGB4456_SGB6141,0.07933848321544319,0.07933848321544319,0.2830472451815885,positive,0.5284428219355515
s__Enterococcus_avium,0.07929427738112528,-0.07929427738112528,0.283316403693178,negative,0.5284428219355515
s__Bacteroides_nordii,0.0792050405676348,0.0792050405676348,0.28386026859853536,positive,0.5289045714492543
s__GGB3738_SGB5072,0.0786192517608663,0.0786192517608663,0.2874478311452295,positive,0.5350306346133834
s__GGB9739_SGB15313,0.07852919632652046,-0.07852919632652046,0.28800203931066687,negative,0.5355037918432712
s__Streptococcus_mitis,0.07830789266191293,-0.07830789266191293,0.2893669938082676,negative,0.5374818771568758
s__Parabacteroides_chinchillae,0.07808543341158156,-0.07808543341158156,0.29074342424024524,negative,0.5394771437306006
s__GGB33539_SGB53381,0.07800772684680805,-0.07800772684680805,0.29122524865246735,negative,0.539810040337128
s__GGB4605_SGB6376,0.07785752266896996,-0.07785752266896996,0.2921581076229608,negative,0.5409774088246733
s__Eubacterium_saphenum,0.07771774699131145,-0.07771774699131145,0.2930279857084728,negative,0.5420258595747399
s__Butyricimonas_paravirosa,0.07742139988056541,0.07742139988056541,0.2948779659424782,positive,0.5442816893953656
s__Streptococcus_vestibularis,0.07738195237178769,0.07738195237178769,0.2951248055103144,positive,0.5442816893953656
s__Bianquea_SGB71281,0.07737596498338971,-0.07737596498338971,0.29516228310068005,negative,0.5442816893953656
s__Parvimonas_micra,0.07727920275706948,-0.07727920275706948,0.2957683971483423,negative,0.5445551107376629
s__GGB12785_SGB19827,0.07725490857978255,-0.07725490857978255,0.29592070443447227,negative,0.5445551107376629
s__GGB3740_SGB5077,0.07719677669716452,0.07719677669716452,0.2962853614936608,positive,0.544664644970324
s__GGB4651_SGB6438,0.0769571908674556,0.0769571908674556,0.2977914120909197,positive,0.5464387952106046
s__Shuttleworthia_satelles,0.07693630580273464,-0.07693630580273464,0.29792293680195764,negative,0.5464387952106046
s__GGB9293_SGB14250,0.07686361056577173,0.07686361056577173,0.29838103870962934,positive,0.5464387952106046
s__Eisenbergiella_sp_OF01_20,0.07684871359535153,-0.07684871359535153,0.2984749721738596,negative,0.5464387952106046
s__GGB2958_SGB3940,0.0767673166322161,0.0767673166322161,0.2989885699096964,positive,0.5468182349270575
s__Gemella_sanguinis,0.07655178323526693,-0.07655178323526693,0.30035136418790787,negative,0.5487393850266752
s__Turicimonas_muris,0.07650403151250626,-0.07650403151250626,0.30065384793058175,negative,0.5487393850266752
s__GGB1663_SGB2279,0.0763365301108829,0.0763365301108829,0.3017164783353596,positive,0.5501163573326014
s__Clostridium_spiroforme,0.0762673663598182,-0.0762673663598182,0.3021559762207362,negative,0.5503555281163409
s__GGB6574_SGB9290,0.07570976518862602,0.07570976518862602,0.30571465411791515,positive,0.5562697834867263
s__Clostridium_fessum,0.07557022216428423,0.07557022216428423,0.30660952925187335,positive,0.5573299487928655
s__GGB4250_SGB5750,0.07537253370291803,-0.07537253370291803,0.30788022866381676,negative,0.5589632228857556
s__GGB9253_SGB14199,0.0753330634972287,-0.0753330634972287,0.30813434807819806,negative,0.5589632228857556
s__GGB9608_SGB15041,0.07505606365287511,-0.07505606365287511,0.3099216157804161,negative,0.561634603216287
s__GGB9614_SGB15049,0.07491170301474286,0.07491170301474286,0.3108557504184085,positive,0.562243398169388
s__Candidatus_Nanosynsacchari_sp_TM7_ANC_38_39_G1_1,0.07490679742426994,-0.07490679742426994,0.31088752604660275,negative,0.562243398169388
s__Granulicatella_SGB8239,0.07480332100557205,-0.07480332100557205,0.3115582827592185,negative,0.5628861687502075
s__Prevotella_buccalis,0.0741455739621286,0.0741455739621286,0.31584405362162554,positive,0.5700522100248752
s__Rothia_aeria,0.07397847778480322,-0.07397847778480322,0.31693891123133794,negative,0.5710340485501642
s__GGB3626_SGB4905,0.07394060781485999,-0.07394060781485999,0.317187387889132,negative,0.5710340485501642
s__Phascolarctobacterium_faecium,0.07391617388048458,-0.07391617388048458,0.3173477737600912,negative,0.5710340485501642
s__Clostridiales_bacterium_KLE1615,0.0735473631920972,-0.0735473631920972,0.3197750743474874,negative,0.5748222635551511
s__GGB9198_SGB14137,0.07338844538757133,0.07338844538757133,0.32082468329227326,positive,0.5761288326727442
s__Clostridium_symbiosum,0.07317605618554932,-0.07317605618554932,0.3222309380633892,negative,0.5780424294694763
s__Streptococcus_thermophilus,0.07312976585095114,-0.07312976585095114,0.32253796064515317,negative,0.5780424294694763
s__GGB9627_SGB15081,0.07300129949495528,0.07300129949495528,0.32339101019380656,positive,0.5789899229648392
s__GGB1505_SGB2085,0.07290768685274981,-0.07290768685274981,0.32401353984328624,negative,0.5795232150503666
s__Lactobacillus_timonensis,0.07245069777029567,0.07245069777029567,0.3270636500643322,positive,0.5842918142789113
s__Amedibacterium_intestinale,0.07241027258505241,-0.07241027258505241,0.3273343497360848,negative,0.5842918142789113
s__GGB9444_SGB14834,0.0723526009900451,0.0723526009900451,0.32772078638716956,positive,0.584397206494603
s__GGB2983_SGB3965,0.0722074633325742,-0.0722074633325742,0.3286946004541933,negative,0.5855487642821707
s__Massilioclostridium_coli,0.07207936545964222,0.07207936545964222,0.3295556287253593,positive,0.5864973053586903
s__Blautia_faecis,0.07191120017726933,-0.07191120017726933,0.33068817356141095,negative,0.5879266830748192
s__GGB4706_SGB6513,0.07185887406256987,-0.07185887406256987,0.33104108378761726,negative,0.5879684921003948
s__Blautia_obeum,0.07169201002591924,0.07169201002591924,0.3321681009213691,positive,0.5884099420889465
s__GGB3600_SGB4859,0.07166493776838045,-0.07166493776838045,0.3323511813040919,negative,0.5884099420889465
s__Holdemania_massiliensis,0.071655672241478,0.071655672241478,0.33241385572754967,positive,0.5884099420889465
s__GGB9580_SGB14998,0.07162694875294497,-0.07162694875294497,0.332608196956721,negative,0.5884099420889465
s__Wansuia_hejianensis,0.07149718622598625,0.07149718622598625,0.3334870684164363,positive,0.589036544709571
s__Schaalia_odontolytica,0.07147722749276927,-0.07147722749276927,0.33362237910441245,negative,0.589036544709571
s__Pseudoflavonifractor_capillosus,0.07123026934406859,-0.07123026934406859,0.3352995432641202,negative,0.5911400924313369
s__Pseudoflavonifractor_gallinarum,0.07115991213449128,-0.07115991213449128,0.3357783434197647,negative,0.5911400924313369
s__Kluyvera_cryocrescens,0.07101854711304376,-0.07101854711304376,0.3367416902062961,negative,0.5911400924313369
s__GGB9563_SGB14975,0.07099755667144117,0.07099755667144117,0.3368848819389071,positive,0.5911400924313369
s__Bacteroides_fragilis,0.07094463567177768,-0.07094463567177768,0.33724606857715855,negative,0.5911400924313369
s__Oxalobacter_formigenes,0.07085433286086402,0.07085433286086402,0.3378629564509844,positive,0.5911400924313369
s__GGB9635_SGB15106,0.07083922028946152,0.07083922028946152,0.33796626552222786,positive,0.5911400924313369
s__Eubacteriales_bacterium,0.07075717329277237,0.07075717329277237,0.33852748740034017,positive,0.5911400924313369
s__Oxalobacter_SGB9385,0.07073887826895896,-0.07073887826895896,0.33865271077577813,negative,0.5911400924313369
s__Megasphaera_micronuciformis,0.07071049262622885,-0.07071049262622885,0.3388470594548878,negative,0.5911400924313369
s__Phytobacter_diazotrophicus,0.07068517024684132,-0.07068517024684132,0.3390204947119088,negative,0.5911400924313369
s__Lentihominibacter_hominis,0.07067662083735247,0.07067662083735247,0.3390790631411036,positive,0.5911400924313369
s__GGB9062_SGB13981,0.0706707884309175,0.0706707884309175,0.3391190222127109,positive,0.5911400924313369
s__Acinetobacter_parvus,0.07059078566071772,-0.07059078566071772,0.3396674408216393,negative,0.5915184213332938
s__GGB3321_SGB4395,0.07045377793182278,0.07045377793182278,0.3406079373629534,positive,0.5925781366402261
s__TM7_phylum_sp_oral_taxon_350,0.07033958673492526,-0.07033958673492526,0.3413930715388828,negative,0.5933657572511255
s__Anaeroglobus_geminatus,0.07020159815523376,-0.07020159815523376,0.34234335896471657,negative,0.5944386145447657
s__GGB51884_SGB49168,0.07012632098648022,0.07012632098648022,0.3428624775835963,positive,0.5947614407062385
s__Limosilactobacillus_reuteri,0.069963807225159,0.069963807225159,0.3439848885454612,positive,0.5961291515083964
s__Lachnoanaerobaculum_orale,0.06974375121693722,-0.06974375121693722,0.3455084217967917,negative,0.597364654357856
s__GGB38744_SGB14842,0.06973562327959801,-0.06973562327959801,0.3455647762326487,negative,0.597364654357856
s__Oscillospiraceae_bacterium,0.06966274067273204,0.06966274067273204,0.3460703618692016,positive,0.597364654357856
s__GGB9434_SGB14812,0.0696447184956341,-0.0696447184956341,0.34619545349734193,negative,0.597364654357856
s__Dysosmobacter_welbionis,0.06948171866728282,0.06948171866728282,0.3473281297400047,positive,0.597364654357856
s__Anaerofustis_stercorihominis,0.06947864832401184,0.06947864832401184,0.3473494877887046,positive,0.597364654357856
s__GGB4578_SGB6328,0.06944210652095023,-0.06944210652095023,0.34760374500873353,negative,0.597364654357856
s__GGB4676_SGB6465,0.06937207368536494,0.06937207368536494,0.3480913602615079,positive,0.597364654357856
s__GGB27106_SGB6188,0.06935232346730826,-0.06935232346730826,0.3482289523608397,negative,0.597364654357856
s__GGB52106_SGB72838,0.0693159147388586,0.0693159147388586,0.3484826876788985,positive,0.597364654357856
s__GGB3480_SGB4648,0.0693119682365494,0.0693119682365494,0.34851019816462825,positive,0.597364654357856
s__GGB9425_SGB14795,0.06928277985057213,-0.06928277985057213,0.34871370859433387,negative,0.597364654357856
s__Mobilibacterium_timonense,0.06909955004295225,-0.06909955004295225,0.3499929531987567,negative,0.5987351927150514
s__Propionibacterium_acidifaciens,0.06906166359631057,0.06906166359631057,0.3502578307062498,positive,0.5987351927150514
s__Enterobacter_mori,0.06900523356149062,-0.06900523356149062,0.35065258670964977,negative,0.5987351927150514
s__GGB3600_SGB4860,0.06897624729925522,-0.06897624729925522,0.35085546867223744,negative,0.5987351927150514
s__Limosilactobacillus_coleohominis,0.06889302125512886,-0.06889302125512886,0.3514383982248373,negative,0.5991571545666997
s__Lachnoclostridium_sp_An118,0.06883889462345302,0.06883889462345302,0.35181783686400264,positive,0.5992317164143556
s__Varibaculum_cambriense,0.06866711810067135,-0.06866711810067135,0.3530237282694878,negative,0.6007124451487471
s__GGB1266_SGB1699,0.06857872857912062,0.06857872857912062,0.3536452422224717,positive,0.6011969117782018
s__GGB9708_SGB15235,0.06836750943619126,-0.06836750943619126,0.3551332128885519,negative,0.6031520314044387
s__GGB3550_SGB4746,0.06807076892749911,-0.06807076892749911,0.357230263044667,negative,0.6060425061608354
s__GGB3737_SGB5071,0.06803068149383415,-0.06803068149383415,0.3575141506931987,negative,0.6060425061608354
s__GGB45491_SGB63163,0.06778287738524227,0.06778287738524227,0.35927215314228345,positive,0.6084447754828993
s__Bacteroides_acidifaciens,0.06741727850614214,-0.06741727850614214,0.36187564835617214,negative,0.6121411604909097
s__Clostridioides_difficile,0.0673427862157016,-0.0673427862157016,0.3624075557912339,negative,0.6121411604909097
s__GGB9747_SGB15356,0.06733214348577397,0.06733214348577397,0.36248358915344064,positive,0.6121411604909097
s__Bacteroides_propionicigenes,0.06724588826483868,0.06724588826483868,0.36310017573176206,positive,0.6126028484699388
s__GGB41458_SGB58520,0.06700542111242011,0.06700542111242011,0.3648225651747602,positive,0.6142459930135683
s__Clostridiaceae_bacterium,0.06700146526904545,-0.06700146526904545,0.3648509418754502,negative,0.6142459930135683
s__GGB49418_SGB69331,0.06696585598080847,0.06696585598080847,0.365106441785656,positive,0.6142459930135683
s__GGB13283_SGB4948,0.0668785746316443,-0.0668785746316443,0.3657331620650188,negative,0.6147209927364017
s__GGB3321_SGB4394,0.06653985915942161,0.06653985915942161,0.36817159597582905,positive,0.6180148129201012
s__Butyricimonas_virosa,0.06650064981177568,0.06650064981177568,0.3684545132982729,positive,0.6180148129201012
s__bacterium_OL_1,0.06644131801353646,-0.06644131801353646,0.36888288040550604,negative,0.6180148129201012
s__GGB3433_SGB4573,0.06637822285357164,-0.06637822285357164,0.36933875539552413,negative,0.6180148129201012
s__GGB3306_SGB4373,0.06636643262842529,-0.06636643262842529,0.36942398060826215,negative,0.6180148129201012
s__GGB9200_SGB14139,0.06620431302777656,-0.06620431302777656,0.37059708560103705,negative,0.6193968144174636
s__GGB47174_SGB65105,0.0660382426963357,-0.0660382426963357,0.3718011539190354,negative,0.6208279324092406
s__GGB4642_SGB6422,0.06597458844174667,-0.06597458844174667,0.37226330676978403,negative,0.6210186940037986
s__GGB9513_SGB14911,0.06592128619083203,-0.06592128619083203,0.372650571869976,negative,0.62108428644996
s__Clostridiaceae_bacterium_CLA_AA_H274,0.06577511087610552,-0.06577511087610552,0.3737138716956555,negative,0.6222754300156205
s__Lactonifactor_longoviformis,0.06565896634145948,-0.06565896634145948,0.3745600495670521,negative,0.6228537627556197
s__Prevotella_corporis,0.06563167251616331,0.06563167251616331,0.37475907070001985,positive,0.6228537627556197
s__GGB9786_SGB15409,0.06553080929755184,-0.06553080929755184,0.3754951074993991,negative,0.6234965273362115
s__GGB1550_SGB2135,0.06543489129276255,-0.06543489129276255,0.3761958780905482,negative,0.6240795933007701
s__Paraclostridium_bifermentans,0.0650610819946983,-0.0650610819946983,0.3789345353538362,negative,0.6280391324109542
s__GGB3444_SGB4594,0.06479539404022149,-0.06479539404022149,0.38088843576440357,negative,0.6302904401640101
s__Marseilla_massiliensis,0.0647803716427465,-0.0647803716427465,0.3809990952027826,negative,0.6302904401640101
s__Parasutterella_secunda,0.06451829038979318,-0.06451829038979318,0.382932812314769,negative,0.6305453973676243
s__GGB9619_SGB15066,0.06451802791263846,-0.06451802791263846,0.3829347519375059,negative,0.6305453973676243
s__Actinomyces_sp_ph3,0.06449877036998634,-0.06449877036998634,0.38307707534298424,negative,0.6305453973676243
s__GGB4541_SGB6262,0.06448189794371807,-0.06448189794371807,0.3832017978901725,negative,0.6305453973676243
s__GGB45495_SGB63167,0.06448145795206175,-0.06448145795206175,0.3832050506794972,negative,0.6305453973676243
s__GGB9299_SGB14259,0.06447230882829966,-0.06447230882829966,0.3832726925175755,negative,0.6305453973676243
s__Pauljensenia_hongkongensis,0.06439222773591395,0.06439222773591395,0.38386506226579736,positive,0.630938431072236
s__Schaalia_SGB17158,0.0640950810253798,-0.0640950810253798,0.38606794615745016,negative,0.6339754221628782
s__GGB9088_SGB14017,0.0639902352824658,-0.0639902352824658,0.3868470389402023,negative,0.6346370748970495
s__GGB47687_SGB2286,0.06392101302920083,-0.06392101302920083,0.3873619399796364,negative,0.6346370748970495
s__GGB3588_SGB4808,0.06389742576495046,0.06389742576495046,0.3875374855113636,positive,0.6346370748970495
s__Lachnospiraceae_bacterium_CLA_AA_H215,0.06363041441974693,0.06363041441974693,0.38952803948272197,positive,0.6368842376927294
s__Turicibacter_sanguinis,0.06357369482842197,0.06357369482842197,0.38995167365549627,positive,0.6368842376927294
s__Enterococcus_sp_MJM12,0.06356989071129977,0.06356989071129977,0.38998009624546404,positive,0.6368842376927294
s__Enterococcus_faecium,0.06349106356514822,0.06349106356514822,0.39056933703256486,positive,0.6372634978090752
s__GGB4689_SGB6487,0.06333469474216956,0.06333469474216956,0.3917397961717935,positive,0.6385895307458003
s__GGB9253_SGB14198,0.06324843983062337,0.06324843983062337,0.3923863378119907,positive,0.639059865870806
s__GGB2980_SGB3962,0.06293410902140512,0.06293410902140512,0.3947478948334948,positive,0.642319956497528
s__Prevotella_SGB1687,0.06281484636327123,0.06281484636327123,0.39564613747096067,positive,0.643195223484212
s__Ligilactobacillus_salivarius,0.06251602685085896,0.06251602685085896,0.39790210885804167,positive,0.6455124158703145
s__Bariatricus_massiliensis,0.06250938506975852,-0.06250938506975852,0.397952338914042,negative,0.6455124158703145
s__Clostridium_sp_AF32_12BH,0.06248240809434322,-0.06248240809434322,0.39815639768807637,negative,0.6455124158703145
s__Anaerostipes_caccae,0.06238599132959456,-0.06238599132959456,0.3988862226183023,negative,0.6461088088690287
s__GGB9699_SGB15216,0.06220395348586447,0.06220395348586447,0.4002663303824557,positive,0.6472007341893103
s__GGB3429_SGB71704,0.062201428142092945,0.062201428142092945,0.40028549610364067,positive,0.6472007341893103
s__GGB9574_SGB14987,0.06149026540510506,-0.06149026540510506,0.4057045025280208,negative,0.6553688117760336
s__Kineothrix_SGB4886,0.06139610596964676,0.06139610596964676,0.4064252342730097,positive,0.6559394603773258
s__Limosilactobacillus_mucosae,0.06133029267624848,0.06133029267624848,0.40692944370849243,positive,0.6561599431071897
s__Collinsella_bouchesdurhonensis,0.06100592505802787,-0.06100592505802787,0.4094198936051249,negative,0.6595798827483285
s__Dialister_pneumosintes,0.060884385920228504,-0.060884385920228504,0.4103553652616851,negative,0.6601206945448075
s__Candidatus_Nanosynbacter_sp_HMT_352,0.06081199362449598,-0.06081199362449598,0.4109131578474912,negative,0.6601206945448075
s__Firmicutes_bacterium,0.06080463382189609,-0.06080463382189609,0.41096989113326854,negative,0.6601206945448075
s__Enterocloster_citroniae,0.0607702692227346,-0.0607702692227346,0.41123485284808176,negative,0.6601206945448075
s__GGB9365_SGB14341,0.06046531083691983,0.06046531083691983,0.4135905794355381,positive,0.6627182899626471
s__Ralstonia_mannitolilytica,0.060464659894969644,-0.060464659894969644,0.4135956162568005,negative,0.6627182899626471
s__Lacrimispora_amygdalina,0.06029025605477198,0.06029025605477198,0.4149464052926615,positive,0.6642863977106733
s__Faecalitalea_cylindroides,0.06008346107681921,0.06008346107681921,0.4165514159789619,positive,0.6662583131921568
s__GGB4584_SGB6338,0.05997923943822978,0.05997923943822978,0.4173616926172097,positive,0.6669566887392294
s__GGB9176_SGB14114,0.05968768851336764,0.05968768851336764,0.4196332587475579,positive,0.6699869113277199
s__GGB1385_SGB1890,0.05936885642783327,-0.05936885642783327,0.4221256133845219,negative,0.673363914112039
s__Intestinimonas_gabonensis,0.059047760433808105,0.059047760433808105,0.42464434089188463,positive,0.6763728736627358
s__GGB3817_SGB5182,0.0590318026469888,0.0590318026469888,0.4247697430677461,positive,0.6763728736627358
s__GGB4579_SGB6329,0.05885596346679347,-0.05885596346679347,0.42615297268001,negative,0.6779706383545614
s__Arachnia_SGB15899,0.05874123216749519,-0.05874123216749519,0.4270569035898639,negative,0.6785873216596336
s__Pseudoflavonifractor_sp_AF19_9AC,0.05871028396752494,0.05871028396752494,0.4273009241150858,positive,0.6785873216596336
s__Alistipes_SGB2300,0.05864955847891945,0.05864955847891945,0.4277799668100143,positive,0.6787442140052227
s__GGB9712_SGB15241,0.05822213682986391,-0.05822213682986391,0.4311605127894829,negative,0.6835004576636119
s__GGB9537_SGB14940,0.0581361511878463,0.0581361511878463,0.43184243852458715,positive,0.683974048594843
s__GGB9636_SGB15107,0.058038770839352674,-0.058038770839352674,0.4326154800945721,negative,0.6845909857879533
s__Flavonifractor_sp_An100,0.05779393326307228,-0.05779393326307228,0.4345625982794402,negative,0.6867992551001372
s__GGB9781_SGB15402,0.057766575086025077,0.057766575086025077,0.43478048081969467,positive,0.6867992551001372
s__Lachnospiraceae_bacterium_CLA_AA_H244,0.05762161136034,-0.05762161136034,0.4359360260373914,negative,0.687531464712873
s__Bifidobacterium_adolescentis,0.057572838894526066,0.057572838894526066,0.4363251990789605,positive,0.687531464712873
s__GGB9199_SGB14138,0.05752598696151112,-0.05752598696151112,0.4366992344313879,negative,0.687531464712873
s__GGB42689_SGB59892,0.057515285299707196,-0.057515285299707196,0.4367846952293546,negative,0.687531464712873
s__Parabacteroides_distasonis,0.057399728232086215,0.057399728232086215,0.43770811346720023,positive,0.6883779581840991
s__Saccharomyces_cerevisiae,0.05726735908524449,-0.05726735908524449,0.43876724484077706,negative,0.689436207782383
s__Blautia_sp_MCC283,0.05719003447123999,-0.05719003447123999,0.43938662100628384,negative,0.6898022150362504
s__Mogibacterium_pumilum,0.057031311868256114,-0.057031311868256114,0.4406595600610704,negative,0.6911927194279531
s__Pseudoruminococcus_massiliensis,0.05688939810796013,-0.05688939810796013,0.44179946723193697,negative,0.6923722993933341
s__Tyzzerella_nexilis,0.05680113020752075,-0.05680113020752075,0.4425093134326032,negative,0.6928764249799971
s__GGB3352_SGB4436,0.0566204715210818,-0.0566204715210818,0.4439641772816194,negative,0.6941656172209729
s__Tyzzerella_SGB4587,0.0565501676097581,0.0565501676097581,0.4445310735407142,positive,0.6941656172209729
s__Furfurilactobacillus_milii,0.0565329563194987,-0.0565329563194987,0.4446699193329471,negative,0.6941656172209729
s__GGB9365_SGB14342,0.056505902427735843,0.056505902427735843,0.4448882163029653,positive,0.6941656172209729
s__GGB1527_SGB2110,0.05645084966641839,-0.05645084966641839,0.44533262236492516,negative,0.6942521667435733
s__GGB3363_SGB4447,0.05638768243556479,0.05638768243556479,0.4458428404296257,positive,0.6944410734440504
s__Peptidiphaga_SGB15895,0.05627271866918817,-0.05627271866918817,0.4467722794727276,negative,0.6952820565464853
s__GGB32387_SGB47381,0.05612630813940052,0.05612630813940052,0.44795753522402526,positive,0.6965193383056489
s__GGB9063_SGB13982,0.05598137500211469,-0.05598137500211469,0.44913257395866285,negative,0.6976404131264589
s__Blautia_glucerasea,0.055869942040207475,0.055869942040207475,0.45003718963645273,positive,0.6976404131264589
s__Lawsonella_SGB3665,0.05585216244732957,-0.05585216244732957,0.4501816195032939,negative,0.6976404131264589
s__Actinobaculum_sp_oral_taxon_183,0.05584474520425578,-0.05584474520425578,0.45024188006816845,negative,0.6976404131264589
s__Leuconostoc_lactis,0.055731837867953084,-0.055731837867953084,0.4511597425771022,negative,0.6983346050916003
s__Lawsonibacter_faecis,0.05569341382866559,-0.05569341382866559,0.4514723441320486,negative,0.6983346050916003
s__GGB9710_SGB15239,0.0555063366389968,-0.0555063366389968,0.4529960590507163,negative,0.7000848185329251
s__GGB9561_SGB14972,0.05535018583557006,0.05535018583557006,0.4542700851562806,positive,0.7014464550207273
s__Clostridium_SGB6176,0.05528368222462138,0.05528368222462138,0.45481329223826655,positive,0.7014547880656616
s__Lactobacillus_johnsonii,0.055202896786364385,-0.055202896786364385,0.45547364238103666,negative,0.7014547880656616
s__GGB9701_SGB15218,0.05518445606302938,0.05518445606302938,0.4556244541243035,positive,0.7014547880656616
s__GGB4559_SGB6293,0.05515720502950695,-0.05515720502950695,0.4558473692751639,negative,0.7014547880656616
s__Clostridium_neonatale,0.05504721324451002,-0.05504721324451002,0.4567477271418127,negative,0.702234877646973
s__Clostridium_SGB47280,0.05497979606689792,-0.05497979606689792,0.4573000723205771,negative,0.7024790267575131
s__GGB3733_SGB5066,0.054747167055275915,-0.054747167055275915,0.45920884252557675,negative,0.7048046293277339
s__GGB9641_SGB15117,0.05457747081971348,-0.05457747081971348,0.4606040236123909,negative,0.7063386444571458
s__Ruminococcus_sp_AF13_28,0.054516170640706,0.054516170640706,0.461108588924673,positive,0.7065054345326535
s__GGB3441_SGB4591,0.054445050066544445,-0.054445050066544445,0.46169437017752746,negative,0.7067962699544481
s__Eubacterium_rectale,0.05414626753573445,-0.05414626753573445,0.46415977565175004,negative,0.7096161522985055
s__Dorea_phocaeensis,0.05412549314315423,-0.05412549314315423,0.4643314654815991,negative,0.7096161522985055
s__GGB6612_SGB9346,0.053931236008998726,-0.053931236008998726,0.4659385975687797,negative,0.7111463932257617
s__Parabacteroides_faecis,0.05388383470953312,0.05388383470953312,0.4663312235058082,positive,0.7111463932257617
s__Clostridium_sp_AM29_11AC,0.053816307799020247,0.053816307799020247,0.46689086473184344,positive,0.7111463932257617
s__GGB58158_SGB79798,0.05381202503532082,-0.05381202503532082,0.4669263713504721,negative,0.7111463932257617
s__Erysipelatoclostridium_SGB66626,0.05356813191338205,-0.05356813191338205,0.4689508373644827,negative,0.7120160780225475
s__Anaerobutyricum_hallii,0.053562975109256866,0.053562975109256866,0.46899369400469104,positive,0.7120160780225475
s__Roseburia_sp_AM59_24XD,0.053555631212901085,-0.053555631212901085,0.4690547306163723,negative,0.7120160780225475
s__GGB10692_SGB17347,0.05348333647412623,0.05348333647412623,0.4696558194040611,positive,0.7120160780225475
s__Megasphaera_elsdenii,0.05346756367469536,-0.05346756367469536,0.4697870171668004,negative,0.7120160780225475
s__Bifidobacterium_breve,0.053455097749666974,-0.053455097749666974,0.4698907226389697,negative,0.7120160780225475
s__GGB9347_SGB14313,0.053214200018745154,0.053214200018745154,0.4718972405588352,positive,0.7144500206934019
s__GGB9524_SGB14923,0.05305288451864811,-0.05305288451864811,0.4732435051503681,negative,0.715716386480719
s__GGB9646_SGB15123,0.05300389887016853,0.05300389887016853,0.4736527311426439,positive,0.715716386480719
s__GGB9466_SGB14859,0.0529616759665649,-0.0529616759665649,0.4740056159789624,negative,0.715716386480719
s__GGB9533_SGB14936,0.052921978260904286,0.052921978260904286,0.47433752672643725,positive,0.715716386480719
s__Moraxella_osloensis,0.052728841715215045,-0.052728841715215045,0.4759541380512422,negative,0.7175491017073204
s__GGB58067_SGB79698,0.05257814266289802,-0.05257814266289802,0.4772176123459567,negative,0.7183071257035888
s__Campylobacter_hominis,0.052537932670035675,-0.052537932670035675,0.4775550439363632,negative,0.7183071257035888
s__Clostridium_perfringens,0.052524930990577964,0.052524930990577964,0.4776641782689971,positive,0.7183071257035888
s__Sanguibacteroides_justesenii,0.05247063070961466,-0.05247063070961466,0.47812011366646984,negative,0.718387544524115
s__GGB9059_SGB13976,0.05234803851191992,-0.05234803851191992,0.47915033309352506,negative,0.7187164631083817
s__GGB9225_SGB14166,0.05230715373829272,0.05230715373829272,0.47949418063987287,positive,0.7187164631083817
s__GGB28640_SGB4673,0.05230088054577842,0.05230088054577842,0.4795469510151723,positive,0.7187164631083817
s__GGB3828_SGB5197,0.05222845698799881,-0.05222845698799881,0.48015640872665327,negative,0.7190261657525806
s__Butyricicoccus_SGB14990,0.051941898055613854,0.051941898055613854,0.4825719569060844,positive,0.7220376723196653
s__TM7_phylum_sp_oral_taxon_348,0.051881588588680944,-0.051881588588680944,0.48308116840561877,negative,0.722194209048601
s__Streptococcus_constellatus,0.05180152533299366,0.05180152533299366,0.48375761410279405,positive,0.7226002855008263
s__GGB3278_SGB4328,0.05166855338572921,-0.05166855338572921,0.48488220482032374,negative,0.7231353335730863
s__Muribaculum_gordoncarteri,0.05166337280630773,-0.05166337280630773,0.48492604721959903,negative,0.7231353335730863
s__Roseburia_sp_AF02_12,0.05137087853300582,0.05137087853300582,0.48740482967820153,positive,0.7258190105614468
s__Weissella_viridescens,0.05135507732747007,-0.05135507732747007,0.48753893202418747,negative,0.7258190105614468
s__Ruminococcus_sp_210702_SL_1_03,0.05129489609396129,0.05129489609396129,0.4880498615148488,positive,0.7259741690033376
s__Phocaeicola_faecicola,0.05108858419872849,-0.05108858419872849,0.48980359013202474,negative,0.7270617907226231
s__Clostridiaceae_bacterium_Marseille_Q4145,0.051081996027223596,-0.051081996027223596,0.48985964742565236,negative,0.7270617907226231
s__GGB51269_SGB5061,0.0510651516149324,-0.0510651516149324,0.4900029883693645,negative,0.7270617907226231
s__Bacteroides_salyersiae,0.050947494272436555,-0.050947494272436555,0.49100484120204196,negative,0.7279432238751203
s__GGB3883_SGB5265,0.05083200453164537,-0.05083200453164537,0.49198929736462155,negative,0.7285433460529235
s__Weissella_cibaria,0.05080426337052889,0.05080426337052889,0.4922259245601265,positive,0.7285433460529235
s__GGB3363_SGB4448,0.05065363838381892,0.05065363838381892,0.49351178510172306,positive,0.7298413723335341
s__Phocea_massiliensis,0.050519591291792953,-0.050519591291792953,0.4946576212095797,negative,0.7309303425985925
s__Murimonas_intestini,0.05040859728575166,-0.05040859728575166,0.4956074656797433,negative,0.7317281441177351
s__Candidatus_Gastranaerophilales_bacterium,0.050179766341723234,0.050179766341723234,0.4975687576338815,positive,0.7339981912440472
s__Bianquea_renquensis,0.05009799022042818,0.05009799022042818,0.4982706470228554,positive,0.7339981912440472
s__Clostridium_sp_Marseille_P3244,0.05008541772653891,0.05008541772653891,0.4983786038026808,positive,0.7339981912440472
s__Prevotella_buccae,0.04989817771883344,-0.04989817771883344,0.4999878446888708,negative,0.7357611729345708
s__GGB3593_SGB4817,0.04971965964710061,0.04971965964710061,0.501524667294729,positive,0.7374147702809648
s__GGB4658_SGB6445,0.04960106226500271,-0.04960106226500271,0.5025470156798959,negative,0.7383098131593532
s__Eubacterium_nodatum,0.049453104666569,-0.049453104666569,0.5038239892998488,negative,0.7390403225396939
s__Hydrogenoanaerobacterium_saccharovorans,0.04942791231522809,0.04942791231522809,0.5040415853364072,positive,0.7390403225396939
s__Clostridium_tertium,0.04939958271491811,-0.04939958271491811,0.5042863377329676,negative,0.7390403225396939
s__Christensenella_sp_NSJ_35,0.04907229919637968,0.04907229919637968,0.5071183917558277,positive,0.7421119316349806
s__Clostridium_methylpentosum,0.04903842808019492,-0.04903842808019492,0.5074119581913722,negative,0.7421119316349806
s__Bacteroides_bouchesdurhonensis,0.048961832967263134,-0.048961832967263134,0.5080761466444135,negative,0.7421119316349806
s__GGB3619_SGB4894,0.04888573052362163,0.04888573052362163,0.5087365106867232,positive,0.7421119316349806
s__GGB39037_SGB4393,0.048885346452835717,0.048885346452835717,0.5087398445168698,positive,0.7421119316349806
s__GGB48168_SGB66171,0.04886957515492358,-0.04886957515492358,0.5088767531211296,negative,0.7421119316349806
s__GGB6613_SGB9347,0.04878030554138268,-0.04878030554138268,0.5096520519213953,negative,0.7426358470854617
s__GGB12788_SGB19833,0.04873149009359274,-0.04873149009359274,0.5100762690253117,negative,0.7426477489479456
s__Fusicatenibacter_sp_CLA_AA_H277,0.0486795763273726,0.0486795763273726,0.5105276121373917,positive,0.7426990934517068
s__GGB9691_SGB15198,0.048577698714678916,0.048577698714678916,0.5114139471321855,positive,0.7433826511652696
s__GGB9095_SGB14026,0.04841589803652216,-0.04841589803652216,0.5128232486349416,negative,0.744027292044294
s__GGB9634_SGB15095,0.04840146505355962,-0.04840146505355962,0.5129490589151152,negative,0.744027292044294
s__GGB87445_SGB15180,0.04838324570247864,0.04838324570247864,0.5131078972025355,positive,0.744027292044294
s__Fructilactobacillus_fructivorans,0.04824017358512835,-0.04824017358512835,0.5143560981148617,negative,0.7450081589060942
s__Mediterraneibacter_SGB48424,0.048210052615988666,-0.048210052615988666,0.5146190811939575,negative,0.7450081589060942
s__Bacteroides_ovatus,0.04789087592214087,0.04789087592214087,0.5174100324100647,positive,0.7479062717195376
s__Enterobacter_cancerogenus,0.047885288279069876,-0.047885288279069876,0.5174589611056745,negative,0.7479062717195376
s__Parasutterella_excrementihominis,0.04774962999319969,-0.04774962999319969,0.5186475934252066,negative,0.7481392763319162
s__GGB4591_SGB6350,0.0477119405915675,0.0477119405915675,0.5189780745987043,positive,0.7481392763319162
s__Enterocloster_lavalensis,0.04768534532578715,-0.04768534532578715,0.519211341247375,negative,0.7481392763319162
s__GGB1495_SGB2071,0.047673326355081605,-0.047673326355081605,0.5193167770563216,negative,0.7481392763319162
s__Paraprevotella_xylaniphila,0.04759529462738622,-0.04759529462738622,0.5200015729157195,negative,0.7481392763319162
s__Bacteroides_congonensis,0.04758010537078149,0.04758010537078149,0.5201349254498084,positive,0.7481392763319162
s__Lancefieldella_rimae,0.04730202523733391,0.04730202523733391,0.5225793885322022,positive,0.7499450468261835
s__GGB3057_SGB4059,0.04729930344760715,-0.04729930344760715,0.5226033433144638,negative,0.7499450468261835
s__Candidatus_Saccharibacteria_bacterium_oral_taxon_488,0.04729391404282788,0.04729391404282788,0.5226507777320852,positive,0.7499450468261835
s__Porphyromonas_bennonis,0.047217116995042684,-0.047217116995042684,0.5233269390750994,negative,0.7503121174691185
s__GGB4604_SGB6369,0.04713555344749194,-0.04713555344749194,0.5240455543653675,negative,0.7506805140984799
s__Dialister_SGB5817,0.04708089525865221,0.04708089525865221,0.5245274006928442,positive,0.7506805140984799
s__Catenibacillus_scindens,0.04704482160428124,0.04704482160428124,0.5248455359075086,positive,0.7506805140984799
s__GGB9480_SGB14874,0.04664974478033511,-0.04664974478033511,0.528336137631917,negative,0.754805211332616
s__GGB1455_SGB2018,0.04662274915995719,-0.04662274915995719,0.5285750779640168,negative,0.754805211332616
s__Peptacetobacter_hiranonis,0.046323257941613016,-0.046323257941613016,0.531229553680252,negative,0.7571428439766477
s__Holdemania_filiformis,0.046249349357303404,0.046249349357303404,0.5318856564195796,positive,0.7571428439766477
s__GGB9611_SGB15045,0.046203391940008984,0.046203391940008984,0.5322938357202558,positive,0.7571428439766477
s__Solobacterium_SGB6833,0.046127093468801485,-0.046127093468801485,0.5329718418836701,negative,0.7571428439766477
s__Lachnospiraceae_unclassified_SGB69346,0.04611303228821524,-0.04611303228821524,0.5330968401031088,negative,0.7571428439766477
s__GGB45620_SGB63333,0.04602519990208152,0.04602519990208152,0.533877967191924,positive,0.7571428439766477
s__GGB4569_SGB6312,0.04602235255554845,0.04602235255554845,0.5339032993284116,positive,0.7571428439766477
s__GGB9282_SGB14235,0.0459849062383934,-0.0459849062383934,0.5342365059536651,negative,0.7571428439766477
s__Dorea_longicatena,0.045974335575874575,-0.045974335575874575,0.5343305851737398,negative,0.7571428439766477
s__Intestinimonas_butyriciproducens,0.04591685245665016,0.04591685245665016,0.5348423318373062,positive,0.7571428439766477
s__GGB4698_SGB6498,0.04582689309807585,-0.04582689309807585,0.5356436917956289,negative,0.7571428439766477
s__GGB3118_SGB4130,0.04574837318645787,-0.04574837318645787,0.5363436388827325,negative,0.7571428439766477
s__GGB9768_SGB15386,0.04572578710466275,-0.04572578710466275,0.536545061646295,negative,0.7571428439766477
s__GGB9767_SGB15385,0.04563483770323596,0.04563483770323596,0.5373565305437533,positive,0.7571428439766477
s__Sneathia_vaginalis,0.04562277010661225,-0.04562277010661225,0.5374642460120191,negative,0.7571428439766477
s__GGB9240_SGB14182,0.04560493120438371,-0.04560493120438371,0.5376234959055043,negative,0.7571428439766477
s__Corynebacterium_argentoratense,0.04558645185396566,0.04558645185396566,0.5377884879332131,positive,0.7571428439766477
s__GGB9608_SGB15042,0.04554714049534333,0.04554714049534333,0.5381395614406923,positive,0.7571428439766477
s__Hafnia_alvei,0.0455323924944904,-0.0455323924944904,0.5382712991632302,negative,0.7571428439766477
s__Schaalia_SGB17154,0.04544868444678527,0.04544868444678527,0.5390193320487549,positive,0.7571442655555856
s__Clostridium_sp_NSJ_42,0.04543735090193504,-0.04543735090193504,0.5391206507121284,negative,0.7571442655555856
s__Clostridium_cuniculi,0.045264085042449796,0.045264085042449796,0.5406707755445509,positive,0.7579403753922261
s__Jutongia_hominis,0.045256876489119253,0.045256876489119253,0.5407353147896952,positive,0.7579403753922261
s__Congzhengia_minquanensis,0.045231631617431683,-0.045231631617431683,0.5409613659662164,negative,0.7579403753922261
s__GGB9345_SGB14311,0.0450629273832422,0.0450629273832422,0.5424732022262289,positive,0.7594624831167204
s__GGB9593_SGB15015,0.045004251778877374,0.045004251778877374,0.5429995104861353,positive,0.7596035471925952
s__GGB4683_SGB6473,0.04483831313932069,0.04483831313932069,0.544489310458769,positive,0.7610911661463607
s__Coprococcus_SGB106014,0.04475035656239774,-0.04475035656239774,0.5452798021990393,negative,0.7612537915564486
s__Butyricicoccus_SGB14985,0.04472094096009296,0.04472094096009296,0.5455442949047682,positive,0.7612537915564486
s__GGB4605_SGB6378,0.04463904066915078,-0.04463904066915078,0.5462810402153544,negative,0.7612537915564486
s__GGB3892_SGB5290,0.04455372980213666,0.04455372980213666,0.5470489854299214,positive,0.7612537915564486
s__Bacteroides_uniformis,0.04455192684342488,-0.04455192684342488,0.5470652208900656,negative,0.7612537915564486
s__Fournierella_massiliensis,0.04454090351870046,-0.04454090351870046,0.5471644899534586,negative,0.7612537915564486
s__Oscillospiraceae_unclassified_SGB15256,0.04419231297150948,0.04419231297150948,0.5503082274161774,positive,0.7649477419481543
s__Intestinimonas_sp_MSJ_38,0.044137811536058155,-0.044137811536058155,0.5508005406801402,negative,0.7649477419481543
s__GGB9210_SGB14149,0.04409762943839298,0.04409762943839298,0.551163644478966,positive,0.7649477419481543
s__Enterobacter_ludwigii,0.044042988257027335,0.044042988257027335,0.5516575943988136,positive,0.7649477419481543
s__GGB51959_SGB72479,0.04400929420122068,0.04400929420122068,0.5519622922292564,positive,0.7649477419481543
s__GGB9522_SGB14921,0.043706149140253496,-0.043706149140253496,0.5547073358227306,negative,0.7681556202044795
s__GGB9773_SGB15393,0.04356626103432277,-0.04356626103432277,0.55597628115575,negative,0.7683554864003885
s__Eggerthella_guodeyinii,0.043556472903431336,-0.043556472903431336,0.5560651232741745,negative,0.7683554864003885
s__Veillonellaceae_bacterium,0.04351685687883601,-0.04351685687883601,0.5564247688725039,negative,0.7683554864003885
s__GGB4717_SGB6533,0.04348608006996476,0.04348608006996476,0.5567042471629717,positive,0.7683554864003885
s__Morganella_morganii,0.04330826921294981,-0.04330826921294981,0.558320240558542,negative,0.7683554864003885
s__GGB4571_SGB6321,0.04328695767290841,-0.04328695767290841,0.5585140772971863,negative,0.7683554864003885
s__Flavonifractor_plautii,0.0432834943251761,-0.0432834943251761,0.5585455808542704,negative,0.7683554864003885
s__Sutterella_wadsworthensis,0.04323818192499872,0.04323818192499872,0.558957833707498,positive,0.7683554864003885
s__Anaerovorax_odorimutans,0.0431922876318654,-0.0431922876318654,0.5593755299573924,negative,0.7683554864003885
s__GGB3345_SGB4425,0.043173696436436135,-0.043173696436436135,0.5595447761488123,negative,0.7683554864003885
s__Neisseria_subflava,0.043166118635001714,-0.043166118635001714,0.5596137682388296,negative,0.7683554864003885
s__GGB9712_SGB15244,0.04312182955360339,0.04312182955360339,0.5600170800038686,positive,0.7683554864003885
s__Blautia_sp_An46,0.04298702370094668,-0.04298702370094668,0.56124552827674,negative,0.7687886793947282
s__Klebsiella_oxytoca,0.04296368503362315,0.04296368503362315,0.5614583383003384,positive,0.7687886793947282
s__GGB3433_SGB4574,0.042939315036060695,-0.042939315036060695,0.5616805936498027,negative,0.7687886793947282
s__Streptococcus_rubneri,0.04289820776851297,-0.04289820776851297,0.5620555891373222,negative,0.7687886793947282
s__Prevotella_bivia,0.04278751526225925,-0.04278751526225925,0.5630659626207641,negative,0.769580967287951
s__GGB4550_SGB6272,0.04236689644390066,-0.04236689644390066,0.5669131698004352,negative,0.7741306804843379
s__Streptococcus_cristatus,0.04232880992855181,-0.04232880992855181,0.5672621456994476,negative,0.7741306804843379
s__GGB4703_SGB6510,0.042242088588320785,-0.042242088588320785,0.5680571292002378,negative,0.7746233580003242
s__GGB4642_SGB6421,0.04213306853779828,-0.04213306853779828,0.5690572766329982,negative,0.7750778871130578
s__GGB6606_SGB9340,0.0420960730018143,-0.0420960730018143,0.5693968622800222,negative,0.7750778871130578
s__Paraprevotella_clara,0.0420463891825469,-0.0420463891825469,0.5698530657984694,negative,0.7750778871130578
s__Roseburia_sp_AM23_20,0.04194526674421817,0.04194526674421817,0.5707821193682726,positive,0.7750778871130578
s__Peptostreptococcus_stomatis,0.04192685103579101,-0.04192685103579101,0.5709513890554486,negative,0.7750778871130578
s__Schaalia_meyeri,0.04192202473427847,0.04192202473427847,0.5709957543718045,positive,0.7750778871130578
s__Enterococcus_asini,0.041772572903849677,-0.041772572903849677,0.5723703809933517,negative,0.7761668716122424
s__Clostridium_SGB4750,0.04172026782559404,-0.04172026782559404,0.5728518401294693,negative,0.7761668716122424
s__Eubacterium_hominis,0.041693046227489025,-0.041693046227489025,0.5731024855938014,negative,0.7761668716122424
s__Ruminococcus_lactaris,0.041598708524637935,0.041598708524637935,0.5739715080013239,positive,0.7767544668554687
s__Oscillibacter_hominis,0.041505479118578,0.041505479118578,0.574830928678056,positive,0.7773281876441893
s__GGB3304_SGB4367,0.041404900298643674,0.041404900298643674,0.5757587751215502,positive,0.7779935000696192
s__GGB1543_SGB2126,0.04112940470457052,-0.04112940470457052,0.5783038261266663,negative,0.780841399119591
s__Eubacterium_sp_AF34_35BH,0.04094176558328901,-0.04094176558328901,0.5800402496469692,negative,0.7825939876189266
s__Ruminococcus_gauvreauii,0.04053582345449961,-0.04053582345449961,0.5838051335366294,negative,0.7870786732348063
s__GGB12798_SGB135773,0.04044311702255037,-0.04044311702255037,0.584666513941709,negative,0.7876450772724155
s__Faecalicoccus_pleomorphus,0.040343626417057674,-0.040343626417057674,0.5855915809432547,negative,0.7882963589620736
s__GGB9547_SGB14953,0.04023469875910781,-0.04023469875910781,0.5866051661767605,negative,0.7890657284291767
s__Coprobacter_secundus,0.040093421230469856,0.040093421230469856,0.5879209707996673,positive,0.7902401602992516
s__Leclercia_sp_Colony189,0.03984645191124292,-0.03984645191124292,0.5902243933448871,negative,0.792452987454294
s__Limosilactobacillus_portuensis,0.039821733022483714,0.039821733022483714,0.5904551671228073,positive,0.792452987454294
s__Hungatella_hathewayi,0.03959316679223702,-0.03959316679223702,0.5925909938023036,negative,0.7945692749560034
s__GGB9616_SGB15051,0.039557747441871086,0.039557747441871086,0.5929222824881774,positive,0.7945692749560034
s__Clostridium_scindens,0.039475247199232885,-0.039475247199232885,0.5936942602592601,negative,0.7950069426577488
s__GGB9302_SGB14263,0.039423167569215795,-0.039423167569215795,0.594181818654626,negative,0.7950633780348632
s__GGB9495_SGB14892,0.039257727635461495,-0.039257727635461495,0.5957318352929905,negative,0.7965403190996164
s__GGB3277_SGB4327,0.03889201599939963,0.03889201599939963,0.5991646811618739,positive,0.79996444715693
s__Actinomyces_dentalis,0.03888942259881585,0.03888942259881585,0.5991890564979359,positive,0.79996444715693
s__Schaalia_SGB17153,0.03871755765010039,-0.03871755765010039,0.6008054050599222,negative,0.8015229058534836
s__GGB3109_SGB4121,0.03856727379487744,0.03856727379487744,0.6022203876100767,positive,0.8021422573083871
s__Lachnospiraceae_bacterium_AM48_27BH,0.03854364146126897,0.03854364146126897,0.6024430309234903,positive,0.8021422573083871
s__Gemmiger_SGB15301,0.03852509379535642,0.03852509379535642,0.6026177966669731,positive,0.8021422573083871
s__Streptococcus_infantis,0.03845981371601866,-0.03845981371601866,0.6032330794863864,negative,0.8023629261424737
s__Granulicatella_adiacens,0.03839011854229413,-0.03839011854229413,0.6038902849190928,negative,0.8026389862848702
s__Clostridia_bacterium_UC5_1_1C12,0.03829059954338251,-0.03829059954338251,0.6048292729920066,negative,0.8032888781925088
s__Eisenbergiella_tayi,0.03804413428924345,-0.03804413428924345,0.6071575283538242,negative,0.8057815524993132
s__GGB2732_SGB58358,0.03798084446154862,-0.03798084446154862,0.6077560410395245,negative,0.8058248043045181
s__Adlercreutzia_equolifaciens,0.0379452244312322,-0.0379452244312322,0.6080930035844179,negative,0.8058248043045181
s__Leuconostoc_citreum,0.03754608328370272,-0.03754608328370272,0.6118744785735238,negative,0.8101951280942289
s__Christensenella_timonensis,0.03748378820878622,-0.03748378820878622,0.6124655939523345,negative,0.8101951280942289
s__Yeguia_hominis,0.037435030198706296,-0.037435030198706296,0.6129284312789031,negative,0.8101951280942289
s__GGB87334_SGB6273,0.037405743640441705,0.037405743640441705,0.6132065087144556,positive,0.8101951280942289
s__GGB1221_SGB1590,0.037231265807150166,-0.037231265807150166,0.6148643284226492,negative,0.8117846347887787
s__GGB9616_SGB15052,0.036967112040536834,0.036967112040536834,0.6173779281024433,positive,0.8136113402461576
s__Kluyvera_intermedia,0.0369407365425707,-0.0369407365425707,0.6176291534898697,negative,0.8136113402461576
s__GGB6648_SGB9389,0.036930597861139204,-0.036930597861139204,0.6177257357644255,negative,0.8136113402461576
s__Clostridium_hylemonae,0.03685778244155531,-0.03685778244155531,0.6184195765368672,negative,0.8136113402461576
s__GGB74463_SGB54347,0.03684651825421466,0.03684651825421466,0.6185269404560424,positive,0.8136113402461576
s__Prevotella_oris,0.03675696675204543,0.03675696675204543,0.6193807823690355,positive,0.8141345335263096
s__Lactococcus_lactis,0.03669654186843204,-0.03669654186843204,0.619957200233567,negative,0.8142925698432062
s__GGB2657_SGB3578,0.03664310613838494,-0.03664310613838494,0.6204671387429069,negative,0.8143631196000654
s__Ruminococcus_gnavus,0.03641494185841392,0.03641494185841392,0.6226465501386516,positive,0.8166231388666371
s__GGB9453_SGB14844,0.03622522634105721,0.03622522634105721,0.6244612027407516,positive,0.8184017965434961
s__Phocaeicola_massiliensis,0.03616471075019456,0.03616471075019456,0.6250405181257365,positive,0.8185059660971965
s__GGB9818_SGB15459,0.03608341446838018,-0.03608341446838018,0.6258191286451509,negative,0.8185059660971965
s__GGB3005_SGB3996,0.036073268827957514,0.036073268827957514,0.6259163270155031,positive,0.8185059660971965
s__Actinomyces_oris,0.03595095590153762,-0.03595095590153762,0.6270886296376603,negative,0.8194386558588753
s__GGB3627_SGB4906,0.03587678181939426,0.03587678181939426,0.6278000031223201,positive,0.8197681094172211
s__GGB9620_SGB15068,0.035745385560526616,-0.035745385560526616,0.6290610133031911,negative,0.8207673908415309
s__Leclercia_adecarboxylata,0.03565783228593119,-0.03565783228593119,0.6299018586139901,negative,0.8207673908415309
s__GGB2996_SGB3983,0.03565337064395647,0.03565337064395647,0.6299447201416792,positive,0.8207673908415309
s__Blautia_hydrogenotrophica,0.035378013952493376,0.035378013952493376,0.6325923680710026,positive,0.823615884031174
s__Clostridiaceae_unclassified_SGB15090,0.03528110259154947,0.03528110259154947,0.6335253181324907,positive,0.8236589333635197
s__Oliverpabstia_intestinalis,0.03527871607903926,0.03527871607903926,0.6335483000045449,positive,0.8236589333635197
s__GGB9640_SGB15115,0.03513513767225311,0.03513513767225311,0.634931589904232,positive,0.8240661915004113
s__Youxingia_wuxianensis,0.035129066104426794,0.035129066104426794,0.6349901136473428,positive,0.8240661915004113
s__Frisingicoccus_SGB4674,0.03510246549598101,-0.03510246549598101,0.6352465431398129,negative,0.8240661915004113
s__Drancourtella_SGB106018,0.03504046463452139,-0.03504046463452139,0.6358443989818277,negative,0.8242427394208877
s__GGB4750_SGB6579,0.03498409379325022,-0.03498409379325022,0.6363881705574943,negative,0.8243489727468267
s__Roseburia_lenta,0.034809306506812444,0.034809306506812444,0.6380754605020101,positive,0.8259352407513328
s__Eubacterium_sp_OM08_24,0.03457969603710473,-0.03457969603710473,0.6402948076040605,negative,0.8276437964999039
s__Ruminococcus_SGB4421,0.03457680875969972,-0.03457680875969972,0.6403227355553879,negative,0.8276437964999039
s__Escherichia_coli,0.03442057850957965,-0.03442057850957965,0.6418346662708253,negative,0.8289977418910442
s__Gehongia_tenuis,0.03426232620342038,0.03426232620342038,0.643367668389925,positive,0.8303769255791873
s__GGB4566_SGB6305,0.03415592844365199,-0.03415592844365199,0.644399199114189,negative,0.8311073485685169
s__Blautia_luti,0.034032949732478265,0.034032949732478265,0.6455923293751756,positive,0.8314943134245145
s__GGB4699_SGB6503,0.03402897792495146,0.03402897792495146,0.6456308786590348,positive,0.8314943134245145
s__Olsenella_uli,0.033871812679486954,0.033871812679486954,0.6471570387487311,positive,0.8325992660551055
s__Anaerofilum_hominis,0.03378992387296005,-0.03378992387296005,0.647952807640572,negative,0.8325992660551055
s__Enterobacter_kobei,0.033701790262962376,0.033701790262962376,0.6488097074013341,positive,0.8325992660551055
s__Zhenpiania_hominis,0.033700353820520786,0.033700353820520786,0.6488236773743487,positive,0.8325992660551055
s__Ruminococcus_bicirculans,0.03366782316593269,0.03366782316593269,0.6491400837091986,positive,0.8325992660551055
s__GGB9715_SGB15267,0.033652669600557655,-0.033652669600557655,0.6492874948732251,negative,0.8325992660551055
s__Parabacteroides_SGB1950,0.033366881192594997,-0.033366881192594997,0.6520701388251221,negative,0.8351446402354588
s__Gemmiger_SGB15295,0.033352715144704996,-0.033352715144704996,0.6522081952315011,negative,0.8351446402354588
s__Megasphaera_hominis,0.03327319873565864,-0.03327319873565864,0.6529833483259169,negative,0.8355378328041302
s__Streptococcus_sp_F0442,0.0331992501751512,-0.0331992501751512,0.6537045577258305,negative,0.8358614867769394
s__Leuconostoc_mesenteroides,0.03309484974653406,-0.03309484974653406,0.6547233059006784,negative,0.8365648539962139
s__Ruthenibacterium_lactatiformans,0.03288133403889397,0.03288133403889397,0.6568087950802322,positive,0.8386292555208973
s__GGB49434_SGB69353,0.032808589234248,-0.032808589234248,0.6575199282682495,negative,0.8389371493629916
s__GGB9580_SGB14996,0.03265045569021632,-0.03265045569021632,0.6590668586207508,negative,0.8401916153032719
s__Streptococcus_sinensis,0.03251885889100524,0.03251885889100524,0.6603552991614173,positive,0.8401916153032719
s__Prevotella_marseillensis,0.03247691118304541,0.03247691118304541,0.6607662118285618,positive,0.8401916153032719
s__Coprococcus_eutactus,0.03245146004014856,0.03245146004014856,0.6610155763820503,positive,0.8401916153032719
s__Clostridium_sp_AF27_2AA,0.03238070688410168,-0.03238070688410168,0.6617089958444591,negative,0.8401916153032719
s__Mediterraneibacter_sp_NSJ_151,0.032367687560854896,0.032367687560854896,0.6618366236811384,positive,0.8401916153032719
s__Phocaeicola_abscessus,0.03226182949506277,-0.03226182949506277,0.6628747069821652,negative,0.8401916153032719
s__Drancourtella_massiliensis,0.03222031989016902,0.03222031989016902,0.6632819409790762,positive,0.8401916153032719
s__GGB4586_SGB6344,0.032210893087701836,-0.032210893087701836,0.6633744372930416,negative,0.8401916153032719
s__Atlantibacter_hermannii,0.03217768365597812,0.03217768365597812,0.6637003306324922,positive,0.8401916153032719
s__Clostridium_sp_1001270J_160509_D11,0.0320708590500437,0.0320708590500437,0.6647490577438648,positive,0.8401916153032719
s__Senegalimassilia_anaerobia,0.032040338093574885,0.032040338093574885,0.6650488102130927,positive,0.8401916153032719
s__Clostridium_disporicum,0.03203764940668074,0.03203764940668074,0.6650752188956164,positive,0.8401916153032719
s__Intestinibacillus_massiliensis,0.032035853529233514,0.032035853529233514,0.6650928585005732,positive,0.8401916153032719
s__GGB9765_SGB15382,0.03188263550504997,-0.03188263550504997,0.6665984844948465,negative,0.840400935220435
s__Klebsiella_aerogenes,0.03188052828275185,-0.03188052828275185,0.666619200820563,negative,0.840400935220435
s__GGB9737_SGB15309,0.031875260099662676,-0.031875260099662676,0.6666709939899921,negative,0.840400935220435
s__GGB9719_SGB53514,0.031792383980460866,-0.031792383980460866,0.6674859825065899,negative,0.8408344945478214
s__Limosilactobacillus_fermentum,0.03166849853070437,0.03166849853070437,0.6687049746323754,positive,0.8417760082643091
s__Gemella_haemolysans,0.03149191127376968,-0.03149191127376968,0.6704440328868053,negative,0.8430638438970008
s__Collinsella_SGB14745,0.0314639207367927,-0.0314639207367927,0.6707198491360217,negative,0.8430638438970008
s__Megasphaera_stantonii,0.03142078993061591,-0.03142078993061591,0.671144942396436,negative,0.8430638438970008
s__GGB3511_SGB4688,0.03121160081236275,-0.03121160081236275,0.6732081698968252,negative,0.8438893617148757
s__GGB38987_SGB63305,0.031208414431944137,-0.031208414431944137,0.6732396160107706,negative,0.8438893617148757
s__Plesiomonas_shigelloides,0.03118613676230526,0.03118613676230526,0.6734594882388193,positive,0.8438893617148757
s__Ruminococcus_sp_AF41_9,0.031162461154970605,0.031162461154970605,0.6736931879236403,positive,0.8438893617148757
s__GGB3146_SGB4159,0.031085902195664827,-0.031085902195664827,0.6744491079295234,negative,0.8442437991964932
s__Lachnospiraceae_bacterium,0.031013995955910076,0.031013995955910076,0.6751593852929063,positive,0.8445406466347847
s__GGB9775_SGB15395,0.03082470681991623,0.03082470681991623,0.6770305214585581,positive,0.8462881518231976
s__Catenibacterium_tridentinum,0.030745807692167754,0.030745807692167754,0.6778110297187399,positive,0.8466708803694546
s__Porphyromonas_SGB1980,0.030579038205216996,0.030579038205216996,0.6794619221448177,positive,0.848139532187762
s__GGB9266_SGB14216,0.030382744083162435,-0.030382744083162435,0.6814070408274032,negative,0.8486854046072922
s__Rubneribacter_badeniensis,0.030356455568341496,-0.030356455568341496,0.6816676990207953,negative,0.8486854046072922
s__Candidatus_Soleaferrea_massiliensis,0.0303465450688256,-0.0303465450688256,0.68176597426041,negative,0.8486854046072922
s__GGB9770_SGB15390,0.030343008238958427,0.030343008238958427,0.681801047734934,positive,0.8486854046072922
s__Bacillus_subtilis,0.030134136293660515,-0.030134136293660515,0.6838735629811348,negative,0.8505666367895427
s__Bacteroides_sp_AF39_11AC,0.030094675777300066,0.030094675777300066,0.6842653727897946,positive,0.8505666367895427
s__Actinomyces_sp_oral_taxon_448,0.029910398053634765,-0.029910398053634765,0.6860962105248698,negative,0.8515091858642333
s__Eubacterium_brachy,0.029903937001081654,0.029903937001081654,0.6861604356779446,positive,0.8515091858642333
s__GGB13489_SGB15224,0.02981546390578023,0.02981546390578023,0.6870401155950151,positive,0.8515091858642333
s__GGB3616_SGB4888,0.029800238062911346,-0.029800238062911346,0.6871915471992684,negative,0.8515091858642333
s__GGB51441_SGB71759,0.029778394723346143,-0.029778394723346143,0.6874088161514623,negative,0.8515091858642333
s__GGB9790_SGB15413,0.029643010048184145,0.029643010048184145,0.6887560162249354,positive,0.8525863307638764
s__Dialister_succinatiphilus,0.029510769812301395,-0.029510769812301395,0.6900728722483961,negative,0.8526772464626925
s__GGB3289_SGB4343,0.029484361582545228,0.029484361582545228,0.6903359586220258,positive,0.8526772464626925
s__Ruminococcus_torques,0.0294512817700674,0.0294512817700674,0.6906655615766725,positive,0.8526772464626925
s__Lachnoclostridium_pacaense,0.029443789347464867,0.029443789347464867,0.6907402231849038,positive,0.8526772464626925
s__Mesosutterella_multiformis,0.02936901064247208,-0.02936901064247208,0.6914855525562142,negative,0.8526980606202892
s__Parabacteroides_acidifaciens,0.02934624813875385,0.02934624813875385,0.6917124883911365,positive,0.8526980606202892
s__Candidatus_Nanosynbacter_lyticus,0.029056010790903967,-0.029056010790903967,0.6946084754673586,negative,0.8532363700460761
s__Oscillospiraceae_unclassified_SGB4197,0.028898616809109216,0.028898616809109216,0.6961808059201965,positive,0.8532363700460761
s__Ligilactobacillus_ruminis,0.02884449306157228,-0.02884449306157228,0.6967217897526127,negative,0.8532363700460761
s__Candidatus_Nanoperiomorbus_periodonticus,0.02877740274622977,0.02877740274622977,0.6973925908647716,positive,0.8532363700460761
s__GGB4723_SGB6540,0.028770997411456115,0.028770997411456115,0.6974566467484504,positive,0.8532363700460761
s__Mediterraneibacter_massiliensis,0.028765358943859627,0.028765358943859627,0.6975130354265078,positive,0.8532363700460761
s__GGB9453_SGB14845,0.028752920795684884,-0.028752920795684884,0.697637431594783,negative,0.8532363700460761
s__Colidextribacter_sp_210702_DFI_3_9,0.02875063590829665,-0.02875063590829665,0.6976602840428925,negative,0.8532363700460761
s__GGB3288_SGB4342,0.028738169464120097,0.028738169464120097,0.6977849727749372,positive,0.8532363700460761
s__Neglectibacter_timonensis,0.028728628124460254,-0.028728628124460254,0.6978804102295638,negative,0.8532363700460761
s__Proteus_mirabilis,0.028695682368562063,-0.028695682368562063,0.6982099872845849,negative,0.8532363700460761
s__GGB9261_SGB14209,0.028684784210905947,-0.028684784210905947,0.6983190208165945,negative,0.8532363700460761
s__Enterobacter_hormaechei,0.028637499037702355,0.028637499037702355,0.6987921694638807,positive,0.8532363700460761
s__Enterocloster_asparagiformis,0.02863259798866441,0.02863259798866441,0.6988412173710719,positive,0.8532363700460761
s__GGB9697_SGB15213,0.0285092705400191,-0.0285092705400191,0.700075843348965,negative,0.8536591180216347
s__Cloacibacillus_porcorum,0.02850246972885975,-0.02850246972885975,0.7001439488984164,negative,0.8536591180216347
s__Eubacteriales_unclassified_SGB15148,0.028448300911446532,0.028448300911446532,0.7006864985137374,positive,0.853737474298308
s__Lachnoclostridium_phocaeense,0.02812710453383376,0.02812710453383376,0.7039066738515054,positive,0.8570759978342
s__Solobacterium_SGB6828,0.028013946263432905,-0.028013946263432905,0.7050424085217126,negative,0.8573908614963853
s__GGB9819_SGB15460,0.02800562723740116,-0.02800562723740116,0.7051259297908647,negative,0.8573908614963853
s__Parabacteroides_gordonii,0.02769641663096065,-0.02769641663096065,0.7082328318311154,negative,0.859142936377918
s__GGB3537_SGB4727,0.027695065109643768,-0.027695065109643768,0.70824642233683,negative,0.859142936377918
s__Gemella_morbillorum,0.027684218258636303,-0.027684218258636303,0.7083554984563272,negative,0.859142936377918
s__Butyrivibrio_crossotus,0.027638506469059958,0.027638506469059958,0.7088152421612421,positive,0.859142936377918
s__Prevotella_SGB63829,0.0276227819715848,-0.0276227819715848,0.7089734147253072,negative,0.859142936377918
s__GGB12788_SGB19838,0.027573451254530007,0.027573451254530007,0.7094697126544924,positive,0.8591610835062884
s__Kluyvera_georgiana,0.027519852644491218,0.027519852644491218,0.7100090868804948,positive,0.8592313356485989
s__GGB1096_SGB1408,0.027430001023991086,0.027430001023991086,0.7109136060773159,positive,0.8597430805203313
s__Enterobacter_roggenkampii,0.027334904873235907,0.027334904873235907,0.7118713608885422,positive,0.8603184693202761
s__Kluyvera_sichuanensis,0.027153842139937656,-0.027153842139937656,0.7136961685317134,negative,0.8617232794034279
s__Blautia_sp_An249,0.027123781318137766,-0.027123781318137766,0.7139992886485546,negative,0.8617232794034279
s__GGB35068_SGB47850,0.026928145584361133,-0.026928145584361133,0.7159730852812555,negative,0.8635215927209736
s__Comamonas_kerstersii,0.026879531951769068,0.026879531951769068,0.7164638478661874,positive,0.8635300259562083
s__Enterococcus_diestrammenae,0.026808939337673126,-0.026808939337673126,0.7171766986479081,negative,0.863805942703452
s__GGB9296_SGB14253,0.026595628540595273,0.026595628540595273,0.7193322136536009,positive,0.8658179375399039
s__GGB9350_SGB14317,0.026537118896728332,0.026537118896728332,0.7199238441303683,positive,0.8659461332700183
s__GGB9523_SGB14922,0.02636964454780035,-0.02636964454780035,0.7216182089940737,negative,0.8668317341270452
s__Klebsiella_variicola,0.026368346346496464,-0.026368346346496464,0.7216313484105261,negative,0.8668317341270452
s__Clostridium_sp_AM58_1XD,0.026236585325658437,-0.026236585325658437,0.7229653574172881,negative,0.866947576138163
s__Faecalicatena_contorta,0.026218755280742006,-0.026218755280742006,0.7231459412342773,negative,0.866947576138163
s__GGB9730_SGB15291,0.026203826747555416,0.026203826747555416,0.7232971501193034,positive,0.866947576138163
s__GGB9509_SGB14906,0.02616696869143914,-0.02616696869143914,0.7236705257399793,negative,0.866947576138163
s__GGB9767_SGB15384,0.026063956519742748,0.026063956519742748,0.7247143945107793,positive,0.8676158244143133
s__Faecalimonas_umbilicata,0.02571296857233241,-0.02571296857233241,0.7282749153345758,negative,0.8712940508526928
s__GGB4653_SGB6440,0.02550346636847905,-0.02550346636847905,0.7304029453303919,negative,0.8730073365764587
s__GGB3486_SGB4658,0.025475700644483092,0.025475700644483092,0.7306851321261789,positive,0.8730073365764587
s__Intestinibacillus_sp_Marseille_P6563,0.025315690729044927,-0.025315690729044927,0.732312037916189,negative,0.8743658780470885
s__Faecalicatena_fissicatena,0.024924073503978024,-0.024924073503978024,0.7362988419218001,negative,0.8785383909294205
s__Mediterraneibacter_glycyrrhizinilyticus,0.024801728508573196,0.024801728508573196,0.7375458086558956,positive,0.8791503171031526
s__GGB6470_SGB9153,0.024777117068330565,-0.024777117068330565,0.7377967367061752,negative,0.8791503171031526
s__Streptococcus_sanguinis,0.024675535413182487,-0.024675535413182487,0.7388327141751933,negative,0.8793238391646492
s__Faecalibacillus_intestinalis,0.02465987291760305,0.02465987291760305,0.7389924895675007,positive,0.8793238391646492
s__GGB9719_SGB15272,0.024617949214358364,-0.024617949214358364,0.7394202143339711,negative,0.8793238391646492
s__Veillonella_parvula,0.024413435848565902,-0.024413435848565902,0.7415078972403192,negative,0.8797185464308146
s__GGB4552_SGB6276,0.024405978916166995,-0.024405978916166995,0.7415840537607544,negative,0.8797185464308146
s__GGB2977_SGB3959,0.024383319373607035,-0.024383319373607035,0.7418154876351102,negative,0.8797185464308146
s__Eubacterium_tenue,0.024362284482279336,0.024362284482279336,0.7420303488171797,positive,0.8797185464308146
s__GGB1331_SGB1788,0.024344079510573543,-0.024344079510573543,0.7422163198458301,negative,0.8797185464308146
s__Latilactobacillus_curvatus,0.024208596507100232,0.024208596507100232,0.7436008008714368,positive,0.8797575300350865
s__Streptococcus_intermedius,0.02417929175808022,0.02417929175808022,0.7439003701732605,positive,0.8797575300350865
s__Thermophilibacter_provencensis,0.02412740584994376,0.02412740584994376,0.7444308708025658,positive,0.8797575300350865
s__GGB3446_SGB4597,0.024122077725082132,-0.024122077725082132,0.7444853543273354,negative,0.8797575300350865
s__GGB33665_SGB47358,0.024099766284122047,0.024099766284122047,0.7447135170212973,positive,0.8797575300350865
s__Actinomyces_gerencseriae,0.024034142461162908,-0.024034142461162908,0.7453847323036945,negative,0.8799680867474171
s__GGB9760_SGB15373,0.02377640912072015,0.02377640912072015,0.7480227381084478,positive,0.8820616808213423
s__Blautia_faecicola,0.023764331061716524,0.023764331061716524,0.7481464340411833,positive,0.8820616808213423
s__Candidatus_Kuenenia_stuttgartiensis,0.023656430860592197,-0.023656430860592197,0.7492517654374008,negative,0.8821183896586985
s__Clostridium_celatum,0.02356693296573046,-0.02356693296573046,0.7501689711664964,negative,0.8821183896586985
s__Clostridia_bacterium,0.02354973085280032,0.02354973085280032,0.75034530462246,positive,0.8821183896586985
s__GGB9788_SGB15411,0.023513097329398196,-0.023513097329398196,0.7507208664639943,negative,0.8821183896586985
s__GGB4603_SGB6367,0.023474001336501835,-0.023474001336501835,0.7511217378317202,negative,0.8821183896586985
s__Sutterella_massiliensis,0.023438033622716965,-0.023438033622716965,0.7514905921908918,negative,0.8821183896586985
s__Gordonibacter_urolithinfaciens,0.0233958359637016,0.0233958359637016,0.7519234073711083,positive,0.8821183896586985
s__GGB9551_SGB14958,0.02337394160627886,-0.02337394160627886,0.7521480050759323,negative,0.8821183896586985
s__GGB38239_SGB47716,0.023302507661203946,0.023302507661203946,0.7528809367196904,positive,0.8823982088277396
s__GGB9781_SGB66170,0.023218872544716877,0.023218872544716877,0.7537393364640605,positive,0.8828246165277875
s__Cuneatibacter_caecimuris,0.02289135574047361,-0.02289135574047361,0.7571037442631446,negative,0.8861837268916153
s__Hafnia_paralvei,0.022679915924297932,-0.022679915924297932,0.7592781860114934,negative,0.8870295550112275
s__Gardnerella_vaginalis,0.02267831529778687,0.02267831529778687,0.7592946540391051,positive,0.8870295550112275
s__Burkholderia_contaminans,0.022676126221323863,-0.022676126221323863,0.7593171765026081,negative,0.8870295550112275
s__Longicatena_caecimuris,0.0226139495500084,0.0226139495500084,0.7599569699305396,positive,0.887196331802494
s__Phocaeicola_coprophilus,0.022226705703828772,0.022226705703828772,0.7639453323225199,positive,0.8912695543762733
s__GGB9469_SGB14863,0.02215436639443297,-0.02215436639443297,0.7646910732654636,negative,0.8913430242308644
s__Coprobacillus_sp_AF33_1AC,0.02212372581763436,0.02212372581763436,0.7650070101522041,positive,0.8913430242308644
s__GGB9238_SGB14180,0.021937431674963065,0.021937431674963065,0.7669287336092744,positive,0.8929992103669634
s__Coprococcus_sp_OM04_5BH,0.021787661763954497,-0.021787661763954497,0.7684747223303697,negative,0.8937742064960879
s__Lacticaseibacillus_rhamnosus,0.021730340817900706,-0.021730340817900706,0.7690666556243578,negative,0.8937742064960879
s__Bifidobacterium_longum,0.021727454994446904,-0.021727454994446904,0.7690964600436925,negative,0.8937742064960879
s__Anaerotignum_faecicola,0.021661856918958305,0.021661856918958305,0.7697740398590137,positive,0.893979610376278
s__GGB4549_SGB6271,0.021602238258391044,0.021602238258391044,0.7703900079918575,positive,0.894113240744776
s__Actinomyces_israelii,0.021474934382589423,0.021474934382589423,0.7717057667619998,positive,0.8945079738993182
s__GGB4745_SGB6571,0.02145826278262535,-0.02145826278262535,0.7718781256606795,negative,0.8945079738993182
s__Actinomyces_massiliensis,0.021420160839171285,-0.021420160839171285,0.7722720835112826,negative,0.8945079738993182
s__Roseburia_SGB4939,0.021375433494969776,0.021375433494969776,0.7727346194693271,positive,0.8945079738993182
s__Ezakiella_SGB6726,0.02116901158286958,0.02116901158286958,0.774870312149611,positive,0.8963989029080075
s__Lactiplantibacillus_plantarum,0.02109483190134468,-0.02109483190134468,0.775638207387785,negative,0.8967060882041425
s__GGB79087_SGB105683,0.020954084539566323,-0.020954084539566323,0.7770957973380453,negative,0.8978097076041495
s__Ezakiella_coagulans,0.020834340007298797,-0.020834340007298797,0.7783364936537183,negative,0.8986614755316217
s__GGB9784_SGB15407,0.020767555814769356,0.020767555814769356,0.7790287013367163,positive,0.8988792707731341
s__Lactococcus_cremoris,0.020560387298399634,0.020560387298399634,0.781177074431732,positive,0.9004234215877479
s__GGB41904_SGB59003,0.02054122804467495,-0.02054122804467495,0.7813758431593398,negative,0.9004234215877479
s__GGB3276_SGB4326,0.020424487773331973,0.020424487773331973,0.7825872771660153,positive,0.9012376062847337
s__Fusobacterium_mortiferum,0.0203560663811755,-0.0203560663811755,0.7832975411380527,negative,0.9014739593368305
s__Simiaoa_sunii,0.020201434958181535,0.020201434958181535,0.784903387216839,positive,0.9027400426430784
s__Clostridium_sp_AF20_17LB,0.020074114511360312,-0.020074114511360312,0.7862262913539875,negative,0.9036792852974035
s__Clostridiaceae_bacterium_Marseille_Q3526,0.01988813068625797,-0.01988813068625797,0.78815982819608,negative,0.9053187215765783
s__Cloacibacillus_evryensis,0.019787144864159122,-0.019787144864159122,0.7892102467920308,negative,0.9059423090185048
s__GGB3175_SGB4191,0.01968985376018074,0.01968985376018074,0.7902225937890563,positive,0.9065214202528699
s__Streptococcus_sp_HF_1907,0.019573758458760304,-0.019573758458760304,0.7914310643059923,negative,0.9073246305627465
s__Hydrogenoanaerobacterium_SGB53821,0.019266099350091628,0.019266099350091628,0.7946359775262979,positive,0.9090488354984133
s__GGB1689_SGB2321,0.019255775165552227,-0.019255775165552227,0.7947435854743512,negative,0.9090488354984133
s__Lactococcus_petauri,0.019238437685239192,0.019238437685239192,0.7949243010196132,positive,0.9090488354984133
s__GGB9512_SGB14909,0.019177036720703595,-0.019177036720703595,0.7955643957319432,negative,0.9090488354984133
s__Dorea_formicigenerans,0.019098965930327467,0.019098965930327467,0.7963784676142688,positive,0.9090488354984133
s__Lawsonella_clevelandensis,0.01909339711141578,-0.01909339711141578,0.796436544077434,negative,0.9090488354984133
s__Brotolimicola_acetigignens,0.019087319105858525,-0.019087319105858525,0.7964999320557526,negative,0.9090488354984133
s__Megasphaera_sp_AM44_1BH,0.018733847818809577,0.018733847818809577,0.8001885881814068,positive,0.9126751628778346
s__Peptoniphilus_lacrimalis,0.01866166411324217,-0.01866166411324217,0.800942409247715,negative,0.9129515967478744
s__GGB42184_SGB59334,0.018573873368130434,-0.018573873368130434,0.8018594638137745,negative,0.9134136202345804
s__Alistipes_montrealensis,0.01848830374795099,0.01848830374795099,0.8027535773135998,positive,0.9138489384596783
s__GGB1661_SGB2275,0.01836764714221359,-0.01836764714221359,0.8040147482831503,negative,0.9147012910678288
s__Klebsiella_pneumoniae,0.01799289580278805,0.01799289580278805,0.8079350743702003,positive,0.9185758648094315
s__Eubacteriaceae_bacterium,0.017918232141401747,0.017918232141401747,0.8087167164781001,positive,0.9188792736558935
s__Zhenhengia_yiwuensis,0.017805194636165568,0.017805194636165568,0.8099004484185283,positive,0.9196388679561533
s__GGB9695_SGB15211,0.01774556234577123,-0.01774556234577123,0.8105250934444428,negative,0.9197630589944885
s__Sutterella_SGB9281,0.01766736713320108,-0.01766736713320108,0.8113443653973444,negative,0.9201078095516263
s__Hydrogeniiclostridium_mannosilyticum,0.017480209929671205,-0.017480209929671205,0.8133060916881646,negative,0.9217469039132532
s__Clostridium_SGB4909,0.01717454470653532,-0.01717454470653532,0.8165124778806699,negative,0.9232726346760451
s__GGB1662_SGB2276,0.017128634949807573,-0.017128634949807573,0.8169943295450275,negative,0.9232726346760451
s__Blautia_wexlerae,0.017114900554386667,0.017114900554386667,0.8171384939716052,positive,0.9232726346760451
s__GGB3653_SGB4964,0.016994728384201494,0.016994728384201494,0.8184001541165397,positive,0.9232726346760451
s__Schaalia_cardiffensis,0.016962028995843717,-0.016962028995843717,0.8187435384073538,negative,0.9232726346760451
s__Prevotella_stercorea,0.016941494782839794,-0.016941494782839794,0.818959190841421,negative,0.9232726346760451
s__Roseburia_sp_BX1005,0.016926105997813697,-0.016926105997813697,0.8191208143623503,negative,0.9232726346760451
s__Monoglobus_pectinilyticus,0.01691085444289825,-0.01691085444289825,0.8192810041195658,negative,0.9232726346760451
s__GGB9602_SGB15028,0.016902231915777617,0.016902231915777617,0.8193715713451919,positive,0.9232726346760451
s__Porphyromonas_SGB1982,0.016859092899637353,0.016859092899637353,0.8198247204266282,positive,0.9232726346760451
s__Victivallis_vadensis,0.01670198169454579,0.01670198169454579,0.8214755812469705,positive,0.9242550130882846
s__GGB9189_SGB14128,0.016677527353738796,-0.016677527353738796,0.8217326082751303,negative,0.9242550130882846
s__Corynebacterium_durum,0.016601950646137918,0.016601950646137918,0.8225270761193958,positive,0.924566014403729
s__GGB4774_SGB6609,0.016548475116662402,-0.016548475116662402,0.8230893238585534,negative,0.924615760281635
s__Enterocloster_aldenensis,0.016352821087756937,-0.016352821087756937,0.825147218058405,negative,0.925358594072758
s__Clostridium_SGB6177,0.016345744728128817,0.016345744728128817,0.8252216698192983,positive,0.925358594072758
s__Streptococcus_infantarius,0.016337747117918324,-0.016337747117918324,0.825305816114191,negative,0.925358594072758
s__Enterobacter_asburiae,0.016224267205230233,-0.016224267205230233,0.8265000011285325,negative,0.926115820473591
s__GGB4567_SGB6307,0.01613825132501378,-0.01613825132501378,0.8274054388411406,negative,0.9265487505216035
s__Turicibacter_bilis,0.01591614392672943,-0.01591614392672943,0.8297444802703318,negative,0.928585515537644
s__GGB9694_SGB15204,0.01583061016365891,0.01583061016365891,0.8306456477489937,positive,0.9290115797192693
s__Bacteroides_intestinalis,0.01575911831492759,-0.01575911831492759,0.8313990418467173,negative,0.9292719409495244
s__Fusobacterium_SGB6028,0.015622709035976737,-0.015622709035976737,0.8328369734473811,negative,0.9302582535477297
s__Lachnospiraceae_bacterium_OF09_6,0.015511077354044748,-0.015511077354044748,0.8340141299454039,negative,0.9302582535477297
s__Roseburia_hominis,0.015463757546579894,0.015463757546579894,0.8345132290197055,positive,0.9302582535477297
s__Slackia_SGB14780,0.015453618924436639,-0.015453618924436639,0.8346201733318183,negative,0.9302582535477297
s__Slackia_exigua,0.015425154933970385,0.015425154933970385,0.8349204336787245,positive,0.9302582535477297
s__GGB9060_SGB13977,0.015378902392869417,0.015378902392869417,0.8354083924016867,positive,0.9302582535477297
s__Weissella_confusa,0.015292066671947848,0.015292066671947848,0.8363246683701141,positive,0.9306979632423028
s__Pyramidobacter_piscolens,0.015118332053168168,0.015118332053168168,0.8381585470527528,positive,0.9307873071878733
s__Lachnospiraceae_bacterium_NSJ_143,0.015061336326008978,-0.015061336326008978,0.8387603634513484,negative,0.9307873071878733
s__Dysosmobacter_SGB15074,0.01499399576029948,-0.01499399576029948,0.8394715312469289,negative,0.9307873071878733
s__Segatella_sinensis,0.014974152880267658,0.014974152880267658,0.8396811120365332,positive,0.9307873071878733
s__Bradyrhizobium_denitrificans,0.014957773395884567,-0.014957773395884567,0.8398541208854008,negative,0.9307873071878733
s__GGB9636_SGB15109,0.014942940300875928,-0.014942940300875928,0.8400108025666976,negative,0.9307873071878733
s__Slackia_isoflavoniconvertens,0.014938746845374837,-0.014938746845374837,0.8400550990922486,negative,0.9307873071878733
s__Lactobacillus_acidophilus,0.014805052842041725,-0.014805052842041725,0.8414676050844881,negative,0.9316641180228015
s__GGB4657_SGB6444,0.014503418388975339,-0.014503418388975339,0.8446562909548819,negative,0.9316641180228015
s__Dialister_invisus,0.014469947540965176,-0.014469947540965176,0.8450102799303302,negative,0.9316641180228015
s__GGB9412_SGB14770,0.014450032371793393,-0.014450032371793393,0.8452209182581712,negative,0.9316641180228015
s__Desulfovibrio_legallii,0.01444654525435065,0.01444654525435065,0.8452578018554622,positive,0.9316641180228015
s__Candidatus_Nanosynbacter_SGB19893,0.014420569215923142,-0.014420569215923142,0.845532563647075,negative,0.9316641180228015
s__GGB9252_SGB14196,0.014392272721692707,0.014392272721692707,0.8458318912854503,positive,0.9316641180228015
s__Alistipes_indistinctus,0.014360731402255914,0.014360731402255914,0.8461655695334515,positive,0.9316641180228015
s__GGB9491_SGB14888,0.014330551853483139,-0.014330551853483139,0.8464848671136701,negative,0.9316641180228015
s__GGB9743_SGB15349,0.014289645220865448,-0.014289645220865448,0.8469176964140089,negative,0.9316641180228015
s__Clostridium_paraputrificum,0.014275190685129769,0.014275190685129769,0.8470706494801935,positive,0.9316641180228015
s__GGB1526_SGB2108,0.014271497780478462,-0.014271497780478462,0.8471097274795556,negative,0.9316641180228015
s__GGB51647_SGB4348,0.01407419131470477,0.01407419131470477,0.8491981473020918,positive,0.9333858946639371
s__Pseudocitrobacter_faecalis,0.01392829527069587,-0.01392829527069587,0.8507430819763098,negative,0.9340473168712541
s__Clostridiaceae_bacterium_AF18_31LB,0.013918534355255113,0.013918534355255113,0.8508464634356634,positive,0.9340473168712541
s__Anaerosacchariphilus_sp_NSJ_68,0.013735380154289297,0.013735380154289297,0.8527867867954515,positive,0.935601975679091
s__Diplocloster_agilis,0.013662066036452617,-0.013662066036452617,0.853563720009109,negative,0.9358791401819776
s__Christensenella_minuta,0.01357808949032455,-0.01357808949032455,0.8544538194686301,negative,0.9361778776532312
s__Eubacterium_ramulus,0.013537404555028117,0.013537404555028117,0.8548851207701775,positive,0.9361778776532312
s__Ligaoa_zhengdingensis,0.01319221063685137,0.01319221063685137,0.8585462419061839,positive,0.9394767269144326
s__GGB9258_SGB14205,0.013154145126847734,-0.013154145126847734,0.8589501503217669,negative,0.9394767269144326
s__Eubacterium_callanderi,0.01307441827944735,-0.01307441827944735,0.8597962405640492,negative,0.9398262641805437
s__Cryptobacterium_curtum,0.013018631313634467,-0.013018631313634467,0.8603883671041677,negative,0.9398979408084084
s__Phocaeicola_vulgatus,0.012902841155880166,-0.012902841155880166,0.8616176196181725,negative,0.940665107656537
s__Emergencia_timonensis,0.012714267553393268,-0.012714267553393268,0.8636202668122528,negative,0.9418675073239529
s__GGB1420_SGB1957,0.012640861545265518,-0.012640861545265518,0.864400072656127,negative,0.9418675073239529
s__Pyramidobacter_porci,0.012624121773238775,-0.012624121773238775,0.8645779207758955,negative,0.9418675073239529
s__Peptostreptococcus_SGB749,0.012573010495210478,0.012573010495210478,0.8651209836583745,positive,0.9418675073239529
s__Blautia_hansenii,0.01251425711706856,-0.01251425711706856,0.8657453227254749,negative,0.9418675073239529
s__GGB3609_SGB4877,0.01250112153900286,-0.01250112153900286,0.8658849184978188,negative,0.9418675073239529
s__GGB9266_SGB14215,0.01237491171603697,0.01237491171603697,0.8672263994336712,positive,0.9421731621893512
s__Christensenella_intestinihominis,0.012369359970617187,-0.012369359970617187,0.8672854175295229,negative,0.9421731621893512
s__Bifidobacterium_pullorum,0.01228595973858516,0.01228595973858516,0.8681720958108823,positive,0.9421731621893512
s__GGB9642_SGB15119,0.012234646566314572,-0.012234646566314572,0.8687177189666887,negative,0.9421731621893512
s__TM7_phylum_sp_oral_taxon_349,0.012201260036981017,0.012201260036981017,0.8690727578824525,positive,0.9421731621893512
s__GGB9343_SGB14307,0.012119234121290366,-0.012119234121290366,0.8699451486340225,negative,0.9421731621893512
s__GGB4700_SGB6506,0.012118261824010766,0.012118261824010766,0.8699554904942557,positive,0.9421731621893512
s__Eubacteriaceae_bacterium_Marseille_Q4139,0.012000930851895221,0.012000930851895221,0.8712036452572905,positive,0.9421731621893512
s__GGB3189_SGB4212,0.011916095534231183,-0.011916095534231183,0.8721063129874544,negative,0.9421731621893512
s__Enterocloster_clostridioformis,0.011892785726195012,0.011892785726195012,0.8723543638072752,positive,0.9421731621893512
s__Collinsella_SGB14754,0.01187988224823744,0.01187988224823744,0.872491681244176,positive,0.9421731621893512
s__Enterobacter_cloacae,0.011829317735136973,-0.011829317735136973,0.8730298200883255,negative,0.9421731621893512
s__Prevotella_lascolaii,0.011803822230638633,0.011803822230638633,0.873301181140683,positive,0.9421731621893512
s__Klebsiella_quasipneumoniae,0.011779928334146466,-0.011779928334146466,0.873555508920659,negative,0.9421731621893512
s__Neobittarella_massiliensis,0.011612674270607302,0.011612674270607302,0.8753361305975481,positive,0.9429741412707122
s__Clostridium_butyricum,0.011610929692933532,0.011610929692933532,0.8753547070507396,positive,0.9429741412707122
s__Citrobacter_koseri,0.011525237213174017,0.011525237213174017,0.8762672535631564,positive,0.943387845362023
s__Merdimonas_faecis,0.011398505241330572,-0.011398505241330572,0.8776171318613221,negative,0.9442715975723085
s__GGB1219_SGB1586,0.011234357261817774,-0.011234357261817774,0.8793660688169964,negative,0.9443062440528767
s__GGB3550_SGB4747,0.01116457218613633,-0.01116457218613633,0.8801097807693479,negative,0.9443062440528767
s__GGB53380_SGB74412,0.01111791638162505,0.01111791638162505,0.8806070585180917,positive,0.9443062440528767
s__GGB4554_SGB6285,0.011091812065843708,-0.011091812065843708,0.8808853099937664,negative,0.9443062440528767
s__Sellimonas_intestinalis,0.01102477184952766,-0.01102477184952766,0.8815999727176248,negative,0.9443062440528767
s__GGB3328_SGB4406,0.01097704482616799,-0.01097704482616799,0.882108811069925,negative,0.9443062440528767
s__GGB4604_SGB6371,0.010929106678142937,-0.010929106678142937,0.8826199488929067,negative,0.9443062440528767
s__Victivallis_lenta,0.010922588044698615,0.010922588044698615,0.8826894572064687,positive,0.9443062440528767
s__GGB45613_SGB63326,0.010909377374821814,-0.010909377374821814,0.88283032557998,negative,0.9443062440528767
s__Prevotella_timonensis,0.010899133228692685,0.010899133228692685,0.8829395637670875,positive,0.9443062440528767
s__Clostridium_sp_AM49_4BH,0.010815828480071453,-0.010815828480071453,0.8838279635977855,negative,0.9444153467950686
s__Fenollaria_timonensis,0.010764897070225364,-0.010764897070225364,0.8843711908315124,negative,0.9444153467950686
s__Eisenbergiella_massiliensis,0.01072352578109199,-0.01072352578109199,0.8848124908638516,negative,0.9444153467950686
s__GGB34228_SGB72916,0.010620334780012512,0.010620334780012512,0.885913364701655,positive,0.9444153467950686
s__GGB4583_SGB6334,0.010581405082085885,-0.010581405082085885,0.8863287357365276,negative,0.9444153467950686
s__Mitsuokella_multacida,0.010575101608750855,0.010575101608750855,0.8863959952819827,positive,0.9444153467950686
s__Olsenella_sp_oral_taxon_807,0.010542379028454505,0.010542379028454505,0.8867451659543613,positive,0.9444153467950686
s__GGB4669_SGB6458,0.010450559034138681,0.010450559034138681,0.8877250597167817,positive,0.9448951887861988
s__Ruminococcus_bromii,0.010279615097883334,0.010279615097883334,0.8895498085779845,positive,0.946273187313291
s__Methanobrevibacter_smithii,0.010202362893992392,0.010202362893992392,0.890374631783647,positive,0.9465864906097736
s__Peptoniphilus_grossensis,0.009955459290344854,-0.009955459290344854,0.8930116109640526,negative,0.9488248366493058
s__GGB2848_SGB3813,0.009786703777709946,0.009786703777709946,0.8948146300425318,positive,0.9501749640844255
s__Clostridiaceae_unclassified_SGB4771,0.009589879173351263,-0.009589879173351263,0.8969182255847357,negative,0.951842468887487
s__Methanobrevibacter_oralis,0.009180120141274518,0.009180120141274518,0.9012998823746552,positive,0.9559241176700889
s__GGB9759_SGB15372,0.008931318410339414,-0.008931318410339414,0.9039618467502868,negative,0.9578536268452698
s__Parabacteroides_johnsonii,0.008909778201906388,-0.008909778201906388,0.9041923592348905,negative,0.9578536268452698
s__GGB3142_SGB4155,0.008615171256274711,0.008615171256274711,0.907345890375555,positive,0.9605681779304271
s__GGB4684_SGB6478,0.008554172255482563,0.008554172255482563,0.9079990184739888,positive,0.9605681779304271
s__Clostridium_SGB4751,0.0085195983928745,-0.0085195983928745,0.9083692349280453,negative,0.9605681779304271
s__Clostridium_saudiense,0.008322432455214464,-0.008322432455214464,0.9104808600264185,negative,0.9616873404648834
s__GGB9634_SGB15097,0.008320169372665151,0.008320169372665151,0.9105051010563882,positive,0.9616873404648834
s__Christensenella_hongkongensis,0.008163510431759457,-0.008163510431759457,0.9121833543627562,negative,0.9628901759535895
s__Alistipes_senegalensis,0.007849810570475717,-0.007849810570475717,0.9155451136565869,negative,0.9654303244067579
s__Lactococcus_garvieae,0.007802076214292146,0.007802076214292146,0.9160567909345766,positive,0.9654303244067579
s__Bifidobacterium_pseudocatenulatum,0.0077875686832654745,-0.0077875686832654745,0.9162123078683742,negative,0.9654303244067579
s__Butyricicoccus_intestinisimiae,0.007654363110718584,-0.007654363110718584,0.9176403846432339,negative,0.9663646528543791
s__Ruminococcus_bovis,0.007579880600659027,0.007579880600659027,0.9184390155465798,positive,0.9666354025652388
s__Enterocloster_bolteae,0.007421878186683561,0.007421878186683561,0.920133449093088,positive,0.9674390041812009
s__Candidatus_Saccharibacteria_unclassified_SGB19847,0.00740760677968808,0.00740760677968808,0.9202865149017809,positive,0.9674390041812009
s__Paratractidigestivibacter_faecalis,0.00732000515364358,-0.00732000515364358,0.92122613680115,negative,0.9678567711536509
s__GGB9730_SGB15290,0.007194703600854428,0.007194703600854428,0.9225703203219803,positive,0.9681762073981376
s__Bacteroides_clarus,0.0071866729721307854,-0.0071866729721307854,0.9226564771242083,negative,0.9681762073981376
s__GGB9667_SGB15164,0.00713998670185821,-0.00713998670185821,0.9231573697432103,negative,0.9681762073981376
s__Clostridium_sp_AF36_4,0.006916448460490521,0.006916448460490521,0.9255561059674297,positive,0.969624869291656
s__Eubacterium_siraeum,0.006889365051535653,0.006889365051535653,0.9258467776788317,positive,0.969624869291656
s__Parabacteroides_sp_TM07_1AC,0.00682703535002236,-0.00682703535002236,0.9265157661879887,negative,0.969624869291656
s__GGB9759_SGB15370,0.006808799753658269,-0.006808799753658269,0.9267114997263671,negative,0.969624869291656
s__GGB9715_SGB15266,0.006644806222292757,-0.006644806222292757,0.9284719364341344,negative,0.9707880725691582
s__Anaerostipes_hadrus,0.0066039158997711735,0.0066039158997711735,0.9289109400269593,positive,0.9707880725691582
s__Sutterella_sp_AM11_39,0.006548316868882892,-0.006548316868882892,0.9295078925434611,negative,0.9708435273201159
s__GGB9787_SGB15410,0.006387843069170088,-0.006387843069170088,0.9312310779932941,negative,0.9717234825505283
s__Faecalibacillus_faecis,0.006368468346979546,0.006368468346979546,0.9314391476996942,positive,0.9717234825505283
s__Massilistercora_timonensis,0.006259758497093879,0.006259758497093879,0.9326066941778358,positive,0.972003210401192
s__GGB3606_SGB4870,0.006242100214174403,-0.006242100214174403,0.9327963582169423,negative,0.972003210401192
s__Intestinimonas_massiliensis,0.006039200365908666,0.006039200365908666,0.9349759332549619,positive,0.9737059748308675
s__GGB4558_SGB6289,0.005761962214657665,0.005761962214657665,0.9379548378973661,positive,0.9762012250694618
s__GGB3256_SGB4303,0.00571442445051524,-0.00571442445051524,0.9384657155289616,negative,0.9762012250694618
s__GGB9695_SGB15209,0.005617880212110617,0.005617880212110617,0.9395033317832351,positive,0.9762909108108428
s__Lapidilactobacillus_dextrinicus,0.005603041085369386,-0.005603041085369386,0.9396628254575728,negative,0.9762909108108428
s__Bacteroides_sp_GM023,0.005553738170954531,-0.005553738170954531,0.9401927594867445,negative,0.9762909108108428
s__GGB3124_SGB4136,0.005449890168951604,-0.005449890168951604,0.9413090588655815,negative,0.9764544411163067
s__GGB4704_SGB6511,0.005394998032682979,0.005394998032682979,0.9418991604429259,positive,0.9764544411163067
s__GGB9539_SGB14942,0.005386423320959157,-0.005386423320959157,0.9419913431945548,negative,0.9764544411163067
s__GGB9288_SGB14243,0.00524250614980675,0.00524250614980675,0.9435386440566241,positive,0.9773792914865784
s__GGB4599_SGB6362,0.00520158360552646,0.00520158360552646,0.9439786546346561,positive,0.9773792914865784
s__Porphyromonas_sp_HMSC065F10,0.004990115504989152,0.004990115504989152,0.9462526856903895,positive,0.9786340079520323
s__Limosilactobacillus_vaginalis,0.0049746343594554146,0.0049746343594554146,0.9464191801227453,positive,0.9786340079520323
s__GGB34228_SGB53814,0.004882327720064773,-0.004882327720064773,0.9474119544286083,negative,0.9786340079520323
s__GGB9782_SGB15403,0.004846549495066309,0.004846549495066309,0.9477967774575207,positive,0.9786340079520323
s__Lactobacillus_kitasatonis,0.0048339995793599,-0.0048339995793599,0.9479317645653018,negative,0.9786340079520323
s__GGB9783_SGB15405,0.004753382918592942,0.004753382918592942,0.9487989139238805,positive,0.97896304124516
s__Enterococcus_gallinarum,0.004644328236536873,-0.004644328236536873,0.949972051061951,negative,0.9789921826874775
s__Lachnospira_sp_NSJ_43,0.004638730562653714,-0.004638730562653714,0.9500322700072705,negative,0.9789921826874775
s__Candidatus_Saccharibacteria_unclassified_SGB19846,0.0045978075332611425,0.0045978075332611425,0.9504725224635285,positive,0.9789921826874775
s__Streptococcus_oralis,0.004479159430041183,0.004479159430041183,0.951749030302896,positive,0.9797416488412165
s__Clostridium_saccharogumia,0.004306382953993616,-0.004306382953993616,0.9536081116672337,negative,0.9804312273496282
s__GGB9303_SGB14264,0.004242042523005751,0.004242042523005751,0.954300481635911,positive,0.9804312273496282
s__GGB9634_SGB15093,0.004240156364402146,0.004240156364402146,0.954320779183188,positive,0.9804312273496282
s__Anaerotignum_lactatifermentans,0.004212727668882164,0.004212727668882164,0.9546159513353802,positive,0.9804312273496282
s__GGB4585_SGB6340,0.004145996734673805,0.004145996734673805,0.9553340977153014,positive,0.980604579886034
s__Flavonifractor_sp_An112,0.003944081962782677,-0.003944081962782677,0.9575072850498246,negative,0.9814125800082629
s__GGB42378_SGB59548,0.003872850050288791,0.003872850050288791,0.9582740221671447,positive,0.9814125800082629
s__GGB1095_SGB1407,0.003823850184018278,0.003823850184018278,0.9588014768036636,positive,0.9814125800082629
s__Oscillibacter_sp_PC13,0.0037830694635274447,0.0037830694635274447,0.9592404708365005,positive,0.9814125800082629
s__Bacteroides_finegoldii,0.003773009946861311,-0.003773009946861311,0.959348760852289,negative,0.9814125800082629
s__Rothia_SGB49305,0.0037438820824441457,-0.0037438820824441457,0.9596623245292158,negative,0.9814125800082629
s__GGB3303_SGB4364,0.0037153061891565,-0.0037153061891565,0.959969952209763,negative,0.9814125800082629
s__Enterococcus_thailandicus,0.0036114550357591183,-0.0036114550357591183,0.9610879890838355,negative,0.9819626551902807
s__Peptoniphilus_duerdenii,0.0035122575204376287,-0.0035122575204376287,0.9621559969006643,negative,0.9819626551902807
s__Pediococcus_pentosaceus,0.003512037451258788,-0.003512037451258788,0.962158366346107,negative,0.9819626551902807
s__Prevotella_colorans,0.0034307191741959715,-0.0034307191741959715,0.963033928190463,negative,0.9822946067542723
s__Bacteroides_xylanisolvens,0.003262305790174621,0.003262305790174621,0.9648473909886991,positive,0.9835822917845962
s__Phascolarctobacterium_succinatutens,0.003069352189143972,-0.003069352189143972,0.9669253221475237,negative,0.9849296721878718
s__Fusicatenibacter_saccharivorans,0.0029867088747196156,-0.0029867088747196156,0.9678153828756347,negative,0.9849296721878718
s__Eubacterium_sp_AF16_48,0.002948751561829714,-0.002948751561829714,0.9682241929603059,negative,0.9849296721878718
s__GGB4277_SGB5832,0.0028530579177607988,0.0028530579177607988,0.9692548747967161,positive,0.9849296721878718
s__Pluralibacter_gergoviae,0.0028276866832162694,0.0028276866832162694,0.9695281478548908,positive,0.9849296721878718
s__Clostridium_sp_AF12_28,0.0028108234646160558,0.0028108234646160558,0.9697097832091439,positive,0.9849296721878718
s__Veillonella_tobetsuensis,0.0027809482074467374,-0.0027809482074467374,0.9700315763060384,negative,0.9849296721878718
s__Roseburia_intestinalis,0.00269230004132621,-0.00269230004132621,0.9709864538724953,negative,0.9853047815919557
s__GGB4257_SGB5789,0.002644161768495081,-0.002644161768495081,0.9715049947349256,negative,0.9853047815919557
s__GGB2653_SGB3574,0.0025556545532020845,0.0025556545532020845,0.9724584169943616,positive,0.9857116833247788
s__GGB42389_SGB59559,0.0024483100209202486,-0.0024483100209202486,0.9736148118816503,negative,0.9863237452944074
s__GGB9708_SGB15234,0.0023911392209110803,-0.0023911392209110803,0.9742307207300996,negative,0.9863878823047236
s__Enterococcus_hirae,0.002289281423023066,0.002289281423023066,0.9753280862476315,positive,0.9868877641916369
s__Olsenella_phocaeensis,0.0022224423954845876,0.0022224423954845876,0.9760482021563799,positive,0.9868877641916369
s__Slackia_equolifaciens,0.0021913609648559766,0.0021913609648559766,0.9763830765055636,positive,0.9868877641916369
s__Mediterraneibacter_faecis,0.0020334709149834223,0.0020334709149834223,0.9780842617457954,positive,0.9880477686566185
s__GGB3677_SGB4990,0.001857712823286085,-0.001857712823286085,0.9799780820167032,negative,0.9894009481899407
s__Romboutsia_timonensis,0.0018045066732506488,0.0018045066732506488,0.9805514089608838,positive,0.9894201611052444
s__Faecalibacterium_sp_CLA_AA_H233,0.0016611308286806445,0.0016611308286806445,0.9820964151268846,positive,0.9900223762877122
s__Sutterella_parvirubra,0.0016461830660750977,0.0016461830660750977,0.9822574949050634,positive,0.9900223762877122
s__Solobacterium_moorei,0.0015784216160380784,-0.0015784216160380784,0.9829877133789725,negative,0.9901992485222719
s__Bilophila_wadsworthia,0.0014759504014523403,-0.0014759504014523403,0.9840920017340115,negative,0.9903317483901163
s__bacterium_210917_SL_2_15,0.001463250649407429,0.001463250649407429,0.9842288636661436,positive,0.9903317483901163
s__GGB31234_SGB14869,0.0008859500027236391,0.0008859500027236391,0.9904507065044658,positive,0.9959918306643696
s__GGB9424_SGB14794,0.0007508798355229946,0.0007508798355229946,0.9919065187323092,positive,0.9959918306643696
s__Bilophila_SGB15451,0.0007500202727444011,-0.0007500202727444011,0.9919157833558537,negative,0.9959918306643696
s__Holdemanella_biformis,0.0007342295787611767,-0.0007342295787611767,0.9920859803480387,negative,0.9959918306643696
s__Cloacibacillus_SGB15503,0.0005750500466817634,-0.0005750500466817634,0.9938016853122771,negative,0.9971534616539711
s__Raoultibacter_timonensis,0.0004387941602545806,0.0004387941602545806,0.9952703323159888,positive,0.9980660354966517
s__Collinsella_intestinalis,0.0002676779635784356,-0.0002676779635784356,0.997114746398893,negative,0.9990088336846445
s__Phocaeicola_faecalis,0.00021223297351002254,-0.00021223297351002254,0.9977123763404594,negative,0.9990088336846445
s__GGB33512_SGB15203,0.0001308687575382735,-0.0001308687575382735,0.9985893864030339,negative,0.9990088336846445
s__Bifidobacterium_bifidum,0.0001279335050322144,-0.0001279335050322144,0.9986210249930091,negative,0.9990088336846445
s__Clostridium_SGB6173,9.195478517586356e-05,-9.195478517586356e-05,0.9990088336846445,negative,0.9990088336846445
