feature,p_value,u_stat,cohens_d,cohens_d_raw,log2_fc,ad_mean,control_mean,direction,p_adj
s__Pyramidobacter_piscolens,0.7161543431442259,3717.0,0.031733263394258096,0.031733263394258096,0.0,-1.3531454658514168,-1.4163656400607365,up,0.7600092167136999
s__Alistipes_onderdonkii,0.10439691634849585,4404.0,0.3295831320231369,0.3295831320231369,0.7712776183201515,2.7489317701754694,1.6105946883425506,up,0.18766213059623876
s__Alistipes_putredinis,0.04638750153790283,4531.0,0.3640265731214462,0.3640265731214462,0.7204528870914999,4.024797292219655,2.442677222193226,up,0.1858477904339497
s__Prevotella_SGB63829,0.12078904533682253,3307.0,0.057995511757205055,-0.057995511757205055,-0.006712111706398082,3.9333584750129833,3.9517009877961433,down,0.20244924500115324
s__Porphyromonas_SGB1982,0.12148441135988697,3308.0,0.035388092281062454,0.035388092281062454,0.0,-1.2212043283159868,-1.2444952717157352,up,0.20323305930402835
s__Parabacteroides_merdae,0.30438732963633797,4198.0,0.23401780765609584,0.23401780765609584,0.3068679067725513,3.036929931799446,2.4550386141372686,up,0.3796865013283461
s__Alistipes_finegoldii,0.5909655241815385,4029.0,0.2172230823447354,0.2172230823447354,0.0,0.541414997896332,-0.07176608080932112,up,0.6467648440613404
s__Phocaeicola_vulgatus,0.6818360407823518,3701.0,0.027082124121991066,-0.027082124121991066,-0.026501733347473286,4.7311324675005535,4.818844639115474,down,0.7305386151239484
s__Collinsella_aerofaciens,0.21230205063689966,4274.0,0.2548355174305476,0.2548355174305476,0.5057912691850308,3.0147477339646764,2.1232084494367327,up,0.288620838070728
s__Methanobrevibacter_oralis,0.12148441135988697,3308.0,0.019267611667770846,0.019267611667770846,0.0,-0.26086008759626395,-0.2714396271388943,up,0.20323305930402835
s__Bacteroides_caccae,0.0995418090535975,4412.0,0.31269180488914605,0.31269180488914605,0.7061668675947177,2.961025999472898,1.8149506122082668,up,0.1858477904339497
s__Alistipes_ihumii,0.5323948096100658,4059.0,0.23979784298411105,0.23979784298411105,0.0,0.42785017843688583,-0.22017723559317237,up,0.5946963298835841
s__Gemmiger_formicilis,0.1438355392821305,4348.0,0.32323634794143163,0.32323634794143163,0.8985943392226519,3.1096176827328788,1.6680272726925383,up,0.21925400309018184
s__Clostridium_leptum,0.18309682696794505,4303.0,0.17862898222665358,0.17862898222665358,0.5919496990297737,1.2780627721872153,0.8479252525532376,up,0.2573447528643952
s__Parabacteroides_goldsteinii,0.6649153388525659,3993.0,0.2510025364471301,0.2510025364471301,0.0,-0.8069356029225837,-1.5007924434026572,up,0.7154152380059253
s__Odoribacter_splanchnicus,0.0031395581147844794,4863.0,0.45796163693877234,0.45796163693877234,2.0702526049581187,2.084730479848747,0.49641144220828776,up,0.1858477904339497
s__Phascolarctobacterium_faecium,0.21443369609507645,3414.0,0.15555728553854264,-0.15555728553854264,-0.45407746449878195,1.7384672329899873,2.3815376218991178,down,0.2906333694227118
s__Vescimonas_coprocola,0.024102044883022998,4622.0,0.38574070450676234,0.38574070450676234,0.0,1.1509060968719955,-0.2259301338674252,up,0.1858477904339497
s__Ruthenibacterium_lactatiformans,0.879104183143242,3790.0,0.0690471171798524,0.0690471171798524,0.057374935621823074,4.343109354669373,4.173776485124315,up,0.9018396361555673
s__GGB9715_SGB15265,0.42813085652804783,4117.0,0.19705771050050488,0.19705771050050488,0.6634655417834743,1.6585224761164423,1.0471245269199705,up,0.4988339287875753
s__Ruminococcus_bromii,0.8585815767565479,3781.0,0.02157550749201695,0.02157550749201695,0.029117552477814067,4.050939103424941,3.9699995534703585,up,0.8848545695787748
s__GGB9480_SGB14874,0.06774373476323782,3212.0,0.0980129727347176,-0.0980129727347176,-1.4734680313325446,0.09860807623748577,0.2738234016087496,down,0.1858477904339497
s__Bacteroides_uniformis,0.32673350969105197,3504.0,0.09359640091333833,-0.09359640091333833,-0.06264566998679535,5.592797016489533,5.841001035185114,down,0.40056271620778006
s__Blautia_obeum,0.5711152665155557,4039.0,0.15085195233136295,0.15085195233136295,0.18053334325038278,3.540644312160368,3.124182165189843,up,0.6312326629908773
s__Evtepia_gabavorous,0.5024051192473951,4075.0,0.17658997902227455,0.17658997902227455,0.376988802683476,2.1854723848697466,1.6829080412682929,up,0.5672315862470589
s__Anaerobutyricum_hallii,0.6111272638217942,4019.0,0.11257703330160938,0.11257703330160938,0.12002590305588309,4.170168065609322,3.8372682576530455,up,0.6659720182673399
s__Alistipes_communis,0.0132979482733648,4698.0,0.48063948535021517,0.48063948535021517,0.0,1.215556897952107,-0.3816968652251771,up,0.1858477904339497
s__Butyricimonas_faecihominis,0.6295290005557932,4010.0,0.24613338286749734,0.24613338286749734,0.0,-0.1810263322089663,-0.540478424765707,up,0.6814489181274049
s__Faecalibacterium_prausnitzii,0.4452118587540129,4107.0,0.3532045324637545,0.3532045324637545,0.2794897011046931,6.555139269835766,5.400663762649427,up,0.5150376979105075
s__Hungatella_hathewayi,0.3441752392362152,3516.0,0.08316146466468936,-0.08316146466468936,0.0,-0.8246918345474994,-0.5198397994891619,down,0.41792707621540415
s__Desulfovibrio_piger,0.9249819087489507,3876.0,0.35921528895112437,0.35921528895112437,1.2480803765929667,0.8130276569788178,0.3422911645670204,up,0.9407935653087619
s__Ruminococcus_torques,0.8905417457709865,3891.0,0.061837774360589355,0.061837774360589355,0.08654337889695654,3.1191779457918076,2.9375684728743723,up,0.9114776469043642
s__Christensenella_hongkongensis,0.7139916931612236,3716.0,0.01713375856401146,-0.01713375856401146,0.0,-0.9536317670244842,-0.9086149407842575,down,0.7586161739838001
s__Bacteroides_faecis,0.00915892635359834,2943.0,0.17175116617809208,-0.17175116617809208,-0.40905969132544884,0.5404651675325058,0.7176405104403923,down,0.1858477904339497
s__Parabacteroides_distasonis,0.36833743737163716,4154.0,0.12066676719496787,0.12066676719496787,0.1054325243777936,4.2564872863880865,3.9565165634814607,up,0.44274904088105876
s__GGB9760_SGB15374,0.037638748342644454,4561.0,0.504695257183542,0.504695257183542,2.34780225496817,1.1953428707141152,0.23481919399717677,up,0.1858477904339497
s__Lentihominibacter_faecis,0.4016096185663488,4133.0,0.21558847501770653,0.21558847501770653,2.8104635218082787,0.7260879810090216,0.10350359301640626,up,0.4753800856372232
s__Clostridium_SGB6179,0.022686298218521698,3056.0,0.16816415375704663,-0.16816415375704663,0.0,-1.8504942116851237,-1.364374200560634,down,0.1858477904339497
s__Faecalibacterium_SGB15346,0.33392990399572364,4177.0,0.18570625492226397,0.18570625492226397,0.5271115805078,2.306509900631126,1.6005856773791098,up,0.4077051153436161
s__Alistipes_shahii,0.4180679940513017,4123.0,0.2336887426933266,0.2336887426933266,0.5362209977686434,2.573692451481074,1.7747535115566333,up,0.4896662528750482
s__GGB3518_SGB4697,0.11803868551944824,3303.0,0.214707659458547,-0.214707659458547,-0.014196745697239662,4.1217574714405965,4.162517574489296,down,0.19971474279830814
s__Ligilactobacillus_salivarius,0.4662127249192326,4095.0,0.13146281188618808,0.13146281188618808,0.0,-0.2791660625279927,-0.7087986593425821,up,0.5331132056251314
s__Eggerthella_lenta,0.1271605894862276,3316.0,0.19403113819917572,-0.19403113819917572,-0.37645756084131465,2.0806891766157545,2.701047526761745,down,0.20881476746358443
s__Holdemanella_porci,0.6274726848091059,3675.0,0.20345122146921496,0.20345122146921496,0.27935129936041425,1.3921734759908833,1.1470972399218624,up,0.6800478095836393
s__Dorea_longicatena,0.2231145544377331,3422.0,0.09659088321771926,-0.09659088321771926,-0.07744378263835718,4.352167723665578,4.592176009345029,down,0.30034651558925607
s__Anaerotruncus_colihominis,0.21766003172178094,4269.0,0.24326735372334524,0.24326735372334524,0.0,0.31353788599987553,-0.425735802387529,up,0.2941129119026336
s__Raoultibacter_timonensis,0.4538959872343159,3584.0,0.0009209204136401131,0.0009209204136401131,0.011793536393028955,0.24605871959692696,0.2440554731667691,up,0.523387814737244
s__GGB1215_SGB1581,0.0849957892676986,3248.0,0.2529555765263038,-0.2529555765263038,-0.01742308076911858,3.8541115025648844,3.900938871837173,down,0.1858477904339497
s__Candidatus_Cibionibacter_quicibialis,0.5770369350225049,4036.0,0.18726392670329567,0.18726392670329567,0.2308777803497206,4.325951738371487,3.68621390308735,up,0.6365951353616632
s__Anaerobutyricum_soehngenii,0.15698053377667825,4332.0,0.26774212245755086,0.26774212245755086,0.47662606470765956,3.1930072720750857,2.2946749013701537,up,0.23062572246203347
s__Blautia_schinkii,0.06308708139551314,3201.0,0.19450087828067494,-0.19450087828067494,0.0,-0.7685775188762484,-0.552323224015086,down,0.1858477904339497
s__Phocaeicola_massiliensis,0.28830959464702477,3476.0,0.0759504593266811,0.0759504593266811,0.6919775671770146,0.6201434720887017,0.3838717675569273,up,0.36472900527635665
s__Streptococcus_salivarius,0.10879774012075728,3289.0,0.2535937493279559,-0.2535937493279559,-0.17218250761710585,4.2028803602316716,4.735644872069692,down,0.19039604521132525
s__Clostridium_innocuum,0.02881816574428014,3088.0,0.34933768222713335,-0.34933768222713335,-1.1621147174953068,0.9776873544940482,2.1879197387892626,down,0.1858477904339497
s__GGB3433_SGB4573,0.07360779539964395,3225.0,0.13961938460793694,-0.13961938460793694,0.0,-0.3099193953147663,-0.09352930007595614,down,0.1858477904339497
s__Blautia_massiliensis,0.294937710280875,4205.0,0.24311504169453177,0.24311504169453177,0.293904928299033,3.5872033822184926,2.9260503912793805,up,0.3702277164918157
s__Blautia_wexlerae,0.8021149035861675,3756.0,0.03592520169525655,0.03592520169525655,0.018884938267420336,5.5847418544629255,5.512113740203648,up,0.8377853147462312
s__Bilophila_wadsworthia,0.7998755243861899,3755.0,0.0030976579156714256,-0.0030976579156714256,-0.006432979528145834,2.0455220737614166,2.0546634255121714,down,0.835935486551141
s__Coprococcus_catus,0.12643998101053996,4371.0,0.28043870252725284,0.28043870252725284,0.5290749493433173,2.0886603969699644,1.4474394410227762,up,0.20839830665172102
s__Gordonibacter_massiliensis,0.004222789078973528,2855.0,0.29703677265962364,-0.29703677265962364,0.0,-3.0900042287641787,-2.637896759707854,down,0.1858477904339497
s__Escherichia_coli,0.6233687338561307,3673.0,0.07228310629948498,-0.07228310629948498,-0.0929588378014878,3.661842181991615,3.9055573701114694,down,0.6768328405919667
s__Phocaeicola_dorei,0.3441752392362152,4170.0,0.23282772551873654,0.23282772551873654,0.543541612961739,2.6594189315723016,1.8245863715344313,up,0.41792707621540415
s__Ruminococcus_gnavus,0.9295860094299646,3812.0,0.07647667163756316,0.07647667163756316,0.09519677369673324,4.009565012403223,3.7535324544305926,up,0.9433263370281334
s__Eubacteriaceae_bacterium,0.6670213345507303,3694.0,0.03761197224749896,0.03761197224749896,0.4414224270221209,0.4867556649941823,0.35845085725768494,up,0.7172488446825624
s__Diplocloster_modestus,0.30712374273397225,3490.0,0.19184169094056525,0.19184169094056525,0.0,-1.7690784446478154,-1.938854205417088,up,0.3817659336909056
s__GGB3653_SGB4964,0.5613105918158858,3642.0,0.03567287997655858,0.03567287997655858,0.1360346410130452,1.1185595639563486,1.0179081886340609,up,0.6223226126654386
s__GGB9176_SGB14114,0.31543044299074807,3496.0,0.12549342549112252,0.12549342549112252,0.0,-1.6723760686569742,-1.793774984586601,up,0.39018942532119566
s__Pyramidobacter_porci,0.07645098466516617,3231.0,0.02649701815475871,-0.02649701815475871,-0.014180295875346898,0.8951252714471104,0.9039668674621515,down,0.1858477904339497
s__Bacteroides_stercoris,0.5005608796472654,4076.0,0.18168830860060384,0.18168830860060384,0.3151860629520853,2.9135307558892443,2.341742552986023,up,0.5655070697280815
s__Bacteroides_thetaiotaomicron,0.4504109237838483,4104.0,0.20690917401251135,0.20690917401251135,0.1808088616014529,4.208149398568473,3.712464068739463,up,0.5200410730622052
s__Mediterraneibacter_massiliensis,0.4180679940513017,3563.0,0.06039636048937985,0.06039636048937985,0.0,-1.774404973677817,-1.854477820728446,up,0.4896662528750482
s__Bacteroides_cellulosilyticus,0.11137762597041358,4393.0,0.3158260201634896,0.3158260201634896,2.099209961110052,1.2115564620287702,0.2827603384582358,up,0.19301850714290122
s__Blautia_faecis,0.1947986759877689,3395.0,0.1513155587434116,-0.1513155587434116,-0.09564450982762543,4.111633389326714,4.393455688504381,down,0.26996555639609277
s__Wujia_chipingensis,0.37143025404870944,4152.0,0.2574128897689556,0.2574128897689556,1.615784979553189,1.055475939535338,0.3443884614785153,up,0.44496845870935997
s__Phocaeicola_abscessus,0.08038055136746912,3239.0,0.06774485861437975,-0.06774485861437975,0.0,-1.1429497156608537,-1.1166936885307963,down,0.1858477904339497
s__Ruminococcus_bicirculans,0.9526388096249886,3864.0,0.0707005084876095,0.0707005084876095,0.6087243628091461,0.7787942905849466,0.5107148273463037,up,0.9623431098928152
s__Bacteroides_salyersiae,0.025593768790767763,3072.0,0.10706522118822535,-0.10706522118822535,-0.9832197064482942,0.2506516581397162,0.49550632889945984,down,0.1858477904339497
s__Corynebacterium_argentoratense,0.13304103191180877,3324.0,0.09577424531176167,0.09577424531176167,0.0,-1.8044968573808453,-1.8854177710941877,up,0.21336769268874992
s__Romboutsia_timonensis,0.746663525752961,3955.0,0.0037872189926843984,0.0037872189926843984,0.006210487938245573,2.50766570098085,2.496893947956716,up,0.7872382713934055
s__Bacteroides_xylanisolvens,0.8449518551627921,3911.0,0.006846808749306183,0.006846808749306183,0.01195366994926173,2.6271900407621054,2.6055119891333285,up,0.8723187168684696
s__GGB3345_SGB4425,0.17192419602190856,3371.0,0.09069546792542064,-0.09069546792542064,-0.18161217483158676,1.2127073199936422,1.3753926881333305,down,0.2464937268265918
s__Bacteroides_nordii,0.5790172342354145,4035.0,0.1667556626768664,0.1667556626768664,0.0,-0.2841137000896449,-0.8215878374905585,up,0.6383852767820969
s__Bacteroides_ovatus,0.9803528730016953,3834.0,0.10062655539564652,0.10062655539564652,0.10351939694230687,4.274192132435213,3.9782456534849175,up,0.9853208774256903
s__Limosilactobacillus_mucosae,0.7842468870508424,3748.0,0.12895986649505012,0.12895986649505012,0.0,-1.9339884487669359,-2.393461845302806,up,0.8215262285127662
s__Lentihominibacter_hominis,0.7510558813146834,3953.0,0.14870460056763207,0.14870460056763207,0.0,-0.74070552435136,-1.1255721883349912,up,0.7914018584101002
s__Agathobaculum_butyriciproducens,0.010131825753538213,2955.0,0.26855685574431803,-0.26855685574431803,-0.15771723985398298,4.567904148764366,5.095591474127469,down,0.1858477904339497
s__Bifidobacterium_longum,0.5829873784619286,3653.0,0.045611317122742,-0.045611317122742,-0.06733621775595294,3.6906362122302823,3.866975851786257,down,0.6407835409818612
s__GGB4659_SGB6447,0.05529868541294915,3181.0,0.2010318055766371,-0.2010318055766371,0.0,-0.11014781971615654,-0.040254031486477784,down,0.1858477904339497
s__Roseburia_hominis,0.883676318609391,3894.0,0.03245848034665847,0.03245848034665847,0.05389963324235665,2.825560753455647,2.7219443592263772,up,0.9054892242926309
s__Intestinimonas_butyriciproducens,0.8813897567546035,3791.0,0.09646985735391858,0.09646985735391858,0.0,-0.7435175472013014,-0.9624525177487064,up,0.903664971744381
s__Candidatus_Nanosynsacchari_sp_TM7_ANC_38_39_G1_1,0.4048698163833925,3555.0,0.15765374766356002,-0.15765374766356002,0.0,-0.31690097058868305,0.10174067413695936,down,0.4776554013511934
s__Ruminococcus_sp_AF13_28,0.4591519853766268,4099.0,0.11458635021232658,0.11458635021232658,0.22438396719161732,2.727008309882639,2.334211243641272,up,0.5270651407699543
s__Bacteroides_eggerthii,0.5079593270368401,3614.0,0.17159607984390823,0.17159607984390823,1.1511402858724904,0.6924745192064236,0.31179995067623084,up,0.5724162870964392
s__Blautia_glucerasea,0.6754714402933121,3988.0,0.11744061430124596,0.11744061430124596,0.30035715053401413,1.786458048607543,1.4506956553656005,up,0.7254612039251276
s__Segatella_copri,0.8494901516730615,3777.0,0.17412252260035005,0.17412252260035005,0.0,-0.43169924950280475,-1.2471887036176004,up,0.8764970640094883
s__GGB41458_SGB58520,0.9711105609074834,3830.0,0.14094454983042476,0.14094454983042476,0.2653560619035982,0.9615179054031234,0.7999765230634351,up,0.9782349611850213
s__Clostridium_scindens,0.24238954529093604,3439.0,0.08291339928320354,-0.08291339928320354,0.0,-0.4625773825549587,-0.17233556729717525,down,0.32025561683517456
s__Lachnospiraceae_bacterium,0.835890827789005,3915.0,0.06512202735833847,0.06512202735833847,0.1970374294210373,1.3004287800716825,1.1344161374606512,up,0.8659693137570366
s__Porphyromonas_SGB1977,0.4349170398874982,3573.0,0.206649815209763,0.206649815209763,0.0,-1.5743696307438038,-1.7092031086877943,up,0.5054211694005105
s__Streptococcus_sp_HF_1907,0.11803868551944824,3303.0,0.0410883456777809,-0.0410883456777809,0.0,-0.4551735872611845,-0.44245410054271106,down,0.19971474279830814
s__Faecalibacillus_intestinalis,0.9849750958729844,3836.0,0.05177071256602464,0.05177071256602464,0.143393546436782,2.0793335044348997,1.8826014670168307,up,0.9894094238228909
s__GGB1456_SGB2019,0.8540334412764802,3779.0,0.29396064934441773,0.29396064934441773,0.0,-3.3878335197752016,-3.8031691461359007,up,0.8806757323388313
s__GGB9237_SGB14179,0.7731362114721327,3943.0,0.17991458173058622,0.17991458173058622,0.0,-1.4820721293427448,-1.758315854069075,up,0.8113157774707567
s__Anaerofustis_stercorihominis,0.8951232935970244,3797.0,0.14617171725518155,0.14617171725518155,0.0,-2.153234884895174,-2.506432323817438,up,0.9156418791236037
s__Dorea_sp_AF36_15AT,0.6946329954314923,3979.0,0.17239921081411502,0.17239921081411502,0.0,-0.4415154981679498,-1.0311778060961698,up,0.7420226791413607
s__Dorea_formicigenerans,0.835890827789005,3771.0,0.04009131453572331,0.04009131453572331,0.06337805605775398,2.8142035631502114,2.6932508937438375,up,0.8659693137570366
s__Faecalicatena_fissicatena,0.36988183697717403,3533.0,0.052325715816274335,-0.052325715816274335,-0.12820524155540527,1.8382958463605967,2.0091345831750123,down,0.4440074505744826
s__Lachnospira_eligens,0.08552156400182814,3249.0,0.2026783367307061,-0.2026783367307061,-0.7618643973648267,0.9939300866323947,1.68538790640044,down,0.1858477904339497
s__Eubacterium_ventriosum,0.023208501331670312,4627.0,0.3919452374616781,0.3919452374616781,0.0,1.4409687254792996,-0.2344967552247924,up,0.1858477904339497
s__GGB9545_SGB14951,0.39513667404547614,3549.0,0.17769644855754146,0.17769644855754146,0.0,-1.1102080556546394,-1.2269509651429318,up,0.46958652674512313
s__Mediterraneibacter_faecis,0.8859638499333452,3793.0,0.004267760916720765,0.004267760916720765,0.005171723464971578,3.2603478698136144,3.2486812107390466,up,0.9073123764377632
s__Coprobacillus_cateniformis,0.08189579889575963,3242.0,0.1698471656832917,-0.1698471656832917,0.0,-1.6049721476229766,-1.1794039627663944,down,0.1858477904339497
s__Streptococcus_anginosus,0.020539676452891842,4643.0,0.3664263643484202,0.3664263643484202,0.0,0.17502814485507945,-0.8045625625804322,up,0.1858477904339497
s__Eggerthella_sinensis,0.056039605178763746,3183.0,0.22794529895986892,-0.22794529895986892,0.0,-1.1767228966742072,-0.6650523319109409,down,0.1858477904339497
s__TM7_phylum_sp_oral_taxon_352,0.00035583266136975523,2610.0,0.5572865831586246,-0.5572865831586246,-1.553393191135132,0.6320966519316208,1.855245708091613,down,0.1858477904339497
s__Mediterraneibacter_butyricigenes,0.04734973414325949,4528.0,0.3412263611869932,0.3412263611869932,0.0,0.41184291349743823,-0.3613854870864224,up,0.1858477904339497
s__Candidatus_Nanoperiomorbus_periodonticus,0.9341924681584535,3814.0,0.060421668867898695,0.060421668867898695,0.0,-2.011364669488827,-2.107212572738065,up,0.9469242224093353
s__Anaerostipes_hadrus,0.4504109237838483,3582.0,0.01386028700475973,0.01386028700475973,0.011934748012767785,4.880510472475504,4.840302808320332,up,0.5200410730622052
s__Fusicatenibacter_saccharivorans,0.5098178638298946,3615.0,0.006268390568227587,-0.006268390568227587,-0.004600598457126033,4.862232233854066,4.877762114990085,down,0.5741481936507015
s__GGB2998_SGB3988,0.21336595210971931,4273.0,0.3559242502721567,0.3559242502721567,0.0,-2.061551031915306,-2.8220254648256904,up,0.2896260262477939
s__GGB12798_SGB135773,0.28830959464702477,3476.0,0.08494959365047311,-0.08494959365047311,0.0,-2.2603359989659206,-2.0638486449657827,down,0.36472900527635665
s__Bacteroides_clarus,0.14623370852878328,3341.0,0.015083437129298254,-0.015083437129298254,-0.06095811484635044,0.6141626762968126,0.6406688979460234,down,0.21953504602512883
s__Enterococcus_faecium,0.48051337265230964,3599.0,0.13352141796065756,0.13352141796065756,0.0,-1.896794759057092,-2.2200098060885955,up,0.5456211006261913
s__Roseburia_sp_AF02_12,0.9942208996776973,3846.0,0.1079572998819228,0.1079572998819228,0.0,-1.7116947784434864,-2.024537466249776,up,0.9964538494804547
s__Provencibacterium_massiliense,0.9295860094299646,3812.0,0.23632041435024403,0.23632041435024403,0.0,-1.8054673992096584,-2.1201916214506347,up,0.9433263370281334
s__Roseburia_faecis,0.028606854222112246,4599.0,0.38127505204489426,0.38127505204489426,0.7711582404709406,3.490745945057658,2.0453916582146396,up,0.1858477904339497
s__Bifidobacterium_dentium,0.354619016113478,4163.0,0.19542067682590436,0.19542067682590436,0.0,0.0264738553452888,-0.5648002951005073,up,0.4288583629827631
s__Lactobacillus_crispatus,0.8088427299105183,3927.0,0.3171752419403045,0.3171752419403045,0.0,-1.714332577785473,-2.4015189981354563,up,0.8428396222360042
s__Holdemania_filiformis,0.9318889536288125,3873.0,0.09716991488687696,0.09716991488687696,0.5384324064872907,0.6776445072051078,0.4665708667374538,up,0.9451260126292217
s__GGB3429_SGB71704,0.37143025404870944,3534.0,0.13079867698777128,0.13079867698777128,0.0,-0.8340356897758399,-0.9596989040780548,up,0.44496845870935997
s__GGB3061_SGB4063,0.7797971975432478,3746.0,0.21891642891925342,0.21891642891925342,0.0,-0.9108601876455524,-1.2090801642332607,up,0.8178249104669196
s__Blautia_sp_OF03_15BH,0.6233687338561307,4013.0,0.17184724108638968,0.17184724108638968,0.0,-1.0145619404575532,-1.3122066759104523,up,0.6768328405919667
s__Acidaminococcus_massiliensis,0.5810007192322031,3652.0,0.2587980168077549,0.2587980168077549,0.0,-0.19814787457148728,-0.44245410054271106,up,0.6397817913815438
s__Candidatus_Saccharibacteria_unclassified_SGB19846,0.5135455860667357,3617.0,0.009649761886730604,0.009649761886730604,0.0,-0.7896620930059733,-0.8066346578447153,up,0.5776174361242113
s__Congzhengia_minquanensis,0.10626535627595016,3285.0,0.09502725622962334,-0.09502725622962334,0.0,-0.17900795002586542,-0.11538346847715725,down,0.18949416678578523
s__Coprobacter_fastidiosus,0.746663525752961,3955.0,0.2125599674695342,0.2125599674695342,0.0,-0.14061475402134907,-0.47120635236965,up,0.7872382713934055
s__Oscillibacter_sp_ER4,0.06226951814755305,4487.0,0.31143579421122775,0.31143579421122775,1.4054809283193128,2.1197098747203054,0.8001741279802136,up,0.1858477904339497
s__Dysosmobacter_welbionis,0.4609115327477751,4098.0,0.14617820809063825,0.14617820809063825,0.44270119395955326,1.7391534476680302,1.2795921394279652,up,0.5280661655678938
s__Simiaoa_sunii,0.906592148578304,3802.0,0.04240646527225715,0.04240646527225715,0.16910939313445453,1.3381082748327608,1.19010219581125,up,0.9247239915498701
s__Enterocloster_bolteae,0.973420823773652,3831.0,0.015577114164065554,0.015577114164065554,0.07131345336492076,1.1935802696297289,1.1360152006449857,up,0.9794566913393286
s__Eubacterium_siraeum,0.2640436255158207,3457.0,0.01445941502689123,0.01445941502689123,0.0,0.025456300530781028,-0.0073843470675006,up,0.34178235790118927
s__Emergencia_timonensis,0.255469164837275,3450.0,0.026686257393090537,-0.026686257393090537,0.0,-1.8908565011262726,-1.8489363808341233,down,0.33334244096091803
s__Brotolimicola_acetigignens,0.6131601020381506,3668.0,0.040066857361667,-0.040066857361667,-0.045433787079056175,2.9008996627097736,2.9937093949694926,down,0.667779610822513
s__Intestinibacter_bartlettii,0.12218290420673283,3309.0,0.19044410120175137,-0.19044410120175137,-1.0920490466333703,0.5011524032475411,1.068339625776786,down,0.2038284897280543
s__Bacteroides_finegoldii,0.270288454191977,3462.0,0.00791867028605419,-0.00791867028605419,-0.02434514597751823,1.134072781395886,1.153372378092355,down,0.3475971835249848
s__Parascardovia_denticolens,0.7954017160259113,3753.0,0.20891048522028588,0.20891048522028588,0.0,-2.9443244847959233,-3.321584276538114,up,0.8317469613979213
s__Clostridium_sp_AF36_4,0.4787128196125182,3598.0,0.014516260461160899,0.014516260461160899,0.0,-0.12582554813665278,-0.16647518944244602,up,0.5446159228861345
s__Blautia_SGB4815,0.05348204023863777,4510.0,0.3251015629447849,0.3251015629447849,5.599817838836042,0.8200160228318074,0.016908660283195574,up,0.1858477904339497
s__Jilunia_laotingensis,0.4987202357533682,3609.0,0.32162235039180587,0.32162235039180587,0.0,-2.8342737549813637,-3.34801662706275,up,0.563784433704726
s__Megamonas_funiformis,0.4180679940513017,4123.0,0.40390596383413796,0.40390596383413796,0.0,-0.86536628465954,-2.108051944694086,up,0.4896662528750482
s__Varibaculum_cambriense,0.08765100802169243,3253.0,0.14445625383366245,-0.14445625383366245,-0.3819343270859113,0.11051358080478993,0.1440089022139328,down,0.1858477904339497
s__Fumia_xinanensis,0.8088427299105183,3759.0,0.21221335637789224,0.21221335637789224,0.0,-3.8108451233446834,-4.218426886313742,up,0.8428396222360042
s__Bacteroides_intestinalis,0.2922743125583731,3479.0,0.03307859617907647,-0.03307859617907647,-0.5711914592563002,0.25438988267103224,0.3779597886936865,down,0.36843901689032205
s__Fusicatenibacter_sp_CLA_AA_H277,0.5909655241815385,4029.0,0.10228764822250153,0.10228764822250153,0.20825494480787357,1.364554698503966,1.1811361560839946,up,0.6467648440613404
s__Erysipelatoclostridium_ramosum,0.034803537472594695,3114.0,0.3255185009621239,-0.3255185009621239,-2.6696521614777136,0.221696703910114,1.4106023884284828,down,0.1858477904339497
s__Actinomyces_dentalis,0.9988441702336037,3842.0,0.08168106156630144,0.08168106156630144,0.0,-1.7544563328997316,-1.9061831442311212,up,0.9994040604635553
s__GGB2848_SGB3813,0.28438129927131384,3473.0,0.020540852387580685,0.020540852387580685,0.0,-3.042389221174956,-3.0708226727893053,up,0.3612958143767226
s__Wansuia_hejianensis,0.46267484299863215,4097.0,0.1504399013343426,0.1504399013343426,0.0,-1.337509910539584,-1.7388438396941734,up,0.5294067915080503
s__Bianquea_renquensis,0.31823183790362364,3498.0,0.10527547405562944,0.10527547405562944,0.0,-2.3506368369588433,-2.49927019582085,up,0.39283805716318687
s__GGB88417_SGB135709,0.056039605178763746,3183.0,0.1969041612020697,-0.1969041612020697,0.0,-2.7312895567558018,-2.659962358421683,down,0.1858477904339497
s__Coprococcus_comes,0.4366232378886705,4112.0,0.17722965788866546,0.17722965788866546,0.2518080437398275,2.899705140759458,2.4352977313517474,up,0.5067441350008302
s__Roseburia_intestinalis,0.6111272638217942,3667.0,0.005650491824088479,-0.005650491824088479,0.0,-0.31637921652067713,-0.29425325454334567,down,0.6659720182673399
s__GGB3632_SGB4921,0.004709586026064414,2867.0,0.17569117868417794,-0.17569117868417794,0.0,-0.008944382275016252,0.2406312919272019,down,0.1858477904339497
s__Flavonifractor_plautii,0.37453913019382157,3536.0,0.09092655396227532,-0.09092655396227532,-0.09421444090104934,3.5268115878604016,3.764814927354188,down,0.448391916429223
s__Paraprevotella_xylaniphila,0.03192058415299853,3102.0,0.1000040763111291,-0.1000040763111291,0.0,-0.3533483464866845,-0.2436045325771783,down,0.1858477904339497
s__Lachnospiraceae_bacterium_OM04_12BH,0.5909655241815385,4029.0,0.2499762095640799,0.2499762095640799,0.0,-2.8459506696208,-3.45096122958506,up,0.6467648440613404
s__Olsenella_profusa,0.9388011313998506,3870.0,0.20803690056447338,0.20803690056447338,0.0,-2.3001131406065976,-2.5790841187789435,up,0.9505161767151067
s__Actinomyces_bouchesdurhonensis,0.07645098466516617,3231.0,0.24300742077252635,-0.24300742077252635,0.0,-0.9607649655647287,-0.4678259377730846,down,0.1858477904339497
s__Clostridiaceae_bacterium,0.20496191073761916,3405.0,0.14093619126946336,-0.14093619126946336,-0.11469816660164625,4.332628169792146,4.691146628655725,down,0.27970719469927385
s__Roseburia_inulinivorans,0.2028990217870278,3403.0,0.18903257275952073,-0.18903257275952073,-0.27480133154799213,2.9618341123715886,3.5833082904788305,down,0.2775285470420265
s__Streptococcus_sinensis,0.319638628626962,3499.0,0.06828514973083977,0.06828514973083977,0.0,-1.3657398687741262,-1.4164386622086005,up,0.3940296630518834
s__Enterocloster_aldenensis,0.4609115327477751,3588.0,0.03432511337758739,-0.03432511337758739,0.0,-0.9105107598609737,-0.7998421237006066,down,0.5280661655678938
s__Candidatus_Nanosynbacter_SGB19893,0.23317779403737116,3431.0,0.030268352531095635,-0.030268352531095635,0.0,-1.2025229984694579,-1.186526634859015,down,0.3113106674320924
s__Parasutterella_excrementihominis,0.51541475369472,3618.0,0.10032909540022601,-0.10032909540022601,0.0,-0.12634075091780977,0.1565175630737008,down,0.5793547451795185
s__GGB4456_SGB6141,0.8155847175752156,3924.0,0.16703838653258807,0.16703838653258807,0.0,-0.8537100926516398,-1.2101648773824851,up,0.8488738897211427
s__Lancefieldella_rimae,0.40814578766126575,3557.0,0.09938649200266664,0.09938649200266664,0.0,-1.6210869262975873,-1.7495317348954718,up,0.4796183219060957
s__TM7_phylum_sp_oral_taxon_349,0.1315515471077555,3322.0,0.025609330876455342,0.025609330876455342,0.0,-1.888409030998967,-1.9185835427056985,up,0.21231420577517499
s__Neobittarella_massiliensis,0.7820211505520459,3747.0,0.024373772246237668,0.024373772246237668,0.0,-2.087998689623268,-2.1524640307064464,up,0.8196757215122735
s__Schaalia_odontolytica,0.14463155514395457,3339.0,0.15039768972898804,-0.15039768972898804,0.0,-2.0217357361004775,-1.6823007876267377,down,0.2193435224570594
s__Mogibacterium_diversum,0.11268555040941082,3295.0,0.2349510755966861,-0.2349510755966861,0.0,-0.5298820392578245,-0.08251011372038705,down,0.19434174635825924
s__Ndongobacter_massiliensis,0.0849957892676986,3248.0,0.25295558364518833,-0.25295558364518833,0.0,-1.3743195460263722,-1.327492175970164,down,0.1858477904339497
s__Bifidobacterium_pseudocatenulatum,0.5869701730575173,3655.0,0.016344674590788956,-0.016344674590788956,-0.05058903568265468,2.1516361818673286,2.228423121603455,down,0.6439715789229676
s__Clostridium_methylpentosum,0.09203815196156913,3261.0,0.10304349415479903,-0.10304349415479903,0.0,-3.9889357394630003,-3.7826294274808863,down,0.1858477904339497
s__Eubacterium_ramulus,0.840418698465276,3773.0,0.028414264901964047,0.028414264901964047,0.04840743928386178,2.345225861429251,2.2678408997365995,up,0.869650653194503
s__Eubacterium_brachy,0.2253235248756229,3424.0,0.06278904214831257,0.06278904214831257,0.0,-1.9940172110396803,-2.0393333500895743,up,0.30263543408802623
s__GGB31184_SGB44478,0.0849957892676986,3248.0,0.2529555854560611,-0.2529555854560611,0.0,-1.5998697889144051,-1.5530424186587866,down,0.1858477904339497
s__Olsenella_phocaeensis,0.32104948144564405,3500.0,0.004664367972672266,0.004664367972672266,0.0,-3.484200833825901,-3.4907549532588877,up,0.394950602605427
s__Candidatus_Nanosynbacter_lyticus,0.1391298176228856,3332.0,0.0610071323660254,-0.0610071323660254,0.0,-1.9422453599931955,-1.8995126135573521,down,0.21708629760214226
s__TM7_phylum_sp_oral_taxon_348,0.18888093845086895,3389.0,0.10903345339337578,-0.10903345339337578,0.0,-1.6664478198264083,-1.365021755619608,down,0.26401916611965626
s__Eubacterium_rectale,0.2936039853641773,3480.0,0.11380656494472496,-0.11380656494472496,-0.19571750943833607,3.446723437780831,3.9475103594061793,down,0.3695931691643558
s__GGB4683_SGB6473,0.36833743737163716,3532.0,0.09419926041807257,0.09419926041807257,0.0,0.09923827637169529,-0.16374561648765676,up,0.44274904088105876
s__GGB3256_SGB4303,0.31823183790362364,3498.0,0.01199335821637454,-0.01199335821637454,0.0,-0.3472457897939666,-0.30747097569243054,down,0.39283805716318687
s__GGB4699_SGB6503,0.11803868551944824,3303.0,0.07145978744161209,0.07145978744161209,0.0,-1.2560203474703946,-1.373809171782563,up,0.19971474279830814
s__Segatella_brunsvicensis,0.0849957892676986,3248.0,0.17662845001989502,-0.17662845001989502,-0.0819640034189088,2.6872291166213538,2.8443191161089736,down,0.1858477904339497
s__Oscillospiraceae_unclassified_SGB15252,0.6274726848091059,4011.0,0.2906056116271985,0.2906056116271985,0.0,-2.1210712163313596,-2.777112953786392,up,0.6800478095836393
s__GGB9715_SGB15266,0.17375000963371545,3373.0,0.013946111319092387,-0.013946111319092387,-0.025670388994398576,0.6064553300316742,0.6173427815929035,down,0.24851263397129977
s__Alistipes_indistinctus,0.9020021323267332,3886.0,0.030142728750893886,0.030142728750893886,0.36593204666393947,0.38563804650411837,0.2992425533548808,up,0.9205682139526694
s__Prevotellamassilia_timonensis,0.07221896432573473,3222.0,0.17665606828473243,-0.17665606828473243,-0.01265051944804509,4.624606902697599,4.665336876149447,down,0.1858477904339497
s__Alistipes_senegalensis,0.24355876571222057,3440.0,0.01647531688442911,-0.01647531688442911,0.0,-1.4930733878074387,-1.4605728878412774,down,0.32156242366591253
s__Ruminococcus_callidus,0.025978948249757737,4612.0,0.4572278570586598,0.4572278570586598,1.9631505423443887,1.2415012055661725,0.3184050494160179,up,0.1858477904339497
s__GGB9342_SGB14306,0.9664907817104391,3828.0,0.17774782602753272,0.17774782602753272,0.7894280838802565,0.7385255729004816,0.4272912559467519,up,0.97523236029007
s__Pseudoruminococcus_massiliensis,0.075493466688342,3229.0,0.11959044275238397,-0.11959044275238397,0.0,-2.311832210996698,-2.1524800356604947,down,0.1858477904339497
s__Gordonibacter_pamelaeae,0.026173410354094012,4611.0,0.3564154287870908,0.3564154287870908,0.0,0.13409801024213672,-0.9911151398569472,up,0.1858477904339497
s__Paraprevotella_clara,0.23317779403737116,3431.0,0.08832307055934717,-0.08832307055934717,-0.17834997481458711,1.2854694928747994,1.4546230544002718,down,0.3113106674320924
s__GGB9699_SGB15216,0.5849772003018324,4032.0,0.13080400796903432,0.13080400796903432,1.3382691974382772,0.6708240780610354,0.26530746609062866,up,0.6425749554084744
s__Blautia_sp_MCC283,0.11268555040941082,3295.0,0.12022449591531048,-0.12022449591531048,0.0,-2.103860060888652,-1.7059424029661923,down,0.19434174635825924
s__Oscillibacter_sp_MSJ_31,0.3426994601299842,4171.0,0.25421541488496374,0.25421541488496374,1.0615552132668398,1.0985334120013162,0.5263241640091463,up,0.4169860506694082
s__GGB4578_SGB6328,0.0387173557512328,3129.0,0.14609446665931783,-0.14609446665931783,0.0,-0.39363436334496427,-0.1372610481375422,down,0.1858477904339497
s__GGB9634_SGB15093,0.433214697244075,3572.0,0.008899118615803316,0.008899118615803316,0.04504858976547718,0.5030254454276563,0.4875610206493187,up,0.5037708368603738
s__Segatella_sinensis,0.28830959464702477,3476.0,0.03143056421308593,0.03143056421308593,0.010725200858912223,3.320405726572918,3.295812883076804,up,0.36472900527635665
s__GGB9730_SGB15291,0.9965325204027958,3841.0,0.055014236696099963,0.055014236696099963,0.10759333024588644,1.9778975415489013,1.835756061633781,up,0.9976503359052106
s__Turicibacter_sanguinis,0.2578990196851567,3452.0,0.13369589584566804,0.13369589584566804,0.0,0.15548947333686639,-0.03319109210723342,up,0.3357766230036504
s__Sutterella_wadsworthensis,0.4877523477710959,3603.0,0.09083118685670764,0.09083118685670764,0.32734874270070674,0.7964592722386045,0.6347778762833943,up,0.5531371923579455
s__Gemmiger_SGB15295,0.319638628626962,3499.0,0.07003805922239122,-0.07003805922239122,-0.34784295665366793,0.6528566157452029,0.8308621462641994,down,0.3940296630518834
s__GGB27106_SGB6188,0.1391298176228856,3332.0,0.14590466478504005,-0.14590466478504005,-0.01782725149732302,2.541711572597393,2.573314124296161,down,0.21708629760214226
s__Klebsiella_pneumoniae,0.7204864656127663,3719.0,0.037768748602376785,0.037768748602376785,0.09458108521024743,1.9748031977736638,1.8494903860520915,up,0.7636985398567624
s__GGB9365_SGB14341,0.6628119843089865,3692.0,0.12713433790099196,0.12713433790099196,0.0,-0.3034504449854134,-0.5456123551647153,up,0.7135822629623286
s__Clostridium_sp_1001270J_160509_D11,0.7118313383427577,3715.0,0.06734343606967964,0.06734343606967964,0.0,-1.214648515411884,-1.3474237730926286,up,0.7567712560701743
s__Mediterraneibacter_glycyrrhizinilyticus,0.729177556568831,3723.0,0.052068705680510925,0.052068705680510925,0.43841197728585907,0.588642596290159,0.43438671078059304,up,0.7710793474380114
s__Clostridium_SGB6177,0.08088308306526154,3240.0,0.03431025589369326,0.03431025589369326,0.0,-1.3293528128233654,-1.381054014435378,up,0.1858477904339497
s__Blautia_stercoris,0.36220006262924664,4158.0,0.30325489014754886,0.30325489014754886,0.0,0.7606680791205155,-0.10499055506980223,up,0.43684264310351706
s__Clostridium_saudiense,0.2830799545106596,3472.0,0.01746733055039528,-0.01746733055039528,0.0,-0.15644793065335333,-0.12333263669226097,down,0.3601551808991642
s__Oliverpabstia_intestinalis,0.9020021323267332,3800.0,0.07408741079261544,0.07408741079261544,0.37584787665361197,0.8041817172424484,0.6197445419939956,up,0.9205682139526694
s__GGB4717_SGB6533,0.35612715458001565,3524.0,0.09135293455461536,0.09135293455461536,0.0,-1.2309041669326823,-1.3189903650790262,up,0.4303906370516777
s__Oscillospiraceae_bacterium,0.9942208996776973,3846.0,0.1465609036464022,0.1465609036464022,0.0,-0.803789652225087,-1.2177523771104317,up,0.9964538494804547
s__Oscillibacter_valericigenes,0.03285794834506651,4580.0,0.37376656186075025,0.37376656186075025,1.2505611015273244,2.005328767583613,0.8428090319853502,up,0.1858477904339497
s__Anaerotignum_faecicola,0.8268515266939099,3919.0,0.04547354574673322,0.04547354574673322,0.1587831591528028,1.3523315076540585,1.2113919210571105,up,0.858598007648999
s__GGB9767_SGB15384,0.16831570118678008,3367.0,0.05472038271682287,0.05472038271682287,0.0,-1.8011783299145414,-1.8550155516418456,up,0.24248872204875097
s__GGB51441_SGB71759,0.6797119631908801,3700.0,0.06252520764650785,-0.06252520764650785,0.0,-1.0812356852347855,-0.8905475525457452,down,0.7291381335911785
s__GGB74463_SGB54347,0.1511216816966577,3347.0,0.07738426980692477,0.07738426980692477,0.0,-2.222774921748755,-2.289059413150943,up,0.2251687828284925
s__Lachnospira_sp_NSJ_43,0.6628119843089865,3692.0,0.00973565194334953,-0.00973565194334953,0.0,-0.7163921354369082,-0.6965166994566161,down,0.7135822629623286
s__GGB9547_SGB14954,0.1391298176228856,3332.0,0.16890073517605275,-0.16890073517605275,-0.017100495695418973,2.854578797611131,2.888615903034489,down,0.21708629760214226
s__Lachnospira_pectinoschiza,0.04390171054778827,3147.0,0.2517484811624375,-0.2517484811624375,-1.0957353663320055,0.7280249434157261,1.5559494084439744,down,0.1858477904339497
s__Oscillospiraceae_bacterium_CLA_AA_H250,0.3057535062676603,4197.0,0.18222028850818311,0.18222028850818311,0.0,0.18772101627163781,-0.39826204327146036,up,0.3805927536176943
s__GGB9770_SGB15390,0.2652845631909889,3458.0,0.06371179972599997,0.06371179972599997,0.0,-0.4391584302179926,-0.5305257378666086,up,0.3431398154318226
s__Qingrenia_yutianensis,0.4383332856248051,3575.0,0.1975436861293822,0.1975436861293822,0.0,-0.8954883621841778,-1.0374091904036369,up,0.5080681265196605
s__GGB9545_SGB14952,0.5229265895240746,3622.0,0.18401212724984775,0.18401212724984775,0.0,-0.7960981402905583,-0.9156373346823756,up,0.5855859236514888
s__Anaeromassilibacillus_senegalensis,0.5869701730575173,4031.0,0.181703108077148,0.181703108077148,0.0,-0.2908737006817201,-0.6987143140934448,up,0.6439715789229676
s__GGB2982_SGB3964,0.13990576495256538,4353.0,0.35360877706847915,0.35360877706847915,0.0,-0.8871494627353905,-1.7345651373494457,up,0.21791604750465024
s__GGB9707_SGB15229,0.28178265060301066,4215.0,0.29971169671051584,0.29971169671051584,0.0,-1.3814580266672178,-2.3186150062623407,up,0.35876036471210704
s__Clostridiales_bacterium_KLE1615,0.20392856801592918,3404.0,0.15477688804220152,-0.15477688804220152,-0.3441315966468786,1.2413031697747416,1.575693695795769,down,0.27850994178151
s__Ligaoa_zhengdingensis,0.1308116681410012,3321.0,0.027689594154582626,0.027689594154582626,0.0,-1.3235973158008822,-1.3500060605941056,up,0.21169431335601735
s__Tyzzerella_SGB4587,0.5711152665155557,3647.0,0.1188750323195818,0.1188750323195818,0.0,-0.7341460342539126,-0.9093851812062763,up,0.6312326629908773
s__Clostridium_fessum,0.42813085652804783,4117.0,0.15905801918014953,0.15905801918014953,0.28398330110505415,2.5426442449017275,2.0883250983320907,up,0.4988339287875753
s__Massilioclostridium_coli,0.5229265895240746,3622.0,0.1516712580137416,0.1516712580137416,0.0,-3.1016340488159044,-3.36528322379382,up,0.5855859236514888
s__Hydrogeniiclostridium_mannosilyticum,0.32104948144564405,3500.0,0.03669223988675707,-0.03669223988675707,0.0,-2.027141130227029,-1.963149775722747,down,0.394950602605427
s__GGB9614_SGB15049,0.842684625187264,3912.0,0.15766413055470416,0.15766413055470416,0.0,-1.4036540281029344,-1.7770174734465127,up,0.870985556432696
s__Raoultibacter_massiliensis,0.9480244561907574,3866.0,0.28938497281538494,0.28938497281538494,0.0,-1.3445433607174517,-1.660551398079669,up,0.9582240398077587
s__Slackia_SGB14780,0.2400629610707593,3437.0,0.03243719425877214,-0.03243719425877214,-0.052245003789284025,0.7033532466711295,0.7292909255869255,down,0.3178875263436983
s__Faecalicatena_contorta,0.6860917541925545,3703.0,0.05504560030805365,-0.05504560030805365,-0.46123627811291745,0.4185637650931722,0.5762455488156389,down,0.7342168952240467
s__GGB9524_SGB14924,0.4383332856248051,4111.0,0.3890717409190947,0.3890717409190947,0.0,-2.3573877736948905,-3.1348150657931106,up,0.5080681265196605
s__Anaerotignum_sp_MSJ_24,0.3057535062676603,4197.0,0.25210011548379635,0.25210011548379635,0.0,-0.10772251934099566,-0.48178390416794964,up,0.3805927536176943
s__Haemophilus_parainfluenzae,0.010131825753538213,2955.0,0.30121007261953897,-0.30121007261953897,0.0,-0.09692889307563551,0.5053779607066017,down,0.1858477904339497
s__Lachnospiraceae_bacterium_CLA_AA_H244,0.32959988927674544,3506.0,0.12113476487654842,-0.12113476487654842,-0.16622227095891792,2.4288899107198234,2.725497075677031,down,0.40296972764314426
s__Lacrimispora_amygdalina,0.7010645385269099,3976.0,0.1267649230464383,0.1267649230464383,0.0,0.028305450485530827,-0.38125598835821767,up,0.7462135964642421
s__GGB4657_SGB6444,0.1391298176228856,3332.0,0.0304422870018677,-0.0304422870018677,-0.008069701726430657,1.903520980937177,1.9141981418753309,down,0.21708629760214226
s__GGB9561_SGB14972,0.8699721457430225,3786.0,0.11634469491905616,0.11634469491905616,0.0,-1.4555214338266496,-1.7417714971665315,up,0.8934984350697901
s__Blautia_faecicola,0.9688005404321776,3857.0,0.049889537752773015,0.049889537752773015,0.10022255101473801,1.20763910619267,1.1265933255708795,up,0.976459042728084
s__GGB4651_SGB6438,0.380804973559531,3540.0,0.1619945051788355,0.1619945051788355,0.15664527375251389,0.9070298725834464,0.8137044001875887,up,0.45497782985526297
s__Clostridium_sp_AM22_11AC,0.413089244650963,4126.0,0.16997313930625357,0.16997313930625357,0.9407311298129064,1.2056525516322891,0.6281073589983145,up,0.48510809322497955
s__Pseudoflavonifractor_capillosus,0.2753566824692715,3466.0,0.1498754020533315,-0.1498754020533315,0.0,-0.7531622889558628,-0.6198857904350784,down,0.35259087389357935
s__GGB33586_SGB53517,0.9572547513724489,3862.0,0.20402457230221618,0.20402457230221618,0.0,-1.85604107806706,-2.218900101036523,up,0.9664591239817993
s__GGB9239_SGB14181,0.2665295124415591,3459.0,0.1866689790714394,0.1866689790714394,0.0,-1.073886061531734,-1.1987068268386016,up,0.34425121541836684
s__Clostridiaceae_bacterium_AF18_31LB,0.8223403860097687,3765.0,0.02921438819657076,0.02921438819657076,0.0,-0.5441749008179358,-0.6197612716362781,up,0.8549083220893634
s__GGB9537_SGB14940,0.5810007192322031,3652.0,0.12222010585498899,0.12222010585498899,0.0,-0.6507441069111863,-0.7550975596519868,up,0.6397817913815438
s__Massiliimalia_massiliensis,0.6295290005557932,4010.0,0.27503909214357913,0.27503909214357913,0.0,-2.552881981689881,-3.156719416737461,up,0.6814489181274049
s__GGB9743_SGB15349,0.09148029603150189,3260.0,0.029993490516817788,-0.029993490516817788,0.0,-0.22521483116146815,-0.21149902082851743,down,0.1858477904339497
s__Clostridium_sp_AM49_4BH,0.5750598330724247,3649.0,0.02270107452079999,-0.02270107452079999,-0.2822795188917519,0.2537171526327338,0.3085492045920476,down,0.6348063092357935
s__Clostridium_sp_AF20_17LB,0.3253064106545429,3503.0,0.04213908854281653,-0.04213908854281653,0.0,-1.382949699852352,-1.2973122617476276,down,0.39908724606072793
s__GGB35068_SGB47850,0.3168291093546528,3497.0,0.05653601344995834,-0.05653601344995834,0.0,-1.5548038776729138,-1.4454416642313386,down,0.3916481718823097
s__Jingyaoa_shaoxingensis,0.840418698465276,3773.0,0.21912193397841817,0.21912193397841817,0.0,-1.3451301605654737,-1.6619503780521157,up,0.869650653194503
s__Lachnospiraceae_bacterium_AM48_27BH,0.8997083423754283,3887.0,0.08095371775429497,0.08095371775429497,0.0,-0.5927303683452966,-0.813445927306807,up,0.9198049204697248
s__GGB2653_SGB3574,0.2518542968230808,3447.0,0.005363703806628114,0.005363703806628114,0.0,-1.1528476290005747,-1.1641622659053597,up,0.329347926614798
s__Parabacteroides_gordonii,0.02217433583784104,3053.0,0.058150230197953824,-0.058150230197953824,0.0,-2.329870553392575,-2.2219619080895083,down,0.1858477904339497
s__Clostridium_sp_Marseille_P3244,0.7161543431442259,3717.0,0.10524898787782765,0.10524898787782765,0.0,-2.7962255408194343,-3.0005339449869783,up,0.7600092167136999
s__Intestinimonas_gabonensis,0.842684625187264,3912.0,0.12414324294889582,0.12414324294889582,0.0,-1.8951444175981917,-2.088665560822703,up,0.870985556432696
s__Intestinimonas_sp_MSJ_38,0.11137762597041358,3293.0,0.092724705396032,-0.092724705396032,0.0,-2.167517252537502,-2.014662406324184,down,0.19301850714290122
s__Clostridia_bacterium_UC5_1_1D1,0.1391298176228856,3332.0,0.1841336625457349,-0.1841336625457349,-3.1516664779733508,0.07367947734317737,0.6547758946969775,down,0.21708629760214226
s__GGB52130_SGB14966,0.3637283680454466,4157.0,0.24723919529961133,0.24723919529961133,0.0,-1.8164187616354652,-2.41136220288596,up,0.4380938845891513
s__GGB9091_SGB14020,0.09776826163953689,3271.0,0.25859950475309607,-0.25859950475309607,-0.07984565308729105,0.8229048610702685,0.8697322304259025,down,0.1858477904339497
s__Veillonella_rogosae,0.020539676452891842,3043.0,0.3221545259853499,-0.3221545259853499,0.0,-1.9966798891760793,-1.3726643796732918,down,0.1858477904339497
s__Lawsonibacter_asaccharolyticus,0.37923250848193923,4147.0,0.19073030105278624,0.19073030105278624,2.694850406425503,0.5310289141382549,0.08201388078076415,up,0.4534025637242207
s__GGB9765_SGB15382,0.16213809726386896,3360.0,0.06694779477206621,-0.06694779477206621,0.0,-1.864740774295675,-1.7997369140481725,down,0.23548942523678285
s__bacterium_210917_DFI_7_65,0.2578990196851567,4234.0,0.21451408463413235,0.21451408463413235,1.1348139794936876,0.7738870122721047,0.35242321671783544,up,0.3357766230036504
s__Clostridiaceae_bacterium_Marseille_Q4143,1.0,3843.0,0.1722474608740197,0.1722474608740197,0.0,-1.9496930769484304,-2.167632633467201,up,1.0
s__Anaerovorax_odorimutans,0.07314244489199265,3224.0,0.0907345956379221,-0.0907345956379221,0.0,-3.2546460480207107,-3.1301432305142263,down,0.1858477904339497
s__Oscillospiraceae_bacterium_Marseille_Q3528,0.057928138252778025,4498.0,0.3127120787362852,0.3127120787362852,2.353085591326585,0.6570604517322296,0.12860444590397815,up,0.1858477904339497
s__GGB9616_SGB15052,0.9411062416723378,3817.0,0.07763788431449856,0.07763788431449856,0.0,-1.4830545814983247,-1.6173156196249605,up,0.9523098874065322
s__Colidextribacter_sp_210702_DFI_3_9,0.26034485621179837,3454.0,0.06036542211005265,-0.06036542211005265,0.0,-2.1929914495419367,-2.1227541930284772,down,0.3387139710918805
s__GGB4552_SGB6276,0.2856866865140232,3474.0,0.051237370473615894,-0.051237370473615894,-0.18812481654373542,0.7003627440267393,0.7979106252582755,down,0.36218092004796265
s__Candidatus_Nanosynbacter_sp_HMT_352,0.04734973414325949,3158.0,0.1278659709275463,-0.1278659709275463,0.0,-1.2076813466036145,-1.1328884008032554,down,0.1858477904339497
s__Veillonella_parvula,0.5342988153590176,3628.0,0.051253034726713116,-0.051253034726713116,-0.5151549535982689,0.4347104543199217,0.6212654155396619,down,0.596449897070573
s__GGB9501_SGB14898,0.02446772814380779,3066.0,0.18023486862487162,-0.18023486862487162,0.0,-1.3276153530778794,-1.0843909813119696,down,0.1858477904339497
s__Streptococcus_australis,8.491003541873972e-05,2486.0,0.5718439787343055,-0.5718439787343055,0.0,-0.4317298228271322,1.0235502524944622,down,0.1515644132224504
s__Clostridiaceae_bacterium_Marseille_Q4145,0.18119825962979708,3381.0,0.10734861264924855,-0.10734861264924855,0.0,-2.6119745920578636,-2.4905842690652613,down,0.25548095848277075
s__Clostridium_SGB4750,0.3126452965204931,3494.0,0.08763681758983054,-0.08763681758983054,-1.04043077838739,0.26462385145682027,0.5442893777328358,down,0.38754989881186125
s__Enterobacter_hormaechei,0.2922743125583731,3479.0,0.06012768226972604,0.06012768226972604,0.0,-2.1658267795921997,-2.319135005471017,up,0.36843901689032205
s__Holdemania_massiliensis,0.5535259413780949,4048.0,0.15077509685198162,0.15077509685198162,0.0,-0.04857484826127967,-0.30365029909786806,up,0.6156036170466662
s__GGB9616_SGB15051,0.7422793843417149,3957.0,0.08308695323280131,0.08308695323280131,0.0,-2.222442924827161,-2.413616114005469,up,0.7835415145180137
s__Luoshenia_tenuis,0.6050467542698599,4022.0,0.2342954975030882,0.2342954975030882,0.0,-3.2165974996596938,-3.6771494769867163,up,0.6605556308083792
s__Lachnospiraceae_bacterium_OF09_6,0.399985445061832,3552.0,0.032557828651592936,-0.032557828651592936,0.0,-1.3980353282540048,-1.3489326929827912,down,0.4740863342864343
s__Clostridium_sp_AF27_2AA,0.28048938585664285,3470.0,0.06799474429569508,-0.06799474429569508,0.0,-2.649045189727613,-2.500972818348534,down,0.3578795952495407
s__GGB3444_SGB4594,0.3412277324083528,3514.0,0.13627586702541208,-0.13627586702541208,0.0,-1.7261900826899153,-1.4939873639036743,down,0.41604610816182364
s__Anaerofilum_hominis,0.14225359139464658,3336.0,0.0709572055653071,-0.0709572055653071,0.0,-3.5351339169897065,-3.443857800096202,down,0.21925400309018184
s__GGB3304_SGB4367,0.6946329954314923,3707.0,0.08697322045538501,0.08697322045538501,0.0,-0.3083215319175171,-0.5606367679759424,up,0.7420226791413607
s__Massiliimalia_timonensis,0.12788438968628238,4369.0,0.3252718417241678,0.3252718417241678,0.0,-3.1398589276865825,-3.8221823114498568,up,0.20885053576396526
s__Streptococcus_sanguinis,0.24238954529093604,3439.0,0.05180361429348139,-0.05180361429348139,0.0,-1.2017080074721938,-1.121202112738973,down,0.32025561683517456
s__GGB3321_SGB4395,0.4556442060281958,3585.0,0.14823339332507196,0.14823339332507196,0.0,-0.3564088788262298,-0.4741199919421214,up,0.5250644982313295
s__Lactonifactor_longoviformis,0.06066067797905514,3195.0,0.13809992018705097,-0.13809992018705097,0.0,-2.850139570549992,-2.5131090070702053,down,0.1858477904339497
s__Streptococcus_parasanguinis,0.13758786898308065,3330.0,0.2531156538426097,-0.2531156538426097,-0.27387323344696385,2.778408053785154,3.359232686396503,down,0.2165734974733677
s__Clostridiales_bacterium,0.6967744292028255,3978.0,0.17799517220735828,0.17799517220735828,0.0,-0.3417029666504685,-0.7806996903528264,up,0.7434204160950648
s__Lawsonibacter_SGB15145,0.037638748342644454,3125.0,0.33912509748704794,-0.33912509748704794,0.0,-2.1967897903207056,-1.748776801008958,down,0.1858477904339497
s__Clostridium_sp_AM33_3,0.7248275792195688,3965.0,0.2352636040372031,0.2352636040372031,0.0,-0.9611512699823607,-1.4971629771174975,up,0.7669337456472616
s__GGB9646_SGB15123,0.835890827789005,3771.0,0.11139865584354636,0.11139865584354636,0.0,-1.962859491049782,-2.148106927811703,up,0.8659693137570366
s__GGB9491_SGB14888,0.5116799531297559,3616.0,0.030079369790879485,-0.030079369790879485,0.0,-2.6116737602732107,-2.5419098556593798,down,0.5758819144619258
s__GGB74505_SGB47518,0.025593768790767763,3072.0,0.3930781446594492,-0.3930781446594492,0.0,-2.219360992772081,-1.8255892936622955,down,0.1858477904339497
s__Youxingia_wuxianensis,0.5477223738077563,3635.0,0.0737727477706518,0.0737727477706518,0.0,-2.9336990538329664,-3.038406454569067,up,0.6099091935413881
s__GGB36267_SGB14177,0.9757313096618778,3854.0,0.17177080244040135,0.17177080244040135,0.0,-1.8713267048235784,-2.1064952713954574,up,0.9812283874627898
s__Granulicatella_SGB8255,0.0020022199531120315,2776.0,0.40810637977258263,-0.40810637977258263,0.0,-0.832543949222851,0.2609286757920308,down,0.1858477904339497
s__Veillonella_atypica,0.11400555189919293,3297.0,0.1917362678688833,-0.1917362678688833,0.0,-1.0495988104579415,-0.3823602001325298,down,0.1962390647445124
s__Streptococcus_gordonii,0.47154759723520256,4092.0,0.17847416604781072,0.17847416604781072,0.0,-1.2391448725109173,-1.7243764622585207,up,0.5378354383800873
s__Klebsiella_quasipneumoniae,0.15783138193896173,3355.0,0.024724869169866773,-0.024724869169866773,0.0,-0.6759942158702044,-0.6308680248320521,down,0.2314946727699644
s__GGB3005_SGB3996,0.2989632085651881,3484.0,0.07575816920244414,0.07575816920244414,0.0,-2.660729422554584,-2.8272981198867972,up,0.37449075599218296
s__Porphyromonas_uenonis,0.10255466306859409,3279.0,0.17721805195150053,-0.17721805195150053,0.0,-1.3369872026032892,-1.274691717407677,down,0.1858477904339497
s__GGB3892_SGB5290,0.42140670483599874,3565.0,0.09360019617189096,0.09360019617189096,0.0,-1.339256037547826,-1.3767632152644391,up,0.4929298611613747
s__GGB9719_SGB15272,0.24709018283814377,3443.0,0.05168264490706174,-0.05168264490706174,0.0,-0.7055672000489227,-0.5741595695267431,down,0.324544500637297
s__Actinomyces_sp_ph3,0.08088308306526154,3240.0,0.13564940425335614,-0.13564940425335614,0.0,-1.0627722556372212,-0.8447423474265985,down,0.1858477904339497
s__Clostridiaceae_unclassified_SGB4771,0.4913937842779684,3605.0,0.02012770809514884,-0.02012770809514884,0.0,-1.6767663184115493,-1.6380637010820605,down,0.556559584350364
s__Parasutterella_SGB9260,0.06774373476323782,3212.0,0.1979517368717474,-0.1979517368717474,0.0,-2.1138938462605013,-1.4148888857629376,down,0.1858477904339497
s__Gehongia_tenuis,0.6481636498683071,3685.0,0.07195038547038196,0.07195038547038196,0.0,-4.056668392590228,-4.152934299021912,up,0.6999226346127817
s__Enterobacter_asburiae,0.20392856801592918,3404.0,0.03405520318894737,-0.03405520318894737,0.0,-4.115819256261264,-4.068752339404254,down,0.27850994178151
s__Schaalia_SGB17168,0.06559315618514616,3207.0,0.16888300622742966,-0.16888300622742966,0.0,-1.9529629398743409,-1.5095474099749724,down,0.1858477904339497
s__Anaerotruncus_rubiinfantis,0.7532550980701196,3952.0,0.2977343605545788,0.2977343605545788,0.0,-2.2700842583844003,-2.7012455108466713,up,0.7932509439853472
s__Lachnotalea_sp_AF33_28,0.7010645385269099,3976.0,0.22045185118156643,0.22045185118156643,0.0,-2.9787909626407507,-3.366221914629323,up,0.7462135964642421
s__GGB1266_SGB1699,0.294937710280875,3481.0,0.14426942798822515,0.14426942798822515,0.059845485539981785,2.1223889048663334,2.0361495862056715,up,0.3702277164918157
s__Parabacteroides_johnsonii,0.0392664361558849,3131.0,0.01870016121703953,-0.01870016121703953,-0.36678678573242296,0.08292856933826866,0.10693453804564129,down,0.1858477904339497
s__GGB3619_SGB4894,0.7032131834559386,3711.0,0.10272186391506331,0.10272186391506331,0.0,-0.4697616530975602,-0.7359811721221078,up,0.7480545485511624
s__Akkermansia_muciniphila,0.2343154914893094,4254.0,0.2941666787256333,0.2941666787256333,1.4003530561882402,1.9462943087396865,0.7373271710525059,up,0.3123623243528135
s__Desulfovibrio_legallii,0.08088308306526154,3240.0,0.030322886846367223,0.030322886846367223,0.14231022480590413,0.27203916334405703,0.24648573157367815,up,0.1858477904339497
s__Roseburia_lenta,0.973420823773652,3831.0,0.07310041866533903,0.07310041866533903,0.3637569062808018,0.8493528350273419,0.6600645379026102,up,0.9794566913393286
s__Alistipes_dispar,0.027774899532919617,3083.0,0.2306384097389735,-0.2306384097389735,0.0,-1.3988137331287638,-0.9547158000007617,down,0.1858477904339497
s__GGB3109_SGB4121,0.9295860094299646,3874.0,0.08100342697235233,0.08100342697235233,0.36363871021137617,1.112088481014947,0.8643172545553102,up,0.9433263370281334
s__GGB9512_SGB14909,0.21443369609507645,3414.0,0.04025525585974797,-0.04025525585974797,-0.036983110644127924,1.440183741130674,1.4775797458242383,down,0.2906333694227118
s__Ruminococcus_SGB4421,0.07888815727222974,3236.0,0.07261158115473812,-0.07261158115473812,0.0,-1.264509192135855,-1.0344336307640172,down,0.1858477904339497
s__Oxalobacter_SGB9385,0.12500830700491303,3313.0,0.1488362495562736,-0.1488362495562736,-1.061603794704788,0.08810765944919619,0.1839027613019655,down,0.2069942745860573
s__Alistipes_sp_AF17_16,0.5989935149565316,4025.0,0.21208494651730886,0.21208494651730886,0.0,-0.5355603870602668,-1.3134643566904842,up,0.6543472608307277
s__Eubacterium_sp_AF34_35BH,0.16742252448523254,3366.0,0.08599873837819097,-0.08599873837819097,0.0,-0.7971773776847342,-0.485705901257882,down,0.2415919209427163
s__Slackia_SGB14781,0.029460182481198475,3091.0,0.3026291746148721,-0.3026291746148721,-0.1406064652826578,1.3379441068696487,1.4749073321728505,down,0.1858477904339497
s__Bifidobacterium_adolescentis,0.8155847175752156,3762.0,0.12103189205685028,0.12103189205685028,0.576094181294129,1.2279963853679965,0.8237121263890796,up,0.8488738897211427
s__Bacteroides_fragilis,0.32104948144564405,3500.0,0.14927135470021366,-0.14927135470021366,-0.8849085855935095,0.8160898090431694,1.5070302933264503,down,0.394950602605427
s__GGB6612_SGB9346,0.17011277759158194,3369.0,0.11335328294363226,-0.11335328294363226,-0.02987421061682589,1.8422160091301791,1.8807608917562613,down,0.2444857552342784
s__Butyricimonas_paravirosa,0.9895978231553754,3838.0,0.16297753755295896,0.16297753755295896,0.0,0.22521954589827353,-0.053900911661019645,up,0.9929354212098623
s__GGB6606_SGB9340,0.11137762597041358,3293.0,0.08842762205703811,-0.08842762205703811,-0.07197473657279417,0.9793132419437584,1.0294095230127658,down,0.19301850714290122
s__Barnesiella_intestinihominis,0.054931298116735534,4506.0,0.45966617848700686,0.45966617848700686,0.0,-0.04397513564245025,-1.9228891518511164,up,0.1858477904339497
s__Klebsiella_variicola,0.382381436477942,3541.0,0.05535988078752703,-0.05535988078752703,0.0,-1.042870093815989,-0.9070230489217352,down,0.45655576194857955
s__GGB3363_SGB4448,0.21336595210971931,3413.0,0.10644609529311652,0.10644609529311652,0.0,-0.8870379666673758,-1.123296212883809,up,0.2896260262477939
s__Megasphaera_sp_NM10,0.46267484299863215,3589.0,0.26938887541947965,0.26938887541947965,0.0,-0.004180650686766419,-0.43332090407114565,up,0.5294067915080503
s__Coprobacter_secundus,0.30712374273397225,3490.0,0.08421387998298165,0.08421387998298165,0.0,-0.3812231507193064,-0.453447437273202,up,0.3817659336909056
s__Blautia_luti,0.3637283680454466,3529.0,0.07146813778412327,0.07146813778412327,0.0,-0.6447596989996037,-0.790721998675119,up,0.4380938845891513
s__Veillonella_denticariosi,0.026764363618323763,3078.0,0.2666659663551215,-0.2666659663551215,0.0,-1.4487513939287509,-1.263929800605359,down,0.1858477904339497
s__Jutongia_hominis,0.32388337271014656,3502.0,0.09508040207043557,0.09508040207043557,0.0,-0.9109073641833875,-1.0894866948528,up,0.3978883828545159
s__GGB9747_SGB15356,0.9965325204027958,3841.0,0.1416349260511958,0.1416349260511958,0.34437769335341467,1.2626668293535805,0.9945365674348933,up,0.9976503359052106
s__GGB9559_SGB14969,0.0392664361558849,3131.0,0.2568564486479065,-0.2568564486479065,0.0,-1.3358166551444022,-0.9543654715985684,down,0.1858477904339497
s__Hydrogenoanaerobacterium_saccharovorans,0.7248275792195688,3721.0,0.10386390626172748,0.10386390626172748,0.0,-0.6764174578354913,-0.9049724126694724,up,0.7669337456472616
s__Clostridium_sp_AT4,0.7554563186661611,3735.0,0.18701243708183068,0.18701243708183068,0.0,-0.632764857645834,-1.2250736504847721,up,0.794631425350087
s__Mediterraneibacter_sp_NSJ_151,0.7357188613278797,3726.0,0.06796737694511289,0.06796737694511289,0.0,-0.6324475550622952,-0.7706766437495612,up,0.7770758387398019
s__Phocea_massiliensis,0.13229466572462548,3323.0,0.10616368026918367,-0.10616368026918367,0.0,-2.0154590945304767,-1.7348285030412358,down,0.21293595880834668
s__Neglectibacter_timonensis,0.10377993362804876,3281.0,0.06031917593464633,-0.06031917593464633,-0.07592544472332029,0.6030909025375546,0.6356800964446065,down,0.18674111040934174
s__Candidatus_Gastranaerophilales_bacterium,0.23775216128220167,3435.0,0.10544775111617473,0.10544775111617473,0.0,-1.7277681569114278,-1.7974956898313135,up,0.315999708033306
s__Enterocloster_hominis,0.8268515266939099,3919.0,0.16735416453022073,0.16735416453022073,0.0,0.10751637920982386,-0.5504148575851532,up,0.858598007648999
s__Oscillibacter_hominis,0.3839618941349211,3542.0,0.0871848558208149,0.0871848558208149,0.0,-0.54451763188832,-0.588146710958952,up,0.4578303146498558
s__GGB9766_SGB15383,0.9180805143365501,3807.0,0.1783703102334112,0.1783703102334112,0.8729641927029164,0.5099470352766946,0.2784432306813295,up,0.9343065667564094
s__Collinsella_tanakaei,0.022343862196725593,3054.0,0.30414351740594847,-0.30414351740594847,-0.42235675237054565,0.973975612646866,1.30523927713371,down,0.1858477904339497
s__GGB9359_SGB14334,0.5730859397919583,4038.0,0.3704874761645693,0.3704874761645693,0.0,-0.7235605062755179,-1.4177317889244256,up,0.633018813445944
s__Actinobaculum_sp_oral_taxon_183,0.4065058324491163,3556.0,0.11738748392016166,-0.11738748392016166,0.0,-1.9275411533003717,-1.6656387966818231,down,0.4786364847768289
s__Veillonella_dispar,0.05947678286326965,3192.0,0.27853848406512394,-0.27853848406512394,0.0,-0.751423197018244,-0.13431200306544908,down,0.1858477904339497
s__Propionibacterium_acidifaciens,0.9272836547466871,3875.0,0.145290232614137,0.145290232614137,0.0,-2.3236243158313985,-2.619586597973703,up,0.9425975647624354
s__Dialister_pneumosintes,0.16213809726386896,3360.0,0.12801875216007105,-0.12801875216007105,-0.35466950001705533,0.1695628474473813,0.21681876136136013,down,0.23548942523678285
s__Clostridium_SGB4751,0.473333339550432,3595.0,0.017881177070047882,-0.017881177070047882,0.0,-2.4325850709593886,-2.3885608991646805,down,0.5395274655795154
s__Turicimonas_muris,0.11533769722762999,3299.0,0.16103497434444056,-0.16103497434444056,0.0,-0.2645547647404133,-0.18109266088715004,down,0.1972009478460915
s__GGB33469_SGB15236,0.9180805143365501,3879.0,0.19624910420032415,0.19624910420032415,0.0,-1.1443281968336998,-1.5000739253845046,up,0.9343065667564094
s__Clostridium_hylemonae,0.10194635819891387,3278.0,0.0774079587888062,-0.0774079587888062,0.0,-3.0320336085953024,-2.9188133572094874,down,0.1858477904339497
s__Zhenpiania_hominis,0.9020021323267332,3886.0,0.0707688986410959,0.0707688986410959,0.0,0.14382857086756679,-0.04004897791249964,up,0.9205682139526694
s__Enterocloster_citroniae,0.3281646693961259,3505.0,0.12777791405839684,-0.12777791405839684,0.0,-1.1519794433642896,-0.7926712268521817,down,0.40176538742941337
s__GGB58233_SGB79883,0.10073836664182417,3276.0,0.20647074742902224,-0.20647074742902224,0.0,-3.2330411685140334,-2.9134641690848517,down,0.1858477904339497
s__GGB9531_SGB14932,0.874536075623867,3788.0,0.21576879325672155,0.21576879325672155,0.0,-1.0626636112172383,-1.3973239676671785,up,0.8976692898151827
s__Candidatus_Saccharibacteria_bacterium_oral_taxon_488,0.23775216128220167,3435.0,0.09936941132856841,0.09936941132856841,0.0,-1.9228878636881093,-1.9645497185504421,up,0.315999708033306
s__Lancefieldella_parvula,0.054565948193949186,3179.0,0.2139191199787868,-0.2139191199787868,0.0,-2.5501431237808996,-2.114759278373664,down,0.1858477904339497
s__Bianquea_SGB71281,0.058312122862757304,3189.0,0.16288131763045957,-0.16288131763045957,0.0,-2.39888406284602,-2.2921164246786425,down,0.1858477904339497
s__Anaerostipes_caccae,0.06862005316605162,3214.0,0.13118829510575233,-0.13118829510575233,0.0,-0.6882708968502234,-0.38839202681523116,down,0.1858477904339497
s__Dialister_invisus,0.4913937842779684,3605.0,0.030372017857844373,-0.030372017857844373,0.0,-0.002814397918063486,0.1003281913255991,down,0.556559584350364
s__Clostridium_symbiosum,0.2343154914893094,3432.0,0.1539912728734011,-0.1539912728734011,0.0,-0.48456894419847496,-0.08766291648866076,down,0.3123623243528135
s__Faecalimonas_umbilicata,0.22866619318893133,3427.0,0.05398300471029688,-0.05398300471029688,-0.3112543736829935,0.6149463268806147,0.7630168250252423,down,0.3064332994311129
s__Anaerotignum_lactatifermentans,0.17651583594423648,3376.0,0.008841551031021968,0.008841551031021968,0.29786270223825206,0.043426330502463424,0.035325435557333244,up,0.2510603722394121
s__Sutterella_SGB9281,0.2779149667689156,3468.0,0.03708521856661907,-0.03708521856661907,0.0,-1.825621464880902,-1.7688664254671902,down,0.35510251659449843
s__Megasphaera_micronuciformis,0.1793143448386909,3379.0,0.14877622532216186,-0.14877622532216186,0.0,-1.9898521915861493,-1.6361841828574626,down,0.2538272050254268
s__Blautia_producta,0.09486854816985604,3266.0,0.24345871073674627,-0.24345871073674627,0.0,-1.1415235318478063,-0.6199770929701479,down,0.1858477904339497
s__Enterococcus_avium,0.1257225562068195,3314.0,0.16694472698973056,-0.16694472698973056,0.0,-2.338436206161145,-1.9100292890819182,down,0.20759922555890176
s__GGB3819_SGB5184,0.036068827318457106,3119.0,0.1696322637827383,-0.1696322637827383,-1.1801646556850967,0.15632340065593187,0.3542329495160218,down,0.1858477904339497
s__Enterocloster_asparagiformis,0.13682185219143805,3329.0,0.06011738351663713,0.06011738351663713,0.0,-0.9645138215530243,-1.0572483910534236,up,0.2165734974733677
s__Streptococcus_thermophilus,0.06308708139551314,3201.0,0.1538933358293881,-0.1538933358293881,0.0,-0.23585218603456332,0.16103845115438276,down,0.1858477904339497
s__Anaeroglobus_geminatus,0.23890558997927736,3436.0,0.14770017938760022,-0.14770017938760022,0.0,-1.0824519765251075,-0.9657394677563053,down,0.3170605785226841
s__Olsenella_uli,0.7576595264348832,3736.0,0.0711293653778285,0.0711293653778285,0.0,-2.9819098081846773,-3.0875519608145905,up,0.7964795375066352
s__Streptococcus_vestibularis,0.8676917940820186,3901.0,0.1628939973860953,0.1628939973860953,1.277974478773327,0.5151792594351959,0.21244656754153374,up,0.8921830947214304
s__Klebsiella_michiganensis,0.027774899532919617,3083.0,0.32087977856244193,-0.32087977856244193,0.0,-0.12258123581494211,0.11273525095515001,down,0.1858477904339497
s__Phocaeicola_plebeius,0.08447263172824392,3247.0,0.2242428215807191,-0.2242428215807191,-0.6293098382781486,1.4214191426825533,2.1986864390932004,down,0.1858477904339497
s__Klebsiella_aerogenes,0.1001386628758888,3275.0,0.06694336548266354,-0.06694336548266354,0.0,-0.04429972191592961,0.046538389184057775,down,0.1858477904339497
s__Staphylococcus_aureus,0.08552156400182814,3249.0,0.27310397465994113,-0.27310397465994113,0.0,-0.7646109548375688,-0.6745269704753113,down,0.1858477904339497
s__Arachnia_propionica,0.07988055893920333,3238.0,0.21568718328459316,-0.21568718328459316,0.0,-2.187241402847044,-2.098516086507231,down,0.1858477904339497
s__Acidaminococcus_intestini,0.048328696453953254,3161.0,0.2757407888849826,-0.2757407888849826,-0.2400845772535886,0.9978105194999721,1.1784759865492196,down,0.1858477904339497
s__Streptococcus_gallolyticus,0.06186403497906669,3198.0,0.38448759348930067,-0.38448759348930067,0.0,-0.21294901925386783,0.2835997381934899,down,0.1858477904339497
s__Fusobacterium_mortiferum,0.2253235248756229,3424.0,0.04273119864168989,-0.04273119864168989,-0.08577297350608866,0.6880610057764847,0.7302090039483438,down,0.30263543408802623
s__Enterobacter_roggenkampii,0.5949733368529933,3659.0,0.057390644019299324,0.057390644019299324,0.0,-0.5816821907880216,-0.6733230071539575,up,0.6503535862110184
s__Lacticaseibacillus_rhamnosus,0.13758786898308065,3330.0,0.04561737804376979,-0.04561737804376979,0.0,-1.3196836548766757,-1.263245373100828,down,0.2165734974733677
s__Lachnospiraceae_bacterium_2_1_46FAA,0.075493466688342,3229.0,0.22548300092771803,-0.22548300092771803,-0.07834052633180458,2.290195562858034,2.4179951042942043,down,0.1858477904339497
s__Bifidobacterium_animalis,0.01828482934103001,3028.0,0.19126764183889725,-0.19126764183889725,0.0,-0.9837746693638364,-0.6474997064106238,down,0.1858477904339497
s__Lachnospiraceae_bacterium_EP_SM_12S_S03,0.06730903985532953,3211.0,0.3250600742188936,-0.3250600742188936,-0.0632870638152422,2.012999745107968,2.1032699860921,down,0.1858477904339497
s__GGB9759_SGB15370,0.14623370852878328,3341.0,0.01429031651086852,-0.01429031651086852,0.0,-0.8078624933794919,-0.7838614990862196,down,0.21953504602512883
s__Clostridiaceae_bacterium_Marseille_Q3526,0.13835718820958753,3331.0,0.041748520654724286,-0.041748520654724286,0.0,-0.21981945834322764,-0.14744383328208188,down,0.21708629760214226
s__GGB3740_SGB5076,0.021507368029103923,3049.0,0.18935946287234992,-0.18935946287234992,0.0,-0.9472852250364401,-0.6429313825340737,down,0.1858477904339497
s__Blautia_caecimuris,0.026369129300410077,3076.0,0.2800567020763874,-0.2800567020763874,0.0,-2.363068090870372,-1.4380747198594515,down,0.1858477904339497
s__Eubacterium_hominis,0.02578573653820093,3073.0,0.0875795368035555,-0.0875795368035555,0.0,-1.8376267897890874,-1.6923253344502867,down,0.1858477904339497
s__Limosilactobacillus_portuensis,0.7183192725577139,3718.0,0.08364230535737346,0.08364230535737346,0.0,-0.6428375806396238,-0.7770827050917556,up,0.7618537739248481
s__Leuconostoc_citreum,0.13682185219143805,3329.0,0.07885553605868341,-0.07885553605868341,0.0,-1.6267766243663555,-1.5445559887486506,down,0.2165734974733677
s__Lactococcus_lactis,0.1308116681410012,3321.0,0.07706886700745862,-0.07706886700745862,0.0,-0.439763579521203,-0.33387471919458,down,0.21169431335601735
s__Butyricimonas_virosa,0.6213211248883355,3672.0,0.1398780392265685,0.1398780392265685,0.0,-0.34742796521452185,-0.7353480001079437,up,0.675842905500109
s__Acidaminococcus_provencensis,0.049998063609564956,3166.0,0.2166034100195003,-0.2166034100195003,-0.5211208576233262,0.3609880072709862,0.5180429687725904,down,0.1858477904339497
s__Amedibacillus_dolichus,0.011476699302199104,2970.0,0.27079474941620524,-0.27079474941620524,0.0,-0.37991483689698474,-0.02643474889841097,down,0.1858477904339497
s__Enterocloster_clostridioformis,0.35311491686654994,3522.0,0.0249617786844352,0.0249617786844352,0.0,-1.7050226896214677,-1.7735356896343744,up,0.4276188104523688
s__GGB3828_SGB5197,0.1604048879597516,3358.0,0.10976441334976862,-0.10976441334976862,0.0,-2.642490619493866,-2.5102423986506,down,0.2341150654195884
s__GGB12785_SGB19823,0.11533769722762999,3299.0,0.2524344824946186,-0.2524344824946186,0.0,-3.056019170501202,-2.38058387463035,down,0.1972009478460915
s__Blautia_hansenii,0.16653291311315033,3365.0,0.02626638478398048,-0.02626638478398048,-0.09647056612878983,0.876242769441213,0.9368390421810296,down,0.2406973683457274
s__Actinomyces_sp_ICM47,0.014072476572953381,2995.0,0.3441724073903245,-0.3441724073903245,0.0,-0.5716120215686156,0.3354730602502417,down,0.1858477904339497
s__Faecalibacterium_sp_CLA_AA_H233,0.541949052062811,3632.0,0.0034863072295519787,0.0034863072295519787,0.008398972926140011,0.3456035583311701,0.34359739499292974,up,0.6042342647920784
s__Lactobacillus_gasseri,0.9364965338197832,3815.0,0.17116557821442158,0.17116557821442158,0.0,-0.605716747664708,-0.9935780803976226,up,0.9487209494144795
s__Eubacterium_limosum,0.008129930279094325,2929.0,0.2986204190196259,-0.2986204190196259,0.0,-1.7136749916641723,-1.3358618367069028,down,0.1858477904339497
s__GGB3109_SGB4119,0.054931298116735534,3180.0,0.1829094660343165,-0.1829094660343165,0.0,-0.29578006976652427,0.1423622343302296,down,0.1858477904339497
s__GGB9760_SGB15373,0.5613105918158858,3642.0,0.04991490810836595,0.04991490810836595,0.0,-0.8520162687102341,-0.991264548480666,up,0.6223226126654386
s__Gardnerella_vaginalis,0.15361188657070604,3350.0,0.0476084143292515,0.0476084143292515,0.0,-3.6018674637423356,-3.650793223883033,up,0.22736087688947784
s__Actinomyces_SGB17132,0.028188231953687318,3085.0,0.35176715950131343,-0.35176715950131343,0.0,-2.6458686895238333,-1.8560828822628956,down,0.1858477904339497
s__Lactococcus_garvieae,0.2753566824692715,3466.0,0.01637512508245869,0.01637512508245869,0.0,-1.1278582506243755,-1.1457695301647057,up,0.35259087389357935
s__Streptococcus_oralis,0.5248132937462282,3623.0,0.009400741193431336,0.009400741193431336,0.0,-0.37797138496878674,-0.3943247301772079,up,0.587330237828851
s__Dialister_hominis,0.002021837994423612,2777.0,0.20377160582291878,-0.20377160582291878,0.0,-2.107635251890019,-1.4388108604940637,down,0.1858477904339497
s__Gemella_sanguinis,0.12643998101053996,3315.0,0.16113608028207765,-0.16113608028207765,0.0,-1.4057458508329295,-1.064972804931531,down,0.20839830665172102
s__GGB12785_SGB19827,0.06516986661351057,3206.0,0.1626249549635209,-0.1626249549635209,0.0,-3.324550742961966,-3.187751474579155,down,0.1858477904339497
s__Dialister_SGB5817,0.13304103191180877,3324.0,0.09892084024517925,0.09892084024517925,0.23379608885975972,0.5927768250121088,0.5040940608300529,up,0.21336769268874992
s__Phocaeicola_coprocola,0.7010645385269099,3976.0,0.30516057035959626,0.30516057035959626,1.7880052907552106,1.1675215546844682,0.33808171462715275,up,0.7462135964642421
s__GGB3278_SGB4328,0.04575520146426336,3153.0,0.10858454137456326,-0.10858454137456326,0.0,-1.8729466562380308,-1.5418395500297581,down,0.1858477904339497
s__GGB4684_SGB6478,0.2753566824692715,3466.0,0.017953746982419354,0.017953746982419354,0.0888515394039878,0.5374571422082745,0.5053553409962466,up,0.35259087389357935
s__Ruminococcus_lactaris,0.7226559064659313,3720.0,0.0873810291096272,0.0873810291096272,0.3064395333338052,1.111067501442213,0.89844801465483,up,0.7655434973541171
s__Coprococcus_eutactus,0.5829873784619286,3653.0,0.06814347201996593,0.06814347201996593,0.0,-0.005841431747361072,-0.2861284760485143,up,0.6407835409818612
s__Adlercreutzia_equolifaciens,0.5229265895240746,3622.0,0.07969502798267512,-0.07969502798267512,-0.2313350054489189,1.5464920983903252,1.8154591493485106,down,0.5855859236514888
s__GGB9635_SGB15106,0.5079593270368401,3614.0,0.14904843554402297,0.14904843554402297,0.0,-1.1452151211216395,-1.5569492859235017,up,0.5724162870964392
s__Ruminococcus_sp_AF41_9,0.4859371049784196,3602.0,0.06543407132764041,0.06543407132764041,0.0,-1.7585557543242458,-1.8991885434159972,up,0.5514289462088232
s__GGB9758_SGB15368,0.06349917839177681,4484.0,0.38873107404506707,0.38873107404506707,0.0,0.7374453692008559,-0.7049683487006683,up,0.1858477904339497
s__GGB9708_SGB15234,0.2976173208593308,3483.0,0.005018423677992172,-0.005018423677992172,0.0,-1.5125730096630297,-1.4966968773161682,down,0.37306665571201225
s__Mesosutterella_multiformis,0.03505351849605529,3115.0,0.061664883362365086,-0.061664883362365086,0.0,-0.2482287355094152,-0.1495362991882149,down,0.1858477904339497
s__GGB4642_SGB6422,0.07360779539964395,3225.0,0.13876666048766143,-0.13876666048766143,-0.21736541483651906,0.7404846957702295,0.8608938332649106,down,0.1858477904339497
s__Roseburia_sp_AM23_20,0.38554634335320803,3543.0,0.08811027690058851,0.08811027690058851,0.0,-1.2722460322883855,-1.493530735137132,up,0.45941269885545816
s__Allisonella_histaminiformans,0.03581267785666972,3118.0,0.21569562447934262,-0.21569562447934262,0.0,-2.1916410020912034,-1.599630450412766,down,0.1858477904339497
s__Alistipes_provencensis,0.6070705773639357,3665.0,0.2891608334432612,0.2891608334432612,0.0,-1.7644345508485366,-2.0945574869127235,up,0.6623600125884017
s__GGB3740_SGB5077,0.945717923325358,3819.0,0.1625018509176094,0.1625018509176094,0.0,-0.6703435273427769,-1.0505261582052918,up,0.956434273731311
s__Veillonella_tobetsuensis,0.06146073951755952,3197.0,0.005836544471387494,-0.005836544471387494,0.0,-1.9458191125245206,-1.9392266376496816,down,0.1858477904339497
s__GGB51647_SGB4348,0.6398534511962908,3681.0,0.029541169643860523,0.029541169643860523,0.2627959820783791,0.7927781527368262,0.6607576502201848,up,0.6917858330620102
s__Clostridium_sp_AM42_4,0.6903574457962895,3705.0,0.19251173771774616,0.19251173771774616,0.0,-2.5347479537559403,-2.9649592470531463,up,0.7383391496383325
s__Rothia_mucilaginosa,0.0664465358963171,3209.0,0.20943457947339472,-0.20943457947339472,0.0,-1.0762656789746694,-0.4328066784776933,down,0.1858477904339497
s__GGB13493_SGB15238,0.5229265895240746,4064.0,0.26151049676015226,0.26151049676015226,0.0,-2.66391899957441,-3.330839485736279,up,0.5855859236514888
s__Turicibacter_bilis,0.1998331084571342,3400.0,0.0334082781034333,-0.0334082781034333,0.0,-1.2910471888051727,-1.2134066214985184,down,0.2741753255926092
s__Enterobacter_kobei,0.21550528747609632,3415.0,0.0707719185215475,0.0707719185215475,0.0,-0.5588222780049988,-0.6758878162621975,up,0.29164286440093395
s__Clostridium_sp_AF32_12BH,0.18025447379693638,3380.0,0.13139183899810872,-0.13139183899810872,0.0,-0.8101305088910259,-0.7210813510360469,down,0.2545524016831736
s__GGB9627_SGB15081,0.6315881922117235,3677.0,0.1536215431780642,0.1536215431780642,0.0,-1.204586677679154,-1.5072714344644713,up,0.683263589756319
s__Clostridiaceae_bacterium_Marseille_Q4149,0.009236692941798654,2944.0,0.26332675480552864,-0.26332675480552864,0.0,-1.3585057516331684,-0.788119755985541,down,0.1858477904339497
s__GGB9618_SGB15065,0.9688005404321776,3829.0,0.22901446386132884,0.22901446386132884,0.0,-2.7696687119770766,-3.121382322481901,up,0.976459042728084
s__Eubacterium_sp_AF16_48,0.0995418090535975,3274.0,0.006188726511811291,-0.006188726511811291,0.0,-2.564700400216564,-2.550055827802425,down,0.1858477904339497
s__GGB9365_SGB14342,0.6544252631590375,3688.0,0.11878168358490357,0.11878168358490357,0.0,-0.17949093981195635,-0.3878547338295185,up,0.706257010120243
s__Parabacteroides_sp_N37,0.10073836664182417,3276.0,0.23870393699506398,-0.23870393699506398,0.0,-0.1109170837239222,0.007950685395817031,down,0.1858477904339497
s__GGB3486_SGB4658,0.26280669687242375,3456.0,0.053484548353136256,0.053484548353136256,0.0,-0.9593402568111904,-1.0096301041693099,up,0.341170875576201
s__GGB13404_SGB14252,0.5061043515437766,4073.0,0.19950776713398374,0.19950776713398374,0.0,-2.101703933638013,-2.4744005160939806,up,0.5710469453259427
s__Butyricimonas_synergistica,0.5191636568575981,3620.0,0.1789334813338601,0.1789334813338601,0.0,-1.93631171855052,-2.2262917577053365,up,0.5832014647519275
s__GGB9784_SGB15407,0.4591519853766268,3587.0,0.043595361101087575,0.043595361101087575,0.2694364862038423,0.145446245457294,0.12066853790870209,up,0.5270651407699543
s__GGB9509_SGB14906,0.12429722531719543,3312.0,0.05493680113019852,-0.05493680113019852,0.0,-1.2294132459131029,-1.1892968115413833,down,0.20639120668948266
s__Bacteroides_stercorirosoris,0.04270159742719003,3143.0,0.24423162789487737,-0.24423162789487737,0.0,-0.3159734072545582,-0.20115166946193183,down,0.1858477904339497
s__GGB13489_SGB15224,0.4932199620204014,3606.0,0.06260311041122997,0.06260311041122997,0.0,-0.2332259978442186,-0.2918169372930091,up,0.5579199190154731
s__Clostridium_SGB6173,0.46798728278491775,3592.0,0.00019299033277189148,-0.00019299033277189148,0.0,-2.0426726244509554,-2.0422571818334996,down,0.5347998077919834
s__GGB51959_SGB72479,0.8291092515994627,3768.0,0.0924541915042627,0.0924541915042627,0.0,-2.5073036847896546,-2.709316077725342,up,0.8604418686657215
s__Collinsella_intestinalis,0.0971827219495195,3270.0,0.000561789805720807,-0.000561789805720807,0.0,-0.438797487799378,-0.4373873694443796,down,0.1858477904339497
s__Adlercreutzia_sp_JBNU_10,0.010651954684925767,2961.0,0.20924961611231516,-0.20924961611231516,0.0,-4.2746371396835645,-4.045080391268676,down,0.1858477904339497
s__Streptococcus_mutans,0.03684666707088128,4564.0,0.34304535406045245,0.34304535406045245,0.0,-0.15669916908691642,-0.836034556363849,up,0.1858477904339497
s__GGB9347_SGB14313,0.38713478088042286,3544.0,0.11184189987878364,0.11184189987878364,0.0,-2.0772611260285827,-2.289613418842653,up,0.46069038924770317
s__Alistipes_timonensis,0.0759709949555041,3230.0,0.22366495548491946,-0.22366495548491946,0.0,-2.681092131505616,-2.498341485785281,down,0.1858477904339497
s__Cetobacterium_somerae,0.10194635819891387,3278.0,0.26285141486046115,-0.26285141486046115,-0.008715725711034615,7.7278420491989035,7.774669418467054,down,0.1858477904339497
s__GGB4599_SGB6362,0.37143025404870944,3534.0,0.010916984096860911,0.010916984096860911,0.03761062510851066,0.6743510254413649,0.6569980732588366,up,0.44496845870935997
s__GGB9595_SGB15019,0.3456550684580314,4169.0,0.3976537055488764,0.3976537055488764,1.0306157092139439,0.9955287077214565,0.48731249338539967,up,0.41943867926416456
s__GGB4569_SGB6312,0.3112588160956995,3493.0,0.09669197965937082,0.09669197965937082,0.057402163926462656,2.198819221114705,2.113049892506384,up,0.38636786281698443
s__GGB9813_SGB15447,0.8676917940820186,3785.0,0.2636312860195955,0.2636312860195955,0.0,-0.9349267597755602,-1.5300740316942987,up,0.8921830947214304
s__GGB9715_SGB15260,0.8200870062372992,3922.0,0.21653484079654492,0.21653484079654492,0.6383100638997758,1.1568144284171467,0.7432128689241319,up,0.8530625327118759
s__Coprococcus_sp_OM04_5BH,0.057928138252778025,3188.0,0.04573776600773209,-0.04573776600773209,-0.04142026246662803,0.7859887124136322,0.8088817754068658,down,0.1858477904339497
s__GGB9593_SGB15015,0.48051337265230964,3599.0,0.09454858136776302,0.09454858136776302,0.0,-2.3925223672462477,-2.632480081745782,up,0.5456211006261913
s__Senegalimassilia_anaerobia,0.5323948096100658,3627.0,0.0672792812780078,0.0672792812780078,0.06806662768794634,1.6886199225836545,1.610800709398317,up,0.5946963298835841
s__GGB9424_SGB14794,0.2400629610707593,3437.0,0.001575911349168801,0.001575911349168801,0.0008611662162159697,1.5545875855581714,1.5536599059114167,up,0.3178875263436983
s__Clostridium_sp_NSJ_42,0.025593768790767763,3072.0,0.0954603445360162,-0.0954603445360162,0.0,-1.464581671598742,-1.2935049722229521,down,0.1858477904339497
s__GGB9602_SGB15031,0.6151959200329282,4017.0,0.17420018789497496,0.17420018789497496,1.208633061354339,0.5352883239469994,0.23160768472811813,up,0.6695882422309616
s__Slackia_isoflavoniconvertens,0.10563961918332188,3284.0,0.031356230769425966,-0.031356230769425966,0.0,-1.034093821269812,-1.0132898595911153,down,0.1891341226100597
s__GGB2958_SGB3940,0.38713478088042286,3544.0,0.16159244851619445,0.16159244851619445,0.10061056783119851,1.3798821781197008,1.286930835015693,up,0.46069038924770317
s__Oxalobacter_formigenes,0.40814578766126575,3557.0,0.14908039339574544,0.14908039339574544,0.0,-1.3166905933663247,-1.643220706753355,up,0.4796183219060957
s__GGB9597_SGB15022,0.8065985240112666,3758.0,0.25575883766202545,0.25575883766202545,0.0,-0.2299852220931845,-0.4939156531168986,up,0.8419756522573748
s__Eisenbergiella_massiliensis,0.30438732963633797,3488.0,0.02250732029551187,-0.02250732029551187,0.0,-2.030766550247526,-1.967716671532741,down,0.3796865013283461
s__GGB1672_SGB2289,0.10194635819891387,3278.0,0.2628514149246885,-0.2628514149246885,-0.021033655484376728,3.188524922333428,3.2353522916097126,down,0.1858477904339497
s__Faecalibacterium_sp_HTFF,0.9134829788956396,3881.0,0.22403171132399635,0.22403171132399635,0.0,-2.2855781882608195,-2.7795019893885877,up,0.9306889939090849
s__Zhenhengia_yiwuensis,0.17744503227563135,3377.0,0.03737462092641594,0.03737462092641594,0.0,-1.6161691955829345,-1.6493464983056199,up,0.25198041576133806
s__Bacteroides_bouchesdurhonensis,0.06066067797905514,3195.0,0.10288215927092761,-0.10288215927092761,0.0,-1.1996527094444778,-1.1033607560816288,down,0.1858477904339497
s__Streptococcus_pluranimalium,0.12861138964506902,3318.0,0.16856208892362504,-0.16856208892362504,0.0,-1.4485022941202108,-1.3585133221537824,down,0.2098458231411775
s__GGB3321_SGB4394,0.8699721457430225,3900.0,0.1399608791760976,0.1399608791760976,0.0,-0.8593283399115056,-1.0625657190939215,up,0.8934984350697901
s__Cloacibacillus_porcorum,0.02428428987451765,3065.0,0.05984394184320988,-0.05984394184320988,0.0,-3.3250820414427302,-3.2474589903542097,down,0.1858477904339497
s__Christensenella_minuta,0.23775216128220167,3435.0,0.02849967605855458,-0.02849967605855458,0.0,-1.8049852627705556,-1.743224485067247,down,0.315999708033306
s__GGB9790_SGB15413,0.2309141639847545,3429.0,0.06224069208457427,0.06224069208457427,0.0492785783204895,1.1480925184677384,1.1095389603710193,up,0.30898184611153434
s__GGB3612_SGB4882,0.7313558291013476,3962.0,0.21689428424443494,0.21689428424443494,0.0,-1.2818939132604963,-1.650113757390163,up,0.7729248993166995
s__GGB9502_SGB14899,0.2740835859765747,4221.0,0.34729644572380053,0.34729644572380053,0.0,0.23130813171468534,-0.15098268638372997,up,0.3517176139239294
s__GGB9608_SGB15042,0.24827525202021272,3444.0,0.09569148287125626,0.09569148287125626,0.0,-1.6912763673496531,-1.7377764729669212,up,0.3258612682765292
s__Streptococcus_constellatus,0.2909486906796581,3478.0,0.10886474076057237,0.10886474076057237,0.0,-1.3780980545790318,-1.4663141735632397,up,0.36728671348174663
s__Roseburia_sp_AM59_24XD,0.18309682696794505,3383.0,0.1125615537217681,-0.1125615537217681,0.0,-0.08266152585219343,0.08482545862864205,down,0.2573447528643952
s__GGB52283_SGB73075,0.1438355392821305,3338.0,0.170225154876197,-0.170225154876197,-0.08063853341781269,0.5951349632032307,0.6293468784835783,down,0.21925400309018184
s__GGB9602_SGB15028,0.2896271184799316,3477.0,0.03547866911046059,0.03547866911046059,0.0,-0.21781596599975908,-0.25762081445717966,up,0.366136265217194
s__Citrobacter_freundii,0.02038214119562176,3042.0,0.2847505329558578,-0.2847505329558578,0.0,-1.5429084811523477,-1.102846034299886,down,0.1858477904339497
s__GGB53380_SGB74412,0.169212449979382,3368.0,0.023335196653282382,0.023335196653282382,0.25170622022483036,0.05614636637100668,0.04715747387855234,up,0.2433877705182892
s__GGB9819_SGB15460,0.21658073108879372,3416.0,0.05879994253400123,-0.05879994253400123,0.0,-0.5593695496424178,-0.5355913855695099,down,0.29287621590416424
s__Lactobacillus_delbrueckii,0.36067578647309806,3527.0,0.22375553095999784,0.22375553095999784,0.0,-0.8115632655690846,-1.106116178865207,up,0.4352983629847735
s__Citrobacter_braakii,0.07407556421073022,3226.0,0.24538292080251162,-0.24538292080251162,0.0,-1.1693338864949672,-0.9163033937642359,down,0.1858477904339497
s__Lacticaseibacillus_paracasei,0.4697655759222146,3593.0,0.19167877521104812,0.19167877521104812,0.0,-0.8464398612773018,-1.0281326886553515,up,0.5361454942590492
s__Parabacteroides_sp_TM07_1AC,0.1345435385774889,3326.0,0.014328591182378912,-0.014328591182378912,0.0,-1.0056239683192396,-0.9925458585106912,down,0.2150046699738744
s__GGB9786_SGB63164,0.07938309712535119,3237.0,0.1966737907440931,-0.1966737907440931,0.0,-0.6945648672616901,-0.6049775538027583,down,0.1858477904339497
s__GGB3593_SGB4817,0.28438129927131384,3473.0,0.10447847582004759,0.10447847582004759,0.0,-3.632608724926555,-3.7131355507104225,up,0.3612958143767226
s__GGB49418_SGB69331,0.567183624950061,3645.0,0.14086095036894056,0.14086095036894056,0.0,-1.5783111162537826,-1.6693100392344598,up,0.628053827875843
s__Clostridium_celatum,0.16213809726386896,3360.0,0.04947489972461243,-0.04947489972461243,-0.25191674547865917,0.06932897946459739,0.08255612579851543,down,0.23548942523678285
s__Lachnospiraceae_bacterium_CLA_AA_H215,0.4147449125407816,3561.0,0.13381566221453764,0.13381566221453764,0.0,-2.8998965942898773,-3.097503960374888,up,0.48673219519085814
s__Staphylococcus_xylosus,0.08343413359946922,3245.0,0.33342475155520446,-0.33342475155520446,-1.8639385636319967,0.03125598457894434,0.11377179279500954,down,0.1858477904339497
s__Streptococcus_sp_F0442,0.4366232378886705,3574.0,0.06971543853433837,-0.06971543853433837,0.0,-1.2913027399987014,-1.2193643671248338,down,0.5067441350008302
s__Streptococcus_rubneri,0.15277837509615536,3349.0,0.09011567540066902,-0.09011567540066902,0.0,-3.179348030273727,-3.0124565684109412,down,0.22631485439554963
s__Clostridium_paraputrificum,0.10377993362804876,3281.0,0.02996314473956308,0.02996314473956308,0.0,-3.281928645271668,-3.3220682711313874,up,0.18674111040934174
s__Solobacterium_moorei,0.1438355392821305,3338.0,0.003312720382428691,-0.003312720382428691,0.0,-2.686122388184128,-2.682251395034322,down,0.21925400309018184
s__Christensenella_sp_NSJ_35,0.05947678286326965,3192.0,0.1031148386164051,0.1031148386164051,0.0,-3.114758859686038,-3.2164837923297807,up,0.1858477904339497
s__GGB9534_SGB14937,0.6775904247774084,3987.0,0.19172657887563627,0.19172657887563627,0.0,-2.015508296195738,-2.4749881374466116,up,0.7272994036245785
s__GGB2980_SGB3962,0.40323774370195997,3554.0,0.13234546688622323,0.13234546688622323,0.0,-2.342845822897253,-2.569708396768493,up,0.47635961118993947
s__GGB9444_SGB14834,0.2264338482769519,3425.0,0.15224922715409892,0.15224922715409892,0.0,-0.9069724878516513,-1.0693446022179327,up,0.3038980595295933
s__GGB45656_SGB72339,0.08982301953978712,3257.0,0.21983795889564645,-0.21983795889564645,0.0,-0.42157966983056216,-0.3437135951731088,down,0.1858477904339497
s__Dielma_fastidiosa,0.6274726848091059,3675.0,0.2438426896921215,0.2438426896921215,0.0,-1.6548154278872458,-1.9174508014207066,up,0.6800478095836393
s__Eubacterium_sulci,0.021507368029103923,3049.0,0.3525275002319574,-0.3525275002319574,0.0,-2.4686138779287865,-1.654387833928739,down,0.1858477904339497
s__Mammaliicoccus_sciuri,0.12788438968628238,3317.0,0.25118531622366025,-0.25118531622366025,-0.5442022322453692,0.1818810700361093,0.26522148121107014,down,0.20885053576396526
s__Streptococcus_mitis,0.18693811756975964,3387.0,0.16485511610913778,-0.16485511610913778,0.0,-0.2148937104505339,0.09048556834955367,down,0.2617133645976635
s__Atopobium_sp_oral_taxon_416,0.8631344104141666,3783.0,0.2760622995228069,0.2760622995228069,0.0,-2.5220581389336547,-2.781376514299685,up,0.8885207166028186
s__Clostridium_sp_AM29_11AC,0.2677784757519288,3460.0,0.11311102314883922,0.11311102314883922,0.0,-1.0484094986809016,-1.203163171646234,up,0.34536458035924344
s__Staphylococcus_gallinarum,0.08711467794339733,3252.0,0.25556457600686666,-0.25556457600686666,0.0,-1.022322217038814,-0.9704482094664946,down,0.1858477904339497
s__Negativibacillus_massiliensis,0.005942704101758654,2893.0,0.38463716926765584,-0.38463716926765584,0.0,-0.8721864051060589,-0.1738033461063344,down,0.1858477904339497
s__Solobacterium_SGB6829,0.1120300827405705,3294.0,0.31143425188616414,-0.31143425188616414,0.0,-1.6300861510835771,-1.1593763499984358,down,0.1937729628797658
s__Mogibacterium_pumilum,0.13379065356947706,3325.0,0.11988974002204295,-0.11988974002204295,0.0,-2.311080922278825,-2.283003313305399,down,0.21418503732871438
s__Eubacterium_infirmum,0.043599043511343284,3146.0,0.20342063956104248,-0.20342063956104248,0.0,-1.7054989502722486,-1.5772680504977707,down,0.1858477904339497
s__GGB9253_SGB14198,0.44694106811354384,3580.0,0.13300912807291917,0.13300912807291917,0.0,-1.8652740133172516,-2.0021023424421354,up,0.5167032426053599
s__Eubacterium_callanderi,0.06308708139551314,3201.0,0.02744231317858317,-0.02744231317858317,0.0,-0.8818215347770711,-0.8576475259125844,down,0.1858477904339497
s__GGB9590_SGB15012,0.9872864061599828,3837.0,0.1838125061072744,0.1838125061072744,0.0,-2.5527892685786764,-2.85721065015682,up,0.9911733605149433
s__Gemella_morbillorum,0.17283530012917492,3372.0,0.05812459936082587,-0.05812459936082587,0.0,-2.907880784773948,-2.803395878100127,down,0.2476011322075259
s__Peptostreptococcus_stomatis,0.10626535627595016,3285.0,0.08807152470577378,-0.08807152470577378,0.0,-2.4999806936872107,-2.381853237673173,down,0.18949416678578523
s__Parabacteroides_faecis,0.36988183697717403,3533.0,0.11325336411661834,0.11325336411661834,0.0,-2.738439528642118,-3.0111454614550417,up,0.4440074505744826
s__GGB2652_SGB3573,0.5829873784619286,3653.0,0.20685604322334977,0.20685604322334977,0.0,-3.4354741149358214,-3.6812753468655766,up,0.6407835409818612
s__GGB3616_SGB4888,0.1120300827405705,3294.0,0.06257111249986785,-0.06257111249986785,0.0,-1.8134694782222671,-1.7559764424028903,down,0.1937729628797658
s__GGB9773_SGB15393,0.08240600034393473,3243.0,0.09152169390287962,-0.09152169390287962,0.0,-2.5214530849115504,-2.4951444083806313,down,0.1858477904339497
s__Olsenella_sp_oral_taxon_807,0.4452118587540129,3579.0,0.02212707361649676,0.02212707361649676,0.0,-2.4637305665909692,-2.5026212096963456,up,0.5150376979105075
s__GGB58067_SGB79698,0.10073836664182417,3276.0,0.11050135050916077,-0.11050135050916077,0.0,-3.3989785472265073,-3.3458449414333136,down,0.1858477904339497
s__Eubacterium_saphenum,0.08711467794339733,3252.0,0.16360515283753105,-0.16360515283753105,0.0,-3.4492361273883465,-3.3041721758437745,down,0.1858477904339497
s__GGB1495_SGB2071,0.08927599568263095,3256.0,0.10016840457265871,-0.10016840457265871,-0.029316271744880964,3.6965105479559095,3.7723938393966603,down,0.1858477904339497
s__GGB1505_SGB2085,0.1391298176228856,3332.0,0.15342349439021724,-0.15342349439021724,0.0,-0.2986422742199892,-0.2089668927014944,down,0.21708629760214226
s__Bacteroidales_unclassified_SGB2124,0.02134338068210493,3048.0,0.3525034203257281,-0.3525034203257281,-0.7484221839017805,0.22943667908285317,0.38544318801390626,down,0.1858477904339497
s__GGB4603_SGB6367,0.15444885094078656,3351.0,0.049279697278374016,-0.049279697278374016,0.0,-1.0433742709642768,-0.9670330179319927,down,0.22803242260488338
s__Vescimonas_SGB15087,0.015006170181102112,3003.0,0.22443982443932523,-0.22443982443932523,-0.7710135173347029,0.3279127755850457,0.559572718960446,down,0.1858477904339497
s__GGB51269_SGB5062,0.0387173557512328,3129.0,0.18305768705926256,-0.18305768705926256,0.0,-1.695608941202876,-1.4624044833014476,down,0.1858477904339497
s__Desulfovibrio_desulfuricans,0.0006191470711790837,2661.0,0.443689244810627,-0.443689244810627,0.0,-1.673749398212351,-1.244285028986366,down,0.1858477904339497
s__GGB3491_SGB4665,0.06774373476323782,3212.0,0.28790681025832243,-0.28790681025832243,0.0,-0.3844896090722403,-0.14388472368658323,down,0.1858477904339497
s__GGB1123_SGB1437,0.03309593864048275,3107.0,0.35811805842508726,-0.35811805842508726,-0.021966410114721634,4.139573253313554,4.203084493041747,down,0.1858477904339497
s__Clostridiaceae_unclassified_SGB15090,0.39674896890638844,3550.0,0.0740924288574778,0.0740924288574778,0.03419550076678128,1.8833737042720802,1.839257903977944,up,0.47118889520818585
s__GGB3490_SGB4664,0.007855586150462057,2925.0,0.5061577584569654,-0.5061577584569654,-0.566539075239274,0.5818914509191712,0.8617617863820292,down,0.1858477904339497
s__GGB32900_SGB53446,0.08604996458824507,3250.0,0.19366840150592937,-0.19366840150592937,-0.05937745141558613,1.5931056376351402,1.6600415885715272,down,0.1858477904339497
s__GGB28369_SGB40949,0.03309593864048275,3107.0,0.35811805841758493,-0.35811805841758493,-0.02341278082356983,3.8818914698811793,3.9454027096075754,down,0.1858477904339497
s__GGB3496_SGB4671,0.03309593864048275,3107.0,0.3581180584130791,-0.3581180584130791,-0.02420384677159708,3.753985571672399,3.817496811397716,down,0.1858477904339497
s__Anaerotruncus_massiliensis,0.053124757441819735,3175.0,0.20866975368182708,-0.20866975368182708,0.0,-3.2922930815125944,-3.0785384719520232,down,0.1858477904339497
s__GGB3730_SGB5060,0.01101176957879244,2965.0,0.33134502474280414,-0.33134502474280414,-0.2470161840484567,0.7191447627229627,0.8534451265972207,down,0.1858477904339497
s__GGB4604_SGB6370,0.013735789152833605,2992.0,0.3674570133896014,-0.3674570133896014,-0.35004003580388066,0.6795440110811453,0.8661440768295267,down,0.1858477904339497
s__GGB9667_SGB15164,0.2028990217870278,3403.0,0.014985446662282475,-0.014985446662282475,0.0,-0.9271704156713287,-0.9141218543676616,down,0.2775285470420265
s__GGB9529_SGB14929,0.014072476572953381,2995.0,0.36644453064178795,-0.36644453064178795,0.0,-1.7754558977493775,-1.519783815535893,down,0.1858477904339497
s__GGB1663_SGB2279,0.22092112291146782,3420.0,0.1606803281720713,0.1606803281720713,0.08486602528369884,2.2388527460990826,2.1109517699591613,up,0.29829364931692137
s__Bittarella_massiliensis,0.027164703206825975,3080.0,0.22206945572591064,-0.22206945572591064,0.0,-2.6191316376149016,-2.1299752644699814,down,0.1858477904339497
s__Fournierella_massiliensis,0.040384450980739506,3135.0,0.09357319664846252,-0.09357319664846252,0.0,-1.2694659843985667,-1.2015564142329147,down,0.1858477904339497
s__Lawsonibacter_faecis,0.058312122862757304,3189.0,0.11706838931256251,-0.11706838931256251,0.0,-1.0017304257772472,-0.9112868650587151,down,0.1858477904339497
s__Eisenbergiella_tayi,0.23317779403737116,3431.0,0.07990306561184665,-0.07990306561184665,0.0,-1.2029630937389943,-1.0012609633857603,down,0.3113106674320924
s__Candidatus_Borkfalkia_ceftriaxoniphila,0.04066813505703245,3136.0,0.17352665033138406,-0.17352665033138406,0.0,-0.9075427831334438,-0.8361323503305007,down,0.1858477904339497
s__GGB9524_SGB14923,0.06267719746833793,3200.0,0.11150189977222054,-0.11150189977222054,0.0,-2.659165274948356,-2.54599067046862,down,0.1858477904339497
s__GGB9480_SGB14873,0.03309593864048275,3107.0,0.35811805814655673,-0.35811805814655673,-0.05408151638867963,1.662687994003289,1.7261992336647882,down,0.1858477904339497
s__GGB31234_SGB14869,0.20599905524601625,3406.0,0.0018593904808406074,0.0018593904808406074,0.0,-3.627051714262137,-3.6286645088322023,up,0.2806933691710985
s__GGB3002_SGB3993,0.09259873749621912,3262.0,0.19953949755565303,-0.19953949755565303,-0.16029098545512613,0.4321972228544407,0.48298580456527584,down,0.1858477904339497
s__GGB3000_SGB3991,0.04670640014578903,3156.0,0.16916989969107013,-0.16916989969107013,-0.09338083488912619,0.7379745067443882,0.7873209208295237,down,0.1858477904339497
s__Clostridium_perfringens,0.1821457086087368,3382.0,0.11038920815234099,0.11038920815234099,0.0,-1.0321698975504587,-1.1921944525168875,up,0.2566141198631375
s__GGB45495_SGB63167,0.023920986926776844,3063.0,0.13561284191815373,-0.13561284191815373,0.0,-2.2653607021514532,-2.1749114684872013,down,0.1858477904339497
s__Roseburia_sp_BX1005,0.2566820959909729,3451.0,0.03552879640873383,-0.03552879640873383,0.0,-2.22005694534417,-2.17790293099003,down,0.3346804538669734
s__GGB3537_SGB4727,0.026173410354094012,3075.0,0.0581473904224942,-0.0581473904224942,0.0,-1.2833770395918802,-1.2081437836526743,down,0.1858477904339497
s__GGB45613_SGB63326,0.4573962075932687,3586.0,0.02289744524982495,-0.02289744524982495,0.0,-2.5206457366958457,-2.4941878930909223,down,0.5264037592224272
s__GGB34228_SGB72916,0.10943823720290921,3290.0,0.02229071092401481,0.02229071092401481,0.0,-2.139159546985519,-2.1571765935450657,up,0.19095528192296476
s__Guopingia_tenuis,0.30302521224486034,4199.0,0.3285173261823352,0.3285173261823352,0.0,-2.754699174094169,-3.291247390708033,up,0.3787815153060754
s__Cuneatibacter_sp_NSJ_177,0.021018670086369793,3046.0,0.20760004399114107,-0.20760004399114107,0.0,-2.9481430646253783,-2.544343291478441,down,0.1858477904339497
s__GGB38744_SGB14842,0.07888815727222974,3236.0,0.14671498763698318,-0.14671498763698318,0.0,-3.5539206541696817,-3.3683507966588917,down,0.1858477904339497
s__Streptococcus_cristatus,0.20599905524601625,3406.0,0.08891738773850187,-0.08891738773850187,0.0,-2.408366507555469,-2.2408194911249573,down,0.2806933691710985
s__Schaalia_SGB17158,0.028606854222112246,3087.0,0.1347968790669232,-0.1347968790669232,0.0,-0.7192993930364573,-0.6296894483959196,down,0.1858477904339497
s__GGB3353_SGB4437,0.07407556421073022,3226.0,0.24036605674345263,-0.24036605674345263,0.0,-2.213354317351862,-2.1310746368793434,down,0.1858477904339497
s__GGB3603_SGB4866,0.050679215211854506,3168.0,0.2004955671337933,-0.2004955671337933,-0.09996968465691382,0.6298717587274177,0.6750656505052113,down,0.1858477904339497
s__Enterococcus_faecalis,0.5949733368529933,3659.0,0.2931321833462158,0.2931321833462158,0.0,-2.2270895389543472,-2.9229316340218046,up,0.6503535862110184
s__Streptococcus_infantarius,0.055668118342977226,3182.0,0.0342934641635933,-0.0342934641635933,-0.5241553451074458,0.03380803835098209,0.048619048321321336,down,0.1858477904339497
s__Enterocloster_lavalensis,0.30438732963633797,3488.0,0.10019371567829824,-0.10019371567829824,0.0,-2.380923448886385,-2.136367753604906,down,0.3796865013283461
s__Intestinimonas_massiliensis,0.14068503790559056,3334.0,0.012675017791346074,0.012675017791346074,0.0,-0.9941615687206212,-1.012328447954015,up,0.21855769596299315
s__Romboutsia_hominis,0.022686298218521698,3056.0,0.4191855468670956,-0.4191855468670956,0.0,-0.1108891112618347,-0.03188440736876627,down,0.1858477904339497
s__GGB9064_SGB13983,0.03309593864048275,3107.0,0.3581180567975125,-0.3581180567975125,0.0,-0.03043069377227789,0.03308054556619734,down,0.1858477904339497
s__GGB9781_SGB15402,0.6754714402933121,3698.0,0.12144053325749048,0.12144053325749048,0.0,-2.858643336818911,-3.023838534368771,up,0.7254612039251276
s__Saccharomyces_cerevisiae,0.034308140124319104,3112.0,0.12038758167228987,-0.12038758167228987,0.0,-1.1168447304474398,-1.0326600531664623,down,0.1858477904339497
s__GGB6470_SGB9153,0.15277837509615536,3349.0,0.05201700471040931,-0.05201700471040931,0.0,-0.9954756536355723,-0.9789994550251852,down,0.22631485439554963
s__Comamonas_kerstersii,0.0995418090535975,3274.0,0.05643387459412548,0.05643387459412548,0.0,-0.3578616156415987,-0.384931752917208,up,0.1858477904339497
s__GGB9532_SGB14933,0.03333540277763095,3108.0,0.30414722625233315,-0.30414722625233315,0.0,-3.7753960337152805,-3.394463405239335,down,0.1858477904339497
s__GGB52002_SGB72669,0.04767418543296343,3159.0,0.360048637640475,-0.360048637640475,0.0,-2.381123952802267,-2.298343459123141,down,0.1858477904339497
s__Pseudoflavonifractor_gallinarum,0.026369129300410077,3076.0,0.14972660983724584,-0.14972660983724584,0.0,-2.7659286417456137,-2.43739524427341,down,0.1858477904339497
s__GGB9781_SGB66170,0.25065730575056744,3446.0,0.0487438070179403,0.0487438070179403,0.0,-1.7518618848881842,-1.7903038582356854,up,0.32874598880585076
s__Diplocloster_agilis,0.2518542968230808,3447.0,0.028675971095348893,-0.028675971095348893,0.0,-2.472281288553081,-2.442407751242272,down,0.329347926614798
s__Gordonibacter_urolithinfaciens,0.3112588160956995,3493.0,0.04911551227358617,0.04911551227358617,0.0,-1.5868378361971698,-1.6498976441530744,up,0.38636786281698443
s__Yeguia_hominis,0.053124757441819735,3175.0,0.07862197086715664,-0.07862197086715664,0.0,-3.1735944314703444,-3.1035431866003744,down,0.1858477904339497
s__Clostridium_cuniculi,0.1173588305101672,3302.0,0.09509557764661761,0.09509557764661761,0.0,-3.2608061350319932,-3.3218221843720372,up,0.1991307152667761
s__GGB4585_SGB6340,0.4016096185663488,3553.0,0.008701495648835997,0.008701495648835997,0.03908090123207971,0.5297268464794969,0.5155697878190101,up,0.4753800856372232
s__Collinsella_sp_AF08_23,0.029030819802678902,3089.0,0.38961861700351563,-0.38961861700351563,-0.033465825963302616,3.8170332648280416,3.9066109426452997,down,0.1858477904339497
s__Faecalibacillus_faecis,0.2779149667689156,3468.0,0.0133661096845502,0.0133661096845502,0.0,-0.3905313125442589,-0.42170283313099727,up,0.35510251659449843
s__Enorma_massiliensis,0.7887036414054023,3750.0,0.22903210615667213,0.22903210615667213,0.0,-2.1646439172371275,-2.5557063041308763,up,0.8252262602043628
s__GGB3340_SGB4419,0.03817481309483211,3127.0,0.19233890833151512,-0.19233890833151512,-0.3244447322857292,0.4089436475450371,0.5120720393093521,down,0.1858477904339497
s__GGB3626_SGB4905,0.03555808142385569,3117.0,0.15560898961455363,-0.15560898961455363,0.0,-2.3629255985368425,-2.2390761275245548,down,0.1858477904339497
s__Catenibacterium_tridentinum,0.14866235548838747,3344.0,0.0645583605238922,0.0645583605238922,0.0,-0.7249460480617298,-0.7959194258086925,up,0.22206050589688003
s__Clostridia_bacterium_UC5_1_1E11,0.040384450980739506,3135.0,0.28864125445141026,-0.28864125445141026,-0.09358535767832044,1.2011044146631733,1.2816007799471008,down,0.1858477904339497
s__GGB4605_SGB6376,0.07314244489199265,3224.0,0.163901190263882,-0.163901190263882,0.0,-1.108172644709327,-0.8527335532764595,down,0.1858477904339497
s__Clostridium_spiroforme,0.16126973406262146,3359.0,0.16053389363208687,-0.16053389363208687,0.0,-1.6743881061062984,-1.3981146506241,down,0.234993041062677
s__Olsenella_sp_KGMB02461,0.031460561789046035,3100.0,0.404318221246678,-0.404318221246678,0.0,-0.3408123355882673,-0.12433907146732605,down,0.1858477904339497
s__TM7_phylum_sp_oral_taxon_350,0.0392664361558849,3131.0,0.14799194165383908,-0.14799194165383908,0.0,-2.362643026173582,-2.2472558726127754,down,0.1858477904339497
s__GGB3277_SGB4327,0.4591519853766268,3587.0,0.08168651684404904,0.08168651684404904,0.5297281596080715,0.7174931013047402,0.49699688197546105,up,0.5270651407699543
s__Lachnoclostridium_phocaeense,0.07360779539964395,3225.0,0.05905519485164393,0.05905519485164393,0.0,-1.2204336828664244,-1.2943854690897174,up,0.1858477904339497
s__GGB74802_SGB47402,0.028606854222112246,3087.0,0.37983631189357997,-0.37983631189357997,0.0,-1.2041104440588113,-1.0812102793875291,down,0.1858477904339497
s__Anaerosacchariphilus_sp_NSJ_68,0.22201589855352322,3421.0,0.02882988260226847,0.02882988260226847,0.0,-3.530303959501417,-3.591048970542106,up,0.2990931161645577
s__Sellimonas_intestinalis,0.18025447379693638,3380.0,0.023139673388636324,-0.023139673388636324,0.0,-1.7550873431809655,-1.679911224867149,down,0.2545524016831736
s__GGB3511_SGB4688,0.030781195753587568,3097.0,0.06553735395186133,-0.06553735395186133,0.0,-3.410211084558749,-3.325683804689286,down,0.1858477904339497
s__GGB4549_SGB6271,0.12358930303885024,3311.0,0.045348333057130985,0.045348333057130985,0.0,-1.2107997462380742,-1.269084043260913,up,0.20559823478503977
s__Phocaeicola_coprophilus,0.20085129741137542,3401.0,0.046659880391770436,0.046659880391770436,0.025231570483067577,2.1396366815665044,2.1025414929211057,up,0.27536064967688567
s__GGB3175_SGB4191,0.23890558997927736,3436.0,0.04133214190597177,0.04133214190597177,0.0,-1.5715871824283105,-1.6699539946742723,up,0.3170605785226841
s__Phocaeicola_faecicola,0.10689402845543006,3286.0,0.10736249389393006,-0.10736249389393006,-0.02226384687854237,2.510213521557514,2.549251892322424,down,0.18966783379020144
s__GGB33665_SGB47358,0.1938030527779645,3394.0,0.050594138508207494,0.050594138508207494,0.0,-0.11260712189659443,-0.13707247187707508,up,0.26942246823104876
s__Phascolarctobacterium_sp_ET69,0.6419268217699131,3682.0,0.29248751875788614,0.29248751875788614,0.0,-0.6562139970160479,-1.0741624979390887,up,0.6936073709802026
s__GGB4706_SGB6513,0.1360591300606878,3328.0,0.1512048824174425,-0.1512048824174425,-0.013276387808714167,3.4483462847099475,3.4802261215648223,down,0.21645770691473057
s__GGB4588_SGB6347,0.6818360407823518,3701.0,0.19009283584066244,0.19009283584066244,0.3302694148860403,0.834077006906345,0.663414788843402,up,0.7305386151239484
s__GGB1096_SGB1408,0.3667970577384899,3531.0,0.05759045198173232,0.05759045198173232,0.007338126606876585,3.9620949466780746,3.941993305784863,up,0.4414920755652087
s__Butyricimonas_faecalis,0.5691478245051634,3646.0,0.16989838275613983,0.16989838275613983,0.0548368189300387,1.8578763783142072,1.7885837703193594,up,0.6298381070934388
s__Bifidobacterium_bifidum,0.3057535062676603,3489.0,0.0002685007611001568,-0.0002685007611001568,-0.008741977345528087,0.08472078702782139,0.08523570918790266,down,0.3805927536176943
s__Parasutterella_secunda,0.10134092890181201,3277.0,0.1356906290010678,-0.1356906290010678,-0.3192597185677375,0.4397243112506847,0.548639698399419,down,0.1858477904339497
s__GGB4596_SGB6358,0.012768026535450509,2983.0,0.34709056149505735,-0.34709056149505735,0.0,-0.5854112781001367,-0.12218830070842196,down,0.1858477904339497
s__GGB9290_SGB14247,0.5323948096100658,3627.0,0.22015054073095786,0.22015054073095786,0.0,-1.0644976150570522,-1.2356846435861344,up,0.5946963298835841
s__Lawsonibacter_hominis,0.4609115327477751,4098.0,0.4046753115536013,0.4046753115536013,0.0,-0.7762476266904201,-1.2878485371077042,up,0.5280661655678938
s__GGB33512_SGB15203,0.11268555040941082,3295.0,0.00027466112968448596,-0.00027466112968448596,0.0,-0.8118284607200846,-0.8116752705989837,down,0.19434174635825924
s__GGB9198_SGB14137,0.5515880755070217,3637.0,0.15444064022108345,0.15444064022108345,0.0,-1.5003004614498754,-1.5774338658332223,up,0.6138308695636121
s__GGB4604_SGB6369,0.09372813188527303,3264.0,0.09903593717311349,-0.09903593717311349,-0.03651438940207779,1.7595300406913494,1.804631827188763,down,0.1858477904339497
s__Faecalitalea_cylindroides,0.399985445061832,3552.0,0.1263285425683207,0.1263285425683207,0.0,-3.2842258506189332,-3.43216729046198,up,0.4740863342864343
s__GGB39037_SGB4393,0.40323774370195997,3554.0,0.10272105494738673,0.10272105494738673,0.0987398960468495,0.8040040294109738,0.7508177908714585,up,0.47635961118993947
s__GGB3352_SGB4436,0.1001386628758888,3275.0,0.1190232943363506,-0.1190232943363506,-0.10704026930747351,0.43146012851264703,0.4646896507739379,down,0.1858477904339497
s__Longicatena_caecimuris,0.4065058324491163,3556.0,0.04747322257168089,0.04747322257168089,0.0,-0.5123483511696628,-0.5860127809769086,up,0.4786364847768289
s__GGB33512_SGB15201,0.2936039853641773,3480.0,0.18634216640452672,0.18634216640452672,0.0,-2.540247115973911,-2.7353581190818645,up,0.3695931691643558
s__GGB9302_SGB14263,0.08818999857094488,3254.0,0.08280384138330231,-0.08280384138330231,0.0,-1.9901710429380524,-1.8394169866055161,down,0.1858477904339497
s__GGB45620_SGB63333,0.1315515471077555,3322.0,0.0966979745723622,0.0966979745723622,0.0,-2.2191890749199645,-2.272000981074288,up,0.21231420577517499
s__GGB4583_SGB6334,0.19780804967207244,3398.0,0.02220899335000342,-0.02220899335000342,-0.02073439958829391,0.5039293521336022,0.5112241146190273,down,0.2730760778535571
s__GGB9061_SGB13979,0.09429695798259378,3265.0,0.17386896292275003,-0.17386896292275003,0.0,-1.515594072608033,-1.3927790934428117,down,0.1858477904339497
s__GGB45432_SGB63101,0.6989182819956665,3977.0,0.29936447566893915,0.29936447566893915,0.0,-0.08433156536054176,-0.3486794643706508,up,0.7452623257839096
s__Weissella_confusa,0.2297882232463765,3428.0,0.03209801584265721,0.03209801584265721,0.0,-2.7361649127888836,-2.804319410116428,up,0.3077059103486737
s__Angelakisella_massiliensis,0.14304288722884304,3337.0,0.21977644794612075,-0.21977644794612075,0.0,-0.7702637119671941,-0.730136146539468,down,0.21925400309018184
s__Sutterella_SGB9293,0.07360779539964395,3225.0,0.3081110296730946,-0.3081110296730946,0.0,-0.7066350162864199,-0.6373228090815033,down,0.1858477904339497
s__Weissella_cibaria,0.2640436255158207,3457.0,0.10676344407819369,0.10676344407819369,0.0,-2.708958961131278,-2.9029350105491223,up,0.34178235790118927
s__GGB9619_SGB15067,0.023208501331670312,3059.0,0.3518555183037676,-0.3518555183037676,0.0,-1.0605802460919418,-0.8131491836858398,down,0.1858477904339497
s__Slackia_equolifaciens,0.10689402845543006,3286.0,0.004599135266985872,0.004599135266985872,0.0,-3.4640501381337794,-3.4701199426090663,up,0.18966783379020144
s__GGB9062_SGB13981,0.5457945588135373,3634.0,0.1486922675044655,0.1486922675044655,0.0,-1.7292593145891282,-1.8261515450819257,up,0.6081418773296905
s__Olsenella_timonensis,0.08604996458824507,3250.0,0.19743728246507672,-0.19743728246507672,0.0,-1.621795207520816,-1.5445798024498603,down,0.1858477904339497
s__GGB9611_SGB15045,0.22201589855352322,3421.0,0.09707315165307864,0.09707315165307864,0.0,-3.084163528958568,-3.138668746893099,up,0.2990931161645577
s__GGB4644_SGB6428,0.8088427299105183,3759.0,0.2863158722359115,0.2863158722359115,0.0,0.1712328450131623,-0.17279055235262597,up,0.8428396222360042
s__GGB6613_SGB9347,0.029676904627787024,3092.0,0.10249980915837631,-0.10249980915837631,0.0,-0.22153758033229748,-0.11042025993480357,down,0.1858477904339497
s__GGB4676_SGB6465,0.45215155768695225,3583.0,0.14594641654994236,0.14594641654994236,0.39444454183684663,0.6236009811487511,0.47442454647041427,up,0.5217133357926372
s__GGB4567_SGB6307,0.14225359139464658,3336.0,0.033874606223475955,-0.033874606223475955,-0.011471568216369485,1.4779583257134727,1.4897571362836168,down,0.21925400309018184
s__Sutterella_sp_AM11_39,0.09148029603150189,3260.0,0.01374359083188651,-0.01374359083188651,0.0,-0.8975552561668036,-0.8801000798574844,down,0.1858477904339497
s__GGB9345_SGB14311,0.3281646693961259,3505.0,0.09467210250224745,0.09467210250224745,0.0,-1.875898030889414,-2.1002538915627973,up,0.40176538742941337
s__GGB9249_SGB14193,0.6565179105021549,3689.0,0.24433172000792983,0.24433172000792983,0.0,-0.5396697559826507,-0.730136146539468,up,0.7080872932002094
s__GGB9199_SGB14138,0.048328696453953254,3161.0,0.12093307091991715,-0.12093307091991715,-0.037751761076033,1.3405150506467398,1.3760559954052642,down,0.1858477904339497
s__GGB4584_SGB6338,0.3426994601299842,3515.0,0.12610861939243126,0.12610861939243126,0.0,-0.2150923127788333,-0.28830343205332043,up,0.4169860506694082
s__GGB3126_SGB4139,0.10134092890181201,3277.0,0.26076509906866446,-0.26076509906866446,-0.01778405720228127,3.775408379904491,3.822235749177126,down,0.1858477904339497
s__Victivallis_lenta,0.08240600034393473,3243.0,0.022925176132194924,0.022925176132194924,0.0,-2.126636490435204,-2.1440115978712417,up,0.1858477904339497
s__GGB4682_SGB6472,0.4048698163833925,3555.0,0.2117647604817315,0.2117647604817315,0.25571925933331696,1.3097638959991182,1.0970182366715848,up,0.4776554013511934
s__Frisingicoccus_caecimuris,0.03333540277763095,3108.0,0.2183529270591427,-0.2183529270591427,0.0,-1.2679313461732216,-1.0003913727637284,down,0.1858477904339497
s__GGB9715_SGB15267,0.23660267119924383,3434.0,0.07066865077751894,-0.07066865077751894,0.0,-0.5074243225744112,-0.38276906432640123,down,0.31517594633630613
s__GGB10692_SGB17347,0.2677784757519288,3460.0,0.11240917071558722,0.11240917071558722,0.0,-2.5712730718915404,-2.6396780429585465,up,0.34536458035924344
s__GGB2970_SGB3952,0.5574116505217437,3640.0,0.19258681535230515,0.19258681535230515,0.0,-0.8150627748886241,-0.9284580214677144,up,0.6195391009846279
s__Jutongia_huaianensis,0.0036447374735975773,2839.0,0.35759693255424796,-0.35759693255424796,-2.8540489022381186,0.0677125647491671,0.4895799149580626,down,0.1858477904339497
s__GGB9708_SGB15233,0.8449518551627921,3775.0,0.18214094120617189,0.18214094120617189,0.0,-2.397030670526051,-2.834488217668486,up,0.8723187168684696
s__GGB9453_SGB14845,0.3471389464548502,3518.0,0.060370223475536236,-0.060370223475536236,0.0,-1.0302293349665477,-0.973157409753658,down,0.42095313819423075
s__GGB9293_SGB14250,0.4264439899969249,3568.0,0.16179634767773182,0.16179634767773182,0.0,-0.9175005337588187,-1.1210828769512693,up,0.4978433761572995
s__Cloacibacillus_evryensis,0.05348204023863777,3176.0,0.04153645123970855,-0.04153645123970855,0.0,-2.900427337150337,-2.837928284512255,down,0.1858477904339497
s__GGB3189_SGB4212,0.19881869438129618,3399.0,0.025010710602751802,-0.025010710602751802,-0.010322079646834405,1.0461433617160494,1.0536550649970875,down,0.2738359332334982
s__GGB2996_SGB3983,0.2856866865140232,3474.0,0.07487520390705653,0.07487520390705653,0.0,-2.412325296620378,-2.489600194178677,up,0.36218092004796265
s__GGB58485_SGB80143,0.9088883369072378,3803.0,0.16964548882467367,0.16964548882467367,0.0,-3.070885464279991,-3.3643295237291655,up,0.9265366541287376
s__GGB42378_SGB59548,0.0960200552505211,3268.0,0.008128214543033276,0.008128214543033276,0.0,-0.8586964060325338,-0.8621370516268878,up,0.1858477904339497
s__GGB9296_SGB14253,0.24709018283814377,3443.0,0.05583739208230666,0.05583739208230666,0.0,-1.8717432343842493,-1.9315456443249388,up,0.324544500637297
s__GGB9186_SGB14125,0.6839626427401401,3702.0,0.23099680490340818,0.23099680490340818,0.0,-0.9718388120481448,-1.1412890249528496,up,0.7323775148717157
s__GGB38239_SGB47716,0.294937710280875,3481.0,0.04891947897913278,0.04891947897913278,0.0,-0.5667846409715234,-0.6083234711064165,up,0.3702277164918157
s__Monoglobus_pectinilyticus,0.08818999857094488,3254.0,0.03549677342211145,-0.03549677342211145,-0.07514520970266403,0.5309362494630175,0.5593238518215398,down,0.1858477904339497
s__GGB2987_SGB3969,0.4065058324491163,3556.0,0.1907863473284517,0.1907863473284517,0.0,-3.165096343352138,-3.4212959487298558,up,0.4786364847768289
s__GGB9240_SGB14182,0.12009679795095178,3306.0,0.09581315015373534,-0.09581315015373534,0.0,-1.9012922514242458,-1.829186060677997,down,0.20185761237518732
s__GGB9787_SGB15410,0.11137762597041358,3293.0,0.013406774911907143,-0.013406774911907143,0.0,-1.0613039483051572,-1.0476772289404879,down,0.19301850714290122
s__GGB9788_SGB15411,0.04544178418745671,3152.0,0.049361818069896306,-0.049361818069896306,0.0,-3.287515074424184,-3.233288403979344,down,0.1858477904339497
s__GGB9522_SGB14921,0.04329814082574956,3145.0,0.09181612495754395,-0.09181612495754395,0.0,-1.0586070971311716,-0.9832491737339827,down,0.1858477904339497
s__GGB51884_SGB49168,0.5909655241815385,3657.0,0.14754101736432781,0.14754101736432781,0.0,-1.2691754635940042,-1.4433344517242663,up,0.6467648440613404
s__GGB3287_SGB4341,0.10134092890181201,3277.0,0.26076510043657963,-0.26076510043657963,-0.3996514680773879,0.14670725938875318,0.19353462882901523,down,0.1858477904339497
s__GGB9770_SGB15389,0.024102044883022998,3064.0,0.32533170890095814,-0.32533170890095814,0.0,-1.7293941206609722,-1.5028862221012003,down,0.1858477904339497
s__GGB45491_SGB63163,0.35011884305234764,3520.0,0.14258741829856733,0.14258741829856733,0.0,-1.389383310736509,-1.4729990232271724,up,0.42427843506343554
s__GGB9818_SGB15459,0.07645098466516617,3231.0,0.07577950403233993,-0.07577950403233993,0.0,-1.9268519477181907,-1.880513070878267,down,0.1858477904339497
s__Eubacteriales_bacterium,0.4932199620204014,3606.0,0.14887493637655586,0.14887493637655586,0.0,-1.396609281614707,-1.5055171861904364,up,0.5579199190154731
s__Acinetobacter_sp_A3_8,0.10134092890181201,3277.0,0.26076510221653787,-0.26076510221653787,0.0,-0.6716030111220334,-0.6247756414636514,down,0.1858477904339497
s__GGB9301_SGB14262,0.7864743897722217,3749.0,0.23696133833717448,0.23696133833717448,0.0,-3.2396328675205863,-3.5358276570432734,up,0.823376413925757
s__Pseudoflavonifractor_sp_AF19_9AC,0.40814578766126575,3557.0,0.12343126421719534,0.12343126421719534,0.0,-2.4512371632251013,-2.50614673961968,up,0.4796183219060957
s__Clostridium_sp_AF12_28,0.4751227956169404,3596.0,0.0058992459761915,0.0058992459761915,0.0,-2.9043030298589527,-2.910344700287825,up,0.5412215636095971
s__Kluyvera_cryocrescens,0.07407556421073022,3226.0,0.1494276562923302,-0.1494276562923302,0.0,-3.14755945606737,-2.992852775176435,down,0.1858477904339497
s__GGB9453_SGB14844,0.17744503227563135,3377.0,0.07607771656517917,0.07607771656517917,0.0,-3.1970395106952196,-3.2571488885116944,up,0.25198041576133806
s__Tyzzerella_nexilis,0.07988055893920333,3238.0,0.11940428870515325,-0.11940428870515325,0.0,-0.44384357673057223,-0.04201668403834999,down,0.1858477904339497
s__GGB6574_SGB9290,0.1947986759877689,3395.0,0.15935341695451144,0.15935341695451144,0.11695379490177342,1.405806167860069,1.296339767687356,up,0.26996555639609277
s__GGB1331_SGB1788,0.09148029603150189,3260.0,0.05110734307864956,-0.05110734307864956,0.0,-0.16551609233854997,-0.14220835020425304,down,0.1858477904339497
s__GGB4257_SGB5789,0.06226951814755305,3199.0,0.005549460426415587,-0.005549460426415587,0.0,-0.5662644059521691,-0.561105897355142,down,0.1858477904339497
s__Eubacteriales_unclassified_SGB15148,0.11467010241723609,3298.0,0.059730116489704894,0.059730116489704894,0.0,-1.7715553403403117,-1.8235334900588844,up,0.1971928061799291
s__Fusobacterium_nucleatum,0.10879774012075728,3289.0,0.20591852373626307,0.20591852373626307,0.0,-1.5993579735181136,-1.8013312235097507,up,0.19039604521132525
s__GGB3818_SGB5183,0.011103393882129562,2966.0,0.2536321323708059,-0.2536321323708059,0.0,-0.002578813105503774,0.29759697216956443,down,0.1858477904339497
s__Streptococcus_sobrinus,0.764280905373813,3739.0,0.17372930977700898,0.17372930977700898,0.0,-2.4542275488858367,-2.869176836395924,up,0.8024949506425036
s__Peptoniphilus_grossensis,0.08982301953978712,3257.0,0.020895080208529534,-0.020895080208529534,0.0,-2.5883727406037282,-2.5785020032097363,down,0.1858477904339497
s__Peptostreptococcus_anaerobius,0.1001386628758888,3275.0,0.2275058796995103,-0.2275058796995103,0.0,-1.1984009018346586,-1.1243482722195575,down,0.1858477904339497
s__Finegoldia_magna,0.07407556421073022,3226.0,0.2673251706663106,-0.2673251706663106,0.0,-1.1653270036686514,-1.082153949609372,down,0.1858477904339497
s__GGB4386_SGB6036,0.03658581458801461,3121.0,0.3102792685422991,-0.3102792685422991,-0.5900825612688321,0.6391187385115974,0.9620864582069484,down,0.1858477904339497
s__GGB1339_SGB1796,0.07741838296627643,3233.0,0.24934009597894446,-0.24934009597894446,-0.014853487909366013,4.5248924503820644,4.571719819652288,down,0.1858477904339497
s__Intestinibacillus_massiliensis,0.1998331084571342,3400.0,0.06726985477767293,0.06726985477767293,0.0,-1.469449346467389,-1.5059749188795963,up,0.2741753255926092
s__Bacteroides_sp_OF04_15BH,0.07741838296627643,3233.0,0.24934009599649515,-0.24934009599649515,-0.017195143069977624,3.9055104832112275,3.952337852483304,down,0.1858477904339497
s__Enterococcus_hirae,0.1438355392821305,3338.0,0.004804647617285367,0.004804647617285367,0.0006202970922155359,3.8837683614270944,3.8820988662638296,up,0.21925400309018184
s__Clostridium_sp_D5,0.033576347861318495,3109.0,0.18611384572173448,-0.18611384572173448,0.0,-3.3090710025436523,-3.073671137762253,down,0.1858477904339497
s__Paraeggerthella_hongkongensis,0.15444885094078656,3351.0,0.1861714147953372,0.1861714147953372,0.0,-1.134671377361911,-1.3359079234133409,up,0.22803242260488338
s__bacterium_210917_SL_2_15,0.12288453204814942,3310.0,0.0030710041934286056,0.0030710041934286056,0.0,-0.5771141576011567,-0.5782556301577623,up,0.2046165015913682
s__Blautia_hydrogenotrophica,0.16653291311315033,3365.0,0.07429620321611562,0.07429620321611562,0.0,-2.304695121504467,-2.421754372562353,up,0.2406973683457274
s__Cuneatibacter_caecimuris,0.06226951814755305,3199.0,0.048055881893895515,-0.048055881893895515,0.0,-4.537793263990189,-4.501483748905948,down,0.1858477904339497
s__Butyricicoccus_faecihominis,0.0409535064754031,3137.0,0.29685622421771646,-0.29685622421771646,0.0,-0.34836956395881036,-0.20578873474910195,down,0.1858477904339497
s__GGB58158_SGB79798,0.09372813188527303,3264.0,0.11310199550075611,-0.11310199550075611,0.0,-3.912748995470242,-3.8177397529219217,down,0.1858477904339497
s__Kluyvera_georgiana,0.1947986759877689,3395.0,0.05777924201984994,0.05777924201984994,0.0,-0.9242948190068299,-0.9725553076826542,up,0.26996555639609277
s__Bilophila_SGB15451,0.16831570118678008,3367.0,0.0015741073381443237,-0.0015741073381443237,0.0,-1.0971810847957517,-1.0966857915463153,down,0.24248872204875097
s__Abiotrophia_defectiva,0.04966037637988728,3165.0,0.2027494964069421,-0.2027494964069421,0.0,-2.4600764730835545,-2.265514184483846,down,0.1858477904339497
s__Ruminococcus_bovis,0.10879774012075728,3289.0,0.015908750108686604,0.015908750108686604,0.02448405046106509,1.572947612734915,1.546478280776066,up,0.19039604521132525
s__Coprococcus_SGB5116,0.04066813505703245,3136.0,0.350809785439709,-0.350809785439709,-0.020878534073888875,4.356912159161105,4.420423398890494,down,0.1858477904339497
s__GGB9354_SGB14327,0.08765100802169243,3253.0,0.2162302686248717,-0.2162302686248717,-0.016515385380093898,3.872295315693837,3.9168784737614692,down,0.1858477904339497
s__GGB36331_SGB15121,0.012357634242801457,2979.0,0.23907406447761578,-0.23907406447761578,-0.4393289912720473,0.7910938406623074,1.0727022894050202,down,0.1858477904339497
s__GGB6572_SGB9284,0.056039605178763746,3183.0,0.3442078720544893,-0.3442078720544893,-0.07940702281310938,1.52720752504399,1.613622537446932,down,0.1858477904339497
s__Collinsella_SGB14747,0.050679215211854506,3168.0,0.24019803525837613,-0.24019803525837613,-0.023382075054289686,3.1398910114885807,3.1911945347275266,down,0.1858477904339497
s__GGB9423_SGB14792,0.0028571317471641575,2813.0,0.5063901912300541,-0.5063901912300541,0.0,-3.721805077962112,-3.3481817146550026,down,0.1858477904339497
s__Collinsella_SGB53890,0.04066813505703245,3136.0,0.3508097853358079,-0.3508097853358079,-0.03756302160979493,2.407678771400646,2.4711900111003904,down,0.1858477904339497
s__GGB1385_SGB1890,0.08818999857094488,3254.0,0.1248207032237379,-0.1248207032237379,-0.02742855642821806,1.760663873358671,1.794457890127627,down,0.1858477904339497
s__Schaalia_SGB17153,0.270288454191977,3462.0,0.08131954337502463,-0.08131954337502463,0.0,-0.6823268260870766,-0.5969736919458158,down,0.3475971835249848
s__GGB4964_SGB6927,0.039822114432301194,3133.0,0.2955836585003693,-0.2955836585003693,0.0,-2.2699871810438492,-2.0293348214983618,down,0.1858477904339497
s__GGB6648_SGB9389,0.14543094237937731,3340.0,0.07756109288865014,-0.07756109288865014,0.0,-0.8753434367372914,-0.8375980280580275,down,0.21953504602512883
s__GGB9635_SGB15103,0.3839618941349211,3542.0,0.22439910364186785,0.22439910364186785,2.9814273444947523,0.27300040989199437,0.03456720287488618,up,0.4578303146498558
s__GGB9712_SGB15244,0.42140670483599874,3565.0,0.09058630747834105,0.09058630747834105,0.7897167742475586,0.33689315714655677,0.19487842127259014,up,0.4929298611613747
s__Limosilactobacillus_oris,0.7554563186661611,3951.0,0.2431278862849599,0.2431278862849599,0.0,-2.629918041573778,-3.119086304509037,up,0.794631425350087
s__Oribacterium_sinus,0.006048662466381312,2895.0,0.36804102741048944,-0.36804102741048944,0.0,-1.7291945341133812,-1.4222695456892944,down,0.1858477904339497
s__Actinomyces_sp_oral_taxon_448,0.32959988927674544,3506.0,0.06280262051172371,-0.06280262051172371,0.0,-1.319918189439639,-1.2168840202315099,down,0.40296972764314426
s__Scardovia_wiggsiae,0.8608574155628158,3782.0,0.1958882139413106,0.1958882139413106,0.0,-1.794077906764873,-2.175472509950761,up,0.886688105470067
s__Intestinibacillus_sp_Marseille_P6563,0.058698219593400776,3190.0,0.053148402008199286,-0.053148402008199286,0.0,-4.339998009647201,-4.272037611296046,down,0.1858477904339497
s__GGB9370_SGB14351,0.04066813505703245,3136.0,0.3508097834485423,-0.3508097834485423,0.0,-0.4003745925646555,-0.3368633534033775,down,0.1858477904339497
s__GGB3510_SGB4687,0.037905974709973894,3126.0,0.19307574079131828,-0.19307574079131828,0.0,-1.1444732718125843,-0.8881511521746581,down,0.1858477904339497
s__GGB1661_SGB2275,0.040102446636767174,3134.0,0.03855564901311095,-0.03855564901311095,0.0,-3.4584186406965025,-3.421462455725273,down,0.1858477904339497
s__GGB1689_SGB2321,0.19881869438129618,3399.0,0.040420599941529,-0.040420599941529,-0.004280617474698017,3.8795146805240512,3.8910426744021906,down,0.2738359332334982
s__GGB13017_SGB20189,0.10134092890181201,3277.0,0.2597257788826793,-0.2597257788826793,-0.01130399017667517,5.953056392948385,5.999883762216965,down,0.1858477904339497
s__GGB1526_SGB2108,0.0704006440104662,3218.0,0.029955391877731847,-0.029955391877731847,-0.03465010418364885,0.5775867917662719,0.5916269841189798,down,0.1858477904339497
s__Prevotella_marseillensis,0.2640436255158207,3457.0,0.06819697222421597,0.06819697222421597,0.01467064940560811,3.5321119872013367,3.4963762304978325,up,0.34178235790118927
s__GGB3343_SGB4423,0.5593594725157676,3641.0,0.225581840516924,0.225581840516924,0.0,-0.4821124359473334,-0.6785783421922106,up,0.6213171489985346
s__GGB1543_SGB2126,0.0960200552505211,3268.0,0.08639354325743079,-0.08639354325743079,-0.012320577203544555,2.7933234140913648,2.81728047232818,down,0.1858477904339497
s__GGB1548_SGB2132,0.10134092890181201,3277.0,0.25972577890256904,-0.25972577890256904,-0.015902301218074268,4.224920975210541,4.27174834448152,down,0.1858477904339497
s__GGB4554_SGB6285,0.1519483092397985,3348.0,0.02328040002040813,-0.02328040002040813,-0.0031806825136868476,3.353803347901921,3.3612055715849976,down,0.22583491423233995
s__Ligilactobacillus_ruminis,0.075493466688342,3229.0,0.06056265033305527,-0.06056265033305527,-0.015172948590799077,3.2732743667405733,3.3078813397918254,down,0.1858477904339497
s__Baileyella_intestinalis,0.058312122862757304,3189.0,0.19841221803209894,-0.19841221803209894,-0.024967819620268183,2.958225045075748,3.0098667699813064,down,0.1858477904339497
s__Kineothrix_SGB4886,0.26903145554701025,3461.0,0.12909877615219698,0.12909877615219698,0.0,-0.3527283133761844,-0.45989952560979913,up,0.3467300708674464
s__GGB3328_SGB4406,0.1793143448386909,3379.0,0.023039487994634372,-0.023039487994634372,-0.013153509637191758,1.0888619537380022,1.0988348485021222,down,0.2538272050254268
s__GGB9608_SGB15041,0.057928138252778025,3188.0,0.15796968115003995,-0.15796968115003995,-0.14692818976658564,0.7655701439764109,0.8476465146567248,down,0.1858477904339497
s__GGB9690_SGB15196,0.40323774370195997,3554.0,0.23622083172009456,0.23622083172009456,0.0,-0.6473559086965328,-0.9739351844099906,up,0.47635961118993947
s__GGB4704_SGB6511,0.17192419602190856,3371.0,0.011322930197698346,0.011322930197698346,0.006837469616897295,1.063996104067116,1.0589653605868419,up,0.2464937268265918
s__GGB13147_SGB19694,0.10134092890181201,3277.0,0.25972577907556127,-0.25972577907556127,-0.0314281761607896,2.1262587861806463,2.1730861554724954,down,0.1858477904339497
s__GGB24147_SGB35951,0.10134092890181201,3277.0,0.21129451473733302,-0.21129451473733302,-0.059095937470921726,1.071891925938259,1.1167106278868264,down,0.1858477904339497
s__GGB3289_SGB4343,0.18309682696794505,3383.0,0.06190729122660094,0.06190729122660094,0.0,-0.6722398765663965,-0.7219544162774929,up,0.2573447528643952
s__GGB9258_SGB14205,0.13758786898308065,3330.0,0.0276096832718446,-0.0276096832718446,0.0,-0.3992212066161899,-0.3856004751111431,down,0.2165734974733677
s__GGB9767_SGB15385,0.4697655759222146,3593.0,0.09587611294436474,0.09587611294436474,0.0,-0.024198533922531584,-0.14479928590109722,up,0.5361454942590492
s__Butyricicoccus_intestinisimiae,0.28178265060301066,3471.0,0.016065084065975573,-0.016065084065975573,0.0,-0.5461159300130372,-0.5300291871478983,down,0.35876036471210704
s__GGB4591_SGB6350,0.2856866865140232,3474.0,0.10024972358961189,0.10024972358961189,0.06054600598035448,1.1135424212470408,1.0677770999713487,up,0.36218092004796265
s__GGB9786_SGB15409,0.058698219593400776,3190.0,0.13782920495025305,-0.13782920495025305,-0.04755641526768411,1.5268257297224817,1.577994108613971,down,0.1858477904339497
s__GGB9783_SGB15405,0.19780804967207244,3398.0,0.009976286818284703,0.009976286818284703,0.0,-0.3300667511076625,-0.3335285269110902,up,0.2730760778535571
s__Alistipes_SGB2300,0.4573962075932687,3586.0,0.12330315533588829,0.12330315533588829,1.0100683080274035,0.17891991674122149,0.08883780695084416,up,0.5264037592224272
s__GGB6649_SGB9391,0.7598647046599383,3737.0,0.3287091102098138,0.3287091102098138,0.0,-3.0048182371178354,-3.395930047507953,up,0.7983275443307769
s__GGB9737_SGB15309,0.12218290420673283,3309.0,0.06693229199539455,-0.06693229199539455,0.0,-0.7548923749100304,-0.7177181739141717,down,0.2038284897280543
s__GGB4605_SGB6378,0.1604048879597516,3358.0,0.09377977803667832,-0.09377977803667832,-0.1397476791031532,0.35825954055981607,0.39469898343424115,down,0.2341150654195884
s__GGB9527_SGB14927,0.28178265060301066,3471.0,0.17806869175088022,0.17806869175088022,0.0,-2.4901996013561307,-2.705205889741924,up,0.35876036471210704
s__GGB2983_SGB3965,0.025593768790767763,3072.0,0.15194221635997282,-0.15194221635997282,0.0,-1.2216070255930263,-1.0897839044807196,down,0.1858477904339497
s__Mitsuokella_multacida,0.15868571895838213,3356.0,0.0221957616989508,0.0221957616989508,0.019846184672970384,0.6408154959836213,0.6320605842815326,up,0.2325566570941807
s__Collinsella_bouchesdurhonensis,0.06906169377249158,3215.0,0.12827526052573318,-0.12827526052573318,-0.13337937091899496,0.45696535702202606,0.5012270127479709,down,0.1858477904339497
s__Fenollaria_timonensis,0.17466833109431446,3374.0,0.022594163427606135,-0.022594163427606135,0.0,-1.0481775122425612,-1.0377199698551882,down,0.24922699520651584
s__GGB4723_SGB6540,0.24590908100254705,3442.0,0.06040820894291067,0.06040820894291067,0.9968427670691552,0.049030325115652695,0.024568870951052982,up,0.32394664914357674
s__GGB9094_SGB14025,0.10134092890181201,3277.0,0.25972578072973684,-0.25972578072973684,0.0,-0.11334873436013494,-0.06652136486872902,down,0.1858477904339497
s__Parabacteroides_chinchillae,0.1391298176228856,3332.0,0.16438391391707727,-0.16438391391707727,0.0,-0.2068960733100482,-0.17279055235262597,down,0.21708629760214226
s__GGB2998_SGB3989,0.058312122862757304,3189.0,0.20145686554783118,-0.20145686554783118,0.0,-0.18871359613941907,-0.10006203691170892,down,0.1858477904339497
s__GGB3588_SGB4808,0.5613105918158858,3642.0,0.13437948807719297,0.13437948807719297,0.0,-0.6491479208104001,-0.7944594164163541,up,0.6223226126654386
s__Bacteroides_sp_AF16_49,0.01650903580753187,3015.0,0.25666689803202297,-0.25666689803202297,0.0,-0.3921978941480991,-0.22267628709052475,down,0.1858477904339497
s__Prevotella_buccalis,0.28048938585664285,3470.0,0.15604272478135836,0.15604272478135836,0.0,-1.7356208380641287,-1.8129998715595876,up,0.3578795952495407
s__GGB1549_SGB2133,0.015867480958139387,3010.0,0.2264740234599971,-0.2264740234599971,0.0,-0.6197892031815239,-0.4434790811966591,down,0.1858477904339497
s__Megasphaera_hominis,0.04299899471703094,3144.0,0.06987089577483603,-0.06987089577483603,0.0,-1.16089563455859,-1.0871526766799164,down,0.1858477904339497
s__Scardovia_inopinata,0.5400313806932946,3631.0,0.2152756373782427,0.2152756373782427,0.0,-2.8819468807637443,-3.0274432356217456,up,0.6024725090859567
s__Gemmiger_SGB15301,0.19680116877499276,3397.0,0.08091470392972956,0.08091470392972956,0.0,-1.8985350461822357,-1.9465312195412678,up,0.2721069606997383
s__GGB9730_SGB15290,0.13304103191180877,3324.0,0.015100292738405862,0.015100292738405862,0.0,-2.0128241659129404,-2.0206391642224726,up,0.21336769268874992
s__GGB9189_SGB14128,0.24709018283814377,3443.0,0.035006870368170455,-0.035006870368170455,0.0,-3.3352004372843513,-3.3124206206695566,down,0.324544500637297
s__Holdemania_sp_1001095H_141210_F2,0.021180483330107833,3047.0,0.29260688003326335,-0.29260688003326335,0.0,-2.535431081411049,-2.2525271830482434,down,0.1858477904339497
s__Megasphaera_massiliensis,0.04066813505703245,3136.0,0.351007181467075,-0.351007181467075,-0.013864128141460381,6.577246750572263,6.64075799030604,down,0.1858477904339497
s__Dialister_succinatiphilus,0.04966037637988728,3165.0,0.061962787980235065,-0.061962787980235065,-0.010476414352979937,4.813524702108175,4.8486062820819,down,0.1858477904339497
s__GGB3363_SGB4447,0.5229265895240746,3622.0,0.11853237851541305,0.11853237851541305,0.0,0.033394261293443556,-0.23761239628201905,up,0.5855859236514888
s__Amedibacterium_intestinale,0.024838209589819714,3068.0,0.1523712230172109,-0.1523712230172109,0.0,-0.7509664221286287,-0.5879177223735097,down,0.1858477904339497
s__GGB9739_SGB15313,0.044206149724937124,3148.0,0.16532389518182036,-0.16532389518182036,-0.022728774194538073,2.758278894901959,2.8020779926504735,down,0.1858477904339497
s__Fusobacterium_SGB6028,0.0960200552505211,3268.0,0.032792201106871526,-0.032792201106871526,-0.017826760188456855,1.2451451082942564,1.2606262792936345,down,0.1858477904339497
s__GGB9469_SGB14863,0.20704000679057366,3407.0,0.04650794587829153,-0.04650794587829153,-0.018605673111112015,1.1887058454377606,1.2041352330116746,down,0.28189657675146756
s__Christensenella_intestinihominis,0.04932460409933931,3164.0,0.025962210914253065,-0.025962210914253065,0.0,-0.9735856796835728,-0.9405886712675747,down,0.1858477904339497
s__Leuconostoc_lactis,0.009081744721558312,2942.0,0.1171494087809343,-0.1171494087809343,0.0,-2.527687745281571,-2.341526526594059,down,0.1858477904339497
s__GGB3680_SGB4995,0.05420262739590319,3178.0,0.3437399841090429,-0.3437399841090429,0.0,-0.12155671433066323,-0.035676330634727645,down,0.1858477904339497
s__Actinomyces_graevenitzii,0.025978948249757737,3074.0,0.23963743495672768,-0.23963743495672768,0.0,-2.2492780606349125,-1.9169400358707964,down,0.1858477904339497
s__Corynebacterium_durum,0.6586132559068849,3690.0,0.034848187667010165,0.034848187667010165,0.0,-2.4570715692059903,-2.5254184953297423,up,0.7099182740300661
s__Lentihominibacter_SGB71368,0.048000503541064325,3160.0,0.3042559539949493,-0.3042559539949493,-0.12357054403311045,1.147727466512532,1.2503661712323773,down,0.1858477904339497
s__Rothia_SGB49305,0.14304288722884304,3337.0,0.007857536813489456,-0.007857536813489456,0.0,-2.4897718288070583,-2.479849998089214,down,0.21925400309018184
s__Granulicatella_adiacens,0.06730903985532953,3211.0,0.08063079466973223,-0.08063079466973223,0.0,-1.632565713464194,-1.5417616729760193,down,0.1858477904339497
s__Eggerthella_guodeyinii,0.020070229891391456,3040.0,0.0915010924270731,-0.0915010924270731,0.0,-1.7722545742942315,-1.6205610167578701,down,0.1858477904339497
s__Actinomyces_naeslundii,0.002271413619436869,2789.0,0.38840000804324976,-0.38840000804324976,0.0,-3.1902570399609282,-2.4938001891833905,down,0.1858477904339497
s__Solobacterium_SGB6834,0.009715789295193754,2950.0,0.5781848776140242,-0.5781848776140242,0.0,-1.0569182529712302,-0.8295368952484897,down,0.1858477904339497
s__GGB12788_SGB19840,0.04066813505703245,3136.0,0.35100718062941516,-0.35100718062941516,-0.18037177577037583,0.47689752961626136,0.5404087691122388,down,0.1858477904339497
s__Schaalia_SGB17154,0.6233687338561307,3673.0,0.09548420471235042,0.09548420471235042,0.0,-1.8996974242955893,-2.0438199597890088,up,0.6768328405919667
s__Lachnospiraceae_bacterium_oral_taxon_096,0.010920817674311916,2964.0,0.4885014009301867,-0.4885014009301867,0.0,-0.9122557238417764,-0.6591684114137614,down,0.1858477904339497
s__Actinomyces_massiliensis,0.17101669071857561,3370.0,0.04496593223056007,-0.04496593223056007,0.0,-1.865682343057197,-1.8357295474844553,down,0.24558712223061743
s__Megasphaera_SGB5856,0.04066813505703245,3136.0,0.3510071796051768,-0.3510071796051768,0.0,-0.32060962963129197,-0.25709839042608135,down,0.1858477904339497
s__GGB3550_SGB4746,0.026566111558420646,3077.0,0.14319583744512027,-0.14319583744512027,0.0,-1.9638218007091082,-1.7457354041178794,down,0.1858477904339497
s__Solobacterium_SGB6828,0.15528927545579307,3352.0,0.05881742267736887,-0.05881742267736887,0.0,-0.866223870821969,-0.8346214677470256,down,0.22908376585833937
s__Cryptobacterium_curtum,0.06146073951755952,3197.0,0.02732520024684795,-0.02732520024684795,0.0,-3.1106184620684605,-3.0894914390374604,down,0.1858477904339497
s__Oribacterium_parvum,0.056039605178763746,3183.0,0.18979996951736366,-0.18979996951736366,0.0,-1.5666708173246435,-1.4695958554221153,down,0.1858477904339497
s__Arachnia_rubra,0.0849957892676986,3248.0,0.1822940892742255,-0.1822940892742255,0.0,-2.8786639425814085,-2.7121456104841446,down,0.1858477904339497
s__Rothia_aeria,0.06186403497906669,3198.0,0.15568912592743875,-0.15568912592743875,0.0,-1.754530143510476,-1.7065959672778208,down,0.1858477904339497
s__Actinomyces_sp_HMT897,0.2779149667689156,3468.0,0.19500162261863813,0.19500162261863813,0.0,-3.3731603614349215,-3.538950092392904,up,0.35510251659449843
s__TM7_phylum_sp_oral_taxon_351,0.04544178418745671,3152.0,0.22569600153952415,-0.22569600153952415,0.0,-2.182629816031711,-2.1322391033988914,down,0.1858477904339497
s__Methanobrevibacter_smithii,0.1595435519401528,3357.0,0.021413348729011364,0.021413348729011364,0.0,-0.8378501465473897,-0.8729483896083284,up,0.23323934497393345
s__GGB4698_SGB6498,0.10752564418731263,3287.0,0.09628045743172894,-0.09628045743172894,-0.025470959559776345,2.737509155120366,2.786269385569845,down,0.19003294542015153
s__GGB4664_SGB6452,0.049998063609564956,3166.0,0.30575220880364107,-0.30575220880364107,0.0,-0.13817759464961085,0.015067962683655909,down,0.1858477904339497
s__Bacteroides_ilei,0.03309593864048275,3107.0,0.3579079453884093,-0.3579079453884093,-0.016380720262933766,5.561913859001906,5.625425098734743,down,0.1858477904339497
s__GGB4579_SGB6329,0.07221896432573473,3222.0,0.12373860103223168,-0.12373860103223168,-0.06576242943434712,1.7034140055469862,1.7828576856785496,down,0.1858477904339497
s__GGB9762_SGB15377,0.005890354715897477,2892.0,0.4966133014134559,-0.4966133014134559,-0.07234647501533635,2.9799075600650835,3.1331504600917874,down,0.1858477904339497
s__Terrisporobacter_mayombei,0.08138816268891237,3241.0,0.21557048384499297,-0.21557048384499297,-1.894965115947386,0.03548769157676036,0.13198333275312182,down,0.1858477904339497
s__GGB3118_SGB4130,0.07693344445518047,3232.0,0.09611514397488302,-0.09611514397488302,-0.07446320364458979,0.9765875864844284,1.0283166257109042,down,0.1858477904339497
s__Prevotella_lascolaii,0.12788438968628238,3317.0,0.024775027005187758,0.024775027005187758,0.0,-3.04885899272406,-3.0769099949462864,up,0.20885053576396526
s__GGB9288_SGB14243,0.15277837509615536,3349.0,0.011002873900783219,0.011002873900783219,0.0,-0.4935965951981271,-0.5020649009470578,up,0.22631485439554963
s__GGB3733_SGB5066,0.039822114432301194,3133.0,0.11507333306989305,-0.11507333306989305,-0.0643555002345479,1.1168696644943026,1.1678187158037239,down,0.1858477904339497
s__GGB9603_SGB15035,0.08038055136746912,3239.0,0.1682764594964376,-0.1682764594964376,-0.07179690933635476,1.2814480101876882,1.3468338232530626,down,0.1858477904339497
s__Clostridium_SGB47280,0.07130505363328708,3220.0,0.11556377647057395,-0.11556377647057395,0.0,-0.09054505598315706,-0.028242478227073785,down,0.1858477904339497
s__Bacteroides_cutis,0.03309593864048275,3107.0,0.3579079452947216,-0.3579079452947216,-0.032682238143994416,2.771946764917293,2.8354580046275903,down,0.1858477904339497
s__Holdemanella_biformis,0.075493466688342,3229.0,0.0015409665528617884,-0.0015409665528617884,-0.0019445962736684174,1.7655804098510526,1.7679618251286828,down,0.1858477904339497
s__Acetivibrio_sp_MSJd_27,0.07360779539964395,3225.0,0.19562054508197307,-0.19562054508197307,0.0,-0.6903597751576199,-0.6092959855981754,down,0.1858477904339497
s__GGB1331_SGB1787,0.041529341861570576,3139.0,0.22524092805979512,-0.22524092805979512,0.0,-2.326488583832195,-2.211383342975109,down,0.1858477904339497
s__Parabacteroides_bouchesdurhonensis,0.07501839122890709,3228.0,0.1739179846234472,-0.1739179846234472,0.0,-1.55059761569811,-1.469490227642431,down,0.1858477904339497
s__Muribaculum_gordoncarteri,0.10943823720290921,3290.0,0.10857362493988636,-0.10857362493988636,-0.03283232995011034,1.3372733255545566,1.3680554419776176,down,0.19095528192296476
s__GGB9636_SGB15107,0.0392664361558849,3131.0,0.12201468982819584,-0.12201468982819584,-0.09853634295500215,0.9487606991674573,1.0158254315833277,down,0.1858477904339497
s__GGB9719_SGB15273,0.07176081704736395,3221.0,0.292318673275879,-0.292318673275879,-0.12254255355855598,0.712887428678968,0.7760861634603612,down,0.1858477904339497
s__Parabacteroides_sp_AM08_6,0.03309593864048275,3107.0,0.35790794510363344,-0.35790794510363344,-0.05284699593630283,1.7022615027118273,1.7657727423761513,down,0.1858477904339497
s__GGB3288_SGB4342,0.2665295124415591,3459.0,0.06033922566947912,0.06033922566947912,0.0,-2.451052870997561,-2.542955695185854,up,0.34425121541836684
s__Bacteroides_sp_Marseille_P3684,0.03309593864048275,3107.0,0.35790794503810097,-0.35790794503810097,-0.059862696846494944,1.49908915242431,1.5626003920728675,down,0.1858477904339497
s__GGB3649_SGB4958,0.016121423722700173,3012.0,0.4010033006359473,-0.4010033006359473,-0.12771489207209208,1.2720211113790845,1.3897616798974661,down,0.1858477904339497
s__GGB9434_SGB14812,0.05384132748575305,3177.0,0.14652280261555325,-0.14652280261555325,0.0,-0.1895078730368062,-0.11343137647739165,down,0.1858477904339497
s__GGB1662_SGB2276,0.14703986110758432,3342.0,0.035954039471461315,-0.035954039471461315,-0.025197498273199514,0.7545460302900067,0.7678403691746991,down,0.22000515681226993
s__GGB4750_SGB6579,0.052769470894823124,3174.0,0.07346792502306514,-0.07346792502306514,-0.04765455023122684,0.9756690045254857,1.008435109071909,down,0.1858477904339497
s__GGB9082_SGB14007,0.03309593864048275,3107.0,0.3579079447470776,-0.3579079447470776,-0.09814617254004096,0.9021848818956523,0.965696121474193,down,0.1858477904339497
s__Sanguibacteroides_justesenii,0.09148029603150189,3260.0,0.11027477255024262,-0.11027477255024262,0.0,-3.0399462201260614,-2.943423678902949,down,0.1858477904339497
s__Clostridium_sp_NSJ_6,0.03333540277763095,3108.0,0.3395096606825236,-0.3395096606825236,0.0,-1.9931659088783589,-1.7582698506031789,down,0.1858477904339497
s__GGB47687_SGB2286,0.09037273845688731,3258.0,0.1344292967513025,-0.1344292967513025,-0.19852048807262113,0.5833127702695469,0.6693636220942792,down,0.1858477904339497
s__GGB9691_SGB15198,0.30302521224486034,3487.0,0.10207307165360263,0.10207307165360263,0.0,-0.30292663595558234,-0.40710790414094267,up,0.3787815153060754
s__GGB1148_SGB1475,0.044206149724937124,3148.0,0.17093066998904907,-0.17093066998904907,-0.4586219676331466,0.2288153450609568,0.31444458133394254,down,0.1858477904339497
s__Weissella_viridescens,0.010651954684925767,2961.0,0.10792400539575861,-0.10792400539575861,0.0,-0.8264132009831348,-0.7549835223135861,down,0.1858477904339497
s__GGB3478_SGB4643,0.03309593864048275,3107.0,0.3579079436808739,-0.3579079436808739,0.0,-0.0711487847183226,-0.007637545396297695,down,0.1858477904339497
s__Thermophilibacter_provencensis,0.14543094237937731,3340.0,0.05065219774684636,0.05065219774684636,0.0,-0.1017306841087487,-0.12753215261517872,up,0.21953504602512883
s__Bacilliculturomica_massiliensis,0.03309593864048275,3107.0,0.3579079429866535,-0.3579079429866535,0.0,-0.41126399157338916,-0.3477527524183854,down,0.1858477904339497
s__GGB9697_SGB15213,0.12500830700491303,3313.0,0.059858232477372396,-0.059858232477372396,0.0,-0.8520084385632104,-0.8210569294275711,down,0.2069942745860573
s__Christensenella_timonensis,0.06559315618514616,3207.0,0.07872451762679292,-0.07872451762679292,0.0,-2.157484945633587,-2.0806838682446376,down,0.1858477904339497
s__Bifidobacterium_breve,0.022859219969876266,3057.0,0.11234964955288916,-0.11234964955288916,-3.029239870675238,0.027395946239379795,0.22365487577976634,down,0.1858477904339497
s__Eubacterium_sp_c_25,0.052769470894823124,3174.0,0.18176946310824094,-0.18176946310824094,0.0,-2.7698944622706314,-2.3811491159347864,down,0.1858477904339497
s__GGB4566_SGB6305,0.1271605894862276,3316.0,0.07172669035085086,-0.07172669035085086,-0.015377836738886297,1.9569431285544667,1.9779139557973153,down,0.20881476746358443
s__GGB9563_SGB14975,0.38872720338896016,3545.0,0.14938326725097403,0.14938326725097403,0.17722349077858934,0.6287568171484438,0.5560746794431054,up,0.46227718724136835
s__Alistipes_montrealensis,0.2400629610707593,3437.0,0.03880900640775607,0.03880900640775607,0.0,-3.359163284656577,-3.424336764614723,up,0.3178875263436983
s__Massilimicrobiota_timonensis,0.06226951814755305,3199.0,0.24793294267331661,-0.24793294267331661,0.0,-0.6888958687263905,-0.34623915981763936,down,0.1858477904339497
s__GGB3550_SGB4747,0.10689402845543006,3286.0,0.023433133872444032,-0.023433133872444032,-0.019103285541176317,0.7179045391367883,0.7274738074358436,down,0.18966783379020144
s__Actinomyces_oris,0.433214697244075,3572.0,0.07550096446600119,-0.07550096446600119,0.0,-1.8324900061510003,-1.700783808200662,down,0.5037708368603738
s__Extibacter_muris,0.08927599568263095,3256.0,0.25468322764644863,-0.25468322764644863,0.0,-0.007443413464404289,0.03938395600455774,down,0.1858477904339497
s__GGB45599_SGB63311,0.08927599568263095,3256.0,0.25468322822610606,-0.25468322822610606,0.0,-0.28861078904476273,-0.2417834195105734,down,0.1858477904339497
s__GGB42389_SGB59559,0.13007502088442482,3320.0,0.005138412089232831,-0.005138412089232831,0.0,-4.241595500158829,-4.237440309484757,down,0.2116535207645381
s__Lachnoclostridium_sp_An131,0.0779058088418575,3234.0,0.2592684586107995,-0.2592684586107995,0.0,-1.6346803990357353,-1.5597340579806487,down,0.1858477904339497
s__Ruminococcus_sp_OA3,0.05348204023863777,3176.0,0.2032209097854031,-0.2032209097854031,0.0,-2.7123063908116034,-2.6650433303539427,down,0.1858477904339497
s__Faecalicatena_orotica,0.04544178418745671,3152.0,0.40888801500329086,-0.40888801500329086,0.0,-4.363804839041631,-3.664099641947526,down,0.1858477904339497
s__GGB4653_SGB6440,0.16742252448523254,3366.0,0.053542878572922864,-0.053542878572922864,-0.04549057400046925,0.8696465729440364,0.8975048769064644,down,0.2415919209427163
s__Lachnospiraceae_bacterium_NSJ_143,0.1257225562068195,3314.0,0.03161360260302907,-0.03161360260302907,0.0,-2.8103069801673985,-2.787534444014609,down,0.20759922555890176
s__GGB3003_SGB3994,0.037905974709973894,3126.0,0.35308728656350524,-0.35308728656350524,-0.04280651181419211,2.1089016961404665,2.1724129358281745,down,0.1858477904339497
s__GGB51269_SGB5061,0.0849957892676986,3248.0,0.10731312161999375,-0.10731312161999375,0.0,-1.1709420075000514,-1.112760782936031,down,0.1858477904339497
s__Methanosphaera_stadtmanae,0.028606854222112246,3087.0,0.3901154302078444,-0.3901154302078444,-0.057407388133122045,1.9220790040089832,2.0001040096537626,down,0.1858477904339497
s__GGB9445_SGB14835,0.037905974709973894,3126.0,0.3530872864725597,-0.3530872864725597,-0.0533392854976923,1.6862611615076173,1.749772401170813,down,0.1858477904339497
s__GGB9059_SGB13976,0.057928138252778025,3188.0,0.11001641815617282,-0.11001641815617282,-0.03880686539612737,1.226065578877329,1.259492920018565,down,0.1858477904339497
s__GGB9619_SGB15066,0.11940766100016498,3305.0,0.13569007466890798,-0.13569007466890798,0.0,-1.738683005358663,-1.6866189284237871,down,0.20088847774297314
s__GGB9063_SGB13982,0.05348204023863777,3176.0,0.11767558601681154,-0.11767558601681154,0.0,-2.7213192757405595,-2.602651499379056,down,0.1858477904339497
s__Clostridium_transplantifaecale,0.003678640838876325,2840.0,0.5468675051984485,-0.5468675051984485,0.0,-3.656982023474114,-3.02138489208392,down,0.1858477904339497
s__GGB52106_SGB72838,0.399985445061832,3552.0,0.14582769754633976,0.14582769754633976,0.0,-2.1825175411236293,-2.2743278883071607,up,0.4740863342864343
s__Eubacteriales_unclassified_SGB15150,0.020857935085185828,3045.0,0.35792762141498213,-0.35792762141498213,0.0,-3.539483854500879,-3.3964035264820684,down,0.1858477904339497
s__Eubacterium_sp_OM08_24,0.11600834464679521,3300.0,0.07261765171950754,-0.07261765171950754,0.0,-1.044990337246826,-0.9142613204784626,down,0.1977792695267712
s__Longibaculum_muris,0.024102044883022998,3064.0,0.2217699159786983,-0.2217699159786983,0.0,-1.7369766646067628,-1.4990502429601618,down,0.1858477904339497
s__Erysipelatoclostridium_SGB66626,0.10316585203846788,3280.0,0.11258790290511658,-0.11258790290511658,-0.29282072698512335,0.2731557359335277,0.3346248170630649,down,0.1865765409206334
s__Enterococcus_gallinarum,0.2640436255158207,3457.0,0.009747400454863369,-0.009747400454863369,0.0,-0.6759394761178308,-0.6625480498997094,down,0.34178235790118927
s__Clostridiales_bacterium_CHKCI006,0.06862005316605162,3214.0,0.21241008385514937,-0.21241008385514937,-0.3037139392328647,0.3477313418247603,0.42921099851666317,down,0.1858477904339497
s__Murimonas_intestini,0.05102269576607085,3169.0,0.10592983863373566,-0.10592983863373566,0.0,-2.3114487901388348,-2.256680277713692,down,0.1858477904339497
s__GGB3883_SGB5265,0.1271605894862276,3316.0,0.10682189217400187,-0.10682189217400187,0.0,-0.9520204417134563,-0.9223592185616508,down,0.20881476746358443
s__Candidatus_Nanosynbacter_SGB19887,0.06601870977334973,3208.0,0.33229822837529566,-0.33229822837529566,0.0,-1.0595599545179069,-0.9788501939742174,down,0.1858477904339497
s__GGB9642_SGB15119,0.33976005726893055,3513.0,0.02567941663001183,-0.02567941663001183,-0.0044891595078644575,3.1463673265473284,3.156172962885391,down,0.41453978279223586
s__GGB3737_SGB5071,0.08658099968360784,3251.0,0.14311111602196952,-0.14311111602196952,-0.02903298633461981,1.7880762664088399,1.824424259570023,down,0.1858477904339497
s__GGB32387_SGB47381,0.2615737746581922,3455.0,0.11798120405759657,0.11798120405759657,0.0,-0.8483085767032196,-0.9836245870983599,up,0.339817458344158
s__GGB9184_SGB14123,0.09659998934960741,3269.0,0.2575897874628933,-0.2575897874628933,-0.022949917670978575,2.920345811259309,2.9671731805381225,down,0.1858477904339497
s__Neisseria_subflava,0.1360591300606878,3328.0,0.09067951943337259,-0.09067951943337259,0.0,-2.628687988104381,-2.604586747777802,down,0.21645770691473057
s__Bacteroides_faecalis,0.15698053377667825,3354.0,0.24822677381261968,-0.24822677381261968,0.0,-1.901743499439037,-1.7902031506987344,down,0.23062572246203347
s__Roseburia_SGB4939,0.16213809726386896,3360.0,0.044871996098872866,0.044871996098872866,0.0,-0.09741775780189617,-0.12403649683843963,up,0.23548942523678285
s__Gemella_haemolysans,0.06601870977334973,3208.0,0.06612652468840503,-0.06612652468840503,0.0,-2.668768269960828,-2.621211306944632,down,0.1858477904339497
s__Aggregatibacter_segnis,0.012664313336696072,2982.0,0.47196708301837603,-0.47196708301837603,0.0,-0.09401240115283264,0.04979783779425623,down,0.1858477904339497
s__Lactobacillus_amylovorus,0.06267719746833793,3200.0,0.245335207488499,-0.245335207488499,-0.21803468579599278,0.31710496665621873,0.36884000967053177,down,0.1858477904339497
s__GGB51111_SGB71327,0.031232691059829263,3099.0,0.4031023568951462,-0.4031023568951462,0.0,-0.3408123355882673,-0.26185432314751433,down,0.1858477904339497
s__Pseudoflavonifractor_sp_MSJ_37,0.058698219593400776,3190.0,0.19803363762466084,-0.19803363762466084,0.0,-0.5874045933120736,-0.5403458441543352,down,0.1858477904339497
s__Eubacterium_tenue,0.08088308306526154,3240.0,0.05114558482330493,0.05114558482330493,0.0,-3.7318248333886443,-3.7636541493005287,up,0.1858477904339497
s__Enteroscipio_rubneri,0.02428428987451765,3065.0,0.4120879963328515,-0.4120879963328515,-0.06362123977376308,1.7390542262729924,1.8174606876802717,down,0.1858477904339497
s__Lachnoclostridium_sp_An138,0.013083690111271019,2986.0,0.4899398638032167,-0.4899398638032167,0.0,-1.7560304791103236,-1.567018457060526,down,0.1858477904339497
s__GGB55957_SGB77276,0.030114464501182485,3094.0,0.33989282223194056,-0.33989282223194056,0.0,-2.4353734415480224,-2.064252682293728,down,0.1858477904339497
s__Clostridium_sp_AM58_1XD,0.09092516107482758,3259.0,0.055083059804165974,-0.055083059804165974,0.0,-2.549830104870769,-2.5214298198025444,down,0.1858477904339497
s__Peptostreptococcus_SGB749,0.08395208272511935,3246.0,0.026389722689513975,0.026389722689513975,0.0,-3.2543824668175527,-3.2769899026040474,up,0.1858477904339497
s__Actinomyces_johnsonii,0.07360779539964395,3225.0,0.1766839689883102,-0.1766839689883102,0.0,-2.291931018266006,-2.168734953996726,down,0.1858477904339497
s__Streptococcus_lutetiensis,0.06516986661351057,3206.0,0.33877764909447655,-0.33877764909447655,-0.01667734829043275,5.462425430635576,5.525936670368257,down,0.1858477904339497
s__GGB9469_SGB14862,0.04066813505703245,3136.0,0.29957164183208057,-0.29957164183208057,0.0,-0.01698053074153587,0.21627111514726752,down,0.1858477904339497
s__Butyricicoccus_SGB14985,0.13682185219143805,3329.0,0.09395218247337074,0.09395218247337074,1.1960189106168235,0.13115693284714694,0.057247125472912115,up,0.2165734974733677
s__Fusobacterium_ulcerans,0.07176081704736395,3221.0,0.26274484010843185,-0.26274484010843185,-2.2101406822304224,0.10529642561682376,0.4872280342640623,down,0.1858477904339497
s__Prevotella_timonensis,0.13229466572462548,3323.0,0.022875941487725454,0.022875941487725454,0.0,-2.6474633365175557,-2.672635919950267,up,0.21293595880834668
s__Robinsoniella_peoriensis,0.056039605178763746,3183.0,0.4288010167708038,-0.4288010167708038,0.0,-0.3824850290940605,-0.24868653884090253,down,0.1858477904339497
s__Fenollaria_massiliensis,0.4298216001348796,3570.0,0.2062298535801212,0.2062298535801212,0.0,-1.5812755711743316,-1.7343264051141045,up,0.5004772056365037
s__Fusobacterium_periodonticum,0.08982301953978712,3257.0,0.22574236888980245,-0.22574236888980245,0.0,-1.3425477628795082,-1.241127581808952,down,0.1858477904339497
s__Fusobacterium_varium,0.04734973414325949,3158.0,0.28340871573468274,-0.28340871573468274,-0.1709024537518169,1.1606993574236317,1.3066717713212883,down,0.1858477904339497
s__Parvimonas_micra,0.06818073634927958,3213.0,0.16267640246728818,-0.16267640246728818,0.0,-3.2117017768939764,-3.031675524801411,down,0.1858477904339497
s__Tropheryma_whipplei,0.09544291105736223,3267.0,0.2253017947487406,-0.2253017947487406,0.0,-2.4124366006144067,-2.3079939723170333,down,0.1858477904339497
s__GGB3600_SGB4861,0.057546257414735714,3187.0,0.342601496100118,-0.342601496100118,-0.059610992682624785,1.5055512103828042,1.5690624500319137,down,0.1858477904339497
s__GGB88421_SGB135712,0.08818999857094488,3254.0,0.23663574379382568,-0.23663574379382568,0.0,-1.782687042159287,-1.7068636815867815,down,0.1858477904339497
s__Pauljensenia_hongkongensis,0.6967744292028255,3708.0,0.1354243973380978,0.1354243973380978,0.0,-2.563308660684299,-2.7023003196122355,up,0.7434204160950648
s__GGB96534_SGB136060,0.057546257414735714,3187.0,0.3426014949167267,-0.3426014949167267,0.0,-0.28138891904211305,-0.21787767981655257,down,0.1858477904339497
s__Streptococcus_infantis,0.187907675017437,3388.0,0.08077739213943923,-0.08077739213943923,0.0,-2.2619106692959603,-2.1542227439503927,down,0.2628645767289381
s__Prevotella_corporis,0.14225359139464658,3336.0,0.13804226492431868,0.13804226492431868,0.0,-2.690509161341308,-2.803730056901295,up,0.21925400309018184
s__GGB12761_SGB19791,0.055668118342977226,3182.0,0.19139542024624837,-0.19139542024624837,-0.12880382695038675,0.49836267682036145,0.544903158566483,down,0.1858477904339497
s__Limosilactobacillus_fermentum,0.37923250848193923,3539.0,0.06649769274603931,0.06649769274603931,0.0,-2.451238529910791,-2.613808767635251,up,0.4534025637242207
s__Arachnia_SGB15899,0.09429695798259378,3265.0,0.12349655428700498,-0.12349655428700498,0.0,-0.22437685473719304,-0.1942308822770514,down,0.1858477904339497
s__GGB12788_SGB19833,0.09037273845688731,3258.0,0.10239699121639233,-0.10239699121639233,0.0,-0.7005759753932802,-0.6735658008711789,down,0.1858477904339497
s__GGB4277_SGB5832,0.1595435519401528,3357.0,0.0059878867051413025,0.0059878867051413025,0.0,-3.3549670048301112,-3.362287919291106,up,0.23323934497393345
s__Candidatus_Saccharibacteria_unclassified_SGB19847,0.1755902710348991,3375.0,0.015547159543217542,0.015547159543217542,0.0,-0.27732505884285347,-0.28401194278201786,up,0.2503423592630151
s__Lactobacillus_timonensis,0.17466833109431446,3374.0,0.15245673752715244,0.15245673752715244,0.0,-2.539397632309983,-2.6396780429585465,up,0.24922699520651584
s__GGB49434_SGB69353,0.10879774012075728,3289.0,0.06889419645414407,-0.06889419645414407,0.0,-1.7281222754771177,-1.7092031086877943,down,0.19039604521132525
s__Schaalia_meyeri,0.4591519853766268,3587.0,0.08806136872924457,0.08806136872924457,0.0,-1.5577562764177468,-1.6311994011189404,up,0.5270651407699543
s__Peptidiphaga_SGB15895,0.09037273845688731,3258.0,0.11828994504753994,-0.11828994504753994,0.0,-0.663952417242958,-0.6343450915640512,down,0.1858477904339497
s__Schaalia_SGB17157,0.01524795453526147,3005.0,0.41367879492834375,-0.41367879492834375,0.0,-1.7810989697826298,-1.4739639983181225,down,0.1858477904339497
s__Clostridium_disporicum,0.22421709506220588,3423.0,0.06727362968998957,0.06727362968998957,0.0,-1.0480756464784937,-1.0872540714371939,up,0.30160325145895817
s__GGB3385_SGB4471,0.08240600034393473,3243.0,0.2516435701733093,-0.2516435701733093,0.0,-0.9624647044725216,-0.9156373346823756,down,0.1858477904339497
s__Schaalia_georgiae,0.0931620612629382,3263.0,0.2248938485637438,-0.2248938485637438,0.0,-1.2223862790113145,-1.1733890230938988,down,0.1858477904339497
s__Schaalia_cardiffensis,0.14068503790559056,3334.0,0.03560422236939649,-0.03560422236939649,0.0,-2.3986695263788906,-2.3883637734076983,down,0.21855769596299315
s__Alistipes_SGB2313,0.05102269576607085,3169.0,0.3386882003606803,-0.3386882003606803,-0.02260883686539018,5.506558333010931,5.593532712412388,down,0.1858477904339497
s__Firmicutes_bacterium_AM41_11,0.0421120183526546,3141.0,0.3496642994659324,-0.3496642994659324,-0.014790243619344057,6.163419758026248,6.226930997759748,down,0.1858477904339497
s__Phascolarctobacterium_succinatutens,0.32388337271014656,3502.0,0.006441840813683935,-0.006441840813683935,-0.002945097035343387,2.6142054698652677,2.619547522284952,down,0.3978883828545159
s__Paratractidigestivibacter_faecalis,0.05241617240957175,3173.0,0.015363290459112914,-0.015363290459112914,0.0,-0.268445645510257,-0.25473496720180344,down,0.1858477904339497
s__Senegalimassilia_SGB14826,0.020539676452891842,3043.0,0.41999595254697414,-0.41999595254697414,-0.07559180710837762,1.8036458691397994,1.9006697939902468,down,0.1858477904339497
s__GGB8965_SGB13825,0.021018670086369793,3046.0,0.4238501993795374,-0.4238501993795374,-0.06428799958446221,1.9749507884727868,2.064946930298599,down,0.1858477904339497
s__GGB51960_SGB72480,0.08711467794339733,3252.0,0.3069065755012898,-0.3069065755012898,-1.0553076070084524,0.08678165048333028,0.1803462639853542,down,0.1858477904339497
s__GGB9364_SGB14339,0.007721548735381545,2923.0,0.40635607673129853,-0.40635607673129853,-0.11267341076330557,2.237650678175406,2.4194149823062987,down,0.1858477904339497
s__GGB1379_SGB1880,0.0421120183526546,3141.0,0.34966429931852633,-0.34966429931852633,-0.04174241699747191,2.163463278301656,2.2269745179918377,down,0.1858477904339497
s__Acidaminococcus_fermentans,0.053124757441819735,3175.0,0.2934881217356401,-0.2934881217356401,-0.307943676563148,0.49397001407656443,0.6115062074594262,down,0.1858477904339497
s__Lactococcus_petauri,0.30302521224486034,3487.0,0.04038419263318369,0.04038419263318369,0.0,-0.6264877457915566,-0.6814321140151008,up,0.3787815153060754
s__GGB9252_SGB14196,0.48051337265230964,3599.0,0.03020894670099159,0.03020894670099159,0.0,-0.14622099735320657,-0.16893126709359196,up,0.5456211006261913
s__Catenibacillus_scindens,0.294937710280875,3481.0,0.09884487834049761,0.09884487834049761,0.0,-2.7078386002034196,-2.815262726114668,up,0.3702277164918157
s__Massilistercora_timonensis,0.09429695798259378,3265.0,0.013137940974095897,0.013137940974095897,0.0,-1.2777375650911598,-1.2893366869725849,up,0.1858477904339497
s__GGB45497_SGB63169,0.06950566673369535,3216.0,0.27593159961885905,-0.27593159961885905,0.0,-1.1881226763355321,-1.1201041942486225,down,0.1858477904339497
s__GGB45596_SGB63306,0.02217433583784104,3053.0,0.4037101118692955,-0.4037101118692955,0.0,-0.10013632006369118,-0.0252452975004624,down,0.1858477904339497
s__Christensenellaceae_bacterium,0.06267719746833793,3200.0,0.32627551642679614,-0.32627551642679614,0.0,-0.45419015305028027,-0.393375491925619,down,0.1858477904339497
s__GGB9782_SGB15403,0.09259873749621912,3262.0,0.010171827158163137,0.010171827158163137,0.0,-1.963168509108068,-1.9690248272309772,up,0.1858477904339497
s__Clostridia_bacterium,0.06267719746833793,3200.0,0.049438766671392555,0.049438766671392555,0.0,-0.4863875853114587,-0.5141434740308253,up,0.1858477904339497
s__GGB79394_SGB105952,0.0421120183526546,3141.0,0.34966429683381084,-0.34966429683381084,0.0,-0.7013820942547784,-0.6378708552947606,down,0.1858477904339497
s__Frisingicoccus_SGB4674,0.05947678286326965,3192.0,0.07371681625487442,-0.07371681625487442,0.0,-0.8005862329494577,-0.7734950145340145,down,0.1858477904339497
s__GGB45656_SGB63370,0.06186403497906669,3198.0,0.2732398140973316,-0.2732398140973316,0.0,-1.046622894419074,-0.9427965777814498,down,0.1858477904339497
s__GGB3534_SGB4722,0.019610174870524,3037.0,0.1845442850975069,-0.1845442850975069,0.0,-3.1957749420537476,-3.02647559513807,down,0.1858477904339497
s__Christensenella_sp_Marseille_P3954,0.0421120183526546,3141.0,0.34966420944346327,-0.34966420944346327,0.0,-4.2326293683983245,-4.169118155118973,down,0.1858477904339497
s__GGB74511_SGB47635,0.059086436803802586,3191.0,0.22718619865489398,-0.22718619865489398,-0.04669848342922485,1.510211800534796,1.5598954945912011,down,0.1858477904339497
s__GGB3441_SGB4591,0.15444885094078656,3351.0,0.11443641870167254,-0.11443641870167254,-0.053193676516783736,0.6905354996308262,0.7164714714341509,down,0.22803242260488338
s__Bariatricus_massiliensis,0.16300998454796545,3361.0,0.13144879032107207,-0.13144879032107207,0.0,-0.4694093557071377,-0.4186425224979567,down,0.23656327025863277
s__Lachnoclostridium_pacaense,0.20808477057598496,3408.0,0.06182202914426167,0.06182202914426167,0.0,-3.4758702365422622,-3.556273077116572,up,0.28310313679735755
s__Brevundimonas_vesicularis,0.051715506934812985,3171.0,0.34476374621641476,-0.34476374621641476,-0.09389304412522549,0.9444582262024657,1.0079694657874538,down,0.1858477904339497
s__Streptococcus_intermedius,0.1793143448386909,3379.0,0.05076118878600041,0.05076118878600041,0.0,-1.8710099605998782,-1.9054137426169713,up,0.2538272050254268
s__Hydrogenoanaerobacterium_SGB53821,0.1308116681410012,3321.0,0.040442279912523034,0.040442279912523034,0.0,-1.6134610664500164,-1.6492834682764244,up,0.21169431335601735
s__GGB3276_SGB4326,0.11072817171986546,3292.0,0.042874887808876966,0.042874887808876966,0.0,-0.46064445977489726,-0.48441729627047375,up,0.1926411174658478
s__Blautia_marasmi,0.08291877569214715,3244.0,0.23643544696810376,-0.23643544696810376,0.0,-1.2732473826636683,-1.062468150302655,down,0.1858477904339497
s__Ralstonia_mannitolilytica,0.04899073871113987,3163.0,0.12713296420849965,-0.12713296420849965,0.0,-2.7407472045852415,-2.674506344137264,down,0.1858477904339497
s__Methylorubrum_suomiense,0.051715506934812985,3171.0,0.3447637409679139,-0.3447637409679139,0.0,-1.6055513221937332,-1.5420400843718334,down,0.1858477904339497
s__GGB41904_SGB59003,0.0759709949555041,3230.0,0.04312005101163081,-0.04312005101163081,0.0,-2.290524315859337,-2.2720009810742874,down,0.1858477904339497
s__GGB6601_SGB9333,0.09894779661744443,3273.0,0.2588258044954634,-0.2588258044954634,-0.026629883365208384,2.5135681960709686,2.560395565355177,down,0.1858477904339497
s__Marvinbryantia_SGB4691,0.1257225562068195,3314.0,0.20969767701879652,-0.20969767701879652,-0.11614816786417673,0.4759024201347349,0.5158007815067996,down,0.20759922555890176
s__Feifania_hominis,0.42308190903021436,3566.0,0.24374080905935802,0.24374080905935802,0.0,-3.6866562536369574,-3.881436909384368,up,0.4942416280228617
s__GGB4802_SGB6641,0.09894779661744443,3273.0,0.2588258063324991,-0.2588258063324991,0.0,-0.16363865741311992,-0.11681128791019485,down,0.1858477904339497
s__Oscillibacter_sp_PC13,0.2909486906796581,3478.0,0.007939783173474746,0.007939783173474746,0.0,-2.5357648402557635,-2.5378954177729813,up,0.36728671348174663
s__Prevotella_bivia,0.06950566673369535,3216.0,0.08988271813111365,-0.08988271813111365,0.0,-2.8589233762228936,-2.744546703657308,down,0.1858477904339497
s__Candidatus_Soleaferrea_massiliensis,0.12788438968628238,3317.0,0.06371923292082352,-0.06371923292082352,0.0,-3.688636627402117,-3.669296174427165,down,0.20885053576396526
s__GGB33512_SGB15202,0.0960200552505211,3268.0,0.24191415619826373,-0.24191415619826373,0.0,-0.41823977728872447,-0.30973480085988947,down,0.1858477904339497
s__Anaerostipes_rhamnosivorans,0.031232691059829263,3099.0,0.43171393954500337,-0.43171393954500337,0.0,-2.4980310581028746,-2.143346204733696,down,0.1858477904339497
s__GGB9724_SGB15278,0.03844527095133511,3128.0,0.3481651392150596,-0.3481651392150596,0.0,-1.2311834226222618,-1.0694095528299652,down,0.1858477904339497
s__Clostridium_saccharogumia,0.07741838296627643,3233.0,0.009038115641244474,-0.009038115641244474,0.0,-2.6509092976932926,-2.64017369102004,down,0.1858477904339497
s__GGB6133_SGB8780,0.04544178418745671,3152.0,0.34825751794512977,-0.34825751794512977,-0.19976320052115276,0.4276568150288092,0.4911680545127573,down,0.1858477904339497
s__Victivallis_vadensis,0.3253064106545429,3503.0,0.0350582154277885,0.0350582154277885,0.0,-1.6701009170234642,-1.6855752335561782,up,0.39908724606072793
s__Peptoniphilus_harei,0.04066813505703245,3136.0,0.3725164067005496,-0.3725164067005496,0.0,-1.5012340225495158,-1.3868799740518833,down,0.1858477904339497
s__GGB42639_SGB59836,0.07407556421073022,3226.0,0.22058442724079183,-0.22058442724079183,0.0,-0.6043541125599476,-0.5582034599724814,down,0.1858477904339497
s__Bacteroides_acidifaciens,0.05529868541294915,3181.0,0.1418148269440823,-0.1418148269440823,0.0,-1.0105643667319224,-0.9704482094664946,down,0.1858477904339497
s__Limosilactobacillus_vaginalis,0.2518542968230808,3447.0,0.010440655307130516,0.010440655307130516,0.0,-0.802291880845305,-0.811569482351217,up,0.329347926614798
s__Burkholderia_contaminans,0.06906169377249158,3215.0,0.04760381645335694,-0.04760381645335694,0.0,-0.7852255736409264,-0.7591870110223512,down,0.1858477904339497
s__Methanoculleus_SGB39516,0.055668118342977226,3182.0,0.34354558398300655,-0.34354558398300655,0.0,-2.217729236739492,-2.154218000532517,down,0.1858477904339497
s__Merdimonas_faecis,0.1081602119272543,3288.0,0.02392419519715825,-0.02392419519715825,0.0,-0.7091986353953024,-0.6809346352473896,down,0.19039604521132525
s__Citrobacter_portucalensis,0.1293415973786345,3319.0,0.1800857335872372,-0.1800857335872372,0.0,-1.277712607670858,-0.9911198116807433,down,0.2106521453657505
s__Enterobacter_ludwigii,0.22866619318893133,3427.0,0.09252511308804087,0.09252511308804087,0.8319203611153168,0.17717877955963576,0.09953566519048294,up,0.3064332994311129
s__Rubneribacter_badeniensis,0.0995418090535975,3274.0,0.06374006138066118,-0.06374006138066118,-0.015954636416516222,1.7827278063534777,1.8025522512906405,down,0.1858477904339497
s__Megasphaera_sp_AM44_1BH,0.07267950407139409,3223.0,0.03932461049850211,0.03932461049850211,0.03241739553754449,1.2203074644702634,1.1931928969905976,up,0.1858477904339497
s__GGB79118_SGB105839,0.056788773712304064,3185.0,0.32456848258194876,-0.32456848258194876,0.0,-1.5528022890898097,-1.4868642420001292,down,0.1858477904339497
s__Fusobacterium_hominis,0.06226951814755305,3199.0,0.3407342837721617,-0.3407342837721617,-0.01061748825229157,8.598135177988194,8.661646417722434,down,0.1858477904339497
s__Collinsella_stercoris,0.037638748342644454,3125.0,0.40430657027701433,-0.40430657027701433,-0.02987735685521994,4.882444156390217,4.984610928222139,down,0.1858477904339497
s__Parabacteroides_acidifaciens,0.1050168087023585,3283.0,0.061617048673972136,0.061617048673972136,0.2180472143394747,0.26172410535086216,0.22501163322092463,up,0.18839698847609035
s__GGB12788_SGB19838,0.24238954529093604,3439.0,0.057891860395733324,0.057891860395733324,0.0,-1.2771756838296535,-1.3045370991156267,up,0.32025561683517456
s__GGB3606_SGB4870,0.10563961918332188,3284.0,0.013100878437050724,-0.013100878437050724,0.0,-0.9640461306646764,-0.9584198904407002,down,0.1891341226100597
s__Eubacterium_maltosivorans,0.04066813505703245,3136.0,0.20934480552676452,-0.20934480552676452,0.0,-2.6373448408928812,-2.4469663509798782,down,0.1858477904339497
s__Anaerococcus_murdochii,0.06906169377249158,3215.0,0.2126652617289016,-0.2126652617289016,0.0,-1.4669823705434273,-1.4175859378725266,down,0.1858477904339497
s__Prevotella_stercorea,0.14623370852878328,3341.0,0.035561107556235344,-0.035561107556235344,-0.0417865326199937,1.6358755302947758,1.6839502469719447,down,0.21953504602512883
s__Clostridium_sp_Marseille_P2538,0.08240600034393473,3243.0,0.26011966593980324,-0.26011966593980324,-0.4566717386696374,0.2547316337559988,0.34958659612272414,down,0.1858477904339497
s__Dorea_phocaeensis,0.11940766100016498,3305.0,0.11376277226383724,-0.11376277226383724,0.0,-0.6802579538329415,-0.6127545643957382,down,0.20088847774297314
s__Ruminococcus_gauvreauii,0.039822114432301194,3133.0,0.08514464094650982,-0.08514464094650982,0.0,-3.4916124282518735,-3.4063370356791784,down,0.1858477904339497
s__Lawsonella_clevelandensis,0.11872162626710614,3304.0,0.04007962056733866,-0.04007962056733866,0.0,-1.7252576956771817,-1.7123854057238157,down,0.20049016356365607
s__Coriobacteriaceae_bacterium,0.07988055893920333,3238.0,0.25044240607720564,-0.25044240607720564,-0.042344172152938384,1.5721414970609207,1.6189688663703805,down,0.1858477904339497
s__Lachnoclostridium_sp_An118,0.0931620612629382,3263.0,0.14481934165174434,0.14481934165174434,0.0,-2.5413428766474238,-2.693769534902296,up,0.1858477904339497
s__Enterococcus_raffinosus,0.07221896432573473,3222.0,0.1900943511958357,-0.1900943511958357,-0.06748600800917033,2.615619175740422,2.7408787595714075,down,0.1858477904339497
s__Enterococcus_asini,0.06391349692826644,3203.0,0.087746880597045,-0.087746880597045,0.0,-3.840695354804536,-3.6958501686297276,down,0.1858477904339497
s__Bacteroides_sp_GM023,0.06186403497906669,3198.0,0.011656101432020631,-0.011656101432020631,0.0,-1.0178538889313968,-1.0121209001234623,down,0.1858477904339497
s__Sutterella_parvirubra,0.11872162626710614,3304.0,0.0034549354472694117,0.0034549354472694117,0.002427685342117181,0.7628011673654364,0.761518648227672,up,0.20049016356365607
s__Lachnoanaerobaculum_orale,0.07176081704736395,3221.0,0.1467321713758127,-0.1467321713758127,0.0,-0.13290733602808244,-0.09158396203728865,down,0.1858477904339497
s__Clostridium_SGB6176,0.16476435914760368,3363.0,0.11620447720265693,0.11620447720265693,0.4524273728782554,0.18772729186499243,0.13719339553351598,up,0.2385274785713484
s__Actinomyces_gerencseriae,0.15783138193896173,3355.0,0.050456290599305315,-0.050456290599305315,0.0,-1.6941461942945168,-1.6723958719861918,down,0.2314946727699644
s__Lachnoanaerobaculum_saburreum,0.07839573072779646,3235.0,0.2502353362396986,-0.2502353362396986,-0.31209388915982433,0.19389549898014247,0.2407228684124674,down,0.1858477904339497
s__GGB3887_SGB5270,0.07839573072779646,3235.0,0.2502353387024879,-0.2502353387024879,0.0,-0.7612151609197423,-0.7143877912247678,down,0.1858477904339497
s__Oribacterium_SGB5287,0.07176081704736395,3221.0,0.23150528442300194,-0.23150528442300194,0.0,-1.7927728146577764,-1.7413729342604023,down,0.1858477904339497
s__Solobacterium_SGB6833,0.08927599568263095,3256.0,0.09691250676552879,-0.09691250676552879,0.0,-1.2400987974534208,-1.2128262449473517,down,0.1858477904339497
s__Neisseria_elongata,0.07839573072779646,3235.0,0.25023534552456156,-0.25023534552456156,0.0,-1.7560304791103238,-1.7092031086877943,down,0.1858477904339497
s__Lachnoanaerobaculum_sp_ICM7,0.07839573072779646,3235.0,0.2502353468991768,-0.2502353468991768,0.0,-1.8755755941365393,-1.828748223567411,down,0.1858477904339497
s__Mogibacterium_SGB3923,0.07839573072779646,3235.0,0.250235348673684,-0.250235348673684,0.0,-2.0113770893088168,-1.9645497185504421,down,0.1858477904339497
s__Peptidiphaga_gingivicola,0.059086436803802586,3191.0,0.2506554046975547,-0.2506554046975547,0.0,-2.1154958813861264,-1.9943161658096284,down,0.1858477904339497
s__Kocuria_salsicia,0.07839573072779646,3235.0,0.2502353612022974,-0.2502353612022974,0.0,-2.6514141198723182,-2.604586747777802,down,0.1858477904339497
s__Segatella_sinica,0.048000503541064325,3160.0,0.3407831057866163,-0.3407831057866163,-0.039952853265349864,3.7738951160460927,3.8798669544832385,down,0.1858477904339497
s__Prevotella_sp_885,0.08982301953978712,3257.0,0.3190557717772615,-0.3190557717772615,-0.03911989636935905,3.447588917086744,3.542352193690012,down,0.1858477904339497
s__Comamonas_denitrificans,0.06559315618514616,3207.0,0.3386115340367358,-0.3386115340367358,-0.016604373425742742,5.486571370902923,5.550082610635642,down,0.1858477904339497
s__Acinetobacter_junii,0.06559315618514616,3207.0,0.33861153403358807,-0.33861153403358807,-0.018594697540923483,4.895918995178815,4.959430234910255,down,0.1858477904339497
s__Morganella_morganii,0.10194635819891387,3278.0,0.09097869686572659,-0.09097869686572659,-0.07938963242631039,1.171927187369398,1.2382242072768623,down,0.1858477904339497
s__Mediterraneibacter_SGB48424,0.17837786644662468,3378.0,0.10129875494163469,-0.10129875494163469,0.0,-0.23470099224808744,-0.15923311269918197,down,0.25310372941750797
s__Butyricicoccus_SGB14990,0.4787128196125182,3598.0,0.10916054141023211,0.10916054141023211,0.0,-1.8538648381034597,-2.0634149841864606,up,0.5446159228861345
s__GGB1380_SGB1883,0.06559315618514616,3207.0,0.3386115339978188,-0.3386115339978188,-0.029304937443473407,3.0950383278525235,3.158549567569451,down,0.1858477904339497
s__Acinetobacter_johnsonii,0.06559315618514616,3207.0,0.33861153399069094,-0.33861153399069094,-0.030821482736340028,2.941197898508361,3.0047091382223967,down,0.1858477904339497
s__Comamonas_thiooxydans,0.06559315618514616,3207.0,0.3386115339887654,-0.3386115339887654,-0.0312192726089172,2.903320005526147,2.966831245239401,down,0.1858477904339497
s__Acinetobacter_baumannii,0.06559315618514616,3207.0,0.3386115339646296,-0.3386115339646296,-0.035889895866495304,2.521388481201262,2.584899720904722,down,0.1858477904339497
s__Acidovorax_temperans,0.06559315618514616,3207.0,0.33861153357932994,-0.33861153357932994,-0.12220306357119662,0.7184884884226508,0.78199972796978,down,0.1858477904339497
s__Blautia_sp_An46,0.09372813188527303,3264.0,0.0903025948578005,-0.0903025948578005,-0.07127549377266733,0.5397417133926546,0.567077015410408,down,0.1858477904339497
s__Moraxella_osloensis,0.12788438968628238,3317.0,0.11081895036770956,-0.11081895036770956,0.0,-0.8324973467837424,-0.7946775302233358,down,0.20885053576396526
s__Citrobacter_amalonaticus,0.07938309712535119,3237.0,0.35856679996050417,-0.35856679996050417,0.0,-0.22875040487860585,-0.1544961630361915,down,0.1858477904339497
s__Denitrificimonas_caeni,0.06559315618514616,3207.0,0.3386115234673967,-0.3386115234673967,0.0,-2.413473717769538,-2.3499624823252305,down,0.1858477904339497
s__Vagococcus_fluvialis,0.06559315618514616,3207.0,0.33861151230674197,-0.33861151230674197,0.0,-3.1340193019474984,-3.0705080710315227,down,0.1858477904339497
s__GGB3364_SGB4450,0.08395208272511935,3246.0,0.2522201237959717,-0.2522201237959717,-0.01268314378436754,5.3031874861091435,5.350014855378199,down,0.1858477904339497
s__GGB3678_SGB4992,0.08395208272511935,3246.0,0.25222012383193804,-0.25222012383193804,-0.01813276723577516,3.7023553552497686,3.749182724522749,down,0.1858477904339497
s__Megasphaera_stantonii,0.11940766100016498,3305.0,0.06597703677113817,-0.06597703677113817,-0.037483073243927946,0.7637816150336643,0.7838856778479314,down,0.20088847774297314
s__Bradyrhizobium_denitrificans,0.10255466306859409,3279.0,0.03139617617717373,-0.03139617617717373,0.0,-1.9174744281241924,-1.9006552594800943,down,0.1858477904339497
s__Alloscardovia_omnicolens,0.009797757342732838,2951.0,0.4278933286788369,-0.4278933286788369,0.0,-2.3573019470394576,-2.0275488758202957,down,0.1858477904339497
s__GGB1455_SGB2018,0.16126973406262146,3359.0,0.09795613026740388,-0.09795613026740388,0.0,-2.0827283071349405,-2.0598598619911446,down,0.234993041062677
s__Turicibacter_sp_TJ11,0.03899107498382641,3130.0,0.19178950218055124,-0.19178950218055124,0.0,-3.301531273935762,-3.151613979616843,down,0.1858477904339497
s__GGB9621_SGB15073,0.06730903985532953,3211.0,0.2698202971173509,-0.2698202971173509,0.0,-0.6106155849919861,-0.4942234465524119,down,0.1858477904339497
s__Enterococcus_casseliflavus,0.07501839122890709,3228.0,0.19149507013844055,-0.19149507013844055,0.0,-2.3515915967609327,-2.0620457466579745,down,0.1858477904339497
s__Lactobacillus_acidophilus,0.04124057286245998,3138.0,0.0310755470353766,-0.0310755470353766,-0.026520244772536193,0.9764842736529864,0.9946004296555614,down,0.1858477904339497
s__Luxibacter_massiliensis,0.01828482934103001,3028.0,0.49049959860622266,-0.49049959860622266,-1.7752688623300483,0.05554106990802195,0.19011807986337864,down,0.1858477904339497
s__GGB9200_SGB14139,0.06349917839177681,3202.0,0.1392519716819762,-0.1392519716819762,0.0,-0.36644429666912054,-0.3179542208919893,down,0.1858477904339497
s__Eisenbergiella_sp_OF01_20,0.06105962332664942,3196.0,0.16176480354688932,-0.16176480354688932,0.0,-0.718708498925763,-0.6234678741477415,down,0.1858477904339497
s__GGB36331_SGB53806,0.06818073634927958,3213.0,0.27838310863058546,-0.27838310863058546,-0.022885672333288216,3.4005541108895687,3.4549277020061444,down,0.1858477904339497
s__GGB9495_SGB14892,0.07085166548535729,3219.0,0.08245581628375981,-0.08245581628375981,-0.2457785402498851,0.1509646300641686,0.17900366376776528,down,0.1858477904339497
s__GGB9357_SGB14330,0.07360779539964395,3225.0,0.21486837072622625,-0.21486837072622625,-0.06722720742046472,1.7427132175480071,1.825842580544566,down,0.1858477904339497
s__Oscillospiraceae_unclassified_SGB15257,0.017860819305976782,3025.0,0.42607856867973815,-0.42607856867973815,-0.032435775971980094,3.55412672572816,3.634938358143956,down,0.1858477904339497
s__GGB2977_SGB3959,0.2976173208593308,3483.0,0.05118977121976007,-0.05118977121976007,0.0,-1.3201218742178253,-1.279320766548372,down,0.37306665571201225
s__GGB9719_SGB53514,0.22201589855352322,3421.0,0.06675809080176559,-0.06675809080176559,0.0,-0.19405526607573792,-0.1659188706815762,down,0.2990931161645577
s__GGB87445_SGB15180,0.2518542968230808,3447.0,0.10166351987308185,0.10166351987308185,0.35555034933438356,0.341135220609274,0.26662154484985934,up,0.329347926614798
s__GGB9618_SGB15064,0.027980907841288923,3084.0,0.42112012913534985,-0.42112012913534985,-0.13574779727071307,0.9059017789463732,0.9952799868087701,down,0.1858477904339497
s__Coprobacillus_sp_AF33_1AC,0.14703986110758432,3342.0,0.04644359158436423,0.04644359158436423,0.0,-1.8074452119101365,-1.8543860263922278,up,0.22000515681226993
s__bacterium_OL_1,0.0132979482733648,2988.0,0.13975268660163365,-0.13975268660163365,0.0,-1.0242981940374025,-0.8585807180612623,down,0.1858477904339497
s__GGB9522_SGB98319,0.06349917839177681,3202.0,0.19389817992888236,-0.19389817992888236,0.0,-0.3726183663383531,-0.32966907828282077,down,0.1858477904339497
s__GGB3032_SGB4027,0.03710910193276536,3123.0,0.3536940224230219,-0.3536940224230219,0.0,-0.4076210005603161,-0.34410976140320565,down,0.1858477904339497
s__Vescimonas_fastidiosa,0.0132979482733648,2988.0,0.24819672554758798,-0.24819672554758798,0.0,-0.5015768955203728,-0.39058325388723975,down,0.1858477904339497
s__Lawsonella_SGB3665,0.056788773712304064,3185.0,0.11740312399350188,-0.11740312399350188,0.0,-1.506721983583651,-1.4722443385521156,down,0.1858477904339497
s__Lachnospira_SGB5083,0.03710910193276536,3123.0,0.35369400325016265,-0.35369400325016265,0.0,-2.692186946493494,-2.6286757124281137,down,0.1858477904339497
s__GGB1663_SGB2278,0.0363265371194196,3120.0,0.35453004306911673,-0.35453004306911673,-0.01630061852980032,5.589400731076821,5.652911970809694,down,0.1858477904339497
s__GGB9701_SGB15218,0.42308190903021436,3566.0,0.11599526940435685,0.11599526940435685,0.2811721163707496,0.5891950387639265,0.4848616558351751,up,0.4942416280228617
s__Megasphaera_elsdenii,0.11533769722762999,3299.0,0.1123759250106052,-0.1123759250106052,0.0,-0.3812914713544698,-0.3108549344271882,down,0.1972009478460915
s__GGB9076_SGB13999,0.0363265371194196,3120.0,0.35453004297512747,-0.35453004297512747,-0.0335894137604855,2.696231543729977,2.7597427834383863,down,0.1858477904339497
s__GGB33469_SGB15237,0.1173588305101672,3302.0,0.17051501860721946,-0.17051501860721946,0.0,-1.0795821009042252,-0.9865434934744797,down,0.1991307152667761
s__Haemophilus_sputorum,0.07839573072779646,3235.0,0.3163232564554543,-0.3163232564554543,0.0,-1.0634404147211431,-0.9663109294878226,down,0.1858477904339497
s__GGB9589_SGB15011,0.0363265371194196,3120.0,0.35453004265779176,-0.35453004265779176,-0.07073568170706816,1.2638522437365067,1.3273634833623216,down,0.1858477904339497
s__GGB3139_SGB4152,0.0363265371194196,3120.0,0.35453004248711306,-0.35453004248711306,-0.0962410002692936,0.920658912039499,0.9841701516208906,down,0.1858477904339497
s__GGB9774_SGB15394,0.02540303859937601,3071.0,0.24853580073383552,-0.24853580073383552,-0.14314225905517158,0.8035565451894321,0.887373707297236,down,0.1858477904339497
s__GGB9640_SGB15115,0.21550528747609632,3415.0,0.07378551411686483,0.07378551411686483,0.0,-3.6198104051897304,-3.6918414505006534,up,0.29164286440093395
s__GGB25442_SGB37397,0.0363265371194196,3120.0,0.3545300409860975,-0.3545300409860975,0.0,-0.3476383001927274,-0.2841270610020128,down,0.1858477904339497
s__Mitsuokella_jalaludinii,0.0363265371194196,3120.0,0.35453004017057105,-0.35453004017057105,0.0,-0.6772845449985982,-0.6137733060201449,down,0.1858477904339497
s__Bacteroides_congonensis,0.15029848513441194,3346.0,0.09997208922653417,0.09997208922653417,0.03372395749265291,2.027218052964449,1.9803800482751328,up,0.22412931993728097
s__GGB3722_SGB5050,0.0363265371194196,3120.0,0.3542002104066186,-0.3542002104066186,-0.011595414070071171,7.870320433753403,7.933831673487567,down,0.1858477904339497
s__GGB9278_SGB14230,0.054931298116735534,3180.0,0.3559633583801834,-0.3559633583801834,-0.03831145251412389,3.071606694934983,3.154267359664844,down,0.1858477904339497
s__GGB9425_SGB14795,0.05947678286326965,3192.0,0.14575765164155377,-0.14575765164155377,-0.2145020346090394,0.4924098202812685,0.5713447645949353,down,0.1858477904339497
s__Oscillospiraceae_unclassified_SGB15256,0.567183624950061,3645.0,0.09283942590689206,0.09283942590689206,0.04661513067647491,1.6416752563333037,1.5894786538862427,up,0.628053827875843
s__GGB3052_SGB4053,0.11533769722762999,3299.0,0.29138700734915646,-0.29138700734915646,-0.03536107527231601,2.7382026295355097,2.8061464166311505,down,0.1972009478460915
s__GGB9357_SGB14332,0.07501839122890709,3228.0,0.2214629090633233,-0.2214629090633233,-0.01558627980104557,4.194553364990674,4.24011525532257,down,0.1858477904339497
s__GGB1093_SGB1404,0.054565948193949186,3179.0,0.270063299870334,-0.270063299870334,-0.02003409962138318,3.7868452559959263,3.8397984024340817,down,0.1858477904339497
s__GGB3351_SGB4434,0.09776826163953689,3271.0,0.27218907558818356,-0.27218907558818356,-0.7039629826556388,0.15527345697718292,0.25293632006224154,down,0.1858477904339497
s__GGB9275_SGB14227,0.0363265371194196,3120.0,0.3542002103648365,-0.3542002103648365,-0.02563451169471972,3.542713142310874,3.6062243820340756,down,0.1858477904339497
s__GGB9711_SGB15240,0.054931298116735534,3180.0,0.3306561418362141,-0.3306561418362141,-0.029803631885893446,2.9227039939259627,2.9837100712521005,down,0.1858477904339497
s__Desulfovibrio_fairfieldensis,0.06601870977334973,3208.0,0.23286658597509782,-0.23286658597509782,-0.07685900590854602,1.2190776628617817,1.2857846595915465,down,0.1858477904339497
s__GGB9197_SGB14136,0.0363265371194196,3120.0,0.35420021031391374,-0.35420021031391374,-0.0329026895154646,2.753163285341987,2.8166745250518295,down,0.1858477904339497
s__GGB9636_SGB15108,0.0363265371194196,3120.0,0.3542002102983048,-0.3542002102983048,-0.03483864347375048,2.598421505924828,2.6619327456305752,down,0.1858477904339497
s__GGB9511_SGB14908,0.0363265371194196,3120.0,0.35420021027508036,-0.35420021027508036,-0.03760336143962713,2.4050621105208854,2.46857335022054,down,0.1858477904339497
s__GGB9623_SGB15075,0.04329814082574956,3145.0,0.23607437377075724,-0.23607437377075724,0.0,-1.5237385318175183,-1.4252352022797798,down,0.1858477904339497
s__Faecalicoccus_pleomorphus,0.07741838296627643,3233.0,0.08474027541268161,-0.08474027541268161,-0.018708015762357852,1.935394233237559,1.9606547081130021,down,0.1858477904339497
s__GGB9637_SGB15111,0.05529868541294915,3181.0,0.3124179247103699,-0.3124179247103699,-0.05465157426714602,1.4770779366413453,1.5341053137597411,down,0.1858477904339497
s__Mobilibacterium_timonense,0.05241617240957175,3173.0,0.14537031948033932,-0.14537031948033932,-0.04721209031509635,1.1916590815735146,1.2313011424228717,down,0.1858477904339497
s__Lactiplantibacillus_plantarum,0.044206149724937124,3148.0,0.044282684243649915,-0.044282684243649915,-0.029912787637038647,0.9977948416709309,1.0186990490729664,down,0.1858477904339497
s__GGB9291_SGB14248,0.0363265371194196,3120.0,0.3542002098379929,-0.3542002098379929,-0.09389304412522549,0.9444582262024657,1.0079694657874538,down,0.1858477904339497
s__GGB3528_SGB4713,0.0363265371194196,3120.0,0.3542002095147797,-0.3542002095147797,-0.1742389776216474,0.4947551464847626,0.5582663859849583,down,0.1858477904339497
s__Enterococcus_thailandicus,0.056039605178763746,3183.0,0.0075795995836263706,-0.0075795995836263706,-0.06432622012364281,0.1002906212044462,0.10486352273995289,down,0.1858477904339497
s__GGB9628_SGB15082,0.050337673858862744,3167.0,0.3294586907933687,-0.3294586907933687,0.0,-0.45802892906392956,-0.39521114310658895,down,0.1858477904339497
s__GGB9616_SGB15062,0.05529868541294915,3181.0,0.20915491530362934,-0.20915491530362934,0.0,-0.33410917362302767,-0.2875575958652984,down,0.1858477904339497
s__GGB9238_SGB14180,0.169212449979382,3368.0,0.046052321473975935,0.046052321473975935,0.0,-1.7258785757482777,-1.7515482571511416,up,0.2433877705182892
s__GGB3152_SGB4165,0.0363265371194196,3120.0,0.3542002053651045,-0.3542002053651045,0.0,-1.2369002615054585,-1.1733890230938988,down,0.1858477904339497
s__GGB9712_SGB15241,0.054565948193949186,3179.0,0.12240148857329886,-0.12240148857329886,0.0,-1.7484260985884643,-1.7123854057238157,down,0.1858477904339497
s__GGB9243_SGB14185,0.0363265371194196,3120.0,0.35420019088946814,-0.35420019088946814,0.0,-2.5904043213079286,-2.5268930866939425,down,0.1858477904339497
s__GGB3304_SGB4365,0.0132979482733648,2988.0,0.18859065137294015,-0.18859065137294015,0.0,-2.800983799663734,-2.6168179715953364,down,0.1858477904339497
s__GGB4602_SGB6365,0.03333540277763095,3108.0,0.3466735311331033,-0.3466735311331033,-1.0449304549700906,0.13258685700427839,0.27356207297395374,down,0.1858477904339497
s__Leuconostoc_mesenteroides,0.10879774012075728,3289.0,0.0694959662664837,-0.0694959662664837,0.0,-2.0944507572712774,-2.0521566990529014,down,0.19039604521132525
s__Leuconostoc_pseudomesenteroides,0.06818073634927958,3213.0,0.2419683471216334,-0.2419683471216334,-0.07963508084788481,0.9203136607365842,0.9725421138493378,down,0.1858477904339497
s__Limosilactobacillus_coleohominis,0.0960200552505211,3268.0,0.14493375298471567,-0.14493375298471567,0.0,-1.7845045747578165,-1.7176940378290548,down,0.1858477904339497
s__GGB87334_SGB6273,0.1519483092397985,3348.0,0.07856037630118166,0.07856037630118166,0.0,-1.0220409939365565,-1.074043318214579,up,0.22583491423233995
s__GGB4604_SGB6371,0.2542602232730149,3449.0,0.02293885958029876,-0.02293885958029876,-0.003060173167765592,3.120229429941095,3.126854930211805,down,0.33200767998707503
s__GGB4272_SGB5822,0.10134092890181201,3277.0,0.2614607047156367,-0.2614607047156367,-0.013187212694088894,5.0995857975483405,5.146413166817619,down,0.1858477904339497
s__Ruminococcus_sp_210702_SL_1_03,0.2615737746581922,3455.0,0.10779719915389316,0.10779719915389316,0.06670577068265841,1.2709298072183557,1.2135037633127208,up,0.339817458344158
s__GGB33247_SGB47403,0.10134092890181201,3277.0,0.2614607047824869,-0.2614607047824869,-0.022021811498136583,3.0444050178401167,3.091232387117676,down,0.1858477904339497
s__GGB3169_SGB4183,0.10134092890181201,3277.0,0.2614607048028705,-0.2614607048028705,-0.023855426613926693,2.8086108189319647,2.8554381882120485,down,0.1858477904339497
s__GGB6565_SGB9274,0.10134092890181201,3277.0,0.26146070485567036,-0.26146070485567036,-0.028176989742129576,2.3742789557800825,2.421106325066707,down,0.1858477904339497
s__GGB47174_SGB65105,0.1947986759877689,3395.0,0.13890113286683392,-0.13890113286683392,-0.017338410324261,2.280494952612021,2.3080674533743104,down,0.26996555639609277
s__GGB9266_SGB14215,0.1998331084571342,3400.0,0.02597386532943698,0.02597386532943698,0.0,-0.5553027749953358,-0.5647114062729971,up,0.2741753255926092
s__GGB4586_SGB6344,0.16388540286844488,3362.0,0.06763778884964447,-0.06763778884964447,-0.16474184010850138,0.24650596123955054,0.27632467103869934,down,0.2376404907556248
s__GGB9542_SGB14948,0.10134092890181201,3277.0,0.2614607054410781,-0.2614607054410781,-0.0837278600926012,0.7836841487681852,0.8305115181273218,down,0.1858477904339497
s__Clostridiaceae_bacterium_CLA_AA_H274,0.17651583594423648,3376.0,0.1383452664747241,-0.1383452664747241,0.0,-1.972492526249755,-1.8698393037011511,down,0.2510603722394121
s__GGB3627_SGB4906,0.24473194311253998,3441.0,0.0753449897599003,0.0753449897599003,0.0,-2.019106183950223,-2.0598598619911446,up,0.322634060897994
s__Macrococcus_caseolyticus,0.10134092890181201,3277.0,0.2614607708793487,-0.2614607708793487,0.0,-3.716123551891936,-3.669296174427165,down,0.1858477904339497
s__GGB3738_SGB5072,0.3126452965204931,3494.0,0.16551466319353023,0.16551466319353023,0.0,-3.6348217375287417,-3.7746564678632377,up,0.38754989881186125
s__Enterococcus_sp_MJM12,0.04607043794840562,3154.0,0.13368786330095325,0.13368786330095325,0.0,-0.6627067100948306,-0.7790972694599594,up,0.1858477904339497
s__Actinomyces_israelii,0.19680116877499276,3397.0,0.04508096770469283,0.04508096770469283,0.0,-1.9837611596832179,-2.0015909765086697,up,0.2721069606997383
s__GGB9634_SGB15097,0.1438355392821305,3338.0,0.017462580406948553,0.017462580406948553,0.0,-0.4454475348297603,-0.45443029063322105,up,0.21925400309018184
s__Bacteroides_oleiciplenus,0.0971827219495195,3270.0,0.24570656543985017,-0.24570656543985017,0.0,-0.4474412366046031,-0.24609427816486737,down,0.1858477904339497
s__Leclercia_adecarboxylata,0.10752564418731263,3287.0,0.07488458567432621,-0.07488458567432621,0.0,-0.5513436138969698,-0.524847516720006,down,0.19003294542015153
s__GGB9253_SGB14199,0.1438355392821305,3338.0,0.1585560009999513,-0.1585560009999513,-0.05255250508891127,0.8858619881138888,0.9187258730738355,down,0.21925400309018184
s__GGB4658_SGB6445,0.14225359139464658,3336.0,0.10422864566323328,-0.10422864566323328,-0.024331192149224825,1.520323093350886,1.546180924677528,down,0.21925400309018184
s__Erysipelatoclostridium_sp_An15,0.07267950407139409,3223.0,0.2959870775495086,-0.2959870775495086,-0.21193163743354174,0.8121636194686608,0.9406787024659333,down,0.1858477904339497
s__Clostridium_cocleatum,0.0664465358963171,3209.0,0.3382300700833997,-0.3382300700833997,-0.017760399186228997,5.127391244831564,5.190902484563597,down,0.1858477904339497
s__Prevotella_buccae,0.09776826163953689,3271.0,0.10485453967734631,-0.10485453967734631,0.0,-0.7272634397137547,-0.6514551666704883,down,0.1858477904339497
s__Enterococcus_gilvus,0.09092516107482758,3259.0,0.304598349819648,-0.304598349819648,0.0,-0.31826699668109415,-0.20133323626323668,down,0.1858477904339497
s__Pseudoramibacter_alactolyticus,0.07314244489199265,3224.0,0.2841213706987438,-0.2841213706987438,0.0,-2.7606133325879005,-2.607506468700656,down,0.1858477904339497
s__Prevotella_multisaccharivorax,0.0664465358963171,3209.0,0.33823007004217576,-0.33823007004217576,-0.03027690984984996,2.99466662527816,3.0581778649932523,down,0.1858477904339497
s__Mogibacterium_timidum,0.0759709949555041,3230.0,0.2739481571089994,-0.2739481571089994,0.0,-2.6552255787063164,-2.504020745075038,down,0.1858477904339497
s__Enterococcus_dispar,0.07314244489199265,3224.0,0.25898505566380087,-0.25898505566380087,-0.038144399398446376,2.0312466382157397,2.0856684324165045,down,0.1858477904339497
s__Enterobacter_mori,0.15613316733688348,3353.0,0.14517094826086838,-0.14517094826086838,0.0,-1.9790994753264919,-1.8535908951074622,down,0.22975903025254493
s__Selenomonas_felix,0.0664465358963171,3209.0,0.33823006957931856,-0.33823006957931856,-0.14372473868102906,0.6062912410734379,0.6698024805983427,down,0.1858477904339497
s__Mitsuokella_sp_oral_taxon_131,0.0664465358963171,3209.0,0.33823006955390655,-0.33823006955390655,-0.1556123845449474,0.5576329956394992,0.6211442351539624,down,0.1858477904339497
s__Dysgonomonas_capnocytophagoides,0.0664465358963171,3209.0,0.3382300694786788,-0.3382300694786788,-0.20045416396008126,0.4260782827855948,0.4895895222691472,down,0.1858477904339497
s__Campylobacter_concisus,0.08927599568263095,3256.0,0.230456286500409,-0.230456286500409,0.0,-0.06847410456616278,-0.01808150401632309,down,0.1858477904339497
s__Enterococcus_canis,0.0664465358963171,3209.0,0.3382300688586939,-0.3382300688586939,0.0,-0.27499912135163856,-0.21148788212283756,down,0.1858477904339497
s__Proteus_mirabilis,0.07938309712535119,3237.0,0.06024994535664403,-0.06024994535664403,0.0,-1.144357986045954,-1.100016615252133,down,0.1858477904339497
s__Hallella_seregens,0.0664465358963171,3209.0,0.3382300681670587,-0.3382300681670587,0.0,-0.7210871633925989,-0.6575759244479902,down,0.1858477904339497
s__Selenomonas_SGB5880,0.08927599568263095,3256.0,0.22196782085863737,-0.22196782085863737,0.0,-1.0267611882875707,-0.9772741736124105,down,0.1858477904339497
s__Eggerthellaceae_bacterium_SWB101512,0.056413154203665106,3184.0,0.3826222985044478,-0.3826222985044478,0.0,-1.4292721187993858,-1.3228939753642348,down,0.1858477904339497
s__Selenomonas_noxia,0.07888815727222974,3236.0,0.21901699363258217,-0.21901699363258217,0.0,-2.8327454793879743,-2.7828262741526664,down,0.1858477904339497
s__Enterobacter_bugandensis,0.05529868541294915,3181.0,0.1710619068772258,-0.1710619068772258,0.0,-2.7598074173989726,-2.60247509986219,down,0.1858477904339497
s__GGB9271_SGB14223,0.056413154203665106,3184.0,0.3558403660237028,-0.3558403660237028,-0.038461003311304025,2.9340241329966505,3.013294628057399,down,0.1858477904339497
s__GGB3303_SGB4364,0.07938309712535119,3237.0,0.0077975618356752345,-0.0077975618356752345,-0.0025694614894357323,1.7613094019072515,1.7644491154572304,down,0.1858477904339497
s__GGB9117_SGB14050,0.037638748342644454,3125.0,0.35320920500713365,-0.35320920500713365,-0.13372056541535224,0.6539499688574067,0.7174612083920573,down,0.1858477904339497
s__Butyrivibrio_crossotus,0.10626535627595016,3285.0,0.05802855141411771,0.05802855141411771,0.8175119410586197,0.07143565559761288,0.040533995853356514,up,0.18949416678578523
s__GGB44238_SGB61642,0.015493162358051886,3007.0,0.44702164939113154,-0.44702164939113154,0.0,-0.3408123355882673,-0.24592753300920217,down,0.1858477904339497
s__GGB29535_SGB42321,0.056039605178763746,3183.0,0.343223782315474,-0.343223782315474,0.0,-2.92766727796424,-2.829124100781574,down,0.1858477904339497
s__Ruminococcaceae_bacterium_Marseille_P2935,0.037638748342644454,3125.0,0.3532092035127008,-0.3532092035127008,0.0,-0.4484429920502684,-0.384931752917208,down,0.1858477904339497
s__Aggregatibacter_kilianii,0.037638748342644454,3125.0,0.35320919959720587,-0.35320919959720587,0.0,-1.4600437711530097,-1.3965325330721374,down,0.1858477904339497
s__GGB9529_SGB53518,0.037638748342644454,3125.0,0.35320919573859283,-0.35320919573859283,0.0,-1.946854388065445,-1.883343151021475,down,0.1858477904339497
s__Duodenibacillus_massiliensis,0.09148029603150189,3260.0,0.2553367033930331,-0.2553367033930331,-0.1385980293600141,0.46439674522563307,0.5112241146190273,down,0.1858477904339497
s__Porphyromonas_asaccharolytica,0.10073836664182417,3276.0,0.20629373393026768,-0.20629373393026768,0.0,-0.013372506311068639,0.027053344155262594,down,0.1858477904339497
s__Limosilactobacillus_reuteri,0.11668205297781543,3301.0,0.1471974155846057,0.1471974155846057,0.0,-1.1018792184126702,-1.2240009589214988,up,0.19873803870744328
s__GGB3548_SGB4744,0.057166472010423,3186.0,0.2870079071113418,-0.2870079071113418,-0.047167228285035986,2.3036483080313532,2.3802080942007495,down,0.1858477904339497
s__Lachnoclostridium_SGB4602,0.048658772172341325,3162.0,0.2377648396445084,-0.2377648396445084,0.0,-2.0804364729889504,-2.02905490945109,down,0.1858477904339497
s__Bifidobacterium_angulatum,0.03899107498382641,3130.0,0.3518706446934628,-0.3518706446934628,-0.02126163584030745,4.2778379446004715,4.341349184329456,down,0.1858477904339497
s__Senegalimassilia_faecalis,0.05420262739590319,3178.0,0.18165482516778117,-0.18165482516778117,-0.018675530472383677,3.4168218953238396,3.4613398013971155,down,0.1858477904339497
s__Bacillus_subtilis,0.08604996458824507,3250.0,0.06327282727572868,-0.06327282727572868,0.0,-2.8084591416580738,-2.7714677628483266,down,0.1858477904339497
s__Klebsiella_oxytoca,0.10879774012075728,3289.0,0.09025347676217242,0.09025347676217242,0.0,-0.5025856602790617,-0.5838886284242533,up,0.19039604521132525
s__Diaphorobacter_SGB61891,0.03899107498382641,3130.0,0.35187064361582265,-0.35187064361582265,-0.34994846528005136,0.23135790918692464,0.29486914861657126,down,0.1858477904339497
s__Leuconostoc_carnosum,0.03899107498382641,3130.0,0.385815564173839,-0.385815564173839,0.0,-1.834737125897475,-1.757571903006293,down,0.1858477904339497
s__GGB9634_SGB15095,0.09486854816985604,3266.0,0.10170189249477193,-0.10170189249477193,-0.03982515587694425,2.300052180019569,2.3644288793981625,down,0.1858477904339497
s__Segatella_hominis,0.04767418543296343,3159.0,0.34360440932951336,-0.34360440932951336,-0.015483389773776208,5.864860722550335,5.928142952930992,down,0.1858477904339497
s__GGB4255_SGB53440,0.03168985716338904,3101.0,0.3608911630196503,-0.3608911630196503,-0.014958492097633565,6.093739574914009,6.157250814647453,down,0.1858477904339497
s__GGB3306_SGB4373,0.1050168087023585,3283.0,0.13959447542717568,-0.13959447542717568,-0.06988493525898838,1.4526883584164951,1.5247895887454535,down,0.18839698847609035
s__Clostridium_SGB4909,0.1271605894862276,3316.0,0.036050435219531246,-0.036050435219531246,-0.023879354875396976,1.232419973008801,1.2529886300746038,down,0.20881476746358443
s__GGB9075_SGB13997,0.06862005316605162,3214.0,0.2302484887799291,-0.2302484887799291,0.0,-1.9306470303081096,-1.80735241268153,down,0.1858477904339497
s__GGB4642_SGB6421,0.10377993362804876,3281.0,0.0885054735579483,-0.0885054735579483,-0.09316675301561497,0.8009681110807525,0.8543999477618186,down,0.18674111040934174
s__Levilactobacillus_brevis,0.03168985716338904,3101.0,0.3608911628670338,-0.3608911628670338,-0.037859917423408385,2.3885510035277924,2.4520622432268686,down,0.1858477904339497
s__Collinsella_provencensis,0.048000503541064325,3160.0,0.3707354985088457,-0.3707354985088457,-0.1280066038642737,0.8196945855084445,0.8957480961378611,down,0.1858477904339497
s__GGB4672_SGB6461,0.03168985716338904,3101.0,0.36089116273743294,-0.36089116273743294,-0.05043559966852362,1.785149161816136,1.8486604014860273,down,0.1858477904339497
s__GGB3146_SGB4159,0.07360779539964395,3225.0,0.06527315926285901,-0.06527315926285901,-0.037682385341636426,0.782301531528464,0.8030040002539852,down,0.1858477904339497
s__GGB9328_SGB14291,0.03168985716338904,3101.0,0.3608911621209729,-0.3608911621209729,-0.13728279242096253,0.6361830044937229,0.6996942440247941,down,0.1858477904339497
s__GGB9095_SGB14026,0.048328696453953254,3161.0,0.10173229054290316,-0.10173229054290316,0.0,-0.3948493446230328,-0.3624588987352897,down,0.1858477904339497
s__Alkaliflexus_sp_Ai_910,0.03168985716338904,3101.0,0.3608911594814228,-0.3608911594814228,0.0,-0.7310872457271577,-0.6675760067904852,down,0.1858477904339497
s__Catenibacterium_mitsuokai,0.03168985716338904,3101.0,0.36089115882782197,-0.36089115882782197,0.0,-0.9004280725032864,-0.8369168337137978,down,0.1858477904339497
s__Lachnospiraceae_unclassified_SGB4708,0.03168985716338904,3101.0,0.36089114802618444,-0.36089114802618444,0.0,-2.174244143712275,-2.1107329073552,down,0.1858477904339497
s__GGB3883_SGB5266,0.06862005316605162,3214.0,0.3092860242751865,-0.3092860242751865,0.0,-1.5078509112909655,-1.3991103917464724,down,0.1858477904339497
s__Lactobacillus_kitasatonis,0.10073836664182417,3276.0,0.01014548706600475,-0.01014548706600475,-0.0018215441472467257,3.5538018438556866,3.5582917014777,down,0.1858477904339497
s__Companilactobacillus_farciminis,0.07085166548535729,3219.0,0.24473131251064412,-0.24473131251064412,-0.0142081913518659,4.731460302198079,4.7782876714679,down,0.1858477904339497
s__Bifidobacterium_pseudolongum,0.06516986661351057,3206.0,0.171642099161924,-0.171642099161924,-0.026128363968780172,2.486776643735271,2.5322244687323026,down,0.1858477904339497
s__Prevotella_SGB1687,0.1293415973786345,3319.0,0.132093672474268,0.132093672474268,0.0,-0.4160538406910269,-0.5381611765287303,up,0.2106521453657505
s__Clostridium_tertium,0.07501839122890709,3228.0,0.10380423101150398,-0.10380423101150398,0.0,-0.656061630558845,-0.5962621149414329,down,0.1858477904339497
s__Clostridioides_difficile,0.08189579889575963,3242.0,0.14165741529394257,-0.14165741529394257,0.0,-0.5656569800018975,-0.48927232874433485,down,0.1858477904339497
s__Enterococcus_canintestini,0.06906169377249158,3215.0,0.3102088229701574,-0.3102088229701574,-0.06072585037472112,2.0405655929155726,2.1282902818765743,down,0.1858477904339497
s__Porphyromonas_bennonis,0.15029848513441194,3346.0,0.09920769193830227,-0.09920769193830227,0.0,-0.8147494423924478,-0.7789510358724872,down,0.22412931993728097
s__Escherichia_fergusonii,0.07085166548535729,3219.0,0.2447313751406137,-0.2447313751406137,0.0,-3.4537597470705443,-3.406932371497319,down,0.1858477904339497
s__Phocaeicola_faecalis,0.06950566673369535,3216.0,0.0004454244861086504,-0.0004454244861086504,-0.0001684487250782164,2.042912039419099,2.043150583262077,down,0.1858477904339497
s__GGB3817_SGB5182,0.3140358387544807,3495.0,0.12410957562691224,0.12410957562691224,0.0,-2.409171834108474,-2.5633905438090334,up,0.3887336838951096
s__GGB9466_SGB14859,0.1360591300606878,3328.0,0.11130966596831963,-0.11130966596831963,-0.04746433978379741,0.8175094337800229,0.8448526350815624,down,0.21645770691473057
s__Porphyromonas_sp_HMSC065F10,0.1519483092397985,3348.0,0.010473147609343175,0.010473147609343175,0.0,-2.2789832297703647,-2.283003313305399,up,0.22583491423233995
s__Sneathia_vaginalis,0.1133440373440132,3296.0,0.09585070674443279,-0.09585070674443279,-0.04936887429864022,0.7370501293599682,0.7627084163349498,down,0.19528871299137407
s__Anaerococcus_tetradius,0.09659998934960741,3269.0,0.25760250278764313,-0.25760250278764313,-0.12225596920573378,0.5295084946109629,0.5763358639964565,down,0.1858477904339497
s__Peptoniphilus_lacrimalis,0.1438355392821305,3338.0,0.03917303528801447,-0.03917303528801447,0.0,-2.2243386805499563,-2.203865553164226,down,0.21925400309018184
s__Clostridiales_bacterium_KA00274,0.09659998934960741,3269.0,0.25760250325881007,-0.25760250325881007,-0.4047192894198051,0.1446042092800682,0.19143157872069277,down,0.1858477904339497
s__Ezakiella_coagulans,0.15277837509615536,3349.0,0.0437356156077993,-0.0437356156077993,0.0,-2.7175041452581397,-2.696267126200002,down,0.22631485439554963
s__GGB3640_SGB4937,0.09659998934960741,3269.0,0.25760250504225846,-0.25760250504225846,0.0,-0.6480725159176013,-0.6012451462682963,down,0.1858477904339497
s__Prevotella_colorans,0.18985791383488193,3390.0,0.007200272692954784,-0.007200272692954784,0.0,-1.4853031844231175,-1.483246672967995,down,0.264969801560019
s__Porphyromonas_SGB1979,0.06559315618514616,3207.0,0.28274496819017647,-0.28274496819017647,0.0,-1.3155255199034015,-1.260400385052266,down,0.1858477904339497
s__GGB1420_SGB1957,0.18501009657574352,3385.0,0.0265321592039153,-0.0265321592039153,0.0,-0.9869579315652245,-0.9754859725020969,down,0.2594210702181478
s__GGB1550_SGB2135,0.09659998934960741,3269.0,0.1376265950109021,-0.1376265950109021,0.0,-1.9553905054035978,-1.8570457961837887,down,0.1858477904339497
s__GGB4260_SGB5794,0.06862005316605162,3214.0,0.2869414470108816,-0.2869414470108816,-0.06861055355617064,1.1869427897150135,1.2447542599204873,down,0.1858477904339497
s__GGB9412_SGB14770,0.1595435519401528,3357.0,0.03033020773495898,-0.03033020773495898,-0.008025537291247498,1.6396750983073443,1.6488218292229728,down,0.23323934497393345
s__Gallibacter_intestinalis,0.09429695798259378,3265.0,0.2565012900663803,-0.2565012900663803,-0.009696121090000702,6.944101169007972,6.9909285382762265,down,0.1858477904339497
s__GGB3176_SGB4194,0.09429695798259378,3265.0,0.25650129007279515,-0.25650129007279515,-0.012536444958566526,5.365517447487229,5.412344816756223,down,0.1858477904339497
s__GGB3185_SGB4208,0.42813085652804783,3569.0,0.18988321804310268,0.18988321804310268,0.0,-1.8091964334953996,-1.9645497185504421,up,0.4988339287875753
s__Segatella_brasiliensis,0.09429695798259378,3265.0,0.256501290080983,-0.256501290080983,-0.014404549584013208,4.666644429424005,4.713471798693942,down,0.1858477904339497
s__GGB4266_SGB5809,0.09429695798259378,3265.0,0.2565012901567349,-0.2565012901567349,-0.022844768048427153,2.933894741782467,2.980722111061135,down,0.1858477904339497
s__GGB1246_SGB1667,0.09429695798259378,3265.0,0.2565012902596112,-0.2565012902596112,-0.030612984985047827,2.183497805207666,2.230325174498191,down,0.1858477904339497
s__GGB12985_SGB20152,0.09429695798259378,3265.0,0.2565012903403657,-0.2565012903403657,-0.03631837844983234,1.8368340489485582,1.8836614182483906,down,0.1858477904339497
s__Enorma_burkinafasonensis,0.09429695798259378,3265.0,0.2565012911277726,-0.2565012911277726,-0.13243241718643953,0.48707345321379936,0.5339008226043835,down,0.1858477904339497
s__GGB9695_SGB15211,0.10752564418731263,3287.0,0.037249408170554214,-0.037249408170554214,0.0,-1.1100875436774418,-1.0966857915463153,down,0.19003294542015153
s__GGB9533_SGB14936,0.24473194311253998,3441.0,0.11122599879916781,0.11122599879916781,0.0,-3.822093717359614,-3.8924392257424993,up,0.322634060897994
s__GGB2732_SGB58358,0.1345435385774889,3326.0,0.07976994751084165,-0.07976994751084165,0.0,-2.1649125520167463,-2.1432414361476018,down,0.2150046699738744
s__GGB9695_SGB15209,0.058312122862757304,3189.0,0.011790725999642645,0.011790725999642645,0.0,-1.080224083681147,-1.0856834565586313,up,0.1858477904339497
s__GGB38987_SGB63305,0.0960200552505211,3268.0,0.06553065674522222,-0.06553065674522222,0.0,-0.031180269593566616,-0.010877876249546734,down,0.1858477904339497
s__GGB48168_SGB66171,0.06601870977334973,3208.0,0.10268783592749312,-0.10268783592749312,0.0,-0.46917129162476673,-0.4394199339925238,down,0.1858477904339497
s__GGB9523_SGB14922,0.08447263172824392,3247.0,0.05536260823490607,-0.05536260823490607,0.0,-3.089638407589182,-3.0473432748729388,down,0.1858477904339497
s__GGB6123_SGB8768,0.08088308306526154,3240.0,0.2507522891991019,-0.2507522891991019,-0.047463624170204936,1.4000702580119513,1.4468976273291836,down,0.1858477904339497
s__GGB9476_SGB14870,0.08088308306526154,3240.0,0.2507522896149687,-0.2507522896149687,-0.08688540721885275,0.7543697617577736,0.8011971311196195,down,0.1858477904339497
s__GGB3569_SGB4776,0.08088308306526154,3240.0,0.2507522907049224,-0.2507522907049224,0.0,-0.05513124186565862,-0.008303872386883977,down,0.1858477904339497
s__GGB9225_SGB14166,0.14463155514395457,3339.0,0.1099302574943747,0.1099302574943747,0.0,-1.8647489490936238,-1.928831648707529,up,0.2193435224570594
s__Raoultella_ornithinolytica,0.08552156400182814,3249.0,0.25312387430975747,-0.25312387430975747,0.0,-1.3340456640152345,-1.0817950258905928,down,0.1858477904339497
s__GGB1496_SGB2073,0.10194635819891387,3278.0,0.2639363010642598,-0.2639363010642598,-0.02005069731477534,3.345980396825753,3.3928077661008396,down,0.1858477904339497
s__Prevotella_pectinovora,0.10194635819891387,3278.0,0.2639363010845305,-0.2639363010845305,-0.022127889694366073,3.0296988704846095,3.07652623976231,down,0.1858477904339497
s__Microbacterium_lacticum,0.10194635819891387,3278.0,0.26393630135849233,-0.26393630135849233,-0.0446567118320666,1.4895281489173544,1.5363555182303794,down,0.1858477904339497
s__Ezakiella_SGB6726,0.17375000963371545,3373.0,0.044438473374831935,0.044438473374831935,0.0,-2.6578428665674423,-2.689456017018746,up,0.24851263397129977
s__Klebsiella_grimontii,0.075493466688342,3229.0,0.3120941184854758,-0.3120941184854758,0.0,-0.7657662183868796,-0.6499989920370842,down,0.1858477904339497
s__Porphyromonas_SGB1980,0.2715494739920127,3463.0,0.06420785846248789,0.06420785846248789,0.0,-1.580986314643995,-1.602435161787664,up,0.348716410845858
s__GGB73496_SGB47079,0.10194635819891387,3278.0,0.26393630224654696,-0.26393630224654696,-0.27441859055694945,0.22351266751892815,0.2703400369464594,down,0.1858477904339497
s__Citrobacter_sp_Marseille_Q6884,0.10194635819891387,3278.0,0.26393630266524376,-0.26393630266524376,0.0,-0.0680680322296701,-0.021240662748151798,down,0.1858477904339497
s__GGB3429_SGB4569,0.10194635819891387,3278.0,0.2639363027954483,-0.2639363027954483,0.0,-0.1437798498857135,-0.09695248038740656,down,0.1858477904339497
s__Candidatus_Nanogingivalis_gingivitcus,0.10194635819891387,3278.0,0.2639363036696028,-0.2639363036696028,0.0,-0.542247001416716,-0.49541963180569504,down,0.1858477904339497
s__Pseudoflavonifractor_phocaeensis,0.354619016113478,3523.0,0.22578364444869467,0.22578364444869467,0.0,-2.014985511653039,-2.3207644195511703,up,0.4288583629827631
s__GGB12794_SGB19881,0.059869266151166486,3193.0,0.2883295114842137,-0.2883295114842137,0.0,-1.4329643159645418,-1.3655313417809165,down,0.1858477904339497
s__GGB3600_SGB4860,0.10879774012075728,3289.0,0.14510967633651825,-0.14510967633651825,-0.021034951004511943,2.1315708661005957,2.1628775208628186,down,0.19039604521132525
s__Firmicutes_bacterium,0.06730903985532953,3211.0,0.12785043845288707,-0.12785043845288707,-0.11624576184098953,0.7429955750824614,0.8053407753814373,down,0.1858477904339497
s__GGB51139_SGB71360,0.08395208272511935,3246.0,0.25234137596065076,-0.25234137596065076,0.0,-0.6160331650941288,-0.569205795456845,down,0.1858477904339497
s__GGB3142_SGB4155,0.1360591300606878,3328.0,0.018081782939146755,0.018081782939146755,0.021777210569838883,0.9328207115918677,0.9188456986714898,up,0.21645770691473057
s__Candidatus_Saccharibacteria_bacterium_oral_taxon_955,0.059869266151166486,3193.0,0.20141526755880357,-0.20141526755880357,0.0,-3.57238814345767,-3.4646161552883803,down,0.1858477904339497
s__Lactococcus_taiwanensis,0.08395208272511935,3246.0,0.2525698209535009,-0.2525698209535009,-0.014291506019063751,4.703741437532586,4.750568806802455,down,0.1858477904339497
s__Culturomica_massiliensis,0.08395208272511935,3246.0,0.2525698210527313,-0.2525698210527313,-0.024314540120991934,2.755138251657478,2.8019656209382235,down,0.1858477904339497
s__Pediococcus_pentosaceus,0.14225359139464658,3336.0,0.007370942712412664,-0.007370942712412664,0.0,-0.6321196452203894,-0.6295489197606242,down,0.21925400309018184
s__Enterobacter_cancerogenus,0.11940766100016498,3305.0,0.10061478786002405,-0.10061478786002405,0.0,-0.5644492578194859,-0.5381611765287303,down,0.20088847774297314
s__Latilactobacillus_sakei,0.08395208272511935,3246.0,0.2525698216630862,-0.2525698216630862,-0.0717306795640775,0.9186034638743044,0.9654308332219462,down,0.1858477904339497
s__Rothia_koreensis,0.08395208272511935,3246.0,0.2525698216652073,-0.2525698216652073,-0.07195356925897918,0.9156865926356695,0.9625139619835439,down,0.1858477904339497
s__Melissococcus_sp_OM08_11BH,0.08395208272511935,3246.0,0.2525698217168414,-0.2525698217168414,-0.07761815176410418,0.8471804589657509,0.8940078283192845,down,0.1858477904339497
s__Oribacterium_SGB5283,0.07085166548535729,3219.0,0.26704546402473717,-0.26704546402473717,-0.41344966535100386,0.1645328082573198,0.21913576351195904,down,0.1858477904339497
s__Kluyvera_ascorbata,0.10626535627595016,3285.0,0.1811185613353638,-0.1811185613353638,0.0,-0.825049899196305,-0.6439490101333475,down,0.18949416678578523
s__Lactobacillus_johnsonii,0.13990576495256538,3333.0,0.11603414944536597,-0.11603414944536597,-0.006446977341866519,6.036897248516224,6.063934722653706,down,0.21791604750465024
s__GGB28640_SGB4673,0.17466833109431446,3374.0,0.10991703740374344,0.10991703740374344,0.0,-0.25340960580304045,-0.32290895883547177,up,0.24922699520651584
s__GGB9641_SGB15117,0.14304288722884304,3337.0,0.11471558044373861,-0.11471558044373861,0.0,-0.040823886218243274,-0.013458522709843549,down,0.21925400309018184
s__GGB3057_SGB4059,0.1438355392821305,3338.0,0.09938076041515988,-0.09938076041515988,-0.11169628007064064,0.3077891857462665,0.3325655715658412,down,0.21925400309018184
s__GGB9457_SGB14849,0.12078904533682253,3307.0,0.1994909489156035,-0.1994909489156035,0.0,-0.6826664799594737,-0.6440070015422555,down,0.20244924500115324
s__Dysosmobacter_sp_Marseille_Q4140,0.10134092890181201,3277.0,0.26024753931483946,-0.26024753931483946,0.0,-0.4129084971632162,-0.3660811275938042,down,0.1858477904339497
s__Hafnia_paralvei,0.16476435914760368,3363.0,0.04761177624151271,-0.04761177624151271,0.0,-0.1765706870196789,-0.14462116909860817,down,0.2385274785713484
s__Pluralibacter_gergoviae,0.18119825962979708,3381.0,0.005934638119734236,0.005934638119734236,0.011139773838682348,0.2976064389366449,0.2953173190728151,up,0.25548095848277075
s__Kluyvera_sichuanensis,0.1081602119272543,3288.0,0.057010214674830854,-0.057010214674830854,0.0,-1.4511151223155547,-1.4069034523459691,down,0.19039604521132525
s__Obesumbacterium_proteus,0.06818073634927958,3213.0,0.19884242065156632,-0.19884242065156632,-0.08070969847680588,0.8061777213976037,0.8525636900946422,down,0.1858477904339497
s__Enterococcus_viikkiensis,0.09776826163953689,3271.0,0.25837593938396225,-0.25837593938396225,-0.03432682987908177,1.9447494368821192,1.9915768061787018,down,0.1858477904339497
s__Hafnia_alvei,0.19083860709461598,3391.0,0.09566043393100601,-0.09566043393100601,-0.0207625429703404,1.493639308292385,1.5152904379990104,down,0.2657152212666845
s__Citrobacter_sp_Res13_Sevr_PEB04_36,0.057166472010423,3186.0,0.18863503646996432,-0.18863503646996432,0.0,-1.2850455109019232,-1.2181304812517297,down,0.1858477904339497
s__Citrobacter_koseri,0.17651583594423648,3376.0,0.02419022665875535,0.02419022665875535,0.560375279714652,0.03255769296439695,0.022078209762668922,up,0.2510603722394121
s__Pseudocitrobacter_faecalis,0.11600834464679521,3300.0,0.02923487990044172,-0.02923487990044172,-0.04322248938664374,0.328090194415631,0.3380683521090181,down,0.1977792695267712
s__Streptococcus_parauberis,0.09776826163953689,3271.0,0.25837594006185066,-0.25837594006185066,-0.10726745354698403,0.6066817577371721,0.6535091271139439,down,0.1858477904339497
s__GGB9513_SGB14911,0.1315515471077555,3322.0,0.13865405847519957,-0.13865405847519957,-0.07676397038211062,0.5706130613005944,0.6017969274743954,down,0.21231420577517499
s__Escherichia_marmotae,0.08927599568263095,3256.0,0.32553047606963387,-0.32553047606963387,-0.34267915047796516,0.32692575908523963,0.41457761041051716,down,0.1858477904339497
s__Lelliottia_amnigena,0.09776826163953689,3271.0,0.25837594077325693,-0.25837594077325693,-1.264786697999684,0.033378579103102615,0.08020594856402868,down,0.1858477904339497
s__Enterobacter_cloacae,0.3140358387544807,3495.0,0.02482854696727873,-0.02482854696727873,0.0,-3.4301250573751907,-3.398553528751697,down,0.3887336838951096
s__Enterococcus_hermanniensis,0.09776826163953689,3271.0,0.2583759425395177,-0.2583759425395177,0.0,-0.7005905452056453,-0.6537631755357833,down,0.1858477904339497
s__Eubacteriaceae_bacterium_Marseille_Q4139,0.14784940760592521,3343.0,0.02518879713469349,0.02518879713469349,0.011509937580309751,1.3912284041077991,1.3801732296888225,up,0.22103114956162187
s__Oscillibacter_ruminantium,0.09092516107482758,3259.0,0.2550897091388676,-0.2550897091388676,-0.03884503813879236,1.7158482163805333,1.7626755856844516,down,0.1858477904339497
s__GGB70856_SGB95309,0.09092516107482758,3259.0,0.25508970946087456,-0.25508970946087456,-0.06508230454878053,1.0147958651648272,1.0616232345051706,down,0.1858477904339497
s__Lacrimispora_sp_210928_DFI_3_58,0.09092516107482758,3259.0,0.255089709589486,-0.255089709589486,-0.07905030902304261,0.8314155505578386,0.8782429199127305,down,0.1858477904339497
s__GGB9574_SGB14987,0.06226951814755305,3199.0,0.12929751789081284,-0.12929751789081284,0.0,-1.5989617051906224,-1.5589222419228632,down,0.1858477904339497
s__GGB1095_SGB1407,0.12288453204814942,3310.0,0.008025373668364385,0.008025373668364385,0.0021609190543807957,2.376908054259271,2.3733505032799678,up,0.2046165015913682
s__Methanobrevibacter_arboriphilus,0.0995418090535975,3274.0,0.2590760048941222,-0.2590760048941222,0.0,-0.6296388159208545,-0.5828114462785129,down,0.1858477904339497
s__GGB9210_SGB14149,0.2530552682899847,3448.0,0.09264012630601082,0.09264012630601082,0.0,-0.7797726917541055,-0.8302195939574932,up,0.3306761741563856
s__Atlantibacter_hermannii,0.18025447379693638,3380.0,0.06756798197177259,0.06756798197177259,0.0,-1.5275862172776282,-1.565163776252548,up,0.2545524016831736
s__GGB2731_SGB3673,0.059869266151166486,3193.0,0.3416292846681999,-0.3416292846681999,-0.019769867238498676,4.603014221293519,4.666525461023981,down,0.1858477904339497
s__Peptacetobacter_hiranonis,0.11008171159812104,3291.0,0.09732553053401487,-0.09732553053401487,-0.01186838819235842,3.6323584881462385,3.6623634792744464,down,0.19189048359633404
s__Phytobacter_diazotrophicus,0.08088308306526154,3240.0,0.14872267896631905,-0.14872267896631905,0.0,-0.0200751618518741,0.02053333013884962,down,0.1858477904339497
s__Anaerococcus_obesiensis,0.04670640014578903,3156.0,0.18609212208835774,-0.18609212208835774,0.0,-0.3909032464168974,-0.34410976140320565,down,0.1858477904339497
s__Mediterraneibacter_SGB4607,0.06862005316605162,3214.0,0.3353199989404564,-0.3353199989404564,-0.015347075500134434,5.9386466672538445,6.002157906987142,down,0.1858477904339497
s__Pediococcus_acidilactici,0.06862005316605162,3214.0,0.33531999893951986,-0.33531999893951986,-0.0163237616293219,5.581431476565057,5.6449427162979235,down,0.1858477904339497
s__Alistipes_SGB2302,0.04670640014578903,3156.0,0.3471887236873883,-0.3471887236873883,0.0,-0.13828808394844777,-0.07477684465505387,down,0.1858477904339497
s__Shuttleworthia_satelles,0.08291877569214715,3244.0,0.161950280410594,-0.161950280410594,0.0,-4.034506740575561,-3.9538063428262427,down,0.1858477904339497
s__GGB2964_SGB3946,0.04670640014578903,3156.0,0.3471887117849901,-0.3471887117849901,0.0,-2.3868054849121205,-2.323294249354918,down,0.1858477904339497
s__Paraclostridium_bifermentans,0.09203815196156913,3261.0,0.13683702502765444,-0.13683702502765444,-0.01936412442826904,2.377365647523096,2.409490205436394,down,0.1858477904339497
s__GGB4617_SGB6392,0.0995418090535975,3274.0,0.1919515342372177,-0.1919515342372177,-0.021736746644882537,2.5475854260301363,2.5862599141654896,down,0.1858477904339497
s__Caniella_SGB63087,0.059869266151166486,3193.0,0.3663198782717503,-0.3663198782717503,0.0,-0.189764960494618,0.0211997763497753,down,0.1858477904339497
s__GGB1551_SGB2136,0.06818073634927958,3213.0,0.2760784217733507,-0.2760784217733507,-0.019753104479766536,3.910024224406373,3.9639277039911,down,0.1858477904339497
s__GGB4700_SGB6506,0.1998331084571342,3400.0,0.025435099531048173,0.025435099531048173,0.0160782109112979,1.7192375039325705,1.7001837174391312,up,0.2741753255926092
s__GGB4597_SGB6359,0.14304288722884304,3337.0,0.18428713201887967,-0.18428713201887967,-0.04881002575102094,1.0432079900854545,1.079106196979856,down,0.21925400309018184
s__Parvimonas_parva,0.10134092890181201,3277.0,0.26090033247264177,-0.26090033247264177,-0.08637799283541267,0.7589359796335301,0.8057633489949488,down,0.1858477904339497
s__GGB3124_SGB4136,0.33392990399572364,3509.0,0.01143814028521243,-0.01143814028521243,0.0,-1.5771916412461553,-1.5710244461647558,down,0.4077051153436161
s__GGB4689_SGB6487,0.3426994601299842,3515.0,0.13319124900074467,0.13319124900074467,0.4185903113118414,0.3768543513925065,0.2819455826178,up,0.4169860506694082
s__Prevotella_disiens,0.10134092890181201,3277.0,0.26090036684418144,-0.26090036684418144,0.0,-3.0742706092038676,-3.0274432356217456,down,0.1858477904339497
s__Eubacterium_SGB4329,0.08552156400182814,3249.0,0.25332881199214236,-0.25332881199214236,-0.009896310879343383,6.803158272328749,6.849985641597032,down,0.1858477904339497
s__Parabacteroides_SGB1944,0.07988055893920333,3238.0,0.25043961699516015,-0.25043961699516015,-0.027359401974972778,2.445925308188862,2.4927526774742033,down,0.1858477904339497
s__Bradyrhizobium_diazoefficiens,0.07988055893920333,3238.0,0.2504396335030745,-0.2504396335030745,0.0,-2.1900688071975587,-2.1432414361476018,down,0.1858477904339497
s__Herbaspirillum_huttiense,0.07988055893920333,3238.0,0.2504396346660719,-0.2504396346660719,0.0,-2.2575100577837532,-2.210682686609477,down,0.1858477904339497
s__Clostridium_sp_chh4_2,0.06433004548439036,3204.0,0.27792489890224137,-0.27792489890224137,0.0,-3.8149387112059867,-3.6656685888334617,down,0.1858477904339497
s__Bacteroides_sp_AF39_11AC,0.10316585203846788,3280.0,0.06318989663345918,0.06318989663345918,0.04946038763724806,1.1700494792633909,1.1306161048163434,up,0.1865765409206334
s__GGB4711_SGB6524,0.08552156400182814,3249.0,0.25354804022557975,-0.25354804022557975,-0.01969690369606919,3.4064991517575556,3.45332652103223,down,0.1858477904339497
s__Parabacteroides_SGB1950,0.029894996363453108,3093.0,0.07006783994986261,-0.07006783994986261,0.0,-0.8952658796475902,-0.8479210647897203,down,0.1858477904339497
s__GGB4541_SGB6262,0.12218290420673283,3309.0,0.13561377114110604,-0.13561377114110604,-0.02890316285990001,1.5355383185712337,1.5666117426382142,down,0.2038284897280543
s__Clostridium_SGB48024,0.08343413359946922,3245.0,0.20892383493915015,-0.20892383493915015,-0.06551440238652496,1.2583691417979648,1.3168304487784663,down,0.1858477904339497
s__Epilithonimonas_hominis,0.11600834464679521,3300.0,0.18810571628096917,-0.18810571628096917,-0.08743553358024664,0.6037770544958732,0.6415009778059859,down,0.1977792695267712
s__Acinetobacter_parvus,0.10255466306859409,3279.0,0.1485230971611971,-0.1485230971611971,0.0,-1.122257603720544,-1.0890811933176996,down,0.1858477904339497
s__Desulfovibrio_intestinalis,0.06774373476323782,3212.0,0.32846655856894147,-0.32846655856894147,0.0,-2.522202471644224,-2.4340447692679232,down,0.1858477904339497
s__GGB4559_SGB6293,0.14703986110758432,3342.0,0.11593781410489253,-0.11593781410489253,-0.018080721675744735,3.86644485728413,3.91520638510553,down,0.22000515681226993
s__GGB4703_SGB6510,0.14623370852878328,3341.0,0.08873489186055625,-0.08873489186055625,-0.05178992838605656,1.5221399888876752,1.577774445058997,down,0.21953504602512883
s__GGB4611_SGB6385,0.0323863609555697,3104.0,0.36449308599527774,-0.36449308599527774,-0.014583273954410985,6.2513417893649565,6.3148530290985265,down,0.1858477904339497
s__GGB3623_SGB4900,0.06433004548439036,3204.0,0.21763819881509042,-0.21763819881509042,-0.11998074074400815,0.9671424994689813,1.0510134406070168,down,0.1858477904339497
s__GGB9285_SGB14238,0.050337673858862744,3167.0,0.3032236821915511,-0.3032236821915511,-0.019591681191971144,3.994998968747875,4.049620769862144,down,0.1858477904339497
s__GGB1528_SGB2111,0.049998063609564956,3166.0,0.31316013169016554,-0.31316013169016554,-0.0220462054113913,3.648360058052058,3.7045397706654195,down,0.1858477904339497
s__GGB9548_SGB14955,0.0323863609555697,3104.0,0.3644930858556615,-0.3644930858556615,-0.03544379060007231,2.553519759261137,2.6170309989655727,down,0.1858477904339497
s__Propionibacterium_freudenreichii,0.0323863609555697,3104.0,0.36449308582180895,-0.36449308582180895,-0.03861417474531305,2.341280217475248,2.404791457172619,down,0.1858477904339497
s__GGB1523_SGB2105,0.0323863609555697,3104.0,0.36449308581814804,-0.36449308581814804,-0.038949945283622465,2.320825760472864,2.3843370001694715,down,0.1858477904339497
s__GGB9542_SGB14947,0.0323863609555697,3104.0,0.3644930857765403,-0.3644930857765403,-0.04271298552802896,2.113588289342517,2.1770995290304422,down,0.1858477904339497
s__GGB9778_SGB15398,0.04767418543296343,3159.0,0.3745328384896615,-0.3745328384896615,0.0,-0.28861078904476273,-0.1983046446860267,down,0.1858477904339497
s__GGB9775_SGB15395,0.3441752392362152,3516.0,0.0647241859440229,0.0647241859440229,0.0,-0.751600634254683,-0.7860812378211387,up,0.41792707621540415
s__GGB1525_SGB2107,0.0323863609555697,3104.0,0.3644930856028597,-0.3644930856028597,-0.05844512051865772,1.5362090022256432,1.5997202418773255,down,0.1858477904339497
s__GGB79087_SGB105683,0.14463155514395457,3339.0,0.043987094403846336,-0.043987094403846336,0.0,-0.1349411226682944,-0.11827203689714645,down,0.2193435224570594
s__Salmonella_enterica,0.0323863609555697,3104.0,0.36449308532686964,-0.36449308532686964,-0.0882065967168137,1.0073491054768149,1.0708603450709053,down,0.1858477904339497
s__GGB6126_SGB8772,0.0323863609555697,3104.0,0.36449308527300794,-0.36449308527300794,-0.09528111290848888,0.9302467130107991,0.9937579525936501,down,0.1858477904339497
s__GGB1521_SGB2103,0.026963891990769342,3079.0,0.37220795857778005,-0.37220795857778005,-0.23775055637004533,0.6824701900984668,0.8047365658082575,down,0.1858477904339497
s__GGB6518_SGB9205,0.06687664307948006,3210.0,0.21466580273855804,-0.21466580273855804,0.0,-0.8782144689391896,-0.818544491830994,down,0.1858477904339497
s__GGB9551_SGB14958,0.07501839122890709,3228.0,0.04906952371868393,-0.04906952371868393,-0.05290935944221246,0.42515474479765386,0.44103629841160014,down,0.1858477904339497
s__GGB34231_SGB47113,0.0323863609555697,3104.0,0.36449308455818336,-0.36449308455818336,-0.3329003291107599,0.24470415063089115,0.30821539006457693,down,0.1858477904339497
s__GGB3004_SGB3995,0.04932460409933931,3164.0,0.2573733083684133,-0.2573733083684133,0.0,-0.32515956072800517,-0.2739055076214869,down,0.1858477904339497
s__Leuconostoc_SGB48612,0.0323863609555697,3104.0,0.3644930830505292,-0.3644930830505292,0.0,-0.47143250851316315,-0.40792126939408535,down,0.1858477904339497
s__Tetragenococcus_halophilus,0.015126636919381832,3004.0,0.44184033745801904,-0.44184033745801904,0.0,-0.9004280725032864,-0.8203192674299629,down,0.1858477904339497
s__GGB9454_SGB14846,0.04734973414325949,3158.0,0.3694507366798612,-0.3694507366798612,0.0,-2.92766727796424,-2.8325830292479774,down,0.1858477904339497
s__GGB9695_SGB15210,0.049998063609564956,3166.0,0.2739827203861563,-0.2739827203861563,0.0,-0.7246795915367124,-0.6726138003168826,down,0.1858477904339497
s__Lactococcus_cremoris,0.06687664307948006,3210.0,0.04316028702956377,0.04316028702956377,0.0,-1.334220314944019,-1.3634452715931225,up,0.1858477904339497
s__GGB6512_SGB9197,0.0323863609555697,3104.0,0.3644930768342352,-0.3644930768342352,0.0,-1.6055513221937332,-1.5420400843718334,down,0.1858477904339497
s__GGB33539_SGB53381,0.049998063609564956,3166.0,0.16421932553698632,-0.16421932553698632,0.0,-3.1116420226919717,-3.070508071031523,down,0.1858477904339497
s__Haemophilus_paraphrohaemolyticus,0.1001386628758888,3275.0,0.25940268786346304,-0.25940268786346304,-0.03388905385673226,1.9701716233784103,2.0169989926742775,down,0.1858477904339497
s__GGB4661_SGB6449,0.1001386628758888,3275.0,0.25940268837152824,-0.25940268837152824,-0.08118805593592497,0.8089186193952461,0.8557459887521136,down,0.1858477904339497
s__GGB9266_SGB14216,0.14068503790559056,3334.0,0.06379531088426188,-0.06379531088426188,-0.09963917061803365,0.264923352601704,0.2838668127218714,down,0.21855769596299315
s__Latilactobacillus_curvatus,0.15613316733688348,3353.0,0.050822746241007556,0.050822746241007556,0.0,-1.3015576497158632,-1.327492175970164,up,0.22975903025254493
s__Bacteroides_fluxus,0.08189579889575963,3242.0,0.2512928090469655,-0.2512928090469655,-0.02481620955005912,2.6989714187382754,2.7457987880197523,down,0.1858477904339497
s__Furfurilactobacillus_milii,0.1081602119272543,3288.0,0.11883873616553883,-0.11883873616553883,-0.04572711430150597,0.9105416295150778,0.9398640527527822,down,0.19039604521132525
s__Leuconostoc_holzapfelii,0.08189579889575963,3242.0,0.2512928092254449,-0.2512928092254449,-0.03687956284065516,1.808530273007338,1.8553576423080824,down,0.1858477904339497
s__Blautia_SGB4833,0.08189579889575963,3242.0,0.2512928103499335,-0.2512928103499335,-0.24067903997139117,0.2579328900942822,0.30476025951641794,down,0.1858477904339497
s__GGB4580_SGB6330,0.08189579889575963,3242.0,0.25129281058053504,-0.25129281058053504,-0.5189892712062071,0.10815859091606583,0.15498596036309556,down,0.1858477904339497
s__Lactococcus_SGB96887,0.08189579889575963,3242.0,0.25129281102018247,-0.25129281102018247,0.0,-0.1270663698393131,-0.08023900034482233,down,0.1858477904339497
s__Lactococcus_plantarum,0.08189579889575963,3242.0,0.2512928112376048,-0.2512928112376048,0.0,-0.22569696757742108,-0.178869598059459,down,0.1858477904339497
s__GGB1627_SGB2230,0.08189579889575963,3242.0,0.25129281229731915,-0.25129281229731915,0.0,-0.6026101459582665,-0.5557827763259054,down,0.1858477904339497
s__Furfurilactobacillus_siliginis,0.08189579889575963,3242.0,0.25129281237401313,-0.25129281237401313,0.0,-0.6250829997984024,-0.5782556301577623,down,0.1858477904339497
s__Loigolactobacillus_coryniformis,0.08189579889575963,3242.0,0.25129281504599815,-0.25129281504599815,0.0,-1.198428910452952,-1.1516015405238644,down,0.1858477904339497
s__GGB1538_SGB2121,0.04670640014578903,3156.0,0.2506329979605336,-0.2506329979605336,-0.03221864748085019,3.3082332199095243,3.382944692891272,down,0.1858477904339497
s__GGB1568_SGB2155,0.04767418543296343,3159.0,0.3462654668260365,-0.3462654668260365,-0.03222044228377284,2.8121271011548767,2.8756383408661197,down,0.1858477904339497
s__Enorma_phocaeensis,0.04767418543296343,3159.0,0.3462654666251693,-0.3462654666251693,-0.06077414192415543,1.4761373254969692,1.5396485651435357,down,0.1858477904339497
s__GGB70869_SGB2145,0.037638748342644454,3125.0,0.3803437070389244,-0.3803437070389244,0.0,-3.191177650428045,-3.073555169493659,down,0.1858477904339497
s__GGB51110_SGB71326,0.06433004548439036,3204.0,0.3260989658300698,-0.3260989658300698,0.0,-1.1588980779222577,-1.0926674318816778,down,0.1858477904339497
s__Arachnia_SGB15898,0.06433004548439036,3204.0,0.23736758217243958,-0.23736758217243958,0.0,-2.450330865422341,-2.3367500364873828,down,0.1858477904339497
s__GGB9621_SGB15072,0.051715506934812985,3171.0,0.34493055105689174,-0.34493055105689174,-0.15823309566734556,0.5478903997118777,0.6114016392241887,down,0.1858477904339497
s__Pseudocitrobacter_vendiensis,0.051715506934812985,3171.0,0.34493054830523484,-0.34493054830523484,0.0,-1.089918093938584,-1.026406855346216,down,0.1858477904339497
s__Collinsella_SGB14745,0.13229466572462548,3323.0,0.06606769205933963,-0.06606769205933963,-0.013521008225861228,2.1008798991756183,2.120662002588296,down,0.21293595880834668
s__Furfurilactobacillus_rossiae,0.09372813188527303,3264.0,0.2558899598932574,-0.2558899598932574,0.0,-0.9249603136839976,-0.8781329439130693,down,0.1858477904339497
s__GGB4571_SGB6321,0.1308116681410012,3321.0,0.09093384314791068,-0.09093384314791068,-0.014580975047762706,2.400116902656133,2.4244973082939327,down,0.21169431335601735
s__GGB3475_SGB4638,0.10134092890181201,3277.0,0.2597310930879419,-0.2597310930879419,-0.06881007427407113,0.9585707235237287,1.0053980928682527,down,0.1858477904339497
s__GGB2657_SGB3578,0.13682185219143805,3329.0,0.0769564920516771,-0.0769564920516771,-0.046236536203643694,0.665729327885304,0.687410677905452,down,0.2165734974733677
s__GGB3034_SGB4030,0.04299899471703094,3144.0,0.22837751066457487,-0.22837751066457487,0.0,-0.7614929929639869,-0.6221905880830503,down,0.1858477904339497
s__Tsuneonella_sp_YG55,0.10134092890181201,3277.0,0.2597310951826622,-0.2597310951826622,0.0,-0.5012576602304687,-0.45443029063322105,down,0.1858477904339497
s__GGB9289_SGB14244,0.10134092890181201,3277.0,0.25973109734189215,-0.25973109734189215,0.0,-1.0842365602613913,-1.0374091904036369,down,0.1858477904339497
s__Drancourtella_massiliensis,0.1173588305101672,3302.0,0.06765760421446865,0.06765760421446865,0.0,-0.4976844355453641,-0.5294654703173342,up,0.1991307152667761
s__Dorea_sp_D27,0.08395208272511935,3246.0,0.25230260204517135,-0.25230260204517135,-0.021841798055512875,3.0696880667337836,3.116515436011106,down,0.1858477904339497
s__Slackia_exigua,0.13529969479510248,3327.0,0.03237743402192539,0.03237743402192539,0.0,-1.0468595353487045,-1.0592282346243456,up,0.21601963793314663
s__Clostridium_sp_MCC353,0.08395208272511935,3246.0,0.25230260801095006,-0.25230260801095006,0.0,-1.198428910452952,-1.1516015405238644,down,0.1858477904339497
s__Staphylococcus_nepalensis,0.09372813188527303,3264.0,0.25591939060670815,-0.25591939060670815,-0.020765603220830695,3.2299846910822283,3.276812060358179,down,0.1858477904339497
s__Staphylococcus_arlettae,0.09372813188527303,3264.0,0.25591939122890944,-0.25591939122890944,-0.07121840718508349,0.925376590749615,0.9722039600967196,down,0.1858477904339497
s__GGB9547_SGB14953,0.13379065356947706,3325.0,0.08451110545961013,-0.08451110545961013,-0.03414736376350118,0.9390481781523791,0.9615397778046814,down,0.21418503732871438
s__Peptidiphaga_SGB69229,0.11533769722762999,3299.0,0.18199207505917256,-0.18199207505917256,0.0,-0.48335639773492856,-0.446430248606155,down,0.1972009478460915
s__Actinomyces_SGB17145,0.09372813188527303,3264.0,0.2559193925510858,-0.2559193925510858,0.0,-0.14377984988571352,-0.09695248038740656,down,0.1858477904339497
s__GGB9694_SGB15204,0.18597226010362622,3386.0,0.033228696039202706,0.033228696039202706,0.0,-3.7602292158714086,-3.7746564678632377,up,0.2605655292660697
s__Companilactobacillus_paralimentarius,0.06862005316605162,3214.0,0.3360039655865875,-0.3360039655865875,0.0,-0.33403264906253183,-0.2705214098644712,down,0.1858477904339497
s__GGB32451_SGB47419,0.09148029603150189,3260.0,0.25542890287081316,-0.25542890287081316,-0.016191124388246356,4.149139183743569,4.1959665530147765,down,0.1858477904339497
s__Fructilactobacillus_fructivorans,0.10752564418731263,3287.0,0.10136219257280923,-0.10136219257280923,0.0,-0.6229447545563938,-0.5966047671424572,down,0.19003294542015153
s__GGB1527_SGB2110,0.06906169377249158,3215.0,0.118665586418286,-0.118665586418286,-0.014129491434144435,3.5755041016283524,3.610693975333656,down,0.1858477904339497
s__Bacteroides_propionicigenes,0.18405162090403537,3384.0,0.14145266120450697,0.14145266120450697,0.0,-2.4958536685115775,-2.6286757124281137,up,0.25848319694233135
s__Prevotella_SGB1604,0.10194635819891387,3278.0,0.26268182714600063,-0.26268182714600063,-0.014220207015207958,4.727442636277069,4.774270005546895,down,0.1858477904339497
s__GGB1110_SGB1424,0.10194635819891387,3278.0,0.2626818271526349,-0.2626818271526349,-0.015484974725506855,4.3394130685955465,4.386240437866211,down,0.1858477904339497
s__GGB4567_SGB6308,0.4434864698541091,3578.0,0.21598597292897231,0.21598597292897231,0.0,-0.29654543198211025,-0.5381611765287303,up,0.5137075591755903
s__GGB32024_SGB48242,0.10194635819891387,3278.0,0.2626818271569152,-0.2626818271569152,-0.016184578723105084,4.150826688936782,4.197654058207987,down,0.1858477904339497
s__Bacteroides_pectinophilus,0.10194635819891387,3278.0,0.2626818271815701,-0.2626818271815701,-0.01938388048380316,3.4618858554374246,3.508713224711743,down,0.1858477904339497
s__GGB4671_SGB6460,0.10194635819891387,3278.0,0.2626818271901771,-0.2626818271901771,-0.02031857712455594,3.3015597964455563,3.3483871657209616,down,0.1858477904339497
s__GGB1582_SGB2173,0.10194635819891387,3278.0,0.2626818272040828,-0.2626818272040828,-0.02171912509472586,3.0871577159033476,3.1339850851805093,down,0.1858477904339497
s__GGB4558_SGB6290,0.10194635819891387,3278.0,0.26268182721406474,-0.26268182721406474,-0.022664425880566788,2.957425239132721,3.0042526084111434,down,0.1858477904339497
s__GGB3480_SGB4648,0.24709018283814377,3443.0,0.14581935476378963,0.14581935476378963,0.0,-3.0704471078227447,-3.1992932951802113,up,0.324544500637297
s__GGB9350_SGB14317,0.270288454191977,3462.0,0.05571446470790208,0.05571446470790208,0.010832127876392811,2.6057513048124217,2.5862599141654896,up,0.3475971835249848
s__GGB4694_SGB6493,0.10194635819891387,3278.0,0.26268182725779404,-0.26268182725779404,-0.026456690922672915,2.53017500532079,2.5770023746047355,down,0.1858477904339497
s__GGB4686_SGB6483,0.10194635819891387,3278.0,0.26268182728986317,-0.26268182728986317,-0.02904093364038403,2.3029541752916076,2.349781544579603,down,0.1858477904339497
s__GGB3517_SGB4696,0.10194635819891387,3278.0,0.26268182729718065,-0.26268182729718065,-0.029617312918510493,2.2576840732442354,2.304511442533155,down,0.1858477904339497
s__Dysosmobacter_SGB15074,0.14543094237937731,3340.0,0.03147222353583985,-0.03147222353583985,0.0,-1.665400199256231,-1.6543948872162688,down,0.21953504602512883
s__GGB13283_SGB4948,0.14623370852878328,3341.0,0.14067653090352839,-0.14067653090352839,-0.023522089264489097,1.8063409008858802,1.8360333696372793,down,0.21953504602512883
s__GGB9267_SGB14218,0.10194635819891387,3278.0,0.26268182747433516,-0.26268182747433516,-0.04352694990162317,1.528791056632986,1.5756184259442796,down,0.1858477904339497
s__GGB1562_SGB2149,0.10194635819891387,3278.0,0.26268182751537744,-0.26268182751537744,-0.04695304645760402,1.4155467572107963,1.4623741265272732,down,0.1858477904339497
s__GGB74703_SGB54323,0.10194635819891387,3278.0,0.2626818276120688,-0.2626818276120688,-0.055653690492682276,1.190629634647909,1.237457003976598,down,0.1858477904339497
s__GGB9282_SGB14235,0.13758786898308065,3330.0,0.09661313896156473,-0.09661313896156473,-0.029834749704367707,1.1945850055668787,1.2195460776774094,down,0.2165734974733677
s__GGB74700_SGB54319,0.10194635819891387,3278.0,0.26268182788845107,-0.26268182788845107,-0.08900092137580742,0.7358934860151797,0.7827208553787747,down,0.1858477904339497
s__Gallalistipes_aquisgranensis,0.14463155514395457,3339.0,0.2199437879785131,-0.2199437879785131,-0.10176618405779668,0.54770242282305,0.5877319984026429,down,0.2193435224570594
s__GGB3755_SGB5104,0.10194635819891387,3278.0,0.26268182817545166,-0.26268182817545166,-0.15451441513838746,0.41422948807446686,0.461056857474309,down,0.1858477904339497
s__Lachnospiraceae_unclassified_SGB69346,0.13758786898308065,3330.0,0.09688290141984421,-0.09688290141984421,-2.7053685731656123,0.004527836859176697,0.02953166004688872,down,0.2165734974733677
s__GGB4550_SGB6272,0.14623370852878328,3341.0,0.08899753741326202,-0.08899753741326202,0.0,-0.29730193139539723,-0.27478971379971445,down,0.21953504602512883
s__GGB9343_SGB14307,0.19680116877499276,3397.0,0.02543714059198188,-0.02543714059198188,0.0,-2.4830759582546893,-2.475375099892308,down,0.2721069606997383
s__Clostridium_porci,0.08343413359946922,3245.0,0.2520443250626811,-0.2520443250626811,-0.017275330992406357,3.8872737970408604,3.9341011663130105,down,0.1858477904339497
s__GGB35456_SGB71664,0.08343413359946922,3245.0,0.2520443251315308,-0.2520443251315308,-0.023548914319589432,2.8454707358938203,2.892298105173469,down,0.1858477904339497
s__Plesiomonas_shigelloides,0.15613316733688348,3353.0,0.06548383308972117,0.06548383308972117,0.0,-0.835539055617004,-0.8720167176438003,up,0.22975903025254493
s__Clostridia_bacterium_UC5_1_1C12,0.10943823720290921,3290.0,0.08042146753392519,-0.08042146753392519,0.0,-0.9909633350809975,-0.9679368272455725,down,0.19095528192296476
s__Coriobacteriales_bacterium_DNF00809,0.08343413359946922,3245.0,0.25204432573313096,-0.25204432573313096,-0.06940619773272887,0.9501397603922412,0.9969671297374125,down,0.1858477904339497
s__GGB3012_SGB4003,0.08343413359946922,3245.0,0.25204432621783757,-0.25204432621783757,-0.14959468108891835,0.42859525741976046,0.47542262681772296,down,0.1858477904339497
s__Dialister_micraerophilus,0.08343413359946922,3245.0,0.252044327908627,-0.252044327908627,0.0,-0.45419015305028027,-0.4073627834681676,down,0.1858477904339497
s__Peptoniphilus_coxii,0.08343413359946922,3245.0,0.252044328399983,-0.252044328399983,0.0,-0.6115387759086252,-0.5647114062729971,down,0.1858477904339497
s__Megasphaera_cerevisiae,0.06687664307948006,3210.0,0.3016012445030327,-0.3016012445030327,0.0,-1.3552713546692532,-1.2255085142636297,down,0.1858477904339497
s__Anaerococcus_degeneri,0.08343413359946922,3245.0,0.25204433800081066,-0.25204433800081066,0.0,-1.9582672827265541,-1.9114399120452643,down,0.1858477904339497
s__Campylobacter_ureolyticus,0.08343413359946922,3245.0,0.25204433822845285,-0.25204433822845285,0.0,-1.975659019413612,-1.928831648707529,down,0.1858477904339497
s__Peptoniphilus_duerdenii,0.12429722531719543,3312.0,0.007371404591690466,-0.007371404591690466,0.0,-2.97864675126329,-2.9761499938657194,down,0.20639120668948266
s__GGB9559_SGB69175,0.09259873749621912,3262.0,0.2557077805833282,-0.2557077805833282,0.0,-0.11334873436013494,-0.06652136486872902,down,0.1858477904339497
s__Veillonella_seminalis,0.08343413359946922,3245.0,0.2518889595573251,-0.2518889595573251,-0.01056833455957929,6.369070878065144,6.415898247333547,down,0.1858477904339497
s__Pseudoxanthomonas_japonensis,0.08343413359946922,3245.0,0.25188895957042934,-0.25188895957042934,-0.014223044222556635,4.726494952646706,4.773322321916534,down,0.1858477904339497
s__Hydrogenophaga_borbori,0.08343413359946922,3245.0,0.2518889596040842,-0.2518889596040842,-0.01862305953688051,3.604269048463452,3.651096417736938,down,0.1858477904339497
s__Hoeflea_sp_108,0.08343413359946922,3245.0,0.25188895962522534,-0.25188895962522534,-0.020631540971654663,3.251124308951308,3.2979516782270926,down,0.1858477904339497
s__Hyphomicrobium_zavarzinii,0.08343413359946922,3245.0,0.2518889596896497,-0.2518889596896497,-0.025696436139973966,2.6057213089770817,2.6525486782598704,down,0.1858477904339497
s__Reyranella_massiliensis,0.08343413359946922,3245.0,0.25188895972872644,-0.25188895972872644,-0.028437685860169398,2.3523000491615385,2.399127418448576,down,0.1858477904339497
s__Roseicella_frigidaeris,0.08343413359946922,3245.0,0.2518889597330271,-0.2518889597330271,-0.028732424347437505,2.327931458258317,2.3747588275458216,down,0.1858477904339497
s__Bosea_sp_AS_1,0.08343413359946922,3245.0,0.25188895979914677,-0.25188895979914677,-0.033170971124693395,2.013324684182647,2.0601520534773394,down,0.1858477904339497
s__Blautia_sp_An249,0.1173588305101672,3302.0,0.056947054686424456,-0.056947054686424456,0.0,-0.7806066624251169,-0.7623970052881782,down,0.1991307152667761
s__Glutamicibacter_soli,0.08343413359946922,3245.0,0.2518889600508796,-0.2518889600508796,-0.05080610046832469,1.306438334389536,1.353265703711595,down,0.1858477904339497
s__Lactobacillus_iners,0.08343413359946922,3245.0,0.25188896022439244,-0.25188896022439244,-0.06558584168344055,1.0068276956561655,1.0536550649970875,down,0.1858477904339497
s__Pseudoxanthomonas_beigongshangi,0.08343413359946922,3245.0,0.251888960381826,-0.251888960381826,-0.08248562551984295,0.7958322824366071,0.842659651794644,down,0.1858477904339497
s__Aeromicrobium_tamlense,0.08343413359946922,3245.0,0.2518889608452494,-0.2518889608452494,-0.1805794420507181,0.35119038024717414,0.3980177496555911,down,0.1858477904339497
s__Nakamurella_multipartita,0.08343413359946922,3245.0,0.2518889610239335,-0.2518889610239335,-0.2766133734825422,0.2215652473100707,0.2683926167379128,down,0.1858477904339497
s__Stenotrophomonas_acidaminiphila,0.08343413359946922,3245.0,0.25188896119327414,-0.25188896119327414,-0.5020092087007564,0.1125158960959383,0.1593432655421899,down,0.1858477904339497
s__Roseicella_sp_DB1501,0.08343413359946922,3245.0,0.25188896151257717,-0.25188896151257717,0.0,-0.06546725066433966,-0.018639881183375798,down,0.1858477904339497
s__Afipia_clevelandensis,0.08343413359946922,3245.0,0.2518889618459203,-0.2518889618459203,0.0,-0.22265282538076953,-0.17582545586356704,down,0.1858477904339497
s__Deinococcus_radiopugnans,0.08343413359946922,3245.0,0.251888962092841,-0.251888962092841,0.0,-0.3249784308204919,-0.278151061276446,down,0.1858477904339497
s__Alicycliphilus_denitrificans,0.08343413359946922,3245.0,0.2518889630128131,-0.2518889630128131,0.0,-0.634215482531065,-0.5873881128870064,down,0.1858477904339497
s__Pedobacter_africanus,0.08343413359946922,3245.0,0.2518889653097619,-0.2518889653097619,0.0,-1.143513161440081,-1.0966857915463153,down,0.1858477904339497
s__Bosea_sp_WAO,0.08343413359946922,3245.0,0.25188897032533764,-0.25188897032533764,0.0,-1.770215110094629,-1.7233877396556065,down,0.1858477904339497
s__Ottowia_testudinis,0.08343413359946922,3245.0,0.2518889730181236,-0.2518889730181236,0.0,-1.9933585902730302,-1.9465312195412678,down,0.1858477904339497
s__Deinococcus_cavernae,0.08343413359946922,3245.0,0.2518889746337918,-0.2518889746337918,0.0,-2.10668723289855,-2.0598598619911446,down,0.1858477904339497
s__Planctomyces_sp_SH_PL14,0.08343413359946922,3245.0,0.2518889831160587,-0.2518889831160587,0.0,-2.5529741114492146,-2.50614673961968,down,0.1858477904339497
s__Sphingomonas_sp_G_3_2_10,0.08343413359946922,3245.0,0.2518890223858149,-0.2518890223858149,0.0,-3.5338023270645866,-3.4869749509659322,down,0.1858477904339497
s__Porphyromonas_SGB1984,0.08395208272511935,3246.0,0.2522292312259857,-0.2522292312259857,-0.04575488847292496,1.4532214528877885,1.500048822202476,down,0.1858477904339497
s__Levyella_massiliensis,0.08395208272511935,3246.0,0.2522292324068182,-0.2522292324068182,-0.4509414589124533,0.12761866363265742,0.17444603307623813,down,0.1858477904339497
s__Gordonibacter_sp_28C,0.1001386628758888,3275.0,0.19147845734019436,-0.19147845734019436,-0.057461332002357535,1.4686910195371268,1.5283683087576654,down,0.1858477904339497
s__Abiotrophia_sp_HMSC24B09,0.07360779539964395,3225.0,0.3139961115387931,-0.3139961115387931,-0.0713781032504606,1.25784577980601,1.321643569153809,down,0.1858477904339497
s__Blautia_pseudococcoides,0.08765100802169243,3253.0,0.25394464555280477,-0.25394464555280477,0.0,-0.14941366728787037,-0.10258629778826261,down,0.1858477904339497
s__Oribacterium_SGB96486,0.08765100802169243,3253.0,0.25394464601996775,-0.25394464601996775,0.0,-0.3522838796543141,-0.30545651010262853,down,0.1858477904339497
s__Granulicatella_SGB8239,0.10689402845543006,3286.0,0.15743473809769704,-0.15743473809769704,0.0,-1.540216169590412,-1.5059749188795963,down,0.18966783379020144
s__Lapidilactobacillus_dextrinicus,0.08552156400182814,3249.0,0.011759580875299288,-0.011759580875299288,-0.0017459979086526683,4.185239828815286,4.19030801260173,down,0.1858477904339497
s__Bifidobacterium_pullorum,0.07085166548535729,3219.0,0.025787134563304764,0.025787134563304764,0.0,-1.4187414277401824,-1.4390921385048527,up,0.1858477904339497
s__GGB3609_SGB4877,0.0779058088418575,3234.0,0.02623880998660754,-0.02623880998660754,-0.011475666892077463,1.284684544392635,1.2949440940678607,down,0.1858477904339497
s__Lactobacillus_equicursoris,0.07741838296627643,3233.0,0.24955847071573428,-0.24955847071573428,-0.014169089413331601,4.7445819491576575,4.791409318427453,down,0.1858477904339497
s__Lentilactobacillus_buchneri,0.07741838296627643,3233.0,0.24955847072109283,-0.24955847072109283,-0.015062016312863755,4.461923846205827,4.50875121547619,down,0.1858477904339497
s__GGB9580_SGB14996,0.06267719746833793,3200.0,0.06856177929232139,-0.06856177929232139,-0.05483158356799608,0.690704798698218,0.7174612083920573,down,0.1858477904339497
s__GGB3451_SGB4605,0.07741838296627643,3233.0,0.2495584707225317,-0.2495584707225317,-0.015281060871925699,4.397630482545413,4.444457851815928,down,0.1858477904339497
s__Gemmiger_sp_An50,0.07741838296627643,3233.0,0.24955847084085717,-0.24955847084085717,-0.025862192029340394,2.588871558095972,2.635698927379011,down,0.1858477904339497
s__Enterococcus_durans,0.11072817171986546,3292.0,0.1959474985750972,-0.1959474985750972,-0.04214306367709363,1.3104603969588118,1.3493053025477806,down,0.1926411174658478
s__GGB3583_SGB4799,0.07741838296627643,3233.0,0.24955847113128046,-0.24955847113128046,-0.04515199922815022,1.4729348480266347,1.519762217340412,down,0.1858477904339497
s__Enterococcus_pseudoavium,0.07741838296627643,3233.0,0.24955847119642882,-0.24955847119642882,-0.04983129954733881,1.3324476025277803,1.3792749718484527,down,0.1858477904339497
s__GGB42689_SGB59892,0.01524795453526147,3005.0,0.12091049884982669,-0.12091049884982669,0.0,-4.539252820349267,-4.444465381251194,down,0.1858477904339497
s__Flavonifractor_sp_An112,0.07988055893920333,3238.0,0.00827771612067306,-0.00827771612067306,-0.005545117358792529,0.965588347028311,0.9693068069915232,down,0.1858477904339497
s__GGB3446_SGB4597,0.1308116681410012,3321.0,0.050641005562256924,-0.050641005562256924,0.0,-2.0980915451143063,-2.0783498821670117,down,0.21169431335601735
s__Anaerofilum_sp_An201,0.07741838296627643,3233.0,0.2495584719208788,-0.2495584719208788,-0.1480384895007461,0.4333383491664082,0.4801657185637561,down,0.1858477904339497
s__Cellulosilyticum_lentocellum,0.07741838296627643,3233.0,0.24955847289948835,-0.24955847289948835,0.0,-0.1550794045038567,-0.1082520350029333,down,0.1858477904339497
s__Anaerostipes_butyraticus,0.07741838296627643,3233.0,0.2495584729057567,-0.2495584729057567,0.0,-0.1579243564748763,-0.11109698697328943,down,0.1858477904339497
s__Roseburia_porci,0.07741838296627643,3233.0,0.24955847405194148,-0.24955847405194148,0.0,-0.5762928399402326,-0.5294654703173342,down,0.1858477904339497
s__GGB3538_SGB4728,0.07741838296627643,3233.0,0.24955847412611276,-0.24955847412611276,0.0,-0.5981755492821021,-0.5513481796513535,down,0.1858477904339497
s__Bacillus_sp_AP8,0.07741838296627643,3233.0,0.2495584742195703,-0.2495584742195703,0.0,-0.6250829997984024,-0.5782556301577623,down,0.1858477904339497
s__Klebsiella_spallanzanii,0.07407556421073022,3226.0,0.3023976476523779,-0.3023976476523779,0.0,-1.2146894286914656,-1.1001602123287857,down,0.1858477904339497
s__Candidatus_Saccharibacteria_unclassified_SGB19905,0.08552156400182814,3249.0,0.20303015928197538,-0.20303015928197538,0.0,-1.523771921175535,-1.483246672967995,down,0.1858477904339497
s__Candidatus_Kuenenia_stuttgartiensis,0.06950566673369535,3216.0,0.04966289084106314,-0.04966289084106314,0.0,-2.2637153973913207,-2.2448838793049752,down,0.1858477904339497
s__Clostridium_butyricum,0.08240600034393473,3243.0,0.024370110068894675,0.024370110068894675,0.0,-2.346358985108827,-2.3609648142345923,up,0.1858477904339497
s__Enterococcus_pallens,0.07741838296627643,3233.0,0.24955849835821348,-0.24955849835821348,0.0,-2.6865054151540084,-2.6396780429585465,down,0.1858477904339497
s__Agathobaculum_sp_Marseille_P7918,0.09148029603150189,3260.0,0.25524422819809905,-0.25524422819809905,-0.013844869326105099,4.85623741923346,4.903064788503072,down,0.1858477904339497
s__Olsenella_SGB74421,0.10377993362804876,3281.0,0.18079251470241411,-0.18079251470241411,-0.016304959246829294,3.2870000111969437,3.3243595353930426,down,0.18674111040934174
s__Cronobacter_sakazakii,0.09148029603150189,3260.0,0.2552442583158131,-0.2552442583158131,0.0,-2.8406559764216395,-2.793828603738279,down,0.1858477904339497
s__GGB4669_SGB6458,0.06226951814755305,3199.0,0.02193433432503881,0.02193433432503881,0.0,-1.74070842502248,-1.7561880156905687,up,0.1858477904339497
s__Streptococcus_pneumoniae,0.08658099968360784,3251.0,0.25361282789282624,-0.25361282789282624,0.0,-0.45419015305028027,-0.4073627834681676,down,0.1858477904339497
s__Collinsella_SGB14754,0.07360779539964395,3225.0,0.024934691738015446,0.024934691738015446,0.025433362049378114,0.7530087140407506,0.7398502027329695,up,0.1858477904339497
s__Ellagibacter_isourolithinifaciens,0.10134092890181201,3277.0,0.2603053308225183,-0.2603053308225183,-0.018362198954426055,3.655803907463243,3.7026312767364584,down,0.1858477904339497
s__Weissella_paramesenteroides,0.10134092890181201,3277.0,0.2603053310030629,-0.2603053310030629,-0.03347275430392504,1.9949635127364227,2.0417908820316084,down,0.1858477904339497
s__Lactococcus_raffinolactis,0.0363265371194196,3120.0,0.3835417924427054,-0.3835417924427054,0.0,-0.9616220037541346,-0.8792714024588,down,0.1858477904339497
s__Bifidobacterium_mongoliense,0.10134092890181201,3277.0,0.26030534054217985,-0.26030534054217985,0.0,-1.7846038434229134,-1.7377764729669212,down,0.1858477904339497
s__Lactiplantibacillus_pentosus,0.10134092890181201,3277.0,0.26030536445908975,-0.26030536445908975,0.0,-3.02297736723214,-2.9761499938657194,down,0.1858477904339497
s__Coprococcus_SGB106014,0.11533769722762999,3299.0,0.09401410433246649,-0.09401410433246649,-0.035524195863805244,1.0193157508515724,1.044726434412228,down,0.1972009478460915
s__Lachnoclostridium_edouardi,0.08189579889575963,3242.0,0.2511561052475246,-0.2511561052475246,-0.024155915573473408,2.7733832958421494,2.8202106651226644,down,0.1858477904339497
s__Bulleidia_extructa,0.08189579889575963,3242.0,0.25115612131283327,-0.25115612131283327,0.0,-2.1685626111893725,-2.1217352401773266,down,0.1858477904339497
s__GGB4269_SGB5815,0.10194635819891387,3278.0,0.2639735604381224,-0.2639735604381224,-0.010389854862889925,6.478881708250306,6.525709077518673,down,0.1858477904339497
s__GGB9303_SGB14264,0.1438355392821305,3338.0,0.008903077302626291,0.008903077302626291,0.04009664990177474,0.15259690897534506,0.1484141954877828,up,0.21925400309018184
s__GGB4558_SGB6289,0.35763933042016416,3525.0,0.012093133143900408,0.012093133143900408,0.0009745483142797679,4.352431011804849,4.3494919138820745,up,0.431925713667113
s__GGB4745_SGB6571,0.1438355392821305,3338.0,0.04504595394368529,-0.04504595394368529,-0.023425900125836122,0.8837038075930358,0.8981701651473466,down,0.21925400309018184
s__GGB1219_SGB1586,0.18501009657574352,3385.0,0.023579623031965632,-0.023579623031965632,-0.0035660957886073466,2.7931943326250415,2.8001071722133255,down,0.2594210702181478
s__GGB4548_SGB6270,0.10194635819891387,3278.0,0.2639735604703366,-0.2639735604703366,-0.017671517760018785,3.7996002195257095,3.846427588798233,down,0.1858477904339497
s__Marseilla_massiliensis,0.14463155514395457,3339.0,0.1362441391764411,-0.1362441391764411,-0.014181063661825227,3.020601753406873,3.0504393576318463,down,0.2193435224570594
s__GGB9211_SGB14151,0.10194635819891387,3278.0,0.26397356052474463,-0.26397356052474463,-0.023474070622510588,2.8546173556052192,2.901444724884763,down,0.1858477904339497
s__GGB1102_SGB1416,0.10194635819891387,3278.0,0.26397356053891685,-0.26397356053891685,-0.02474507831659765,2.70679669503167,2.7536240643130423,down,0.1858477904339497
s__GGB1221_SGB1590,0.13758786898308065,3330.0,0.07819342421904352,-0.07819342421904352,-0.014153559360308316,2.212613790199546,2.2344274638333257,down,0.2165734974733677
s__GGB3254_SGB4301,0.10194635819891387,3278.0,0.26397356062944033,-0.26397356062944033,-0.032167002677865,2.076888070763488,2.1237154400565394,down,0.1858477904339497
s__GGB4598_SGB6360,0.10194635819891387,3278.0,0.26397356085537055,-0.26397356085537055,-0.05090712483619395,1.3037998104660213,1.350627179788223,down,0.1858477904339497
s__GGB6566_SGB9275,0.10194635819891387,3278.0,0.263973561062899,-0.263973561062899,-0.07302127976125426,0.9019608872238317,0.948788256572809,down,0.1858477904339497
s__GGB9262_SGB14210,0.10194635819891387,3278.0,0.2639735612919518,-0.2639735612919518,-0.11007267691204714,0.5906386333238173,0.6374660027023473,down,0.1858477904339497
s__GGB4723_SGB6541,0.10194635819891387,3278.0,0.26397356188952614,-0.26397356188952614,-0.8195624040253573,0.06122260398733876,0.10804997344296875,down,0.1858477904339497
s__Flavonifractor_sp_An10,0.10194635819891387,3278.0,0.2639735625966334,-0.2639735625966334,0.0,-0.33513080160018255,-0.28830343205332043,down,0.1858477904339497
s__Campylobacter_hominis,0.13835718820958753,3331.0,0.11041660880110037,-0.11041660880110037,0.0,-2.1065777983911738,-2.080062561145402,down,0.21708629760214226
s__GGB34797_SGB14322,0.09372813188527303,3264.0,0.25615635451623814,-0.25615635451623814,-0.016986804888358575,3.953696452243029,4.000523821514916,down,0.1858477904339497
s__GGB9580_SGB14998,0.12788438968628238,3317.0,0.15071434625871166,-0.15071434625871166,-0.01934994802618011,2.436820261303421,2.469723941354496,down,0.20885053576396526
s__GGB3677_SGB4990,0.18985791383488193,3390.0,0.0038988860928291574,-0.0038988860928291574,0.0,-1.4846098805717207,-1.483246672967995,down,0.264969801560019
s__GGB9210_SGB14150,0.1001386628758888,3275.0,0.25919538625149796,-0.25919538625149796,-0.05068075363524869,1.3097267292860457,1.3565540986079276,down,0.1858477904339497
s__Actinomyces_haliotis,0.1001386628758888,3275.0,0.2591953863064965,-0.2591953863064965,-0.055484941969629734,1.1943210378255869,1.241148407154052,down,0.1858477904339497
s__Actinomyces_radicidentis,0.1001386628758888,3275.0,0.25919539922875295,-0.25919539922875295,0.0,-2.086884613413361,-2.040057242538099,down,0.1858477904339497
s__Drancourtella_SGB106018,0.07267950407139409,3223.0,0.07358645134327538,-0.07358645134327538,-0.020851462636352996,1.8990564839347497,1.9267031078883574,down,0.1858477904339497
s__Uruburuella_suis,0.0849957892676986,3248.0,0.253005832835705,-0.253005832835705,-0.049252918841700306,1.3483664357761986,1.3951938050960404,down,0.1858477904339497
s__GGB3033_SGB4029,0.0849957892676986,3248.0,0.25300583589135855,-0.25300583589135855,0.0,-0.666852408812951,-0.6200250391564188,down,0.1858477904339497
s__Soonwooa_buanensis,0.0849957892676986,3248.0,0.25300584363695533,-0.25300584363695533,0.0,-1.8290555928725172,-1.782228222362528,down,0.1858477904339497
s__Desulfovibrio_sp_86,0.0849957892676986,3248.0,0.25300584497421247,-0.25300584497421247,0.0,-1.9411728551878342,-1.8943454845304981,down,0.1858477904339497
s__GGB3267_SGB4317,0.12500830700491303,3313.0,0.19915634314806846,-0.19915634314806846,-0.011446289805561137,4.69515217145731,4.7325515037287476,down,0.2069942745860573
s__Bacteroidales_bacterium_KA00251,0.08604996458824507,3250.0,0.253588556265078,-0.253588556265078,0.0,-1.0987295654720577,-1.051902195605695,down,0.1858477904339497
s__Prevotella_amnii,0.08604996458824507,3250.0,0.25358856981168476,-0.25358856981168476,0.0,-2.3551484798389675,-2.3083211084691833,down,0.1858477904339497
s__GGB3433_SGB4574,0.051715506934812985,3171.0,0.0902021883073928,-0.0902021883073928,0.0,-0.1317195571097902,-0.10009465122614788,down,0.1858477904339497
s__Leminorella_grimontii,0.07085166548535729,3219.0,0.2457348170844581,-0.2457348170844581,-0.01566924797102707,4.288106412491953,4.334933781762753,down,0.1858477904339497
s__Clostridium_neonatale,0.10377993362804876,3281.0,0.11570591321203522,-0.11570591321203522,0.0,-1.3874093903972053,-1.331873566533237,down,0.18674111040934174
s__Phytobacter_massiliensis,0.07085166548535729,3219.0,0.24573481856476598,-0.24573481856476598,-0.2359416009254155,0.2635561474387009,0.31038351685997273,down,0.1858477904339497
s__Candida_glabrata,0.07085166548535729,3219.0,0.24573482089740512,-0.24573482089740512,0.0,-0.6716030111220334,-0.6247756414636514,down,0.1858477904339497
s__GGB41473_SGB58537,0.04390171054778827,3147.0,0.34884473882732353,-0.34884473882732353,-0.5572777338172734,0.13470325982107265,0.19821449921980194,down,0.1858477904339497
s__GGB9530_SGB14930,0.04390171054778827,3147.0,0.34884473807031263,-0.34884473807031263,0.0,-0.3824850290940605,-0.3189737899226224,down,0.1858477904339497
s__GGB85099_SGB118991,0.04390171054778827,3147.0,0.348844735970095,-0.348844735970095,0.0,-1.1340428923564752,-1.0705316538156238,down,0.1858477904339497
s__GGB4715_SGB6529,0.10255466306859409,3279.0,0.2623267813098429,-0.2623267813098429,-0.012684700945330777,5.302533606399867,5.349360975668921,down,0.1858477904339497
s__GGB9261_SGB14209,0.1438355392821305,3338.0,0.060227044551738794,-0.060227044551738794,-0.015597739400874833,1.6550454372460737,1.673036087109024,down,0.21925400309018184
s__Mogibacterium_kristiansenii,0.10255466306859409,3279.0,0.2623267813270421,-0.2623267813270421,-0.016198283791689323,4.1472950154030475,4.1941223846742615,down,0.1858477904339497
s__GGB9710_SGB15239,0.10689402845543006,3286.0,0.1166739329104757,-0.1166739329104757,0.0,-2.961455594460207,-2.876330933862729,down,0.18966783379020144
s__GGB9088_SGB14017,0.13758786898308065,3330.0,0.13457547307053797,-0.13457547307053797,-0.019434709754137927,2.179439557420341,2.208997680176283,down,0.2165734974733677
s__GGB9634_SGB15101,0.10255466306859409,3279.0,0.2623267813571634,-0.2623267813571634,-0.019973974722260528,3.358922254748074,3.4057496240230707,down,0.1858477904339497
s__Alistipes_sp_An66,0.10255466306859409,3279.0,0.2623267813835506,-0.2623267813835506,-0.022581576421131604,2.9683611786516138,3.0151885479299243,down,0.1858477904339497
s__GGB9636_SGB15109,0.14543094237937731,3340.0,0.03136503474227692,-0.03136503474227692,-0.0058677922373497424,2.6729600185915556,2.6838537369275866,down,0.21953504602512883
s__GGB9673_SGB15172,0.10255466306859409,3279.0,0.26232678141655835,-0.26232678141655835,-0.02547442431800236,2.6286332426914694,2.6754606119739246,down,0.1858477904339497
s__GGB9172_SGB14110,0.10255466306859409,3279.0,0.26232678150446403,-0.26232678150446403,-0.03243777716553405,2.059357251308132,2.106184620601626,down,0.1858477904339497
s__GGB4713_SGB6526,0.10255466306859409,3279.0,0.2623267815387802,-0.2623267815387802,-0.035074023460010734,1.902825002673429,1.9496523719712322,down,0.1858477904339497
s__GGB9606_SGB15038,0.10255466306859409,3279.0,0.2623267815533793,-0.2623267815533793,-0.03619806409524633,1.8430164488092937,1.8898438181089303,down,0.1858477904339497
s__GGB9696_SGB15212,0.10255466306859409,3279.0,0.26232678161895406,-0.26232678161895406,-0.04133058760892895,1.6112650800141606,1.6580924493220317,down,0.1858477904339497
s__GGB9263_SGB14211,0.10255466306859409,3279.0,0.2623267816670019,-0.2623267816670019,-0.045236434230886934,1.470142330186026,1.5169696994999307,down,0.1858477904339497
s__GGB9747_SGB15355,0.10255466306859409,3279.0,0.2623267823719916,-0.2623267823719916,-0.16172760886881304,0.39474835313259643,0.441575722535031,down,0.1858477904339497
s__GGB35597_SGB49163,0.10255466306859409,3279.0,0.2623267844250531,-0.2623267844250531,0.0,-0.676376289420874,-0.6295489197606242,down,0.1858477904339497
s__GGB34228_SGB53814,0.1998331084571342,3400.0,0.010246919461367437,-0.010246919461367437,0.0,-0.7176386682805479,-0.7143877912247678,down,0.2741753255926092
s__GGB9539_SGB14942,0.2028990217870278,3403.0,0.011304933215864649,-0.011304933215864649,0.0,-0.7388782988584361,-0.7354411982062883,down,0.2775285470420265
s__GGB9708_SGB15235,0.14543094237937731,3340.0,0.14382299527688094,-0.14382299527688094,0.0,-0.8208723073133678,-0.7900996047675812,down,0.21953504602512883
s__GGB9543_SGB14949,0.10255466306859409,3279.0,0.26232678734573717,-0.26232678734573717,0.0,-1.3365792251368402,-1.2897518551098228,down,0.1858477904339497
s__GGB9297_SGB14255,0.10255466306859409,3279.0,0.2623267884747987,-0.2623267884747987,0.0,-1.5078509112909655,-1.461023541122165,down,0.1858477904339497
s__Eubacterium_nodatum,0.1391298176228856,3332.0,0.10391697322468378,-0.10391697322468378,0.0,-3.800389928251858,-3.7746564678632377,down,0.21708629760214226
s__GGB33516_SGB54324,0.10255466306859409,3279.0,0.2623267936176002,-0.2623267936176002,0.0,-2.0484183473232824,-2.0015909765086697,down,0.1858477904339497
s__Barnesiella_sp_An22,0.1001386628758888,3275.0,0.25947181891100435,-0.25947181891100435,-0.027668321990195786,2.4183565145656125,2.4651838838514357,down,0.1858477904339497
s__GGB6574_SGB9289,0.1001386628758888,3275.0,0.2594718192886486,-0.2594718192886486,-0.057587628686736024,1.149869275921934,1.196696645253145,down,0.1858477904339497
s__Collinsella_SGB62963,0.03737312655644321,3124.0,0.3534112278996202,-0.3534112278996202,-0.0178636841720202,5.097562632354043,5.161073872086006,down,0.1858477904339497
s__Peptacetobacter_SGB6132,0.09776826163953689,3271.0,0.25846524597362996,-0.25846524597362996,-0.015577606491943742,4.313470150724917,4.360297519995649,down,0.1858477904339497
s__Leclercia_sp_Colony189,0.08291877569214715,3244.0,0.08369430790991289,-0.08369430790991289,0.0,-0.6574930143038508,-0.6281620421029369,down,0.1858477904339497
s__Fusobacterium_perfoetens,0.09776826163953689,3271.0,0.2584652461242703,-0.2584652461242703,-0.029402627504814875,2.274338508065664,2.3211658773542387,down,0.1858477904339497
s__GGB1350_SGB1808,0.09776826163953689,3271.0,0.25846524706727175,-0.25846524706727175,-0.15566213160782608,0.4110088734777232,0.4578362428779905,down,0.1858477904339497
s__Leuconostoc_suionicum,0.09776826163953689,3271.0,0.2584652476267149,-0.2584652476267149,-3.444327698070366,0.004737004501441207,0.05156437396797104,down,0.1858477904339497
s__GGB4250_SGB5750,0.13758786898308065,3330.0,0.15863954977077022,-0.15863954977077022,0.0,-3.0094637785608644,-2.9761499938657194,down,0.2165734974733677
s__GGB4243_SGB5738,0.056413154203665106,3184.0,0.34295285443510726,-0.34295285443510726,-0.012991121821328395,7.021366581833328,7.0848778215672965,down,0.1858477904339497
s__GGB1552_SGB2138,0.056413154203665106,3184.0,0.34295285429275146,-0.34295285429275146,-0.0445868839631914,2.02343719289959,2.0869484325831404,down,0.1858477904339497
s__GGB12785_SGB19824,0.056413154203665106,3184.0,0.3429528533815454,-0.3429528533815454,-1.7194328046582017,0.027697045029081838,0.09120828438991017,down,0.1858477904339497
s__Caulobacter_sp_CCUG_60055,0.056413154203665106,3184.0,0.3429528490363857,-0.3429528490363857,0.0,-1.6055513221937332,-1.5420400843718334,down,0.1858477904339497
s__Raoultibacter_sp_Marseille_P8396,0.056413154203665106,3184.0,0.34295283495025525,-0.34295283495025525,0.0,-2.8888970854601688,-2.825385852627164,down,0.1858477904339497
s__Bacteroides_togonis,0.10194635819891387,3278.0,0.26348561950912597,-0.26348561950912597,-0.010979687423761856,6.1295792826189155,6.176406651887412,down,0.1858477904339497
s__Cloacibacillus_SGB15503,0.14225359139464658,3336.0,0.001206887901893231,-0.001206887901893231,0.0,-1.5656831548606078,-1.565163776252548,down,0.21925400309018184
s__Methanobrevibacter_woesei,0.10194635819891387,3278.0,0.26348561961276995,-0.26348561961276995,-0.025007631079881198,2.6781338862955884,2.724961255577348,down,0.1858477904339497
s__GGB42184_SGB59334,0.14304288722884304,3337.0,0.03898868840569344,-0.03898868840569344,-0.009853418029763078,1.9178305672231042,1.9309739312550864,down,0.21925400309018184
s__GGB9620_SGB15068,0.14463155514395457,3339.0,0.07506869020389605,-0.07506869020389605,0.0,-0.46707840213552315,-0.446430248606155,down,0.2193435224570594
s__Fructilactobacillus_sanfranciscensis,0.055668118342977226,3182.0,0.3435139616068026,-0.3435139616068026,-0.014043009265731201,6.493061983728573,6.556573223462304,down,0.1858477904339497
s__Parabacteroides_sp_AGMB00274,0.055668118342977226,3182.0,0.3435139614267025,-0.3435139614267025,-0.04995978052418531,1.8024499351817982,1.8659611748527944,down,0.1858477904339497
s__Corynebacterium_pyruviciproducens,0.0704006440104662,3218.0,0.33174279066039697,-0.33174279066039697,-0.16259086887719545,0.5323862136129754,0.5958974531218176,down,0.1858477904339497
s__Corynebacterium_glucuronolyticum,0.0704006440104662,3218.0,0.33174279046341876,-0.33174279046341876,-0.48826100056258886,0.15769277708478735,0.2212040164911435,down,0.1858477904339497
s__Dellaglioa_algida,0.0704006440104662,3218.0,0.3317427898434242,-0.3317427898434242,0.0,-0.5272238636937459,-0.4637126246099682,down,0.1858477904339497
s__Leuconostoc_gelidum,0.0704006440104662,3218.0,0.3317427897730588,-0.3317427897730588,0.0,-0.581974373852281,-0.5184631348051136,down,0.1858477904339497
s__Enterococcus_sp_CU9D,0.0779058088418575,3234.0,0.24981449630857533,-0.24981449630857533,-0.00981253077012431,6.861443590485301,6.908270959753573,down,0.1858477904339497
s__Lacticaseibacillus_suilingensis,0.0759709949555041,3230.0,0.20286184507994864,-0.20286184507994864,-0.018422576737363458,3.779631667389032,3.828205362118609,down,0.1858477904339497
s__GGB3600_SGB4859,0.04899073871113987,3163.0,0.15079469365568007,-0.15079469365568007,-0.02259925062254982,2.6421120771668494,2.6838255839885314,down,0.1858477904339497
s__Enterococcus_diestrammenae,0.07130505363328708,3220.0,0.056285557881726664,-0.056285557881726664,0.0,-0.33536172888150945,-0.31190662319501655,down,0.1858477904339497
s__Enterococcus_cecorum,0.0779058088418575,3234.0,0.24981449638576567,-0.24981449638576567,-0.02117741407769438,3.166722101624763,3.2135494709012273,down,0.1858477904339497
s__Lactobacillus_panisapium,0.0779058088418575,3234.0,0.24981449654538854,-0.24981449654538854,-0.03238479514466497,2.062764409608726,2.109591778902134,down,0.1858477904339497
s__GGB3400_SGB4510,0.075493466688342,3229.0,0.3125457325698753,-0.3125457325698753,-0.05148570844646346,2.025273800928513,2.098855246540922,down,0.1858477904339497
s__Clostridium_SGB29100,0.0779058088418575,3234.0,0.2498144971126934,-0.2498144971126934,-0.07771132391010278,0.8461371620748535,0.8929645314284763,down,0.1858477904339497
s__GGB48159_SGB105302,0.075493466688342,3229.0,0.3096384647389829,-0.3096384647389829,-0.25879966542481764,0.49154773347580627,0.5881284116688439,down,0.1858477904339497
s__Lachnoclostridium_phytofermentans,0.0779058088418575,3234.0,0.24981449812362894,-0.24981449812362894,-1.264786697999684,0.033378579103102615,0.08020594856402868,down,0.1858477904339497
s__Berryella_intestinalis,0.0779058088418575,3234.0,0.24981449875038853,-0.24981449875038853,0.0,-0.2629683600686131,-0.21614099054116126,down,0.1858477904339497
s__Limosilactobacillus_ingluviei,0.0779058088418575,3234.0,0.24981451385743858,-0.24981451385743858,0.0,-2.2345205500865504,-2.1876931789555987,down,0.1858477904339497
s__Oscillospiraceae_unclassified_SGB4197,0.19881869438129618,3399.0,0.06067638485992559,0.06067638485992559,0.05490539544064346,0.7836121427085833,0.7543501589203511,up,0.2738359332334982
s__GGB6608_SGB9342,0.09659998934960741,3269.0,0.2692912248731656,-0.2692912248731656,-0.013939693298211106,4.823044380916081,4.869871750185747,down,0.1858477904339497
s__GGB4641_SGB6420,0.09659998934960741,3269.0,0.26929122487658286,-0.26929122487658286,-0.014746715792266732,4.557823425209859,4.604650794480011,down,0.1858477904339497
s__Faecalicatena_SGB4872,0.08189579889575963,3242.0,0.2509300880412973,-0.2509300880412973,-0.023299328216278406,3.0828462296112673,3.1330379799681896,down,0.1858477904339497
s__Prevotella_oris,0.19083860709461598,3391.0,0.0771959409004474,0.0771959409004474,0.0,-1.440749214614181,-1.483246672967995,up,0.2657152212666845
s__GGB4754_SGB6584,0.09659998934960741,3269.0,0.26929122499042524,-0.26929122499042524,-0.028001123989665377,2.3893371119111815,2.436164481197527,down,0.1858477904339497
s__GGB4710_SGB6522,0.09659998934960741,3269.0,0.26929122501869335,-0.26929122501869335,-0.030514806782401007,2.190597780379537,2.2374251496699036,down,0.1858477904339497
s__GGB9060_SGB13977,0.19083860709461598,3391.0,0.03228032683533958,0.03228032683533958,0.0,-1.4053878600464267,-1.4180061652923766,up,0.2657152212666845
s__GGB4609_SGB6383,0.09659998934960741,3269.0,0.2692912254902836,-0.2692912254902836,-0.08182957357291654,0.8023968572900563,0.8492242266475045,down,0.1858477904339497
s__GGB9260_SGB14208,0.09659998934960741,3269.0,0.26929122551522033,-0.26929122551522033,-0.08587873888898172,0.7634814419023218,0.8103088112633172,down,0.1858477904339497
s__GGB6020_SGB8653,0.09659998934960741,3269.0,0.26929122598515876,-0.26929122598515876,-0.2766133734825422,0.2215652473100707,0.2683926167379128,down,0.1858477904339497
s__GGB4774_SGB6609,0.14703986110758432,3342.0,0.034735909500339994,-0.034735909500339994,0.0,-4.037455391219132,-4.025970261225122,down,0.22000515681226993
s__GGB532_SGB711,0.1001386628758888,3275.0,0.26714809430967185,-0.26714809430967185,-0.010832105631320066,6.213409800421423,6.260237169689884,down,0.1858477904339497
s__Prevotella_salivae,0.1001386628758888,3275.0,0.26714809433078696,-0.26714809433078696,-0.016354727331494876,4.107400332713312,4.154227701984656,down,0.1858477904339497
s__GGB3637_SGB4930,0.1001386628758888,3275.0,0.26714809434776726,-0.26714809434776726,-0.018786372780795056,3.5727338438447536,3.6195612131184145,down,0.1858477904339497
s__GGB6611_SGB9345,0.1001386628758888,3275.0,0.2671480943927233,-0.2671480943927233,-0.023653306871453596,2.8328096378553322,2.879637007135129,down,0.1858477904339497
s__GGB9299_SGB14259,0.19182302411522645,3392.0,0.13559351980662068,-0.13559351980662068,-0.0191523599017508,2.030736669972685,2.057875259534148,down,0.26687770697247015
s__GGB6521_SGB9212,0.1001386628758888,3275.0,0.26714809443194015,-0.26714809443194015,-0.027236850489307674,2.457035368966977,2.5038627382521264,down,0.1858477904339497
s__GGB4745_SGB6570,0.1001386628758888,3275.0,0.26714809443468657,-0.26714809443468657,-0.027477310084512478,2.4353297439669928,2.482157113252517,down,0.1858477904339497
s__Prevotella_histicola,0.1001386628758888,3275.0,0.26714809454764255,-0.26714809454764255,-0.03700073735024406,1.802531454825869,1.8493588241268104,down,0.1858477904339497
s__GGB6132_SGB8779,0.1001386628758888,3275.0,0.2671480947883412,-0.2671480947883412,-0.05962521046625822,1.1097853249655245,1.1566126942993178,down,0.1858477904339497
s__GGB6038_SGB8672,0.1001386628758888,3275.0,0.26714809498687186,-0.26714809498687186,-0.08575517684587293,0.7646145864739154,0.8114419558348055,down,0.1858477904339497
s__GGB6529_SGB9222,0.1001386628758888,3275.0,0.2671480950191457,-0.2671480950191457,-0.09111878164806332,0.7182563449421417,0.7650837143074368,down,0.1858477904339497
s__GGB52930_SGB73859,0.1001386628758888,3275.0,0.26714809529775485,-0.26714809529775485,-0.16431830098815448,0.38816938225008224,0.43499675165340357,down,0.1858477904339497
s__Puniceicoccaceae_bacterium_Marseille_Q1082,0.1001386628758888,3275.0,0.26714809552737984,-0.26714809552737984,-0.3339819463346863,0.17976812028884104,0.22659548972350307,down,0.1858477904339497
s__GGB9768_SGB15386,0.2715494739920127,3463.0,0.09606759224933038,-0.09606759224933038,0.0,-0.304180186465789,-0.2849078432827829,down,0.348716410845858
s__GGB9224_SGB14165,0.1001386628758888,3275.0,0.2671480961545982,-0.2671480961545982,0.0,-0.23488539307128234,-0.18805802355101353,down,0.1858477904339497
s__GGB6512_SGB9198,0.1001386628758888,3275.0,0.26714809672832673,-0.26714809672832673,0.0,-0.5052818102076454,-0.4584544406090705,down,0.1858477904339497
s__Prevotella_melaninogenica,0.1001386628758888,3275.0,0.267148096987782,-0.267148096987782,0.0,-0.6070644959124476,-0.5602371262784606,down,0.1858477904339497
s__GGB9474_SGB14868,0.1001386628758888,3275.0,0.26714810765234265,-0.26714810765234265,0.0,-2.2120477042941,-2.165220333204546,down,0.1858477904339497
s__GGB9525_SGB14925,0.1001386628758888,3275.0,0.2671481114653778,-0.2671481114653778,0.0,-2.46336200611137,-2.4165346345013883,down,0.1858477904339497
s__Proteus_penneri,0.10134092890181201,3277.0,0.260718497557822,-0.260718497557822,-0.03015632082555321,2.216915088556135,2.263742457845921,down,0.1858477904339497
s__Odoribacter_laneus,0.10134092890181201,3277.0,0.26071849799734576,-0.26071849799734576,-0.0679753577469127,0.9706246476449208,1.0174520169885288,down,0.1858477904339497
s__Kluyvera_intermedia,0.13304103191180877,3324.0,0.07758241508941134,-0.07758241508941134,-0.05750262596642124,0.5385520395387593,0.5604510539152197,down,0.21336769268874992
s__GGB3321_SGB4396,0.10134092890181201,3277.0,0.26071849898947164,-0.26071849898947164,-2.295880155790914,0.011974671453875858,0.058802040918974466,down,0.1858477904339497
s__Lactococcus_carnosus,0.10134092890181201,3277.0,0.2607184993725799,-0.2607184993725799,0.0,-0.20159941744421067,-0.15477204793219856,down,0.1858477904339497
s__GGB1239_SGB1657,0.09429695798259378,3265.0,0.256850027253557,-0.256850027253557,-0.008541433092819607,7.886009713332016,7.932837082600152,down,0.1858477904339497
s__GGB1146_SGB1472,0.09429695798259378,3265.0,0.25685002725360856,-0.25685002725360856,-0.008620259782010576,7.813683586683166,7.860510955951308,down,0.1858477904339497
s__GGB1627_SGB2227,0.09429695798259378,3265.0,0.25685002725764783,-0.25685002725764783,-0.011410590191090857,5.897223588837526,5.944050958106136,down,0.1858477904339497
s__GGB6012_SGB8640,0.09429695798259378,3265.0,0.25685002728102846,-0.25685002728102846,-0.016325103268480013,4.114896081690674,4.161723450961991,down,0.1858477904339497
s__GGB13727_SGB8655,0.09429695798259378,3265.0,0.25685002749843305,-0.25685002749843305,-0.03427237952099319,1.9478760678599165,1.9947034371564094,down,0.1858477904339497
s__Aggregatibacter_aphrophilus,0.09429695798259378,3265.0,0.25685002772957266,-0.25685002772957266,-0.05166008178751834,1.2844594279623434,1.3312867972856028,down,0.1858477904339497
s__Aggregatibacter_sp_2125159857,0.09429695798259378,3265.0,0.25685002863269835,-0.25685002863269835,-0.2766133734825422,0.2215652473100707,0.2683926167379128,down,0.1858477904339497
s__Campylobacter_SGB19292,0.12078904533682253,3307.0,0.2014500581729151,-0.2014500581729151,0.0,-0.5471218372215048,-0.5080513776478413,down,0.20244924500115324
s__Porphyromonas_somerae,0.09429695798259378,3265.0,0.2568500307057372,-0.2568500307057372,0.0,-0.6957005603877338,-0.6488731907198315,down,0.1858477904339497
s__Prevotella_denticola,0.09429695798259378,3265.0,0.25685003179027455,-0.25685003179027455,0.0,-0.9688545017580463,-0.9220271319645537,down,0.1858477904339497
s__Peptostreptococcus_russellii,0.09429695798259378,3265.0,0.2566764060370518,-0.2566764060370518,-0.03780523144931859,1.7636797072062889,1.8105070765085325,down,0.1858477904339497
s__GGB1154_SGB1482,0.10134092890181201,3277.0,0.26013890777200627,-0.26013890777200627,-0.12978242622999217,0.4974824688202366,0.5443098382095517,down,0.1858477904339497
s__Mediterranea_SGB1823,0.10134092890181201,3277.0,0.2603189207253325,-0.2603189207253325,-0.06741491582106428,0.9788853645012648,1.0257127338442513,down,0.1858477904339497
s__Pseudocitrobacter_corydidari,0.07267950407139409,3223.0,0.24661634477803662,-0.24661634477803662,-0.013580452496128478,4.951244729310987,4.998072098580459,down,0.1858477904339497
s__GGB12785_SGB19825,0.07267950407139409,3223.0,0.24661634520558742,-0.24661634520558742,-0.04485253413270457,1.482923832194502,1.5297512015078252,down,0.1858477904339497
s__Proteus_terrae,0.07267950407139409,3223.0,0.24661634532868681,-0.24661634532868681,-0.05361079983579353,1.2368806516327995,1.2837080209587477,down,0.1858477904339497
s__Actinomyces_urogenitalis,0.07267950407139409,3223.0,0.24661634533677532,-0.24661634533677532,-0.05422295812162688,1.2226556609029766,1.2694830302297546,down,0.1858477904339497
s__Gemmiger_SGB72777,0.07267950407139409,3223.0,0.24661634613511746,-0.24661634613511746,-0.18141156549323695,0.3494765838279409,0.3963039532365984,down,0.1858477904339497
s__Paeniclostridium_sordellii,0.050337673858862744,3167.0,0.3453916256334605,-0.3453916256334605,-0.05346505259372951,1.6822207520068901,1.7457319916697975,down,0.1858477904339497
s__Turicibacter_sp_1E2,0.050337673858862744,3167.0,0.34539162453552946,-0.34539162453552946,0.0,-0.12175878290798395,-0.058247543607361875,down,0.1858477904339497
s__GGB31460_SGB6499,0.10255466306859409,3279.0,0.2656452386104738,-0.2656452386104738,-0.01202727516024981,5.593652840669339,5.640480209938144,down,0.1858477904339497
s__GGB4702_SGB6509,0.10255466306859409,3279.0,0.2656452386241168,-0.2656452386241168,-0.015424021958405965,4.356653790097546,4.403481159368162,down,0.1858477904339497
s__GGB9759_SGB15372,0.14623370852878328,3341.0,0.018745374179269907,-0.018745374179269907,0.0,-1.8845460568401493,-1.8775383718638319,down,0.21953504602512883
s__GGB9264_SGB14212,0.10255466306859409,3279.0,0.265645238791848,-0.265645238791848,-0.032069547272172996,2.0832701011998593,2.130097470492752,down,0.1858477904339497
s__GGB3325_SGB4402,0.10255466306859409,3279.0,0.26564523885245084,-0.26564523885245084,-0.03700073735024406,1.802531454825869,1.8493588241268104,down,0.1858477904339497
s__GGB9109_SGB14042,0.10255466306859409,3279.0,0.26564523888139785,-0.26564523888139785,-0.03938645649178611,1.6919426957377786,1.7387700650425642,down,0.1858477904339497
s__GGB9770_SGB73065,0.10255466306859409,3279.0,0.2656452396690004,-0.2656452396690004,-0.18396353285929712,0.3443175011946274,0.39114487060401226,down,0.1858477904339497
s__Methanomassiliicoccaceae_unclassified_SGB380,0.10255466306859409,3279.0,0.26564524157213876,-0.26564524157213876,0.0,-0.6811724612261864,-0.6343450915640512,down,0.1858477904339497
s__Yanshouia_hominis,0.10255466306859409,3279.0,0.2656452451707267,-0.2656452451707267,0.0,-1.4754156425233256,-1.4285882723832724,down,0.1858477904339497
s__GGB9102_SGB54310,0.10255466306859409,3279.0,0.2656452496261269,-0.2656452496261269,0.0,-1.9933585902730302,-1.9465312195412678,down,0.1858477904339497
s__Clostridium_sp_C5_48,0.059869266151166486,3193.0,0.3414407278099826,-0.3414407278099826,-0.16683070262107125,0.5180798183710904,0.5815910578766835,down,0.1858477904339497
s__Gemmiger_sp_An87,0.06308708139551314,3201.0,0.3220929135264474,-0.3220929135264474,0.0,-1.4235905853604525,-1.3397715459850414,down,0.1858477904339497
s__Veillonellaceae_bacterium,0.06349917839177681,3202.0,0.0914177112440057,-0.0914177112440057,0.0,-0.6027321045240785,-0.5569706271545528,down,0.1858477904339497
s__Intestinimonas_timonensis,0.036068827318457106,3119.0,0.3541297957151452,-0.3541297957151452,0.0,-1.761712012222741,-1.619373959633961,down,0.1858477904339497
s__Enterococcus_devriesei,0.06774373476323782,3212.0,0.3371605245102604,-0.3371605245102604,-0.060247393539463796,1.489317087796622,1.552828327444337,down,0.1858477904339497
s__Providencia_rettgeri,0.06774373476323782,3212.0,0.3371605244717424,-0.3371605244717424,-0.06800808655951943,1.3157946773445433,1.3793059169758497,down,0.1858477904339497
s__Schaalia_turicensis,0.06774373476323782,3212.0,0.3371605172613423,-0.3371605172613423,0.0,-2.1123687655260914,-2.048857528966382,down,0.1858477904339497
s__Blautia_argi,0.07501839122890709,3228.0,0.2479586208137546,-0.2479586208137546,-0.023111182481830077,2.899805766336555,2.946633135615591,down,0.1858477904339497
s__GGB1691_SGB2323,0.09148029603150189,3260.0,0.25544361511767216,-0.25544361511767216,-0.017093840342731197,3.928793802218646,3.975621171490629,down,0.1858477904339497
s__Firmicutes_unclassified_SGB47659,0.09148029603150189,3260.0,0.255443615295485,-0.255443615295485,-0.0316389766204551,2.1119373373367303,2.1587647066289204,down,0.1858477904339497
s__Mediterraneibacter_SGB4598,0.08395208272511935,3246.0,0.23489293842385808,-0.23489293842385808,0.0,-0.39873195541643164,-0.3477527524183854,down,0.1858477904339497
s__Flavonifractor_sp_An100,0.1308116681410012,3321.0,0.12149824004380669,-0.12149824004380669,0.0,-0.8238934797980707,-0.7957334218510377,down,0.21169431335601735
s__Alterileibacterium_massiliense,0.08765100802169243,3253.0,0.2542732107244643,-0.2542732107244643,-0.043856764572937676,1.5171198367397138,1.563947206051515,down,0.1858477904339497
s__Mobiluncus_SGB15488,0.08765100802169243,3253.0,0.2542732118435031,-0.2542732118435031,-0.3595778002734765,0.16543829531831855,0.21226566475538508,down,0.1858477904339497
s__Fusobacterium_gonidiaformans,0.08765100802169243,3253.0,0.25427321220168997,-0.25427321220168997,0.0,-0.047448746085503334,-0.0006213766083412753,down,0.1858477904339497
s__Actinomyces_timonensis,0.08765100802169243,3253.0,0.2542732127034399,-0.2542732127034399,0.0,-0.28536929532987626,-0.23854192579654823,down,0.1858477904339497
s__GGB34900_SGB14891,0.0931620612629382,3263.0,0.3309932083390389,-0.3309932083390389,0.0,-1.2480258434247342,-1.165735025622281,down,0.1858477904339497
s__Leptogranulimonas_caecicola,0.06433004548439036,3204.0,0.3400020242274574,-0.3400020242274574,-1.1676437137129647,0.05095390611153698,0.1144651454809511,down,0.1858477904339497
s__Geobacillus_stearothermophilus,0.06433004548439036,3204.0,0.3400020230587524,-0.3400020230587524,0.0,-0.756533908798051,-0.6930226698819365,down,0.1858477904339497
s__Bacteroides_graminisolvens,0.08552156400182814,3249.0,0.2535039010633328,-0.2535039010633328,0.0,-0.4389807355386655,-0.39215336596129313,down,0.1858477904339497
s__Methanothrix_SGB39499,0.08552156400182814,3249.0,0.25350390443455545,-0.25350390443455545,0.0,-1.2312187279216338,-1.1843913579705119,down,0.1858477904339497
s__Enterobacter_chuandaensis,0.059086436803802586,3191.0,0.3417983128337992,-0.3417983128337992,-0.029578222317850848,3.0661506398209664,3.1296618795373847,down,0.1858477904339497
s__Enterobacter_soli,0.059086436803802586,3191.0,0.3417983125531889,-0.3417983125531889,-0.07713313177213325,1.156439043311098,1.21995028292461,down,0.1858477904339497
s__Citrobacter_sp_ku_bf4,0.059086436803802586,3191.0,0.3417983118085628,-0.3417983118085628,0.0,-0.025455559379684224,0.03805567996075545,down,0.1858477904339497
s__GGB9334_SGB14297,0.10194635819891387,3278.0,0.2641659583745017,-0.2641659583745017,-0.03347824435915774,1.994632551292591,2.0414599205877857,down,0.1858477904339497
s__GGB3323_SGB4400,0.10194635819891387,3278.0,0.26416595873899396,-0.26416595873899396,-0.06686812140310598,0.9870784006242826,1.0339057699666578,down,0.1858477904339497
s__GGB48169_SGB66172,0.10194635819891387,3278.0,0.26416595881303334,-0.26416595881303334,-0.07599416875003928,0.8657760357424419,0.9126034050944009,down,0.1858477904339497
s__GGB45540_SGB63220,0.10194635819891387,3278.0,0.26416595974010276,-0.26416595974010276,0.0,-0.022258498520907576,0.024568870951052982,down,0.1858477904339497
s__GGB9575_SGB14988,0.07407556421073022,3226.0,0.2474785122396356,-0.2474785122396356,0.0,-1.6620015546383191,-1.6151741843193952,down,0.1858477904339497
s__GGB9412_SGB14768,0.0971827219495195,3270.0,0.25808247284671026,-0.25808247284671026,0.0,-0.9249603136839976,-0.8781329439130693,down,0.1858477904339497
s__GGB70521_SGB94953,0.0971827219495195,3270.0,0.2580824812290472,-0.2580824812290472,0.0,-2.0113770893088168,-1.9645497185504421,down,0.1858477904339497
s__Sutterella_massiliensis,0.06601870977334973,3208.0,0.049204147609598126,-0.049204147609598126,0.0,-1.1293939024828998,-1.1088505122903203,down,0.1858477904339497
s__Succinatimonas_hippei,0.0983566170030757,3272.0,0.2587137855552047,-0.2587137855552047,0.0,-0.6250829997984024,-0.5782556301577623,down,0.1858477904339497
s__GGB38987_SGB53576,0.0983566170030757,3272.0,0.2587138124021173,-0.2587138124021173,0.0,-2.8832155547570735,-2.8363881819252215,down,0.1858477904339497
s__Chryseobacterium_sp_VAUSW3,0.09659998934960741,3269.0,0.25727722510421974,-0.25727722510421974,-0.02510126882323017,2.668056542062677,2.7148839113445753,down,0.1858477904339497
s__Lactiplantibacillus_paraplantarum,0.09659998934960741,3269.0,0.2572772251994469,-0.2572772251994469,-0.032129733617538535,2.079324125546594,2.1261514948395845,down,0.1858477904339497
s__Candidatus_Kaistella_beijingensis,0.09659998934960741,3269.0,0.2572772257034842,-0.2572772257034842,-0.07573292163187623,0.8688419553018678,0.91566932465357,down,0.1858477904339497
s__Rothia_sp_P100,0.09659998934960741,3269.0,0.25727724257762474,-0.25727724257762474,0.0,-2.3298306846226406,-2.283003313305399,down,0.1858477904339497
s__GGB9634_SGB15099,0.10255466306859409,3279.0,0.26447131963036813,-0.26447131963036813,-0.010058925894653936,6.692799140788073,6.7396265100563815,down,0.1858477904339497
s__GGB1567_SGB2154,0.10255466306859409,3279.0,0.2644713196406334,-0.2644713196406334,-0.013901560590742455,4.836338262189484,4.8831656314591285,down,0.1858477904339497
s__GGB1566_SGB2153,0.10255466306859409,3279.0,0.26447131968138127,-0.26447131968138127,-0.019931751581649886,3.366087118699003,3.4129144879739495,down,0.1858477904339497
s__Ruminococcus_champanellensis,0.10255466306859409,3279.0,0.26447131970773985,-0.26447131970773985,-0.0226309135699271,2.961839143759265,3.008666513037641,down,0.1858477904339497
s__GGB9270_SGB14221,0.10255466306859409,3279.0,0.2644713197493871,-0.2644713197493871,-0.026359144055535397,2.539624501883179,2.5864518711669744,down,0.1858477904339497
s__GGB9582_SGB15002,0.10255466306859409,3279.0,0.26447131976806243,-0.26447131976806243,-0.027923928010013834,2.3960067675532075,2.442834136839433,down,0.1858477904339497
s__GGB6123_SGB8767,0.10255466306859409,3279.0,0.2644713197948184,-0.2644713197948184,-0.030106545112095637,2.2206187964741027,2.2674461657638094,down,0.1858477904339497
s__GGB9582_SGB15001,0.10255466306859409,3279.0,0.26447132117246613,-0.26447132117246613,0.0,-0.007443413464404289,0.03938395600455774,down,0.1858477904339497
s__GGB35551_SGB53794,0.10255466306859409,3279.0,0.26447133712708226,-0.26447133712708226,0.0,-2.4351911449526273,-2.3883637734076983,down,0.1858477904339497
s__Porphyromonas_gingivalis,0.0849957892676986,3248.0,0.2528878353802658,-0.2528878353802658,-0.15923357495542112,0.40128432389966195,0.448111693301221,down,0.1858477904339497
s__Pseudomonas_aeruginosa,0.0849957892676986,3248.0,0.2528878394504441,-0.2528878394504441,0.0,-1.0699506050464704,-1.0231232351970807,down,0.1858477904339497
s__Lachnoclostridium_sp_An169,0.0647488325476583,3205.0,0.3395492100872335,-0.3395492100872335,-0.06127148406634699,1.4639013553972122,1.5274125950426984,down,0.1858477904339497
s__Slackia_piriformis,0.04299899471703094,3144.0,0.3491679600954488,-0.3491679600954488,-0.03371305882629724,2.6862273602846627,2.749738599992811,down,0.1858477904339497
s__Edwardsiella_tarda,0.06862005316605162,3214.0,0.335414387274414,-0.335414387274414,-0.15785172593778005,0.5492880239394486,0.6127992634520694,down,0.1858477904339497
s__Streptococcus_agalactiae,0.06862005316605162,3214.0,0.33541438726748024,-0.33541438726748024,-0.16177563426620203,0.5352230948676961,0.5987343343771768,down,0.1858477904339497
s__Bifidobacterium_catenulatum,0.054565948193949186,3179.0,0.34403254699533914,-0.34403254699533914,-0.023456572954612058,3.8745852271086045,3.9380964668349425,down,0.1858477904339497
s__Anaerococcus_lactolyticus,0.0779058088418575,3234.0,0.25003105776110846,-0.25003105776110846,-0.16770146295532812,0.3798843309894198,0.4267117003938665,down,0.1858477904339497
s__Selenomonas_SGB5883,0.0779058088418575,3234.0,0.25003106467462766,-0.25003106467462766,0.0,-1.4754156425233256,-1.4285882723832724,down,0.1858477904339497
s__Anaerococcus_prevotii,0.0779058088418575,3234.0,0.25003107252847073,-0.25003107252847073,0.0,-2.147509210820451,-2.1006818398447398,down,0.1858477904339497
s__GGB36599_SGB9269,0.043599043511343284,3146.0,0.3490064672240818,-0.3490064672240818,-0.026839400228934038,3.382254844026163,3.4457660837474293,down,0.1858477904339497
s__Clostridiaceae_unclassified_SGB66046,0.043599043511343284,3146.0,0.3490064671874952,-0.3490064671874952,-0.03266814345402246,2.7731563205494605,2.8366675602597877,down,0.1858477904339497
s__GGB34476_SGB65958,0.04607043794840562,3154.0,0.34779854831616974,-0.34779854831616974,-0.03336201682119901,2.714823947311175,2.77833518702006,down,0.1858477904339497
s__Hungatella_effluvii,0.04607043794840562,3154.0,0.3477985480598504,-0.3477985480598504,-0.06877587114403286,1.300756800176648,1.3642680398063938,down,0.1858477904339497
s__Pygmaiobacter_massiliensis,0.04607043794840562,3154.0,0.3477985478055551,-0.3477985478055551,-0.11869334133512774,0.7406468288944348,0.8041580684456661,down,0.1858477904339497
s__GGB3576_SGB4784,0.04607043794840562,3154.0,0.34779854707351765,-0.34779854707351765,0.0,-0.06338677978449357,0.000124459540719145,down,0.1858477904339497
