feature,n_methods,score,mw_rank_score,rf_rank_score,elastic_net_rank_score,mi_rank_score,in_mann_whitney,in_random_forest,in_elastic_net,in_mutual_info
K07452,4,3.7516861370575607,0.8996062992125984,0.963963963963964,0.9501779359430605,0.9379379379379379,1,1,1,1
K07027,4,3.7052719839518953,0.9744094488188977,0.997997997997998,0.8149466192170819,0.9179179179179179,1,1,1,1
K07494,4,3.6928345668503146,0.8740157480314961,0.9189189189189189,1.0,0.8998998998998999,1,1,1,1
K05795,4,3.6418167614191375,0.9114173228346457,0.7677677677677678,0.9786476868327402,0.983983983983984,1,1,1,1
K11527,4,3.5662390891465905,0.9606299212598425,0.7467467467467468,0.9679715302491103,0.8908908908908909,1,1,1,1
K01465,4,3.4964922470036375,0.9960629921259843,0.9169169169169169,0.6405693950177935,0.9429429429429429,1,1,1,1
K01586,4,3.428897590672187,0.9429133858267716,0.987987987987988,0.5160142348754448,0.9819819819819819,1,1,1,1
K03147,4,3.372897093579695,0.9448818897637795,0.968968968968969,0.7153024911032029,0.7437437437437437,1,1,1,1
K03453,4,3.317590617209526,0.9330708661417323,0.9259259259259259,0.7829181494661922,0.6756756756756757,1,1,1,1
K01658,4,3.1612764724822338,0.905511811023622,0.995995995995996,0.4199288256227758,0.8398398398398399,1,1,1,1
K03315,4,3.141454755116593,0.8681102362204725,0.9819819819819819,0.35943060498220636,0.9319319319319319,1,1,1,1
K00088,4,3.1240244433634183,0.9901574803149606,0.9719719719719719,0.402135231316726,0.7597597597597597,1,1,1,1
K01719,4,3.093690995335852,0.9763779527559056,0.97997997997998,0.23843416370106763,0.8988988988988988,1,1,1,1
K10206,4,3.0477760103814413,0.8700787401574803,0.9619619619619619,0.3238434163701067,0.8918918918918919,1,1,1,1
K01955,4,3.0222317127562732,0.7421259842519685,0.984984984984985,0.5693950177935942,0.7257257257257257,1,1,1,1
K15738,4,3.0081046944890923,0.9212598425196851,0.9469469469469469,0.1779359430604982,0.9619619619619619,1,1,1,1
K01633,4,2.9861709791726323,0.9271653543307087,0.992992992992993,0.4804270462633452,0.5855855855855856,1,1,1,1
K01956,4,2.9678607348907455,0.8346456692913385,0.9369369369369369,0.2633451957295374,0.9329329329329329,1,1,1,1
K07484,4,2.9514847952444274,0.9665354330708661,0.948948948948949,0.32028469750889677,0.7157157157157157,1,1,1,1
K17758,4,2.940058645245408,0.5984251968503937,0.9769769769769769,0.3736654804270463,0.990990990990991,1,1,1,1
K03332,4,2.9259798790580307,0.6968503937007874,0.94994994994995,0.896797153024911,0.3823823823823824,1,1,1,1
K02470,4,2.919545957535982,0.765748031496063,0.986986986986987,0.20284697508896798,0.963963963963964,1,1,1,1
K15255,4,2.8932109737445018,0.39370078740157477,0.8788788788788788,0.9039145907473309,0.7167167167167168,1,1,1,1
K00956,4,2.8723603531796993,0.8188976377952756,0.7417417417417418,0.3167259786476868,0.994994994994995,1,1,1,1
K01703,4,2.8659733654129376,0.9015748031496063,0.964964964964965,0.09252669039145911,0.9069069069069069,1,1,1,1
K24180,4,2.865956367441502,0.8858267716535433,0.9139139139139139,0.6548042704626335,0.41141141141141147,1,1,1,1
K22522,4,2.858779254497583,0.7480314960629921,0.975975975975976,0.26690391459074736,0.8678678678678678,1,1,1,1
K00852,4,2.854694320795422,0.702755905511811,0.9529529529529529,0.9217081850533808,0.27727727727727725,1,1,1,1
K03547,4,2.836906273269655,0.9488188976377953,0.9109109109109109,0.20640569395017794,0.7707707707707707,1,1,1,1
K19147,4,2.8282860648077675,0.7578740157480315,0.9159159159159159,0.9252669039145908,0.22922922922922928,1,1,1,1
K12410,4,2.816503847978895,0.8090551181102362,0.985985985985986,0.028469750889679735,0.992992992992993,1,1,1,1
K00965,4,2.777349504631148,0.7913385826771654,0.5905905905905906,0.7758007117437722,0.6196196196196196,1,1,1,1
K01934,4,2.7739680162691345,0.9291338582677166,0.9669669669669669,0.09608540925266906,0.7817817817817818,1,1,1,1
K00609,4,2.7208610872199857,0.9980314960629921,0.974974974974975,0.039145907473309594,0.7087087087087087,1,1,1,1
K05366,4,2.717619046737493,0.8326771653543307,0.8678678678678678,0.4875444839857651,0.5295295295295295,1,1,1,1
K07444,4,2.713238387601601,0.6850393700787402,0.8368368368368369,0.4626334519572953,0.7287287287287287,1,1,1,1
K23997,4,2.705745669170726,0.545275590551181,0.95995995995996,0.21352313167259784,0.986986986986987,1,1,1,1
K28192,4,2.632864545549837,0.16535433070866146,0.8998998998998999,0.6156583629893239,0.9519519519519519,1,1,1,1
K23060,4,2.601829608631806,0.6633858267716535,0.9319319319319319,0.45195729537366547,0.5545545545545545,1,1,1,1
K09458,4,2.5358549767858483,0.6259842519685039,0.9329329329329329,0.35231316725978645,0.6246246246246246,1,1,1,1
K02346,4,2.5191538737998234,0.6909448818897638,0.8448448448448449,0.5729537366548043,0.4104104104104104,1,1,1,1
K01200,4,2.5153654929903984,0.5078740157480315,0.4444444444444444,0.6441281138790036,0.9189189189189189,1,1,1,1
K02371,4,2.4842952628420725,0.7322834645669292,0.3723723723723724,0.6619217081850534,0.7177177177177176,1,1,1,1
K07271,4,2.440278097190979,0.6515748031496063,0.8628628628628628,0.7686832740213523,0.15715715715715717,1,1,1,1
K01952,4,2.430643501124348,0.6594488188976377,0.960960960960961,0.18861209964412806,0.6216216216216216,1,1,1,1
K16213,4,2.3901452030672754,0.23818897637795278,0.9049049049049049,0.7615658362989324,0.48548548548548554,1,1,1,1
K02283,4,2.384739181976271,0.889763779527559,0.18418418418418414,0.6761565836298933,0.6346346346346347,1,1,1,1
K01938,4,2.298672316781152,0.3366141732283464,0.9129129129129129,0.13523131672597866,0.9139139139139139,1,1,1,1
K07141,4,2.295258501419008,0.7381889763779528,0.2742742742742743,0.3879003558718861,0.8948948948948949,1,1,1,1
K03484,4,2.238459380163642,0.5118110236220472,0.5425425425425425,0.7046263345195729,0.47947947947947944,1,1,1,1
K10709,4,2.212419820274221,0.06692913385826771,0.6956956956956957,0.8932384341637011,0.5565565565565566,1,1,1,1
K04517,4,2.1823165320727456,0.2696850393700787,0.6146146146146146,0.5302491103202847,0.7677677677677678,1,1,1,1
K07030,4,2.1411196061699047,0.5807086614173229,0.5465465465465466,0.34519572953736655,0.6686686686686687,1,1,1,1
K03154,4,2.1263106845461763,0.8838582677165354,0.18818818818818817,0.11032028469750887,0.943943943943944,1,1,1,1
K21071,4,2.074904611507576,0.5846456692913387,0.45945945945945943,0.08185053380782914,0.948948948948949,1,1,1,1
K03696,4,2.009961126817405,0.17913385826771655,0.998998998998999,0.03202846975088969,0.7997997997997998,1,1,1,1
K23351,4,1.9874822983377918,0.5314960629921259,0.7407407407407407,0.22775800711743777,0.4874874874874875,1,1,1,1
K01187,4,1.9549362459665933,0.36220472440944884,0.6466466466466467,0.7508896797153025,0.19519519519519524,1,1,1,1
K07301,4,1.9194549721071983,0.6220472440944882,0.4194194194194194,0.007117437722419906,0.8708708708708709,1,1,1,1
K02775,4,1.896824774728493,0.025590551181102317,0.8378378378378378,0.7330960854092528,0.3003003003003003,1,1,1,1
K06183,4,1.882452323705441,0.3700787401574803,0.6106106106106106,0.24911032028469748,0.6526526526526526,1,1,1,1
K01507,4,1.8726922203398233,0.6181102362204725,0.5455455455455456,0.053380782918149516,0.6556556556556556,1,1,1,1
K00625,4,1.8583589193475145,0.5236220472440944,0.40640640640640646,0.3807829181494662,0.5475475475475475,1,1,1,1
K00821,4,1.801357112709986,0.46259842519685035,0.1401401401401401,0.22064056939501775,0.977977977977978,1,1,1,1
K10240,4,1.7968669344660604,0.7283464566929134,0.12812812812812813,0.9323843416370107,0.00800800800800805,1,1,1,1
K01533,4,1.787202367553756,0.2992125984251969,0.3933933933933934,0.48398576512455516,0.6106106106106106,1,1,1,1
K08483,4,1.7761022223781773,0.5334645669291338,0.6416416416416417,0.44483985765124556,0.1561561561561562,1,1,1,1
K24950,4,1.7390773377687379,0.08267716535433067,0.5625625625625625,0.30604982206405695,0.7877877877877878,1,1,1,1
K03169,4,1.731702938963286,0.7125984251968505,0.40740740740740744,0.23131672597864772,0.38038038038038036,1,1,1,1
K07862,4,1.6895616509271343,0.7460629921259843,0.3373373373373373,0.003558718861209953,0.6026026026026026,1,1,1,1
K01652,4,1.5841416485838824,0.4114173228346457,0.950950950950951,0.03558718861209964,0.1861861861861862,1,1,1,1
K01442,4,1.5373322786176207,0.344488188976378,0.7977977977977978,0.1387900355871886,0.25625625625625625,1,1,1,1
K02160,4,1.514381742405953,0.48425196850393704,0.5395395395395395,0.10320284697508897,0.3873873873873874,1,1,1,1
K07720,4,1.4371422519557695,0.2578740157480315,0.5955955955955956,0.19928825622775803,0.3843843843843844,1,1,1,1
K01962,4,1.3389156522790622,0.40944881889763785,0.4964964964964965,0.1637010676156584,0.2692692692692693,1,1,1,1
K02117,4,1.319672216560439,0.297244094488189,0.3213213213213213,0.3487544483985765,0.3523523523523524,1,1,1,1
K03639,4,1.2641617224588615,0.7696850393700787,0.13613613613613618,0.16014234875444844,0.19819819819819817,1,1,1,1
K02502,4,1.244336407750256,0.29330708661417326,0.012012012012011963,0.2953736654804271,0.6436436436436437,1,1,1,1
K10112,4,1.0592646615848342,0.15748031496062997,0.20520520520520524,0.05693950177935947,0.6396396396396397,1,1,1,1
K01937,4,1.039128762242221,0.34055118110236215,0.5865865865865866,0.08896797153024916,0.02302302302302306,1,1,1,1
K03972,4,0.991282621203881,0.6299212598425197,0.031031031031030998,0.0,0.3303303303303303,1,1,1,1
K00048,4,0.9407719920441641,0.34842519685039375,0.07207207207207211,0.2099644128113879,0.3103103103103103,1,1,1,1
K02118,4,0.8086016635628538,0.5275590551181102,0.10510510510510507,0.14590747330960852,0.03003003003003002,1,1,1,1
K01609,4,0.8077822407270107,0.09842519685039375,0.23423423423423428,0.1708185053380783,0.30430430430430433,1,1,1,1
K10542,4,0.739055578401839,0.25393700787401574,0.17517517517517522,0.29893238434163705,0.011011011011010985,1,1,1,1
K00602,3,2.9581589463479228,0.9881889763779528,0.980980980980981,0.0,0.988988988988989,1,1,0,1
K00262,3,2.924191908443877,0.984251968503937,0.988988988988989,0.0,0.950950950950951,1,1,0,1
K03149,3,2.899367871808817,0.9724409448818898,0.967967967967968,0.0,0.958958958958959,1,1,0,1
K01193,3,2.8826562783255696,0.8956692913385826,0.98998998998999,0.0,0.996996996996997,1,1,0,1
K01733,3,2.875682769383557,0.8937007874015748,0.993993993993994,0.0,0.987987987987988,1,1,0,1
K00762,3,2.8706068272997407,0.9566929133858267,0.982982982982983,0.0,0.9309309309309309,1,1,0,1
K01738,3,2.8301017552986054,0.9251968503937008,0.996996996996997,0.0,0.9079079079079079,1,1,0,1
K00891,3,2.8286652794526814,0.9507874015748031,0.9099099099099099,0.0,0.967967967967968,1,1,0,1
K03734,3,2.795795795795796,1.0,0.8848848848848849,0.0,0.9109109109109109,1,1,0,1
K02040,3,2.7956992425496363,0.9468503937007874,0.9009009009009009,0.0,0.9479479479479479,1,1,0,1
K00286,3,2.7545360320950874,0.7775590551181102,0.978978978978979,0.0,0.997997997997998,1,1,0,1
K19302,3,2.7314341900956074,0.9586614173228346,0.8308308308308309,0.0,0.9419419419419419,1,1,0,1
K00969,3,2.7243680688562577,0.844488188976378,0.92992992992993,0.0,0.94994994994995,1,1,0,1
K00784,3,2.7142496827536196,0.9685039370078741,0.983983983983984,0.0,0.7617617617617618,1,1,0,1
K14155,3,2.703723408447818,0.704724409448819,1.0,0.0,0.998998998998999,1,1,0,1
K00764,3,2.687821679947664,0.9921259842519685,0.8488488488488488,0.0,0.8468468468468469,1,1,0,1
K03152,3,2.6851241004784314,0.9153543307086615,0.7737737737737738,0.0,0.995995995995996,1,1,0,1
K03695,3,2.679862933799942,0.7539370078740157,0.9519519519519519,0.0,0.973973973973974,1,1,0,1
K01710,3,2.6748914268599306,0.7519685039370079,0.96996996996997,0.0,0.9529529529529529,1,1,0,1
K02837,3,2.6684381231625327,0.9547244094488189,0.9359359359359359,0.0,0.7777777777777778,1,1,0,1
K01696,3,2.6313754699581473,0.8385826771653544,0.8728728728728729,0.0,0.91991991991992,1,1,0,1
K01791,3,2.629198593611405,0.0,0.7967967967967968,0.8754448398576512,0.9569569569569569,0,1,1,1
K01950,3,2.623136916444003,0.7933070866141733,0.8958958958958959,0.0,0.933933933933934,1,1,0,1
K00950,3,2.620922103205568,0.9822834645669292,0.991991991991992,0.0,0.6466466466466467,1,1,0,1
K02115,3,2.6051780126583273,0.9074803149606299,0.8008008008008007,0.0,0.8968968968968969,1,1,0,1
K07139,3,2.6023543228267636,0.7204724409448819,0.954954954954955,0.0,0.9269269269269269,1,1,0,1
K26937,3,2.5901334405271412,0.8503937007874016,0.9569569569569569,0.0,0.7827827827827828,1,1,0,1
K12257,3,2.5897610208633832,0.9311023622047244,0.9219219219219219,0.0,0.7367367367367368,1,1,0,1
K03111,3,2.581686016725387,0.9350393700787402,0.994994994994995,0.0,0.6516516516516517,1,1,0,1
K07098,3,2.5781923655939405,0.7874015748031495,0.953953953953954,0.0,0.8368368368368369,1,1,0,1
K03437,3,2.573551898355048,0.8248031496062992,0.7927927927927928,0.0,0.955955955955956,1,1,0,1
K02113,3,2.5671064765552956,0.9094488188976377,0.6916916916916918,0.0,0.965965965965966,1,1,0,1
K01649,3,2.560237402757088,0.8425196850393701,0.914914914914915,0.0,0.8028028028028028,1,1,0,1
K02897,3,2.548367264902698,0.7165354330708662,0.973973973973974,0.0,0.8578578578578578,1,1,0,1
K00145,3,2.5275314684763504,0.9409448818897638,0.7277277277277276,0.0,0.8588588588588588,1,1,0,1
K17828,3,2.5058404861554466,0.9803149606299213,0.8978978978978979,0.0,0.6276276276276276,1,1,0,1
K00930,3,2.4959723503030586,0.8543307086614174,0.6496496496496497,0.0,0.991991991991992,1,1,0,1
K01756,3,2.4779247751688698,0.797244094488189,0.8828828828828829,0.0,0.7977977977977978,1,1,0,1
K00243,3,2.4685689626634506,0.9940944881889764,0.6526526526526526,0.0,0.8218218218218218,1,1,0,1
K01687,3,2.46787338519622,0.9173228346456693,0.7377377377377378,0.0,0.8128128128128128,1,1,0,1
K00648,3,2.4588052619548684,0.8031496062992126,0.962962962962963,0.0,0.6926926926926926,1,1,0,1
K01243,3,2.451924365310192,0.9133858267716536,0.8718718718718719,0.0,0.6666666666666667,1,1,0,1
K02114,3,2.446722312864045,0.8661417322834646,0.6576576576576576,0.0,0.9229229229229229,1,1,0,1
K10118,3,2.446670870158415,0.0,0.9239239239239239,0.9822064056939501,0.5405405405405406,0,1,1,1
K07816,3,2.4457331347095126,0.6889763779527559,0.7917917917917918,0.0,0.964964964964965,1,1,0,1
K02495,3,2.4338334397389514,0.5059055118110236,0.9419419419419419,0.0,0.985985985985986,1,1,0,1
K15584,3,2.4273383703988687,0.0,0.7457457457457457,0.800711743772242,0.8808808808808809,0,1,1,1
K09861,3,2.4225170051941705,0.5826771653543308,0.9279279279279279,0.0,0.9119119119119119,1,1,0,1
K06969,3,2.4027117668849955,0.8641732283464567,0.9579579579579579,0.0,0.5805805805805806,1,1,0,1
K03284,3,2.3878540462170355,0.0,0.8798798798798799,0.8042704626334519,0.7037037037037037,0,1,1,1
K01704,3,2.375609861830334,0.9862204724409449,0.9229229229229229,0.0,0.4664664664664665,1,1,0,1
K11753,3,2.374151710765884,0.8366141732283465,0.5795795795795795,0.0,0.9579579579579579,1,1,0,1
K02503,3,2.3667624317230613,0.5649606299212598,0.9089089089089089,0.0,0.8928928928928929,1,1,0,1
K19824,3,2.3659683305352597,0.9645669291338582,0.7867867867867868,0.0,0.6146146146146146,1,1,0,1
K09117,3,2.333349097128625,0.7637795275590551,0.6716716716716717,0.0,0.8978978978978979,1,1,0,1
K13683,3,2.332681435884283,0.0,0.6176176176176176,0.8612099644128114,0.8538538538538538,0,1,1,1
K16926,3,2.3304550101703128,0.0,0.7567567567567568,0.8790035587188612,0.6946946946946947,0,1,1,1
K00645,3,2.3292899198411012,0.5905511811023623,0.8148148148148149,0.0,0.9239239239239239,1,1,0,1
K01925,3,2.3288879430611713,0.6141732283464567,0.9179179179179179,0.0,0.7967967967967968,1,1,0,1
K09710,3,2.315975424243141,0.6082677165354331,0.8758758758758759,0.0,0.8318318318318318,1,1,0,1
K04651,3,2.2941054933937495,0.0,0.7657657657657657,0.697508896797153,0.8308308308308309,0,1,1,1
K03320,3,2.2937110338685143,0.7401574803149606,0.8208208208208209,0.0,0.7327327327327327,1,1,0,1
K00949,3,2.29333073230711,0.9389763779527559,0.6946946946946947,0.0,0.6596596596596597,1,1,0,1
K02111,3,2.2911316828639663,0.8917322834645669,0.5125125125125125,0.0,0.8868868868868869,1,1,0,1
K19693,3,2.279728126703216,0.0,0.8018018018018018,0.9644128113879004,0.5135135135135135,0,1,1,1
K11070,3,2.2708121507334105,0.3799212598425197,0.9209209209209209,0.0,0.96996996996997,1,1,0,1
K21528,3,2.268389385827108,0.0,0.6256256256256256,0.9110320284697508,0.7317317317317318,0,1,1,1
K00610,3,2.266955932310263,0.6653543307086613,0.7757757757757757,0.0,0.8258258258258259,1,1,0,1
K02026,3,2.2660140455416045,0.7795275590551181,0.7877877877877878,0.0,0.6986986986986987,1,1,0,1
K03698,3,2.262402165945473,0.4035433070866141,0.8588588588588588,0.0,1.0,1,1,0,1
K05349,3,2.255605999700488,0.7440944881889764,0.9119119119119119,0.0,0.5995995995995995,1,1,0,1
K15519,3,2.253495488370933,0.0,0.7247247247247247,0.8220640569395018,0.7067067067067068,0,1,1,1
K02108,3,2.247749718222159,0.9704724409448819,0.39539539539539537,0.0,0.8818818818818819,1,1,0,1
K04486,3,2.2398362929858995,0.5531496062992126,0.8658658658658659,0.0,0.8208208208208209,1,1,0,1
K21064,3,2.2391367745698454,0.5354330708661417,0.990990990990991,0.0,0.7127127127127126,1,1,0,1
K03549,3,2.2367990766567276,0.0,0.6296296296296297,0.9395017793594306,0.6676676676676676,0,1,1,1
K03524,3,2.2304056024528465,0.8720472440944882,0.7197197197197197,0.0,0.6386386386386387,1,1,0,1
K02564,3,2.2280311807870863,0.952755905511811,0.49449449449449445,0.0,0.7807807807807807,1,1,0,1
K06131,3,2.2206635769627896,0.8562992125984252,0.9029029029029029,0.0,0.4614614614614615,1,1,0,1
K01835,3,2.2098318791232177,0.6692913385826771,0.7957957957957957,0.0,0.7447447447447447,1,1,0,1
K06997,3,2.2088190552757485,0.8464566929133859,0.8498498498498499,0.0,0.5125125125125125,1,1,0,1
K00974,3,2.2062298518991432,0.6456692913385826,0.8698698698698699,0.0,0.6906906906906907,1,1,0,1
K01218,3,2.2010230871440837,0.0,0.7217217217217218,0.6014234875444839,0.8778778778778779,0,1,1,1
K01495,3,2.1860640167726784,0.8307086614173228,0.7497497497497497,0.0,0.6056056056056056,1,1,0,1
K01190,3,2.1661641956917546,0.5295275590551181,0.6966966966966968,0.0,0.93993993993994,1,1,0,1
K06287,3,2.159982817463132,0.6574803149606299,0.6006006006006006,0.0,0.9019019019019019,1,1,0,1
K01914,3,2.1520792445989296,0.5925196850393701,0.7587587587587588,0.0,0.8008008008008007,1,1,0,1
K03308,3,2.146148116620558,0.47047244094488194,0.8088088088088088,0.0,0.8668668668668669,1,1,0,1
K02493,3,2.1450387395269286,0.594488188976378,0.8808808808808809,0.0,0.6696696696696697,1,1,0,1
K00937,3,2.1410485288438044,0.8877952755905512,0.8618618618618619,0.0,0.39139139139139134,1,1,0,1
K00942,3,2.1409460641744107,0.42322834645669294,0.8028028028028028,0.0,0.914914914914915,1,1,0,1
K00759,3,2.140021911675455,0.7716535433070866,0.8508508508508509,0.0,0.5175175175175175,1,1,0,1
K11991,3,2.139229780962064,0.6417322834645669,0.8348348348348349,0.0,0.6626626626626626,1,1,0,1
K01588,3,2.1385105578018964,0.9192913385826772,0.4654654654654654,0.0,0.7537537537537538,1,1,0,1
K01524,3,2.133371805969671,0.0,0.972972972972973,0.8540925266903915,0.3063063063063063,0,1,1,1
K01740,3,2.126134008023772,0.8818897637795275,0.6656656656656657,0.0,0.5785785785785786,1,1,0,1
K00800,3,2.12146595414312,0.3326771653543307,0.958958958958959,0.0,0.8298298298298299,1,1,0,1
K00013,3,2.0993394969772923,0.3976377952755905,0.8158158158158157,0.0,0.8858858858858859,1,1,0,1
K06871,3,2.098210415139549,0.8169291338582677,0.7547547547547547,0.0,0.5265265265265265,1,1,0,1
K01091,3,2.092740378173449,0.7854330708661417,0.6816816816816818,0.0,0.6256256256256256,1,1,0,1
K18139,3,2.090667179635151,0.0,0.4624624624624625,0.8113879003558719,0.8168168168168168,0,1,1,1
K04068,3,2.0710099863643174,0.41535433070866146,0.8038038038038038,0.0,0.8518518518518519,1,1,0,1
K00174,3,2.069564226147856,0.0,0.7727727727727728,0.5480427046263345,0.7487487487487487,0,1,1,1
K02469,3,2.0667301159427143,0.5492125984251969,0.8838838838838838,0.0,0.6336336336336337,1,1,0,1
K07391,3,2.059857101195684,0.5413385826771653,0.933933933933934,0.0,0.5845845845845845,1,1,0,1
K07173,3,2.058647229907072,0.671259842519685,0.8108108108108107,0.0,0.5765765765765766,1,1,0,1
K17836,3,2.0494234391872186,0.38976377952755903,0.8258258258258259,0.0,0.8338338338338338,1,1,0,1
K06173,3,2.047533754226668,0.20669291338582674,0.924924924924925,0.0,0.9159159159159159,1,1,0,1
K00278,3,2.046195802101314,0.7559055118110236,0.5705705705705706,0.0,0.7197197197197197,1,1,0,1
K03324,3,2.0454135237599806,0.9783464566929134,0.6456456456456456,0.0,0.42142142142142147,1,1,0,1
K02774,3,2.041728561301515,0.0,0.8648648648648649,0.8185053380782918,0.3583583583583584,0,1,1,1
K03310,3,2.037545258150801,0.9625984251968503,0.0,0.15302491103202842,0.9219219219219219,1,0,1,1
K03614,3,2.03068225706021,0.7263779527559056,0.6086086086086087,0.0,0.6956956956956957,1,1,0,1
K03215,3,2.027880242447172,0.7145669291338583,0.6896896896896897,0.0,0.6236236236236237,1,1,0,1
K00767,3,2.025819126212827,0.6003937007874016,0.7487487487487487,0.0,0.6766766766766767,1,1,0,1
K01262,3,2.0191057198931217,0.7007874015748031,0.8538538538538538,0.0,0.46446446446446443,1,1,0,1
K01778,3,2.0181756559709316,0.6377952755905512,0.5725725725725725,0.0,0.8078078078078078,1,1,0,1
K02004,3,2.011730234171179,0.7224409448818898,0.8478478478478478,0.0,0.4414414414414415,1,1,0,1
K03718,3,1.9974885917946417,0.0,0.8228228228228228,0.5800711743772242,0.5945945945945945,0,1,1,1
K00806,3,1.9972827157866528,0.21850393700787396,0.7997997997997998,0.0,0.978978978978979,1,1,0,1
K00640,3,1.9949398217114753,0.8267716535433071,0.5235235235235236,0.0,0.6446446446446447,1,1,0,1
K00765,3,1.9945713429965402,0.8484251968503937,0.8078078078078078,0.0,0.3383383383383384,1,1,0,1
K18918,3,1.9864312711287802,0.0,0.4394394394394394,0.99644128113879,0.5505505505505506,0,1,1,1
K01585,3,1.9860273659486258,0.8799212598425197,0.1341341341341341,0.0,0.9719719719719719,1,1,0,1
K01886,3,1.98146571768619,0.7362204724409449,0.5055055055055055,0.0,0.7397397397397397,1,1,0,1
K19509,3,1.9793580533766035,0.43700787401574803,0.8128128128128128,0.7295373665480427,0.0,1,1,1,0
K03616,3,1.9789651856580992,0.7066929133858268,0.6596596596596597,0.0,0.6126126126126126,1,1,0,1
K03699,3,1.9767641657405437,0.1889763779527559,0.8598598598598599,0.0,0.9279279279279279,1,1,0,1
K07029,3,1.9696152845759145,0.31496062992125984,0.8708708708708709,0.0,0.7837837837837838,1,1,0,1
K00928,3,1.9670024355063727,0.46850393700787396,0.7187187187187187,0.0,0.7797797797797797,1,1,0,1
K02242,3,1.9668231223349333,0.655511811023622,0.5645645645645645,0.0,0.7467467467467468,1,1,0,1
K03438,3,1.9653570893728376,0.6240157480314961,0.7577577577577578,0.0,0.5835835835835836,1,1,0,1
K00791,3,1.9627205946103583,0.13188976377952755,0.9059059059059059,0.0,0.924924924924925,1,1,0,1
K01338,3,1.9606988878642422,0.4271653543307087,0.8458458458458459,0.0,0.6876876876876876,1,1,0,1
K00865,3,1.957638741103308,0.7834645669291338,0.4724724724724725,0.0,0.7017017017017018,1,1,0,1
K02189,3,1.9456385519377646,0.6062992125984252,0.3983983983983984,0.0,0.9409409409409409,1,1,0,1
K14060,3,1.9430711850640676,0.0,0.7387387387387387,0.8469750889679715,0.3573573573573574,0,1,1,1
K01662,3,1.9382512433693537,0.8051181102362205,0.5065065065065065,0.0,0.6266266266266266,1,1,0,1
K02014,3,1.9321848538930388,0.0,0.8988988988988988,0.7259786476868327,0.30730730730730726,0,1,1,1
K19955,3,1.929977221315804,0.2913385826771654,0.7347347347347347,0.0,0.9039039039039038,1,1,0,1
K07171,3,1.9298392881070048,0.3582677165354331,0.6426426426426426,0.0,0.928928928928929,1,1,0,1
K00957,3,1.9244145860770963,0.9232283464566929,0.6666666666666667,0.3345195729537367,0.0,1,1,1,0
K11068,3,1.9243121073829736,0.6830708661417323,0.6926926926926926,0.0,0.5485485485485486,1,1,0,1
K00067,3,1.9221816599012778,0.937007874015748,0.6826826826826826,0.302491103202847,0.0,1,1,1,0
K02551,3,1.9172945187180064,0.0,0.6076076076076076,0.604982206405694,0.7047047047047047,0,1,1,1
K11072,3,1.9169720902004368,0.17322834645669294,0.970970970970971,0.0,0.7727727727727728,1,1,0,1
K03654,3,1.9067315346842908,0.1279527559055118,0.943943943943944,0.0,0.8348348348348349,1,1,0,1
K00931,3,1.899308757576474,0.8582677165354331,0.6406406406406406,0.0,0.40040040040040037,1,1,0,1
K19265,3,1.8891627848320762,0.39566929133858264,0.9479479479479479,0.0,0.5455455455455456,1,1,0,1
K05878,3,1.880770450165468,0.0,0.8298298298298299,0.9928825622775801,0.05805805805805808,0,1,1,1
K11754,3,1.8577179541746471,0.5964566929133859,0.39639639639639634,0.0,0.8648648648648649,1,1,0,1
K00176,3,1.8534370669601987,0.0,0.6786786786786787,0.7473309608540926,0.42742742742742745,0,1,1,1
K07000,3,1.8501882665583733,0.0,0.6026026026026026,0.9572953736654805,0.2902902902902903,0,1,1,1
K03536,3,1.8439463085132375,0.4645669291338582,0.46946946946946944,0.0,0.9099099099099099,1,1,0,1
K09952,3,1.8431990709570782,0.0,0.8398398398398399,0.797153024911032,0.20620620620620622,0,1,1,1
K20074,3,1.8326476082381595,0.7755905511811023,0.18018018018018023,0.0,0.8768768768768769,1,1,0,1
K14698,3,1.8298369543921147,0.0,0.2072072072072072,0.9359430604982206,0.6866866866866868,0,1,1,1
K17686,3,1.8230159293151418,0.10629921259842523,0.955955955955956,0.0,0.7607607607607607,1,1,0,1
K01246,3,1.8184839643914377,0.0,0.91991991991992,0.010676156583629859,0.8878878878878879,0,1,1,1
K21571,3,1.8163893430797347,0.0,0.8268268268268268,0.8434163701067616,0.14614614614614618,0,1,1,1
K18887,3,1.809392069234589,0.25984251968503935,0.8858858858858859,0.0,0.6636636636636637,1,1,0,1
K09607,3,1.803137657230184,0.0,0.7767767767767768,0.9893238434163701,0.03703703703703709,0,1,1,1
K01448,3,1.7986451017947083,0.3031496062992126,0.6866866866866868,0.0,0.8088088088088088,1,1,0,1
K02372,3,1.796920936684716,0.639763779527559,0.6346346346346347,0.0,0.5225225225225225,1,1,0,1
K01924,3,1.793949461272296,0.16732283464566933,0.7717717717717718,0.0,0.8548548548548549,1,1,0,1
K06904,3,1.7913714426169942,0.0,0.5445445445445445,0.7793594306049823,0.4674674674674675,0,1,1,1
K02086,3,1.7911316828639663,0.3917322834645669,0.7837837837837838,0.0,0.6156156156156156,1,1,0,1
K01933,3,1.7878626658154217,0.8779527559055118,0.5755755755755756,0.0,0.33433433433433435,1,1,0,1
K06147,3,1.7844793612510146,0.07677165354330706,0.944944944944945,0.0,0.7627627627627628,1,1,0,1
K19005,3,1.7760393845803097,0.0,0.9459459459459459,0.6298932384341638,0.20020020020020024,0,1,1,1
K07733,3,1.7751274406078679,0.0,0.2912912912912913,0.8291814946619217,0.6546546546546547,0,1,1,1
K02109,3,1.7749205898812197,0.8149606299212598,0.3563563563563563,0.0,0.6036036036036037,1,1,0,1
K02037,3,1.773023023023023,0.75,0.36936936936936937,0.0,0.6536536536536537,1,1,0,1
K03585,3,1.7701295601651474,0.0,0.7597597597597597,0.7651245551601423,0.24524524524524527,0,1,1,1
K01787,3,1.7671408062867138,0.0,0.38038038038038036,0.6370106761565837,0.7497497497497497,0,1,1,1
K25152,3,1.7667923829341152,0.11614173228346458,0.8558558558558559,0.0,0.7947947947947948,1,1,0,1
K19158,3,1.7646828322984907,0.0,0.8428428428428428,0.7366548042704626,0.18518518518518523,0,1,1,1
K07172,3,1.759125673716421,0.0,0.7307307307307307,0.7010676156583631,0.3273273273273273,0,1,1,1
K03555,3,1.7510404104892294,0.15944881889763785,0.8768768768768769,0.0,0.7147147147147147,1,1,0,1
K07079,3,1.7457920554005963,0.0,0.7017017017017018,0.5836298932384342,0.4604604604604604,0,1,1,1
K18218,3,1.7455467278301924,0.48228346456692917,0.4974974974974975,0.0,0.7657657657657657,1,1,0,1
K02233,3,1.7394520504756725,0.3110236220472441,0.8408408408408409,0.0,0.5875875875875876,1,1,0,1
K07075,3,1.7216576006611592,0.0,0.7077077077077076,0.5765124555160142,0.43743743743743746,0,1,1,1
K11928,3,1.71098785337864,0.4448818897637795,0.0,0.4412811387900356,0.8248248248248249,1,0,1,1
K16787,3,1.7089786637030733,0.45472440944881887,0.6126126126126126,0.0,0.6416416416416417,1,1,0,1
K28560,3,1.7056451469262859,0.0,0.6976976976976976,0.5444839857651246,0.46346346346346345,0,1,1,1
K07496,3,1.7000248279775838,0.6279527559055118,0.3303303303303303,0.0,0.7417417417417418,1,1,0,1
K06158,3,1.6982848990723007,0.20078740157480313,0.6236236236236237,0.0,0.8738738738738738,1,1,0,1
K03402,3,1.6949607087402363,0.5137795275590551,0.19619619619619622,0.0,0.984984984984985,1,1,0,1
K02529,3,1.6865408715802417,0.18503937007874016,0.7537537537537538,0.0,0.7477477477477478,1,1,0,1
K05601,3,1.6802923920361643,0.0,0.9409409409409409,0.49110320284697506,0.2482482482482482,0,1,1,1
K01447,3,1.6785663616372277,0.1830708661417323,0.6806806806806807,0.0,0.8148148148148149,1,1,0,1
K03442,3,1.675541683415699,0.007874015748031482,0.7287287287287287,0.0,0.938938938938939,1,1,0,1
K01657,3,1.6750037439013816,0.5688976377952756,0.5485485485485486,0.0,0.5575575575575575,1,1,0,1
K00655,3,1.6683829498790126,0.7814960629921259,0.6116116116116116,0.0,0.2752752752752753,1,1,0,1
K03546,3,1.667096230088356,0.562992125984252,0.19919919919919915,0.0,0.9049049049049049,1,1,0,1
K02823,3,1.6599394670260812,0.8070866141732284,0.5415415415415415,0.0,0.3113113113113113,1,1,0,1
K07085,3,1.659894770215055,0.0,0.49549549549549554,0.8861209964412812,0.2782782782782782,0,1,1,1
K01012,3,1.6461165890299747,0.44291338582677164,0.5095095095095095,0.0,0.6936936936936937,1,1,0,1
K01893,3,1.64415202604179,0.38188976377952755,0.6436436436436437,0.0,0.6186186186186187,1,1,0,1
K00848,3,1.642906686213773,0.04330708661417326,0.8778778778778779,0.0,0.7217217217217218,1,1,0,1
K03500,3,1.641454446572557,0.3051181102362205,0.8468468468468469,0.0,0.48948948948948945,1,1,0,1
K01284,3,1.6399246221310277,0.0,0.8388388388388388,0.43772241992882566,0.3633633633633634,0,1,1,1
K01752,3,1.6331528378772473,0.20472440944881887,0.6266266266266266,0.0,0.8018018018018018,1,1,0,1
K00175,3,1.6219172909564368,0.0,0.7057057057057057,0.3416370106761566,0.5745745745745745,0,1,1,1
K04041,3,1.617700377542897,0.7598425196850394,0.7357357357357357,0.0,0.12212212212212215,1,1,0,1
K16214,3,1.6164456271217835,0.0,0.3223223223223223,0.5373665480427046,0.7567567567567568,0,1,1,1
K03077,3,1.6138126315291668,0.5177165354330708,0.9079079079079079,0.0,0.18818818818818817,1,1,0,1
K26113,3,1.6088829042565698,0.0,0.4574574574574575,0.5338078291814947,0.6176176176176176,0,1,1,1
K00099,3,1.608728807547705,0.6988188976377953,0.4044044044044044,0.0,0.5055055055055055,1,1,0,1
K00133,3,1.6083406240886555,0.015748031496062964,0.8868868868868869,0.0,0.7057057057057057,1,1,0,1
K02528,3,1.6017277119639324,0.11023622047244097,0.6876876876876876,0.0,0.8038038038038038,1,1,0,1
K00375,3,1.601568713612315,0.24015748031496065,0.0,0.5516014234875445,0.8098098098098099,1,0,1,1
K12308,3,1.5981611532792637,0.5551181102362205,0.5915915915915916,0.0,0.4514514514514515,1,1,0,1
K06132,3,1.596297364980639,0.0,0.3633633633633634,0.6903914590747331,0.5425425425425425,0,1,1,1
K02110,3,1.5902753146847635,0.7244094488188977,0.14314314314314314,0.0,0.7227227227227226,1,1,0,1
K03496,3,1.5891817013864258,0.6122047244094488,0.17217217217217218,0.0,0.8048048048048049,1,1,0,1
K03617,3,1.5793214474316837,0.36811023622047245,0.7887887887887888,0.0,0.42242242242242245,1,1,0,1
K20534,3,1.5773943234573156,0.24606299212598426,0.42242242242242245,0.0,0.9089089089089089,1,1,0,1
K03217,3,1.576072135127253,0.5590551181102362,0.9039039039039038,0.0,0.11311311311311312,1,1,0,1
K03088,3,1.565798081546113,0.515748031496063,0.8058058058058057,0.0,0.2442442442442443,1,1,0,1
K01892,3,1.560121144766814,0.08464566929133854,0.6796796796796797,0.0,0.7957957957957957,1,1,0,1
K01735,3,1.557626524161957,0.4665354330708661,0.5545545545545545,0.0,0.5365365365365365,1,1,0,1
K03615,3,1.5411750333010175,0.4921259842519685,0.23523523523523526,0.0,0.8138138138138138,1,1,0,1
K19353,3,1.5401593764583088,0.0,0.5975975975975976,0.4270462633451957,0.5155155155155156,0,1,1,1
K02124,3,1.5348714856588872,0.4507874015748031,0.10310310310310311,0.0,0.980980980980981,1,1,0,1
K01808,3,1.530063528095024,0.49803149606299213,0.2332332332332332,0.0,0.7987987987987988,1,1,0,1
K05540,3,1.5278605377030576,0.5098425196850394,0.6196196196196196,0.0,0.3983983983983984,1,1,0,1
K00426,3,1.5266832668967902,0.0,0.6936936936936937,0.5907473309608541,0.24224224224224222,0,1,1,1
K01443,3,1.5165381917350422,0.1751968503937008,0.4204204204204204,0.0,0.9209209209209209,1,1,0,1
K03281,3,1.5126642390421918,0.22637795275590555,0.7907907907907907,0.0,0.49549549549549554,1,1,0,1
K01961,3,1.5010325285915838,0.027559055118110187,0.7897897897897898,0.0,0.6836836836836837,1,1,0,1
K00939,3,1.5006187289651858,0.22834645669291342,0.7167167167167168,0.0,0.5555555555555556,1,1,0,1
K02032,3,1.4993676950972323,0.0,0.8748748748748749,0.1850533807829181,0.4394394394394394,0,1,1,1
K06217,3,1.497077786447865,0.7893700787401575,0.025025025025025016,0.0,0.6826826826826826,1,1,0,1
K00046,3,1.4886523534210367,0.0,0.7607607607607607,0.5266903914590748,0.20120120120120122,0,1,1,1
K00567,3,1.4869309231331815,0.5767716535433071,0.0,0.7580071174377224,0.15215215215215216,1,0,1,1
K02773,3,1.4820906315568236,0.0,0.7447447447447447,0.5231316725978647,0.21421421421421416,0,1,1,1
K00548,3,1.4752390185461053,0.5433070866141732,0.6516516516516517,0.0,0.2802802802802803,1,1,0,1
K00177,3,1.4577032548562796,0.0,0.20920920920920916,0.7900355871886121,0.45845845845845845,0,1,1,1
K26605,3,1.4574476050854004,0.6476377952755905,0.29829829829829835,0.0,0.5115115115115115,1,1,0,1
K07450,3,1.453678087536355,0.6338582677165354,0.009009009009009028,0.0,0.8108108108108107,1,1,0,1
K03657,3,1.4509883899647678,0.4389763779527559,0.03503503503503502,0.0,0.9769769769769769,1,1,0,1
K02341,3,1.4382768595367021,0.42125984251968507,0.3673673673673674,0.0,0.6496496496496497,1,1,0,1
K14170,3,1.4343634973556232,0.06299212598425197,0.7207207207207207,0.0,0.6506506506506506,1,1,0,1
K00688,3,1.427968894161065,0.0,0.8878878878878879,0.1316725978647687,0.4084084084084084,0,1,1,1
K14699,3,1.427210128277744,0.0,0.3363363363363363,0.9537366548042705,0.13713713713713716,0,1,1,1
K01620,3,1.4266471195605055,0.6929133858267716,0.0,0.0,0.7337337337337337,1,1,0,1
K03624,3,1.4251850275472324,0.6023622047244095,0.30430430430430433,0.0,0.5185185185185186,1,1,0,1
K01972,3,1.424103237095363,0.31299212598425197,0.8738738738738738,0.0,0.23723723723723722,1,1,0,1
K00973,3,1.4221977883395205,0.3661417322834646,0.6396396396396397,0.0,0.41641641641641647,1,1,0,1
K15865,3,1.4204204204204203,0.0,0.7847847847847848,0.0,0.6356356356356356,1,1,0,1
K02025,3,1.4167376037454777,0.687007874015748,0.7297297297297297,0.0,0.0,1,1,0,1
K02355,3,1.4165484382019815,0.5216535433070866,0.05105105105105101,0.0,0.8438438438438438,1,1,0,1
K02039,3,1.410558195991267,0.2854330708661418,0.14214214214214216,0.0,0.982982982982983,1,1,0,1
K01625,3,1.4002959652565952,0.06496062992125984,0.7937937937937938,0.0,0.5415415415415415,1,1,0,1
K26606,3,1.396051563374398,0.6673228346456692,0.39739739739739743,0.0,0.3313313313313313,1,1,0,1
K05989,3,1.393863614504184,0.0,0.3993993993993994,0.7722419928825623,0.2222222222222222,0,1,1,1
K00651,3,1.3909460641744107,0.6732283464566929,0.5085085085085085,0.0,0.20920920920920916,1,1,0,1
K00876,3,1.3827029876851942,0.0,0.8178178178178178,0.11743772241992878,0.44744744744744747,0,1,1,1
K01139,3,1.3767369731936663,0.09645669291338588,0.8418418418418419,0.0,0.43843843843843844,1,1,0,1
K05810,3,1.36773190513348,0.03740157480314965,0.4824824824824825,0.0,0.8478478478478478,1,1,0,1
K07487,3,1.364004573968987,0.0,0.5555555555555556,0.23487544483985767,0.5735735735735736,0,1,1,1
K09955,3,1.3597440857227334,0.0,0.7027027027027026,0.5409252669039146,0.11611611611611616,0,1,1,1
K02027,3,1.355899143181627,0.860236220472441,0.0,0.494661921708185,0.0010010010010009784,1,0,1,1
K25089,3,1.35430937704875,0.6811023622047244,0.0,0.19572953736654808,0.4774774774774775,1,0,1,1
K03465,3,1.353189488420805,0.0,0.41141141141141147,0.4733096085409253,0.46846846846846846,0,1,1,1
K00384,3,1.3515543102157275,0.4586614173228346,0.16316316316316315,0.0,0.7297297297297297,1,1,0,1
K04762,3,1.3499483735704207,0.023622047244094446,0.8948948948948949,0.0,0.4314314314314315,1,1,0,1
K03498,3,1.346856699218904,0.8523622047244095,0.3013013013013013,0.0,0.19319319319319317,1,1,0,1
K19092,3,1.3454913988721817,0.0,0.4254254254254254,0.6868327402135231,0.2332332332332332,0,1,1,1
K01991,3,1.3444369636540454,0.0,0.3533533533533534,0.16725978647686834,0.8238238238238238,0,1,1,1
K06320,3,1.3423957765594776,0.0,0.5135135135135135,0.5195729537366548,0.30930930930930933,0,1,1,1
K03839,3,1.3386339095000512,0.5708661417322834,0.33333333333333337,0.0,0.4344344344344344,1,1,0,1
K12529,3,1.3317648357018437,0.5039370078740157,0.6446446446446447,0.0,0.18318318318318316,1,1,0,1
K03686,3,1.325688783187312,0.3169291338582677,0.0,0.24199288256227758,0.7667667667667668,1,0,1,1
K10441,3,1.3142680046594637,0.0,0.6476476476476476,0.41637010676156583,0.2502502502502503,0,1,1,1
K02483,3,1.3037308962505811,0.09251968503937003,0.8218218218218218,0.0,0.3893893893893894,1,1,0,1
K04069,3,1.3034136498703428,0.3464566929133859,0.48448448448448445,0.0,0.4724724724724725,1,1,0,1
K03703,3,1.299462848675447,0.049212598425196874,0.6606606606606606,0.0,0.5895895895895895,1,1,0,1
K03798,3,1.297545577073136,0.27952755905511806,0.6326326326326326,0.0,0.38538538538538536,1,1,0,1
K24648,3,1.2900266814857564,0.0,0.03703703703703709,0.37010676156583633,0.8828828828828829,0,1,1,1
K02038,3,1.2815748819685828,0.10039370078740162,0.5925925925925926,0.0,0.5885885885885886,1,1,0,1
K06942,3,1.2772575725331632,0.29527559055118113,0.44244244244244246,0.0,0.5395395395395395,1,1,0,1
K10440,3,1.2700885939320101,0.0,0.5075075075075075,0.6334519572953736,0.1291291291291291,0,1,1,1
K03593,3,1.263139123375344,0.36023622047244097,0.040040040040040026,0.0,0.8628628628628628,1,1,0,1
K09925,3,1.262967593928448,0.0,0.3253253253253253,0.6583629893238434,0.2792792792792793,0,1,1,1
K04751,3,1.255300576166718,0.8208661417322834,0.07307307307307309,0.0,0.3613613613613613,1,1,0,1
K01693,3,1.2492216626074895,0.4133858267716536,0.16216216216216217,0.0,0.6736736736736737,1,1,0,1
K02013,3,1.2360017497812774,0.013779527559055094,0.4814814814814815,0.0,0.7407407407407407,1,1,0,1
K01547,3,1.232827133183005,0.0,0.31731731731731727,0.6512455516014235,0.2642642642642643,0,1,1,1
K05995,3,1.2218196844531364,0.0,0.5145145145145145,0.6192170818505338,0.0880880880880881,0,1,1,1
K02340,3,1.2107895296871676,0.3188976377952756,0.16716716716716717,0.0,0.7247247247247247,1,1,0,1
K03743,3,1.1885822830704722,0.09448818897637801,0.3433433433433434,0.0,0.7507507507507507,1,1,0,1
K01755,3,1.188446320336084,0.6318897637795275,0.5295295295295295,0.0,0.027027027027026973,1,1,0,1
K06133,3,1.1859851977962212,0.011811023622047223,0.5695695695695695,0.0,0.6046046046046045,1,1,0,1
K05595,3,1.1853276764308793,0.0,0.1711711711711712,0.7188612099644128,0.2952952952952953,0,1,1,1
K00249,3,1.1835002262048526,0.0,0.08008008008008005,0.14946619217081847,0.953953953953954,0,1,1,1
K20265,3,1.182242740961602,0.0,0.2862862862862863,0.4555160142348754,0.4404404404404404,0,1,1,1
K06076,3,1.1688521261474998,0.0,0.2272272272272272,0.8505338078291815,0.09109109109109104,0,1,1,1
K07114,3,1.1676409505591,0.0,0.2992992992992993,0.7402135231316727,0.12812812812812813,0,1,1,1
K01873,3,1.1610862831335271,0.1220472440944882,0.5345345345345345,0.0,0.5045045045045045,1,1,0,1
K01258,3,1.1458131359706163,0.49015748031496065,0.12012012012012008,0.0,0.5355355355355356,1,1,0,1
K18349,3,1.145020465305163,0.0,0.6096096096096096,0.12099644128113884,0.4144144144144144,0,1,1,1
K02563,3,1.140232752437477,0.11220472440944884,0.5375375375375375,0.0,0.49049049049049054,1,1,0,1
K05832,3,1.1395844663561199,0.32677165354330706,0.4914914914914915,0.0,0.3213213213213213,1,1,0,1
K03660,3,1.1339987674507248,0.0,0.4674674674674675,0.2170818505338078,0.4494494494494494,0,1,1,1
K06919,3,1.1256131576416273,0.0,0.23123123123123124,0.6120996441281139,0.28228228228228225,0,1,1,1
K03783,3,1.122309317191207,0.6948818897637795,0.20620620620620622,0.0,0.22122122122122123,1,1,0,1
K02035,3,1.1221078729975527,0.0,0.5805805805805806,0.12811387900355875,0.4134134134134134,0,1,1,1
K00012,3,1.1202422895336281,0.1692913385826772,0.6246246246246246,0.0,0.3263263263263263,1,1,0,1
K16870,3,1.1134106547492375,0.04133858267716539,0.8048048048048049,0.0,0.26726726726726724,1,1,0,1
K00266,3,1.1129771503787251,0.5374015748031495,0.13313313313313313,0.0,0.44244244244244246,1,1,0,1
K07056,3,1.1112963357057846,0.22440944881889768,0.3843843843843844,0.0,0.5025025025025025,1,1,0,1
K03534,3,1.103284779441363,0.0,0.6376376376376376,0.3665480427046264,0.09909909909909909,0,1,1,1
K15633,3,1.0891760003341253,0.33464566929133854,0.7367367367367368,0.017793594306049876,0.0,1,1,1,0
K06518,3,1.0891324395261404,0.3503937007874016,0.3663663663663663,0.0,0.3723723723723724,1,1,0,1
K15460,3,1.086283133527228,0.047244094488189003,0.7517517517517518,0.0,0.28728728728728725,1,1,0,1
K03892,3,1.0804662930647182,0.21259842519685035,0.5195195195195195,0.0,0.3483483483483484,1,1,0,1
K00854,3,1.0785352281415275,0.14960629921259838,0.5785785785785786,0.0,0.35035035035035034,1,1,0,1
K00134,3,1.0757962687096545,0.19291338582677164,0.7227227227227226,0.0,0.16016016016016021,1,1,0,1
K09121,3,1.0671301222482326,0.055118110236220486,0.977977977977978,0.0,0.034034034034034044,1,1,0,1
K27343,3,1.0662808477769108,0.28149606299212604,0.2652652652652653,0.0,0.5195195195195195,1,1,0,1
K01811,3,1.0622807847217297,0.2224409448818898,0.6706706706706707,0.0,0.16916916916916913,1,1,0,1
K03572,3,1.05799106192807,0.003937007874015741,0.6766766766766767,0.0,0.3773773773773774,1,1,0,1
K00027,3,1.054716133456291,0.07874015748031493,0.17017017017017022,0.0,0.8058058058058057,1,1,0,1
K01963,3,1.0488863972555513,0.5885826771653544,0.0,0.4092526690391459,0.05105105105105101,1,0,1,1
K15772,3,1.0477880015246563,0.0,0.11811811811811812,0.33807829181494664,0.5915915915915916,0,1,1,1
K03612,3,1.0386055346685268,0.49606299212598426,0.22922922922922928,0.0,0.31331331331331336,1,1,0,1
K16899,3,1.0125125125125125,0.5,0.018018018018018056,0.0,0.49449449449449445,1,1,0,1
K03785,3,1.0062582267306677,0.22047244094488194,0.1451451451451451,0.0,0.6406406406406406,1,1,0,1
K10773,3,1.0011310523121546,0.051181102362204745,0.1561561561561562,0.0,0.7937937937937938,1,1,0,1
K11071,3,0.9957910666572084,0.07086614173228345,0.06306306306306309,0.0,0.8618618618618619,1,1,0,1
K06887,3,0.9936840755346094,0.0,0.013013013013013053,0.7864768683274022,0.19419419419419415,0,1,1,1
K05592,3,0.9902520630867087,0.5728346456692913,0.30230230230230226,0.0,0.11511511511511507,1,1,0,1
K18220,3,0.9881803511696751,0.0,0.4464464464464465,0.2704626334519573,0.27127127127127126,0,1,1,1
K07009,3,0.9833819584709265,0.0,0.3793793793793794,0.4128113879003559,0.1911911911911912,0,1,1,1
K03613,3,0.9830342153176799,0.23228346456692917,0.21321321321321318,0.0,0.5375375375375375,1,1,0,1
K01142,3,0.9818322259267142,0.2440944881889764,0.33433433433433435,0.0,0.4034034034034034,1,1,0,1
K02337,3,0.9816470013320406,0.019685039370078705,0.32932932932932935,0.0,0.6326326326326326,1,1,0,1
K03706,3,0.9727187817738999,0.3090551181102362,0.06806806806806809,0.0,0.5955955955955956,1,1,0,1
K01613,3,0.9686556635375534,0.19488188976377951,0.5935935935935936,0.0,0.18018018018018023,1,1,0,1
K00240,3,0.9665715537601659,0.0,0.1511511511511512,0.5551601423487544,0.2602602602602603,0,1,1,1
K02123,3,0.966172865779165,0.3996062992125984,0.3313313313313313,0.0,0.23523523523523526,1,1,0,1
K01698,3,0.9644876192918898,0.0,0.44844844844844844,0.29181494661921703,0.22422422422422428,0,1,1,1
K00459,3,0.9591954158883292,0.45669291338582674,0.32832832832832837,0.0,0.17417417417417413,1,1,0,1
K01804,3,0.9591500949768667,0.6358267716535433,0.2552552552552553,0.0,0.06806806806806809,1,1,0,1
K07486,3,0.9495873826582488,0.4330708661417323,0.23023023023023026,0.0,0.2862862862862863,1,1,0,1
K01783,3,0.9434473843922663,0.4409448818897638,0.2442442442442443,0.0,0.2582582582582582,1,1,0,1
K16511,3,0.9426928609894395,0.5570866141732284,0.37137137137137133,0.014234875444839812,0.0,1,1,1,0
K07461,3,0.9421485542481983,0.0,0.5875875875875876,0.14234875444839856,0.2122122122122122,0,1,1,1
K02757,3,0.9411971026144256,0.16141732283464572,0.6186186186186187,0.0,0.1611611611611612,1,1,0,1
K25307,3,0.9381645424952513,0.10433070866141736,0.2952952952952953,0.0,0.5385385385385386,1,1,0,1
K10117,3,0.9263338141290897,0.38779527559055116,0.5325325325325325,0.0,0.006006006006005982,1,1,0,1
K00859,3,0.9137346007424747,0.18700787401574803,0.3943943943943944,0.0,0.3323323323323323,1,1,0,1
K00857,3,0.9119047873496272,0.0,0.47347347347347346,0.06405693950177938,0.3743743743743744,0,1,1,1
K02433,3,0.8977053383700061,0.1417322834645669,0.7097097097097097,0.0462633451957295,0.0,1,1,1,0
K01923,3,0.8736295350468578,0.6614173228346456,0.06406406406406406,0.0,0.14814814814814814,1,1,0,1
K10439,3,0.8666501146816108,0.24803149606299213,0.47547547547547553,0.0,0.14314314314314314,1,1,0,1
K02824,3,0.8549789666933164,0.08858267716535428,0.0,0.33096085409252674,0.4354354354354354,1,0,1,1
K01198,3,0.8518282061589149,0.35433070866141736,0.024024024024024038,0.0,0.47347347347347346,1,1,0,1
K00661,3,0.8414832154989634,0.37401574803149606,0.1501501501501501,0.0,0.31731731731731727,1,1,0,1
K01870,3,0.8359245071843497,0.17125984251968507,0.042042042042042094,0.0,0.6226226226226226,1,1,0,1
K06950,3,0.8295650780098899,0.2893700787401575,0.43343343343343343,0.10676156583629892,0.0,1,1,1,0
K07335,3,0.8186727652919823,0.0,0.002002002002001957,0.31316725978647686,0.5035035035035035,0,1,1,1
K03424,3,0.8063299519992433,0.14566929133858264,0.2592592592592593,0.0,0.40140140140140135,1,1,0,1
K06012,3,0.7795446692243845,0.0,0.005005005005005003,0.11387900355871883,0.6606606606606606,0,1,1,1
K01812,3,0.7759538898328934,0.0,0.30730730730730726,0.39857651245551606,0.07007007007007005,0,1,1,1
K01736,3,0.7731846019247594,0.32874015748031493,0.3273273273273273,0.0,0.11711711711711714,1,1,0,1
K07149,3,0.7676692440471968,0.47637795275590555,0.03903903903903905,0.0,0.25225225225225223,1,1,0,1
K01790,3,0.7497182221591671,0.4724409448818898,0.2122122122122122,0.0,0.06506506506506504,1,1,0,1
K01885,3,0.7427525951147999,0.3523622047244095,0.3743743743743744,0.0,0.016016016016015988,1,1,0,1
K00052,3,0.7303543701181496,0.13976377952755903,0.15715715715715717,0.0,0.43343343343343343,1,1,0,1
K02020,3,0.7150181677740732,0.452755905511811,0.2482482482482482,0.0,0.014014014014014031,1,1,0,1
K06412,3,0.7135605356245925,0.0,0.08508508508508505,0.37722419928825623,0.25125125125125125,0,1,1,1
K03553,3,0.6800964665733349,0.0,0.3263263263263263,0.25266903914590744,0.10110110110110115,0,1,1,1
K10536,3,0.6782530562058121,0.3779527559055118,0.09809809809809811,0.0,0.2022022022022022,1,1,0,1
K15342,3,0.6565147824990345,0.12598425196850394,0.3053053053053053,0.0,0.22522522522522526,1,1,0,1
K03588,3,0.645675202761817,0.057086614173228356,0.3523523523523524,0.0,0.23623623623623624,1,1,0,1
K26730,3,0.5999306393007181,0.03937007874015752,0.24124124124124124,0.0,0.31931931931931934,1,1,0,1
K00059,3,0.5955384518376645,0.35629921259842523,0.10810810810810811,0.0,0.13113113113113117,1,1,0,1
K09951,3,0.5820229678497395,0.3858267716535433,0.1911911911911912,0.0,0.005005005005005003,1,1,0,1
K01810,3,0.5813608884475026,0.30708661417322836,0.1291291291291291,0.0,0.1451451451451451,1,1,0,1
K16898,3,0.5634847445871068,0.18110236220472442,0.11611611611611616,0.0,0.26626626626626626,1,1,0,1
K03976,3,0.548377117274755,0.06889763779527558,0.17817817817817816,0.0,0.3013013013013013,1,1,0,1
K01953,3,0.5467602834150876,0.0,0.4184184184184184,0.07829181494661919,0.05005005005005003,0,1,1,1
K03648,3,0.5075035665586847,0.05905511811023623,0.31431431431431434,0.0,0.1341341341341341,1,1,0,1
K00864,3,0.5032276370859048,0.13385826771653542,0.19419419419419415,0.0,0.17517517517517522,1,1,0,1
K21745,3,0.4850330757804068,0.0,0.1191191191191191,0.06761565836298933,0.29829829829829835,0,1,1,1
K00297,3,0.46992267858409587,0.2086614173228346,0.00800800800800805,0.0,0.2532532532532532,1,1,0,1
K06113,3,0.4314100577445774,0.0,0.14714714714714716,0.19217081850533813,0.09209209209209213,0,1,1,1
K12251,3,0.3739940728129705,0.19881889763779526,0.11311311311311312,0.0,0.06206206206206211,1,1,0,1
K01928,3,0.08598559189110366,0.0059055118110236116,0.05805805805805808,0.0,0.02202202202202197,1,1,0,1
K01207,2,1.9279279279279278,0.0,0.9379379379379379,0.0,0.98998998998999,0,1,0,1
K01565,2,1.879659018449054,0.0,0.0,0.9857651245551602,0.8938938938938938,0,0,1,1
K00590,2,1.8644231420032131,0.0,0.8928928928928929,0.9715302491103203,0.0,0,1,1,0
K03429,2,1.8188188188188188,0.0,0.9429429429429429,0.0,0.8758758758758759,0,1,0,1
K19221,2,1.8048048048048049,0.0,0.8338338338338338,0.0,0.970970970970971,0,1,0,1
K01486,2,1.7717717717717718,0.0,0.8548548548548549,0.0,0.9169169169169169,0,1,0,1
K15635,2,1.7647647647647648,0.0,0.8098098098098099,0.0,0.954954954954955,0,1,0,1
K07154,2,1.7507507507507507,0.0,0.8938938938938938,0.0,0.8568568568568569,0,1,0,1
K23775,2,1.7284009988636324,0.0,0.7817817817817818,0.9466192170818505,0.0,0,1,1,0
K01619,2,1.6946946946946948,0.0,0.7007007007007007,0.0,0.993993993993994,0,1,0,1
K01912,2,1.6926926926926926,0.0,0.928928928928929,0.0,0.7637637637637638,0,1,0,1
K07095,2,1.6886000173401747,0.8287401574803149,0.0,0.0,0.8598598598598599,1,0,0,1
K03930,2,1.6866866866866865,0.0,0.965965965965966,0.0,0.7207207207207207,0,1,0,1
K00919,2,1.6734135710513662,0.8976377952755905,0.0,0.0,0.7757757757757757,1,0,0,1
K03040,2,1.6716716716716715,0.0,0.8188188188188188,0.0,0.8528528528528528,0,1,0,1
K01992,2,1.6566566566566565,0.0,0.8238238238238238,0.0,0.8328328328328328,0,1,0,1
K01591,2,1.6390189402000426,0.8011811023622047,0.0,0.0,0.8378378378378378,1,0,0,1
K09768,2,1.6376376376376376,0.0,0.9069069069069069,0.0,0.7307307307307307,0,1,0,1
K18346,2,1.6136136136136137,0.0,0.6386386386386387,0.0,0.974974974974975,0,1,0,1
K01854,2,1.6096096096096097,0.0,0.6746746746746747,0.0,0.934934934934935,0,1,0,1
K07001,2,1.5875875875875876,0.0,0.7647647647647647,0.0,0.8228228228228228,0,1,0,1
K02030,2,1.5865865865865865,0.0,0.7507507507507507,0.0,0.8358358358358359,0,1,0,1
K07636,2,1.5865865865865865,0.0,0.8278278278278278,0.0,0.7587587587587588,0,1,0,1
K01358,2,1.5815815815815815,0.0,0.8578578578578578,0.0,0.7237237237237237,0,1,0,1
K03100,2,1.5744937851237064,0.7106299212598426,0.0,0.0,0.8638638638638638,1,0,0,1
K02916,2,1.5715715715715715,0.0,0.7557557557557557,0.0,0.8158158158158157,0,1,0,1
K00794,2,1.5715715715715715,0.0,0.8638638638638638,0.0,0.7077077077077076,0,1,0,1
K07646,2,1.5625625625625625,0.0,0.6016016016016016,0.0,0.960960960960961,0,1,0,1
K03092,2,1.5605605605605604,0.0,0.7177177177177176,0.0,0.8428428428428428,0,1,0,1
K25026,2,1.5468894090941334,0.8622047244094488,0.0,0.0,0.6846846846846847,1,0,0,1
K06915,2,1.5441099462451775,0.0,0.6366366366366366,0.9074733096085409,0.0,0,1,1,0
K09809,2,1.5355355355355356,0.0,0.6506506506506506,0.0,0.8848848848848849,0,1,0,1
K01318,2,1.532425664098262,0.0,0.5715715715715716,0.9608540925266904,0.0,0,1,1,0
K03282,2,1.5235235235235236,0.0,0.5475475475475475,0.0,0.975975975975976,0,1,0,1
K01173,2,1.5065065065065066,0.0,0.8248248248248249,0.0,0.6816816816816818,0,1,0,1
K01695,2,1.5014542101156274,0.7086614173228347,0.0,0.0,0.7927927927927928,1,0,0,1
K19309,2,1.473063811142103,0.0,0.0,0.6832740213523132,0.7897897897897898,0,0,1,1
K03299,2,1.4723691663193443,0.0,0.5435435435435436,0.9288256227758007,0.0,0,1,1,0
K07386,2,1.47048471959504,0.0,0.5985985985985987,0.8718861209964412,0.0,0,1,1,0
K00796,2,1.4670930773292978,0.610236220472441,0.8568568568568569,0.0,0.0,1,1,0,0
K02171,2,1.4624624624624625,0.0,0.6556556556556556,0.0,0.8068068068068068,0,1,0,1
K06387,2,1.4604604604604605,0.0,0.8898898898898899,0.0,0.5705705705705706,0,1,0,1
K01297,2,1.4574574574574575,0.0,0.5845845845845845,0.0,0.8728728728728729,0,1,0,1
K01749,2,1.4564564564564564,0.0,0.7857857857857857,0.0,0.6706706706706707,0,1,0,1
K03628,2,1.4464464464464464,0.0,0.5675675675675675,0.0,0.8788788788788788,0,1,0,1
K01185,2,1.4436749917176965,0.0,0.5255255255255256,0.9181494661921709,0.0,0,1,1,0
K02231,2,1.4414414414414414,0.0,0.47447447447447444,0.0,0.9669669669669669,0,1,0,1
K08974,2,1.4254254254254253,0.0,0.8288288288288288,0.0,0.5965965965965966,0,1,0,1
K06221,2,1.4061962318190075,0.0,0.5165165165165165,0.8896797153024911,0.0,0,1,1,0
K00773,2,1.4048714068399106,0.5019685039370079,0.0,0.0,0.9029029029029029,1,0,0,1
K02961,2,1.3953953953953953,0.0,0.5775775775775776,0.0,0.8178178178178178,0,1,0,1
K04567,2,1.3903903903903903,0.0,0.6156156156156156,0.0,0.7747747747747747,0,1,0,1
K00287,2,1.3877578365767342,0.44881889763779526,0.938938938938939,0.0,0.0,1,1,0,0
K03722,2,1.3860800302081442,0.0,0.6316316316316316,0.7544483985765125,0.0,0,1,1,0
K01480,2,1.3856561187522043,0.0,0.8198198198198199,0.5658362989323844,0.0,0,1,1,0
K18682,2,1.3853853853853852,0.0,0.7687687687687688,0.0,0.6166166166166166,0,1,0,1
K06921,2,1.3753753753753755,0.0,0.7037037037037037,0.0,0.6716716716716717,0,1,0,1
K00817,2,1.374100478431187,0.6043307086614174,0.0,0.0,0.7697697697697697,1,0,0,1
K19956,2,1.3728354689208782,0.0,0.5365365365365365,0.8362989323843416,0.0,0,1,1,0
K03786,2,1.3693693693693694,0.0,0.6886886886886887,0.0,0.6806806806806807,0,1,0,1
K01126,2,1.3653653653653652,0.0,0.6756756756756757,0.0,0.6896896896896897,0,1,0,1
K15580,2,1.3636198476056127,0.0,0.6696696696696697,0.693950177935943,0.0,0,1,1,0
K06001,2,1.3633633633633635,0.0,0.5225225225225225,0.0,0.8408408408408409,0,1,0,1
K06392,2,1.3603603603603602,0.0,0.7527527527527528,0.0,0.6076076076076076,0,1,0,1
K11904,2,1.3501473003252362,0.0,0.0,0.8256227758007118,0.5245245245245245,0,0,1,1
K01770,2,1.34919762281967,0.7736220472440944,0.0,0.0,0.5755755755755756,1,0,0,1
K02996,2,1.3441532083264367,0.3641732283464567,0.0,0.0,0.97997997997998,1,0,0,1
K01491,2,1.3403403403403402,0.0,0.7707707707707707,0.0,0.5695695695695695,0,1,0,1
K02120,2,1.3402753146847637,0.4744094488188977,0.0,0.0,0.8658658658658659,1,0,0,1
K02315,2,1.3343343343343343,0.0,0.6566566566566567,0.0,0.6776776776776776,0,1,0,1
K02103,2,1.3342831019996373,0.7677165354330708,0.0,0.0,0.5665665665665666,1,0,0,1
K18345,2,1.3333333333333333,0.0,0.6226226226226226,0.0,0.7107107107107107,0,1,0,1
K02500,2,1.332066318286791,0.4862204724409449,0.0,0.0,0.8458458458458459,1,0,0,1
K02072,2,1.3273273273273274,0.0,0.5405405405405406,0.0,0.7867867867867868,0,1,0,1
K01929,2,1.3189587225020296,0.9035433070866141,0.0,0.0,0.4154154154154154,1,0,0,1
K00003,2,1.3133625751735987,0.7618110236220472,0.5515515515515516,0.0,0.0,1,1,0,0
K13038,2,1.3115241225477448,0.8110236220472441,0.0,0.0,0.5005005005005005,1,0,0,1
K01265,2,1.3093211321557778,0.8228346456692913,0.0,0.0,0.4864864864864865,1,0,0,1
K02050,2,1.2982982982982985,0.0,0.5215215215215215,0.0,0.7767767767767768,0,1,0,1
K03631,2,1.2982982982982985,0.0,0.5335335335335336,0.0,0.7647647647647647,0,1,0,1
K01153,2,1.2902902902902904,0.0,0.5385385385385386,0.0,0.7517517517517518,0,1,0,1
K01785,2,1.2872872872872874,0.0,0.3513513513513513,0.0,0.9359359359359359,0,1,0,1
K23514,2,1.2860119906383254,0.0,0.0,0.4661921708185054,0.8198198198198199,0,0,1,1
K00700,2,1.2859966265478078,0.8405511811023623,0.0,0.0,0.4454454454454454,1,0,0,1
K02687,2,1.278234927841227,0.6496062992125984,0.6286286286286287,0.0,0.0,1,1,0,0
K10823,2,1.274274274274274,0.0,0.4054054054054054,0.0,0.8688688688688688,0,1,0,1
K03523,2,1.2723294160302034,0.6437007874015748,0.0,0.0,0.6286286286286287,1,0,0,1
K07507,2,1.2702702702702702,0.0,0.8138138138138138,0.0,0.4564564564564565,0,1,0,1
K07341,2,1.2679476629654567,0.0,0.38538538538538536,0.8825622775800712,0.0,0,1,1,0
K06213,2,1.2652652652652652,0.0,0.3353353353353353,0.0,0.92992992992993,0,1,0,1
K02647,2,1.2592592592592593,0.0,0.4034034034034034,0.0,0.8558558558558559,0,1,0,1
K00057,2,1.2583311658114809,0.40748031496063,0.0,0.0,0.8508508508508509,1,0,0,1
K02520,2,1.2562562562562563,0.0,0.7067067067067068,0.0,0.5495495495495495,0,1,0,1
K16786,2,1.253858188897559,0.43503937007874016,0.0,0.0,0.8188188188188188,1,0,0,1
K00798,2,1.2502502502502502,0.0,0.4764764764764765,0.0,0.7737737737737738,0,1,0,1
K28370,2,1.2470406349409908,0.0,0.3893893893893894,0.8576512455516014,0.0,0,1,1,0
K01990,2,1.2442442442442443,0.0,0.6306306306306306,0.0,0.6136136136136137,0,1,0,1
K01534,2,1.2394678142709639,0.5748031496062992,0.0,0.0,0.6646646646646647,1,0,0,1
K11175,2,1.2384175514096774,0.812992125984252,0.0,0.0,0.4254254254254254,1,0,0,1
K02112,2,1.2257434599954284,0.734251968503937,0.0,0.0,0.4914914914914915,1,0,0,1
K07478,2,1.2102102102102101,0.0,0.6166166166166166,0.0,0.5935935935935936,0,1,0,1
K06958,2,1.2092092092092093,0.0,0.24624624624624625,0.0,0.962962962962963,0,1,0,1
K07464,2,1.2068296054061178,0.0,0.8118118118118118,0.395017793594306,0.0,0,1,1,0
K02909,2,1.2032032032032032,0.0,0.9269269269269269,0.0,0.27627627627627627,0,1,0,1
K07321,2,1.2029253452740996,0.0,0.7047047047047047,0.49822064056939497,0.0,0,1,1,0
K01000,2,1.2002002002002001,0.0,0.4084084084084084,0.0,0.7917917917917918,0,1,0,1
K00975,2,1.198028737398816,0.5393700787401574,0.0,0.0,0.6586586586586587,1,0,0,1
K15923,2,1.1971971971971973,0.0,0.5315315315315315,0.0,0.6656656656656657,0,1,0,1
K21574,2,1.1961391996979187,0.0,0.6836836836836837,0.5124555160142349,0.0,0,1,1,0
K18700,2,1.1901901901901901,0.0,0.3483483483483484,0.0,0.8418418418418419,0,1,0,1
K03340,2,1.1901901901901901,0.0,0.7157157157157157,0.0,0.47447447447447444,0,1,0,1
K00077,2,1.1881881881881882,0.0,0.40240240240240244,0.0,0.7857857857857857,0,1,0,1
K21600,2,1.183427522010199,0.3385826771653543,0.0,0.0,0.8448448448448449,1,0,0,1
K00147,2,1.182247207837759,0.5255905511811023,0.0,0.0,0.6566566566566567,1,0,0,1
K03832,2,1.179218364271745,0.0,0.0,0.6476868327402135,0.5315315315315315,0,0,1,1
K02031,2,1.179179179179179,0.0,0.5965965965965966,0.0,0.5825825825825826,0,1,0,1
K02782,2,1.1716485168442463,0.0,0.46346346346346345,0.708185053380783,0.0,0,1,1,0
K07498,2,1.1711711711711712,0.0,0.6056056056056056,0.0,0.5655655655655656,0,1,0,1
K09690,2,1.17017017017017,0.0,0.4344344344344344,0.0,0.7357357357357357,0,1,0,1
K03629,2,1.167167167167167,0.0,0.5945945945945945,0.0,0.5725725725725725,0,1,0,1
K00971,2,1.165165165165165,0.0,0.6036036036036037,0.0,0.5615615615615616,0,1,0,1
K01607,2,1.1641641641641642,0.0,0.8608608608608609,0.0,0.30330330330330335,0,1,0,1
K20487,2,1.1641641641641642,0.0,0.2892892892892893,0.0,0.8748748748748749,0,1,0,1
K01372,2,1.1631631631631631,0.0,0.9019019019019019,0.0,0.26126126126126126,0,1,0,1
K03501,2,1.159159159159159,0.0,0.5495495495495495,0.0,0.6096096096096096,0,1,0,1
K02314,2,1.1561561561561562,0.0,0.21021021021021025,0.0,0.9459459459459459,0,1,0,1
K05833,2,1.15015015015015,0.0,0.5895895895895895,0.0,0.5605605605605606,0,1,0,1
K01006,2,1.1481481481481481,0.0,0.8518518518518519,0.0,0.2962962962962963,0,1,0,1
K18843,2,1.144599323733182,0.6791338582677166,0.0,0.0,0.4654654654654654,1,0,0,1
K03544,2,1.14014014014014,0.0,0.5605605605605606,0.0,0.5795795795795795,0,1,0,1
K04094,2,1.1371371371371373,0.0,0.4454454454454454,0.0,0.6916916916916918,0,1,0,1
K22900,2,1.135135135135135,0.0,0.4924924924924925,0.0,0.6426426426426426,0,1,0,1
K06153,2,1.135135135135135,0.0,0.4354354354354354,0.0,0.6996996996996997,0,1,0,1
K02994,2,1.133133133133133,0.0,0.7127127127127126,0.0,0.4204204204204204,0,1,0,1
K07481,2,1.131747405768758,0.0,0.6726726726726726,0.4590747330960854,0.0,0,1,1,0
K07258,2,1.1268315559654143,0.42913385826771655,0.0,0.0,0.6976976976976976,1,0,0,1
K08384,2,1.115471770983582,0.155511811023622,0.0,0.0,0.95995995995996,1,0,0,1
K02313,2,1.11011011011011,0.0,0.5565565565565566,0.0,0.5535535535535536,0,1,0,1
K15582,2,1.105105105105105,0.0,0.5835835835835836,0.0,0.5215215215215215,0,1,0,1
K00954,2,1.1011011011011012,0.0,0.6686686686686687,0.0,0.43243243243243246,0,1,0,1
K06384,2,1.098098098098098,0.0,0.4774774774774775,0.0,0.6206206206206206,0,1,0,1
K02759,2,1.095793302198996,0.0,0.0,0.7224199288256228,0.3733733733733734,0,0,1,1
K01424,2,1.0930930930930929,0.0,0.7807807807807807,0.0,0.31231231231231227,0,1,0,1
K03286,2,1.090838169129984,0.0,0.8168168168168168,0.27402135231316727,0.0,0,1,1,0
K19271,2,1.0834713717275994,0.0,0.5745745745745745,0.5088967971530249,0.0,0,1,1,0
K25706,2,1.0828593045086445,0.6771653543307087,0.0,0.40569395017793597,0.0,1,0,1,0
K06941,2,1.079079079079079,0.0,0.6216216216216216,0.0,0.4574574574574575,0,1,0,1
K21572,2,1.078078078078078,0.0,0.5185185185185186,0.0,0.5595595595595595,0,1,0,1
K06200,2,1.0778278278278277,0.25,0.0,0.0,0.8278278278278278,1,0,0,1
K01206,2,1.0754455523138797,0.0,0.0,0.6690391459074734,0.40640640640640646,0,0,1,1
K09812,2,1.0726809486652007,0.37598425196850394,0.0,0.0,0.6966966966966968,1,0,0,1
K19055,2,1.0710710710710711,0.0,0.48948948948948945,0.0,0.5815815815815816,0,1,0,1
K00014,2,1.0587753107438147,0.25196850393700787,0.8068068068068068,0.0,0.0,1,1,0,0
K06962,2,1.0558412743452115,0.7185039370078741,0.0,0.0,0.3373373373373373,1,0,0,1
K03545,2,1.055055055055055,0.0,0.3413413413413413,0.0,0.7137137137137137,0,1,0,1
K04655,2,1.052052052052052,0.0,0.5995995995995995,0.0,0.45245245245245247,0,1,0,1
K07560,2,1.052052052052052,0.0,0.5595595595595595,0.0,0.4924924924924925,0,1,0,1
K03607,2,1.052052052052052,0.0,0.29729729729729726,0.0,0.7547547547547547,0,1,0,1
K07407,2,1.051510171588912,0.6200787401574803,0.4314314314314315,0.0,0.0,1,1,0,0
K01489,2,1.05005005005005,0.0,0.8968968968968969,0.0,0.15315315315315314,0,1,0,1
K07192,2,1.04004004004004,0.0,0.17917917917917914,0.0,0.8608608608608609,0,1,0,1
K07488,2,1.0380736608494616,0.0,0.3583583583583584,0.6797153024911031,0.0,0,1,1,0
K00560,2,1.03003003003003,0.0,0.21821821821821819,0.0,0.8118118118118118,0,1,0,1
K04763,2,1.029029029029029,0.0,0.6336336336336337,0.0,0.39539539539539537,0,1,0,1
K02122,2,1.028028028028028,0.0,0.41641641641641647,0.0,0.6116116116116116,0,1,0,1
K00215,2,1.0216515728326754,0.5511811023622047,0.0,0.0,0.4704704704704705,1,0,0,1
K07738,2,1.02002002002002,0.0,0.3833833833833834,0.0,0.6366366366366366,0,1,0,1
K06923,2,1.0199096734529804,0.6535433070866141,0.0,0.0,0.3663663663663663,1,0,0,1
K03723,2,1.016016016016016,0.0,0.14414414414414412,0.0,0.8718718718718719,0,1,0,1
K18320,2,1.0136150385260705,0.0,0.0,0.5871886120996441,0.4264264264264265,0,0,1,1
K01883,2,1.0096848817321258,0.3720472440944882,0.0,0.0,0.6376376376376376,1,0,0,1
K00783,2,1.0059941831595376,0.17716535433070868,0.0,0.0,0.8288288288288288,1,0,0,1
K05896,2,1.004004004004004,0.0,0.0570570570570571,0.0,0.9469469469469469,0,1,0,1
K06959,2,1.0033852750388184,0.2716535433070866,0.7317317317317318,0.0,0.0,1,1,0,0
K03978,2,1.003003003003003,0.0,0.15315315315315314,0.0,0.8498498498498499,0,1,0,1
K03975,2,1.001001001001001,0.0,0.5525525525525525,0.0,0.44844844844844844,0,1,0,1
K03543,2,1.0006768334170468,0.0,0.0,0.9145907473309609,0.08608608608608603,0,0,1,1
K03177,2,0.9906895084060439,0.017716535433070835,0.0,0.0,0.972972972972973,1,0,0,1
K07467,2,0.990445961976211,0.0,0.09009009009009006,0.900355871886121,0.0,0,1,1,0
K00981,2,0.98998998998999,0.0,0.43743743743743746,0.0,0.5525525525525525,0,1,0,1
K02781,2,0.9897905022460183,0.0,0.0,0.7935943060498221,0.19619619619619622,0,0,1,1
K02071,2,0.988988988988989,0.0,0.5355355355355356,0.0,0.45345345345345345,0,1,0,1
K00847,2,0.983528804394946,0.32086614173228345,0.6626626626626626,0.0,0.0,1,1,0,0
K07459,2,0.9815260099957609,0.0,0.8818818818818819,0.09964412811387902,0.0,0,1,1,0
K03488,2,0.9802827738770798,0.0,0.0,0.2775800711743772,0.7027027027027026,0,0,1,1
K06864,2,0.9779779779779779,0.0,0.7397397397397397,0.0,0.2382382382382382,0,1,0,1
K02034,2,0.9769769769769769,0.0,0.13813813813813813,0.0,0.8388388388388388,0,1,0,1
K09704,2,0.973973973973974,0.0,0.934934934934935,0.0,0.03903903903903905,0,1,0,1
K06400,2,0.9733861975854858,0.0,0.0,0.2846975088967971,0.6886886886886887,0,0,1,1
K07456,2,0.9730793785911895,0.405511811023622,0.0,0.0,0.5675675675675675,1,0,0,1
K00927,2,0.9679679679679679,0.0,0.42342342342342343,0.0,0.5445445445445445,0,1,0,1
K03517,2,0.9679679679679679,0.0,0.37537537537537535,0.0,0.5925925925925926,0,1,0,1
K00656,2,0.961961961961962,0.0,0.31331331331331336,0.0,0.6486486486486487,0,1,0,1
K07667,2,0.958958958958959,0.0,0.43843843843843844,0.0,0.5205205205205206,0,1,0,1
K02342,2,0.9577293829262333,0.4251968503937008,0.0,0.0,0.5325325325325325,1,0,0,1
K05839,2,0.9556709734645678,0.0,0.0,0.5622775800711743,0.3933933933933934,0,0,1,1
K04656,2,0.953953953953954,0.0,0.6546546546546547,0.0,0.2992992992992993,0,1,0,1
K06142,2,0.953953953953954,0.0,0.6486486486486487,0.0,0.3053053053053053,0,1,0,1
K01889,2,0.944944944944945,0.0,0.04404404404404405,0.0,0.9009009009009009,0,1,0,1
K03685,2,0.9442631607985937,0.2165354330708661,0.0,0.0,0.7277277277277276,1,0,0,1
K01273,2,0.934934934934935,0.0,0.7637637637637638,0.0,0.1711711711711712,0,1,0,1
K04720,2,0.93416447944007,0.04527559055118113,0.0,0.0,0.8888888888888888,1,0,0,1
K17472,2,0.9304521056489561,0.6751968503937008,0.0,0.0,0.2552552552552553,1,0,0,1
K02968,2,0.928928928928929,0.0,0.26726726726726724,0.0,0.6616616616616617,0,1,0,1
K12060,2,0.9273864611942904,0.0,0.0,0.8683274021352313,0.05905905905905906,0,0,1,1
K06967,2,0.9256796166244985,0.19094488188976377,0.0,0.0,0.7347347347347347,1,0,0,1
K01308,2,0.9239880449844863,0.0,0.5005005005005005,0.42348754448398573,0.0,0,1,1,0
K01711,2,0.9219397333276337,0.0,0.0,0.8398576512455516,0.08208208208208212,0,0,1,1
K07800,2,0.9176293731453874,0.0,0.32332332332332336,0.594306049822064,0.0,0,1,1,0
K11069,2,0.914914914914915,0.0,0.12612612612612617,0.0,0.7887887887887888,0,1,0,1
K01552,2,0.9109109109109109,0.0,0.02102102102102099,0.0,0.8898898898898899,0,1,0,1
K01868,2,0.9109109109109109,0.0,0.8358358358358359,0.0,0.07507507507507505,0,1,0,1
K02890,2,0.9069069069069069,0.0,0.4244244244244244,0.0,0.4824824824824825,0,1,0,1
K06383,2,0.9069069069069069,0.0,0.02302302302302306,0.0,0.8838838838838838,0,1,0,1
K03569,2,0.9009009009009009,0.0,0.7947947947947948,0.0,0.10610610610610616,0,1,0,1
K00874,2,0.8948948948948949,0.0,0.5655655655655656,0.0,0.32932932932932935,0,1,0,1
K07474,2,0.893046070982014,0.0,0.2702702702702703,0.6227758007117438,0.0,0,1,1,0
K01303,2,0.8898898898898898,0.0,0.6276276276276276,0.0,0.26226226226226224,0,1,0,1
K03575,2,0.8870524067374461,0.5196850393700787,0.0,0.0,0.3673673673673674,1,0,0,1
K07485,2,0.8849133831340237,0.0,0.14114114114114118,0.7437722419928825,0.0,0,1,1,0
K13652,2,0.8828828828828829,0.0,0.6776776776776776,0.0,0.20520520520520524,0,1,0,1
K00941,2,0.8821971577877089,0.2755905511811023,0.0,0.0,0.6066066066066066,1,0,0,1
K00850,2,0.876289675502274,0.7992125984251969,0.07707707707707712,0.0,0.0,1,1,0,0
K06442,2,0.8758758758758759,0.0,0.1661661661661662,0.0,0.7097097097097097,0,1,0,1
K09022,2,0.8730344517746094,0.578740157480315,0.0,0.0,0.2942942942942943,1,0,0,1
K07482,2,0.8718718718718719,0.0,0.5575575575575575,0.0,0.31431431431431434,0,1,0,1
K03925,2,0.8698698698698698,0.0,0.4404404404404404,0.0,0.4294294294294294,0,1,0,1
K02892,2,0.8688688688688689,0.0,0.11111111111111116,0.0,0.7577577577577578,0,1,0,1
K01209,2,0.8658658658658659,0.0,0.3683683683683684,0.0,0.4974974974974975,0,1,0,1
K02810,2,0.8650251675162707,0.0,0.3063063063063063,0.5587188612099644,0.0,0,1,1,0
K02931,2,0.8648648648648649,0.0,0.5205205205205206,0.0,0.34434434434434436,0,1,0,1
K06024,2,0.8628628628628628,0.0,0.4554554554554554,0.0,0.40740740740740744,0,1,0,1
K03073,2,0.8628628628628628,0.0,0.6996996996996997,0.0,0.16316316316316315,0,1,0,1
K22042,2,0.8598171124861517,0.0,0.0,0.38434163701067614,0.47547547547547553,0,0,1,1
K13280,2,0.8588588588588588,0.0,0.17317317317317316,0.0,0.6856856856856857,0,1,0,1
K00179,2,0.8478478478478478,0.0,0.42842842842842843,0.0,0.4194194194194194,0,1,0,1
K07010,2,0.8458458458458459,0.0,0.3623623623623624,0.0,0.48348348348348347,0,1,0,1
K00948,2,0.8442931120096474,0.26771653543307083,0.5765765765765766,0.0,0.0,1,1,0,0
K12340,2,0.8428428428428428,0.0,0.7797797797797797,0.0,0.06306306306306309,0,1,0,1
K03671,2,0.8373531011326287,0.2637795275590551,0.5735735735735736,0.0,0.0,1,1,0,0
K06180,2,0.8368289549391912,0.11811023622047245,0.0,0.0,0.7187187187187187,1,0,0,1
K16692,2,0.836769153495132,0.0,0.2282282282282282,0.6085409252669038,0.0,0,1,1,0
K06438,2,0.8308308308308309,0.0,0.20120120120120122,0.0,0.6296296296296297,0,1,0,1
K02851,2,0.8308308308308308,0.0,0.6046046046046045,0.0,0.22622622622622623,0,1,0,1
K00571,2,0.8288288288288289,0.0,0.3823823823823824,0.0,0.4464464464464465,0,1,0,1
K03563,2,0.8288288288288288,0.0,0.7237237237237237,0.0,0.10510510510510507,0,1,0,1
K00980,2,0.8267769548908339,0.0,0.3783783783783784,0.4483985765124555,0.0,0,1,1,0
K23535,2,0.8258258258258258,0.0,0.4604604604604604,0.0,0.36536536536536535,0,1,0,1
K00858,2,0.8251873921165259,0.5669291338582677,0.2582582582582582,0.0,0.0,1,1,0,0
K08659,2,0.8238238238238238,0.0,0.14914914914914912,0.0,0.6746746746746747,0,1,0,1
K09808,2,0.8228228228228228,0.0,0.7747747747747747,0.0,0.048048048048048075,0,1,0,1
K02933,2,0.8218218218218218,0.0,0.48548548548548554,0.0,0.3363363363363363,0,1,0,1
K08600,2,0.8208208208208209,0.0,0.5275275275275275,0.0,0.29329329329329334,0,1,0,1
K01945,2,0.8198198198198199,0.0,0.6616616616616617,0.0,0.15815815815815815,0,1,0,1
K07726,2,0.8198198198198199,0.0,0.31831831831831836,0.0,0.5015015015015015,0,1,0,1
K26993,2,0.8188188188188189,0.0,0.2852852852852853,0.0,0.5335335335335336,0,1,0,1
K02190,2,0.8172207640711577,0.4468503937007874,0.37037037037037035,0.0,0.0,1,1,0,0
K04083,2,0.8168168168168168,0.0,0.48848848848848847,0.0,0.32832832832832837,0,1,0,1
K02519,2,0.8138138138138138,0.0,0.44344344344344344,0.0,0.37037037037037035,0,1,0,1
K26392,2,0.8098098098098099,0.0,0.4264264264264265,0.0,0.3833833833833834,0,1,0,1
K05808,2,0.8078078078078078,0.0,0.24524524524524527,0.0,0.5625625625625625,0,1,0,1
K00604,2,0.8069664152341318,0.1082677165354331,0.6986986986986987,0.0,0.0,1,1,0,0
K03499,2,0.8039180913196662,0.28740157480314965,0.0,0.0,0.5165165165165165,1,0,0,1
K09125,2,0.8018018018018018,0.0,0.7667667667667668,0.0,0.03503503503503502,0,1,0,1
K01803,2,0.7997997997997998,0.0,0.7327327327327327,0.0,0.06706706706706711,0,1,0,1
K07322,2,0.7967967967967968,0.0,0.5665665665665666,0.0,0.23023023023023026,0,1,0,1
K02338,2,0.7947947947947948,0.0,0.6646646646646647,0.0,0.13013013013013008,0,1,0,1
K00558,2,0.7917597312615106,0.0,0.5035035035035035,0.2882562277580071,0.0,0,1,1,0
K03531,2,0.7887887887887888,0.0,0.6906906906906907,0.0,0.09809809809809811,0,1,0,1
K01754,2,0.7874587185610807,0.4311023622047244,0.0,0.0,0.3563563563563563,1,0,0,1
K01866,2,0.7867867867867868,0.0,0.7137137137137137,0.0,0.07307307307307309,0,1,0,1
K07166,2,0.7857857857857858,0.0,0.048048048048048075,0.0,0.7377377377377378,0,1,0,1
K01129,2,0.7827827827827828,0.0,0.33933933933933935,0.0,0.44344344344344344,0,1,0,1
K00616,2,0.7795945411603774,0.0,0.1141141141141141,0.6654804270462633,0.0,0,1,1,0
K00882,2,0.7784753257194202,0.547244094488189,0.0,0.0,0.23123123123123124,1,0,0,1
K03466,2,0.7747747747747747,0.0,0.24024024024024027,0.0,0.5345345345345345,0,1,0,1
K02835,2,0.773535346369992,0.07283464566929132,0.0,0.0,0.7007007007007007,1,0,0,1
K03590,2,0.7687687687687689,0.0,0.5585585585585586,0.0,0.21021021021021025,0,1,0,1
K02434,2,0.7677677677677678,0.0,0.26126126126126126,0.0,0.5065065065065065,0,1,0,1
K08223,2,0.7676929598637783,0.0,0.09509509509509506,0.6725978647686832,0.0,0,1,1,0
K27494,2,0.7597597597597598,0.0,0.28828828828828834,0.0,0.4714714714714715,0,1,0,1
K00820,2,0.7587587587587588,0.0,0.5045045045045045,0.0,0.2542542542542543,0,1,0,1
K03574,2,0.7577577577577578,0.0,0.2492492492492493,0.0,0.5085085085085085,0,1,0,1
K01497,2,0.7577577577577577,0.0,0.38638638638638634,0.0,0.37137137137137133,0,1,0,1
K03584,2,0.7577577577577577,0.0,0.10010010010010006,0.0,0.6576576576576576,0,1,0,1
K03665,2,0.7541734648033861,0.21062992125984248,0.0,0.0,0.5435435435435436,1,0,0,1
K07138,2,0.7496072585040556,0.0,0.46846846846846846,0.28113879003558717,0.0,0,1,1,0
K01915,2,0.7493339796489403,0.7303149606299213,0.0,0.0,0.019019019019019034,1,0,0,1
K02948,2,0.7486167269631837,0.4783464566929134,0.0,0.0,0.2702702702702703,1,0,0,1
K07483,2,0.7477477477477478,0.0,0.14614614614614618,0.0,0.6016016016016016,0,1,0,1
K15532,2,0.7470780388929855,0.0,0.7257257257257257,0.02135231316725983,0.0,0,1,1,0
K00962,2,0.7447447447447447,0.0,0.19819819819819817,0.0,0.5465465465465466,0,1,0,1
K03292,2,0.7365712168861775,0.4803149606299213,0.25625625625625625,0.0,0.0,1,1,0,0
K07460,2,0.7327327327327328,0.0,0.10110110110110115,0.0,0.6316316316316316,0,1,0,1
K08316,2,0.7318282849778913,0.053149606299212615,0.0,0.0,0.6786786786786787,1,0,0,1
K05970,2,0.7317317317317317,0.0,0.5815815815815816,0.0,0.1501501501501501,0,1,0,1
K07443,2,0.7275996468909856,0.4192913385826772,0.30830830830830835,0.0,0.0,1,1,0,0
K03558,2,0.7227227227227228,0.0,0.6206206206206206,0.0,0.10210210210210213,0,1,0,1
K06283,2,0.7177177177177178,0.0,0.5535535535535536,0.0,0.16416416416416413,0,1,0,1
K02871,2,0.7157157157157158,0.0,0.1871871871871872,0.0,0.5285285285285286,0,1,0,1
K02335,2,0.7127304469824155,0.23425196850393704,0.0,0.0,0.47847847847847846,1,0,0,1
K06393,2,0.7127127127127126,0.0,0.25725725725725723,0.0,0.4554554554554554,0,1,0,1
K01784,2,0.7117392983534716,0.5866141732283465,0.0,0.0,0.12512512512512508,1,0,0,1
K04075,2,0.7081825920408598,0.3838582677165354,0.32432432432432434,0.0,0.0,1,1,0,0
K02907,2,0.7063638441591198,0.13779527559055116,0.0,0.0,0.5685685685685686,1,0,0,1
K06987,2,0.7037037037037037,0.0,0.3883883883883884,0.0,0.3153153153153153,0,1,0,1
K01677,2,0.7027027027027027,0.0,0.22122122122122123,0.0,0.4814814814814815,0,1,0,1
K19310,2,0.7025352754890121,0.0,0.0,0.5053380782918149,0.1971971971971972,0,0,1,1
K12056,2,0.6984065916450258,0.0,0.0,0.6263345195729537,0.07207207207207211,0,0,1,1
K06218,2,0.6960875466213545,0.0,0.21921921921921927,0.47686832740213525,0.0,0,1,1,0
K19081,2,0.6936936936936936,0.0,0.2632632632632632,0.0,0.4304304304304304,0,1,0,1
K19334,2,0.6902169072987578,0.0,0.4304304304304304,0.25978647686832745,0.0,0,1,1,0
K03719,2,0.6896896896896897,0.0,0.19019019019019023,0.0,0.49949949949949946,0,1,0,1
K06379,2,0.6886886886886887,0.0,0.30930930930930933,0.0,0.3793793793793794,0,1,0,1
K11689,2,0.6856856856856857,0.0,0.5305305305305306,0.0,0.1551551551551551,0,1,0,1
K03495,2,0.6840363986033277,0.21456692913385822,0.0,0.0,0.46946946946946944,1,0,0,1
K17319,2,0.6814109483148629,0.0,0.24724724724724723,0.4341637010676157,0.0,0,1,1,0
K07105,2,0.6766766766766766,0.0,0.04604604604604601,0.0,0.6306306306306306,0,1,0,1
K07053,2,0.6746746746746747,0.0,0.07607607607607603,0.0,0.5985985985985987,0,1,0,1
K02028,2,0.6727317869050153,0.11417322834645671,0.0,0.0,0.5585585585585586,1,0,0,1
K06409,2,0.6686686686686686,0.0,0.07107107107107102,0.0,0.5975975975975976,0,1,0,1
K07568,2,0.6676676676676677,0.0,0.49049049049049054,0.0,0.17717717717717718,0,1,0,1
K03559,2,0.6666666666666667,0.0,0.5635635635635636,0.0,0.10310310310310311,0,1,0,1
K16919,2,0.6646646646646647,0.0,0.4494494494494494,0.0,0.21521521521521525,0,1,0,1
K04085,2,0.6608380033576884,0.34251968503937,0.0,0.0,0.31831831831831836,1,0,0,1
K02952,2,0.6596596596596597,0.0,0.3163163163163163,0.0,0.3433433433433434,0,1,0,1
K06934,2,0.6586586586586586,0.0,0.17417417417417413,0.0,0.48448448448448445,0,1,0,1
K14260,2,0.6526526526526526,0.0,0.29229229229229226,0.0,0.36036036036036034,0,1,0,1
K09765,2,0.6516516516516516,0.0,0.25225225225225223,0.0,0.3993993993993994,0,1,0,1
K01449,2,0.6506506506506506,0.0,0.47847847847847846,0.0,0.17217217217217218,0,1,0,1
K09015,2,0.6466466466466466,0.0,0.14814814814814814,0.0,0.4984984984984985,0,1,0,1
K03637,2,0.6466466466466466,0.0,0.2232232232232232,0.0,0.42342342342342343,0,1,0,1
K01537,2,0.6397429457927679,0.0,0.5685685685685686,0.07117437722419928,0.0,0,1,1,0
K07566,2,0.6386386386386387,0.0,0.2792792792792793,0.0,0.35935935935935936,0,1,0,1
K07480,2,0.6356356356356356,0.0,0.41741741741741745,0.0,0.21821821821821819,0,1,0,1
K23876,2,0.6346346346346347,0.0,0.35035035035035034,0.0,0.2842842842842843,0,1,0,1
K00789,2,0.6336336336336337,0.0,0.2642642642642643,0.0,0.36936936936936937,0,1,0,1
K00600,2,0.6316316316316317,0.0,0.4414414414414415,0.0,0.19019019019019023,0,1,0,1
K06201,2,0.6307153610303217,0.2303149606299213,0.40040040040040037,0.0,0.0,1,1,0,0
K03070,2,0.6246246246246246,0.0,0.4864864864864865,0.0,0.13813813813813813,0,1,0,1
K03469,2,0.6236236236236236,0.0,0.24224224224224222,0.0,0.38138138138138133,0,1,0,1
K02003,2,0.6170796781033001,0.5610236220472441,0.0,0.0,0.056056056056056014,1,0,0,1
K10947,2,0.6146146146146146,0.0,0.2942942942942943,0.0,0.3203203203203203,0,1,0,1
K02914,2,0.6134047433260031,0.12992125984251968,0.48348348348348347,0.0,0.0,1,1,0,0
K03525,2,0.6046046046046045,0.0,0.39139139139139134,0.0,0.21321321321321318,0,1,0,1
K01897,2,0.6036036036036037,0.0,0.5855855855855856,0.0,0.018018018018018056,0,1,0,1
K23536,2,0.6008998322165582,0.0,0.0,0.3096085409252669,0.2912912912912913,0,0,1,1
K01270,2,0.6006006006006006,0.0,0.4564564564564565,0.0,0.14414414414414412,0,1,0,1
K03526,2,0.5985985985985985,0.0,0.4144144144144144,0.0,0.18418418418418414,0,1,0,1
K06926,2,0.5942477910981848,0.19685039370078738,0.0,0.0,0.39739739739739743,1,0,0,1
K01805,2,0.5935935935935935,0.0,0.5245245245245245,0.0,0.06906906906906907,0,1,0,1
K01686,2,0.5925925925925926,0.0,0.5115115115115115,0.0,0.08108108108108103,0,1,0,1
K07260,2,0.5905905905905906,0.0,0.4514514514514515,0.0,0.1391391391391391,0,1,0,1
K18138,2,0.5885636526205922,0.0,0.36436436436436437,0.2241992882562278,0.0,0,1,1,0
K03522,2,0.5855855855855856,0.0,0.26226226226226224,0.0,0.32332332332332336,0,1,0,1
K12573,2,0.5841333459443695,0.2618110236220472,0.0,0.0,0.3223223223223223,1,0,0,1
K06399,2,0.5825825825825827,0.0,0.4614614614614615,0.0,0.12112112112112117,0,1,0,1
K11176,2,0.5805805805805806,0.0,0.10410410410410409,0.0,0.4764764764764765,0,1,0,1
K00425,2,0.5755755755755756,0.0,0.04504504504504503,0.0,0.5305305305305306,0,1,0,1
K26974,2,0.5740010473106559,0.0,0.0,0.15658362989323849,0.41741741741741745,0,0,1,1
K04043,2,0.5715341325577546,0.0610236220472441,0.0,0.0,0.5105105105105106,1,0,0,1
K01776,2,0.5665665665665666,0.0,0.28128128128128127,0.0,0.2852852852852853,0,1,0,1
K10541,2,0.5645645645645645,0.0,0.36536536536536535,0.0,0.19919919919919915,0,1,0,1
K04759,2,0.5630007231430719,0.0,0.5025025025025025,0.06049822064056942,0.0,0,1,1,0
K02033,2,0.5615615615615616,0.0,0.11711711711711714,0.0,0.4444444444444444,0,1,0,1
K01951,2,0.5615615615615616,0.0,0.21621621621621623,0.0,0.34534534534534533,0,1,0,1
K01839,2,0.5545545545545546,0.0,0.02902902902902904,0.0,0.5255255255255256,0,1,0,1
K11749,2,0.5535535535535535,0.0,0.45345345345345345,0.0,0.10010010010010006,0,1,0,1
K06178,2,0.5515515515515516,0.0,0.45845845845845845,0.0,0.0930930930930931,0,1,0,1
K18831,2,0.5404265475439853,0.0,0.5155155155155156,0.02491103202846978,0.0,0,1,1,0
K07584,2,0.5335335335335336,0.0,0.16516516516516522,0.0,0.3683683683683684,0,1,0,1
K07706,2,0.5335335335335335,0.0,0.026026026026025995,0.0,0.5075075075075075,0,1,0,1
K01802,2,0.5325325325325325,0.0,0.4664664664664665,0.0,0.06606606606606602,0,1,0,1
K06042,2,0.5295295295295295,0.0,0.1241241241241241,0.0,0.4054054054054054,0,1,0,1
K09777,2,0.5265265265265265,0.0,0.19319319319319317,0.0,0.33333333333333337,0,1,0,1
K01997,2,0.5255255255255256,0.0,0.4714714714714715,0.0,0.05405405405405406,0,1,0,1
K00873,2,0.5175175175175175,0.0,0.2782782782782782,0.0,0.2392392392392393,0,1,0,1
K01996,2,0.5175175175175175,0.0,0.46446446446446443,0.0,0.05305305305305308,0,1,0,1
K01421,2,0.5135135135135135,0.0,0.3463463463463463,0.0,0.16716716716716717,0,1,0,1
K16566,2,0.5110642138201194,0.202755905511811,0.0,0.0,0.30830830830830835,1,0,0,1
K03046,2,0.5064651265438667,0.12007874015748032,0.0,0.0,0.38638638638638634,1,0,0,1
K02895,2,0.5055055055055054,0.0,0.11511511511511507,0.0,0.39039039039039036,0,1,0,1
K01921,2,0.5015015015015015,0.0,0.48048048048048053,0.0,0.02102102102102099,0,1,0,1
K15051,2,0.5015015015015015,0.0,0.1391391391391391,0.0,0.3623623623623624,0,1,0,1
K06223,2,0.49949949949949946,0.0,0.27127127127127126,0.0,0.2282282282282282,0,1,0,1
K01737,2,0.49549549549549543,0.0,0.4104104104104104,0.0,0.08508508508508505,0,1,0,1
K03655,2,0.49546199743050134,0.0019685039370078705,0.0,0.0,0.4934934934934935,1,0,0,1
K00878,2,0.4934934934934935,0.0,0.38138138138138133,0.0,0.11211211211211214,0,1,0,1
K02227,2,0.49277427033332544,0.2775590551181102,0.21521521521521525,0.0,0.0,1,1,0,0
K12063,2,0.4906650422664657,0.0,0.0,0.43060498220640564,0.06006006006006004,0,0,1,1
K03811,2,0.48848848848848847,0.0,0.2802802802802803,0.0,0.20820820820820818,0,1,0,1
K00788,2,0.48696531176846136,0.3248031496062992,0.0,0.0,0.16216216216216217,1,0,0,1
K03521,2,0.48548548548548554,0.0,0.13213213213213215,0.0,0.3533533533533534,0,1,0,1
K01678,2,0.4816548832296863,0.40157480314960625,0.0,0.0,0.08008008008008005,1,0,0,1
K18888,2,0.4803602815413839,0.30118110236220474,0.0,0.0,0.17917917917917914,1,0,0,1
K18640,2,0.47847847847847846,0.0,0.019019019019019034,0.0,0.45945945945945943,0,1,0,1
K03816,2,0.4774774774774775,0.0,0.1611611611611612,0.0,0.3163163163163163,0,1,0,1
K03830,2,0.47009643095052356,0.0,0.10710710710710714,0.3629893238434164,0.0,0,1,1,0
K00053,2,0.46946946946946944,0.0,0.22622622622622623,0.0,0.2432432432432432,0,1,0,1
K11752,2,0.4664664664664665,0.0,0.0780780780780781,0.0,0.3883883883883884,0,1,0,1
K02238,2,0.4664664664664665,0.0,0.0880880880880881,0.0,0.3783783783783784,0,1,0,1
K08681,2,0.4654654654654654,0.0,0.011011011011010985,0.0,0.4544544544544544,0,1,0,1
K28188,2,0.4554554554554554,0.0,0.28228228228228225,0.0,0.17317317317317316,0,1,0,1
K03427,2,0.4544544544544544,0.0,0.34434434434434436,0.0,0.11011011011011007,0,1,0,1
K01818,2,0.4497558056276917,0.0,0.0,0.24555160142348753,0.20420420420420415,0,0,1,1
K03439,2,0.44181977252843396,0.3307086614173228,0.0,0.0,0.11111111111111116,1,0,0,1
K15986,2,0.4414414414414415,0.0,0.16016016016016021,0.0,0.28128128128128127,0,1,0,1
K02899,2,0.43743743743743746,0.0,0.0010010010010009784,0.0,0.4364364364364365,0,1,0,1
K09157,2,0.43743743743743735,0.0,0.40140140140140135,0.0,0.036036036036036,0,1,0,1
K03596,2,0.4359635225776958,0.08661417322834641,0.0,0.0,0.34934934934934936,1,0,0,1
K06949,2,0.43243243243243246,0.0,0.03003003003003002,0.0,0.40240240240240244,0,1,0,1
K03475,2,0.42742742742742734,0.0,0.2382382382382382,0.0,0.18918918918918914,0,1,0,1
K07059,2,0.4254254254254255,0.0,0.29329329329329334,0.0,0.13213213213213215,0,1,0,1
K01666,2,0.4244244244244244,0.0,0.34534534534534533,0.0,0.07907907907907907,0,1,0,1
K14441,2,0.4211494959526455,0.07480314960629919,0.0,0.0,0.3463463463463463,1,0,0,1
K15921,2,0.4169329471820574,0.0,0.06106106106106102,0.3558718861209964,0.0,0,1,1,0
K01875,2,0.41641641641641647,0.0,0.3383383383383384,0.0,0.0780780780780781,0,1,0,1
K27772,2,0.41147909475311606,0.0,0.020020020020020013,0.39145907473309605,0.0,0,1,1,0
K01714,2,0.4059177287523744,0.3228346456692913,0.0,0.0,0.0830830830830831,1,0,0,1
K08303,2,0.399030920684464,0.021653543307086576,0.3773773773773774,0.0,0.0,1,1,0,0
K27330,2,0.3898204254076141,0.0,0.0,0.1245551601423488,0.2652652652652653,0,0,1,1
K09748,2,0.3883883883883884,0.0,0.3473473473473474,0.0,0.041041041041041004,0,1,0,1
K03106,2,0.38138138138138133,0.0,0.056056056056056014,0.0,0.3253253253253253,0,1,0,1
K03702,2,0.3793793793793794,0.0,0.03803803803803807,0.0,0.3413413413413413,0,1,0,1
K07727,2,0.37637637637637633,0.0,0.2432432432432432,0.0,0.13313313313313313,0,1,0,1
K03116,2,0.3733733733733733,0.0,0.08108108108108103,0.0,0.29229229229229226,0,1,0,1
K07273,2,0.37137137137137144,0.0,0.15215215215215216,0.0,0.21921921921921927,0,1,0,1
K07052,2,0.37137137137137133,0.0,0.017017017017016967,0.0,0.35435435435435436,0,1,0,1
K04078,2,0.36936936936936937,0.0,0.12312312312312312,0.0,0.24624624624624625,0,1,0,1
K03431,2,0.3673673673673673,0.0,0.09909909909909909,0.0,0.2682682682682682,0,1,0,1
K03530,2,0.3633633633633634,0.0,0.26626626626626626,0.0,0.09709709709709713,0,1,0,1
K01151,2,0.35935935935935936,0.0,0.23623623623623624,0.0,0.12312312312312312,0,1,0,1
K01426,2,0.3588194493706304,0.09055118110236215,0.2682682682682682,0.0,0.0,1,1,0,0
K00124,2,0.3586825259423123,0.0,0.0,0.08540925266903909,0.2732732732732732,0,0,1,1
K01845,2,0.3573573573573574,0.0,0.3003003003003003,0.0,0.0570570570570571,0,1,0,1
K02761,2,0.3533248551042145,0.0,0.09709709709709713,0.2562277580071174,0.0,0,1,1,0
K21903,2,0.3433433433433434,0.0,0.2172172172172172,0.0,0.12612612612612617,0,1,0,1
K18189,2,0.3433433433433434,0.0,0.06906906906906907,0.0,0.2742742742742743,0,1,0,1
K03060,2,0.3413413413413413,0.0,0.1921921921921922,0.0,0.14914914914914912,0,1,0,1
K21471,2,0.3395620029478298,0.1633858267716536,0.1761761761761762,0.0,0.0,1,1,0,0
K07718,2,0.33798759389310573,0.2559055118110236,0.08208208208208212,0.0,0.0,1,1,0,0
K09787,2,0.33033033033033044,0.0,0.28328328328328334,0.0,0.0470470470470471,0,1,0,1
K02784,2,0.32932932932932935,0.0,0.03203203203203209,0.0,0.29729729729729726,0,1,0,1
K01867,2,0.3253253253253253,0.0,0.25125125125125125,0.0,0.07407407407407407,0,1,0,1
K03551,2,0.31931931931931934,0.0,0.11211211211211214,0.0,0.2072072072072072,0,1,0,1
K02967,2,0.31731731731731727,0.0,0.1351351351351351,0.0,0.18218218218218218,0,1,0,1
K00703,2,0.3163163163163163,0.0,0.014014014014014031,0.0,0.30230230230230226,0,1,0,1
K02838,2,0.3053053053053053,0.0,0.09409409409409408,0.0,0.21121121121121122,0,1,0,1
K06168,2,0.2991318089743287,0.009842519685039353,0.0,0.0,0.2892892892892893,1,0,0,1
K07096,2,0.29329329329329323,0.0,0.07007007007007005,0.0,0.2232232232232232,0,1,0,1
K02232,2,0.2891809131966613,0.12401574803149606,0.0,0.0,0.16516516516516522,1,0,0,1
K02029,2,0.28546656893113587,0.2834645669291339,0.0,0.0,0.002002002002001957,1,0,0,1
K06209,2,0.28363205725410445,0.27362204724409445,0.010010010010010006,0.0,0.0,1,1,0,0
K02237,2,0.2742742742742742,0.0,0.027027027027026973,0.0,0.24724724724724723,0,1,0,1
K02099,2,0.27115501328099756,0.24212598425196852,0.0,0.0,0.02902902902902904,1,0,0,1
K06187,2,0.26226226226226224,0.0,0.16816816816816815,0.0,0.09409409409409408,0,1,0,1
K09762,2,0.24124124124124124,0.0,0.1971971971971972,0.0,0.04404404404404405,0,1,0,1
K11050,2,0.23223223223223222,0.0,0.22022022022022025,0.0,0.012012012012011963,0,1,0,1
K18197,2,0.2284312782533423,0.0,0.05405405405405406,0.17437722419928825,0.0,0,1,1,0
K00926,2,0.21121121121121122,0.0,0.033033033033033066,0.0,0.17817817817817816,0,1,0,1
K03210,2,0.2072072072072072,0.0,0.06006006006006004,0.0,0.14714714714714716,0,1,0,1
K03570,2,0.2032032032032033,0.0,0.09609609609609615,0.0,0.10710710710710714,0,1,0,1
K02946,2,0.20320320320320318,0.0,0.02202202202202197,0.0,0.1811811811811812,0,1,0,1
K07741,2,0.19685878048867367,0.0,0.15415415415415412,0.042704626334519546,0.0,0,1,1,0
K01815,2,0.1961961961961961,0.0,0.12512512512512508,0.0,0.07107107107107102,0,1,0,1
K10254,2,0.19419419419419426,0.0,0.18518518518518523,0.0,0.009009009009009028,0,1,0,1
K21573,2,0.19419419419419415,0.0,0.00700700700700696,0.0,0.1871871871871872,0,1,0,1
K02119,2,0.18260583418063725,0.15157480314960625,0.0,0.0,0.031031031031030998,1,0,0,1
K03529,2,0.17680475751341895,0.0807086614173228,0.0,0.0,0.09609609609609615,1,0,0,1
K03406,2,0.15815815815815815,0.0,0.049049049049049054,0.0,0.10910910910910909,0,1,0,1
K05515,2,0.15061518211124514,0.03149606299212604,0.0,0.0,0.1191191191191191,1,0,0,1
K06041,2,0.13713713713713716,0.0,0.0470470470470471,0.0,0.09009009009009006,0,1,0,1
K09888,2,0.13313313313313313,0.0,0.13013013013013008,0.0,0.0030030030030030463,0,1,0,1
K01939,2,0.11511511511511507,0.0,0.09109109109109104,0.0,0.024024024024024038,0,1,0,1
K10119,2,0.11311311311311312,0.0,0.10610610610610616,0.0,0.00700700700700696,0,1,0,1
K08998,2,0.11211211211211214,0.0,0.07907907907907907,0.0,0.033033033033033066,0,1,0,1
K03571,2,0.11111111111111116,0.0,0.0030030030030030463,0.0,0.10810810810810811,0,1,0,1
K09760,2,0.08508508508508517,0.0,0.04304304304304307,0.0,0.042042042042042094,0,1,0,1
K01995,2,0.06706706706706711,0.0,0.01501501501501501,0.0,0.0520520520520521,0,1,0,1
K24041,1,0.9750889679715302,0.0,0.0,0.9750889679715302,0.0,0,0,1,0
K07015,1,0.968968968968969,0.0,0.0,0.0,0.968968968968969,0,0,0,1
K07316,1,0.944944944944945,0.0,0.0,0.0,0.944944944944945,0,0,0,1
K13532,1,0.9430604982206405,0.0,0.0,0.9430604982206405,0.0,0,0,1,0
K06889,1,0.93993993993994,0.0,0.93993993993994,0.0,0.0,0,1,0,0
K00554,1,0.9369369369369369,0.0,0.0,0.0,0.9369369369369369,0,0,0,1
K07736,1,0.9309309309309309,0.0,0.9309309309309309,0.0,0.0,0,1,0,0
K00945,1,0.9259259259259259,0.0,0.0,0.0,0.9259259259259259,0,0,0,1
K01890,1,0.9129129129129129,0.0,0.0,0.0,0.9129129129129129,0,0,0,1
K14652,1,0.9059059059059059,0.0,0.0,0.0,0.9059059059059059,0,0,0,1
K16785,1,0.8958958958958959,0.0,0.0,0.0,0.8958958958958959,0,0,0,1
K03502,1,0.8918918918918919,0.0,0.8918918918918919,0.0,0.0,0,1,0,0
K04077,1,0.8908908908908909,0.0,0.8908908908908909,0.0,0.0,0,1,0,0
K06407,1,0.8888888888888888,0.0,0.8888888888888888,0.0,0.0,0,1,0,0
K12373,1,0.8798798798798799,0.0,0.0,0.0,0.8798798798798799,0,0,0,1
K00826,1,0.8759842519685039,0.8759842519685039,0.0,0.0,0.0,1,0,0,0
K00768,1,0.8698698698698699,0.0,0.0,0.0,0.8698698698698699,0,0,0,1
K02358,1,0.8688688688688688,0.0,0.8688688688688688,0.0,0.0,0,1,0,0
K00986,1,0.8668668668668669,0.0,0.8668668668668669,0.0,0.0,0,1,0,0
K00799,1,0.8647686832740213,0.0,0.0,0.8647686832740213,0.0,0,0,1,0
K03601,1,0.8528528528528528,0.0,0.8528528528528528,0.0,0.0,0,1,0,0
K02600,1,0.8488488488488488,0.0,0.0,0.0,0.8488488488488488,0,0,0,1
K01462,1,0.8438438438438438,0.0,0.8438438438438438,0.0,0.0,0,1,0,0
K06909,1,0.8328328328328328,0.0,0.8328328328328328,0.0,0.0,0,1,0,0
K01179,1,0.8327402135231317,0.0,0.0,0.8327402135231317,0.0,0,0,1,0
K02954,1,0.8318318318318318,0.0,0.8318318318318318,0.0,0.0,0,1,0,0
K07346,1,0.8268268268268268,0.0,0.0,0.0,0.8268268268268268,0,0,0,1
K02760,1,0.8078291814946619,0.0,0.0,0.8078291814946619,0.0,0,0,1,0
K02377,1,0.7987987987987988,0.0,0.7987987987987988,0.0,0.0,0,1,0,0
K00766,1,0.7952755905511811,0.7952755905511811,0.0,0.0,0.0,1,0,0,0
K14540,1,0.7907907907907907,0.0,0.0,0.0,0.7907907907907907,0,0,0,1
K17318,1,0.7847847847847848,0.0,0.0,0.0,0.7847847847847848,0,0,0,1
K06298,1,0.7827827827827828,0.0,0.7827827827827828,0.0,0.0,0,1,0,0
K02970,1,0.7787787787787788,0.0,0.7787787787787788,0.0,0.0,0,1,0,0
K03564,1,0.7787787787787788,0.0,0.0,0.0,0.7787787787787788,0,0,0,1
K02902,1,0.7777777777777778,0.0,0.7777777777777778,0.0,0.0,0,1,0,0
K11621,1,0.7717717717717718,0.0,0.0,0.0,0.7717717717717718,0,0,0,1
K07107,1,0.7697697697697697,0.0,0.7697697697697697,0.0,0.0,0,1,0,0
K01051,1,0.7687687687687688,0.0,0.0,0.0,0.7687687687687688,0,0,0,1
K08640,1,0.7627627627627628,0.0,0.7627627627627628,0.0,0.0,0,1,0,0
K04066,1,0.7617617617617618,0.0,0.7617617617617618,0.0,0.0,0,1,0,0
K03101,1,0.7557557557557557,0.0,0.0,0.0,0.7557557557557557,0,0,0,1
K01069,1,0.7527527527527528,0.0,0.0,0.0,0.7527527527527528,0,0,0,1
K16211,1,0.7477477477477478,0.0,0.7477477477477478,0.0,0.0,0,1,0,0
K25153,1,0.7457457457457457,0.0,0.0,0.0,0.7457457457457457,0,0,0,1
K07491,1,0.7437437437437437,0.0,0.7437437437437437,0.0,0.0,0,1,0,0
K03621,1,0.7427427427427428,0.0,0.0,0.0,0.7427427427427428,0,0,0,1
K16921,1,0.7427427427427428,0.0,0.7427427427427428,0.0,0.0,0,1,0,0
K01493,1,0.7387387387387387,0.0,0.0,0.0,0.7387387387387387,0,0,0,1
K02429,1,0.7337337337337337,0.0,0.7337337337337337,0.0,0.0,0,1,0,0
K01154,1,0.7267267267267268,0.0,0.7267267267267268,0.0,0.0,0,1,0,0
K03826,1,0.7267267267267268,0.0,0.0,0.0,0.7267267267267268,0,0,0,1
K07304,1,0.7147147147147147,0.0,0.7147147147147147,0.0,0.0,0,1,0,0
K03673,1,0.7117437722419928,0.0,0.0,0.7117437722419928,0.0,0,0,1,0
K19157,1,0.7117117117117118,0.0,0.0,0.0,0.7117117117117118,0,0,0,1
K20490,1,0.7117117117117118,0.0,0.7117117117117118,0.0,0.0,0,1,0,0
K07240,1,0.7107107107107107,0.0,0.7107107107107107,0.0,0.0,0,1,0,0
K21744,1,0.7087087087087087,0.0,0.7087087087087087,0.0,0.0,0,1,0,0
K01156,1,0.6856856856856857,0.0,0.6856856856856857,0.0,0.0,0,1,0,0
K07137,1,0.6846846846846847,0.0,0.6846846846846847,0.0,0.0,0,1,0,0
K00031,1,0.6796796796796797,0.0,0.0,0.0,0.6796796796796797,0,0,0,1
K04095,1,0.6736736736736737,0.0,0.6736736736736737,0.0,0.0,0,1,0,0
K00620,1,0.6726726726726726,0.0,0.0,0.0,0.6726726726726726,0,0,0,1
K02982,1,0.6676676676676676,0.0,0.6676676676676676,0.0,0.0,0,1,0,0
K07493,1,0.6636636636636637,0.0,0.6636636636636637,0.0,0.0,0,1,0,0
K02874,1,0.6586586586586587,0.0,0.6586586586586587,0.0,0.0,0,1,0,0
K02959,1,0.6536536536536537,0.0,0.6536536536536537,0.0,0.0,0,1,0,0
K01005,1,0.6476476476476476,0.0,0.0,0.0,0.6476476476476476,0,0,0,1
K03763,1,0.6456456456456456,0.0,0.0,0.0,0.6456456456456456,0,0,0,1
K03589,1,0.6356356356356356,0.0,0.6356356356356356,0.0,0.0,0,1,0,0
K02343,1,0.6161417322834646,0.6161417322834646,0.0,0.0,0.0,1,0,0,0
K06933,1,0.6136136136136137,0.0,0.6136136136136137,0.0,0.0,0,1,0,0
K03587,1,0.6086086086086087,0.0,0.0,0.0,0.6086086086086087,0,0,0,1
K02965,1,0.6066066066066066,0.0,0.6066066066066066,0.0,0.0,0,1,0,0
K01224,1,0.6006006006006006,0.0,0.0,0.0,0.6006006006006006,0,0,0,1
K13735,1,0.5978647686832741,0.0,0.0,0.5978647686832741,0.0,0,0,1,0
K25087,1,0.5905905905905906,0.0,0.0,0.0,0.5905905905905906,0,0,0,1
K03744,1,0.5885885885885886,0.0,0.5885885885885886,0.0,0.0,0,1,0,0
K02357,1,0.5865865865865866,0.0,0.0,0.0,0.5865865865865866,0,0,0,1
K07447,1,0.5825825825825826,0.0,0.5825825825825826,0.0,0.0,0,1,0,0
K12574,1,0.5775775775775776,0.0,0.0,0.0,0.5775775775775776,0,0,0,1
K03924,1,0.5715715715715716,0.0,0.0,0.0,0.5715715715715716,0,0,0,1
K10710,1,0.5645645645645645,0.0,0.0,0.0,0.5645645645645645,0,0,0,1
K01579,1,0.5635635635635636,0.0,0.0,0.0,0.5635635635635636,0,0,0,1
K01251,1,0.5615615615615616,0.0,0.5615615615615616,0.0,0.0,0,1,0,0
K03608,1,0.5515515515515516,0.0,0.0,0.0,0.5515515515515516,0,0,0,1
K14059,1,0.5505505505505506,0.0,0.5505505505505506,0.0,0.0,0,1,0,0
K02904,1,0.5285285285285286,0.0,0.5285285285285286,0.0,0.0,0,1,0,0
K02935,1,0.5275275275275275,0.0,0.0,0.0,0.5275275275275275,0,0,0,1
K00058,1,0.5265265265265265,0.0,0.5265265265265265,0.0,0.0,0,1,0,0
K03216,1,0.5235235235235236,0.0,0.0,0.0,0.5235235235235236,0,0,0,1
K01046,1,0.5175175175175175,0.0,0.5175175175175175,0.0,0.0,0,1,0,0
K03581,1,0.5145145145145145,0.0,0.0,0.0,0.5145145145145145,0,0,0,1
K19689,1,0.5105105105105106,0.0,0.5105105105105106,0.0,0.0,0,1,0,0
K06207,1,0.5095095095095095,0.0,0.0,0.0,0.5095095095095095,0,0,0,1
K01223,1,0.501779359430605,0.0,0.0,0.501779359430605,0.0,0,0,1,0
K02356,1,0.5015015015015015,0.0,0.5015015015015015,0.0,0.0,0,1,0,0
K06901,1,0.49949949949949946,0.0,0.49949949949949946,0.0,0.0,0,1,0,0
K04079,1,0.4984984984984985,0.0,0.4984984984984985,0.0,0.0,0,1,0,0
K03151,1,0.4964964964964965,0.0,0.0,0.0,0.4964964964964965,0,0,0,1
K02836,1,0.4940944881889764,0.4940944881889764,0.0,0.0,0.0,1,0,0,0
K07497,1,0.4934934934934935,0.0,0.4934934934934935,0.0,0.0,0,1,0,0
K02926,1,0.48848848848848847,0.0,0.0,0.0,0.48848848848848847,0,0,0,1
K00018,1,0.4881889763779528,0.4881889763779528,0.0,0.0,0.0,1,0,0,0
K23518,1,0.4874874874874875,0.0,0.4874874874874875,0.0,0.0,0,1,0,0
K06405,1,0.48048048048048053,0.0,0.0,0.0,0.48048048048048053,0,0,0,1
K07165,1,0.47947947947947944,0.0,0.47947947947947944,0.0,0.0,0,1,0,0
K06336,1,0.4704704704704705,0.0,0.4704704704704705,0.0,0.0,0,1,0,0
K20488,1,0.46975088967971534,0.0,0.0,0.46975088967971534,0.0,0,0,1,0
K01653,1,0.4624624624624625,0.0,0.0,0.0,0.4624624624624625,0,0,0,1
K06381,1,0.4606299212598425,0.4606299212598425,0.0,0.0,0.0,1,0,0,0
K03218,1,0.4544544544544544,0.0,0.4544544544544544,0.0,0.0,0,1,0,0
K06406,1,0.45245245245245247,0.0,0.45245245245245247,0.0,0.0,0,1,0,0
K02036,1,0.4504504504504504,0.0,0.4504504504504504,0.0,0.0,0,1,0,0
K09014,1,0.4504504504504504,0.0,0.0,0.0,0.4504504504504504,0,0,0,1
K07462,1,0.44744744744744747,0.0,0.44744744744744747,0.0,0.0,0,1,0,0
K04096,1,0.4364364364364365,0.0,0.4364364364364365,0.0,0.0,0,1,0,0
K07742,1,0.43243243243243246,0.0,0.43243243243243246,0.0,0.0,0,1,0,0
K17609,1,0.4294294294294294,0.0,0.4294294294294294,0.0,0.0,0,1,0,0
K01689,1,0.42842842842842843,0.0,0.0,0.0,0.42842842842842843,0,0,0,1
K03664,1,0.42742742742742745,0.0,0.42742742742742745,0.0,0.0,0,1,0,0
K06206,1,0.4244244244244244,0.0,0.0,0.0,0.4244244244244244,0,0,0,1
K01610,1,0.42142142142142147,0.0,0.42142142142142147,0.0,0.0,0,1,0,0
K03565,1,0.4184184184184184,0.0,0.0,0.0,0.4184184184184184,0,0,0,1
K14742,1,0.4173228346456693,0.4173228346456693,0.0,0.0,0.0,1,0,0,0
K23537,1,0.4154154154154154,0.0,0.4154154154154154,0.0,0.0,0,1,0,0
K07813,1,0.4134134134134134,0.0,0.4134134134134134,0.0,0.0,0,1,0,0
K01809,1,0.41241241241241244,0.0,0.0,0.0,0.41241241241241244,0,0,0,1
K07238,1,0.41241241241241244,0.0,0.41241241241241244,0.0,0.0,0,1,0,0
K02913,1,0.4094094094094094,0.0,0.4094094094094094,0.0,0.0,0,1,0,0
K08602,1,0.4094094094094094,0.0,0.0,0.0,0.4094094094094094,0,0,0,1
K01926,1,0.4044044044044044,0.0,0.0,0.0,0.4044044044044044,0,0,0,1
K01775,1,0.39639639639639634,0.0,0.0,0.0,0.39639639639639634,0,0,0,1
K01998,1,0.3943943943943944,0.0,0.0,0.0,0.3943943943943944,0,0,0,1
K02963,1,0.39239239239239243,0.0,0.0,0.0,0.39239239239239243,0,0,0,1
K19424,1,0.39239239239239243,0.0,0.39239239239239243,0.0,0.0,0,1,0,0
K07133,1,0.39039039039039036,0.0,0.39039039039039036,0.0,0.0,0,1,0,0
K02795,1,0.3873873873873874,0.0,0.3873873873873874,0.0,0.0,0,1,0,0
K02876,1,0.37637637637637633,0.0,0.37637637637637633,0.0,0.0,0,1,0,0
K00180,1,0.37637637637637633,0.0,0.0,0.0,0.37637637637637633,0,0,0,1
K01989,1,0.37537537537537535,0.0,0.0,0.0,0.37537537537537535,0,0,0,1
K06199,1,0.3733733733733734,0.0,0.3733733733733734,0.0,0.0,0,1,0,0
K14058,1,0.36436436436436437,0.0,0.0,0.0,0.36436436436436437,0,0,0,1
K02860,1,0.3613613613613613,0.0,0.3613613613613613,0.0,0.0,0,1,0,0
K07040,1,0.36036036036036034,0.0,0.36036036036036034,0.0,0.0,0,1,0,0
K00995,1,0.35935935935935936,0.0,0.35935935935935936,0.0,0.0,0,1,0,0
K07080,1,0.3573573573573574,0.0,0.3573573573573574,0.0,0.0,0,1,0,0
K06382,1,0.35535535535535534,0.0,0.0,0.0,0.35535535535535534,0,0,0,1
K03778,1,0.35535535535535534,0.0,0.35535535535535534,0.0,0.0,0,1,0,0
K07448,1,0.35435435435435436,0.0,0.35435435435435436,0.0,0.0,0,1,0,0
K03091,1,0.3513513513513513,0.0,0.0,0.0,0.3513513513513513,0,0,0,1
K03043,1,0.34934934934934936,0.0,0.34934934934934936,0.0,0.0,0,1,0,0
K04488,1,0.3473473473473474,0.0,0.0,0.0,0.3473473473473474,0,0,0,1
K22278,1,0.3423423423423423,0.0,0.0,0.0,0.3423423423423423,0,0,0,1
K07025,1,0.3423423423423423,0.0,0.3423423423423423,0.0,0.0,0,1,0,0
K07042,1,0.34034034034034033,0.0,0.34034034034034033,0.0,0.0,0,1,0,0
K03797,1,0.34034034034034033,0.0,0.0,0.0,0.34034034034034033,0,0,0,1
K06334,1,0.33933933933933935,0.0,0.0,0.0,0.33933933933933935,0,0,0,1
K20509,1,0.3353353353353353,0.0,0.0,0.0,0.3353353353353353,0,0,0,1
K00831,1,0.3323323323323323,0.0,0.3323323323323323,0.0,0.0,0,1,0,0
K19545,1,0.32740213523131667,0.0,0.0,0.32740213523131667,0.0,0,0,1,0
K07402,1,0.32432432432432434,0.0,0.0,0.0,0.32432432432432434,0,0,0,1
K02884,1,0.3203203203203203,0.0,0.3203203203203203,0.0,0.0,0,1,0,0
K02986,1,0.31931931931931934,0.0,0.31931931931931934,0.0,0.0,0,1,0,0
K04485,1,0.3153153153153153,0.0,0.3153153153153153,0.0,0.0,0,1,0,0
K02867,1,0.31231231231231227,0.0,0.31231231231231227,0.0,0.0,0,1,0,0
K02078,1,0.3113113113113113,0.0,0.3113113113113113,0.0,0.0,0,1,0,0
K02863,1,0.3103103103103103,0.0,0.3103103103103103,0.0,0.0,0,1,0,0
K01356,1,0.30330330330330335,0.0,0.30330330330330335,0.0,0.0,0,1,0,0
K03701,1,0.2962962962962963,0.0,0.2962962962962963,0.0,0.0,0,1,0,0
K06940,1,0.2902902902902903,0.0,0.2902902902902903,0.0,0.0,0,1,0,0
K00611,1,0.28828828828828834,0.0,0.0,0.0,0.28828828828828834,0,0,0,1
K00549,1,0.28728728728728725,0.0,0.28728728728728725,0.0,0.0,0,1,0,0
K15581,1,0.2842842842842843,0.0,0.2842842842842843,0.0,0.0,0,1,0,0
K20492,1,0.28328328328328334,0.0,0.0,0.0,0.28328328328328334,0,0,0,1
K08591,1,0.27727727727727725,0.0,0.27727727727727725,0.0,0.0,0,1,0,0
K06890,1,0.27627627627627627,0.0,0.27627627627627627,0.0,0.0,0,1,0,0
K14761,1,0.2752752752752753,0.0,0.2752752752752753,0.0,0.0,0,1,0,0
K03700,1,0.2732732732732732,0.0,0.2732732732732732,0.0,0.0,0,1,0,0
K17320,1,0.27227227227227224,0.0,0.27227227227227224,0.0,0.0,0,1,0,0
K02796,1,0.27227227227227224,0.0,0.0,0.0,0.27227227227227224,0,0,0,1
K22719,1,0.2692692692692693,0.0,0.2692692692692693,0.0,0.0,0,1,0,0
K03650,1,0.26574803149606296,0.26574803149606296,0.0,0.0,0.0,1,0,0,0
K03470,1,0.2632632632632632,0.0,0.0,0.0,0.2632632632632632,0,0,0,1
K06330,1,0.2602602602602603,0.0,0.2602602602602603,0.0,0.0,0,1,0,0
K25232,1,0.2592592592592593,0.0,0.0,0.0,0.2592592592592593,0,0,0,1
K15583,1,0.25725725725725723,0.0,0.0,0.0,0.25725725725725723,0,0,0,1
K00943,1,0.2542542542542543,0.0,0.2542542542542543,0.0,0.0,0,1,0,0
K02879,1,0.2532532532532532,0.0,0.2532532532532532,0.0,0.0,0,1,0,0
K23393,1,0.2502502502502503,0.0,0.2502502502502503,0.0,0.0,0,1,0,0
K01181,1,0.2492492492492493,0.0,0.0,0.0,0.2492492492492493,0,0,0,1
K00763,1,0.24124124124124124,0.0,0.0,0.0,0.24124124124124124,0,0,0,1
K18581,1,0.24024024024024027,0.0,0.0,0.0,0.24024024024024027,0,0,0,1
K14956,1,0.2392392392392393,0.0,0.2392392392392393,0.0,0.0,0,1,0,0
K26996,1,0.23723723723723722,0.0,0.23723723723723722,0.0,0.0,0,1,0,0
K22132,1,0.2362204724409449,0.2362204724409449,0.0,0.0,0.0,1,0,0,0
K01869,1,0.23423423423423428,0.0,0.0,0.0,0.23423423423423428,0,0,0,1
K00566,1,0.23223223223223222,0.0,0.0,0.0,0.23223223223223222,0,0,0,1
K25672,1,0.23223223223223222,0.0,0.23223223223223222,0.0,0.0,0,1,0,0
K03977,1,0.2272272272272272,0.0,0.0,0.0,0.2272272272272272,0,0,0,1
K01159,1,0.22522522522522526,0.0,0.22522522522522526,0.0,0.0,0,1,0,0
K00615,1,0.22422422422422428,0.0,0.22422422422422428,0.0,0.0,0,1,0,0
K02886,1,0.2222222222222222,0.0,0.2222222222222222,0.0,0.0,0,1,0,0
K01056,1,0.22022022022022025,0.0,0.0,0.0,0.22022022022022025,0,0,0,1
K02435,1,0.2172172172172172,0.0,0.0,0.0,0.2172172172172172,0,0,0,1
K11145,1,0.21621621621621623,0.0,0.0,0.0,0.21621621621621623,0,0,0,1
K03710,1,0.21421421421421416,0.0,0.21421421421421416,0.0,0.0,0,1,0,0
K03118,1,0.21121121121121122,0.0,0.21121121121121122,0.0,0.0,0,1,0,0
K00929,1,0.20820820820820818,0.0,0.20820820820820818,0.0,0.0,0,1,0,0
K21636,1,0.20420420420420415,0.0,0.20420420420420415,0.0,0.0,0,1,0,0
K25086,1,0.20320320320320318,0.0,0.0,0.0,0.20320320320320318,0,0,0,1
K07576,1,0.20320320320320318,0.0,0.20320320320320318,0.0,0.0,0,1,0,0
K03303,1,0.2022022022022022,0.0,0.2022022022022022,0.0,0.0,0,1,0,0
K02834,1,0.20020020020020024,0.0,0.20020020020020024,0.0,0.0,0,1,0,0
K01163,1,0.19519519519519524,0.0,0.19519519519519524,0.0,0.0,0,1,0,0
K18475,1,0.1921921921921922,0.0,0.0,0.0,0.1921921921921922,0,0,0,1
K06397,1,0.18918918918918914,0.0,0.18918918918918914,0.0,0.0,0,1,0,0
K02407,1,0.1861861861861862,0.0,0.1861861861861862,0.0,0.0,0,1,0,0
K13292,1,0.18318318318318316,0.0,0.18318318318318316,0.0,0.0,0,1,0,0
K06398,1,0.18218218218218218,0.0,0.18218218218218218,0.0,0.0,0,1,0,0
K02422,1,0.18149466192170816,0.0,0.0,0.18149466192170816,0.0,0,0,1,0
K03595,1,0.1811811811811812,0.0,0.1811811811811812,0.0,0.0,0,1,0,0
K07126,1,0.17717717717717718,0.0,0.17717717717717718,0.0,0.0,0,1,0,0
K03086,1,0.1761761761761762,0.0,0.0,0.0,0.1761761761761762,0,0,0,1
K03704,1,0.17017017017017022,0.0,0.0,0.0,0.17017017017017022,0,0,0,1
K07979,1,0.16916916916916913,0.0,0.16916916916916913,0.0,0.0,0,1,0,0
K07345,1,0.16816816816816815,0.0,0.0,0.0,0.16816816816816815,0,0,0,1
K03856,1,0.1661661661661662,0.0,0.0,0.0,0.1661661661661662,0,0,0,1
K07263,1,0.16416416416416413,0.0,0.16416416416416413,0.0,0.0,0,1,0,0
K02821,1,0.15915915915915912,0.0,0.15915915915915912,0.0,0.0,0,1,0,0
K09013,1,0.15915915915915912,0.0,0.0,0.0,0.15915915915915912,0,0,0,1
K00797,1,0.15815815815815815,0.0,0.15815815815815815,0.0,0.0,0,1,0,0
K02919,1,0.1551551551551551,0.0,0.1551551551551551,0.0,0.0,0,1,0,0
K03705,1,0.15415415415415412,0.0,0.0,0.0,0.15415415415415412,0,0,0,1
K03789,1,0.15354330708661412,0.15354330708661412,0.0,0.0,0.0,1,0,0,0
K21929,1,0.1511511511511512,0.0,0.0,0.0,0.1511511511511512,0,0,0,1
K02939,1,0.1476377952755905,0.1476377952755905,0.0,0.0,0.0,1,0,0,0
K06881,1,0.14370078740157477,0.14370078740157477,0.0,0.0,0.0,1,0,0,0
K02911,1,0.14214214214214216,0.0,0.0,0.0,0.14214214214214216,0,0,0,1
K07775,1,0.14114114114114118,0.0,0.0,0.0,0.14114114114114118,0,0,0,1
K03737,1,0.1401401401401401,0.0,0.0,0.0,0.1401401401401401,0,0,0,1
K01626,1,0.13713713713713716,0.0,0.13713713713713716,0.0,0.0,0,1,0,0
K12067,1,0.13613613613613618,0.0,0.0,0.0,0.13613613613613618,0,0,0,1
K03307,1,0.1358267716535433,0.1358267716535433,0.0,0.0,0.0,1,0,0,0
K14623,1,0.1351351351351351,0.0,0.0,0.0,0.1351351351351351,0,0,0,1
K02956,1,0.13113113113113117,0.0,0.13113113113113117,0.0,0.0,0,1,0,0
K06215,1,0.12712712712712715,0.0,0.0,0.0,0.12712712712712715,0,0,0,1
K00016,1,0.12712712712712715,0.0,0.12712712712712715,0.0,0.0,0,1,0,0
K00677,1,0.1241241241241241,0.0,0.0,0.0,0.1241241241241241,0,0,0,1
K08978,1,0.12212212212212215,0.0,0.12212212212212215,0.0,0.0,0,1,0,0
K07164,1,0.12112112112112117,0.0,0.12112112112112117,0.0,0.0,0,1,0,0
K03550,1,0.12012012012012008,0.0,0.0,0.0,0.12012012012012008,0,0,0,1
K11358,1,0.11811811811811812,0.0,0.0,0.0,0.11811811811811812,0,0,0,1
K02887,1,0.1141141141141141,0.0,0.0,0.0,0.1141141141141141,0,0,0,1
K02881,1,0.11011011011011007,0.0,0.11011011011011007,0.0,0.0,0,1,0,0
K02172,1,0.10910910910910909,0.0,0.10910910910910909,0.0,0.0,0,1,0,0
K03561,1,0.10410410410410409,0.0,0.0,0.0,0.10410410410410409,0,0,0,1
K02501,1,0.10236220472440949,0.10236220472440949,0.0,0.0,0.0,1,0,0,0
K07012,1,0.10210210210210213,0.0,0.10210210210210213,0.0,0.0,0,1,0,0
K03527,1,0.09509509509509506,0.0,0.0,0.0,0.09509509509509506,0,0,0,1
K01624,1,0.0930930930930931,0.0,0.0930930930930931,0.0,0.0,0,1,0,0
K00761,1,0.09209209209209213,0.0,0.09209209209209213,0.0,0.0,0,1,0,0
K06023,1,0.08908908908908908,0.0,0.0,0.0,0.08908908908908908,0,0,0,1
K02794,1,0.08908908908908908,0.0,0.08908908908908908,0.0,0.0,0,1,0,0
K05919,1,0.08708708708708712,0.0,0.0,0.0,0.08708708708708712,0,0,0,1
K06333,1,0.08708708708708712,0.0,0.08708708708708712,0.0,0.0,0,1,0,0
K07729,1,0.08608608608608603,0.0,0.08608608608608603,0.0,0.0,0,1,0,0
K06872,1,0.08408408408408408,0.0,0.08408408408408408,0.0,0.0,0,1,0,0
K01734,1,0.08408408408408408,0.0,0.0,0.0,0.08408408408408408,0,0,0,1
K07216,1,0.0830830830830831,0.0,0.0830830830830831,0.0,0.0,0,1,0,0
K01874,1,0.07707707707707712,0.0,0.0,0.0,0.07707707707707712,0,0,0,1
K01872,1,0.07607607607607603,0.0,0.0,0.0,0.07607607607607603,0,0,0,1
K07221,1,0.07507507507507505,0.0,0.07507507507507505,0.0,0.0,0,1,0,0
K15974,1,0.07473309608540923,0.0,0.0,0.07473309608540923,0.0,0,0,1,0
K07284,1,0.07407407407407407,0.0,0.07407407407407407,0.0,0.0,0,1,0,0
K01208,1,0.06706706706706711,0.0,0.06706706706706711,0.0,0.0,0,1,0,0
K19420,1,0.06606606606606602,0.0,0.06606606606606602,0.0,0.0,0,1,0,0
K03979,1,0.06506506506506504,0.0,0.06506506506506504,0.0,0.0,0,1,0,0
K12952,1,0.06406406406406406,0.0,0.0,0.0,0.06406406406406406,0,0,0,1
K03609,1,0.06206206206206211,0.0,0.06206206206206211,0.0,0.0,0,1,0,0
K12132,1,0.06106106106106102,0.0,0.0,0.0,0.06106106106106102,0,0,0,1
K00075,1,0.05905905905905906,0.0,0.05905905905905906,0.0,0.0,0,1,0,0
K27000,1,0.055055055055055035,0.0,0.055055055055055035,0.0,0.0,0,1,0,0
K01999,1,0.055055055055055035,0.0,0.0,0.0,0.055055055055055035,0,0,0,1
K07699,1,0.05305305305305308,0.0,0.05305305305305308,0.0,0.0,0,1,0,0
K03497,1,0.0520520520520521,0.0,0.0520520520520521,0.0,0.0,0,1,0,0
K00925,1,0.05005005005005003,0.0,0.05005005005005003,0.0,0.0,0,1,0,0
K17247,1,0.04982206405693945,0.0,0.0,0.04982206405693945,0.0,0,0,1,0
K09811,1,0.049049049049049054,0.0,0.0,0.0,0.049049049049049054,0,0,0,1
K09779,1,0.04604604604604601,0.0,0.0,0.0,0.04604604604604601,0,0,0,1
K09772,1,0.04504504504504503,0.0,0.0,0.0,0.04504504504504503,0,0,0,1
K11690,1,0.04304304304304307,0.0,0.0,0.0,0.04304304304304307,0,0,0,1
K00606,1,0.041041041041041004,0.0,0.041041041041041004,0.0,0.0,0,1,0,0
K09747,1,0.040040040040040026,0.0,0.0,0.0,0.040040040040040026,0,0,0,1
K09691,1,0.03803803803803807,0.0,0.0,0.0,0.03803803803803807,0,0,0,1
K03687,1,0.036036036036036,0.0,0.036036036036036,0.0,0.0,0,1,0,0
K03168,1,0.03543307086614178,0.03543307086614178,0.0,0.0,0.0,1,0,0,0
K02945,1,0.034034034034034044,0.0,0.034034034034034044,0.0,0.0,0,1,0,0
K03110,1,0.03346456692913391,0.03346456692913391,0.0,0.0,0.0,1,0,0,0
K08986,1,0.03203203203203209,0.0,0.0,0.0,0.03203203203203209,0,0,0,1
K02770,1,0.029527559055118058,0.029527559055118058,0.0,0.0,0.0,1,0,0,0
K06346,1,0.028028028028028062,0.0,0.028028028028028062,0.0,0.0,0,1,0,0
K09761,1,0.028028028028028062,0.0,0.0,0.0,0.028028028028028062,0,0,0,1
K11688,1,0.026026026026025995,0.0,0.0,0.0,0.026026026026025995,0,0,0,1
K01940,1,0.025025025025025016,0.0,0.0,0.0,0.025025025025025016,0,0,0,1
K01918,1,0.020020020020020013,0.0,0.0,0.0,0.020020020020020013,0,0,0,1
K01887,1,0.017017017017016967,0.0,0.0,0.0,0.017017017017016967,0,0,0,1
K03076,1,0.016016016016015988,0.0,0.016016016016015988,0.0,0.0,0,1,0,0
K01881,1,0.01501501501501501,0.0,0.0,0.0,0.01501501501501501,0,0,0,1
K01876,1,0.013013013013013053,0.0,0.0,0.0,0.013013013013013053,0,0,0,1
K10540,1,0.010010010010010006,0.0,0.0,0.0,0.010010010010010006,0,0,0,1
K18954,1,0.006006006006005982,0.0,0.006006006006005982,0.0,0.0,0,1,0,0
K03602,1,0.004004004004004025,0.0,0.004004004004004025,0.0,0.0,0,1,0,0
K09903,1,0.004004004004004025,0.0,0.0,0.0,0.004004004004004025,0,0,0,1
