sample_id,label,f__Synergistaceae,f__Rikenellaceae,f__Tannerellaceae,f__Bacteroidaceae,f__Coriobacteriaceae,f__Eubacteriales_unclassified,f__Oscillospiraceae,f__Odoribacteraceae,f__Acidaminococcaceae,f__Lachnospiraceae,f__Clostridiaceae,f__Desulfovibrionaceae,f__Christensenellaceae,f__Eubacteriales_Family_XIII_Incertae_Sedis,f__Lactobacillaceae,f__Eggerthellaceae,f__Eubacteriales_incertae_sedis,f__Streptococcaceae,f__Erysipelotrichaceae,f__Enterobacteriaceae,f__Eubacteriaceae,f__Peptostreptococcaceae,f__Bifidobacteriaceae,f__Candidatus_Saccharimonadaceae,f__Prevotellaceae,f__FGB15212,f__Coprobacillaceae,f__Candidatus_Saccharibacteria_unclassified,f__FGB1226,f__Enterococcaceae,f__FGB1262,f__Barnesiellaceae,f__Selenomonadaceae,f__FGB1126,f__Actinomycetaceae,f__Sutterellaceae,f__Atopobiaceae,f__FGB1776,f__FGB14936,f__FGB2982,f__FGB1765,f__Turicibacteraceae,f__FGB3069,f__FGB1217,f__FGB75721,f__Pasteurellaceae,f__FGB3048,f__FGB3038,f__FGB1011,f__Clostridia_unclassified,f__FGB3047,f__Veillonellaceae,f__Bacteria_unclassified,f__FGB3023,f__FGB1354,f__FGB2915,f__Carnobacteriaceae,f__FGB1227,f__FGB3057,f__Akkermansiaceae,f__FGB1292,f__Firmicutes_unclassified,f__FGB1380,f__FGB3062,f__FGB38642,f__FGB77988,f__Propionibacteriaceae,f__FGB45628,f__Candidatus_Nanogingivalaceae,f__Bacillales_unclassified,f__FGB4806,f__Micrococcaceae,f__FGB4605,f__Oxalobacteraceae,f__FGB1359,f__FGB45503,f__FGB72924,f__FGB2997,f__FGB3072,f__FGB1325,f__FGB2960,f__FGB10477,f__FGB32970,f__FGB9989,f__Corynebacteriaceae,f__Fusobacteriaceae
CRR1012336,1,0.0,5.59229,1.31285,18.03826,0.04381,0.53589,12.261270000000001,0.6853800000000001,0.11784,24.66876,1.8996699999999995,0.47435000000000005,0.0064,0.04659,0.00936,0.042609999999999995,0.56501,0.10869999999999999,0.14852,4.4836100000000005,2.26741,0.02212,0.68367,0.0049,1.16076,0.09341,0.0,0.00557,0.01158,0.0,0.0,0.95234,0.0,0.00046,0.01043,0.01488,0.0,1.35153,0.40243,0.24074,1.90822,0.0,0.0,0.0751,0.0,0.0,0.02203,0.05163,0.00767,0.02553,0.01376,0.99204,0.00869,0.03752,0.0,0.01615,0.0,0.00031,0.0,0.0,0.0,0.0,0.0,0.0,4.410299999999999,0.07264,0.0,0.0,0.0,0.0,0.0,0.0,0.01978,0.0,0.00972,0.0,1.25961,0.0,0.00031,1.91515,0.00981,0.0,0.0,0.0,0.0,0.0
CRR1012349,0,0.0,2.33526,0.18818000000000001,5.683760000000001,0.0052,4.51571,23.57871,0.07305,0.0,26.941620000000004,6.3527200000000015,0.01924,0.10192999999999999,0.20111,0.0,1.16752,0.90197,0.39296,0.27205,0.01816,6.71846,0.33038999999999996,0.0,0.00302,0.15414,0.0,0.0,0.041319999999999996,0.0,0.00642,0.0,0.4331,0.00668,0.00287,0.00187,0.16179,0.0,4.47303,0.0,0.0,0.0,0.2893,0.0,0.0,0.0,0.0,0.01947,0.06071,0.01963,0.43423,0.00213,2.2257499999999997,0.02309,0.10884,2.84697,0.39487,0.00055,0.02338,0.01999,0.0,0.0,0.10077,0.0,0.0,0.0,0.0,0.0,0.01557,0.0,0.00054,0.0,0.00167,0.0,0.002,0.0,0.0,0.0,0.00109,0.00401,0.0,0.0,0.0,0.0,0.0,0.0,0.0
CRR1012358,0,0.0,0.05459,1.5698,4.44012,1.24359,0.2873,5.48367,0.04301,5.70814,47.77476999999998,1.1763600000000003,1.23365,0.01241,0.01219,0.14439,1.2078700000000002,0.0,5.4666700000000015,0.7823599999999999,1.27171,0.06269999999999999,0.04393,7.8498,0.02851,0.0,0.0,0.01688,0.17706999999999998,0.0,0.0,0.0,0.0,0.0,0.0,0.03308,0.06183,0.0,0.0,0.0,0.0,0.0,0.0,0.0,0.0,0.0,0.00849,0.0,0.0,0.0,0.03847,0.0,0.23502,0.0,0.0,0.0,0.0,0.00342,0.0,0.0,0.0,0.023280000000000002,0.0,0.0,0.0,0.0,0.0,0.0,0.0,0.01293,0.00053,0.0,0.0,0.0,0.0,0.0,0.0,0.0,0.0,0.0,0.0,0.0,0.0,0.0,0.0,0.0,0.0
CRR1012371,1,0.0,9.636110000000002,0.6662800000000001,4.26324,0.49506000000000006,1.3998199999999998,16.986980000000003,0.25532,1.36797,26.453839999999996,1.86373,1.0593700000000001,0.03619,0.21479999999999996,0.01906,1.14055,0.6816,0.50407,2.5032799999999997,0.29340999999999995,2.5574000000000003,0.24488,0.40058,0.00693,0.75313,0.0,0.0,0.04173,0.00012,0.0,0.03916,1.49902,0.0,0.0,0.01948,0.13383,0.00512,0.71471,2.05979,0.02124,0.0,0.27085,0.0,0.0,0.0,0.01798,0.03005,0.01392,0.0,0.00041,0.01427,0.01828,0.0245,0.02047,0.26247,0.0,0.00135,0.00989,0.01129,0.00063,0.0,0.28062000000000004,0.0,0.56488,0.49585,0.14653,0.0,0.00052,0.0,0.02471,0.0,0.00395,0.0,0.12951,0.03284,0.02413,0.02115,0.00527,0.0,0.0,0.0,0.0,0.0,0.0,0.0,0.0
CRR1012380,0,0.0,1.0520199999999997,0.06628,1.4179199999999998,21.461589999999998,2.4988200000000003,9.62666,0.00191,0.01649,33.743919999999996,0.8979500000000001,0.08767,0.04161,0.22446,0.02586,1.10009,2.30818,2.4869200000000005,2.64551,0.8511700000000001,1.9068100000000001,0.15291,2.59033,0.0061,0.0,0.0,0.0,0.32700999999999997,0.0,0.026510000000000002,0.0,0.0,3.04054,0.0,0.55529,0.05701,0.04864,0.00367,0.0,0.0,0.0,0.0,0.0,0.01869,0.0,0.01555,0.12427,0.0,0.0005,0.12228,0.0176,0.21488,0.09131,0.0,0.0,0.0,0.02154,0.01371,0.0,1.40032,0.12626,0.09712,0.19993,0.0,0.0,0.0,0.00428,0.0,0.03743,0.01113,0.0,0.01512,0.0,0.0,0.0,0.0,0.0,0.0,0.0,0.0,0.0,0.0,0.0,0.0,0.01465,0.0
CRR1012436,1,0.0,4.87618,5.26716,4.78657,1.24281,0.8816599999999999,11.198470000000002,0.54786,0.55467,31.067639999999994,1.7814899999999998,0.02697,0.0,0.25333,0.0,0.98417,1.28429,0.18642999999999998,0.5293800000000001,0.16862,1.3166900000000001,0.30561,0.51418,0.01606,3.42227,0.18477,0.0,0.032799999999999996,0.02623,0.0,0.0,0.0,0.0,0.0,0.0008799999999999999,0.21570999999999999,0.0,6.73696,5.78396,0.74188,0.41213999999999995,0.22348,0.06591,0.05302,0.03001,0.02693,0.02628,0.02075,0.01267,0.01019,0.01018,0.01778,0.00807,0.00667,0.00413,0.00228,0.00211,0.00112,0.0006,0.0,0.0,0.0,0.0,0.0,0.0,0.0,0.0,0.0,0.0,0.0,0.0,0.0,0.0,0.0,0.0,0.0,0.0,0.0,0.0,0.0,0.0,0.0,0.0,0.0,0.0,0.0
CRR1012452,1,0.0,2.39494,0.21195,1.0796700000000001,4.06575,1.07872,10.01167,0.00899,0.00185,24.39847,0.43178,1.01703,0.01022,0.36559,0.03793,0.43157999999999996,4.22447,0.29033000000000003,5.47175,0.36097,1.6526999999999998,1.9909599999999998,21.29426,0.0266,2.47133,0.0,0.0,0.02808,0.0,0.00973,0.12075,0.00883,0.34574,0.0,0.0483,0.049389999999999996,0.0,0.0,0.02216,0.0,0.0,0.61914,0.0,0.0,0.0,0.0098,0.0,0.0,0.02316,0.01224,0.0,0.07043,0.00368,0.04026,0.48578,0.0,0.0,0.0,0.07384,1.05182,0.15494,0.0,0.02885,0.0,0.0,0.0,0.01414,0.0,0.00275,0.00396,0.0,0.00188,0.0,0.0,0.0,0.0,0.0,0.0,0.0,0.0,0.0,0.0,0.0,0.0,0.01021,0.0
CRR1012459,1,0.02569,9.99875,1.30807,13.518169999999998,0.0,1.17085,19.61135,0.32157,0.0,23.48073,0.8581000000000001,0.18185,0.01745,0.0045,0.05995,1.69005,0.63659,0.77085,4.01813,2.03909,1.2274500000000002,0.04099,0.81226,0.0,0.0,0.0,0.0,0.0,0.0259,0.0,0.01814,0.0,0.0,0.0,0.0,0.05856,0.0,0.0,0.83751,0.74194,0.0,0.0,0.12789,0.20848,0.00683,0.0,0.03438,0.10011,0.05591,0.00296,0.0,0.0,0.02088,0.03133,2.0456,0.01728,0.00295,0.0,0.01423,1.88378,0.116,0.05431,0.0,0.88621,0.0,0.0,0.0,0.00073,0.0,0.0,0.0,0.0,0.0,0.0,0.01517,0.0,0.00051,0.0,0.0,0.29889,0.0,0.41533,0.00566,0.0,0.0,0.0
CRR1012463,1,0.0,0.1395,1.44114,20.464530000000003,17.89221,0.03024,10.4078,0.07686,0.00251,35.96794,0.26328,0.16629,0.0,0.0,0.0,0.62241,0.01861,0.41489000000000004,0.07306000000000001,7.07434,0.00167,0.39076,2.4493,0.0,0.00547,0.0,0.0,0.0,0.0,0.0,0.0,0.00151,0.08918,0.0,0.00201,0.0,0.0,0.0,0.08893,0.0,0.00406,0.0,0.0,0.0,0.0,0.0,0.0,0.0,0.0,0.0,0.0,0.00076,0.0,0.0,0.0,0.0,0.00203,0.0,0.0,0.0,0.14645,0.0,0.0,0.0,0.0,0.0,0.0,0.0,0.0,0.0,0.0,0.00612,0.0,0.0,0.0,0.0,0.02887,0.0,0.0,0.0,0.0,0.0,0.0,0.0,0.0,0.0
CRR1012467,1,0.0,11.438379999999999,1.72604,13.5773,0.07514,1.03321,21.092950000000002,0.64253,0.0,22.922170000000012,2.1347800000000006,0.01975,0.00482,0.07442,0.04136,0.32686000000000004,3.57774,0.65576,1.25617,0.02658,12.274080000000001,0.23911,0.56406,0.0,0.0,0.0,0.0,0.0,0.0,0.0,0.0,2.33308,0.0,0.00406,0.0,0.39375,0.0,0.0,0.0,0.0,0.0,0.00447,0.0,0.04093,0.04141,0.01941,0.00605,0.00102,0.0,0.0,0.02655,1.49014,0.04941,0.03319,0.0,0.00455,0.00147,0.0,0.0,0.07281,0.06495,0.07675,0.14155,0.0,0.33259,0.0,0.0,0.0,0.0,0.0,0.0,0.00258,0.0,0.23797,0.0,0.0,0.0,0.07814,0.0,0.0,0.0,0.0,0.0,0.0,0.0,0.0
CRR1012468,1,34.38693,31.2897,3.1112200000000003,4.5043,1.7112,1.9450500000000002,4.493730000000001,1.10122,0.6789,2.8504000000000005,0.62129,0.45747,0.32017,0.33857000000000004,0.30232,0.43851,0.18923,0.17969000000000002,0.20223,0.10622,0.12852,0.0582,0.06219,0.03307,0.03007,0.02982,0.01813,0.035449999999999995,0.01667,0.01482,0.00976,0.00845,0.00477,0.00313,0.00295,0.00142,0.00131,0.0,0.0,0.0,0.0,0.0,0.0,0.0,0.0,0.0,0.0,0.0,0.0,0.0,0.0,0.0,0.0,0.0,0.0,0.0,0.0,0.0,0.0,0.0,0.0,0.0,0.0,0.0,0.0,0.0,0.0,0.0,0.0,0.0,0.0,0.0,0.0,0.0,0.0,0.0,0.0,0.0,0.0,0.0,0.0,0.0,0.0,0.0,0.0,0.0
CRR1012470,1,0.00833,9.64053,1.74993,37.22773000000001,0.04835,0.14597999999999997,21.419080000000008,0.14505,1.77537,9.553890000000004,1.4881300000000002,0.18693,0.00439,0.01889,0.0,0.0054800000000000005,5.93602,0.17424999999999996,0.27601000000000003,0.28034,0.26069,0.0,0.11784,0.01666,0.0,0.0,0.04329,0.0393,0.0,0.0,0.0,0.06727,0.84027,0.0,0.00768,0.194,0.00059,0.0,0.0,0.0,0.0,0.0,0.0,0.06826,0.0,0.0,0.03008,0.00119,0.03278,0.01338,0.01733,0.37407,0.00999,0.0,0.0,0.0,0.0,0.0,0.0,0.61748,0.3211,0.29632,0.06072,0.04711,0.0114,0.0096,0.00517,0.00141,0.0,0.0,0.0,0.0,0.0,0.0,0.0,0.0,0.0,0.0,0.0,0.0,0.0,0.0,0.0,0.0,0.0,0.0
CRR1012471,1,0.00471,8.97305,0.2567,5.57726,0.18669,0.17774,6.965,0.47433,0.07647,13.30348,0.35005999999999987,0.34898,0.0,0.03679,1.1299299999999999,0.0317,0.39779,0.5116600000000001,0.06299,0.48218,5.6954199999999995,0.02275,0.86281,0.00062,10.75718,0.00608,0.0,0.0,0.00346,0.0,0.00887,1.13824,0.0,0.0,0.00272,0.14233,0.0,2.00568,0.0,0.20555,0.33891,0.0,0.0,0.0,0.01901,0.01075,0.004,0.0,0.00435,0.0,0.00105,0.34898,0.00272,0.00843,0.15568,0.0,0.0,0.0,0.0,0.0,0.0,0.03107,0.0,0.76506,0.27581,0.0,0.0,0.0,0.0,0.0,1.69802,0.0,0.00721,0.0,0.02902,0.0,0.10788,0.0,0.0,0.0,0.02752,0.00301,0.01454,0.06061,0.0,0.0
CRR1012474,1,0.0,14.98683,6.3316099999999995,27.960480000000004,0.26252,0.20803,5.620350000000001,1.6198700000000001,0.0,10.5594,1.5401099999999999,0.25978999999999997,0.0,0.0,0.0064,0.01047,0.0,0.88044,0.84676,17.98686,0.0,0.0,0.0,0.0,3.67574,0.0,0.01082,0.0,0.0,0.0,0.0,0.0,0.0,0.0,0.00268,0.02908,0.0,0.0,0.0,0.0,0.0,0.0,0.0,0.0,0.0,0.0,0.0,0.0,0.0,0.0,0.0141,0.7511599999999999,0.0,0.0,0.0,0.0,0.0,0.0,0.0,0.0,0.09788,0.0,0.0,0.0,0.0,0.0,0.0,0.0,0.0,0.0,0.0,0.00607,0.0,0.0,0.0,0.0,0.0,0.0,0.0,0.0,0.0,0.0,0.0,0.0,0.0,0.0
CRR1012480,1,0.0,4.915569999999999,0.8273,10.698450000000001,0.90583,0.62932,18.09939,0.45862,0.00586,21.085559999999997,1.4677400000000003,0.07537,0.0,0.03257,0.59,0.46813,0.57412,0.6534800000000001,0.19885,0.17637000000000003,4.853009999999999,1.45,0.18367,0.01812,16.05007,0.0,0.0,0.03791,0.00253,0.0,0.0,0.78182,0.77964,0.0,0.010029999999999999,0.46915,0.0,1.79524,0.0,0.01767,0.0,0.01496,0.0,0.01652,0.0,0.51199,0.0,0.0,0.0,0.00893,0.04084,0.13574,0.02973,0.0,0.00169,0.0,0.00547,0.0,0.0,2.51989,0.05253,0.0,0.0,0.0,0.08801,0.0,0.0,0.0,0.0,0.0,0.02032,0.01729,0.00536,0.0,0.0,0.0,0.0,0.0,0.0,0.0,0.0,0.0,0.0,0.0,0.0,0.0
CRR1012487,1,0.0,0.9000499999999999,1.00256,24.79581,0.0,0.84661,19.153859999999998,0.1487,0.00312,22.47808,1.63481,0.01543,0.009729999999999999,0.01764,0.0,0.28612000000000004,0.87238,0.08073,0.61661,1.24551,0.27921,0.02058,3.6865,0.0,0.47887,0.0,0.0,0.0,0.0,0.0,0.0,0.0,0.0,0.00139,0.0,0.0,0.0,0.0,0.0,0.0,2.91966,0.0,0.0,0.15769,0.0,0.0,0.0,0.05506,0.0,0.00265,0.0,0.0,0.01905,0.00322,0.0,0.0,0.0,0.0,0.0,0.00084,0.35988,0.0,0.0,0.0,0.0,0.0,0.0,0.0,0.0,0.0,8.76669,0.0,0.0,0.0,0.0,0.0,0.0,0.0,0.0,0.0,0.0,0.0,0.06974,0.0,0.0,0.0
CRR1012491,1,0.0,0.0,0.94107,12.76848,0.0,0.8116599999999999,7.58737,0.40898,0.0,29.15891,7.623400000000001,0.12835,0.0,0.00445,0.0265,0.09037999999999999,4.16261,0.8681,0.34552,1.0287,0.32269,0.44079,0.0,0.00604,0.0,0.0,0.0,0.00012,0.0,0.0,0.0,0.0,0.0,0.0,0.02939,1.09414,0.0,0.0,0.0,0.0,0.0,0.02024,0.0,0.0,0.0,0.10278,0.0,0.0,0.01284,0.07988,0.0,10.96012,0.11474,0.0,0.0,0.0,0.01325,0.0,0.06186,4.23283,0.31667,0.0,1.04993,0.0,0.0,0.0,0.0,0.0,0.0,0.0,0.0,0.0,0.0,0.0,0.0,0.0,0.0,0.0,0.0,0.0,0.0,0.0,0.0,0.0,0.0,0.0
CRR1012495,1,0.0,0.26728,0.12722,2.3713299999999995,0.00096,1.90932,25.210150000000002,0.00219,0.0,31.60615000000001,6.949540000000001,8.727580000000001,0.0,0.0,0.1384,0.19344,8.64352,0.3796900000000001,0.6322499999999999,3.60985,0.38985000000000003,0.24913000000000002,0.08393,0.00873,0.0,0.0,0.0,0.0384,0.0,0.04302,0.0,0.0,0.0,0.0,0.03737,0.11632,0.01069,0.0,0.0,0.0,0.0,0.09363,0.0,0.0,0.0,0.00723,0.0,0.0,0.0,0.0,0.0,4.48661,0.0,0.0,0.0,0.0,0.00464,0.0,0.0,0.0,0.08703,0.4372,0.0,0.0,0.00611,0.0,0.0,0.0,0.0,0.0,0.0,0.01552,0.0,0.0,0.0,0.0,0.0,0.0,0.0,0.0,0.0,0.0,0.0,0.0,0.0,0.0
CRR1012518,1,0.0,0.0,0.15878,30.87972,0.36274,0.0,7.34346,0.0,0.47394,30.293639999999996,0.11442,0.03797,0.0,0.01928,0.0,0.73746,0.0,0.4052,1.9776199999999997,7.034669999999999,0.0,0.05755,12.45391,0.01255,0.0,0.0,0.03248,0.016130000000000002,0.0,0.07845,0.0,0.0,0.0,0.0,0.024739999999999998,0.0,0.0,0.0,0.0,0.0,0.0,0.04895,0.0,0.0,0.0,0.0,0.0,0.0,0.0,0.0,0.0,0.00014,0.0,0.0,0.0,0.0,0.0,0.0,0.0,6.6122,0.5751,0.0,0.0,0.0,0.0,0.0,0.0,0.0,0.0,0.01124,0.0,0.0,0.0,0.0,0.0,0.0,0.0,0.0,0.0,0.0,0.0,0.0,0.0,0.0,0.0,0.0
CRR1012523,1,0.0,0.09383999999999999,0.11377,2.14076,6.93148,6.9468499999999995,7.13915,0.03525,1.27183,36.877399999999994,1.0859800000000002,0.0,0.00469,0.08102,3.1540399999999997,0.21737999999999996,0.0,11.67296,0.09894,0.0104,1.47793,0.0,18.71854,0.00286,0.0,0.0,0.0,0.07880999999999999,0.0,0.00192,0.0,0.0,0.0,0.0,0.038180000000000006,0.1177,0.00247,0.0,0.0,0.0,0.0,0.0,0.0,0.0,0.0,0.02783,0.0,0.0,0.0,0.0272,0.0,0.44047000000000003,0.0,0.0,0.0,0.0,0.005,0.0,0.0,0.0,0.33247,0.0,0.10786,0.0,0.0,0.0,0.0,0.0,0.01347,0.01765,0.0,0.03997,0.0,0.0,0.0,0.0,0.0,0.0,0.0,0.0,0.0,0.0,0.0,0.0,0.0,0.0
CRR1012527,1,0.0,2.50415,1.74165,62.58559000000001,0.26782,0.0,14.15994,0.0,3.47389,9.488019999999999,0.96587,0.0,0.0,0.0,0.74655,0.03428,0.0,0.37265,0.41302,0.32749,0.23699,0.02033,0.01533,0.0,0.0,0.0,0.0,0.0,0.0,0.0,0.0,0.0,0.0,0.0,0.0,0.73717,0.0,0.0,0.0,0.0,0.0,0.00653,0.0,0.0,0.0,0.00236,0.0,0.0,0.0,0.0,0.0,0.22388,0.0,0.0,0.0,0.0,0.0,0.0,0.0,0.0,0.43046,0.0,0.50336,0.0,0.0,0.0,0.0,0.0,0.0,0.0,0.0,0.0,0.0,0.0,0.0,0.0,0.0,0.0,0.0,0.0,0.0,0.0,0.0,0.0,0.0,0.0041
CRR1012533,1,0.07182,8.475689999999998,1.34674,23.98995,0.70033,0.7310200000000001,23.81792,0.54334,0.25861,19.30921,1.7766500000000003,0.27033,0.00939,0.09684,0.00072,0.16539,1.66217,0.15936,0.2716,0.09273999999999999,0.71013,0.32011,0.25199,0.0,0.0,0.0,0.0,0.0115,0.0,0.00423,0.0,1.53886,0.00122,0.0,0.00576,0.17278,0.0,0.0,0.0,0.0,0.0,0.06385,0.0,0.07942,0.0,0.00756,0.06368,0.0,0.00178,0.0,0.00581,0.08617,0.0096,0.0,0.00534,0.0,0.00051,0.0,0.0,0.22546,0.11661,0.0,0.10437,0.0,0.0,0.0,0.0,0.0,0.0,0.0,11.67775,0.0,0.0,0.0,0.0,0.0,0.0,0.0,0.0,0.0,0.0,0.0,0.0,0.0,0.0,0.0
CRR1012541,0,0.0967,1.9475699999999998,0.06888,4.24428,2.01547,1.21239,12.548770000000001,0.30755,0.42299,50.79943,3.4994599999999996,2.63115,0.10705,0.1351,0.0,2.32527,0.0,0.33304999999999996,0.31706,0.27678,0.6570999999999999,0.22509,0.65646,0.06092,0.0,0.0,0.00074,0.14859,0.05159,0.0,0.0,0.0,0.0,0.0,0.17748,0.0,0.0,0.0,0.0,0.0,0.0,0.01933,0.00342,0.61188,0.0,0.02019,0.0,0.02871,0.04826,0.09148,0.0,0.38247,0.0,0.0,0.0,0.0,0.0,0.0,0.0,9.14609,0.12438,0.0,0.0,0.0,0.0,0.0,0.0027,0.00851,0.01857,0.00399,0.0,0.03011,0.0,0.64245,0.0,0.0,0.0,0.0,0.0,0.0,0.0,0.0,0.0,0.0,0.00488,0.0
CRR1012545,1,0.0,2.70159,0.19508,10.33606,0.49706,1.75373,8.71343,0.17152,0.1698,46.335280000000004,1.75227,0.14127,0.0,0.05351,0.06156,0.58435,4.24712,0.18245999999999998,0.14748,1.04967,4.09199,0.7250500000000001,0.0482,0.00325,0.29412,0.0,0.0,0.0,0.0,0.0,0.0,0.76636,0.13395,0.0,0.0,0.00708,0.0,0.0,0.0,0.0,0.0,0.0,0.0,0.0,0.0,0.0,0.0,0.0,0.0,0.00013,0.0,0.32831000000000005,0.04163,0.0,0.0,0.0,0.0,0.0,0.0,0.0,0.33443,0.0,0.0,0.0,0.0,0.0,0.0,0.0,0.0,0.0,6.41109,0.0,0.0,0.0,0.0,0.0,0.0,0.0,0.0,0.0,0.0,0.0,0.0,0.0,0.0,0.0
CRR1012564,0,0.0,3.81434,0.43872999999999995,8.232520000000001,0.01692,0.46810999999999997,19.745059999999995,0.35669,0.04901,30.86935,0.88749,0.01422,0.0,0.00366,1.22239,0.11624999999999999,0.22111,6.076840000000001,0.11518,0.0,0.58256,0.10227,0.06519,0.0,7.75157,0.0,0.0,0.03006,0.0,0.0,0.0,0.97554,0.0,0.0,0.11019,0.01506,0.00098,0.06024,0.7798,0.0,1.52978,0.0,0.0,0.0,0.0,0.00562,0.03343,0.0,0.0011,0.00523,0.0,10.55264,0.02622,0.0,0.0,0.0,0.00167,0.0,0.0,0.2251,0.20562,0.13284,0.0,0.02796,0.07801999999999999,0.0,0.00101,0.0,0.02213,0.0,0.0,0.0443,0.0101,0.0,0.0,0.0,0.0,0.0,0.0,0.0,0.0,0.00022,0.0,0.01143,0.0,0.0
CRR1012576,1,0.0,0.0,0.83951,59.46456,0.1949,0.00467,16.9596,0.0,0.0,13.402859999999999,0.9825,0.24652,0.0,0.00355,0.00052,0.051219999999999995,0.0,0.87664,1.1095000000000002,1.69164,0.01389,0.44031,0.28194,0.00416,0.02837,0.0,0.0,0.06829,0.0,0.03439999999999999,0.0,0.0,0.0,0.0,0.0194,0.26726,0.00388,0.0,0.0,0.0,0.0,0.0,0.0,0.0,0.0,0.00448,0.0,0.0,0.0,0.0,0.0,2.51973,0.0,0.0,0.0,0.0,0.01166,0.0,0.0,0.0,0.03341,0.0,0.0,0.0,0.0,0.0,0.0,0.0,0.0,0.0223,0.0,0.01314,0.0,0.0,0.0,0.0,0.0,0.0,0.0,0.0,0.0,0.0,0.0,0.0,0.0,0.0
CRR1012578,0,0.01649,1.37076,0.25787999999999994,8.15037,0.19417,1.28613,14.853269999999998,0.14237,1.83966,17.15299,2.40235,0.02624,0.03633,0.05878,0.05448,0.30239000000000005,2.774,0.26955,0.61107,37.995900000000006,0.22352,0.19261,0.01894,0.0,0.70751,0.07227,0.0,0.01208,0.03454,0.0,0.01744,0.0,0.0,0.0,0.0,0.07416,0.0,0.00099,0.0,0.10107,0.0,0.05272,0.05651,0.1334,0.0,0.00647,0.10112,0.0,0.05618,0.00423,0.01619,0.22045000000000003,0.07753,0.0556,0.0,0.0,0.0,0.0,0.0,0.28616,0.0,0.06324,0.0,0.54794,0.0,0.51477,0.0,0.00682,0.0,0.0,0.0,0.0084,0.0,0.0,0.0,0.01074,0.0,0.0,0.0,0.0,0.0,0.24456,0.0033,0.0,0.0,0.0
CRR1012579,1,0.0,0.0,0.0,12.439219999999999,1.4807,0.07407,32.53394000000001,0.00407,0.0,24.49727,2.2268100000000004,0.07048,0.0,0.0555,1.30156,0.26044,0.0,0.11817,0.65922,3.35621,0.09355,0.33803,15.040299999999998,0.17532,0.0,0.0,0.12659,0.33348,0.0,0.0,0.0,0.0,0.0,0.0,0.03456,0.83361,0.016239999999999997,0.0,0.0,0.0,0.0,0.02271,0.0,0.0,0.0,0.05267,0.0,0.0,0.0,0.0,0.0,2.9853899999999998,0.0,0.0,0.0,0.0,0.0038,0.0,0.0,0.0,0.29922,0.0,0.0,0.0,0.0,0.0,0.00921,0.0,0.0,0.00516,0.0,0.00994,0.0,0.0,0.0,0.0,0.0,0.0,0.0,0.0,0.0,0.0,0.0,0.0,0.02012,0.0
CRR1012581,1,0.0,0.0,0.12067,1.69705,0.0,2.2451399999999997,3.6598300000000004,0.00324,0.0,47.377400000000016,5.366039999999999,0.14334,0.0,0.00897,0.00812,0.30407999999999996,3.54655,0.63003,0.21871,2.0903,3.7139100000000003,0.15037999999999999,0.00373,0.00603,0.0,0.0,0.0,0.03241,0.0,0.0,0.0,0.0,0.0,0.0,0.04459,0.0,0.00476,0.0,0.0,0.0,0.0,0.01786,0.0,0.0,0.0,0.0,0.0,0.0,0.0,0.0286,0.0,28.18173,0.0,0.0,0.0,0.0,0.04453,0.0,0.05534,0.17265,0.0,0.0,0.0,0.0,0.0,0.0,0.0,0.0,0.00012,0.0,0.00884,0.00423,0.0,0.0,0.0,0.0,0.0,0.0,0.0,0.0,0.0,0.0,0.0,0.0,0.0,0.03172
CRR1012584,1,0.0,19.6345,4.36467,12.88939,0.16563,0.24609,13.357210000000002,0.25243000000000004,1.04908,17.70716000000001,0.8086,0.17769,0.11059,0.07896,0.0,0.56402,1.21378,0.14864,0.6504999999999999,0.10556,0.24239000000000002,0.0,0.0,0.00094,0.26439,0.0,0.0,0.02182,0.21395,0.04907,0.03088,0.3946,0.0,0.0058,0.01871,0.0,0.0,5.19523,0.0,0.0,0.0,0.0,0.0,0.03533,0.0,0.0,0.0,0.16569,0.08739,0.04525,0.00036,0.0,0.01517,0.04762,0.0,0.0,0.0037,0.00884,0.0,0.0,0.12988,0.0,0.0,0.0,0.0,0.0,0.0,0.012270000000000001,0.0,0.00984,13.29822,0.00092,0.0,0.14834,0.0,0.0,0.0,0.0,0.0,0.0,0.0,0.0,0.0,0.0,0.0,0.0
CRR1012605,0,0.16888,0.0,8.32141,31.500939999999996,0.0,0.13458,4.67976,0.0,0.0,27.775970000000004,2.29194,0.06006,0.04079,0.91873,0.0,1.33896,0.0,0.13276,2.24154,1.81388,0.1762,0.42267,15.28534,0.01642,0.0,0.0,0.2986,0.00404,0.0,0.08363,0.0,0.0,0.0,0.0,0.0,0.0,0.0,0.0,0.0,0.0,0.0,0.0,0.0,0.0,0.0,0.0,0.0,0.0,0.0,0.0,0.0,1.37591,0.0,0.0,0.0,0.0,0.0,0.0,0.0,0.0,0.21596,0.0,0.0,0.0,0.0,0.0,0.0,0.0,0.0,0.0,0.0,0.0,0.0,0.0,0.0,0.0,0.0,0.0,0.0,0.0,0.0,0.0,0.0,0.0,0.0,0.0
CRR1012617,0,0.0,0.0,0.0,0.0,0.0,0.49086,7.6997,0.0,0.0,39.04071999999999,0.19616,0.0,0.0,0.006319999999999999,0.0,0.25004,0.0,0.53831,0.94331,0.05591,0.0753,0.44362,6.30136,0.00953,0.0,0.0,0.01135,0.00076,0.0,0.0,0.0,0.0,0.0,0.0,0.02137,0.56363,0.0,0.0,0.0,0.0,0.0,0.00525,0.0,0.0,0.0,0.0286,0.0,0.0,0.0,0.0,0.0,2.5453,0.0,0.0,0.0,0.0,0.00451,0.0,0.0,0.0,0.02599,0.0,0.0,0.0,0.0,0.0,0.0,0.0,0.0,0.00481,0.0,0.00511,0.0,0.0,0.0,0.0,0.0,0.0,0.0,0.0,0.0,0.0,0.0,0.0,0.0,0.0
CRR1012663,0,0.0,3.5928,0.09472,12.67982,0.09073,1.77038,26.743290000000005,0.05041,0.29654,20.568719999999995,0.8507800000000001,2.56512,0.0,0.01697,0.0,0.08579,13.07943,0.33666,0.47966,0.18594,0.18394999999999997,0.01871,0.62584,0.01472,0.0,0.0,0.0,0.08283,0.0,0.01846,0.0,0.0,0.0,0.0,0.020430000000000004,0.76246,0.00179,0.03016,0.0,0.0,1.3363099999999999,0.0,0.0,0.00249,0.0,0.0,0.00095,0.0,0.0005,0.00718,0.0,0.53178,0.0355,0.0,0.0,0.0,0.00344,0.01021,0.01451,0.0,0.0982,0.0,0.0,0.0,1.88088,0.0,0.0,0.0,0.00509,0.00513,10.15252,0.0,0.0,0.0,0.0,0.0,0.0,0.0,0.0,0.0,0.0,0.0,0.0,0.0,0.0,0.0
CRR1012666,0,0.0,0.49163999999999997,0.9091899999999999,2.7202100000000007,0.02312,5.22426,8.53514,0.15753,0.16946,42.94195999999999,0.78636,0.32016,0.0,0.048620000000000003,0.04934,2.65069,2.74172,1.01199,0.84507,0.05233,1.01664,0.7160900000000001,0.14647,0.00184,1.63176,0.14968,0.0,0.04901,0.0,0.40695,0.0,0.0,0.0,0.0,0.00684,0.0696,0.00335,0.0,0.0,0.0,0.83435,0.0116,0.0,0.0,0.0,1.28075,0.0,0.0,0.0,0.0,0.0,0.04257,0.00512,0.0,0.0,0.0,0.00615,0.0,0.0,0.00051,0.00061,0.0,0.16738,0.0,0.0,0.0,0.0,0.0,0.0,0.02912,6.94215,0.0043,0.0,0.0,0.0,0.0,0.0,0.0,0.0,0.0,0.0,0.0,0.0,0.0,0.00537,0.0
CRR1012687,0,0.00053,7.09553,0.33773,7.650860000000001,0.044160000000000005,0.8097200000000001,10.174069999999999,0.37214,0.42383,18.6543,1.29385,1.03353,0.00964,0.18194,0.05925,0.04122,0.63407,0.01343,0.58544,9.0973,1.67533,0.08397,0.11908,0.00608,0.22468,0.0,0.0,0.00349,0.01891,0.01431,0.04719,0.71803,0.0,0.0,0.0,0.01065,0.0,5.967499999999999,1.921,0.22157,0.07207,0.05264,0.0,0.0,0.0,0.05043,0.0,0.00863,0.00378,0.0,0.00434,0.00071,0.00646,0.01878,1.77047,0.00959,0.00011,0.0,0.0,0.0,0.0,0.46242,0.0,1.49929,1.52893,0.03429,0.0,0.0,0.0,0.0,3.20435,0.0,0.03594,0.16693,0.0,0.03513,0.09749,0.0045,0.0,0.0,0.03737,0.32827,0.0,0.1209,0.0,0.0
CRR1012698,0,0.0,0.0,8.95661,42.6649,3.69126,0.0,8.945210000000001,0.0,0.13396,7.0409299999999995,1.4829700000000001,0.0821,0.03517,0.00398,0.04746,0.06384,0.0,0.8404099999999999,1.0886900000000002,0.6111,0.0,0.01404,10.97902,0.00141,0.0,0.0,0.14559,0.13918,0.0,0.0,0.0,0.0,0.0,0.0,0.17199,0.19072,0.02102,0.0,0.0,0.0,0.0,0.0,0.0,0.0,0.0,0.0,0.0,0.0,0.0,0.21127,0.0,10.074420000000002,0.0,0.0,0.0,0.0,0.00895,0.0,0.0,0.0,0.22093,0.0,0.0,0.0,0.0,0.0,0.0,0.0,0.0,0.0,0.0,0.03851,0.0,0.0,0.0,0.0,0.0,0.0,0.0,0.0,0.0,0.0,0.0,0.0,0.0,0.02055
CRR1012707,0,0.0,0.27638,0.10821,0.9846600000000001,1.98758,3.8013600000000003,12.405350000000002,0.01724,0.01711,33.17443,1.73259,0.0024,0.0137,0.11668,0.0,0.37429999999999997,1.90093,1.9309399999999999,4.93126,21.61197,0.79131,0.71295,0.12534,0.0,0.29435,0.10735,0.0,0.07398,0.00116,0.00158,0.0,0.06057,0.0,0.0,0.18505,0.0,0.0,0.45035,0.0,0.0,0.0,0.15214,0.0,0.0,0.00013,0.0,0.00889,0.0,0.0,0.0,0.00553,0.05262,0.0,0.00515,0.0,0.0,0.05786,0.0,0.0,0.0,0.0,0.01843,0.0,0.19926,3.12563,0.0,0.0,0.0,0.01449,0.0002,4.0641,0.00902,0.0,0.0,0.09015,0.05124,0.20105,0.00315,0.0,0.0,0.00638,0.0,0.01175,0.34709,0.0,0.0
CRR1012709,0,0.0,0.0,0.00068,0.52158,0.0,0.0,2.55685,0.0,0.0,49.69646000000001,1.26109,0.0,0.00622,0.17747000000000002,0.07803,1.69783,0.0,1.4130300000000002,12.04014,16.02571,0.04154,0.5775399999999999,0.09617,0.10877,0.0,0.0,0.0,0.32547000000000004,0.0,0.08409,0.0,0.0,0.0,0.0,0.37665,0.0,0.031129999999999998,0.0,0.0,0.0,0.0,0.16175,0.0,0.0,0.0,0.0,0.0,0.0,0.0,0.0,0.0,0.00629,0.0,0.0,0.0,0.0,0.37287000000000003,0.0,0.0,0.0,0.03217,0.0,0.10428,0.0,0.0,0.0,0.04555,0.0,0.02218,1.10862,0.0,0.00738,0.0,0.0,0.0,0.0,0.0,0.0,0.0,0.0,0.0,0.0,0.0,0.0,0.0014,0.0
CRR1012720,0,0.0,7.715570000000001,0.9059200000000001,6.4211100000000005,0.0,0.40175,28.17726,0.17177,0.46013,6.593680000000001,0.42354,0.00241,0.11288,0.28552,0.0,0.45944999999999997,1.73737,0.38899999999999996,0.7409,0.32152,0.18978,0.10862,2.03678,0.00515,0.0,0.0,0.03068,0.06993,0.0,0.0,0.0,0.00172,0.0,0.00836,8e-05,0.0,0.0,0.0,0.0,0.0,0.0,0.0,0.0,0.0,0.047,0.0,0.0,0.00079,0.0,0.02783,0.0043,0.0,0.02917,0.00333,0.0,0.0,0.00741,0.01611,2.33617,0.03469,0.02272,0.13206,0.0,4.12714,0.0,0.0,0.0,0.0,0.00068,0.01051,33.68085,0.01414,0.0,0.0,0.0,0.0,0.0,0.0,0.0,0.02808,0.2291,0.0,0.0,0.0,0.0,0.0
CRR1012732,1,0.0,2.53757,0.09239,1.8658199999999998,0.95174,3.8358399999999997,11.729509999999996,0.2502,0.0253,40.49387999999999,4.104819999999999,0.0,0.0,0.5680099999999999,0.0,1.08091,5.56878,0.2687,2.89898,0.00163,2.26705,0.87497,1.63648,0.00786,0.8718,0.47372,0.0,0.02413,0.00556,0.00141,0.0,0.0,0.16722,0.00157,0.049769999999999995,0.0,0.0,0.0,0.0,0.0,0.8009200000000001,0.0,0.0,0.0,0.0,0.0,0.00483,0.017939999999999998,0.00183,0.0,0.01736,0.0,0.00437,0.02264,0.16416,0.01513,0.00309,0.0,0.00204,0.10256,0.0,0.0,0.0,0.27286,1.72243,0.0,0.0,0.0,9e-05,0.02109,0.32889,0.0,0.01725,0.0,0.16309,0.0,0.00904,0.11855,0.0,0.0,0.10745,0.0,0.02429,0.0,0.0089,0.0
CRR1012734,0,0.0,0.23044,0.07155,0.80864,1.36395,2.04664,6.256809999999999,0.00019,0.0,16.03901,2.4286300000000005,0.0,0.0005,0.00925,8.3777,0.37341,4.0799,21.104450000000003,13.04843,0.00294,0.22093000000000002,0.11134999999999999,20.86103,0.00413,0.0,0.0,0.0,0.01044,0.0,0.0,0.0,0.0,0.0,0.0,0.01738,0.0,0.00368,0.0,0.0,0.0,0.6557200000000001,0.0,0.0,0.0,0.0,0.25366,0.00078,0.0,0.0,0.0,0.0,0.29547,0.0,0.0,0.00084,0.0,0.08317,0.0,0.0,0.0253,0.01726,0.0,0.0,0.0,0.0,0.0,0.0,0.0,0.0,0.00836,0.0,0.55469,0.0302,0.0,0.0,0.0,0.0,0.0,0.0,0.0,0.0,0.0,0.0,0.0,0.0,0.0
CRR1012735,1,0.0,10.43812,0.31852,4.1743,1.63859,6.45296,19.293030000000005,0.28935,0.14795,24.972869999999997,0.9043100000000001,0.0,0.0,0.15027000000000001,0.0,1.68849,3.56092,0.05092,0.19469999999999998,0.11489999999999999,0.22828,0.37800999999999996,10.426020000000001,0.00345,2.7315400000000003,0.05188,0.0,0.02443,0.0,0.0,0.0,1.19337,0.0,0.0,0.018430000000000002,0.14752,0.0,0.0,7.03571,0.0,0.0,0.02316,0.0,0.0,0.00371,0.0,0.00784,0.0,0.0,0.01945,0.00479,0.09273999999999999,0.00242,0.0,0.0,0.0,0.0,0.0,0.0,2.9944,0.0,0.0,0.0,0.0,0.03033,0.0,0.0,0.0,0.0,0.00054,0.0,0.0,0.01775,0.0,0.0,0.0,0.0,0.0,0.0,0.0,0.0,0.0,0.0,0.0,0.0,0.0
CRR1012738,1,0.0,4.393,0.6626,4.528670000000001,0.01357,3.1359899999999996,27.932030000000005,0.23322,0.03081,23.10340999999999,2.16771,0.0105,0.01405,0.01383,1.64981,1.79744,1.63397,7.03272,0.24106999999999998,2.24247,0.25695,0.11127999999999999,0.04432,0.00105,0.0,0.1293,0.00757,0.01003,0.00165,0.0,0.0,0.58168,0.0,0.0,0.06457,0.00415,0.0,1.83845,0.79927,0.0,1.65108,0.0,0.0,0.0,0.14478,0.0,0.03403,0.11691000000000001,0.00829,0.0,0.0,0.0,0.00243,0.02775,0.0,0.01384,0.020919999999999998,0.0,0.01376,0.49543,0.0,0.0,0.0,1.77708,0.38134,0.0,0.03607,0.0,0.00954,0.00182,0.0,0.01695,0.07314,0.0126,0.0,0.07965,0.0,0.0,0.00958,0.0,0.27845,0.44048,0.0,0.91944,0.0,0.0
CRR1012739,1,0.0,0.0,0.0,6.39993,0.0,0.0,0.41367,0.0,0.0,8.39601,0.0,0.0,0.0,0.0,44.58762,0.19065,0.0,0.45683999999999997,0.0,4.00058,0.0,0.0,13.97179,0.00028,0.0,0.0,0.0,0.09078,0.0,1.42421,0.0,0.0,0.17375,0.0,0.05124,0.00485,0.00163,0.0,0.0,0.0,0.0,0.0,0.0,0.0,0.0,0.0,0.0,0.0,0.0,0.0,0.0,5.15589,0.0,0.0,0.0,0.0,0.0,0.0,0.0,0.0,0.27039,0.0,0.0,0.0,0.0,0.0,0.0,0.0,0.0,0.0,0.0,0.0,0.0,0.0,0.0,0.0,0.0,0.0,0.0,0.0,0.0,0.0,0.0,0.0,0.0,0.0
CRR1012741,1,0.0,0.0,0.01347,1.1776,0.0,0.08527,4.55914,0.0,0.01567,61.242760000000004,5.08767,0.00069,0.0,0.0,0.12127,0.20679,0.99495,0.9141200000000002,1.57712,0.7847500000000001,0.66976,0.0,8.400739999999999,0.0,0.0,0.0,0.0,0.0,0.0,0.02273,0.0,0.0,0.0,0.0,0.00604,0.31032,0.00101,0.0,0.0,0.0,0.0,0.0,0.0,0.0,0.0,0.0,0.0,0.0,0.0,0.11994,0.0,0.01499,0.0,0.0,0.0,0.0,0.00809,0.0,0.0,0.0,0.07171,0.0,5.20154,0.0,0.0,0.0,0.0,0.0,0.0,0.0,0.0,0.14027,0.0,0.0,0.0,0.0,0.0,0.0,0.0,0.0,0.0,0.0,0.0,0.0,0.0,0.0
CRR1012743,0,0.00546,1.98419,0.30782,19.40052,0.4758,0.66288,18.602879999999995,0.10293000000000001,1.29297,19.181470000000004,4.284399999999999,0.00332,0.00536,0.10776000000000001,0.0,0.09167,3.12375,0.61163,0.28344,1.10134,0.3498,0.2142,0.44227,0.0,0.0,0.0,0.0668,0.02488,0.00437,0.0,0.0691,0.97415,0.0,0.0,0.03515,0.0,0.0,0.0,0.2667,0.07349,0.31952,0.01728,0.00455,0.0,0.0,0.0,0.03409,0.055220000000000005,0.0,0.00625,0.00299,0.20862,0.0,0.03226,0.05168,0.0,0.00322,0.0,0.00922,0.01133,0.12432,0.0,0.0,0.73258,2.47556,0.0,0.0,0.00411,0.0,0.01024,3.9744,0.0,0.0,0.0,0.0,0.07782,0.0,0.0038,0.0,0.0,0.0,0.06426,0.0,0.15133,0.0,0.0
CRR1012746,1,0.0,0.9368200000000001,1.15918,5.03585,0.0,0.0,6.267580000000001,0.0,0.0,34.890879999999996,2.8294799999999998,0.0,0.0,0.50452,0.0,1.09737,0.0,0.79657,3.1122300000000003,0.05006,0.0,0.38065,34.869020000000006,0.0398,0.0,0.0,0.02033,0.03394,0.0,0.2535,0.0,0.0,0.0,0.0,0.52277,0.00692,0.01693,0.0,0.0,0.0,0.0,0.27616,0.0,0.0,0.0,0.01703,0.0,0.0,0.0,0.03161,0.0,0.44378,0.0,0.0,0.0,0.0,0.07883,0.0,0.0,0.0,0.41927,0.0,0.0,0.0,0.0,0.0,0.0,0.0,0.0,0.00252,0.0,0.00035,0.0,0.0,0.0,0.0,0.0,0.0,0.0,0.0,0.0,0.0,0.0,0.0,0.0181,0.0425
CRR1012749,1,0.0,7.98302,0.73309,17.65967,0.7068300000000001,0.40942,14.85823,0.32489,0.2356,29.384580000000007,0.7637499999999999,0.08241,0.0,0.33140000000000003,0.12349,2.11834,2.09655,0.4859300000000001,1.55925,5.19207,0.41284,0.0,0.63663,0.01653,0.0,0.0,0.11609,0.00265,0.0,0.63586,0.0,0.0331,0.0,0.0,0.02502,0.24513,0.0,0.0,0.0,0.0,0.0,0.0,0.0,0.0,0.0,0.0,0.0,0.1778,0.0,0.01787,0.0011,0.0,0.00912,0.01616,0.0,0.01917,0.0202,0.09085,0.0,0.85892,0.16367,0.0,0.0,0.0,0.11189,0.0,0.00194,0.0,0.0,0.00049,10.09084,0.0,0.0,0.34083,0.0,0.0,0.0,0.0,0.0,0.0,0.0,0.0,0.0,0.0,0.0,0.0
CRR1012750,1,0.0,4.98957,1.4589999999999999,30.63283,0.66592,0.84353,9.099590000000001,0.34174,0.94193,12.883830000000003,0.30048,0.32071,0.16203,1.34527,0.02792,2.62713,0.18178,1.42347,0.38287,5.43052,0.18476,0.18126,2.63477,0.0,0.0,0.24278,0.0,0.0,0.01435,1.78678,0.01072,0.67862,0.01231,0.01131,0.09747,0.0,0.0,0.0,0.0,0.94248,1.72777,0.0,0.60734,0.0,0.0,0.0,0.0,0.2536,0.0,0.0,0.0,0.0,0.00425,0.00073,0.0,0.0,0.00385,0.26516,0.11026,11.11645,0.0,0.00854,0.0,0.0,0.26719,0.0,0.0,0.00046,0.01147,0.0,0.66598,0.0,0.0,0.03151,0.0,0.0,0.0,0.0,0.0,0.0,0.0,0.0,0.0,0.0,0.0,0.0
CRR1012754,1,0.11753,2.7809399999999997,1.48972,10.03424,0.16068,0.32477,15.186889999999998,0.37974,0.88324,9.97747,1.09801,0.36543000000000003,0.19281,0.36337,0.0,1.48468,0.51248,0.0444,0.23259,28.886609999999997,1.45644,0.0,0.0,0.00164,0.0,0.0,0.0,0.0,0.00998,0.00046,0.0,0.0639,0.0,0.0,0.0,0.0,0.0,2.29398,0.75126,0.78189,0.84659,0.0,0.09461,0.0105,0.0,0.0,0.0,0.03292,0.04162,0.01603,0.00794,2.21782,0.01244,0.21507,1.13297,0.0,0.0,0.0,0.04092,2.27317,0.16067,0.33542,0.0,1.78672,5.40885,0.0,0.0,0.00392,0.0,0.0,0.0,0.0,0.0,0.10481,0.0,0.0,0.0,0.0,0.00812,0.0,0.0,0.0,0.0,0.0,0.0,0.0
CRR1012755,1,0.00273,0.16536,0.047909999999999994,1.20291,2.67726,0.52404,43.409760000000006,0.0151,0.16407,21.67502,2.19919,0.00459,0.19035,1.5833000000000002,0.0189,4.06439,0.0,0.34739,2.9459400000000002,0.08396999999999999,0.9313899999999999,2.06998,0.58079,0.09633,0.0,0.0,0.01953,0.39449,0.20737,0.00627,0.19291,0.0,0.0385,0.0,0.31948,0.03261,0.0,0.0,0.0,0.0,0.0,0.25029999999999997,0.0,0.0,0.0,0.00275,0.0,0.0,0.0,0.07349,0.0,0.0,0.0,0.0,0.0,0.0,0.011770000000000001,0.0,0.0,0.0,0.0018,0.0,0.0,0.0,0.0,0.0,0.01182,0.01167,0.03763,0.05946,0.0,0.0,0.0,0.0,0.0,0.0,0.0,0.0,0.0,0.0,0.0,0.0,0.0,0.0,0.0187,0.0
CRR1012757,1,0.0,0.1358,0.01367,0.19181,1.92119,2.31546,8.40058,0.38997000000000004,0.0,36.272619999999996,1.55929,0.03375,0.07824,0.51063,0.25612,0.08135,1.6499,1.11003,0.72862,0.00817,2.43901,0.30538,9.806149999999999,0.00102,3.05237,0.07857,0.0,0.0,0.0,0.0,0.0,0.0,0.5709,0.0,0.23398000000000002,0.02525,0.01488,3.52168,0.0,0.50741,0.0,0.0,0.0,0.0,0.03242,0.0,0.02643,0.0,0.00037,0.00052,0.0,0.00436,0.0,0.0,1.10132,0.0,0.0,0.0,0.01639,0.0,0.0,0.0,0.0,0.0,0.8208300000000001,0.0,0.00188,0.00033,0.0,0.0,7.71961,0.0,0.0,0.0,0.0,0.36654,0.0,0.0,0.00193,0.0,0.0,0.55828,0.0,0.58654,0.0,0.0
CRR1012766,0,0.0,0.0,1.51127,31.993039999999997,0.08374,0.0,12.092210000000001,0.0,0.75754,27.15697,6.76833,0.0,0.0,0.0,0.0,3.16523,0.0,0.18656000000000003,1.0758999999999999,0.13434000000000001,0.01462,0.48766,6.80746,0.0,0.0,0.0,0.0,0.00282,0.0,0.06884,0.0,0.0,0.0,0.0,0.00688,0.07733,0.0,0.0,0.0,0.0,0.0,0.0,0.0,0.0,0.0,0.0,0.0,0.0,0.0,0.1585,0.0,0.07564,0.0,0.0,0.0,0.0,0.0,0.0,0.0,0.0,0.50763,0.0,0.0,0.0,0.0,0.0,0.0,0.0,0.0,0.0,0.0,0.0,0.0,0.0,0.0,0.0,0.0,0.0,0.0,0.0,0.0,0.0,0.0,0.0,0.0,0.46221
CRR1012768,1,0.0,0.02196,0.02085,0.29453,3.48141,0.14548,6.452639999999998,0.0,0.0,32.943299999999994,0.5769599999999999,0.0,0.1177,0.40054999999999996,0.0,2.13808,5.47582,0.25894,0.58844,0.12365,3.8528000000000002,0.7371800000000001,35.167500000000004,0.0,0.0,0.0,0.00383,0.0,0.0,0.0,0.03322,0.0,0.0,0.0,0.0,0.0122,0.0,0.0,0.0,0.0,0.0,0.0,2.63909,0.0,0.0,0.0,0.0,0.02302,0.0,0.0,0.0,0.15492,0.0,0.01141,0.1907,0.0,0.0,0.0,0.05264,1.16478,0.00583,0.0,0.0,0.0,0.0,0.0,0.0,0.00022,0.0,0.00664,0.0,0.00221,0.0,0.0,0.0,0.0,0.0,0.0,0.10523,0.0,0.0,0.0,0.0,0.0,0.0003,0.0
CRR1090621,1,0.02641,1.63114,10.05653,36.198969999999996,0.0,1.16081,10.364189999999999,2.1437,0.93662,15.340350000000003,1.4887699999999997,0.25138,0.0717,0.269,0.00205,1.56347,0.0,0.6659999999999999,4.25673,1.5015500000000002,0.01212,0.0497,4.3911999999999995,0.0,0.0,0.0,0.04331,0.00066,0.0,0.0,0.0,4.5983,0.0,0.0,0.00028,0.01502,0.0,0.0,0.0,0.0,0.0,0.01298,0.0,0.0,0.0,0.00472,0.0,0.0,0.0,0.00593,0.01018,0.02896,0.0,0.0,0.0,0.0,0.0,0.0,0.0,0.0,0.14204,0.0,0.0,0.0,0.0,0.0,0.0,0.00822,0.0,0.0,0.02929,0.0,0.0,0.0,0.0,0.0,0.0,0.0,0.0,0.0,0.0,0.0,0.0,0.0,0.0,0.61536
CRR1090622,1,0.0,6.10493,0.43684,10.658800000000003,0.0,6.18606,22.29564000000001,0.08805,4.48839,23.295979999999997,3.4442699999999995,2.53378,0.03425,0.07919000000000001,0.1358,0.27784,4.3114,0.14261000000000001,0.058679999999999996,0.02524,0.6820999999999999,0.02586,0.07295,0.04901,0.05619,0.01989,0.0,0.012709999999999999,0.0,0.0,0.0,0.66009,0.0,0.0,0.02159,0.16357,0.0,0.25333,0.00847,0.00334,1.38221,0.0,0.0,0.09309,0.00565,0.08755,0.17072,0.00386,0.00414,0.04868,0.00729,0.11523,0.04287,0.17448,0.0,0.00994,0.0,0.0,0.0,0.22771,0.0,0.24359,0.00687,0.13109,4.5254,0.0,0.0,0.0,0.00282,0.0,0.05632,0.0,0.0,0.03786,0.00288,0.0,0.13105,0.0,0.0,0.76306,0.00507,0.0043,0.0,0.0,0.0,0.0
CRR1090623,0,0.0,0.05475,0.06614,1.35678,0.89585,4.17261,13.19053,0.0,0.44107,59.209649999999996,2.4478799999999996,0.0,0.0,0.0,0.10157,0.47341,0.00769,4.96238,1.10122,0.61232,1.57964,0.7720899999999999,3.01138,0.02283,0.0,0.0,0.0,0.006410000000000001,0.0,0.0,0.0,0.0,0.0,0.0,0.01996,0.03688,0.0,0.0,0.0,0.0,0.0,0.00533,0.0,0.0,0.0,0.85652,0.00845,0.0,0.0,0.37749,0.0,2.8247299999999997,0.0,0.0,0.0,0.0,0.019049999999999997,0.0,0.0,0.0,1.15086,0.0,0.0,0.0,0.0093,0.0,0.0,0.0,0.0,0.0,0.0,0.02219,0.0,0.0,0.0,0.0,0.0,0.0,0.0,0.0,0.0,0.0,0.0,0.0,0.00428,0.0
CRR1090624,1,0.0,0.0591,0.00405,0.94475,11.68302,3.3315,13.01375,0.00147,0.00647,48.96088999999999,2.3944099999999997,0.0,0.0,0.03107,0.02279,0.56726,0.04098,0.6291999999999999,3.2789200000000003,0.08411000000000002,0.73311,0.01975,12.75984,0.01253,0.00262,0.0,0.0,0.08614000000000001,0.0,0.0,0.0,0.01284,0.27705,0.0,0.13764,0.0,0.0,0.00379,0.01601,0.0,0.00406,0.0,0.0,0.0,0.0,0.0,0.0,0.0,0.0,0.00382,0.0,0.0,0.01505,0.0,0.0,0.0,0.00898,0.0,0.0,0.0,0.10658,0.0,0.03143,0.0,0.02587,0.00079,0.0,0.0,0.01354,0.00465,0.0,0.01557,0.0,0.0,0.0,0.0,0.0,0.0,0.0,0.00033,0.0,0.0,0.0,0.0,0.00176,0.0
CRR1090627,0,0.0,16.50715,0.24085,9.10973,2.86282,5.19857,13.44967,0.23773,0.0,14.546310000000002,1.02072,0.06023,0.0,0.19083,0.0,0.34754,5.5231,3.33813,0.05966,0.47961000000000004,2.23299,0.055709999999999996,5.21249,0.00366,2.01917,0.1503,0.0,0.00283,0.0,0.0,0.0,0.0,0.0,0.0,0.04132,0.09988,0.0,0.0,0.0,0.05113,0.0,0.01151,0.0,0.0,0.0,0.01959,0.0,0.00027,0.0,0.04542,0.0,11.518930000000001,0.07048,0.0,0.21657,0.0,0.01273,0.0,0.05694,1.20462,0.0,0.1162,0.0,0.0,0.61647,0.0,0.0,0.00014,0.0,0.00618,0.0,0.01533,0.0,0.0,0.03032,0.0,0.0,0.0,0.0,0.0,0.0,0.0,0.0,0.0,0.00064,0.0
CRR1090628,0,0.00134,17.337790000000002,1.0426199999999999,13.978800000000001,0.58096,0.88039,11.771560000000003,1.08636,0.0,16.415870000000005,0.29945999999999995,0.47807,0.01807,0.11601999999999998,0.16459000000000001,0.30238,0.11508,5.21167,1.48039,0.16719,1.07691,0.0,0.06615,0.0033,2.6419799999999998,0.0,0.01103,0.01563,0.01061,0.0,0.0,0.40555,0.0,0.0,0.02602,0.19513,0.03251,0.6730700000000001,0.07549,0.9925,0.31003,0.0,0.0,0.0,0.0,0.00909,0.06488000000000001,0.0,0.01214,0.0,0.00018,0.14859,0.00653,0.06034,0.87964,0.0,0.00836,0.0,0.00277,1.71532,0.12479,0.25157,0.0,0.97388,0.06257,0.0,0.0,0.0,0.00409,0.01584,0.03932,0.05304,0.03894,0.27875,0.03673,0.01018,0.05297,0.0,0.0,0.24423,0.04645,0.01499,0.00071,0.20283,0.0,0.0
CRR1090629,0,1.65102,0.0,0.00603,22.90247,0.0,0.0,3.39614,0.0,0.0,22.74149,2.06928,0.0,0.0,0.05796,0.013770000000000001,0.31386000000000003,0.0,12.510860000000001,3.71744,4.54115,0.0,0.29625,0.21582,0.0078,0.0,0.0,0.06784,0.02147,0.0,0.05956,0.0,0.0,0.0,0.0,0.04807,0.0,0.00268,0.0,0.0,0.0,0.0,0.010190000000000001,0.0,0.0,0.0,0.0,0.0,0.0,0.0,0.0,0.0,21.28137,0.0,0.0,0.0,0.0,0.03531,0.0,0.0,0.0,0.0,0.0,0.0,0.0,0.0,0.0,0.0,0.0,0.0,0.0,0.0,0.0103,0.0,0.0,0.0,0.0,0.0,0.0,0.0,0.0,0.0,0.0,0.0,0.0,0.0,0.17139
CRR1090630,0,0.0,5.842709999999999,4.7545,15.09346,0.45288,4.00391,15.51864,0.11189,8.26281,13.849119999999997,1.9171399999999998,0.34193,0.0,0.0,0.029140000000000003,0.89518,0.0,0.07495,1.34261,12.06701,0.0,0.0327,2.34236,0.0,0.0,0.0,0.0,0.0,0.0,0.01993,0.0,0.0,0.0,0.0,0.00292,0.0,0.0,0.0,0.0,0.0,0.0,0.0,0.0,0.0,0.0,0.0,0.0,0.0,0.0,0.0,0.03377,1.16575,0.0,0.0,0.0,0.0,0.0,0.0,0.0,0.0,0.2203,0.04145,0.0,0.0,0.0,0.0,0.0,0.0,0.0,0.0,0.0,0.0,0.0,0.0,0.0,0.0,0.0,0.0,0.0,0.0,0.0,0.0,0.0,0.0,0.0,0.01174
CRR1090631,0,0.01098,3.78251,2.80687,24.92483,0.0,5.53613,22.62088,0.0,6.17079,16.10671,0.8981699999999998,0.44945,0.00337,0.00618,0.0,0.02433,3.33598,0.16863,0.10394999999999999,0.07409,1.57568,0.00032,1.94641,0.0015,0.0001,0.0,0.0,0.0,0.0,0.0,0.0,0.0,0.64971,0.0,0.0,0.60604,0.0,0.02739,0.0,0.0,0.0,0.0,0.0,0.0,0.0,0.0,0.16273,0.0,0.0,0.03115,0.0,0.22053,0.0,0.0,0.0,0.0,0.0,0.0,0.0,0.51645,0.16354,0.0,0.0,0.0,0.0,0.0,0.0,0.0,0.0,0.0,5.44747,0.00021,0.0,0.0,0.0,0.0,0.0,0.0,0.0,0.0,0.0,0.0,0.0,0.0,0.0,0.0
CRR1090632,0,0.0,0.30839,0.45426000000000005,11.162599999999998,7.2656,0.19555,1.9233,0.07598,2.94957,27.33257,14.240960000000001,0.20743,0.0,0.00274,0.010709999999999999,0.0969,0.0,0.36894,0.91633,1.47444,0.5610200000000001,0.00195,2.18718,0.01264,0.0,0.0,0.0,0.05663,0.0,0.0,0.0,0.0,0.0,0.0,0.02471,0.22074,0.00481,0.0,0.0,0.0,0.0,0.01069,0.0,0.0,0.0,0.0,0.0,0.0,0.0,0.05462,0.0,0.13438,0.0,0.0,0.0,0.0,0.007850000000000001,0.0,0.0,0.0,0.03069,0.0,4.67118,0.0,0.0,0.0,0.0,0.0,0.018,0.0,0.0,0.00051,0.0,0.0,0.0,0.0,0.0,0.0,0.0,0.0,0.0,0.0,0.0,0.0,0.0,0.00321
CRR1090634,0,0.0,5.9412400000000005,1.82207,9.641420000000002,0.04295,0.56227,6.0577000000000005,0.64422,0.0,8.541700000000002,0.8969000000000001,0.2434,0.04847,0.09956,0.0,0.37871,0.52646,1.425,0.24136000000000002,0.89483,11.937579999999999,0.02113,0.042910000000000004,0.00354,21.39095,0.0,0.0,0.00412,0.0,0.0,0.0,0.0,0.0,0.0,0.0,1.19424,0.0,0.68429,0.0,0.34697,1.06206,0.0,0.0,0.08749,0.0,0.08789,0.00645,0.01105,0.07113,0.01018,0.0,0.22826,0.01969,0.01174,0.33615,0.03073,0.0,0.0,0.00886,0.23499,0.0,0.0075,0.0,0.0,0.05024,0.0,0.0,0.0,0.0,0.0,2.27301,0.00262,0.0,0.0,0.0,0.0,0.0,0.0,0.0,0.06465,0.0,0.06176,0.0,0.0,0.0,0.0
CRR1090637,0,0.0,4.7044,0.6491,21.968119999999995,4.554860000000001,7.39103,11.357549999999998,0.0,0.07387,33.27906,10.458350000000003,0.80821,0.00385,0.00825,0.027639999999999998,0.18899,2.17022,0.25945999999999997,0.28631999999999996,0.0,0.42982,0.00506,0.00228,0.0,0.0,0.0,0.00577,0.08076,0.0,0.0,0.0,0.0,0.0,0.0,0.26953,0.0,0.02872,0.0,0.0,0.0,0.0,0.0,0.0,0.0,0.0,0.0,0.0,0.0,0.0,0.0,0.0,0.010360000000000001,0.0,0.0,0.0,0.0,0.04196,0.0,0.0,0.0,0.38615,0.0,0.0,0.0,0.0,0.0,0.0,0.0,0.37017,0.0,0.0,0.01193,0.0,0.0,0.0,0.0,0.0,0.0,0.0,0.0,0.0,0.0,0.0,0.0,0.0,0.0
CRR1090639,0,0.0,10.233929999999999,0.21892,1.20156,0.17543,4.74611,8.844970000000002,0.03465,0.0,9.867530000000004,0.44508000000000003,0.03177,0.00339,0.15561999999999998,0.0,0.32871999999999996,2.23762,0.12666,0.0494,44.15265,0.73828,0.044910000000000005,0.01696,0.00916,0.35957,0.0,0.0,0.012979999999999998,0.0,0.0,0.00086,0.08411,0.0,0.0,0.10994000000000001,0.02413,0.00467,0.0,0.0,0.0,0.0,0.0,0.03294,0.0,0.0,0.0,0.00018,0.0,0.05169,0.01438,0.01342,0.02531,0.00306,0.02957,0.02407,0.0,0.00492,0.00378,0.03484,0.0,0.02068,0.25107999999999997,0.0,0.0,0.08191,0.0,0.0,0.00148,0.0,0.0,0.83944,0.01851,0.0,0.0,0.0,0.0,0.0,0.0,0.00535,0.0,0.0,0.0,0.0,0.0,0.00673,0.0
CRR1090646,1,0.02066,6.6325899999999995,0.08219,0.98856,0.14469,1.02165,5.5109,0.02378,0.0,0.5399500000000002,0.0313,0.06174,0.05228,0.0,0.0,0.5892400000000001,0.0144,0.00148,0.0,34.88489,0.049260000000000005,0.07867,2.8588999999999998,0.0,0.0,0.0,0.0,0.0,0.03853,0.0,0.0,0.0,0.0,0.0,0.00171,0.26629,0.0,0.0,0.0,0.0,0.0,0.0,0.0,0.01564,0.01792,0.0,0.0,0.01524,0.0007,0.05062,0.0,0.23775,0.00745,0.0,0.0,0.0,0.0,0.0,0.0,30.253,0.31704,0.0,0.0,0.0,1.02344,0.0,0.0,0.0,0.0,0.0,12.20161,0.0,0.0,0.0,0.0,0.0,0.00186,0.0,0.0,0.0,0.0,0.0,0.0,0.0,0.0,0.0
CRR1090650,0,0.00045,8.18234,0.52401,8.923580000000001,0.06475,2.2915900000000002,20.800919999999994,0.18692,1.10421,33.42507999999998,2.0119800000000003,0.18317,0.0,0.07898,0.00113,0.12801,1.74157,0.32153,0.06977,1.00313,10.15786,0.007180000000000001,0.49015,0.00037,0.0,0.0,0.0,0.00273,0.0,0.0,0.0,0.60111,0.0,0.0,0.00754,1.03913,0.0,0.0,0.0,0.0,0.1825,0.0,0.0,0.0,0.0,0.00671,0.21004,0.16302,0.0,0.16279,0.0,1.7966900000000001,0.0,0.0,0.0,0.0,0.0,0.0,0.02256,0.14361,0.09392,0.43889,0.0168,0.0,1.64475,0.0,0.00121,0.0,0.0,0.0,0.0,0.0,0.0,0.0,0.0,0.0,0.0,0.0,0.0,0.0,0.0,0.0,0.0,0.0,0.0,0.0
CRR1090652,1,0.0,10.588759999999999,0.51814,26.986359999999998,0.02817,1.2183,10.763419999999998,0.0,3.28542,20.358750000000008,2.03301,0.32989,0.0,0.07496,0.00587,1.36374,0.0,0.16101000000000001,0.45569000000000004,0.00588,7.378500000000001,0.0023899999999999998,0.63209,0.0,0.0,0.0,0.0,0.03705,0.01598,0.0,0.0,0.0,0.0,0.0,0.00812,0.0,0.0,0.0,0.0,0.0,0.0,0.0,0.0,0.21285,0.0,0.0,0.0,0.15092000000000003,0.0,0.11273,0.0,0.00195,0.03483,0.0,0.0,0.02606,0.0,0.23537,0.2405,8.16919,0.21726,0.09445,0.21102,0.0,0.0,0.0,0.0,0.0,0.01011,0.0,0.0,0.0,0.0,0.53204,0.0,0.0,0.0,0.0,0.0,0.36658,0.0,0.0,0.0,0.0,0.0,0.0
CRR1090653,0,0.0,0.0,1.35953,5.5868400000000005,9.16468,0.26977,12.95738,0.0,1.12565,20.978070000000002,0.3402,0.18587,0.01229,0.11151,0.00108,1.04051,0.0,0.048650000000000006,0.17601,0.18949,0.42618999999999996,0.009309999999999999,20.89809,0.00199,7.97404,0.0,0.0,0.01507,0.0,0.0,0.0,0.0,0.0,0.0,0.08549,2.1897,0.0,0.0,5.60258,0.0,0.0,0.00514,0.0,0.0,0.0,0.00312,0.0,0.00619,0.0,0.02757,0.0,5.16326,0.01293,0.0,0.0,0.0,0.0,0.0,0.0,0.0,0.16834,0.0,0.00788,0.0,0.0,0.0,0.01202,0.0,0.0,0.0,0.0,0.00501,0.0,0.0,0.0,0.0,0.0,0.0,0.0,0.0,0.0,0.0,0.0,0.0,0.0017,0.0
CRR1090654,0,0.01436,11.70026,0.38741,3.54754,2.7978799999999997,2.26718,15.727749999999997,0.53147,0.00492,14.78946,0.18248,0.01296,0.0,0.1389,0.7065600000000001,0.16434,0.87741,2.1525399999999997,0.30417999999999995,1.31297,0.21606999999999998,0.00349,1.8633000000000002,0.00075,15.49972,0.0,0.0,0.00904,0.0,0.00077,0.0,1.58696,0.0,0.0,0.01758,0.26207,0.006,0.86654,1.25849,0.0,0.0,0.0,0.0,0.0,0.0,0.0,0.00786,0.0,0.00537,0.0,0.0,0.54413,0.00765,0.0,0.37752,0.0,0.03317,0.0,0.0,0.0,0.01593,0.0,0.0,0.33518,0.03586,0.0,0.0,0.0,0.0,0.00194,0.00439,0.04934,0.04873,0.0197,0.00822,0.02083,0.0,0.00327,0.0,0.0,0.0,0.0405,0.0,0.12424,0.0,0.0
CRR1090655,1,0.0,15.625660000000002,1.2510000000000001,2.64179,0.46482,1.99907,13.564969999999995,0.28143999999999997,0.71829,5.266699999999999,0.37807,0.48143,0.0,0.03264,0.0,0.32181,0.33137,0.0,0.006660000000000001,0.05856,1.4679,0.01246,0.10683000000000001,0.0,0.2338,0.01932,0.0,0.01829,0.00214,0.02717,0.0,1.38058,0.0,0.0,0.01313,0.096,0.00254,0.16852,1.9322,0.19697,0.10513000000000002,0.03034,0.00601,0.08673,0.01033,0.00559,0.04061,0.01729,0.0,0.0,0.01385,5.42018,0.00539,0.00747,0.02465,0.07281,0.0,0.0,0.0,0.0,0.0,0.01268,0.00069,0.64681,2.79759,0.0,0.00231,0.00022,5e-05,0.0,13.84553,0.00035,0.00253,0.0,0.10589,0.0,0.00887,0.06568,0.0,0.35821,0.04203,0.12012,0.01102,0.13851,0.0,0.0
CRR1090657,1,0.0,0.0,2.90749,11.50176,0.32868,1.5560299999999998,19.623859999999993,0.0,0.0,10.002220000000003,1.18156,2.63745,0.09393,0.057139999999999996,0.0,1.6671,7.49929,0.17928000000000002,0.15825,0.15434,2.10108,0.0,31.77723,0.15722,0.0,0.0,0.0,0.26777,0.0,0.0,0.0,0.0,0.0,0.0,0.12304000000000001,1.69577,0.00509,0.0,0.0,0.0,0.04248,0.0,0.0,0.2598,0.0,0.0,0.04121,0.00545,0.07552,0.03583,0.04798,0.11384,0.03764,0.0,0.0,0.0,0.00893,0.0,0.12277,0.0,0.22736,0.0,0.11105,0.0,1.48037,0.0,0.00394,0.0,0.02756,0.0,0.0,0.01111,0.0,0.0,0.0,0.0,0.0,0.0,0.0,0.0,0.0,0.0,0.0,0.0,0.0,0.0
CRR1090658,1,0.0,0.0,0.92622,25.853789999999996,2.38315,14.37688,9.436930000000002,0.0,1.0186,16.055830000000004,0.24192,0.97256,0.0,0.03327,4.48596,0.20503,2.54533,4.61216,0.24478,0.90811,1.57036,0.0,6.731,0.00526,0.0,0.0,0.03075,0.62814,0.0,0.0,0.0,0.0,1.59576,0.0,0.7369300000000001,0.0,0.21688999999999997,0.0,0.0,0.0,0.0,0.0,0.0,0.0,0.0,0.0,0.0,0.0,0.0,0.12089,0.0,2.15475,0.0,0.0,0.0,0.0,0.08030000000000001,0.0,0.0,0.0,0.15718,0.0,0.0,0.0,0.0,0.0,0.0004,0.0,0.05425,0.006149999999999999,0.0,0.01301,0.0,0.0,0.0,0.0,0.0,0.0,0.0,0.0,0.0,0.0,0.0,0.0,0.0,0.00816
CRR1090659,0,0.0005,8.588420000000001,3.3255600000000003,39.81634,0.16474,0.75006,21.7026,0.19018999999999997,3.15879,8.042099999999998,2.0028,0.2751,0.0,0.03149,0.32935000000000003,0.05629000000000001,1.60674,0.09742999999999999,0.17531,0.2148,1.2547700000000002,0.02229,1.87567,0.0,0.0,0.0,0.00761,0.0,0.0,0.0,0.0,0.0,0.0,0.0,0.00076,2.69787,0.0,0.0,0.0824,0.0,0.03866,0.0,0.0,0.0,0.0,0.82836,0.0,0.0,0.0,0.18714,0.0,2.03729,0.0,0.0,0.03861,0.0,0.0,0.0,0.00766,0.0,0.08114,0.0,0.0,0.0,0.0,0.0,0.0,0.0,0.0,0.0,0.0,0.0,0.0,0.0,0.0,0.0,0.0,0.0,0.0,0.0,0.00233,0.0,0.0,0.0,0.0,0.0
CRR1090660,1,0.0,2.15814,0.0,18.0982,0.00455,22.357629999999997,19.15921,0.0,0.84576,23.388389999999994,4.072520000000001,0.13775,0.0,0.14064000000000002,0.0,0.16266,4.67587,0.13113,0.17631,0.04062,2.15395,0.02362,0.0,0.00015,0.0,0.0,0.0,0.0,0.0,0.0,0.0,0.0,0.0,0.0,0.0,0.0,0.0,0.0,0.0,0.0,0.26458,0.0,0.0,0.0,0.0,0.00268,0.0,0.0,0.00508,0.03359,0.0,0.01046,0.06923,0.0,0.0,0.0,0.0,0.0,0.19523,0.15444,0.24299,0.0,0.0,0.0,0.0,0.0,0.0,0.0,0.0,0.0,0.0,0.00276,0.0,0.0,0.0,0.0,0.0,0.0,0.0,0.0,0.0,0.0,0.0,0.0,0.0,0.0
CRR1090662,0,0.0,2.51389,1.22669,30.43047,0.26252,1.4004999999999999,18.53118,0.14574,2.41098,22.493339999999996,5.474589999999999,0.20839,0.00157,0.057850000000000006,0.048810000000000006,0.14724,0.64983,0.32755999999999996,0.09003,0.00306,0.8218499999999999,0.04791,1.11044,0.0,0.0,0.0,0.0,0.0,0.0,0.0,0.0,0.0,0.0,0.0,0.00631,0.55482,0.0,0.0,1.01028,0.0,0.0,0.0,0.0,0.0,0.0,0.02333,0.00773,0.0,0.01588,0.15078,0.01217,0.0744,0.02635,0.0,0.0,0.0,0.0,0.0,0.0,0.25305,0.18984,0.0,0.05662,0.0,0.00333,0.0,0.0,0.0,0.0,0.0,7.93168,0.00071,0.0,0.0,0.0,0.0,0.0,0.0,0.0,0.0,0.0,0.0,0.0,0.0,0.0,0.0
CRR1090664,1,0.0,16.22867,3.07979,23.47499,0.0,0.9860700000000001,12.842740000000001,0.19945,3.71627,4.43582,0.18928,1.34848,0.12432,0.09891,0.0,0.18758999999999998,2.54082,0.03137,0.03191,0.01836,1.70539,0.02946,1.2797800000000001,0.00761,0.3441,0.02135,0.0,0.02276,0.03667,0.00849,0.0,0.0,0.14726,0.0,0.00341,0.05047,0.0,0.0,0.0,0.0,0.0,0.0,0.0,0.11247,0.0,0.0,0.04205,0.04811,0.05633,0.0,0.03924,0.066,0.01613,0.0,0.0,0.0,0.0,0.0,0.08845,0.51849,0.0,0.0,0.0,0.0,1.38708,0.0,0.0,0.00145,0.01811,0.0,19.4916,0.0,0.0,0.49378,0.0,0.0,0.0,0.0,0.0,0.0,0.0,0.0,0.0,0.0,0.00179,0.0
CRR1090666,1,0.0,4.955640000000001,0.28886,2.49618,0.5365,1.8366200000000001,11.55395,0.2976,0.0,26.137220000000003,1.0695,0.10145,0.0002,0.03383,0.0,0.76271,2.08164,0.8089999999999999,0.01919,0.01506,0.41587,0.034210000000000004,0.71528,0.0,9.7799,0.0,0.0,0.0,0.0,0.0,0.0,0.0,0.00257,0.0,0.0,0.59557,0.0,0.17102,0.40964,0.0,0.5982500000000001,0.03047,0.0,0.0,0.02889,0.06585,0.01731,0.0,0.00147,0.0,0.00132,0.20667999999999997,0.00197,0.0,0.00745,0.0,0.00889,0.0,0.0,2.38329,0.04538,0.0,0.07873,0.17919,1.6099400000000001,0.0,0.0,0.0,0.0,0.0,4.94989,0.00469,0.02295,0.0,0.00525,0.02246,0.0248,0.0,0.0,0.01281,0.00031,0.0,0.03485,0.0,0.0,0.0
CRR1090671,1,0.0,15.91359,3.54956,28.23354000000001,0.0,0.83679,7.78324,0.40813,1.72125,22.750059999999994,1.0899199999999998,0.62552,0.09523999999999999,0.09757999999999999,0.0199,0.60473,1.93492,0.47518999999999995,0.3890700000000001,0.02864,0.06085,0.0,0.05352,0.0,0.08366,0.0,0.0,0.09417,0.0,0.0,0.0,0.38738,0.0,0.0,0.05367999999999999,9.32332,0.01091,0.0,0.95755,0.0,0.0,0.0,0.0,0.0,0.0,0.0,0.0,0.0,0.07347,0.0,0.0,0.008480000000000001,0.0,0.0,0.0,0.0,0.01656,0.0,0.03459,1.3018,0.09968,0.0,0.09535,0.0,0.0,0.0,0.0,0.00096,0.0,0.0,0.00476,0.0,0.0,0.0,0.0,0.0,0.0,0.0,0.0,0.0,0.0,0.0,0.0,0.0,0.0,0.0
CRR1090672,1,0.0,12.908610000000001,1.09226,42.98966,0.00102,0.98902,20.883429999999993,0.41337999999999997,0.02024,11.121369999999999,1.21199,0.30624,0.0029,0.01884,0.00497,0.06935,0.51774,0.0,0.37422,0.35087,0.32955999999999996,0.00626,0.6621,0.00533,0.0,0.0,0.0,0.01476,0.0,0.0,0.0,0.69559,0.0,0.0,0.03437,0.7996399999999999,0.0,0.0,0.548,0.0,0.0,0.0,0.0,0.00416,0.0,0.0,0.02401,0.00676,0.02637,0.00035,0.01571,0.5157700000000001,0.04435,0.0,0.0,0.0,0.0,0.0,0.00378,0.0,0.07561,0.03828,0.08613,0.0,0.00339,0.0,0.0,0.0,0.0,0.0,0.33387,0.0,0.0,0.00038,0.00761,0.0,0.0,0.0,0.0,0.0,0.0,0.0,0.0,0.0,0.0,0.0
CRR1090673,1,0.0,12.251430000000001,0.3557,62.468210000000006,0.03937,0.6578099999999999,7.787460000000001,0.0,1.44114,6.3743799999999995,1.04968,0.27849,0.0,0.0,0.0,0.04136,0.8414,0.0,0.1459,0.25098,0.35532,0.01078,0.14311000000000001,0.0,0.0,0.0,0.0,0.0,0.0,0.0,0.0,0.09286,3.82674,0.0,0.0,0.03293,0.0,0.0,0.0,0.0,0.0,0.0,0.0,0.0,0.0,0.0,0.0,0.01558,0.0,0.03244,0.01583,0.0,0.03387,0.0,0.0,0.0,0.0,0.0,0.0,0.0,0.07727,0.0,0.00666,0.0,0.0,0.0,0.0,0.0,0.0,0.0,0.00195,0.0,0.0,0.0,0.0,0.0,0.01247,0.0,0.0,0.0,0.0,0.0,0.0,0.0,0.0,0.0
CRR1090675,0,0.0,23.94747,3.20911,20.10758,0.00352,0.74311,11.680610000000005,0.3087,4.14397,6.969900000000003,3.5650899999999996,0.14428,0.0514,0.02989,0.0,0.25954,3.77626,0.00033,0.05578,0.04369,5.5954500000000005,0.052489999999999995,7.10533,0.00192,2.39807,0.0,0.0011,0.00408,0.00119,0.0,0.0,0.0,0.0,0.0,0.0,0.29645,0.0,0.0,0.0,0.0,0.49679999999999996,0.0,0.0,0.29358,0.0,0.0,0.01472,0.01139,0.00522,0.00787,0.0,0.00802,0.02012,0.0298,0.0,0.0,0.0,0.0,0.0,0.0,0.34465,0.0,0.00148,0.0,0.43013,0.0,0.0,0.00147,0.0,0.0,0.0,0.0,0.0,0.0,0.0,0.0,0.0,0.0,0.0,0.0,0.21734,0.0,0.02651,0.0,0.0,0.0
CRR1090678,0,0.0,1.3570499999999999,0.15572,4.744540000000001,0.60236,2.33947,29.7532,0.11946,0.03185,31.52513,1.78423,0.001,0.02638,0.0419,0.0,2.7482100000000003,19.05608,0.49964000000000003,0.5298700000000001,0.01704,2.23049,0.22432,0.0,0.01333,0.0,0.05688,0.0,0.20394000000000004,0.0,0.0,0.0,0.18567,0.0,0.0,0.0374,0.00942,0.00077,0.0,0.0,0.0,0.06725,0.0,0.0,0.0,0.0,0.0,0.0,0.0,0.00987,0.0108,0.0,0.00015,0.00514,0.0,0.0,0.0,0.0037,0.0,0.01612,0.1375,0.0,0.00403,0.1173,0.0,0.07704,0.0,0.0,0.0,0.0,0.00091,0.30108,0.0,0.0,0.0,0.0,0.0,0.0,0.0,0.0,0.0,0.0,0.0,0.0,0.0,0.0,0.0
CRR1090683,1,0.00425,0.0,2.44815,64.21593,0.22268,2.65977,8.727310000000001,0.0,2.35809,11.331980000000001,3.4510699999999996,0.26338,0.0,0.03024,0.0,0.037059999999999996,0.0,0.00106,0.61389,0.02172,1.5496400000000001,0.0,0.0,0.01005,0.0,0.0,0.0,0.0,0.0,0.0,0.0,0.0,0.0,0.0,0.0,0.0,0.0,0.0,0.0,0.0,0.0,0.0,0.0,0.0,0.0,0.0,0.0,0.0,0.0,0.0,0.0,0.00148,0.0381,0.0,0.0,0.0,0.0,0.0,0.05818,0.08293,0.02292,0.0,0.0,0.0,0.0,0.0,0.0,0.0,0.0,0.0,0.0,0.0,0.0,0.0,0.0,0.0,0.0,0.0,0.0,0.0,0.0,0.0,0.0,0.0,0.0,0.0
CRR1090684,1,0.0,1.0226899999999999,0.45971,15.203859999999999,0.17039,2.92254,25.362459999999995,0.1122,0.98775,17.30861,1.8615699999999997,0.1375,0.0,0.029230000000000003,0.01809,0.57584,1.09184,1.31643,0.10617000000000001,24.78235,0.45653000000000005,0.0,0.66848,0.00375,0.0,0.02018,0.0,0.0178,0.0,0.0,0.0,0.058379999999999994,0.0,0.0,0.00498,0.09922,0.0,0.0,0.0,0.0,0.0,0.0,0.0,0.0,0.0,0.00725,0.01438,0.0,0.0,0.08456,0.00683,0.00861,0.00133,0.0,0.0,0.0,0.0098,0.0,0.0,0.0,0.0,0.0,0.0,0.0,0.07043,0.00771,0.0,0.0,0.0,0.0,0.00035,0.04565,0.05334,0.0,0.0,0.0,0.0,0.0,0.0,0.0,0.0,0.0,0.0,0.00293,0.0,0.0
CRR1090688,1,0.0,0.07515000000000001,0.00024,0.12365,0.80562,0.04283,1.7618099999999997,0.0,0.0,0.80167,0.10534,0.0,0.0,0.0,18.80613,0.00743,0.02472,0.27313,0.0,0.67534,0.00341,0.0,2.24271,0.0,50.31264,0.0,0.0,0.0,0.0,0.0,0.0,0.01991,0.32448,0.0,0.0,1.67477,0.0,0.0,0.0,0.0,0.0,0.0,0.0,0.0,0.0,0.00782,0.0,0.0,0.0,0.0,0.0,8.01581,0.0,0.0,0.0,0.0,0.0,0.0,0.0,0.0,0.0,0.0,0.0,0.0,0.0,0.0,0.0,0.0,0.0,0.0,0.0,0.0,0.0,0.0,0.0,0.0,0.0,0.0,0.0,0.0,0.0,0.0,0.0,0.0,0.0,0.0
CRR1090693,1,1.33587,0.00223,2.87777,25.37639,0.18049,0.27017,18.342849999999995,0.44802,3.91267,7.984849999999999,1.00037,0.16847,0.00095,0.24781999999999998,6.99808,0.35187,0.12965,10.672360000000001,3.64236,2.31063,0.8592000000000002,0.00263,2.09615,0.00081,0.00653,0.0,0.0,0.0,0.0,0.0,0.0,0.0,0.0,0.0,0.01806,0.00389,0.0,0.0,0.0,0.0,0.0,0.00618,0.0,0.0,0.0,0.0,0.0,0.03896,0.00197,0.01536,0.0,2.4972700000000003,0.04398,0.0,0.0,0.0,0.00787,0.0,0.00126,3.35565,0.04029,0.0,0.0,0.0,0.0,0.0,0.00568,0.0,0.0,0.0,0.0,0.00541,0.0,0.0,0.0,0.0,0.0,0.0,0.0,0.0,0.0,0.0,0.0,0.0,0.0,0.0
CRR1090694,1,0.0,10.87123,0.15500000000000003,11.90314,0.43581,2.38913,10.297039999999996,0.11263000000000001,0.00818,8.842509999999999,0.49173,1.84242,0.14399,0.07271,0.0,0.43742,2.20206,0.00228,0.08750999999999999,0.034390000000000004,0.6664499999999999,0.00169,2.79458,0.00663,0.0,0.0,0.0,0.01089,0.0,0.0,0.0,0.03308,0.14618,0.0,0.00713,0.037540000000000004,0.0,0.11205,0.0,0.0,0.63833,0.0,0.0,0.22673,0.0,0.0,0.0,0.0,0.14096,0.02569,0.0,0.01531,0.0746,0.09441,0.0,0.0,0.0,0.02111,0.10554,20.0046,0.17548,0.23088,0.02024,0.0,4.54238,0.0,0.0,0.0017,0.0,0.0,17.9818,0.04004,0.0,0.0,0.0,0.0,0.0,0.0,0.00281,0.27634,0.0,0.0,0.0,0.0,0.0,0.0
CRR1090697,1,0.0,1.78159,0.23041,1.66803,7.55338,4.8251100000000005,10.775,0.05868,0.30208,28.037270000000003,1.0948,0.06317,0.04207,1.8397100000000002,0.04947,0.5745,0.0039,16.16843,1.0869700000000002,2.4587,0.26100999999999996,0.23265999999999998,3.24938,0.0,1.56875,0.0,0.14172,0.01851,0.03106,0.0,0.0,0.0,1.53453,0.0,0.20947,0.09941,0.00982,0.0,3.11626,0.0,0.0,0.0,0.0,0.0,0.0,0.0,0.0,0.0,0.0,0.12582,0.0,0.64534,0.0,0.0,0.00058,0.0,0.01813,0.0,0.0,4.44323,0.0096,0.12889,0.0,0.0,0.01867,0.0,0.0,0.0,0.0,0.00131,0.0,0.07654,0.0,0.04641,0.0,0.0,0.0,0.0,0.0,0.0,0.0,0.0,0.0,0.0,0.0,0.0
CRR1090699,1,0.00481,1.9211799999999997,0.40589,1.0842600000000002,1.34635,7.402540000000001,19.817269999999997,0.02811,0.1245,29.130269999999992,1.33424,0.224,0.06839,0.37782,0.06648,0.6353,0.95225,0.39403000000000005,3.60198,13.55363,3.2528499999999996,1.43997,0.10647999999999999,0.04141,0.75488,0.09628,0.0,0.024650000000000002,0.00317,0.31201,0.01994,0.05779,0.0,0.0086,0.08053,0.02726,0.00207,0.0,0.0,0.0,0.12168,0.0,0.0,0.0,0.0,0.0,0.06051,0.01204,0.0,0.01107,0.0,0.21431,0.0,0.0,0.0,0.00708,0.0,0.0,0.0,0.29948,0.0,0.0,0.0,0.35177,0.59527,0.0,0.0,0.0,0.00091,0.0,0.02727,0.00505,0.00824,0.0,0.02629,0.08329,0.02123,0.0,0.0,0.0,0.0,0.63537,0.0,0.37251,0.00708,0.0
CRR1090702,1,0.0,3.15596,0.1782,7.13413,0.90458,1.37346,11.94701,0.07139999999999999,0.16815,22.501529999999992,3.0481600000000006,0.07679,0.00679,0.25593,0.0,0.35424,0.3289,0.26431,1.31847,0.02423,1.24172,0.01509,5.52447,0.0,0.0,0.0,0.0,0.0,0.00034,0.0,0.03207,0.70318,12.46755,0.0,0.01982,0.02176,0.0,0.53995,0.0,0.0,0.0,0.0,0.0,0.0,0.06105,0.0,0.00064,0.00859,0.00588,0.01443,0.09104,0.16061999999999999,0.0,0.08707,1.07456,0.0,0.00424,0.0,0.0194,4.08392,0.04621,0.01374,0.0,0.0,0.09551,0.0,0.0,0.00137,0.0,0.0,11.92335,0.0,0.01194,0.05743,0.0,0.0,0.0,0.0,0.01491,0.01405,0.0069,0.00435,0.0,0.0,0.00113,0.0
CRR1090703,0,0.01302,0.24120000000000003,0.07256,1.93826,0.4566,0.04336,5.359380000000001,0.04589,0.12176,14.222179999999998,2.2354,0.36491,0.041639999999999996,0.05988,0.00714,0.41633,0.0,0.58556,2.28282,0.55944,3.52731,0.00252,0.0193,0.07561,0.0,0.0,0.01458,0.26704,0.0,0.0,0.0,0.0,0.0,0.0,0.10431,0.07084,0.02901,0.0,0.0,0.0,0.0,0.0,0.0,0.0,0.0,0.0,0.0,0.0,0.0,0.02582,0.0,0.00358,0.00827,0.0,0.0,0.0,0.01674,0.0,0.02138,0.0,0.00771,0.0,0.11776,0.0,0.0,0.0,0.0082,0.0,0.0,0.00873,0.0,0.04175,0.0,0.0,0.0,0.0,0.0,0.0,0.0,0.0,0.0,0.0,0.0,0.0,0.0,0.0
CRR1090704,0,0.0,1.8093199999999996,0.28917999999999994,2.9283900000000003,0.6724899999999999,1.81567,11.154119999999999,0.11265,0.27637,18.285809999999998,0.71922,0.01875,0.01674,0.48364,0.026789999999999998,0.9592499999999999,1.81908,0.42331,0.61053,1.4278199999999999,0.71435,0.53826,0.2575,0.01944,0.36929,0.0,0.0,0.011099999999999999,0.00349,0.0,0.0,0.0,0.0,0.02819,0.02787,0.12827,0.0,0.90338,1.73208,0.07399,3.2294,0.11926,0.03418,0.0,0.10578,0.00289,0.12542,0.036680000000000004,0.00031,0.03485,0.00848,0.75958,0.0,0.0594,0.24617,0.00245,0.00017,0.00011,0.05182,0.25473,0.06842,0.04846,0.0,0.02495,0.54654,0.0,0.0,0.0,0.0,0.0,0.38065,0.0,0.03652,0.10138,0.05566,0.0,0.0,0.08192,0.02089,0.02039,0.12738,1.14674,0.0,0.0,0.0,0.0
CRR1090707,1,0.00422,16.69425,0.61116,8.74644,1.97128,2.39832,12.317499999999999,1.1062,0.0,18.91615,0.4898699999999999,0.00434,0.012750000000000001,0.40750000000000003,0.0,0.7872999999999999,1.51481,0.1765,0.45855,2.31961,2.35756,0.1616,0.08274999999999999,0.00091,4.84602,0.0,0.0,0.007730000000000001,0.00483,0.00102,0.00928,2.84106,0.0,0.0,0.01581,0.05371,0.0,3.04815,0.0,0.80403,3.04461,0.0,0.0,0.0,0.0,0.0053,0.0,0.024030000000000003,0.0,0.0,0.0,0.00177,0.0083,0.00683,0.36883,0.0,0.0,0.0,0.0,0.02223,0.03409,0.0,0.08834,0.0,0.06,0.33859,0.0,0.0,0.0,0.00666,5.26346,0.01444,0.01069,0.03164,0.00903,0.0,0.0,0.01992,0.0,0.38903,0.0,0.0,0.0,0.0,0.00416,0.0
CRR1090709,1,0.0,0.8920699999999999,0.17238,0.7227100000000002,1.46704,5.43946,21.45432999999999,0.27431,0.0,17.4821,1.99931,0.00604,0.0,0.3191,0.13574,0.12093,0.49222,1.0348,1.2655,25.79948,5.79842,2.04104,2.6699,0.01357,0.38629,0.02764,0.00162,0.00166,0.0,0.16679,0.0,0.0,0.0,0.0,0.02995,0.30785,0.0,0.31205,0.0,0.0,0.38168,0.7526,0.0,0.0,0.0,0.85247,0.00259,0.0,0.0,0.0,0.00064,0.03621,0.00343,0.00505,0.06483,0.0,0.01213,0.0,0.0,0.00086,0.0,0.0,0.0,0.01546,0.35242,0.0,0.0,0.0,0.0,0.01954,1.29745,0.0415,0.0,0.0,0.05238,0.04007,0.0,0.01239,0.0,0.0,0.0,0.0,0.0,0.03562,0.00949,0.0
CRR1090712,0,0.0,0.36906,0.193,5.35429,0.0,0.0,4.992730000000001,0.0,0.0,13.480340000000002,1.28159,0.0,0.0,0.00624,0.0,3.0780999999999996,0.00252,0.66403,2.7191099999999997,4.7217899999999995,0.0,0.11444,23.98475,0.0,0.0,0.0,0.0,0.14197,0.0,0.04794,0.0,0.0,0.0,0.0,0.01899,0.0,0.0,0.0,0.0,0.0,0.0,0.0,0.0,0.0,0.0,0.0,0.0,0.0,0.0,0.09603,0.0,4.07989,0.0,0.0,0.0,0.0,0.0,0.0,0.0,28.09676,0.31121,0.0,0.0,0.0,0.0,0.0,0.0,0.0,0.0,0.0,0.0,0.0,0.0,0.0,0.0,0.0,0.0,0.0,0.0,0.0,0.0,0.0,0.0,0.0,0.0,0.0
CRR1090716,1,0.0,0.13071,0.07395,6.2394300000000005,0.0,0.0673,10.668320000000001,0.12364,0.19883,46.76772999999997,1.93913,0.15829,0.0,0.00553,2.2937,1.84488,0.0,4.3887100000000006,1.12085,0.53487,8.77248,0.042929999999999996,0.0,0.01649,0.0,0.0,0.0,0.12878,0.0,4.48357,0.0,0.0,0.0,0.0,0.08991,0.0,0.0,0.0,0.0,0.0,0.0,0.0,0.0,0.0,0.0,0.0,0.0,0.0,0.0,0.0,0.0,0.00938,0.0,0.0,0.0,0.0,0.016649999999999998,0.0,0.0,0.28842,0.07216,0.0,0.68251,0.0,0.0,0.0,0.0,0.0,0.0055,0.0516,0.0,0.09071,0.0,0.01234,0.0,0.0,0.01951,0.0,0.0,0.0,0.0,0.0,0.0,0.0,0.0,2.86201
CRR1090718,1,0.0,1.37873,0.03629,2.32626,0.03953,0.5011,33.34299,0.00207,0.03021,35.446570000000015,4.6352,0.0,0.0,0.047729999999999995,0.020929999999999997,1.04535,0.0,0.51638,1.01217,4.896129999999999,2.0532,0.78211,9.92403,0.00212,0.0,0.0,0.0,0.16401,0.0,0.0,0.0,0.0,0.00889,0.0,0.29019,0.0,0.00203,0.0,0.0,0.0,0.0,0.59825,0.0,0.0,0.0,0.01059,0.0,0.0,0.0,0.0,0.0,0.05484,0.02228,0.0,0.0,0.0,0.00277,0.0,0.0,0.0,0.00312,0.0,0.49314,0.0,0.0,0.0,0.0,0.0,0.0,0.00044,0.0,0.01666,0.0,0.0,0.0,0.0,0.0,0.0,0.0,0.0,0.0,0.0,0.0,0.0,0.00812,0.0
CRR1090720,1,0.0,4.3329699999999995,0.45246000000000003,10.939700000000004,1.43295,3.8678500000000002,9.22246,0.0,0.0,25.33102,2.30105,0.0,0.0,0.018779999999999998,0.0,0.31806999999999996,16.92133,0.61334,0.42972999999999995,0.68502,0.25739,0.16222,3.46166,0.0,0.0,0.0,0.0,0.00776,0.0,0.0,0.0,0.04984,0.0,0.0,0.03519,0.0,0.0,0.0,0.0,0.0,0.86174,0.065,0.0,0.00651,0.0,0.0,0.01106,0.0,0.0,0.0,0.0,1.14496,0.00263,0.0,0.0,0.0,0.00455,0.0,0.0,0.40892,0.0623,0.0,0.45352,0.0,0.03364,0.0,0.00672,0.0,0.0,0.0,8.31228,0.0,0.0,0.0,0.0,0.0,0.0,0.0,0.0,3.88017,0.0,0.0,0.0,0.0,0.0,0.0
CRR1090729,0,0.0,7.02204,1.7421000000000002,61.22747000000001,0.17725,2.3496900000000003,5.643879999999999,0.26438,0.0,3.080309999999999,0.18531999999999998,0.00776,0.00069,0.0407,0.002,0.0052,0.0,0.05605000000000001,1.25925,1.76222,0.21462,0.02284,0.40486,0.0,8.23057,0.0,0.0,0.02084,0.0,0.0,0.0,0.0,0.0,0.0,0.00567,0.0642,0.0,0.0,0.0,0.0,0.0,0.0,0.0,0.0,0.0,0.0,0.03004,0.0,0.0,0.00049,0.0,0.0008,0.01614,0.0,0.0,0.0,0.0,0.0,0.0,0.00197,0.01331,0.00089,0.0,0.0,0.0,0.0,0.0,0.0,0.0,0.0,1.83595,0.0,0.0,0.0,0.0,0.0,0.0,0.0,0.0,0.0,0.0,0.0,0.0,0.0,0.0,0.0
CRR1090730,0,0.0,0.0,0.15031,9.51728,0.0,0.01842,11.3797,0.0,0.04091,32.03997999999999,0.52631,0.04265,0.0,0.86934,0.0,0.8153600000000001,3.59991,2.0400300000000002,0.72748,0.33604,0.13233,0.67114,2.1405299999999996,0.03261,0.3195,0.0,0.07478,0.03659,0.0,0.02924,0.0,0.0,0.0,0.0,0.036410000000000005,0.01695,0.0,0.0,0.0,0.0,0.0,0.01345,0.0,0.0,0.0,0.0,0.0,0.0,0.0,0.0,0.0,0.00197,0.0,0.0,0.0,0.0,0.00357,0.0,2.20074,22.85857,0.05104,0.0,0.0,0.0,0.0,0.0,0.0,0.0,0.0203,0.00852,7.84027,0.03777,0.0,0.0,0.0,0.0,0.0,0.0,0.0,0.0,0.0,0.0,0.0,0.0,0.00129,0.0
CRR1090737,0,0.0,0.03672,0.00539,1.5189,0.0,0.06035,4.94342,0.0,0.09993,88.35754,1.1101599999999998,0.0,0.0,0.0,0.00175,0.56254,0.0,0.4662,0.63137,0.14567000000000002,0.56776,0.1437,0.01263,0.0,0.0,0.0,0.0,0.00466,0.0,0.01813,0.0,0.0,0.0,0.0,0.02458,0.03419,0.0,0.0,0.99056,0.0,0.0,0.0,0.0,0.0,0.0,0.0,0.0,0.0,0.0,0.00807,0.0,0.0,0.0,0.0,0.0,0.0,0.0205,0.0,0.0,0.0,0.06073,0.0,0.13967,0.0,0.0,0.0,0.0,0.0,0.0,0.00134,0.0,0.01341,0.0,0.0,0.0,0.0,0.0,0.0,0.0,0.0,0.0,0.0,0.0,0.0,0.0,0.0
CRR1090738,0,0.0,3.18947,0.9647199999999999,6.7917700000000005,0.92975,2.3938300000000003,13.222689999999998,0.0,0.0,31.360420000000016,2.8072000000000004,0.0,0.03119,0.16417,0.018619999999999998,9.61301,1.4442,0.21814999999999998,0.9232400000000001,0.38122,0.51058,0.11638,2.54353,0.01112,0.0,0.0,0.0,0.05511,0.00209,0.0,0.0,0.0,0.0,0.0,0.04662,0.16182,0.00045,0.0,2.73136,0.0,0.43674,0.0,0.0,0.01362,0.0,0.0,0.05662,0.00798,0.01547,0.0428,0.0,3.31079,0.02259,0.0,0.0,0.0,0.0079,0.09632,0.00295,0.0,0.23591,0.0,0.29044,0.0,2.28676,0.0,0.0,0.0,0.0,0.0,0.0,0.0,0.0,0.0,0.0,0.0,0.0,0.0,0.0,0.24459,0.0,0.0,0.0,0.0,0.0,0.0
CRR1090739,1,0.0,8.29151,1.20546,25.49872,0.14491,3.7375900000000004,23.950529999999997,0.63723,0.05013,19.273600000000002,1.50493,0.00151,0.0,0.0,0.28202,0.14452,2.5287,0.04944,0.14881,8.457609999999999,3.0402699999999996,0.0,0.059629999999999996,0.0,0.16767,0.0,0.0,0.0,0.0,0.0,0.0,0.0,0.0,0.0,0.0062,0.0,0.0,0.0,0.0,0.0,0.0,0.0,0.0,0.0,0.0,0.0,0.0,0.0,0.0,0.01404,0.0,0.02793,0.00362,0.0,0.0,0.0,0.0,0.0,0.0,0.0,0.00151,0.0,0.0,0.0,0.0,0.0,0.0,0.0,0.0,0.0,0.0,0.0,0.0,0.0,0.0,0.0,0.0,0.0,0.0,0.0,0.0,0.0,0.0,0.0,0.0,0.0
CRR1090740,1,0.20645,1.81923,0.26350999999999997,8.054789999999999,1.26016,4.672100000000001,28.104640000000003,0.05338,0.0673,31.633219999999998,0.49753000000000003,0.03747,0.0,0.64175,0.00774,0.35692999999999997,8.12706,0.24537,2.22246,0.21816,0.30257,0.11886,2.16113,0.0,0.01003,0.0,0.0,0.00201,0.00495,0.0,0.0,0.35354,0.0,0.0837,0.00838,0.11195,0.0,0.0,0.0,0.0,0.0,0.0,0.0,0.01576,0.0,0.0,0.0,0.08493,0.0,0.00875,0.01632,0.05524,0.00496,0.0,0.0,0.0,0.00126,0.02067,0.02029,0.0,0.1216,0.0,0.59594,0.0,6.22725,0.0,0.0047,0.0,0.0,0.0,0.0,0.0147,0.0,0.0,0.0,0.0,0.0,0.0,0.0,0.0,0.0,0.0,0.0,0.0,0.0,0.0
CRR1090742,1,0.0,5.938080000000001,0.29545,3.29594,2.3152199999999996,4.09624,14.287840000000001,0.15736,0.0,27.322220000000012,1.26107,0.01148,0.0,0.34163000000000004,0.61253,2.41224,0.45278,11.444989999999999,1.92283,10.07101,0.49381,0.18355999999999997,1.8613300000000002,0.0,2.65583,0.0,0.0,0.0,0.0,0.0,0.0,0.0,0.00402,0.0,0.07695,0.08663,0.01415,0.0,2.01816,0.0,0.27204,0.0,0.0,0.00032,0.0,0.0,0.13479,0.00074,0.0,0.04009,0.0,0.0232,0.07911,0.0,0.12695,0.0,0.00971,0.0,0.0,0.05742,0.02677,0.0,0.0,0.75418,0.20873,0.47746,0.0,0.0017100000000000001,0.0,0.0,0.0,0.02224,0.0666,0.0,0.0,0.0,0.0,0.0,0.0,0.0,0.0,0.0,0.0,0.35141,0.0,0.0
CRR1090756,1,0.0,0.0,0.0,0.9062399999999999,0.0,0.0,0.9135499999999999,0.0,0.0,22.450429999999997,9.069840000000001,0.00348,0.0,0.10549,0.14579999999999999,0.19598,0.0,2.4393200000000004,2.47663,3.4100699999999997,0.0,1.29172,30.726910000000004,0.02884,0.0,0.0,0.0,0.08748,0.0,6.39323,0.0,0.0,0.0,0.0,0.18227,0.0,0.00561,0.0,0.0,0.0,0.0,0.0,0.0,0.0,0.0,0.209,0.0,0.0,0.0,0.0,0.0,5.694039999999999,0.0,0.0,0.0,0.0,0.0318,0.0,0.0,0.0,0.18707,0.0,0.0,0.0,0.0,0.0,0.01838,0.0,0.00931,0.00894,0.0,0.07552,0.0,0.0,0.0,0.0,0.0,0.0,0.0,0.0,0.0,0.0,0.0,0.0,0.0077,0.0
CRR1090760,1,0.0,0.0,0.0,1.1936099999999998,0.0,3.40869,6.6727099999999995,0.0,0.0,7.42254,0.031979999999999995,0.0,0.0,0.00239,3.20756,0.43927,0.0,6.48602,2.05203,6.07341,0.0,0.00913,13.381900000000002,0.0,0.0,0.0,0.0,0.0633,0.0,0.7602599999999999,0.0,0.0,0.0,0.0,0.19188999999999998,0.0,0.01354,0.0,0.0,0.0,0.0,0.0,0.0,0.0,0.0,0.0,0.0,0.0,0.0,0.0,0.0,2.01499,0.0,0.0,0.0,0.0,0.06779,0.0,0.0,0.0,0.06487,0.0,0.0,0.0,0.0,0.0,0.0,0.0,0.0,0.00316,0.0,0.11475,0.0,0.0,0.0,0.0,0.0,0.0,0.0,0.0,0.0,0.0,0.0,0.0,0.0,0.0
CRR1090764,1,0.00737,1.53684,0.01603,0.65431,0.0,2.38556,43.33519999999999,0.0061,0.00232,11.36814,2.34565,0.0139,0.0,0.03597,0.03950000000000001,0.14615999999999998,23.18837,0.7531800000000002,0.11385999999999999,0.48824,0.009899999999999999,1.07521,5.332770000000001,0.00664,2.1279,0.0,0.0,0.05445,0.01364,0.0,0.0,0.0,0.0,0.0,0.12777,0.0,0.00034,0.0,0.0,0.0,0.0,0.45759,0.0,0.0,0.0,0.04085,0.0,0.03471,0.00207,0.03629,0.0,1.7697299999999998,0.0,0.11923,0.0,0.0,0.01078,0.0,0.19716,0.41215,0.0395,0.0,0.0,0.0,0.06489,0.0,0.01206,0.0,0.0,0.0,0.0,0.02691,0.12588,0.0,0.0,0.0,0.0,0.0,0.0,0.0,0.0,0.0,0.0,0.0,0.0,0.0
CRR1090770,1,0.00017,0.48336999999999997,3.24144,39.21443,3.8932900000000004,0.25137,4.315049999999999,1.2207,0.732,16.171709999999997,7.63942,0.31181,0.09142,0.04873,0.0892,2.8056,0.0,0.4835999999999999,0.51176,9.181,0.23088,0.031,2.39818,0.0,0.0,0.0,0.00878,0.0,0.0,0.0,0.0,0.0,1.59974,0.0,0.0,0.96778,0.0,0.0,0.0,0.0,0.0,0.0,0.0,0.0,0.0,0.0,0.0,0.0,0.0,0.15089,0.0,0.14604,0.08528,0.0,0.0,0.0,0.00745,0.0,0.0,0.0,0.50189,0.0,0.13081,0.0,0.0,0.0,0.0,0.0,0.0,0.013,0.0,0.0,0.0,0.02244,0.0,0.0,0.0,0.0,0.0,0.0,0.0,0.0,0.0,0.0,0.0,0.0
CRR1090771,1,0.0,1.14904,1.7746300000000002,36.46631000000001,2.60433,0.098,9.29358,0.34376,0.0,18.307240000000004,0.31945,0.04234,0.0,0.00199,0.04301,0.53017,0.0,1.4969500000000002,0.35221,0.02058,0.17251999999999998,0.12526,24.95712,0.0,0.0,0.0,0.0,0.03088,0.0,0.00561,0.0,0.0,0.0,0.0,0.05064,0.26264,0.0,0.0,0.0,0.0,0.0,0.0,0.0,0.0,0.0,0.0,0.0,0.0,0.0,0.0,0.0,0.29825999999999997,0.00774,0.0,0.0,0.0,0.01915,0.0,0.0,0.0,0.12903,0.0,0.0,0.0,0.0,0.0,0.00161,0.00305,0.0,0.00367,0.0,0.0,0.0,0.0,0.0,0.0,0.0,0.0,0.0,0.0,0.0,0.0,0.0,0.0,0.0,0.0
CRR1090772,1,0.0,1.86412,0.13806,14.72164,0.0,0.03383,34.19121,0.12667,0.0,22.08426,1.44551,0.14797,0.0627,0.01687,0.15758,0.25846,1.28571,0.86553,1.65071,0.48413000000000006,1.0429000000000002,3.18009,3.29023,0.00978,0.0,0.0,0.14189,0.01475,0.0,0.00665,0.0,0.0,0.0,0.0,0.02391,7.23763,0.01622,0.0,0.0,0.0,0.0,0.0,0.0,0.0,0.0,0.08208,0.0,0.0,0.00299,0.0,0.0,0.34142999999999996,0.0,0.0,0.0,0.0,0.00678,0.0,0.0,0.00435,0.59961,0.0,0.14122,0.0,0.0,0.0,0.0,0.00798,0.0,0.00402,0.0,0.01776,0.0,0.0,0.0,0.0,0.0,0.0,0.0,0.0,0.0,0.0,0.0,0.0,0.00924,0.0
CRR1090773,1,0.00866,7.114090000000001,0.79666,18.87656,0.69261,1.96193,18.213049999999996,0.50474,0.24265,33.58891,0.7612399999999999,0.00338,0.00048,0.25644,0.0,2.0706800000000003,0.14623,1.1302699999999999,1.63604,0.1134,8.21818,0.15907,0.013470000000000001,0.00171,0.15632,0.0,0.00747,0.00164,0.0,0.0,0.0,0.91492,0.0,0.0,0.027379999999999998,0.01513,0.0,0.0,0.0,0.0,0.0,0.0,0.0,0.00778,0.0,0.0,0.05319,0.0349,0.00685,0.0152,0.00527,0.0,0.0,0.0754,0.0,0.0,0.0,0.00761,0.05158,0.0,0.08608,0.0,1.21177,0.16586,0.0,0.0,0.01043,0.0,0.0,0.0,0.0,0.00566,0.0,0.0,0.0,0.0,0.0,0.0,0.0,0.0,0.0,0.0,0.0,0.0,0.0,0.0
CRR1090774,1,0.0,12.00935,0.62059,2.75007,4.4847399999999995,1.5519300000000003,22.702240000000003,0.12961,0.12435,28.54166999999999,0.40789,0.05461,0.048240000000000005,1.0014699999999999,0.0,0.8345699999999999,0.0,3.0706399999999996,1.9743399999999998,0.16769,1.99287,0.27384000000000003,5.49124,0.003,0.0,0.0,0.48991,0.054220000000000004,0.03718,0.0,0.05702,1.3107600000000001,0.0,0.0,0.12580000000000002,0.0,0.01829,0.0,0.0,0.0,0.0,0.00533,0.48925,0.0414,0.07969,0.0,0.25392,0.02554,0.00108,0.049,0.02011,0.0,0.01937,0.0,2.73149,0.0,0.01061,0.0,0.31111,0.0,0.11585,0.0,0.0,0.0,0.0,0.04165,0.11425,0.01064,0.01257,0.06036,0.0,0.01478,0.0,0.0,0.0,0.0,0.0,0.0,0.0066,0.0,0.0,0.0,0.0,0.0,0.0212,0.0
CRR1090775,1,0.0,2.28996,1.65977,13.806099999999999,0.0,0.23388,17.753260000000004,0.10223,0.08438,22.103050000000003,14.549190000000001,0.0,0.0,0.246,0.11273,0.68159,0.0,0.21263,1.4722600000000001,0.09389,1.10355,0.00374,0.25676,0.05021,0.0,0.0,0.00097,0.07187,0.0,0.0,0.0,0.0,0.0,0.0,0.05602,14.32941,0.0,0.0,0.0,0.0,0.0,0.0,0.0,0.0,0.0,0.0,0.0104,0.0,0.0,0.0,0.0,0.0,0.00595,0.0,0.0,0.0,0.0,0.0,0.0,0.0,0.25601,0.0,0.0,0.0,0.0,0.0,0.0,0.0005,0.0,0.00305,0.0,0.00222,0.0,0.0,0.0,0.0,0.0,0.0,0.0,0.0,0.0,0.0,0.0,0.0,0.0,0.0
CRR1090777,1,0.0,11.55386,0.62862,23.9073,0.27334,0.26998,18.476869999999998,0.7673300000000001,0.40181,15.935490000000003,2.38689,0.02751,0.08123,0.0832,0.0407,3.0550800000000002,0.00396,2.80133,0.87562,2.68167,1.45251,0.46088,0.22455000000000003,0.04073,0.0,0.0,0.00629,0.07419,0.0,0.00868,0.0,0.0,0.0,0.0,0.01329,1.27967,0.00213,0.0,0.0,0.0,0.0,0.02965,0.0,0.0685,0.0,0.12876,0.04399,0.0238,0.00333,0.02338,0.0158,0.00232,0.20293,0.0,0.0,0.0,0.0067,0.0,0.02236,0.0,0.12865,0.00565,0.0,0.0,0.0,0.0,0.0,0.0,0.0,0.00767,10.75568,0.01842,0.0,0.0,0.0,0.0,0.0,0.0,0.0,0.0,0.0,0.0,0.0,0.0,0.0,0.0
CRR1090778,1,0.00306,4.8774,0.43286,6.602680000000001,0.00767,10.0013,13.219779999999998,0.23872,0.06057,6.853040000000002,1.15477,0.24709,0.029660000000000002,0.76073,0.26677999999999996,0.23537,1.09355,2.10549,1.04485,20.91993,1.66083,0.08423,0.29605,0.0062,1.36524,0.0,0.0,0.08772,0.0,0.0,0.10638,0.42152999999999996,0.0,0.0,0.20182999999999998,0.02266,0.02826,0.06817,0.12495,0.37736,0.56056,0.24291000000000001,0.0,0.0203,0.0,0.0,0.0243,0.01514,0.00395,0.02047,0.0,0.0,0.0604,0.07869,0.74825,0.0,0.042120000000000005,0.0,0.12573,3.39287,0.00813,0.0614,0.0,0.0,1.4311099999999999,0.0,0.0027,0.0,0.13411,0.01788,7.56894,0.09473,0.00452,0.0,0.02023,0.10379,0.11878,0.10606,0.03138,1.03968,0.0,0.1533,0.0,0.39374,0.0,0.0
CRR1090779,1,0.0,2.3586199999999997,0.01486,4.47922,0.62312,2.20735,6.120769999999999,0.06853,0.02029,27.12698,2.2493499999999993,0.0,0.16205000000000003,0.84955,0.3297399999999999,4.39512,3.63703,1.3648900000000002,1.6192699999999998,0.00233,0.9216400000000001,0.28278000000000003,23.789270000000002,0.06049,0.0,0.0,0.0,0.01011,0.0,0.00104,0.0,0.0,0.0,0.0,0.17941000000000001,0.0,0.05189,0.0,0.0,0.0,0.0,0.02102,0.0,0.04342,0.02726,0.043,0.0,0.00073,0.08066,0.33068,0.0,0.03756,0.0,0.04678,0.0,0.00747,0.01188,0.0,0.05034,0.0104,0.05686,0.0,0.0,0.0,0.09846,0.0,0.04591,0.00292,0.00319,0.012150000000000001,0.0,0.02146,0.0,0.0,0.0,0.0,0.0,0.0,0.01112,0.0,0.0,0.0,0.0,0.0,0.01135,0.0
CRR1090781,1,0.05974,0.0,0.04578,1.24012,2.16706,3.86375,24.51571,0.0,0.0,31.281660000000002,0.7321299999999998,0.24343,0.0,0.23719,0.0,0.27693,12.18838,1.15437,0.23021000000000003,0.5986899999999999,0.04694,0.0677,1.10699,0.02141,0.0,0.0,0.0,0.1636,0.0,0.0,0.0,0.0,0.0,0.0,0.6112,0.01246,0.01963,0.0,0.0,0.0,0.0,0.0,0.0,0.0,0.0,0.0,0.0,0.0,0.0,0.03556,0.0,11.90146,0.0,0.0,0.0,0.0,0.09567999999999999,0.0,0.003,0.0,0.01593,0.00368,0.56108,0.0,0.0,0.0,0.0,0.00248,0.00217,0.00588,3.78295,0.01437,0.0,0.0,0.0,0.0,0.0,0.0,0.0,0.08149,0.0,0.0,0.0,0.0,0.00502,0.0
CRR1090783,0,0.00498,0.5625899999999999,0.07703,1.83569,2.18726,1.2242499999999998,21.983450000000005,0.01038,0.00464,28.99751,1.0559899999999998,0.00396,0.16749,0.52201,0.61548,0.5598100000000001,3.62435,2.864229999999999,0.41971,2.5832499999999996,0.47275,1.1601100000000002,4.09986,0.03538,0.01932,0.0,0.0907,0.02906,0.0,0.00159,0.0,0.00539,0.13502,0.0,0.13243,0.02711,0.00896,0.0,0.0,0.0,0.0,0.059699999999999996,0.0,0.0,0.0,0.00118,0.0203,0.0,0.0,0.13352,0.02221,0.35268,0.02339,0.0,0.10909,0.0,0.05326,0.0,0.19489,0.0063,0.01877,0.04994,0.16689,0.0,0.0,0.0,0.0623,0.01088,0.00194,0.00921,10.14878,0.02643,0.0,0.03598,0.0,0.0,0.0,0.0,0.0,0.00081,0.0,0.0,0.0,0.0,0.00242,0.0
CRR1090784,1,0.0,4.71915,0.14899,15.92665,0.09121,2.97333,28.289009999999998,0.0,0.0,26.971040000000002,1.2894299999999999,0.0,0.0,0.30762999999999996,0.0,1.73699,0.94331,0.00466,2.12587,0.047189999999999996,5.17503,0.57582,4.12074,0.02488,0.0,0.11941,0.0171,0.044950000000000004,0.00373,0.00543,0.0,0.0,0.0,0.0,0.0,0.03267,0.0,0.0,0.0,0.0,0.0,0.04316,0.0,0.02107,0.0,0.0,0.02082,0.17053000000000001,0.0,0.01911,0.0,3.44848,0.02465,0.0,0.0,0.0,0.0,0.08695,0.0,0.0,0.0,0.0,0.0,0.0,0.12372,0.0,0.0,0.0,0.0,0.0,0.0,0.0,0.0,0.0,0.0,0.0,0.00523,0.0,0.0,0.0,0.0,0.0,0.0,0.0,0.00089,0.0
CRR1090785,1,0.0,6.884720000000001,1.67188,12.33737,0.068,13.18435,10.949509999999997,0.12567,0.0,27.556169999999995,0.54172,0.0,0.0,0.0,0.42387,0.12597,0.0,4.0157799999999995,1.05126,0.53818,0.50879,0.31561,5.8721499999999995,0.13207,0.0,0.0,0.02327,0.08755,0.0,2.8860200000000003,0.0,2.21457,0.0,0.0,0.010190000000000001,0.0,0.0,0.0,0.0,0.0,0.0,0.0,0.0,0.0,0.0,0.0,0.0,0.00116,0.0,0.17101,0.0,2.25942,0.24852,0.0,0.64062,0.0,0.00731,0.0,0.02107,0.0,0.15702,0.0,0.0,0.0,0.0,0.0,0.0,0.0,0.00056,0.00903,0.0,0.05081,0.0,0.0,0.0,0.0,0.0,0.0,0.0,0.0,0.0,0.0,0.0,0.0,0.00663,0.0
CRR1090787,1,0.01777,3.00616,0.05065,3.70176,0.42169,2.84334,25.571720000000003,0.11792,0.00079,28.531399999999998,1.6029899999999997,0.00278,0.02234,0.09447,2.4728799999999995,0.72708,1.06814,8.577670000000001,1.15273,1.11808,1.5757400000000001,0.00893,0.21865,0.02835,1.32099,0.0,0.0,0.01173,0.0,0.0,0.0,0.0,0.04757,0.0,0.051579999999999994,0.03784,0.022260000000000002,0.0,0.0,0.0,0.0,0.0,0.0,0.0,0.0,0.0,0.00482,0.0,0.0,0.04761,0.0,0.08367000000000001,0.0557,0.0,0.0,0.0,0.01487,0.0,0.0,4.98973,0.04946,0.0,0.0,0.0,3.63738,0.65434,0.00363,0.0,0.03023,0.0,4.15563,0.00842,0.0,0.0,0.0,0.0,0.01054,0.0,0.0,0.0,0.0,0.0,0.0,0.0,0.0,0.0
CRR1090789,1,0.0085,2.4888299999999997,1.3808500000000001,14.96189,2.3219299999999996,5.49973,24.35581,0.22433999999999998,0.0,23.913250000000005,4.3746599999999995,0.03048,0.02485,0.06479,0.0,0.13049,1.60631,0.1665,0.50537,0.05576,1.20921,0.0932,0.58441,0.0,0.20678,0.0,0.0,0.00671,0.00096,0.0,0.0,0.00426,7.34377,0.0,0.0,0.06948,0.0,0.0,0.0,0.0,0.0,0.0,0.0,0.0,0.0,0.0,0.0,0.0,0.0,0.02334,0.01628,0.21796,0.08805,0.0,0.0,0.0,0.0,0.0,0.0,2.33383,0.12533,0.07998,0.61578,0.0,0.0,0.07713,0.0,0.0,0.00497,0.0,0.0,0.0,0.0,0.0,0.0,0.0,0.0,0.0,0.0,0.0,0.0,0.0,0.0,0.0,0.0,0.0
CRR1090790,1,0.0,0.00268,0.0,13.60696,0.0,0.0,0.71289,0.0,0.0,29.186950000000003,0.09307,0.0,0.0,0.00191,6.145519999999999,0.0,0.0,2.4383000000000004,0.818,21.98414,0.00123,0.22694999999999999,14.729399999999998,0.0,0.0,0.0,0.10256,0.0,0.0,0.46734000000000003,0.0,0.0,0.0,0.0,0.18356,0.0,0.01959,0.0,0.0,0.0,0.0,0.00879,0.0,0.0,0.0,0.0,0.0,0.0,0.0,0.0,0.0,0.79583,0.0,0.0,0.0,0.0,0.04849,0.0,0.0,0.0,0.0,0.0,0.0,0.0,0.0,0.0,0.0,0.0,0.0,0.0,0.0,0.08431,0.0,0.0,0.0,0.0,0.0,0.0,0.0,0.0,0.0,0.0,0.0,0.0,0.0,0.0
CRR1090796,0,0.0,0.18030000000000002,0.13499,1.92442,0.0,0.275,30.70447,0.00695,0.53846,35.00720999999999,5.46881,0.0,0.01293,0.23965,0.6862300000000001,0.39292000000000005,0.0,1.37349,2.11771,0.51362,14.535879999999999,0.52859,2.2726599999999997,0.01982,0.02172,0.0,0.00399,0.0,0.0,0.0,0.0,0.0,0.0,0.0,0.17454,1.51722,0.0052,0.0,0.0,0.0,0.0,0.00346,0.0,0.0,0.0,0.02679,0.0,0.0,0.0,0.2817,0.0,0.20173000000000002,0.03205,0.0,0.0,0.0,0.053709999999999994,0.0,0.13405,0.0,0.15072,0.0,0.0,0.0,0.0,0.0,0.02049,0.0,0.0,0.02686,0.0,0.02862,0.0,0.0,0.0,0.0,0.0,0.0,0.0,0.0,0.0,0.0,0.0,0.0,0.0,0.0
CRR1090805,1,0.0,0.0,0.0,0.00364,0.0,0.38925,0.66714,0.0,0.0,26.11674,1.51077,0.0,0.0,0.0,3.8455000000000004,0.0,0.0,0.8039300000000001,1.51392,5.8884099999999995,0.9543400000000001,0.57426,5.88326,0.05163,0.0,0.0,0.0,0.10880000000000001,0.0,0.85765,0.0,0.0,0.00024,0.0,0.34834,0.00807,0.00327,0.0,0.0,0.0,0.0,0.00686,0.0,0.0,0.0,0.0,0.0,0.0,0.0,0.06742,0.0,6.2428300000000005,0.0,0.0,0.0,0.0,0.15505,0.0,0.0,0.0,0.00244,0.0,0.00121,0.0,0.0,0.0,0.02327,0.0,0.00777,0.06697,0.0,0.04397,0.0,0.0,0.0,0.0,0.0,0.0,0.0,0.0,0.0,0.0,0.0,0.0,0.00398,0.0
CRR1090806,1,0.00014,0.94666,0.043089999999999996,4.577719999999999,0.00498,4.7593000000000005,21.406310000000005,0.04607,3.71475,42.51540000000001,5.572019999999999,0.18917,0.0081,0.00162,0.0,0.43370000000000003,2.1462,0.28035999999999994,0.33573,0.11728000000000001,4.22782,0.00241,0.00221,0.02845,0.91247,0.0,0.0,0.07657,0.0,0.14476,0.0,0.11966,0.0,0.0,0.00157,0.4212,0.0,0.0,3.19229,0.0,0.0,0.0,0.0518,0.0,0.0,0.0,0.0,0.01116,0.02777,0.04341,0.0,0.03762,0.14912,0.0,0.0,0.0,0.0079,0.0,0.00625,0.4085,0.51023,0.0,0.0,0.0,1.16203,0.0,0.00022,0.0,0.01501,0.00419,0.02045,0.00206,0.0,0.0,0.0,0.0,0.0,0.0,0.00014,0.0,0.0,0.0,0.0,0.0,0.0,0.01055
CRR1090807,0,0.0,4.83781,0.16935999999999998,19.49715,0.20431,5.005679999999999,16.248549999999998,0.37393999999999994,0.0,22.72956000000001,2.5960300000000003,0.00025,0.06369,0.0051,0.0203,0.19063,6.79251,0.05203000000000001,0.04212,0.45714,1.04504,0.12281,0.14291,0.0,0.0,0.04369,0.0,0.0,0.0,0.0,0.01239,0.0,0.0,0.00397,0.0,0.10296,0.0,0.9897,0.7658,0.02599,4.41067,0.0,0.0,0.0,0.00077,0.03266,0.0,0.03172,0.01269,0.0,0.0065,0.01195,0.01922,0.00953,0.0,0.0,0.0,0.00476,0.00086,0.04334,0.0,0.02408,0.0,0.0,0.0642,0.0,0.0,0.00298,0.0,0.0,0.05453,0.0,0.0,0.0,0.19986,0.0,0.0,0.0,0.0,6.2569,0.02627,0.0,0.14529,0.16292,0.0,0.0
CRR1090812,1,0.024399999999999998,4.76201,0.41444,24.14209,0.0,0.24124,18.383379999999995,0.16238,0.20361,23.13,2.9660100000000003,0.01305,0.02064,0.14329999999999998,0.0,0.23498000000000002,2.95341,0.09186,0.45337,6.91863,0.54554,0.45858000000000004,1.15289,0.0,0.0,0.0,0.00021,0.00491,0.0,0.0,0.0,0.0,0.0,0.00117,0.0054,0.0,0.0,0.0,0.0,0.0,0.0,0.0,0.0,0.0,0.0,0.0,0.00249,0.00523,0.0,0.03715,0.02338,0.03823,0.0,0.0,0.0,0.0,0.00273,0.0,0.13848,2.33488,0.10624,0.00405,0.18241,0.0,0.0,0.0,0.0,0.0,0.0,0.0035,8.91307,0.0,0.0,0.0,0.0,0.0,0.0,0.0,0.0,0.0,0.0,0.0,0.0,0.0,0.0,0.0
CRR1090815,0,0.0,0.18972,1.02903,23.56313,0.0,0.0,6.07267,0.0,0.0,22.89397,1.74805,0.12148,0.0,0.01546,0.0,2.31269,0.0,0.53878,2.08914,0.02406,5.492570000000001,0.2912,17.806939999999997,0.01241,0.0,0.0,0.0,0.06557,0.0,0.00058,0.0,0.0,0.0,0.0,0.1196,0.37753,0.0,0.0,0.0,0.0,0.0,0.0,0.0,0.0,0.0,0.0,0.0,0.0,0.0,0.09131,0.0,0.28331,0.0,0.0,0.0,0.0,0.01341,0.0,0.0,0.0,0.0,0.0,0.0,0.0,0.0,0.0,0.0,0.0,0.0,0.00558,0.0,0.0,0.0,0.0,0.0,0.0,0.0,0.0,0.0,0.0,0.0,0.0,0.0,0.0,0.0,0.00449
CRR1090818,1,0.0,0.0,0.14862,3.01463,1.0574400000000002,0.05319,5.3378000000000005,0.05286,4.21894,54.18162000000001,2.04332,0.10598,0.0,0.21306,0.047450000000000006,0.62688,0.0,5.34408,1.05377,0.26364,5.827859999999999,0.0558,1.03803,0.04927,5.30204,0.0,0.0,0.14011,0.0,0.00976,0.0,0.0,0.0,0.0,0.28158,0.38354,0.00396,0.0,0.0,0.0,0.0,0.0,0.0,0.0,0.0,0.00385,0.0,0.0,0.0,0.0232,0.0,0.63605,0.03181,0.0,0.0,0.0,0.3003,0.0,0.0,2.67184,0.2089,0.0,1.39445,0.0,0.0,0.0,0.00012,0.00065,0.0,0.03379,0.0,0.08947,0.0,0.0,0.0,0.0,0.0,0.0,0.0,0.0,0.0,0.0,0.0,0.0,0.0151,0.2347
CRR1090819,1,0.0,0.10209,0.07081000000000001,2.4000100000000004,0.01289,0.025759999999999998,2.9325999999999994,0.01114,0.86148,68.25195,1.42152,0.02186,0.0,0.11434,0.0174,0.58138,0.0,1.2852500000000002,9.268820000000002,0.02853,0.93923,0.5674899999999999,8.93008,0.03817,0.0,0.0,0.0,0.021169999999999998,0.0,0.56788,0.0,0.0,0.0,0.0,0.0192,0.12194,0.0,0.0,0.0,0.0,0.0,0.00403,0.0,0.0,0.0,0.0,0.0,0.0,0.0,0.24568,0.0,0.00579,0.03855,0.0,0.0,0.0,0.013750000000000002,0.0,0.0,0.0,0.74272,0.0,0.04804,0.0,0.0,0.0,0.00062,0.0,0.0,0.00178,0.0,0.01007,0.0,0.0,0.0,0.0,0.0,0.0,0.0,0.0,0.0,0.0,0.0,0.0,0.00396,0.0
CRR1090820,1,0.00855,22.58219,0.54643,13.361529999999998,0.41809,1.5963,9.505169999999998,0.56088,0.0,8.637459999999999,0.25602,0.34445000000000003,0.0,0.03844,0.09533,0.17587,3.64927,0.0,0.01644,0.0,3.5722799999999997,0.00264,0.32316999999999996,0.0,0.70086,0.05612,0.0,0.01326,0.01334,0.0,0.04994,0.38791,0.0,0.0,0.04095,0.04769,0.00155,0.0,0.0,0.0,0.0,0.0,0.01957,0.0,0.09187,0.0,0.00786,0.01022,0.0,0.0,0.0,0.05858,0.0,0.0423,0.0,0.01158,0.0,0.0,0.0,4.99253,0.0,0.11282,0.0,2.2068,0.82817,0.12567,0.0,0.00094,0.0,0.0,0.0,0.00299,0.00236,0.0,0.00311,0.0,0.0,0.0,0.0,0.00418,0.0,0.7894,0.04436,0.22918,0.0,0.0
CRR1090823,1,0.0,8.569820000000002,0.8688600000000001,12.944009999999997,0.14550000000000002,3.6621200000000003,16.72967,2.41491,0.0,13.866229999999996,0.50355,0.19461,0.00191,0.04197,0.01625,0.0159,0.30061,0.06140000000000001,0.1771,16.35742,2.9735,0.00408,0.00758,0.0,5.73564,0.01098,0.0,0.0,0.02614,0.0,0.0,0.85637,0.0,0.0,0.0,0.0,0.0,1.59945,0.0,0.99118,0.0,0.0,0.0,0.00282,0.0,0.0,0.00228,0.00068,0.0,0.01068,0.01558,0.0,0.04888,0.0,0.0,0.0,0.0,0.0,0.0,1.86832,0.0,0.0,0.0,0.0,0.07413,0.01155,0.0,0.0,0.0,0.0,0.0,0.0,0.00706,0.04396,0.00087,0.0,0.0,0.0,0.0,0.0,0.0,0.0,0.01466,0.16417,0.0,0.0
CRR1090825,0,0.0,0.0,1.05027,14.453599999999998,0.0,0.4222,11.66171,0.0,0.0,33.45765,4.94059,0.0,0.0,0.0567,0.052840000000000005,0.7438,0.0,0.11191000000000001,1.06626,0.98076,0.0,0.0,14.311530000000001,0.0,0.0,0.0,0.00939,0.05558,0.0,0.11336,0.0,0.0,0.0,0.0,0.054790000000000005,0.0,0.0,0.0,0.0,0.0,0.0,0.0,0.0,0.0,0.0,0.0,0.0,0.0,0.0,0.19237,0.0,14.923309999999999,0.0,0.0,0.0,0.0,0.018,0.0,0.0,0.0,0.00156,0.0,0.0,0.0,0.0,0.0,0.0,0.0,0.0,0.0,0.0,0.0,0.0,0.0,0.0,0.0,0.0,0.0,0.0,0.0,0.0,0.0,0.0,0.0,0.0,0.81886
CRR1090832,1,0.00145,0.59285,0.07559,1.75607,0.31545,7.24685,16.12621,0.0088,0.0,13.902600000000001,5.846099999999999,0.84921,0.0,0.03891,0.04955999999999999,0.49305,17.912,0.18948,0.21654,0.69463,0.8050400000000001,0.19007000000000002,10.00266,0.0266,0.0,0.0,0.0,0.02411,0.0,0.0,0.0,0.0,0.0,0.0,0.0537,2.72701,0.01515,0.0,0.00251,0.0,0.0,0.00419,0.0,0.0,0.0,0.0,0.0,0.0,0.0,0.0,0.0,0.9072899999999999,0.0,0.0,0.0,0.0,0.00373,0.0,0.0,0.0,0.02124,0.0,4.68366,0.0,0.0,0.0,0.0,0.0,0.0,0.0037199999999999998,0.0,0.00369,0.0,0.0,0.0,0.0,0.0,0.0,0.0,0.0,0.0,0.0,0.0,0.0,0.0,0.0
CRR1090833,0,0.0,0.0,0.0,0.0,0.00169,0.0,0.0,0.0,0.0,0.00968,0.0,0.0,0.0,0.0,18.89668,0.0,0.0,1.2404300000000001,0.0,0.0,0.0,0.0,77.30489,0.00546,0.0,0.0,0.0,0.03442,0.0,0.01281,0.0,0.0,0.0,0.0,0.06563000000000001,0.0,0.0,0.0,0.0,0.0,0.0,0.0,0.0,0.0,0.0,0.0,0.0,0.0,0.0,0.0,0.0,0.0,0.0,0.0,0.0,0.0,0.05554,0.0,0.0,0.0,0.0,0.0,0.0,0.0,0.0,0.0,0.00403,0.0,0.04917,0.0,0.0,0.06918,0.0,0.0,0.0,0.0,0.0,0.0,0.0,0.0,0.0,0.0,0.0,0.0,0.05419,0.0
CRR1090834,0,0.0,0.0,0.0111,0.60823,3.53373,3.33273,5.84766,0.0,0.00018,45.91264,0.89402,0.08866,0.0,0.01958,1.81112,0.08187,1.87041,3.57294,1.63266,6.298730000000001,0.34724,3.22827,11.16108,0.02868,0.92695,0.0,0.0,0.014039999999999999,0.0,0.0,0.0,0.0,0.0,0.0,0.41939000000000004,2.60972,0.0073,0.0,0.0,0.0,0.0,0.0004,0.0,0.0,0.0,0.0,0.0085,0.0,0.0,0.0,0.0,0.45916999999999997,0.0,0.0,0.0,0.0,0.41744,0.0,0.0,0.0,0.28506,0.0,0.00684,0.0,0.0,0.0,0.0,0.0,0.02713,0.00352,0.0,0.23675,0.0,0.0,0.0,0.0,0.0,0.0,0.0,0.0,0.0,0.0,0.0,0.0,0.00535,0.0
CRR1090840,0,0.04558,4.025259999999999,0.58757,16.652209999999997,0.73162,0.30184000000000005,11.925350000000002,0.15475,0.4544,12.591480000000002,1.6594700000000002,0.99878,0.02954,1.57385,0.00494,0.07271999999999999,0.30605,0.16793999999999995,0.18483,0.41023,0.45145,0.00341,0.43699,0.00232,0.01304,0.0,0.0,0.02901,0.0,0.0,0.0,0.0,0.02981,0.03523,0.00735,0.11725999999999999,0.0,0.0,0.00052,0.0,0.0,0.0,0.0,0.0,0.0,0.0,0.0,0.02626,0.03754,0.00799,0.00331,0.04059,0.08306,0.0,7.06725,0.0,0.0,0.0,0.0,14.6327,0.40283,0.84983,0.07186,0.0,0.0,0.0,0.00158,0.02848,0.0,0.0,0.0,0.0,0.0,0.0,0.0,0.0,0.0,0.0,0.0,0.0,0.0,0.0,0.0,0.0,0.0,0.0
CRR1090847,1,0.0,14.573530000000002,0.80684,10.125230000000002,0.32076,1.93318,7.25847,0.9797,0.0,13.716389999999999,0.47438,0.0813,0.00032,0.07271,0.00201,0.3156,2.05026,0.09465000000000001,0.16757,0.00699,2.1812,0.23054000000000002,0.47723,0.00929,0.52845,0.04868,0.01505,0.0,0.02911,0.00059,0.0,0.01711,0.03064,0.00026,0.00066,0.00355,0.0,2.13998,0.0,0.44196,3.64941,0.00451,0.09187,0.24425,0.29535,0.0,0.12046,0.08505,0.01229,0.0178,0.00838,0.02244,0.02732,0.02821,1.74407,0.01093,0.0,0.03705,0.02947,2.91339,0.0,0.29828,0.01553,1.26704,0.17785,0.0,0.0,0.00039,0.0,0.0,0.0,0.0,0.00416,0.0,0.0596,0.0,0.0015,0.0,0.01758,0.0,0.0,0.99094,0.00362,0.0,0.0,0.0
CRR1090853,0,0.0,3.36747,0.25568,9.979640000000003,0.07107,0.26414,7.480239999999999,0.0,0.02693,22.808239999999998,1.93032,0.01772,0.04612,0.05829000000000001,0.0,0.55165,2.71198,0.14743,0.6626700000000001,0.016669999999999997,0.25957,0.08456,25.764960000000002,0.00398,0.00059,0.0,0.0,0.02231,0.0,0.0,0.0,0.0,0.0,0.0,0.01195,0.08357,0.0,4.33291,0.0,0.0,2.26789,0.0,0.17598,0.0,0.0,0.0,0.19764,0.050589999999999996,0.03376,0.16713,0.0,0.26166,0.01609,0.0,0.0,0.0,0.0,0.0,0.03609,2.42078,0.03591,0.0,0.34523,0.0,0.00031,0.0,0.0,0.0,0.00095,0.0,5.76209,7e-05,0.0,0.0,0.0,0.0,0.19008,0.0,0.01524,0.53355,0.0,0.0,0.0,0.0,0.0,0.0
CRR1090854,0,0.00292,11.40251,0.11394,13.74105,0.0,4.46761,16.475369999999998,0.22101,0.46279,13.542320000000005,0.94686,0.02007,0.07581,0.09732,0.00111,0.27766,11.38065,0.20007999999999998,0.11335,0.00098,1.26092,0.15498,8.19532,0.01994,0.12492,0.0,0.0,0.03787,0.0,0.0,0.00287,2.52018,0.32592,0.00012,0.02326,0.0205,0.0,0.0,0.0,0.02225,0.0443,0.07014000000000001,0.15399,0.0,0.0,0.0,0.01445,0.1088,0.00934,0.02716,0.053,0.30734,0.09429,0.01588,0.0,0.0,0.00766,0.0,0.2231,1.13061,0.0548,0.222,0.02084,0.0,0.0,0.0,0.0,0.00185,0.0,0.00283,7.47253,0.00129,0.0,0.0,0.0,0.0,0.0,0.0,0.0,0.0,0.0,0.0,0.0,0.0,0.0,0.0
CRR1090857,1,0.00225,3.50827,1.3942999999999999,48.135239999999996,0.0,0.8077,6.226400000000001,0.23414,6.94949,6.88874,3.3169399999999998,0.6936,0.0,0.0,0.02574,0.08305,0.0,0.01826,0.22368,3.28652,0.0,0.021339999999999998,0.34631,0.0,0.0,0.0,0.00354,0.00393,0.0,0.0,0.0,0.0,0.0,0.0,0.00122,4.59528,0.0,0.0,0.0,0.0,0.0,0.0,0.0,0.0,0.0,0.0,0.0,0.0,0.0,0.00139,0.0,0.00469,0.09097,0.0,0.0,0.0,0.0,0.0,0.0,8.28439,0.1803,0.0,2.16454,0.0,0.0,0.0,0.0,0.0,0.0,0.0,0.0,0.0,0.0,0.0,0.0,0.0,0.0,0.0,0.0,0.0,0.0,0.0,0.0,0.0,0.0,0.43354
CRR1090860,1,0.0,0.00569,0.16613999999999998,3.7554299999999996,2.30617,0.00222,1.1751,0.0,0.0066,10.62208,0.17549,0.0,0.0,0.00186,0.6731199999999999,0.01556,0.0,0.36678,0.79676,1.4672100000000001,0.0,0.0,15.78683,0.0,28.5607,0.0,0.0,0.06989000000000001,0.0,6.272679999999999,0.0,0.0,0.0,0.0,0.05742,0.18882,0.0,0.0,0.0,0.0,0.0,0.0,0.0,0.0,0.0,0.00941,0.0,0.0,0.0,0.0,0.0,2.24665,0.0,0.0,0.0,0.0,0.00069,0.0,0.0,0.0,0.15516,0.0,0.0,0.0,0.0,0.0,0.0,0.0,0.0,0.0,0.0,0.0,0.0,0.0,0.0,0.0,0.0,0.0,0.0,0.0,0.0,0.0,0.0,0.0,0.0,0.0
CRR1090861,1,0.0,1.05188,0.34736999999999996,3.4632300000000003,2.1329,3.12218,19.16977,0.07632,0.0,41.913239999999995,3.6133300000000004,0.0,0.013040000000000001,0.34291,1.8339100000000002,0.87339,4.28698,0.5549,1.31627,0.0192,0.47509,0.43427000000000004,4.70324,0.00529,0.8515699999999999,0.0,0.0,0.001,0.0,0.38564,0.0016,0.5554,0.0,0.0,0.01934,0.0,0.00073,0.0,1.38021,0.06301,0.0,0.01523,0.0,0.00037,0.00017,0.0,0.08503,0.00323,0.00473,0.07186,0.05087,0.0832,0.00585,0.07974,0.0,0.0,0.0,0.0,0.01576,0.13549,0.06563,0.00478,0.0,0.0,0.60509,0.0,0.0,0.0,0.0,0.0,0.62451,0.02807,0.03432,0.06671,0.0,0.0,0.0,0.0,0.0,0.0,0.0,0.0,0.0,0.0,0.0,0.0
CRR1090866,1,0.0,1.6500800000000002,7.79819,28.68063,1.02987,0.00714,16.403720000000003,0.52621,0.0,8.10917,0.35205000000000003,0.01937,0.00592,0.0,0.34382,0.81329,0.0,0.7660799999999999,0.14291,0.36826,0.03937,0.01654,3.5431500000000002,0.0,0.0,0.0,0.00638,0.0,0.0,0.0,0.0,0.03756,0.02854,0.0,0.0,1.8293700000000002,0.0,0.0,0.0,0.0,0.0,0.0,0.0,0.0,0.0,0.0,0.0,0.0,0.0,0.0,0.0,3.926,0.07713,0.0,0.0,0.0,0.0,0.0,0.0,0.0,0.17778,0.0,0.0,0.0,0.0,0.0,0.0,0.0,0.0022,0.0,0.35327,0.0,0.0,0.0,0.0,0.0,0.0,0.0,0.0,0.0,0.0,0.0,0.0,0.0,0.0,0.0
CRR1090867,1,0.0,1.15913,0.62414,13.38654,0.29049,1.23157,7.340330000000002,0.0,0.0,25.518169999999998,0.99007,1.06885,0.0,0.013349999999999999,0.0,0.12927,0.0,0.14937,0.73399,0.01732,0.16240000000000002,0.03455,2.77886,0.0001,0.0,0.0,0.00793,0.0,0.0,0.01901,0.0,0.0,31.87876,0.0,0.004549999999999999,0.08231,0.0,0.0,0.0,0.0,0.0,0.0,0.0,0.0,0.0,0.0,0.0,0.0,0.0,0.0,0.0,9.99627,0.0,0.0,0.0,0.0,0.004,0.0,0.0,0.00591,0.40524,0.0,1.08555,0.0,0.0,0.0,0.0,0.0,0.0,0.0,0.0,0.0,0.0,0.0,0.0,0.0,0.0,0.0,0.0,0.0,0.0,0.0,0.0,0.0,0.0,0.01614
CRR1090868,1,0.01662,5.33434,0.18388000000000002,4.5172799999999995,4.31941,3.0366300000000006,11.596639999999999,0.14194,0.02579,16.316819999999993,0.8311100000000001,0.04022,0.00164,0.11568,2.78274,0.44068,0.82935,0.06619,0.11460000000000001,0.22215000000000001,0.39880000000000004,0.2767,0.9667699999999999,0.00527,3.92311,0.0,0.0,0.00277,0.00685,0.0,0.0,0.00537,0.00387,0.0,0.030369999999999998,0.03312,0.0,1.18186,0.0,0.2159,0.1569,0.01246,0.00951,0.0,0.0319,0.02986,0.02718,0.0,0.0,0.0,0.00268,3.16804,0.0,0.01267,1.21826,0.0,0.0,0.0,0.00252,0.86527,0.04633,0.0,0.0,0.06461,1.40084,0.15831,0.0283,0.0,0.0,0.0,0.0,0.0,0.0,0.0,0.00752,0.03588,0.00158,0.00368,0.00098,0.0,0.15241,0.6267,0.00859,0.00404,0.00017,0.0
CRR1090874,0,0.0,0.39363,0.76281,20.27734,0.0,0.6273000000000001,27.6585,0.09257,0.18994,31.853049999999993,4.868399999999999,0.26322,0.0,0.05846,0.5250900000000001,1.3892099999999998,0.0,0.9565000000000001,1.0876599999999998,3.59255,0.01423,0.41431,0.00128,0.04162,1.46686,0.0,0.02361,0.22621999999999998,0.0,0.0,0.0,0.00012,0.0,0.0,0.64517,0.0,0.02447,0.0,0.0,0.0,0.0,1.13203,0.0,0.0,0.0,0.05067,0.0,0.0,0.0,0.00447,0.0,0.10862,0.22678,0.0,0.0,0.0,0.01706,0.0,0.0,0.0,0.42106,0.0,0.00076,0.0,0.0,0.0,0.00228,0.00297,0.0,0.00202,0.0,0.03871,0.0,0.0,0.0,0.0,0.0,0.0,0.0,0.0,0.0,0.0,0.0,0.0,0.0,0.0144
CRR1090877,1,0.01372,3.28336,0.69047,18.067580000000003,0.70128,2.5321699999999994,32.27259000000001,0.21294,0.25473,24.915279999999992,1.2697800000000001,0.00049,0.01685,0.04476,0.0097,0.21458999999999998,0.0,0.15273,0.6968,0.19912000000000002,11.62575,0.14825,0.8140700000000001,0.0,0.0,0.0,0.0,0.01093,0.0,0.0,0.0,0.0,0.0,0.00358,0.0071,0.56039,0.0,0.0,0.0,0.0,0.0,0.00214,0.0,0.0356,0.0,0.01209,0.0,0.0,0.00485,0.01609,0.00848,0.29245,0.01757,0.0,0.0,0.0,0.0055,0.01333,0.00663,0.0,0.07963,0.0,0.19257,0.0,0.0,0.0,0.0,0.00345,0.0,0.00139,0.32448,0.0,0.0,0.0,0.0,0.0,0.0,0.0,0.0,0.0,0.0,0.0,0.0,0.19211,0.0,0.0
CRR1090883,1,0.0,2.5736199999999996,0.44122999999999996,9.96242,0.86863,2.389,14.827039999999997,0.08147,2.01581,23.977220000000006,1.28798,0.14500000000000002,0.02658,0.021750000000000002,0.007189999999999999,0.26252,0.14067,0.21673000000000003,0.31294999999999995,5.24346,5.365270000000001,0.09333,0.28648999999999997,0.0,0.26715,0.0,0.0,0.0,0.012,0.0,0.0,0.12204999999999999,0.16235,0.0,0.0,0.0117,0.00801,4.9625900000000005,0.0,0.55828,0.32348,0.0,0.02213,0.05999,0.04728,0.0,0.10699,0.00449,0.0,0.00405,0.00265,0.02622,0.01766,0.06575,0.36902,0.14683,0.0,0.00057,0.0,2.89248,0.0,0.08509,0.0,0.45693,0.27574000000000004,0.06497,0.00511,0.00342,0.0,0.0,0.00175,0.0,0.00437,0.0,0.0288,0.02392,0.10773,0.0,0.00084,0.0,0.0,0.06688,0.00778,0.27061,0.0,0.0
CRR1090884,1,0.0,10.389679999999998,0.3038,7.19762,0.07375999999999999,1.9703199999999998,10.846909999999998,0.40019000000000005,0.17376,13.110570000000001,1.0623399999999998,0.05334,0.06558,0.38917,0.0,0.36856,10.56498,0.03276,0.50047,0.03222,2.8094,0.11564,4.18651,0.00358,0.0,0.0,0.0,0.01782,0.0138,0.0,0.0,0.0,0.08006,0.06028,0.0,0.01823,0.0,0.0,2.54711,0.0,0.64723,0.0,0.0,0.02681,0.0,0.0,0.01796,0.25991,0.09279,0.02731,0.00623,2.66245,0.0,0.03853,0.0,0.00386,0.0,0.01266,0.0,0.0,0.44698,0.02196,0.08085,0.12167,0.1339,0.0,0.0,0.01048,0.0,0.0,0.0,0.0,0.00367,0.36685,0.30224,0.0,0.0027,0.04862,0.0,0.00121,1.33997,0.0,0.04149,1.10382,0.0,0.0
CRR1090886,1,0.0,4.736579999999999,1.7051500000000002,23.12601,1.09496,2.77429,10.614359999999998,0.48468,0.0,27.73943,4.114280000000001,0.32022,0.0,0.052950000000000004,0.003,0.27476,2.85875,0.56759,0.30355,0.00813,3.1961999999999997,0.27086,0.0,0.00132,0.0,0.18336,0.0,0.02317,0.0,0.0,0.0,0.0132,0.0,0.0,0.03185,0.0,0.0,0.0,0.00414,0.0,0.0,0.0,0.0,0.0,0.0,0.0,0.0,0.0,0.0,0.1623,0.0,0.009170000000000001,0.00753,0.0,0.0,0.0,0.02094,0.0,0.0,2.06504,0.0,0.0,1.09127,0.0,0.0,0.0,0.0,0.0,0.0,0.00349,0.0,0.0,0.0,0.0,0.0,0.0,0.0,0.0,0.0,0.0,0.0,0.0,0.0,0.0,0.0,0.03705
CRR1090893,0,0.0,0.0,0.81983,8.64246,0.0,0.0,34.2008,0.0,0.0,26.742840000000005,0.88069,0.07503,0.0,0.16038,0.04437,0.43137,0.0,0.69353,1.9291100000000003,0.38821999999999995,0.0,0.9094,11.903749999999999,0.00407,0.0,0.0,0.0,0.1555,0.0,0.48432,0.0,0.0,0.0,0.0,0.08463000000000001,4.95867,0.00097,0.0,0.0,0.0,0.0,0.0,0.0,0.0,0.0,0.07658,0.0,0.0,0.0,0.0,0.0,2.07464,0.0,0.0,0.0,0.0,0.01758,0.0,0.0609,0.0,0.34917,0.0,0.22291,0.0,0.0,0.0,0.0,0.05333,0.0,0.00761,0.0,0.02943,0.0,0.0,0.0,0.0,0.0,0.0,0.0,0.0,0.0,0.0,0.0,0.0,0.0,0.7366
CRR1090899,0,0.0,0.0,0.09576,4.275869999999999,0.0,7.01536,5.3789299999999995,0.00031,0.06014,54.91912000000001,5.312880000000001,0.00633,0.00154,0.0,0.0,0.25973,0.0,1.3926999999999998,1.04688,0.34118,2.78813,0.11468,15.10814,0.00123,0.0,0.0,0.0,0.08181,0.0,0.0,0.0,0.0,0.0,0.0,0.02577,0.0,0.0,0.0,0.0,0.0,0.0,0.0,0.0,0.0,0.0,0.60129,0.0,0.0,0.0,0.0,0.0,0.38514,0.0,0.0,0.0,0.0,0.00492,0.0,0.0,0.0,0.53677,0.0,0.0,0.0,0.0,0.0,0.0,0.0,0.0,0.01634,0.0,0.02694,0.0,0.0,0.0,0.0,0.0,0.0,0.0,0.0,0.0,0.0,0.0,0.0,0.0,0.0
CRR1090906,0,2.76956,0.0,0.75482,21.5837,0.0,0.19629,19.48361,0.0,0.0,27.792199999999998,5.96729,0.0,0.0,0.17403000000000002,0.0,2.52717,6.99473,0.61289,0.91499,0.47914,0.02195,0.46917,1.31263,0.08789,0.0,0.0,0.06121,0.06774,0.0,0.0,0.0,0.0,0.0,0.0,0.12637,0.5148,0.0,0.0,0.0,0.0,0.0,0.0,0.0,0.0,0.0,0.0,0.0,0.0,0.0,0.0,0.0,4.83923,0.0,0.0,0.0,0.0,0.00752,0.0,0.0,0.0,0.00795,0.56544,0.0,0.0,0.0,0.0,0.0,0.0,0.00132,0.01016,0.0,0.0,0.0,0.0,0.0,0.0,0.0,0.0,0.0,0.0,0.0,0.0,0.0,0.0,0.00516,0.24441
CRR1090907,0,0.02006,3.3296399999999995,2.6843399999999997,13.66607,1.90852,0.55788,14.14138,0.5123,5.76752,30.76096,2.02621,0.04606,0.08798,0.17848,0.0,4.30078,3.06309,0.11232000000000002,1.13185,0.09921,1.77291,0.04034,3.5095799999999997,0.00219,1.02086,0.0,0.02172,0.03975,0.0,0.0,0.0,0.0,0.0,0.0,0.02299,0.0,0.0,0.0,0.0,0.0,0.49168,0.0,0.0,0.0,0.0,0.00497,0.0,0.0,0.0,0.26475,0.0,0.0008,0.02961,0.0,0.0,0.0,0.01512,0.12327,0.0,0.0,0.09473,0.0,0.14717,0.0,0.0,0.0,0.0,0.00093,0.0,0.00743,2.90448,0.0,0.0,0.0,0.0,0.0,0.0,0.0,0.0,0.0,0.0,0.0,0.0,0.0,0.0,0.0
CRR1090909,1,0.0,6.15804,0.80172,8.821429999999998,0.0,0.09292,19.957729999999994,0.35333,3.46838,28.437489999999993,3.1097899999999994,0.00069,0.01999,0.65825,1.01563,0.34163000000000004,0.0,0.22437,1.09999,0.8913,0.9778,0.12253,0.03479,0.02636,0.0,0.0,0.0,0.08239,0.0,0.0,0.0,1.6007,0.0,0.0,0.03669,0.0,0.018930000000000002,0.0,0.0,0.0,0.0,0.0,0.0,0.0,0.0,0.0,0.0,0.2811,0.0,1.27871,0.0,0.13232000000000002,0.09899,0.0,0.0,0.0,0.0,0.0,0.0,13.45451,0.4002,0.0,0.0,0.0,0.0,0.0,0.0,0.0,0.00616,0.00075,0.0,0.0,0.0,0.0,0.0,0.0,0.0,0.0,0.0,0.0,0.0,0.0,0.0,0.0,0.0,0.0549
CRR1090916,1,0.0,3.92435,0.6351100000000001,24.792930000000002,0.40446,9.60356,21.45762,0.39893,0.10182,17.389429999999997,1.6347299999999998,0.02761,0.07692,0.06979,1.45487,0.8966000000000001,0.0,1.12146,0.24826,0.18039,1.0961,0.0,10.58232,0.00262,0.0,0.0,0.0,0.01048,0.0,0.0,0.0,0.0,0.0,0.0,0.0,0.06265,0.0,0.0,2.10499,0.0,0.0,0.0,0.0,0.02063,0.0,0.05047,0.0062,0.0,0.0,0.01949,0.01199,0.58233,0.00347,0.0,0.0,0.0,0.00222,0.0,0.0,0.0,0.12406,0.0,0.0,0.0,0.12898,0.60224,0.0,0.0,0.0,0.0,0.0,0.00144,0.0,0.0,0.0,0.0,0.0,0.0,0.0,0.0,0.0,0.0,0.0,0.0,0.0,0.0
CRR1090917,0,0.0,0.7486200000000001,0.31901,37.80435,0.0,0.24306,17.11836,0.0,1.89365,13.544600000000003,1.6955500000000001,0.17027,0.00315,0.01979,0.0,2.14885,0.0,0.16679,0.85954,0.30721,1.29745,0.22244,3.94459,0.0,0.0,0.0,0.00066,0.0,0.0,0.0,0.0,0.0,0.0,0.0,0.01259,1.48275,0.0,0.0,14.58414,0.0,0.0,0.0,0.0,0.0,0.0,0.0,0.0,0.0,0.0,0.0,0.0,0.0,0.0,0.0,0.0,0.0,0.0058,0.0,0.00291,0.0,0.09633,0.0,0.0,0.0,0.0,0.0,0.0,0.0,0.0,0.0,0.0,0.0,0.0,0.0,0.0,0.0,0.0,0.0,0.0,0.0,0.0,0.0,0.0,0.0,0.0,0.21688
CRR1090918,1,0.0,4.90438,4.4773700000000005,16.52062,1.33579,1.4271999999999998,6.800200000000001,0.13871,0.0,16.382379999999998,3.9796199999999993,0.57285,0.04445,0.00039,0.0,0.14549,0.0,0.4191000000000001,0.33548,1.71936,3.6674700000000002,1.13706,2.2498199999999997,0.01541,4.89204,0.0,0.0,0.017570000000000002,0.0,0.0,0.0,0.6113,0.14649,0.0,0.14753,0.35014,0.0,0.0,0.0,0.0,0.0,0.1063,0.0,0.0,0.0,0.0,0.0,0.00064,0.01422,0.06014,0.0,0.54155,0.02948,0.0,0.0,0.0,0.0027,0.0,0.0,0.0,0.26416,0.0,0.0309,0.0,0.20254,0.0,0.0,0.0,0.0,0.0,17.4933,0.0,0.0,0.0,0.0,0.0,0.0,0.0,0.0,0.0,0.0,0.0,0.0,0.0,0.0,0.0
CRR1090919,1,0.00961,11.312200000000002,0.2666,14.467089999999999,1.50613,3.46566,15.945019999999998,0.4673,0.03434,13.56853,1.7580599999999997,1.96595,0.00843,0.030090000000000002,0.7386699999999999,0.31862000000000007,3.28823,0.7701999999999999,0.028679999999999997,0.51405,2.48137,0.85335,10.280220000000002,0.00204,0.0,0.0,0.0,0.00278,0.00201,0.0,0.0,1.10828,0.0,0.00036,0.02888,0.21504,0.0,1.22089,0.0,0.10918,0.0,0.11413000000000001,0.0,0.05566,0.0,0.0,0.01175,0.0,0.0,0.0,0.0,4.56553,0.00733,0.0,0.0,0.00121,0.00332,0.0,0.00038,0.0,0.12935,0.0033,0.23445,0.10653,1.37016,0.0,0.0,0.0,0.0,0.0,0.04603,0.00611,0.0,0.0,0.0,0.0,0.0,0.01491,0.0,0.0,0.10384,0.02598,0.0,0.07976,0.00048,0.0
CRR1090920,1,0.0,10.00459,3.88583,26.22906,0.0,0.2634,12.68121,0.14812,0.0,8.19258,1.3105000000000002,0.61082,0.0,0.02264,0.06587,0.10018,10.40129,0.9257399999999998,0.13953,0.49736,0.1875,0.15861,4.63792,0.01457,0.0,0.0,0.02085,0.05541,0.0,0.00059,0.0,6.7697,0.0,0.0,0.02195,0.0,0.00672,0.0,0.0,0.0,0.0,0.0,0.0,0.0,0.0,0.0,0.0,0.0,0.0,0.0,0.0,7.296989999999999,0.04484,0.0,0.0,0.0,0.00179,0.59241,0.51024,0.0,0.59866,0.0,0.10875,0.0,0.0,0.0,0.00668,0.03334,0.0,0.0,0.0,0.00588,0.0,0.0,0.0,0.0,0.0,0.0,0.0,0.0,0.0,0.0,0.0,0.0,0.0,0.0
CRR1090921,1,0.0,7.731769999999999,1.23316,9.135359999999999,0.0,0.82889,9.754650000000002,0.53992,0.0,12.425590000000003,0.56033,0.5821000000000001,0.00421,0.062130000000000005,0.08416000000000001,0.64464,1.00541,0.6301700000000001,0.21567,0.4243,3.1135800000000002,0.03691,1.0251000000000001,0.0,0.15752,0.0,0.0,0.00016,0.01446,0.0,0.01512,2.7892900000000003,0.0,0.0,0.0,0.09663999999999999,0.0,1.9363700000000001,0.0,0.52472,0.92766,0.0,0.0,0.0,0.02072,0.0,0.0269,0.16465,0.00738,0.00559,0.00025,0.50574,0.00426,0.02624,0.26799,0.00055,0.0,0.00158,0.0,0.92999,0.10835,0.01459,0.2708,0.54506,0.26538,0.64823,0.0,0.00064,0.0,0.00838,0.59284,0.00124,0.00797,0.3223,0.0016,0.01659,0.0,0.00152,0.00031,0.10062,0.26633,0.21199,0.00845,0.0,0.0,0.0
CRR1090922,1,0.0,0.33985,1.06012,58.52478,0.0,0.55365,10.872430000000001,2.18835,0.0,18.29418,1.78183,0.0,0.0,0.00097,0.0,0.0,0.0119,0.18606,1.87724,1.65635,1.17252,0.0,0.0,0.0,0.0,0.0,0.06724,0.01028,0.0,0.00987,0.0,0.0,0.0,0.0,0.00312,0.0,0.0,0.0,0.0,0.0,0.0,0.0,0.0,0.0,0.0,0.0,0.0,0.0,0.0,0.0,0.0,0.40547000000000005,0.0,0.0,0.0,0.0,0.00257,0.0,0.0,0.03471,0.0018,0.0,0.0,0.0,0.0,0.0,0.0,0.0,0.0,0.0,0.0,0.00117,0.0,0.0,0.0,0.0,0.0,0.0,0.0,0.0,0.0,0.0,0.0,0.0,0.0,0.0
CRR1090928,1,0.0,5.4207,1.8098699999999999,23.94329,0.56421,0.58882,14.81087,0.2688,1.51572,7.752229999999998,1.0425099999999998,0.09154,0.01755,0.11299000000000001,0.0,0.7639,0.33293,0.02028,0.40882,5.28101,1.0777700000000001,0.10637,0.60434,0.00109,0.0,0.05109,0.0,0.03994,0.0,0.0,0.04806,1.87141,0.0,0.0,0.01299,0.14816000000000001,0.0,0.70417,1.26139,0.00381,1.15912,0.03271,0.12142,0.27016,0.08292,0.0,0.01777,0.06774,0.0,0.0,0.00253,0.0,0.09263,0.04111,0.0,0.0,0.0,0.01239,0.05472,6.27514,0.0,0.07054,0.0,2.84337,1.55663,0.0,0.0,0.00381,0.0,0.0,2.69734,0.00086,0.02908,0.0,0.16038,0.01796,0.0,0.0,0.00902,0.0,0.0,0.0,0.0,0.71207,0.0,0.0
CRR1090932,0,0.0,0.0,0.0,13.12438,0.0,0.0,0.29239,0.0,0.0,3.44737,0.02154,0.0,0.0,0.03304,0.15287,0.0,0.0,0.40928,4.0656099999999995,19.06801,0.0,0.7646,25.471870000000003,0.0024,0.0,0.0,0.0,0.12813,0.0,3.98814,0.0,0.0,0.0,0.0,0.1692,0.33593,0.00046,0.0,0.0,0.0,0.0,0.0,0.0,0.0,0.0,0.0,0.0,0.0,0.0,0.0,0.0,18.16631,0.0,0.0,0.0,0.0,0.02243,0.0,0.0,0.0,0.0,0.0,0.0,0.0,0.0,0.0,0.0,0.0,0.02115,0.00815,0.0,0.0,0.0,0.0,0.0,0.0,0.0,0.0,0.0,0.0,0.0,0.0,0.0,0.0,0.0,0.0
CRR1090935,1,0.0,5.53968,0.7885500000000001,2.6345300000000007,5.37471,0.8444400000000001,11.23092,0.29397000000000006,1.27027,28.161109999999994,1.61826,0.01533,0.02119,0.26094,0.01239,2.7324,0.28123,0.43888000000000005,2.26069,0.01284,0.80542,1.09677,1.5478399999999999,0.01186,1.1729,0.06527,0.0,0.01602,0.01744,0.0,0.0,0.36199000000000003,0.07601,0.0,0.07207000000000001,0.13072,0.00106,8.89841,0.0,0.0753,0.68984,0.38395,0.0,0.0,0.00903,0.01326,0.16555999999999998,0.02465,0.0,0.0,0.00258,0.14525,0.01143,0.02535,0.35076,0.00035,0.00022,0.0,0.0,0.9351,0.0,0.0,0.04993,0.3439,0.80699,1.4538,0.00791,9e-05,0.00065,0.00775,0.02664,0.0,0.00662,0.0,0.0,0.06284,0.73609,0.03659,0.0,1.40528,0.09101,0.0,0.0,0.0,0.00322,0.0
CRR1090936,1,0.03305,12.831189999999998,2.6465899999999998,6.37027,1.08694,0.5851999999999999,9.228930000000004,0.8458300000000001,0.03512,14.442859999999994,0.44158,0.72048,0.3,0.29090000000000005,0.39914000000000005,0.44195999999999996,0.55361,0.6610600000000002,1.19522,0.28709999999999997,0.26723,0.19041,24.90793,0.0,1.2843499999999999,0.0,0.11387,0.00065,0.0,0.02368,0.0,1.62482,0.0,0.0,0.01183,0.02271,0.0,0.0,0.0,0.0,0.0,0.08004,0.0,0.0,0.0,0.00291,0.0,0.0,0.08432,0.01565,0.00389,5.57543,0.00222,0.07472,5.60452,0.0,0.0,0.43695,0.0,0.82792,0.06817,0.0,0.0,0.0,0.0,0.10314,0.00337,0.0028799999999999997,0.0,0.0,0.0,0.0,0.00018,0.0,0.0,0.0,0.0,0.0,0.0,0.0,0.0,0.0,0.0,0.0,0.0,0.0
CRR1090939,1,0.0,0.0,1.00932,3.8299700000000003,0.01572,2.36539,11.94449,0.0,1.29896,46.69257,0.71993,0.01852,0.00196,0.00857,0.0,0.00262,0.39675,0.13943,8.274090000000001,0.02008,1.53696,0.9558000000000001,6.34708,0.03517,4.68806,0.13482,0.0,0.048459999999999996,0.0,0.03814,0.0,0.0,0.0,0.0,0.05753,0.0,0.0,0.0,0.0,0.0,0.0,0.0,0.0,0.0,0.0,0.03636,0.0,0.0,0.0,0.0,0.0,0.8066599999999999,0.0,0.0,0.0,0.0,0.02705,0.0,0.0,0.0,0.0,0.0,0.04976,0.0,0.0,0.0,0.0,0.0,0.0,0.06594,0.0,0.00911,0.0,0.0,0.0,0.0,0.0,0.0,0.0,0.0,0.0,0.0,0.0,0.0,0.01904,0.0
CRR1090940,1,0.0,7.0497000000000005,0.77751,4.40629,0.45309,1.3535300000000001,10.457230000000001,0.57692,0.0,23.41464,0.32561000000000007,0.04631,0.04601,0.09259,0.0,0.09681999999999999,0.9749,1.42368,0.29353,0.01672,4.566520000000001,0.35057,5.47267,0.00173,4.34738,0.0,0.0,0.02756,0.00635,0.01146,0.032,0.56018,0.0,0.00052,0.01813,0.020390000000000002,0.0,4.63044,0.0,0.09589,0.7304700000000001,0.00293,0.0,0.0,0.0,0.02022,0.00686,0.0,0.02986,0.00175,0.0,0.0,0.0039,0.04929,0.9034,0.0,0.0,0.0,0.0,0.0,0.16876,0.0,0.0,0.0,0.28042,0.0,0.0,0.0,0.0,0.00605,0.0,0.01383,0.0,0.15461,0.00407,0.0,0.0,0.0,0.0,0.0,0.0,0.05973,0.0567,0.0,0.01469,0.0
CRR1090941,0,0.0,0.0,0.39718,9.45268,0.0,11.84274,8.1361,0.0,0.10216,4.4676,0.0,1.06908,0.0,0.0034,0.17947,0.0,0.0,0.7479100000000001,9.55553,11.38817,2.45122,0.0,37.21639,0.0393,0.0,0.0,0.00558,0.12269,0.0,0.00649,0.0,0.0,0.0,0.0,0.07776,0.1542,0.00274,0.0,0.0,0.0,0.0,0.0,0.0,0.0,0.0,0.0,0.10127,0.0,0.0,0.00429,0.0,0.00046,0.0,0.0,0.0,0.0,0.03582,0.0,0.0,0.0,0.09811,0.0,0.0,0.0,0.0,0.0,0.0,0.067,0.09151,0.027389999999999998,0.0,0.0,0.0,0.0,0.0,0.0,0.0,0.0,0.0,0.0,0.0,0.0,0.0,0.0,0.0,0.0
CRR1090944,0,0.0,10.15643,0.3167,16.40428,0.0,5.562079999999999,17.290760000000002,0.0,0.00592,24.948670000000003,2.99048,0.01326,0.00197,0.00576,0.0,0.56618,0.36536,1.29919,0.2316,0.0,9.457559999999999,0.01344,0.33635000000000004,0.00186,0.0,0.04353,0.0,0.01086,0.0,0.0,0.0,1.72273,0.0,0.0,0.01053,0.09077,0.0,0.24356,0.0,0.0,0.10543,0.00227,0.0,0.00613,0.0,0.28344,0.02523,0.0,0.0,0.0,0.0,0.30733,0.0,0.0,0.0,0.0,0.00074,0.0,0.0,0.77209,0.0,0.0,0.0,0.0,0.0,0.0,0.0,0.0,0.0,0.0,0.0,0.00167,0.00257,0.0,0.0,0.0,0.0,0.0,0.0,0.0,0.0,0.0,0.0,0.0,0.0,0.0
CRR1090946,1,0.010960000000000001,4.860639999999999,1.2708400000000002,18.779669999999996,3.0865,1.12948,9.57239,0.26048,0.0719,18.88674,0.76544,0.54269,0.09135,0.17246,0.042089999999999995,0.9862599999999999,5.58594,0.17077,0.10217999999999999,7.43111,2.50992,0.18458000000000002,1.8452,0.01862,0.0,0.0,0.01467,0.01396,0.0,0.0,0.0,1.53248,0.0,0.00083,0.00985,0.09918,0.0,0.0,2.06424,0.1268,0.0815,0.00798,0.00153,0.07416,0.0,0.0,0.03035,0.048420000000000005,0.0045,0.01156,0.0001,0.88923,0.00893,0.0,0.37391,0.0,0.0,0.0,0.0,0.15231,0.07174,0.03646,0.07403,0.78197,0.8655400000000001,0.0,0.01679,0.0,0.00303,0.00272,1.75531,0.0,0.0,0.22112,0.06923,0.02989,0.0,0.00529,0.0,0.0,0.0,0.05336,0.00543,0.0,0.00012,0.0
CRR1090947,1,0.00424,0.92189,0.56365,20.640040000000003,2.3344,0.3404400000000001,12.08257,0.02756,0.24656,25.735830000000004,0.15678999999999998,0.22039,0.02954,0.34252999999999995,0.051719999999999995,0.52415,3.68057,0.15183000000000002,3.7884799999999994,0.0967,0.29461,0.23624,19.15914,0.04281,0.0,0.0,0.0,0.10032,0.0,0.0,0.0,0.0,0.0,0.0,0.04838,0.7886599999999999,0.00254,0.0,0.0,0.0,0.0,0.00524,0.0,0.0,0.0,0.0,0.0,0.01239,0.01417,0.01782,0.0,0.07496,0.00093,0.0,0.0,0.0,0.0,0.10576,0.0,0.53335,0.0553,0.0,0.04858,0.0,0.0,0.0,0.0083,0.0,0.00355,0.03018,3.41883,0.0,0.0,0.0,0.0,0.0,0.0,0.0,0.0,0.0,0.0,0.0,0.0,0.0,0.00658,0.0
CRR1090949,1,0.0,0.0,0.4437,12.42472,0.00295,0.54359,7.930649999999998,0.17396,0.0,8.92361,0.55071,0.05444,0.02503,0.0,0.0,0.5690000000000001,0.0,0.01299,0.8068499999999998,0.57523,0.23249999999999998,0.11141,15.21158,0.04562,0.0,0.0,0.0,0.06318,0.0,0.10840999999999999,0.0,0.0,0.0,0.0,0.0,0.19045,0.0,0.0,0.0,0.0,0.0,0.0,0.0,0.0,0.0,0.0,0.0,0.02092,0.0,0.10599,0.0,0.0,0.00129,0.0,0.0,0.0,0.0,0.0,0.0,49.46979,0.12821,0.0,0.0,0.0,0.0,0.0,0.0,0.0,0.0,0.00284,0.0,0.0,0.0,0.0,0.0,0.0,0.0,0.0,0.0,0.0,0.0,0.0,0.0,0.0,0.0,0.0
CRR1090950,1,0.0,9.9622,0.67974,7.79119,2.20799,2.0268,22.24766,1.8448799999999999,0.0,16.487870000000004,0.37432,0.02709,0.03965,0.9910499999999999,0.00722,0.21758999999999998,0.07049,0.43167,0.29938000000000003,2.4015299999999997,0.31906999999999996,1.21008,0.24279,0.11628,1.42273,0.0,0.0,0.00087,0.0,0.05367,0.0,0.0,0.0,0.0,0.01,0.19567,0.0,0.0,1.97538,0.0,0.0,0.0,0.0305,0.0,0.0,0.0,0.0,0.08012,0.0,0.0232,0.00193,0.007000000000000001,0.0,0.0,0.97359,0.0,0.00254,0.0,0.01409,0.0,0.08432,0.0,0.0,0.0,0.14772,0.0,0.00704,0.0,0.00125,0.01494,4.51374,0.01266,0.0,0.0,0.0,0.0,0.0,0.0,0.0,0.0,0.0,0.02778,0.0,0.0,0.0,0.0
CRR1090956,1,0.00352,0.39259999999999995,0.32418,1.103,0.09934,0.14634,6.8239800000000015,0.18831000000000003,0.0288,12.59366,0.61873,0.112,0.0,0.00351,3.0591100000000004,0.0151,0.06696,2.21228,0.022,10.95238,0.8149,0.00098,0.01217,0.0,6.94037,0.0,0.0,0.0,0.0,0.00402,0.0,0.00575,0.0,0.0,0.0,0.8953099999999999,0.0,0.0,0.0,0.02263,0.40836,0.0,0.0,0.03505,0.01008,0.01616,0.00564,0.0,0.0,0.0,0.0,2.69829,0.01782,0.0027,0.0,0.0,0.00684,0.0,0.0,0.0,0.0,0.0,0.0,0.0595,0.08788,0.0,0.0,0.0,0.0,0.00689,1.21969,0.01074,0.00385,0.0,0.0,0.0,0.02779,0.0,0.0,0.0,0.0,0.0,0.0,0.00956,0.0,0.0
CRR1090958,1,0.0,1.0276,1.3300199999999998,18.15734,0.00597,0.39195,4.66673,0.13637,0.02339,8.70848,1.7920900000000002,0.02744,0.00083,0.09785999999999999,0.06430999999999999,0.53911,0.97074,0.09512,1.2461599999999997,7.037170000000001,2.23549,1.49252,0.37656,0.00369,0.0,0.0,0.00164,0.01197,0.0,0.52653,0.00374,1.95709,0.0,0.0,0.04995,0.01326,0.0,1.15795,0.0,0.01444,0.02743,0.17527,0.00819,0.0,0.0,0.00293,0.02166,0.0007,0.0,0.00036,0.00178,0.33905,0.00164,0.01313,0.03114,0.0,0.0,0.0,0.00398,0.0,0.03294,0.4512,0.0,0.01911,3.5271,0.41285,0.0,0.0,0.0,0.00058,12.12662,0.0,0.00337,0.0,0.0,0.03588,0.02054,0.11635,0.0,0.04447,0.0,0.06063,0.0,0.0,0.00283,0.0
CRR1090960,0,0.0,2.72005,0.72588,7.48776,0.10518,0.89448,14.646809999999995,0.29497,0.60318,15.654940000000002,0.5505700000000001,0.04881,0.03625,0.80733,0.00956,13.03024,0.0,0.6194500000000001,1.49094,0.28258999999999995,0.12503999999999998,0.021800000000000003,37.37101,0.0,0.0,0.0,0.0,0.03022,0.0,0.01192,0.0,0.0,0.0,0.0,0.00067,0.09487,0.0,0.0,0.0,0.0,0.0,0.01743,0.0,0.01089,0.0,0.01327,0.0,0.04773,0.04899,0.31387,0.0,0.01671,0.05923,0.03864,0.0,0.0,0.03204,0.0,0.0,0.0,0.04972,0.0,0.0,0.0,0.0,0.0,0.0,0.01435,0.0,0.00997,0.0,0.034,0.0,0.0032,0.0,0.0,0.0,0.0,0.0,0.0,0.0,0.0,0.0,0.0,0.0,0.01505
CRR1090967,0,0.0,0.0,1.1493200000000001,14.214390000000002,1.76024,0.04897,4.6164499999999995,0.0,8.42258,35.53902999999999,3.07693,0.10406,0.0,0.00894,0.0,0.03572,0.0,3.6762199999999994,1.49868,11.14861,0.26562,0.0584,7.14742,0.02262,0.5657,0.0,0.0,0.17223,0.0,0.02941,0.0,0.0,0.0,0.0,0.03729,0.70856,0.00527,0.0,0.0,0.0,0.0,0.0,0.0,0.0,0.0,0.0,0.0,0.0,0.0,0.0,0.0,1.64085,0.0,0.0,0.0,0.0,0.04873,0.0,0.0,0.0,0.057,0.0,0.0,0.0,0.0,0.0,0.0,0.0,0.01985,0.02175,0.0,0.03251,0.0,0.0,0.0,0.0,0.0,0.0,0.0,0.0,0.0,0.0,0.0,0.0,0.02028,0.0
CRR1090968,1,0.0,6.20922,1.48442,10.392000000000001,0.1987,2.98872,14.827159999999997,0.54082,1.81444,19.66691,2.6424,0.44766,0.0,0.01916,0.41028000000000003,0.58636,0.99441,0.6903199999999999,0.02098,22.573990000000002,0.37850000000000006,0.01316,0.01593,0.00095,4.15849,0.05028,0.0,0.01234,0.0,0.04339,0.0,0.42468,0.0,0.0,0.0,0.06672,0.0,0.00211,0.62076,0.0,0.0,0.0,0.0,0.0,0.0,0.0,0.00952,0.02057,0.0,0.0,0.04425,0.32748,0.00581,0.0062,0.0,0.0,0.0077399999999999995,0.0,0.0,0.0,0.0,0.0,0.0,0.00524,0.23114,2.49883,0.0,0.0,0.0,0.00128,0.0,0.00079,0.0,0.0,0.0,0.0,0.0,0.0,0.0,0.0,0.0,0.0,0.00874,0.01503,0.0,0.0
