sample_id,label,g__Pyramidobacter,g__Alistipes,g__Parabacteroides,g__Phocaeicola,g__Collinsella,g__Bacteroides,g__Gemmiger,g__Oscillospiraceae_unclassified,g__Odoribacter,g__Phascolarctobacterium,g__Vescimonas,g__Ruthenibacterium,g__GGB9715,g__Ruminococcus,g__Blautia,g__Evtepia,g__Anaerobutyricum,g__Butyricimonas,g__Faecalibacterium,g__Hungatella,g__Desulfovibrio,g__Mediterraneibacter,g__Christensenella,g__GGB9760,g__Lentihominibacter,g__Clostridium,g__Ligilactobacillus,g__Eggerthella,g__Dorea,g__Anaerotruncus,g__Raoultibacter,g__Candidatus_Cibionibacter,g__Streptococcus,g__Erysipelatoclostridium,g__GGB3433,g__Bilophila,g__Coprococcus,g__Escherichia,g__Eubacteriaceae_unclassified,g__GGB3653,g__Wujia,g__Romboutsia,g__GGB3345,g__Limosilactobacillus,g__Agathobaculum,g__Bifidobacterium,g__Roseburia,g__Intestinimonas,g__Candidatus_Nanosynsacchari,g__Segatella,g__GGB41458,g__Lachnoclostridium,g__Lachnospiraceae_unclassified,g__Faecalibacillus,g__Anaerofustis,g__Faecalicatena,g__Lachnospira,g__Eubacterium,g__Coprobacillus,g__Candidatus_Saccharibacteria_unclassified,g__Anaerostipes,g__Fusicatenibacter,g__GGB2998,g__GGB12798,g__Enterococcus,g__Provencibacterium,g__Lactobacillus,g__Holdemania,g__GGB3061,g__Coprobacter,g__Oscillibacter,g__Dysosmobacter,g__Simiaoa,g__Enterocloster,g__Emergencia,g__Brotolimicola,g__Intestinibacter,g__Parascardovia,g__Megamonas,g__Fumia,g__GGB2848,g__Wansuia,g__GGB3632,g__Flavonifractor,g__Actinomyces,g__Clostridiaceae_unclassified,g__Parasutterella,g__GGB4456,g__Lancefieldella,g__Neobittarella,g__Schaalia,g__Mogibacterium,g__GGB4683,g__GGB3256,g__GGB9342,g__Gordonibacter,g__Paraprevotella,g__GGB9699,g__GGB4578,g__GGB9634,g__GGB9730,g__Turicibacter,g__Sutterella,g__Klebsiella,g__GGB9365,g__Oliverpabstia,g__Anaerotignum,g__GGB51441,g__GGB9770,g__Anaeromassilibacillus,g__GGB2982,g__GGB9707,g__Eubacteriales_unclassified,g__Tyzzerella,g__Massilioclostridium,g__Hydrogeniiclostridium,g__GGB9614,g__GGB9524,g__Haemophilus,g__Lacrimispora,g__GGB9561,g__Pseudoflavonifractor,g__GGB33586,g__GGB35068,g__Jingyaoa,g__GGB2653,g__Clostridia_unclassified,g__GGB52130,g__Veillonella,g__Lawsonibacter,g__Bacteria_unclassified,g__GGB9616,g__GGB4552,g__GGB9501,g__Enterobacter,g__GGB3444,g__Anaerofilum,g__GGB3304,g__Massiliimalia,g__Lactonifactor,g__GGB9646,g__GGB36267,g__Granulicatella,g__GGB3005,g__GGB9719,g__Lachnotalea,g__GGB3619,g__Akkermansia,g__GGB3109,g__GGB9512,g__Barnesiella,g__GGB3363,g__Megasphaera,g__Jutongia,g__GGB9747,g__GGB9559,g__Hydrogenoanaerobacterium,g__Phocea,g__GGB9766,g__GGB9359,g__Actinobaculum,g__Propionibacterium,g__GGB33469,g__Zhenpiania,g__GGB58233,g__GGB9531,g__Dialister,g__Faecalimonas,g__GGB9759,g__GGB3740,g__Lactococcus,g__Amedibacillus,g__GGB12785,g__Gemella,g__GGB3278,g__GGB4684,g__Adlercreutzia,g__GGB9635,g__GGB9758,g__GGB9708,g__Mesosutterella,g__Allisonella,g__GGB51647,g__Rothia,g__GGB13493,g__GGB9627,g__GGB13404,g__GGB51959,g__GGB9595,g__GGB9813,g__GGB9593,g__Senegalimassilia,g__GGB9602,g__Oxalobacter,g__GGB9597,g__Eisenbergiella,g__GGB3321,g__GGB9790,g__GGB3612,g__GGB9502,g__Citrobacter,g__GGB9534,g__GGB2980,g__GGB9444,g__Dielma,g__Eubacteriales_Family_XIII_Incertae_Sedis_unclassified,g__Negativibacillus,g__GGB9590,g__Peptostreptococcus,g__Bittarella,g__GGB3537,g__GGB45613,g__Cuneatibacter,g__GGB9781,g__GGB4585,g__GGB4605,g__GGB3277,g__Sellimonas,g__GGB3175,g__Longicatena,g__GGB9302,g__Weissella,g__GGB9345,g__Cloacibacillus,g__GGB51884,g__GGB3818,g__GGB36331,g__GGB9712,g__Scardovia,g__Leuconostoc,g__Corynebacterium,g__GGB3550,g__Holdemanella,g__Massilimicrobiota,g__Fusobacterium,g__Butyricicoccus
CRR1012336,1,0.0,5.59229,1.31285,7.10581,0.02259,10.932450000000001,0.43235,1.38654,0.61944,0.11784,0.03754,0.0742,0.49642000000000003,1.40088,1.29889,0.05469,0.04092,0.06594,4.524520000000001,0.00286,0.40127,0.39978,0.0064,0.0,0.02355,0.98851,0.00293,0.0,0.19249,0.01105,0.01339,0.56501,0.10869999999999999,0.0,0.0,0.07308,0.35756,3.71453,0.0,0.44824,1.34145,0.01963,0.02783,0.0,0.23211,0.68367,2.9063100000000004,0.022949999999999998,0.0049,0.0,0.09341,0.00502,16.15522,0.12418,0.00034,0.26489,0.40619000000000005,2.26707,0.0,0.00557,0.1329,0.13126,0.01158,0.0,0.0,0.0,0.0,0.01167,0.0,0.0,1.8896,0.05077,0.00049,0.08648,0.0,0.30117,0.00249,0.0,0.0,0.0,0.00046,0.00568,0.0,0.01307,0.01043,0.9082999999999999,0.01488,0.0,0.0,0.0,0.0,0.00128,1.35153,0.40243,0.24074,0.00609,1.16076,0.00107,0.3067,0.0,0.2191,0.0,0.0,0.71196,0.00131,0.0,0.08981,0.00712,0.0,0.02009,0.0751,0.10877,0.0259,0.0,0.0,0.0,0.00148,0.0,0.0,0.0187,0.02203,0.00068,0.0,0.0,0.0,0.00767,0.02553,0.01376,0.0864,0.05491,0.00869,0.0,0.0,0.0,0.05712,0.02131,0.00032,0.0,0.0,0.0,0.00212,0.01615,0.0,0.00031,0.0,0.0,0.0,0.0,0.0,0.0,0.95234,0.0,0.0,0.03902,0.0,0.0,0.00998,0.00152,0.04224,0.07264,0.0,0.0,0.0,0.0173,0.0,0.0,0.90564,0.0,0.0,0.0,0.0,0.0,0.0,0.0,0.0,0.0,0.02182,0.0,4.36806,0.0,0.0,0.0,0.0,0.0,0.0,0.11016,0.01978,0.0,0.0,0.0,1.18899,0.02122,0.37193,0.0,0.0,0.01786,0.00972,0.0,1.25961,0.03752,0.0,0.05163,0.00446,0.0,0.0007,0.0,0.0,0.02562,0.0,0.0,0.0,0.0,0.0,0.00031,0.92481,0.67671,0.0,0.0,1.91515,0.01197,0.00981,0.00643,0.0,0.0,0.0,0.0,0.0,0.0,0.0,0.0,0.0,0.0,0.0,0.0,0.0,0.0
CRR1012349,0,0.0,2.33526,0.18818000000000001,2.8207,0.0052,2.86306,3.07071,8.36814,0.05374,0.0,0.02279,0.6593,4.79154,4.271240000000001,4.488709999999999,0.74084,2.7308499999999998,0.01931,2.7107799999999997,0.0,0.0,0.9534800000000001,0.10192999999999999,0.30327,0.15342,6.0336500000000015,0.0,0.51002,0.90789,0.01178,0.16831,0.90197,0.39296,0.01127,0.08698,0.01924,0.232,0.01765,0.10383,2.52596,0.0,0.13503,0.0,0.0,0.36127,0.0,2.63467,0.15299,0.00302,0.0,0.0,0.021519999999999997,1.65223,0.20988,0.0026,0.52969,2.6353,0.19079,0.0,0.03915,1.82691,0.7426999999999999,0.0,0.00217,0.00642,0.0,0.0,0.049240000000000006,0.0,0.22948,1.09448,0.06468,2.97859,0.12433999999999999,0.03433,0.34316,0.12761,0.0,0.00668,0.00458,0.00287,0.00138,0.0,0.07058,0.0,0.31533000000000005,0.16179,0.06775,0.0,0.01113,0.00187,0.0,0.0,0.0,0.0,0.00054,0.15414,0.42603,0.0,0.0,0.31409,0.2893,0.0,0.0,0.0,0.22969,0.09944,0.0,0.0,0.0,0.0,0.0,0.2479,0.0,0.0,0.0,0.00049,0.0,0.0,0.0297,0.01947,0.00183,0.02454,0.0,0.0,0.01963,0.43423,0.00213,0.00119,0.05076,0.02309,0.0,0.0,0.10884,0.00051,0.0,0.00144,2.84697,0.0,0.00374,0.16956,0.39487,0.00055,0.02338,0.01999,0.09784,0.72897,0.0,0.0,0.0,0.20362,0.0,0.0,0.08739,0.0,0.0,0.07749,0.03119,0.0,0.0,0.0,0.0,0.0,0.01336,0.00203,0.02993,2.22456,0.0,0.0,0.19502,0.0,0.0,0.0,0.00054,6.42124,4.47303,0.48865,0.0,0.0,0.0,0.0,0.0,0.0,0.00167,0.0,0.00148,0.0,0.0,0.0,0.0,0.0,0.0,0.0,0.002,0.01717,0.03182,0.0,0.0,0.0,0.0,0.0,0.00624,0.0,0.00109,0.00166,0.0,0.10077,0.0,0.0,0.04489,0.01441,0.01354,0.01098,0.00401,0.0,0.0,0.0,0.0,0.0,0.0,0.0,0.0,0.0,0.0,0.0,0.0,0.0,0.0,0.0,0.0,0.0,0.0,0.0,0.0,0.0,0.0
CRR1012358,0,0.0,0.05459,1.5698,1.8974900000000001,1.24359,2.54263,0.0,0.0,0.0,5.70814,0.0,1.83623,0.0,0.61073,3.25333,0.0,11.47257,0.04301,1.1764,0.0,0.0,12.54064,0.01241,0.00627,0.0,0.5379900000000001,0.08169,0.92382,5.7392,0.00023,0.2431,0.0,5.439020000000001,0.7656999999999999,0.0,1.23365,0.0,0.31199,0.0,0.0,0.0,0.04393,0.0,0.052969999999999996,0.84359,7.8498,1.1243999999999998,0.0,0.02851,0.0,0.0,0.04046,12.43482,0.0,0.00162,0.00454,0.01362,0.061079999999999995,0.01688,0.17440999999999998,0.046180000000000006,0.0,0.0,0.00266,0.0,0.0,0.00973,0.0,0.0,0.0,0.0,0.64253,0.0,0.04732,0.0,0.0256,0.0,0.0,0.0,0.0,0.0,0.04397,0.0,0.34145,0.03308,0.6038600000000001,0.0,0.0,0.0,0.0,0.0,0.01219,0.0,0.0,0.0,0.04095,0.0,0.0,0.0,0.0,0.0,0.0,0.06183,0.14171,0.0,0.0,0.60923,0.04694,0.0,0.0,0.0,0.0,0.11447,0.0,0.03451,0.0,0.0,0.0,0.00849,0.0,0.0,0.0,0.0,0.0,0.0,0.0,0.03847,0.0,0.21865,0.0,0.0,0.0,0.0,0.0,0.81801,0.0,0.0,0.0,0.0,0.0,0.0,0.0,0.00342,0.0,0.0,0.0,0.0,0.0,0.023280000000000002,0.0,0.0,0.0,0.00118,0.0,0.0,0.0,0.0,0.03251,0.0,0.0,0.0,0.0,0.0,0.0,0.0,0.0,0.01519,0.20249,0.16656,0.12946,0.02765,0.01666,0.01293,0.00053,0.0,0.0,0.0,0.0,0.0,0.0,0.0,0.0,0.0,0.0,0.0,0.0,0.0,0.0,0.0,0.0,0.0,0.0,0.0,0.0,0.0,0.0,0.0,0.0,0.0,0.0,0.0,0.0,0.0,0.0,0.0,0.0,0.0,0.0,0.0,0.0,0.0,0.0,0.0,0.0,0.0,0.0,0.0,0.0,0.0,0.0,0.0,0.0,0.0,0.0,0.0,0.0,0.0,0.0,0.0,0.0,0.0,0.0,0.0,0.0,0.0,0.0
CRR1012371,1,0.0,9.636110000000002,0.6662800000000001,1.07164,0.11391,3.1916,0.76187,0.37616,0.20404,1.36797,0.66948,0.30142,1.19569,3.49822,1.02135,0.2035,0.6333,0.05128,2.00507,0.0,0.0,3.07009,0.03619,0.33099,0.07088,1.34755,0.0,0.00454,5.851039999999999,0.0,0.08052,0.6816,0.49339000000000005,0.13086,0.0,0.04401,0.22221999999999997,0.0,2.03539,0.69789,0.81856,0.01976,0.0,0.00524,0.4673,0.40058,8.847379999999998,0.05294,0.00693,0.2592,0.0,0.0,1.0360600000000002,2.29901,0.02839,0.04036,0.34335000000000004,0.37389,0.0,0.04173,0.11231,0.32643,0.00012,0.0,0.0,0.0,0.01382,0.06829,0.03916,0.0,2.19761,0.10458,0.79405,0.30559,0.00037,0.41896,0.21592,0.0,0.0,0.00252,0.0,0.01376,0.0,0.03107,0.00688,0.51323,0.0,0.00818,0.00512,0.0,0.0126,0.00635,0.71471,2.05979,0.02124,0.00225,0.49393,0.28886,0.0,0.79155,0.51631,0.27085,0.13383,0.24386,0.74224,0.11895,0.02524,0.04742,0.0,0.02681,0.0,0.29223,0.03049,0.0,0.0,0.0,0.0,0.0,0.01798,0.0,0.03005,0.00432,0.00727,0.11973,0.00736,0.0,0.00041,0.01427,0.01828,0.00467,0.0245,0.0,0.0,0.0,0.03337,0.0,0.0,0.26247,0.00212,0.00295,0.00922,0.0,0.00135,0.00989,0.01129,0.0,0.80241,0.00063,0.0,0.27771,1.49902,0.0,0.0,0.53292,0.56488,0.0,0.0,0.00387,0.14621,0.14653,0.0,0.0,0.0,0.12618,0.00052,0.0,0.0,0.26267,0.02003,0.0,0.01068,0.0,0.0,0.02471,0.0,0.0,0.311,0.0,0.34964,0.0,0.0,0.0,0.0,0.00395,0.0,0.01096,0.0,0.00085,3.2014,1.01536,0.63618,0.3803,0.23548,0.12951,0.11222,0.10417,0.03284,0.02413,0.02115,0.02047,0.01618,0.00665,0.00593,0.00527,0.00512,0.00509,0.00291,0.00166,0.00102,0.0,0.0,0.0,0.0,0.0,0.0,0.0,0.0,0.0,0.0,0.0,0.0,0.0,0.0,0.0,0.0,0.0,0.0,0.0,0.0,0.0,0.0,0.0,0.0,0.0,0.0,0.0
CRR1012380,0,0.0,1.0520199999999997,0.06628,0.56142,21.409489999999998,0.8565,1.50901,0.06141,0.00191,0.01649,0.0,0.80287,0.06471,2.41394,4.923719999999999,0.96905,1.06358,0.0,4.214169999999999,0.0,0.0,0.87055,0.04161,0.0,0.03205,0.2905,0.0,0.23754,8.12092,0.0,0.17013,2.30818,1.9646400000000002,0.01901,0.03831,0.08767,0.33936,0.18516,0.0,0.0,0.0,0.15291,0.0,0.0,1.55971,2.5902399999999997,4.10933,0.0,0.0061,0.0,0.0,0.01928,8.0549,2.56898,0.0,3.95828,0.06711,1.0798,0.0,0.29613999999999996,0.18774,1.66096,0.0,0.03087,0.026510000000000002,0.0,0.0,0.01904,0.0,0.0,0.27523,0.00858,0.0,0.14738,0.0,0.00611,0.0,9e-05,3.04054,0.0,0.0,0.00128,0.0,0.04361,0.40323000000000003,0.60465,0.0,0.0,0.04864,0.0,0.14307999999999998,0.01404,0.00367,0.0,0.0,0.03972,0.0,0.00758,0.0,0.0,0.13478,0.0,0.05701,0.63702,0.11404,0.0,0.01466,0.04196,0.0,0.0,0.01869,0.00209,0.00435,0.0,0.0,0.0,0.0,0.0,0.01555,0.00011,0.12427,0.0,0.0,0.08272,0.00096,0.0005,0.12228,0.0176,0.02344,0.00536,0.09131,0.0,0.0,0.0,0.02899,0.0,0.0,0.0,0.0,0.0,0.0,0.0,0.02154,0.01371,0.0,0.0,0.0,1.40032,0.12626,0.09712,0.0,0.19993,0.0,0.0,0.0,0.0,0.02125,0.00328,0.0,0.0,0.00898,0.00428,0.0,0.15806,0.0,0.0,0.0,0.01279,0.01641,0.0,0.52228,0.03848,0.03743,0.01113,0.0,0.0,0.53866,0.0,0.0,0.00319,0.0,0.19144,0.0,0.01512,0.0,0.0,0.0,0.0521,0.0,0.0,0.0,0.0,0.0,0.0,0.0,0.07003,0.0,0.0,0.0,0.0,0.0,0.0,0.0,0.0,0.0,0.02031,0.0,0.0,0.0,0.0049,0.0,0.0,0.0346,0.0,0.0,0.0,0.74429,0.0,0.0,0.0,0.0,0.0,0.0,0.0,0.0,0.0,0.0,0.0,0.0,0.02586,0.01465,0.0028,0.0,0.0,0.0,0.0
CRR1012436,1,0.0,4.87618,5.26716,0.79313,1.24281,3.99344,0.44209,3.9016700000000006,0.54786,0.55467,0.17944,0.08924,0.0,1.06196,2.9850399999999992,0.36389,3.11802,0.0,2.8324800000000003,0.0,0.0,0.34533,0.0,0.0,0.25333,0.47796,0.0,0.0203,1.4429500000000002,0.0032700000000000003,0.12,1.28429,0.18642999999999998,0.01319,0.0,0.02697,0.62481,0.0114,0.08657,0.27658,3.13458,0.12722,0.0,0.0,0.47637,0.51418,2.4856200000000004,0.02259,0.01606,2.75805,0.18477,0.0,10.49124,0.50546,0.0,0.05498,0.29244000000000003,1.21669,0.0,0.030359999999999998,2.42428,0.08468,0.02623,0.00244,0.0,0.0,0.0,0.01073,0.0,0.0,1.14838,0.01205,1.95754,0.0,0.0,0.97432,0.17634,0.0,0.0,0.0,0.0,0.00276,0.0,0.01424,0.00056,1.25809,0.00047,0.00205,0.0,0.0027,0.00032,0.0,6.73696,5.78396,0.74188,0.70983,0.66422,0.66219,0.40506,0.33176,0.23193,0.22348,0.21524,0.15143,0.13404,0.09848,0.11022,0.07519,0.06591,0.06439,0.05302,0.04983,0.05309,0.04437,0.0415,0.04135,0.03778,0.03001,0.02693,0.02664,0.02628,0.02165,0.02075,0.01343,0.01306,0.01267,0.01019,0.01018,0.01778,0.01233,0.00807,0.01193,0.00708,0.00667,0.00579,0.00443,0.00422,0.00413,0.00403,0.00394,0.00328,0.00228,0.00211,0.00112,0.0006,8e-05,0.0,0.0,0.0,0.0,0.0,0.0,0.0,0.0,0.0,0.0,0.0,0.0,0.0,0.0,0.0,0.0,0.0,0.0,0.0,0.0,0.0,0.0,0.0,0.0,0.0,0.0,0.0,0.0,0.0,0.0,0.0,0.0,0.0,0.0,0.0,0.0,0.0,0.0,0.0,0.0,0.0,0.0,0.0,0.0,0.0,0.0,0.0,0.0,0.0,0.0,0.0,0.0,0.0,0.0,0.0,0.0,0.0,0.0,0.0,0.0,0.0,0.0,0.0,0.0,0.0,0.0,0.0,0.0,0.0,0.0,0.0,0.0,0.0,0.0,0.0,0.0,0.0,0.0,0.0,0.0,0.0,0.0,0.0,0.0,0.0,0.0,0.0,0.0,0.0,0.0
CRR1012452,1,0.0,2.39494,0.21195,0.5784100000000001,3.92279,0.50126,0.61597,0.10992,0.00899,0.00185,0.0,2.17717,0.0,0.17619999999999997,8.087159999999999,0.43897,3.01254,0.0,5.20136,0.0,0.47273,3.14506,0.01022,0.0,0.15762,0.062279999999999995,0.01092,0.17476,0.37555,0.01145,0.14147,4.22447,0.29033000000000003,0.16910999999999998,0.5582,0.5443,1.42504,0.0,0.0,0.62096,0.78752,1.68797,0.63407,0.02701,0.62706,21.234750000000002,1.12965,0.00175,0.0266,2.47133,0.0,1.79283,0.0,0.0,0.03734,0.12591,0.04101,0.43681,0.0,0.02808,1.35218,1.10063,0.0,0.0,0.00973,0.0,0.0,0.02488,0.12075,0.00883,0.01073,0.83282,0.26101,0.036699999999999997,0.02698,0.00554,0.2703,0.00754,0.34574,0.0,0.0,0.04772,0.0,0.11671,0.04612,0.36261,0.04613,0.03269,0.0,0.0,0.00218,0.0,0.0,0.02216,0.0,0.0465,0.0,0.0,0.0,0.0,0.0,0.61914,0.00326,0.0,0.0,0.0,0.04015,0.10912,0.0,0.08325,0.0,0.0,0.02203,0.21167,0.0,0.0,0.0,0.0,0.0098,0.0,0.0,0.0,0.0,0.0,0.0,0.02316,0.01224,0.0,0.0,0.0,0.00368,0.0,0.0,0.04026,0.36097,0.0,0.0,0.48578,0.0,0.00689,0.0,0.0,0.0,0.0,0.07384,0.0,0.0,1.05182,0.15494,0.0,0.0,0.02885,0.0,0.0,0.0,0.0,0.0,0.00298,0.0,0.0,0.0,0.01414,0.0,0.18099,0.0,0.0,0.0,0.0,0.0,0.0,0.0,0.0,0.00275,0.00396,0.0,0.0,0.06885,0.0,0.0,0.0,0.0,0.07043,0.0,0.00188,0.0,0.0,0.0,0.0,0.0,0.0,0.0,0.14296,0.0,0.0,0.0,0.0108,0.0,0.0,0.0,0.0,0.0,0.0,0.0,0.0,0.0,0.0,0.0,0.0,0.0,0.02795,0.0,0.0,0.01917,0.0,0.0,0.0,1.17855,0.10235,0.0,0.0,0.0,0.0,0.0,0.0,0.0,0.0,0.0,0.0,0.05197,0.0,0.01021,0.0,5.25186,0.0259,0.0,0.0
CRR1012459,1,0.0,9.99875,1.30807,4.97542,0.0,8.542749999999998,0.74824,0.04597,0.32157,0.0,0.01043,0.10202,0.18197,4.930160000000001,3.2139800000000003,0.25154,2.34605,0.0,4.03789,0.0,0.0,1.69906,0.01745,0.1163,0.00308,0.43273999999999996,0.04219,0.11271,0.9685900000000001,0.01666,0.01397,0.63659,0.77085,0.0,0.04811,0.18185,3.11637,0.05554,0.64378,0.12899,0.0,0.02568,0.0,0.00789,0.19142,0.81226,2.10033,0.02421,0.0,0.0,0.0,0.00068,5.147869999999999,4.01438,0.01524,0.26725,0.4304,0.56843,0.0,0.0,1.30617,1.2812299999999999,0.0259,0.0,0.0,0.0018,0.00987,0.00375,0.01814,0.0,7.30146,0.12138,0.00818,0.00214,0.0,0.69326,0.01531,0.0,0.0,0.0,0.0,0.0,0.0,0.04953,0.0,0.42536,0.05856,0.0,0.0,0.0,0.0,0.0,0.0,0.83751,0.74194,0.01273,0.0,0.10317,0.0,0.00328,0.08361,0.0,0.0,1.98355,0.51817,0.37183,0.22003999999999999,0.01173,0.12789,0.00859,0.20848,0.0092,0.03056,0.0,0.0,0.0,0.00682,0.00683,0.0,0.05038,0.0333,0.0,0.05749,0.0,0.00409,0.05591,0.00296,0.0,0.0,0.0383,0.02088,0.02689,0.0,0.03133,0.0,0.0,0.0,2.0456,0.0,0.0,0.0,0.01728,0.00295,0.0,0.01423,0.00186,0.00439,1.88378,0.116,0.05431,0.0,0.0,0.0,0.04679,0.88621,0.00108,0.0,0.00012,0.0,0.0,0.0,0.0,0.0,0.00142,0.0,0.04262,0.0,0.0,0.0,0.0,0.0,0.0,0.0,0.0,0.0,0.0,1.03247,0.80142,0.0,0.15796,0.0,0.0,0.0,0.0,0.00292,0.05337,0.0,0.0,0.24514,0.0,0.0,0.0,1.07087,0.0,0.0,0.01096,0.01517,0.0,0.00051,0.0,0.0,0.0,0.0,0.0,0.0,0.0,0.0,0.009,0.0,0.0,0.0,0.00073,0.0,0.0,0.0,0.0,0.0,0.0,0.29889,0.0,0.0,0.0,0.41533,0.02569,0.00566,0.0,0.0,0.0,0.0,0.0,0.0,0.0,0.0,0.0,0.0,0.0
CRR1012463,1,0.0,0.1395,1.44114,9.155,17.89221,11.309530000000002,0.03024,0.04388,0.07686,0.00251,0.0,6.12071,0.0,3.15407,3.8358,0.0,0.71434,0.0,0.42957,0.0,0.0,18.8885,0.0,0.0,0.0,0.24544000000000002,0.0,0.61861,0.00506,0.0,0.0,0.01861,0.41489000000000004,0.0504,0.0,0.16629,0.00378,0.23855,0.0,0.0,0.05584,0.2412,0.0,0.0,0.46315,2.4493,0.05711,0.0,0.0,0.0,0.0,2.6026,0.10108,0.00182,0.0,0.06421,0.023059999999999997,0.00167,0.0,0.0,0.03929,0.24003,0.0,0.0,0.0,0.0,0.0,0.02084,0.0,0.0,0.00452,0.0,0.0,0.9584900000000001,0.0,0.009,0.06513,0.0,0.08918,0.0,0.0,0.02458,0.0,0.12602,0.00201,0.00076,0.0,0.0,0.0,0.0,0.0,0.0,0.0,0.08893,0.0,0.0038,0.00547,0.0,0.00406,0.0,0.00598,0.0,0.0,6.83579,0.0,0.00889,0.0,0.0,0.0,0.0,0.0,0.0,0.0,6.9371,0.0,0.0,0.0,0.0,0.0,0.00533,0.0,0.0,0.0,0.0,0.0,0.0,0.0,0.0,0.00076,0.01219,0.0,0.0,0.0,0.0,0.0,0.0,0.0,0.0,0.0,0.01708,0.0,0.0,0.00203,0.0,0.0,0.0,0.0,0.0,0.14645,0.0,0.00151,0.0,0.0,0.0,0.0,0.0,0.0,0.04771,0.0,0.0,0.0,0.0,0.0,0.0,0.0,0.0,0.0,1.0564,0.0,0.0,0.0,0.0,0.0,0.0,0.0,0.0,0.0,0.0,0.0,0.0,0.0,0.0,0.0,0.00612,0.0,0.0,0.0,0.0,0.0,0.0,0.0,0.0,0.0,0.0,0.0,0.0,0.0,0.0,0.02887,0.0,0.0,0.0,0.0,0.0,0.0,0.0,0.0,0.0,0.08443,0.0,0.0,0.0,0.0,0.0,0.0,0.0,0.0,0.29789,0.0,0.0,0.0,0.0,0.0,0.0,0.0,0.03956,0.0,0.0,0.0,0.0,0.0,0.0,0.0,0.0,0.0,0.0
CRR1012467,1,0.0,11.438379999999999,1.72604,2.83946,0.07348,10.737840000000002,0.78955,0.18295,0.45173,0.0,0.45536,0.11845,2.37766,5.20007,1.8709,0.0,0.66874,0.1908,6.82695,0.0,0.0,0.40066999999999997,0.00482,0.08932000000000001,0.0,1.3731200000000001,0.0,0.0057,1.2069300000000003,0.03316,0.0,3.57774,0.65576,0.0,0.0,0.01975,0.69272,0.02658,0.03632,0.21895,0.0,0.23006,0.49793,0.0,0.58637,0.56406,11.48687,0.00778,0.0,0.0,0.0,0.0,2.99314,0.30896999999999997,0.0,0.27043,0.55233,0.78006,0.0,0.0,0.38588,0.55604,0.0,0.0,0.0,0.00133,0.04136,0.01716,0.0,0.0,3.3864,0.0395,0.01929,0.26968000000000003,0.06473,0.06807,0.00458,0.0,0.0,0.0,0.00406,0.0,0.0,0.05,0.0,0.76166,0.13222,0.00447,0.0,0.0,0.0,0.0,0.0,0.0,0.0,0.00938,0.0,0.42906,0.0,0.0,0.0714,0.00447,0.26153,0.0,0.18169,0.01051,0.24058,0.01062,0.0,0.00333,0.04093,0.20734,0.14656,0.0,0.0,0.0,0.02407,0.04141,0.01941,0.06994,0.00605,0.00633,0.00102,0.0,0.0,0.0,0.0,0.02655,0.009049999999999999,0.05202999999999999,0.04941,0.03085,0.0,0.0,0.0,0.0,0.01206,0.0,0.00036,0.0,0.0,0.00455,0.00147,0.0,0.0,0.00184,0.01956,0.07281,0.06495,0.0,2.33308,0.14155,0.0,0.43652,0.0,0.0,0.04907,0.01467,0.05441,0.0,0.0,0.0,0.0,0.00969,0.0,0.0,1.48109,0.0,0.0,0.47196,0.0,0.0,0.0,0.0,11.4577,0.0,0.13009,0.0,0.27818,0.37145,0.0,0.0,0.0,0.00258,0.0,0.0,0.0,0.00166,0.0,0.0,0.0,0.0,0.0148,0.23797,0.05,0.0,0.0,0.0,0.0,0.03319,0.0,0.0,0.0,0.07814,0.0,0.0,0.07675,0.0,0.0,0.0,0.0,0.0,0.0,0.0,0.0,0.0,0.0,0.0,0.0,0.0,0.0,0.0,0.0,0.0,0.0,0.0,0.0,0.0,0.0,0.0,0.0,0.0,0.9233,0.00674,0.0,0.0
CRR1012468,1,34.38693,31.2897,3.1112200000000003,2.0882,1.7112,2.4161,1.16715,0.92015,0.74342,0.6789,0.67883,0.64278,0.63343,0.6743000000000001,0.8479500000000001,0.44043,0.57629,0.3578,0.60945,0.32814,0.32558,0.5164699999999999,0.32017,0.30278,0.33140000000000003,0.29131999999999997,0.24533,0.23673999999999998,0.25557,0.20596,0.20177,0.18923,0.17969000000000002,0.16207,0.15372,0.13189,0.12097,0.10622,0.08583,0.08175,0.0604,0.05104,0.04769,0.04522,0.04399,0.05671,0.07067999999999999,0.03469,0.03307,0.03007,0.02982,0.0296,0.031869999999999996,0.029,0.02234,0.02075,0.0198,0.02035,0.01813,0.01899,0.0176,0.02057,0.01667,0.01646,0.01482,0.01407,0.01177,0.01116,0.00976,0.00845,0.00805,0.00721,0.00658,0.00801,0.00613,0.00612,0.00575,0.00548,0.00477,0.00419,0.00313,0.00307,0.00263,0.00256,0.00189,0.00183,0.00142,0.00141,0.00131,0.00107,0.00106,0.00104,0.0,0.0,0.0,0.0,0.0,0.0,0.0,0.0,0.0,0.0,0.0,0.0,0.0,0.0,0.0,0.0,0.0,0.0,0.0,0.0,0.0,0.0,0.0,0.0,0.0,0.0,0.0,0.0,0.0,0.0,0.0,0.0,0.0,0.0,0.0,0.0,0.0,0.0,0.0,0.0,0.0,0.0,0.0,0.0,0.0,0.0,0.0,0.0,0.0,0.0,0.0,0.0,0.0,0.0,0.0,0.0,0.0,0.0,0.0,0.0,0.0,0.0,0.0,0.0,0.0,0.0,0.0,0.0,0.0,0.0,0.0,0.0,0.0,0.0,0.0,0.0,0.0,0.0,0.0,0.0,0.0,0.0,0.0,0.0,0.0,0.0,0.0,0.0,0.0,0.0,0.0,0.0,0.0,0.0,0.0,0.0,0.0,0.0,0.0,0.0,0.0,0.0,0.0,0.0,0.0,0.0,0.0,0.0,0.0,0.0,0.0,0.0,0.0,0.0,0.0,0.0,0.0,0.0,0.0,0.0,0.0,0.0,0.0,0.0,0.0,0.0,0.0,0.0,0.0,0.0,0.0,0.0,0.0,0.0,0.0,0.0,0.0,0.0,0.0,0.0,0.0,0.0,0.0,0.0
CRR1012470,1,0.00833,9.64053,1.74993,7.20411,0.04835,30.02362,0.0,0.16919,0.03631,1.77537,0.28307,0.6771,1.70025,10.576319999999999,0.9318599999999999,0.12643,0.12169,0.10874,2.2206799999999998,0.0,0.0,1.4641099999999998,0.00439,0.0,0.01307,0.5795699999999999,0.0,0.00027,0.57214,0.02346,0.0,5.93602,0.17424999999999996,0.0,0.0,0.18693,0.28677,0.15435,0.01651,0.0,0.30895,0.0,0.05562,0.0,1.43771,0.11784,3.3341,0.0077800000000000005,0.01666,0.0,0.0,0.00931,0.62282,0.26139,0.0,0.23481000000000002,0.18008,0.24418,0.04329,0.0393,0.02725,0.13146,0.0,0.0,0.0,0.0077,0.0,0.01462,0.0,0.0,3.5311199999999996,0.37388,0.28963,0.05121,0.00313,0.0,0.0,0.0,0.84027,0.0,0.0,0.0,0.0,0.18624,0.0,0.90856,0.0,0.0,0.00059,0.0,0.0,0.0,0.0,0.0,0.0,0.00521,0.0,0.01547,0.0,0.0,0.0,0.0,0.194,0.12599,0.0,0.0,0.11769,0.0,0.0,0.0,0.06826,0.07583,0.01177,0.0,0.0,0.0,0.02054,0.0,0.0,0.0,0.0,0.0,0.0,0.0,0.00158,0.03278,0.01338,0.01733,0.31521,0.01497,0.00999,0.0,0.0,0.0,0.0,0.0,0.0,0.0,0.0,0.0,0.0,0.0,0.0,0.0,0.0,0.0127,0.80535,0.61748,0.3211,0.29632,0.06727,0.06072,0.05886,0.05038,0.04711,0.03008,0.02963,0.01753,0.0114,0.0096,0.00768,0.00517,0.00277,0.00269,0.00141,0.00119,0.0,0.0,0.0,0.0,0.0,0.0,0.0,0.0,0.0,0.0,0.0,0.0,0.0,0.0,0.0,0.0,0.0,0.0,0.0,0.0,0.0,0.0,0.0,0.0,0.0,0.0,0.0,0.0,0.0,0.0,0.0,0.0,0.0,0.0,0.0,0.0,0.0,0.0,0.0,0.0,0.0,0.0,0.0,0.0,0.0,0.0,0.0,0.0,0.0,0.0,0.0,0.0,0.0,0.0,0.0,0.0,0.0,0.0,0.0,0.0,0.0,0.0,0.0,0.0,0.0,0.0,0.0,0.0,0.0,0.0
CRR1012471,1,0.00471,8.97305,0.2567,3.87238,0.16969,1.7048800000000004,0.11462,0.31061,0.35481,0.07647,0.07093,0.04137,1.89351,0.23822,0.37946,0.01757,0.2081,0.11952,0.9254399999999999,0.0,0.0,0.29271,0.0,0.03206,0.01447,0.18606999999999999,0.31793,0.0,0.30223,0.00097,0.0,0.39779,0.5116600000000001,0.0,0.0,0.02554,1.10365,0.04847,0.57055,1.20942,0.32736,0.02275,0.0,0.80513,0.11389,0.86102,5.48155,0.00898,0.00062,10.37648,0.00608,0.0,1.2272,0.05595,0.0,0.18639999999999998,1.32166,0.25442,0.0,0.0,0.08186,0.12734,0.00346,0.0,0.0,0.0,0.00687,0.00704,0.00887,0.09144,2.11911,0.00289,0.59593,0.0,0.0,0.14678,0.0,0.0,0.0,0.0,0.0,0.0,0.0,0.0,0.0,0.16398999999999997,0.0,0.0,0.0,0.0,0.00272,0.0,1.88514,0.0,0.20555,0.0,0.3807,0.00689,0.01348,0.00764,0.03113,0.0,0.01999,0.43371,0.01781,0.02816,0.19236999999999999,0.00057,0.0,0.0,0.0,0.0819,0.00451,0.0,0.0,0.0,0.0,0.01901,0.01075,0.0,0.00199,0.0,0.0,0.00546,0.00993,0.00435,0.0,0.00105,0.27734,0.0,0.00272,0.01029,0.31339,0.0,0.0,0.0,0.0,0.15568,0.0,0.0,0.0,0.0,0.0,0.0,0.0,0.0,0.0808,0.0,0.0,0.02367,1.0468,0.0,0.04562,0.0,0.76506,0.00201,0.00478,0.0,0.0127,0.0,0.0,0.0,0.02694,0.02232,0.0,0.0,0.01366,0.0,0.0,0.0,0.0,0.0,0.0,0.0,4.86499,0.12054,0.01389,0.05708,0.26311,0.31378,0.12234,0.01236,1.69802,0.0,0.45593,0.0,0.00721,0.0001,0.10822,0.32344,0.00904,0.0169,0.12833,0.0,0.00502,0.0,0.02902,0.0,0.10788,0.00843,0.0,0.0,0.0,0.0,0.0,0.0,0.0074,0.00109,0.0,0.0,0.0,0.0,0.0,0.0,0.01204,0.0,0.0,0.0,0.0,0.0,0.02752,0.0,0.00301,0.0,0.01454,0.0,0.0,0.06061,0.00179,0.0,0.0,0.0,0.0,0.0,0.0,0.0
CRR1012474,1,0.0,14.98683,6.3316099999999995,8.20386,0.26252,19.75662,0.0,0.19478,1.07898,0.0,0.0,0.28693,0.0,0.66618,0.3548,0.0,0.0,0.54089,3.37136,0.03311,0.22093,2.61416,0.0,0.0,0.0,1.4124599999999998,0.0,0.0,0.0,0.0,0.01047,0.0,0.88044,0.66357,0.0,0.03886,0.0,16.83358,0.0,0.0,0.0,0.0,0.0,0.0064,0.0,0.0,0.0,0.0313,0.0,3.67574,0.0,0.63305,0.0,0.0,0.0,0.1537,0.0,0.0,0.01082,0.0,0.08003,0.0,0.0,0.0,0.0,0.0,0.0,0.18319,0.0,0.0,0.09427,0.25827,0.0,2.4220799999999993,0.0,0.06176,0.0,0.0,0.0,0.0,0.0,0.0,0.0,0.60294,0.00268,0.02688,0.0,0.0,0.0,0.00901,0.0,0.0,0.0,0.0,0.0,0.0,0.0,0.0,0.0,0.0,0.0,0.0,0.02908,1.15328,0.0,0.0,0.01081,0.0,0.0,0.0,0.0,0.0,0.17673,3.88179,0.0,0.0,0.0,0.0,0.0,0.00017,0.0,0.0,0.0,0.0,0.0,0.0,0.0,0.0141,0.64516,0.0,0.0,0.0,0.0,0.0,0.0,0.0,0.0,0.0,0.02415,0.06766,0.0,0.0,0.0,0.0,0.0,0.0,0.0,0.0,0.09788,0.0,0.0,0.0,0.0628,0.0,0.0,0.0,0.06325,0.04921,0.0,0.0,0.0,0.0,0.0,0.0,0.0,0.0,0.0432,0.34705,0.0,0.0,0.0,0.0,0.0,0.0,0.0,0.0,0.0,0.0,0.0,0.0,0.0,0.0,0.0,0.00607,0.0,0.0,0.0,0.0,0.0,0.0,0.0,0.0,0.0,0.0,0.0,0.0,0.0,0.0,0.0,0.0,0.0,0.0,0.0,0.0,0.0,0.0,0.0,0.0,0.0,0.0,0.0,0.0,0.0,0.0,0.0,0.0,0.0,0.0,0.0,0.0,0.0,0.0,0.0,0.0,0.0,0.0,0.0,0.0,0.0,0.0,0.0,0.0,0.0,0.0,0.0,0.0
CRR1012480,1,0.0,4.915569999999999,0.8273,8.01248,0.90475,2.68597,0.22219,0.0701,0.19047,0.00586,0.0117,0.06421,0.0,3.79739,6.460439999999999,0.12583,3.39168,0.26815,10.44886,0.0,0.0,1.57553,0.0,0.18543,0.00216,1.2209100000000004,0.53721,0.00779,0.81737,0.0,0.0,0.57412,0.6534800000000001,0.02417,0.0,0.07537,0.68089,0.03898,0.0,0.05266,1.8467,1.45,0.02394,0.02179,1.09942,0.18367,1.7436399999999999,0.0,0.01812,16.05007,0.0,0.0,1.4279799999999998,0.17359,0.0,0.30216,0.10475999999999999,0.24341000000000002,0.0,0.03791,0.21719,0.7835,0.00253,0.0,0.0,0.0,0.031,0.00109,0.0,0.0,2.0463400000000003,0.02693,0.50165,0.0,0.0,0.60838,0.0,0.0,0.77964,0.0,0.0,0.00393,0.20744,0.01637,0.00789,0.24683000000000002,0.42187,0.0,0.0,0.0,0.0006,0.00239,0.39148,0.0,0.01767,0.00945,0.0,0.02565,0.0,0.0,0.03495,0.01496,0.0,0.11684,0.0097,0.0,0.15513,0.02967,0.0,0.0,0.01652,0.01203,0.06645,0.0,0.0,0.0,0.01201,0.0,0.51199,0.02929,0.0,0.0,0.0,0.01352,0.00572,0.0,0.00893,0.04084,0.11069000000000001,0.0013,0.02973,0.13466,0.0,0.0,0.02055,0.0,0.0,0.00169,0.0,0.0,0.0,0.0,0.00547,0.0,0.0,0.0,0.11577,2.51989,0.05253,0.0,0.78182,0.0,0.0,0.0,0.0,0.0,0.0,0.0,0.0,0.0,0.00154,0.0,0.0,0.02802,0.0,0.0,0.0,0.0,0.02942,0.02408,0.0,0.0,0.0,0.0,4.59608,1.40376,0.44119,0.15934,0.08801,0.08321,0.04728,0.02505,0.02032,0.01729,0.01693,0.01405,0.00536,0.00108,0.0,0.0,0.0,0.0,0.0,0.0,0.0,0.0,0.0,0.0,0.0,0.0,0.0,0.0,0.0,0.0,0.0,0.0,0.0,0.0,0.0,0.0,0.0,0.0,0.0,0.0,0.0,0.0,0.0,0.0,0.0,0.0,0.0,0.0,0.0,0.0,0.0,0.0,0.0,0.0,0.0,0.0,0.0,0.0,0.0,0.0,0.0,0.0
CRR1012487,1,0.0,0.9000499999999999,1.00256,14.00451,0.0,10.791299999999998,0.78106,0.01226,0.0,0.00312,0.37573,0.08944,0.94611,12.443130000000002,0.71823,0.0,0.25737,0.1487,3.3735399999999998,0.00315,0.01543,0.9141899999999998,0.009729999999999999,0.0,0.01764,0.84743,0.0,0.07936,0.33357000000000003,0.03266,0.00103,0.87238,0.08073,0.0,0.0,0.0,1.28831,0.0,0.15428,0.02953,0.0,0.02058,0.4113,0.0,0.17702,3.6865,5.86645,0.0133,0.0,0.0,0.0,0.0,6.491489999999999,0.60136,0.00017,0.0089,0.49619,0.12476000000000001,0.0,0.0,0.79706,0.91896,0.0,0.0,0.0,0.0,0.0,0.01525,0.0,0.0,0.7792600000000001,0.03875,4.04374,0.007859999999999999,0.0,0.10594,0.0,0.0,0.0,0.0,0.00139,0.0,0.0,0.03581,0.0,0.60441,0.0,0.0,0.0,0.00405,0.0,0.0,0.0,0.0,0.0,0.0,0.47887,0.14173,0.0,0.0,0.0,0.0,0.0,1.24551,0.15515,0.03429,0.07796,0.00453,0.0,0.0,0.15769,0.0,0.052250000000000005,0.0,0.0,0.0,0.00634,0.0,0.0,0.0063,0.0,0.00115,0.04484,0.0,0.0,0.0,0.00265,0.0,0.0,0.02323,0.01905,0.0,2.91966,0.0,0.0,0.00232,0.0,0.0,0.0,0.0,0.02764,0.0,0.0,0.0,0.0,0.00019,0.0,0.00084,0.35988,0.0,0.0,0.0,0.0,0.0,0.0,0.0,0.0269,0.0,0.0,0.0,0.0,0.0,0.0,0.0,0.0,0.0,0.0,0.0,0.0,0.07247,0.0,0.0,0.0,0.0,0.0,0.0,0.05058,0.0,0.0,0.0,0.0,0.0,8.76669,0.0,0.0,0.09572,0.0,0.0,0.0,0.0,0.0,0.0,0.0,0.0,0.0,0.00223,0.0,0.0,0.0,0.00322,0.0,0.01022,0.0,0.0,0.0,0.0,0.0,0.0,0.0,0.0,0.0,0.0,0.0,0.0,0.0,0.0,0.0,0.0,0.0,0.0,0.0,0.0,0.0,0.0,0.06974,0.0,0.11209,0.0,0.0,0.0,0.0,0.15023,0.0,0.0,0.0,0.02959
CRR1012491,1,0.0,0.0,0.94107,4.24299,0.0,8.52549,0.76661,0.0,0.40898,0.0,0.0,0.13364,0.0,1.3806100000000001,2.61314,0.0,1.06077,0.0,4.65704,0.0,0.0,1.3943,0.0,0.0,0.0,2.83493,0.0265,0.09037999999999999,0.0,0.0,0.0,4.16261,0.8681,0.33597,0.0,0.12835,0.0,1.0287,0.0,0.0,0.0,0.3799,0.0,0.0,0.0,0.0,3.93726,0.01059,0.00604,0.0,0.0,0.00493,16.96469,0.0,0.0,0.0044,0.33779,0.32269,0.0,0.0,0.0,0.30468,0.0,0.00012,0.0,0.0,0.0,0.0,0.0,0.0,0.0,0.78842,0.0,0.11869,0.0,0.0,0.00037,0.0,0.0,0.0,0.0,0.0,0.0,0.55085,0.02939,4.78847,1.09414,0.06052,0.0,0.0,0.0,0.00118,0.0,0.0,0.0,0.0,0.0,0.0,0.0,0.0,0.0,0.02024,0.0,0.0,0.0,0.0,0.0,0.0,0.0,0.07292,0.0,0.0,0.03446,0.20868,0.0,0.0,0.0,0.0,0.10278,0.05452,0.0,0.0,0.0,0.0,0.0,0.01284,0.07988,0.0,0.31638,0.00302,0.11474,0.0,0.0,0.0,0.0,0.0,0.0,0.0,0.0,0.0,0.0,0.0,0.01325,0.0,0.06186,0.0,0.0,4.23283,0.31667,0.0,0.0,1.04993,0.0,0.02598,0.0,0.0,0.0,0.0,0.0,0.0,0.0,0.0,0.0,0.0026,0.0,0.0,10.64374,0.0347,0.0,2.06244,0.0,0.00955,0.0,0.0,0.0,0.0,0.0,0.0,0.0,0.0,0.0,0.0,0.0,0.0,0.0,0.0,0.0,0.0,0.0,0.0,0.0,0.0,0.0,0.0,0.0,0.0,0.0,0.0,0.0,0.0,0.0,0.0,0.0,0.0,0.0,0.00067,0.0,0.0,0.0,0.00087,0.0,0.0,0.0,0.0,0.0,0.0,0.0,0.03194,0.0,0.0,0.0,0.0,0.0,0.0,0.0,0.0,0.0,0.0,0.0,0.0,0.0,0.0,0.0,0.0,0.0,0.0
CRR1012495,1,0.0,0.26728,0.12722,1.26973,0.00096,1.1016000000000001,1.74568,0.0,0.0,0.0,0.09437,0.14428,0.0,19.129640000000002,10.066260000000002,0.0,4.94224,0.00219,1.22307,0.0,0.0,1.8774,0.0,0.0,0.0,5.946420000000001,0.13049,0.14135,1.0289,0.01578,0.0,8.64352,0.3796900000000001,0.01138,0.01416,0.2528,0.0,3.60985,0.0,0.00441,0.00252,0.21482,0.0,0.00791,4.45767,0.07459,6.729080000000001,0.01265,0.00873,0.0,0.0,0.13584,0.0,0.57268,0.00093,0.00063,0.13993,0.38892,0.0,0.0384,1.3842,3.63516,0.0,0.0,0.04302,0.0,0.0,0.04819,0.0,0.0,0.01401,0.00644,0.00265,0.9782399999999999,0.0,0.02321,0.00694,0.00676,0.0,0.0,0.0,0.0,0.0,0.05878,0.03425,1.00312,0.0,0.02737,0.01069,0.00194,0.00312,0.0,0.0,0.0,0.0,0.05209,0.0,0.00411,0.0,0.0,0.0,0.09363,0.0,0.0,0.0,0.0,0.0629,0.05395,0.0,0.05377,0.0,0.0,0.15099,0.0,0.0,0.0,0.00629,0.0,0.00723,0.20657,0.0,0.0,0.0,0.0,0.0,0.0,0.0,0.0,0.23756,0.0,0.0,0.0,0.0,0.0,0.0,0.0,0.0,0.0,0.0,0.0,0.0,0.0,0.00464,0.0,0.0,0.0,0.0,0.0,0.08703,0.0,0.0,0.0,0.19765,0.0,0.0,0.0,0.0,0.0,0.0,0.0,0.0,0.0,0.0,0.0,0.0,0.0,4.0514,0.22284,0.0,0.0,0.0,0.0,0.0,0.0,0.0,0.0,0.0,0.0,0.00611,0.0,0.11632,0.0,0.0,0.01552,0.0,0.0,0.0,0.0,0.0,8.47478,0.0,0.0,0.0,0.0,0.0,0.00951,0.0,0.0,0.0,0.0,0.0,0.0,0.0,0.0,0.0,0.0,0.4372,0.0,0.0,0.0,0.0,0.0,0.0,0.0,0.0,0.0,0.0,0.08555,0.0,0.0,0.0,0.0,0.0,0.0,0.0,0.0,0.0,0.0,0.00258,0.0,0.0,0.0,0.0,0.0,0.0,0.0
CRR1012518,1,0.0,0.0,0.15878,16.813940000000002,0.36274,14.06578,0.0,0.0,0.0,0.47394,0.0,0.82468,0.0,0.0,9.15915,0.0,6.41871,0.0,4.44243,0.00597,0.0,0.5856,0.0,0.0,0.0,0.10845,0.0,0.73746,1.01631,0.0,0.0,0.0,0.4052,0.7578699999999999,0.0,0.03797,0.82939,0.0,0.0,0.0,0.0,0.01697,0.0,0.0,1.11819,12.45391,2.0495,0.0,0.01255,0.0,0.0,0.04477,0.0,1.21975,0.0,0.03552,0.0,0.0,0.03248,0.0063,7.00058,1.9927,0.0,0.00983,0.07845,0.0,0.0,0.0,0.0,0.0,0.0,0.0,0.0,0.09405,0.0,0.0,0.039,0.0,0.0,0.0,0.0,0.0,0.0,0.95364,0.02446,0.0,0.0,0.0,0.0,0.0,0.00028,0.01928,0.0,0.0,0.0,0.0,0.0,0.0,0.0,0.0,0.0,0.04895,0.0,0.9079699999999999,0.0,0.17897,0.0,0.0,0.0,0.0,0.0,0.0,0.0,0.85411,0.0,0.0,0.0,0.0,0.0,0.03428,0.0,0.0,0.0,0.0,0.0,0.0,0.0,0.0,0.00014,0.00452,0.0,0.0,0.0,0.0,6.1267,0.0,0.0,0.0,0.0,0.0,0.0,0.0,0.0,0.0,0.0,0.0,0.0,6.6122,0.5751,0.0,0.0,0.0,0.0,0.0,0.0,0.0,0.0,0.0,0.0,0.0,0.0,0.0,0.0,0.0,0.0,0.0,0.0,0.0,0.0,0.0,0.0,0.0,0.0,0.01124,0.0,0.0,0.0,0.0,0.0,0.0,0.0,0.0,0.0,0.0,0.0,0.0,0.0,0.0,0.0,0.0,0.0,0.0,0.0,0.0,0.0,0.0,0.0,0.0,0.0,0.0,0.0,0.0,0.0,0.0,0.0,0.0,0.0,0.0,0.00158,0.0,0.0,0.0,0.0,0.0,0.0,0.0,0.0,0.0,0.0,0.0,0.0,0.0,0.0,0.0,0.0,0.0,0.0,0.0,0.0,0.0,0.0,0.0,0.0,0.0,0.0,0.0
CRR1012523,1,0.0,0.09383999999999999,0.11377,0.75608,6.93148,1.3846800000000001,6.60674,0.0,0.03525,1.27183,0.0,0.11485,0.0,3.3729400000000003,2.27884,0.24616,0.44829,0.0,2.2811,0.0,0.0,1.2316099999999999,0.00469,0.0,0.07057,0.38644999999999996,2.79918,0.18066,6.45891,0.0,0.02552,0.0,11.67296,0.09894,0.0,0.0,0.0,0.0104,0.0,0.0,0.0,0.0,0.0,0.0,0.77987,18.71854,5.38959,0.0,0.00286,0.0,0.0,0.02371,19.61662,0.0,0.00084,0.0,0.0,1.05155,0.0,0.06473999999999999,0.22764,0.89872,0.0,0.01407,0.00192,0.0,0.35486,0.0,0.0,0.0,0.0,0.00014,0.13132,0.0,0.0,0.00657,0.0,0.0,0.0,0.0,0.0,0.0,0.0,0.54157,0.01651,0.69554,0.1177,0.0,0.00247,0.0,0.021670000000000002,0.01036,0.0,0.0,0.0,0.0112,0.0,0.0,0.0,0.0,0.0,0.0,0.0,0.0,0.0,0.0,0.06334,0.09031,0.0,0.0,0.0,0.0,0.01577,0.0,0.0,0.0,0.00535,0.0,0.02783,0.01193,0.0,0.0,0.0,0.0264,0.0,0.0,0.0272,0.0,0.31062,0.03465,0.0,0.0,0.0,0.0,0.0,0.0,0.0,0.0,0.0,0.0,0.0,0.0,0.005,0.0,0.0,0.0,0.0,0.0,0.33247,0.0,0.0,0.10786,0.08885,0.0,0.0,0.0,0.00868,0.0,0.0,0.0,0.0,0.0,0.0,0.0,0.0,0.0,0.0,0.0,0.07818,0.0,0.0,0.0,0.01347,0.01765,0.0,0.0,0.0,0.0,0.0,0.0,0.0,0.041,0.0,0.03997,0.0,0.0,0.0,0.0,0.0,0.0,0.0,0.0,0.0,0.0,0.0,0.0,0.0,0.0,0.0,0.0,0.0,0.0,0.0,0.0,0.0,9e-05,0.0,0.0,0.0,0.0,0.0,0.0,0.0,0.0,0.0,0.0,0.39914,0.0,0.0,0.0,0.0,0.0,0.0,0.0,0.0,0.0,0.0,0.0,0.0,0.0,0.0,0.00399,0.0,0.0,0.0,0.0
CRR1012527,1,0.0,2.50415,1.74165,19.022840000000002,0.26782,43.56275,0.0,0.0,0.0,3.47389,0.0,0.0,0.0,0.33905,0.80728,0.0,0.10826,0.0,11.54436,0.24009,0.0,0.47264000000000006,0.0,0.0,0.0,0.34812,0.44606,0.03428,0.0,0.0,0.0,0.0,0.37265,0.15933,0.0,0.0,0.0,0.32421,0.0,0.0,0.0,0.0,0.0,0.11441,1.71043,0.01533,3.20316,0.0,0.0,0.0,0.0,0.14939,0.0,0.0,0.0,0.08746,0.0,0.23699,0.0,0.0,2.12985,1.1362,0.0,0.0,0.0,0.0,0.18608,0.20818,0.0,0.0,0.0,0.0,0.0,0.51024,0.0,0.0,0.02033,0.0,0.0,0.0,0.0,0.0,0.0,0.55198,0.0,0.35709,0.73717,0.0,0.0,0.01412,0.0,0.0,0.0,0.0,0.0,0.0,0.0,0.0,0.0,0.0,0.0,0.00653,0.0,0.00328,0.0,0.0,0.0,0.0,0.0,0.0,0.0,0.0,0.0,0.53246,0.00503,0.0,0.0,0.0,0.00236,0.33987,0.0,0.0,0.0,0.0,0.0,0.0,0.0,0.0,0.01243,0.0,0.0,0.0,0.0,0.0,0.0,0.0,0.0,0.0,0.0,0.0,0.0,0.0,0.0,0.0,0.0,0.0,0.0,0.0,0.43046,0.0,0.0,0.50336,0.0,0.0,0.0,0.0,0.0,0.0,0.0,0.0,0.0,0.0,0.0,0.0,0.0,0.0,0.21145,0.01121,0.0,0.0,0.0,0.0,0.0,0.0,0.0,0.0,0.0,0.0,0.0,0.0,0.0,0.0,0.0,0.0,0.0,0.0,0.0,0.0,0.0,0.0,0.0,0.0,0.0,0.0,0.0,0.0,0.0,0.0,0.0,0.0,0.0,0.0,0.0,0.0,0.04551,0.0,0.0,0.0,0.0,0.0,0.0,0.0,0.0,0.0,0.0,0.0,0.0,0.0,0.0,0.0,0.0,0.0,0.0,0.0,0.0,0.0,0.0,0.0,0.0,0.0,0.0,0.01554,0.0,0.0,0.0041,0.0
CRR1012533,1,0.06468,8.475689999999998,1.34674,4.04451,0.70033,19.94544,0.41637,0.03896,0.29952,0.25861,0.06629,0.01695,0.27813,16.23052,1.27663,0.12897,1.0388499999999998,0.24381999999999998,5.30648,0.00044,0.0,1.90373,0.00939,0.13305,0.0948,1.6079500000000002,0.0,0.02698,0.50522,0.01323,0.0017,1.66217,0.15936,0.0,0.0,0.2094,0.42017,0.00962,0.57221,0.0,1.61738,0.14183,0.0,0.0,0.15625,0.25199,4.61511,0.01941,0.0,0.0,0.0,0.02646,3.98864,0.26279,0.0,0.9283199999999999,0.10732,0.13792,0.0,0.0115,0.09926,0.6367900000000001,0.0,0.0,0.00423,0.0,0.00072,0.00881,0.0,0.0,0.54137,0.02385,0.03795,0.00608,0.0,1.71295,0.0,0.0,0.00122,0.0,0.0,0.0,0.0,0.00451,0.00576,0.16796,0.0,0.17828,0.0,0.00212,0.0,0.00204,0.0,0.0,0.0,0.0,0.0,0.10085,0.0,0.0,0.0502,0.06385,0.17278,0.00193,0.0,0.06564,0.2477,0.0149,0.0,0.0,0.07942,0.0,0.03322,0.0,0.0,0.0,0.0,0.0,0.00756,0.05327,0.06368,0.0,0.0,0.0,0.00684,0.00178,0.0,0.00581,0.08617,0.00299,0.0096,0.0,0.0,0.0,0.017939999999999998,0.0,0.0,0.00534,0.0,0.0,0.0108,0.0,0.00051,0.0,0.0,0.0,0.0,0.22546,0.11661,0.0,1.53886,0.10437,0.0,0.0,0.0,0.0,0.00458,0.0,0.0,0.0,0.0,0.0,0.0,0.0,0.0,0.0,0.0,0.0,0.0,0.0,0.0,0.0,0.0,0.0,0.0,0.0,0.13671,0.0,0.0,0.74273,0.0,0.0,11.67775,0.0,0.0,0.0,0.0,0.0,0.0,0.06093,0.22711,0.0,0.0,0.0,0.0,0.0,0.0,0.0,0.0,0.0,0.06325,0.0,0.0,0.0,0.0,0.0,0.0,0.0,0.0,0.0,0.0,0.0,0.0,0.0,0.0,0.0,0.0,0.0,0.0,0.0,0.0,0.0,0.0,0.00714,0.0,0.0,0.0,0.0,0.0,0.0,0.0,0.0,0.0,0.0,0.0,0.0003
CRR1012541,0,0.0,1.9475699999999998,0.06888,0.97773,2.01547,3.2665500000000005,0.55406,0.96408,0.10626,0.42299,0.0,0.21242,0.0,5.84429,4.361000000000001,0.0,4.39182,0.20129,3.70027,0.0,0.0,2.02547,0.10705,0.0,0.08544,0.93736,0.0,0.30281,0.7003900000000001,0.02303,0.0,0.0,0.33304999999999996,0.31706,0.0,2.63115,4.26054,0.13037,0.0,2.88286,0.68875,0.17247,0.0,0.0,0.64491,0.65646,14.7471,0.60771,0.06092,0.0,0.0,0.8028099999999999,2.3558600000000003,0.0,0.0,0.04537,0.71752,0.6570999999999999,0.00074,0.14512,4.58439,2.06556,0.05159,0.00347,0.0,0.0,0.0,0.0,0.0,0.0,0.43251,0.39916,0.00658,0.16363999999999998,0.0,0.42671,0.05123,0.0,0.0,0.0,0.0,0.00283,1.0938,0.02487,0.16089,2.5437999999999996,0.0,0.00139,0.0,0.00494,0.01659,0.01156,0.0,0.0,0.0,0.02677,0.0,0.1066,0.0,0.0,0.0,0.01933,0.0,0.14641,0.0,0.96368,0.08343,0.0,0.00342,0.02503,0.61188,0.0,0.05062,1.28039,0.0,0.0,0.0,0.0,0.02019,0.0,0.0,0.05172,0.0,0.0,0.0,0.04826,0.09148,0.0,0.00343,0.0,0.0,0.0,0.0,0.0,0.0,0.0,0.0,0.0,0.0,0.0183,0.0,0.0,0.0,0.0,0.0,0.0,0.10855,9.14609,0.12438,0.0,0.0,0.0,0.0,0.93671,0.0,0.0,0.0,0.00666,0.0,0.0,0.0,0.0027,0.0,0.0,0.00851,0.0,0.0,0.14205,0.0,0.55731,0.0,0.0,0.01857,0.00399,0.0,0.0,1.99569,0.0,0.0,0.0,0.0,0.37904,0.0,0.03011,0.0,0.0,0.0,0.0,0.0,0.0,0.0,0.0,0.0,0.64245,0.0,0.07665,0.0,0.0,0.0,0.0,0.0,0.02871,0.0,0.0,0.0,0.0381,0.0,0.0,0.0,0.0,0.0,0.0,0.0,0.0,0.0,0.0,0.0,0.01939,0.0,0.0,0.0,0.0,0.0,0.0967,0.0,0.30827,0.10828,0.0,0.0,0.0,0.00488,0.0,0.0,0.0,0.0,0.0
CRR1012545,1,0.0,2.70159,0.19508,3.45799,0.49706,6.87807,1.42832,0.0264,0.12731,0.1698,0.11961,0.39721,0.29354,4.2693,1.1323899999999998,0.32153,1.7036200000000001,0.04421,1.89196,0.0,0.0,1.75136,0.0,0.0,0.0,1.35651,0.0182,0.08856,0.49107999999999996,0.01588,0.0,4.24712,0.18245999999999998,0.00621,0.0,0.08885,0.68673,0.00458,0.0,0.0,1.97358,0.70921,0.0,0.0163,0.10745,0.03818,4.84248,0.00122,0.00325,0.0,0.0,0.00236,28.25441,0.14127,0.0,0.45535,0.14102,1.8052700000000002,0.0,0.0,0.43468,1.8025799999999998,0.0,0.0,0.0,0.0,0.02706,0.0,0.0,0.0,1.00594,0.07102,1.21913,0.47471,0.0,0.84303,0.00865,0.00957,0.13395,0.0,0.0,0.01602,0.0,0.06338,0.0,0.15575999999999998,0.00708,0.00719,0.0,0.01545,0.0,0.0,0.0,0.0,0.0,0.00666,0.29412,0.34708,0.0,0.0,0.0,0.0,0.0,0.91281,0.0,0.0,0.01514,0.0,0.0,0.0,0.0,0.0,0.00266,0.0,0.0,0.00181,0.0,0.0,0.0,0.0,0.0,0.00444,0.0,0.0,0.00676,0.0,0.00013,0.0,0.30765000000000003,0.055220000000000005,0.04163,0.01486,0.0,0.0,0.13228,0.0,0.0,0.0,0.00208,0.0,0.0,0.0,0.0,0.0,0.0,0.0,0.0,0.0,0.33443,0.0,0.76636,0.0,0.0,0.0,0.0,0.0,0.00243,0.00837,0.0,0.0,0.0,0.0,0.0,0.05351,0.0,0.0,0.02053,0.00153,0.0,0.07928,0.0,0.0,0.0,0.0,2.28672,0.0,0.48913,0.0,0.0,0.0,0.0,0.00013,6.41109,0.0,0.0,0.0,0.0,0.0,0.0,0.05242,0.0,0.0,0.0,0.0,0.0,0.00804,0.0,0.0,0.0,0.0,0.0,0.0,0.0,0.0,0.0,0.0,0.0,0.0,0.0,0.0,0.0,0.0,0.0,0.0,0.0,0.0,0.0,0.0,0.0,0.0,0.0,0.0,0.0,0.0,0.0,0.0,0.0,0.0,0.00045,0.0,0.0,0.24,0.0,0.0,0.0,0.0
CRR1012564,0,0.0,3.81434,0.43872999999999995,6.407500000000001,0.01692,1.8250199999999999,0.39403,1.1827,0.32362,0.04901,0.01189,0.1194,0.07454,0.55062,5.404159999999999,0.0,0.74134,0.03307,14.92926,0.0,0.0,3.02283,0.0,0.01471,0.0,0.17352,1.04663,0.0,1.45922,0.0,0.0,0.22111,6.076840000000001,0.0,0.0,0.01422,0.5662200000000001,0.0,0.00254,0.10438,0.81725,0.10227,0.49138,0.13918,0.74105,0.05806,7.48048,0.00553,0.0,7.51117,0.0,0.0,3.4373500000000003,0.1125,0.01399,1.94307,0.11783,0.54628,0.0,0.03006,0.93866,1.76532,0.0,0.0,0.0,0.0,0.03658,0.00268,0.0,0.0,0.6748200000000001,0.00307,1.70891,0.05155,0.0,0.04299,0.0,0.00371,0.0,0.0,0.0,0.0,0.02861,0.02405,0.08682999999999999,0.71397,0.0,0.0,0.00098,0.00154,0.02336,0.00223,0.06024,0.7798,0.0,0.0,0.2404,0.0,0.44138,0.0,0.18735,0.0,0.0,0.0,0.00162,0.0,0.17032999999999998,0.03301,0.0,0.0,0.0,0.08695,0.05384,0.0,0.0,0.0,0.0,0.0,0.00562,0.0,0.03343,0.0,0.0,0.01975,0.0,0.0011,0.00523,0.0,0.31334,0.01642,0.02622,0.0,0.86697,0.0,0.0,0.0,0.0,0.0,0.00016,0.0,0.0,0.0,0.00167,0.0,0.0,0.0,0.08769,0.2251,0.20562,0.0,0.97554,0.0,0.0,0.05303,0.02796,0.0,0.01409,0.0,0.0086,0.0,0.0,0.00101,0.02591,0.0,0.0,0.0,10.2393,0.0,0.0,0.89512,0.0,0.0,0.02213,0.0,0.0,0.0,0.11463,0.04355,0.06942,0.0,0.01506,0.0,0.0,0.0443,0.0,0.0,0.0101,0.0,0.0,0.0,0.2216,0.0,0.21004,0.0,0.0,0.0,0.0,0.0,0.0,0.0,0.0,0.0,0.0,0.0,0.0,0.00143,0.13284,0.0,0.0,0.0,0.0,0.0,0.0,0.0,0.0,0.22143,0.0,0.0,0.0,0.0,0.0,0.0,0.00022,0.0,0.0,0.0,0.13467,0.01143,0.00342,0.0,0.0,0.0,0.0,0.0,0.0,0.0
CRR1012576,1,0.0,0.0,0.83951,35.79808,0.1949,23.66648,0.0,0.0,0.0,0.0,0.01227,0.73447,0.0,8.735710000000001,0.56195,0.0,0.0,0.0,0.0,0.0,0.0,4.3464,0.0,0.0,0.0,0.66648,0.0,0.04579,0.18653,0.0,0.0,0.0,0.87664,0.33293,0.0,0.24652,0.0,0.03532,0.0,0.0,0.0,0.38663,0.0,0.00052,0.91641,0.28194,2.2899599999999998,0.0,0.00416,0.02837,0.0,0.35028,1.96854,0.77657,0.0,0.89807,0.36771,0.01389,0.0,0.05332,0.26357,0.68295,0.0,0.01497,0.03439999999999999,0.0,0.0,0.0,0.0,0.0,0.0,0.0,0.0,0.04991,0.0,0.09916,0.05368,0.0,0.0,0.0,0.0,0.0,0.0,6.53593,0.00245,0.31601999999999997,0.0,0.0,0.00388,0.02087,0.01695,0.00355,0.0,0.0,0.0,0.00543,0.0,0.0,0.0,0.0,0.0,0.0,0.26726,1.28442,0.0,0.0,0.0,0.0,0.0,0.0,0.0,0.0,0.00467,0.22145,0.0,0.0,0.0,0.0,0.00448,0.04915,0.0,0.0,0.0,0.0,0.0,0.0,0.0,0.0,2.14805,0.0,0.0,0.0,0.0,0.0,0.08508,0.0,0.0,0.0,0.0,0.0,0.0,0.0,0.01166,0.0,0.0,0.0,0.0,0.0,0.03341,0.0,0.0,0.0,0.29357,0.0,0.0,0.0,0.0,0.0,0.0,0.0,0.0,0.0,0.0,0.0,0.0,0.0,0.07811,0.30496,0.0,0.0,0.0,0.0,0.0,0.0223,0.0,0.0,0.0,0.0,0.0,0.0,0.0,0.0,0.0,0.01314,0.0,0.0,0.0,0.0,0.0,0.0,0.0,0.0,0.0,0.0,0.0,0.0,0.0,0.0,0.0,0.0,0.28682,0.0,0.0,0.0,0.0,0.0,0.0,0.0,0.0,0.00394,0.0,0.0,0.0,0.0,0.0,0.0,0.0,0.76227,0.0,0.0,0.0,0.0,0.0,0.0,0.0,0.0,0.0,0.0,0.0,0.0,0.0,0.0,0.0,0.0,0.0,0.0
CRR1012578,0,0.01649,1.37076,0.25787999999999994,5.72362,0.19417,2.42675,0.80749,0.30853,0.01988,1.83966,0.06526,0.09703,0.83196,0.45462,0.77517,0.25281,0.25783,0.12249000000000002,8.35715,0.0,0.00981,0.59316,0.03633,0.16531,0.025500000000000002,1.9137299999999997,0.0,0.00322,0.48105000000000003,0.006370000000000001,0.01543,2.774,0.26955,0.0,0.0,0.01643,0.10128999999999999,37.99016,0.00607,0.30541,0.0,0.15537,0.0,0.05448,0.86843,0.01894,6.49087,0.004,0.0,0.0,0.07227,0.00165,4.81831,0.5611999999999999,0.0,0.0134,0.86397,0.21745,0.0,0.01208,0.08196,0.61096,0.03454,0.0,0.0,0.0,0.0,0.023010000000000003,0.01744,0.0,1.74417,0.01508,0.48875,0.14625999999999997,0.0,0.81028,0.03724,0.0,0.0,0.0,0.0,8e-05,0.07237,0.01571,0.0,0.48862000000000005,0.00608,0.0,0.0,0.00103,0.0,0.0,0.00099,0.0,0.10107,0.03155,0.70751,0.20642,0.0,0.07277,0.40867,0.05272,0.03812,0.00574,0.0,0.04711,0.01306,0.03661,0.05651,0.0,0.1334,0.04296,0.05652,0.0,0.0,0.00753,0.0,0.0,0.00647,0.01407,0.0,0.01259,0.0,0.0,0.0,0.05618,0.00423,0.01619,0.14364000000000002,0.2833,0.07753,0.07385,0.0,0.0556,0.0,0.01253,0.07022,0.0,0.00046,0.0,0.15479,0.0,0.0,0.0,0.0,0.00156,0.03224,0.28616,0.0,0.0,0.0,0.0,0.0,0.0,0.54794,0.10112,0.12142,0.00258,0.0,0.51477,0.0,0.0,0.0,0.03328,0.00682,0.0,0.07681,0.0,0.0,0.0,0.0,0.0,0.0,0.0,0.0,0.0,0.25219,0.0,0.0,0.63037,0.02996,0.0,0.0,0.0084,0.0,0.0,0.0,0.0,0.0,0.0,0.0,0.0,0.0,0.0,0.0,0.05529,0.0,0.01074,0.0,0.0,0.0,0.0,0.0,0.0,0.0,0.0,0.06324,0.0,0.0,0.0,0.0,0.0,0.00151,0.0,0.0,0.0,0.0,0.0,0.0,0.0,0.0,0.0,0.24456,0.0,0.0033,0.02624,0.0,0.0,0.0,0.0,0.0,0.0,0.02686,0.0,0.0,0.0
CRR1012579,1,0.0,0.0,0.0,8.95186,1.4807,3.48736,0.0,0.0,0.00407,0.0,0.0,0.0,0.0,15.60219,2.17167,0.0,2.55014,0.0,13.87806,0.22213,0.0,1.9937,0.0,0.0,0.03501,1.9080200000000003,0.0,0.26044,1.46955,0.0,0.0,0.0,0.11817,0.61241,0.0,0.07048,0.0,1.26187,0.0,0.0,0.0,0.32256,0.0,0.9914000000000001,2.02624,15.007859999999999,0.64711,0.0,0.17532,0.0,0.0,0.0,0.19206,0.0,0.0,0.88752,0.0,0.09355,0.12659,0.29420999999999997,1.54893,11.38114,0.0,0.03927,0.0,0.0,0.31016,0.04681,0.0,0.0,0.0,0.0,0.0,0.05375,0.0,0.01083,0.00414,0.02502,0.0,0.0,0.0,0.0,0.0,0.30115,0.02024,0.08592,0.83361,0.01133,0.016239999999999997,0.0,0.013649999999999999,0.00304,0.0,0.0,0.0,0.0,0.0,0.0,0.0,0.0,0.72289,0.02271,0.0,2.09434,0.0,0.24244,0.0,0.0,0.0,0.0,0.0,0.0,0.07407,0.0,0.0,0.0,0.00341,0.0,0.05267,0.99423,0.0,0.0,0.0,0.0,0.0,0.0,0.0,0.0,1.36188,0.0,0.0,0.0,0.0,0.0,0.0,0.0,0.0,0.0,0.0,0.0,0.0,0.0,0.0038,0.0,0.0,0.0,0.0,0.0,0.29922,0.0,0.0,0.0,0.0,0.0,0.0,0.0,0.0,0.0,0.0,0.0,0.00067,0.00921,0.0,0.0,0.0,0.0,1.54545,0.07352,0.0,0.28068,0.0,0.0,0.0,0.00516,0.0,0.0,0.0,0.0,0.0,0.0,0.0,0.07806,0.0,0.00994,0.0,0.0,0.0,0.0,0.0,0.0,0.0,0.0,0.0,0.0,0.0,0.0,0.0,0.0,0.0,0.0,0.0,0.0,0.0,0.0,0.0,0.01745,0.0,0.0,0.0,0.0,0.0,0.0,0.0,0.0,0.0,0.0,0.0,0.0,0.0,0.0,0.0,0.0,0.0,0.0,0.0,0.0,0.0,0.0,0.00742,0.0,0.02012,0.01074,0.0,0.0,0.0,0.0
CRR1012581,1,0.0,0.0,0.12067,0.88828,0.0,0.80877,1.13461,0.0133,0.0,0.0,0.00391,0.73793,0.0,0.00022,9.34689,0.60571,1.77386,0.00324,0.09899,0.13326,0.0,3.8072900000000005,0.0,0.0,0.00133,4.03277,0.00621,0.18746,1.92541,0.0,0.10009,3.54655,0.63003,0.15717,0.0,0.14334,0.12668,2.0903,0.0,0.0,0.0,0.14411,0.0,0.0,2.78521,0.0,4.84199,0.0,0.00603,0.0,0.0,0.00917,6.344799999999999,0.0,0.0,0.0,2.81239,3.7139100000000003,0.0,0.03241,8.42768,5.414160000000001,0.0,0.0,0.0,0.0,0.00087,0.05413,0.0,0.0,0.0,0.01104,0.0,1.42296,0.0,0.0,0.00627,0.00373,0.0,0.0,0.0,0.00837,0.0,0.00815,0.04459,1.20001,0.0,0.0,0.00476,0.00108,0.0,0.00462,0.0,0.0,0.0,0.01653,0.0,0.0,0.0,0.0,0.0,0.01786,0.0,0.0,0.0,0.0,0.03139,0.0,0.0,0.0,0.0,0.0,0.50482,0.01174,0.0,0.0,0.0,0.0,0.0,1.06956,0.0,0.0,0.0,0.0,0.0,0.0,0.0286,0.0,0.017070000000000002,0.0,0.0,0.0,0.0,0.0,0.0,0.0,0.0,0.0,0.0,0.0,0.0,0.0,0.04453,0.0,0.05534,0.0,0.0,0.17265,0.0,0.0,0.0,0.0,0.0,0.0,0.0,0.0,0.0,0.0,0.0,0.0,0.0,0.0,0.0,0.0,0.0,0.0,28.16466,0.0,0.0,0.0,0.0,0.0,0.00012,0.0,0.0,0.0,0.0,0.0,0.0,0.0,0.0,0.0,0.00884,0.00423,0.0,0.0,0.0,0.0,0.0,0.0,0.0,0.0,0.0,0.0,0.0,0.0,0.0,0.0,0.0,0.0,0.0,0.0,0.0,0.0,0.0,0.00302,0.0,0.0,0.0,0.0,0.0,0.0,0.0,0.0,0.0,0.0,0.0,0.0,0.0,0.0,0.0,0.0,0.0,0.0,0.0,0.00306,0.0,0.0,0.0,0.00104,0.0,0.0,0.0,0.00741,0.03172,0.0
CRR1012584,1,0.0,19.6345,4.36467,4.9352,0.16563,7.9541900000000005,0.0,1.7809400000000002,0.08297,1.04908,0.01593,0.18197,3.7474,2.6213100000000003,1.45683,0.0,1.63525,0.16946,1.61746,0.00273,0.0,1.48363,0.11059,0.18611,0.06146,0.36490000000000006,0.0,0.04019,0.65098,0.08736000000000001,0.02861,1.21378,0.14864,0.06025,0.0,0.17769,1.112,0.0,0.10328,4.31369,0.0,0.0,0.0,0.0,0.44013,0.0,1.80898,0.03714,0.00094,0.0,0.0,0.08726,0.40609999999999996,0.51062,0.00701,0.35222,0.36563,0.13210000000000002,0.0,0.02182,0.31976,0.055189999999999996,0.21395,0.0,0.04907,0.01857,0.0,0.07088,0.03088,0.0,1.39363,0.17017,2.56862,0.50388,0.0,0.05144,0.0,0.0,0.0,0.0,0.0058,0.00084,0.0,0.06316,0.01495,0.44097,0.0,0.0,0.0,0.0,0.00376,0.0,0.0,0.0,0.0,0.17497000000000001,0.26439,0.14781,0.0,0.42542,0.01351,0.0,0.0,0.10556,0.0,0.0,0.49346,0.00594,0.0,0.0,0.03533,0.0395,0.02284,0.01352,0.0,0.0,0.0,0.0,0.0,0.0,0.0,0.00591,0.01315,0.0,0.0,0.08739,0.04525,0.00036,0.0,0.34758,0.01517,0.0,0.0,0.0,0.0,0.0,0.00161,0.0,0.00098,0.0,0.13532,0.0,0.0037,0.00884,0.0,0.01159,0.00463,0.0,0.12988,0.0,0.3946,0.0,0.0,0.0,0.0,0.0,0.0,0.00095,0.0,0.0,0.0,0.0,0.0,0.01381,0.00288,0.08778,0.0,0.0,0.0,0.0,0.0,0.0,0.0,0.00984,0.0,5.19523,0.32025,0.0,0.0,0.0,0.0,0.0,13.29822,0.00092,0.0,0.0,0.0,0.0,0.0,0.0,0.0,0.0,0.10059,0.14834,0.0,0.00131,0.0,0.0,0.0,0.04762,0.0,0.06476,0.0,0.0,0.0,0.00369,0.0,0.0,0.0,0.0,0.00233,0.00939,0.00208,0.0,0.0,0.0,0.0,0.0,0.0,0.00875,0.0,0.0,0.0,0.0,0.0,0.0,0.0,0.0,0.0,0.0,0.0,0.0,0.0,0.0,0.0,0.0
CRR1012605,0,0.16888,0.0,8.32141,20.2053,0.0,11.29564,0.00688,0.01087,0.0,0.0,0.007,2.11504,0.0,0.70299,9.32159,0.1277,0.0,0.0,1.00956,2.28176,0.0,6.85238,0.04079,0.0,0.91873,0.0,0.0,1.33314,0.0,0.03909,0.0,0.0,0.13276,1.16519,0.0,0.06006,0.0,1.75197,0.0,0.0,0.0,0.08201,0.0,0.0,0.21583,15.28534,1.28979,0.0,0.01642,0.0,0.0,1.9827,0.00415,1.05505,0.0,0.14438,0.13609,0.1762,0.2986,0.00323,1.87639,2.53135,0.0,0.00081,0.08363,0.0,0.0,0.0213,0.0,0.0,0.0,0.0,0.0,2.05986,0.0,0.18303,0.34066,0.0,0.0,0.0,0.0,0.0,0.0,0.53685,0.0,0.01018,0.0,0.0,0.0,0.03714,0.0,0.0,0.0,0.0,0.0,0.00582,0.0,0.0,0.0,0.0,0.0,0.0,0.0,0.06191,0.0,0.0,0.0,0.0,0.0,0.0,0.0,0.0,0.0,0.0,0.0,0.0,0.0,0.0,0.0,0.23336,0.0,0.0,0.0,0.0,0.0,0.0,0.0,0.0,0.0,0.0,0.0,0.0,0.0,0.0,0.0,0.0,0.0,0.0,0.0,0.0,0.0,0.0,0.0,0.0,0.0,0.0,0.0,0.0,0.21596,0.0,0.0,0.0,0.14241,0.33208,0.0,0.0,0.00539,0.0,0.0,0.0,0.0,0.0,0.0,0.0,0.0,0.0,1.2335,0.82882,0.0,0.0,0.0,0.0,0.0,0.0,0.0,0.0,0.0,0.0,0.0,0.0,0.0,0.0,0.0,0.0,0.0,0.0,0.0,0.0,0.0,0.0,0.0,0.0,0.0,0.0,0.0,0.0,0.0,0.0,0.0,0.0,0.0,0.0,0.0,0.0,0.0,0.0,0.0,0.0,0.0,0.0,0.0,0.0,0.0,0.0,0.0,0.0,0.0,0.0,0.0,0.0,0.0,0.0,0.0,0.0,0.0,0.0,0.0,0.0,0.0,0.0,0.0,0.0,0.0,0.0,0.0,0.0
CRR1012617,0,0.0,0.0,0.0,0.0,0.0,0.0,0.0,0.0,0.0,0.0,0.0,0.0,0.0,1.74694,2.03701,0.0,0.0,0.0,2.50212,0.00986,0.0,1.70996,0.0,0.0,0.0,0.16094,0.0,0.18266,0.0,0.0,0.0,0.0,0.53831,0.94331,3.24551,0.0,0.0,0.04583,0.0,0.08951,0.0,0.24721,0.0,0.0,0.31272,6.30136,11.2503,0.0,0.00953,0.0,0.0,0.41031999999999996,0.18057,0.0,0.0,0.03208,0.58884,0.0753,0.01135,0.00076,0.0,0.0504,0.0,0.0,0.0,0.0,0.0,0.0,0.0,0.0,0.0,0.0,0.0,0.14465,0.0,0.17099,0.19641,0.0,0.0,0.00695,0.0,0.0,0.0,3.13097,0.00802,0.00863,0.56363,0.0,0.0,0.0,0.01335,0.00229,0.0,0.0,0.0,0.06738,0.0,0.0,0.0,0.0,0.0,0.00525,0.0,0.01008,0.0,0.0,0.0,0.0,0.0,0.0,0.0,0.0,0.49086,0.0,0.0,0.0,0.0,0.0,0.0286,0.0,0.0,0.0,0.0,0.0,0.0,0.0,0.0,0.0,1.933,0.0,0.0,0.0,0.0,0.0,0.0,0.0,0.0,0.0,0.0,0.01673,0.0,0.0,0.00451,0.0,0.0,0.0,0.0,0.0,0.02599,0.0,0.0,0.0,0.0,0.0,0.0,0.0,0.0,0.0,0.0,0.0,0.0,0.0,0.0,0.0,0.0,0.0,0.6123,0.7605,0.0,0.0,0.0,0.0,0.0,0.00481,0.0,0.0,0.0,0.0,0.0,0.0,0.0,0.0,0.0,0.00511,0.0,0.0,0.0,0.0,0.0,0.0,0.0,0.0,0.0,0.0,0.0,18.37008,0.0,0.0,0.0,0.0,0.0,0.0,0.0,0.0,0.0,0.00403,0.0,0.0,0.0,0.0,0.0,0.0,0.0,0.0,0.0,0.0,0.0,0.0,0.0,0.0,0.0,0.0,0.0,0.0,0.0,0.0,0.0,0.0,0.0,0.0,0.0,0.0,0.0,0.0,0.0,0.0
CRR1012663,0,0.0,3.5928,0.09472,3.03551,0.09073,9.64431,1.35484,0.018189999999999998,0.05041,0.29654,0.25335,0.06433,0.74471,3.73227,2.155,0.33934,1.14611,0.0,16.54166,0.0,0.0,0.14966,0.0,0.0,0.00665,0.31676999999999994,0.0,0.01705,0.78717,0.00476,0.00789,13.07943,0.33666,0.01841,0.0,0.14458,0.93214,0.18594,0.0112,0.05438,0.0,0.01871,0.0,0.0,0.55912,0.62584,1.3258400000000001,0.0053,0.01472,0.0,0.0,0.03028,8.823319999999999,0.44988,0.00656,0.16489,0.03067,0.16405999999999998,0.0,0.08142,3.39866,0.91213,0.0,0.00141,0.01846,0.0,0.0,0.01137,0.0,0.0,4.7273,0.01103,0.00664,0.10788,0.0,0.01064,0.0,0.0,0.0,0.0,0.0,0.00109,0.0,0.05529,0.00899,0.53401,0.76246,0.0,0.00179,0.00098,0.008990000000000001,0.00761,0.03016,0.0,0.0,0.0107,0.0,0.01122,0.00166,0.0,0.0,0.0,0.0,0.0,0.00486,0.02665,0.42096,0.01804,0.0,0.0,0.00249,0.0,0.0709,0.0,0.0,0.0,0.0,0.0,0.0,0.06393,0.0,0.00046,0.0,0.0,0.00185,0.0005,0.00718,0.0,0.11575,0.00817,0.0355,0.01045,0.0,0.0,0.0,0.0,0.0,0.0,0.0,0.0,0.0,0.0,0.00344,0.01021,0.01451,0.0,0.0,0.0,0.0982,0.0,0.0,0.0,0.0,0.0,0.0,0.00095,0.0,0.0,0.0,0.0,0.00245,0.0,0.0,0.0,0.0,0.0,0.41603,0.0,0.0,0.0,0.0,0.0,0.00509,0.00513,0.0,0.0,0.04529,0.0,1.88088,0.0,0.0,0.0,10.15252,0.0,0.0,0.0,0.0,0.0,0.0,2.42054,0.0,0.0,0.0,0.0,0.0,0.0,0.0,0.0,0.0,0.0,0.0,0.0,0.0,0.0,0.0,0.00271,0.0,0.0,0.0,0.0,0.0,0.0,0.0,0.0,1.30697,0.02768,0.00213,0.00079,0.0,0.0,0.0,0.0,0.0,0.0,0.0,0.0,0.0,0.0,0.0,0.0,0.0,0.0,0.0,0.0,0.0,0.0
CRR1012666,0,0.0,0.49163999999999997,0.9091899999999999,0.9273,0.01528,1.79291,5.0929,0.0,0.15753,0.16946,0.38786,0.0,2.07299,0.05926,4.62812,0.0,3.32846,0.0,2.61002,0.0,0.0,11.72256,0.0,0.13136,0.03811,0.40892,0.0,0.0079,3.6102600000000002,0.0,0.0,2.74172,1.01199,0.05487,0.0,0.31927,0.33838999999999997,0.04889,0.13286,0.0,0.0,0.61458,0.57645,0.03117,1.42547,0.14647,1.9473300000000002,0.0,0.00184,1.63176,0.14968,0.0,11.11382,0.7902,0.0,1.06385,0.0,0.85152,0.0,0.01922,2.4640500000000003,1.5279500000000001,0.0,0.02979,0.40695,0.0,0.0,0.0,0.0,0.0,1.04863,0.0,0.16939,0.01838,0.0,0.43221,0.07303,0.0,0.0,0.0,0.0,0.00026,0.0,0.03596,0.00247,0.37744,0.0,0.01961,0.00335,0.00483,0.0038,0.00935,0.0,0.0,0.0,0.02647,0.0,0.02417,0.0,0.0,0.21308,0.0116,0.0696,0.0,0.0,0.0,0.42207,0.02464,0.0,0.0,0.0,0.0,0.0,0.0,0.0,0.0,0.00519,0.0,1.28075,0.0,0.0,0.0,0.0,0.03226,0.0,0.0,0.0,0.0,0.04257,0.03703,0.00512,0.02682,0.0,0.0,0.00344,0.0,0.0,0.0,0.0,0.0,0.0,0.0,0.00615,0.0,0.0,0.0,0.0205,0.00051,0.00061,0.0,0.0,0.16738,0.0,0.0,0.0,0.0,0.00738,0.0,0.0,0.0,0.00057,0.0,0.0,0.0,0.0,0.0,0.0,0.0,0.0,0.10972,0.0,0.0,0.0,0.02912,0.0,0.0,2.61632,0.0,0.0,0.0,0.0,0.0,6.94215,0.0043,0.0,0.0,0.0,0.00784,0.0,0.00089,0.0,0.0,0.0,0.0,0.0,0.0,0.0,0.0,0.0,0.0,0.0,0.0,0.0,0.0,0.0,0.00116,0.0,0.0,0.00887,0.0,0.0,0.0,0.0,0.0,0.83435,0.0,0.0,0.0,0.0,0.0,0.0,0.00097,0.0,0.0,0.0,0.0,0.0,0.0,0.0,0.0172,0.00537,0.0,0.0,0.0,0.0,0.0
CRR1012687,0,0.0,7.09553,0.33773,2.0872100000000002,0.00508,5.563649999999998,0.1822,1.3039500000000002,0.22152,0.42383,0.03828,0.57143,0.27352,2.71654,0.73882,0.4954,0.49636,0.15061999999999998,1.7994599999999998,0.0,0.0,6.137219999999999,0.00964,0.10091,0.09052,0.6959499999999998,0.0,0.0,0.45086,0.0007,0.00263,0.63407,0.01343,0.00123,0.0,0.12789,0.7125100000000001,1.37225,0.27448,0.11106,1.55237,0.07829,0.0,0.01977,0.17995,0.11908,0.40428,0.01703,0.00608,0.0,0.0,0.0,2.2629300000000003,0.43762,0.0,0.15964,0.50443,0.58683,0.0,0.00226,0.21164,0.06649,0.01891,0.00123,0.01431,0.00582,0.03948,0.08704,0.04719,0.00154,1.08608,0.00042,2.13395,0.37265,0.0,0.64466,0.00568,0.0,0.0,0.0,0.0,0.00782,0.71154,0.00117,0.0,0.5979,0.0,0.0,0.0,0.0,0.0,0.0,1.10774,1.921,0.22157,0.0,0.22468,0.01206,0.0,0.15001,0.28756,0.05264,0.01065,7.72505,0.00306,0.03042,0.0185,0.01852,0.0,0.00308,0.0,0.02897,0.01328,0.0,0.0,0.0,0.0,0.0,0.05043,0.0,0.0,0.0,0.0,0.0,0.00161,0.00378,0.0,0.00434,0.00071,0.0,0.00646,0.0,0.07207,0.0,0.0,0.0,0.0,1.77047,0.0,0.0,0.0,0.00959,0.00011,0.0,0.0,0.0,0.07461,0.0,0.0,0.36256,0.71649,0.0,0.0,0.8216399999999999,1.49929,0.0,0.0,0.02512,0.05518,0.03429,0.0,0.0,0.02936,0.02875,0.0,0.0,0.0,0.0,0.0009,0.0,0.0,0.0,0.0,0.0,0.81402,4.85976,0.03553,0.14044,1.47375,0.94612,0.0,0.0,3.20435,0.0,0.0,0.0,0.03594,0.01097,0.0,0.90564,0.26025,0.02811,0.30408999999999997,0.16693,0.00969,0.00371,0.0,0.03513,0.09749,0.01878,0.0,0.00863,0.06267,0.0045,0.0,0.0,0.09986,0.0,0.0,0.0,0.00606,0.0,0.0,0.0,0.0,0.0,0.0,0.0,0.0,0.0,0.03737,0.0,0.32827,0.00053,0.0,0.0,0.0,0.1209,0.0,0.0,0.0,0.0,0.05955,0.0,0.0,0.0
CRR1012698,0,0.0,0.0,8.95661,17.00048,3.69126,25.66442,0.0,0.0,0.0,0.13396,0.0,6.34421,0.0,0.0,1.28841,0.0,0.0,0.0,0.0,0.31379,0.0,2.47029,0.03517,0.0,0.0,1.02061,0.04746,0.05749,0.0,0.48709,0.0,0.0,0.8404099999999999,0.9811300000000001,0.0,0.0821,0.0,0.58276,0.0,0.0,0.0,0.0,0.0,0.0,0.0,10.97902,0.0,0.0,0.00141,0.0,0.0,0.07486,0.0,0.0,0.0,0.07054,0.10056,0.0,0.14559,0.13918,0.27894,0.0,0.0,0.0,0.0,0.0,0.0,0.0,0.0,0.0,0.0,0.5313,0.0,0.88869,0.0,0.0,0.01404,0.0,0.0,0.0,0.0,0.0,0.0,1.54275,0.17001999999999998,0.1297,0.0,0.0,0.02102,0.0,0.00197,0.00398,0.0,0.0,0.0,0.00635,0.0,0.0,0.0,0.0,0.0,0.0,0.19072,0.02834,0.0,0.0,0.00235,0.0,0.0,0.0,0.0,0.0,0.0,1.08221,0.0,0.0,0.0,0.0,0.0,0.0,0.0,0.0,0.0,0.0,0.0,0.0,0.21127,0.0,9.945640000000001,0.0,0.0,0.0,0.0,0.0,0.0,0.0,0.0,0.0,0.0,0.01887,0.0,0.0,0.00895,0.0,0.0,0.0,0.0,0.0,0.22093,0.0,0.0,0.0,0.12878,0.0,0.0,0.0,0.0,0.02801,0.0,0.0,0.0,0.0,0.0,0.0,0.0,0.0,0.0,0.18684,0.0,0.0,0.0,0.10756,0.0,0.0,0.0,0.0,0.0,0.0,0.0,0.0,0.0,0.0,0.0,0.03851,0.0,0.0,0.0,0.0,0.0,0.0,0.0,0.0,0.0,0.0,0.0,0.59724,0.0,0.0,0.0,0.0,0.0,0.0,0.0,0.0,0.0,0.0,0.0,0.0,0.0,0.01185,0.0,0.0,0.0,0.0,0.0,0.0,0.0,0.0,0.0,0.0,0.0,0.0,0.0,0.0,0.0,0.0,0.0,0.0,0.0,0.0,0.0,0.0,0.0,0.0,0.02055,0.0
CRR1012707,0,0.0,0.27638,0.10821,0.59806,1.74762,0.3866,1.51897,1.68002,0.00572,0.01711,0.10187,0.11149,5.8068,1.34976,7.85612,1.42928,5.5917200000000005,0.011519999999999999,0.8921499999999999,0.0,0.0,2.4904499999999996,0.0137,0.7851,0.10989,0.41972,0.0,0.0,5.4688099999999995,0.0,0.10232,1.90093,1.9309399999999999,0.01475,1.01377,0.0024,1.4917799999999999,21.61197,0.19808,3.83077,0.31271,0.16353,0.0,0.0,0.21175,0.12534,0.44976,0.00355,0.0,0.29435,0.10735,0.01289,0.36356,4.90627,0.0,0.22483,0.09016,0.26591000000000004,0.0,0.07398,0.81836,0.81886,0.00116,0.0,0.00158,0.0,0.0,0.010239999999999999,0.0,0.0,0.4296,0.00236,0.85859,0.0103,0.0,0.06271,0.54942,0.0,0.0,0.0,0.0,0.0136,0.0,0.01179,0.09863,1.30293,0.0,0.0,0.0,0.0,0.08642,0.00659,0.45035,0.0,0.0,0.00584,0.0,0.10871,0.0,0.11853,1.07513,0.15214,0.0,0.0,0.10282,1.0371,0.00424,0.28999,0.0,0.0,0.0,0.03183,0.04054,0.05562,0.0,0.0,0.00076,0.00013,0.0,0.00423,0.00171,0.0,0.0,0.10406,0.0035,0.0,0.0,0.00553,0.0,0.00465,0.0,0.00114,0.0,0.0,0.0,0.0,0.0,0.0,0.0,0.00994,0.0,0.0,0.05786,0.0,0.0,0.0,0.0,0.0,0.0,0.01843,0.06057,0.0,0.0,0.0,0.19926,0.00718,0.00084,0.0,0.35615,0.0,0.0,0.0,0.02037,0.0,0.0,0.0,0.05262,0.0,0.02392,0.0,0.0,0.0,0.01449,0.0002,0.22326,0.0,0.16332,0.06471,2.76948,0.03086,0.0,0.0,4.0641,0.00902,0.03632,0.03511,0.0,0.0117,0.0,0.0,0.20007,0.22826,0.056080000000000005,0.0,0.02195,0.0,0.09015,0.05124,0.20105,0.00515,0.0,0.0,0.0,0.00315,0.0,0.0002,0.0,0.0006,0.0,0.0001,0.0,0.0,0.0,0.0,0.0,0.0,0.0,0.0,0.0,0.0,0.00638,0.0,0.0,0.0,0.01175,0.0,0.0,0.34709,0.0,0.0,0.0,0.0,0.0,0.0,0.0,0.0
CRR1012709,0,0.0,0.0,0.00068,0.23335,0.0,0.28823,0.0,0.0,0.0,0.0,0.0,0.23717,0.0,2.26487,13.098929999999998,0.0,8.43117,0.0,0.0,0.0022,0.0,8.12201,0.00622,0.0,0.0,0.21456,0.0,1.69783,0.0,0.0,0.0,0.0,1.4130300000000002,0.6367,0.0,0.0,0.0,16.02571,0.0,0.0,0.0,0.17053,0.0,0.05671,0.05358,0.00511,0.39841,0.0,0.10877,0.0,0.0,0.35703,10.98481,11.40344,0.0,0.0,0.0084,0.04154,0.0,0.29099,2.44829,0.0,0.0,0.03448,0.08409,0.0,0.00078,0.0,0.0,0.0,0.0,0.0,0.0,0.44243000000000005,0.0,0.0,0.09254,0.04446,0.0,0.0,0.0,0.0,0.0,0.0,0.25011999999999995,1.04433,0.0,0.0458,0.031129999999999998,0.00123,0.09960999999999999,0.09497,0.0,0.0,0.0,0.0,0.0,0.0,0.0,0.0,0.0,0.16175,0.0,0.0,0.0,1.45027,0.0,0.0,0.0,0.0,0.0,0.0,0.0,0.09158,0.0,0.0,0.0,0.0,0.0,0.0,0.0,0.0,0.0,0.0,0.0,0.0,0.0,0.0,0.00629,0.0,0.0,0.0,0.0,0.0,0.0,0.0,0.0,0.0,0.0,0.0,0.0,0.0,0.37287000000000003,0.0,0.0,0.0,0.0,0.0,0.03217,0.0,0.0,0.10428,0.0,0.0,0.0,0.0,0.0,0.0,0.0,0.0,0.02692,0.04555,0.0,0.0,0.0,0.0,0.0,3.82492,0.0,0.0,0.0,0.0,0.02218,1.10862,0.0,0.0,0.0,0.0,0.0,0.0,0.0,0.0,0.0,0.00738,0.0,0.0,0.0,0.0,0.0,0.0,0.0,0.0,0.0,0.0,0.0,0.03821,0.0,0.0,0.0,0.0,0.0,0.0,0.0,0.0,0.0,0.0825,0.0,0.0,0.26867,0.0,0.0,0.0,0.0,0.0,0.0,0.0,0.0,0.0,0.0,0.0,0.0,0.02054,0.0,0.0,0.0,0.0,0.0,0.0,0.0466,0.0,0.0014,0.0,0.0,0.0,0.0,0.0
CRR1012720,0,0.0,7.715570000000001,0.9059200000000001,1.23909,0.0,5.18202,0.0,0.49387000000000003,0.14812,0.46013,0.14766,1.3511,0.0,1.04576,0.66331,0.30164,1.00778,0.02365,0.86593,0.26872,0.0,0.5789799999999999,0.11288,0.03779,0.25909,0.15482,0.0,0.34464,0.88625,0.04786,0.03653,1.73737,0.38899999999999996,0.06797,0.0,0.00241,0.059109999999999996,0.32152,0.0,0.0,0.0,0.02129,0.02725,0.0,0.01518,2.03678,0.53872,0.02707,0.00515,0.0,0.0,0.06599000000000001,0.026529999999999998,0.5426,0.01313,0.04942,0.23170000000000002,0.17665,0.03068,0.06993,0.97295,0.14361,0.0,0.0,0.0,0.0051,0.0,0.13033,0.0,0.00172,1.08172,0.08956,0.13639,0.03655,0.00733,0.0,0.07039,0.0,0.0,0.0,0.00836,0.00585,0.0,0.15476,8e-05,0.0,0.0,0.01694,0.0,0.0,0.0,0.00191,0.0,0.0,0.0,0.06942,0.0,0.70391,0.0,21.5408,0.30344,0.0,0.0,0.0,0.0,0.0,0.04384,0.0,0.0,0.0,0.0,0.09329,0.035250000000000004,1.07552,0.0,0.00528,0.02871,0.047,0.0,0.0,0.0,0.00063,0.0,0.0,0.0,0.0,0.02783,0.0043,0.0,0.04293,0.02917,0.0,0.0,0.00333,0.0,0.00107,0.0018,0.0,0.0014,0.0,0.00027,0.0,0.00741,0.01611,2.33617,0.00553,0.0,0.03469,0.02272,0.0,0.0,0.0,0.0,0.0,4.12714,0.0,0.01657,0.0,0.0,0.0,0.0,0.0,0.0,0.01719,0.0,0.00079,0.0,0.0,0.0,0.0,0.0,0.0,0.00068,0.01051,0.0,0.0,0.00886,0.0,0.0,0.0,0.0,0.0,33.68085,0.01414,0.0,0.0,0.0,0.0,0.0,0.0,0.0,0.0,0.11248,0.0,0.0,0.042260000000000006,0.0,0.0,0.0,0.0,0.0,0.0,0.0,0.0,0.0,0.0,0.13206,0.0,0.0,0.0,0.01729,0.0,0.0,0.0,0.0,0.0,0.0,0.00503,0.02808,0.0,0.2291,0.0,0.0,0.0,0.0,0.0,0.0,0.0,0.0,0.0,0.0,0.0,0.0,0.0,0.0,0.0
CRR1012732,1,0.0,2.53757,0.09239,1.12165,0.92711,0.7441699999999999,2.44089,1.43448,0.21302,0.0253,0.07993,0.17636,0.36837,1.1455600000000001,8.589500000000001,0.80823,8.15552,0.03718,5.452050000000001,0.0,0.0,1.48624,0.0,0.23833,0.23941,2.28564,0.0,0.01697,2.82822,0.0,0.0,5.56878,0.2687,0.0,0.0,0.0,5.313319999999999,0.0,0.00093,0.89688,0.11809,0.66008,0.0,0.0,0.58411,1.63648,1.3843100000000002,0.00981,0.00786,0.81892,0.47372,0.0,1.7024599999999999,0.28393999999999997,0.0,1.03413,1.33099,1.26411,0.0,0.01554,2.54413,1.39462,0.00556,0.00859,0.00141,0.0,0.0,0.012570000000000001,0.0,0.0,1.6797300000000002,0.0,1.66621,0.0009,0.0,0.08518,0.06803,0.0,0.16722,0.0,0.00157,0.00923,0.28136,0.00492,0.0237,1.8083,0.0,0.1462,0.0,0.0,0.00638,0.01345,0.0,0.0,0.0,0.10289,0.05288,0.02303,0.0,0.0,0.05454,0.0,0.0,0.00163,0.08079,1.32902,0.00691,0.09562,0.0,0.0,0.0,0.20633,0.00451,0.0,0.0,0.0,0.00336,0.0,0.0,0.00055,0.00483,0.0,0.0,0.10429,0.01318,0.00183,0.0,0.01736,0.0,0.0,0.00437,0.01901,0.18729,0.0,0.0,0.0,0.0,0.16416,0.00322,0.01088,0.0,0.01513,0.00309,0.0,0.00204,0.0,0.19223,0.10256,0.0,0.0,0.0,0.0,0.0,0.03387,0.27286,0.0,0.0,0.0,0.08394,0.0,0.01969,0.0,0.07432,0.31004,0.0,0.00155,0.0,0.0,0.33407,0.00121,0.0,0.0,9e-05,0.02109,0.0,0.0,0.88026,0.0,1.63849,0.04187,0.0,0.0,0.32889,0.0,0.17187,0.05165,0.01725,0.02463,0.03681,0.0,0.02938,0.0,0.03962,0.0,0.00321,0.0,0.16309,0.0,0.00904,0.02264,0.0,0.01639,0.0,0.11855,0.0,0.00511,0.0,0.04462,0.00066,0.00116,0.0,0.0,0.0,0.0,0.56001,0.05362,0.89772,0.0,0.0,0.0,0.10745,0.0,0.0,0.0,0.02429,0.0,0.0,0.0,0.0,0.0,0.0089,0.0,2.60247,0.0,0.0,0.0
CRR1012734,0,0.0,0.23044,0.07155,0.2245,1.09701,0.5841400000000001,2.00071,0.18357,0.00019,0.0,0.04167,0.0,0.0,3.9180800000000002,3.38552,0.01521,2.8444,0.0,1.5508,0.0,0.0,1.11686,0.0005,0.0,0.0,0.02113,6.2097,0.01046,1.01424,0.0,0.00312,4.0799,21.1014,0.0,0.0,0.0,0.6907599999999999,0.00294,0.02508,0.0728,0.0,0.09756,0.0,1.89173,0.38424,20.86103,0.76156,0.0,0.00413,0.0,0.0,0.0,0.14676,1.11498,0.0,1.18408,0.15132,0.19269,0.0,0.01044,1.68393,2.69891,0.0,0.0,0.0,0.0,0.27627,0.0,0.0,0.0,0.15289,0.0,0.0,0.0,0.0,0.04896,0.01379,0.0,0.0,0.0,0.0,0.0021,0.0,0.0,0.00867,2.4075,0.0,0.0,0.00368,0.0,0.00759,0.0,0.0,0.0,0.0,0.05645,0.0,0.0,0.0,0.0,0.0,0.0,0.0,0.0,0.28475,0.20111,0.00918,0.02652,0.0,0.0,0.0,0.0,0.03072,0.0,0.0,0.0,0.0,0.0,0.25366,0.0,0.00078,0.0,0.0,0.00316,0.0,0.0,0.0,0.0,0.29547,0.0,0.0,0.0,0.60811,0.0,0.0,0.0,0.0,0.00084,0.0,0.0,0.0,0.0,0.08317,0.0,0.0,0.0,0.0,0.0253,0.01726,0.0,0.0,0.0,0.0,0.0,0.0,0.0,0.0,0.0,0.0,0.0,0.00112,0.0,0.0,0.00925,0.0,0.0,0.0,0.0,0.0,0.0,0.00305,0.0,0.0,0.00836,0.0,0.0,0.01863,0.0,0.0,0.0,0.0,0.0,0.0,0.55469,0.0,0.0,0.0302,0.0,0.0,0.0,0.0,0.26694,0.02556,0.0,0.0,0.0,0.0,0.0,0.0,0.0,0.0,0.0,0.0,0.0,0.0,0.0,0.0,0.0,0.0,0.0,0.0,0.0,0.0,0.0,0.04761,0.0,0.0,0.0,0.0,0.0,0.0,0.0,0.0,0.0,0.0,0.0,0.0,0.0,0.0,0.0,0.0,0.0,11.93345,0.0,0.0,0.0
CRR1012735,1,0.0,10.43812,0.31852,2.40723,0.73359,1.76707,5.24314,0.14006000000000002,0.26743,0.14795,0.02675,0.06425,0.08903,11.050410000000001,2.0859699999999997,0.19449,2.73103,0.02192,6.05154,0.0,0.0,0.9834,0.0,0.9224,0.10435,0.73259,0.0,0.01255,1.1646800000000002,0.06719,0.0,3.56092,0.05092,0.00819,0.0,0.0,0.6014200000000001,0.00438,0.0937,0.0091,0.06351,0.23525,0.05488,0.0,0.29727,10.426020000000001,0.6701699999999999,0.0,0.00345,2.611,0.05188,0.00181,11.276360000000002,0.16335,0.00095,0.13075,0.11533,0.1308,0.0,0.0179,2.72994,2.05488,0.0,0.00653,0.0,0.0,0.0,0.02316,0.0,0.0,0.28178,0.0,0.0,0.0,0.0,0.01677,0.04614,0.0,0.0,0.0,0.0,0.00448,0.0,0.20117,0.01771,0.16106,0.14752,0.09662,0.0,0.0,0.0,0.02945,0.0,7.03571,0.0,0.03633,0.12054,0.08958,0.0,0.02668,0.34522,0.02316,0.0,0.11052,1.31217,0.22953,0.01756,0.0,0.0,0.00719,0.0,0.1303,0.0,0.0,0.0,0.0,0.00113,0.00371,0.0,0.08113,0.00784,0.0,0.0,0.00283,0.00505,0.0,0.01945,0.00479,0.0,0.0,0.00242,0.014689999999999998,0.0,0.0,0.0,0.0,0.0,0.0,0.0,0.0,0.0,0.0,0.0,0.0,0.0,0.0,0.0,2.9944,0.0,0.0,1.19337,0.0,0.0,0.0,0.0,0.0,0.0,0.0,0.03033,0.0,0.00072,0.0,0.0,0.0,0.0,0.0,0.09187,0.0,0.09293,0.0,0.0,0.0,0.0,0.00054,0.0,0.0,0.32744,0.02052,0.0,0.0,0.0,0.00087,0.0,0.0,0.33339,0.0,0.01775,0.00112,0.0,0.0,0.0,0.90388,0.0,0.0,0.0,0.0,0.0,0.0,0.0,0.0,0.0,0.0,0.0,0.0,0.0,0.01647,0.0,0.0,0.0,0.0,0.0,0.0,0.0,0.0,0.0,0.0,0.0,0.0,0.0,0.0,0.0,0.0,0.0,0.0,0.0,0.0,0.0,0.0,0.0,0.0,0.0,0.0,0.0,0.0,0.0,0.01066
CRR1012738,1,0.0,4.393,0.6626,1.21041,0.0,3.31826,2.43241,6.55646,0.17027,0.03081,0.03552,0.10483,0.03996,17.27154,4.42234,0.38065,1.52791,0.06295,1.5277299999999998,0.0,0.0,2.0426200000000003,0.01405,0.21167,0.0,0.16383,1.09729,0.13624,1.3188499999999999,0.0,0.0,1.63397,7.03272,0.00854,0.0,0.0105,0.9705600000000001,0.0757,0.07095,0.03165,1.88006,0.07997,0.15833,0.01525,0.13186,0.04432,0.39136999999999994,0.0,0.00105,0.0,0.1293,0.00431,4.818420000000001,0.22835,0.0,0.03064,0.27938,0.18464000000000003,0.00757,0.01003,2.59072,1.11628,0.00165,0.0,0.0,0.00057,0.40539000000000003,0.00418,0.0,0.00541,0.2403,0.00409,0.01339,0.0,0.0,0.01757,0.03131,0.0,0.0,0.04664,0.0,0.00783,0.32604,0.0018,0.0024000000000000002,2.00388,0.00415,0.0,0.0,0.00033,0.05884,0.00359,1.83845,0.79927,0.0,0.1189,0.0,0.03614,0.0,0.0,0.23649,0.0,0.0,0.09614,0.53924,0.13414,0.03931,0.00066,0.0,0.0,0.0,0.10054,0.07562,0.0,0.0,0.0,0.0,0.14478,0.0,0.0,0.0,0.0,0.03359,0.00136,0.04523,0.00829,0.0,0.0,0.0,0.00487,0.00243,0.00089,0.0,0.02775,2.07063,0.0,0.0005,0.0,0.00363,0.0,0.0,0.01384,0.020919999999999998,0.0,0.01376,0.00136,0.81119,0.49543,0.0,0.0,0.57627,0.0,0.0,0.08435,1.77708,0.03403,0.01428,0.0,0.38134,0.0,0.00333,0.03607,0.04379,0.01024,0.0,0.07011,0.0,0.0,0.03564,0.19551,0.0,0.0,0.00954,0.00182,0.0,0.0,1.00306,0.0,0.0,0.0,0.0,0.0,0.0,0.01695,0.0215,0.11719,0.07314,0.01357,0.98353,0.0,0.2024,0.0,0.0,0.0126,0.02164,0.0,0.0,0.07965,0.0,0.0,0.0,0.01321,0.0,0.0,0.0,0.0,0.0,0.02468,0.0,0.0,0.00172,0.0,0.0,0.00958,1.65108,0.0,0.0,0.0,0.0,0.0,0.27845,0.13188,0.44048,0.0,0.0,0.0,0.0,0.91944,0.0,0.0,0.0,0.0,0.0,0.0,0.0,0.0
CRR1012739,1,0.0,0.0,0.0,1.00654,0.0,5.39339,0.0,0.0,0.0,0.0,0.0,0.0,0.0,0.0,1.6981199999999999,0.0,0.0,0.0,0.0,0.0,0.0,6.63006,0.0,0.0,0.0,0.0,0.0,0.19065,0.0,0.0,0.0,0.0,0.45683999999999997,0.0,0.0,0.0,0.0,3.85888,0.0,0.0,0.0,0.0,0.0,14.65782,0.41367,13.97179,0.0,0.0,0.00028,0.0,0.0,0.0,0.0,0.0,0.0,0.0,0.0,0.0,0.0,0.09078,0.0,0.0,0.0,0.0,1.42421,0.0,29.9298,0.0,0.0,0.0,0.0,0.0,0.0,0.0,0.0,0.0,0.0,0.0,0.17375,0.0,0.0,0.0,0.0,0.0,0.047349999999999996,0.0,0.0,0.0,0.00163,0.0,0.00389,0.0,0.0,0.0,0.0,0.0,0.0,0.0,0.0,0.0,0.0,0.0,0.00485,0.1417,0.0,0.0,0.0,0.0,0.0,0.0,0.0,0.0,0.0,0.0,0.0,0.0,0.0,0.0,0.0,0.0,0.0,0.0,0.0,0.0,0.0,0.0,0.0,0.0,4.49946,0.0,0.0,0.0,0.0,0.0,0.0,0.0,0.0,0.0,0.0,0.0,0.0,0.0,0.0,0.0,0.0,0.0,0.0,0.0,0.27039,0.0,0.0,0.0,0.65643,0.0,0.0,0.0,0.0,0.0,0.0,0.0,0.0,0.0,0.0,0.0,0.0,0.0,0.0,0.0,0.0,0.06783,0.0,0.0,0.0,0.0,0.0,0.0,0.0,0.0,0.0,0.0,0.0,0.0,0.0,0.0,0.0,0.0,0.0,0.0,0.0,0.0,0.0,0.0,0.0,0.0,0.0,0.0,0.0,0.0,0.0,0.0,0.0,0.0,0.0,0.0,0.0,0.0,0.0,0.0,0.0,0.0,0.0,0.0,0.0,0.0,0.0,0.0,0.0,0.0,0.0,0.0,0.0,0.0,0.0,0.0,0.0,0.0,0.0,0.0,0.0,0.0,0.0,0.0,0.0,0.0,0.0,0.0
CRR1012741,1,0.0,0.0,0.01347,0.77126,0.0,0.40634,0.0,0.0,0.0,0.01567,0.0,0.05786,0.0,0.36895,21.26308,0.08152,8.37777,0.0,0.4499,0.0,0.0,5.39947,0.0,0.0,0.0,1.9543,0.07674,0.0,3.8171,0.0,0.0,0.99495,0.9141200000000002,0.12457,0.0,0.00069,0.0,0.64622,0.0,0.0,0.0,0.0,0.0,0.04142,3.38636,8.35531,0.12849,0.0,0.0,0.0,0.0,0.0,7.64426,1.45255,0.0,1.76574,0.0,0.66976,0.0,0.0,8.15121,3.9163,0.0,0.0,0.02273,0.0,0.00311,0.0,0.0,0.0,0.0,0.0,0.0,0.01685,0.0,0.0,0.0,0.00579,0.0,0.0,0.0,0.0,0.0,0.0087,0.00158,3.13337,0.31032,0.0,0.00101,0.0,0.00446,0.0,0.0,0.0,0.0,0.20679,0.0,0.0,0.0,0.0,0.2774,0.0,0.0,0.13853,0.0,0.0,0.0,0.0,0.0,0.0,0.0,0.0,0.00375,0.0,0.0,0.0,0.00997,0.0,0.0,0.04581,0.0,0.0,0.0,0.0,0.0,0.0,0.11994,0.0,0.01499,0.0,0.0,0.0,0.0,0.0,0.0,0.0,0.0,0.0,0.0,0.0,0.0,0.0,0.00809,0.0,0.0,0.0,0.0,0.0,0.07171,0.0,0.0,5.20154,0.0,0.0,0.0,0.0,0.0,0.0,0.0,0.0,0.0,0.0,0.0,0.0,0.0,0.0,0.0,0.64316,0.0,0.07352,0.0,0.0,0.0,0.0,0.0,0.0,0.0,0.0,0.0,0.0,0.0,0.0,0.0,0.14027,0.0,0.0,0.0,0.0,0.0,0.0,0.0,0.0,0.0,0.0,0.0,0.0,0.0,0.0,0.0,0.0,0.0,0.0,0.0,0.0,0.0,0.0,0.0,0.0,0.0,0.0,0.0,0.0,0.0,0.0,0.0,0.0,0.0,0.0,0.0,0.0,0.0,0.0,0.0,0.0,0.0,0.0,0.0,0.0,0.03964,0.0,0.0,0.0,0.0,0.0,0.0,0.0
CRR1012743,0,0.0,1.98419,0.30782,4.89914,0.4758,14.50138,0.29555,4.127980000000001,0.10101,1.29297,0.02139,0.27527,2.12832,0.45967,1.22899,0.22496,1.41322,0.00192,1.23892,0.10257,0.0,0.9738800000000001,0.00536,0.07368,0.03853,0.54973,0.0,0.00236,0.28667,0.0,0.03231,3.12375,0.61163,0.01366,0.0,0.00332,5.5467699999999995,0.04876,0.02834,0.02035,1.77863,0.0228,0.28342,0.0,0.45966,0.44227,4.49676,0.01637,0.0,0.0,0.0,0.0,0.16695,0.25701,0.0,0.31838,0.42267999999999994,0.32146,0.0668,0.02488,0.48215,0.47471,0.00437,0.0,0.0,0.0,0.0,0.01277,0.0691,0.97415,2.31088,0.04958,1.06438,0.09173,0.0,0.13502,0.17168,0.0,0.0,0.0,0.0,0.0,0.0,0.0164,0.03415,3.6321,0.0,0.01972,0.0,0.0,0.001,0.00633,0.0,0.2667,0.07349,0.0,0.0,0.2631,0.31952,0.0,0.0,0.01728,0.0,1.05258,0.0,0.07422,0.07259,0.0,0.00455,0.04737,0.0,0.02448,0.04245,0.01583,0.0,0.0,0.0,0.0,0.0,0.00553,0.0,0.0,0.05358,0.0,0.0,0.0,0.00625,0.00299,0.05377,0.00499,0.0,0.0,0.0,0.0,0.0,0.03706,0.0,0.05168,0.0,0.0,0.01013,0.0,0.00322,0.0,0.00922,0.0,0.07229,0.01133,0.12432,0.0,0.0,0.0,0.0,0.0,0.73258,0.03409,0.00554,0.0,0.03701,0.0,0.0,0.0,0.19163,0.05189,0.0,0.00164,0.15382,0.0,0.00987,0.0,0.0,0.0,0.0,0.01024,0.0,0.0,0.057,0.15271,2.43855,2.8726000000000003,0.0,0.00103,3.9744,0.0,0.0,0.01887,0.0,0.0,0.0,0.0,0.16761,0.0,3.44505,0.0,0.0,0.00043,0.0,0.07782,0.0,0.03226,0.0,0.0,0.01101,0.0038,0.0,0.0,0.0,0.02731,0.0,0.0,0.00116,0.00411,0.00109,0.0,0.0,0.0,0.0,0.0,0.0,0.0,0.0,0.0,0.06426,0.00546,0.0,0.0,0.0,0.15133,0.0,0.0,0.0,0.0,0.0,0.0,0.0,0.0
CRR1012746,1,0.0,0.9368200000000001,1.15918,0.0,0.0,5.03585,0.0,0.0,0.0,0.0,0.0,2.18604,0.0,0.0,2.65544,0.0,21.00296,0.0,3.08879,0.88062,0.0,6.5515799999999995,0.0,0.0,0.0,0.03904,0.0,1.0915,0.0,0.07301,0.0,0.0,0.79657,3.08035,0.0,0.0,0.0,0.05006,0.0,0.0,0.0,0.37557,0.0,0.0,0.0,34.8571,0.0,0.0,0.0398,0.0,0.0,0.83872,0.25469,0.0,0.0,0.0,0.0,0.0,0.02033,0.03275,0.1949,0.0,0.0,0.00119,0.2535,0.0,0.0,0.0,0.0,0.0,0.0,0.19329,0.0,2.1982600000000003,0.0,0.0,0.00508,0.0,0.0,0.0,0.0,0.0,0.0,0.71168,0.39788,1.87669,0.00692,0.0,0.01693,0.0,0.02342,0.08647,0.0,0.0,0.0,0.00587,0.0,0.0,0.0,0.0,0.0,0.27616,0.0,0.0,0.0,0.0,0.0,0.0,0.0,0.0,0.0,0.0,0.0,0.62949,0.03313,0.0,0.0,0.0,0.01703,0.0,0.0,0.01477,0.0,0.0,0.0,0.0,0.03161,0.0,0.41704,0.0,0.0,0.0,0.0,0.0,0.0,0.0,0.0,0.0,0.0,0.0,0.0,0.0,0.07883,0.0,0.0,0.0,0.0,0.0,0.41927,0.0,0.0,0.0,0.01413,0.0,0.0,0.0,0.0,0.0,0.0,0.0,0.10147,0.0,0.0,0.41111,0.0,0.0,0.01261,0.0,0.0,0.0,0.0,0.0,0.0,0.00252,0.0,0.0,0.0,0.0,0.0,0.0,0.0,0.0,0.0,0.00035,0.0,0.0,0.0,0.0,0.0,0.0,0.0,0.0,0.0,0.0,0.0,0.0,0.0,0.0,0.0,0.0,0.0,0.0,0.0,0.0,0.0,0.00694,0.0,0.0,0.0,0.0,0.0,0.0,0.0,0.0,0.0,0.0,0.0,0.56484,0.0,0.0,0.0,0.0,0.0,0.0,0.0,0.0,0.0,0.0,0.01192,0.0,0.0181,0.0,0.0,0.03188,0.0425,0.0
CRR1012749,1,0.0,7.98302,0.73309,4.31545,0.69435,13.34422,0.07559,0.14006,0.32489,0.2356,1.21259,0.7163,1.43076,5.49211,4.275869999999999,0.33383,13.59449,0.0,2.7930200000000003,0.06017,0.06436,1.79835,0.0,0.0,0.07152,0.37285999999999997,0.0,0.03046,2.23204,0.07286,0.03103,2.09655,0.4859300000000001,0.0705,0.4651,0.01805,0.28204,5.15738,0.0,1.6293,0.0,0.0,0.0,0.0,0.11096,0.63663,1.3980800000000002,0.0,0.01653,0.0,0.0,0.011669999999999998,0.09090999999999999,1.4876,0.0,0.02796,0.08829,0.41284,0.11609,0.00265,2.34001,0.04567,0.0,0.0,0.63586,0.01977,0.0,0.00115,0.0,0.0,2.25899,0.28081,0.01943,0.67105,0.0,0.09975,0.0,0.0,0.0,0.0,0.0,0.01845,0.0,0.1763,0.00858,0.33072,0.0,0.0,0.0,0.01318,0.00689,0.00659,0.0,0.0,0.0,0.03444,0.0,0.05641,0.0,0.0,0.05881,0.0,0.0,0.03469,0.32496,0.18962,0.03537,0.02687,0.0,0.01246,0.0,0.0,0.0,0.0,0.0,0.0,0.0,0.0,0.0,0.00353,0.0,0.0,0.03616,0.0,0.0,0.0,0.01787,0.0011,0.0,0.00795,0.00912,0.0,0.0,0.0,0.0,0.0,0.0,0.0,0.00014,0.0,0.0,0.01917,0.0202,0.09085,0.0,0.0048,0.0,0.85892,0.16367,0.0,0.0331,0.0,0.0,0.0,0.0,0.0,0.00475,0.0,0.0,0.0,0.00955,0.00194,0.0,0.2516,0.0,0.12773,0.0,0.0,0.0,0.0,0.0,0.0,0.0,0.00049,0.0,0.0,1.69745,0.0,0.11189,0.0,0.24513,0.0,10.09084,0.0,0.0,0.0,0.0,0.01248,0.0,0.0,0.0,0.0,0.0,0.34083,0.0,0.03593,0.0,0.0,0.0,0.01616,0.0,0.01391,0.0,0.0,0.0,0.00169,0.0,0.0,0.0,0.0,0.0,0.0,0.0,0.0,0.0,0.0,0.0,0.0,0.0,0.0,0.0,0.1202,0.0,0.0,0.0,0.0,0.0,0.0,0.0,0.00329,0.0,0.0,0.0,0.0,0.0,0.0
CRR1012750,1,0.0,4.98957,1.4589999999999999,1.35216,0.64113,29.28067,0.0,0.16630999999999999,0.255,0.94193,0.14739,3.77352,1.64165,2.2287899999999996,5.07747,0.70277,0.39024,0.08674,0.33096000000000003,0.13195,0.31168,1.41547,0.16203,0.10384,1.01698,0.13621,0.02792,0.59442,1.2513200000000002,0.0075,0.06252,0.18178,1.42347,0.21383000000000002,0.0,0.00903,0.04562,3.21692,0.0,0.26914,0.03838,0.05745,0.0,0.0,0.0,2.63477,1.31482,0.02893,0.0,0.0,0.24278,0.14124,0.0171,0.0,0.00928,0.04781,0.0111,0.17548,0.0,0.0,1.00671,0.16233,0.01435,0.0,1.78678,0.0,0.0,0.09536,0.01072,0.0,0.34712,0.03464,0.06794,0.05421,0.01563,0.01238,0.12381,0.0,0.01231,0.0,0.01131,0.00411,0.0,0.09158,0.055650000000000005,0.03232,0.0,0.0,0.0,0.00223,0.041819999999999996,0.01985,0.0,0.0,0.94248,0.10217000000000001,0.0,0.08363,1.72777,0.0,0.01099,0.0,0.0,2.2136,0.55517,0.0,0.10353,0.00535,0.60734,0.01178,0.0,0.0,0.00799,0.0,0.0,0.0,0.0,0.0,0.0,0.0,0.0,0.0,0.0,0.0,0.0,0.0,0.0,0.0,0.0,0.14592,0.00425,0.0,0.0,0.00073,0.0,0.0,0.0,0.0,0.00319,0.0,0.0,0.0,0.00385,0.26516,0.11026,0.03242,0.0,11.11645,0.0,0.0,0.67862,0.0,0.0,0.0,0.0,0.0,0.0,0.0,0.0,0.0,0.0,0.0,0.0,0.29281,0.00046,0.2536,0.0,0.0,0.0,0.0,0.0,0.0,0.01147,0.0,0.0,0.0,1.31285,0.0,0.26719,0.0,0.0,0.0,0.66598,0.0,0.0,0.0693,0.0,0.02479,0.0,0.0,0.0,0.0,0.0,0.03151,0.0,1.36145,0.0,0.0,0.0,0.0,0.0,0.0,0.0,0.0,0.0,0.0,0.00854,0.00309,0.0,0.0,0.0,0.0,0.0,0.0,0.0,0.0,0.0,0.05369,0.0,0.07044,0.0,0.0,0.0,0.0,0.0,0.0,0.0,0.0,0.0,0.0,0.0,0.0,0.0,0.00324,0.0,0.0
CRR1012754,1,0.0,2.7809399999999997,1.48972,1.55314,0.16068,8.4811,0.09325,0.51561,0.04901,0.88324,0.44514,1.82981,2.3314399999999997,1.06545,1.9221,0.16517,0.49727,0.33073,1.78171,0.09747,0.17519,1.4302400000000002,0.19281,0.0,0.217,0.4547,0.0,0.04203,0.4745,0.026520000000000002,0.06508,0.51248,0.0444,0.0091,0.0,0.19024,0.03539,22.55052,0.0,0.0,0.0,0.0,0.0,0.0,0.08146,0.0,1.50078,0.027649999999999997,0.00164,0.0,0.0,0.01869,1.9070099999999999,0.16144,0.0423,0.16038,0.047939999999999997,1.4121199999999998,0.0,0.0,0.13643,0.02586,0.00998,0.0,0.00046,0.01246,0.0,0.04515,0.0,0.0639,2.04795,0.10373,0.0,0.5347500000000001,0.0,0.3477,0.0,0.0,0.0,0.0,0.0,0.01356,0.0,0.58599,0.0,0.54469,0.0,0.0,0.0,0.0,0.0,0.0,2.29398,0.75126,0.78189,0.21086,0.0,0.24893,0.0,0.0,0.0,0.0,0.0,6.33609,0.64034,0.02865,0.07155,0.0,0.09461,0.08422,0.0105,0.30317,0.0387,0.041960000000000004,0.00115,0.00695,0.0,0.0,0.0,0.05223,0.0,0.00301,0.03292,0.00202,0.0,0.04162,0.01603,0.00794,2.03926,0.07612000000000001,0.01244,0.0,0.0,0.21507,0.0,0.01227,0.0,1.13297,0.00664,0.0,0.0,0.0,0.0,0.0,0.04092,0.00451,0.0,2.27317,0.16067,0.31513,0.0,0.0,0.0,0.0,1.78672,0.0,0.02957,0.00492,0.0,0.0,0.0,0.0,0.08766,0.13692,0.0,0.0,0.17856,0.0,0.0,0.0,0.0,0.0,0.0,0.0,0.0,0.0,0.52637,0.05446,5.40885,3.31435,0.0,0.0,0.0,0.0,0.13336,0.0,0.0,0.0,0.0,0.0,0.0,0.0,0.0,0.10481,0.0,0.61328,0.0,0.0,0.0,0.0,0.0,0.0,0.00945,0.0,0.0,0.0,0.02029,0.0,0.0,0.00626,0.0,0.00392,0.00282,0.00812,0.0,0.84659,0.0,0.0,0.0,0.0169,0.0,0.0,0.0,0.11753,0.0,0.0976,0.0,0.0,0.0,0.0,0.0,0.0,0.0,0.0,0.0,0.0
CRR1012755,1,0.00273,0.16536,0.047909999999999994,0.57487,2.67726,0.6280399999999999,0.0,0.0,0.01098,0.16407,0.0,24.13442,0.0,12.72723,6.681920000000001,0.52404,2.18156,0.00412,2.48124,0.77089,0.0,1.3361800000000001,0.19035,0.0,0.0,1.4236399999999998,0.0,0.6129800000000001,2.42255,0.01309,3.17087,0.0,0.34739,1.9433500000000001,0.0,0.00459,0.30344,0.07773,0.0,0.0,0.0,1.55474,0.0,0.0,2.35284,0.58079,2.4045400000000003,0.0,0.09633,0.0,0.0,0.64469,0.0,0.0,0.0,0.24539,0.0,0.9313899999999999,0.01953,0.37817999999999996,0.5881,0.05938,0.20737,0.01631,0.00627,0.0,0.0,1.00259,0.19291,0.0,0.02153,0.27573,0.0,2.5657900000000002,0.0,0.67147,0.37295,0.0,0.0385,0.83861,0.0,0.14018,0.0,0.01953,0.10813,0.00377,0.0,0.12605,0.0,0.01827,0.19659,0.05397,0.0,0.0,0.0,0.28054,0.0,0.0,0.0,0.0,0.0,0.25029999999999997,0.03261,0.00624,0.0,0.0,0.0,0.0,0.0,0.50778,0.0,0.0,0.0,0.02353,0.00089,0.0,0.0,0.0,0.00275,0.01808,0.0,0.0,0.0,0.0,0.0,0.0,0.07349,0.0,0.0,0.0,0.0,0.0,0.0,0.0,0.0,0.0,0.0,0.0,0.0,0.0,0.0,0.0,0.011770000000000001,0.0,0.0,0.0,0.0,0.0,0.0018,0.0,0.0,0.0,0.0,0.0,0.0,0.0,0.0,0.0,0.0,0.0,0.01476,0.01182,0.0,1.48923,0.01167,0.0,0.0,0.02698,0.0,0.0,0.0,0.0,0.03763,0.05946,0.0,0.0,0.0,0.0,0.0,0.0,0.0,0.0,0.0,0.0,0.0,0.0,0.0,0.0,0.0,0.0,0.0,0.0,0.0,0.0,0.0,1.36124,0.0,0.0,0.0,0.0,0.0,0.0,0.0,0.0,0.0,0.0401,0.0,0.0,0.01624,0.01949,0.0,0.0,0.0,0.0,0.0,0.0,0.0,0.0,0.0,0.0,0.0,0.0189,0.0,0.0,0.0,0.0,0.0,0.0,0.0,0.0,0.0187,0.0,0.0,0.0,0.0,0.0
CRR1012757,1,0.0,0.1358,0.01367,0.12479,1.9032,0.06702,1.34594,0.15186,0.37741,0.0,0.27175,0.17665,0.0,1.73962,6.911569999999999,0.236,4.15135,0.01256,3.27463,0.0,0.0,0.6348000000000001,0.07824,0.66612,0.51063,0.45633,0.01259,0.0,2.43866,0.0058,0.05698,1.6499,1.11003,0.0,0.0,0.0,2.8658599999999996,0.0,0.11783,0.20771,0.0,0.18055,0.0,0.16127,0.43359,9.30799,1.77169,0.00284,0.00102,3.02322,0.07857,0.00439,9.35795,0.72862,0.00125,0.00094,0.34268,0.15408,0.0,0.0,3.22156,0.13648,0.0,0.0,0.0,0.0,0.0812,0.0,0.0,0.0,0.5465899999999999,0.04564,3.39746,0.0,0.0,0.23902,0.04383,0.13759,0.5709,0.0,0.0,0.06563,0.0,0.00958,0.23398000000000002,1.09771,0.0,0.081,0.01488,0.00188,0.0,0.0,3.52168,0.0,0.50741,0.02368,0.02915,0.02491,0.0,0.0,0.55707,0.0,0.02525,0.0,0.0,0.17796,0.02407,0.03678,0.0,0.01411,0.0,0.20917,0.026979999999999997,0.0,0.0,0.01035,0.02326,0.03242,0.0,0.0,0.0,0.0,0.0,0.00899,0.0,0.00037,0.00052,0.0,0.00181,0.01755,0.0,0.00871,0.0,0.0,0.00817,0.0,0.00148,1.10132,0.0,0.00525,0.0,0.0,0.0,0.0,0.01639,0.0,0.15755,0.0,0.0,0.0,0.0,0.0,0.00255,0.05469,0.0,0.02643,0.0,0.0,0.10301,0.0,0.0,0.00188,0.11332,0.0,0.00033,0.0,0.0,0.0,0.03758,0.07382,0.0,0.0,0.0,0.0,2.15686,0.0,0.00069,0.0,0.71782,0.56304,0.0,0.0,7.71961,0.0,0.20002,0.0,0.0,0.01799,0.0,0.03375,0.0,0.0,0.0,0.0,0.0,0.0,0.0,0.36654,0.0,0.0,0.0,0.0,0.0,0.0,0.0,0.0,0.0,0.0,0.0,0.0,0.0,0.0,0.0,0.00193,0.0,0.0,0.0,0.0,0.0,0.0,0.0,0.0,0.55828,0.0,0.0,0.0,0.0,0.58654,0.36057,0.00106,0.0,0.0,0.0,0.0,0.0,0.0
CRR1012766,0,0.0,0.0,1.51127,10.69661,0.08374,21.29643,0.0,0.0,0.0,0.75754,0.0,5.08698,0.0,2.2442800000000003,10.86366,0.0,0.0,0.0,0.46894,0.0,0.0,0.5264599999999999,0.0,0.0,0.0,0.056350000000000004,0.0,0.27578,0.31587,0.0,0.0,0.0,0.18656000000000003,0.85386,0.0,0.0,0.5689,0.09653,0.01462,0.0,0.0,0.48766,0.0,0.0,0.75891,6.80746,0.8263999999999999,0.0,0.0,0.0,0.0,0.0,3.44424,0.22204,0.0,2.49152,0.35432,0.0,0.0,0.00282,4.394889999999999,2.09801,0.0,0.0,0.06884,0.0,0.0,0.0,0.0,0.0,0.0,0.0,0.0,0.08219,0.0,0.11255,0.0,0.0,0.0,0.0,0.0,0.0,0.0,3.5331,0.0,6.71198,0.07733,0.0,0.0,0.0,0.00688,0.0,0.0,0.0,0.0,0.0,0.0,0.0,0.0,0.0,0.0,0.0,0.0,0.03781,0.0,0.0,0.0,0.22655,0.0,0.0,0.0,0.0,0.0,0.0,0.0,0.0,0.0,0.0,0.0,0.85141,0.0,0.0,0.0,0.0,0.0,0.0,0.1585,0.0,0.07564,0.0,0.0,0.0,0.0,0.0,0.0,0.0,0.0,0.0,0.0,0.0,0.0,0.0,0.0,0.0,0.0,0.0,0.0,0.0,0.50763,0.0,0.0,0.0,0.0,0.0,0.0,0.0,0.0,0.0,0.0,0.0,0.0,0.0,0.0,0.0,0.0,0.0,0.0,0.0,0.0,0.0,0.0,0.0,0.0,0.0,0.0,0.0,2.88945,0.0,0.0,0.0,0.0,0.0,0.0,0.0,0.0,0.0,0.0,0.0,0.0,0.0,0.0,0.0,0.0,0.0,0.0,0.0,0.0,0.0,0.0,0.0,0.0,0.0,0.0,0.0,0.0,0.0,0.0,0.0,0.0,0.0,0.0,0.0,0.0,0.0,0.0,0.0,0.0,0.0,0.0,0.0,0.0,0.0,0.0,0.0,0.0,0.0,0.0,0.0,0.0,0.0,0.0,0.0,0.0,0.0,0.46221,0.0
CRR1012768,1,0.0,0.02196,0.02085,0.05497,3.48141,0.23956,0.1425,0.00136,0.0,0.0,0.0,0.05547,0.0,5.338549999999999,9.148679999999999,0.0,17.23208,0.0,0.26507,0.0,0.0,0.47961,0.1177,0.0,0.0,0.10184,0.0,0.0748,0.0648,0.0,0.18673,5.47582,0.25894,0.14327,0.58067,0.0,0.32613000000000003,0.12365,0.0,0.0,0.0,0.42036,0.02744,0.0,0.38136,35.167500000000004,1.62756,0.0,0.0,0.0,0.0,0.0,0.09508,0.43677,0.02467,0.0,0.06647,3.8281300000000003,0.00383,0.0,2.63693,0.34424,0.0,0.0,0.0,0.0,0.0,0.0,0.03322,0.0,0.08715,0.02803,0.0,0.08506,0.0,0.06789,0.30833,0.0,0.0,0.0,0.0,0.0,0.0,0.03066,0.0,0.47512,0.0,0.00849,0.0,0.0,0.0,0.0,0.0,0.0,0.0,0.0066300000000000005,0.0,0.01394,0.0,0.0,0.0,0.0,0.0122,0.0,0.0,0.0,0.0,0.0,2.63909,0.05976,0.0,0.0,0.00298,0.0,0.0,0.0,0.0,0.0,0.0,0.00228,0.0,0.0,0.0,0.0,0.0,0.0,0.0,0.0,0.0,0.0,0.0,0.0,0.0,0.01141,0.0,0.02117,0.0,0.1907,0.0,0.0,0.0,0.0,0.0,0.0,0.05264,0.0,0.04019,1.16478,0.00583,0.0,0.0,0.0,0.0,0.0,0.0,0.0,0.0,0.0,0.0,0.0,0.0,0.0,0.0,0.24497,0.0,0.01647,0.15492,0.0,0.0,0.01408,0.0,0.0,0.0,0.00664,0.0,0.0,1.86992,0.0,0.0,0.0,0.0,0.0,0.0,0.00221,0.0,0.0,0.0,0.0,0.0,0.0,0.0,0.0,0.16385,0.0,0.0,0.0,0.0,0.0,0.0,0.0,0.0,0.00655,0.15558,0.0,0.0,0.0,0.0,0.0,0.0,0.0,0.03082,0.00022,0.0,0.10523,0.0,0.0,0.0,0.07956,0.0,0.0084,0.0,0.0,0.0,0.0,0.0,0.0,0.0,0.0,0.0,0.0,0.0003,0.0,0.0,0.0,0.0,0.0
CRR1090621,1,0.0,1.63114,10.05653,0.0,0.0,36.198969999999996,0.00023,0.0,1.00351,0.93662,0.0,0.9998,0.00509,0.59222,2.6878,0.30243,0.23939,1.14019,6.13108,0.72151,0.0,6.718299999999999,0.0717,0.0,0.26262,0.70248,0.0,1.53925,0.0,0.28107,0.012029999999999999,0.0,0.4883,1.1653,0.0,0.25079,0.0,1.50052,0.0,0.0,0.0,0.00404,0.0,0.0,0.76114,4.3911999999999995,0.0,0.0,0.0,0.0,0.0,0.43213999999999997,0.0,0.0,0.01212,0.0245,0.0,0.0,0.04331,0.0,0.17739,0.0,0.0,0.00066,0.0,0.0,0.00205,0.028,0.0,0.0,0.0,0.65683,0.0,1.3617400000000002,0.0,0.0,0.04566,0.0,0.0,0.0,0.0,0.01045,0.0,0.6135,0.00028,0.0065,0.01502,0.0,0.0,0.00242,0.0,0.00638,0.0,0.0,0.0,0.01219,0.0,0.0,0.0,0.0,0.0,0.01298,0.0,0.0,0.0,0.0,0.00316,0.0,0.0,0.0,0.0,0.0,0.85815,0.0,0.0,0.02396,0.0,0.0,0.00472,0.0,0.0,0.04449,0.0,0.0,0.0,0.0,0.00593,0.01018,0.02207,0.06257,0.0,0.0,0.0,0.0,0.0,0.0,0.0,0.0,0.0,0.05828,0.0,0.0,0.0,0.0,0.0,0.0,0.0,0.0,0.14204,0.0,4.5983,0.0,0.0,0.0,0.0,0.0,0.17507,0.0,0.0,0.0,0.0,0.0,0.0,0.0,0.00822,0.0,0.00689,0.0,0.0,0.0,0.1777,0.0,0.0,0.0,0.0,0.0,0.0,0.0,0.0,0.0,0.0,0.0,0.02929,0.0,0.0,0.0,0.0,0.0,0.0,0.00059,0.0,0.0,0.0,0.0,0.0,0.76454,0.0,0.0,0.0,0.0,0.00103,0.0,0.0,0.0,0.0,0.0,0.0,0.0,0.0,0.01495,0.0,0.0,0.0,0.0,0.0,0.0,0.0,1.23199,0.0,3.0204,0.0,0.0,0.0,0.02641,0.0,1.68895,0.0,0.0,0.0,0.0,0.0,0.0,0.0,0.04303,0.61536,0.0
CRR1090622,1,0.0,6.10493,0.43684,6.40317,0.0,4.25563,5.86,7.68095,0.06525,4.48839,0.08792,0.27378,0.9795,0.70329,1.7493800000000004,0.23453,0.02896,0.0228,1.5485699999999998,0.0,0.0,0.36977,0.03425,0.07816,0.04345,0.66101,0.00128,0.01941,1.90716,0.00585,0.00186,4.3114,0.14261000000000001,0.0,0.0,0.08141,3.68546,0.00214,0.24226,0.39972,0.10742,0.02586,0.0,0.09104000000000001,3.23147,0.07295,6.56629,0.00493,0.04901,0.00144,0.01989,0.0,5.39013,0.050039999999999994,0.0,0.71745,0.30306999999999995,0.42655,0.0,0.00821,0.08496,0.64464,0.0,0.0045,0.0,0.01612,0.04348,0.00864,0.0,0.0,5.0623,0.00716,0.19582,0.31919000000000003,0.0,0.20647,0.0,0.0,0.0,0.0,0.0,0.00524,0.0,0.02018,0.01956,2.78326,0.16357,0.0,0.0,0.0084,0.00203,0.0,0.25333,0.00847,0.00334,0.06033,0.05475,0.01889,0.0,0.0,0.49262,0.0,0.0,0.0231,0.08057,0.00132,0.16255,0.00424,0.0,0.0,0.09309,0.07508,0.00844,0.0,0.0,0.00027,0.0,0.00565,0.08755,0.00421,0.17072,0.0038,0.0,0.01329,0.0,0.00414,0.04868,0.00729,0.10208,0.02377,0.04287,0.18054,0.32411,0.0,0.0,0.0,0.0,0.0,0.00789,0.0,0.00303,0.00994,0.0,0.0,0.0,0.0,0.01302,0.22771,0.0,0.24359,0.66009,0.00687,0.0,0.40901,0.13109,0.0,0.0,0.00427,0.04912,0.0,0.0,0.0,0.01457,0.03574,0.0,0.00386,0.01315,0.0,0.0,0.01428,0.0,0.0,0.00282,0.0,0.0,0.0,0.11567,0.0,4.47628,1.34991,0.0,0.0,0.05632,0.0,0.0,0.0,0.0,0.0,0.41569,2.45237,0.0,0.0,0.07982,0.03786,0.0,0.00622,0.00288,0.0,0.13105,0.17448,0.0,0.0,0.0,0.0,0.0,0.0,0.0,0.0,0.0,0.0,0.0,0.0,0.0,0.0,1.02043,0.03767,0.0,0.0,0.76306,0.0,0.00507,0.0,0.0043,0.0,0.0,0.0,0.0,0.0,0.0,0.0,0.0,0.0,0.0,0.0,0.0,0.0
CRR1090623,0,0.0,0.05475,0.06614,1.11395,0.89585,0.24283,4.00924,0.0,0.0,0.44107,0.0,0.253,0.0,4.4061900000000005,6.622969999999999,0.0,1.60668,0.0,3.5872,0.0,0.0,4.301850000000001,0.0,0.0,0.0,1.23572,0.01539,0.47341,3.23036,0.0,0.0,0.00769,4.96238,0.20838,0.0,0.0,1.8027900000000001,0.03196,0.06094,0.0014,0.0,0.08446,0.0,0.07535,4.48354,3.01138,17.977249999999998,0.0,0.02283,0.0,0.0,0.0,13.31274,0.89284,0.00027,1.9257000000000002,0.2595,1.51843,0.0,0.00305,5.470899999999999,2.21005,0.0,0.00336,0.0,0.0,0.01083,0.0,0.0,0.0,0.0,0.03714,0.00042,0.02335,0.0,0.11753,0.30113,0.0,0.0,0.0,0.0,0.0,0.0,0.35304,0.00774,1.21216,0.03688,0.3865,0.0,0.0,0.00182,0.0,0.0,0.0,0.0,0.0,0.0,0.0,0.0,0.0,0.0,0.00533,0.0,0.58036,0.0,0.0,0.00694,0.15147,0.0,0.0,0.0,0.0,0.16337,0.02536,0.0,0.0,0.0,0.0,0.85652,0.03118,0.00845,0.02795,0.0,0.0,0.0,0.0,0.37749,0.0,2.8172099999999998,0.0,0.0,0.0,0.0,0.0,0.0,0.0,0.0,0.0,0.0,0.0,0.0,0.0,0.019049999999999997,0.0,0.0,0.0,0.0,0.0,1.15086,0.0,0.0,0.0,0.0,0.0,0.0,0.0,0.0,0.0,0.0,0.0,0.0104,0.0,0.0,0.0,0.0,0.0,0.00752,0.01057,0.0,0.02086,0.0,0.0,0.0,0.0,0.0,0.0,0.0,0.0,0.0093,0.0,0.0,0.0,0.0,0.02219,0.0,0.0,0.0,0.0,0.0,0.0,0.0,0.0,0.0,0.0,0.0,0.08354,0.0,0.0,0.0,0.0,0.0,0.0,0.0,0.0,0.0,0.0,0.0,0.0,0.0,0.0,0.0,0.0,0.01624,0.0,0.0,0.0,0.0,0.0,0.0,0.0,0.0,0.0,0.0,0.0,0.0,0.0,0.04247,0.0,0.0,0.0,0.00428,0.0,0.0,0.0,0.0,0.0
CRR1090624,1,0.0,0.0591,0.00405,0.40716,11.68302,0.53759,3.2904,0.0,0.00147,0.00647,0.00048,0.00103,0.00421,9.025039999999999,11.620709999999999,0.00198,12.50609,0.0,0.89422,0.0,0.0,2.38862,0.0,0.00324,0.0,1.4283200000000003,0.0,0.4698,1.7937400000000001,0.0,0.0,0.04098,0.59709,0.0,0.0,0.0,1.10935,0.0201,0.0,0.0,0.0,0.01975,0.0,0.0,3.05806,12.75984,0.03202,0.0,0.01253,0.00262,0.0,0.0,0.8483599999999999,3.26506,0.0,2.84614,0.17645,0.73311,0.0,0.07756,7.17443,8.12303,0.0,0.00858,0.0,0.0,0.0,0.0,0.0,0.0,0.00026,0.0,0.00819,0.0,0.0,0.00327,0.0,0.0,0.27705,0.0,0.0,0.0,0.0,0.01444,0.022789999999999998,0.9660899999999999,0.0,0.0,0.0,0.0,0.10121,0.0005,0.0,0.01601,0.0,0.01898,0.0,0.0,0.0,0.0,0.01568,0.0,0.0,0.06401000000000001,0.0,0.22614,0.00025,0.1041,0.0,0.0,0.0,0.0,0.03588,0.0,0.0,0.0,0.0,0.0,0.0,0.0,0.0,0.0,0.0,0.0,0.0,0.0,0.00382,0.0,0.0,0.0,0.01505,0.0,0.0,0.0,0.0,0.0,0.0,0.0,0.0,0.0,0.0,0.0,0.00898,0.0,0.0,0.0,0.0,0.0,0.10658,0.0,0.01284,0.03143,0.0,0.0,0.0,0.0,0.0,0.0,0.0,0.00079,0.01364,0.0,0.0,0.0,0.0,0.0,0.0,0.0,0.0,0.0,0.03211,0.0,0.01354,0.00465,0.0,0.00379,0.07848,0.00033,0.02587,0.0,0.0,0.0,0.0,0.01557,0.0,0.0,0.0,0.0,0.0,0.0,0.0,0.0,0.0,0.0,0.0,0.0,0.0,0.0,0.0,0.0,0.0,0.0,0.0,0.0,0.0,0.03057,0.0,0.0,0.0,0.0,0.0,0.0,0.0,0.0,0.00406,0.0,0.0,0.0,0.00033,0.0,0.0,0.02279,0.0,0.0,0.0,0.0,0.0,0.0,0.0,0.0,0.00176,0.0,0.01386,0.0,0.0,0.0
CRR1090627,0,0.0,16.50715,0.24085,4.68184,2.86282,4.4278900000000005,4.65752,1.99741,0.23773,0.0,0.00586,0.50692,0.0,2.96258,4.093699999999999,0.34002,1.28476,0.0,5.26386,9e-05,0.0,1.2257399999999998,0.0,0.05966,0.18788,0.19018000000000002,0.0,0.09504,1.0166300000000001,0.02585,0.20381,5.5231,3.33364,0.0249,0.0,0.06023,0.59126,0.11446,0.88538,0.0,0.0,0.04856,0.33069,0.0,0.46745,5.21249,2.03864,0.11108,0.00366,1.76421,0.1503,0.00147,0.7889,0.03476,0.0,0.46753999999999996,0.11413999999999999,0.29959,0.0,0.00283,0.8164399999999999,1.47561,0.0,0.0,0.0,0.0,0.0,0.0,0.0,0.0,0.32846,0.01371,0.27202,0.024990000000000002,0.0,0.03401,0.00715,0.0,0.0,0.0,0.0,0.0,0.0,0.05265,0.001,0.8187,0.04561,0.0,0.0,0.0,0.033389999999999996,0.00295,0.0,0.0,0.05113,0.04869,0.25496,0.11608,0.0,0.0,0.26139,0.01151,0.0,0.19385,0.0,0.13511,0.11950999999999999,0.0,0.0,0.0,0.0,0.0,0.030289999999999997,0.0,0.00018,0.0,0.03934,0.0,0.01959,0.00441,0.0,0.02788,0.0,0.00378,0.0,0.0,0.04542,0.0,0.50913,0.08921,0.07048,0.31503,0.0,0.0,0.15802,0.03287,0.0,0.21657,0.00387,0.01157,0.0,0.0,0.01273,0.0,0.05694,0.0,0.0,1.20462,0.0,0.0,0.0,0.0,0.0,0.0,0.0,0.0,0.10212,0.01469,0.0,0.0,0.00693,0.0,0.0,0.0,0.00014,0.0,11.0098,0.0,0.0,0.0,0.00449,0.0,0.0,0.00618,0.0,0.0,0.0,0.50529,0.61647,0.0,0.05427,0.0,0.0,0.01533,0.0,0.01933,0.0,0.0,0.0,0.0,0.0,0.0,0.0,0.0,0.0,0.00424,0.03032,0.0,0.0,0.0,0.01328,0.00027,0.0,0.0,0.0,0.0,0.1162,0.0,0.0,0.0,0.0,0.0,0.00432,0.0,0.0,0.0,1.04424,0.0,0.0,0.0,0.0,0.0,0.0,0.0,0.0,0.0,0.0,0.0,0.0,0.0,0.00064,0.0,0.0,0.0,0.0,0.0
CRR1090628,0,0.0,17.337790000000002,1.0426199999999999,4.46776,0.35831,9.511040000000001,0.42773000000000005,0.72798,0.74863,0.0,0.02246,0.1267,0.71057,0.35588000000000003,3.72613,0.31419,2.05834,0.33773,4.04597,0.0,0.27658,1.5968600000000002,0.01807,0.03485,0.11514999999999999,0.13679,0.05381,0.0,1.36545,0.04218,0.00806,0.11508,5.21167,0.0,0.0,0.20149,0.6854,0.00387,0.27777,0.2288,1.36403,0.0,0.2211,0.0,0.282,0.06009,2.11097,0.03097,0.0033,2.55814,0.0,0.0,0.74922,0.05193,0.00024,0.12447,0.17567999999999998,0.21049999999999996,0.01103,0.01375,0.71551,0.6699400000000001,0.01061,0.00188,0.0,0.00462,0.0,0.01298,0.0,0.19428,3.10348,0.00775,0.01485,0.20334,0.0,0.026,0.0,0.0,0.0,0.0,0.0,0.00636,0.02215,0.09847,0.01501,0.16267,0.0,0.0,0.03251,0.0,0.00954,0.00087,0.34005,0.07549,0.9925,0.00213,0.08384,0.01386,0.16559,0.05142,0.12262,0.0,0.19513,0.16332,0.0,0.06086,0.15012,0.04943,0.0,0.0,0.0,0.00908,0.00438,0.0,0.0,0.0,0.00916,0.0,0.00909,0.0,0.00333,0.00012,0.0,0.03745,0.01449,0.01214,0.0,0.00018,0.11086,0.01761,0.00653,0.031869999999999996,0.0,0.06034,0.0,0.0,0.0,0.87964,0.0,0.0,0.0,0.0,0.00836,0.0,0.00277,0.0,0.09527,1.71532,0.12479,0.25157,0.21127,0.0,0.0,0.09095,0.97388,0.06155,0.0,0.0169,0.03454,0.0,0.00147,0.0,0.01165,0.0,0.0,0.0,0.00111,0.0,0.06827,0.00182,0.0,0.0,0.00409,0.01584,0.0,0.33302,0.29219,0.72471,0.02803,0.19137,0.0,0.03662,0.03932,0.05304,0.3265,0.19184,0.03894,0.01895,0.26157,0.0,0.01547,0.2037,0.00746,0.27875,0.01919,0.10943,0.03673,0.01018,0.05297,0.0,0.0,0.0,0.0,0.0,0.0,0.0,0.0,0.0,0.0,0.0,0.0,0.0,0.0,0.0,0.10394,0.0405,0.55095,0.0,0.24423,0.0,0.04645,0.10894,0.01499,0.00134,0.00071,0.0,0.0,0.20283,0.00606,0.00184,0.0,0.0,1.41548,0.0,0.0,0.0
CRR1090629,0,1.65102,0.0,0.00603,0.0,0.0,22.90247,0.0,0.0,0.0,0.0,0.0,0.76142,0.0,0.0,4.14544,0.0,0.0,0.0,0.0,1.56027,0.0,3.63769,0.0,0.0,0.0,0.49638,0.0,0.31386000000000003,0.0,0.0,0.0,0.0,12.510860000000001,3.71744,0.0,0.0,0.0,0.13964,0.0,0.0,0.0,0.0,0.0,0.0,0.0,0.21582,10.96015,0.0,0.0078,0.0,0.0,2.22849,0.8011,0.0,0.0,0.0,0.69679,0.0,0.06784,0.02147,0.0,0.0,0.0,0.0,0.05956,0.0,0.013770000000000001,0.0,0.0,0.0,0.0,0.0,0.0,0.27183,0.0,0.0,0.16448,0.0,0.0,0.0,0.0,0.0,0.0,2.63472,0.038270000000000005,0.01263,0.0,0.13177,0.00268,0.0,0.00718,0.05236,0.0,0.0,0.0,0.0,0.0,0.0,0.0,0.0,0.0,0.010190000000000001,0.0,2.5730299999999997,0.0,0.0,0.0,0.0,0.0,0.0,0.0,0.0,0.0,0.0,0.0,0.0,0.0,0.0,0.0,0.0,0.0,0.0,0.0,0.0,0.0,0.0,0.0,0.0,17.138889999999996,0.0,0.0,0.0,0.0,0.0,1.56694,0.0,0.0,0.0,0.0,0.0,0.0,0.0,0.03531,0.0,0.0,0.0,0.0,0.0,0.0,0.0,0.0,0.0,1.70454,0.0,0.0,0.0,0.0,0.0,0.0,0.0,0.00262,0.0,0.0,0.0,0.0,0.0,2.43794,0.0,0.0,0.0,0.0,0.0,0.0,0.0,0.0,0.0,0.0,0.0,0.0,0.0,0.0,0.0,0.0,0.0103,0.0,0.0,0.0,0.0,0.0,0.0,0.0,0.0,0.0,0.0,0.0,0.0,0.0,0.0,0.0,0.0,0.26154,0.0,0.0,0.0,0.0,0.0056,0.0,0.0,0.0,0.0,0.0,0.0,0.0,0.0,0.0,0.0,0.0,0.0,0.0,0.0,0.0,0.0,0.0,0.0,0.0,0.0,0.0,0.0,0.0,0.0,0.0,0.0,0.0,0.0,0.17139,0.0
CRR1090630,0,0.0,5.842709999999999,4.7545,6.76315,0.45288,8.33031,3.67482,0.0,0.11189,8.26281,0.0,1.65409,0.0,0.0,1.26515,0.0,0.0,0.0,0.0,0.8722,0.0,0.22605,0.0,0.0,0.0,0.7399,0.0172,0.85344,0.13887,0.44689,0.0,0.0,0.07495,1.27837,0.0,0.34193,2.36389,12.00835,0.0,0.0,0.0,0.00375,0.0,0.01137,0.67704,2.33863,5.60147,0.0,0.0,0.0,0.0,0.0,0.26564,0.0,0.0,0.53953,0.03598,0.0,0.0,0.0,0.00124,0.159,0.0,0.0,0.01993,0.0,0.00057,0.00995,0.0,0.0,0.0,0.0,0.0,3.03055,0.0,0.0,0.02895,0.0,0.0,0.0,0.0,0.0,0.0,9.31164,0.00292,0.0,0.0,0.0,0.0,0.03755,0.0,0.0,0.0,0.0,0.0,0.04174,0.0,0.0,0.0,0.0,1.91087,0.0,0.0,0.00461,0.0,0.0,0.22175,0.0,0.0,0.0,0.0,0.0,0.32909,0.0,0.0,0.0,0.0,0.0,0.0,0.0,0.0,0.0,0.0,0.0,0.0,0.0,0.0,0.03377,0.0,1.39655,0.0,0.0,0.0,0.0,0.0,0.0,0.0,0.0,0.0,0.0405,0.0,0.0,0.0,0.0,0.0,0.0,0.0,0.0,0.2203,0.0,0.0,0.0,1.0323,0.0,0.0,0.0,0.0,0.0,0.0,0.0,0.0,0.0,0.0,0.0,0.0,0.0,0.0,0.0,0.0,0.0,0.0,0.0,0.0,0.0,0.0,0.0,0.0,0.0,0.0,0.0,0.0,0.13345,0.0,0.0,0.0,0.0,0.0,0.0,0.0,0.0,0.0,0.0,0.0,0.0,0.0,0.0,0.0,0.0,0.0,0.0,0.05405,0.0,0.0,0.0,0.0,0.0,0.04145,0.0,0.0,0.08401,0.0,0.0,0.0,0.0,0.0,0.0,0.0,0.0,0.0,0.0,0.0,0.0,0.0,0.0,0.0,0.0,0.0,0.0,0.00373,0.0,0.0,0.0,0.0,0.05429,0.01174,0.26454
CRR1090631,0,0.01098,3.78251,2.80687,6.679119999999999,0.0,18.245710000000003,5.50368,0.02989,0.0,6.17079,0.0,0.22336,6.96022,0.084,0.76925,0.0,0.07667,0.0,12.299389999999999,0.00029,0.0,0.6827000000000001,0.00337,0.0,0.0,0.37996,0.0,0.01025,0.26081,0.0,0.0,3.33598,0.16863,0.02325,0.0,0.44945,0.27397,0.06932,0.0,0.0,0.0,0.00032,0.0,0.0,0.48626,1.94641,0.6941100000000001,0.0,0.0015,0.0001,0.0,0.0,11.235779999999998,0.0807,0.0005,0.71431,0.02957,0.24622,0.0,0.0,0.04528,0.37036,0.0,0.0,0.0,0.0,0.0,0.0,0.0,0.0,0.36563,0.0,0.03319,0.07319,0.0,0.27174,0.0,0.0,0.64971,0.0,0.0,0.0,0.0,0.96297,0.0,0.5179199999999999,0.60604,0.0,0.0,0.00848,0.0,0.0,0.02739,0.0,0.0,0.0,0.0,1.01604,0.0,0.0,0.0,0.0,0.0,0.00046,0.0,0.03612,0.44184,0.00576,0.0,0.0,0.0,0.0,0.03245,0.0,0.0,0.0,0.01146,0.0,0.0,0.06055,0.16273,0.00902,0.0,0.02867,0.0,0.0,0.03115,0.0,0.0012,0.11379,0.0,0.05037,0.0,0.0,0.0,0.0,0.0,0.0,0.0,0.0,0.0,0.0,0.0,0.0,0.0,0.0,0.0,0.51645,0.16354,0.0,0.0,0.0,0.0,0.0,0.0,0.0,0.0,0.0,0.0,0.0,0.0,0.0,0.0,0.00618,0.0,0.0,0.0,0.0,0.0,0.03151,0.0,0.0,0.0,0.0,1.30029,0.0,0.01408,0.0,0.0,0.0,0.0,0.21933,5.44747,0.00021,0.0,0.0,0.0,0.0,0.0,0.0,0.0,0.0,0.0,0.0,0.0,0.0,0.0,0.0,0.0,0.0,0.00431,0.0,0.0,0.0,0.0,0.0,0.0,0.0,0.0,0.0,0.0,0.0,0.0,0.0,0.0,0.0,0.0,0.0,0.0,0.0,0.0,0.0,0.0,0.0,0.0,0.0,0.0,0.0,0.0,0.0,0.0,0.0,0.0,0.0,0.0,0.0
CRR1090632,0,0.0,0.30839,0.45426000000000005,4.96996,7.2656,6.192640000000001,0.0,0.0141,0.07598,2.94957,0.0,0.05506,0.0,1.10299,4.12957,0.19555,1.20355,0.0,9e-05,0.0,0.0,4.98497,0.0,0.0,0.0,10.04317,0.00882,0.0969,1.76129,0.0,0.0,0.0,0.36894,0.19235,0.0,0.20743,0.0,0.93524,0.0,0.0,0.0,0.00195,0.0,0.0,0.66191,2.18656,1.33505,0.0,0.01264,0.0,0.0,0.05854,0.03066,0.39613,0.0,1.93647,0.21383,0.5610200000000001,0.0,0.05663,4.25164,2.3411,0.0,0.0,0.0,0.0,0.00189,0.0446,0.0,0.0,0.0,0.0,0.01926,1.31173,0.0,0.0,0.0,0.00062,0.0,0.0,0.0,0.0,0.0,0.02489,0.02402,4.19508,0.22074,0.0,0.00481,0.0,0.00069,0.00087,0.0,0.0,0.0,0.0,0.0,0.0,0.0,0.0,0.0,0.01069,0.0,0.5392,0.0,0.0,0.31476,0.0,0.0,0.0,0.0,0.0,0.0,2.03825,0.00271,0.0,0.0,0.0,0.0,0.42722,0.0,0.0,0.0,0.0,0.0,0.0,0.05462,0.0,0.00132,0.0,0.0,0.0,0.0,0.0,0.0,0.0,0.0,0.0,0.0,0.0,0.0,0.0,0.007850000000000001,0.0,0.0,0.0,0.0,0.0,0.03069,0.0,0.0,4.67118,0.0,0.0,0.0,0.0,0.0,0.06132,0.0,0.0,0.0,0.0,0.0,0.0,0.0,0.0,0.0,0.97468,0.0,0.0,0.0,0.28325,0.018,0.0,0.0,0.0,0.0,0.0,0.0,0.0,0.0,0.13306,0.0,0.00051,0.0,0.0,0.0,0.0,0.0,0.0,0.0,0.0,0.0,0.0,0.0,0.0,0.0,0.0,0.0,0.0,0.0,0.0,0.0,0.0,0.0,0.00187,0.0,0.0,0.0,0.00294,0.0,0.0,0.0,0.0,0.0,0.0,0.0,0.0,0.0,0.0,0.0,0.0,0.0,0.0,0.0,0.0,0.0,0.0,0.0,0.0,0.0,0.0,0.0,0.0,0.00321,0.0
CRR1090634,0,0.0,5.9412400000000005,1.82207,2.45376,0.04295,7.187660000000001,0.45807000000000003,0.43977000000000005,0.13538,0.0,0.00566,0.22247,0.63279,0.2816,0.45777,0.0,0.09232,0.50884,1.8116400000000001,0.0,0.0,0.46312,0.04847,0.00273,0.09772,0.3860799999999999,0.0,0.02811,1.55518,0.03461,0.00301,0.52646,1.425,0.0,0.0,0.2434,1.24891,0.62218,0.11068,0.00369,0.68216,0.01757,0.14671,0.0,0.11581,0.042910000000000004,1.26647,0.08914,0.00354,20.64164,0.0,0.01466,0.7492899999999999,0.04288,0.0,0.27091,0.26605999999999996,0.13689,0.0,0.00213,0.21844,0.18549000000000002,0.0,0.00199,0.0,0.0,0.0,0.01608,0.0,0.0,1.28435,0.33918,0.12777,0.23159999999999997,0.0,0.33609,0.00356,0.0,0.0,0.0,0.0,0.0,0.03889,0.01486,0.0,0.44553,0.07884,0.0,0.0,0.002,0.0,0.0,0.01005,0.0,0.34697,0.01194,0.74931,0.0158,0.0,0.0,0.0,0.0,1.1154,0.09894,0.3261,0.0,0.19912000000000002,0.00202,0.0,0.0,0.08749,0.0,0.01233,0.0,0.0,0.0,0.18022,0.0,0.08789,0.02217,0.00645,0.0,0.0,0.02168,0.0,0.07113,0.01018,0.0,0.08615,0.00098,0.01969,0.01362,1.05954,0.01174,0.17371,0.0,0.01325,0.33615,0.0,0.00011,0.0,0.03073,0.0,0.0,0.00886,0.0,0.0156,0.23499,0.0,0.0,0.0,0.0,0.0,0.07116,0.0,0.0,0.0,0.0,0.0,0.0,0.0,0.0,0.0,0.00184,0.0,0.01105,0.0,0.0,0.0,0.00359,0.0,0.0,0.0,0.0,11.66833,0.67424,0.00955,0.0,0.05024,0.00835,0.0,0.14211,2.27301,0.00262,0.41326,0.02082,0.0,0.0,0.0,0.0,0.0,0.0,0.0,0.0,0.0,0.0,0.0,0.0,0.0,0.0,0.0,0.0,0.0,0.0,0.0,0.0,0.0075,0.0,0.0,0.0,0.0,0.0,0.01922,0.0,0.0,0.00252,0.0,0.0,0.06465,0.0,0.0,0.0,0.06176,0.0,0.0,0.0,0.05995,0.0,0.0,0.0,0.0,0.0,0.1824,0.0,0.0,0.06518
CRR1090637,0,0.0,4.7044,0.6491,8.11201,4.46419,13.856110000000001,6.97037,0.49616,0.0,0.07387,0.47641,0.58528,0.0,0.6701,6.07769,0.22207,1.23739,0.0,4.4402099999999995,0.0,0.0,6.94699,0.00385,0.0,0.0,1.3955700000000002,0.0,0.0883,2.14853,0.09491,0.0,2.17022,0.25945999999999997,0.10996,0.0,0.80821,0.65427,0.0,0.0,0.0,0.0,0.0,0.0,0.00705,3.73236,0.00032,1.4816799999999999,0.0,0.0,0.0,0.0,0.20243,1.1503999999999999,0.10128,0.0,0.05562,0.89896,0.42982,0.00577,0.08076,2.46472,4.86958,0.0,0.0,0.0,0.0,0.00291,0.07508,0.0,0.0,0.05069,0.01885,0.00758,0.10702,0.0,0.2419,0.00506,0.00196,0.0,0.0,0.0,0.00594,0.0,0.66677,0.26953,8.94231,0.0,0.0,0.02872,0.02757,0.0,0.00825,0.0,0.0,0.0,0.10069,0.0,0.0,0.0,0.0,0.0,0.0,0.0,0.0,0.0,0.0,0.0,0.28512,0.0,0.0,0.0,0.0,0.19859000000000002,4.16101,0.0,0.0,0.0,0.0,0.0,0.0,0.0,0.01334,0.0,0.0,0.0,0.0,0.0,0.0,0.010360000000000001,0.0,0.0,0.0849,0.0,0.0,0.0,0.0,0.0,0.0,0.0,0.00689,0.0,0.0,0.04196,0.0,0.0,0.0,0.0,0.0,0.38615,0.0,0.0,0.0,0.0,0.0,0.0,0.0,0.0,0.0,0.0,0.0,0.0,0.0,0.0,0.0,0.0,0.0,0.0,0.0,0.0,0.0,0.0,0.0,0.37017,0.0,0.0,0.0,0.0,0.0,0.0,0.0,0.0,0.0,0.0,0.01193,0.0,0.0,0.0,0.0,0.0,0.0,0.0,0.09067,0.0,0.0,0.0,0.26589,0.0,0.0,0.0,0.0,0.0,0.0,0.0,0.0,0.0,0.0,0.0,0.0,0.0,0.0,0.0,0.0,0.0,0.0,0.0,0.0,0.0,0.00518,0.0,0.0,0.0,0.01263,0.0,0.0,0.0,0.01116,0.0,0.0,0.0,0.00505,0.0,0.11358,0.0,0.0,0.0,0.0
CRR1090639,0,0.0,10.233929999999999,0.21892,0.49829999999999997,0.09896,0.70326,4.29025,0.53534,0.02046,0.0,0.0,0.31731,0.0906,0.9556399999999999,1.87558,0.22765,0.39074,0.01419,4.125959999999999,0.0,0.0,1.33747,0.00339,0.22075,0.01743,0.09523999999999999,0.0,0.01628,0.85253,0.0,0.14175,2.23762,0.12666,0.00113,0.0,0.03177,0.27115,2.28125,0.00913,0.03019,0.02881,0.02985,0.0,0.0,1.25481,0.01696,0.9851300000000001,0.00746,0.00916,0.25548,0.0,0.0,1.27378,0.00991,0.0,1.24884,0.01532,0.13447,0.0,0.01015,0.03942,1.16181,0.0,0.00283,0.0,0.0101,0.0,0.0099,0.00086,0.0,1.03699,0.01707,0.02142,0.01129,0.0,0.0144,0.01506,0.0,0.0,0.0,0.0,0.00279,0.0,0.01272,0.0952,0.34097,0.02242,0.0,0.00467,0.0,0.01474,0.00235,0.0,0.0,0.0,0.0,0.10409,0.0,0.0,0.0,0.34347,0.0,0.0,41.8714,0.08599,0.18174,0.01698,0.07715,0.03294,0.01224,0.0,0.0,0.0,0.0,0.0,0.0,0.0,0.0,0.0,0.0,0.00018,0.0,0.0,0.02688,0.00322,0.05169,0.01438,0.01342,0.00912,0.00973,0.00306,0.0,0.0,0.0,0.0,0.0,0.00023,0.02407,0.00018,0.0,0.0,0.0,0.00492,0.00378,0.03484,0.0,0.0,0.0,0.02068,0.09891,0.08411,0.0,0.0,0.0,0.0,0.0,0.0,0.0,0.0,0.0,0.0,0.0,0.0,0.12927,0.0,0.0,0.0,0.0,0.0,0.0,0.0,0.0,0.0,0.0,0.0,0.0,0.0847,0.0,0.08191,0.12242,0.00171,0.01619,0.83944,0.01851,0.0,0.0,0.0,0.0,0.0,0.0,0.0,0.07647,0.0,0.0,0.0,0.0,0.0,0.0,0.0,0.02957,0.0,0.0,0.00657,0.0,0.0,0.0,0.15217,0.0,0.0,0.00016,0.00291,0.00148,0.02486,0.00535,0.0,0.0,0.5678,0.0,0.0,0.0,0.0,0.0,0.0,0.0,0.0,0.0,0.0,0.0,0.0,0.0,0.00673,0.00887,0.0,0.02846,0.0,0.0
CRR1090646,1,0.0,6.6325899999999995,0.08219,0.44938,0.14469,0.5391800000000001,0.0,0.66249,0.02378,0.0,0.07849,1.89385,0.15731,0.17193999999999998,0.03503,1.00908,0.00433,0.0,0.44473999999999997,0.01599,0.0,0.06253,0.05228,0.0,0.0,0.01531,0.0,0.04634,0.11965,0.15724,0.0,0.0144,0.00148,0.0,0.0259,0.06174,0.0,0.0,0.00198,0.0,0.01853,0.07867,0.02026,0.0,0.02962,2.8588999999999998,0.03955,0.00723,0.0,0.0,0.0,0.059980000000000006,0.10994,0.0,0.0,0.01231,0.00615,0.00521,0.0,0.0,0.0,0.00565,0.03853,0.0,0.0,0.0,0.0,0.0,0.0,0.0,0.20487,0.26515,0.0,0.02771,0.0,0.00972,0.0,0.0,0.0,0.02931,0.0,0.0,0.0,0.40569,0.00171,0.0,0.26629,0.0,0.0,0.00105,0.0,0.0,0.0,0.0,0.0,0.0,0.0,0.26665,0.0,0.0,0.67112,0.0,0.0,34.88489,0.50375,0.0,0.00219,0.0,0.0,0.0,0.01564,0.0,0.00534,0.0,0.0,0.0,0.00162,0.01792,0.0,0.0,0.0,0.0,0.01524,0.0,0.0,0.0007,0.05062,0.0,0.0,0.0,0.00745,0.0,0.0,0.0,0.0,0.0,0.0,0.0,0.0,0.0,0.0,0.0,0.0,0.0,0.0,0.0,0.00078,30.253,0.31704,0.0,0.0,0.0,0.0,0.0,0.0,0.0,0.00983,0.0,0.0,0.0,0.0,0.0,0.0,0.0,0.0,0.0,0.23775,0.0,0.0,0.0,0.0,0.0,0.0,0.0,0.04207,0.0,0.03915,0.0,1.02344,0.0,0.0,0.0,12.20161,0.0,0.00023,0.0,0.0,0.0,0.0,0.0,0.03944,0.0,0.0,0.0,0.0,0.0,0.0,0.0,0.00186,0.0,0.0,0.0,0.0,0.0,0.0,0.0,0.0,0.0,0.0,0.0,0.0,0.0,0.0,0.0,0.0,0.0,0.0,0.0,0.0,0.0,0.0,0.0,0.0,0.02066,0.0,0.0,0.0,0.0,0.0,0.0,0.0,0.0,0.0,0.0,0.0,0.0
CRR1090650,0,0.00045,8.18234,0.52401,3.60184,0.06475,5.32174,1.38898,0.02974,0.12604,1.10421,0.0,0.11247,0.0,0.8191299999999999,0.49942,0.07197,0.01871,0.06088,11.2796,0.01436,0.0,0.12942,0.0,0.06258,0.07898,1.0594300000000005,0.0,0.00927,0.35213,0.03591,0.0,1.74157,0.32153,0.00094,0.0,0.18317,0.15674,0.0,0.36956,0.0,0.0,0.00544,0.0,0.00113,4.55004,0.49015,5.336480000000001,0.2214,0.00037,0.0,0.0,0.01825,5.08262,0.0,0.0,0.59653,1.2557,9.7883,0.0,0.00273,0.04292,1.20622,0.0,0.0,0.0,0.0,0.0,0.06451,0.0,0.0,1.08961,0.36546,16.95766,0.36171000000000003,0.0,0.96998,0.00174,0.0,0.0,0.0,0.0,0.0,0.0,0.67155,0.00273,0.93723,1.03913,0.0,0.0,0.0,0.00481,0.0,0.0,0.0,0.0,0.0,0.0,0.0,0.0,0.0,0.93817,0.0,0.0,1.00313,0.07783,0.0167,0.05491,0.04349,0.0,0.00706,0.0,0.0,0.54666,0.0,0.00096,0.00063,0.08025,0.0,0.00671,0.29051,0.21004,0.01292,0.0,0.0,0.0,0.0,0.16279,0.0,1.6762700000000001,0.32315,0.0,0.0,0.0,0.0,0.0,0.0,0.0,0.0,0.0,0.0,0.0,0.0,0.0,0.0,0.02256,0.00315,0.0,0.14361,0.09392,0.0,0.60111,0.0168,0.12042,0.0,0.0,0.0,0.12117,0.04986,0.0,0.0,0.0,0.00121,0.0,0.0,0.0,0.0,0.0,0.0,0.0,0.03183,0.0,0.00432,0.0,0.0,0.0,0.0,0.04091,0.0,1.64475,0.25456,0.0,0.0,0.0,0.0,0.0,0.0,0.0,0.0,0.0,0.0,0.05164,0.0,0.0,0.0,0.0,0.0,0.0,0.0,0.0,0.0,0.0,0.16302,0.0,0.0,0.0,0.0,0.43889,0.0,0.0,0.008,0.0,0.0,0.0,0.0,0.0,0.1825,0.0,0.0,0.0,0.0,0.0,0.0,0.0,0.0,0.0,0.0,0.0,0.0,0.0,0.0,0.0,0.0,0.0,0.0,0.0,0.0
CRR1090652,1,0.0,10.588759999999999,0.51814,3.5760300000000003,0.0,23.410330000000002,0.0,1.65513,0.0,3.28542,0.246,0.83248,2.54149,0.5522199999999999,3.78009,0.46638,1.10612,0.0,2.7577,0.04124,0.0,0.88281,0.0,0.0,0.0,0.43016,0.00587,0.06135,0.5676300000000001,0.27121999999999996,0.0,0.0,0.16101000000000001,0.27615,0.0,0.32989,0.0,0.00588,0.0,0.0,0.0,0.0011,0.0,0.0,0.92611,0.63209,8.27754,0.34706000000000004,0.0,0.0,0.0,0.060000000000000005,0.23994,0.0,0.0,0.07611,0.33962,7.378500000000001,0.0,0.03705,2.36059,1.13498,0.01598,0.0,0.0,0.1014,0.0,0.16827,0.0,0.0,0.0,0.38558,0.02535,0.16192,0.03303,0.62246,0.00129,0.0,0.0,0.01575,0.0,0.00418,0.0,0.3551,0.00238,1.44046,0.0,0.0,0.0,0.01141,0.00574,0.0,0.0,0.0,0.0,0.0,0.0,0.0,0.0,0.0,0.0,0.0,0.0,0.0,0.6007,0.0,0.1674,0.0,0.0,0.00385,0.21285,0.0,0.40486,0.0,0.00032,0.0,0.0,0.0,0.0,0.00437,0.0,0.00718,0.01064,0.0,0.0,0.0,0.11273,0.0,0.00195,0.07644,0.03483,0.0,0.0,0.0,0.0,0.04669,0.0,0.0,0.02258,0.00989,0.0,0.02606,0.0,0.23537,0.2405,0.00215,0.0,8.16919,0.21726,0.0,0.0,0.21102,0.0,0.0,0.0,0.0,0.0,0.0,0.0,0.0,0.0,0.0,0.0,0.0,0.0,0.13889,0.0,0.0,0.0,0.0,0.0,0.0,0.01011,0.0,0.0,0.0,0.70169,0.0,0.0,0.0,0.0,0.0,0.0,0.0,0.0,0.0,0.0,0.02817,0.0,0.0,0.0,0.0,0.0,0.53204,0.0,0.09784999999999999,0.0,0.0,0.0,0.0,0.0,0.00139,0.04193,0.0,0.01127,0.0,0.09445,0.0,0.0,0.00178,0.07288,0.0,0.0118,0.0,0.0,0.0,0.0,0.14995,0.36658,0.0,0.0,0.0,0.0,0.0,0.0,0.16632,0.0,0.0,0.0,0.0,0.0,0.11094,0.0,0.0,0.0,0.0
CRR1090653,0,0.0,0.0,1.35953,1.63317,9.16468,3.9536700000000007,0.0,0.02931,0.0,1.12565,0.0,4.07457,0.0,3.08114,4.17005,0.25113,0.0,0.0,1.51776,0.01145,0.0,0.7316400000000001,0.01229,0.0,0.0,0.00614,0.0,1.04051,0.50771,0.0,0.0,0.0,0.048650000000000006,0.0871,0.0,0.18587,0.0,0.18949,0.0,0.0,0.0,0.00469,0.0,0.00108,1.2705,20.88805,4.643929999999999,0.0,0.00199,7.62665,0.0,0.7217,6.00508,0.04314,0.0,0.04598,0.03601,0.42618999999999996,0.0,0.01373,1.99726,0.96055,0.0,0.00134,0.0,0.0,0.0,0.04577,0.0,0.0,0.0,1.92687,0.0,0.05123,0.11151,0.63273,0.00462,0.0,0.0,0.0,0.0,0.00567,0.0,0.96174,0.05577,0.32261,2.1897,0.0,0.0,0.0,0.02972,0.0,0.0,5.60258,0.0,0.0,0.34739,0.0,0.0,0.0,0.0,0.00514,0.0,0.0,0.0,0.0,0.00146,0.0,0.0,0.0,0.0,0.0,0.01864,0.0,0.0,0.02173,0.0,0.0,0.00312,0.0057,0.0,0.01955,0.0,0.0,0.0,0.0,0.02757,0.0,0.0,0.05421,0.01293,0.0,0.0,0.0,0.0,0.0,0.0,0.0,0.0,0.0,0.0,0.0,0.0,0.0,0.0,0.0,0.0,0.0,0.16834,0.0,0.0,0.00788,0.0,0.0,0.0,0.0,0.0,0.0,0.0,0.0,0.0,0.01202,0.0,0.0,0.0,0.0,5.16326,0.12466,0.0,0.0,0.0,0.0,0.0,0.0,0.0,0.0,0.0,0.0,0.0,0.0,0.0,0.0,0.0,0.00501,0.0,0.0,0.0,0.0,0.0,0.0,0.0,0.0,0.0,0.0,0.0,0.01481,0.0,0.0,0.0,0.0,0.0,0.00619,0.0,0.0,0.0,0.0,0.0,0.0,0.0,0.0,0.0,0.0,0.0,0.0,0.0,0.0,0.0,0.31022,0.0,0.0,0.0,0.0,0.0,0.0,0.0,0.01168,0.0,0.0,0.01004,0.0,0.0017,0.0,0.0,0.0,0.0,0.0
CRR1090654,0,0.01436,11.70026,0.38741,0.53396,2.74943,3.01358,2.08878,0.47924,0.34479,0.00492,0.01738,0.01374,0.49035,1.42686,2.1131900000000003,0.09673,1.41235,0.18667999999999998,6.6824200000000005,0.00011,0.0,0.7713200000000001,0.0,0.023190000000000002,0.12733,0.14841000000000001,0.21565,0.0,1.29858,0.0,0.00334,0.87741,2.1525399999999997,0.0,0.0,0.01296,1.20962,0.68855,0.07495,0.10527,0.32171,0.00349,0.31388,0.35436999999999996,0.5534,1.8633000000000002,1.13682,0.03231,0.00075,15.49972,0.0,0.0,5.024920000000001,0.0138,0.0,0.07679,0.22777,0.14077,0.0,0.00904,0.24129,0.52072,0.0,0.0,0.00077,0.0,0.03044,0.00427,0.0,0.04664,1.1551399999999998,0.00806,0.08738,0.00159,0.0,0.05503,0.0,0.0,0.0,0.0,0.0,0.0,0.0,0.0031,0.01519,0.01404,0.0,0.0,0.006,7e-05,0.0023899999999999998,0.01157,0.86654,1.25849,0.0,0.0041,0.0,0.02838,0.0,0.85151,0.18013,0.0,0.26207,0.62442,0.1569,0.08207,0.05266,0.03163,0.0,0.0,0.0,0.45083,0.01169,0.0,0.0,0.0,0.0258,0.0,0.0,0.0,0.00481,0.00216,0.0,0.00035,0.00068,0.00537,0.0,0.0,0.30358,0.03294,0.00765,0.30279,0.0,0.0,0.0,0.0,0.0,0.37752,0.0,0.0,0.0,0.0,0.03317,0.0,0.0,0.0,0.00876,0.0,0.01593,0.0,1.54032,0.0,0.03753,0.00931,0.33518,0.00305,0.0,0.0,0.03586,0.0,0.0,0.0,0.05102,0.0,0.0,0.0,0.06615,0.0,0.01448,0.0,0.0,0.0,0.0,0.00194,0.0,0.0,0.0,1.392,0.0,0.0,0.0,0.13687,0.00439,0.04934,1.21247,0.01219,0.04873,0.00649,0.00658,0.0,0.01662,0.04196,0.01431,0.0197,0.0028,0.0,0.00822,0.02083,0.0,0.0,0.0,0.0,0.0,0.00327,0.0,0.0,0.0,0.00158,0.0,0.0,0.0,0.0,0.0,0.0,0.0,0.0,0.0,0.0,0.0,0.0,0.0,0.10589,0.0405,0.0,0.0,0.0,0.0,0.12424,0.0,0.00021,0.0,0.0,0.28611,0.0,0.0,0.01992
CRR1090655,1,0.0,15.625660000000002,1.2510000000000001,1.07835,0.23194,1.5634400000000004,1.93273,2.37201,0.23259,0.71829,0.0,1.05565,0.00137,0.06193,0.45115,0.0,0.18414,0.04885,0.9172499999999999,0.07956,0.45023,0.51914,0.0,0.03731,0.03196,0.16863999999999998,0.0,0.0,0.53388,0.00281,0.01559,0.33137,0.0,0.00335,0.0,0.0312,0.72675,0.04929,0.012,0.15861,0.01072,0.01246,0.01949,0.0,0.08614,0.10683000000000001,0.38925,0.02903,0.0,0.0,0.01932,0.0,0.17026999999999998,0.00019,0.0,0.33133999999999997,0.03388,0.03766,0.0,0.01784,0.00861,0.01976,0.00214,0.00045,0.02717,0.01258,0.0,0.0031200000000000004,0.0,0.00745,5.01528,0.03491,0.0,0.38664,0.0,0.38479,0.0,0.0,0.0,0.0,0.0,0.00339,0.3417,0.00774,0.010199999999999999,0.12986999999999999,0.096,0.0,0.00254,0.0,0.00293,0.0,0.10373,1.9322,0.19697,0.0001,0.2338,0.01668,0.08107,1.07286,0.17126,0.03034,0.0,0.0,0.24317,0.00315,0.00194,0.00139,0.00601,0.0,0.08673,0.18196,0.0,0.0,0.0,0.0,0.0,0.01033,0.00559,0.0,0.01866,0.0,0.00026,0.05954,0.01709,0.0,0.0,0.01385,0.02527,0.01987,0.00539,0.12092,0.02024,0.0,0.0,0.0,0.00043,0.02465,0.0,0.0,0.00673,0.07281,0.0,0.0,0.0,0.0,0.49912,0.0,0.0,0.01268,1.37313,0.00069,0.0,0.07187,0.64681,0.02195,0.00795,0.0,0.0,0.0,0.0,0.00231,0.02075,0.00068,0.00022,0.00365,5.39491,0.0,0.0,0.0,0.0,0.0,5e-05,0.0,0.0,0.06479,0.06295,1.55376,2.79759,0.10767,0.0,0.0,13.84553,0.00035,0.01181,0.0,0.00253,0.01189,0.31661,0.0,0.07076,0.22099,0.22694,0.0,0.06175,0.00929,0.10589,0.0,0.00887,0.00747,0.00927,0.01338,0.0,0.06568,0.0,0.0,0.0,0.0091,0.0,0.0,0.00883,0.0,0.0,0.0,0.00382,0.0,1.3587,0.0,0.35821,0.0,0.04203,0.0,0.12012,0.0,0.01102,0.0,0.0,0.13851,0.0,0.0,0.0,0.0,0.0,0.0,0.0,0.0
CRR1090657,1,0.0,0.0,2.90749,4.983720000000001,0.32868,6.51804,0.0,3.4734,0.0,0.0,0.0,0.23225,0.06305,5.5949599999999995,1.25416,0.61065,0.22945,0.0,6.10218,0.01471,0.0,1.29626,0.09393,0.4206,0.0,0.23286,0.0,0.7283000000000001,0.82848,0.09355,0.0,7.49929,0.17928000000000002,0.07485,0.0,2.63745,0.02071,0.06965,0.08307,0.10636,0.26581,0.0,0.0,0.0,0.82278,31.77106,0.43179,0.12445,0.15722,0.0,0.0,0.03546,2.3498,0.08129,0.0,0.11515,0.03249,0.4325,0.0,0.26777,0.23565,1.3328,0.0,0.0,0.0,0.0,0.0,0.0,0.0,0.0,1.58713,0.42222,0.93695,0.17237000000000002,0.00923,0.13547,0.0,0.0,0.0,0.0,0.0,0.04517,0.0,0.29493,0.12304000000000001,0.82286,1.69577,0.0,0.00509,0.0,0.0,0.00493,0.0,0.0,0.0,0.9388,0.0,0.02076,0.0,0.0,0.0,0.0,0.0,0.08469,0.0,0.02757,0.0,0.04508,0.0,0.0449,0.2598,0.07551,0.00045,0.0,0.00592,0.0,0.0,0.0,0.0,0.0,0.04121,0.03022,0.00545,0.0,0.0,0.07552,0.03583,0.04798,0.0,0.1473,0.03764,0.0,0.04248,0.0,0.0,0.0,0.0,0.0,0.0,0.10521,0.0,0.0,0.00893,0.0,0.12277,0.00014,0.06408,0.0,0.22736,0.0,0.0,0.11105,0.0,0.0,0.0,0.0,0.0,0.0,0.0,0.0,0.0,0.00394,0.0,0.04298,0.0,0.0,0.11384,0.0,0.39988,0.0,0.0,0.0,0.02756,0.0,1.58551,0.0,0.0,0.31991,1.48037,0.19599,0.0,0.0,0.0,0.01111,0.0,0.0,0.0,0.0,0.0,0.0,0.02227,0.0,0.08041,0.0,0.0,0.00697,0.0,0.0,0.0,0.0,0.0,0.0,0.0,0.0,0.0,0.0,0.0,0.00014,0.0,0.0,0.0,0.0,0.00628,0.0,0.0,0.0,0.0,0.02777,0.0,0.0,0.0,0.0,0.0,0.0,0.0,0.0,0.0,0.0,0.00617,0.0,0.0,0.0,0.0,0.00211,0.0,0.0
CRR1090658,1,0.0,0.0,0.92622,16.22732,2.38315,9.62647,14.37688,0.0,0.0,1.0186,0.0,6.69226,0.0,0.18664,0.72478,0.0,0.38665,0.0,0.25386,0.0,0.0,6.02183,0.0,0.0,0.0,0.24192,3.69396,0.20503,1.02821,0.0,0.0,2.54533,4.61216,0.13445,0.0,0.97256,1.83207,0.90811,0.0,0.0,0.0,0.0,0.0,0.71943,0.36742,6.731,2.89252,0.0,0.00526,0.0,0.0,0.14282,0.71071,0.11033,0.0,0.0,0.08559,1.57036,0.03075,0.62814,1.14487,0.7261599999999999,0.0,0.0,0.0,0.0,0.07257,0.0,0.0,0.0,0.0,0.0,0.00334,0.056620000000000004,0.0,0.03092,0.0,0.0,1.59576,0.0,0.0,0.0,0.0,1.91018,0.47719999999999996,0.0,0.0,0.0,0.21688999999999997,0.0,0.25973,0.03327,0.0,0.0,0.0,0.0,0.0,0.0,0.0,0.0,0.0,0.0,0.0,0.0,0.0,0.0,0.11302,0.0,0.0,0.0,0.0,0.0,0.0,0.06199,0.0,0.0,0.02208,0.0,0.0,0.0458,0.0,0.00449,0.0,0.0,0.0,0.0,0.12089,0.0,1.9865399999999998,0.0,0.0,0.0,0.0,0.0,0.0,0.0,0.0,0.0,0.0,0.0,0.0,0.0,0.08030000000000001,0.0,0.0,0.0,0.0,0.0,0.15718,0.0,0.0,0.0,0.16247,0.0,0.0,0.0,0.0,0.0,0.0,0.0,0.0,0.0004,0.0,0.0,0.0,0.0,0.00574,0.04462,0.0,0.00331,0.0,0.0,0.05425,0.006149999999999999,0.0,0.0,0.0,0.0,0.0,0.0,0.0,0.0,0.0,0.01301,0.0,0.0,0.0,0.0,0.0,0.0,0.0,0.0,0.0,0.0,0.0,0.0,0.0,0.0,0.0,0.0,0.0,0.0,0.0,0.0,0.0,0.0,0.0,0.0,0.0,0.0,0.0,0.0,0.0,0.0,0.0,0.0,0.0,0.0,0.0,0.0,0.0,0.0,0.0,0.0,0.0,0.0,0.0,0.0,0.0,0.0,0.0,0.0,0.0,0.0,0.00816,0.0
CRR1090659,0,0.0005,8.588420000000001,3.3255600000000003,21.1861,0.16474,18.630239999999993,0.01241,3.03845,0.02436,3.15879,0.00535,0.00782,0.11793999999999999,0.26355,0.14795999999999998,0.00156,0.07487999999999999,0.16582999999999998,15.766490000000001,0.08716,0.0,0.34515,0.0,0.0,0.0,1.3461599999999998,0.09031,0.04524,0.33325,0.01926,0.00123,1.60674,0.09742999999999999,0.04283,0.0,0.23915,0.18827,0.21176,0.0,0.00206,0.0,0.02229,0.0,0.03222,0.36821,1.87567,2.8653299999999997,0.0,0.0,0.0,0.0,0.20131,0.46713,0.00419,0.0,0.00864,0.76463,1.1988900000000002,0.00761,0.0,0.27281,0.36213,0.0,0.0,0.0,0.0,0.00099,0.12829,0.0,0.0,0.25865,0.24648,0.0,0.11207,0.0,0.20946,0.0,0.0,0.0,0.00082,0.0,0.0,0.0,0.51286,0.00076,0.42361,2.69787,0.0,0.0,0.0,0.0,0.0,0.0,0.0824,0.0,0.00982,0.0,0.0502,0.03515,0.0,0.68629,0.0,0.0,0.00304,0.0,0.09612,0.90604,0.0,0.0,0.0,0.0,0.00052,0.42187,0.04933,0.0,0.0,0.0,0.0,0.82836,0.35112,0.0,0.02444,0.0,0.00725,0.0,0.0,0.18714,0.0,1.38969,0.0,0.0,0.0,0.00351,0.0,0.0,0.0,0.0,0.03861,0.0,0.0,0.0,0.0,0.0,0.0,0.00766,0.0,0.0,0.0,0.08114,0.0,0.0,0.0,0.0,0.0,0.0,0.0,0.11044,0.14114,0.0,0.0,0.0,0.0,0.0,0.03149,0.0,0.0,0.25629,0.0,0.31422,0.12643,0.0,0.0,0.0,0.0,0.04863,0.0,0.0,0.0,0.0,0.07068,0.0,0.39131,0.0,0.0,0.0,0.00939,0.0,0.0,0.0,0.03595,0.0,0.0,0.0,0.0,0.0,0.13261,0.0,0.0,0.0,0.0,0.0,0.0,0.0,0.0,0.0,0.0,0.0,0.0,0.0,0.00362,0.0,0.0,0.0,0.0,0.0,0.0,0.0,0.00644,0.0,0.0,0.00233,0.16956,0.0,0.0,0.0,0.01893,0.0,0.0,0.0,0.03627,0.0,0.0,0.0,0.0,0.0,0.14587
CRR1090660,1,0.0,2.15814,0.0,5.74811,0.00455,12.35009,22.30762,0.53822,0.0,0.84576,0.0,0.20429,0.0,2.77361,1.76682,0.0,0.46540000000000004,0.0,9.336089999999999,0.00542,0.0,0.35078000000000004,0.0,0.0,0.0,0.66045,0.0,0.1154,0.4444,0.86137,0.0,4.67587,0.13113,0.00011,0.0,0.13775,0.36226,0.04062,0.13189,0.0,0.0,0.02362,0.0,0.0,0.87722,0.0,1.73664,0.01626,0.00015,0.0,0.0,0.04593,14.90516,0.17396,0.0,0.85719,0.26751,1.3490900000000001,0.0,0.0,0.12618,0.9902,0.0,0.0,0.0,0.01526,0.0,0.0,0.0,0.0,0.0,0.12473,0.10668,0.09997,0.00797,0.21033,0.0,0.0,0.0,0.0,0.0,0.01883,0.0,2.63266,0.0,3.40626,0.0,0.0,0.0,0.00731,0.0,0.0,0.0,0.0,0.0,0.04726,0.0,0.0,0.0,0.0,0.64514,0.0,0.0,0.0,0.0,0.21277,0.0,0.0,0.0,0.00892,0.0,0.0,0.03375,0.06756,0.0,0.0,0.3288,0.0,0.00268,0.02087,0.0,0.0,0.0,0.0,0.0,0.00508,0.03359,0.0,0.01046,0.52374,0.06923,0.22337,0.26458,0.0,0.0,0.0,0.0,0.0,0.0,0.0,0.0,0.0,0.0,0.0,0.19523,0.0,0.0,0.15444,0.24299,0.0,0.0,0.0,0.0,0.0,0.0,0.0,0.0,0.00328,0.0,0.0,0.0,0.0,0.0,0.0,0.0,0.0,0.0,0.0,0.0,0.30925,0.0,0.0,0.0,0.0,0.0,0.0,0.0,0.0,0.0,0.0,0.0,0.0,0.0,0.00276,0.0,0.0,0.0,0.0,0.0,0.0,0.0,0.0,0.0,0.0,0.0,0.01937,0.0,0.0,0.0,0.0,0.0,0.0,0.13267,0.0,0.00065,0.0,0.0,0.0,0.0,0.00458,0.0,0.0,0.00429,0.0,0.0,0.0,0.67297,0.0,0.0,0.00159,0.0,0.0,0.0,0.0,0.0,0.0,0.05062,0.0,0.0,0.0,0.0,0.00039,0.0,0.0,0.0,0.0
CRR1090662,0,0.0,2.51389,1.22669,6.80438,0.26252,23.626089999999998,1.31435,0.90907,0.14463,2.41098,0.05877,0.06732,0.60996,6.01011,0.70954,0.0611,0.57867,0.00111,7.82933,0.0,0.0,1.07225,0.00157,0.0,0.057850000000000006,5.1964299999999986,0.00026,0.09405,0.22576,0.0,0.0,0.64983,0.32755999999999996,0.00493,0.0,0.20839,2.16404,0.00306,0.03582,0.05205,0.23637,0.04791,0.98193,0.00097,0.7498,1.11044,5.94672,0.01846,0.0,0.0,0.0,0.0,4.692060000000001,0.08206,0.0,0.95779,1.2195999999999998,0.7838999999999999,0.0,0.0,1.95658,1.12915,0.0,0.0,0.0,0.0,0.047580000000000004,0.00304,0.0,0.0,0.48126,0.02309,0.00071,0.00789,0.0,0.42967,0.0,0.0,0.0,0.0,0.0,0.0,0.0,0.00867,0.00631,0.27815999999999996,0.54467,0.0,0.0,0.00175,0.0,0.0,0.0,1.01028,0.0,0.01588,0.0,0.03608,0.0,0.13266,0.41304,0.0,0.0,0.0,0.0,0.04537,0.02309,0.0185,0.0,0.0,0.0,0.0,0.00659,0.0,0.0,0.00101,0.01559,0.0,0.02333,0.0,0.0,0.00244,0.0,0.00213,0.0,0.01588,0.15078,0.01217,0.0696,0.03092,0.02635,0.10938,0.0,0.0,0.0,0.08362,0.0,0.0,0.0,0.0,0.0,0.0,0.0,0.0,0.0,0.0,0.00402,0.25305,0.18984,0.0,0.0,0.05662,0.0,0.89992,0.0,0.00773,0.0,0.0,0.00333,0.0,0.0,0.0,0.02362,0.0,0.0,0.0,0.0048,0.0,0.0,0.03997,0.0,0.0,0.0,0.0,0.0,0.0,0.03731,0.0,0.0,0.00856,0.01015,0.0,7.93168,0.00071,0.0,0.02653,0.0,0.0,0.0,0.0,0.00029,0.0,0.0,0.0,0.0,0.0,0.0,0.0,0.0,0.0,0.0,0.0,0.0,0.0,0.0,0.0,0.0,0.0,0.0,0.0,0.0,0.0,0.0,0.0,0.0,0.0,0.0,0.0,0.0,0.0,0.0,0.0,0.0,0.0,0.0,0.0,0.0,0.0,0.0,0.0,0.0,0.0,0.0,0.0,0.0,0.0
CRR1090664,1,0.0,16.22867,3.07979,3.4379399999999998,0.0,20.03705,0.29724,0.02166,0.19945,3.71627,0.0,0.55113,5.63732,0.63029,0.50853,0.20524,0.17074,0.0,1.15147,0.01239,0.0,0.8063,0.12432,0.05893,0.09131,0.12,0.0,0.03905,0.13261,0.05372,0.0,2.54082,0.03137,0.00539,0.0,0.19982,0.17918,0.01275,0.02263,0.28371,0.39346,0.02946,0.0,0.0,0.10128,1.2756900000000002,0.4566,0.41808,0.00761,0.0,0.02135,0.0044,0.50517,0.0,0.0,0.12064000000000001,0.00137,0.029619999999999997,0.0,0.02276,0.0491,0.41798,0.03667,0.0,0.00849,0.0,0.0,0.026520000000000002,0.0,0.0,2.40735,0.21873,0.0,0.26515,0.0,0.02775,0.0,0.0,0.14726,0.0,0.0,0.00188,0.0,1.03942,0.0,0.01693,0.03336,0.0,0.0,0.0,0.00341,0.0,0.0,0.0,0.0,0.06298,0.3441,0.01882,0.0,0.0,0.0,0.0,0.0,0.00561,0.0,0.0,0.04947,0.0,0.0,0.04659,0.11247,0.14154,0.00658,0.0,0.0,0.0382,0.0,0.0,0.0,0.0,0.04205,0.0,0.0,0.01563,0.0,0.05633,0.0,0.03924,0.00422,0.1486,0.01613,0.0,0.0,0.0,0.0,0.0,0.01367,0.0,0.00032,0.0,0.0,0.0,0.0,0.0,0.08845,0.00211,0.00529,0.51849,0.0,0.0,0.0,0.0,0.0,0.0103,0.0,0.0,0.03097,0.00975,0.0,0.0,0.0,0.0,0.0,0.0076,0.0,0.0,0.0,0.0,0.0,0.00362,0.0,0.0,0.01811,0.0,1.63751,0.0,0.08556,0.0,1.38708,0.0,0.01711,0.06178,19.4916,0.0,0.54969,0.0,0.0,0.0,0.0,1.14866,0.0,0.0,0.03222,0.49378,0.0,0.03829,0.0,0.0,0.0,0.0,0.0,0.04811,0.0,0.0,0.0,0.0,0.0,0.0,0.0,0.0,0.0,0.00145,0.00217,0.0,0.0,0.0,0.0,0.0,0.0,0.0,0.0,0.0,0.0,0.0,0.0,0.0,0.0,0.0,0.00409,0.0,0.00179,0.0,0.0,0.0,0.0,0.03996
CRR1090666,1,0.0,4.955640000000001,0.28886,1.48364,0.44527,1.0125400000000002,1.54742,0.8473600000000001,0.23221,0.0,0.04685,0.02391,0.01958,2.0113600000000003,1.07856,0.0,0.08171,0.06539,3.98986,0.0,0.0,0.32267,0.0002,0.22283,0.03086,0.96396,0.0,0.0,0.53178,0.0,0.0,2.08164,0.8089999999999999,0.0,0.0,0.10145,2.7280800000000003,0.01506,0.00641,0.07774,0.04378,0.02144,0.12875,0.0,0.33956,0.71528,6.93351,0.00349,0.0,9.7799,0.0,0.0,8.00942,0.01375,0.0,0.10225,0.53901,0.08536,0.0,0.0,0.02544,0.17371999999999999,0.0,0.0,0.0,0.0,0.0,0.00544,0.0,0.0,0.73457,0.04059,5.02805,0.00361,0.0,0.26012,0.0,0.0,0.00257,0.0,0.0,0.0,0.0,0.00455,0.0,0.10554,0.08996,0.01277,0.0,6e-05,0.0,0.00297,0.02676,0.40964,0.0,0.00324,0.0,0.1085,0.0,0.3128,0.69397,0.03047,0.50561,0.0,0.18359,0.0044,0.05042,0.03666,0.0,0.0,0.0,0.16139,0.05444,0.0,0.0,0.0,0.00552,0.02889,0.06585,0.01071,0.01731,0.0,0.0,0.01225,0.03463,0.00147,0.0,0.00132,0.20667999999999997,0.00347,0.00197,0.12240000000000001,0.03817,0.0,0.0,0.0,0.0,0.00745,0.0,0.0,0.0,0.0,0.00889,0.0,0.0,0.0,0.06095,2.38329,0.04538,0.0,0.0,0.07873,0.0,0.0,0.17919,0.0,0.0,0.0,0.02428,0.0,0.0,0.0,0.07399,0.0,0.0,0.0,0.0,0.0,0.00844,0.0,0.0,0.0,0.0,0.0,0.31185,0.14426,0.57588,0.0,1.58566,0.23352,0.0,0.0,4.94989,0.00469,0.00268,0.00791,0.02295,0.00418,1.05424,0.0,0.06922,0.08705,0.35887,0.0,0.10385,0.0,0.00525,0.02246,0.0248,0.0,0.0,0.0,0.0,0.0,0.0,0.0,0.0,0.05462,0.0,0.0,0.0,0.0,0.0,0.0,0.47097,0.08911,0.0,0.0,0.01281,0.0,0.00031,0.0,0.0,0.0,0.03485,0.0,0.0,0.0,0.0,0.0,0.0,0.0,0.0,0.0,0.0,0.0
CRR1090671,1,0.0,15.91359,3.54956,15.0089,0.0,13.22464,0.0,0.12615,0.24998,1.72125,0.40328,0.60061,0.0,3.08354,6.08459,0.22777,3.36245,0.15815,2.70927,0.0,0.0,1.3604200000000002,0.09523999999999999,0.35269,0.06924999999999999,0.64603,0.0,0.5424100000000001,0.0,0.07008,0.05857,1.93492,0.47518999999999995,0.04289,0.0,0.62552,0.07445,0.02864,0.02167,1.56096,0.0,0.0,0.0,0.0,0.67588,0.05352,2.98553,0.20015,0.0,0.08366,0.0,1.95637,2.71385,0.32168,0.0,0.0,0.07933,0.03918,0.0,0.09417,0.6307,0.27195,0.0,0.0,0.0,0.0,0.0199,0.0245,0.0,0.0,0.0,0.00821,0.06937,0.34010999999999997,0.0,0.03959,0.0,0.0,0.0,0.0,0.0,0.0,0.0,0.05537,0.05367999999999999,0.44389,9.32332,0.0,0.01091,0.00567,0.0,0.00746,0.0,0.95755,0.0,0.00375,0.0,0.0,0.0,0.0,0.0,0.0,0.0,0.0,0.0,0.0,0.24036,0.0,0.0,0.00601,0.0,0.0185,0.05618,0.0,0.0,0.0,0.0,0.0,0.0,0.00232,0.0,0.0,0.0,0.0,0.0,0.07347,0.0,0.0,0.00272,0.0017,0.0,0.0,0.0,0.0,0.0,0.23221,0.0,0.0,0.0,0.0,0.01645,0.0,0.01656,0.0,0.03459,0.0,0.0,1.3018,0.09968,0.0,0.38738,0.09535,0.0,0.29914,0.0,0.0,0.0,0.0,0.0,0.0,0.0,0.0,0.0,0.01571,0.00096,0.0,0.00576,0.0906,0.0,0.0,0.0,0.0,0.0,0.0,0.0,0.0,0.0,0.0,0.0,0.0,0.0,0.0,0.00476,0.0,0.0,0.0,0.0,0.0,0.0,0.0,0.0,0.0,0.0,0.0,0.0,0.0,0.0,0.0,0.0,0.0,0.0,0.0,0.0,0.0,0.0,0.00516,0.0,0.0,0.0,0.00252,0.33398,0.0,0.0,0.0,0.0,0.0,0.0,0.02178,0.0,0.0,0.0,0.0,0.0,0.0,0.0,0.0,0.0,0.0,0.0,0.0,0.0,0.0,0.0,0.0,0.0,0.0
CRR1090672,1,0.0,12.908610000000001,1.09226,11.30049,0.0,31.68917,0.80253,0.01786,0.41013,0.02024,0.15479,0.09624,1.36209,8.51062,0.50007,0.10473,0.07497,0.00325,9.36562,0.0,0.0,0.36022999999999994,0.0029,0.01518,0.01298,0.88164,0.0,0.01232,0.18822,0.00699,0.00117,0.51774,0.0,0.0,0.0,0.30624,0.09567,0.35087,0.0,0.0,0.0,0.00626,0.0,0.00497,0.22978,0.6621,2.4786900000000003,0.0,0.00533,0.0,0.0,0.0,5.828709999999999,0.02943,0.0,0.02765,0.36652999999999997,0.32955999999999996,0.0,0.01076,0.41587,0.6033,0.0,0.004,0.0,0.0,0.0,0.03048,0.0,0.0,0.78953,0.05539,0.00234,0.03782,0.0,0.00893,0.0,0.0,0.0,0.0,0.0,0.0023,0.0,0.22693,0.01918,0.33016,0.16024,0.0,0.0,0.0039,0.015189999999999999,0.0,0.0,0.548,0.0,0.00038,0.0,0.0036,0.0,0.0,0.0,0.0,0.0,0.0,0.0,0.0,0.0114,0.00067,0.0,0.0,0.00416,0.0,0.06658,0.01102,0.00019,0.0,0.00593,0.0,0.0,0.01971,0.00408,0.00049,0.0,0.0,0.0,0.02637,0.00035,0.01571,0.0,0.03401,0.04435,0.0109,0.0,0.0,0.0,0.0,0.0,0.0,0.0,0.0,0.0,0.0,0.0,0.0,0.00378,0.0,0.0,0.0,0.07561,0.03828,0.69559,0.08613,0.41469,0.08555,0.0,0.01993,0.0,0.00876,0.00339,0.0,0.0,0.0,0.0,0.00586,0.0,0.0,0.0,0.0,0.0,0.0,0.0,0.002,0.0,0.0,0.0,0.0,0.05548,0.0,0.0,0.0,0.6394,0.10108,0.33387,0.0,0.0,0.0,0.0,0.00102,0.0,0.0,0.0,0.0,0.0,0.00038,0.0,0.00172,0.00761,0.0,0.0,0.0,0.0,0.00676,0.0,0.0,0.00237,0.0,0.0,0.0,0.0,0.0,0.0,0.0,0.0,0.0,0.0,0.0,0.0,0.0,0.0,0.0,0.0,0.0,0.0,0.0,0.0,0.0,0.0,0.0,0.0,0.0,0.0,0.0,0.30994,0.0,0.0,0.0
CRR1090673,1,0.0,12.251430000000001,0.3557,53.20306,0.03937,9.265149999999998,0.45299999999999996,0.01555,0.0,1.44114,0.02411,0.07655,0.0,1.5831600000000001,0.20870000000000002,0.0,0.05272,0.0,5.35681,0.00218,0.0,1.30473,0.0,0.0,0.0,0.6993299999999998,0.0,0.04136,0.23926,0.00676,0.0,0.8414,0.0,0.0,0.0,0.27849,0.16174,0.00071,0.0,0.0,0.0,0.01078,0.0,0.0,0.17245,0.14311000000000001,2.8211,0.0,0.0,0.0,0.0,0.01228,0.1161,0.11255,0.0,0.09024,0.13673,0.35532,0.0,0.0,0.06322,0.15949,0.0,0.0,0.0,0.0,0.0,0.02494,0.0,0.09286,0.10569,0.21998,0.0,0.29043,0.0,0.22109,0.0,0.0,3.82674,0.0,0.0,0.0,0.0,0.07062,0.0,0.32289999999999996,0.03293,0.0,0.0,0.00487,0.0,0.0,0.0,0.0,0.0,0.0,0.0,0.0,0.0,0.0,0.0,0.0,0.0,0.25027,0.0,0.0029,0.11301,0.0001,0.0,0.0,0.0,0.0,0.20481,0.16918,0.0,0.00089,0.05363,0.0,0.0,0.04046,0.0,0.02521,0.0,0.0,0.0,0.0,0.03244,0.01583,0.0,0.04812,0.03387,0.0,0.0,0.0,0.0,0.0,0.0,0.0,0.0,0.02527,0.0,0.0,0.0,0.0,0.0,0.0,0.0,0.0,0.07727,0.0,0.0,0.00666,0.0,0.11234,0.0,0.0,0.0,0.02306,0.0,0.0,0.0,0.0,0.0,0.0,0.0,0.0,0.0,0.02557,0.0,0.0,0.0,0.00841,0.0,0.0,0.0,0.0,0.0,0.0,0.0,0.0,0.0,0.0,0.00195,0.0,0.0,0.0,0.0,0.0,0.0,0.0,0.0,0.0,0.0,0.0,0.0,0.00099,0.0,0.0,0.01247,0.0,0.0,0.01558,0.0,0.0,0.0,0.0,0.0,0.0,0.0,0.0,0.0,0.0,0.0,0.0,0.0,0.0,0.0,0.0,0.0,0.0,0.0,0.0,0.0,0.0,0.0,0.032,0.0,0.0,0.0,0.0,0.0,0.0,0.0,0.0,0.0,0.0
CRR1090675,0,0.0,23.94747,3.20911,3.7707800000000002,0.0,16.336800000000004,0.46009,0.06842000000000001,0.23116,4.14397,0.00365,1.15043,1.13516,1.75984,0.16568,0.19401,0.09838,0.07754,1.03951,0.23931,0.0,0.41345,0.0514,0.06374,0.02989,0.21366,0.0,0.04843,0.26861,0.08417,0.0,3.77626,0.00033,0.00275,0.0,0.14428,0.78575,0.04142,0.03143,0.0,0.0,0.00835,0.29384,0.0,0.1763,7.10533,1.4979599999999997,0.02527,0.00192,2.39807,0.0,0.00215,1.18201,0.05303,0.0,0.49213,0.08539000000000001,0.40334000000000003,0.0011,0.00408,0.42296,0.2274,0.00119,0.0,0.0,0.0,0.0,0.0,0.0,0.0,3.35539,0.08736,0.07472,0.04364,0.0,0.62551,0.04414,0.0,0.0,0.0,0.0,0.0063,0.0,0.07418,0.0,3.11008,0.29645,0.0,0.0,0.00371,0.0,0.0,0.0,0.0,0.0,0.01478,0.0,0.19611,0.0,0.0,0.38921,0.0,0.0,0.00227,0.0,0.00126,0.19692,0.00174,0.0,0.0,0.29358,0.73191,0.0,0.0,0.00204,0.02235,0.0,0.0,0.0,0.0,0.01472,0.02504,0.0,0.0,0.0,0.00522,0.00787,0.0,0.0,0.15669,0.02012,0.09672,0.41117,0.0298,0.0,0.00729,0.0,0.0,0.00518,0.0,0.0113,0.0,0.0,0.0,0.0,0.0,0.15986,0.0,0.34465,0.0,0.0,0.00148,0.0,0.20326,0.0,0.0,0.00941,0.02698,0.0,0.0,0.0,0.0,0.0,0.0,0.00147,0.00538,0.0,0.0,0.0,0.0,0.0,0.0,0.0,0.0,0.0,0.0,0.19633,0.0,0.43013,0.7565,0.0,0.00802,0.0,0.0,0.0,0.0,0.0,0.00352,0.02125,0.0,0.0,0.0,0.0,0.0,0.0,0.00753,0.0,0.0,0.0,0.0,0.0,0.00601,0.0,0.0,0.0,0.0,0.0,0.0,0.0,0.0,0.0,0.0,0.0,0.0,0.08563,0.0,5.16068,0.0,0.0,0.0,0.21734,0.0,0.0,0.0,0.02651,0.0,0.0,0.0,0.0,0.0,0.0,0.0,0.0,0.0,0.0,0.0
CRR1090678,0,0.0,1.3570499999999999,0.15572,2.6704600000000003,0.59717,2.0740800000000004,2.10483,0.12380000000000001,0.11946,0.03185,0.0,0.02324,0.0015,16.21941,9.867839999999998,0.0,4.967960000000001,0.0,10.37834,0.0,0.0,6.37057,0.02638,0.21723,0.020380000000000002,0.9875200000000002,0.0,0.20563,1.8256599999999998,0.0,0.00599,19.05608,0.49964000000000003,0.01705,0.0,0.001,0.28182,0.01393,0.06115,0.0,0.0,0.2239,0.0,0.0,2.35132,0.0,0.92183,0.0,0.01333,0.0,0.05688,0.039029999999999995,1.9016499999999998,0.51282,0.0,0.85575,0.06715,1.50769,0.0,0.18644000000000002,1.62565,2.33444,0.0,0.0175,0.0,0.0,0.0,0.0,0.0,0.0,0.00716,0.01048,0.0,0.29900000000000004,0.0,0.00338,0.0,0.0,0.0,0.0,0.0,0.00951,0.0,0.01955,0.021099999999999997,0.7569899999999999,0.00942,0.0,0.00077,9e-05,0.0163,0.01042,0.0,0.0,0.0,0.0,0.0,0.0,0.0,0.0,0.52598,0.0,0.0,0.00311,0.0247,0.0,0.0042,0.02181,0.0,0.0,0.0,0.0,0.01741,0.0,0.0,0.0,0.0,0.0,0.0,0.0023,0.0,0.0,0.0,0.0,0.08632,0.00987,0.0108,0.0,0.0,0.0,0.00514,0.0,0.06725,0.0,0.0,0.0,0.0,0.0,0.0,0.00025,0.0,0.0,0.0037,0.0,0.01612,0.0,0.0,0.1375,0.0,0.0,0.18567,0.1173,0.0,0.0,0.0,0.0,0.0,0.0,0.0,0.0,0.0,0.0,0.0,0.0,0.0,0.0,0.00015,0.0,0.0,0.0061,0.0,0.0,0.0,0.00091,0.0,0.0,2.51189,0.0,0.07704,0.0,0.0,0.0,0.30108,0.0,0.0,0.0,0.0,0.00519,0.0,0.0,0.0,0.0,0.0,0.0,0.0,0.010190000000000001,0.0,0.0,0.0,0.0,0.0,0.0,0.0,0.0,0.0,0.0111,0.00403,0.0,0.00042,0.0,0.0,0.0,0.0,0.0,0.0,0.0,0.66165,0.02297,0.0,0.0,0.0,0.0,0.0,0.0,0.0,0.0,0.09233,0.0,0.0,0.0,0.0,0.03947,0.0,0.0,0.0,0.0
CRR1090683,1,0.00425,0.0,2.44815,26.42231,0.22268,37.79362,2.22044,0.0,0.0,2.35809,0.0,0.16607,0.0,1.18087,1.9500400000000004,0.0,0.49659,0.0,3.5653,0.05748,0.0,1.3411699999999998,0.0,0.0,0.03024,1.0158,0.0,0.02009,0.21883,0.09926,0.0,0.0,0.00106,0.038239999999999996,0.0,0.26338,0.0,0.02172,0.0,0.0,0.0,0.0,0.0,0.0,0.25703,0.0,0.06512,0.18971,0.01005,0.0,0.0,0.085,0.42572,0.37566,0.0,0.39704,0.11738,1.5496400000000001,0.0,0.0,1.58711,0.92194,0.0,0.0,0.0,0.0,0.0,0.01288,0.0,0.0,0.0,0.0,0.29164,0.95404,0.0,2.16786,0.0,0.0,0.0,0.0,0.0,0.0,0.0,3.03295,0.0,2.23618,0.0,0.0,0.0,0.01693,0.0,0.0,0.0,0.0,0.0,0.01697,0.0,0.0,0.0,0.0,0.0,0.0,0.0,0.0,0.0,0.0,0.01029,0.0,0.0,0.0,0.0,0.0,0.24962,0.09977,0.0,0.0,0.0,0.0,0.0,0.00344,0.0,0.0367,0.0,0.0,0.0,0.0,0.0,0.0,0.00148,0.3722,0.0381,0.0,0.0,0.0,0.0,0.0,0.0,0.0,0.0,0.0,0.0,0.0,0.0,0.0,0.05818,0.0,0.0,0.08293,0.02292,0.0,0.0,0.0,0.0,0.00403,0.0,0.0,0.0,0.0,0.0,0.0,0.0,0.0,0.0,0.0,0.0,0.0,0.0,0.19497,0.0,0.0,0.0,0.18711,0.0,0.0,0.0,0.0,0.0,0.0,0.0,0.0,0.0,0.0,0.0,0.0,0.0,0.0,0.0,0.0,0.0,0.0,0.0,0.0,0.0,0.0,0.0,0.0,0.0,0.0,0.0,0.0,0.0,0.0,0.0,0.0,0.0,0.0,0.0,0.0,0.0,0.0,0.0,0.0,0.0,0.0,0.0,0.0,0.0,0.0,0.0,0.0,0.0,0.0,0.0,0.0,0.0,0.0,0.0,0.0,0.0,0.0,0.0,0.0,0.0,0.0,0.0,0.14161
CRR1090684,1,0.0,1.0226899999999999,0.45971,4.44189,0.17039,10.761970000000002,2.38685,0.57946,0.1122,0.98775,0.06904,0.01167,0.10153,2.0514400000000004,3.18064,0.05073,1.12432,0.0,19.6442,0.0,0.0,1.0484,0.0,0.25455,0.02551,1.5240999999999998,0.0,0.02186,0.9032100000000001,0.0,0.0043,1.09184,1.3133,0.010490000000000001,0.0,0.1375,1.02224,0.0,0.01179,0.0,0.0,0.0,0.0,0.0,0.94871,0.66848,3.2135700000000003,0.0,0.00375,0.0,0.02018,0.00882,0.10396,0.08017,0.0,1.04095,0.27534000000000003,0.44450999999999996,0.0,0.0178,2.03243,0.76409,0.0,0.0,0.0,0.0,0.01809,0.01551,0.0,0.00389,1.42226,0.00754,0.18446,0.01857,0.0,2.22433,0.0,0.0,0.0,0.0,0.0,0.0,0.0,0.02621,0.00498,0.33747000000000005,0.00063,0.0,0.0,0.0,0.0,0.00176,0.0,0.0,0.0,0.00676,0.0,0.0441,0.0,0.0,0.21359,0.0,0.09859,24.78235,0.05432,0.0,0.12122,0.0,0.0,0.0,0.0,0.01799,0.23041,0.0,0.0,0.0,0.0,0.0,0.00725,0.0,0.01438,0.0,0.0,0.0,0.0,0.0,0.08456,0.00683,0.00861,0.0,0.00133,0.02328,0.0,0.0,0.0,0.0,0.0,0.0,0.0,0.0,0.0,0.0,0.0098,0.0,0.0,0.0,0.0,0.0,0.0,0.0,0.05449,0.0,0.0,0.0,0.0,0.0,0.0,0.0,0.00888,0.00771,0.0,0.0,0.0,0.0,0.0,0.0,0.0,0.0,0.0,0.04206,0.00313,0.0,0.0,0.0,0.00023,0.0,0.4886,0.0,0.06155,0.0,0.0,0.0,0.00035,0.04565,0.0,0.08768,0.05334,0.0,0.0,0.0,0.0,0.0,0.0,0.0,0.11376,0.0,0.0,0.0,0.0,0.0,0.0,0.0,0.0,0.0,0.0,0.00196,0.0,0.0,0.0,0.0,0.0,0.0,0.0,0.0,0.0,0.0,0.0,0.0,0.0,0.0,0.0,0.0,0.0,0.0,0.0,0.0,0.0,0.00293,0.0,0.0,0.0,0.0,0.0,0.0,0.0,0.0
CRR1090688,1,0.0,0.07515000000000001,0.00024,0.11828,0.79237,0.00537,0.04283,0.00163,0.0,0.0,0.0,0.0,0.0,0.00148,0.05441,0.0,0.00351,0.0,1.7403499999999998,0.0,0.0,0.0,0.0,0.0,0.0,0.09879,0.04427,0.0,0.01537,0.0,0.0,0.02472,0.27313,0.0,0.0,0.0,0.12337000000000001,0.00039,0.0,0.0,0.0,0.0,0.0,0.6091,0.0,2.24271,0.03104,0.0,0.0,50.31264,0.0,0.0,0.37015,0.0,0.0,0.0,0.0,0.0,0.0,0.0,0.02502,0.01139,0.0,0.0,0.0,0.0,18.15276,0.0,0.0,0.0,0.00348,0.0,0.0,0.0,0.0,0.0,0.0,0.0,0.32448,0.0,0.0,0.0,0.0,0.0,0.0,0.00655,0.54336,0.0,0.0,0.0,0.0,0.0,0.0,0.0,0.0,0.0,0.0,0.0,0.0,0.0,0.00846,0.0,0.0,0.67495,0.00743,0.0,0.0,0.0,0.0,0.0,0.0,0.0,0.0,0.0,0.0,0.0,0.0,0.0,0.00782,0.01545,0.0,0.0,0.0,0.00341,0.0,0.0,0.0,0.0,0.00955,0.0,0.0,0.0,0.0,0.0,0.0,0.0,0.0,0.0,0.0,0.0,0.0,0.0,0.0,0.0,0.0,0.0,0.0,0.0,0.0,0.0,0.01991,0.0,0.0,0.0,0.0,0.0,0.0,0.0,0.0,0.0,0.0,0.0,0.0,0.0,0.0,0.0,8.00626,0.0,0.0,0.15196,0.0,0.0,0.0,0.0,0.0,0.0,0.0,0.00626,0.0,0.00015,1.13141,0.0,0.0,0.0,0.0,0.0,0.0,0.0,0.0,0.0,0.0,0.01325,0.0,0.0,0.0,0.0,0.0,0.0,0.0,0.0,0.0,0.0,0.0,0.0,0.0,0.0,0.0,0.0,0.0,0.0,0.0,0.0,0.0,0.0,0.0,0.0,0.0,0.0,0.0,0.0,0.0,0.0,0.0,0.0,0.0,0.0,0.0,0.0,0.0,0.0,0.0,0.0,0.0,0.0,0.0,0.0
CRR1090693,1,1.33587,0.00223,2.87777,0.0,0.18049,25.37639,0.00107,0.02808,0.44802,3.91267,0.0,4.4249,0.3142,2.00943,0.42915000000000003,0.25357,0.0,0.0,3.50401,0.13003,0.04821,1.8240500000000002,0.00095,0.0,0.0,0.8653500000000001,5.96899,0.35187,0.13044,0.10392,0.0,0.12965,10.672360000000001,1.48804,0.0,0.12026,0.0,2.31063,0.00397,0.0,0.0,0.00263,0.0,0.83556,0.43104,2.09615,0.0,0.01553,0.00081,0.00653,0.0,0.22415,0.016980000000000002,0.0,0.00163,0.06568,0.0,0.8536000000000001,0.0,0.0,0.03183,0.0,0.0,0.0,0.0,0.0,0.19353,0.11685,0.0,0.0,0.21212,1.76095,0.0,2.9582500000000005,0.0,0.0,0.0,0.0,0.0,0.00926,0.0,8e-05,0.0,4.57861,0.013080000000000001,0.0,0.00389,0.0,0.0,0.0096,0.00498,0.00648,0.0,0.0,0.0,0.0,0.0,0.6416,0.0,0.0,0.0,0.00618,0.0,0.0,0.0,0.0,0.65448,0.0,0.0,0.06275,0.0,0.0,0.0,0.21355,0.00409,0.0,0.0,0.0,0.0,0.00277,0.0,0.0,0.0,0.0,0.0,0.00197,0.01536,0.0,0.60561,0.0,0.04398,0.0,0.0,0.0,0.0,0.0,0.0,0.0,0.0,0.0,0.0,0.0,0.00787,0.0,0.00126,0.01354,0.0,3.35565,0.04029,0.0,0.0,0.0,1.43298,0.0,0.0,0.0,0.25238,0.0,0.0,0.0,0.0,0.00568,0.0,0.24134,0.0,0.0,0.45868,0.86435,0.0,0.00461,0.0,0.04241,0.0,0.0,0.0,0.0,0.0,0.0,0.0,0.0,0.0,0.0,0.0,0.00541,0.0,0.0,0.0,0.0,0.0,0.0,0.0,0.0,0.0,0.0,0.0,0.55094,0.0,0.0,0.0,0.0,0.0,0.03896,0.0,0.0,0.0,0.0,0.0,0.0,0.0,0.0,0.0,0.0,0.0,0.0,0.0,0.0,0.0,0.0,0.0,1.99506,0.0,0.0,0.0,0.0,0.0,0.0,0.0,0.0,0.0,0.0,0.0,0.0009,0.0,0.0,0.0,0.0
CRR1090694,1,0.0,10.87123,0.15500000000000003,1.82512,0.43581,10.07802,2.03338,0.07528,0.08855,0.00818,0.02264,0.60824,0.54174,0.8537699999999999,0.41481,0.2105,0.14140999999999998,0.02408,3.5458499999999997,0.00041,0.0,0.36648000000000003,0.14399,0.13826,0.042359999999999995,0.25174,0.0,0.02825,0.16723,0.08021,0.04976,2.20206,0.00228,0.00655,0.0,0.36879,0.7239599999999999,0.03305,0.01189,0.00912,0.92972,0.00169,0.0,0.0,0.29513,2.79458,1.7274999999999998,0.00653,0.00663,0.0,0.0,0.01031,0.43916,0.02548,0.0,0.06827,0.01999,0.6545599999999999,0.0,0.01046,0.05202,2.1069899999999997,0.0,0.00043,0.0,0.0,0.0,0.055479999999999995,0.0,0.03308,3.42616,0.06144,0.67777,0.43488,0.01859,0.04296,0.0,0.0,0.14618,0.0,0.0,0.00334,0.0,0.04655,0.0,0.22921,0.037540000000000004,0.0,0.0,0.0,0.00713,0.0,0.11205,0.0,0.0,0.16107,0.0,0.00851,0.63833,0.0,0.37395,0.0,0.0,0.00134,0.14774,0.18972,0.12726,0.00124,0.0,0.02583,0.22673,0.01463,0.00046,0.0,0.01037,0.0,0.0,0.0,0.0,0.0,0.0,0.0,0.0,0.0,0.0,0.14096,0.02569,0.0,0.0,0.10617,0.0746,0.0,0.0,0.09441,0.0,0.0,0.0,0.0,0.00171,0.0,0.0,0.0,0.0,0.02111,0.10554,0.0,0.13107,20.0046,0.17548,0.23088,0.0,0.02024,0.0,0.0,0.0,0.0,0.06407,0.03561,0.0,0.0,0.0,0.0,0.0,0.01176,0.0017,0.0,0.0,0.0,0.0,0.0,0.0,0.0,0.0,0.0,0.0,0.0,0.0506,0.0,4.54238,0.0,0.0,0.01531,17.9818,0.04004,0.0,0.09179,0.0,0.0,0.0,1.47363,0.0,0.0,0.0,0.0,0.00513,0.05108,0.0,0.0,0.0,0.0,0.0,0.0,0.0,0.0,0.0,0.0,0.0,0.00585,0.0,0.00678,0.0,0.0,0.0,0.00281,0.0,0.0,0.0,0.00622,0.27634,0.0,0.0,0.0,0.0,0.0,0.0,0.0,0.0,0.0,0.0,0.0,0.0,0.0,0.0,0.0,0.0,0.0
CRR1090697,1,0.0,1.78159,0.23041,0.47941999999999996,7.55338,1.1886100000000002,1.26223,0.1212,0.0,0.30208,0.59332,4.33611,0.01501,0.87957,4.7343399999999995,0.21421,1.47373,0.05868,0.72719,0.15334,0.0,0.9963700000000001,0.04207,3.25206,0.88463,0.32543,0.0,0.22514,1.62724,0.12709,0.10444,0.0039,16.16843,0.9123,0.00404,0.06317,0.33724,2.39246,0.0,0.0,0.24468,0.22945,0.0,0.04172,1.89077,3.24938,1.4499999999999997,0.0,0.0,1.56875,0.0,0.18707000000000001,3.5841,0.0,0.01679,0.17754,0.36611,0.24422,0.14172,0.01851,0.9627699999999999,0.35008,0.03106,0.0,0.0,0.0,0.00775,0.05761,0.0,0.0,0.0029,0.07447,0.0,9.76856,0.0,0.11327,0.00321,0.0,1.53453,0.0,0.0,0.02136,0.0,0.10704,0.054720000000000005,0.59248,0.09941,0.0,0.00982,0.0,0.15475,0.01598,0.0,3.11626,0.0,0.01074,0.0,0.90121,0.0,0.0,0.97987,0.0,0.0,0.0,0.0,0.0,0.79931,0.01978,0.0,0.0,0.0,0.0,0.09661,0.19231,0.02144,0.0,0.0,0.0,0.0,0.21749,0.0,0.0,0.0,0.0,0.0,0.0,0.12582,0.0,0.23757,0.0,0.0,0.0,0.0,0.0,0.06624000000000001,0.0,0.0,0.00058,0.00216,0.00211,0.0,0.0,0.01813,0.0,0.0,0.0,0.0,4.44323,0.0096,0.12889,0.0,0.0,0.40777,0.0,0.0,0.0,0.0,0.00794,0.0,0.0,0.0,0.0,0.0,0.9391,0.0,0.0,0.0,0.36322,0.0,0.0,0.0,0.09885,0.0,0.00131,0.0,0.0,0.23418,0.0,0.01867,0.0,0.0,0.0,0.0,0.07654,0.0,0.0,0.0,0.0,0.0,0.0,0.0,0.0,0.0,0.04641,0.0,0.0,0.0,0.0,0.0,0.0,0.0,0.0,0.0,0.0,0.0,0.0,0.0,0.0,0.0,0.00915,0.0,0.0,0.0,0.0,0.0,0.0,0.0,0.00147,0.0,0.0,0.0,0.0,0.0,0.0,0.0,0.04519,0.0,0.0,0.0,0.0,0.0,0.0,0.0,0.01821,0.0,0.0
CRR1090699,1,0.00481,1.9211799999999997,0.40589,0.60943,1.26373,0.47483,3.42406,0.29115,0.02368,0.1245,0.06652,0.44669,3.2371600000000003,7.858210000000001,9.02195,0.38725,5.5054,0.00443,0.939,0.00437,0.0,4.47301,0.06839,3.54082,0.36035,0.93632,0.00071,0.01857,1.8024200000000001,0.0,0.08066999999999999,0.95225,0.28413000000000005,0.03393,0.0,0.00818,0.7217399999999999,1.42655,1.33615,2.01136,0.24393,0.64703,0.31183,0.018449999999999998,0.11658,0.10647999999999999,1.2025800000000002,0.01097,0.04141,0.75488,0.09628,0.01591,0.41979,0.27912,0.00864,0.19784000000000002,0.20542,0.35496,0.0,0.01889,1.29015,0.26938999999999996,0.00317,0.00576,0.31201,0.0,0.04732,0.06772,0.01994,0.0,0.61761,0.0,0.4637,0.11259,0.0,0.0,0.76772,0.0,0.0,0.01004,0.0086,0.0079,0.02446,0.00228,0.03233,0.39355,0.0,0.0,0.00207,0.00253,0.04683,0.01747,0.0,0.0,0.0,0.08545,0.0,0.0,0.0,3.01109,1.66258,0.0,0.02726,9.88342,0.10756,0.94655,0.04459,0.03027,0.0,0.0,0.0,0.0001,0.03944,0.0,0.0,0.0,0.0,0.0,0.0,0.00125,0.06051,0.0,0.00056,0.00075,0.04129,0.0,0.01107,0.0,0.19502,0.00069,0.0,0.0,0.12168,0.0,2.23879,0.0,0.0,0.0,0.00085,0.0,0.0,0.00708,0.0,0.0,0.0,0.0,0.03567,0.29948,0.0,0.0,0.05779,0.0,0.0,0.0,0.35177,0.0,0.0,0.0,0.0,0.0,0.00137,0.0,0.0,0.0,0.0,0.0,0.01929,0.0,0.0,0.00197,0.1099,0.0,0.00091,0.0,0.0,0.0,0.34305,0.0,0.59527,0.40576,0.0,0.0,0.02727,0.00505,0.0,0.052,0.00824,0.01568,0.75685,0.21582,0.0,0.06694,0.0,0.0,0.02775,0.03241,0.02629,0.08329,0.02123,0.0,0.00487,0.01148,0.0,0.0,0.0,0.0,0.0,0.0,0.02522,0.0,0.0,0.0,0.00673,0.0,0.0,0.0,1.55235,0.0,0.0,0.0,0.0,0.0,0.63537,0.0,0.0,0.0,0.0,0.37251,0.0,0.0,0.00708,0.0,3.22121,0.0,0.0,0.0
CRR1090702,1,0.0,3.15596,0.1782,2.06487,0.86197,5.069259999999999,1.13215,0.17189,0.06616,0.16815,0.14857,0.27615,0.79575,2.01727,3.9489399999999995,0.19042,3.17257,0.00524,3.63444,0.00077,0.07543,0.18864,0.00679,0.0,0.05878,2.61927,0.0,0.02475,2.04434,0.00611,0.00891,0.3289,0.26431,0.020720000000000002,0.0,0.00136,1.29545,0.02423,0.58324,0.55608,0.15739,0.01509,0.0,0.0,0.388,5.52447,2.4489400000000003,0.00206,0.0,0.0,0.0,0.00014,2.9617699999999996,0.57214,0.00044,0.45127999999999996,0.03983,0.6580400000000001,0.0,0.0,2.19189,2.33324,0.00034,0.0,0.0,0.01851,0.0,0.02762,0.03207,0.03539,1.30753,0.04229,0.02817,0.09745,0.0,0.01893,0.0,0.0,12.46755,0.0,0.0,0.00198,0.0,0.02094,0.00566,0.39809,0.02176,0.0,0.0,0.00299,0.01239,0.00038,0.53995,0.0,0.0,0.0578,0.0,0.01566,0.0,0.0,0.10783,0.0,0.0,0.0,0.16407,0.20578,0.12881,0.0,0.0,0.06302,0.0,0.0,0.04883,0.0,0.00509,0.0,0.00018,0.06105,0.0,0.00771,0.0,0.0,0.00859,0.0,0.0,0.00588,0.01443,0.09104,0.00316,0.04466,0.0,0.00292,0.0,0.08707,0.0,0.00286,0.0,1.07456,0.00047,0.0,0.00232,0.0,0.00424,0.0,0.0194,0.00337,0.0064,4.08392,0.04621,0.0,0.66779,0.0,0.0,0.0,0.0,0.00064,0.0,0.0,0.0,0.0,0.00177,0.0,0.0,0.16431,0.0,0.0,0.0,0.0,0.0,0.08988,0.0,0.0,0.0,0.0,0.0,0.0,0.09871,2.54347,0.09551,0.29013,0.0,0.15746,11.92335,0.0,0.02535,0.0,0.01194,0.04261,0.0,0.0,0.0,0.0,0.0178,0.05743,0.0,0.0,0.0,0.0,0.0,0.0,0.0,0.0,0.03246,0.0,0.0,0.0,0.01374,0.0,0.0,0.00276,0.0,0.00137,0.11969,0.01491,0.0,0.0,0.0,0.0,0.01405,0.0,0.0069,0.0,0.00435,0.0,0.0,0.0,0.0,0.0,0.0,0.0,0.00113,0.02494,0.69799,0.0,0.0,0.0
CRR1090703,0,0.0,0.24120000000000003,0.07256,0.23599,0.4566,1.70227,0.0,0.0,0.03862,0.12176,0.00692,3.04148,0.01325,1.2776500000000002,0.82084,0.0,0.28518,0.00727,0.12903,0.47166,0.0,2.4419,0.041639999999999996,0.0,0.0,1.1332200000000001,0.00714,0.28931,0.41109,0.03648,0.12524,0.0,0.58556,0.51236,0.11515,0.36491,0.0,0.55944,0.09015,0.0,0.0,0.0,0.0,0.0,0.59256,0.0,0.85243,0.0,0.07561,0.0,0.0,0.28366,0.00293,0.0,0.0,0.09379,0.23121,0.00411,0.01458,0.22863,1.85947,0.15954,0.0,0.03841,0.0,0.00035,0.0,0.65876,0.0,0.0,0.0,0.01416,0.0,1.1207699999999998,0.0,0.04635,0.00252,0.007,0.0,0.0,0.0,0.0,0.0,0.07486,0.08195,0.62581,0.07084,0.0,0.02901,0.00973,0.0212,0.03192,0.0,0.0,0.0,0.00178,0.0,0.0,0.0,0.0,0.0,0.0,0.0,0.0,0.0,0.0,0.09241,0.0,0.0,0.0,0.0,0.0,0.04336,4.85026,0.0,0.0,0.0,0.0,0.0,0.0,0.0,0.0005,0.0,0.0,0.0,0.0,0.02582,0.0,0.00358,0.0,0.00827,0.0,0.0,0.0,0.0,0.0,0.0,0.0,0.00634,0.00471,0.0,0.0,0.01674,0.0,0.02138,0.0,0.0,0.0,0.00771,0.0,0.0,0.11776,0.0,0.0,0.0,0.0,0.0,0.01009,0.0,0.0,0.00116,0.0082,0.0,0.0,0.0,0.0,0.0,0.12214,0.0,0.0,0.0,0.09667,0.0,0.00873,3.43305,0.0,0.0,0.0,0.0,0.0,0.0,0.0,0.0,0.04175,0.0,0.0,0.0,0.0,0.0,0.0,0.0,0.0,0.0,0.0,0.0,0.3916,0.0,0.0,0.0,0.0,0.0,0.0,0.00048,0.0,0.0,0.02748,0.0,0.0,0.0,0.0,0.00227,0.0,0.03919,0.0,0.0,0.0,0.0,0.0,0.0,1.01503,0.0,0.0,0.0,0.01302,0.0,0.0,0.14598,0.0,0.0123,0.0,0.0,0.0,0.0,0.0,0.0,0.0
CRR1090704,0,0.0,1.8093199999999996,0.28917999999999994,1.00904,0.65106,1.9193500000000001,1.4506,0.19096999999999997,0.065,0.27637,0.03012,0.28077,2.66481,1.69693,2.686149999999999,0.28578,2.28808,0.04765,2.8379700000000003,0.0,0.0,1.4689299999999998,0.01674,0.04904,0.32823,0.18941999999999998,0.0,0.03112,0.9010500000000001,0.00276,0.04527,1.81908,0.40801000000000004,0.00755,0.0,0.01875,1.46284,0.02641,0.32865,2.37707,0.15438,0.33358,0.00543,0.0,0.37577,0.2575,0.65568,0.00382,0.01944,0.36929,0.0,0.0,2.9626799999999998,0.16966,0.00472,0.11377999999999999,0.06959,0.08245000000000001,0.0,0.011099999999999999,0.57323,1.67424,0.00349,0.0,0.0,0.0076,0.02643,0.00579,0.0,0.0,1.47143,0.01794,0.13896,0.0774,0.0,0.10474,0.19297,0.0,0.0,0.06809,0.02819,0.00658,0.04106,0.0011,0.01001,0.5297999999999999,0.10177,0.01171,0.0,0.0,0.01786,0.00677,0.90338,1.73208,0.07399,0.00852,0.0,0.03934,2.78175,0.01441,0.45037,0.11926,0.0,0.25584,0.30567,0.37735,0.01752,0.01727,0.03418,0.07288,0.0,0.01227,0.02643,0.05159,0.0,0.0,0.0,0.10578,0.00289,0.0,0.01229,0.0,0.00923,0.26337,0.00635,0.00031,0.03485,0.00848,0.0,0.00975,0.0,0.0,0.0,0.0,0.0,0.0,0.00088,0.24617,0.00036,0.0,0.0,0.00245,0.00017,0.00011,0.05182,0.0008,0.00397,0.25473,0.06842,0.0,0.0,0.0,0.0172,0.04437,0.02495,0.11313,0.00484,0.0,0.07447,0.0,0.0,0.0,0.0,0.08992,0.0,0.02071,0.74238,0.0,0.0,0.00346,0.0153,0.0,0.0,0.0,0.03516,0.0,0.56867,0.2398,0.47207,0.20514,0.0265,0.0,0.38065,0.0,0.0,0.05626,0.03652,0.02143,0.0,0.0,0.0356,0.0,0.35013,0.10138,0.00238,0.00601,0.05566,0.0,0.0,0.0594,1.14557,0.00674,0.05842,0.08192,0.0,0.0003,0.04846,0.00485,0.0,0.00317,0.0,0.0,0.00068,0.02089,0.13868,0.30897,0.0,0.0,0.02039,0.0,0.12738,0.0,1.14674,0.0,0.0,0.0,0.0,0.0,0.0,0.00036,0.0,0.0,0.42753,0.0,0.0,0.0
CRR1090707,1,0.00233,16.69425,0.61116,4.88729,0.84216,3.85915,2.02068,0.06436,0.70437,0.0,0.2551,0.11271,0.23301,1.4793699999999999,3.29312,0.13007,2.03065,0.40183,3.05511,0.0,0.0,1.18924,0.012750000000000001,0.14893,0.31484,0.20799,0.0,0.72788,1.77619,0.00673,0.02604,1.51481,0.11685,0.00039,0.0,0.00434,3.3367999999999998,0.0493,0.08527,0.04258,0.01683,0.11427,0.39011,0.0,0.1144,0.08274999999999999,0.33986000000000005,0.00057,0.00091,4.84602,0.0,0.00316,1.93009,0.44457,0.0,0.37443000000000004,0.12316,0.16494,0.0,0.0067,1.15618,0.34849,0.00483,0.00103,0.00102,0.0,0.0,0.01359,0.00928,0.0,4.95874,0.00737,0.0,0.19345,0.0,2.17229,0.04733,0.0,0.0,0.0,0.0,0.0,0.0,0.00707,0.0,0.28187999999999996,0.0,0.0,0.0,6e-05,0.01566,0.00089,3.04815,0.0,0.80403,0.03338,0.0,0.02124,0.0,0.0,0.74662,0.0,0.05371,1.6543700000000001,0.0,0.0,0.11563000000000001,0.02956,0.0,0.00183,0.0,0.3863,0.06793,0.0,0.0,0.0,0.00784,0.0,0.0053,0.0101,0.0,0.0,0.0,0.02805,0.06415,0.0,0.0,0.0,0.00177,0.0014,0.0083,0.01694,0.91447,0.0,0.6159399999999999,0.03557,0.0,0.36883,0.0,0.0,0.0,0.0,0.0,0.0,0.0,0.0,0.29364,0.02223,0.03409,0.0,2.84106,0.08834,0.0,0.0027,0.0,0.0,0.05893,0.0,0.06,0.33859,0.00015,0.0,0.0,0.09177,0.0,0.01016,0.0,0.0,0.03014,0.03828,0.05965,0.0,0.0,0.00666,2.0793,0.0,0.0,0.0,0.0,0.0,0.0,0.0,5.26346,0.01444,0.0,0.0,0.01069,0.0,0.18113,0.0,0.10331,1.12912,0.04436,0.03164,0.06346,0.0,0.00903,0.0,0.0,0.00683,0.0,0.01387,0.0,0.01992,0.0,0.0,0.0,0.0,0.0,0.0,0.0,0.0,0.0,0.0,2.12742,0.00272,0.0,0.0,0.38903,0.0,0.0,0.0,0.0,0.00189,0.0,0.0,0.0,0.0,0.0,0.0,0.00416,0.0,0.0,0.0,0.0,0.0
CRR1090709,1,0.0,0.8920699999999999,0.17238,0.27272,1.29565,0.44999000000000006,5.04225,0.18963,0.1923,0.0,0.00014,0.06021,0.20356,7.733500000000001,4.032300000000001,0.16472,1.32774,0.08201,8.23092,0.0,0.0,0.40481999999999996,0.0,0.23205,0.08695,1.43812,0.0,0.0,1.76685,0.0,0.02667,0.49222,0.99599,0.0,0.0,0.00604,0.53433,23.557,0.0,0.0814,0.0,1.74806,0.43205,0.0,0.08368,2.6699,7.699199999999999,0.00044,0.01357,0.38629,0.02764,0.00201,0.41081,0.01829,0.0,0.01098,0.01611,0.24314000000000002,0.00162,0.00166,0.15168,0.27001,0.0,0.0,0.16679,0.0,0.0,0.02541,0.0,0.0,3.19576,0.0,0.61315,0.0,0.0,0.01653,0.28686,0.0,0.0,0.0,0.0,0.00296,0.0,0.03801,0.02253,0.56119,0.0,0.00612,0.0,0.0,0.0056,0.00932,0.0,0.0,0.0,0.0325,0.0,0.01342,0.0,0.02041,0.45847,0.7526,0.30785,1.87167,0.0528,0.0,0.06445,0.03888,0.0,0.00624,0.0,0.27683,0.0,0.0,0.0,0.0,0.00072,0.0,0.85247,0.00082,0.00259,0.0,0.0,0.0,0.0,0.0,0.0,0.00064,0.03621,0.0,0.00343,0.0,0.0,0.00505,0.22588,0.0,0.0,0.06483,0.0,0.0,0.0,0.0,0.01213,0.0,0.0,0.0,0.0,0.00086,0.0,0.0,0.0,0.0,0.0,0.00595,0.01546,0.0,0.0,0.0,0.0,0.0,0.00182,0.0,0.00051,0.20885,0.0,0.0,0.0,0.0,0.0,0.03112,0.03881,0.0,0.0,0.01954,5.55528,0.31205,0.00896,0.0,0.35242,0.08175,0.0,0.0,1.29745,0.0415,0.00624,0.0,0.0,0.04066,0.0,0.0,0.09153,0.13073,0.3155,0.0,0.01525,0.0,0.05238,0.04007,0.0,0.0,0.14492999999999998,0.0,0.01389,0.01239,0.0,9e-05,0.0,0.0,0.0,0.0,0.0,0.0,0.0,0.0,0.38168,0.0,0.0,0.0,0.0,0.0,0.0,0.01652,0.0,0.0,0.0,0.0,0.0,0.03562,0.0,0.11922,0.00949,0.0,1.2218,0.0,0.0,0.0
CRR1090712,0,0.0,0.36906,0.193,1.27556,0.0,4.07873,0.0,0.0,0.0,0.0,0.0,0.0371,0.0,4.56123,0.56649,0.0,0.0,0.0,0.0,0.01139,0.0,8.49395,0.0,0.0,0.0,0.0,0.0,2.97001,0.0,0.0,0.0,0.00252,0.66403,2.7191099999999997,0.0,0.0,0.0,4.6944,0.0,0.0,0.0,0.11444,0.0,0.0,0.0,23.98475,0.0,0.0,0.0,0.0,0.0,0.03461,0.0,0.0,0.0,0.0,0.14638,0.0,0.0,0.14197,0.11765,1.06656,0.0,0.0,0.04794,0.0,0.0,0.0,0.0,0.0,0.0,0.05583,0.0,1.75546,0.0,0.0,0.0,0.0,0.0,0.0,0.0,0.03808,0.0,0.33797,0.01899,1.20862,0.0,0.0,0.0,0.0,0.0,0.00437,0.0,0.0,0.0,0.10809,0.0,0.0,0.0,0.0,0.0,0.0,0.0,0.0,0.0,0.0,0.0,0.0,0.0,0.0,0.0,0.0,0.0,0.0,0.0,0.0,0.0,0.0,0.0,0.0,0.0,0.0,0.0,0.0,0.0,0.0,0.09603,0.0,0.056940000000000004,0.0,0.0,0.0,0.0,0.0,0.0,0.0,0.0,0.0,0.0,0.06158,0.0,0.0,0.0,0.0,0.0,0.0,0.0,28.09676,0.31121,0.0,0.0,0.0,2.35614,0.0,0.0,0.0,0.0,0.0006,0.0,0.0,0.0,0.0,0.0,0.0,0.0,0.0,1.66681,0.0,0.0,0.0,0.0,0.0,0.0,0.0,0.0,0.0,0.0,0.0,0.0,0.0,0.0,0.0,0.0,0.0,0.0,0.0,0.0,0.0,0.0,0.0,0.0,0.0,0.0,0.0,0.0,0.0,0.0,0.0,0.0,0.0,0.02739,0.0,0.0,0.0,0.0,0.00187,0.0,0.0,0.0,0.0,0.0,0.0,0.0,0.0,0.0,0.0,0.0,1.26116,0.0,0.0,0.0,0.0,0.0,0.0,0.0,0.0,0.0,0.0,0.0,0.0,0.0,0.0,0.0,0.0,0.0,0.0
CRR1090716,1,0.0,0.13071,0.07395,1.10752,0.0,5.13191,0.0,0.15077,0.12364,0.19883,0.06835,0.87811,0.0,3.20276,6.4303799999999995,0.0,12.85062,0.0,3.26432,0.03437,0.0,2.92286,0.0,0.0,0.00029,1.90241,0.0,1.72848,0.0,0.0,0.0,0.0,4.27017,1.0355699999999999,0.0,0.15829,0.0,0.18075,0.0,0.0,0.0,0.0,0.0,0.0,2.45472,0.0,1.18658,0.0,0.01649,0.0,0.0,1.24409,0.79694,0.0,0.0,0.15717,0.00118,7.3785,0.0,0.05837,0.0,15.92372,0.0,0.07041,4.48357,0.0,0.0,0.0,0.0,0.0,0.0,0.05053,0.0,1.0400099999999999,0.0,0.86423,0.03482,0.0,0.0,0.0,0.0,0.0,0.0,0.5688,0.07783,0.0,0.0,0.00811,0.0,0.0,0.01208,0.00456,0.0,0.0,0.0,0.1164,0.0,0.0,0.0,0.0,0.0,0.0,0.0,0.08959,0.0,0.0,0.0005,0.0,0.0,0.0,0.0,0.0,0.0673,0.65479,0.00235,0.0,0.0,0.0,0.0,0.02571,0.0,0.0,0.0,0.0,0.0,0.0,0.0,0.0,0.00762,0.0,0.0,0.0,0.0,0.0,0.16305,0.0,0.0,0.0,0.0,0.0,0.0,0.0,0.016649999999999998,0.0,0.0,0.0,0.0,0.28842,0.07216,0.0,0.0,0.68251,0.0,0.0,0.0,0.0,0.0,0.0,0.0,0.0,0.0,0.0,0.0,0.0,0.0,0.0,0.00176,2.52588,0.0,0.07335,0.11854,0.08528,0.0055,0.0516,0.0,0.0,0.0,0.0,0.0,0.0,0.0,0.0,0.0,0.09071,0.0,0.0,0.0,0.0,0.0,0.0,0.0,0.0,0.0,0.01234,0.0,0.0,0.0,0.0,0.01951,0.0,0.10148,0.0,0.0,0.0,0.0,0.00068,0.0,0.0,0.0,0.02996,0.0,0.0,0.0,0.0,0.0,0.0,1.39398,0.06972,0.0,0.0,0.0,2.25617,0.0,0.0,0.0,0.0,0.0,0.0,0.0,0.03753,0.0,0.0,0.0,0.0,2.86201,0.0
CRR1090718,1,0.0,1.37873,0.03629,1.4017300000000001,0.03953,0.9245300000000001,0.0,0.02793,0.0,0.03021,0.45713,1.82924,0.0,25.43792,5.476489999999999,0.5011,2.968,0.00207,5.34209,0.296,0.0,6.810910000000001,0.0,0.0,0.02368,0.89175,0.01568,0.68259,0.94904,0.00298,0.0,0.0,0.51638,0.56077,0.0,0.0,0.0,4.32428,0.0,0.0,0.0,0.78211,0.0,0.00285,0.0,9.92403,10.2112,0.0,0.00212,0.0,0.0,0.047510000000000004,0.0,0.0,0.00307,0.0,0.08132,2.05013,0.0,0.15652,5.14759,1.11334,0.0,0.00749,0.0,0.0,0.0024,0.4514,0.0,0.0,0.0,0.00908,0.0,0.9461099999999999,0.0,0.03497,0.0,0.0,0.00889,0.0,0.0,0.00535,0.0,0.23662,0.25304,3.3278999999999996,0.0,0.0,0.00203,0.0,0.03715,0.01436,0.0,0.0,0.0,0.36276,0.0,0.0,0.0,0.0,0.0,0.59825,0.0,0.57185,0.0,0.0,0.20561,0.0,0.0,0.0,0.0,0.0,0.0,0.01946,0.0,0.0,0.0,0.0,0.01059,0.24448,0.0,0.0,0.0,0.0,0.0,0.0,0.0,0.0,0.05484,0.0,0.02228,0.0,0.0,0.0,0.0,0.0,0.0,0.0,0.0,0.0,0.0,0.0,0.00277,0.0,0.0,0.0,0.0,0.0,0.00312,0.0,0.0,0.49314,0.0,0.0,0.0,0.0,0.0,0.0,0.0,0.0,0.0,0.0,0.0,0.0,0.0,0.0,0.0,0.0,0.0,0.0,0.0,0.0,0.0,0.00044,0.0,0.0,0.0,0.0,0.0,0.0,0.0,0.0,0.0,0.01666,0.0,0.0,0.0,0.0,0.0,0.0,0.0,0.0,0.0,0.0,0.0,1.02071,0.0,0.0,0.0,0.0,0.0,0.0,0.0,0.0,0.0,0.00969,0.0,0.0,0.0,0.0,0.0,0.0,0.0,0.0,0.0,0.0,0.0,0.16448,0.0,0.0,0.0,0.0,0.0,0.0,0.0,0.0,0.0,0.0,0.0,0.0,0.00812,0.0,0.0,0.0,0.0,0.11955
CRR1090720,1,0.0,4.3329699999999995,0.45246000000000003,1.8459400000000001,1.43295,9.093760000000001,3.48653,0.03207,0.0,0.0,0.0,0.12673,0.0,0.41111999999999993,2.0672099999999998,0.0,3.7527,0.0,6.74818,0.0,0.0,0.40972000000000003,0.0,0.30525,0.01758,1.7846300000000002,0.0,0.27068,0.47995000000000004,0.0,0.0,16.92133,0.61334,0.00478,0.0,0.0,2.3283,0.0,0.02406,0.30461,0.60391,0.16222,0.4579,0.0,0.10662,3.44542,7.99038,0.00318,0.0,0.0,0.0,0.0,2.8826199999999997,0.40188,0.0,0.1889,0.18055,0.23333,0.0,0.00776,2.01776,1.1094,0.0,0.0,0.0,0.0,0.0,0.02307,0.0,0.04984,0.71898,0.02335,0.04481,0.00443,0.0,0.23792,0.0,0.00191,0.0,0.0,0.0,0.0,0.0,0.11633,0.02523,0.51642,0.0,0.0,0.0,0.0,0.0,0.0,0.0,0.0,0.0,0.04739,0.0,0.04703,0.0,0.0,0.28368,0.065,0.0,0.68502,0.0,0.0,0.11676,0.02773,0.0,0.0,0.00651,0.14287,0.06852,0.0,0.0,0.0,0.00553,0.0,0.0,0.00267,0.01106,0.0,0.0,0.0,0.0,0.0,0.0,0.0,0.02019,0.0,0.00263,0.00207,0.86174,0.0,0.0,0.0,0.0,0.0,0.0,0.0,0.0,0.0,0.00455,0.0,0.0,0.0,0.11717,0.40892,0.0623,0.0,0.0,0.45352,0.0,0.46352,0.0,0.0,0.0,0.0,0.0,0.0,0.00996,0.00672,0.0,0.0,0.0,0.0,1.12477,0.0,0.00437,0.0,0.0,0.0,0.0,0.0,0.0,0.0,0.0,0.0,0.03364,0.0,0.0,0.0,8.31228,0.0,0.0,0.0,0.0,0.0,0.0,0.0,0.0,0.0,0.0,0.0,0.0,0.0,0.0,0.0,0.0,0.0,0.0,0.0,0.0,0.0,0.0,0.0012,0.0,0.0,0.0,0.0,0.0,0.0,0.0,0.0,0.0,0.0,0.0,0.0,3.88017,0.0,0.0,0.0,0.0,0.0,0.0,0.0,0.0,0.0,0.01433,0.0,0.0,0.0,0.0,0.0,0.0,0.0
CRR1090729,0,0.0,7.02204,1.7421000000000002,26.92855,0.17725,34.29892,2.31971,0.06123,0.14822,0.0,0.00038,0.30367,0.00785,0.68919,0.44084,0.0,0.34668,0.11616,3.29823,0.0,0.0,0.7247600000000001,0.00069,0.02424,0.03895,0.15389,0.0,0.00307,0.20816,0.0,0.00213,0.0,0.05441000000000001,0.0,0.0,0.00776,0.11451,0.00884,0.16972,0.0,0.0,0.02284,0.0,0.0,0.41839,0.40486,0.25698,0.00287,0.0,0.0,0.0,0.0,0.24703,0.63125,0.00394,0.10202,0.01679,0.04096,0.0,0.02084,0.12442,0.20485,0.0,0.0,0.0,0.0,0.002,0.024,0.0,0.0,0.64214,0.05007,0.11582,0.00848,0.0,0.01251,0.0,0.0,0.0,0.0,0.0,0.0,0.0,0.12679,0.00394,0.03143,0.0,0.0,0.0,0.0,0.00173,0.00175,0.0,0.0,0.0,0.0,8.23057,0.0,0.0,0.0,0.0,0.0,0.0642,1.69847,0.0,0.0,0.01183,0.0,0.0,0.0,0.0,0.0,0.00287,0.09562,0.0,0.0,0.0,0.0,0.0,0.00046,0.0,0.0007,0.0,0.0,0.0,0.0,0.00049,0.0,0.0,0.0007,0.01614,0.0,0.0,0.0,0.05491,0.0,0.0,0.0,0.00057,0.0,0.0,0.0,0.0,0.0,0.0,0.0,0.0,0.00197,0.01331,0.0,0.0,0.0,0.0,0.0,0.0,0.03004,0.0,0.0,0.0,0.0,0.0,0.0,0.0,0.0,0.0,0.0,0.0,0.04072,0.0,0.0,0.00164,0.0,0.0,0.0,0.0,0.0,0.0,0.0,0.0,0.01652,0.0,0.0008,1.83595,0.0,0.0,0.0,0.0,0.0,0.0,0.0,0.0,0.0,0.0,0.0,0.0,0.00477,0.0,0.0,0.0,0.0,0.0,0.0,0.0,0.0,0.0,0.0,0.00089,0.0,0.0,0.0,0.0,0.0,0.0,0.0,0.0,0.0,0.0,0.0,0.0,0.0,0.0,0.0,0.0,0.0,0.0,0.00306,0.02745,0.0,0.0,0.0,0.0,0.0,0.604,0.0,0.0,0.0
CRR1090730,0,0.0,0.0,0.15031,1.54096,0.0,7.976319999999999,0.0,0.0,0.0,0.04091,0.0,1.86335,0.0,4.98177,8.60294,0.0,10.27753,0.0,2.1663300000000003,0.01677,0.0,1.95506,0.0,0.0,0.3401,0.33174000000000003,0.0,0.8153600000000001,0.0,0.05321,0.0,3.59991,2.0400300000000002,0.35687,0.0,0.04265,0.0,0.08811,0.0,0.37825,0.0,0.46475,0.16273,0.0,1.0542,2.13988,2.01969,0.0,0.03261,0.0,0.0,2.51507,1.29916,0.37061,0.01237,0.11459,0.27927,0.11996000000000001,0.07478,0.03659,0.3679,2.26936,0.0,0.0,0.02924,0.0,0.0,0.0,0.0,0.0,0.0,0.67209,0.35815,0.11166999999999999,0.0,0.22801,0.20639,0.0,0.0,0.0,0.0,0.0,0.0,0.05873,0.011019999999999999,0.1778,0.0,0.0,0.0,0.02057,0.01227,0.00334,0.0,0.0,0.0,0.0,0.3195,0.0,0.0,0.0,0.0,0.01345,0.0,0.08724,0.0,0.0,0.02531,0.10373,0.0,0.0,0.0,0.0,0.01842,0.16652,0.0,0.02955,0.01713,0.0,0.0,0.02822,0.0,0.0,0.0,0.0,0.0,0.0,0.0,0.0,0.0,0.28636,0.0,0.0,0.0,0.0,0.0,0.0,0.0,0.0,0.0,0.0,0.0,0.0,0.00357,0.0,2.20074,0.0,0.0,22.85857,0.05104,0.0,0.0,0.0,0.00197,0.0,0.0,0.0,0.0,0.0079,0.0,0.0,0.01312,0.0,0.0,0.52532,0.0,0.0,0.0,0.60484,0.0,0.00297,0.0,0.0,0.0203,0.00852,0.0,0.0,0.0,0.0,0.0,0.0,0.01695,0.0,7.84027,0.03777,0.0,0.0,0.0,0.0,0.0,0.0,0.0,0.0,0.0,0.0,0.0,0.04031,0.0,0.0,0.0,0.0,0.16069,0.0,0.0,0.0,0.0,0.00058,0.0,0.0,0.0,0.00578,0.0,0.0,0.0,0.0,0.0,0.0,0.0,0.29143,0.0,0.0,0.0,0.0,0.0,0.0,0.0,0.0,0.0,0.0,0.00065,0.0,0.00129,0.0,0.0,0.0,0.0,0.0
CRR1090737,0,0.0,0.03672,0.00539,1.0576699999999999,0.0,0.46123,0.0031,0.0,0.0,0.09993,0.0,0.55514,0.0,3.22656,9.318850000000001,0.04215,1.40876,0.0,0.49713,0.0,0.0,0.81813,0.0,0.0,0.0,0.16548,0.0,0.52427,2.00175,0.0,0.0,0.0,0.4662,0.03653,0.0,0.0,0.08447,0.00817,0.0,0.0,0.0,0.1437,0.0,0.0,0.60059,0.01263,0.33012,0.0,0.0,0.0,0.0,0.0,68.7929,0.59484,0.0,0.94847,0.0,0.56776,0.0,0.00466,4.05428,0.41103,0.0,0.0,0.01813,0.0,0.00099,0.0,0.0,0.0,0.0,0.0114,0.0,0.00187,0.0,0.18152,0.0,0.0,0.0,0.0,0.0,0.0,0.0,0.0526,0.02458,0.94414,0.03419,0.0,0.0,0.0,0.0,0.0,0.0,0.99056,0.0,0.03827,0.0,0.0,0.0,0.0,0.0,0.0,0.0,0.1375,0.0,0.0,0.0,0.0,0.0,0.0,0.0,0.0,0.0151,0.0,0.0,0.0,0.0,0.0,0.0,0.00539,0.0,0.0,0.0,0.0,0.0,0.0,0.00807,0.0,0.0,0.0,0.0,0.0,0.0,0.0,0.0,0.0,0.0,0.0,0.0,0.0,0.0,0.0,0.0205,0.0,0.0,0.0,0.0,0.0,0.06073,0.0,0.0,0.13967,0.0,0.0,0.0,0.0,0.0,0.0,0.0,0.0,0.0,0.0,0.0,0.0,0.0,0.0,0.0,0.0,0.0,0.0,0.0,0.0,0.0,0.00134,0.0,0.0,0.0,0.0,0.0,0.0,0.0,0.0,0.0,0.01341,0.0,0.0,0.0,0.0,0.0,0.0,0.0,0.0,0.0,0.0,0.0,0.0,0.0,0.0,0.0,0.0,0.0,0.0,0.0,0.0,0.0,0.0,0.0,0.0,0.0,0.0,0.0,0.0,0.0,0.0,0.0,0.0,0.0,0.0,0.0,0.0,0.0,0.00076,0.0,0.0,0.0,0.0,0.0,0.0,0.0,0.0,0.0,0.00054,0.0,0.0,0.0,0.0
CRR1090738,0,0.0,3.18947,0.9647199999999999,3.32014,0.92975,3.47163,2.17565,0.0638,0.0,0.0,0.06699,0.06327,0.78173,0.64462,5.992519999999999,0.0,1.98083,0.0,8.9559,0.0,0.0,0.59975,0.03119,0.08801,0.1082,0.44753000000000004,0.00979,5.3421899999999996,2.20639,0.03496,0.0,1.4442,0.21375,0.03657,0.0,0.0,2.91881,0.00486,0.05026,0.09291,0.24969,0.11638,0.35418,0.0,0.26722,2.54353,1.0576599999999998,0.08728000000000001,0.01112,0.0,0.0,0.040979999999999996,2.85811,0.7402299999999999,0.0,0.17066,0.09928000000000001,0.46032,0.0,0.05511,7.107,2.68855,0.00209,0.0,0.0,0.0,0.0,0.06926,0.0,0.0,0.01231,0.01533,3.00198,0.00011,0.0,0.00536,0.0,0.0,0.0,0.0,0.0,0.05227,0.05532,0.14832,0.04662,2.3554000000000004,0.16182,0.0,0.00045,0.00166,0.0,0.01546,0.0,2.73136,0.0,0.0,0.0,0.42046,0.0,0.0,1.08924,0.0,0.0,0.28008,0.0,0.0,0.0256,0.05219,0.0,0.00057,0.01362,0.0,0.04289,0.0,0.00072,0.0,0.00886,0.0,0.0,0.01292,0.0,0.0,0.0,0.0,0.0,0.01547,0.0428,0.0,0.0,0.0,0.02259,0.04303,0.43674,0.0,0.07735,0.02505,0.0,0.0,0.0,0.0006,0.0,0.0,0.0079,0.09632,0.00295,0.0,0.04473,0.0,0.23591,0.0,0.0,0.29044,0.0,0.0,0.0,0.05662,0.0,0.0001,0.0,0.0,0.0,0.0,0.0,0.03412,0.0,0.0,3.31079,0.0,0.0,0.00281,0.0044,0.0,0.0,0.0,0.0,0.0,4.27082,0.0,2.28676,0.0,0.0,0.0,0.0,0.0,0.0,0.0,0.0,0.0,0.0,0.0,0.0,0.0,0.0,0.0,0.0,0.00731,0.0,0.0,0.0,0.0,0.01893,0.00798,0.0,0.0,0.0,0.00639,0.0,0.0,0.0,0.00791,0.0,0.0,0.0,0.0,0.0,0.0,0.0,0.01163,0.24459,0.0,0.0,0.0,0.0,0.0,0.0,0.0,0.24223,0.0,0.0,0.00883,0.0,0.00295,0.0,0.07718,0.0,0.0
CRR1090739,1,0.0,8.29151,1.20546,17.955399999999997,0.14491,7.54332,3.28614,0.51257,0.57418,0.05013,0.00488,0.25342,0.0,0.0,4.292590000000001,0.36068,1.5283,0.06305,18.23361,0.00493,0.0,1.81339,0.0,0.08267,0.0,0.03436,0.0,0.14452,0.69366,0.0,0.0,2.5287,0.04944,0.0,0.0,0.00151,0.54698,8.37909,0.01735,0.0,0.0,0.0,0.0,0.28202,1.012,0.059629999999999996,1.64379,0.0,0.0,0.0,0.0,0.0,4.84353,0.11954,0.0,0.47862,0.08376,0.58012,0.0,0.0,2.06897,1.1229799999999999,0.0,0.0,0.0,0.0,0.0,0.02927,0.0,0.0,3.39674,0.0,0.0,0.0,0.0,0.01415,0.0,0.0,0.0,0.0,0.0,0.01231,0.0,0.04572,0.0062,1.46564,0.0,0.0,0.0,0.0,0.0,0.0,0.0,0.0,0.0,0.0,0.16767,0.0,0.0,0.0,0.42811,0.0,0.0,0.07852,0.0,0.0,0.11565,0.0,0.0,0.0,0.0,0.0,0.0081,0.0,0.0,0.0,0.06125,0.0,0.0,0.01108,0.0,0.0,0.0,0.01291,0.00047,0.0,0.01404,0.0,0.02793,0.00102,0.00362,0.0012100000000000001,0.0,0.0,0.0,0.0,0.0,0.0,0.0,0.0,0.0,0.0,0.0,0.0,0.0,0.0,0.0,0.0,0.00151,0.0,0.0,0.0,0.0,0.0,0.0,0.0,0.0,0.0,0.0,0.0,0.0,0.0,0.0,0.0,0.0,0.0,0.0,0.0,0.0,0.00337,0.0,0.0,0.0,0.0,0.0,0.0,0.0,0.0,0.0,0.0,0.0,0.0,0.0,0.0,0.0,0.0,0.0,0.0,0.0,0.0,0.0,0.0,0.0,0.0,0.0,0.0,0.0,0.0,0.0,0.0,0.0,0.0,0.0,0.0,0.0,0.0,0.0,0.0,0.0,0.0,0.0,0.0,0.0,0.0,0.0,0.0,2.42989,0.0,0.0,0.0,0.0,0.0,0.0,0.0,0.0,0.0,0.0,0.0,0.0,0.0,0.0,0.0,0.0,0.0,0.0,0.0
CRR1090740,1,0.20645,1.81923,0.26350999999999997,2.12436,1.26016,5.930429999999999,3.80392,0.99688,0.05338,0.0673,2.77828,0.42335,1.21093,4.39246,3.13622,0.24986,1.5287099999999998,0.0,8.94286,0.0,0.03543,0.34354999999999997,0.0,0.37507,0.61114,0.07809999999999999,0.0,0.02573,0.7741199999999999,0.08121,0.0,8.12706,0.24537,0.01694,0.0,0.00204,0.46609999999999996,0.02472,0.0,0.0,0.0,0.11886,0.0,0.0,0.18913,2.16113,9.908339999999999,0.16412,0.0,0.0,0.0,0.0,7.958880000000001,0.26972,0.0,0.93845,0.0,0.30257,0.0,0.00201,2.33966,0.26439,0.00495,0.0,0.0,0.0,0.0,0.06278,0.0,0.0,3.67569,0.01644,2.78062,0.5591999999999999,0.00146,0.33009,0.0,0.0,0.0,0.0,0.0837,0.00197,0.0,0.03147,0.00562,0.41923000000000005,0.0,0.0,0.0,0.00097,0.00276,0.0,0.0,0.0,0.0,0.02826,0.01003,0.87214,0.0,0.0,0.7284,0.0,0.11195,0.13334000000000001,0.0,0.04449,0.09784999999999999,0.03545,0.0,0.05145,0.01576,0.0,0.07913,0.04454,0.0002,0.0,0.03043,0.0,0.0,0.01049,0.0,0.0,0.06612,0.0,0.02066,0.0,0.00875,0.01632,0.0,0.00127,0.00496,0.0033,0.0,0.0,0.00728,0.0,0.0,0.0,0.00032,0.0,0.16179,0.0,0.00126,0.02067,0.02029,0.0,0.0,0.0,0.1216,0.0,0.35354,0.59594,0.01377,0.0,0.0,0.0,0.0,0.00141,0.0,0.0,0.0,0.0047,0.0,0.02915,0.0,0.0,0.0,0.0,0.0,0.04767,0.0,0.0,0.0,0.0,0.0,0.0,0.30294,0.0,6.22725,3.39442,0.0,0.04147,0.0,0.0147,0.0,0.07794,0.0,0.0,0.0,0.0,0.0,0.0,0.00938,0.0,0.03272,0.0017699999999999999,0.0,0.0,0.0,0.0,0.05282,0.01881,0.0,0.0,0.0,0.0,0.0,0.0,0.0,0.0,0.0,0.0,0.0,0.0,0.0,0.0,0.0,0.0,0.0,0.0,0.0,0.00774,0.0,0.0,0.0,0.0,0.0,0.0,0.0,0.0,0.0,0.0,1.87302,0.0,0.0,0.0
CRR1090742,1,0.0,5.938080000000001,0.29545,1.17291,2.08696,2.1230299999999995,3.07729,0.54748,0.07513,0.0,0.03221,0.14108,0.61778,0.64105,6.277200000000001,0.57849,1.08488,0.08223,6.13818,0.0,0.0,1.5809199999999999,0.0,0.40237999999999996,0.08243,1.17454,0.06891,0.00279,3.1602,0.0,0.03688,0.45278,10.823759999999998,0.01941,0.0,0.01148,0.6271100000000001,0.0,0.06228,0.0,0.65385,0.07139,0.23234,0.22171,1.58633,1.84379,7.565139999999999,0.0,0.0,2.65583,0.0,0.0,1.2724300000000002,0.2916,0.0,1.28967,0.11979999999999999,0.43153,0.0,0.0,0.62645,1.93797,0.0,0.0,0.0,0.0,0.04321,0.018869999999999998,0.0,0.0,3.11891,0.00364,0.29123,0.03425,0.0,0.40829,0.1071,0.0,0.00402,0.0,0.0,0.01554,0.0,0.0732,0.02562,0.08653,0.0,0.00507,0.01415,0.00391,0.05133,0.0,0.0,2.01816,0.0,0.0,0.0,0.138,0.27204,0.0,0.38896,0.0,0.08663,9.62827,0.08486,0.0,0.03739,0.03767,0.0,0.0,0.00032,0.07843,0.00588,0.0,0.0,0.0,0.03477,0.0,0.0,0.00597,0.01384,0.00223,0.0,0.0,0.0,0.0,0.04009,0.0,0.00526,0.03212,0.07911,0.06486,0.0,0.0,0.44273999999999997,0.01359,0.0,0.12695,0.00049,0.0,0.06562,0.0,0.00971,0.0,0.0,0.0,0.0,0.05742,0.02677,0.0,0.0,0.0,0.00913,0.0,0.75418,0.12095,0.0,0.0,0.05901,0.47746,0.0,0.0,0.0,0.22528,0.00119,0.0,0.0,0.0,0.0322,0.00174,0.62123,0.0,0.0,0.0,0.0,0.0,2.28771,0.0,0.14972,0.11918,0.0,0.00881,0.0,0.02224,0.02607,0.12828,0.0666,0.00832,0.0,0.0,0.00899,0.21994,0.06029,0.0,0.0,0.00139,0.0,0.0,0.0,0.0,0.0,0.00074,0.03392,0.0,0.0,0.0,0.0,0.00287,0.0,0.00057,0.0,0.00052,0.27954,0.0,0.0,0.0,0.0,0.0,0.0,0.0,0.0,0.10143,0.0,0.0,0.0,0.0,0.0,0.35141,0.01754,0.17727,0.0,0.0,1.59295,0.0,0.0,0.0
CRR1090756,1,0.0,0.0,0.0,0.17731,0.0,0.72893,0.0,0.0,0.0,0.0,0.0,0.14623,0.0,0.72773,3.54155,0.0,0.0,0.0,0.0,0.08093,0.0,7.25955,0.0,0.0,0.0,0.43876,0.00206,0.19598,0.0,0.0,0.0,0.0,2.4393200000000004,2.47663,0.0,0.00348,0.0,2.69834,0.0,0.0,0.0,0.47514,0.0,0.14373999999999998,0.0,30.726910000000004,4.59374,0.0,0.02884,0.0,0.0,0.02648,0.0004,0.0,0.0,0.0,2.88586,0.0,0.0,0.06909,0.75628,0.0,0.0,0.01839,6.39323,0.0,0.0,0.0,0.0,0.0,0.0,0.00079,0.0,2.78172,0.0,0.0,0.81658,0.0,0.0,0.0,0.0,0.0,0.0,0.0388,0.12003000000000001,8.55015,0.0,0.0,0.00561,0.0,0.038079999999999996,0.07586,0.0,0.0,0.0,0.0,0.0,0.0,0.0,0.0,0.0,0.0,0.0,0.7117300000000001,0.0,0.0,0.0,0.0,0.0,0.0,0.0,0.0,0.0,0.00235,0.0,0.0,0.0,0.0,0.209,0.0,0.0,0.0,0.0,0.0,0.0,0.0,0.0,0.0,3.9220099999999998,0.0,0.0,0.0,0.0,0.0,0.0,0.0,0.0,0.0,0.0,0.0,0.0,0.0,0.0318,0.0,0.0,0.0,0.0,0.0,0.18707,0.0,0.0,0.0,1.77203,0.0,0.0,0.0,0.0,0.0,0.0,0.0,0.02416,0.01838,0.0,0.0,0.0,0.0,0.0,0.6025,0.0,0.0,0.0,0.0,0.00931,0.00894,0.0,0.0,0.0,0.0,0.0,0.0,0.0,0.0,0.0,0.07552,0.0,0.0,0.0,0.0,0.0,0.0,0.0,0.0,0.0,0.0,0.0,0.0,0.0,0.0,0.0,0.0,0.0,0.0,0.0,0.0,0.0,0.02963,0.0,0.0,0.0,0.0,0.0,0.0,0.0,0.0,0.0,0.0,0.0,0.0,0.0,0.0,0.0,0.0,0.0,0.0,0.0,0.0,0.0,0.0,0.0,0.0,0.0077,0.0,0.0,0.0,0.0,0.0
CRR1090760,1,0.0,0.0,0.0,0.86396,0.0,0.32965,3.40869,0.0,0.0,0.0,0.0,0.0,0.0,0.0,4.82261,0.0,0.0,0.0,1.67852,0.0,0.0,2.01766,0.0,0.0,0.0,0.031979999999999995,0.0,0.43927,0.0,0.0,0.0,0.0,6.48602,2.05203,0.0,0.0,0.0,0.0025,0.0,0.0,0.0,0.0,0.0,2.89319,0.0,13.372770000000001,0.0,0.0,0.0,0.0,0.0,0.0,0.0,0.0,0.0,0.0,0.0,0.0,0.0,0.0633,0.57916,0.00311,0.0,0.0,0.7602599999999999,0.0,0.0,0.0,0.0,0.0,0.0,0.0,0.0,0.0,0.0,0.0,0.00913,0.0,0.0,0.0,0.0,0.0,0.0,4.99419,0.14061,0.0,0.0,0.0,0.01354,0.0,0.02728,0.00239,0.0,0.0,0.0,0.0,0.0,0.0,0.0,0.0,0.0,0.0,0.0,0.0,0.0,0.0,0.0,0.0,0.0,0.0,0.0,0.0,0.0,0.0,0.0,0.0,0.0,0.0,0.0,0.0,0.0,0.0,0.0,0.0,0.0,0.0,0.0,0.0,1.37884,0.0,0.0,0.0,0.0,0.0,6.07091,0.0,0.0,0.0,0.0,0.0,0.0,0.0,0.06779,0.0,0.0,0.0,0.0,0.0,0.06487,0.0,0.0,0.0,0.63615,0.0,0.0,0.0,0.0,0.0,0.0,0.0,0.024,0.0,0.0,0.0,0.0,0.0,0.0,0.0,0.0,0.0,0.0,0.0,0.0,0.00316,0.0,0.0,0.0,0.0,0.0,0.0,0.0,0.0,0.0,0.11475,0.0,0.0,0.0,0.0,0.0,0.0,0.0,0.0,0.0,0.0,0.0,0.0,0.0,0.0,0.0,0.0,0.0,0.0,0.0,0.0,0.0,0.0,0.0,0.0,0.0,0.0,0.0,0.0,0.0,0.0,0.0,0.0,0.0,0.0,0.0,0.0,0.0,0.31437000000000004,0.0,0.0,0.0,0.0,0.0,0.0,0.00913,0.0,0.0,0.0,0.0,0.0,0.0,0.0
CRR1090764,1,0.00737,1.53684,0.01603,0.28944,0.0,0.3648699999999999,2.27096,0.15758,0.0,0.00232,0.95002,0.4314,0.0,2.16723,1.7159999999999997,0.0,0.3232,0.0061,38.80449,0.0203,0.0,0.4814400000000001,0.0,0.0,0.0,1.9613500000000001,0.0,0.12136,0.2369,0.00112,0.0,23.18837,0.7500800000000001,0.11242999999999999,0.0,0.0139,1.896,0.24711,0.00684,0.0,0.0,0.22771,0.0,0.00869,0.0,5.327750000000001,2.16454,0.03892,0.00664,2.1279,0.0,0.08149,0.48031,0.0,0.0,0.00908,0.00546,0.00306,0.0,0.05423,0.25156,1.04422,0.01364,0.00022,0.0,0.0,0.03081,0.0,0.0,0.0,0.00114,0.1138,0.01422,1.2237900000000002,0.0,0.04672,0.2397,0.00502,0.0,0.00297,0.0,0.0,0.0,0.12683,0.08428000000000001,0.36322,0.0,0.6078,0.00034,0.0,0.03117,0.01688,0.0,0.0,0.0,0.0248,0.0,0.14793,0.0,0.0,0.0,0.45759,0.0,0.0081,0.0,0.44378,0.0,0.0,0.0,0.10702,0.0,0.0,0.07568,0.05472,8e-05,0.00192,0.01439,0.0,0.04085,0.61948,0.0,0.00983,0.0,0.0,0.0,0.00207,0.03629,0.0,0.11847,0.00399,0.0,0.0,0.0,0.0,0.19406,0.0,0.0,0.0,0.00483,0.0007,0.00745,0.0,0.01078,0.0,0.19716,0.0,0.0,0.41215,0.0395,0.0,0.0,0.0,0.03181,0.09215,0.0,0.0,0.0,0.0,0.0,0.0,0.01232,0.01206,0.0,0.0117,0.0,0.0,1.6194499999999998,0.0,0.0,0.0,0.0031,0.0,0.0,0.0,0.0,0.0,0.0,0.0,0.06489,0.02315,0.0,0.0,0.0,0.02691,0.0,0.0,0.12588,0.0,0.0,0.0,0.0,0.0,0.0,0.0,0.0,0.0,0.0,0.0,0.0,0.11923,0.03897,0.03471,0.0,0.0,0.0,0.00739,0.0,0.0,0.0,0.01438,0.03518,0.0,0.0,0.0,0.0,0.0,0.0,0.1479,0.0,0.0,0.0,0.0,0.0,0.0,0.0,0.0,0.24373,0.0,0.0,0.0,0.0,0.0,0.0,0.00143,0.0,0.0
CRR1090770,1,0.0,0.48336999999999997,3.24144,26.09498,3.8932900000000004,13.11945,0.0,0.0,0.34779,0.732,0.0,0.81102,0.0,0.25663,2.8796299999999997,0.19391,0.58131,0.8729100000000001,0.2264,0.10858,0.0,8.49477,0.09142,0.0,0.04873,7.399090000000001,0.02233,2.7417700000000003,0.2401,0.14224,0.0,0.0,0.4835999999999999,0.34018,0.29623,0.31181,0.04784,9.09705,0.0,0.0,0.0,0.031,0.0,0.02835,0.3045,2.39818,0.9329700000000001,0.0,0.0,0.0,0.0,0.53625,0.01248,0.0,0.0,0.0,0.0,0.23088,0.00878,0.0,0.06115,0.0,0.0,0.0,0.0,0.0,0.03852,0.06419,0.0,0.0,0.0,0.02029,0.01189,1.01335,0.0,0.0,0.0,0.0,1.59974,0.0,0.0,0.0,0.0,2.07259,0.0,0.13175,0.96778,0.0,0.0,0.00756,0.0,0.0,0.0,0.0,0.0,0.06383,0.0,0.0,0.0,0.0,0.0,0.0,0.0,0.08395,0.0,0.0,0.00034,0.0,0.0,0.0,0.0,0.0,0.05746,0.04075,0.0,0.0,0.0,0.0,0.0,0.03656,0.0,0.0,0.0,0.0,0.0,0.0,0.15089,0.0,0.0,0.45733,0.08528,0.0,0.0,0.0,0.0,0.0,0.0,0.0,0.0,0.0,0.0,0.0,0.00745,0.0,0.0,0.0,0.0,0.0,0.50189,0.0,0.0,0.13081,0.05944,0.0,0.0,0.0,0.0,0.01649,0.0,0.0,0.0,0.0,0.0,0.0,0.0,0.0,0.0,0.52951,0.0,0.0,0.0,0.07555,0.0,0.013,0.0,0.0,0.0,0.0,0.0,0.0,0.0,0.0866,0.0,0.0,0.0,0.0,0.0,0.0,0.0,0.0,0.0,0.0,0.0,0.02244,0.0,0.45658,0.0,0.0,0.0,0.0,0.0,0.0,0.0,0.0,0.0,0.0,0.0,0.0,0.0,0.0,0.0,0.0,0.0,0.0,0.0,0.0,0.0,0.0,0.0,0.03184,0.0,0.0,0.0,0.00017,0.0,0.0,0.0,0.0,0.0,0.0,0.0,0.0,0.0,0.0,0.0,0.0
CRR1090771,1,0.0,1.14904,1.7746300000000002,11.6835,2.60433,24.78281,0.0,0.0,0.0,0.0,0.08527,0.59309,0.0,0.02733,2.07383,0.0,0.37263,0.34376,6.15506,0.02796,0.0,3.54908,0.0,0.0,0.0,0.29149,0.03716,0.44953,1.66499,0.21989,0.06365,0.0,1.4969500000000002,0.25804,0.0,0.04234,0.0,0.02058,0.0,0.0,0.0,0.12428,0.0,0.0,0.28678,24.92046,0.0,0.0,0.0,0.0,0.0,0.1459,0.0,0.0,0.01795,0.00536,0.0,0.15456999999999999,0.0,0.03088,6.70343,3.58955,0.0,0.0,0.00561,0.0,0.00585,0.05734,0.0,0.0,0.0,0.0,0.0,0.02333,0.0,0.0,0.00098,0.03666,0.0,0.0,0.0,0.0,0.0,1.92616,0.03546,0.0,0.26264,0.0,0.0,0.0,0.01518,0.00199,0.0,0.0,0.0,0.01699,0.0,0.0,0.0,0.0,0.0,0.0,0.0,0.0,0.0,0.0,0.01142,0.0,0.0,0.0,0.0,0.0,0.098,0.0,0.0,0.0,0.0,0.0,0.0,0.02202,0.0,0.0,0.0,0.0,0.0,0.0,0.0,0.0,0.00617,0.0,0.00774,0.0,0.0,0.0,0.0,0.0,0.0,0.0,0.0,0.0,0.0,0.0,0.01915,0.0,0.0,0.0,0.0,0.0,0.12903,0.0,0.0,0.0,0.29209,0.0,0.0,0.0,0.0,0.0,0.0,0.0,0.0,0.00161,0.0,0.0,0.00305,0.0,0.0,0.06914,0.0,0.0,0.0,0.0,0.0,0.00367,0.0,0.0,0.0,0.0,0.0,0.0,0.0,0.0,0.0,0.0,0.0,0.0,0.0,0.0,0.0,0.0,0.0,0.0,0.0,0.0,0.0,0.07656,0.0,0.0,0.0,0.0,0.0,0.0,0.0,0.0,0.03683,0.0,0.0,0.0,0.0,0.0,0.0,0.0,0.0,0.0,0.0,0.0,0.0,0.0,0.0,0.0,0.0,0.0,0.0,0.0,0.0,0.0,0.0,0.0,0.0,0.0,0.0,0.0,0.0,0.0,0.0,0.0
CRR1090772,1,0.0,1.86412,0.13806,7.15236,0.0,7.56928,0.01038,0.05885,0.0,0.0,0.0,2.65962,0.0,20.70037,3.0061199999999997,0.0,2.69489,0.12667,7.47814,0.06833,0.0,2.8173299999999997,0.0627,0.0,0.0,0.20978,0.0874,0.25846,0.0,0.06281,0.0,1.28571,0.86553,0.8378800000000001,0.0,0.14797,0.0,0.22784,0.0,0.0,0.0,3.18009,0.0,0.050390000000000004,0.0,3.2764800000000003,7.1594,0.0,0.00978,0.0,0.0,0.3086,0.0,0.0,0.01002,0.02094,0.11092,1.03288,0.14189,0.01475,0.04966,0.96467,0.0,0.0,0.00665,0.0,0.01979,0.8128299999999999,0.0,0.0,0.0,0.13049,0.0,1.4843999999999997,0.0,0.01832,0.0,0.0,0.0,0.02409,0.0,0.05132,0.0,3.04454,0.019430000000000003,1.14645,7.23763,0.0,0.01622,0.00535,0.00191,0.01257,0.0,0.0,0.0,0.0,0.0,0.0,0.0,0.0,0.0,0.0,0.0,0.12045,0.0,0.0,0.1883,0.0,0.0,0.0,0.0,0.0,0.02345,1.23794,0.01415,0.0,0.0,0.0,0.08208,0.0,0.0,0.0,0.0,0.0,0.0,0.00299,0.0,0.0,0.03811,0.0,0.0,0.0,0.0,0.0,0.13584,0.0,0.0,0.0,0.0,0.0068,0.0,0.0,0.00678,0.0,0.0,0.0,0.0,0.00435,0.59961,0.0,0.0,0.14122,0.0,0.07557,0.0,0.0,0.0,0.01909,0.0,0.0,0.00257,0.0,0.0,0.0,0.00798,0.0,0.30332,1.57786,0.0,0.0,0.0,0.0,0.0,0.00402,0.0,0.0,0.0,0.0,0.0,0.0,0.0,0.0,0.0,0.01776,0.0,0.0,0.0,0.0,0.0,0.0,0.0,0.0,0.0,0.0,0.0,0.0,0.0,0.0,0.0,0.0,0.0,0.0,0.0,0.0,0.0,0.0043,0.0,0.0,0.0,0.00786,0.0,0.0,0.0,0.0,0.0,0.0,0.0,0.31802,0.0,0.0,0.0,0.0,0.0,0.0,0.0,0.0,0.0,0.0,0.01375,0.0,0.00924,0.0,0.0,0.0,0.0,0.0
CRR1090773,1,0.00866,7.114090000000001,0.79666,4.1705700000000006,0.69261,14.70599,1.25455,1.5007799999999998,0.39642,0.24265,0.03848,1.22332,1.24673,2.6270100000000003,12.4852,0.36878,9.08479,0.10832,7.8411800000000005,0.05561,0.0,1.81542,0.00048,0.20623,0.23687,0.22629,0.0,1.00971,0.43423,0.0225,0.00192,0.14623,1.1302699999999999,1.50961,0.0,0.00338,0.19371,0.1134,7.04572,0.0,0.0,0.15641,0.0,0.0,0.13611,0.010870000000000001,2.2177700000000002,0.11657999999999999,0.00171,0.0,0.0,0.013399999999999999,3.05774,0.0,0.0,0.21851,0.0,0.52257,0.00747,0.00164,0.95159,0.04045,0.0,0.0,0.0,0.0,0.0,0.12643,0.0,0.0,2.08693,0.18463,1.4166,0.41633,0.01957,0.0112,0.0,0.0,0.0,0.0,0.0,0.02785,0.0,0.05506,0.00563,0.47934,0.01513,0.00266,0.0,0.0,0.02175,0.0,0.0,0.0,0.0,0.05515,0.15632,0.07304,0.0,0.0,0.06172,0.0,0.0,0.0,0.0,0.0,0.03855,0.04959,0.0,0.0,0.00778,0.0,0.01579,0.0,0.0,0.00462,0.00366,0.0,0.0,0.0,0.05319,0.0,0.0,0.06266,0.0,0.00685,0.0152,0.00527,0.0,0.03426,0.0,0.0021,0.0,0.0,0.0,0.0,0.0,0.0,0.00161,0.0,0.0,0.0,0.0,0.00761,0.05158,0.00985,0.71907,0.0,0.08608,0.0,0.91492,1.21177,0.0,0.0,0.16586,0.0,0.0,0.0,0.0,0.0,0.0,0.01043,0.0,0.0,0.0,0.0,0.0,0.0,0.0,0.0,0.0,0.0,0.0,0.0,0.0,0.0,1.0039,1.06873,0.0,0.0,0.0,0.0,0.0,0.00566,0.0,0.0,0.0,0.0,0.0,0.0,0.0,0.0,0.0,0.0,0.0,0.23997000000000002,0.0,0.0,0.0,0.0754,0.0,0.0349,0.0,0.0,0.0,0.0,0.0,0.0,0.0,0.00058,0.0,0.0,0.00973,0.0,0.0,0.0,0.58723,0.0,0.0,0.0,0.0,0.0,0.0,0.0,0.0,0.13736,0.0,0.0,0.0026,0.0,0.0,0.0,0.0,0.0,0.0,0.0
CRR1090774,1,0.0,12.00935,0.62059,0.99076,4.18131,1.75931,0.76866,0.03894,0.12961,0.12435,1.36887,0.48844,7.16062,7.4572,4.660019999999999,0.75014,10.17591,0.0,2.97324,0.10018,0.0,3.19532,0.048240000000000005,0.0,0.89447,0.04861,0.0,0.56172,1.16653,0.13789,0.21371,0.0,3.0706399999999996,0.18916,0.0,0.05461,0.6820200000000001,0.16769,0.0,0.45188,0.51482,0.116,0.0,0.0,0.17603,5.48765,0.81167,0.0,0.003,0.0,0.0,0.18946,0.9573200000000001,1.66878,0.01496,0.1247,0.09792000000000001,0.6758299999999999,0.48991,0.053930000000000006,1.07781,1.72574,0.03718,0.00029,0.0,0.07016,0.0,0.1164,0.05702,0.01797,0.09203,0.39625,0.481,1.11088,0.0,0.01261,0.15784,0.0,0.0,0.0,0.0,0.0326,0.0,0.13321,0.053419999999999995,0.2591,0.0,0.0,0.01829,0.00563,0.07238,0.01464,0.0,0.0,0.0,0.05914,0.0,1.87979,0.0,0.0,0.0,0.00533,0.0,0.0,0.0,0.0,0.11773,0.09806,0.48925,0.18267,0.0414,0.0,0.03313,0.14661,0.0,0.0,0.00541,0.07969,0.0,0.0,0.25392,0.0,0.0,0.0,0.0,0.00108,0.049,0.02011,0.0,0.01217,0.01937,0.0,0.0,0.0,0.0,0.0,0.0,2.73149,0.01292,0.0,0.0,0.0,0.01061,0.0,0.31111,0.0,0.0,0.0,0.11585,0.0,1.29279,0.0,0.0,0.0,0.0,0.0,0.10009,0.01068,0.0,0.04165,0.0,0.11425,0.0,0.08827,0.00196,0.02036,0.0,0.0,0.0,0.0,0.0,0.0,0.01257,0.06036,0.0,0.0,0.0,0.0,0.0,0.0,0.0,0.0,0.0,0.01478,0.0,0.0,0.0,0.0,0.0,0.0,0.0,0.30343,0.0,0.0,0.0,0.38316,0.0,0.0,0.0,0.0,0.0,0.00518,0.0,0.0,0.0,0.00409,0.0,0.0,0.0,0.0,0.03883,0.00868,0.0,0.0066,0.0,0.0,1.30208,0.28907,0.0,0.0,0.0,0.0,0.0,0.0,0.0,0.0,0.0,0.0,0.00359,0.0,0.0212,0.0,0.0,0.0,0.0,0.0
CRR1090775,1,0.0,2.28996,1.65977,4.95876,0.0,8.84734,0.0,0.01333,0.0,0.08438,0.0189,0.53331,0.0,1.88571,9.34166,0.22821,2.15027,0.10223,14.36596,0.01135,0.0,3.28686,0.0,0.0,0.23025,0.87589,0.0,0.62612,0.99309,0.0,0.0,0.0,0.21263,0.1072,0.0,0.0,0.0,0.09389,0.0,0.0,0.0,0.00324,0.0,0.11273,0.34224,0.25676,1.88858,0.0,0.05021,0.0,0.0,0.06262999999999999,0.11154,1.15818,0.0,0.0,0.14656,1.10355,0.00097,0.05938,1.12675,2.04931,0.0,0.01249,0.0,0.0,0.0,0.14806,0.0,0.0,0.0,0.19581,0.0,0.45181000000000004,0.0,0.0,0.0005,0.0,0.0,0.0,0.0,0.0,0.0,0.33838,0.027229999999999997,13.66047,14.32941,0.0,0.0,0.00873,0.02879,0.00896,0.0,0.0,0.0,0.05547,0.0,0.0,0.0,0.0,0.0,0.0,0.0,0.0,0.0,0.0,0.06062,0.0,0.0,0.0,0.0,0.0,0.00567,0.0,0.0,0.0,0.0,0.0,0.0,0.0,0.0104,0.00068,0.0,0.0,0.0,0.0,0.0,0.0,0.0,0.0,0.00595,0.0,0.0,0.0,0.0,0.0,0.0,0.0,0.0,0.00148,0.0,0.0,0.0,0.0,0.0,0.0,0.0,0.0,0.25601,0.0,0.0,0.0,0.0,0.0,0.0,0.0,0.02933,0.0071,0.0,0.0,0.0,0.0,0.0,0.0,0.0005,0.0,0.0,0.18121,0.0,0.0,0.0,0.05882,0.0,0.00305,0.0,0.0,0.0,0.0,0.0,0.0,0.0,0.0,0.0,0.00222,0.0,0.0,0.0,0.0,0.0,0.0,0.0,0.0,0.0,0.0,0.0,0.0,0.0,0.0,0.0,0.0,0.0,0.0,0.0,0.0,0.0,0.00679,0.0,0.0,0.0,0.01378,0.0,0.0,0.0,0.0,0.0,0.0,0.0,0.25216,0.0,0.0,0.0,0.0,0.0,0.0,0.0,0.0,0.0,0.0,0.0,0.0,0.0,0.0,0.0,0.0,0.0,0.0
CRR1090777,1,0.0,11.55386,0.62862,10.15394,0.27334,13.75336,0.0,0.02901,0.41875,0.40181,0.43292,0.60782,0.81447,1.21472,0.76153,0.0,0.21081,0.34858,10.8246,0.04211,0.0,2.08411,0.08123,0.04467,0.06536,0.53368,0.0,0.17985,0.35324,0.06877,0.03914,0.00396,2.80133,0.73519,0.0,0.02751,0.09736,0.80213,0.261,0.0,0.0,0.30791,0.0,0.0,0.74032,0.22455000000000003,7.06067,0.11586,0.04073,0.0,0.0,0.037239999999999995,0.29072,0.0,0.0,0.2587,1.0970499999999999,1.19151,0.00629,0.05922,1.03385,0.8240700000000001,0.0,0.01497,0.00868,0.0,0.0407,0.13208,0.0,0.0,1.9808400000000002,0.09081,0.14189,0.19604999999999997,0.01587,0.43003,0.10153,0.0,0.0,0.0,0.0,0.00745,0.0,0.3593,0.00439,1.8111000000000002,1.27967,0.05144,0.00213,0.0,0.0058,0.0,0.0,0.0,0.0,0.06662,0.0,0.0,0.0,0.0,1.17868,0.02965,0.0,1.62709,2.1796,0.03278,0.01517,0.0,0.0,0.0,0.0685,0.0,0.10945,0.0,0.0,0.0,0.01974,0.0,0.12876,0.04438,0.04399,0.0,0.0,0.0,0.0,0.00333,0.02338,0.0158,0.00232,0.07332,0.20293,0.03154,0.0,0.0,0.25245,0.0,0.0,0.0,4e-05,0.0,0.0,0.0,0.0067,0.0,0.02236,0.0,0.12126,0.0,0.12865,0.0,0.0,0.0,0.0,0.0,0.0,0.0,0.0,0.0,0.0,0.0,0.0031,0.0,0.0,0.00058,0.0,0.0,0.0,0.0851,0.0,0.72022,0.0,0.0,0.0,0.00767,0.0,0.0,0.58987,0.0,0.0,0.0,0.0,0.0,10.75568,0.01842,0.0,0.0,0.0,0.0,0.0,0.0,0.0,0.0,0.0,0.0,0.0,0.0015500000000000002,0.0,0.0,0.0,0.0,0.0,0.0238,0.0,0.0,0.00835,0.00139,0.00565,0.0,0.0,0.00997,0.0,0.0,0.0,0.0,0.0,0.0,0.0,0.0,0.0,0.0,0.0,0.0,0.0,0.0,0.0,0.03026,0.0,0.0,0.0,0.0,0.0,0.0,0.0,0.0,0.0,0.0
CRR1090778,1,0.00306,4.8774,0.43286,3.8943,0.00767,2.70838,9.76675,0.25074,0.12311,0.06057,0.06633,0.26029,2.35193,1.23895,0.55643,0.0,0.020880000000000003,0.11561,2.3927099999999997,0.0,0.24709,0.12635,0.029660000000000002,0.08255,0.71975,0.49511,0.0,0.0,0.43018,0.0,0.21136,1.09355,2.10549,0.0,0.0,0.0,0.59051,20.91993,0.07269,0.15311,0.03716,0.01,0.09194,0.21296,0.77912,0.26108,1.03668,0.15036,0.0062,1.36524,0.0,0.0,0.23766,1.00344,0.0,0.11284,0.00254,0.08465,0.0,0.07387,0.01466,0.17334,0.0,0.01385,0.0,0.00642,0.05382,0.04141,0.10638,0.0097,1.48795,0.00946,1.56575,0.0,0.0,0.10515,0.06546,0.01082,0.0,0.0,0.0,0.0303,0.42669,0.05937,0.16412,0.65966,0.0,0.00877,0.02826,0.0,0.01678,0.02529,0.06817,0.12495,0.37736,0.0,0.0,0.05751,0.0,0.0,0.0,0.24291000000000001,0.0,0.0,0.0,0.01063,0.0019,0.07662,0.0,0.02328,0.0203,0.02426,0.00164,0.0,0.0,0.0,0.00566,0.0,0.0,0.0,0.0243,0.0,0.01514,0.0,0.0,0.00395,0.02047,0.0,0.0,0.04879,0.0604,0.00624,0.29642,0.0,0.0,0.0,0.0718,0.74825,0.0,0.0,0.08349,0.0,0.042120000000000005,0.0,0.12573,0.0,1.03036,3.39287,0.00813,0.0,0.41183,0.0,0.0,0.11056,0.0,0.0,0.0,0.0,0.71311,0.0,0.02093,0.0027,0.03195,0.0034,0.0,0.0,0.0,0.0,0.0,0.00181,0.0,0.0,0.13411,0.01788,0.0,0.0,0.02401,2.69789,0.718,0.27275,0.02266,0.0,7.56894,0.09473,0.0,0.01067,0.00452,0.0,0.0,0.0,0.0,0.0,0.58373,0.0,0.0,0.0,0.02023,0.10379,0.11878,0.07869,0.0,0.0,0.01068,0.10606,0.0,0.00161,0.0614,0.0,0.0,0.0,0.0,0.0,0.00093,0.03138,0.26414,0.0,1.50349,0.0,1.03968,0.0,0.0,0.0,0.1533,0.0,0.0,0.0,0.30655,0.39374,0.02415,0.0,0.0,0.0,0.0,0.0,0.0,0.0
CRR1090779,1,0.0,2.3586199999999997,0.01486,2.9063299999999996,0.56376,1.57289,2.05023,0.45596000000000003,0.04502,0.02029,0.0,0.67944,0.04392,1.0971899999999999,4.46534,0.0,4.18945,0.02351,2.66447,0.0,0.0,1.12338,0.16205000000000003,0.0,0.58239,0.12958,0.24418,1.46982,1.10178,0.01252,0.41897,3.63703,1.3648900000000002,0.20439,0.00201,0.0,0.30865,0.00015,0.0,0.0,0.0,0.17069,0.0,0.058,0.20996,23.659110000000002,1.05941,0.13283,0.06049,0.0,0.0,0.00548,0.9123899999999999,1.14025,0.06389,0.08656,0.34887999999999997,0.8577500000000001,0.0,0.01011,10.2722,3.083,0.0,0.0,0.00104,0.00091,0.02756,0.27463,0.0,0.0,0.11452999999999999,0.09909,0.02455,0.01933,0.0,0.01518,0.11104,0.04789,0.0,0.00316,0.0,0.07623,0.0,0.13106,0.0269,2.11131,0.0,0.0,0.05189,0.00214,0.01699,0.01401,0.0,0.0,0.0,0.0,0.0,0.34085,0.0,0.0,0.0,0.02102,0.0,0.00218,0.0,0.0,0.0,0.0,0.0,0.10897,0.04342,0.0,0.02429,0.0,0.00056,0.00955,0.0036,0.02726,0.043,0.0025,0.0,0.007730000000000001,0.0,0.0,0.0,0.08066,0.33068,0.0,0.03756,0.0906,0.0,0.0,0.0,0.0,0.0,0.03066,0.0,0.0,0.01072,0.0079,0.0,0.00747,0.01188,0.0,0.05034,0.0,0.0,0.0104,0.05686,0.0,0.0,0.0,0.0,0.0,0.0,0.0,0.01615,0.0,0.0,0.0,0.13552,0.04591,0.0,0.24999,0.00127,0.00073,0.0,0.0,0.0,0.0,0.0,0.0,0.00319,0.012150000000000001,0.0,0.0,2.50633,0.0,0.09846,0.0,0.0,0.0,0.0,0.02146,0.0,0.0,0.0,0.05936,0.0,0.0,0.0,0.0,0.0,0.0,0.0,0.0,0.0,0.0,0.0,0.04678,0.0,0.0,0.0,0.0,0.0,0.00316,0.0,0.0,0.00105,0.01825,0.0,0.00165,0.0,0.01112,0.0,0.0,0.0,0.0,0.0,0.0,0.0,0.0,0.0,0.0,0.0,0.0,0.0,0.0,0.08227,0.0,0.01135,0.0,0.0,0.0,0.0,0.0
CRR1090781,1,0.05974,0.0,0.04578,0.63983,2.12156,0.60029,3.6738,0.01042,0.0,0.0,0.0,0.17682,0.79245,8.19945,9.110999999999999,0.0,8.00917,0.0,14.57127,0.00185,0.0,0.5274800000000001,0.0,0.0,0.0,0.08434,0.0,0.18449,0.0,0.0,0.0,12.18838,1.15437,0.16345,0.0,0.24343,0.8172,0.59426,0.02891,0.0,0.04625,0.05697,0.0,0.0,0.0,1.10699,3.1311299999999997,0.04266,0.02141,0.0,0.0,0.23269,0.09437999999999999,0.0,0.0,0.00017,0.02658,0.01803,0.0,0.16335,5.74713,1.14299,0.0,0.00025,0.0,0.0,0.0,0.0096,0.0,0.0,0.07241,0.05705,0.0,2.03555,0.0,0.01045,0.00633,0.0,0.0,0.0,0.0,0.0,0.0,0.27656,0.50813,0.64594,0.0,0.0,0.01963,0.0,0.06621,0.02457,0.0,0.0,0.0,0.09244,0.0,0.10204,0.0,0.0,0.0,0.0,0.0,0.00323,0.0,0.0,0.01909,0.0,0.0,0.0,0.0,0.0,0.14729,0.0,0.0,0.0,0.01032,0.0,0.0,0.17237,0.0,0.0,0.0,0.0,0.0,0.0,0.03556,0.0,0.02885,0.00511,0.0,0.0,0.0,0.0,0.0012,0.00061,0.0,0.0,0.0,0.0,0.0,0.0,0.09567999999999999,0.0,0.003,0.0,0.0,0.0,0.01593,0.0,0.0,0.56108,0.0,0.0,0.0,0.0,0.00236,0.0,0.0,0.0,0.03686,0.0,0.0,0.16826,0.0,0.0,11.87261,0.0,0.0,0.00354,0.0,0.0,0.00217,0.00588,0.0,0.0,0.0,0.0,0.0,0.0,0.01246,0.0,3.78295,0.01437,0.0,0.0,0.0,0.0,0.0,0.0,0.0,0.0455,0.0,0.0,0.0,0.00024,0.0,0.0,0.0,0.0,0.0,0.0,0.00613,0.0,0.0,0.03823,0.00368,0.0,0.0044,0.0,0.15364,0.00248,0.0,0.0,0.0,0.0,0.0,0.0,0.08149,0.05716,0.0,0.0,0.0,0.0,0.0,0.0,0.23945,0.0,0.0,0.0,0.00502,0.0,0.0,0.0,0.0,0.0
CRR1090783,0,0.00498,0.5625899999999999,0.07703,1.37203,0.05017,0.46365999999999996,1.15231,0.0,0.0097,0.00464,0.55254,0.78373,0.0,4.76302,3.8579300000000005,0.0,8.32373,0.00068,9.988660000000001,0.03287,0.0,0.5381,0.16749,0.0,0.10115,0.7461999999999999,0.2975,0.10814,4.75972,0.0,0.36003,3.62435,2.864229999999999,0.09738999999999999,0.0,0.00396,0.32784,2.49808,0.00462,0.16889,0.0,0.70308,0.0,0.11775,1.96832,4.099629999999999,3.3335399999999997,0.00599,0.03538,0.0,0.0,0.20705,0.7575099999999999,0.2887,0.02685,0.01543,0.22482000000000002,0.44128,0.0907,0.02454,3.32104,2.9261,0.0,0.00452,0.00159,0.0,0.19889,0.03362,0.0,0.00539,3.2844700000000002,0.02583,0.03312,0.0386,0.0,0.11242,0.36838,0.0,0.13502,0.0,0.0,0.01388,0.00436,0.06528,0.062,0.27419,0.0,0.06983,0.00896,0.0,0.0478,0.02271,0.0,0.0,0.0,0.09164,0.01932,0.06287,0.0,0.0,0.0,0.059699999999999996,0.02711,0.07384,0.0,0.0,0.0,0.0,0.0,0.20944,0.0,0.0,0.06595,0.0,0.0,0.0,0.0,0.0,0.00118,0.00181,0.0,0.0,0.0,0.0,0.0,0.0,0.13352,0.02221,0.06773,0.0176,0.02339,0.0,0.0,0.0,0.0,0.0,0.0,0.10909,0.0,0.00273,0.0,0.0,0.05326,0.0,0.19489,0.0,0.0,0.0063,0.01877,0.0,0.0,0.16689,0.0,0.0,0.0,0.0203,0.0,0.0,0.0,0.0,0.02263,0.0623,0.0,0.39078,0.01088,0.0,0.28495,0.0,0.0,0.02004,0.0,0.0,0.00194,0.00921,0.0,0.0,0.0,0.0,0.0,0.0,0.0,0.0,10.14878,0.02643,0.0,0.0,0.0,0.0,0.0,0.0,0.0,2.13709,0.0,0.03598,0.0,0.00888,0.0,0.0,0.0,0.0,0.01133,0.0,0.0,0.0,0.0,0.00737,0.04994,0.01865,0.01882,0.00238,0.0,0.0,0.0,0.0,0.0,0.0,0.0,0.0027,0.00081,0.0,0.0,0.0013399999999999998,0.0,0.0,0.0,0.0,0.24066,0.0,0.00023,0.0,0.00242,0.0,0.0,0.0,0.0,0.0
CRR1090784,1,0.0,4.71915,0.14899,5.81481,0.0,10.11184,1.74254,4.1723099999999995,0.0,0.0,5.61228,0.97328,3.85942,6.84364,2.19018,0.95975,4.50342,0.0,3.5892299999999997,0.0,0.0,8.1126,0.0,0.02426,0.30762999999999996,1.04527,0.0,0.47152,1.68784,0.00576,0.0,0.94331,0.00466,0.04807,0.0,0.0,1.98948,0.04094,1.03555,0.0,0.0,0.45953,0.0,0.0,0.02152,4.12074,1.0382099999999999,0.0,0.02488,0.0,0.11941,0.00112,0.36912,1.58568,0.0,0.31401999999999997,0.14046999999999998,0.6891099999999999,0.0171,0.01802,2.14185,0.75593,0.00373,0.02693,0.00543,0.0,0.0,0.0487,0.0,0.0,1.02738,0.02312,0.04121,0.63039,0.0,2.54489,0.03909,0.0,0.0,0.0,0.0,0.00782,0.0,0.23745,0.0,0.24416000000000002,0.03267,0.0772,0.0,0.03399,0.0,0.0,0.0,0.0,0.0,0.16158,0.0,1.49282,0.0,0.0,0.10527,0.04316,0.0,0.0,0.0,0.0336,0.1597,0.0,0.0,0.00782,0.02107,0.0,0.02535,0.14704,0.0,0.06965,0.00038,0.0,0.0,0.00321,0.02082,0.03082,0.0,0.0,0.0,0.0,0.01911,0.0,0.0,0.0,0.02465,0.0,0.0,0.0,0.0,0.0,0.0,0.0,0.0,0.0,0.0,0.0,0.0,0.08695,0.0,0.0,0.0,0.0,0.0,0.0,0.0,0.0,0.0,0.12995,0.0,0.0,0.01618,0.0,0.0,0.0,0.0,0.0,0.16669,0.0,0.0,0.15668,3.44848,0.0,0.22143,0.02432,0.0,0.0,0.0,0.0,0.0,0.0,1.10389,0.0,0.12372,0.0,0.0,0.0,0.0,0.0,0.0,0.0,0.0,0.09121,0.0,0.0,0.0,0.0,0.0,0.0,0.0,0.00467,0.0,0.0,0.00523,0.0,0.00625,0.01385,0.0,0.0,0.00208,0.0,0.0,0.0,0.0,0.0,0.0,0.0,0.0,0.0,0.0,0.0,3.45037,0.0,0.0,0.44134,0.0,0.0,0.0,0.0,0.0,0.0,0.0,0.0,0.0,0.0,0.00089,0.0,0.0,0.0,0.0,0.0
CRR1090785,1,0.0,6.884720000000001,1.67188,2.47582,0.068,9.86155,12.70754,3.53602,0.0,0.0,0.25717,2.22131,0.0,0.0,5.06484,0.0,1.9175,0.12567,0.0,0.0,0.0,2.26193,0.0,0.0,0.0,0.20602,0.02019,0.12597,0.8493200000000001,0.09091,0.0,0.0,4.0157799999999995,0.24607,0.0,0.0,0.11296,0.53216,0.0,0.0,0.0,0.25776,0.0,0.01412,0.26275,5.86919,3.59319,0.0,0.13207,0.0,0.0,0.0,2.7890699999999997,0.0,0.01014,0.04548,0.42547,0.49865,0.02327,0.08755,7.00973,2.91967,0.0,0.0,2.8860200000000003,0.0,0.0,0.0,0.0,0.0,0.10353,0.19688,0.0,0.19886,0.0,0.00548,0.05785,0.0,0.0,0.0,0.0,0.00816,0.0,3.90806,0.009389999999999999,0.3357,0.0,0.0,0.0,0.0,0.0008,0.0,0.0,0.0,0.0,0.0,0.0,0.0,0.0,0.0,0.0,0.0,0.0,0.00602,0.0,0.0,0.0,0.0,0.0,0.15846,0.0,0.0,0.47681,0.0,0.0,0.02666,0.0,0.0,0.0,0.0,0.0,0.0,0.0,0.0,0.0,0.0,0.17101,0.0,0.27129,0.05044,0.24852,0.0,0.0,0.0,0.0,0.20854,0.0,0.64062,0.0,0.0,0.0,0.0,0.00731,0.0,0.02107,0.0,0.0,0.0,0.15702,0.0,2.21457,0.0,0.0,0.0,0.0,0.0,0.04746,0.0,0.0,0.0,0.0,0.0,0.0,0.0,0.0,0.00116,1.98813,0.0,0.0,0.14597,0.0,0.0,0.00056,0.00903,0.0,0.0,0.0,0.0,0.0,0.0,0.0,0.0,0.0,0.05081,0.0,0.0,0.0,0.0,0.0,0.0,0.0,0.0,0.0,0.0,0.0,0.0,0.0,0.0,0.0,0.0,0.0,0.0,0.0,0.0,0.0,0.0,0.0,0.0,0.0,0.08986,0.0,0.0,0.0,0.0,0.0,0.0,0.0,0.0,0.0,0.0,0.0,0.10522,0.0,0.0,0.0,0.0,0.0,0.0,0.00296,0.28434,0.00663,0.0,0.0,0.80519,0.0,0.0
CRR1090787,1,0.01777,3.00616,0.05065,1.22128,0.42169,2.48048,1.59259,1.25211,0.09992,0.00079,0.32705,0.12654,1.21141,0.00781,5.03062,0.50065,1.6459199999999998,0.018,18.34981,0.03846,0.0,4.56457,0.02234,0.72332,0.08884,0.43383999999999995,1.7872,0.15775999999999998,1.17245,0.02328,0.02996,1.06814,8.490290000000002,0.03545,0.0,0.00278,0.2,0.06759,1.48963,0.0,1.71653,0.0013,1.01408,0.35908,0.59394,0.15909,3.09483,0.0,0.02835,1.32099,0.0,0.0929,2.38812,1.11728,0.0,0.45749999999999996,0.03987,0.08566,0.0,0.00746,0.5296500000000001,0.8798699999999999,0.0,0.00427,0.0,0.0,0.05223,0.0,0.0,0.0,1.59435,0.00928,1.07345,1.9590999999999998,0.0,2.95215,0.0,0.01646,0.04757,0.0,0.0,0.0,0.0,0.03127,0.00864,1.13069,0.0,0.0,0.022260000000000002,0.02143,0.04223,0.00563,0.0,0.0,0.0,0.03205,0.0,0.47757,0.0,0.0,0.25351,0.0,0.03784,0.07277,0.317,0.55144,0.0705,0.01919,0.0,0.0,0.0,0.0,0.02678,0.0,0.0,0.0,0.0,0.0,0.0,0.03055,0.0,0.0,0.0,0.00045,0.02354,0.0,0.04761,0.0,0.07781,0.0,0.0557,0.0,0.0,0.0,0.90631,0.0,0.0,0.0,0.00249,0.0,0.0,0.0,0.01487,0.0,0.0,0.0,0.0,4.98973,0.04946,0.0,0.0,0.0,0.0,0.0,0.0,0.00482,0.00045,0.0,0.0,0.65434,0.00071,0.00363,0.0,0.0,0.0,0.0,0.00586,0.0,0.0,0.0,0.08738,0.0,0.03023,0.0,0.0,0.0,0.19031,0.0,3.63738,0.0,0.0,0.0,4.15563,0.00842,0.0,0.27072,0.0,0.0,0.0,0.0,0.0,0.0,0.0,0.0,0.0,0.03854,0.0,0.0,0.01054,0.0,0.07141,0.0,0.0,0.0,0.0,0.0,0.0,0.0,0.00763,0.00462,0.0,0.0,0.0,0.0,0.0,0.0,0.0,0.00011,0.0,0.0,0.0,0.00764,0.0,0.0,0.0,0.0,0.0,0.0,0.0431,0.26673,0.0,0.0,0.0,0.0,0.0,0.0
CRR1090789,1,0.0,2.4888299999999997,1.3808500000000001,5.22484,2.2549699999999997,9.737050000000002,5.44241,0.37988,0.16086,0.0,0.10086,0.45236,0.0,5.95186,0.42557,0.0,0.91595,0.06348,9.59902,0.0,0.00994,3.7570499999999996,0.02485,0.0,0.05941,3.8226700000000005,0.0,0.10789,1.58229,0.02861,0.022600000000000002,1.60631,0.1665,0.00279,0.0,0.02054,0.92821,0.04425,0.0,0.0,0.0,0.0932,0.0,0.0,1.08954,0.58441,3.20887,0.02117,0.0,0.0,0.0,0.02539,10.5525,0.44156,0.0,0.01741,0.19472,1.20921,0.0,0.00671,0.15655,0.76706,0.00096,0.0,0.0,0.0,0.0,0.05339,0.0,0.00426,6.44314,0.02586,0.0,0.6044400000000001,0.0,0.10695,0.0,0.0,7.34377,0.0,0.0,0.0,0.0,0.17441,0.0,0.5513100000000001,0.06948,0.0,0.0,0.00797,0.0,0.0,0.0,0.0,0.0,0.0,0.20678,0.0164,0.0,0.0,0.0,0.0,0.0,0.0,0.0,0.06469,0.52383,0.0,0.0,0.0,0.0,0.0,0.03615,0.0,0.00068,0.0,0.0,0.0,0.0,0.02539,0.0,0.00059,0.0,0.0,0.0,0.0,0.02334,0.01628,0.0,0.00389,0.08805,0.00631,0.0,0.0,0.0,0.0,0.0,0.0,0.00448,0.0,0.0,0.0,0.0,0.0,0.0,0.0,0.0,2.33383,0.12533,0.0,0.0,0.61578,0.0,0.0,0.0,0.0,0.0,0.03402,0.0,0.07713,0.0,0.0,0.0,0.0,0.0,0.0,0.0,0.05345,0.0,0.00293,0.0,0.0,0.00497,0.0,0.0,0.0,0.0,0.0,0.0,0.0,0.0,0.21796,0.0,0.0,0.0,0.0,0.0,0.0,0.0,0.0,0.0,0.06696,0.0,0.0,0.0,0.0,0.0,0.0,0.0,0.0,0.01151,0.0,0.00538,0.0,0.00763,0.0,0.07998,0.0,0.0,0.0,0.0,0.0,0.0,0.0,0.0,0.0,0.0,0.0,0.0,0.0,0.0,0.0,0.0,0.0085,0.0,0.0,0.03661,0.0,0.0,0.0,0.0,0.0,0.0,0.0,0.0,0.0
CRR1090790,1,0.0,0.00268,0.0,0.0,0.0,13.60696,0.0,0.0,0.0,0.0,0.0,0.0,0.0,0.0,2.991,0.0,0.0,0.0,0.0,0.0,0.0,12.08788,0.0,0.0,0.0,0.09307,0.11941,0.0,0.0,0.0,0.0,0.0,2.4383000000000004,0.818,0.0,0.0,0.0,20.77793,0.0,0.0,0.0,0.09916,0.0,0.90399,0.0,14.729399999999998,0.0,0.0,0.0,0.0,0.0,0.0,0.03048,0.0,0.00123,0.0,0.0,0.0,0.10256,0.0,0.0,0.0,0.0,0.0,0.46734000000000003,0.0,5.12212,0.0,0.0,0.0,0.0,0.0,0.0,12.95036,0.0,0.0,0.12779,0.0,0.0,0.0,0.0,0.0,0.0,0.71289,0.18356,0.0,0.0,0.0,0.01959,0.0,0.0,0.00191,0.0,0.0,0.0,0.0,0.0,0.0,0.0,0.0,0.0,0.00879,0.0,1.20621,0.0,0.0,0.0,0.0,0.0,0.0,0.0,0.0,0.0,0.17405,0.0,0.0,0.0,0.0,0.0,0.0,0.0,0.0,0.0,0.0,0.0,0.0,0.0,0.0,0.60402,0.0,0.0,0.0,0.0,0.0,0.0,0.0,0.0,0.0,0.0,0.0,0.0,0.0,0.04849,0.0,0.0,0.0,0.0,0.0,0.0,0.0,0.0,0.0,0.19181,0.0,0.0,0.0,0.0,0.0,0.0,0.0,0.0,0.0,0.0,0.0,0.0,0.0,0.0,0.95318,0.0,0.0,0.0,0.0,0.0,0.0,0.0,0.0,0.0,0.0,0.0,0.0,0.0,0.0,0.0,0.08431,0.0,0.0,0.0,0.0,0.0,0.0,0.0,0.0,0.0,0.0,0.0,0.0,0.0,0.0,0.0,0.0,0.0,0.0,0.0,0.0,0.0,0.0,0.0,0.0,0.0,0.0,0.0,0.0,0.0,0.0,0.0,0.0,0.0,0.0,0.0,0.0,0.0,0.0,0.0,0.0,0.0,0.0,0.0,0.0,0.0,0.0,0.0,0.0,0.0,0.0,0.0,0.0
CRR1090796,0,0.0,0.18030000000000002,0.13499,1.06236,0.0,0.86206,0.0,0.12202,0.00695,0.53846,0.0,1.22101,0.65815,5.753259999999999,3.9104400000000004,0.0,2.06299,0.0,20.81801,0.03001,0.0,5.77107,0.01293,0.0,0.22506,1.4464299999999999,0.33237,0.37475,1.65164,0.0,0.0,0.0,1.37349,0.19946,0.0,0.0,0.0,0.49848,0.0,0.0,0.0,0.04908,0.0,0.20633,1.09768,2.20714,1.68991,0.0,0.01982,0.02172,0.0,0.1647,6.35222,1.61339,0.0,0.02566,0.0,4.11926,0.00399,0.0,6.92142,4.223590000000001,0.0,0.0,0.0,0.0,0.14753,0.30486,0.0,0.0,0.0,0.20833,0.00581,0.1441,0.0,1.26739,0.40902,0.00737,0.0,0.0,0.0,0.0,0.0,0.61737,0.08495,3.9556199999999997,1.51722,0.07049,0.0052,0.0,0.0396,0.00203,0.0,0.0,0.0,0.01817,0.0,0.0,0.0,0.0,0.0,0.00346,0.0,0.0,0.0,0.0,0.02522,0.0,0.0,0.0,0.0,0.0,0.275,0.0,0.0,0.0,0.03258,0.0,0.02679,0.191,0.0,0.0,0.0,0.0,0.0,0.0,0.2817,0.0,0.20173000000000002,0.08459,0.03205,0.0,0.0,0.0,0.0,0.16494,0.0,0.0,0.0,0.03675,0.0,0.0,0.053709999999999994,0.0,0.13405,0.0,0.0,0.0,0.15072,0.0,0.0,0.0,0.0,0.0,0.0,0.0,0.0,0.04014,0.0,0.0,0.04999,0.02049,0.0,0.0,0.0,0.0,0.0,0.0,0.0,0.37835,0.0,0.0,0.0,0.02686,0.0,0.0,0.0,0.0,0.0,0.0,0.0,0.0,0.0,0.02862,0.0,0.0,0.0,0.0,0.0,0.0,0.0,0.0,0.0,0.0,0.0,0.00738,0.0,0.0,0.0,0.0,0.01514,0.0,0.0,0.0,0.0,0.01256,0.0,0.0,0.0,0.01069,0.0,0.0,0.0,0.0,0.0,0.0,10.41662,0.01155,0.0,0.0,0.0,0.0,0.0,0.0,0.0,0.03783,0.04064,0.0,0.05815,0.0,0.0,0.0,0.0,0.0,0.0,0.0
CRR1090805,1,0.0,0.0,0.0,0.0,0.0,0.00364,0.0,0.0,0.0,0.0,0.0,0.0,0.0,0.53811,0.01294,0.0,0.00613,0.0,0.00634,0.0,0.0,11.63343,0.0,0.0,0.0,0.19753,0.0,0.0,0.0,0.0,0.0,0.0,0.8039300000000001,0.52623,0.0,0.0,0.0,3.74058,0.94979,0.0,0.0,0.02989,0.0,3.8455000000000004,0.12067,5.79632,10.19477,0.0,0.05163,0.0,0.0,0.0,0.00051,0.0,0.00455,0.0,0.0,0.0,0.0,0.10880000000000001,3.32313,0.0,0.0,0.0,0.85765,0.0,0.0,0.0,0.0,0.0,0.0,0.0,0.0,0.0,0.0,0.0,0.47775,0.0,0.00024,0.0,0.0,0.0,0.0,0.0,0.21855000000000002,1.31324,0.0,0.0096,0.00327,0.0,0.10383,0.0,0.0,0.0,0.0,0.0,0.0,0.0,0.0,0.0,0.0,0.00686,0.0,2.13286,0.0,0.0,0.0,0.0,0.0,0.0,0.0,0.0,0.38925,0.0,0.0,0.0,0.0,0.0,0.0,0.0,0.0,0.00202,0.0,0.0,0.0,0.0,0.06742,0.0,6.2411900000000005,0.0,0.0,0.0,0.0,0.0,0.0,0.0,0.0,0.0,0.0,0.0,0.0,0.0,0.15505,0.0,0.0,0.0,0.0,0.0,0.00244,0.0,0.0,0.00121,0.00164,0.0,0.0,0.0,0.0,0.0,0.0,0.0,0.02596,0.02327,0.0,0.0,0.0,0.0,0.0,0.94583,0.0,0.0,0.0,0.0,0.00777,0.06697,0.0,0.0,0.0,0.0,0.0,0.0,0.00807,0.0,0.0,0.04397,0.0,0.0,0.0,0.0,0.0,0.0,0.0,0.0,0.0,0.0,0.0,0.0,0.0,0.0,0.0,0.0,0.01497,0.0,0.0,0.0,0.0,0.0,0.0,0.0,0.05702,0.0,0.0,0.0,0.0,0.0,0.0,0.0,0.0,0.0,0.0,0.0,0.0,0.0,0.0,0.0,0.0,0.0,0.0,0.0,0.08694,0.0,0.00398,0.0,0.0,0.98769,0.0,0.0
CRR1090806,1,0.0,0.94666,0.043089999999999996,1.94929,0.00498,2.62843,4.29459,2.32223,0.0,3.71475,0.04971,0.71303,1.39016,11.000809999999998,7.1634400000000005,0.40637,1.96352,0.04607,3.91459,0.0325,0.0,5.18258,0.0081,0.0,0.00162,4.10667,0.0,0.08823,0.87443,0.03502,0.00148,2.1462,0.28035999999999994,0.33573,0.0,0.18917,0.23402,0.09023,0.37278,0.0,0.0,0.00241,0.0,0.0,0.65092,0.0,8.191370000000001,0.039599999999999996,0.02845,0.0,0.0,0.016460000000000002,2.03546,0.0,0.05084,0.0,1.5662699999999998,3.8042000000000002,0.0,0.07657,2.053,4.8202799999999995,0.0,0.0,0.14476,0.0,0.0,0.0,0.0,0.00519,0.61019,0.06232,2.43041,0.12121,0.0,4.2634,0.0,0.0,0.0,0.0,0.0,0.01412,0.0,0.3286,0.00157,1.4264299999999999,0.4212,0.0,0.0,0.02888,0.0,0.0,0.0,3.19229,0.0,0.02221,0.91247,0.0,0.0,0.0,0.0,0.0,0.0,0.02705,0.0,0.1425,0.13692000000000001,0.0,0.0518,0.0,0.0,0.0,0.01874,0.96027,0.0,0.0,0.0,0.0,0.0,0.17046,0.0,0.0,0.0,0.0,0.03502,0.02777,0.04341,0.0,0.03762,0.11974,0.14912,0.0,0.0,0.0,0.0,0.0,0.0,0.0,0.0,0.00642,0.0,0.0,0.0079,0.0,0.00625,0.0,0.0,0.4085,0.51023,0.0,0.11447,0.0,0.0,0.0,0.0,0.0,0.05925,0.0272,0.0,0.0,0.0,0.00022,0.0,0.0,0.0,0.0,0.0,0.0,0.0,0.06113,0.0,0.0,0.01501,0.00419,0.0,0.0,0.32178,0.09366,1.16203,0.0,0.0,0.0,0.02045,0.00206,0.0,0.0,0.0,0.0,0.0,0.0,0.0,0.0,0.0,0.0,0.0,0.06134,0.0,0.0,0.0,0.0,0.0,0.01116,0.0,0.0,0.0,0.0,0.0,0.0,0.0,0.0,0.0,0.0,0.01112,0.00014,0.0,0.0,0.0,0.00667,0.0,0.0,0.0,0.0,0.0,0.00014,0.0,0.0,0.0,0.0,0.00221,0.0,0.0,0.0,0.0,0.0,0.01055,0.0
CRR1090807,0,0.0,4.83781,0.16935999999999998,6.22054,0.20431,13.27661,4.51649,0.08481,0.27135,0.0,0.0388,0.20704,0.22299,2.1355999999999997,1.3893700000000002,0.16352,3.15808,0.10259,6.65839,0.0,0.0,1.08955,0.06369,0.1533,0.00352,0.9524100000000001,0.0,0.04445,0.70093,0.00537,0.02243,6.79251,0.05203000000000001,0.03687,0.0,0.00025,2.4914699999999996,0.0,0.41364,0.0,0.0,0.12281,0.0,0.00325,0.29124,0.14291,3.65575,0.029150000000000002,0.0,0.0,0.04369,0.00178,0.40186999999999995,0.0,0.0,0.00442,0.35201,0.6314000000000001,0.0,0.0,2.08165,0.43738,0.0,0.0,0.0,0.0,0.0,0.00525,0.01239,0.0,4.3707199999999995,0.00903,4.38929,0.00472,0.0,2.2163,0.0,0.0,0.0,0.0,0.00397,0.01396,0.0,0.00758,0.0,1.6436200000000003,0.0,0.0,0.0,0.00044,0.0,0.0,0.9897,0.7658,0.02599,0.0,0.0,0.04393,3.61569,0.0,0.70844,0.0,0.0861,0.45714,0.0,0.07008,0.07723,0.02886,0.0,0.00602,0.0,0.3505,0.06197,0.0,0.0,0.0,0.0,0.00077,0.03266,0.00428,0.0,0.0,0.00986,0.0,0.01122,0.01269,0.0,0.0065,0.01195,0.00254,0.01922,0.12213,0.53761,0.00953,0.0,0.0,0.00063,0.0,0.0,0.0,0.0593,0.0,0.0,0.00476,0.00086,0.00147,0.0,0.04334,0.0,0.0,0.0,0.0,0.0,0.0,0.0,0.0,0.02364,0.0,0.0642,0.0,0.0,0.0,0.0,0.00158,0.00298,0.00949,0.0,0.0,0.08125,0.14712,0.0,0.0,0.0,0.0,0.0,0.0,0.12375,0.0,0.0,0.71665,0.01686,0.0,0.05453,0.0,0.0,0.0,0.0,0.0,0.0,0.0,0.0,0.0,0.1792,0.0,0.0,0.0,0.19986,0.0,0.0,0.0,0.0,0.01237,0.0,0.0,0.0,0.0,0.02408,0.00356,0.0,0.0,0.00077,0.0,0.0,0.0,0.0,0.25737,0.0,0.0,6.2569,0.0,0.02627,0.0,0.0,0.0,0.14529,0.0,0.0,0.16292,0.0,0.01705,0.0,0.0,0.0,0.0,0.0,0.0
CRR1090812,1,0.01933,4.76201,0.41444,13.66295,0.0,10.479140000000001,0.0,0.04105,0.0,0.20361,0.24113,0.40027,1.50803,9.99823,2.17459,0.0,2.6911,0.16238,4.13477,0.01519,0.0,0.28588,0.02064,0.0,0.04202,1.23828,0.0,0.21025000000000002,0.38785,0.03417,0.0,2.95341,0.09186,0.04486,0.0,0.01305,0.09119,0.02202,0.01058,0.0,0.0,0.45073,0.0,0.0,1.45364,1.15289,4.38059,0.16096,0.0,0.0,0.0,0.049,5.68056,0.29623,0.01062,1.15475,0.24442,0.52434,0.00021,0.00491,3.13292,2.45701,0.0,0.0,0.0,0.0,0.0,0.11041000000000001,0.0,0.0,0.05566,0.05586,0.0,0.02614,0.0,0.02626,0.00596,0.0,0.0,0.0,0.00117,0.0,0.0,0.13181,0.0054,1.70898,0.0,0.00189,0.0,0.00934,0.0,0.00208,0.0,0.0,0.0,0.02473,0.0,0.01212,0.0,0.0,0.0,0.0,0.0,6.89661,0.0,0.0,0.02639,0.0,0.0,0.0,0.0,0.0,0.08028,0.0194,0.0,0.0,0.0,0.0,0.0,0.01346,0.00249,0.00238,0.0,0.0,0.0,0.0,0.03715,0.02338,0.0,0.00799,0.0,0.0,0.0,0.0,0.0,0.0004,0.0,0.0,0.00573,0.00356,0.0,0.0,0.00273,0.0,0.13848,0.0,0.0,2.33488,0.10624,0.0,0.0,0.18241,0.0,0.0,0.0,0.0,0.0,0.0,0.0,0.0,0.0,0.0,0.0,0.0992,0.0,0.0,0.03823,0.0051,0.0,0.0,0.0,0.0,0.0,0.0035,0.0,0.0,0.0,0.0,0.0,0.0,0.0,0.0,8.91307,0.0,0.0,0.0,0.0,0.0,0.0,0.0,0.0,0.0,0.0,0.0,0.0,0.016550000000000002,0.0,0.0,0.0,0.0,0.0,0.00523,0.0,0.0,0.0,0.0,0.00405,0.0,0.0,0.0,0.0713,0.0,0.0093,0.0,0.0,0.0,0.0,0.16354,0.0,0.00187,0.0,0.0,0.0,0.00507,0.0,0.0223,0.2912,0.0,0.0,0.0,0.0,0.0,0.0,0.0,0.0,0.0
CRR1090815,0,0.0,0.18972,1.02903,7.05036,0.0,16.51277,0.0,0.0,0.0,0.0,0.0,0.0,0.0,1.9582,3.0832200000000003,0.0,0.0,0.0,0.0,0.19827,0.04266,4.49666,0.0,0.0,0.0,1.01699,0.0,1.21821,2.0139,0.0,0.0,0.0,0.53878,1.95714,0.0,0.07882,0.67309,0.02406,0.0,2.72411,0.0,0.07168,0.0,0.0,0.21263,17.806939999999997,3.06946,0.0,0.01241,0.0,0.0,0.0,1.21832,0.0,0.04619,0.0,1.43279,5.44638,0.0,0.06557,0.0,2.00069,0.0,0.0,0.00058,0.0,0.0,0.0,0.0,0.0,0.0,0.08296,0.02272,0.52584,0.0,0.0,0.21952,0.0,0.0,0.0,0.0,0.0,0.0,3.65403,0.10145,0.53279,0.0,0.0,0.0,0.06835,0.01815,0.00677,0.0,0.0,0.0,0.0,0.0,0.0,0.0,0.0,0.0,0.0,0.0,0.0,0.0,0.0,0.0,0.0,0.0,0.0965,0.0,0.0,0.0,0.37244,0.0,0.0,0.0,0.0,0.0,0.0,0.0,0.0,0.0,0.0,0.0,0.0,0.09131,0.0,0.00935,0.0,0.0,0.0,0.0,0.0,0.0,0.0,0.0,0.0,0.0,0.0,0.0,0.0,0.01341,0.0,0.0,0.0,0.0,0.0,0.0,0.0,0.0,0.0,0.0,0.10551,0.0,0.0,0.0,0.0,0.0,0.0,0.0,0.0,0.0,0.0,0.0,0.0,0.27396000000000004,0.0,0.0,0.03072,0.0,0.0,0.0,0.00558,0.0,0.0,1.09448,0.0,0.0,0.0,0.37753,0.0,0.0,0.0,0.0,0.0,0.0,0.0,0.0,0.0,0.0,0.0,0.0,0.0,0.0,0.0,0.0,0.0,0.0,0.0,0.0,0.0,0.0,0.0,0.02711,0.00869,0.0,0.0,0.0,0.0,1.02731,0.0,0.0,0.0,0.0,0.0,0.0,0.09719,0.0,0.0,0.0,0.0,0.0,0.0,0.0,0.0,0.0,0.0,0.0,0.0,0.0,0.0,0.0,0.10489,0.00449,0.0
CRR1090818,1,0.0,0.0,0.14862,1.88738,1.0574400000000002,1.12725,0.0,0.0,0.0,4.21894,0.07136,0.46922,0.0,0.16109,7.725510000000001,0.0,4.2145,0.05286,1.38453,0.0084,0.0,16.384,0.0,0.0,0.13024,0.7504700000000001,0.0,0.62688,3.41932,0.0,0.0,0.0,5.34221,0.17204,0.0,0.10598,0.7643,0.26364,0.00505,0.0,0.0,0.05425,0.0,0.01376,2.5174,1.03279,9.71617,0.0,0.04927,5.30204,0.0,0.08408,3.49588,0.57188,0.00887,0.02183,0.06123,5.81394,0.0,0.14011,1.10328,1.25599,0.0,0.0,0.00976,0.0,0.03369,0.30985,0.0,0.0,0.0,0.03324,0.0,0.8542500000000001,0.0,0.04746,0.0,0.00422,0.0,0.0,0.0,0.0,0.0,0.60791,0.14295,1.14301,0.0,0.0,0.00396,0.0,0.10536000000000001,0.01988,0.0,0.0,0.0,0.0,0.0,0.0,0.0,0.0,0.01776,0.0,0.38354,0.0,0.0,0.0,0.0,0.0,0.0,0.0,0.0,0.0,0.05319,3.8526,0.0,0.00118,0.0,0.0,0.00385,0.0,0.0,0.0,0.0,0.0,0.0,0.0,0.0232,0.0,0.08589999999999999,0.05713,0.03181,0.0,0.0,0.0,0.0,0.0,0.0,0.0,0.0,0.14144,0.0,0.0,0.3003,0.0,0.0,0.0,0.0,2.67184,0.2089,0.0,0.0,1.39445,0.25236,0.0,0.0,0.0,0.0,0.0,0.0,0.0,0.03327,0.00012,0.0,0.02959,0.00065,0.0,0.0,1.17391,0.0,0.00465,0.00187,0.0,0.0,0.03379,0.0,0.0,0.0,0.0,0.0,0.0,0.0,0.29779,0.0,0.08947,0.0,0.0,0.0,0.0,0.0,0.0,0.0,0.0,0.0,0.0,0.0,0.0,0.0,0.0,0.0,0.0,0.0,0.0,0.0,0.0,0.0,0.03335,0.0,0.0,0.00155,0.01698,0.0,0.0,0.0,0.0,0.0,0.0,0.0,0.00266,0.0,0.0,0.0,0.0,0.0,0.0,0.0,0.0,0.0,0.0,0.00102,0.0,0.0151,0.0,0.0,0.0,0.2347,0.0
CRR1090819,1,0.0,0.10209,0.07081000000000001,0.5169,0.0,1.8831099999999998,0.0,0.0,0.01114,0.86148,0.0,0.13632,0.0,1.12154,3.6947500000000004,0.0,5.81406,0.0,0.36064,0.0,0.0,10.60775,0.0,0.0,0.11434,0.18752,0.01646,0.45017,14.82891,0.05315,0.09655,0.0,1.2852500000000002,0.46945000000000003,0.0,0.02186,0.0,0.02853,0.0,0.0,0.0,0.5606,0.0,0.00094,0.60334,8.93008,3.6088199999999997,0.0,0.03817,0.0,0.0,0.0,0.49185,8.61808,0.02509,2.03294,0.0,0.91414,0.0,0.021169999999999998,22.87447,3.2624,0.0,0.0,0.56788,0.0,0.0,0.13894,0.0,0.0,0.01928,0.00466,0.0,0.00444,0.0,0.05607,0.00689,0.0,0.0,0.0,0.0,0.0,0.0,0.45882,0.01228,1.04583,0.0,0.0,0.0,0.0,0.0,0.0,0.0,0.0,0.0,0.03466,0.0,0.0,0.0,0.0,0.0,0.00403,0.12194,0.0,0.0,0.0,0.01336,0.0,0.0,0.0,0.0,0.0,0.025759999999999998,0.62267,0.0,0.00699,0.0,0.0,0.0,0.00181,0.0,0.00512,0.0,0.0,0.0,0.0,0.24568,0.0,0.00579,0.16274,0.03855,0.0,0.0,0.0,0.0,0.0,0.0,0.0,0.0,0.0,0.0,0.0,0.013750000000000002,0.0,0.0,0.0,0.0,0.0,0.74272,0.0,0.0,0.04804,0.0,0.0,0.0,0.0,0.0,0.0,0.0,0.0,0.00692,0.00062,0.0,0.0,0.0,0.0,0.0,0.20888,0.0,0.12877,0.0,0.04235,0.0,0.00178,0.0,0.0,0.0,0.0,0.0,0.0,0.0,0.0,0.0,0.01007,0.0,0.0,0.0,0.01289,0.0,0.0,0.0,0.0,0.0,0.0,0.0,0.0,0.0,0.0,0.0,0.0,0.0,0.0,0.0,0.0,0.0,0.0,0.0,0.0,0.0,0.0,0.0,0.0,0.0,0.0,0.0,0.0,0.0,0.0,0.0,0.0,0.0,0.0,0.0,0.0,0.0,0.0,0.0,0.0,0.0,0.0,0.00396,0.18817,0.0,0.0,0.0,0.0
CRR1090820,1,0.00855,22.58219,0.54643,2.65669,0.40483,10.704839999999999,1.51126,1.26997,0.40279,0.0,0.0,0.02801,0.41082,0.8937200000000001,0.91671,0.0,0.29697,0.15809,1.4435600000000002,0.0,0.0,0.13578,0.0,0.0,0.03,0.11672999999999999,0.00546,0.0,0.29829,0.00355,0.04737,3.64927,0.0,0.0,0.0,0.07883,0.35552,0.0,0.31908,0.26933,0.91397,0.00264,0.0,0.012410000000000001,0.04543,0.21771,0.88349,0.08144,0.0,0.57616,0.05612,0.0,3.26052,0.01644,0.0,0.2962,0.03865,0.34135,0.0,0.01326,0.28025,0.3262,0.01334,0.0,0.0,0.00885,0.07746,0.0,0.04994,0.14524,2.54868,0.00314,0.04544,0.12474,0.0,0.06803,0.0,0.00221,0.0,0.0,0.0,0.00118,0.0,0.00235,0.03063,0.11882999999999999,0.0,0.0,0.00155,0.0,0.00698,0.00776,0.0,0.0,0.0,0.0007,0.1247,0.1843,0.0,0.01568,0.21267,0.0,0.0,0.0,0.00155,0.04699,0.07048,0.00607,0.01957,0.0,0.0,0.00619,0.0036,0.0,0.0,0.0,0.0,0.09187,0.0,0.00101,0.00786,0.0,0.0078,0.00893,0.0,0.0,0.0,0.0,0.05305,0.022959999999999998,0.0,0.00358,0.0,0.0,0.0,0.0,0.00059,0.0,0.0,0.0,0.0213,0.01158,0.0,0.0,0.0,0.00046,0.00046,4.99253,0.0,0.11282,0.24267,0.0,0.0,0.00072,2.2068,0.0,0.0,0.0,0.0,0.12567,0.00334,0.0,0.18863,0.0,0.0,0.0,0.00553,0.0,0.0,0.0,0.0,0.0,0.0,0.0,2.90292,0.0,0.12625,0.63956,0.82817,0.81881,0.04769,0.0,0.0,0.00299,0.61393,0.00042,0.00236,0.01326,0.0,0.26562,0.00719,0.0,0.08662,0.0,0.01263,0.0,0.00311,0.0,0.0,0.0423,0.0,0.00242,0.0,0.0,0.0,0.00068,0.0,0.01203,0.0,0.0,0.0,0.00094,0.0,0.0,0.0,0.0,0.0,0.0,0.00418,0.0,0.0,0.0,0.7894,0.0,0.04436,0.0,0.0,0.22918,0.10325,0.0,0.0,0.0,0.0,0.0,0.0,0.02046
CRR1090823,1,0.0,8.569820000000002,0.8688600000000001,5.42797,0.12559,7.51604,3.4124700000000003,1.05413,1.52418,0.0,0.64612,0.04932,0.48467,0.26603000000000004,0.44395,0.10684,0.16186,0.89073,6.62485,0.0,0.16886,0.47335,0.00191,0.054830000000000004,0.04197,0.21761999999999998,0.0,0.00186,0.36206,0.007050000000000001,0.0,0.30061,0.06140000000000001,0.0,0.0,0.02575,1.88811,12.36228,0.00247,0.02827,0.04577,0.00408,0.0,0.01625,0.3972,0.00758,0.46313000000000004,0.01861,0.0,5.49491,0.01098,0.00043,3.98009,0.15304,0.0,0.45231,0.11130000000000001,0.43246999999999997,0.0,0.0,0.13569,0.08314,0.02614,0.0,0.0,0.0,0.0,0.024059999999999998,0.0,0.0156,5.2328600000000005,0.00572,0.0741,0.71463,0.0,3.67156,0.0,0.0,0.0,0.0,0.0,0.0,0.0,0.06225,0.0,0.28592999999999996,0.0,0.0,0.0,0.00172,0.0,0.0,1.59945,0.0,0.99118,0.00237,0.24073,0.03921,0.0,0.0,0.49047,0.0,0.0,3.99514,0.0,0.03745,0.58222,0.00962,0.0,0.0,0.00282,0.0,0.01828,0.0,0.0,0.0,0.00188,0.0,0.0,0.00676,0.00228,0.0,0.0,0.00134,0.0,0.0,0.01068,0.01558,0.0,0.0,0.04888,0.039470000000000005,0.0,0.0,0.0,0.0,0.0,0.0,0.0,0.0,0.00282,0.0,0.0,0.0,0.0,0.0,0.1335,1.86832,0.0,0.0,0.84077,0.0,0.0,0.00344,0.0,0.0,0.05583,0.00163,0.01583,0.01155,0.0,0.0,0.50713,0.0,0.0,0.0,0.0,0.0,0.05109,0.0,0.0,0.0,0.0,0.0,0.0,0.0,0.01167,0.0,0.0583,0.35106,0.0,0.0,0.0,0.0,0.0804,0.31804,0.00706,0.0,0.0,0.0,0.0,0.01991,0.00256,0.04396,0.00725,0.0,0.00087,0.0,0.0,0.0,0.0,0.00068,0.0,0.0,0.0,0.0,0.0,0.0,0.0,0.0,0.0,0.0,0.00349,0.0,0.0,0.0,2.53722,0.0,0.0,0.0,0.0,0.0,0.0,0.0,0.01466,0.0,0.0,0.16417,0.0,0.0,0.0,0.0,0.0,0.0,0.0,0.0
CRR1090825,0,0.0,0.0,1.05027,4.73006,0.0,9.72354,0.0,0.0,0.0,0.0,0.0,0.0,0.0,6.66906,1.79534,0.0,5.89971,0.0,0.0,0.31235,0.0,4.35667,0.0,0.0,0.0,2.8304,0.02808,0.7438,0.0,0.0,0.0,0.0,0.11191000000000001,1.06626,0.0,0.0,0.0,0.98076,0.0,0.0,0.0,0.0,0.0,0.00932,0.53589,14.311530000000001,0.0,0.0,0.0,0.0,0.0,0.19888,4.99487,0.0,0.0,0.02039,0.0,0.0,0.00939,0.05558,12.50329,1.486,0.0,0.0,0.11336,0.0,0.01544,0.0,0.0,0.0,0.0,0.0,0.0,0.64917,0.0,0.0,0.0,0.0,0.0,0.0,0.0,0.0,0.0,4.45676,0.054790000000000005,1.79784,0.0,0.0,0.0,0.0,0.0,0.01862,0.0,0.0,0.0,0.0,0.0,0.0,0.0,0.0,0.0,0.0,0.0,0.0,0.0,0.0,0.35613,0.0,0.0,0.0,0.0,0.0,0.4222,0.0,0.0,0.0,0.0,0.0,0.0,0.0,0.0,0.0,0.0,0.0,0.0,0.0,0.19237,0.0,0.02953,0.0,0.0,0.0,0.0,0.0,0.0,0.0,0.0,0.0,0.0,0.0,0.0,0.0,0.018,0.0,0.0,0.0,0.0,0.0,0.00156,0.0,0.0,0.0,0.0,0.0,0.0,0.0,0.0,0.0,0.0,0.0,0.0,0.0,0.0,0.0,0.0,0.0,14.89378,0.64597,0.0,0.0,0.0,0.0,0.0,0.0,0.0,0.0,0.0,0.0,0.0,0.0,0.0,0.0,0.0,0.0,0.0,0.0,0.0,0.0,0.0,0.0,0.0,0.0,0.0,0.0,0.0,0.0,0.0,0.0,0.0,0.0,0.0,0.0,0.0,0.0,0.0,0.03808,0.0,0.0,0.0,0.0,0.0,0.0,0.0,0.0,0.0,0.0,0.0,0.55123,0.0,0.0,0.0,0.0,0.0,0.0,0.0,0.0,0.0,0.0,0.0,0.0,0.0,0.0,0.0,0.0,0.81886,0.0
CRR1090832,1,0.00145,0.59285,0.07559,1.2784200000000001,0.31545,0.47765,7.1310400000000005,0.06508,0.0088,0.0,0.01629,0.01753,0.03017,11.057810000000002,1.13366,0.03747,0.7169,0.0,4.07171,0.0,0.0,2.7195400000000003,0.0,0.0,0.03583,5.5229099999999995,0.00144,0.04071,1.06429,0.0,0.0,17.912,0.18948,0.0,0.0,0.25341,0.44874,0.69463,0.0,0.0,0.0,0.16911,0.09438,0.04536,0.63681,9.996730000000001,0.15358,0.0,0.0266,0.0,0.0,0.0,6.96938,0.21654,0.0,0.0,0.02036,0.038849999999999996,0.0,0.0213,0.11055,0.53101,0.0,0.00281,0.0,0.0,0.0,0.0,0.0,0.0,0.00828,0.00128,0.0,0.0,0.0,0.00253,0.02096,0.0,0.0,0.0,0.0,0.00049,0.0,0.0,0.05355,0.30391,2.72701,0.0,0.01515,0.0,0.0,0.00257,0.0,0.00251,0.0,0.03213,0.0,0.0,0.0,0.0,0.11298,0.00419,0.0,0.0,0.0,0.01914,0.0,0.0,0.0,0.0,0.0,0.0,0.07834,0.0,0.00361,0.0,0.00738,0.0,0.0,0.01243,0.0,0.0,0.0,0.00549,0.0,0.0,0.0,0.0,0.00167,0.0,0.0,0.0,0.0,0.0,0.0,0.0,0.0,0.0,0.0,0.0,0.0,0.0,0.00373,0.0,0.0,0.0,0.0,0.0,0.02124,0.0,0.0,4.68366,0.0,0.0,0.0,0.0,0.0,0.0,0.0,0.0,0.00015,0.0,0.0,0.0,0.0,0.0,0.90562,0.0,0.0,0.0,0.0,0.0,0.0,0.0037199999999999998,0.0,0.0,0.42021,0.0,0.0,0.0,0.0,0.0,0.0,0.00369,0.0,0.00651,0.0,0.0,0.0,0.5958,0.0,0.0,0.0,0.0,0.0,0.0,0.0,0.0,0.0,0.0,0.0,0.0,0.0,0.0,0.0,0.00051,0.0,0.0,0.0,0.0,0.0,0.0,0.0,0.0,0.0,0.0,0.7607,0.0,0.0,0.0,0.0,0.00276,0.0,0.0,0.0,0.0,0.0,0.0,0.00593,0.0,0.0,0.0,0.0,0.0,0.0,0.01567
CRR1090833,0,0.0,0.0,0.0,0.0,0.00169,0.0,0.0,0.0,0.0,0.0,0.0,0.0,0.0,0.0,0.00968,0.0,0.0,0.0,0.0,0.0,0.0,0.0,0.0,0.0,0.0,0.0,8.42575,0.0,0.0,0.0,0.0,0.0,1.2404300000000001,0.0,0.0,0.0,0.0,0.0,0.0,0.0,0.0,0.0,0.0,10.47093,0.0,77.30303,0.0,0.0,0.00546,0.0,0.0,0.0,0.0,0.0,0.0,0.0,0.0,0.0,0.0,0.03442,0.0,0.0,0.0,0.0,0.01281,0.0,0.0,0.0,0.0,0.0,0.0,0.0,0.0,0.0,0.0,0.0,0.0,0.0,0.0,0.0,0.0,0.0,0.0,0.0,0.05168,0.0,0.0,0.0,0.0,0.0,0.00014,0.0,0.0,0.0,0.0,0.0,0.0,0.0,0.0,0.0,0.0,0.0,0.0,0.0,0.0,0.0,0.0,0.0,0.0,0.0,0.0,0.0,0.0,0.0,0.0,0.0,0.0,0.0,0.0,0.0,0.0,0.0,0.0,0.0,0.0,0.0,0.0,0.0,0.0,0.0,0.0,0.0,0.0,0.0,0.0,0.0,0.0,0.0,0.0,0.0,0.0,0.0,0.05554,0.0,0.0,0.0,0.0,0.0,0.0,0.0,0.0,0.0,0.0,0.0,0.0,0.0,0.0,0.0,0.0,0.0,0.01381,0.00403,0.0,0.0,0.0,0.0,0.0,0.0,0.0,0.0,0.0,0.0,0.04917,0.0,0.0,0.0,0.0,0.0,0.0,0.0,0.0,0.0,0.0,0.06918,0.0,0.0,0.0,0.0,0.0,0.0,0.0,0.0,0.0,0.0,0.0,0.0,0.0,0.0,0.0,0.0,0.0,0.0,0.0,0.0,0.0,0.0,0.0,0.0,0.0,0.0,0.0,0.0,0.0,0.0,0.0,0.0,0.0,0.0,0.0,0.0,0.0,0.0,0.0,0.0,0.0,0.0,0.0,0.0,0.00186,0.0,0.05419,0.0,0.0,0.0,0.0,0.0
CRR1090834,0,0.0,0.0,0.0111,0.58644,3.53373,0.02179,3.33273,0.0,0.0,0.00018,0.0,0.01339,0.05618,0.6013700000000001,11.16095,0.0,4.4404900000000005,0.0,4.05159,0.0,0.0,2.02923,0.0,0.0,0.0,0.31291,0.0,0.06551,17.60584,0.0,0.0,1.87041,3.392,0.009430000000000001,0.0,0.08866,0.63148,0.38822,0.0,0.0026,0.0,3.22235,0.0,0.0,0.0328,11.15325,0.0815,0.0,0.02868,0.92695,0.0,0.0,0.83845,1.59089,0.0,0.29233,0.0,0.14899,0.0,0.014039999999999999,8.30944,0.51583,0.0,0.0,0.0,0.0,0.0,0.0,0.0,0.0,0.0,0.0,0.0,0.00336,0.0,0.0,0.0,0.0,0.0,0.0,0.0,0.0,0.0,0.0,0.1728,0.46635,2.60972,0.0,0.0073,0.0,0.11470999999999999,0.01461,0.0,0.0,0.0,0.0,0.0,0.0,0.0,0.0,1.07512,0.0004,0.0,5.91051,0.0,0.0,0.00114,0.0,0.0,0.01583,0.0,0.0,0.0,0.0,0.0,0.0,0.0,0.0,0.0,0.0,0.0,0.0,0.0,0.0,0.0,0.0,0.0,0.0,0.00667,0.0,0.0,0.0,0.0,0.0,0.0,0.0,0.0,0.0,0.0,0.0,0.0,0.0,0.41744,0.0,0.0,0.0,0.0,0.0,0.28506,0.0,0.0,0.00684,0.05873,0.0,0.0,0.0085,0.00081,0.0,0.0,0.0,0.13188,0.0,0.0,0.00454,0.0,0.0,0.3893,0.0,0.0,0.0,0.18094,0.03234,0.02713,0.00352,0.0,0.0,0.01636,0.0,0.0,0.0,0.0,0.00447,0.0,0.23675,0.0,0.0,0.0,0.0,0.0,0.0,0.0,0.0,0.0,0.0,0.0,0.0,0.0,0.0,0.0,0.0,0.0,0.0,0.0,0.0,0.0,0.00043,0.0,0.0,0.00592,0.00057,0.0,0.0,0.0,0.0,0.0,0.0,0.19825,0.0,0.0,0.0,0.0,1.81112,0.0,0.0,0.0,0.0,0.0,0.0,0.00783,0.0,0.00535,0.0,0.0,0.0,0.0,0.11476
CRR1090840,0,0.04558,4.025259999999999,0.58757,1.63756,0.72823,15.014649999999998,0.02095,1.09583,0.15475,0.4544,0.0,1.26655,0.0,2.4320500000000003,1.31328,0.21068,0.54837,0.0,0.63499,0.37958,0.0,0.8597899999999999,0.02954,0.0,0.0,0.73863,0.0,0.03615,0.22148,0.00286,0.02879,0.30605,0.16793999999999995,0.04487,0.0,0.99878,0.30939,0.39283,0.00024,0.0,0.0,0.00341,0.0,0.0,1.66132,0.43699,2.85284,0.034879999999999994,0.00232,0.01304,0.0,0.27762,0.67882,0.09828,0.0,0.22938,0.03463,0.45121,0.0,0.02809,0.06336,0.3974,0.0,0.00092,0.0,0.0,0.00494,0.03154,0.0,0.0,0.06028,1.61135,0.0,2.57446,1.55887,0.68798,0.0,0.0,0.02981,0.0,0.03523,0.0081,0.0,1.62073,0.00162,0.22103,0.047619999999999996,0.0,0.0,0.0,0.00573,0.00149,0.0,0.00052,0.0,0.0,0.0,1.50228,0.0,0.0,0.0,0.0,0.0,0.0174,0.0,0.08663,1.40661,0.0,0.0,0.01403,0.0,0.0,0.03533,0.0,0.00011,0.0,0.0,0.0,0.0,0.00397,0.0,0.0,0.0,0.0,0.0,0.03754,0.00799,0.00331,0.0,0.01859,0.08306,0.0,0.0,0.0,0.0,0.0,0.0,7.06725,0.0,0.0,0.0,0.0,0.0,0.0,0.0,0.0,0.0,14.6327,0.40283,0.84983,0.0,0.07186,0.0,0.0,0.0,0.0,0.0,0.00449,0.0,0.0,0.0,0.00158,0.0,0.01349,0.02848,0.0,0.0,0.0,0.0,0.0,0.0,0.01014,0.0,0.0,0.0,0.0,0.00778,0.0,0.0,0.0,0.06964,0.04059,0.0,0.0,0.0,0.0,0.0,0.00339,0.0,0.0,0.0,0.0,0.0,0.0,0.0,0.02449,0.0,0.0,0.0,0.0,0.0,0.02626,0.0,0.0,0.0,0.0,0.0,0.0,0.0,0.0,0.0,0.0,0.01288,0.0,0.0,0.0,0.0,0.0,0.0,0.0,0.0,0.0,0.0,0.0,0.0,0.0,0.0,0.0,0.0,0.0,0.0,0.32012,0.0,0.0,0.0,0.0
CRR1090847,1,0.0,14.573530000000002,0.80684,4.1711100000000005,0.32076,5.9541200000000005,1.54137,0.6557099999999999,0.9797,0.0,0.08472,0.29508,0.38109,0.97277,0.76954,0.18687,1.2038600000000002,0.0,1.50246,0.00058,0.0,1.74574,0.00032,0.14815,0.05411,0.20926999999999998,0.00067,0.00526,0.4321,0.07028,0.0,2.05026,0.09465000000000001,0.00632,0.0,0.0813,2.06398,0.00699,0.50627,0.12202,0.0,0.18087,0.00862,0.0,0.1374,0.47723,0.8382499999999999,0.025349999999999998,0.00929,0.52845,0.04868,0.0,3.2798000000000003,0.12869,0.0,0.4438,0.11477000000000001,0.32975000000000004,0.01505,0.0,0.99388,0.46775,0.02911,0.0,0.00059,0.0201,0.00134,0.03256,0.0,0.01711,2.22105,0.08464,0.22851,0.30691,0.0,0.05352,0.03556,0.0,0.03064,0.00038,0.00026,0.0002,0.0111,0.06809,0.0,0.26453,0.00355,0.01411,0.0,0.0,0.00066,0.00467,0.71966,0.0,0.44196,0.00093,0.0,0.06915,0.52648,0.0,0.0447,0.00451,0.0,0.0,0.0,0.0,0.07568,0.00046,0.09187,0.01927,0.24425,0.01527,0.03144,0.0,0.0,0.0,0.0,0.29535,0.0,0.0,0.12046,0.00088,0.03052,0.0,0.009,0.01229,0.0178,0.00838,0.0,0.11598,0.02732,0.00571,2.95204,0.02821,0.0,0.01673,0.0,1.74407,0.00112,0.0,0.002,0.01093,0.0,0.03705,0.02947,0.00146,0.44301,2.91339,0.0,0.22314,0.0,0.01553,0.0,0.0,1.26704,0.0,0.13409,0.02289,0.05043,0.0,0.0,0.0,0.0,0.01393,0.0,0.04748,0.0,0.0,0.0,0.0,0.0,0.0,0.0,0.0,0.0,1.42032,0.30941,0.0,0.12742,0.05253,0.0,0.02244,0.0,0.0,0.0,0.0,0.00416,0.0,0.03226,0.0,0.01677,0.0,0.22346,0.0,0.0,0.01863,0.0596,0.0,0.0015,0.0,0.0,0.00705,0.0,0.0,0.0,0.0,0.07514,0.0,0.0,0.0,0.00416,0.00039,0.0001,0.01758,0.07183,0.09906,1.34518,0.07143,0.0,0.0,0.0,0.0,0.99094,0.0,0.00362,0.0,0.0,0.0,0.0,0.0,0.0,0.0,0.0,0.0,0.0,0.0
CRR1090853,0,0.0,3.36747,0.25568,3.85618,0.07107,6.123459999999999,0.0021,0.1371,0.0,0.02693,0.21377,0.10454,0.76793,1.37376,2.73273,0.0,2.61568,0.0,2.9074,0.00327,0.0,0.17240999999999998,0.04612,0.13746,0.04241,0.6396499999999999,0.0,0.18854,0.92338,0.0,0.35022,2.71198,0.14743,0.11004,0.0,0.01772,2.75015,0.0049,0.06714,0.02896,0.01626,0.05297,0.20858,0.0,0.93191,25.764960000000002,0.6135900000000001,0.07566,0.00398,0.00059,0.0,0.03446,4.28799,0.49839,0.00119,0.39181,0.50261,0.19124,0.0,0.02231,5.78996,0.9939199999999999,0.0,0.0,0.0,0.0,0.0,0.04052,0.0,0.0,0.14205,0.09426,0.30188,0.032299999999999995,0.00429,0.2966,0.03159,0.0,0.0,0.0,0.0,0.0,0.01265,0.10955,0.01169,1.27848,0.0,0.0,0.0,0.0,0.00026,0.0,1.40809,0.0,0.0,0.0,0.0,0.06696,0.97143,0.0,0.0,0.0,0.0,0.01177,0.0,0.0,0.09627,0.04635,0.17598,0.02879,0.0,0.0,0.04892,0.0,0.0,0.0,0.01646,0.0,0.0,0.03212,0.19764,0.26005,0.02718,0.0,0.0,0.03376,0.16713,0.0,0.0,0.01745,0.01609,0.0,0.31741,0.0,0.0,0.0,0.0,0.0,0.0,0.00892,0.0,0.0,0.0,0.0,0.03609,0.01309,0.00963,2.42078,0.03591,0.0,0.0,0.34523,0.0,0.0,0.0,0.0,0.0,0.0,0.0,0.0,0.0,0.0,0.0,0.01159,0.0,0.0,0.2357,0.0,0.0,0.07826,0.0,0.0,0.00095,0.0,0.0,2.92482,0.01289,0.0,0.00031,0.0,0.08357,0.02596,5.76209,7e-05,0.0,0.0,0.0,0.0,0.0,0.0,0.0,0.0,0.0,0.0,0.0,0.00481,0.0,0.0,0.19008,0.0,0.0,0.02341,0.0,0.0,0.0,0.0,0.0,0.0,0.0,0.0,0.0,0.0,0.02117,0.01524,0.97905,0.0,0.0,0.0092,0.53355,0.00809,0.0,0.0,0.0,0.0,0.0,0.0,0.09968,0.0,0.0,0.0,0.0,0.0,0.0,0.00563,0.0,0.0
CRR1090854,0,0.0,11.40251,0.11394,8.47134,0.0,5.269709999999999,4.14386,0.23047,0.1643,0.46279,0.44189,0.30494,1.27046,2.88901,2.07214,0.28548,1.57469,0.05671,9.65777,0.0,0.0,1.45136,0.07581,0.0,0.0,0.12345,0.0,0.034300000000000004,1.63618,0.16894,0.0,11.38065,0.18070999999999998,0.10975,0.0,0.02007,0.3347,0.00098,0.04824,0.60069,0.07983,0.11335,0.0,0.0,0.16365,8.19532,1.4251800000000001,0.032959999999999996,0.01994,0.0,0.0,0.023289999999999998,1.05452,0.0,0.0,0.01844,0.16496,0.20825,0.0,0.03787,1.48358,0.9301900000000001,0.0,0.0,0.0,0.0,0.00111,0.0,0.00287,0.0,0.0,0.12055,0.17131,0.00125,0.0,0.31327,0.0392,0.0,0.32592,0.0,0.00012,0.04775,0.0,0.3887,0.020560000000000002,0.82292,0.0205,0.00243,0.0,0.00637,0.00234,0.0029,0.0,0.0,0.02225,0.02911,0.12492,0.08854,0.0,0.0,0.42943,0.07014000000000001,0.0,0.0,0.0,0.0,0.07174,0.0,0.15399,0.11466,0.0,0.0,0.00531,0.0,0.00049,0.0,0.0,0.0,0.0,0.03097,0.01445,0.02778,0.0515,0.0,0.0,0.00934,0.02716,0.053,0.0,0.0,0.09429,0.0,0.0443,0.01588,0.0,0.0,0.0,0.0,0.0,0.0,0.00473,0.0,0.00766,0.0,0.2231,0.0,0.01649,1.13061,0.0548,0.0,2.52018,0.02084,0.0,0.00168,0.0,0.0,0.03623,0.01179,0.0,0.0,0.00036,0.0,0.0,0.07341,0.0,0.0573,0.30734,0.0,0.0,0.0,0.01937,0.0,0.0,0.00283,0.0,0.0,0.21425,0.0,0.0,0.11933,0.0,0.0,7.47253,0.00129,0.0,0.0,0.0,0.0,0.0,0.0,0.0,0.0,0.0,0.0,0.0,0.00619,0.0,0.0,0.0,0.0,0.0,0.0,0.01932,0.0,0.0,0.00169,0.222,0.0,0.0,0.00013,0.00627,0.00185,0.0,0.0,0.0,0.0,1.00443,0.02565,0.0,0.0,0.0,0.0,0.0,0.00292,0.0,0.0,0.0,0.0,0.0,0.0,0.0,0.0,0.0,0.0036,0.0,0.0
CRR1090857,1,0.00225,3.50827,1.3942999999999999,31.59115,0.0,16.54409,0.0,0.0,0.23414,6.94949,0.0,0.19928,0.0,0.16943,1.6080900000000002,0.0,0.0,0.0,2.11137,0.06629,0.0,1.58915,0.0,0.0,0.0,1.8488299999999998,0.0,0.08305,0.0,0.0,0.0,0.0,0.01826,0.17522,0.0,0.6936,0.0,0.48095,0.0,0.0,0.0,0.0,0.0,0.02574,2.25551,0.34631,0.0,0.0,0.0,0.0,0.0,0.47204999999999997,0.0034,0.0,0.0,0.02326,0.0,0.0,0.00354,0.00393,1.0385,0.0,0.0,0.0,0.0,0.0,0.0,0.0,0.0,0.0,0.24113,0.34731,0.0,1.34757,0.0,0.0,0.02089,0.0,0.0,0.0,0.0,0.0,0.0,0.69332,0.00122,1.34782,4.59528,0.00045,0.0,0.0,0.0,0.0,0.0,0.0,0.0,0.0,0.0,0.0,0.0,0.0,0.0,0.0,0.0,0.0304,0.0,0.0,0.02658,0.0,0.0,0.0,0.0,0.0,0.8077,0.62348,0.0,0.0,0.0,0.0,0.0,0.0,0.0,0.0,0.0,0.0,0.0,0.0,0.00139,0.0,0.00469,0.11262,0.09097,0.0,0.0,0.0,2.77517,0.0,0.0,0.0,0.0,0.054,0.0,0.0,0.0,0.0,0.0,0.0,0.0,8.28439,0.1803,0.0,0.0,2.16454,0.0,0.0,0.0,0.0,0.0,0.09189,0.0,0.0,0.0,0.0,0.0,0.0,0.0,0.0,0.0,0.14397,0.0,0.0,0.0,0.0,0.0,0.0,0.0,0.0,0.0,0.0,0.0,0.0,0.0,0.0,0.0,0.0,0.0,0.0,0.0,0.0,0.0,0.0,0.0,0.0,0.0,0.0,0.0,0.0,0.0,0.0,0.0,0.0,0.0,0.0,0.0,0.0,0.0,0.0,0.0,0.0,0.0,0.00454,0.0,0.0,0.0,0.0,0.0,0.0,0.0,0.01269,0.0,0.04846,0.0,0.0,0.0,0.0,0.0,0.0,0.0,0.0,0.0,0.0,0.0,0.0,0.0,0.0,0.43354,0.0
CRR1090860,1,0.0,0.00569,0.16613999999999998,2.1365899999999995,2.30617,1.61884,0.00222,0.0,0.0,0.0066,0.0,0.0,0.0,0.01022,3.39921,0.0,0.0,0.0,0.0,0.0,0.0,4.10638,0.0,0.0,0.0,0.17549,0.0,0.01556,0.0,0.63244,0.0,0.0,0.36678,0.0103,0.0,0.0,0.0,0.43639,0.0,0.0,0.0,0.0,0.0,0.42697,0.0,15.78683,0.0,0.0,0.0,28.5607,0.0,0.0,0.0,0.43303,0.0,0.0,0.0,0.0,0.0,0.06912,2.56644,0.0,0.0,0.00077,6.272679999999999,0.0,0.24615,0.0,0.0,0.0,0.00382,0.0,0.0,0.0,0.0,0.0,0.0,0.0,0.0,0.0,0.0,0.0,0.0,0.181,0.00898,0.0,0.0,0.0,0.0,0.0,0.04844,0.0,0.0,0.0,0.0,0.0,0.0,0.0,0.0,0.0,0.0,0.0,0.18882,0.8577899999999999,0.0,0.0,0.0,0.0,0.0,0.0,0.0,0.0,0.0,0.0,0.0,0.0,0.0,0.0,0.00941,0.0,0.0,0.34762,0.0,0.0,0.0,0.0,0.0,0.0,1.73453,0.0,0.0,0.0,0.0,0.0,0.09615,0.0,0.0,0.0,0.0,0.0,0.0,0.0,0.00069,0.0,0.0,0.0,0.0,0.0,0.15516,0.0,0.0,0.0,0.51212,0.0,0.0,0.0,0.0,0.0,0.0,0.0,0.0,0.0,0.0,0.0,0.0,0.0,0.0,0.55005,0.0,0.0,0.0,0.02034,0.0,0.0,0.0,0.0,0.0,0.0,0.0,0.0,0.0,0.0,0.0,0.0,0.0,0.0,0.0,0.0,0.0,0.0,0.0,0.0,0.0,0.0,0.0,0.0,0.0,0.0,0.0,0.0,0.07687999999999999,0.0,0.0,0.0,0.33309,0.00186,0.0,0.0,0.0,0.0,0.0,0.0,0.0,0.0,0.0,0.0,0.0,0.0,0.0,0.0,0.0,0.0,0.0,0.0,0.0,0.0,0.0,0.0,0.0,0.0,0.0,0.0,0.0,0.0,0.0,0.0
CRR1090861,1,0.0,1.05188,0.34736999999999996,1.78224,2.11638,1.6809899999999998,2.60675,0.88035,0.07021,0.0,0.17575,0.18898,3.49591,3.20994,5.400529999999999,0.19822,8.31663,0.00611,8.58864,0.0,0.0,0.64635,0.013040000000000001,0.2542,0.15794000000000002,0.7730300000000001,0.02038,0.00561,7.75933,0.00302,0.02682,4.28698,0.5549,0.02042,0.0,0.0,0.24461,0.00256,0.02823,0.78624,0.03752,0.14881,0.0,0.17639,0.54277,4.70299,1.64741,0.02711,0.00529,0.82912,0.0,0.0,6.29577,0.20293,0.00979,1.17126,0.00015,0.43706999999999996,0.0,0.00032,5.87764,3.15822,0.0,0.00068,0.38564,0.0,0.00253,0.006750000000000001,0.0016,0.0,0.77162,0.00299,0.04582,0.0626,0.0,0.03398,0.20384,0.00025,0.0,0.00037,0.0,0.01064,0.0,0.01188,0.00351,2.75494,0.0,0.08162,0.00073,0.0,0.0142,0.00118,0.0,1.38021,0.06301,0.02184,0.02245,0.05339,0.0,0.0,0.4473,0.01523,0.0,0.01664,0.05844,0.31853,0.0,0.04575,0.0,0.0,0.00037,0.0,0.0359,0.0,0.0,0.0,0.00033,0.00017,0.0,0.03147,0.08503,0.0,0.0,0.0,0.0,0.00473,0.07186,0.05087,0.00817,0.00331,0.00585,0.0,0.0,0.0,0.0,0.0,0.00022,0.0,0.00212,7e-05,0.00109,0.0,0.0,0.0,0.01576,0.00147,0.00733,0.13549,0.06563,0.0,0.5554,0.0,0.0,0.0,0.0,0.0,0.0,0.0,0.14892,0.0,0.00163,0.0,0.0,0.11996,0.0,0.0,0.0,0.0,0.0,0.01236,0.0,0.0,0.0,0.0,0.0,0.0,0.76068,0.0,0.45617,0.2227,0.0,0.07503,0.62451,0.02807,0.25737,0.06189,0.03432,0.01652,0.06122,0.0,0.0,0.0,0.18132,0.06671,0.0,0.00133,0.0,0.0,0.0,0.07974,0.0,0.00323,0.05893,0.0,0.0,0.0049,0.00478,0.0039,0.0,0.00139,0.0,0.0,0.0003,0.0,0.0,0.0,0.0,0.0,0.0,0.0,0.0,1.6346100000000001,0.0,0.0,0.0,0.0,0.0,0.0,0.0,0.0,0.0,0.0,1.08617,0.0,0.0,0.08529
CRR1090866,1,0.0,1.6500800000000002,7.79819,18.64028,1.02987,10.040350000000002,0.0,0.0,0.43678,0.0,0.0,0.06221,0.54738,0.629,1.23425,0.0,0.61519,0.08943,13.45227,0.01504,0.0,1.83813,0.00592,0.0,0.0,0.25863,0.22055,0.43204,0.85698,0.00111,0.03246,0.0,0.7660799999999999,0.00787,0.0,0.01937,0.80071,0.36233,0.0,0.0,0.0,0.01654,0.0,0.08009,0.3926,3.5431500000000002,1.04993,0.0,0.0,0.0,0.0,0.022510000000000002,0.16632999999999998,0.08615,0.0,0.0,0.0,0.03937,0.00638,0.0,0.26573,0.76816,0.0,0.0,0.0,0.0,0.04318,0.04738,0.0,0.0,1.05283,0.01253,0.0,0.15657,0.0,0.18664,0.0,0.0,0.02854,0.0,0.0,0.0,0.0,0.08399,0.0,0.03149,0.0257,0.0,0.0,0.0,0.0,0.0,0.0,0.0,0.0,0.00189,0.0,0.0,0.0,0.0,0.0,0.0,0.0,0.00593,0.3469,0.07667,0.03807,0.0,0.0,0.0,0.0,0.0,0.00714,0.0,0.0,0.0,0.05704,0.0,0.0,0.0,0.0,0.0,0.0,0.0,0.0,0.0,0.0,0.0,0.0,0.09314,0.07713,0.0,0.0,0.0,0.0,0.0,0.0,0.0,0.0,0.04689,0.0,0.0,0.0,0.0,0.0,0.0,0.0,0.0,0.17778,0.0,0.03756,0.0,0.39936,0.0,0.0,0.0,0.0,0.01962,0.0,0.0,0.0,0.0,0.0,0.0,0.0,0.0,3.51578,0.0,0.0,0.0333,0.0,0.0,0.0022,0.0,0.0,0.0,0.0,0.0,0.0,0.0,1.80367,0.01086,0.35327,0.0,0.0,0.0,0.0,0.0,0.0,0.0,0.0,0.0,0.0,0.0,0.0,0.0,0.0,0.0,0.0,0.0,0.0,0.0,0.0,0.0,0.0,0.0,0.0,0.0,0.0,0.0,0.0,0.0,0.0,0.0,0.0,0.0,0.0,0.0,0.0,0.00151,0.0,0.0,0.0,0.0,0.0,0.0,0.0,0.0,0.0,0.0,0.0,0.0,0.0,0.0,0.0,0.0
CRR1090867,1,0.0,1.15913,0.62414,3.89393,0.29049,9.492609999999999,1.23157,0.0,0.0,0.0,0.0,0.0,0.0,4.271070000000001,3.8665800000000004,0.0,3.53034,0.0,2.31648,0.00654,0.0,2.03411,0.0,0.0,0.01125,0.98353,0.0,0.12927,0.33439,0.0,0.0,0.0,0.14937,0.25354,0.0,1.06885,0.0,0.01732,0.0,0.0,0.0,0.0,0.0,0.0,0.43948,2.77886,3.57826,0.0,0.0001,0.0,0.0,0.0,8.62553,0.42715,0.02593,0.03035,0.57308,0.13647,0.00793,0.0,0.60715,0.0,0.0,0.0,0.01901,0.0,0.0,0.0,0.0,0.0,0.0,0.0,0.0,0.14576,0.0,0.0,0.03455,0.0,31.87876,0.0,0.0,0.0,0.0,0.30327,0.00418,0.0,0.0,0.0,0.0,0.0,0.00037,0.00154,0.0,0.0,0.0,0.0,0.0,0.0,0.0,0.0,0.0,0.0,0.08231,0.0,0.0,0.0,0.0,0.0,0.0,0.0,0.0,0.0,0.0,2.00154,0.0,0.0,0.0,0.0,0.0,0.04116,0.0,0.01003,0.0,0.0,0.0,0.0,0.0,0.0,0.03672,0.0,0.0,0.0,0.0,0.0,0.0,0.0,0.0,0.0,0.0,0.0,0.0,0.0,0.004,0.0,0.0,0.0,0.0,0.00591,0.40524,0.0,0.0,1.08555,0.0,0.0,0.0,0.0,0.0,0.0,0.0,0.0,0.0,0.0,0.0,0.0,0.0,0.0,9.95955,0.14992,0.0,0.0,0.0,0.0533,0.0,0.0,0.0,0.0,0.0,0.0,0.0,0.0,0.0,0.0,0.0,0.0,0.0,0.0,0.0,0.0,0.0,0.0,0.0,0.0,0.0,0.0,0.0,0.0,0.0,0.0,0.0,0.0,0.0,0.0,0.0,0.0,0.0,0.00056,0.0,0.0,0.0,0.0,0.0,0.0,0.0,0.0,0.0,0.0,0.0,0.0,0.0,0.0,0.0,0.0,0.0,0.0,0.0,0.0,0.0,0.0,0.0,0.0,0.0,0.0,0.0,0.0,0.01614,0.0
CRR1090868,1,0.00324,5.33434,0.18388000000000002,1.60809,4.31941,2.90919,2.36656,0.36817,0.11387,0.02579,0.0,0.02679,1.1526399999999999,0.53051,2.3996899999999997,0.32788,2.70153,0.02807,4.74392,0.0,0.0,0.45675999999999994,0.00164,0.23331000000000002,0.11332,0.31176000000000004,0.04563,0.00853,0.41977,0.00535,0.0157,0.82935,0.06619,0.00043,0.0,0.0,1.3028,0.00808,0.03168,0.66034,0.16275,0.22077,0.12883,1.49112,0.32238,0.9536,0.88706,0.03954,0.00527,3.92311,0.0,0.0,5.323589999999999,0.10517000000000001,0.00144,0.19849,0.26065,0.30227000000000004,0.0,0.0,0.49039,0.59791,0.00685,0.00277,0.0,0.0,1.24599,0.009,0.0,0.00537,1.46978,0.01203,0.0,0.0362,0.0,0.13041,0.05091,0.00018,0.00387,0.0,0.0,0.00219,0.0,0.0078,0.00027,0.46502000000000004,0.0,0.00502,0.0,0.0,0.0,0.00178,0.68492,0.0,0.2159,0.00824,0.0,0.00033,0.1569,0.02053,0.20399,0.01246,0.03312,0.19692,0.0,0.0,0.0127,0.04153,0.00951,0.0,0.0,0.0182,0.06934,0.00574,0.0,0.0,0.00181,0.0319,0.02986,0.0,0.02442,0.0,0.0,0.01421,0.0215,0.0,0.0,0.00268,0.20093,0.02384,0.0,0.01735,0.0,0.0,0.0,0.00386,8e-05,1.21826,0.0,0.0,0.0,0.0,0.0,0.0,0.00252,0.01013,0.18356,0.86527,0.04633,0.0,0.0,0.0,0.0,0.0,0.06461,0.00276,0.0103,0.0,0.11356,0.15831,0.0301,0.0283,0.00578,0.00058,0.0,0.0,2.96574,0.0,0.0,0.0,0.0,0.0,0.0,0.0,0.0,0.49694,0.40821,1.80782,1.28728,0.32684,0.0,0.00137,0.0,0.0,8e-05,0.02354,0.0,0.0,0.17616,0.04022,0.02661,0.0,0.12203,0.0,0.01606,0.00727,0.00752,0.03588,0.00158,0.01267,0.01715,0.0,0.0,0.00368,0.0,0.0,0.0,0.02709,0.0,0.0,0.0,0.0,0.0,0.00098,0.0,0.0,0.0492,0.0,0.0,0.0,0.15241,0.0,0.6267,0.01338,0.00859,0.0,0.0,0.00404,0.01299,0.0,0.00017,0.0,0.0,0.0,0.0,0.05433
CRR1090874,0,0.0,0.39363,0.76281,12.1365,0.0,8.14084,0.0,0.08193,0.08429,0.18994,0.66635,0.4651,0.0,18.81721,1.84862,0.41793,0.0,0.00828,0.0,0.0743,0.0,5.1784099999999995,0.0,0.0,0.0,2.91863,0.40599,1.3144099999999999,1.7552,0.0,0.0,0.0,0.9565000000000001,0.9094899999999999,0.0,0.26322,0.0,2.81441,0.0,0.0,0.0,0.41431,0.0,0.1191,3.10931,0.00128,14.13251,0.02359,0.04162,0.0,0.0,0.06520999999999999,0.0,0.0,0.0,0.00426,0.78034,0.01423,0.02361,0.20833,2.49391,0.0,0.0,0.01789,0.0,0.0,0.0,0.0,0.0,0.0,3.5356899999999998,0.15481,0.0,0.6921200000000001,0.0,1.69835,0.0,0.0,0.0,0.0,0.0,0.00199,0.0,0.81103,0.54634,1.87547,0.0,0.0,0.02447,0.0,0.09882999999999999,0.0316,0.0,0.0,0.0,0.0748,1.46686,0.0,0.0,0.0,0.0,1.13203,0.0,0.77814,0.0,0.0,0.34293,0.0,0.0,0.0,0.0,0.0,0.18578,2.0562,0.0,0.0,0.0,0.0,0.05067,0.0,0.0,0.0,0.0,0.0,0.0,0.0,0.00447,0.0,0.08852,0.0,0.22678,0.0,0.0,0.0,0.0,0.0,0.0,0.0,0.0053,0.0,0.0,0.0,0.01706,0.0,0.0,0.0,0.0,0.0,0.42106,0.0,0.00012,0.00076,0.00871,0.0,0.0,0.0,0.0,0.0,0.0,0.0,0.0,0.00228,0.0,0.0,0.00297,0.0,0.00055,0.75159,0.0,0.0,0.0,0.11001,0.0,0.00202,0.0,0.0,0.0,0.0,0.0,0.0,0.0,0.01084,0.0,0.03871,0.0,0.0,0.0,0.0,0.0,0.0,0.0,0.0,0.0,0.0,0.0,0.00416,0.0,0.0,0.0,0.0,0.0,0.0,0.0,0.0,0.0,0.02686,0.0,0.0,0.0,0.01177,0.0,0.0,0.0,0.0,0.0,0.0,0.0,0.00246,0.0,0.06816,0.0,0.0,0.0,0.0,0.0,0.04479,0.0,0.0,0.0,0.0,0.0,0.0,0.0,0.0,0.0144,0.0
CRR1090877,1,0.01372,3.28336,0.69047,2.87305,0.70128,15.194529999999999,2.20774,0.03649,0.15153,0.25473,0.13281,0.18377,0.13259,24.62113,2.99816,0.07292,3.0580499999999997,0.06141,5.89706,0.0,0.0,0.14249,0.01685,0.22403,0.0,0.5770500000000002,0.00364,0.17467,0.50319,0.02133,0.03194,0.0,0.15273,0.00719,0.0,0.00049,0.59137,0.0994,0.0,0.0,0.0,0.14825,0.0,0.00606,0.19469,0.8140700000000001,9.48417,0.00146,0.0,0.0,0.0,0.0,3.50959,0.64457,0.0,0.78872,0.16874,10.72027,0.0,0.00868,2.1129,0.92665,0.0,0.00225,0.0,0.0,0.0,0.04504,0.0,0.0,0.77836,0.00366,0.06031,0.18534,0.0,0.0839,0.0,0.0,0.0,0.0,0.00358,0.0,0.0,0.11763,0.00455,0.15143,0.53703,0.0,0.0,0.00277,0.00176,0.00233,0.0,0.0,0.0,0.00798,0.0,0.03067,0.0,0.0,0.0,0.00214,0.0,0.09972,0.0,0.04349,0.17664,0.0,0.0,0.0,0.0356,0.0,0.02602,0.0,0.0,0.00039,0.02206,0.0,0.01209,0.03992,0.0,0.0,0.0,0.00031,0.0,0.00485,0.01609,0.00848,0.02027,0.00074,0.01757,0.03307,0.0,0.0,0.0,0.0,0.0,0.0,0.00391,0.0,0.0,0.0,0.0055,0.01333,0.00663,0.0,0.0,0.0,0.07963,0.0,0.0,0.19257,0.15939,0.0,0.0,0.0,0.05946,0.0,0.0,0.0,0.00079,0.0,0.0,0.04243,0.0,0.0,0.0,0.0,0.0,0.0,0.0,0.0,0.0,0.00139,0.0,0.0,0.0,0.0,0.0,0.0,0.02336,0.11279,0.32448,0.0,0.0,0.0,0.0,0.0,0.0,0.0,0.0,0.0,0.0,0.0,0.0,0.04165,0.0,0.0,0.0,0.0,0.0,0.0,0.0,0.0,0.0,0.0,0.0,0.0,0.0,0.0,0.0,0.00345,0.0,0.0,0.0,0.0,0.90517,0.0,0.0,0.0,0.0,0.0,0.0,0.0,0.0,0.0,0.0,0.19211,0.0,0.0,0.0,0.0,0.0,0.0,0.0,0.5413
CRR1090883,1,0.0,2.5736199999999996,0.44122999999999996,2.6020700000000003,0.76962,7.3603499999999995,1.63982,6.799069999999999,0.02609,2.01581,0.01142,0.12316,0.47130000000000005,0.46213,2.01416,0.48255,2.7000900000000003,0.05537999999999999,2.03509,0.0,0.10988,4.2965800000000005,0.02658,0.17753,0.019620000000000002,0.47464,0.00137,0.0056,0.68745,0.0029100000000000003,0.00775,0.14067,0.21673000000000003,0.03676,0.0,0.03512,1.62344,5.24346,0.23065,2.05016,0.0,0.09333,0.0,0.00582,0.19676,0.28648999999999997,4.0531500000000005,0.01624,0.0,0.0,0.0,0.00133,2.0177,0.23144,0.0,0.18439,0.49602999999999997,0.32394,0.0,0.0,0.65194,0.71391,0.012,0.0,0.0,0.0,0.0,0.02917,0.0,0.01004,1.71366,0.09312,0.41886,0.01898,0.0,1.03528,0.0,0.0,0.16235,0.0045,0.0,0.00494,0.11936,0.02162,0.0,0.8128099999999999,0.0117,0.0,0.00801,0.00024,0.0,0.00095,0.99912,0.0,0.55828,0.04394,0.26715,0.0,0.0,0.17104,0.20635,0.0,0.0,0.0,0.00659,0.36698,0.12397,0.01288,0.02213,0.00844,0.05999,0.07411,0.01959,0.0,0.0,0.0,0.00128,0.04728,0.0,0.00133,0.10699,0.00334,0.0,0.01025,0.00356,0.0,0.00405,0.00265,0.01989,0.01549,0.01766,0.03263,0.04599,0.0,0.0,0.0,0.00077,0.36902,0.00129,0.00053,0.00095,0.14683,0.0,0.00057,0.0,0.0004,0.3104,2.89248,0.0,0.08509,0.11201,0.0,0.00633,0.0687,0.45693,0.0,0.0,0.00069,0.01479,0.06497,0.0,0.00511,0.01452,0.0,0.00342,0.00438,0.0,0.0,0.05327,0.00052,0.0,0.0,0.0,0.0,0.0,3.96347,0.19864,1.61286,0.26095,0.10035000000000001,0.0,0.0,0.00175,0.0,0.37396,0.06151,0.00437,0.0,0.07774,0.0,0.0,0.09901,0.12778,0.0,0.0,0.00073,0.0288,0.02392,0.10773,0.06575,0.0,0.00011,0.0,0.0,0.01558,0.00118,0.0,0.00627,0.0,0.00069,0.0,0.0,0.0,0.00084,0.0,0.27749,4.80043,0.0,0.0,0.0,0.0,0.0,0.06688,0.0,0.00778,0.0,0.0,0.27061,0.0,0.0,0.0,0.0,0.0,0.0,0.0,0.0
CRR1090884,1,0.0,10.389679999999998,0.3038,2.48091,0.02949,4.71671,1.553,0.35102,0.14063,0.17376,0.1473,0.16301,3.01174,1.9667,1.87293,0.3144,2.78857,0.25956,0.83581,0.00067,0.0,0.47429999999999994,0.06558,0.0,0.27258,0.66067,0.0,0.08537,1.16804,0.05169,0.04476,10.56498,0.03276,0.00391,0.0,0.05334,2.4175,0.03222,0.15623,1.17934,0.92935,0.11564,0.0579,0.0,0.16991,4.18651,0.74515,0.009810000000000001,0.00358,0.0,0.0,0.0,0.16718,0.48405000000000004,0.0,0.24969000000000002,0.18803999999999998,0.42162999999999995,0.0,0.01405,0.18196,0.24091,0.0138,0.00377,0.0,0.0,0.0,0.01251,0.0,0.0,2.8121,0.00493,0.00348,0.0,0.0,0.22816,0.0,0.0,0.08006,0.0032,0.06028,0.01737,0.0,0.00929,0.0,0.39072,0.0,0.0,0.0,0.0017,0.0,0.0,0.0,2.54711,0.0,0.02171,0.0,0.14903,0.0,0.16001,0.37128,0.0,0.0,0.0,0.0,0.08329,0.04525,0.00831,0.0,0.09936,0.02681,0.13753,0.01217,0.0,0.01028,0.0,0.0,0.0,0.0,0.0,0.0,0.00175,0.10934,0.02449,0.00145,0.09279,0.02731,0.00623,0.0,0.053430000000000005,0.0,0.00348,0.59155,0.03853,0.0,0.00058,0.00212,0.0,0.0,0.0,0.01001,0.00386,0.0,0.01266,0.0,0.01047,0.0,0.0,0.44698,0.0,0.0,0.08085,0.0,0.0,0.12167,0.01796,0.00476,0.0,0.0,0.0,0.0,0.0,0.05324,0.11659,0.00078,0.08904,2.66245,0.0,0.08094,0.10455,0.0,0.0,0.0,0.0,0.0,0.0,0.21672,0.0,0.1339,0.00266,0.01823,0.0,0.0,0.0,0.05693,0.0,0.00367,0.04427,0.01667,0.0,0.00492,0.0,0.08518999999999999,0.36685,0.0,0.00363,0.30224,0.0,0.0027,0.0,0.0,0.06153,0.0,0.04862,0.0,0.0,0.02196,0.04824,0.0,0.0,0.0,0.0097,0.00107,0.0,0.0,0.05568,2.20705,0.0,0.00121,0.0,1.33997,0.0,0.0,0.0,0.04149,0.0,0.0,1.10382,0.0,0.0,0.0,0.0,0.0,0.0,0.0,0.0
CRR1090886,1,0.0,4.736579999999999,1.7051500000000002,13.45734,1.09496,9.668669999999999,2.44008,0.0526,0.47217,0.0,0.01293,0.25604,0.0,1.66504,2.48642,0.33421,1.75999,0.01251,5.60467,0.0,0.08978,0.29414999999999997,0.0,0.0,0.02048,1.48381,0.0,0.19603,0.25221,0.00094,0.0,2.85875,0.56759,0.20857,1.37736,0.23044,0.89821,0.00813,0.01212,0.0,0.0,0.26924,0.0,0.003,0.61774,0.0,1.6584400000000001,0.0,0.00132,0.0,0.18336,0.21995,6.600210000000001,0.0,0.01919,0.0,0.0,3.1648899999999998,0.0,0.02317,0.30465,0.0,0.0,0.0,0.0,0.0,0.0,0.06601,0.0,0.0132,0.36232,0.10606,0.0,0.39139999999999997,0.0,0.03649,0.0,0.0,0.0,0.0,0.0,0.0031,0.0,1.82089,0.01674,2.6304700000000003,0.0,0.00162,0.0,0.01661,0.01157,0.01853,0.0,0.00414,0.0,0.07873,0.0,0.0,0.0,0.0,0.05191,0.0,0.0,0.0,0.0,0.0,0.24997,0.0,0.0,0.0,0.0,0.0,0.0,10.88461,0.0,0.0,0.03003,0.0,0.0,0.00664,0.0,9e-05,0.0,0.0,0.0,0.0,0.1623,0.0,0.009170000000000001,0.00967,0.00753,0.0,0.0,0.0,0.0,0.0,0.0,0.0,0.00682,0.0,0.0,0.0,0.02094,0.0,0.0,0.00357,0.0,2.06504,0.0,0.0,0.0,1.09127,0.0,0.0,0.0,0.0,0.0,0.0,0.0,0.0,0.00354,0.0,0.0,0.0,0.0,0.0,0.0,0.04034,0.0,0.0,0.0,0.0,0.0,0.00349,0.0,0.0,0.0,0.0,0.0,0.0,0.0,0.0,0.0,0.0,0.0,0.0,0.0,0.0,0.0,0.0,0.0,0.0,0.0,0.0,0.0,0.27171999999999996,0.0,0.0,0.0,0.0,0.0,0.0,0.0,0.0,0.00235,0.01394,0.0,0.0,0.0,0.0,0.0,0.0,0.0,0.0,0.0,0.0,0.0,0.0,0.0,0.02662,0.0,0.0,0.0,0.0,0.0,0.0,0.0,0.0,0.0,0.0,0.0,0.0,0.0,0.0,0.03705,0.0
CRR1090893,0,0.0,0.0,0.81983,4.44257,0.0,4.19989,0.0,0.0,0.0,0.0,0.0,0.0,0.0,5.09887,5.01356,0.0,2.78741,0.0,21.28636,0.88069,0.0,9.5754,0.0,0.0,0.0,0.0,0.01453,0.07525,0.0,0.45866,0.0,0.0,0.69353,1.9062900000000003,0.0,0.07503,0.0,0.35932,0.0,0.0,0.0,0.79457,0.0,0.02984,0.0,11.903749999999999,0.0,0.0,0.00407,0.0,0.0,0.17295,0.0,0.0,0.0,0.0,0.19304,0.0,0.0,0.1555,1.11693,0.0,0.0,0.0,0.48432,0.0,0.0,0.0,0.0,0.0,0.0,0.0,0.0,3.74095,0.0,0.0,0.11483,0.0,0.0,0.0,0.0,0.0,0.0,6.66023,0.05464000000000001,0.0,4.95867,0.0,0.00097,0.0,0.02776,0.00645,0.0,0.0,0.0,0.01638,0.0,0.0,0.0,0.0,0.0,0.0,0.0,0.02874,0.14103,0.0,0.0,0.0,0.0,0.59792,0.0,0.0,0.0,0.48095,0.0,0.04072,0.0,0.0,0.07658,2.0639,0.0,0.05804,0.0,0.0,0.0,0.0,0.0,0.0,0.12247,0.0,0.0,0.0,0.0,0.0,0.00016,0.0,0.0,0.0,0.0,0.0,0.0,0.0,0.01758,0.0,0.0609,0.0,0.0,0.0,0.34917,0.0,0.0,0.22291,0.442,0.0,0.0,0.0,0.0,0.0,0.0,0.0,0.00223,0.0,0.0,0.15369,0.0,0.0,1.48215,0.93533,0.0,0.66242,0.0,0.0,0.0,0.00761,0.0,0.0,0.19871,0.0,0.0,0.0,0.0,0.02802,0.0,0.02943,0.0,0.0,0.0,0.0,0.0,0.0,0.0,0.0,0.0,0.0,0.0,0.0,0.0,0.0,0.0,0.0,0.0,0.0,0.0,0.0,0.0,0.00024,0.0,0.0,0.0,0.0,0.0,0.05333,0.0,0.0,0.0,0.0,0.0,0.0,0.0,0.0,0.0,0.0,0.0,0.0,0.0,0.0,0.0,0.0,0.0,0.0,0.0,0.0,0.0,0.02282,0.7366,0.0
CRR1090899,0,0.0,0.0,0.09576,2.11116,0.0,2.16471,6.84359,0.0,0.0,0.06014,0.0,0.19204,0.0,0.79123,12.13401,0.0,2.06528,0.00031,3.36815,0.0,0.0,2.7162599999999997,0.00154,0.0,0.0,0.8915000000000001,0.0,0.25973,1.6321,0.00023,0.0,0.0,1.3926999999999998,0.08220999999999999,0.0,0.00633,0.0,0.34118,0.0,0.0,0.0,0.11468,0.0,0.0,0.78396,15.10814,4.49829,0.0,0.00123,0.0,0.0,0.00027,7.6325199999999995,0.9546,0.0,0.0,0.50765,2.78813,0.0,0.03544,14.325569999999999,6.418550000000001,0.0,0.04637,0.0,0.0,0.0,0.01007,0.0,0.0,0.0,0.0,0.0,0.0,0.0,0.0249,0.0,0.0,0.0,0.0,0.0,0.0,0.0,0.24284,0.01778,4.42138,0.0,0.0,0.0,0.00048,0.00033,0.0,0.0,0.0,0.0,0.0,0.0,0.0,0.0,0.0,0.0,0.0,0.0,0.0,0.0,0.0,0.00606,0.0,0.0,0.0,0.0,0.0,0.17177,2.8213,0.0,0.0,0.0,0.0,0.60129,0.05414,0.0,0.0,0.0,0.0,0.0,0.0,0.0,0.0,0.38514,0.0,0.0,0.0,0.0,0.0,0.0,0.0,0.0,0.0,0.0,0.0,0.0,0.0,0.00492,0.0,0.0,0.0,0.0,0.0,0.53677,0.0,0.0,0.0,0.0,0.0,0.0,0.0,0.0,0.0,0.0,0.0,0.00766,0.0,0.0,0.0,0.0,0.0,0.0,0.08222,0.0,0.0,0.0,0.0,0.0,0.01634,0.0,0.0,0.0,0.0,0.0,0.0,0.0,0.0,0.0,0.02694,0.0,0.0,0.0,0.0,0.0,0.0,0.0,0.0,0.0,0.0,0.0,0.0,0.0,0.0,0.0,0.0,0.0,0.0,0.0,0.0,0.0,0.0,0.0,0.0,0.0,0.0,0.0,0.0,0.0,0.0,0.0,0.0,0.0,0.0,0.0,0.0,0.0,0.0,0.0,0.0,0.0,0.0,0.0,0.0,0.0,0.0,0.0,0.0,0.0,0.0,0.0,0.0
CRR1090906,0,2.76956,0.0,0.75482,7.64861,0.0,13.93509,0.0,0.0,0.0,0.0,0.0,1.64003,0.0,10.12888,11.33323,0.0,0.0,0.0,2.40879,0.83898,0.0,0.36785,0.0,0.0,0.0,2.52257,0.0,0.18314,0.66674,1.14926,0.0,6.99473,0.61289,0.38831,0.0,0.0,0.0,0.35561,0.0,0.0,0.0,0.32982,1.25176,0.0,0.4087,1.31263,2.71737,0.00772,0.08789,0.0,0.0,0.13422,8.10514,0.0,0.02195,0.42465,0.92625,0.0,0.06121,0.06774,1.94783,0.0371,0.0,0.0,0.0,0.0,0.0,0.16427,0.0,0.0,0.0,0.73917,0.0,0.6496,0.0,0.0,0.13935,0.0,0.0,0.0,0.0,0.0,0.0,1.69059,0.07514,2.60371,0.5148,0.0,0.0,0.0,0.034319999999999996,0.01607,0.0,0.0,0.0,0.0,0.0,0.0,0.0,0.0,0.0,0.0,0.0,0.10859,0.24471,0.0,0.0,0.0,0.0,0.03148,0.0,0.0,0.18857,0.28256,0.00203,0.0,0.0,0.0,0.0,0.0,0.0,0.01994,0.0,0.0,0.0,0.0,0.0,0.0,0.0,0.0,0.0,0.0,0.0,0.0,0.0,0.19966,0.0,0.0,0.0,0.0,0.0,0.0,0.00752,0.0,0.0,0.0,0.0,0.0,0.00795,0.0,0.0,0.0,0.0,0.0,0.0,0.0,0.0,0.0,0.0,0.0,0.01691,0.0,0.0,0.15234,0.0,0.0,4.83923,0.0,0.0,0.0,0.0,0.06967,0.00132,0.01016,0.0,0.0,2.09932,0.0,0.0,0.0,0.0,0.0,0.0,0.0,0.0,0.0,0.0,0.0,0.0,0.0,0.0,0.0,0.0,0.0,0.0,0.0,0.0,0.0,0.0,0.0,0.01494,0.0,0.0,0.0,0.0,0.00562,0.56544,0.0,0.0,0.01501,0.0,0.0,0.0,0.0,0.0,0.0,0.0,0.0,0.0,0.0,0.0,0.0,0.0,0.0,0.0,0.0,0.0,0.0,0.0,0.0,0.00516,0.0,0.0,0.29274,0.24441,0.0
CRR1090907,0,0.0,3.3296399999999995,2.6843399999999997,3.6696800000000005,1.90852,9.99639,0.0,0.0,0.0,5.76752,1.02816,0.84614,0.0,0.1182,12.71006,0.44247,2.72431,0.5123,8.53733,0.00018,0.0,2.676,0.08798,0.0,0.10779,0.25888,0.0,0.144,3.68532,0.16713,0.0,3.06309,0.11232000000000002,0.50595,0.0,0.04606,0.15233,0.07162,0.0,0.0,0.0,0.0,0.0,0.0,0.87023,3.5095799999999997,0.8125100000000001,0.06548,0.00219,1.02086,0.0,0.2951,0.34075,0.24539,0.00545,0.8866,0.18463000000000002,0.66937,0.02172,0.032780000000000004,2.67484,1.8830900000000002,0.0,0.00697,0.0,0.0,0.0,0.35573,0.0,0.0,0.01133,0.28557,1.11802,0.15710000000000002,0.0,0.01882,0.03389,0.0,0.0,0.0,0.0,0.0,0.03877,1.70266,0.01533,1.6561899999999998,0.0,0.0,0.0,0.01172,0.0,0.01123,0.0,0.0,0.0,0.03023,0.0,0.17065,0.0,0.0,0.0,0.0,0.0,0.0,0.0,0.0,0.0,0.0,0.0,0.0,0.0,0.0,0.049929999999999995,0.0,0.0,0.0,0.08397,0.0,0.00497,0.03376,0.0,0.0,0.0,0.0,0.0,0.0,0.26475,0.0,0.0008,0.20509999999999998,0.02961,0.0,0.49168,0.0,0.02759,0.0,0.0,0.0,0.0,0.02002,0.0,0.0,0.01512,0.12327,0.0,0.0,0.0,0.0,0.09473,0.0,0.0,0.14717,0.0,0.0,0.0,0.0,0.0,0.0748,0.0,0.0,0.00766,0.0,0.0,0.04774,0.00093,0.0,0.0,0.0,0.0,0.0,0.0,0.02478,0.0,0.00743,0.0,0.0,4.12655,0.0,0.0,0.0,0.0,0.0,2.90448,0.0,0.0,0.0,0.0,0.0,0.0,0.0,0.0,0.0,0.0,0.0,0.0,0.17620999999999998,0.0,0.0,0.0,0.0,0.0,0.0,0.0,0.0,0.0,0.01172,0.0,0.01018,0.00645,0.01821,0.0,0.0,0.0,0.0,0.0,0.0,1.09809,0.08391,0.0,0.0,0.0,0.0,0.0,0.02006,0.0,0.10883,0.0,0.0,0.0,0.0,0.0,0.09094,0.0,0.0,0.0,0.0
CRR1090909,1,0.0,6.15804,0.80172,1.80012,0.0,7.021309999999999,0.0,0.0,0.20467,3.46838,0.0,1.46857,0.0,0.06256,5.584910000000001,0.0,0.0,0.14866000000000001,14.25751,0.14959,0.0,1.28001,0.01999,0.0,0.0,1.6581400000000002,0.85361,0.29493,0.0,0.0,0.0,0.0,0.22437,0.63756,0.0,0.00069,0.0,0.8913,0.0,0.0,0.0,0.0599,0.0,0.16202,0.0,0.02487,3.6984200000000005,0.0,0.02636,0.0,0.0,0.23868,5.17413,0.0,0.23436,0.01553,0.5942500000000001,0.74344,0.0,0.08239,1.2747,1.04618,0.0,0.0,0.0,0.0,0.0,0.34724,0.0,0.03185,0.44513,1.82747,0.0,4.496020000000001,0.63724,0.41713,0.06263,0.0,0.0,0.01216,0.0,0.02135,0.0,1.80307,0.02429,1.29485,0.0,0.0,0.018930000000000002,0.0032,0.00602,0.01877,0.0,0.0,0.0,0.0467,0.0,0.0,0.0,0.0,0.0,0.0,0.0,0.0,0.0,0.0,0.00718,0.0,0.0,0.0,0.0,0.0,0.09292,1.25876,0.0,0.0,0.0,0.0,0.0,0.0,0.0,0.01632,0.0,0.0,0.0,0.0,1.27871,0.0,0.13232000000000002,0.04908,0.09899,0.0,0.0,0.0,0.0,0.0,0.0,0.0,0.0,0.00721,0.0,0.0,0.0,0.0,0.0,0.0,0.0,13.45451,0.4002,0.0,1.56885,0.0,0.0,0.0,0.0,0.0,0.0,0.0099,0.0,0.0,0.00638,0.0,0.0,0.0,0.0,0.0,0.0,0.72043,0.0,0.01102,0.0,0.0,0.00616,0.00075,0.0,0.0,0.0,0.0,0.0,0.0,0.0,0.0,0.0,0.0,0.0,0.0,0.0,0.0,0.0,0.0,0.0,0.0,0.0,0.0,0.0,0.67984,0.0,0.0,0.0,0.0,0.0,0.2811,0.0,0.0,0.0,0.00224,0.0,0.0,0.0,0.00276,0.0,0.0,0.01462,0.0,0.0,0.0,0.0,1.90433,0.0,0.06222,0.0,0.0,0.0,0.0,0.0,0.0,0.0,0.0,0.00992,0.0,0.0,0.0,0.0,0.05297,0.0549,0.0
CRR1090916,1,0.0,3.92435,0.6351100000000001,10.56495,0.40446,14.22798,9.40368,0.04797,0.39893,0.10182,0.12417,0.21443,0.12686,3.4791899999999996,1.0564900000000002,0.13368,1.28667,0.0,14.305959999999999,0.0,0.0,0.27144999999999997,0.07692,0.02819,0.06485,0.46510999999999997,0.19543,0.00097,0.37456,0.0,0.02386,0.0,1.12146,0.00108,0.0,0.02761,0.8206,0.18039,0.00261,0.0,0.0,0.0,0.0,0.19646000000000002,0.14002,10.58232,6.3126500000000005,0.02019,0.00262,0.0,0.0,0.0,0.00894,0.2399,0.0,0.96747,0.2363,1.09349,0.0,0.010159999999999999,3.71936,1.40052,0.0,0.00032,0.0,0.0,1.06298,0.00728,0.0,0.0,2.74512,0.03394,0.20717,0.0,0.0,0.37089,0.0,0.0,0.0,0.0,0.0,0.01128,0.0,0.04169,0.0,1.0758,0.0,0.0,0.0,0.01819,0.0,0.00494,0.0,2.10499,0.0,0.01249,0.0,0.06955,0.0,0.0,0.0,0.0,0.06265,0.0,0.0,0.0,0.2604,0.0,0.0,0.0,0.02063,0.0,0.01782,0.00246,0.0,0.01165,0.0,0.0,0.05047,0.01579,0.0,0.01767,0.0,0.0,0.0,0.0,0.01949,0.01199,0.57826,0.00679,0.00347,0.03504,0.0,0.0,0.0,0.0,0.0,0.0,0.0,0.0011,0.0,0.0,0.00222,0.0,0.0,0.0,0.00781,0.0,0.12406,0.0,0.0,0.0,0.00109,0.0,0.0,0.0062,0.00917,0.0,0.0,0.60224,0.0,0.0,0.0,0.0,0.0,0.0,0.00298,0.0,0.0,0.05862,0.0,0.0,0.0,0.0,0.0,0.0,0.85928,0.0,0.12898,0.0187,0.0,0.0,0.0,0.00144,0.0,0.0,0.0,0.0,0.0,0.0,0.0,0.0,0.01151,0.0,0.0,0.0,0.0,0.0,0.0,0.0,0.0,0.0,0.0,0.0,0.0,0.0,0.0,0.0,0.0,0.0,0.0,0.0,0.0,0.0,0.0,0.0,0.0,0.0,0.0,0.0,0.0,0.0,0.0,0.0,0.0,0.0,0.0,0.0,0.0,0.0,0.0,0.0,0.0,0.0,0.0,0.09272
CRR1090917,0,0.0,0.7486200000000001,0.31901,0.0,0.0,37.80435,0.0,0.0,0.0,1.89365,0.0,0.35041,0.0,13.27887,1.57141,0.0,2.39679,0.0,1.71049,0.12548,0.0,3.7114499999999997,0.00315,0.0,0.0,0.37095,0.0,0.30701999999999996,0.4903,0.14709,0.0,0.0,0.16679,0.85954,0.0128,0.17027,0.0,0.30721,0.71637,0.0,0.0,0.11842,0.0,0.0,0.77212,3.94459,0.38505,0.0,0.0,0.0,0.0,0.34979,2.0943,0.0,0.00429,0.07736,0.36949,0.57679,0.00066,0.0,0.13719,0.0,0.0,0.0,0.0,0.0,0.0,0.0,0.0,0.0,0.0,0.0,0.0,0.6558299999999999,0.0,0.7481,0.10402,0.0,0.0,0.0,0.0,0.02454,0.0,0.81198,0.0,1.19912,1.48275,0.0,0.0,0.0474,0.00417,0.0,0.0,14.58414,0.0,0.0,0.0,0.0,0.0,0.0,0.0,0.0,0.0,0.0,0.0,0.0,0.0201,0.0,0.0,0.0,0.0,0.0,0.24306,0.1467,0.0,0.0,0.0,0.0,0.0,0.10055,0.0,0.0,0.0,0.0,0.0,0.0,0.0,0.0,0.0,0.0,0.0,0.0,0.0,0.0,0.0,0.0,0.0,0.0,0.0,0.0,0.0,0.0,0.0058,0.0,0.00291,0.0,0.0,0.0,0.09633,0.0,0.0,0.0,0.0,0.0,0.0,0.0,0.0,0.0,0.0,0.0,0.00842,0.0,0.0,0.0172,0.0,0.0,0.0,0.25285,0.0,0.0,0.0,0.0,0.0,0.0,0.0,0.0,1.84183,0.0,0.0,0.0,0.0,0.0,0.0,0.0,0.0,0.0,0.0,0.0,0.0,0.0,0.0,0.0,0.0,0.0,0.0,0.0,0.0,0.0,0.0,0.0,0.0,0.0,0.0,0.0,0.0,0.00259,0.0,0.0,0.0,0.0,0.0,0.0,0.0,0.0,0.0,0.0,0.0,0.0,0.0,0.0,0.0,0.0,0.0,0.0,0.0,0.0,0.0,0.0,0.0,0.0,0.0,0.0,0.0,0.0,0.21688,0.0
CRR1090918,1,0.0,4.90438,4.4773700000000005,6.61735,0.85498,9.903270000000001,1.2364199999999999,0.26233,0.11014,0.0,0.02852,0.46679,0.09733,0.47756,1.6449699999999998,0.08061,1.08196,0.02857,4.49452,0.00328,0.48997,5.8435299999999994,0.04445,0.0,0.0,2.8567599999999995,0.0,0.01543,1.64053,0.0124,0.10198,0.0,0.4138200000000001,0.06847,0.0,0.08288,0.08046,0.16561,0.12906,0.0,0.0,0.48413,0.0,0.0,0.29078,2.2498199999999997,2.51513,0.0,0.01541,4.57876,0.0,0.05857,0.12098,0.2382,0.0,1.16022,0.0012,3.5384100000000003,0.0,0.01699,0.65561,0.79802,0.0,0.00058,0.0,0.0,0.0,0.02327,0.0,0.6113,0.10374,0.35364,0.0,0.35423,0.0,0.0189,0.59607,0.0,0.14649,0.0,0.0,0.0,0.0,0.13029,0.13882,0.96772,0.0,0.05686,0.0,0.00254,0.00871,0.00039,0.0,0.0,0.0,0.01189,0.31328,0.01048,0.0,0.0,0.0,0.1063,0.35014,1.55375,0.0,0.0,0.01436,0.01464,0.0,0.00936,0.0,0.0,0.11017,0.0,0.00052,0.0,0.0,0.0,0.0,0.31013,0.0,0.0,0.0,0.0,0.0,0.01422,0.06014,0.0,0.0,0.0,0.02948,0.0,0.0,0.0,0.0,0.0,0.0,0.0,0.00183,0.0,0.0,0.0,0.0027,0.0,0.0,0.0,0.0,0.0,0.26416,0.0,0.0,0.0309,0.42509,0.0,0.0,0.0,0.03133,0.02676,0.0,0.0,0.0,0.0,0.0,0.0,0.0,0.00064,0.0,0.0,0.0,0.0,0.00528,0.0,0.0,0.0,0.0,0.0,0.01619,0.0,0.20254,0.0,0.0,0.11646,17.4933,0.0,0.0,0.0,0.0,0.0,0.0,0.0,0.0,0.48081,0.0,0.0,0.0,0.01827,0.0,0.0,0.0,0.0,0.0,0.0,0.0,0.0,0.00099,0.0,0.0,0.0,0.0,0.0,0.0,0.0,0.0,0.0,0.0,0.0,0.0,0.05067,0.0,0.0,0.0,0.0,0.0,0.0,0.0,0.0,0.0,0.0,0.0,0.0,0.0,0.0,0.0,0.00455,0.0,0.15134
CRR1090919,1,0.00961,11.312200000000002,0.2666,10.15734,1.50613,4.30975,3.13755,0.12889,0.18794,0.03434,0.0,0.03928,0.27111999999999997,5.533029999999999,2.6213900000000008,0.08286,0.35536999999999996,0.27936,6.3868599999999995,0.0,0.0,0.5582199999999999,0.00843,0.14092,0.00995,1.53806,0.39008,0.0,0.6760200000000001,0.0,0.0,3.28823,0.51582,0.0,0.0,0.11134,2.24033,0.40531,0.46894,0.0,0.0,0.4811,0.06587,0.17299,0.79205,10.280220000000002,4.74327,0.00286,0.00204,0.0,0.0,0.0,1.31832,0.01766,0.0,0.1104,0.030440000000000002,0.0035,0.0,0.00269,0.13371,0.53287,0.00201,9e-05,0.0,0.0,0.1756,0.01102,0.0,0.013,1.83935,0.02817,0.00301,0.06284,0.0,0.01393,0.26275,0.0,0.0,0.0,0.00036,0.0,0.0,0.00049,0.02647,0.22000000000000003,0.17282,0.1095,0.0,0.0,0.0,0.0,1.22089,0.0,0.10918,0.00863,0.0,0.00999,0.0,0.01442,0.29469,0.11413000000000001,0.0,0.0,0.04848,0.03681,0.0552,0.01245,0.0,0.01265,0.05566,0.0,0.10147,0.0,0.0,0.0,0.00175,0.0,0.0,0.00367,0.01175,0.0,0.0,0.00424,0.0,0.0,0.0,0.0,0.05207,0.00539,0.00733,0.01643,0.0,0.0,0.10874,0.00081,0.0,0.0,0.0,0.0,0.0,0.00121,0.00332,0.0,0.00038,0.0,0.0,0.0,0.12935,0.0,1.09528,0.23445,0.0,0.0,0.10653,0.0,0.00103,0.0,0.0,0.0,0.00241,0.0,0.01207,0.01895,0.0,0.0,4.51346,0.0,0.0,0.02033,0.25438,0.0,0.0,0.0,0.0,0.0,0.26151,0.0,1.37016,0.43832,0.04222,0.0,0.04603,0.00611,0.0,0.00564,0.0,0.0,0.00568,1.85461,0.0,0.0,0.0,0.0,0.03299,0.03914,0.0,0.0,0.0,0.0,0.0,0.0,0.0,0.01491,0.0,0.00119,0.0033,0.00886,0.0,0.0,0.0,0.0,0.0,0.0,0.0,0.0,2.00469,0.0,0.0,0.0,0.10384,0.0,0.02598,0.0,0.0,0.0,0.0,0.07976,0.0,0.0,0.00048,0.0,0.0,0.0,0.0,0.0
CRR1090920,1,0.0,10.00459,3.88583,7.606540000000001,0.0,18.62252,0.0,0.37012,0.14812,0.0,0.76992,2.96906,0.0,0.08333,0.83081,0.0,0.41053,0.0,0.4713,0.03872,0.0,1.7237600000000002,0.0,0.0,0.0,0.37691,0.03987,0.10018,0.94462,0.01888,0.0,10.40129,0.9257399999999998,0.13116,0.0,0.61082,0.0,0.49214,0.0,0.0,0.0,0.12079,0.0,0.00225,0.15527,4.49578,0.249,0.0,0.01457,0.0,0.0,0.49309,0.48176,0.0,0.0,0.14767,0.08248,0.1875,0.02085,0.05541,2.0318,0.12949,0.0,0.0,0.00059,0.0,0.02375,0.0,0.0,0.19875,0.43123,1.20978,0.01345,0.49795,0.0,0.06312,0.03782,0.0,0.0,0.0,0.0,0.032,0.0,5.60321,0.01379,0.7942,0.0,0.0,0.00672,0.01104,0.00816,0.0,0.0,0.0,0.0,0.0,0.0,0.0,0.0,0.0,0.0,0.0,0.0,0.00522,0.0,0.0,0.0,0.0,0.0,0.0,0.0,0.0,0.2634,0.0,0.10067,0.28387,0.0,0.0,0.0,0.0,0.0,0.05188,0.0,0.0,0.0,0.0,0.0,0.0,0.01939,0.17792,0.04484,0.0,0.0,0.0,0.0,0.0,0.0,0.0,0.00062,0.0,0.0,0.0,0.00179,0.59241,0.51024,0.0,0.0,0.0,0.59866,0.0,6.57095,0.10875,0.0,0.0,0.0,0.0,0.0,0.06711,0.0,0.0,0.0,0.00668,0.0,0.0,0.0,0.0,7.2776,0.0,0.0,0.00713,0.0,0.0,0.0,0.0,0.0,0.0,0.0,0.0,0.0,0.0,0.0,0.0,0.0,0.00588,0.0,0.0,0.0,0.0,0.0,0.0,0.0,0.0,0.0,0.0,0.0,0.05199,0.0,0.0,0.0,0.0,0.0,0.0,0.02264,0.0,0.0,0.0,0.0,0.0,0.0,0.00027,0.0,0.03334,0.0,0.0,0.0,0.0,0.0,0.00193,0.0,0.0,0.0,0.0,0.0,0.0,0.0,0.0,0.0064,0.0,0.14214,0.0,0.0,0.0,0.0,0.00837,0.0,0.0
CRR1090921,1,0.0,7.731769999999999,1.23316,4.407230000000001,0.0,4.72813,0.20703000000000002,0.33033999999999997,0.43478,0.0,0.00525,0.56681,0.2738,0.48975,1.5794999999999997,0.37196,0.77067,0.10514,3.14066,0.0,0.0,0.35406000000000004,0.00421,0.07991,0.062130000000000005,0.09462000000000001,0.00656,0.0,0.55034,0.01368,0.12642,1.00541,0.6301700000000001,0.00114,0.0,0.18184,2.07974,0.42026,2.77448,0.69258,1.00829,0.03691,0.0,0.02939,0.14205,1.0251000000000001,1.2158200000000001,0.09302000000000002,0.0,0.0,0.0,0.0,0.10215000000000002,0.21017,0.0,0.09297000000000001,1.9049300000000002,0.33910000000000007,0.0,0.0,0.1822,1.31039,0.01446,0.00016,0.0,0.0,0.029220000000000003,0.004359999999999999,0.01512,1.20112,1.53325,0.11255,0.37742,0.0,0.0,0.0,0.0,0.0,0.0,0.0,0.0,0.0008,0.0,0.07962,0.0,0.46571,0.02836,0.0,0.0,0.00012,0.0,0.0,1.6426,0.0,0.52472,0.0,0.15752,0.03887,0.0,0.08035,0.02452,0.0,0.0,0.00404,0.01397,0.08026,0.05214,0.00108,0.0,0.0,0.0,0.04825,0.04527,0.0,0.0,0.0,0.0,0.02072,0.0,0.0,0.0,0.00153,0.15929,0.0,0.0,0.00738,0.00559,0.00025,0.0,0.07827,0.00426,0.0002,0.92766,0.0,0.0,0.02038,0.0,0.26799,0.0,0.0,0.012,0.00055,0.0,0.00158,0.0,0.00219,0.04768,0.92999,0.10835,0.0,1.58817,0.2708,0.0,0.0,0.54506,0.0269,0.04755,0.00301,0.03174,0.64823,0.0,0.0,0.41682,0.0,0.00064,0.0,0.50574,0.0,0.0317,0.0,0.0,0.0,0.0,0.00838,0.0,0.29377,0.50425,1.37206,0.23364,0.42964,0.06828,0.0,0.59284,0.00124,0.00269,0.01833,0.00797,0.0,0.1158,0.40026,0.00485,0.0,0.33761,0.3223,0.01842,0.0,0.0016,0.01659,0.0,0.02624,0.0,0.00536,0.0,0.00152,0.0,0.0,0.01459,0.016,0.0,0.0,0.0,0.0,0.0,0.00031,0.0,0.0,0.0,0.0,0.10062,0.0,0.26633,0.01899,0.21199,0.0,0.00845,0.0,0.0,0.0,0.0,0.0,0.0,0.0,0.0,0.0,0.0,0.0
CRR1090922,1,0.0,0.33985,1.06012,7.26869,0.0,51.25609,0.54388,0.0,2.18835,0.0,0.0,0.0,0.0,0.0,2.24366,0.0,0.85483,0.0,6.3727800000000006,0.29479,0.0,0.94408,0.0,0.0,0.0,0.59349,0.0,0.0,1.59195,0.12161,0.0,0.0119,0.18606,0.23145,0.0,0.0,0.98464,1.65389,0.0,0.0,0.0,0.0,0.0,0.0,0.11976,0.0,1.97453,0.0,0.0,0.0,0.0,0.16036,0.26507000000000003,1.44211,0.0,0.09983,0.05804,1.17252,0.06724,0.01028,5.74638,1.15379,0.0,0.0,0.00987,0.0,0.0,0.20368,0.0,0.0,0.0,0.0,0.0,0.19004,0.0,0.0,0.0,0.0,0.0,0.0,0.0,0.0,0.0,3.84228,0.0,0.8935500000000001,0.0,0.0,0.0,0.0,0.00312,0.00097,0.0,0.0,0.0,0.0,0.0,0.0,0.0,0.0,0.0,0.0,0.0,0.0,0.0,0.0,1.53871,0.0,0.0,0.0,0.0,0.0,0.00977,0.0,0.0,0.0,0.416,0.0,0.0,0.1056,0.0,0.0,0.0,0.0,0.0,0.0,0.0,0.0,0.30053,0.0,0.0,0.0,0.0,0.0,0.0,0.0,0.0,0.0,0.0,0.0,0.0,0.0,0.00257,0.0,0.0,0.0,0.0,0.03471,0.0018,0.0,0.0,0.0,0.00385,0.0,0.0,0.0,0.0,0.0,0.0,0.0,0.0,0.0,0.0,0.0,0.0,0.0,0.10109,0.18531,0.0,0.19736,0.0,0.0,0.0,0.0,0.0,0.0,0.0,0.0,0.0,0.0,0.0,0.0,0.0,0.00117,0.0,0.0,0.0,0.0,0.0,0.0,0.0,0.0,0.0,0.0,0.0,0.0,0.0,0.0,0.0,0.0,0.00246,0.0,0.0,0.0,0.0,0.0,0.0,0.0,0.0,0.0,0.0,0.0,0.0,0.0,0.0,0.0,0.0,0.0,0.0,0.0,0.0,0.0,0.0,0.0,0.0,0.0,0.0,0.0,0.0,0.0,0.0,0.0,0.0,0.0,0.0,0.0
CRR1090928,1,0.0,5.4207,1.8098699999999999,3.85584,0.55728,20.08745,0.20684,1.0371899999999998,0.22576,1.51572,0.00122,0.385,1.19044,3.61702,1.37012,0.0,0.66582,0.043039999999999995,0.36766,0.0,0.0,0.48418,0.01755,0.12655,0.01359,0.39152999999999993,0.0,0.01102,0.19966,0.10278,0.00398,0.33293,0.02028,0.0,0.0,0.09154,0.09049,4.86746,0.57681,0.87502,0.0,0.0459,0.0,0.0,0.1221,0.60434,1.64895,0.07919999999999999,0.00109,0.0,0.05109,0.02714,0.55964,0.09046,9e-05,0.00087,0.16992,0.50087,0.0,0.03994,0.36436,0.23214,0.0,0.0,0.0,0.0,0.0,0.00634,0.04806,0.66691,1.51757,0.33423,0.00097,0.5621900000000001,0.01972,0.19472,0.06047,0.0,0.0,0.0,0.0,0.00069,0.19821,0.08824,0.00057,0.62997,0.04272,0.0,0.0,0.00248,0.01242,0.00133,0.70417,1.26139,0.00381,0.03145,0.0,0.0,0.0,2.18896,0.28481,0.03271,0.0,0.15378,0.12753,0.0,0.03827,0.0,0.12142,0.10906,0.27016,0.0171,0.17623,0.0,0.00373,0.0,0.0,0.08292,0.0,0.02197,0.0,0.03046,0.01923,0.0,0.00248,0.0,0.0,0.00253,0.0,0.32409,0.09263,0.0,0.33352,0.0,0.05225,0.00053,0.0,0.0,0.00272,0.0,0.01375,0.0,0.0,0.01239,0.05472,0.00252,0.01768,6.27514,0.0,0.05638,1.2045,0.0,0.0,0.0,2.84337,0.01777,0.16212,0.00965,0.0,0.0,0.0,0.0,0.11069,0.06466,0.0,0.04278,0.0,0.0,0.0,0.0,0.0,0.0,0.0,0.0,0.0,0.0,0.58992,2.25563,1.55663,0.40766,0.10544,0.0,2.69734,0.00086,0.00881,0.0,0.02908,0.00693,0.0,0.0,0.0,0.0,0.0,0.0,0.0,0.01656,0.16038,0.01796,0.0,0.04111,0.20752,0.00573,0.01369,0.0,0.0,0.0,0.01416,0.0,0.0,0.0,0.00713,0.00381,0.0,0.00902,0.8256,0.0,0.0,0.0,0.0,0.0,0.0,0.0,0.0,0.0,0.0,0.0,0.11943,0.71207,0.0,0.0,0.0,0.0,0.31202,0.0,0.0,0.01728
CRR1090932,0,0.0,0.0,0.0,0.0,0.0,13.12438,0.0,0.0,0.0,0.0,0.0,0.0,0.0,0.0,0.0,0.0,0.0,0.0,0.2699,0.0,0.0,2.79548,0.0,0.0,0.0,0.02154,0.0,0.0,0.0,0.0,0.0,0.0,0.36078,4.05068,0.0,0.0,0.0,19.06801,0.0,0.0,0.0,0.19387,0.0,0.15184999999999998,0.0,25.471870000000003,0.0,0.0,0.0024,0.0,0.0,0.0,0.0,0.0,0.0,0.0,0.64887,0.0,0.0,0.12558,0.0,0.0,0.0,0.00255,3.98814,0.0,0.0,0.0,0.0,0.0,0.0,0.0,0.0,0.0,0.0,0.0,0.57073,0.0,0.0,0.0,0.0,0.0,0.0,0.0,0.14783,0.0,0.33593,0.0,0.00046,0.0,0.0194,0.01691,0.0,0.0,0.0,0.0,0.0,0.0,0.0,0.0,0.0,0.0,0.0,0.0,0.0,0.0,0.0,0.0,0.0,0.0,0.0,0.0,0.0,0.00302,0.0,0.0,0.0,0.0,0.0,0.0,0.0,0.0,0.0,0.0,0.0,0.0,0.0,0.0,18.09119,0.0,0.0,0.0,0.0,0.0,0.0,0.0,0.0,0.0,0.0,0.0,0.0,0.0,0.02243,0.0,0.0,0.0,0.0,0.0,0.0,0.0,0.0,0.0,0.07512,0.0,0.0,0.0,0.0,0.0,0.0,0.0,0.00197,0.0,0.0,0.0,0.0,0.0,0.0,0.0,0.0,0.0,0.0485,0.0,0.02115,0.00815,0.0,0.0,0.0,0.0,0.0,0.0,0.0,0.0,0.0,0.0,0.0,0.0,0.0,0.0,0.0,0.0,0.0,0.0,0.0,0.0,0.0,0.0,0.0,0.0,0.0,0.0,0.0,0.0,0.0,0.0,0.0,0.01613,0.0,0.0,0.0,0.02249,0.0,0.0,0.0,0.0,0.0,0.0,0.0,0.0,0.0,0.0,0.0,0.0,0.0,0.0,0.0,0.0,0.0,0.0,0.0,0.00102,0.0,0.0,0.0,0.01493,0.0,0.0
CRR1090935,1,0.0,5.53968,0.7885500000000001,0.72549,5.09674,1.90904,0.60299,1.25257,0.14704,1.27027,0.05328,0.18469,0.04505,2.3119,9.128650000000002,0.0,2.7483500000000003,0.14692999999999998,4.100929999999999,0.0,0.0,1.87527,0.02119,0.19153,0.24681,0.89547,0.00259,0.0,2.87727,0.0545,0.00822,0.28123,0.43726000000000004,0.06649,0.0,0.01533,0.95172,0.01284,0.12263,0.91853,0.60273,0.86125,0.11152,0.0098,0.45432,1.53747,2.2476100000000003,0.00407,0.01186,0.94879,0.06527,0.0079,0.5864900000000001,2.19071,0.00089,0.36139,0.45238,0.52656,0.0,0.01602,2.10901,0.89802,0.01744,0.0,0.0,0.00376,0.0,0.00349,0.0,0.00656,1.1278700000000002,0.0,0.10459,0.01369,0.0,0.08534,0.16059,0.0,0.07601,0.0,0.0,0.00398,0.0,0.01127,0.03336,0.7114,0.0,0.07493,0.00106,0.0,0.0032,0.00786,7.82509,0.0,0.0753,0.05974,0.22411,0.09738,0.13963,0.07552,0.44163,0.38395,0.13072,0.0,0.65873,1.15261,0.0421,0.06853,0.0,0.04823,0.0,0.01982,0.013,0.0,0.0,0.0,0.00134,0.00903,0.01326,0.0,0.09682,0.00358,0.0,0.01154,0.10512,0.0,0.0,0.00258,0.01651,0.02107,0.01143,0.00087,0.09075,0.0,0.0,0.0,0.0,0.35076,0.0,0.0,0.0,0.00035,0.00022,0.0,0.0,0.0,0.3384,0.9351,0.0,0.0,0.35543,0.04993,0.07925,0.0,0.3439,0.06874,0.0,0.1453,0.19707,1.4538,0.03551,0.00791,0.00848,0.0,9e-05,0.02465,0.04949,0.0,0.03285,0.4681,0.00162,0.0,0.00065,0.00775,0.1438,1.07332,2.00571,0.29834,0.60992,0.01352,0.0,0.0,0.02664,0.0,0.0,0.01375,0.00662,0.00703,0.10023,0.0,0.08916,0.27094,0.11661,0.0,0.02394,0.01232,0.0,0.06284,0.73609,0.02535,0.0,0.0,0.0,0.03659,0.0,0.00627,0.0,0.00049,0.0,0.0,0.0,0.0,0.00101,0.0,0.44457,0.01489,0.0,0.0,1.40528,0.0,0.09101,0.0,0.0,0.0,0.0,0.0,0.0,0.0,0.01037,0.0,0.00322,0.0,0.0,0.0,0.0,0.01139
CRR1090936,1,0.00975,12.831189999999998,2.6465899999999998,1.91356,1.06015,4.45671,0.0,0.04721,0.25433,0.03512,1.40425,0.94794,1.90658,0.80497,2.86138,0.55939,1.7569499999999998,0.5915,1.9831699999999999,0.06909,0.15827,0.5055999999999999,0.3,0.0,0.22002,0.2522,0.33934,0.06591,1.1927400000000001,0.05468,0.01198,0.55361,0.6610600000000002,0.31779,0.0,0.56221,1.60517,0.17522,0.0,0.42662,0.0,0.16546,0.2696,0.01907,0.47248,24.90389,1.27457,0.0112,0.0,1.04782,0.0,0.07683,0.45166,0.8734,0.00173,0.14193,0.16986,0.2655,0.11387,0.00065,0.3454,1.17292,0.0,0.0,0.02368,0.0,0.03431,0.0,0.0,0.00204,0.04155,0.06227,0.46417,1.2600799999999999,0.0,0.13031,0.02187,0.00404,0.0,4e-05,0.0,0.00906,0.0,0.04439,0.00518,0.11899,0.02271,0.00308,0.0,0.0,0.00665,0.0,0.0,0.0,0.0,0.10758000000000001,0.23653,0.80718,0.0,0.0,0.20405,0.08004,0.0,0.11188,0.0,0.05913,0.39094,0.05237,0.0,0.02741,0.0,0.0,0.014610000000000001,0.0,0.0,0.00313,0.0,0.0,0.00291,0.05237,0.0,0.00027,0.0,0.0,0.0,0.08432,0.01565,0.00389,9e-05,0.12499,0.00222,0.0,0.0,0.0,0.0,0.00597,0.0,5.60452,0.00072,0.0013,0.0,0.0,0.0,0.43695,0.0,0.0062,0.0,0.82792,0.06817,0.0,1.62278,0.0,0.43125,0.0,0.0,0.0,0.02205,0.0,0.0,0.10314,0.0,0.00337,0.0,0.07069,0.00178,0.0,5.14409,0.0,0.0,0.0,0.0,0.0,0.0,0.0,0.0,0.0,0.25649,0.0,0.0,0.0,0.0,0.0,0.0,0.0,0.0,0.0,0.00018,0.02679,0.0,0.0,0.0,0.0,0.0,0.0,0.0,0.01303,0.0,0.0,0.0,0.07472,0.0,0.0,0.00019,0.0,0.00403,0.0,0.0,0.0,0.0,0.0,0.0,0.0011,0.0,0.0,0.0,0.0,0.0,0.0176,0.0,0.0,0.0,0.00642,0.0,0.0233,0.0,0.0,0.0,0.0,0.0,0.0,0.0,0.0,0.0,0.0,0.0,0.0
CRR1090939,1,0.0,0.0,1.00932,2.92068,0.01572,0.90929,2.36539,0.0,0.0,1.29896,0.0,0.0,0.0,0.14038,12.486440000000002,0.0,1.03209,0.0,11.33868,0.0,0.0,9.12901,0.00196,0.0,0.0,0.7005499999999999,0.0,0.00262,4.54301,0.0,0.0,0.39675,0.13943,0.01039,0.0,0.01852,1.4141,0.02008,0.0,0.0,0.0,0.94637,0.0,0.0,0.38331,6.34215,0.48492,0.0,0.03517,4.55921,0.13482,0.0,4.554930000000001,4.22577,0.0,3.94344,0.03748,1.53696,0.0,0.03852,5.33914,3.4594400000000003,0.0,0.00994,0.03814,0.0,0.0,0.0,0.0,0.0,0.0,0.0,0.02018,0.0,0.0,0.0,0.0,0.00493,0.0,0.0,0.0,0.0,0.0,0.0,0.03022,0.01555,0.0,0.0,0.0,0.0,0.01182,0.00857,0.0,0.0,0.0,0.0,0.12885,0.0,0.0,0.0,0.08212,0.0,0.0,0.0,0.0,0.21534,0.0,0.03305,0.0,0.0,0.0,0.0,0.0,0.0,0.0,0.0,0.0,0.0,0.03636,0.0,0.0,0.0,0.0,0.0,0.0,0.0,0.0,0.0,0.66714,0.0,0.0,0.0,0.0,0.0,0.0,0.0,0.0,0.0,0.0,0.0,0.0,0.0,0.02705,0.0,0.0,0.0,0.0,0.0,0.0,0.0,0.0,0.04976,0.0,0.0,0.0,0.0,0.0,0.0,0.0,0.0,0.01549,0.0,0.0,0.0,0.0,0.0,0.00417,0.0,0.0,0.0,0.0,0.0,0.0,0.06594,0.0,0.0,0.0,0.0,0.0,0.0,0.0,0.13535,0.0,0.00911,0.0,0.0,0.0,0.0,0.0,0.0,0.0,0.0,0.0,0.0,0.0,0.0,0.0,0.0,0.0,0.0,0.0,0.0,0.0,0.0,0.0,0.0,0.0,0.0,0.00943,0.0,0.0,0.0,0.0,0.0,0.0,0.0,0.0,0.0,0.0,0.0,0.0,0.0,0.0,0.0,0.0,0.0,0.0,0.0,0.0,0.0,0.01904,0.00383,4.03793,0.0,0.0,0.0
CRR1090940,1,0.0,7.0497000000000005,0.77751,2.4183399999999997,0.03959,1.98795,1.03207,0.4768,0.52166,0.0,0.13281,0.11206,1.06271,0.67511,3.019529999999999,0.0,1.66073,0.05526,2.1755,0.0,0.0,0.46946,0.04601,0.27561,0.0,0.069,0.0,0.0,0.8731599999999999,0.01569,0.03161,0.9749,1.42368,0.0,0.0,0.04631,5.63368,0.01672,1.04836,0.86025,0.83993,0.35057,0.0,0.0,0.18772,5.47267,3.62507,0.018529999999999998,0.00173,4.34738,0.0,0.0,0.72663,0.29003,0.0,0.7319599999999999,0.20027,2.02007,0.0,0.02756,0.74497,2.17786,0.00635,0.0,0.01146,0.0,0.0,0.0035,0.032,0.0,3.63818,0.12527,0.65254,0.0,0.0,0.4681,0.0,0.0,0.0,0.0,0.00052,0.0,0.0,0.00988,0.0006,0.2104,0.01561,0.0,0.0,0.0,0.0094,0.0,1.12932,0.0,0.09589,0.00807,0.0,0.00044,0.0,0.0,0.07695,0.00293,0.0,0.0,0.04427,0.23322,0.34726,0.00907,0.0,0.00811,0.0,0.29793,0.02732,0.0,0.0,0.0,0.0,0.0,0.02022,0.00219,0.0,0.0,0.0,0.02812,0.0,0.02986,0.00175,0.0,0.0,0.020679999999999997,0.0039,0.0,0.67261,0.0,0.0,0.0,0.0,0.9034,0.0,0.0,0.0,0.0,0.0,0.0,0.0,0.0,0.07049,0.0,0.16876,0.0,0.56018,0.0,0.0,0.05048,0.0,0.00686,0.0165,0.01519,0.0,0.0,0.00813,0.0,0.0,0.09259,0.0,0.0,0.0,0.0,0.0,0.00555,0.0,0.0,0.0,0.00605,0.0,3.50112,0.01287,0.0,0.28042,1.21356,0.00478,0.0,0.0,0.01383,0.0,0.0,0.0,0.00077,0.0,0.0,0.0,0.41273,0.0,0.15461,0.0,0.01224,0.00407,0.0,0.0,0.04929,0.0,0.0,0.0,0.0,0.0,0.0,0.0,0.00014,0.0,0.0,0.0,0.0,0.0,0.0,0.05786,0.0,1.46997,0.0,0.0,0.0,0.0,0.0,0.05973,0.0,0.0567,0.0,0.196,0.0,0.0,0.0,0.01469,0.0,0.0,0.0,0.0,0.04621
CRR1090941,0,0.0,0.0,0.39718,1.54257,0.0,7.91011,11.84274,1.04589,0.0,0.10216,0.0,3.4871,0.0,0.0,3.5127,0.0,0.0,0.0,1.29058,0.0,0.0,0.0,0.0,0.0,0.0,0.0,0.08854,0.0,0.0,0.0,0.0,0.0,0.7479100000000001,2.35511,0.0,1.06908,0.0,10.62817,0.0,0.0,0.0,0.0,0.0,0.05529,0.77438,37.21639,0.0,0.0,0.0393,0.0,0.0,0.0,0.06867,0.0,0.0,0.0,0.0,2.45122,0.00558,0.12269,0.0,0.0,0.0,0.0,0.00649,0.0,0.03215,0.0,0.0,0.0,0.0,0.0,0.0,0.88623,0.0,0.0,0.0,0.0,0.0,0.0,0.0,0.0,0.0,0.11607,0.0056099999999999995,0.0,0.1542,0.0,0.00274,0.03323,0.07145,0.00331,0.0,0.0,0.0,0.0,0.0,0.0,0.0,0.0,1.30939,0.0,0.0,0.6142,0.0,0.0,0.0,0.0,0.0,0.0,0.0,0.0,0.0,0.0,0.0,0.01786,0.0,0.0,0.0,0.0,0.0,0.0,0.0,0.0,0.0,0.0,0.00429,0.0,0.00046,0.0,0.0,0.0,0.0,0.0,0.12527,0.0,0.0,0.0,0.0616,0.0,0.0,0.0,0.03582,0.0,0.0,0.0,0.0,0.0,0.09811,0.0,0.0,0.0,0.0,0.0,0.0,0.10127,0.0,0.0,0.0,0.0,0.0007,0.0,0.0,0.0,0.067,0.0,0.0,0.0,0.0,0.0,0.0,0.0,0.09151,0.027389999999999998,0.0,0.0,0.0,0.0,0.0,0.0,0.0,0.0,0.0,0.0,0.0,0.0,0.0,0.0,0.0,0.0,0.0,0.0,0.0,0.0,0.0,0.0,0.0,0.0,0.0,0.0,0.02053,0.0,0.0,0.0,0.0,9e-05,0.0,0.0,0.0,0.0,0.0,0.0,0.0,0.0,0.0,0.0,0.0,0.0,0.0,7.05783,0.0,0.00349,0.0,0.0,0.0,0.0,0.0,0.0,0.0,0.0,0.0,0.0,0.0,0.14259,0.0,0.0
CRR1090944,0,0.0,10.15643,0.3167,10.741079999999998,0.0,5.663200000000001,5.44403,7.3242,0.0,0.00592,0.0,0.00167,0.00511,3.1123199999999995,2.36317,0.04332,1.23536,0.0,6.04868,0.0,0.0,0.29335,0.00197,0.0,0.00576,1.0606099999999998,0.0,0.17376,0.24892,0.0,0.01559,0.36536,1.29919,0.0,0.0,0.01326,2.94271,0.0,0.49464,0.02057,0.0,0.01136,0.0,0.0,0.35893,0.33635000000000004,10.481179999999998,0.0,0.00186,0.0,0.04353,0.00051,3.7554199999999995,0.2316,0.0,0.00471,0.061259999999999995,0.05928,0.0,0.01086,1.90572,0.26399,0.0,0.0,0.0,0.0,0.0,0.0,0.0,0.02082,0.10197,0.00935,0.26654,0.00092,0.0,0.0086,0.00208,0.0,0.0,0.0,0.0,0.0,0.0,0.0,0.00036,1.9298700000000002,0.0,0.0,0.0,0.0,0.00841,0.0,0.24356,0.0,0.0,0.0058,0.0,0.00267,0.0,0.06304,0.0,0.00227,0.0,0.0,0.0,0.23194,0.04736,0.01006,0.0,0.0,0.00613,0.0,0.07473,0.0,0.0,0.0,0.0,0.0,0.28344,0.0,0.02523,0.0,0.0,0.00953,0.0,0.0,0.0,0.0,0.19614,0.0,0.0,0.050289999999999994,0.0,0.0,0.0,0.0,0.0,0.0,0.0,0.0,0.0,0.0,0.00074,0.0,0.0,0.0,0.77036,0.77209,0.0,0.0,1.70191,0.0,0.0,0.0,0.0,0.0,0.0,0.0,0.0,0.0,0.00176,0.0,0.0,0.0,0.0,0.0,0.11119,0.0,0.0,0.0,0.0,0.0,0.0,0.0,8.89411,0.0,0.37103,0.0,0.0,0.06126,0.09077,0.0,0.0,0.00167,0.0,0.0,0.00257,0.0,0.0,0.0,0.0,0.0,0.15127,0.0,0.0,0.0,0.0,0.0,0.0,0.0,0.0,0.0,0.0,0.0,0.0,0.0,0.0,0.0,0.0,0.0,0.0,0.0,0.001,0.0,0.0,0.10543,0.0,0.0,0.0,0.0,0.0,0.0,0.0,0.0,0.0,0.03502,0.0,0.0,0.0,0.0,0.0,0.0,0.0,0.0,0.0,0.0
CRR1090946,1,0.00425,4.860639999999999,1.2708400000000002,5.9718800000000005,3.0865,12.807789999999995,0.27767,0.69735,0.21034,0.0719,0.01487,0.22956,0.29054,1.5082600000000002,3.0144100000000003,0.33776,2.15565,0.050140000000000004,0.7629,0.0,0.0,3.03194,0.09135,0.44523999999999997,0.08994,0.43602,0.02565,0.0462,0.73113,0.043699999999999996,0.030690000000000002,5.58594,0.17077,0.018279999999999998,0.00478,0.06797,1.3043,3.26508,0.20905,0.06791,0.17311,0.05578,0.35366,0.00664,0.18969,1.8405999999999998,1.06147,0.00444,0.01862,0.0,0.0,0.0,0.33147000000000004,0.0839,0.00019,0.27502,0.23106000000000002,0.49268999999999996,0.01467,0.0129,5.26314,0.92537,0.0,0.00106,0.0,0.00563,0.0098,0.0,0.0,0.0,3.72421,0.03918,0.0661,0.038270000000000005,0.0,0.0591,0.11691,0.0046,0.0,0.0,0.00083,0.0028,0.05895,0.06595,0.0,0.32532000000000005,0.09918,0.01189,0.0,0.0,0.00985,0.00239,0.0,2.06424,0.1268,0.058480000000000004,0.0,0.08153,0.0,0.0,0.17342,0.00798,0.0,4.16603,0.25686,0.0,0.01957,0.01414,0.00153,0.02582,0.07416,0.08069,0.04692,0.0043,0.0,0.0,0.00152,0.0,0.0,0.00302,0.03035,0.0,0.0,0.0,0.0,0.0045,0.01156,0.0001,0.00045,0.04454,0.00893,0.00801,0.0815,0.0,0.0,0.00039,0.0,0.37391,0.00106,0.0041,0.0,0.0,0.0,0.0,0.0,0.04656,0.0,0.15231,0.07174,0.0,1.53248,0.07403,0.0,0.0,0.78197,0.0,0.01282,0.00162,0.10028,0.0,0.0,0.01679,0.01663,0.06507,0.0,0.04354,0.88878,0.0,0.01745,0.0,0.0,0.0,0.00303,0.00272,0.0,0.0,0.59403,0.61271,0.76526,0.5686899999999999,0.0,0.0,1.75531,0.0,0.0,0.0,0.0,0.0,0.0,0.47472,0.00011,0.0,0.01772,0.22112,0.0,0.00278,0.06923,0.02989,0.0,0.0,0.0,0.00488,0.01506,0.00529,0.0,0.0,0.03646,0.0,0.0,0.0,0.0,0.0,0.0,0.0,0.0,0.0,1.80799,0.0,0.0,0.0,0.0,0.0,0.05336,0.00671,0.00543,0.0,0.0,0.0,0.0,0.0,0.00012,0.0,0.0,0.0,0.0,0.0
CRR1090947,1,0.00424,0.92189,0.56365,4.08496,2.3344,16.55508,0.0,0.03727,0.02756,0.24656,0.27616,0.35514,0.187,6.531039999999999,6.545669999999999,0.33595,3.22116,0.0,3.75291,0.00107,0.0,2.0477700000000003,0.02954,0.0,0.32942,0.10154,0.01792,0.0899,0.90807,0.07019,0.0,3.68057,0.15183000000000002,0.20603,0.0,0.22039,1.45889,0.0967,0.0,0.0,0.0,0.06826,0.0,0.02024,0.29951,19.15888,0.27222999999999997,0.00036,0.04281,0.0,0.0,0.28147,3.73711,3.55848,0.02471,0.14769000000000002,0.01476,0.2699,0.0,0.07988,2.62574,3.10179,0.0,0.02044,0.0,0.0,0.01356,0.02345,0.0,0.0,0.05887,0.22302,0.0,0.08095000000000001,0.0,0.10919,0.16775,0.00026,0.0,0.0045,0.0,0.0,0.0,0.0755,0.01975,0.04636,0.7886599999999999,0.0,0.00254,0.00843,0.01967,0.01263,0.0,0.0,0.0,0.04875,0.0,0.04101,0.0,0.0,0.0,0.00524,0.0,0.0,0.0,0.0,0.0,0.05582,0.0,0.0,0.0,0.0,0.00413,0.28414,0.00782,0.03587,0.10493,0.0,0.0,0.00079,0.0,0.0,0.0,0.0,0.0,0.01417,0.01782,0.0,0.0,0.00686,0.00093,0.0,0.0,0.0,0.0,0.0,0.0,0.0,0.00904,0.0,0.0,0.0,0.0,0.10576,0.0,0.0,0.0,0.53335,0.0553,0.0,0.0,0.04858,0.0,0.0,0.0,0.0,0.0,0.00532,0.0,0.0,0.00896,0.0083,0.0,0.0,0.0,0.0,0.07496,0.00532,0.0,0.00097,0.0,0.0,0.00355,0.03018,0.0,0.0,0.3855,0.0,0.0,0.0,0.0,0.0,3.41883,0.0,0.0,0.0,0.0,0.0,0.0,0.0,0.0,0.0,0.0,0.0,0.0,0.0283,0.0,0.0,0.0,0.0,0.0,0.01239,0.0,0.0,0.00052,0.00048,0.0,0.0,0.00023,0.0,0.0,0.0,0.0,0.0,0.0,0.0,0.0,0.808,0.0,0.0,0.0,0.0,0.0,0.0,0.0,0.0,0.0,0.0,0.0,0.0,0.00658,0.0,0.0,0.0,0.0,0.0
CRR1090949,1,0.0,0.0,0.4437,5.21168,0.00295,7.21304,0.0,0.0,0.17396,0.0,0.0,3.26147,0.0,1.87757,2.75459,0.47396,1.3818199999999998,0.0,1.5134599999999998,0.08009,0.0,1.11781,0.02503,0.0,0.0,0.3107,0.0,0.52922,0.33959,0.26381,0.0,0.0,0.01299,0.7527699999999999,0.0,0.05444,0.13793,0.57523,0.07842,0.0,0.0,0.00265,0.26328,0.0,0.00378,15.21158,0.08049,0.00209,0.04562,0.0,0.0,0.79069,0.00839,0.02906,0.02098,0.17475,0.00255,0.1331,0.0,0.0548,0.66459,0.17232,0.0,0.00838,0.10840999999999999,0.0,0.0,0.02028,0.0,0.0,0.00041,0.35434,0.0,0.6028899999999999,0.0,0.01755,0.10876,0.0,0.0,0.0,0.0,0.0,0.0,0.22532,0.0,0.15850999999999998,0.19045,0.0,0.0,0.0,0.0,0.0,0.0,0.0,0.0,0.03978,0.0,0.0,0.0,0.0,0.0,0.0,0.0,0.0,0.0,0.0,0.0,0.0,0.0,0.16667,0.0,0.0,0.06754,0.51755,0.0,0.0,0.0,0.0,0.0,0.0,0.0,0.0,0.01146,0.0,0.0,0.0,0.10599,0.0,0.0,0.0,0.00129,0.0,0.0,0.0,0.0,0.0,0.0,0.0,0.0,0.00141,0.0,0.0,0.0,0.0,0.0,0.00225,0.0,49.46979,0.12821,0.0,0.0,0.0,0.0,0.0,0.0,0.0,0.0,0.0,0.0,0.0,0.0,0.0,0.0,0.0,0.0,0.00946,0.0,0.0,0.0,0.0,0.0,0.0,0.0,0.00284,0.0,0.0,0.0,0.0,0.0,0.0,0.0,0.0,0.0,0.0,0.0,0.0,0.0,0.0,0.0,0.0,0.0,0.0,0.0,0.0,0.0,0.13071,0.0,0.0,0.0,0.0,0.0,0.0,0.0,0.0,0.00474,0.0,0.0,0.0,0.0,0.00054,0.0,0.0,0.00173,0.0,0.0,0.0,0.0,0.02541,0.0,0.0,0.0,0.0,0.0,0.0,0.0,0.0,0.0,0.0,0.0,0.0,0.0,0.0,0.0,0.0,0.0,0.0
CRR1090950,1,0.0,9.9622,0.67974,0.51468,2.11798,7.276510000000001,1.03115,0.52232,1.44207,0.0,0.13486,0.26156,0.21107,3.61059,1.9657299999999998,0.0,4.44529,0.40281,1.47958,0.00011,0.0,1.64479,0.03965,0.64057,0.72912,0.29444000000000004,0.0,0.00959,1.67614,0.12602,0.0,0.07049,0.40265000000000006,0.0,0.0,0.02709,1.8036699999999999,0.10436,0.0,0.0,0.0,0.5525,0.40475,0.0,0.17562,0.24279,1.06919,0.31681,0.11628,0.65615,0.0,0.0,0.6474,0.02739,0.0,0.12218000000000001,0.1977,0.31906999999999996,0.0,0.00087,0.53561,0.07244,0.0,0.0,0.05367,0.0,0.0,0.0,0.0,0.0,10.604610000000001,0.00116,1.50902,0.25635,0.0,0.31506,0.29885,0.0,0.0,0.0,0.0,0.0,0.0,0.06382,0.0,0.07977000000000001,0.01858,0.35873,0.0,0.01235,0.01,0.00747,0.0,1.97538,0.0,0.0234,0.76658,0.53193,0.0,3.45205,0.20113,0.0,0.17709,2.22884,0.0,0.0,0.12133,0.02546,0.0305,0.03514,0.0,0.0,0.03827,0.0,0.0,0.03576,0.0,0.0,0.0,0.03201,0.0,0.0,0.00436,0.0,0.0,0.0,0.0232,0.00193,0.0050100000000000006,0.04593,0.0,0.00579,0.0,0.0,0.05913,0.0,0.0,0.97359,0.0,0.0,0.0,0.0,0.00254,0.0,0.01409,0.0,0.0,0.0,0.08432,0.0,0.0,0.0,0.0,0.0,0.0,0.0,0.04125,0.04238,0.0,0.0,0.0,0.00704,0.0,0.24706,0.0,0.0,0.0,0.0,0.0,0.0485,0.02902,0.0,0.00125,0.01494,0.0,0.0,0.1846,0.0,0.14772,0.0,0.0,0.00199,4.51374,0.01266,0.0,0.0,0.0,0.0,0.0,0.0,0.0,0.09001,0.0,0.0,0.0,0.0,0.0,0.0,0.0,0.0,0.0092,0.07576,0.0074,0.0,0.0,0.0,0.0,0.0,0.0,0.0,0.0,0.0,0.0,0.0,0.0,0.0,0.0,0.0,0.0,0.0,0.0,0.00722,0.02778,0.0,0.0,0.0,0.24799,0.0,0.0,0.0,0.0,0.0,0.27199,0.0,0.0,0.0
CRR1090956,1,0.00352,0.39259999999999995,0.32418,0.91196,0.02235,0.19104,0.02165,0.00957,0.16375,0.0288,0.02751,0.01527,0.23493,0.68024,0.24614,0.0765,0.08668000000000001,0.02456,3.53464,0.0,0.05022,0.29913,0.0,0.01804,0.00042,0.5210100000000001,2.17316,0.0,0.13308999999999999,0.0,0.0,0.06696,2.21228,0.0,0.0,0.06178,0.61649,0.57927,0.0175,0.0,1.09874,0.00098,0.0,0.17407,0.16791,0.01111,4.46685,0.00394,0.0,6.89741,0.0,0.0,0.70033,0.022,0.0,0.13489,0.4902,0.01505,0.0,0.0,0.00732,0.03993,0.0,0.0,0.00402,0.0,0.16194,0.0,0.0,0.0,1.306,0.00297,0.02646,0.04913,0.0,0.12929,0.0,0.00106,0.0,0.0,0.0,0.0,2.97278,0.0,0.0,0.011009999999999999,0.00269,0.0,0.0,0.0,0.0,0.00309,0.0,0.0,0.02263,0.0,0.04296,0.01496,0.17177,0.09849,0.00272,0.0,0.89262,1.89323,0.0151,0.01067,0.49615,0.00686,0.0,0.0,0.03505,0.10263,0.02621,0.0,0.0,0.0,0.0,0.01008,0.01616,0.0401,0.00564,0.0,0.0,0.0,0.0,0.0,0.0,0.0,2.49177,0.0,0.01782,0.02667,0.00779,0.0,8.47988,0.0,0.0,0.0,0.0,0.0,0.0,0.0,0.00684,0.0,0.0,0.0,0.0,0.0,0.0,0.0,0.00575,0.0,0.10896,0.3033,0.0595,0.0,0.01412,0.0,0.01095,0.0,0.0,0.0,0.0,0.0,0.0,0.0,0.03721,0.0,0.0,0.23913,0.0,0.0,0.0,0.00689,0.0,0.0,0.0,0.27978,0.07693,0.03909,0.0,0.06035,1.21969,0.01074,0.00336,0.0,0.00385,0.0,0.12689,0.0,0.12985,0.07699,0.0,0.0,0.00194,0.0,0.0,0.0,0.02779,0.0027,0.0,0.0,0.0,0.0,0.0,0.0,0.0,0.00444,0.0,0.0,0.0,0.0,0.0,0.0,0.22283,0.00597,0.78235,0.0,0.0,0.0,0.0,0.45664,0.0,0.0,0.0,0.0,0.0,0.00956,0.0,0.0933,0.0,0.0,0.0,0.0,0.0,0.08671
CRR1090958,1,0.0,1.0276,1.3300199999999998,11.46823,0.0,6.68911,0.25528,0.51039,0.02309,0.02339,0.00924,0.07839,0.20958,0.41139,2.09211,0.0,0.78289,0.11327999999999999,0.75387,0.0,0.0,0.8127500000000002,0.00083,0.10139999999999999,0.09133,1.35995,0.0,0.00068,0.70841,0.0,0.0,0.97074,0.04253,0.07757,0.0,0.02744,0.15127,3.98599,0.40846,0.00912,0.00145,1.14324,0.0,0.0,0.85026,0.37656,1.18495,0.0,0.00369,0.0,0.0,0.0,0.43237000000000003,1.14987,0.0,0.01916,0.02489,0.20737999999999998,0.00164,0.01066,0.23267,1.76623,0.0,0.00131,0.52653,0.00302,0.0,0.01872,0.00374,0.01367,0.49402,0.01499,0.1276,0.0,0.0,0.04709,0.29704,0.0,0.0,0.0,0.0,0.00039,0.0,0.00302,0.046490000000000004,0.42793000000000003,0.01326,0.05224,0.0,0.0,0.00346,0.00653,0.85046,0.0,0.01444,0.02308,0.0,0.00296,0.0,0.02999,0.08012,0.17527,0.0,1.44874,0.0,0.20305,0.00289,0.03675,0.00819,0.01635,0.0,0.02632,0.03527,0.0027,0.0,0.0,0.0,0.0,0.00293,0.0,0.0,0.00385,0.0,0.06526,0.01922,0.0,0.00036,0.00178,0.21749000000000002,0.0,0.00164,0.02754,0.02656,0.0,1.07421,0.0,0.0,0.03114,0.0008,0.00421,0.0,0.0,0.0,0.0,0.00398,0.0,0.00483,0.0,0.03294,0.0,1.94342,0.0,0.0,0.00389,0.01911,0.02166,0.0,0.0,0.01465,0.41285,0.0,0.0,0.02129,0.0,0.0,0.0,0.12,0.0,0.0,0.0,0.05259,0.0,0.0,0.00058,0.0,0.30749,0.51535,0.43094,3.51245,0.01689,0.0,0.00156,12.12662,0.0,0.0,0.0,0.00337,0.00597,0.14628,0.0,0.25614,0.0,0.10512,0.0,0.0,0.00959,0.0,0.03588,0.02054,0.01313,0.52823,0.0007,0.0,0.11635,0.0,0.0,0.4512,0.0,0.0,0.0,0.0,0.0,0.0,0.0,0.0,0.00087,1.55439,0.03221,0.04447,0.0,0.0,0.057039999999999993,0.06063,0.0,0.0,0.0,0.16397,0.0,0.0,0.00727,0.00283,0.0,0.0,0.0,0.0,0.0
CRR1090960,0,0.0,2.72005,0.72588,3.62444,0.0,3.86332,0.0,3.14645,0.08755,0.60318,0.70306,1.78729,0.0,3.50787,3.6450700000000005,0.58241,1.73013,0.20742,2.12487,0.09193,0.00473,2.82798,0.03625,0.0,0.71031,0.41442,0.0,0.65077,0.0,0.14306,0.15612,0.0,0.6147,1.2818,0.34705,0.04408,0.0,0.10589,0.11706,0.0,0.0,0.00439,0.0,0.0,0.41974,37.37101,0.00079,0.0,0.0,0.0,0.0,0.109,0.01091,0.0,0.001,0.34063,0.53528,0.00698,0.0,0.03022,1.54221,0.0,0.0,0.0,0.01192,0.0,0.0,0.1997,0.0,0.0,0.001,0.59268,0.0,1.13637,0.02183,0.49638,0.01386,0.0,0.0,0.0,0.0,0.1352,0.0,0.77471,0.00057,0.01734,0.0,0.00254,0.0,0.0,0.0001,0.0,0.0,0.0,0.0,0.00916,0.0,0.52765,0.0,0.0,0.0,0.01743,0.09487,0.16065999999999997,0.82052,0.0,0.85578,0.0,0.0,0.11128,0.01089,0.0,0.15506,0.21784,0.00107,0.24372,0.0,0.0,0.01327,0.03094,0.0,0.0,0.0,0.0,0.0,0.04899,0.31387,0.0,0.01671,0.25755,0.05923,0.0,0.0,0.03864,0.01604,0.1847,0.0,0.0,0.0,0.02581,0.0,0.0,0.03204,0.0,0.0,0.0,0.0,0.0,0.04972,0.0,0.0,0.0,0.0,0.02444,0.0,0.0,0.17723,0.02287,0.0,0.0,0.0,0.0,0.0,0.07519,0.00608,0.0,0.0,0.0,0.15701,0.0,0.00475,0.0,0.0,0.00997,0.0,0.0,11.39367,0.0,0.0,0.0,0.0,0.0,0.0,0.034,0.0,0.0,0.0,0.10518,0.0,0.0,0.0,0.0,0.0,0.0032,0.0,0.00691,0.0,0.0,0.0,0.0,0.0,0.04773,0.0,0.0,0.0,0.0,0.0,0.0,0.00101,0.10578,0.0,0.00827,0.02411,0.0,0.0,0.0,0.0,1.21791,0.0,0.0,0.0,0.00956,0.0,0.0,0.0,0.23531,0.0,0.0,0.0,0.0,0.0,0.0,0.0,0.00944,0.01505,0.0
CRR1090967,0,0.0,0.0,1.1493200000000001,4.95774,1.76024,9.25665,0.0,0.0,0.0,8.42258,0.0,0.0,0.0,1.97765,3.6889300000000005,0.0,1.04729,0.0,0.6973,0.0,0.0,5.03982,0.0,0.0,0.0,3.07693,0.0,0.03572,2.4575400000000003,0.0,0.0,0.0,3.6710299999999996,0.14211000000000001,0.0,0.10406,0.20251,0.8413,0.0,0.0,0.0,0.0,0.0,0.0,1.86665,7.14742,0.34147,0.0,0.02262,0.0,0.0,0.0,4.31107,1.35657,0.0,0.0,0.0,0.26562,0.0,0.16835,15.26088,3.00931,0.0,0.00388,0.02941,0.0,0.0,0.0,0.0,0.0,0.0,0.0,0.0,0.05081,0.0,0.0,0.0584,0.0,0.0,0.0,0.0,0.0,0.0,0.07485,0.03131,0.0,0.70856,0.0,0.00527,0.0,0.00598,0.00151,0.0,0.0,0.0,0.0,0.5657,0.0,0.0,0.0,0.0,0.0,0.0,7.3869,0.0,0.0,0.0,0.0,0.0,0.0,0.0,0.0,0.04897,0.0,0.0,0.0,0.0,0.0,0.0,0.06856,0.0,0.0,0.0,0.0,0.0,0.0,0.0,0.0,1.63866,0.0,0.0,0.0,0.0,0.0,0.47679,0.0,0.0,0.0,0.0,0.0,0.0,0.0,0.04873,0.0,0.0,0.0,0.0,0.0,0.057,0.0,0.0,0.0,0.00219,0.0,0.0,0.0,0.0,0.0,0.0,0.0,0.0,0.0,0.0,0.0,0.0,0.0,0.0,0.04398,0.0,0.01686,0.00519,0.0,0.01985,0.02175,0.0,0.0,0.0,0.0,0.0,0.0,0.0,0.0,0.0,0.03251,0.0,0.0,0.0,0.0,0.0,0.0,0.0,0.0,0.0,0.0,0.0,0.0,0.0,0.0,0.0,0.0,2.44362,0.0,0.0,0.0,0.0,0.00743,0.0,0.0,0.0,0.0,0.0,0.0,0.0,0.0,0.0,0.0,0.0,0.0,0.0,0.0,0.0,0.0,0.0,0.0,0.0,0.0,0.0,0.0,0.0,0.0,0.02028,0.0,0.0,0.0,0.0,0.0
CRR1090968,1,0.0,6.20922,1.48442,4.46903,0.1987,5.922970000000002,2.42525,0.40605,0.41176,1.81444,0.0004,0.01934,0.06867000000000001,2.18597,2.3761,0.0,0.7837200000000001,0.12905999999999998,9.15699,0.0,0.09032,0.5094299999999999,0.0,0.5412600000000001,0.01916,1.18334,0.0527,0.0,0.49766,0.0,0.0066,0.99441,0.6903199999999999,0.0,0.0,0.02498,0.50803,12.96546,0.16747,0.00847,0.65649,0.01316,0.0,0.35758,0.34595,0.01593,6.84516,0.0,0.00095,4.15849,0.05028,0.0,5.15157,0.02098,0.0,0.05242,0.061919999999999996,0.21103,0.0,0.01003,0.09813,0.72779,0.0,0.00231,0.04339,0.0,0.0,0.0,0.0,0.0,1.61867,0.05115,0.84445,0.0,0.0,0.0,0.0,0.0,0.0,0.0,0.0,0.00087,0.0,0.00613,0.0,1.45906,0.0,0.0,0.0,0.0,0.0,0.0,0.00211,0.62076,0.0,0.0,0.0,0.00652,0.0,0.0,0.248,0.0,0.06672,9.60853,0.05991,0.06532,0.02487,0.00164,0.0,0.0,0.0,0.0048,0.02221,0.0,0.0,0.0,0.0,0.0,0.0,0.02148,0.00952,0.0,0.0,0.0,0.00288,0.0,0.0,0.04425,0.053470000000000004,0.25209,0.00581,0.04139,0.0,0.0,0.0,0.0,0.0,0.0,0.0,0.0,0.0,0.0,0.0077399999999999995,0.0,0.0,0.0,0.07915,0.0,0.0,0.0,0.42468,0.0,0.0,0.12639,0.00524,0.0,0.0,0.0,0.03217,2.49883,0.0,0.0,0.00951,0.0,0.0,0.02057,0.27401,0.0,0.0,0.22297,0.0,0.0,0.0,0.00128,0.0,0.0,0.51985,0.02498,0.19897,0.11511,0.0,0.0,0.0,0.00079,0.0,0.01343,0.0,0.0,0.08383,0.33236,0.03041,0.0,0.10928,0.0,0.01564,0.0,0.0,0.0,0.0,0.0062,0.0,0.0,0.0,0.0,0.0,0.0,0.0,0.01285,0.0,0.0,0.0,0.0,0.0,0.0,0.0,0.0,0.0,0.0,0.0,0.0,0.0,0.0,0.0,0.0,0.00874,0.0,0.0,0.01503,0.0,0.0,0.0,0.0,0.0,0.0,0.0,0.0
