sample_id,label,s__Blautia_wexlerae,s__Holdemania_sp_1001095H_141210_F2,s__Clostridiales_bacterium,s__Mediterraneibacter_SGB48424,s__GGB3433_SGB4573,s__Prevotella_copri_clade_A,s__Bacteroides_finegoldii,s__Enterocloster_bolteae,s__Lacrimispora_saccharolytica,s__Holdemanella_biformis,s__Clostridium_sp_OM07_10AC,s__Bacteroides_cellulosilyticus,s__GGB9412_SGB14770,s__Ruminococcus_lactaris,s__Bifidobacterium_dentium,s__Bacteroides_ovatus,s__Clostridium_SGB6179,s__Streptococcus_vestibularis,s__Lachnoclostridium_sp_An138,s__Phascolarctobacterium_faecium,s__GGB9491_SGB14888,s__GGB3491_SGB4665,s__Blautia_hydrogenotrophica,s__Streptococcus_mutans,s__Streptococcus_anginosus,s__Phocaeicola_dorei,s__GGB9524_SGB14924,s__Ellagibacter_isourolithinifaciens,s__Alistipes_indistinctus,s__Alistipes_finegoldii,s__Enterocloster_aldenensis,s__Flavonifractor_plautii,s__Enterocloster_citroniae,s__GGB9715_SGB15265,s__GGB3653_SGB4964,s__GGB2653_SGB3574,s__Clostridium_butyricum,s__GGB9627_SGB15081,s__Streptococcus_parasanguinis,s__Blautia_sp_MSK_20_85,s__GGB4604_SGB6370,s__Faecalitalea_cylindroides,s__GGB9765_SGB15382,s__Gordonibacter_urolithinfaciens,s__GGB9189_SGB14128,s__GGB9291_SGB14248,s__GGB33512_SGB15201,s__Neglectibacter_timonensis,s__GGB4566_SGB6305,s__GGB3538_SGB4728,s__GGB4569_SGB6310,s__Bacteroides_thetaiotaomicron,s__GGB33586_SGB53517,s__Intestinibacter_bartlettii,s__GGB4659_SGB6447,s__Senegalimassilia_SGB14826,s__GGB9636_SGB15108,s__Clostridium_SGB6173,s__GGB9240_SGB14182,s__GGB9635_SGB15103,s__Ruminococcus_sp_NSJ_13,s__Veillonella_dispar,s__Barnesiella_intestinihominis,s__Leuconostoc_mesenteroides,s__Escherichia_coli,s__Candidatus_Geddesella_stercoravicola,s__GGB3256_SGB4303,s__Clostridium_sp_AF34_10BH,s__Anaerotruncus_massiliensis,s__GGB3677_SGB4990,s__GGB9590_SGB15012,s__Anaerobutyricum_soehngenii,s__Clostridium_sp_AM49_4BH,s__Faecalibacillus_intestinalis,s__Alistipes_onderdonkii,s__GGB4689_SGB6487,s__Clostridium_SGB4909,s__Gemmiger_formicilis,s__GGB9712_SGB15244,s__Clostridium_sp_AT4,s__Clostridia_bacterium_UC5_1_1D1,s__GGB36267_SGB14177,s__Eubacterium_sp_AF16_48,s__GGB2652_SGB3573,s__Roseburia_sp_AF02_12,s__GGB9719_SGB53514,s__GGB9634_SGB15095,s__GGB4604_SGB6371,s__Erysipelatoclostridium_ramosum,s__Bifidobacterium_catenulatum,s__GGB9758_SGB15368,s__Blautia_sp_Marseille_P3087,s__Eubacterium_ramulus,s__Oscillospiraceae_bacterium_Marseille_Q3528,s__Sutterella_wadsworthensis,s__Dysosmobacter_welbionis,s__Ruminococcus_sp_BSD2780120874_150323_B10,s__GGB2982_SGB3964,s__Holdemanella_porci,s__Alistipes_putredinis,s__Negativibacillus_massiliensis,s__GGB52130_SGB14966,s__GGB9502_SGB14899,s__Lachnospira_sp_NSJ_43,s__GGB47687_SGB2286,s__Faecalibacterium_SGB15346,s__Anaerotignum_faecicola,s__Lachnospiraceae_bacterium_AM48_27BH,s__Mogibacterium_sp_BX12,s__GGB2848_SGB3813,s__Alistipes_ihumii,s__Vescimonas_coprocola,s__Faecalibacterium_prausnitzii,s__Dorea_sp_AF24_7LB,s__GGB38744_SGB14842,s__Dialister_invisus,s__Coprococcus_comes,s__GGB9770_SGB15390,s__Mediterraneibacter_glycyrrhizinilyticus,s__Adlercreutzia_equolifaciens,s__Dorea_sp_AF36_15AT,s__Desulfovibrio_piger,s__Dorea_formicigenerans,s__GGB9534_SGB14937,s__Clostridiaceae_bacterium_Marseille_Q4145,s__Clostridiaceae_bacterium_AF18_31LB,s__Lachnospiraceae_bacterium,s__GGB2977_SGB3959,s__Alistipes_shahii,s__Holdemania_filiformis,s__Intestinimonas_butyriciproducens,s__GGB2983_SGB3965,s__GGB9715_SGB15267,s__Streptococcus_thermophilus,s__GGB9707_SGB15229,s__GGB51269_SGB5062,s__GGB9342_SGB14306,s__GGB9636_SGB15107,s__Bilophila_wadsworthia,s__Parabacteroides_distasonis,s__Butyrivibrio_crossotus,s__Bacteroides_xylanisolvens,s__Ruminococcus_torques,s__Eubacteriales_unclassified_SGB15145,s__Turicibacter_sanguinis,s__Bifidobacterium_longum,s__GGB9762_SGB15377,s__GGB34797_SGB14322,s__Streptococcus_salivarius,s__Monoglobus_pectinilyticus,s__Roseburia_hominis,s__GGB9345_SGB14311,s__Pseudoflavonifractor_capillosus,s__Clostridium_sp_AM33_3,s__Blautia_glucerasea,s__Eubacterium_sp_AF34_35BH,s__Eubacterium_ventriosum,s__Anaerostipes_hadrus,s__Butyricimonas_virosa,s__Hydrogenoanaerobacterium_saccharovorans,s__GGB3746_SGB5089,s__GGB9713_SGB15249,s__Mediterraneibacter_butyricigenes,s__Evtepia_gabavorous,s__GGB9237_SGB14179,s__Clostridiaceae_unclassified_SGB4771,s__Agathobaculum_butyriciproducens,s__Candidatus_Cibionibacter_quicibialis,s__GGB9667_SGB15164,s__Paraprevotella_clara,s__Clostridiales_Family_XIII_bacterium_BX16,s__GGB58158_SGB79798,s__GGB3619_SGB4894,s__Clostridium_sp_AF36_4,s__GGB9522_SGB14921,s__Collinsella_aerofaciens,s__Alistipes_sp_AF17_16,s__Lachnospira_eligens,s__Bacteroides_stercoris,s__Lachnospiraceae_bacterium_Marseille_Q4251,s__Dysosmobacter_sp_BX15,s__Blautia_schinkii,s__Coprococcus_SGB4669,s__GGB3005_SGB3996,s__GGB9581_SGB14999,s__Clostridiales_bacterium_UBA1390,s__GGB35068_SGB47850,s__GGB3730_SGB5060,s__Candidatus_Pseudobutyricicoccus_lothianensis,s__Blautia_massiliensis,s__Bifidobacterium_bifidum,s__Clostridiales_bacterium_KLE1615,s__GGB9619_SGB15066,s__Mediterraneibacter_massiliensis,s__GGB9186_SGB14125,s__Phocaeicola_massiliensis,s__GGB9618_SGB15064,s__Candidatus_Avimonas_narfia,s__Coprococcus_eutactus,s__Bacteroides_fragilis
ERR260139,1,7.786812467067636,1.72650915511862,-1.2584990284776152,-3.784226139453917,5.201572206335247,1.4771662149710227,-0.2076774903591329,-2.377313749633387,-2.174789560351817,-1.769324563354733,-2.685614961895684,4.30233630403807,4.1089088498440525,0.861764390389151,-0.4055032234909181,0.0498336938752744,-3.32469442410973,0.1075925260050362,-1.8996863502756487,-3.32469442410973,1.573144331065616,-2.2988421649966546,0.1443245340470462,-0.4026663423166766,-3.496544483668196,2.677761070584063,5.581605202143479,1.9856544754417371,-2.377313749633387,-2.685614961895684,-2.555561901398129,-2.9018379362657867,-2.191596673018483,-0.9172762276444036,2.4971039274640834,1.1247438465006834,-1.838317418968672,5.009965609654647,1.2815267977133868,5.942144612749828,-0.8574883147664454,-2.174789560351817,-1.769324563354733,-1.6740144037524238,-0.2456868145200138,-2.020638928143592,-2.7137858229893737,-0.86645698394483,6.06683423245098,-3.813432214691983e-05,1.6221963092341245,-1.644161446544512,-3.378761586900537,4.63218694882516,1.1247438465006834,1.2275179933598668,-0.0210915427140476,-1.4984496619500196,-3.561082921472541,0.5925769055159427,4.658744586624802,-3.050257831039315,-1.0706373141441383,-0.7597460383075617,-1.7582747296101495,-0.6931852770033065,0.916252574824736,5.430718608570129,-2.4189864286653124,-2.9732968491624,-1.0651276589402965,4.92529227720698,4.987219931894803,5.751090423172889,3.075736810774845,1.3819857293057276,-2.685614961895684,5.9388363870058685,-0.4112012442808806,0.0712248830939244,-3.435919935381083,-1.1274707824454782,3.290171218348501,-0.0076427334182151,-1.4328523902255712,-2.020638928143592,1.0632347631023114,-0.425589980904823,0.4690180623854435,5.720646113382017,0.1670159445135136,-2.685614961895684,5.247145377074936,1.9840931948829104,-4.189690414230484,-2.079479410850513,-1.8871075712333447,4.490766427872356,-0.6487335177262801,2.733443469254921,-1.0929846103390224,-2.531464361433464,-3.435919935381083,-0.1185316448169938,0.109291761700248,-0.2877201941476657,3.8352510398138175,-2.1582602638650856,2.448874878211412,-2.377313749633387,-1.2518544866419488,5.971590792618994,4.964209372909635,4.31203124679274,-3.2246110658032734,4.566162784554599,6.110992332082531,-3.1336393704132064,-4.659692543481095,3.5748153849740816,4.678509199852972,0.977946142923575,5.016212638709821,-2.377313749633387,-2.685614961895684,-0.6166452054631087,5.595250375633226,-2.6582160027225763,-0.965829448345637,-1.285527697212567,-3.091079792226264,-1.1392356226409337,0.2558952312617792,1.3843604632417237,-2.46247152169253,0.0869732395109173,-2.531464361433464,-1.1939605156733764,-2.9018379362657867,1.7278559566599292,-0.763802838674023,2.535340730940684,5.256865168747707,-2.555561901398129,-0.8938559556304422,5.257693914429263,-2.243782408029253,1.446435087529642,3.9738920553330286,-1.1877299666991377,4.082366708621949,5.569317848632593,-2.9732968491624,-3.496544483668196,4.448389594907397,5.062700694219527,4.331741271944017,7.413427396803007,-2.2086911005332497,-2.507933875097462,-0.5422866431734207,-2.125999412055396,1.3622972183690307,5.087604926107513,-2.261800907038427,-1.7917974141562876,0.853732218820919,3.1158312679080145,-2.0644415380088112,0.6701195095141571,5.208971795291841,-3.561082921472541,-2.4404926246355862,3.6230899053615486,-0.3970166100937531,5.637642270243416,-0.4945828482509878,0.0694596576316759,0.5130576227753323,4.319518507951227,-2.6315477698651586,0.0765019400091191,1.3382469796680154,3.5005931075925263,-2.377313749633387,-1.3564794231123305,-1.6841667731550116,2.357988798464825,2.23921979087735,6.480145811185218,5.450561246421938,5.602891010311923,-1.0706373141441383,-2.605572296957168,-2.2086911005332497,1.740560908480244,0.4340536818735439,1.4513272475656405,6.447663808448642,-0.5720409022876993
ERR260140,1,8.348459697298141,0.553081456630292,3.9004252498797336,2.9002063026893024,1.6630994239731662,1.4036994095177278,-0.2811442958124278,1.2994431511096958,-2.248256365805112,-1.842791368808028,-2.759081767348979,-1.6791619785691958,-1.8100015531534943,-0.5225182716609494,-0.4789700289442131,5.703326106037119,-3.398161229563025,0.0341257205517411,-1.973153155728944,-3.398161229563025,-1.5719164674033146,-2.372308970449949,-1.1664514157923174,-0.4761331477699715,0.7066535972564569,7.528928506260317,2.73671885045727,1.9121876699884424,-2.450780555086682,3.9977208596759377,1.6829151316687394,3.2655751929029093,-2.265063478471778,-0.9907430330976988,-1.8652642196095823,2.510206659122425,3.1673991613090204,-1.8539646669092749,4.479973110750676,3.4945327916942204,-0.9309551202197404,-2.248256365805112,-2.535938327145825,-1.7474812092057188,-0.3191536199733088,-2.0941057335968867,-2.7872526284426686,-0.9399237893981248,5.414853442401237,-0.0735049397754418,1.5487295037808295,5.746341885024284,-3.452228392353832,2.1114391193112367,1.0512770410473882,1.1540511879065718,-0.0945583481673425,-1.5719164674033146,-3.634549726925836,0.5191101000626477,3.176693319811441,-3.123724636492609,6.549412664529661,-0.8332128437608566,-1.831741535063445,-2.4924532341186074,0.842785769371441,4.240441518722959,-2.4924532341186074,-3.046763654615695,-1.1385944643935912,-1.1061591921475682,3.811567186261206,0.2586288845422985,3.5229767191410546,1.3085189238524326,-2.759081767348979,5.170824078851289,-0.4846680497341756,2.988007944780001,-3.509386740834378,-1.2009375878987731,-2.513959430088881,-0.0811095388715101,-0.8131720944839909,-2.0941057335968867,0.9897679576490164,-0.4990567863581179,3.4602921770457624,-1.212702428094229,0.0935491390602187,-2.759081767348979,-0.7222003231795749,-2.1837178655008675,2.6510745278830465,3.855345348651377,-1.96057437668664,2.456758824836009,-0.7222003231795749,5.363602185799054,-1.1664514157923174,3.9874603631467775,2.332962269441323,-0.1919984502702888,0.0358249562469531,-1.0543341296558593,4.115001263614606,-2.2317270693183806,2.769905752472487,-2.450780555086682,2.366203537059304,0.0358249562469531,5.687163707811785,-1.6152132656570153,-3.2980778712565684,7.082447080203094,5.4924656722580085,-3.2071061758665014,-4.7331593489343895,-2.450780555086682,4.651567209853455,0.90447933747028,5.628293206493014,-2.450780555086682,1.9805216310839708,2.534222504611848,3.7053328964061674,-2.7316828081758717,-1.039296253798932,2.591985611664231,0.6766954102436414,-1.212702428094229,0.1824284258084842,-1.5142873640582022,-2.535938327145825,0.0135064340576223,-2.604931166886759,-1.2674273211266711,3.014606188152062,5.879265990166757,-0.837269644127318,-2.0521415462395343,1.750861019251292,-2.6290287068514235,-0.9673227610837372,4.468055549003896,-2.317249213482548,1.3729682820763471,4.395489630723623,4.195185396456684,2.6097452844543976,-0.9813090017543562,-3.046763654615695,-3.5700112891214903,4.169727523226308,5.021754587532303,0.0626272297282015,6.546098421614784,-2.2821579059865447,2.6924328910988646,3.3541080951774016,-2.1994662175086908,-1.8539646669092749,3.65656004215268,-2.335267712491722,-1.8652642196095823,4.611078347591065,6.109588999121898,1.9413980479385409,5.778098663957474,-0.6354909301664342,-3.634549726925836,-2.513959430088881,6.3090734522795255,2.6528117165523666,4.996137469482337,-0.5680496537042827,4.76948836418385,0.4395908173220373,2.160087247911307,-2.7050145753184536,0.003035134555824,1.2647801742147209,-2.0941057335968867,-2.450780555086682,-1.4299462285656257,-1.7576335786083068,2.28452199301153,-2.3536168444259142,6.651333112680515,-1.0851057851660475,6.485444745328792,-1.1441041195974333,-2.6790391024104627,2.89223658416768,1.6670941030269488,0.360586876420249,-4.040014168368445,0.7135740399812988,5.372775131862204
ERR260144,1,6.160588970433337,-3.408153942230164,-1.894026682327487,-4.419753793303789,-2.1006409010893976,0.8416385611211511,1.4686607158584062,-3.0128414034832587,-2.810317214201689,5.652574321207696,-3.3211426157455555,-2.2412228269657724,-2.372062401550071,4.012605796293317,-1.0410308773407897,1.5906943911383031,-3.960222077959602,-0.5279351278448353,-2.5352140041255207,-3.960222077959602,-2.133977315799892,-2.934369818846526,-1.728512264188894,-1.038193996166548,-4.132072137518067,-0.3621901204318193,2.556436982122719,2.0432739995517077,-3.0128414034832587,1.3490862387770568,-3.1910895552480003,-3.5373655901156584,-2.827124326868354,2.530580268145377,2.570654498669706,-3.4706742601108385,-2.473845072818544,-2.416025515305852,-2.699969191858683,5.015526845395798,-1.493015968616317,-2.810317214201689,-3.0979991755424017,-2.309542057602296,1.2722917640898488,-2.656166581993463,-3.349313476839245,-1.5019846377947017,-2.600596746282664,-0.6355657881720186,1.6798158322044825,2.284045964135738,-4.014289240750409,6.01574663723105,3.4696412427498475,0.591990339509995,-0.6566191965639192,4.843351287702443,-4.1966105753224126,-0.0429507483339289,-2.299491723768996,1.8051329511599223,1.0269819188811509,-1.3952736921574334,-2.393802383460021,-3.054514082515184,4.637608542601842,3.5215401115303737,-3.054514082515184,-3.608824503012272,2.580427060778523,-1.668220040544145,5.250937957242984,3.3574085656857604,-3.1434615289473338,5.399262936031289,-3.3211426157455555,2.8418206951388973,-1.0467288981307523,-0.5643027707559473,-4.071447589230955,-1.76299843629535,-3.0760202784854576,1.1498605061334668,3.237054632299333,-2.656166581993463,0.4277071092524396,4.3098303651267855,-0.166509591464428,0.6333005606607683,5.489258460775465,-3.3211426157455555,4.441571023527677,1.0277000517614343,-4.825218068080356,-2.715007064700385,-2.5226352250832167,0.1618048774447368,-1.2842611715761516,4.215042973817783,-1.728512264188894,-3.166992015283336,1.8276424645019225,3.140932460271419,-0.5262358921496235,4.766206833449895,-0.9592414487944724,1.1643672252796315,-2.473845072818544,-3.0128414034832587,1.9552693626983253,1.3763022958621611,5.955229397442481,-0.5211554410892781,-3.860138719653145,6.462246167652671,5.510447049165772,-3.769167024263078,-5.295220197330966,1.244939631756095,3.2022559635991774,0.3424184890737033,2.820774754030638,-3.0128414034832587,1.6704225638499572,2.2746003087113857,5.255900486245939,-3.293743656572448,1.6798158322044825,0.04231390160912,-3.726607446076136,2.820535748293648,2.528821815133325,-2.0763482124547785,0.2052173696550732,-0.5485544143389541,3.650264820460511,3.932130605205597,-3.5373655901156584,2.068689306617707,-1.3993304925238943,-2.6142023946361106,4.7735913358000674,-3.1910895552480003,-1.5293836094803137,2.767397673137552,-2.8793100618791247,3.369630091313779,2.2369710663515696,-1.8232576205490088,3.416021474421816,3.225084137790928,-3.608824503012272,1.127373211139483,2.642578979886355,4.059978133632845,4.221629815134524,6.480367025153466,1.7379294945820851,-3.1434615289473338,2.44821895073553,3.624121956965934,0.8835494563818826,3.1700860530561923,0.5123175236433173,-2.427325068006159,2.5512875598134443,5.514980405373755,-2.699969191858683,3.082706927679303,1.8214945726452452,-4.1966105753224126,6.196959639668698,-0.620527911372833,2.7545859294467667,2.647990556742264,-0.4369633525968133,2.6985308336266924,0.7915505386802489,3.923124026451554,0.6063156531979471,0.1341214491753335,4.157403312928537,-2.656166581993463,-3.0128414034832587,-1.9920070769622025,-2.319694427004883,3.7624776846903214,-2.915677692822491,5.262836013897263,-1.6471666335626245,6.034528148424919,-1.70616496799401,-3.2410999508070395,-2.844218754383121,1.1050332546303725,-0.2014739719763277,-4.6020750167650215,5.776177800930067,-1.2075685561375709
ERR260147,0,3.817028820961612,-3.2413899417290635,-1.7272626818263856,-4.252989792802688,0.504899827843941,1.008402561622252,-0.6764411437079032,-2.8460774029821576,-2.643553213700588,-2.2380882167035034,-3.154378615244455,-2.0744588264646717,5.582690017149956,-0.2246679686700688,-0.8742668768396886,0.2742172030684315,-3.7934580774585,-0.3611711273437342,-2.36845000362442,-3.7934580774585,-1.96721331529879,-2.767605818345425,-1.5617482636877928,-0.871429995665447,-3.9653081370169656,5.016152269141343,4.570656489968687,1.516890822092967,-2.8460774029821576,3.5357036747760566,-3.0243255547468992,-3.3706015896145574,-2.660360326367253,-1.386039880993174,4.97706983728383,-3.3039102596097374,2.271060205633704,-2.24926151480475,-2.533205191357582,-1.4961509883762234,-1.3262519681152158,-2.643553213700588,-2.9312351750413006,-2.1427780571011943,-0.7144504678687843,-2.489402581492362,-3.182549476338144,4.262500285642415,3.2566177425407177,-0.4688017876709174,7.003356465623047,5.226854285254367,-3.847525240249308,-2.194603114220027,0.6559801931519127,0.7587543400110963,3.4758643651178227,2.5503288032274267,-4.029846574821312,0.1238132521671723,-2.1327277232678945,-3.519021484388085,3.6315850517558688,-1.228509691656332,8.175186198288005,0.6373576812851162,3.161280172696382,1.559147044810905,-2.887750082014083,-3.44206050251117,-1.5338913122890667,0.823223490680099,-3.646854746807154,4.76622876155968,3.064110275437115,0.9132220759569571,-0.381790413837853,3.080902636201344,0.8387116679629734,-0.3975387702548459,-3.9046835887298537,-1.5962344357942486,3.833111076714113,1.3172596289129193,-1.9016160435743417,-2.489402581492362,0.5944711097535409,-0.8943536342535935,0.0002544090366732,-1.6079992759897042,5.87472572112079,1.2386973069287424,-1.1174971710750503,-2.579014713396343,-4.658454067579255,-2.5482430641992835,-2.355871224582116,0.328568877945838,-1.1174971710750503,5.119921174058812,1.9461645377805448,-3.000228014782235,-3.9046835887298537,-0.5872952981657643,3.0731451539857337,-1.4496309775513347,-0.7924774482933712,-2.627023917213856,-2.3070810723174424,-2.8460774029821576,2.8941743446040724,1.463487851468106,4.461877036885981,2.347105773675979,-3.693374719152044,6.855827973456695,2.75747081921042,1.7455314561448227,-5.128456196829865,2.153613464022631,3.902466387180039,0.5091824895748045,3.2566177425407177,-2.8460774029821576,-3.154378615244455,-1.085408858811879,3.253783454931661,0.0465589760061115,1.4356773830183451,-1.7542913505613376,-3.559843445575034,-1.6079992759897042,3.3163343308326545,6.362084680807616,-2.9312351750413006,-0.381790413837853,4.007802972188757,-1.6627241690221468,2.4473295639560027,4.432227139878068,3.244677850523084,-2.44743839413501,5.351753073369303,-3.0243255547468992,4.729255631677461,3.781423521277627,-2.712546061378024,6.441393655572042,2.830955517330018,3.7442232376120095,1.51532954153414,6.303888417889405,-3.44206050251117,-3.9653081370169656,3.14057928130132,-0.227639738970912,-0.3326696181672738,5.5881507208648085,-2.67745475388202,-2.9766975284462327,-1.0110502965221912,-2.594763065404166,1.382393210661435,1.5463536934151807,4.189980933276031,-2.260561067505058,0.3849685654721485,5.864397063082725,-2.533205191357582,0.2013558561653866,3.500417472504347,-4.029846574821312,2.2141895368817712,-3.847525240249308,1.7296845858103838,3.179196447672864,-0.9633465015997582,4.069402654048226,0.0442939694265619,-2.786654006059228,-3.1003114232139293,-0.3922617133396514,3.4369134498814944,-2.489402581492362,-2.8460774029821576,3.89733214208054,-2.152930426503782,1.8892251451160549,0.0972864983967115,3.359921913563636,-1.480402633061523,5.771282023002578,-1.5394009674929088,2.2602386539171406,-2.67745475388202,1.2717972551314736,-0.0347099714752264,2.7363438080426925,5.432132765030612,4.751123931837541
ERR260149,1,6.539147804489469,3.857296372995641,2.3658577461857484,-3.959991867369551,4.710378436780703,1.301400487055389,-0.3834432182747667,1.8926877630806611,-2.3505552882674507,-1.9450902912703667,-2.861380689811318,7.15931633920909,-1.9123004756158328,-0.6248171941232881,-0.5812689514065519,-0.1259320340403592,-3.500460152025364,-0.0681732019105973,-2.075452078191282,-3.500460152025364,-1.674215389865653,-2.474607892912288,3.644402815591936,-0.5784320702323101,-3.672310211583829,7.540940318099889,1.0677173717746744,1.809888747526104,-2.5530794775490206,4.700202718752663,1.294023582327429,-3.0776036641814204,-2.367362400934116,-1.0930419555600377,-1.9675631420719213,-2.3177654761971445,-2.014083146884306,3.303803156079838,6.011417429508091,-1.2031530629430864,-1.033254042682079,1.2540360250568017,-2.638237249608164,-1.849780131668057,-0.4214525424356475,-2.1964046560592254,3.852114839923093,3.163679252512781,4.919386052233345,-0.1758038622377805,1.4464305813184908,6.077697060591729,1.6777678454582965,-3.449166910269338,0.9489781185850495,1.051752265444233,-0.1968572706296812,-1.674215389865653,-3.7368486493881754,0.4168111776003091,-1.8397297978347575,3.060346107183657,6.121012391859012,-0.9355117662231952,4.983991285754923,-2.594752156580946,0.7404868469091024,4.275499657048969,2.8220095415312496,-3.1490625770780336,-1.2408933868559298,-1.2084581146099067,-3.353856821374017,4.626352516380786,6.505397663532745,1.206220001390094,-2.861380689811318,5.8711652319782495,-0.5869669721965142,-0.1045408448217091,-3.6116856632967167,-1.3032365103611117,3.541088591145853,-0.1834084613338488,-1.608618118141205,-2.1964046560592254,0.8874690351866776,-0.6013557088204566,0.2932523344698099,-1.3150013505565674,6.7176219282319485,-2.861380689811318,-0.8244992456419137,2.070291008930752,-4.365456142146118,3.620536136549801,-2.0628732991489787,0.621566803378975,-0.8244992456419137,6.364006456720372,-1.268750338254656,-2.707230089349098,2.4883682974521104,-0.2942973727326275,3.997767186559044,-1.156633052118198,4.88434279895443,-2.33402599178072,-1.320936085371958,2.449358643923359,4.0732864034849054,3.061536760693584,6.930488601776668,-1.7175121881193536,-3.400376793718907,1.4145129785927617,1.1036558058844517,-3.30940509832884,-4.835458271396728,-2.5530794775490206,-0.3312179597428114,0.8021804150079413,4.110964637250839,-2.5530794775490206,-2.861380689811318,-0.7924109333787424,-1.326906251645602,-2.83398173063821,-1.1415951762612708,-1.4612934251282006,-3.2668455201418976,-1.3150013505565674,0.0801295033461456,-1.6165862865205407,-2.638237249608164,-0.0887924884047162,3.043829215207546,-1.36972624358901,4.000330095695745,4.967276338267995,-0.9395685665896566,5.028306844358257,5.882035194757044,-2.7313276293137623,-1.0696216835460757,4.224241240525022,-2.4195481359448867,1.2706693596140084,6.660849954815026,3.762167397056024,1.7000692390688763,-1.083607924216695,-3.1490625770780336,-3.672310211583829,5.433196033426195,0.0653581864622247,-0.039671692734137,4.206554119510678,-2.384456828448883,-2.683699603013096,-0.7180523710890543,5.71995455559527,-1.9562635893716136,3.663648413291341,-2.437566634954061,-1.9675631420719213,3.3383387972449,5.649928003002311,-2.240207265924445,0.4943537815985234,2.501214194342759,-1.8805517840216808,-2.61625835255122,-3.5545273148161707,-0.5727823380093867,3.7659249995589232,-0.6703485761666215,5.963803053580822,0.3372918948596987,-2.4936560806260912,3.669820269811259,-0.0992637879065146,1.1624812517523817,2.7555918541183333,-2.5530794775490206,1.52549473027945,-1.8599325010706451,2.1822230705491914,-2.455915766888253,6.007704360872234,4.767487595195608,2.0512736444543003,-1.246403042059772,-2.781338024872801,-2.384456828448883,1.5647951805646103,0.2582879539579102,1.9566576684848296,9.014210457624246,4.959392751842104
ERR260151,1,4.221505230395756,-3.436921973249682,-1.922794713347005,-4.448521824323307,-2.129408932108916,6.807503411999784,-0.8719731752285225,-3.0416094345027767,-2.8390852452212068,3.664254041954535,2.8591258521695795,1.8359215701308729,-2.4008304325695886,2.403366656914581,-1.069798908360308,3.354435068218097,1.0702672050022746,-0.5567031588643534,-2.563982035145038,1.5623351073126683,-2.1627453468194093,-2.963137849866044,-1.757280295208412,-1.066962027186066,-4.160840168537585,2.038906819515791,0.5791874148209184,3.49762215211985,-3.0416094345027767,-3.349910646765073,-3.2198575862675183,-3.5661336211351764,-2.855892357887872,2.6974609780391727,3.287856383842884,-3.4994422911303564,-2.502613103838062,-2.4447935463253696,-0.5037106304793839,2.4217029778315413,-1.521783999635835,1.0848660043265506,-3.12676720656192,-2.3383100886218133,0.4690213922367808,3.956843885618168,-3.378081507858763,-1.5307526688142197,3.748877574516585,-0.6643338191915364,5.680358411313389,1.8791156323727292,-4.043057271769927,4.181105130055325,0.4604481616312936,0.5632223084904772,3.1862971875625,-0.0177066723040016,-4.2253786063419305,0.6214283907352944,-2.328259754788513,1.87014428036229,4.493283627592585,1.0835476125819832,-2.4225704144795395,-3.083282113534702,3.782186908995265,2.970857092929308,-3.083282113534702,-3.6375925340317896,-1.7294233438096858,2.183258677314496,0.9996496382774304,3.284137958796314,0.633915545577916,4.70196071401118,-3.349910646765073,2.800928449935844,1.8773277892319924,-0.5930708017754651,-4.100215620250473,-1.791766467314868,2.4908919423361477,0.0212087431883715,-2.0971480750949607,-2.6849346130129814,1.0920862522526449,-1.0898856657742124,1.848892721689348,-1.8035313075103232,5.01843389248829,0.8304411555398135,2.172882162994813,1.041790704754404,-4.853986099099874,-2.7437750957199025,-2.5514032561027347,0.1330368464252189,3.1048505089749714,4.078488009695067,1.000366741207285,-3.195760046302854,1.931599048736039,-0.0896801704483992,-0.5550039231691416,4.099295894292693,-0.9880094798139905,-1.2704695911961972,-2.502613103838062,-3.0416094345027767,-1.9161501715113385,-0.5550039231691416,4.404427396349262,1.3280963127851717,-3.888906750672663,2.0487541405744065,4.723543718939275,-3.797935055282596,-5.323988228350484,-3.0416094345027767,-0.1266007582605152,0.3136504580541853,2.2062731537465403,-3.0416094345027767,1.4513738671601166,1.049327568060466,2.0886510841531822,-0.8650045062361796,1.5909372583590586,-1.9498233820819568,-3.7553754770956536,2.9477095491182346,-0.4084004536076103,-2.105116243474297,0.9451040629395342,-0.5773224453584721,4.918849119562365,2.7132278040833517,-3.5661336211351764,3.64407274051312,7.234996706238887,-2.642970425655629,3.835433725253041,1.5545401960813652,2.1889529546243383,2.3579370716863086,-2.9080780928986427,4.135268597843999,-0.1199855192876677,-1.8520256515685272,2.5845419804293708,4.187637219787641,-3.6375925340317896,-4.160840168537585,2.4327166840492467,0.7425798005287404,0.1649455143431269,4.46104956921231,2.739511531937858,-3.172229559966852,1.708455498128044,3.292937695585349,-2.4447935463253696,1.3508216618945614,-2.926096591907817,-2.456093099025677,2.0069370951484484,4.641154704768412,-2.728737222878201,4.230221496018829,2.0051015105287786,-0.0236768391716955,3.1245794520525383,4.30624198865683,1.9865579328657343,1.9119150585261604,-1.1588785331203777,5.310227265177171,-0.1512380620940573,1.5541282496302746,2.689814269728212,1.3265455241649968,0.6739512947986259,-2.6849346130129814,-3.0416094345027767,-2.0207751079817204,1.0756005509420814,3.463960656939824,-2.944445723842009,2.5212671804794207,-1.6759346645821422,3.900014334792083,1.7091614635625674,-3.269867981826557,-2.872986785402639,3.2842840401637896,1.098605180119965,-4.63084304778454,4.997060266629775,-1.236336587157089
ERR260152,1,6.868857479094861,-3.131893659751112,-1.6177663998484346,1.2333252582501255,-1.8243806186103453,6.168209249182034,-0.5669448617299524,-2.7365811210042064,-2.5340569317226365,6.690425957034554,-0.5977165189398297,-1.9649625444867205,-2.0958021190710188,4.187609370964534,-0.7647705948617376,2.3724513222975347,4.492103078600956,-0.2516748453657832,-2.2589537216464683,-3.6839617954805495,1.2865811858749812,1.5240842542625943,-1.4522519817098418,-0.761933713687496,-3.855811855039015,-0.0859298379527671,2.8753541504891333,1.626387104070918,-2.7365811210042064,-3.044882333266504,-2.914829272768948,-3.261105307636606,-2.550864044389302,-1.2765435990152232,3.7645242677554265,3.371304583906921,-2.197584790339492,-2.1397652328267998,2.710507647251581,6.500893468806833,-1.2167556861372648,-2.5340569317226365,-2.8217388930633494,-2.0332817751232435,-0.6049541858908332,-2.379906299514411,-3.073053194360193,-1.2257243553156494,-2.3243364638036117,-0.3593055056929664,1.262928937863305,-2.0034288179153315,-3.738028958271357,2.927936695387812,2.568853307175855,0.8682506219890473,-0.380358914084867,-1.857717033320839,-3.9203502928433607,0.2333095341451232,-2.0232314412899437,-3.409525202410134,4.583364489663549,-1.119013409678381,-2.117542100980969,-2.778253800036132,0.5569852034539166,3.128440146074572,-2.778253800036132,-3.3325642205332198,-1.4243950303111157,4.287522651379114,4.594171336951933,4.129756340400153,0.9031505648473876,1.0227183579349082,-3.044882333266504,4.592163975957238,3.429350685126587,-0.2880424882768949,-3.7951873067519024,-1.4867381538162976,1.0373516139557548,-0.3669101047890346,2.794304224457837,-2.379906299514411,0.7039673917314919,-0.7848573522756424,0.1097506910146242,-1.4985029940117531,4.172315954801223,-3.044882333266504,4.698724039759261,2.2942564749130536,-4.548957785601304,-2.438746782221332,-2.2463749426041644,0.4380651599237891,5.94524712588675,3.3501931986725624,-1.4522519817098418,-2.890731732804284,2.564792387897785,-0.4777990161878134,1.249374513580746,5.453704958381961,3.072479826386041,-2.517527635235905,-2.197584790339492,-2.7365811210042064,-1.6111218580127682,2.8813021234063663,6.934302046714026,2.3746683450008783,-3.583878437174093,1.231011335137576,5.53003398884143,-0.7203188347612594,-5.018959914851914,2.83905831311386,3.491889221631212,0.6186787715527555,5.096759920596125,-2.7365811210042064,-2.3517354304842204,1.5946887292512053,5.1443770604794254,1.2858504587743675,-0.6319496889077514,-1.6447950685833863,-3.4503471635970837,3.0793141219560027,-0.1033721401090401,5.352550314178975,-2.8217388930633494,-0.272294131859902,4.810898626032756,-1.5532278870441956,-3.261105307636606,0.6754414114586396,-1.1230702100448424,2.589112750431871,5.6867763128045175,-2.914829272768948,-1.2531233270012616,3.3011432605516817,-2.6030497794000724,4.935406848196861,4.710812901384096,-1.546997338069957,4.280888039701489,4.193494213502423,-3.3325642205332198,-3.855811855039015,3.62164972615323,-0.1181434569929611,5.5438140932614015,6.3886454779697495,0.225952696074053,-2.867201246468281,-0.9015540145442402,0.240612644177712,2.416120062363945,3.909861993021783,-2.6210682784092465,-2.151064785527107,3.88468824065128,5.539428826099189,-2.4237089093796307,3.5415952332431417,3.5558942295218947,-3.9203502928433607,3.3011432605516817,3.1232157770839954,1.193241306981213,5.384280225208633,0.2971933894788182,-0.2898077137391436,0.1537902514045128,4.106820246009395,1.9257017220133696,-0.2827654313617004,0.978979608297196,2.582138526700434,-2.7365811210042064,-1.7157467944831502,-2.0434341445258317,1.9987214270940057,-2.6394174103434387,-1.658588388813135,-1.370906351083572,2.443136144115503,-1.4299046855149578,-2.964839668327987,-2.5679584719040687,1.3812935371094246,0.0747863105027246,-4.325814734285969,0.4277734740637743,-0.9313082736585188
ERR260153,0,4.396310673373763,-3.521059470689152,-2.006932210786474,-4.532659321762776,-2.2135464295483853,0.7287330326621637,-0.956110672667992,-3.125746931942246,-2.923222742660676,-2.517757745663592,-3.434048144204543,4.9873430802285785,3.823541517287616,-1.1974846485165136,-1.1539364057997772,0.3909629407997838,-4.073127606418589,-0.6408406563038228,-2.648119532584508,-4.073127606418589,-2.246882844258878,-3.047275347305513,-1.8414177926478812,-1.1510995246255356,-0.0705916268498673,4.5492397678927246,2.1811049309159185,1.2372212931328783,0.9548983846550624,2.509188026492295,-3.303995083706988,-3.6502711185746457,-2.940029855327342,-1.6657094099532628,3.0868178575049594,-3.583579788569826,-2.586750601277531,-2.528931043764839,2.6106932844524677,3.7840059419467305,-1.6059214970753044,-2.923222742660676,0.9665543273035052,-2.422447586061283,1.915964660498052,-2.7690721104524507,-3.4622190052982327,0.8152398862390243,-2.7135022747416517,-0.748471316631006,0.8737631269252654,4.004955552955656,-4.127194769209396,4.950120906710544,0.3763106641918241,0.4790848110510076,-0.7695247250229067,-2.246882844258878,-4.3095161037814,-0.1558562767929163,-2.412397252227983,-3.7986910133481735,3.9444738060891535,-1.5081792206164208,6.016694313809889,-3.1674196109741715,0.1678193925158768,5.623871900974249,-3.1674196109741715,-3.721730031471259,-1.8135608412491555,-1.7811255690031322,3.162262942860413,4.040250692059796,3.533441917377084,0.6335525469968686,-3.434048144204543,3.568157804877467,-1.1596344265897396,-0.6772082992149345,-4.184353117689942,-1.8759039647543367,0.846468028542791,1.97012905998632,3.1434262450347696,1.1015332053773577,3.0497380003983645,2.1762367671533758,-0.2794151199234154,-1.8876688049497927,5.366274552823724,-3.434048144204543,3.021062509135958,1.3427378023424956,-4.938123596539343,-2.827912593159372,-2.635540753542204,0.0488993489857495,6.328978750109113,4.741514532533744,-1.8414177926478812,-0.568678212423628,1.9476391671098872,-0.8669648271258529,-0.6391414206086109,3.645650399490964,-1.07214697725346,-0.1845358838781302,-2.586750601277531,-3.125746931942246,1.26289005343493,0.4566371796308079,5.49456958158754,2.6083201785297625,2.10982581511217,0.8418455241995365,5.072723716940651,-3.8820725527220654,-5.4081257257899535,1.65286153253075,3.7912305857554816,1.566910303745495,4.033449343540218,-3.125746931942246,1.6705490684133122,2.2904437627474685,2.5942298218094417,2.761489837074399,2.774876616644192,0.2394350829803904,-3.839512974535123,2.355911472836256,-0.4925379510470798,7.556298084814495,-1.1204137156342604,2.9163521224103013,4.733224459778926,2.205096485424464,1.4588035628465943,3.146359251148693,-1.512236020982882,4.994628953801872,4.209487445797843,-3.303995083706988,2.2096298527931197,4.658241689825592,-0.2583123443505059,4.696173966347905,3.333358354544925,-1.936163149007997,3.748261196188645,4.14079493685824,-3.721730031471259,0.3115261111538964,2.955632527664036,-0.5073092679310006,5.3309503028834335,4.8187737713018,-2.9571242828421087,-3.256367057406321,4.530956604187042,2.19716308405266,1.5989277578959211,3.3908683015167247,-2.317087090605473,0.4735199664795353,1.983038871822536,4.904004535000679,-0.8231622062950565,-0.0783136727947019,2.5104989290158897,-4.3095161037814,-3.1889258069444453,4.87116066073843,1.2082031664859976,4.683528908502715,1.6732426727264658,4.702128064113079,-0.2353755595335267,1.9984595665427485,1.8900447058101688,-0.6719312422997399,3.8324294251663193,-2.7690721104524507,-1.2555161925427978,-2.1049126054211897,-0.1931939464338385,1.609555616155966,-3.0285832212814783,4.142760273520017,-1.7600721620216118,4.766392090385582,-1.8190704964529971,-3.3540054792660268,-2.9571242828421087,0.992127726171385,-0.3143795004353151,-4.714980545224009,5.328014744062025,0.9375066420641852
ERR260155,1,6.284272862373708,-3.1828726243938403,-1.6687453644911627,1.0776703586655905,-1.8753595832530736,4.32667786980269,-0.6179238263726804,-2.7875600856469345,-2.585035896365365,-2.1795708993682803,-3.095861297909232,5.490235316702528,2.9366913206140124,-0.859297802221202,-0.8157495595044657,4.298289735701896,-3.7349407601232776,3.584574503490164,-2.309932686289197,-3.7349407601232776,1.186958138794512,-2.7090885010102017,-1.50323094635257,3.691419272676313,0.3646521228059485,-0.1369088025954951,2.769661471860801,1.57540813942819,-2.7875600856469345,5.090169421190655,-2.965808237411676,-3.312084272279334,-0.1084978015699546,3.851808342634079,4.630595829265797,1.4229028386162654,-0.2891400912983469,0.7672043189055932,2.698336691155333,-1.4376336710410005,-1.267734650779993,-2.585035896365365,-2.872717857706077,0.3218648483636688,-0.6559331505335614,-2.4308852641571392,1.6020900710377155,0.3016249673883469,5.174108527716226,-0.4102844703356944,1.211949973220577,-2.05440778255806,-3.789007922914085,-3.683647518367252,0.7144975104871356,0.8172716573463191,-0.4313378787275951,-1.9086959979635671,1.926921578226253,0.1823305695023952,-2.074210405932672,-3.460504167052862,-1.480883650157686,-1.1699923743211091,5.094723620074963,-2.82923276467886,5.642829091327508,2.44234692388415,-2.82923276467886,-3.3835431851759474,0.387086195281061,-1.4429387227078208,4.504762789990133,-0.0781506460179541,3.97519260656763,0.97173939329218,0.1937830629957084,-1.111036211823771,3.2324716779386824,-0.3390214529196231,-3.8461662713946314,-1.5377171184590257,2.6315286367857804,-0.4178890694317627,5.095970474238937,-2.4308852641571392,0.6529884270887638,-0.8358363169183705,3.483697953672007,-1.5494819586544812,-0.2432303915000339,3.827712093060672,4.586262106138058,2.357082272423967,-4.599936750244032,-2.4897257468640603,-2.2973539072468925,3.6436719937596633,-1.0589798537398276,5.024693818611321,-1.50323094635257,-2.941710697447012,2.150284643681038,-0.5287779808305414,-0.3009545743132994,-1.3911136602161118,3.2593773756626483,-2.568506599878633,1.8611382287067677,-0.08907971625153,2.2714113494401187,2.098637020859057,6.635373277987323,3.635023648064837,0.5014504223445126,7.363386446847167,6.01086339241676,1.0733840255216505,-5.069938879494643,2.7037357256885146,4.456667022084779,0.5676998069100275,4.8226050532133,-2.7875600856469345,-3.095861297909232,1.3965128445970196,4.842524236028274,-3.068462338736124,2.1438254315775067,2.1268934958567884,-3.501326128239812,-1.5494819586544812,-0.1543511047517683,5.048962457493871,-2.872717857706077,-0.3232730965026302,2.5017367234378445,1.9302092524084349,3.44452660681018,0.6244624468159115,-1.1740491746875703,-2.388921076799787,6.374463887315837,-2.965808237411676,-1.3041022916439895,2.47776975365058,-2.6540287440428005,5.704695769542543,5.360955990737285,4.006774667570927,1.923255884985382,4.738398480018595,-3.3835431851759474,-3.906790819681743,2.488678189885209,4.545435843149697,-0.2741523008320509,6.219098760284263,-2.618937436546797,-2.9181802111110096,1.788201903145607,-2.5362457480689438,2.458173812480787,1.6048710107504036,2.2088240822944227,-2.202043750169835,3.6894746620844967,5.647784960574712,-2.474687874022359,0.2598731735006095,3.7942950343403017,0.9510804795716216,-2.850738960649134,3.532399957705976,1.7099790325310638,4.639110048614653,-0.9048291842645354,5.7998058247743804,0.1028112867617848,4.466213149210999,-3.041794105878706,-0.3337443960044284,0.928000643654468,1.551729053732224,-2.7875600856469345,2.995825032701491,0.0752233308772421,1.9477424624512776,-2.690396374986167,5.335628195879686,3.7586098483216928,3.2350467016428386,-1.480883650157686,-3.0158186329707157,-2.618937436546797,1.3303145724666965,0.0238073458599964,-0.929987742318224,0.3767945094210462,-0.9822872383012468
ERR260159,1,6.91367742904048,2.665338757270734,1.0862573161083195,-0.4211478318348274,-1.608591220275139,1.33368824193541,-0.3511554633947456,0.8583961232463896,0.8749482250468059,-1.9128025363903456,-2.829092934931297,-1.7491731461515136,-1.880012720735812,4.767298813856532,-0.5489811965265309,6.924246009192993,-3.468172397145343,-0.0358854470305765,-2.0431643233112617,-3.468172397145343,-1.6419276349856322,-2.442320138032267,-1.2364625833746352,-0.5461443153522891,-3.640022456703808,6.9921199314474265,1.100005126654695,1.842176502406125,-2.520791722669,5.870060081488691,-2.6990398744337414,0.925625734126682,1.2744677360146384,-1.0607542006800164,6.0319415406703065,1.1792492960379424,-1.9817953920042848,-1.9239758344915925,-2.207919511044424,7.145235594106259,-1.0009662878020582,-2.31826753338743,-2.6059494947281427,2.1441860209104635,-0.3891647875556266,-2.164116901179204,-2.8572637960249865,-1.0099349569804426,4.739084885099325,2.7703567482927407,1.478718336198512,-1.7876394195801248,2.214331630016778,4.386759046098058,0.9812658734650704,1.0840400203242542,-0.1645695157496603,-1.6419276349856322,-3.7045608945081536,0.44909893248033,1.9143883161368347,-3.1937358040749277,-1.214115287179751,-0.9032240113431744,-1.9017527026457623,-2.5624644017009253,0.7727746017891234,7.021669919955196,-2.5624644017009253,2.3138687707418444,-1.2086056319759089,2.322591164892359,4.164329671317473,3.642479708584542,-2.651411848133075,1.2385077562701148,-2.829092934931297,4.483793508072859,-0.5546792173164933,-0.0722530899416882,-3.579397908416696,2.351128294692632,-2.583970597671198,-0.1511207064538278,5.702944524944063,-2.164116901179204,0.9197567900666986,-0.5690679539404355,0.3255400893498309,-1.2827135956765463,6.93996067548081,-2.829092934931297,4.902837231705453,-2.253729033083185,3.3184246877828407,3.9878249224320457,-2.0305855442689578,3.956243025062432,-0.7922114907618927,6.388277663129268,-1.2364625833746352,0.1804321325968884,1.474971610224979,-0.2620096178526065,-0.0341862113353646,-1.124345297238177,-0.4671917679802134,-2.3017382369006985,-1.9817953920042848,3.802102810352662,-1.3953324596775614,5.906824615631625,6.548304384997233,-1.685224433239333,-3.368089038838886,7.930681159821722,4.220643488090931,-3.277117343448819,-4.803170516516707,-2.520791722669,-0.2989302048627904,0.8344681698879624,4.368632906166405,-2.520791722669,-2.829092934931297,3.6176839713379176,1.1762174594864625,-2.801693975758189,-1.1093074213812495,3.2555324660874545,0.4290030689023049,-1.2827135956765463,0.1124172582261666,6.503749626023708,2.8820690933053608,-0.0565047335246953,-2.674942334469077,-1.337438488708989,2.1714914714971707,4.897094653765548,-0.9072808117096356,6.576763407968328,1.6808498516689745,-2.6990398744337414,-1.0373339286660548,5.9618518679323245,-2.387260381064866,1.3029571144940295,2.4689460624747173,2.7396750137043,6.598506489689426,-1.0513201693366738,-3.1167748221980127,2.910520772295168,2.2078591155344345,0.0976459413422456,4.1641766764425805,6.679683416880346,-2.352169073568862,-1.1142949623947764,3.111954572167974,-2.2694773850910086,2.082744071952562,3.852039973501769,-2.4052788800740394,3.0045794991968875,0.7102542457853063,6.252788314648852,-2.207919511044424,0.5266415364785444,-0.7055020977487519,0.8011558939033736,-2.583970597671198,5.937084256756863,-0.5404945831293657,0.2769868651117795,-0.6380608212866006,6.452305765502034,0.3695796497397197,-2.4613683257460703,-2.7750257429007714,-0.0669760330264936,1.1947690066324028,3.54593133028783,2.341074801313339,-0.1322165525294305,-1.8276447461906244,2.2145108254292127,-2.423628012008232,-1.442798990477928,-1.1551169527483651,4.885261654858532,-1.214115287179751,-2.74905026999278,-2.352169073568862,1.5970829354446312,0.2905757088379313,1.2265487523410037,0.6435628723989811,5.2722811809102845
ERR260161,1,7.357533151475622,-3.0654544092836247,4.319625509542094,1.946795139818493,3.7153618090636775,1.1843380940676909,-0.5005056112624647,2.622239139608927,-2.467617681255149,-2.0621526842580646,-2.978443082799016,2.2796302728844986,-2.0293628686035308,-0.7418795871109862,-0.69833134439425,3.682202643540613,-3.617522545013062,-0.1852355948982956,-2.192514471178981,-3.617522545013062,-1.7912777828533513,-2.591670285899986,0.862202716164675,-0.6954944632200083,-3.7893726045715272,4.08949172652298,2.2535558501242106,3.824012852077082,-2.670141870536719,-2.978443082799016,0.1690555475379038,2.9997386456880784,-0.252044262220375,-1.2101043485477354,6.31319506298005,-3.1279747271642986,1.2982224883776872,-2.073325982359312,3.243250407560525,5.040949833933648,-1.1503164356697773,-1.7744706673618285,-2.755299642595862,-1.966842524655756,1.8168876695774427,-2.313467049046924,-3.006613943892705,-1.1592851048481618,-2.257897213336124,-0.2928662552254787,1.3293681883307926,2.468533170640656,-3.671589707803869,3.693729944896017,0.8319157255973515,0.934689872456535,-0.3139196636173793,-1.7912777828533513,-3.8539110423758727,0.2997487846126108,3.296109113241581,-3.3430859519426463,2.1901446246813907,2.10468457121876,-2.0511028505134816,-2.7118145495686443,0.6234244539214041,4.993447499957537,-2.7118145495686443,-3.266124970065732,2.5928650873495616,5.705148722554172,4.425835480020986,6.313036275501398,-2.800761996000794,1.0891576084023955,-2.978443082799016,6.38395952107982,-0.7040293651842123,-0.2216032378094073,1.25162898422598,-1.42029890334881,-2.733320745538918,1.3278711820744045,0.985539116552963,-2.313467049046924,0.7704066421989796,-0.7184181018081548,0.1761899414821117,-1.4320637435442656,-0.1258121763898181,1.1084659547085234,-0.9415616386296118,1.9707101893926549,1.0548132417303648,3.821540815716835,-2.179935692136677,3.070765571780687,-0.9415616386296118,4.682403473576624,-1.3858127312423545,-1.538081924385312,2.106061507748266,-0.4113597657203257,-0.1835363592030837,3.724539955677976,4.799255887016104,-2.451088384768417,-2.131145539872004,-2.670141870536719,-1.5446826075452806,4.968783159926085,5.704828803848461,3.608953319915458,-3.5174391867066053,1.2974505856050638,0.9865934128967536,-3.4264674913165383,1.557138266782885,0.1424518026633832,4.960774595741741,0.6851180220202432,5.629798140013332,-2.670141870536719,-2.978443082799016,0.3091287385469058,4.973135254620456,1.9894387898009285,3.3376173518984986,2.279341046563724,-0.2928662552254787,-1.4320637435442656,-0.0369328896415525,5.897674186849623,-2.755299642595862,-0.2058548813924143,-2.131145539872004,-1.4867886365767082,2.220053395980776,1.852533220799992,-1.0566309595773546,1.332355494488218,3.5527578768235606,-2.8483900223014604,-1.186684076533774,4.94851990670905,-2.536610528932585,3.245674651169361,4.5678852992225245,-1.4805580876024695,4.07230507157393,-1.2006703172043929,-3.266124970065732,2.363092849973878,4.458108150042343,-0.0517042065254734,4.371965484647226,7.678037636167332,-2.501519221436581,-2.800761996000794,1.3142963130857133,-2.418827532958728,2.809816142745024,4.533900794509373,-2.554629027941759,-2.0846255350596192,4.424515883829335,5.06919026970205,-2.357269658912143,0.3772913886108253,3.633448043181462,0.6822649530785367,-2.733320745538918,4.108758700102539,3.111608541382457,4.923632800693286,-0.7874109691543196,6.088270110821913,4.011608217198661,4.291598585954037,-2.9243758907684905,-0.2163261808942127,4.76386192843357,4.071389739702683,2.4034997542603707,-1.6493075440156624,2.1898283191285914,4.149784963831683,-2.572978159875951,6.702837423723531,5.180422451570052,-1.468212253304386,-1.36346543504747,-2.8984004178605,-2.501519221436581,3.3842012509642583,0.1412255609702122,1.4576502241686873,0.494212724531262,-0.8648690231910311
ERR260162,1,6.083828439616197,0.8001512014450057,-2.1294411433936227,-0.7365023397758059,-2.336055362155534,0.606224100055015,2.571402660541107,-3.248255864549394,-3.0457316752678247,-2.6402666782707405,-3.556557076811692,2.3522798534866567,-0.5470320092835064,-1.319993581123662,3.3936183630314773,1.5507337401193173,-4.195636539025737,5.185706141423548,-2.7706284651916566,4.229578805646787,1.628964243145052,-3.169784279912662,-1.9639267252550296,4.346628114709256,-0.7599540000251335,4.812071099182231,2.119053967227173,3.930584938113008,-3.248255864549394,2.7041916231139616,-3.4265040163141363,-3.7727800511817935,-1.1486119737152225,5.469085028729023,5.123566625923308,1.392596195379979,1.805777288909911,0.2732907769347631,5.0491448877246645,4.57704609162148,-1.728430429682453,-3.0457316752678247,-3.3334136366085376,-2.544956518668432,-1.1166289294360214,3.1992759628588776,-3.5847279379053814,-1.7373990988608377,-2.8360112073487995,-0.8709802492381546,0.7512541943181169,2.7919984395366546,-0.9830975428647672,1.9282393034287717,4.649980505855213,0.3565758784438592,2.8807494750194422,-2.3693917768660278,1.8533508020738776,-0.2783652094000649,1.7018054215649197,1.7153016780701753,3.0327508606807245,1.7195709317318968,1.5429699880683634,-3.28992854358132,0.0453104599087283,3.525010888374231,-3.28992854358132,-3.844238964078408,-1.936069773856304,3.437935838654174,4.390570927331129,-0.5388464249204143,2.407164518820219,0.51104361438972,-3.556557076811692,3.249226443089943,2.3320124931176647,-0.7997172318220831,-4.306862050297091,-1.9984128973614856,-1.7464489335617548,-0.8785848483342229,-2.3037945051415787,0.3465367535275138,0.1922926481863036,-1.2965320958208306,-0.401924052530564,-2.0101777375569414,4.632517220297869,3.889930223958202,4.269796823312346,2.055556174310338,-2.2725419665214788,-2.9504215257665205,7.276129199326986,1.9453806212723213,-1.5196756326422876,4.331234919635059,-1.9639267252550296,0.1309319813659944,1.8215460012841,-0.9894737597330016,0.4179183981460159,3.7789314748767953,2.8081931254410235,2.574910375049692,-2.70925953388468,0.2793040240858965,2.2425350237769344,2.7364508011574684,6.335647063036103,2.2136712661805102,-1.602742225064512,5.070665157654767,5.009796025124552,-4.004581485329214,-5.530634658397102,2.799646475259433,2.0518961458318694,3.124645515604489,3.208481345054228,-0.6179837432412865,-1.802538394968044,1.2744192267873158,3.7068498458953782,1.1214498827385535,3.347022275762443,-2.1564698121285746,-3.962021907142271,-2.0101777375569414,-0.6150468836542284,5.036937947209906,1.1624371526488122,-0.7839688754050902,4.028751661268151,-2.064902630589384,2.8741470242027654,1.4132556710669322,-0.9415978136804894,-2.849616855702247,5.0294461918131095,-3.4265040163141363,-1.76479807054645,2.5796083298389507,2.788493763055617,0.5754929726136344,6.710411093552997,-2.0586720816151454,5.40045199428366,3.3191334869348554,-3.844238964078408,3.733394128162944,3.5835431744677324,-0.6298182005381493,4.1292219841465885,5.33600794470425,0.1664548415391202,0.7139165241650162,-0.5525265284501981,-0.6569691887849652,0.8178007946645101,3.552686189821264,-1.199905265471194,-2.662739529072295,2.186089368439831,5.645604948046774,-2.935383652924819,3.010505407963988,0.3006571483031468,0.0082691888001344,3.2677556499831275,4.854669922194263,1.3763163044254676,4.120997178953353,2.345620225432726,1.5654202523779888,-0.3578844921406752,3.065365714190796,2.34288299745048,-0.7944401749068887,3.2588995930779507,1.1599551459265507,-3.248255864549394,1.328346460423521,-2.555108888071019,3.0033723187399524,-3.151092153888627,0.6254925187558772,-1.88258109462876,5.399263180450893,-1.9415794290601456,-0.7007261677742234,-3.079633215449257,2.2430399467860545,-0.4368884330424636,-4.8374894778311575,6.402926857313092,-1.4429830172037068
ERR260163,0,5.888641799719329,-3.442670522767296,3.051953373010061,-4.454270373840921,-2.1351574816265297,0.8071219805840188,1.0869915111881747,-3.047357984020391,-2.844833794738821,-2.4393687977417366,-3.355659196282688,3.1685549772669366,-2.406578982087203,-1.1190957005946582,-1.075547457877922,-0.6202105405117293,-3.994738658496734,-0.5624517083819676,-2.569730584662653,-3.994738658496734,-2.1684938963370235,-2.968886399383658,0.578342171178397,-1.0727105767036802,-4.166588718055199,-0.3967067009689514,4.288594832343866,4.480644156633219,2.467879120402516,3.313697324834807,-3.2256061357851324,1.8394552654483576,-2.8616409074054863,-1.5873204620314074,0.6229829513264628,1.9354091887831049,-2.508361653355676,-2.450542095842984,1.0165970982526098,-1.6974315694144566,-1.5275325491534493,3.0373734340284746,2.826310365232612,-0.5935422943778847,-0.9157310489070176,-2.690683162530595,2.7885258834797355,-1.5365012183318336,6.186212099908015,-0.6700823687091507,0.9521520748471206,1.4664123290130076,0.3234499247052871,0.9085838549919087,5.753674806579329,0.5574737589728629,-0.6911357771010515,-2.1684938963370235,5.088353242156183,-0.077467328871061,-2.334008304306128,-3.7203020654263184,4.817915734952734,1.6126091497505248,-2.4283189639971536,-3.0890306630523163,6.0930455146168105,2.479313416801124,3.4993391752903884,2.065121040725042,2.9979370441888435,5.338665629033101,4.448704957921702,5.750048234452745,4.980584274090956,0.7119414949187239,2.4138757856151623,5.343438242968391,-1.0812454786678845,-0.5988193512930794,-0.9230214818153591,-1.797515016832482,-3.11053685902259,-0.677686967805219,-2.102896624612575,-2.690683162530595,0.3931905287153075,4.882656928716407,-0.2010261720015601,-1.8092798570279371,-0.5030282898734901,-3.355659196282688,3.4973459749599587,-2.780295294434576,-4.859734648617488,3.625965376226499,-2.557151805620349,3.495289992799512,5.596391928191779,5.429063823904106,-1.7630288447260265,1.1805175686154317,2.5984490101678768,-0.7885758792039976,-0.5607524726867559,4.199169682392134,-0.9937580293316044,-2.828304498252089,1.55699513798293,0.7821699311889982,-1.9218987210289529,1.7051756502610842,6.24833926848112,3.706198587266077,1.4784151403181962,0.9202344721213918,2.4817467053690176,3.7956515419887378,-5.329736777868098,3.996140117576041,3.616113079788596,0.3079019085365712,4.868295219694061,-3.047357984020391,-3.355659196282688,0.2492340613084942,3.4379932099499406,-3.32826023710958,-1.6358736827326408,1.6538638171132996,1.199386052808555,-1.8092798570279371,-0.4141490031252245,-2.1108647929919107,-3.132515756079534,-0.5830709948760865,5.978465362603113,-1.86400475006038,2.2340826755161127,4.060150650281629,-1.4338470730610269,-2.648718975173243,5.8059104558269965,-3.2256061357851324,-1.5639001900174458,-1.0956342152918268,-2.913826642416257,0.7763908531426383,1.4050886707235577,2.1944965989058587,-1.5778864306880651,-1.5778864306880651,1.2924634950011913,-4.166588718055199,1.1715488986862963,-0.4289203200091455,4.899735681426759,6.246542511537083,1.2207679710019008,-3.177978109484466,-0.5191837295737676,-2.7960436464424,1.5396893909566465,4.231031088502728,2.430896741507881,-2.4618416485432912,4.364826590244531,6.4536636306708095,4.75819939264525,3.757029848150578,2.87504039557712,0.1048542244324922,1.3453255420122523,-4.048805821287541,3.02493348499954,5.647191671465582,-1.1646270826379916,3.669088127525799,3.115999376341615,0.1996883255243401,3.3912092517226866,-0.5935422943778847,0.6682027452810118,4.2125186237479335,1.7969893787773956,-2.026523657499334,2.085073040727843,3.741521418379227,-2.950194273359623,5.360001711576208,-0.9885360856231404,1.8008380044263468,-1.7406815485311422,2.199235944259545,-2.878735334920253,4.155439558858444,-0.2359905525134598,1.2627556663824788,0.11699661104759,-0.5489379896718032
ERR260165,1,7.507510000375464,-3.2536673695016933,1.8165694370235128,-0.8475421489824225,-1.9461543283609264,1.689272310086178,-0.6887185714805335,3.047284611973854,-2.6558306414732176,-2.2503656444761333,-3.1666560430170847,-2.086736254237301,-2.2175758288216,-0.930092547329055,-0.8865443046123187,4.546606816520423,2.593646228072155,-0.3734485551163644,-0.4330108141802298,-3.8057355052311306,-1.97949074307142,-2.7798832461180547,2.98359074187429,-0.8837074234380771,-3.977585564789596,4.474801153528045,0.7624420185689074,1.504613394320337,-2.8583548307547875,1.8476755610951328,-0.2609705753081425,2.364314511491941,0.1871385636125607,-1.3983173087658043,-2.272838495277688,2.005089229438673,3.961260011990426,0.8909087217524659,2.6752762161774357,-1.5084284161488537,-1.338529395887846,-2.6558306414732176,-0.4886838145396157,2.7206812408679046,-0.7267278956414144,-2.501680009264992,3.3278533858223662,-1.3474980650662305,-2.446110173554193,-0.4810792154435475,1.141155228112724,3.105486387073915,-1.5137334678156735,-0.9037367041674054,0.6437027653792827,0.7464769122384662,-0.5021326238354482,-1.97949074307142,-4.042124002593941,0.1115358243945421,-2.1450051510405244,-3.531298912160715,3.249258357463254,1.8215058434595897,-2.2393158107315503,-2.900027509786713,0.4352114937033354,6.092182889984793,-2.900027509786713,1.2427690170462666,-1.5461687400616968,5.2041740254326765,-3.659132174579784,-0.148945391125807,2.752834450402944,0.9009446481843272,-3.1666560430170847,6.372687715457364,3.503898462809982,-0.409816198027476,2.3925281883717284,-1.6085118635668787,-2.921533705756987,-0.4886838145396157,-1.913893471346972,-2.501680009264992,0.5821936819809108,-0.9066310620262236,4.91370120960562,-1.6202767037623342,-0.3140251366078869,-3.1666560430170847,5.166560334586123,2.776434365709006,0.2601363483291743,4.462644335760794,-2.368148652354745,3.4060920367266867,-1.1297745988476806,4.52080574741845,-1.574025691460423,1.5025311447500964,2.674792228107141,-0.5995727259383945,3.497610689086926,-1.4619084053239648,3.6342555854098015,-2.639301344986486,0.999146936252449,-0.4512262534079482,3.2387554982431044,1.6259148180158134,7.5075061445449665,-2.022787541325121,-1.4126373611734366,1.1092376253869949,0.7983804526786847,1.8127555498826644,3.6191821140992495,4.679150904282757,4.494085861587256,4.497950701619224,4.875774995911557,2.0853259232906973,-3.1666560430170847,-1.0976862865845094,5.7838330141725445,-3.1392570838439773,3.219942098740836,2.92653687921382,1.734081158275316,-1.6202767037623342,-0.2251458498596213,-1.9218616397263075,-2.9435126028139305,-0.3940678416104831,2.700598056371331,-0.9818544787348258,3.795639474263569,3.6266226711337,-1.2448439197954235,-2.45971582190764,5.42691104231842,-3.036602982519529,-1.3748970367518427,3.0519435222259275,-2.724823489150653,0.9653940064082416,2.930043457630328,-1.6687710478205382,-1.3888832774224618,-1.3888832774224618,-3.4543379302838004,1.7605970906104838,4.982929089952301,-0.2399171667435422,4.907248461198941,3.981208597056059,2.0349051025712184,2.0980465342155257,1.3018025482431297,1.3356191704106082,2.2454853645244355,4.06342369670745,2.1873056940148743,-2.272838495277688,5.248786834622362,7.238277733563667,2.8227224434362626,0.1890784283927565,2.668316570066727,0.8325629620691144,-2.921533705756987,5.423001946900652,1.7253619832889506,-0.0605762429740082,-0.9756239293723884,6.070953009500513,4.483750056137047,2.473673186945544,2.1977605722801785,-0.4045391411122815,4.725629408045754,2.8340704755240687,2.7024833672174498,-1.8375205042337317,-2.1652078542764124,1.8769477173434248,1.434059242646582,-1.780362098563716,-1.492680060834153,6.039843074073528,-1.5516783952655389,3.128301853528689,2.016686287757442,4.406274964291224,-0.0469873992478565,-4.44758844403655,6.898767908614959,-1.0530819834091
ERR260166,1,5.256518183740979,-3.5988853855652616,1.5079773382348505,-4.610485236638886,3.511439005475282,0.650907117786054,-1.0339365875441016,-3.203572846818356,-3.001048657536786,3.200946570176413,1.620650500347927,1.6130809397931003,-2.562793844885168,4.090082844032025,-1.2317623206758868,-0.7764254033096942,-4.150953521294698,-0.7186665711799324,-2.7259454474606177,5.502133169599401,-2.3247087591349884,1.0278677719607798,-1.919243707523991,-1.2289254395016451,-4.322803580853164,5.722345031184316,2.963986020256589,3.219209779723853,1.9157639074554624,3.866370286936253,-3.3818209985830974,-3.728097033450756,-3.017855770203451,-1.7435353248293723,3.313886981284907,-3.661405703445936,-2.664576516153641,1.3717687089237227,-2.89070063519378,-1.853646432212421,-1.683747411951414,-3.001048657536786,-3.2887306188774987,-2.5002735009373924,1.8105932148557624,2.784927722435561,-3.540044920174342,0.5114909880678233,-2.7913281896177606,-0.8262972315071155,0.7959372120491557,2.935167082888109,-0.9512078760480642,-4.099660279538673,4.695890657020366,1.8574705910766252,4.197558331143884,-2.3247087591349884,-4.38734201865751,-0.2336821916690259,1.736610381083815,-3.8765169282242833,3.1800712640805084,-1.5860051354925302,-2.5845338267951186,-3.2452455258502813,0.0899934776397673,3.99922469606048,-3.2452455258502813,-3.799555946347368,4.006883393379304,1.6674089374828576,-4.004350190643352,0.8455462163530649,1.5825570206081818,4.668446260293248,-3.511874059080653,3.033953859050232,3.755495726730919,-0.7550342140910442,-4.262179032566052,2.413123629912781,-3.2667517218205546,1.9608628058344808,-2.25911148741054,-2.84689802532856,0.2369756659173426,-1.2518490780897915,-0.357241034799525,0.99040115434704,7.217477985830297,1.9699210491458996,3.0404747569033,0.6794622219767175,1.9074305259167432,0.1065227793425923,4.656926693855739,2.8568841645657765,-1.474992614911249,3.524567005795878,-1.919243707523991,-0.3109364678300866,2.4568329467701697,3.0333153913514788,3.08337448993736,2.264228523322425,3.584892752959396,-2.9845193610500544,-2.664576516153641,-3.203572846818356,2.730996950139144,3.040316215484148,5.158096886862531,-2.3680055573886887,-4.050870162988242,0.7640196093234268,3.155294200126816,0.5485684054889091,-5.485951640666063,-3.203572846818356,3.201823852008244,3.516326817914464,2.4596706331198286,0.1811628634578043,-3.511874059080653,0.4531624366151165,4.039020273622179,-0.9772963109979538,3.821402543560633,0.7181980079443433,-3.9173388894112326,-1.9654947198259023,4.503048839584435,-1.5739325552299208,1.122314859149795,2.4891276383281213,3.55259947275402,5.451392323387603,2.6483946218594467,3.1708603537147617,-1.5900619358589916,3.0644401923597657,4.854857378862369,-3.3818209985830974,-1.7201150528154108,-1.2518490780897915,3.104041817056604,3.706872279973888,-2.267079655789876,-2.0139890638841065,3.641915749721064,5.023987664368356,-3.799555946347368,2.162784150204756,2.754798703440481,0.3810788393967692,3.0911654600915277,4.689602760967987,2.0707859251885496,-3.334192972282431,-1.3685457403583894,4.083791939501063,1.958293011177823,1.1888582495789823,1.1825267101612806,-2.618056511341256,2.5700905864914434,5.051268733212522,-2.89070063519378,5.257882841060952,3.018679022320888,-0.4779905483797193,5.030292992587127,3.650178293209092,2.9499407245399545,4.595410279142053,4.050575725486674,3.5776001885659,-0.3132014744096362,3.715545783054466,3.4096191910045714,-0.7497571571758496,0.5119878824830468,-2.84689802532856,-3.203572846818356,-2.182738520297299,-0.3132014744096362,3.530557234823517,-3.106409136157588,4.05083549198684,-1.837898076897721,3.1633178918163978,-1.203749286017776,-3.431831394142137,-3.034950197718218,0.9143018112952752,2.5850754415677484,-4.792806460100119,5.206807119623065,-1.398299999472668
ERR260167,1,7.918546757654658,-2.8162393207769307,4.479536262208207,3.915501135648196,4.3492067113812665,1.4335531825743848,-0.2512905227557708,4.4371232211200615,-2.218402592748455,-1.812937595751371,-2.729227994292322,6.779057707687101,-1.780147780096837,-0.4926644986042924,-0.4491162558875561,0.0062206614786363,0.331042270885505,0.0639794936083983,-1.943299382672287,-3.368307456506368,-1.5420626943466575,-2.342455197393292,2.7537225155621163,1.8152475733712996,-3.5401575160648333,6.824803964179421,1.19987006729367,1.9420414430451,-2.420926782030025,-2.729227994292322,4.169429923375048,3.922558632889778,2.474472843378899,-0.9608892600410416,0.545817567495935,2.3804137892887622,3.370841244328924,-1.8241108938526176,3.730762843021461,6.72595598061363,-0.9011013471630832,-2.218402592748455,-2.506084554089168,2.470801991914097,-0.2892998469166516,-2.0642519605402296,-2.757398855386012,2.786661325199705,-2.00868212482943,-0.0436511667187848,1.5785832768374863,7.476106930633625,2.008917323694981,4.389957508968987,1.0811308141040452,1.1839049609632286,-0.0647045751106854,-1.5420626943466575,-3.604695953869179,0.5489638731193047,-1.707577102315762,1.079900044733061,-1.1142503465407765,-0.8033590707041995,1.4570535161460088,-2.4625994610619504,0.8726395424280979,-0.8877973827167078,-2.4625994610619504,-3.016909881559038,-1.1087406913369344,-1.0763054190909112,-3.221704125855022,5.504008951005144,-2.5515469074941,1.3383726969090897,-2.729227994292322,-0.7444029082068616,-0.4548142766775186,3.896973982814817,2.6385630563850757,-1.171083814842116,-2.484105657032224,-0.0512557658148531,-1.4764654226222091,-2.0642519605402296,1.0196217307056734,-0.4692030133014608,3.3574199077293096,-1.1828486550375716,0.1234029121168757,-2.729227994292322,-0.6923465501229179,-2.1538640924442105,-4.233303446627122,5.475428091726961,-1.9307206036299829,0.7537194988979705,-0.6923465501229179,1.3211060810537931,-1.1365976427356603,-2.575077393830102,3.815082896921028,-0.1621446772136318,0.06567872930361,5.817717599825715,-0.3673268273412386,-2.201873296261724,2.228943178615992,-2.420926782030025,-1.2954675190385867,6.171388618875523,6.958539215841531,-1.585359492600358,3.0183935855904744,7.116962344028375,3.743117745511841,-3.1772524028098443,3.770809086808168,-2.420926782030025,-0.1990652642238157,0.934333110526937,5.686768283389465,3.5989066278905546,-2.729227994292322,2.91915866354424,-1.1947535561266065,-2.7018290351192142,-1.0094424807422748,3.110605289403393,2.6390811911103507,-1.1828486550375716,0.2122821988651412,-1.4844335910015451,-2.506084554089168,0.0433602071142795,-2.575077393830102,-1.2375735480700143,-2.9454509686624246,5.773572683612033,-0.8074158710706609,-2.022287773182877,6.884567505323606,-2.5991749337947665,-0.93746898802708,5.430019049587258,-2.287395440425891,1.4028220551330042,3.710831545376954,-1.2313429990957756,5.0983224227808295,-0.9514552286976992,-3.016909881559038,-3.5401575160648333,-0.1473295920556075,0.1975108819812203,0.0924810027848585,6.198800486673634,-2.252304132929887,1.8134750470683527,-0.5858996755700585,5.6028792690855305,1.8158377179703675,1.9715043143673128,-2.305413939435065,-1.8354104465529253,3.572168679665604,2.3790710566309747,5.16819183101504,0.6265064771175192,3.0990632609401203,1.0280880787896098,-2.484105657032224,5.989571262642891,-0.440629642490391,0.3768518057507544,-0.5381958806476257,0.0258466252350379,0.4694445903786944,-2.3615033851070955,-2.6751608022617965,0.0328889076124811,1.2946339472713777,4.175856501135576,-2.420926782030025,-1.4000924555089689,-1.7277798055516496,2.314375766068187,-2.323763071369257,-1.3429340498389537,-1.055252012109391,-1.2189971647976925,-1.1142503465407765,-2.6491853293538057,-2.252304132929887,1.696947876083606,0.3904406494769061,3.960508908373079,0.7434278130379558,-0.6156539346843373
ERR260169,1,6.2750727923854726,-3.272587335283456,1.6120488487255544,-4.28418718635708,-1.965074294142689,0.9772051680678596,-0.7076385372622959,-0.1123689529250264,-2.67475060725498,-2.269285610257896,-3.185576008798847,-2.105656220019064,3.658173385244253,-0.9490125131108174,-0.9054642703940812,6.00016369081064,-3.824655471012893,-0.3923685208981266,-2.399647397178812,-3.824655471012893,-1.9984107088531824,2.229041260362748,-1.5929456572421854,-0.9026273892198392,-3.9965055305713584,-0.2266235134851105,3.792481838988152,1.4856934285385746,-2.87727479653655,3.922212844343231,-3.055522948301292,-3.4017989831689497,-2.6915577199216454,-1.4172372745475663,3.1039328432719886,1.809757072753419,-2.338278465871835,-2.280458908359143,-2.5644025849119743,3.572969509929089,-1.3574493616696082,-2.67475060725498,-2.962432568595693,-2.1739754506555866,0.3681829503482783,-1.141474317177278,-3.2137468698925367,2.836390246214298,-2.465030139335955,-0.4999991812253098,5.21938067795903,-2.144122493447675,-0.2180151391955256,-3.7733622292568674,0.6247827995975203,2.415721913986441,2.206534684009233,-1.9984107088531824,1.5746962339438573,0.0926158586127797,-2.163925116822287,-3.550218877942477,-1.570598361047301,-1.2597070852107246,-2.2582357765133128,-2.9189474755684754,1.392564954953686,5.0835967658729,-2.9189474755684754,-3.473257896065563,-1.5650887058434593,-1.5326534335974362,3.6424137467607114,-0.1678653569075694,-3.007894922000625,0.8820246824025647,-3.185576008798847,5.134600972323769,2.3334369187591864,-0.4287361638092385,-3.935880982284246,-1.6274318293486412,2.1215904202240745,-0.5076037803213781,-1.932813437128734,-2.5205999750467543,0.5632737161991485,-0.9255510278079858,3.6205765601902775,-1.6391966695440967,-0.3329451023896493,3.2678734419752944,4.621413709938074,1.1887818626773548,-4.689651461133647,2.9586090709635764,-2.387068618136508,2.344733970987624,5.8701028124855945,0.8647580665472685,-1.5929456572421854,-3.031425408336627,3.555336729338747,-0.6184926917201568,-0.3906692852029149,5.664463251547796,4.391004741660502,2.9706959582328363,-2.338278465871835,-2.87727479653655,-1.7518155335451118,1.721753717373053,5.806587067988092,3.027363478080212,-3.724572112706437,1.0903176596052326,3.978026063989796,-3.6336004173163694,-5.1596535903842575,3.996522223062751,3.284362577162798,0.4779850960204119,5.038125120030908,-2.87727479653655,-3.185576008798847,3.5897895272163387,4.379209248609078,-0.7978336119994891,4.49223549492886,0.5960846358688818,1.084897592177861,-1.6391966695440967,-0.2440658156413836,4.208096703029435,-2.269285610257896,-0.4129878073922455,3.1458264283400634,3.855203034754546,3.675203569564293,0.5347477359262961,7.6022947296555,-2.4786357876894023,5.7104106853573375,-3.055522948301292,-1.3938170025336052,-0.9255510278079858,2.929824885211489,3.2402824258827247,-1.94078160550807,3.8147072519767935,2.671721469435136,4.711327431604503,-3.473257896065563,2.367383022720685,4.210247351612269,-0.2588371325253045,2.990406200352256,4.885989029308247,-2.708652147436412,-3.007894922000625,2.6476084220670915,4.0679724505300285,2.156757690268723,1.515156299860788,-2.76176195394159,3.750010028316784,2.47834795904448,5.83490055029512,2.062324319201186,0.1701584626109942,0.9619576499764,-4.061043968375704,3.498826808970531,4.822918368663625,3.2443221099938624,-0.0794962087557706,-0.9945438951541508,6.365714098054808,0.0130965758721694,-2.8178513996136205,4.481867617171923,3.357855550650644,2.7031474901692896,-2.5205999750467543,2.4802732580567497,-1.8564404700154935,-2.1841278200581744,3.383982771833947,0.1306276246358043,-1.7992820643454783,-1.5116000266159155,-1.6753451793042171,0.5494440590201422,1.6524674619920374,-2.708652147436412,1.240599861577081,-0.0659073650296189,-4.466508409818313,7.318786008383772,-1.0720019491908623
ERR260170,0,5.9937792596881785,-2.9387527542194984,2.9151891599529525,-3.950352605293123,-1.6312397130787315,1.311039749131817,-0.3738039561983385,2.220998321273516,-2.3409160261910227,-1.9354510291939384,-2.85174142773489,6.655430141564063,-1.9026612135394048,1.5823762447540342,-0.5716296893301236,-0.1162927719639311,-1.023614780605651,-0.0585339398341693,-2.0658128161148546,-3.490820889948936,-1.664576127789225,-2.46496863083586,-1.259111076178228,2.501694685107637,-3.662670949507401,0.1072110675788467,1.0773566338511025,1.819528009602532,4.35846082075466,6.64559272474287,-2.721688367237334,2.490326419942748,4.1207080551444095,6.196523804961713,3.112693892856712,3.973054303355691,3.9544726361962574,-1.9466243272951853,-0.0250860068854977,-1.1935138008666584,-1.023614780605651,-2.3409160261910227,-2.628597987531736,-1.8401408695916293,-0.4118132803592194,-2.1867653939827973,-2.8799122888285797,-0.3394363142691322,-2.131195558271997,-0.1661646001613524,1.4560698433949189,-1.8102879123837177,2.898004798835739,4.602077355205648,0.9586173806614776,1.0613915275206611,-0.1872180085532531,-1.664576127789225,-3.727209387311747,0.4264504396767371,-1.8300905357583293,-3.21638429687852,-1.236763779983344,-0.9258725041467673,3.290534343573892,-2.585112894504518,0.7501261089855303,2.9749134337461007,-2.585112894504518,-3.139423315001605,-1.231254124779502,5.575854674435716,-3.3442175592975896,5.104364895248514,-2.674060340936668,1.215859263466522,-2.85174142773489,7.493371157228549,-0.5773277101200862,-0.0949015827452811,2.861440617712351,-1.2935972482846838,-2.606619090474792,-0.1737691992574208,-1.5989788560647769,-2.1867653939827973,0.8971082972631057,-0.5917164467440285,0.302891596546238,-1.3053620884801391,0.0008894786743081,4.484109272220923,-0.8148599835654856,-2.276377525886778,-4.35581688006969,2.8698440284933784,-2.0532340370725506,1.6064737961761433,4.823262496264783,8.244815822842874,-1.259111076178228,-0.2327253640726495,-3.6020464012202886,2.513974395225181,3.089159997997013,4.44127569686042,-0.4898402607838062,3.113121883446841,-2.004443884807878,3.89831930937307,-1.4179809524811544,7.246752528742751,6.570420313840486,-1.7078729260429255,-3.390737531642479,6.312763852400253,5.287260742314845,-3.299765836252412,0.1100887673236503,3.160069706509475,5.87171532221504,0.8118196770843694,5.561447796001224,5.991688708455391,-2.85174142773489,2.849073131995463,3.0552836343368623,-2.824342468561782,-1.1319559141848423,3.662476759272407,2.5261051414464686,-1.3053620884801391,0.0897687654225737,-1.6069470244441129,-2.628597987531736,-0.0791532263282882,-2.69759082727267,-1.3600869815125818,2.6146759310847267,6.291437172087325,-0.9299293045132286,-2.144801206625445,6.698216465649066,-2.721688367237334,-1.0599824214696478,6.501201701219228,-2.409908873868458,4.320085502931114,4.092666613875442,-1.353856432538343,1.89270694139234,-1.0739686621402669,-3.139423315001605,-3.662670949507401,4.271572604095575,3.3070009834654552,-0.0300324306577089,7.182413142854546,-2.374817566372455,-2.674060340936668,-0.7084131090126263,-2.292125877894601,3.7855888580709856,5.442557625705798,-2.4279273728776327,2.2732135711388635,4.925375463110742,6.0155601989286565,-2.230568003848017,0.5039930436749516,4.020270970947443,0.6174601447869595,-2.606619090474792,1.4687047196712888,-0.5631430759329588,5.981153683341804,-0.6607093140901933,2.172869268314239,5.808030434362727,3.686317439271338,-2.797674235704364,-0.0896245258300865,1.17212051382881,3.3484290684613995,-2.5434402154725926,-1.5226058889515364,-1.8502932389942173,5.653996969304329,0.808966608142663,5.775052718140604,-1.1777654455519584,1.0919950083916452,-1.236763779983344,0.3005191162488944,2.175422616400162,1.5744344426410384,0.2679272160343383,1.0647156302676677,0.6209143795953882,-0.7381673681269049
ERR260171,0,6.476236166629559,-3.6762345481434817,1.9986489082466576,-0.1200216491370237,2.0704519951121045,0.5735579552078337,-1.111285750122322,0.1589722671450864,-3.078397820115006,-2.6729328231179217,-3.589223221658873,6.6952369451666325,-2.6401430074633883,1.8132033255930649,-1.3091114832541069,1.4831683985395698,2.5205175120520384,-0.7960157337581526,-2.803294610038838,-4.228302683872919,-0.4088577840132615,1.9335695881010135,-1.9965928701022115,-1.3062746020798652,-4.400152743431384,-0.6302707263451366,4.869975357309594,1.0820462156785486,-0.911250993181404,-3.589223221658873,-3.459170161161317,1.663340478229649,-3.095204932781672,-1.820884487407593,5.375542800395088,1.5537384840142685,-2.741925678731861,-2.684106121219169,0.7681970537748446,-1.9309955947906416,-0.6835377539499308,2.2280527146496407,2.649317839254848,-2.577622663515613,-1.1492950742832029,-2.9242471879067806,-3.6173940827525626,-1.7700652437080189,2.8413913578480625,-0.9036463940853358,0.7185880494709356,1.023694101077322,1.7865689040727468,-4.177009442116893,0.2211355867374943,0.3239097335966778,-0.9246998024772364,-1.708910825899015,-4.46469118123573,-0.3110313542472462,0.5626906455705628,-3.953866090802504,2.1666942313979867,-1.6633542980707503,0.8547338217175126,1.2961002190029591,4.430864050721274,2.399319842858996,-3.3225946884285014,2.363297797389144,-1.9687359187034847,4.157052866138138,-3.388552627206772,4.406288791421714,4.036262888229379,0.4783774695425387,5.971980800161632,7.204667876505488,3.7134598111619743,-0.8323833766692643,-0.5500063651248003,-2.031079042208667,-3.344100884398775,-0.911250993181404,2.1202830247656874,-2.9242471879067806,0.1596265033391224,-1.3291982406680118,-0.4345901973777453,-2.042843882404122,-0.7365923152496753,-2.89607631887659,4.12555285399872,0.9445697518981764,2.186362431294454,3.428232584021943,5.655786369850627,2.165463029063638,-1.552341777489469,4.739509053582752,-1.9965928701022115,0.3620199520509136,-4.339528195144272,3.017426409734692,1.8322940255757152,3.995633985441223,-1.2273220547077897,2.5185412268262675,1.8393905927200496,2.8478165093411025,1.509625877095817,3.785231067839669,6.232074088641594,-2.445354719966909,-3.435072621196653,0.6866704467452066,2.523843662327259,0.7050336251883766,-1.3034457460394364,4.049883923065591,3.465753472000108,0.0743378831603861,3.681359698170356,1.761317009214895,1.0893001334591794,2.8108490820304253,4.849611397870203,-3.561824262485765,3.8324190999019874,0.5069709335381318,0.7632023948363921,-2.042843882404122,-0.6477130285014097,4.753629254615203,2.4431960901923526,0.4321517751013946,4.58985137970922,-2.097568775436565,3.969727578670808,4.23730803059825,3.1954218052340924,2.9846891381084006,4.188499024269132,-3.459170161161317,-1.797464215393631,3.979929984299966,-3.147390667792442,0.5428268277664532,0.3227992393249824,-2.0913382264623266,5.0313279272893165,-0.5473503211372298,-0.5879512956603591,-4.400152743431384,-1.0073248194221585,-0.6624843453853304,2.620818358603336,4.818501710273258,-3.112299360296438,1.3364183080808467,1.6287267580730358,2.4951490788779567,-2.684106121219169,4.067087109305788,-3.165409166801616,-2.6954056739194763,4.686209198867367,6.062484953548408,0.4231472120984048,-0.2334887502490318,2.5486232612742152,-1.2117373245007204,-3.344100884398775,4.362433358430263,2.109173856656871,4.379538068970184,2.909309345618456,3.2512633331968464,-0.3905506369878565,2.114188260320049,-3.5351560296283475,-0.8271063197540698,0.4346387199048266,2.462865393017332,1.8389027878335176,-2.26008768287552,-2.5877750329182003,1.4543805387016364,-3.183758298735808,4.675983331983471,-1.9152472394759417,4.3214075941773,-1.9742455739073272,-3.5091805567203567,1.8016221287084968,0.8369526487170551,-0.4695545778896449,1.0471220316272962,4.586511436224424,2.555796035592387
ERR260173,1,4.772785275926573,1.9316202633280937,-2.2235056399117163,-4.7492327508880186,-2.4301198586736272,0.5121596035369214,-1.172684101793234,-3.3423203610674883,-1.643154012203577,-2.734331174788834,-2.9574746705475023,-2.570701784550002,-2.7015413591343003,2.5049434300819104,-1.370509834925019,0.6097075786543121,-4.289701035543831,0.9154606741718652,-1.1519221113027511,-4.289701035543831,-2.463456273384121,-3.2638487764307555,-2.0579912217731238,0.4620715810960193,-0.0072050343131242,5.318948028756441,1.7898697288530312,4.315347737128798,1.6178086067746995,0.4702201095861478,-3.52056851283223,-3.866844547699888,-3.156603284452584,-1.882282839078505,4.582069113455798,-3.800153217695068,1.252180464533266,1.913685401374662,1.69516177755078,2.7926255022390194,-1.8224949262005463,-3.1397961717859184,0.9200716333233628,-1.237688928971033,-0.0322247349065402,-2.9856455395776926,-1.8496459128090927,-1.831463595378931,-2.930075703866893,0.3757211434830602,5.600966813334889,1.4942850276016573,-4.343768198334638,-4.238407793787806,0.1597372350665819,0.2625113819257655,3.466448193925259,-2.463456273384121,-4.526089532906642,-0.3724297059181585,-2.628970681353225,-4.015264442473416,2.664233436813134,-1.724752649741663,-2.723281341044251,0.3567110664482942,-0.0487540366093653,-1.1160438252470866,2.9557277126645403,-1.557387196579867,0.9639481871183968,-1.9976989981283744,-0.8676705852455985,-0.6329109214385078,2.3542246983546944,0.4169791178716264,-3.6506215733297855,4.547207195294818,1.907063567943187,-0.8937817283401768,-0.3840148800093557,-0.9958164032392895,1.6215223662102665,1.8882420280596268,2.862772822545022,-2.9856455395776926,5.428691647413203,-1.3905965923389243,-0.4959885490486576,-2.104242234075035,-0.7979906669205876,3.469822243956416,-1.6137401291603817,0.5004177857623653,-4.461551095102297,0.9194964247977258,-2.8521141826674463,-0.1676740801394927,-1.6137401291603817,3.8919741999123887,-2.0579912217731238,-0.920592984832318,2.233009714966609,2.2910100459347733,2.0895279917276035,5.043060832743532,0.785471733637918,1.166518312313371,-2.8033240304027736,-3.3423203610674883,-2.21686109807605,2.486024429268494,6.7850627045959335,2.561204327689334,0.6668659920585309,4.486091207279348,4.07698640057882,2.963134876823807,-5.624699154915196,2.1720949831001546,2.731569829314636,3.784422500221496,3.02119982455773,0.7431409262772712,-1.8681649588615057,0.0962641576092651,2.6759248015483967,1.9372505565757456,0.934912088251768,-2.2505343086466683,-4.056086403660365,1.8129742458865228,2.1791401502642294,1.7130147063856265,1.4242044073042526,-0.8780333719231839,6.865734567938867,3.820140007565671,3.389135597188053,3.107794946430047,-1.728809450108124,-2.9436813522203407,4.465728587074228,-3.52056851283223,-1.858862567064544,4.887875829133648,-3.2087890194633544,4.79466920225025,4.444637761885013,-2.152736578133239,1.882328091221652,5.038393248981866,-3.938303460596501,-0.2148443957371648,1.653235420800896,3.527541894302201,2.438044747439397,5.971728551271959,1.5846371046542926,1.2806492434682537,-0.2184286289007463,2.3375035183508146,1.7041280823226137,1.0501107353298498,0.6002512434867959,-2.7568040255903887,3.8556643545873897,4.719397835546253,0.0228616538551481,-0.2948871019199441,3.5894698634876323,0.0115140145185735,-3.405499236069687,1.085576324382603,1.7122337614045875,5.939569203052152,1.6382059144459966,3.1664179533364685,-0.451948988658769,0.7959430334366826,2.399766249416447,-0.8885046714249822,2.041987047045548,-2.9856455395776926,-3.3423203610674883,1.810616866205368,-0.1291756026510934,1.392982187030724,-3.2451566504067206,4.240209875857022,3.680110683653687,3.6751122238623535,-2.03564392557824,-3.570578908391269,0.2790224888098092,3.384842069907488,-0.5309529295605574,1.876599941621588,5.472312849153549,-1.5370475137218007
ERR260174,1,3.560163306289348,-3.8642183123239766,0.4823375446904681,-4.875818163397601,-1.863558172590468,0.3855741910273388,0.8043527846424703,-3.4689057735770708,-3.266381584295501,5.091260484099376,4.126778607977587,2.314353692952537,-2.828126771643883,-1.5406434901513382,-1.497095247434602,-1.0417583300684092,-0.4430208502135943,-0.9839994979386476,-2.9912783742193327,0.8925011709392264,-2.5900416858937034,2.2301030155303447,-2.184576634282706,-1.4942583662603603,-4.588136507611879,-0.8182544905256314,0.1518910757466242,1.962585372570817,-3.4689057735770708,-3.777206985839368,-3.647153925341813,1.0577507430412114,-3.283188696962166,-2.008868251588088,2.217723215073782,-3.9267386302046505,-2.929909442912356,0.1600499460461542,-3.156033561952495,3.229890181422649,2.2549456593439663,-3.266381584295501,-1.4580930918047057,-2.765606427696108,-1.3372788384636976,1.652625300723405,-3.8053778469330575,-1.9580490078885135,-0.6563121003769686,-1.0916301582658303,0.5306042852904406,-2.042606387967452,1.2874949774805342,3.660620279042794,1.5796407560741543,0.1359259694161829,-1.1126835666577313,0.3920383375915143,-4.652674945416225,1.020876061839862,1.3647808518813742,-3.4487030744228133,2.7620572330736484,-1.8513380622512452,-0.2891530986614187,-3.5105784526089963,-0.1753394491189478,2.530587272765788,-3.5105784526089963,-4.064888873106083,1.321981153432762,2.60282083005462,-4.269683117402067,1.3840802607367475,1.85240998142172,0.2903937053620438,-3.777206985839368,2.99453708429316,2.9948552820237104,-1.0203671408497592,-4.527511959324767,0.1665294502871669,1.0791536127842092,1.1976086587353048,-1.592405421557109,-2.419083914384442,-0.0283572608413724,-1.5171820048485067,-0.6225739615582401,-2.230827646584617,6.052821827859029,0.9427783239748504,2.9037865400582,1.3973715956018755,-5.281282438174168,2.132986694495464,-2.9786995951770288,-0.2942594926490752,-1.740325541669964,4.466995126458665,1.8347032814195936,0.9318220391323926,2.209523599969444,4.23043698855493,-0.9823002622434356,3.280833817076221,-1.4153058188882846,1.6762124350845946,-2.929909442912356,-3.4689057735770708,-2.3434465105856326,1.8090002113229056,6.525119514641775,1.5422731847299462,-4.316203089746957,0.4986866825647117,3.826108669648357,-0.9772198111830904,-5.751284567424778,2.253477720201964,1.4479415852444784,-0.1136458810201087,3.2440252218431,1.9841447868311608,2.477795794900012,2.131328194306271,2.449438916551691,0.1740361878704185,4.241509384181322,-1.5555914506934283,-4.182671816169948,1.3882131548594243,-0.8356967926819046,0.4791928880357186,2.411968783574956,4.033798258956458,1.818123227097916,2.954141981885452,2.5058895989469034,3.327438571547052,6.627306109365988,-0.6489860604637995,3.364565285893093,0.4283139300916016,2.3259722882511285,-0.4896351644934461,2.381535425360977,3.698603995122422,-2.532412582548591,2.758436809957934,1.0877595178400574,4.907541318366231,-4.064888873106083,0.4528650811856282,1.582518455894241,2.392751806520385,2.400390732546525,2.334136608702224,-3.300283124476933,-0.5627860445545207,2.039076558725432,4.03602465502702,0.1281264870682623,3.1154341003413357,-0.1079640476333861,2.9935818831513155,2.800344698085914,4.797541515836051,-3.156033561952495,4.353358652088173,0.3481331301729559,-0.6836429934148273,2.440506839754157,2.2935301878907586,1.006573626637581,2.61898109952327,2.771409445429512,3.122963494788845,3.5464031241286733,2.8229652560367,3.3950464750099303,-1.015090083934565,1.5294086307227834,-3.1122309520872755,-3.4689057735770708,-2.4480714470560145,0.298444897249141,1.2663967745211413,0.5017707250778949,3.396537899595965,-2.103231003656437,4.24519740413534,-2.162229338087822,-3.697164320900852,-3.300283124476933,5.115090820326155,1.6344385129404293,-0.9374794838498276,-0.3045511785090899,-1.6636329262313831
ERR260175,0,5.009987848498364,-3.6333727224884464,-1.4260983486924834,-4.644972573562071,-2.3258596813476795,0.616419780862869,-1.0684239244672864,-3.2380601837415406,-3.0355359944599707,-2.6300709974628864,-3.546361396003838,2.434069735931018,1.817535063236236,-1.309797900315808,-1.2662496575990718,-0.8109127402328792,-4.185440858217883,-0.7531539081031174,-2.760432784383803,4.163195590839277,-2.3591960960581733,-3.159588599104808,-1.953731044447176,-1.26341277642483,-4.357290917776349,2.101242023102226,3.4890044525045414,4.782907352742086,2.70768051347276,2.7824672919441538,-3.416308335506282,-1.3307881749487644,-3.052343107126636,-1.7780226617525574,3.717862695065605,1.3279868395605556,-2.699063853076826,2.496006926730468,-2.2320409408107174,5.0900650745459535,-1.718234748874599,3.6881358441759775,2.2056814484788174,-2.5347608378605777,-1.1064332486281674,-2.8813853622517454,0.9227339351655895,2.153338129232833,3.880021763582652,-0.8607845684303005,0.7614498751259707,1.4698135265958734,-4.239508021008691,-4.134147616461858,0.2639974123925296,0.3667715592517132,2.0834549929346498,-2.3591960960581733,-4.421829355580695,-0.2681695285922109,-2.524710504027277,-3.911004265147468,3.9085187362359566,-1.6204924724157153,0.3085026517936641,1.1444761218403814,6.50837445555501,4.281277595028608,-3.279732862773466,-3.8340432832705535,-1.9258740930484497,-1.200291693433967,1.4086823310525074,3.947913759199991,4.024052663490161,0.521239295197574,-3.546361396003838,6.335638055030511,2.9695023401639493,-0.7895215510142292,-4.296666369489237,-1.988217216553632,3.400240039556772,-0.8683891675263689,-2.2935988243337246,-2.8813853622517454,0.2024883289941576,-1.2863364150129766,-0.3917283717227101,-1.9999820567490871,-0.6937304895946399,0.3037856619711502,4.624373760819216,1.4118097769044764,2.1930736281169585,3.47179113509548,-2.7478540053414986,2.64804344067922,-1.5094799518344335,5.25842997558637,-1.953731044447176,-3.392210795541618,1.8337913881591752,1.3275623012413988,2.5053349848965234,3.7116980247451608,1.9398171544603933,0.4986367462873328,-2.699063853076826,-3.2380601837415406,0.1411276621738486,2.849085124623984,6.227288961670584,2.339279011271437,1.7809747000882283,0.729532272400242,4.412078968067504,3.849325552716632,-5.520438977589248,1.5609294209271714,2.792526548354548,0.1171997088154214,3.8177627657448174,-3.2380601837415406,-3.546361396003838,0.3700956619987193,4.100681664245951,-3.51896243683073,3.3368159865357105,-2.1462741313207205,-3.9518262263344175,-1.9999820567490871,-0.6048512028463743,-2.301566992713061,2.056986127822693,0.550756546779197,2.878867174078362,5.198727921661209,3.375515363194218,2.856292030060027,-1.6245492727821766,0.8501427091399224,5.111539594242993,-3.416308335506282,-1.7546023897385958,4.140590775361044,2.5084685558075037,5.295584280598179,1.0654527826662847,3.601415846761125,-1.7685886304092149,3.3027632435605945,-3.8340432832705535,-3.6641443622158176,1.5726293704980046,-0.6196225197302953,3.6784723771300634,4.414330041187794,0.477997193193645,0.8515106983999905,0.5950075581416466,5.087853492462937,2.065751855118192,1.1543709126557975,-3.1225473411465807,-2.652543848264441,3.67988746216964,4.61718345563394,0.7988854388159567,-0.1906269245939964,0.6228839274270445,-4.421829355580695,-3.30123905874374,2.813788453114225,4.167521911020132,5.401473034953464,3.249965058025563,3.095037775744044,-0.3476888113328212,1.6001630664627728,2.8331012352486598,-0.7842444940990346,0.4775005455598619,-0.3142408780111935,0.1425175164435858,-2.2172258572204844,-2.544913207263165,1.4972423643566717,-3.140896473080773,1.7131568378346878,6.23133559495009,2.920819043064276,-0.0841042957142347,-3.4663187310653214,-3.069437534641403,2.5445707867591185,-0.4266927522346096,-4.827293797023303,0.9778391779192817,1.2420552933690967
ERR260176,1,6.252335566621093,-2.9315544378235403,-1.4174271779208627,-3.9431542888971647,-1.6240413966827736,8.499165326640247,-0.3666056398023803,-2.5362418990766344,-2.3337177097950645,-1.2351056433491276,2.683782522083659,-1.7646233225591483,-1.8954628971434464,-0.607979615650902,3.8852140274376943,-0.109094455567973,-3.4836225735529776,0.6418115401149317,-2.0586144997188964,-3.4836225735529776,-1.6573778113932671,-2.4577703144399017,-1.25191275978227,-0.561594491759924,2.319924799486138,2.0636076329381146,1.0845549502470606,3.8794223126864606,-2.5362418990766344,-2.844543111338932,-2.714490050841376,-3.060766085709034,-2.3505248224617303,-1.076204377087651,3.1248740713747623,-2.994074755704214,-1.9972455684119197,-1.9394260108992276,5.007031039681817,5.270960611107545,-1.016416464209693,-2.3337177097950645,-2.621399671135777,-1.8329425531956716,1.94848826086738,-2.179567077586839,-2.872713972432621,-1.0253851333880772,-2.1239972418760398,-0.1589662837653943,1.463268159790877,-1.8030895959877595,-3.5376897363437845,2.581384826691337,0.9658156970574358,1.0685898439166193,-0.180019692157295,-1.6573778113932671,-3.720011070915788,0.4336487560726952,-1.822892219362372,2.155667113608553,-1.2295654635873858,-0.9186741877508092,1.8303598622897808,-2.57791457810856,6.501332337923055,-1.0031124997633172,-2.57791457810856,-3.1322249986056474,-1.2240558083835438,3.9158066478412,1.847313774580207,0.1731675405523459,-2.666862024540709,1.22305757986248,-0.2295838482077292,2.510206544313468,2.1985229664225057,-0.0877032663493229,-3.5948480848243305,-1.2863989318887254,-2.5994207740788338,-0.1665708828614626,1.897001093128064,-2.179567077586839,5.391891573215978,-0.5845181303480704,0.3100899129421962,-1.2981637720841812,3.193592400848352,-0.4466483435909132,1.1526371570782012,2.7066917818261764,-4.348618563673732,-2.2384075602937603,-2.0460357206765925,0.6384043818513611,4.774580650761574,1.8989381397292,-1.25191275978227,-2.690392510876712,1.2282745705404776,-0.2774597942602414,-0.0496363877429994,5.38437468397338,-0.4826419443878482,2.490052056802897,-1.9972455684119197,-2.5362418990766344,-1.4107826360851965,2.2078021193356907,7.858806912995742,2.529962840585253,-3.383539215246521,1.431350557065148,5.421120787707136,-3.292567519856454,-4.818620692924343,-2.5362418990766344,1.3169402068234046,2.8684554647016545,4.123731653795407,-2.5362418990766344,0.3381291323513814,2.226803394676402,4.308594906100127,2.0395200897159067,-1.1247575977888844,-1.4444558466558146,-3.250007941669512,2.743536940388311,0.0969670818185318,-1.5997487080481547,2.538931510545031,-0.0719549099323301,2.264091791811415,-1.3528886651166236,-3.060766085709034,0.8757806333862115,4.237818300948993,-2.137602890229487,5.180518434495637,1.7052312617441812,0.2078839765829221,4.607600953014266,-2.4027105574725005,1.9806541141880247,3.640006748349878,-1.346658116142385,2.7030180878050785,2.5232479393384657,-3.1322249986056474,2.245450343741891,0.4305024504493254,0.0821957649346109,1.8041116363526464,2.9241244925894847,-2.3676192499764968,-2.666862024540709,0.4696423579802126,3.924013400314465,2.7478933418338736,1.8561891973207036,-2.4207290564816746,1.7174870322336044,4.5170435146865575,4.378468319379545,-2.2233696874520588,3.3336309427201374,1.671795311458788,-3.720011070915788,-2.5994207740788338,0.3809767227675912,3.6782025133634817,5.152652340843034,-0.6535109976942353,-0.0894684918115715,0.3541294733320849,1.8262061699426535,3.170121867333538,-0.0824262094341284,1.179318830224768,-2.179567077586839,-2.5362418990766344,-1.5154075725555782,-1.8430949225982591,3.26086941429732,0.3404306292866916,3.7133388781916152,-1.1705671291560005,3.579334411477503,-1.2295654635873858,-2.7645004464004157,-2.3676192499764968,1.5816327590369963,0.2751255324302964,-4.125475512358397,6.171652198578643,-0.7309690517309468
ERR260178,1,4.979306700085997,-3.366745225148573,2.810569392814356,-4.378345076222197,-2.0592321840078056,0.883047278202743,-0.8017964271274126,-2.9714326864016667,-2.768908497120097,-2.3634435001230125,-3.279733898663964,-2.1998141098841804,-2.330653684468479,-1.043170402975934,3.1481015316274066,0.9149580902122268,-3.91881336087801,-0.4865264107632435,-2.4938052870439287,-3.91881336087801,-2.0925685987183,2.9941902224063663,-1.687103547107302,-0.996785279084956,-4.090663420436475,-0.3207814033502273,0.6493641629220283,1.3915355386734578,-2.9714326864016667,4.882876839561676,-3.1496808381664083,0.7759077886083365,-2.785715609786762,-1.5113951644126833,4.143502260396741,1.2741424432291288,-2.432436355736952,4.877142250405771,1.4781568235551072,3.9446547195690966,-1.4516072515347251,-2.768908497120097,-3.0565904584608097,-2.268133340520704,2.0045966731708327,-2.6147578649118715,-3.307904759757653,-1.4605759207131097,0.8393027296265305,-0.5941570710904266,1.0280773724658447,3.445099088563852,-3.9728805236688167,-3.867520119121984,0.5306249097324036,0.6333990565915871,-0.6152104794823272,-2.0925685987183,-4.155201858240821,-0.0015420312523369,1.9239669390072576,-0.5211319387430567,5.142940466094509,-1.3538649750758411,3.6172968619613415,-3.013105365433592,0.3221336380564563,6.32881513585509,-3.013105365433592,-3.56741578593068,-1.659246595708576,3.936607858302496,3.5253111142195155,3.7574884162519218,3.117935668449745,0.7878667925374481,1.726074400221584,5.471194877406825,-1.0053201810491603,-0.5228940536743552,-4.030038872149363,-1.721589719213758,1.806832548276792,-0.6017616701864947,5.554294999382165,-2.6147578649118715,0.4691158263340316,-1.0197089176731025,-0.125100874382836,-1.7333545594092137,6.419925263872131,-2.109663029155332,4.358196145871399,2.476183554392896,2.9655106147423025,1.6185198576537203,-2.4812265080016247,0.2032135945263287,-1.2428524544945598,1.7747405024313083,-1.687103547107302,-1.5953951305193688,-4.030038872149363,4.265978240949583,5.839890720448857,6.073782314147014,5.006688957904768,2.372364788435054,1.8299078849171209,-0.3986650578328665,-1.8459734234102283,1.137766575350589,7.795661455568596,3.2287034480690675,-3.818730002571553,6.076210661107785,4.71761105548981,-3.727758307181486,-5.253811480249374,4.658413752429767,2.6825587170183383,3.8256414193018298,3.987364427273632,0.0140426994405098,0.7787910197947112,2.8041320086483545,4.057310960907895,-3.252334939490856,3.7409029823156974,-1.8796466339808469,-3.685198728994544,2.748544067350021,-0.3382237055065004,-2.034939495373187,2.450906309742481,-0.5071456972573622,-3.125583298201744,-1.788079452441656,3.675752228113623,4.393772864498876,-1.3579217754423027,-2.572793677554519,5.304026448239498,1.7353354406320718,-1.4879748923987215,3.205748599185684,-0.3832088000739761,0.8523161507613626,1.160954099651891,-0.2194636334861366,5.082181497242684,-1.5019611330693408,-3.56741578593068,2.442215326210797,3.6633343426448426,3.379915528134811,1.894215751940916,4.091020819395821,3.5366971333994868,2.5164921458497687,1.3842286168485625,4.91844651697177,0.3401521432885719,1.4209984099956716,-2.855919843806707,3.8686549649149056,5.458217224372179,6.229063063417777,2.3668896085576714,0.0760005727458775,2.141783348570624,-4.155201858240821,0.2466260867366651,1.5984270930388331,1.7789852912448136,-0.1736540986208873,-1.0887017850192673,6.51440935150521,-0.0810613139929472,4.086218931479421,4.562937020978213,-0.5176169967591606,4.264538863452469,-2.6147578649118715,-2.9714326864016667,-1.9505983598806105,2.771308417199873,1.7638698616965456,-2.874268975740899,2.8843987294711586,-1.6057579164810325,4.76644126102643,-1.664756250912418,-3.1996912337254475,-2.802810037301529,1.1464419717119645,-0.1600652548947357,-2.385916350924567,5.482607281933074,3.8324571490641226
ERR260179,1,5.18670568000603,0.1418824131119189,-1.905380114082061,-4.431107225058363,-2.111994332843972,0.830285129366577,2.0674242327820296,-3.0241948352378327,-2.821670645956263,3.7576728214896433,-3.33249604750013,-2.252576258720347,-2.383415833304645,2.0532718611519405,-1.052384309095364,0.5547782440729421,-3.971575509714176,-0.5392885595994095,-2.5465674358800947,4.136555589977325,-2.1453307475544654,-2.9457232506011,-1.7398656959434682,-1.0495474279211223,-4.143425569272641,-0.3735435521863934,0.5966020140858622,1.3387733898372918,-3.0241948352378327,1.8068901627453944,-3.2024429870025743,-3.5487190218702325,-2.838477758622928,-1.564157313248849,0.471693709945637,-3.4820276918654125,-2.485198504573118,1.4531415757154107,-2.711322623613257,3.612661498936365,-1.5043694003708912,0.4338581760801658,-3.109352607296976,-2.3208954893568694,-0.8925679001244595,-2.667520013748037,-3.3606669085938194,-1.5133380695492755,-2.6119501780372376,-0.6469192199265926,0.9753152236296788,2.623196831180655,1.2381971591530183,1.5046667539290386,3.676711567255373,0.5806369077554211,-0.6679726283184932,1.852714278830444,-4.207964007076987,-0.054304180088503,-2.3108451555235696,-3.69713891664376,4.838553293154416,1.317753173016131,-1.712008744544742,-3.0658675142697582,6.265891403029435,2.545550367461401,-3.0658675142697582,-3.6201779347668457,2.870376240272466,-1.6795734722987188,4.180060256787219,4.205939261796559,4.302028665882027,0.7351046437012819,-3.33249604750013,5.081974564252758,-1.0580823298853264,-0.5756562025105212,-3.3896544286603585,2.361422575867243,-3.087373710240032,1.8989090611793813,-2.0797334758300168,-2.667520013748037,2.47230363949828,-1.0724710665092687,-0.1778630232190021,-1.7861167082453795,7.666556936221588,2.4691181225169654,2.5141027259078434,2.1374370772671254,-4.83657149983493,2.723897015217513,7.918802880412034,0.1504514456901628,-1.2956146033307256,5.348458078987337,-1.7398656959434682,-0.0022781709712413,-4.082801020985529,0.0815804597518206,-0.5375893239041976,5.594507794119303,-0.9705948805490464,-1.75696012735459,0.0705509363790736,-3.0241948352378327,2.4645738077111363,3.9728036136069456,7.66442876250921,1.6135014035444355,1.019929568995135,5.587394909552631,4.176107802644822,3.167206892757166,-5.30657362908554,4.061757453876401,3.237841549370801,0.3310650573191291,4.10618100171842,0.9945750780815936,0.3985373041280178,-1.2635262910675544,3.77036848418512,-0.6974153819792753,3.631586498532248,-1.932408782817013,-3.7379608778307096,2.5935401402127947,-0.3909858543426664,-2.087701644209353,0.7374793776372777,-0.5599078460935284,0.8935257912586522,-1.840841601277822,0.7919459993085747,2.912640701479185,-1.4106839242784688,3.393936620131736,4.369431992527908,-3.2024429870025743,2.497918524165623,6.134263046536021,-2.890663493633699,0.7995540019251963,-0.2748333456613897,-1.8346110523035837,0.241719958314589,-1.554723281905507,-2.095733814616295,-2.197516491645134,2.756548273651078,-0.4057571712265874,1.6361586226623368,5.434105498677579,-2.855572186137695,1.919485918807652,0.3353294560449695,1.737455271687545,-0.0786827053668229,1.3682362611595054,1.5358921874758216,-2.4386784997607336,3.119727591021074,5.834976860973194,-2.711322623613257,0.0232384239097113,3.010113742482924,-0.0722655711834553,-3.087373710240032,-3.33249604750013,-1.043897695698199,5.043325018023689,4.171864363677411,3.838648056236255,2.787434449646201,3.540149499388445,2.4246510938957333,-0.5703791455953268,0.6913658940635697,-2.667520013748037,-0.3592371569445083,2.543058154337323,-2.331047858759457,1.711107712860379,-2.927031124577065,5.915380372502886,-1.6585200653171983,4.822833606781977,1.684047131408776,-0.0183105781809857,-0.606097226921489,3.785789689640057,-0.2128274037309017,0.577301718486361,6.331710958884647,-1.218921987892145
ERR260180,0,6.787377301220797,-3.3268051308142708,-1.8126778709115927,-4.338404981887895,-2.019292089673504,4.073796329375666,-0.7618563327931107,-2.931492592067365,-2.728968402785795,6.3927771883268205,-3.2397938043296617,-2.1598740155498786,-2.2907135901341773,4.6015893694537,-0.959682065924896,-0.5043451485587034,4.294433966685956,-0.4465863164289415,-2.453865192709627,-3.878873266543708,-2.0526285043839976,1.859055294425028,-1.6471634527730004,-0.9568451847506544,-4.050723326102173,0.4123058571347981,1.6113674758446483,3.292216413246921,-2.931492592067365,1.293402332448088,-3.1097407438321065,-3.4560167786997646,-2.7457755154524603,-1.4714550700783815,5.515873152723669,1.8168052434496809,-2.3924962614026497,-2.334676703889958,2.529567762151424,5.7745176109745895,-1.4116671572004231,-2.728968402785795,-3.016650364126508,-2.2281932461864016,-0.7998656569539917,-0.2608691763988663,0.1445959222931021,-1.4206358263788077,2.3257897662901224,-0.5542169767561248,6.504212127859013,0.64748048724341,-3.932940429334515,0.4724217879766293,0.5705650040667054,2.9219988204004497,-0.5752703851480253,-2.0526285043839976,-4.115261763906519,1.9125333823308093,-0.6877483639693922,-3.604436673473293,-1.624816156578116,-1.3139248807415396,-2.312453572044128,-2.9731652710992904,0.3620737323907581,1.774168727995266,-2.9731652710992904,-3.527475691596378,2.389823162931426,2.195139914394421,4.104314402202912,2.0834865879580637,-3.06211271753144,0.8278068868717497,1.1140614049649789,5.281800242318292,-0.9653800867148584,-0.4829539593400533,-3.990098777815061,-1.681649624879456,-0.416433279268559,-0.5618215758521931,4.628077130723952,0.3203043201607362,0.5090559206683335,-0.9797688233388008,-0.0851607800485342,-1.6934144650749114,3.853425679458072,0.613893080308682,4.150832785524195,2.236204186226007,-4.743869256664462,-2.6336582532844908,-2.441286413667323,3.1024248641077694,5.352660899468023,2.476502081891434,-1.6471634527730004,0.1062034919919477,-3.990098777815061,2.4935469188105963,-0.4448870807337297,4.973527152662157,4.554960146564657,-0.9206799102949998,-2.3924962614026497,0.7146493720766621,-0.1067185006071206,-0.4448870807337297,6.174248470792942,1.2500896768796457,-3.7787899082372514,1.0360998640744177,5.005283849765625,-3.687818212847184,-5.2138713859150725,0.4737777203693797,4.032140962907561,1.8339896045367603,4.732958971323937,-2.931492592067365,-0.6453691427967981,1.581830393740714,5.422614474539801,-2.51924793486677,-1.5200082907796149,0.2832928557795712,-3.645258634660242,-1.6934144650749114,-0.2982836111721985,-1.994999401038885,2.3615041184556262,-0.4672056029230604,3.1680019654763933,-1.748139358107354,-0.3681147035545107,0.4805299403954811,-1.317981681108001,-2.5328535832202173,4.3168368766339,-3.1097407438321065,-1.44803479806442,-0.9797688233388008,3.5366492838443766,3.467611160462522,2.117839586437193,1.7468517816347966,3.775269536471943,3.946980581390493,-3.527475691596378,1.7121126652638536,3.183903440858901,-0.3130549280561194,4.251138212023966,5.588536980100697,-2.762869942967227,-3.06211271753144,1.312912262422088,2.3217416090713074,3.344920296131079,1.4609385043299734,1.0391839065876007,0.4642473556484406,3.2970582561430435,5.194657114556715,-2.618620380442789,0.8090878379502023,3.9029452029876186,-4.115261763906519,4.289492745144043,3.3789446243738857,3.107594850743898,5.719859957841892,-1.0487616906849655,4.598044973322742,-0.0411212196586455,4.020025250868809,2.308849294733615,-0.4776769024248589,0.7840681372340376,-2.5748177705775697,-2.931492592067365,-1.9106582655463085,1.5991295609267906,3.913648435280715,-2.834328881406597,5.762044737582214,-1.5658178221467305,5.066924683454768,-1.624816156578116,-3.1597511393911457,-2.762869942967227,1.186382066046266,-0.1201251605604339,-0.3432687057396743,6.31173330585499,-1.126219744721677
ERR260181,1,6.669439279122891,2.2774535960724345,2.2959033838819733,-4.218313693662351,-1.89920080144796,1.043078660762589,-0.6417650445675664,2.107237635029583,1.3532047637485085,-2.2034121175631665,-3.119702516104118,-2.0397827273243347,-2.170622301908633,4.716754485417697,-0.8395907776993519,5.539442897310541,-0.8567831772544383,-0.3264950282033974,0.9957141987640016,-3.758781978318164,1.751244355651247,-2.732929719205088,-1.527072164547456,-0.8367538965251102,-3.930632037876629,-0.1607500207903813,0.8093955454818742,4.1446382588105335,2.6069636986402243,3.869376145664367,-2.9896494556065623,2.382235181979896,-2.625684227226916,3.8660415266981865,2.912716795747108,2.0052524827696354,-2.272404973177106,-2.2145854156644136,2.8223669634893547,-1.4614748892358866,-1.291575868974879,-2.6088771145602507,-2.896559075900964,-2.1081019579608573,-0.6797743687284475,-2.4547264823520254,1.035701756034629,-1.3005445381532634,-2.399156646641225,2.0380742753064487,1.1881087550256908,6.241692718617718,1.255354900691276,-3.707488736562138,0.6906562922922495,0.7934304391514332,-0.4551790969224811,-1.932537216158453,-3.995170475680975,0.1584893513075091,-2.098051624127557,-2.0588309186665827,4.618155465372364,-1.1938335925159953,-2.1923622838185834,-2.853073982873746,0.4821650206163022,3.603327766580623,-2.853073982873746,-0.2638716070666494,-1.49921521314873,1.297797957910435,-3.612178647666817,5.452735594087836,-2.942021429305896,0.947898175097294,-3.119702516104118,2.8036610642312985,-0.8452887984893143,-0.3628626711145091,0.2282498150150737,-0.1074414688319136,3.3061559185774545,-0.4417302876266489,6.5589693944715135,2.491395403427012,0.6291472088938777,-0.8596775351132566,0.0349305081770099,-1.5733231768493674,-0.2670716096949199,-3.119702516104118,4.713544915515064,-2.544338614256006,4.377812232817945,4.146697431594764,-2.321195125441778,3.435969876569581,-1.0828210719347138,5.776261354904832,-1.527072164547456,2.626677598692816,3.150549951225538,1.7037097915093504,-0.3247957925081857,5.545076444222279,2.9381212550562705,-2.5923478180735198,0.7923199448797378,-2.8114013038418206,-1.6859420408503825,2.376781862410973,7.64720992320379,2.922137684094184,-3.658698620011707,6.675694936193103,5.007783524979179,1.942540285612727,-4.400634917123584,2.210328273069111,3.195353499064402,0.5438585887151413,4.177877124652446,0.3615370347701895,-3.119702516104118,2.4948433330096424,2.2289905048548944,-3.09230355693101,-1.3999170025540706,-1.7196152514210008,-3.525167346434697,-1.5733231768493674,-0.1781923229466543,5.040910409537079,0.6363156982790584,-0.3471143146975163,-2.965551915641898,-1.6280480698818098,3.880631389122143,3.7856604610431,-1.1978903928824567,3.5226388553866377,6.258357402504159,-2.9896494556065623,-1.3279435098388757,3.990584805186403,-2.6778699622376867,1.0123475333212084,3.892862572175238,-1.6218175209075714,5.926391390315412,-1.341929750509495,-2.714237593181053,2.8331072699105477,2.5447994307542823,-0.1929636398305753,4.318876517922031,6.746125880352059,-2.642778654741683,-2.942021429305896,-0.9763741973818544,-1.866939944434005,1.4486878685889644,1.5810297925555177,-2.6958884612468608,-2.225884968364721,4.1465033510508045,5.118378622332224,1.2476328546515751,5.63993944301593,1.4815706496266938,0.4545134897106011,-2.87458017884402,4.299810729470232,0.8304717104281902,4.957122959811875,-0.9286704024594216,4.531100046600279,0.0789700685668986,2.9115162353430524,-3.0656353240735923,-0.3575856141993147,0.9041594254595818,-2.4547264823520254,1.7001303693591434,2.315231202619965,-2.118254327363445,1.9239012442563916,1.1453214801474514,5.579635735240575,-1.4457265339211864,5.185355195126148,-1.5047248683525718,-3.039659851165601,-2.642778654741683,1.3064733542718103,-3.387233488965715e-05,1.4170693098017717,0.3529532912261601,4.387712545094098
ERR260182,1,6.646439678660633,-3.116247969425197,2.6261716938196304,-3.434701473271168,-1.80873492828443,8.012308579793368,3.485063885867503,2.4617645141724998,-2.518411241396721,-2.1129462443996365,-3.029236642940588,-1.9493168541608048,-1.387009355712022,-0.7926731472525582,-0.7491249045358219,4.433520066903895,-3.668316105154634,2.024528538269316,-2.2433080313205527,-3.668316105154634,1.6389077918699746,-2.642463846041558,1.7601046881952902,0.9080202889449344,0.4347611017965006,5.275216465042212,0.8998614186454041,2.7399514780456107,2.422516309324091,3.194550858211017,-2.8991835824430323,3.5601476799927423,-2.535218354063386,-1.2608979086893075,3.092280478079702,-3.1787682873058705,-2.181939100013576,-2.124119542500884,5.262183990391601,6.1758225890921175,-1.2011099958113491,-2.518411241396721,-2.8060932027374337,-2.017636084797328,1.6378639504445245,-2.3642606091884955,-3.0574075040342774,-1.2100786649897337,-2.308690773477696,-0.3436598153670506,1.2785746281892207,5.93226425010708,-3.7223832679454407,-3.617022863398608,0.7811221654557796,2.312299289832306,-0.3647132237589513,-1.8420713429949236,-3.904704602517445,0.248955224471039,-2.007585750964028,-3.3938795120842182,5.750619358037295,-1.1033677193524654,3.722513832658917,-2.762608109710216,0.5726308937798321,5.345816225887207,-2.762608109710216,-3.316918530207304,-1.4087493399852,-1.376314067739177,4.212964457311443,-0.0115259910493103,2.881408878654357,1.0383640482608238,3.3450301899385564,6.051759824206761,-0.7548229253257843,-0.2723967979509792,-3.029236642940588,-1.471092463490382,-2.78411430568049,1.305872523668161,7.192287836943444,-2.3642606091884955,0.7196130820574075,-0.7692116619497267,0.8185435500521441,-1.4828573036858377,3.6631911227672473,-3.029236642940588,4.263099978056074,2.288337987381257,3.646515963938238,3.7741447323563566,-2.2307292522782487,2.887114599830712,6.016077837660189,6.627358275632158,-1.436606291383926,1.0888962347317173,2.0641721159947752,-0.4621533258618976,-0.2343299193446557,6.080183400458861,5.064038345906291,1.863198310615944,-2.181939100013576,1.131380499341402,2.38315262679021,2.1459704740316288,6.371337783811941,4.775376783277454,-3.568232746848177,6.99167036087126,0.9357998527551816,-3.47726105145811,-5.003314224525998,0.1488166550001041,2.116640988975161,0.6343244618786712,4.984859680362802,-2.7209354306782907,-3.029236642940588,0.9851418235997744,4.22171369659534,2.028423037778698,3.972160203695669,0.4136706895095254,-3.434701473271168,-1.4828573036858377,-0.0877264497831244,1.6772854867724698,2.666363752285974,-0.2566484415339863,4.966911669147013,-1.53758219671828,3.969678247249983,4.586718063946013,-1.1074245197189267,4.647519723328629,4.823223486982479,-2.8991835824430323,-1.237477636675346,-0.7692116619497267,-2.5874040890741568,4.639868932567029,7.010186145470739,-1.5313516477440414,4.197739194262997,-1.251463877345965,-3.316918530207304,2.6175829234911725,2.395223225340982,-0.1024977666670453,4.720061319756963,4.861615592593743,2.2748965561351557,1.8145123513125188,-0.8859083242183245,-2.4696210931002995,0.2889810898251986,4.181170864278226,-1.7149161877474677,-2.135419095201191,4.785768067932394,6.19027212108016,-2.408063219053715,0.3264978284692533,-0.905645805758043,-0.1084679334753342,-2.78411430568049,4.314548316754413,-0.7406382911386569,5.967201506379256,1.3862510830077717,0.6442465842443457,5.448221370075777,3.5016404300397435,4.787023026302228,-0.2671197410357847,0.9946252986231118,-2.3642606091884955,-2.7209354306782907,-1.7001011041572345,2.0480177864066658,2.0143671174199214,-2.623771720017523,3.655027247348808,-1.3552606607576565,4.578144227419786,-1.414258995189042,-2.9491939780020715,-2.552312781578153,1.3969392274353405,0.0904320008286401,-2.3932481376583885,0.4434191643896901,-0.9156625833326032
ERR260185,1,6.288201010674265,-3.6891839292293542,2.219392353658528,-4.700783780302979,2.168921766107652,4.917273048835685,-1.1242351312081946,1.2415763915083606,0.7658672414412478,4.535157692549884,-3.602172602744746,2.39759019299994,3.937592395747982,4.865281085777554,-1.3220608643399798,-0.8667239469737873,-4.241252064958792,0.8031901633372303,-1.2042778349967274,-4.241252064958792,2.2627198486946645,-3.215399805845716,0.1744118889555407,-1.3192239831657382,-4.413102124517257,-0.6432201074310093,3.1930353524425885,1.069096834592676,-3.293871390482449,1.1853185891115283,0.2585565644363545,2.492775145705149,-3.1081543138675443,-1.8338338684934652,4.50486059067496,2.1172274583361728,1.6310129218300582,1.7580751685893456,1.4530105155995083,6.603967177638107,-1.7740459556155073,2.1756511504761438,1.8232662181334125,-2.590572044601485,-1.1622444553690756,-2.937196568992653,1.0602171732644252,-1.7830146247938916,3.8520965871781354,2.657939289688189,0.7056386683850626,2.439139195856755,-0.0436555062266698,-4.189958823202766,0.2081862056516214,0.310960352510805,-0.9376491835631092,-2.415007302799081,-4.477640562321603,-0.3239807353331189,-2.5805217107681857,-3.966815471888376,3.9819504313966174,-1.6763036791566237,0.0177134392077898,0.6415488129710356,6.094061279674029,3.064288742818628,-1.174424873332489,0.8643733325413298,-1.981685299789358,3.6750745687152726,-4.094648734307445,5.25268996499169,-3.424491515946524,0.4654280884566658,1.2865037329133449,4.624430033182917,-1.3277588851299424,-0.8453327577551373,1.120780068282599,-2.04402842329454,-3.357050265484648,-0.9242003742672767,3.0125524426483263,-2.937196568992653,0.1466771222532495,-1.3421476217538848,-0.4475395784636181,-2.055793263489995,-0.749541696335548,-3.602172602744746,4.509521591285696,0.931023534033004,3.1123344244284725,3.878662409883917,-2.803665212082407,-0.1192251095544531,7.145965898979919,5.368294224714663,-2.0095422511880843,0.0339499580157664,-4.352477576230145,1.1461349124944369,2.970575476999026,3.7710267627564473,3.966234805463027,0.6890470360201156,2.3686634224297034,-0.5060928857862464,2.740730428039692,3.5438113098520305,6.38323226579285,-2.4583041010527817,-1.502112261390367,0.6737210656593338,5.591941847069761,1.3210466407981585,0.286239992865429,3.854345584109297,3.7072622975589575,4.139842986846799,4.802075274224353,2.231825034637808,1.8851562987007056,2.9117161492409003,2.228241968921007,-3.574773643571638,1.7517891342872132,0.5427236918876015,0.8246674988036331,2.172550906868451,-0.6606624095872824,-2.3573781994539686,-3.379029162541592,-0.8295844013381444,4.306601997809067,3.408840428748998,-3.818395577114849,4.128758039192692,-1.6803604795230846,2.708552875422224,6.79007844121649,-3.4721195422471904,-1.810413596479504,3.5372228026908297,-3.160340048878315,4.626211400555919,2.796514211415561,-2.1042876075481995,2.8250342073477803,-1.8243998371501229,-3.8898544900114618,-4.413102124517257,-1.0202742005080312,-0.6754337264712033,3.882757125301449,6.152160008447332,1.5067980398738017,1.9915050586940684,-1.4588442840224825,0.6837096234660919,-2.6970555023050418,4.095881218601933,-3.1783585478874885,-2.708355055005349,4.417293426764395,3.891731644038415,2.680093589634281,3.342503183652713,2.981082372165452,-2.026636682599206,-3.357050265484648,-4.295319227749599,1.1862440866281885,5.469307364356448,-1.4111404891000494,3.2869654570861,-0.4035000180737294,3.327561027944243,2.4802993995093305,-0.8400557008399426,2.812741933998246,3.07322963098334,-3.293871390482449,-2.2730370639613926,-2.6007244140040733,3.4691172008626308,2.63027485934184,4.652413517230316,-1.9281966205618144,3.94086475609112,-1.9871949549932,2.0284410754510502,1.4843938441960096,4.9667898807063455,-0.4825039589755178,-0.0452390378072384,-0.1295167954144679,-1.488598543136761
ERR260186,1,4.275518629487941,0.1194033740144027,-0.121649288284373,-4.811465296981407,-2.492352404767016,0.4499270574435332,1.9994102421951756,-3.4045529071608764,-3.2020287178793065,-2.7965637208822223,-3.7128541194231737,2.6143874240606944,-2.7637739052276884,-1.476290623735144,-1.4327423810184077,3.6633405116208806,2.801117001492891,-0.9196466315224532,-1.2949586859685855,-4.351933581637219,-2.525688819477509,-3.326081322524144,-2.120223767866512,-1.4299054998441658,-4.523783641195685,2.0500698432793434,0.2162439421628185,3.075929363336112,-2.27249296100947,3.6622966701903454,-3.582801058925618,-3.929077093793276,-3.218835830545972,4.595125264312359,3.700680184882341,1.4058042555194588,-2.8655565764961617,2.673650463837316,2.424872380307563,5.316296831866178,-1.884727472293935,-3.2020287178793065,-3.4897106792200194,-2.701253561279913,-1.2729259720475032,2.133423523603622,-3.741024980516863,-1.8936961414723192,-2.9923082499602813,-1.0272772918496362,0.594957151706635,-2.671400604072001,-4.4060007444280265,2.592203327380711,0.0975046889731938,0.8934260108429332,-1.0483307002415372,-1.5992800598151886,-4.58832207900003,2.321163700825447,-2.6912032274466133,0.885626528451561,3.5532741049661047,-1.0938380557609333,-2.7855138871376397,1.973367103707604,-0.1109865827027535,6.007677786823344,-3.446225586192802,-4.000536006689889,1.5678077591579955,-2.0599315442217625,1.151255118883808,3.216227124595212,0.8363328821340205,0.3547465717782381,4.264522632673796,2.2565630632905203,3.3054476468461016,-0.9560142744335648,-4.4631590929085725,-2.1547099399729674,0.4734273910151572,-1.0348818909457047,5.716411477162871,-3.0478780856710808,0.0359956055748219,-1.4528291384323124,-0.5582210951420458,3.9187116935870927,-0.8602232130139758,-3.7128541194231737,3.386392943749412,1.6601062371432114,2.5236236296894923,0.3980191983022043,-2.9143467287608344,-0.2299066262328808,3.932250724175645,4.437436854408296,-2.120223767866512,-1.998056146886653,2.0183267756675423,3.1144133536929948,-0.2248002322452244,5.670032787149766,3.2364689871065444,-0.0899963071256375,-2.8655565764961617,-3.4045529071608764,1.666274336868007,3.779936575944576,5.645464992038532,0.2458398603631715,-4.251850223330763,0.563039548980906,4.833703125175462,-4.160878527940696,-5.686931701008584,-2.711405930682501,1.5232917388619251,-0.0492930146039144,3.763303072888256,-3.4045529071608764,1.2703713606174238,3.271347110011414,3.761696899801159,1.3244586163472412,2.8525667781178377,-2.3127668547400564,-4.118318949753753,2.6136922554550086,-0.7713439262657101,4.421319597322295,1.278333487958594,-0.940265918016572,4.022068640957482,4.461816908253026,-0.7171223736468066,3.5574582114870577,-1.7910419962015125,3.0254294598465816,4.102397225457349,1.5976108282493464,-1.9210951131579317,4.052808643738364,3.217151213481712,4.16797066573861,2.639774722308858,-2.214969124226627,2.2790264534029334,3.857559940070826,-4.000536006689889,1.6363670240711443,2.7592339880211614,-0.786115243149631,3.594496671455562,4.540763519473734,0.8491760241493627,-3.5351730326249515,2.0759155272284846,3.38914158261274,0.7304499693146228,2.201398801238444,-0.0811336199987051,2.6221995775045115,3.3020595021018693,6.117706685488979,-3.0916806955363008,4.268669805987494,-1.5892632822406283,-0.2735055095267314,0.190239710916032,4.53400144245583,2.31005470618296,4.280652777129649,-1.5218220057784773,5.048164482300811,3.7791935188500254,3.266445771683854,4.9743250494989,-0.9507372175183704,3.576110966985996,0.9490108599354056,-3.4045529071608764,1.3197595294596445,-2.711405930682501,3.164269561022876,-3.3073891965001088,4.143464896643177,-2.0388781372402422,4.757421596766359,-2.097876471671628,-3.632811454484657,-3.2359302580607388,2.494952573331806,0.6495359922606007,-0.8927993823872877,5.716362380431144,-1.5992800598151886
ERR260188,1,4.481729287415899,-3.4055583443730324,-0.2713830998723394,-4.417158195446657,-2.098045303232265,8.001081666097823,2.3364725163793167,-3.0102458056261265,-2.8077216163445566,-2.4022566193474724,-3.3185470178884238,0.6475426637809124,-2.3694668036929385,4.535272966329401,-1.0384352794836578,1.053007768380305,-3.957626480102469,-0.5253395299877032,-2.5326184062683885,-3.957626480102469,-2.1313817179427588,-2.9317742209893938,-1.7259166663317618,-0.3424512460780815,-4.129476539660935,2.871881670419512,0.6105510436975684,2.3292522684199195,1.8017722111092629,-3.3185470178884238,-3.188493957390868,-3.5347699922585263,-2.824528729011222,3.342809743748006,2.759986220622806,0.1661055055238817,-2.471249474961412,-2.4134299174487195,2.4173076228937704,4.577963791572713,-1.4904203707591848,-2.8077216163445566,-3.095403577685269,-2.306946459745163,1.3697375243672474,-2.6535709841363317,-3.346717878982113,-1.4993890399375691,-2.5980011484255314,-0.6329701903148864,0.9892642532413848,0.5256723405235648,-4.011693642893277,2.5758552623514817,0.4918117905079437,0.5945859373671274,0.0391235625107989,-2.1313817179427588,-4.19401497746528,1.521255468299905,-2.2968961259118634,3.167697901108104,4.390436695924092,-1.392678094300301,-2.3912067856028894,-3.051918484658052,1.9725213671773687,4.823095235974205,-3.051918484658052,-2.0657844462183106,-1.0049125893181408,-1.6656244426870126,2.657662323374245,3.8882417667382807,-3.1408659310902016,6.303939240477827,3.793462878623272,3.0638323016970865,1.2509954406581676,-0.561707172898815,-4.068851991373823,-1.7604028384382178,-3.073424680628326,-0.6405747894109547,3.667197024913881,-2.6535709841363317,0.4303027071095718,-1.0585220368975623,-0.1639139936072958,-1.772167678633673,5.433304831113441,-3.3185470178884238,2.7469158141687924,1.687261280997124,-4.822622470223224,-2.7124114668432524,4.614811133107932,0.1644004753018691,-1.2816655737190197,3.671964675497716,-1.7259166663317618,-0.5812981816781303,2.6123704752717023,2.9327138436975244,3.266550709384569,4.93233357140184,-0.9566458509373402,1.6771620741951534,-2.471249474961412,-1.731582403225426,-1.884786542634688,1.0201945537049435,6.061587142394516,1.5904240709759716,-3.857543121796013,6.235737050031658,4.214789566899686,-3.766571426405946,-5.292624599473834,3.470048724327858,1.3738191626660712,0.3450140869308354,3.350174694532482,-1.1463242350218856,2.393717343729925,2.851527952223286,4.879495811469052,0.3072737594958737,2.771630447858526,-1.9184597532053065,-3.724011848219003,1.2527210666157114,-0.3770368247309602,5.731428409155664,1.792100633334868,-0.545958816481822,-3.164396417426204,0.3057933743473548,-3.5347699922585263,3.1769697139817152,-1.3967348946667624,1.2692503684727068,4.575459728925634,1.0874939442135914,2.0390863728784323,3.2159677455317914,-2.183567462033428,0.8135030315369027,3.998258968662016,-1.820662022691877,2.595555854007289,-1.5407742522938006,-3.60622890515514,1.4587067649222694,0.6988359576421472,0.9472573139409376,4.248912999162849,4.454064782531568,0.4844043493215327,-3.1408659310902016,0.4631136267793052,3.0924493398967488,0.3464375746954261,1.3821852907712115,-2.8947329630311667,3.0148307285327904,2.2082325081064544,4.591900369672824,-2.697373594001551,4.058447154330861,1.721646526489804,-4.19401497746528,-3.073424680628326,3.96092450731625,1.3899811305414396,3.3307967283564754,-1.1275149042437271,5.88019244052224,-0.119874433217407,2.8075935448699227,3.4015385430880034,-0.5564301159836205,2.444725984956644,-2.6535709841363317,-3.0102458056261265,-1.98941147910507,-2.317098829147751,3.0431386349472023,-2.913082094965359,3.69806211094865,-0.1086003568984012,2.676521581751487,-1.7035693701368777,-3.238504352949907,-2.841623156525989,1.1076288524875046,-0.1988783741191955,-4.599479418907889,0.1541087894418543,-1.2049729582804387
ERR260189,1,6.845727395287211,1.6874270132381808,-1.8571969554055296,-4.382924066381832,-2.0638111741674403,0.8784682880431083,2.518811475286191,-2.9760116765613014,-2.7734874872797315,-2.368022490282647,-3.2843128888235986,-2.204393100043815,-2.3352326746281133,1.1589911999141975,-1.0042011504188326,-0.5488642330526399,-3.230245696793073,-0.4911054009228781,-1.1057809371618532,-3.923392351037645,-2.097147588877934,-2.204393100043815,-1.6916825372669366,-1.0013642692445908,-4.09524241059611,3.770424025431399,3.932355252218082,1.386956548513823,-2.9760116765613014,5.908824250888404,-3.154259828326043,-3.500535863193701,-2.790294599946397,4.331450260287276,0.5260459195727689,1.0507962777851505,-2.437015345896586,0.455998196559819,1.580225074032592,4.528581737761503,-1.4561862416943598,-2.7734874872797315,0.0419209187697797,2.320262382238743,-0.8443847414479282,-2.6193368550715057,0.4306127322048367,-1.4651549108727442,-2.5637670193607063,-0.5987360612500613,1.02349838230621,-2.2428593734724265,-1.5795652511304787,-0.4742415954396626,0.5260459195727689,0.6288200664319523,-0.619789469641962,-0.841966360700618,-4.159780848400455,-0.0061210214119716,2.115607391458561,-3.648955757967229,4.907841888195475,-1.358443965235476,1.6267061221079744,-1.050721163348098,0.3175546478968215,2.432165862900096,-1.5207247568795506,-3.5719947760903143,1.936042383702328,0.8320100336198469,3.258958709016465,4.947772135740574,3.4645763544967347,0.7832878023778134,1.331906583290182,3.884394847740848,-1.009899171208795,-0.5274730438339899,-4.034617862308997,-1.7261687093733924,3.048966184747468,-0.6063406603461295,-2.031550317153485,-2.6193368550715057,0.4645368361743969,-1.0242879078327372,-0.1296798645424707,-1.737933549568848,7.063580331948091,2.7079840904206063,4.1286181983056505,2.100181620958509,0.32359696226151,2.889241152403157,-2.4858054981612594,2.408295731551735,-1.2474314446541943,5.400407224000107,-1.6916825372669366,-0.4126337880484473,2.116359931314087,3.416485997534115,-0.4894061652276663,4.116001649901713,-0.9224117218725152,-2.756958190793,-2.437015345896586,0.9633878397119942,4.286330246065776,-0.4894061652276663,5.711609085274307,2.7879627467464614,-3.823308992731188,6.570800523902067,5.494046713918836,-3.732337297341121,-5.258390470409009,3.6807669017470106,1.8657616822495944,0.3792482159956606,4.253708378530764,-2.9760116765613014,-3.2843128888235986,1.5114771058091094,3.329965229188065,-3.2569139296504908,-1.5645273752735511,-1.8842256241404816,-3.6897777191541774,-1.737933549568848,-0.3428026956661351,1.4201991899715358,2.2899507405103225,-0.5117246874169971,4.949720763460521,-1.7926584426012906,2.448848026710637,0.4360108559015445,-1.3625007656019372,4.796663292727895,4.7576357444998685,-3.154259828326043,-1.4925538825583566,3.7885324549397392,-2.8424803349571675,0.8477371606017278,2.8337837548860385,3.991128152834959,3.979288658356092,-1.5065401232289757,-3.5719947760903143,-1.4925538825583566,1.9568455112702647,-0.357574012550056,4.41939627428383,5.641547129867812,-2.807389027461164,-2.4134848540234897,1.1365331888244905,-2.72469733898331,1.2191930939826527,1.4164194198360367,1.9667958420943124,-2.390495341084202,4.07299471025171,6.625261100357495,2.034078846267073,0.0714215825862426,3.4226847163325687,-4.159780848400455,-3.0391905515635007,4.323619797023532,3.758992021909152,5.232301802392734,-1.0932807751789022,4.877251873934808,3.5455403519905166,3.12832550545382,-3.230245696793073,0.6932892171009551,0.7395490527401012,3.064631278908975,-2.9760116765613014,1.5917316999817794,-2.2828647000829263,1.7592908715369109,0.990035184230645,3.962687998502801,-1.610336906640667,5.463223977876399,-1.6693352410720526,-3.204270223885082,-2.807389027461164,2.8209756980384024,2.737114355262252,-4.565245289843064,0.1883429185066794,-1.1707388292156136
ERR260190,1,5.563127905626702,-3.828558194283561,2.7058464798612625,-4.840158045357185,-2.521045153142794,0.4212343090677545,3.385834117859964,-2.74009867905828,-3.230721466255085,-2.825256469258001,-3.741546867798952,-2.6616270790191687,-2.7924666536034675,-1.5049833721109225,1.0982556183893764,0.8790585762340366,-4.380626330012998,1.432088168992776,-2.955618256178917,-4.380626330012998,1.5365672387106306,-3.3547740708999223,0.42597876476719,-0.427361398479808,-0.281033447083772,-0.7825943724852158,2.9987092283823245,3.1513761865210608,1.4476988512372146,0.0363090798733651,-3.6114938073013967,-0.0361386536280047,-3.2475285789217505,2.3017449987691565,3.984836756086789,0.5473887958754672,2.643084704988769,-2.836429767359248,2.2605547884707606,-2.083319240930721,-1.9134202206697133,-3.230721466255085,3.0951294782462915,-1.0828430574447934,-1.301618720423282,0.6746122244003958,-3.07657083404686,-1.9223888898480976,5.676168389731536,-1.055970040225415,0.5662644033308564,3.497148951032263,-3.741546867798952,3.563416752980248,0.0688119405974152,0.1715860874565987,-1.0770234486173156,0.0943142330986359,0.4973783756916751,-0.4633550003873253,2.3552776406614546,0.5466263101409465,4.6197973517285575,-1.8156779442108295,4.656812180894453,1.7351485539120413,6.812356666220019,4.38684110101074,-3.474918334568581,-0.9517465381037588,-2.121059564843564,5.540643215397118,2.1886325634791763,5.128452127634964,3.5488970320368014,0.3260538234024595,-3.741546867798952,-1.756721781713492,4.527967577932261,-0.2915598598860823,0.3112032512214195,0.5304783238571373,-3.4964245305388544,-1.063574639321483,-2.48878429612884,2.137432528102696,0.0073028571990432,-1.481521886808091,-0.5869138435178244,-2.195167528544202,-0.8889159613897544,3.4674640485177317,2.2801499180671425,1.8866730330766304,1.6723282863025903,3.701368304733888,-2.943039477136613,0.8360231567463559,6.119047125890736,4.764562351176905,-2.1489165162422905,-0.8267841822135482,2.4855380643429417,2.1659314691911096,0.8076401337582418,1.8944319499322524,-1.3796457008478689,-3.2141921697683538,1.0942934736681265,-3.433245655536655,3.211977590402673,3.2088947772898906,4.391762748983377,3.5555812207393847,1.00096632898723,1.4267245341286552,4.002492916420317,3.82375664368008,0.9887859104897048,3.630605523362536,2.723300452908876,-0.0779857629796931,4.132452096099421,2.447742868223149,-3.741546867798952,1.029607904813881,4.260421596146982,1.8318732355483085,2.3622532543891905,1.870160374386128,-0.547419745396304,-2.195167528544202,-0.8000366746414889,-2.496752464508176,3.432070268365497,-0.9689586663923508,4.6113867635505335,-2.2498924215766443,2.7764520420451437,3.30258242529951,-1.8197347445772911,-3.0346066466895074,5.599036302727161,-3.6114938073013967,3.1632590683359543,3.1678731355014755,-3.299714313932521,4.01083548769784,3.371820863627005,-2.243661872602406,2.883623877632409,5.079857142546842,-4.029228755065668,0.8942597374835586,1.6841365415597096,4.555483878423224,-0.9198378707217716,5.328668440591574,-3.2646230064365174,0.678630983968396,3.203985220496773,4.263856717571594,1.0389756547736035,4.32244244246931,-1.5139253089535254,-2.847729320059556,2.5665510191671177,5.406598345087832,1.202077164419338,-0.385812396389111,1.7785792737199453,0.0749431675771673,-3.4964245305388544,-0.8480939681515506,2.5377033584886632,4.5187730641472,-1.550514754154256,4.8524936341725615,3.120861754442234,1.4572565006554692,2.133539351814014,3.9579174975962608,0.2823150737647474,3.560087593604638,1.82446187289436,-2.412411329015599,-2.0469516005391357,1.302056892561557,0.3425597391290636,3.948306659565642,-2.067570885616021,5.307136392336761,-0.6182040007578392,-0.0498940285072767,-3.2646230064365174,3.115557629865872,-0.6218782240297243,1.810550466124955,-0.2688910604686743,-1.6279728081909677
ERR260191,1,6.957648164810206,3.0913543233384377,2.6635493565686152,1.2563925677163037,-1.6275833991749458,5.903256952608391,-0.3701476422945524,0.0934250793263597,-2.3372597122872367,-1.931794715290153,-2.848085113831104,-1.7681653250513203,-1.8990048996356188,-0.611521618143074,-0.5679733754263377,3.348810948234484,-3.4871645760451497,1.6486328145660376,-2.0621565022110686,-3.4871645760451497,-1.660919813885439,-2.461312316932074,3.4296015534800945,-0.565136494252096,-0.6447071651262162,5.059892909918324,1.0810129477548882,3.9085236709163302,3.799746807498587,-2.848085113831104,-2.718032053333548,0.7895005049597634,-2.354066824953902,5.963773483671946,3.0806165574640136,2.308412086877931,-0.7211775242425821,-1.9429680133913996,0.9961342445808844,-1.1898574869628724,-1.019958466701865,-2.3372597122872367,-2.6249416736279496,-1.8364845556878435,-0.4081569664554333,-2.1831090800790114,-2.8762559749247933,3.6840059935331215,3.902885837239373,-0.1625082862575665,1.4597261572987048,3.674987041486189,-3.5412317388359567,-3.435871334289124,0.9622736945652636,1.065047841424447,-0.1835616946494672,-1.660919813885439,-3.723553073407961,0.4301067535805232,-1.8264342218545435,-3.212727982974734,-1.233107466079558,2.0254138647856403,3.025283294789782,-2.581456580600732,0.7537824228893163,4.300827698587188,-2.581456580600732,-3.13576700109782,-1.2275978108757155,3.283140821304365,3.382614478028705,0.1696255380601738,-2.6704040270328817,1.219515577370308,-2.848085113831104,6.471019417430896,-0.5736713962163003,-0.0912452688414951,1.0826500558789205,-1.2899409343808976,-2.602962776571006,-0.1701128853536347,6.2074899454314485,-2.1831090800790114,0.9007646111668915,-0.5880601328402425,0.306547910450024,-1.3017057745763532,0.004545792578094,3.638752397774856,4.901452289534137,-2.272721211982992,-4.352160566165904,5.198463688074465,-2.0495777231687646,0.634862379359189,-0.8112036696616997,4.74621169138306,-1.255454762274442,1.464203776686584,3.42834894371428,-0.2810017967524134,-0.0531783902351714,4.227112508019904,-0.4861839468800203,-2.3207304158005053,2.4670341885690603,-1.1845804304189766,-1.4143246385773685,-0.0531783902351714,7.209326346939582,5.257959630953686,-1.5337646586379834,7.506608421062774,6.325100741179576,-3.296109522348626,-0.8112036696616997,4.29122215093194,4.395983103856039,3.7304708577130574,5.329945003331606,-2.539783901568806,-2.848085113831104,-0.7791153573985283,4.321734684438575,-2.820686154657996,2.325864536773776,-1.4479978491479866,1.9315045728572628,-1.3017057745763532,0.0934250793263597,1.880775993853316,1.340726975751598,-0.0754969124245021,-2.693934513368884,-1.3564306676087958,-3.0643080882012064,4.267586714029814,-0.9262729906094428,0.5948222186190096,5.520852392336537,-2.718032053333548,-1.0563261075658616,3.853806444901191,-2.4062525599646727,5.636320291910788,2.709385688142397,3.770579139150179,3.256335471241472,-1.0703123482364807,-3.13576700109782,-3.659014635603615,-0.2661867115943891,0.0786537624424387,5.619333540854349,7.086518263564724,-2.371161252468669,-2.6704040270328817,-0.7047567951088403,-2.2884695639908155,2.666014896308088,4.682692326576393,3.588687725125356,-1.954267566091707,2.5376827948209666,5.134937450754186,-2.226911689944231,0.5076493575787375,4.59736433778814,-3.723553073407961,-2.602962776571006,-3.5412317388359567,-0.5594867620291726,6.0123662024490825,-0.6570530001864074,-0.0930104943037437,0.3505874708399128,4.261067313904616,-2.7940179218005783,-0.0859682119263005,1.175776827732596,-2.1831090800790114,3.0374008890590187,3.1238845376499067,-1.846636925090431,2.195518646529405,-2.442620190908039,5.661086551098592,3.313824641206472,5.276476372066195,-1.233107466079558,-2.7680424488925874,-2.371161252468669,1.5780907565448246,0.2715835299381243,2.3010224950425453,0.6245706934991743,1.7243317358703063
ERR260192,1,6.449066812198065,0.8765983657583963,-1.6421726753901742,-0.166647283387861,-1.848786894152085,5.188571828036396,-0.5913511372716919,-2.760987396545946,-2.558463207264376,4.402611312130726,-3.069288608808243,-1.2962217338081237,-2.1202083946127583,-0.8327251131202134,1.247457941360845,1.6169488498361793,-3.708368071022289,2.9352835400678785,-2.283359997188208,-3.0152214167777176,0.0900725565570538,-2.682515811909213,-1.4766582572515814,2.1177862301760157,1.4967936386934075,2.245010909424736,0.859809452777749,3.995137424985738,-2.760987396545946,-2.37614170602596,-2.939235548310688,-3.2855115831783457,-2.5752703199310414,-1.3009498745569628,3.048808034901394,1.0120076918468437,-2.221991065881231,-1.405783925396116,3.770900795717116,5.2165462759662775,-1.2411619616790044,-2.558463207264376,-2.846145168605089,-2.0576880506649826,-0.6293604614325726,-2.4043125750561507,-3.0974594699019327,1.588895062178768,-2.348742739345351,-0.3837117812347058,1.2385226623215655,-2.027835093457071,-3.762435233813096,3.3298602485146875,0.7410701995881241,0.8438443464473078,-0.4047651896266065,1.2817053682258324,-3.9447565683851,0.2089032586033837,-2.047637716831683,-3.433931477951873,2.45793290614313,-1.1434196852201206,-2.1419483765227088,-2.8026600755778714,0.532578927912177,0.1017960199782308,-2.8026600755778714,-3.356970496074959,-1.4488013058528553,1.3272154963355172,-3.5617647403709425,2.6214455967762533,1.501404597844905,0.9983120823931686,-3.069288608808243,4.8471334347947925,3.1540584122133906,-0.3124487638186344,-3.819593582293642,-1.5111444293580372,2.988535162352145,-0.3913163803307742,-1.8165260371381304,0.7072958828920436,0.6795611161897523,0.149586682726778,0.0853444154728847,-0.1485198993429894,5.002952837424076,-3.069288608808243,2.772321017701308,1.9908415160738924,-0.2829070857449527,-1.7700060287182435,-2.270781218145904,3.0601240892052366,7.305066227232015,3.899352140697229,-1.4766582572515814,-2.915138008346023,-3.819593582293642,-0.5022052917295527,2.3487846005902187,5.548282151286618,-0.7073874418571597,-1.18053734511467,-2.221991065881231,-2.760987396545946,2.1405005277116995,1.7365517216320523,8.100668569425562,-1.925420107116279,1.0497480194822513,1.2066050595958364,5.994534279447377,-3.5173130173257654,-5.0433661903936535,3.188484847187425,3.77351269319948,0.5942724960110161,4.911019580267667,-2.760987396545946,1.44644246505254,-1.000318852375668,4.104328527356206,1.8711620768484905,0.4136588843820495,-1.669201344125126,-3.474753439138823,-1.5229092695534927,-0.1277784156507797,4.366967923724919,-2.846145168605089,-0.2967004074016415,-2.915138008346023,-1.5776341625859351,2.399942350923029,1.5978119845768697,-1.147476485586582,-1.669201344125126,5.312771353188284,-2.939235548310688,-1.2775296025430012,4.57246195627647,2.5474819353231286,4.560146760992901,4.533444950284677,-1.571403613611697,5.124786660446674,3.028535399983998,-3.356970496074959,-3.8802181305807535,4.656212553934529,5.297520317479269,0.9978364581318896,5.6480109273393815,-2.592364747445808,2.1374610117030417,-0.9259602900859796,1.4745964657800008,1.802509689133715,1.631443699851392,-2.645474553950986,-2.1754710610688464,3.3587263546970925,5.891663493525199,-2.4481151849213703,1.6924098286072664,3.778421186448613,-3.9447565683851,-2.8241662715481453,4.910144855940362,2.804860988820761,6.045634911128038,-0.8782564951635468,2.6544774770281188,0.1293839758627734,4.842991549191942,0.378933173611218,1.2888431572231764,1.6477205083476922,-2.4043125750561507,-2.760987396545946,-1.7401530700248895,-2.0678404200675704,1.974315151552266,1.969825604654192,5.208306402580101,4.683141491919992,4.106328060045974,-1.454310961056697,-2.9892459438697268,-2.592364747445808,1.356887261567685,0.0503800349609851,-4.350221009827709,7.537119866504674,-0.9557145492002582
ERR260193,0,6.269297264477138,0.1695513305564971,1.0217631967566407,-4.497025832568941,-2.1779129403545494,0.7643665218559992,-0.9204771834741564,-3.0901134427484105,-2.8875892534668406,-2.4821242564697563,-3.398414655010708,4.161028477971878,1.9117758312912805,5.552110421989819,-1.1183029166059415,2.2712741250972157,-4.037494117224753,-0.6052071671099871,-2.6124860433906725,5.470639134926963,-2.211249355065043,-3.0116418581116777,-1.805784303454046,-1.1154660354317,-4.209344176783219,-0.4394621596969711,1.270251292194874,1.272854782326714,2.3848970214236758,4.689515276342582,-3.268361594513152,-3.61463762938081,-1.2261918721441696,-1.630075920759427,2.7157584917628133,1.18541784370922,-2.551117112083696,-2.4932975545710034,-2.777241231123835,4.862307425563447,-1.570288007881469,-2.8875892534668406,0.8973573436300742,-2.386814096867447,-0.9584865076350372,-2.7334386212586157,-3.426585516104397,-1.5792566770598535,-2.677868785547816,-0.7128378274371703,0.9093966161191008,4.295243665903947,-0.7358273447809671,-3.986200875468728,0.4119441533856598,0.5147183002448433,-0.733891235829071,-2.211249355065043,3.067124527697656,-0.1202227875990808,-2.3767637630341474,-3.763057524154338,5.31717336256626,-1.4725457314225852,-2.4710744227251733,1.1401402322782406,0.2034528817097125,4.309121952761212,-0.5522146387250177,-3.686096542277424,-1.7779273520553198,-1.7454920798092968,5.240759597622542,3.5037131564429167,2.9484874057274157,0.6691860361907042,-3.398414655010708,5.047031321285932,-1.124000937395904,-0.6415748100210988,-4.1487196284961065,-1.8402704755605013,-3.15329231775061,-0.7204424265332386,2.9896792334956523,-2.7334386212586157,0.3504350699872878,-1.1383896740198465,-0.2437816307295799,-1.8520353157559573,5.22388846535277,-3.398414655010708,2.6007970247108685,1.576017038706432,-4.902490107345508,1.020425403923929,-2.5999072643483685,0.0845328381795849,-1.3615332108413034,4.431347760840367,-1.805784303454046,0.0690553153768482,1.750047792552322,2.6357362590024893,3.7262866809730792,3.671931218000314,3.8280361948009207,2.6879806579722647,-2.551117112083696,0.8697270366491476,3.0300490005643907,1.9636591243908812,5.249035966260006,2.0951033779247354,-3.937410758918297,0.877479013393372,3.780808067428259,1.396916097365751,-5.372492236596118,3.149963065296417,2.826253224759573,0.2651464498085515,4.65191607805386,1.1542914117410423,-3.398414655010708,2.055004765913255,4.929404954243682,-0.129691558828692,3.3847841491014634,-1.9983273903275904,-3.803879485341288,-1.8520353157559573,-0.4569044618532441,4.1435920339461,-0.138184178694033,1.1173164188500757,6.271450473255119,2.613804670272173,3.063052966655664,3.5706441983994552,-1.4766025317890463,2.022119791164388,5.024687057572606,-3.268361594513152,-1.6066556487454655,1.298016571771301,2.2682036947499977,0.7336353944146187,0.7622024872712823,-1.900529659814161,-1.6206418894160848,5.4793774361103305,-3.686096542277424,1.5064479646568194,0.8705049441113406,-0.471675778737165,-0.5767056579335269,6.0979057872638345,3.8331531503018215,1.7771065816427034,2.686337272230612,4.106710293887903,1.2539565822056935,1.3023176536489276,-2.97460060015345,-2.504597107271311,3.1376320579116688,5.977105269099499,-2.777241231123835,-0.0426801836008663,1.858501293139544,-2.3767637630341474,2.613260378519103,4.028596717990405,-1.1098163032087769,2.566306012992895,-1.2073825413660113,5.643979770626341,-0.1997420703396911,2.692768973566684,3.404349855175452,-0.6362977531059045,3.0149526686832884,2.662264406859354,-0.369893087307407,-0.904291859801626,-2.3969664662700354,3.9459448935097785,-2.992949732087643,-2.012120710557339,0.929389877272512,5.561638776011952,-1.783437007259162,-0.0903082316447626,-2.921490793648273,5.283736709488193,-0.2787460112414795,-4.679347056030173,0.0742411523195704,-1.2848405954027229
ERR260194,1,7.196250562190658,-3.122687826218628,-1.60856056631595,-4.134287677292252,4.164706377840866,1.1271046771326876,-0.5577390281974678,1.327421576576083,-2.524851098190152,-2.119386101193068,-3.035676499734019,-1.955756710954236,-2.0865962855385343,-0.7991130040459894,-0.7555647613292531,3.776973578931284,-3.674755961948065,0.5570585535621332,-1.5566008341362931,-3.674755961948065,1.6698411095580783,1.6402622067628616,2.2494987856499646,-0.7527278801550115,-3.8466060215065294,3.435208444967377,0.893421561851973,4.295674265209496,-2.727375287471722,2.8617820175989603,-2.9056234392364635,-3.2518994741041216,-2.5416582108568173,5.561127981864474,3.603399621969028,2.642597661719264,-0.6277313966375497,3.324665453889301,2.435893095295264,6.428779987897628,4.862011740379008,-2.524851098190152,-2.812533059530865,0.5945723291006513,-0.5957483523583487,-2.370700465981926,-3.0638473608277086,0.9240773635531356,-2.3151306302711268,-0.3500996721604819,1.2721347713957891,-1.994222984382847,0.4018879884007524,-3.6234627201920393,0.7746823086623483,0.8774564555215317,-0.3711530805523824,-1.8485111997883543,3.1968801028709737,0.2425153676776078,-2.0140256077574588,-3.4003193688776494,-1.4206988519824733,-1.1098075761458963,5.032865130743074,-2.769047966503648,0.5661910369864009,2.4743858198681528,-2.769047966503648,-3.323358387000735,-1.4151891967786312,2.4844496417848783,3.0994067207965577,2.794085223859996,5.546877235624859,1.031924191467393,-3.035676499734019,4.7136933011838735,-0.7612627821192156,-0.2788366547444104,1.6892495315687657,-1.477532320283813,-2.790554162473921,-0.3577042712565502,-1.782913928063906,1.3798112262143405,0.7131732252639764,-0.7756515187431579,0.1189565245471087,-1.4892971604792686,-0.1830455933248212,4.088488043573284,4.440512160393694,1.8284327385729624,-0.8322985510291314,2.9679356271263275,-2.23716910907168,3.684006835588666,5.8857953562365735,4.335672468102723,-1.443046148177357,-0.3165769813705895,-3.092834880894248,-0.4685931826553289,-0.2407697761380868,3.0462881458380773,-0.6737753327829358,-2.508321801703421,2.8513524752234605,1.2906606808660164,-1.6019160244802837,-0.2407697761380868,6.942402479258679,-1.8918079980420552,-3.5746726036416083,6.721608696791263,4.056711920706944,-3.4837009082515413,3.4973847750593863,-2.727375287471722,-0.5055137696655126,0.62788460508524,5.6250583639209495,1.8834925155262667,-3.035676499734019,0.3083619321406291,4.964821471518387,-3.0082775405609112,-1.315890986183972,1.9035815799423323,-3.4411413300645988,-1.4892971604792686,-0.0941663065765556,-1.790882096443242,-2.812533059530865,-0.2630882983274175,-2.881525899271799,-1.5440220535117113,3.236361026082145,4.376651006128365,-1.113864376512358,-2.328736278624574,7.000362938656897,-2.9056234392364635,-1.2439174934687771,5.555571726059408,-2.593843945867588,5.825042796843316,2.5108016277154306,4.57586306787044,-1.2579037341393962,-1.2579037341393962,-3.323358387000735,-3.8466060215065294,3.2538323523368167,-0.1089376234604765,3.573297754953517,6.038665392673122,-2.558752638371584,1.6902347533184825,1.2743760872220584,1.9756987090355207,2.406259541439693,1.6650558089256162,-2.611862444876762,-2.1418589519946227,4.194845869215118,6.44671977600215,-2.414503075847146,3.3378323266664944,3.657440066110782,1.0896636162783049,-2.790554162473921,3.850627573051757,-0.747078147932088,6.92634404542903,-0.8446443860893227,1.98160278520468,3.862869285168102,3.302622516457157,-2.981609307703493,-0.2735595978292159,0.9881854418296806,-2.370700465981926,1.949070471655544,-1.7065409609506657,-2.0342283109933468,2.00792726062649,-0.4288805469087776,4.623677733971059,5.266299417766385,3.895794750852567,-1.4206988519824733,2.361479612442533,-2.558752638371584,1.390499370641909,0.0839921440352091,1.28845560832391,0.4369793075962588,-0.9221024401260344
ERR260196,1,6.636829708268164,-3.3762668953092048,0.3034794844715562,-4.387866746382829,-2.0687538541684383,0.8735256080421108,-0.8113180972880448,0.0799536009092194,-2.778430167280729,-2.3729651702836447,-3.289255568824596,3.440567946773224,-2.3401753546291117,-1.0526920731365663,1.9015378985423728,4.394019658429717,-3.928335031038642,1.1937464339113502,-2.503326957204561,6.3501465175952605,0.4243159558744456,-2.902482771925566,-1.6966252172679344,1.2343424139420098,2.771293883817275,1.9217467919836408,3.5027764955363887,2.7872386731882326,3.1156049576365943,-3.289255568824596,-2.466055571669445,1.7789490250342397,-2.7952372799473943,5.507645769909324,4.274059841788395,1.4714922981816492,-2.441958025897584,2.65645531016996,0.9326995705847084,1.8498049615624097,-1.4611289216953574,1.656741882219969,-3.066112128621442,-2.277655010681336,-0.8493274214489257,-2.624279535072504,-3.3174264299182856,-1.470097590873742,-2.568709699361704,-0.6036787412510589,1.0185557023052123,3.4573518336922904,-3.982402193829449,-3.877041789282616,0.5211032395717713,2.7860899079858257,-0.6247321496429596,-2.102090268878932,-4.164723528401453,4.166877434741762,1.5161301128261204,-3.6538984379682256,-1.6742779210730503,-1.3633866452364736,1.5812653178356195,-3.0226270355942244,0.312611967895824,5.669662670789366,-3.0226270355942244,-3.576937456091312,4.624549336108615,3.3021127303398297,5.824279618386196,-0.2715449169333185,4.431624490889664,0.7783451223768156,0.8512296026816912,3.091901658953088,4.318842602308465,-0.5324157238349875,-4.039560542309995,0.3757290237592536,0.7901627970239237,-0.6112833403471272,-0.9866709758303978,-2.624279535072504,0.4595941561733993,-1.029230587833735,1.597745724572814,-1.7428762295698457,-0.4366246624153982,-3.289255568824596,4.4336427047172124,1.6958714139684377,-4.793331021159396,3.885893482532405,-2.490748178162257,2.4501794552962,6.970123009810621,5.484627144134859,-1.6966252172679344,-3.135104968362376,2.1111664676133444,-0.7221722517459057,-0.4943488452286638,5.234338754771335,-0.9273544018735126,-0.1228438456283342,-2.441958025897584,-2.980954356562299,4.093283007366432,4.453507522097645,6.916428480111684,3.8699061716212673,-1.266972923010701,0.9866380995794836,4.909475002702429,-3.7372799773421184,-5.263333150410007,-2.980954356562299,0.9981545415526228,0.3743055359946631,4.603009125661006,-0.1228438456283342,0.6227668921592595,1.8694798422441112,4.476666301361307,-1.6687682658692082,5.430152024148717,-1.889168304141479,-3.694720399155176,-1.7428762295698457,-0.3477453756671326,1.6646128397856803,3.2584056765091702,-0.5166673674179945,-3.135104968362376,-1.7976011226022883,3.1253861042123714,4.33449442951695,-1.367443445602935,3.684858933430119,5.187427523813734,-3.1592025083270405,-1.497496562559354,1.114069845123372,-2.847423014958165,4.8299439739322025,1.1740944545255176,-1.7913705736280496,5.443155967843901,1.8068770596780368,-3.576937456091312,0.8868390963932189,2.419329612785693,0.3306304731279396,2.189761116690253,6.159028832353011,2.954587100389627,1.9367891935040085,-1.1459272501023323,2.7520562297769047,2.0431942512220616,3.939817466162335,-2.865441513967339,-2.3954380210851998,3.982331755013585,4.419653346010156,-2.668082144937723,3.615383194481171,3.005394682741372,-4.164723528401453,2.625747258132757,3.952229540943672,2.59189740346117,4.782448256972228,-1.0982234551798995,5.683454329336011,5.636707816671388,2.818756129012469,4.21332886050387,-0.5271386669197929,0.7346063727391035,-1.1960211920746773,1.466247947688766,-1.9601200300412425,-2.287807380083924,3.2504903843406256,-2.8837906459015312,5.04238362679531,-1.6152795866416645,4.9731164995694055,-1.6742779210730503,-1.916947864389786,-2.812331707462161,4.882421843513475,-0.1695869250553679,-4.570187969844062,5.818866935105427,-1.175681509216611
ERR260198,1,6.541748701613242,0.7942406562389855,1.5955601594747146,2.4257973730864952,-2.220168415209054,0.7221110470014951,-0.9627326583286604,-3.1323689176029146,2.561706327175295,-2.5243797313242604,-3.440670129865212,-2.3607503410854287,-2.491589915669727,4.434110686640787,0.6729317024885542,4.497834324276953,-4.079749592079258,-0.6474626419644913,2.751123591072648,-4.079749592079258,-2.2535048299195477,-3.053897332966182,1.3124404685519897,-1.157721510286204,-4.251599651637723,-0.4817176345514752,4.414701712582505,1.23059930747221,-3.1323689176029146,3.765871446157476,-3.310617069367656,2.426583969523204,-2.94665184098801,4.272493422340875,2.689105478694364,2.145953560430079,-1.2621381782034664,-2.5355530294255075,1.9093426748373836,-1.7824425029969804,-1.612543482735973,-2.9298447283213447,3.3814661859394297,1.722526728997413,1.2965019520402747,-2.77569409611312,3.8397586446607503,1.6162825872357534,0.4293722593541356,1.139181698281194,0.8671411412645968,4.102867457026076,-2.693456020432532,4.142152661004409,0.3696886785311556,0.4724628253903391,-0.7761467106835751,-2.2535048299195477,-4.3161380894420684,-0.1624782624535849,-2.4190192378886515,-3.805312999008842,-1.8256924821136655,-1.5148012062770893,2.259401211697788,0.6101476214227765,6.186137010705509,2.4687700277163915,-3.17404159663484,-3.728352017131928,-1.820182826909824,3.4856337127777324,-3.933146261427912,5.261654923523944,4.3591964699661805,0.6269305613362,-3.440670129865212,6.099472909299173,-1.1662564122504082,-0.6838302848756032,1.0622206576009063,-1.8825259504150056,1.916701446527225,-0.7626979013877428,-2.187907558195099,2.3369816395220298,0.3081795951327837,-1.1806451488743506,-0.286037105584084,-1.8942907906104611,-0.5880392234560139,2.436909468003063,4.272319610777045,-2.8653062280171,-4.944745582200012,3.4978293163772958,6.400512884602569,2.565134980327139,-1.4037886856958075,0.6096639454809039,4.265167199691305,1.4954006961296586,-4.190975103350611,3.3265445714219104,-0.6457634062692796,5.90911757000586,-1.0787689629141284,-2.9133154318346133,0.8693824570908657,1.6856054370402664,-2.0069096546114764,4.013277361486557,7.318393459289545,-2.296801628173248,0.6023805921605256,6.02851923467173,5.119592638332598,3.3708795696702927,0.7388316936451956,-3.1323689176029146,4.163587249600557,0.2228909749540474,4.513799116882224,-0.0413268538549052,1.1386117353166048,3.5150807923593,5.526174607397667,-3.413271170692104,-1.7208846163151643,1.293088147229709,2.668823781680121,-1.8942907906104611,-0.4991599367077484,5.683718353641851,-3.2175266896620576,-0.6680819284586101,-3.286519529402992,-1.949015683642904,-3.6568931042353134,0.2796536148599314,-1.5188580066435506,-2.733729908755767,4.635982744776585,-2.305690574010216,0.719080085625308,-1.1806451488743506,-2.9988375759987806,0.6913799195601146,3.32045187981937,2.6301953394579725,2.7895920166687644,-1.6628973642705889,-1.696313357999768,2.9416152356638507,1.5821127462702729,4.066866923464626,2.573180295410081,6.759974735424922,-2.963746268502777,2.4497450265587206,2.748049643189701,2.933312517913061,-1.7877475546638006,4.375432755682822,0.7354245353526031,-2.5468525821258154,3.1543505854705765,6.771658896928515,-2.819496705978339,-0.0849356584553705,2.645346179892176,2.3761097336766115,-3.195547792605114,4.135426655487252,-1.1520717780632803,-0.3345903298221352,-1.2496380162205154,3.5464604127605197,-0.2419975451941952,3.227557563702706,-3.3866029378346862,-0.6785532279604086,0.583191811698488,4.002602830243089,2.037882733750004,4.38195209111803,-2.4392219411245395,1.6029336304952977,3.0885859344943354,4.565863535194109,-1.7666941476822802,5.114449647910378,1.7215723786814747,-3.3606274649266954,-2.963746268502777,0.9855057405107164,-0.3210014860959835,2.2155153586714884,0.0319856774650662,5.114898845778845
ERR260199,1,5.311089320145388,-3.3820510171453684,-1.8679237572426903,-4.393650868218993,-2.074537976004601,0.8677414862059472,-0.8171022191242083,-2.9867384783984625,2.649798461006946,-2.3787492921198083,-3.29503969066076,-2.215119901880976,-2.3459594764652745,4.505782627624812,3.226889140727287,3.917786693164373,0.45053456469768,-0.5018322027600393,1.8179510578609857,4.223717761799197,-2.107874390715095,-2.9082668937617298,-1.702409339104098,-1.012091071081752,-2.196427772362883,-0.3360871953470231,0.6340583709252324,3.716123645199534,-2.9867384783984625,4.013279262646619,-3.164986630163204,-3.5112626650308623,-2.801021401783558,-1.5267009564094791,-2.401222142921363,1.560023610489186,-2.447742147733748,-2.3899225902210555,-2.673866266773887,-1.6368120637925283,-1.466913043531521,-2.7842142891168926,4.0327767935833805,-2.283439132517499,1.5443233316683296,3.1121147304592798,0.0509576056608501,-1.475881712709905,-2.5744938211978674,0.9762100065848136,1.012771580469049,2.590137431918504,0.5842299842212333,-3.88282591111878,0.5153191177356078,0.6180932645947912,-0.630516271479123,-2.107874390715095,-4.170507650237616,-0.0168478232491327,-2.2733887986841994,-3.65968255980439,-1.6800620429092137,-1.3691707670726372,-2.3676994583752253,-1.936916619205834,5.53438127815117,2.535701145281417,-3.028411157430388,1.441158207051629,-1.6745523877053716,4.577139629047537,-0.3772694841018523,3.7710000122059153,2.3178850841397867,0.7725610005406521,0.9637196023005404,-1.3102146045752991,3.8433857398303606,-0.538199845671151,-4.045344664146159,-1.7368955112105535,3.060392033104584,-0.6170674621832906,-2.0422771189906466,-2.6300636569086677,3.083763154527612,-1.0350147096698985,-0.1404066663796318,-1.7486603514060093,-0.4424087842515619,-3.29503969066076,-1.2581582464913557,0.92446746712988,-4.79911514299556,1.9537366776905951,-2.4965322999984205,0.187907802529533,-1.2581582464913557,2.6476133046304025,-1.702409339104098,1.389146485223625,3.7375349800703854,2.4910046945575006,4.615896764218024,5.860568177493503,-0.933138523709676,-2.767684992630161,-2.447742147733748,-2.9867384783984625,-1.861279215407024,-0.5001329670648275,6.806295841435736,-2.1511711889687954,1.5007503039719483,0.98085397774332,4.277405581535204,5.103169189092324,-5.26911727224617,1.5669231634873446,1.2321684043082246,4.6150407393819695,2.3259643039940143,-2.9867384783984625,-3.29503969066076,2.206671378527613,1.807870327366503,-3.267640731487652,3.218107435482928,-1.8949524259776425,-3.700504520991339,-1.7486603514060093,-0.3535294975032961,3.6001925083296418,-3.071896250457605,-0.5224514892541581,4.864541054686178,3.88967314227594,-3.5112626650308623,5.085225315823423,-1.3732275674390984,-2.588099469551315,5.090030084065673,-3.164986630163204,-1.5032806843955175,6.146063461573449,-2.8532071367943286,5.231608104080896,-2.0502452873699823,-1.7971546954642132,2.963372063228241,4.598220833868965,-3.5827215779274755,-4.105969212433271,0.3483768483559015,-0.368300814387217,3.568414774450116,4.6597025883061205,2.506070574080709,2.401120667248544,4.126868446956867,3.258972294437682,1.6434225274566552,1.4056926179988758,-2.8712256358035027,-2.401222142921363,2.4035435553923064,6.580245000316526,0.2264062800179323,0.0606947807490817,0.4828162570115576,0.9754339103159484,0.5773175143802471,5.358953986789127,1.581004898144618,5.536509405147184,1.1967123678479623,3.680269834207168,-0.0963671059897431,1.583544044652549,-3.240972498630234,-0.5329227887559564,1.9670740745480997,-2.6300636569086677,-2.9867384783984625,3.1431557501170007,-2.293591501920087,1.7485640696997498,2.439199585867481,4.63306543476517,-1.621063708477828,3.71471992511212,2.1071365123671906,-3.2149970257222438,1.597812016390378,1.1311361797151689,-0.1753710468915315,-4.575972091680225,6.760994320033245,4.423867446763685
ERR260201,1,8.800592316771962,-2.67669343163028,3.7945744441990414,0.8334936457957995,6.102481060814715,1.5730990717210354,-0.1117446336091202,2.815494100124781,-2.0788567036018044,-1.67339170660472,-2.5896821051456715,5.42047401568264,-1.6406018909501865,-0.3531186094576418,-0.3095703667409054,4.78229568367227,-3.2287615673597174,0.203525382755049,-1.8037534935256363,-3.2287615673597174,2.9203802144565003,-2.2029093082466416,0.7464822704530737,-0.3067334855666637,-3.4006116269181828,5.817546844234939,1.3394159564403207,2.0815873321917504,2.4316361057754468,-0.6437724322806831,0.1220644391828317,5.893275590253226,-1.4025168052000068,-0.8213433708943909,-1.695864557406275,2.704459337225884,1.3711305194785155,-1.6845650047059673,3.1627135974910456,-0.93145447827744,-0.7615554580164327,-2.0788567036018044,1.050823223705907,3.3341274060771853,-0.1497539577700011,-1.924706071393579,2.9986058251807863,1.2884388045456443,-1.8691362356827792,0.0958947224278657,1.7181291659841371,4.1356843932648335,-3.2828287301505243,3.85028874666056,1.2206767032506958,1.3234508501098794,0.0748413140359652,-1.4025168052000068,-3.465150064722528,0.6885097622659555,-1.5680312131691112,-2.954324974289302,4.166603525616287,-0.6638131815575489,3.0236481846636645,-2.3230535719153,1.0121854315747487,-0.7482514935700572,2.82592379484042,-2.8773639924123877,-0.9691948021902836,7.015761922815463,-3.082158236708371,0.4280285467456061,3.994417886138338,1.4779185860557402,-2.5896821051456715,-0.604857019060211,-0.3152683875308678,3.0015115972483875,3.2307299235191747,-1.031537925695465,-2.3445597678855736,0.0882901233317974,-1.3369195334755586,-1.924706071393579,1.159167619852324,-0.3296571241548102,5.137313881130613,-1.043302765890921,0.2629488012635264,-2.5896821051456715,-0.5528006609762673,-2.0143182032975595,0.7909340321646533,4.710039628539142,-1.7911747144833323,2.967574311577173,7.56656549614296,4.9723345852459016,-0.9970517535890098,-2.435531504683452,2.055776049537309,-0.0225987880669811,3.2117641246580275,-0.8849344674525517,4.338256437075752,-2.062327407115073,-1.7423845622186591,-2.2813808928833743,2.488611285330403,0.2052246184502606,3.799951932544753,-1.4458136034537072,-3.1286782090532608,1.686211563258408,5.769465239818804,-3.0377065136631938,3.400948207048379,-2.2813808928833743,4.74953030702435,3.354136901061498,5.946343188941664,-2.2813808928833743,-2.5896821051456715,-0.520712348713096,-0.3620605463002447,-2.562283145972564,-0.8698965915956244,1.3010032186896798,-2.9951469354762508,-1.043302765890921,0.3518280880117919,-1.3448877018548944,-2.3665386649425173,0.1829060962609301,-2.435531504683452,-1.0980276589233635,3.557241234554119,3.366874082940008,-0.6678699819240103,-1.8827418840362269,7.531947068231545,-2.459629044648116,-0.7979230988804294,4.531524916738503,-2.1478495512792404,1.542367944279655,4.3479549933021335,-1.091797109949125,5.493988824995884,-0.8119093395510484,-2.8773639924123877,-3.4006116269181828,-0.0077837029089568,0.337056771127871,0.2320268919315092,7.00613172992255,-2.1127582437832366,-2.4120010183474494,-0.446353786423408,-2.030066555305383,1.7584424294810357,4.976427045853039,-2.1658680502884144,-1.695864557406275,4.464814972197391,2.5186169457776253,2.647940640126301,1.7804681865200216,3.736864269732511,0.4731889416645723,-2.3445597678855736,-3.2828287301505243,-0.3010837533437402,0.5163976948974052,-0.398649991500975,0.1653925143816886,0.6089904795253451,-2.221957495960445,-2.535614913115146,0.1724347967591318,1.434179836418028,4.1979744052936905,2.7765529286243003,-1.260546566362318,-1.588233916404999,2.4539216552148377,-2.184217182222606,4.417968229010564,-0.91570612296274,6.236073080827912,-0.9747044573941256,-2.509639440207155,-2.1127582437832366,1.8364937652302569,0.5299865386235567,0.1863723041172703,0.8829737021846065,4.213144108677899
ERR260202,1,7.261734379987599,1.5745682098217932,-1.5597657856403315,-4.085492896616634,-1.7663800044022429,6.233303912357917,-0.5089442475218495,-2.6785805067961035,-2.4760563175145336,-2.0705913205174493,-2.9868817190584007,4.449276560735919,-2.037801504862916,-0.750318223370371,-0.7067699806536347,3.429305198115024,-3.625961181272447,1.757566650068829,-2.200953107438365,-3.625961181272447,-1.106569323298543,-2.600108922159371,-0.7011042434389639,0.1041602039970386,-3.797811240830912,-0.0279292237446641,3.13463540196189,3.1626538282504923,-2.6785805067961035,-2.9868817190584007,-2.856828658560845,1.0041572813995086,-2.4928634301811994,-1.2185429848071203,4.002043281737186,1.6591099112278778,0.2583108802167933,-2.0817646186186964,2.1479352926520483,6.409079758419101,-1.158755071929162,-2.4760563175145336,-0.9794141579321924,-1.9752811609151404,-0.5469535716827305,-2.3219056853063083,-3.01505258015209,-1.1677237411075465,-2.266335849595509,-0.3013048914848635,4.105183323466606,5.243295289041864,-3.6800283440632535,-3.574667939516421,0.8234770893379667,0.9262512361971502,-0.322358299876764,-1.7997164191127362,-3.862349678635258,2.02449348971114,-1.9652308270818408,-3.351524588202031,-1.3719040713068549,-1.0610127954702782,2.969530635873696,-2.720253185828029,0.6149858176620193,5.2323689842664045,0.1364611479827122,-3.2745636063251164,-1.3663944161030128,-1.3339591438569898,-3.4793578506211005,3.4409537112329693,3.2114835188362725,1.080718972143011,-2.9868817190584007,6.245513088197556,-0.7124680014435972,-0.2300418740687921,-3.7371866925438,-1.4287375396081947,-2.741759381798303,-0.3089094905809316,6.529606119882368,-2.3219056853063083,0.7619680059395948,-0.7268567380675395,0.1677513052227271,-1.4405023798036505,-0.1342508126492029,-2.9868817190584007,4.327041569066958,-2.4115178172102887,-4.490957171393201,3.958168789647249,-2.188374328396062,2.8298981444834226,-0.9500002748889966,5.273294549175541,-1.394251367501739,-2.8327311185961808,1.16415764003375,-0.4197984019797104,-0.1919749954624685,4.689127657672764,3.1958911014354228,-2.459527021027802,1.417123273572333,-2.6785805067961035,-1.553121243804665,2.099341380240676,7.275706442891137,3.611399662670957,1.0953522281638577,7.251510811734734,3.3697075238859022,-3.434906127575923,-4.960959300643811,3.471891303213796,2.9323102223371658,0.6766793857608584,5.460424789457423,-2.6785805067961035,-2.9868817190584007,-0.9179119626258252,5.245025969098169,-2.959482759885293,-1.2670962055083537,-1.5867944543752837,-3.3923465493889804,-1.4405023798036505,5.592461171738799,4.073451020112212,-0.4134221851114762,-0.2142935176517992,6.221584120397202,5.250552921463983,4.034052869574398,4.288290045223703,-1.0650695958367395,2.891475786276908,5.414875124339106,-2.856828658560845,-1.1951227127931587,4.937109619399903,-2.5450491651919696,4.850759778861708,2.971255269814069,-1.4889967238618542,3.893901408547865,5.027196228141277,-3.2745636063251164,-3.797811240830912,2.246600233559788,-0.0601428427848581,5.561206473625145,5.771163401984746,1.5379210831237975,1.622169263616296,-0.8435534003361372,5.417639793156591,4.297214401135847,1.7138505896012344,-2.563067664201144,-2.0930641713190044,4.3233336038276855,6.722720456897569,1.543324878888858,0.3688527523514406,3.598369417741506,-3.862349678635258,-2.741759381798303,-3.6800283440632535,-0.6982833672564696,5.7333515291554304,-0.7958496054137043,-0.2318070995310407,0.2117908656126157,3.740083607218103,4.261028924476185,-0.2247648171535975,1.0369802225052989,-2.3219056853063083,2.62258952260616,-1.6577461802750473,-1.9854335303177284,2.056722041302109,1.717127215074563,4.584076308841429,4.834805402224271,5.590820499426952,-1.3719040713068549,-2.9068390541198843,-2.509957857695966,1.4392941513175277,0.1327869247108274,-4.267814120077866,0.4857740882718772,3.5885034521053147
ERR260203,1,6.412111416913469,-3.325717989972853,-1.811590730070176,-4.337317841046478,-2.018204948832087,0.9240745133784616,4.856722091464329,-2.930405451225948,-2.727881261944378,-2.322416264947294,-3.238706663488245,3.8666230600400815,4.86663384410731,4.716659409334878,-0.9585949250834792,-0.5032580077172865,-3.877786125702291,-0.4454991755875248,-2.45277805186821,-3.877786125702291,-2.0515413635425803,-2.8519338665892158,-1.646076311931583,-0.9557580439092376,-4.0496361852607565,-0.2797541681745086,0.690391398097747,1.4325627738491766,1.172068835663859,2.412026036475482,-3.1086536029906897,-3.454929637858348,-2.7446883746110435,-1.470367929236965,5.615085185138341,-3.388238307853528,-2.391409120561233,-2.333589563048541,-2.6175332396013724,5.008338161357629,-1.4105800163590063,-2.727881261944378,2.2924839856618804,-2.2271061053449848,-0.7987785161125747,-2.5737306297361524,-3.2668775245819344,-1.4195486855373909,-2.518160794025353,-0.5531298359147079,1.0691046076415636,1.9545582292872037,-3.931853288493098,-3.8264928839462655,3.776656048635673,0.6744262917673057,4.7872995640405325,-2.0515413635425803,-4.114174623065102,0.0394852039233817,-2.217055771511685,-3.603349532631876,-1.6237290157366993,-1.3128377399001223,6.832016452891875,-2.9720781302578736,0.363160873232175,4.527850912175389,-2.9720781302578736,-3.526388550754961,-1.6182193605328572,4.000427988054842,2.1189267272786108,-0.2209960115969676,2.067908953073906,0.8288940277131666,-3.238706663488245,-1.2538815774027847,3.868536238776098,-0.4818668184986364,-1.3928804408260214,-1.680562484038039,1.9383836932060257,-0.5607344350107761,-1.985944091818132,-2.5737306297361524,3.280030284028665,-0.978681682497384,-0.0840736392071174,-1.6923273242334946,6.729605271968065,4.051130808190888,1.9591757532538727,1.8139937438892584,-4.742782115823045,1.1509292828361757,-2.440199272825906,0.2442408297020476,-1.201825219318841,0.8116274118578705,-1.646076311931583,-3.0845560630260254,1.157797441655515,-0.6716233464095548,3.61423982403035,4.681214468461163,-0.8768054965371617,-2.7113519654576463,-2.391409120561233,-2.930405451225948,2.638094421301828,-0.443799939892313,6.598423864622175,1.7975236258516811,0.1753698437637053,5.396565260536928,3.026171429775047,3.111402552918667,-5.212784245073656,4.039001125206825,2.6160462841147893,0.424854441331014,3.6373280356214095,-2.930405451225948,-3.238706663488245,1.172743371941209,3.698984353488646,-3.211307704315137,3.5620813173342327,-1.838619398805128,-3.644171493818825,-1.6923273242334946,4.920492699661501,1.6283997939196992,-0.6076180190775654,-0.4661184620816436,4.498133456862871,4.121750098707254,3.073430816929044,4.1620490991312575,-1.316894540266584,0.6451449208463746,3.4801046275067447,-3.1086536029906897,-1.4469476572230031,-0.978681682497384,-2.796874109621814,5.11214274623205,-0.3060330518709939,3.5238938281283185,4.260654580695382,5.072813902106869,-3.526388550754961,2.4957122268704213,2.6370034837683844,-0.3119677872147026,1.5272581942207406,3.662806399574048,-2.7617828021258104,1.5394821357489832,4.068606871648458,4.327575040139395,3.0316508955338985,1.4620256451713902,-2.814892608630988,-2.3448891157488485,3.840570778317975,5.1761455830201495,-2.6175332396013724,0.1170278079215962,1.3884418790980029,-0.5839014933977494,-2.993584326228147,2.651708492935688,1.887898773120604,4.566201276840218,-1.047674549843549,6.642387019959803,-0.0400340788172286,2.344162329037108,4.225293094213873,-0.476589761583442,2.546484552154934,-2.5737306297361524,-2.930405451225948,-1.909571124704892,-2.237258474747573,1.804897096872264,-2.8332417405651804,-1.8524127190348765,-1.5647306813053137,5.144802187311534,-1.6237290157366993,-3.1586639985497285,-2.7617828021258104,1.187469206887683,-0.119038019719017,-4.519639064507711,7.174288423041324,0.0236537390408884
ERR260204,0,5.129540012662609,-3.413981687434389,-1.8998544275317115,0.0170680709248678,1.8840319998584565,0.8358108159169263,-0.8490328894132292,3.877880318702074,-2.8161449594059134,-2.410679962408829,-3.3269703609497805,3.710691139040658,-2.377890146754296,4.298054888205261,-1.0468586225450145,-0.5915217051788217,2.055738661817459,-0.53376287304906,-0.8654844935319161,5.093111586396643,-2.139805061004116,-2.9401975640507505,-1.7343400093931187,-1.0440217413707726,-0.8237150825944404,-0.3680178656360439,3.864542078454885,1.3442990763876412,-3.0186691486874837,3.4746210561503936,-3.196917300452225,-3.543193335319883,-2.8329520720725787,5.6795177801948,4.4278917287689294,2.689457210543244,2.6886440921908314,1.358241982284651,-2.705796937062908,5.656468855348785,4.308842770272323,-2.8161449594059134,1.7936807081029444,-2.31536980280652,-0.8870422135741101,-2.661994327197688,-3.355141222043469,2.14529975950056,3.680881048962321,-0.6413935333762432,0.980840910180028,2.1686022326854384,1.5456786388688717,4.229166600407584,0.4833884474465869,0.5861625943057704,-0.6624469417681438,-2.139805061004116,-4.202438320526637,-0.0487784935381535,-2.30531946897322,-3.691613230093411,4.4235481501884415,3.1688819132435,3.179643226678583,2.4589034485753936,5.349966803855268,0.8482706977360803,-3.0603418277194088,-3.614652248216496,-1.7064830579943924,-1.6740477857483695,1.3850586662569828,4.440645826619518,2.2048802816229163,0.7406303302516314,-3.3269703609497805,4.674998102996153,-1.052556643334977,-0.5701305159601718,-4.077275334435179,-1.7688261814995745,1.6888361696780665,-0.6489981324723114,1.9832201253522077,-2.661994327197688,3.472084946172963,3.1698878652094558,-0.1723373366686526,6.410937473269357,-0.4743394545405826,-3.3269703609497805,3.207302301028944,0.4635120169359197,-4.831045813284581,-2.720834809904609,-2.5284629702874413,2.154362212579493,6.598471085956091,0.7233637143963351,-1.7343400093931187,-3.1728197604875605,1.342737795828814,-0.7598870438710901,3.807211406557213,-1.6222227232566606,-0.2719220396167612,-2.799615662919182,-0.2159277716877216,2.252758911577476,3.4674290107699623,5.2804691528603565,3.7558108568342368,-2.1831018592578166,-3.8659664648573697,0.9489233074542992,4.812145330283921,0.2914264774734647,-0.9809006583799094,4.142841612379049,2.582319023921625,0.3365907438694787,4.623531518499495,0.7219112813300838,-3.3269703609497805,0.6589219478093371,2.956333714240589,-3.2995714017766726,-1.6071848473997332,0.7802533177213477,-3.73243519128036,-1.78059102169503,1.959892213918624,4.363721463957692,0.0723729150605261,-0.5543821595431788,7.411917820294376,-1.8353159147274725,-3.543193335319883,3.992010621388434,-1.405158237728119,-2.620030139840336,6.749678313394945,-3.196917300452225,-1.5352113546845385,3.63926289275865,-2.8851378070833493,0.8050796884755458,3.641827198006313,2.1283502012266884,4.204849382147103,4.173159251104463,-3.614652248216496,-4.137899882722292,2.8007470109149706,-0.4002314846762378,3.9472776157381153,5.663262954383522,3.406166390729584,0.4355203678552262,-1.1836420422275171,3.524860480994136,2.214728265775756,3.701427502158355,1.6229703128542758,-2.433152813210384,1.2820806217249163,5.3602369301161366,-2.705796937062908,0.0287641104600607,3.3693772254742456,-0.5969417724523132,-2.38870106052097,3.6614935152061303,-1.0383720091478494,4.7167816349718485,-1.135938247305084,2.336182448190921,-0.1282977762787639,2.0955287223946546,-3.272903168919255,-0.5648534590449772,0.6968915806139192,-2.661994327197688,-3.0186691486874837,1.7200320253333774,-2.325522172209108,1.7166333994107288,-2.921505438026716,-1.940676416496412,-1.6529943787668488,-1.8167395314551504,-1.7119927131982344,-3.246927696011264,-2.8500464995873456,1.0992055094261477,-0.2073017171805522,1.6366504167048854,0.1456854463804974,1.005223351720094
ERR260205,0,6.310883337552981,-3.872090831512765,-2.357963571610088,-4.88369068258639,-2.5645777903719984,6.145814574242949,-1.3071420334916053,-3.4767782927658595,-3.2742541034842896,1.451952747166695,-3.7850795050281567,-2.705159716248373,-2.835999290832672,4.324729517068871,-1.5049677666233907,2.573051015553365,2.2149587348715896,-0.9918720171274364,-2.999150893408121,5.340113861073,-1.4769547319652796,2.996670981713279,-2.192449153471495,-1.502130885449149,-4.596009026800668,3.74947483537884,2.1348586493701043,3.689187803894102,2.562600993035664,3.337383291339896,-3.655026444530601,-4.00130247939826,-3.291061216150955,1.8642853393268253,2.33875200888547,0.3935716166091748,-2.9377819621011447,2.631198234542051,1.015291349632533,-2.126851878159925,-1.956952857898918,-3.2742541034842896,1.451066353256942,-2.773478946884896,-1.3451513576524865,-3.120103471276064,-0.1877677847744122,-1.9659215270773025,2.439698367592579,-1.0995026774546193,5.854452796789849,3.193858282772202,-4.4782261300330095,0.8501881619526483,0.0252793033682106,0.1280534502273941,-1.1205560858465202,-2.597914205082492,1.4433511814791624,-0.5068876376165299,1.045009880556556,-4.149722374171787,-2.170101857276611,-1.859210581440034,-2.8577392727426223,-3.518450971797785,3.785277277416757,3.5903845514389614,-3.518450971797785,-4.072761392294872,-2.1645922020727686,-0.740557596405109,3.605238532789487,3.685270689965836,3.352286696835841,5.713088206586752,-0.6814903662354983,4.968861493449161,4.600497362671895,-1.028239660038548,-4.535384478513556,-2.226935325577951,-3.539957167768059,-1.1071072765506875,5.030248707936998,-3.120103471276064,-0.0362297800301611,-0.3158779325063073,-0.6304464807470289,-2.2387001657734062,4.531736219508038,2.940620293388544,3.2412480660219773,1.908090755349656,-5.289154957362957,1.3494103350789397,5.548426363497366,-0.3021320118378638,-1.7481980608587526,4.533716391317544,-2.192449153471495,0.7769506385443796,0.9931092942090716,0.1629533930857346,-0.9901727814322244,4.5615883840500056,2.8966107393531817,2.2757291492737206,-2.9377819621011447,1.5048690590950824,0.3711954680722531,0.530183365354546,6.478549751152989,2.108863532954093,-0.9040106641970592,5.169952204769665,4.050389343271691,0.9319296121277784,-5.759157086613567,3.434643317137185,1.8427408752676,-0.1215184002088975,3.827284238446905,-3.4767782927658595,0.8534174435359834,1.94321434367416,3.7909603278511472,-3.757680545855049,2.666618325050932,-1.691845128278238,-1.3871847372801382,1.811282167513662,3.0544558577939838,4.300988276114936,3.448616003368477,-1.0124913036215553,5.590567572148606,-2.2934250588058487,2.272224245320357,3.1326805537895748,4.745073229327853,-3.078139283918712,4.189968824000338,-3.655026444530601,-1.9933204987629147,-0.8319073724628561,4.211442911551121,4.335194728858229,1.3885555317635716,-2.28719450983161,4.887510652172756,5.379710724268734,-4.072761392294872,1.6500964911041565,3.4303641460651084,-0.858340628754614,4.274687839524816,5.082363033964658,-3.308155643665722,-3.607398418229935,2.092966909933374,2.4403580707493693,1.103178333031939,3.539153532352116,-0.1344218048598052,-2.89126195728876,4.101669455673291,4.628528814699346,-1.304813743840433,-0.4293450336183154,1.7982073730017774,-0.6592946343911258,2.528467986699978,1.1489941163962971,1.3513717610037457,4.707809053977522,-1.5940473913834603,0.2462063755333385,-0.5864069203571403,2.085314807329876,1.8079777448523855,-1.0229626031233534,2.4427732656851457,1.8836507779316376,-3.4767782927658595,0.7781100589573933,-2.7836313162874844,1.2585242553323526,-3.379614582105092,2.8692872138865324,-2.1111035228452253,4.4167933727281605,-2.170101857276611,0.7746277571417295,0.3348600578527769,0.6410963653477715,-0.6654108612589285,-5.066011906047622,6.63718144391759,-1.671505445420172
ERR260206,1,4.865516858566567,-3.679102219144189,-2.1649749592415106,-4.690702070217813,-2.371589178003422,3.441855856494607,-1.1141534211230286,-3.2837896803972826,-3.0812654911157127,-2.6758004941186284,1.074487371126414,-2.5121711038797967,-2.643010678464095,4.192219939912455,-1.3119791542548138,3.8410167541422098,-0.6131662647287841,-0.7988834047588594,-2.806162281039545,-4.231170354873625,-2.4049255927139157,1.088495382209848,-1.9994605411029176,-1.309142273080572,-4.403020414432091,-0.6331383973458433,0.3370071689264123,3.3707831305139977,-3.2837896803972826,3.3921618022545226,-3.462037832162024,-3.8083138670296814,-3.098072603782378,4.698382361915117,4.538997988735183,-3.741622537024863,-2.744793349732568,2.962791173568801,1.5033614637102894,2.64840096544596,-1.763964245530341,-3.0812654911157127,-3.3689474524564256,-2.5804903345163197,-1.1521627452839094,2.3569584029585213,-3.620261753753269,-1.7729329147087256,-2.8715450231966875,-0.9065140650860424,0.7157203784702288,-2.550637377308408,-4.285237517664433,2.197358910453123,0.2182679157367875,0.3210420625959712,-0.9275674734779432,1.915045144613395,2.232924892895756,3.440434740435194,-2.5704400006830195,-3.0484756790454064,-1.977113244908034,-1.6662219690714573,1.312359950186859,-1.364469333814153,0.0097766440608404,1.3359670699820367,-3.325462359429208,-3.879772779926296,1.7499769550180575,0.5483942788467076,2.52490382256525,1.842600489943706,1.3578497811444767,4.592375813888371,-3.59209089265958,3.5083481750548478,1.9148196908873252,-0.8352510476699712,-4.342395866144979,-2.0339467132093736,-3.346968555399482,1.393036090133454,-2.339328320989467,-2.927114858907488,0.1567588323384158,-1.3320659116687186,-0.437457868378452,-2.0457115534048294,5.108922176211401,1.9143686308897163,1.926253511198165,1.7012133793012474,3.693795806521642,-2.9859553416144085,-2.7935835019972406,-0.109143399469287,-1.5552094484901755,2.602427316281279,1.4459428236729928,-3.43794029219736,2.16347494295405,-1.0250075755808896,-0.7971841690636476,5.144183724250031,2.3953371891659345,2.303993473760738,-2.744793349732568,-3.2837896803972826,-2.1583304174058444,2.092810198268765,6.1507088296849615,1.3796490094021994,-4.131086996567169,0.6838027757444999,3.828720298017097,-4.040115301177102,-5.56616847424499,1.3327438601134545,1.770243473062023,3.709318731749968,3.234995928301929,-3.2837896803972826,1.502340187029255,3.498124267268729,4.290768395851545,1.7952029572816537,4.35224309908041,-2.1920036279764625,-3.99755572299016,2.3921246715671654,3.8730549239986343,4.3307133348659,2.970666470210518,-0.8195026912529781,3.7039074224668544,3.4134457014052355,0.190834774298733,3.951299594306508,-1.6702787694379186,-2.885150671550135,3.571855236557562,2.126762072575737,-1.8003318863943378,-1.3320659116687186,3.230105943010689,0.5399591567657465,0.1009460298788774,-2.0942058974630333,3.227257542553192,4.54621365010584,-3.879772779926296,2.4841481822177167,2.028711914991601,-0.6653520163860372,-0.770381895582399,4.6234559638823205,1.104340334122429,-3.4144098058613577,0.8466305366971254,4.804928353047534,2.122557697502449,1.1086414160000555,-3.1682768378023227,4.098550146335906,2.5568515699994547,4.764241568059165,-2.970917468772707,4.282415288528762,2.1913917970284547,-4.4675588522364365,4.795739425797552,3.756424580442385,2.056687154613698,4.493087300030706,2.861533551552601,2.352747259008125,-0.3934183079885633,0.9132584086296346,4.549955666248557,-0.8299739907547765,3.457645530362648,-2.927114858907488,-3.2837896803972826,-2.2629553538762264,2.639155236897009,1.4515128677009297,-3.186625969736515,1.8820448999693595,-1.9181149104766484,4.271837449884998,-1.977113244908034,-3.5120482277210634,-3.115167031297145,0.8340849777163484,1.3838757207697534,-1.278456464089297,0.573712086609954,-0.1871971862213153
ERR260207,1,6.585337670493113,0.0712120430735411,2.1614644796898617,0.0089254144190244,-1.843779926798638,1.0984995354119107,0.7941056043086462,-2.755980429192499,-2.553456239910929,-2.147991242913845,-3.064281641454796,-1.9843618526750129,-2.115201427259312,1.6126917262775082,-0.7841699030500302,2.9157281125686647,1.8189405166608152,1.9392911870595488,-2.278353029834761,-3.703361103668842,1.5330798121291862,-2.677508844555766,-1.4716512898981344,2.356989996053016,-3.8752111632273074,-0.1053291461410596,0.8648164201311959,1.6069877958826255,-2.755980429192499,-3.064281641454796,-2.9342285809572406,1.505260817091795,-2.570263352577595,3.5254845211865744,-2.1704640937154,-3.2138132858200787,-2.216984098527784,4.616534757114679,2.688290443579104,-0.7129068869366683,-1.2361549943255574,-2.553456239910929,-2.841138201251642,-2.052681083311536,2.135441831340201,-2.399305607702704,-3.0924525025484857,-1.2451236635039418,2.5607376165668536,-0.3787048138812589,1.2435296296750125,0.3163344958555286,-3.757428266459649,5.312319819551531,0.7460771669415713,0.8488513138007547,-0.3997582222731595,-1.8771163415091316,-3.939749601031653,0.2139102259568306,-2.042630749478236,3.966378777336818,-1.4493039937032504,-1.1384127178666736,-2.136941409169262,-2.7976531082244245,0.537585895265624,2.1806929969303184,-2.7976531082244245,-3.351963528721512,-1.4437943384994083,-1.4113590662533853,4.178078498199518,5.2365913296887925,0.5253906223577138,1.0033190497466156,-3.064281641454796,6.992920226140242,0.4653409895274248,-0.3074417964651875,1.5704467966131817,-1.5061374620045902,1.1219998689835349,0.7312070046463914,0.5863760587135552,-2.399305607702704,0.6845680835431993,-0.804256660463935,0.0903513828263316,-1.5179023022000455,-0.2116507350455984,0.783498551537936,4.891162378247554,3.5145059456084624,-0.9507075818468114,2.2155317008029343,-2.265774250792457,3.106722265090493,-1.027400197285392,3.8908336538616335,-1.4716512898981344,1.735174718404687,0.7787479488357588,1.2751848304912647,-0.2693749178588639,5.894872309920472,2.843347741528829,2.7272058597614617,-2.216984098527784,-2.062833452714124,-1.6305211662010608,5.55588867346231,7.600268160897217,5.209238719059539,-3.6032777453623854,6.94558285390648,6.876921197639042,-3.5123060499723184,2.089330479525464,1.9078432461732973,4.342158646181166,0.5992794633644629,5.09531499166094,-2.755980429192499,2.573281335020408,2.8948600120145507,5.776040645121052,3.3135778964293503,-1.3444961279047491,2.3104816776043635,-3.469746471785376,-1.5179023022000455,-0.1227714482973327,-1.819487238164019,1.5693674656993304,-0.2916934400481946,-2.910131040992576,-1.5726271952324884,2.7649901662324488,0.656042103270347,-1.142469518233135,-2.3573414203453518,3.826383438438333,-2.9342285809572406,-1.272522635189554,5.879354508971932,-2.622449087588365,5.149159761186052,4.363159334500519,-1.5663966462582497,3.0438536581374183,-1.286508875860173,-3.351963528721512,-3.8752111632273074,3.325025896081443,-0.1375427651812536,-0.2425726443776154,5.053875174228377,-2.5873577800923613,-2.886600554656574,3.421963277541731,0.7473064233811902,2.4138071850302,4.433079078848492,-2.640467586597539,-2.1704640937154,4.825988412963305,7.389476026270873,-2.4431082175679237,0.2914528299550452,2.767763188150064,-3.939749601031653,-2.8191593041946983,0.5703757175998562,0.9600769477426864,6.271020317377598,-0.8732495278100998,2.941797253817604,0.1343909432162203,3.103816468895703,2.631878716454508,-0.3021647395499929,4.117605437298988,-2.399305607702704,3.702933059832326,-1.7351461026714428,-2.062833452714124,1.979322118905713,-2.6588167185317317,6.62501810436072,-1.3903056592718648,5.469527724338592,-1.4493039937032504,-2.98423897651628,-2.5873577800923613,1.361894228921132,0.055387002314432,-4.345214042474262,5.441726457902095,-0.9507075818468114
ERR260208,1,6.819984937256478,-3.3171046128749757,2.685808686437696,-4.3287044639486,-2.0095915717342083,0.9326878904763404,-0.7521558148538152,0.8502644876912642,-2.7192678848464995,-2.3138028878494152,-3.230093286390366,4.765400005882982,-2.281013072194882,-0.9935297907023368,-0.9499815479856004,4.849937154791085,-3.869172748604413,-0.436885798489646,-2.4441646747703314,-3.869172748604413,-2.042927986444702,2.6736014668257826,-1.6374629348337046,-0.9471446668113588,-4.041022808162878,-0.27114079107663,4.279941331589818,3.4532671045158203,-2.9217920741280694,-3.230093286390366,-3.100040225892811,-3.446316260760469,-2.736074997513165,5.880984663760004,6.217095728444575,0.0407417429501899,-2.3827957434633547,1.286245136407353,0.4476123256149867,-1.5718656595221352,2.0820168494743303,-2.7192678848464995,-3.0069498461872124,-2.218492728247106,-0.7901651390146962,-2.565117252638274,-3.258264147484056,-1.4109353084395122,3.739905662142597,-0.5445164588168292,4.542003689409759,3.2188834535767503,-3.923239911395219,-3.817879506848387,0.5802655220060009,1.9394427378959012,-0.5655698672087299,-2.042927986444702,-4.105561245967223,0.0480985810212604,-2.2084423944138063,-3.594736155533997,-1.6151156386388206,1.2868521166954456,-2.302753054104832,-2.963464753159995,0.3717742503300536,6.417350260986512,-2.963464753159995,-3.5177751736570824,-1.6096059834349783,3.2974578861429498,3.190262947070005,5.434685673936031,4.491427135889336,0.8375074048110454,0.9339840669265864,6.375058801364047,-0.955679568775563,-0.4732534414007578,-3.9803982598757655,-1.6719491069401604,-2.9849709491302687,-0.5521210579128975,6.861004495486749,1.7868180132649452,0.518756438607629,-0.9700683053995052,-0.0754602621092386,-1.683713947135616,6.797897322400527,2.888248065505681,3.641803951354496,-2.6547293845422546,3.629112910920111,2.9920414128882658,-2.4315858957280274,2.6999384671205995,-1.1932118422209623,5.275442786164674,-1.6374629348337046,0.2814516134690006,2.255394417761277,1.4576798776926232,-0.4351865627944344,5.058775738254328,4.264305474388193,2.4805171191432374,-2.3827957434633547,-2.9217920741280694,2.958398410486375,2.066833673094856,6.974413521980704,3.8103938999765457,-3.769089390297956,1.0458003820137132,4.926846584343152,-3.678117694907889,0.7742044497232612,2.128325136470227,4.362720441026595,0.4334678184288927,3.976901458733757,-2.9217920741280694,0.6863637716121905,1.6241042138434418,2.919323672125169,0.4060292743701457,-1.5103077728403194,1.3072732466362642,-2.942411352827407,-1.683713947135616,-0.2885830932329031,-1.9852988830995888,0.9934905178607988,-0.4575050849837648,1.0881347455201906,-1.7384388401680586,3.4976039825606406,3.9416909812495606,-1.3082811631687057,-2.5231530652809213,4.821654203600675,-0.8423508895910085,-1.4383342801251244,2.00190564653286,-2.7882607325239355,3.703166727986296,2.0980519803438025,4.1901190620302735,5.142638607356104,2.688202463759103,-3.5177751736570824,2.2675296553784534,2.6157024676229788,-0.3033544101168239,4.66736783819219,5.6646297432757216,0.0574785349555553,1.4432540737618471,1.93849442109004,3.925952782316638,0.8807800313350114,3.7354585362869424,2.113568610504741,-2.33627573865097,4.089513512750976,5.449888798024665,2.450457915890648,0.1256411850194747,1.3388733011387317,-4.105561245967223,2.1730839177196635,-3.923239911395219,2.941954643217048,4.170832125902909,-1.0390611727456702,6.3154560650571865,-0.03142070171935,2.4462793723068645,5.282946293124813,-0.4679763844855633,3.949171782911745,-2.565117252638274,2.060135350552852,-1.900957747607013,-2.228645097649694,1.8135104739701424,-2.8246283634673017,3.5902257282125376,-1.556117304207435,-1.7198624568957366,0.937432346175776,-0.4334902096038082,-2.753169425027932,1.1960825839855618,-0.1104246426211383,1.1237619229042746,6.962905358368865,-1.1165192267823816
ERR260209,0,5.079808069736486,0.8198817601488027,-1.857479987980536,-4.383207098956838,-2.0640942067424466,0.878185255468102,-0.8066584498620536,-2.976294709136308,-2.7737705198547378,-2.368305522857653,2.213027020370215,3.04552046916773,0.4830428238575477,-1.048032425710575,-1.004484182993839,1.4108205919580057,4.909295140561211,-0.4913884334978843,-2.4986673097785697,-3.923675383612651,-2.0974306214529403,1.4427913466747553,-1.691965569841943,-1.001647301819597,-4.095525443171116,4.427797664424615,1.3458081856297448,1.386673515938817,3.5910946423479424,-1.2771283602723964,-3.1545428609010493,-3.5008188957687074,-2.790577632521403,4.229718758360217,2.8410589686941554,1.9597925505001663,-2.437298378471593,1.5994672796562337,-2.663422497511732,5.564917488612088,-1.456469274269366,-2.7737705198547378,-3.0614524811954507,-2.2729953632553443,1.136250156249484,-2.619619887646512,-3.312766782492294,-0.2427230208769615,3.4025814004723083,-0.5990190938250676,1.0232153497312038,-2.2431424060474328,-3.977742546403457,3.690246155983972,0.5257628869977626,0.6285370338569461,-0.6200725022169682,5.142197788140238,2.314648190851753,3.283091221786842,-2.262945029422045,-3.649238790542235,3.021982901020475,-1.358726997810482,1.279172849086896,1.552566880030564,0.3172716153218153,3.2325823072347357,-3.017967388168233,-3.5722778086653206,1.040271751232868,-1.6316733461971935,1.910518540332441,3.797112109618422,-2.413767886598496,0.7830047698028069,-3.284595921398605,-1.2997708353131443,-1.0101822037838013,-0.5277560764089961,-4.034900894884004,-1.726451741948399,-3.039473584138507,-0.6066236929211357,3.628091063404286,-2.619619887646512,0.4642538035993907,3.2854302217598588,-0.129962897117477,-1.7382165821438544,5.05882516872919,-3.284595921398605,4.014900544780178,0.8646921237761467,-4.788671373733405,-2.678460370353433,-2.4860885307362657,0.1983515717916878,-1.2477144772292006,4.288649259421659,-1.691965569841943,-2.437298378471593,2.72230387965143,3.867150186290453,-0.4896891978026725,4.342812667182587,-0.9226947544475214,0.3066089097401957,-2.437298378471593,-0.55095069256175,1.9006144049319689,-0.4896891978026725,5.436018168661619,2.316291576592107,-3.823592025306194,0.9912977470054748,5.1034999190319965,0.6971598768515093,-5.258673502984015,2.0432796945324467,2.391205580692088,0.3789651834206544,4.387282071642817,-2.976294709136308,-3.284595921398605,2.3936782400546783,2.818459136804674,-3.257196962225497,3.1091800651995816,-1.884508656715488,-3.690060751729184,0.963104807136988,-0.3430857282411413,3.934028290195474,-3.0614524811954507,-0.5120077199920032,5.112999534365466,-1.7929414751762969,-3.5008188957687074,2.2592780379181083,4.975264213999481,1.9580319866702995,4.052268096535848,-3.1545428609010493,-0.7996897808697105,3.065319214464461,-2.8427633675321737,5.043747230506194,2.4214057562882534,-1.7867109262020582,5.067040497465281,4.223520391409761,-3.5722778086653206,-4.095525443171116,0.875154294091915,3.993802395577753,1.884307991617033,5.91678723703534,-2.80767206003617,-0.221724874588361,2.852290292586561,3.4393027358099157,0.0960202159117201,1.4161363872610304,-2.860781866541348,-2.390778373659208,3.724963001984961,6.678372560632633,-2.663422497511732,0.0711385500112364,3.4460900921787987,0.3573660719282192,0.8162086614706705,-3.977742546403457,1.506130771300863,2.891617234635475,1.958325629308458,5.190153035467592,-0.0859233367275883,3.879221200529502,1.6832859512013396,-0.5224790194938015,3.972014365640006,0.6106194214571936,-2.976294709136308,-1.9554603826152512,-2.283147732657932,1.7590078389619046,-2.87913099847554,2.038142465457266,-1.6106199392156733,2.885479048713105,-1.6696182736470588,-3.2045532564600885,-2.80767206003617,1.1415799489773235,-0.1649272776293766,-2.114525051889973,6.138334178242419,-1.1710218617906198
ERR260210,1,5.006185069062399,-3.340657648515264,-0.1550571935297017,-4.352257499588888,-2.033144607374497,0.9091348548360516,-0.775708850494104,-2.945345109768358,-2.742820920486788,-2.337355923489704,-3.2536463220306557,-2.173726533250872,-2.3045661078351705,-1.0170828263426257,2.7234088044518074,2.0916070871325,-3.892725784244701,-0.4604388341299349,-2.4677177104106205,0.6381734318624382,-2.0664810220849907,-2.8668735251316253,-1.6610159704739935,-0.9706977024516475,-4.064575843803167,-0.2946938267169187,0.6754517395553369,3.6684495192143833,1.660640665652184,2.962959224607701,-3.1235932615331,-2.7767224606682204,-2.759628033153454,6.604506199699724,4.49878377869758,-3.4031779663959383,-2.4063487791036438,0.991668719507706,-2.6324728981437824,3.5965381386403616,-1.4255196749014163,-2.742820920486788,0.2495721351908181,-2.242045763887395,2.313424553651384,-2.588670288278563,-3.281817183124345,-1.434488344079801,-2.533100452567763,-0.568069494457118,1.0541649490991534,3.3898534625630283,1.0121580097987055,1.1476375805042285,0.5567124863657121,0.6594866332248956,-0.5891229028490187,-2.0664810220849907,-4.129114281607512,0.0245455453809715,-2.231995430054095,-3.6182891911742856,4.864079844691086,-1.3277773984425327,-2.326306089745121,-2.987017788800284,5.932434954300265,1.496585195716795,-2.987017788800284,-3.541328209297371,3.128732997554855,3.9432477452619,-3.7461224535933546,2.331518882750254,3.3839023600195137,0.8139543691707565,-3.2536463220306557,3.66526812220447,-0.9792326044158516,-0.4968064770410466,-4.003951295516054,-1.6955021425804493,-3.0085239847705574,2.648379108393517,-2.0008837503605426,-2.588670288278563,5.649352784350706,-0.993621341039794,-0.0990132977495274,-1.7072669827759048,6.73015770399406,-3.2536463220306557,-1.2167648778612512,2.145269690030028,0.1695294289108156,-2.647510770985484,-2.4551389313683165,0.2293011711596374,4.115778794714053,5.536520757494255,-1.6610159704739935,-3.099495721568436,-4.003951295516054,1.9872179171559363,-0.4587395984347231,3.9908583776186815,-0.8917451550795719,1.3647685406345116,-2.4063487791036438,-2.945345109768358,2.830599404238714,4.666617991212615,5.966902317738821,3.0645201155491364,-3.792642425938245,5.780884021277628,3.583745544884233,-1.4526706615099625,-5.2277239036160665,1.4289986257117135,2.121116997028504,0.4099147827886039,3.330146473183284,3.3705658979824014,-1.1267387324421336,1.6027142765929216,2.499630981649,0.3662397199218803,4.252883850865373,-1.853559057347538,-3.659111152361235,-1.7072669827759048,-0.3121361288731917,-2.0088519187398783,2.2577637066673573,-0.4810581206240537,4.243098046439696,-1.7619918758083477,2.3119372485891287,1.748433411773656,-1.331834198808994,3.8176434815767215,3.589866133260144,-3.1235932615331,-1.4618873157654133,5.101497862006439,-2.811813768164224,2.583435483037958,-2.0088519187398783,-1.062614208385959,4.907125306059629,-1.4758735564360324,-0.1600823296061145,1.4259090249177282,3.0980141841952555,3.4930263482472013,4.761258215713818,5.271161687678399,2.805086835355561,2.57120540807384,3.3729236945341965,3.4306175682587403,1.4092679753620363,2.915149949855419,-2.829832267173398,-2.359828774291259,1.8983593729064925,7.417560501445081,1.0944782125960515,4.385327131066752,2.1397281141498,-4.129114281607512,-3.0085239847705574,4.530548888901532,0.9275547372182747,5.461039238340466,3.007738780121996,2.9459603809506816,-0.0549737373596388,2.7791728565364617,4.982302729167959,-0.491529420125852,0.7702156195330444,-2.588670288278563,-2.945345109768358,2.576278653542886,-2.2521981332899825,1.789957438329854,2.135678500931546,3.1714022138447207,4.356820800434119,4.331408454960376,-1.6386686742791094,-3.173603657092139,-2.7767224606682204,1.172529548345273,-0.1339776782614271,0.8725910573806076,6.951707088987075,-1.1400722624226705
ERR260214,1,9.10924697203126,-2.245458435772933,-0.7313311758702558,-3.257058286846558,-0.9379453946321668,2.004334067578382,0.3194903622482266,6.218998028665253,-1.6476217077444577,-1.2421567107473734,-2.158447109288325,-1.0785273205085413,-1.2093668950928398,0.0781163863997051,2.4456107978534103,0.5770015464826338,-2.7975265715023707,6.5328295442005775,-1.3725184976682898,-2.7975265715023707,-0.97128180934266,-1.7716743123892948,-0.565816757731663,5.753710968464318,-2.969376631060836,0.8005053860254119,1.7706509522976672,2.512822328049097,-1.8501458970260276,-2.158447109288325,4.93979022367226,-0.261327596624515,4.956592749969712,-0.3901083750370442,-1.264629561548928,-2.3079787536536074,2.512302171993261,-1.2533300088486203,5.387675900789295,8.47753597832961,-0.3303204621590859,-1.6476217077444577,-1.9353036690851704,-1.1468465511450645,0.2814810380873456,-1.4934710755362322,-2.1866179703820143,-0.3392891313374705,-1.4379012398254325,0.5271297182852126,2.149364161841484,-1.1169935939371527,-2.8515937342931776,-2.746233329746345,1.6519116991080427,1.7546858459672263,0.5060763098933119,-0.97128180934266,-3.033915068865181,1.1197447581233022,-1.1367962173117647,-2.523089978431955,-0.5434694615367788,-0.2325781857002021,5.010688489681918,-1.891818576057953,1.4434204274320954,-0.3170164977127103,-1.891818576057953,-2.446128996555041,-0.5379598063329368,-0.5055245340869138,-2.650923240851024,0.8592635426029528,-1.9807660224901027,1.9091535819130871,-2.158447109288325,-0.1736220232028643,0.1159666083264787,0.5983927357012839,-0.9883762397796932,-0.6003029298381186,-1.913324772028227,0.5195251191891442,-0.905684537618212,-1.4934710755362322,1.590402615709671,0.1015778717025366,4.851462999348894,-0.6120677700335743,0.6941837971208732,3.5006473311631257,6.291988249637953,-1.583083207440213,-3.662522561623125,-1.5523115582431537,-1.3599397186259856,1.324500383901968,-0.1215656651189205,4.006503228137361,-0.565816757731663,-2.004296508826105,-2.908752082773724,0.4086362077903655,0.6364596143076076,-0.4536994715952048,0.2034540576627587,-1.631092411257726,-1.3111495663613126,-1.8501458970260276,-0.7246866340345893,0.6364596143076076,4.2311869284021,-1.0145786075963603,-2.697443213195914,2.1174465591157547,5.400590590889311,-2.606471517805847,4.8431520743407805,-1.8501458970260276,3.988832842599071,1.5051139955309345,5.796002632304877,-1.8501458970260276,-2.158447109288325,-0.0894773528557493,-0.6239726711226089,-2.131048150115217,-0.4386615957382777,-0.7583598446052077,-2.563911939618904,-0.6120677700335743,0.7830630838691387,6.42182465007805,-1.9353036690851704,0.6141410921182768,-2.004296508826105,-0.6667926630660168,-2.374670083658428,5.8267151821144,-0.2366349860666635,-1.4515068881788795,7.493911156490155,-2.028394048790769,-0.3666881030230827,7.073175719653456,-1.7166145554218937,1.9736029401370017,8.78856612351013,-0.6605621140917781,-0.3806743436937018,-0.3806743436937018,-2.446128996555041,-2.969376631060836,0.4234512929483899,0.7682917669852178,0.6632618877888561,9.502129790094903,-1.68152324792589,-1.9807660224901027,-0.0151187905660612,-1.5988315594480362,-1.2533300088486203,5.138266877186917,-1.7346330544310675,-1.264629561548928,5.436241085363212,2.949851941634972,-1.5372736854014517,1.1972873621215163,-0.0348562721057797,-3.033915068865181,-1.913324772028227,-2.8515937342931776,0.1301512425136063,0.9476326907547518,0.0325850043563717,0.5966275102390353,1.0402254753826918,-1.7907225001030982,-2.1043799172577997,0.6036697926164785,5.508658595414972,-1.4934710755362322,-1.8501458970260276,-0.8293115705049712,-1.156998920547652,2.8851566510721844,-1.75298218636526,-0.772153164834956,-0.4844711271053931,6.438952323449344,-0.5434694615367788,-2.078404444349808,-1.68152324792589,3.826327895511669,0.9612215344809034,-3.43937951030779,1.3142086980419532,-0.0448730496803398
ERR260215,0,7.558224164840397,-2.938336790683445,-1.4242095307807678,-3.94993664175707,-1.6308237495426787,1.31145571266787,-0.3733879926622854,-2.54302425193654,-2.3405000626549697,-1.9350350656578852,-2.851325464198837,-1.7714056754190532,-1.902245250003352,6.086344949593116,-0.5712137257940706,4.474664335335199,3.511318869564437,2.679645090310189,-2.0653968525788016,-3.4904049264128827,1.8318334902342936,2.1056740624171626,-1.258695112642175,-0.5683768446198291,-3.662254985971348,5.045330016703346,4.319605160468451,4.342401537898337,-2.54302425193654,1.8701446268756123,-2.721272403701281,-3.0675484385689398,-2.357307175321635,-1.0829867299475562,4.3171682724932845,2.2471844790509548,-2.0040279212718244,-1.9462083637591323,3.064276883159268,-1.1930978373306054,-1.0231988170695978,-2.3405000626549697,-2.6281820239956826,-1.8397249060555765,-0.4113973168231664,-2.1863494304467443,-2.879496325292526,-1.0321674862479824,3.137078295450295,-0.1657486366252994,1.4564858069309718,4.343527828558173,-3.5444720892036896,-0.4089789360758561,0.9590333441975308,1.061807491056714,-0.1868020450172001,4.152799483552108,-3.726793423775693,0.4268664032127902,-1.8296745722222765,3.0555484605646117,-1.2363478164472907,-0.9254565406107144,-1.9239852319133024,-2.584696930968465,0.7505420725215836,4.315711857586651,-2.584696930968465,-3.1390073514655525,-1.2308381612434487,-1.198402888997426,-3.343801595761536,5.481463448797332,4.331827864934646,1.9094224028074087,4.244613228545095,4.854336775623788,-0.5769117465840331,-0.094485619209228,-3.601630437684236,-1.2931812847486306,-2.6062031269387385,-0.1733532357213677,0.4424511339056368,-2.1863494304467443,0.8975242607991587,-0.5913004832079755,0.3033075600822911,-1.3049461249440863,5.8777834884292925,-2.851325464198837,-0.8144440200294326,-2.2759615623507248,-4.355400916533637,-2.245189913153665,-2.0528180735364976,0.6316220289914559,-0.8144440200294326,1.1990086111472789,3.5886453876073943,-2.697174863736617,3.0599221950018336,-0.2842421471201464,4.792476274369178,5.301528012035404,4.66875796862557,-2.3239707661682383,-2.0040279212718244,-2.54302425193654,-1.4175649889451012,5.5303783090139165,7.174103808055983,4.288862857889536,-3.390321568106426,6.223366435689289,5.641164559135517,-3.299349872716359,0.8676514789940666,3.18773750747735,0.6717611959103967,0.8122356406204225,4.718744883780405,-2.54302425193654,4.28134901038702,2.934718921019424,6.147634667896609,-2.823926505025729,-1.1315399506487895,-1.4512381995157195,-3.256790294529416,-1.3049461249440863,4.521036409541376,3.030602641835104,-2.6281820239956826,0.6144099004065994,4.527231181211515,-1.3596710179765288,3.077819764432682,3.021730297866919,-0.9295133409771754,2.0895224409252955,6.332253908754692,-2.721272403701281,-1.0595664579335946,5.208406768611017,4.255598829019011,1.2807245852264897,4.775081730466988,4.409079448418471,3.8028980907930183,-0.3804055649926219,2.916994977775645,-3.662254985971348,2.828277601101977,0.0754134120747058,-0.0296164671216559,6.548720611937153,-2.374401602836402,2.2269679262772377,2.270983155368791,0.9341254565947854,-1.9462083637591323,1.8494068444607985,-2.42751140934158,-1.95750791645944,4.747713594935942,2.25697358672446,-2.230152040311964,0.5044090072110046,3.162796552604101,0.7429374732520245,-2.6062031269387385,5.308636517948362,-0.5627271123969056,5.438311121940685,-0.6602933505541403,1.0094037029822638,0.3473471204721797,-2.48360085501361,-2.7972582721683112,3.699595573325249,1.172536477364863,0.0604206279381401,0.8472287136382746,-1.5221899254154831,-1.8498772754581645,2.1922782961616725,-2.445860541275772,7.4983081811204,-1.1773494820159052,6.651833208820331,-1.2363478164472907,-2.7712827992603204,0.4709083381411956,4.764957542099684,0.2683431795703913,-4.132257865218302,0.6213303431314412,-0.7377514045908519
ERR260216,0,5.680462911808804,-3.2083350264727795,-1.694207766570102,-4.219934877546404,-1.9008219853320127,1.041457476878536,3.415769838329921,-2.8130224877258736,-2.610498298444304,-2.2050333014472194,-3.121323699988171,4.581031095076298,-2.1722434857926856,4.412488282954698,-0.8412119615834047,-0.3858750442172121,-3.7604031622022167,-0.3281162120874502,-2.335395088368136,3.2810534956980586,-1.934158400042506,2.6456068876996715,-1.5286933484315088,-0.838375080409163,-3.932253221760682,6.178023647978489,0.8077743615978215,1.5499457373492511,1.1568838915284587,4.294185269014428,-2.9912706394906152,-3.3375466743582733,-2.627305411110969,-1.3529849657368902,3.9545315693871705,-3.2708553443534534,-2.274026157061159,-2.2162065995484665,-2.500150276101298,5.889982352140134,5.299406982042329,-2.610498298444304,-2.8981802597850166,-2.1097231418449103,-0.6813955526125003,-2.4563476662360784,-3.14949456108186,-1.3021657220373164,4.430913032308859,-0.4357468724146335,1.1864875711416378,3.411414290231437,-3.814470324993024,-3.709109920446191,0.6890351084081966,0.7918092552673801,-0.4568002808065341,-1.934158400042506,-3.996791659565028,0.1568681674234561,-2.0996728080116105,-3.485966569131801,5.91603084068169,-1.1954547764000485,7.072049189269349,-2.854695166757799,0.4805438367322494,5.697051136877005,-2.854695166757799,-3.409005587254886,-1.500836397032783,-1.4684011247867597,-3.61379983155087,4.979224909341607,-2.9436426131899487,0.9462769912132412,-3.121323699988171,3.373941301232644,2.2124675018790896,-0.364483854998562,-3.8716286734735696,-1.5631795205379646,-2.8762013627280725,-0.4433514715107016,-1.8685611283180577,-2.4563476662360784,0.6275260250098247,-0.8612987189973095,0.0333093242929571,-1.57494436073342,-0.2686927935789729,-3.121323699988171,3.744161222671909,-0.1117986324599853,3.2127444839012265,-2.5151881489429995,7.553548994562682,0.361623793202122,-1.0844422558187667,5.56309565530026,-1.5286933484315088,-2.967173099525951,-3.8716286734735696,4.507355485268125,4.543256980922333,5.466451654098086,3.468289744265726,2.195978413641084,-2.274026157061159,-2.8130224877258736,-1.6875632247344352,-0.3264169763922384,7.049296088492929,-1.9774551982962063,-3.66031980389576,5.663977354896749,5.095679339959635,-3.569348108505693,-5.095401281573581,2.9187981731753663,3.1127596204689567,1.2353845782685269,3.624108153804766,-2.8130224877258736,3.605641626288333,3.3703261810683025,4.524896740836126,-3.093924740815063,2.944783835849168,-1.7212364353050535,-3.5267885303187505,0.6163453759673093,3.755742695205984,-1.8765292966973932,-2.8981802597850166,4.423213592954916,4.296589758550407,-1.6296692537658628,2.256266294465049,4.92405032739258,5.867468513207153,3.026669094984284,4.714891843123735,-2.9912706394906152,-1.3295646937229286,4.415513644893558,1.9451311121530008,1.0107263494371557,2.350712966510446,-1.623438704791624,2.904407518456092,4.402427145110153,-3.409005587254886,0.9496000419491032,0.8061345689553322,2.537383368776056,4.801158356099112,6.310108677058174,-2.644399838625736,-2.9436426131899487,2.0799314012222454,1.821111507050235,2.578747641574829,1.5794086086714645,-2.6975096451309137,-1.534359085325173,4.3417518874099335,6.407764753597435,-0.4902350555774911,0.2344107714216705,1.3937996558387629,-3.996791659565028,1.6563977003177506,5.047933469144683,-0.8327253481862397,-0.0152438999450942,-0.9302915863434744,6.138007318646508,0.0773488846828458,0.8707414678145206,2.0734827377155147,-0.3592067980833675,3.136662567244508,-2.4563476662360784,-2.8130224877258736,2.73231397625114,-2.119875511247498,1.922280060372339,-2.715858777065106,2.6799545613934788,-1.4473477178052392,5.262807274304059,-1.5063460522366248,-3.041281035049654,-2.644399838625736,1.3048521703877576,-0.0016550562189425,-4.402256101007636,6.093942849074375,4.767468588293539
ERR260217,0,5.607448557737491,-3.10740192479449,1.4170176332304856,-4.119001775868115,-1.7998888836537237,1.1423905785568254,3.4303425309717115,0.3275617328093099,-2.5095651967660144,-2.10410019976893,-3.020390598309881,5.97449822534527,3.4390784998620845,4.354586111748902,-0.7402788599051155,-0.2849419425389229,-3.659470060523928,-0.2271831104091611,-2.2344619866898463,-3.659470060523928,-1.833225298364217,2.313936652885315,2.238549934763235,-0.7374419787308739,-3.8313201200823928,4.230165497184037,3.888197111975839,1.6508788390275402,-0.9340291003753584,4.278053948018748,-2.890337537812326,-3.236613572679984,-2.52637230943268,-1.252051864058601,6.102070798742577,2.0617031076613936,-2.1730930553828696,-2.1152734978701773,-2.3992171744230086,5.9153734739474055,2.4537451943190574,-2.5095651967660144,-2.7972471581067277,-2.008790040166621,-0.5804624509342111,-2.355414564557789,-3.048561459403571,3.5694519147800268,3.152352741616824,-0.3348137707363443,1.2874206728199271,-1.9789370829587092,-3.7135372233147343,-3.6081768187679018,0.7899682100864859,0.8927423569456693,-0.355867179128245,-1.833225298364217,-3.895858557886738,0.2578012691017454,-1.9987397063333212,-3.385033467453512,-1.4054129505583357,-1.094521674721759,-2.093050366024347,-0.9409495427410048,0.5814769384105386,3.7937247715380034,-2.75376206507951,-3.3080724855765973,-1.3999032953544936,-1.3674680231084704,3.815987462871285,5.333760095619743,3.7726389101828,1.0472100928915302,-3.020390598309881,-1.035565512224421,-0.745976880695078,-0.2635507533202728,-3.77069557179528,-1.4622464188596755,-2.775268261049784,-0.3424183698324125,5.39851520982266,-2.355414564557789,0.728459126688114,-0.7603656173190203,0.1342424259712462,-1.474011259055131,5.65160964450671,-3.020390598309881,-0.9835091541404772,1.4480679929503328,-4.524466050644682,2.4502441988035484,-2.2218832076475423,2.8044611317946133,-0.9835091541404772,5.772757285536288,-0.7346131226904448,-2.8662399978476616,2.5983981099736546,3.039121375314067,3.366113984950608,4.3276242131932765,3.4409033971733765,2.2248769945220537,-2.1730930553828696,-2.7120893860475843,-0.8934830087213598,2.414543120414202,6.261054671391361,-1.8765220966179172,-3.5593867022174708,6.159724805568293,5.177713382841644,-3.468415006827404,-4.994468179895292,3.5800083067077813,3.2164132200406863,2.3840364497292525,3.973439879872549,-2.018942409569209,-3.020390598309881,3.3630216337097965,5.860719579410534,-2.9929916391367737,3.72980022009899,-1.6203033336267645,-3.425855428640461,-1.474011259055131,1.4831153844963698,4.499512122508787,0.9361802384509246,3.2538476095553523,2.9114118506589057,-1.5287361520875735,2.839444952348546,3.9339295947944537,-1.0985784750882204,4.127998265268988,3.738090423014095,-2.890337537812326,-1.2286315920446396,4.507522365591882,-2.5785580444434504,1.1116594511154447,-1.7755961950191046,-1.522505603113335,3.206365079590251,-1.2426178327152584,-3.3080724855765973,3.3379324150535705,-0.438492196073167,-0.093651722036339,5.231011911660212,6.528185770466928,2.2826373229553725,0.8438411993815264,3.039121375314067,3.127720954456052,1.7158072994025069,3.1460765703948828,-2.5965765434526245,-2.1265730505704847,3.228403641833978,5.44051383332171,-2.3992171744230086,0.3353438730999598,2.94204500729167,-3.895858557886738,-2.775268261049784,4.946137732143296,2.545192972309903,4.769799281499786,-0.8293584846651851,5.681722067332345,1.4294239300479608,3.640397375540555,-2.966323406279356,-0.2582736964050784,1.003471343253818,-2.355414564557789,-2.7120893860475843,-1.691255059526528,-2.018942409569209,4.1005920120925605,-0.1970300732487786,3.9015957079112833,-1.34641461612695,4.340525325041426,0.8094572554365735,-2.940347933371365,2.3607854655509573,1.4057852720660466,0.0992780454593466,-4.301322999329347,4.253857378378014,-0.9068165387018968
ERR260218,0,4.048855969607576,-3.28669838650414,-1.7725711266014623,-4.2982982375777645,-1.9791853453633732,0.9630941168471754,-0.7217495884829802,-2.8913858477572343,-2.6888616584756644,-2.28339666147858,-3.1996870600195315,5.487360861773396,-2.2506068458240462,2.86073276659342,-0.9195753216147656,3.013252426859528,-3.8387665222335774,-0.406479572118811,-2.4137584483994963,5.123475744050093,-2.012521760073867,-2.812914263120501,-1.6070567084628695,-0.9167384404405238,-4.010616581792043,-0.2407345647057948,3.941601493227864,2.409173494604392,-2.8913858477572343,2.356282079120033,-3.069633999521976,-3.415910034389634,-2.7056687711423297,-1.4313483257682509,5.3638058704756695,-3.349218704384814,-2.3523895170925195,-2.2945699595798272,2.0528766398689906,5.063014679494635,-1.3715604128902927,2.282801449365756,-2.9765436198163773,-2.188086501876271,-0.7597589126438611,-2.534711026267439,-3.227857921113221,-1.3805290820686773,-2.479141190556639,-0.5141102324459941,4.392033939532319,4.223781321577679,-3.892833685024384,-3.787473280477552,0.610671748376836,0.7134458952360196,-0.5351636408378948,-2.012521760073867,3.464863118798194,0.0785048073920954,-2.178036168042971,-3.564329929163162,4.983833858702139,-1.273818136431409,-2.272346827733997,-2.93305852678916,5.133288891226479,5.677004306993123,-2.93305852678916,-3.4873689472862472,-1.5791997570641434,-1.5467644848181203,-3.692163191582231,4.84506342042813,2.0343874852068358,0.8679136311818804,-3.1996870600195315,2.520988395237594,1.4371965512848175,-0.4428472150299228,-3.9499920335049294,-1.6415428805693255,-2.9545647227594336,-0.5217148315420623,6.470862049605508,-2.534711026267439,0.5491626649784641,-0.9396620790286704,-0.0450540357384036,-1.653307720764781,5.653437984321204,3.0044211135333887,-1.1628056158501274,1.881026383487548,-4.703762512354332,-2.59355150897436,-2.4011796693571923,2.662047826439543,-1.1628056158501274,5.542478563915147,-1.6070567084628695,-0.9139095844000946,-3.9499920335049294,3.3258306822324464,3.295074289717878,4.705713062677199,3.9667070508352,1.2184834307660164,-2.3523895170925195,-2.8913858477572343,-1.765926584765796,-0.4047803364235993,5.736340172057674,1.4705417945030812,-3.7386831639271207,5.158783351427898,4.400047496493245,-3.6477114685370537,-5.173764641604942,-2.8913858477572343,2.715765440931085,2.7697301226941624,3.0443714054836,1.3019722002049232,2.68301557939559,2.4486995978170305,4.064537031049911,-3.172288100846424,1.691079140549283,-1.7995997953364142,-3.605151890350111,-1.653307720764781,-0.2581768668620679,5.6602517410218605,-2.9765436198163773,-0.4270988586129298,3.5043862681729,3.039613096521641,1.0344188970738564,4.802857842481822,-1.27787493679787,4.385226599603991,3.402297050084501,-3.069633999521976,-1.4079280537542893,3.812127333832634,-2.7578545061531003,3.789391601748953,-0.6476416196592616,3.076955874810989,3.8459921704222735,4.23236875090349,-3.4873689472862472,3.155744663745812,3.931522277891805,-0.2729481837459889,3.4335577163493944,4.922172300430684,3.110129648458913,-3.0220059732213094,2.0367543502100998,3.006776298828462,2.3352378054331044,1.5010452486401038,-2.7758730051622744,-2.3058695122801347,2.746023818975025,3.3082532276364915,-2.5785136361326586,0.1560474113903099,2.0006493456766257,-0.6347382153783542,1.8685175338393043,2.164729555277732,2.450068791182288,3.3953336553162567,-1.0086549463748349,5.299522625375225,4.4381091354171405,3.670019596346775,2.4390623907866984,-0.4375701581147281,3.547833703729357,-2.534711026267439,-2.8913858477572343,-1.870551521236178,-2.1982388712788588,3.443885080856466,-2.7942221370964666,4.174662712608187,-1.5257110778366,5.959476414297321,-1.5847094122679857,-3.119644395081015,-2.7227631986570966,1.226488810356397,1.0543478147427017,-4.480619461038997,5.817324177386402,-1.0861130004115465
ERR260221,0,3.586606458157166,-3.4414869050495183,-1.9273596451468404,-4.453086756123143,-2.1339738639087518,6.698448626338316,-0.8765381070283583,-3.0461743663026124,-2.8436501770210425,-2.4381851800239582,-3.354475578564909,2.974353109383082,4.4738938484372985,4.204764858562171,-1.0743638401601436,3.152386899428327,2.20705983483606,-0.561268090664189,-2.5685469669448744,3.96520482034092,-2.1673102786192446,2.2433283523881533,-1.761845227008248,-1.0715269589859018,-4.165405100337421,4.9524348872797335,1.2677696581195317,1.316793858772512,4.125638781058529,-3.354475578564909,-3.224422518067354,-3.570698552935012,-2.860457289687708,4.775893772456006,5.450465794275578,-3.504007222930192,-2.5071780356378977,-2.4493584781252054,1.9628265350643448,-1.6962479516966782,-1.5263489314356706,-2.8436501770210425,1.2208074238416795,-2.342875020421649,-0.9145474311892392,1.936872565908835,-3.3826464396585987,-1.5353176006140552,-2.6339297091020173,-0.6688987509913722,0.9533356925648993,3.0769444061483844,-4.047622203569762,3.049006081107404,0.4558832298314578,0.5586573766906415,-0.6899521593832729,2.609817037781202,-4.229943538141766,-0.0762837111532826,-2.3328246865883493,-3.71911844770854,6.624562000326972,-1.428606654976787,5.227338908398959,1.2144910089641885,6.0839864860206685,4.459227691564603,-3.087847045334538,-3.642157465831626,-1.7339882756095215,2.926231767046446,3.600109718859388,2.43208035922566,3.5185726721977093,0.7131251126365024,1.2069743503152843,3.80261012636264,-1.080061860950106,-0.5976357335753009,-4.1047805520503085,-1.7963313991147036,-3.109353241304812,-0.6765033500874406,1.3105340574566595,-2.6894995448128167,0.3943741464330859,-1.0944505975740482,-0.1998425542837817,-1.8080962393101592,5.233527535297862,-3.354475578564909,3.368688349292009,1.7731188147720158,-4.85855103089971,-2.7483400275197383,-2.5559681879025704,0.1284719146253831,-1.317594134395505,0.6958584967812061,-1.761845227008248,-3.2003249781026897,1.97205069159765,3.635422209855213,5.352584148971989,4.961633931252765,-0.992574411613826,1.5634751624379692,-2.5071780356378977,2.6932899796691654,2.6015051527369075,-0.5595688549689772,5.09654164174034,-2.2106070768729453,-3.893471682472499,0.9214180898391702,4.4137282428547655,2.2394088012204665,-5.32855316015032,0.8932251499706834,-0.8243128484964031,2.015386402176805,2.752670478954533,-3.0461743663026124,-3.354475578564909,2.7055552691133338,4.757135275881696,0.1352746618324418,3.1463963665005563,-1.9543883138817923,-3.759940408895489,1.45589990702021,-0.412965385407446,3.4009693627827997,-3.1313321383617554,-0.5818873771583079,5.766668659112139,3.703899792402392,-3.570698552935012,4.38107861762441,-1.4326634553432482,-0.1580731423768962,2.617918851682949,0.0741202397479767,-1.5627165722996674,3.1190715687456403,-2.9126430246984785,4.961212681221114,-1.4165340747141777,-1.8565905833683631,-1.5767028129702865,5.93419779350445,-3.642157465831626,1.750458731644754,1.7507957156400678,-0.4277367022913669,-0.5327665814877286,5.120991877364458,-2.8775517172024747,-3.1767944917666875,1.089481464811476,4.324621173263712,-2.4493584781252054,2.691450294527231,-2.930661523707652,-2.460658030825513,1.8372453892521412,4.1592634221041225,-0.2384947077842014,0.0012588928449318,3.678442288306028,0.8568280878402003,7.112511715375344,-4.047622203569762,2.559627293330803,4.113783427175543,3.6447942542045695,6.0081321941375645,2.003942844295684,-2.2936039811273745,4.286421311664933,-0.5923586766601062,3.061892975154122,-2.6894995448128167,-3.0461743663026124,-2.025340039781556,-2.353027389824237,1.6891281817956,-2.9490106556418447,3.821268584392824,-0.032241776224877,5.254232166233094,-1.7394979308133636,-3.274432913626393,-2.8775517172024747,1.0717002918110188,-0.2348069347956814,0.8868506264440406,4.865986765634032,1.9540665557200323
ERR260223,0,7.328611318320945,-2.8457282399989703,-0.5739153492321029,-3.8573280910725942,-1.5382151988582038,1.4040642633523452,-0.2807794419778104,-2.4504157012520644,-2.2478915119704945,-1.8424265149734105,-2.7587169135143617,4.441292744624055,-1.8096366993188768,-0.5221534178263321,-0.4786051751095957,3.4784128677876165,-3.3977963757284075,0.0344905743863586,-1.9727883018943264,5.503999157061663,-1.571551613568697,-2.371944116615332,2.003931191584346,-0.4757682939353541,-3.569646435286873,6.210315381035256,1.1703811480716304,2.9069399901593247,-2.4504157012520644,2.9467302867542697,-2.628663853016806,1.016594503555334,-2.2646986246371603,-0.9903781792630812,0.3547978648319689,-2.9082485578796446,-1.9114193705873497,-1.8535998130746572,2.4664316575694847,-1.1004892866461304,-0.9305902663851228,-2.2478915119704945,0.8416343227110861,-1.7471163553711015,1.322579387140725,-2.093740879762269,-2.786887774608051,3.660100509958303,-2.0381710440514693,-0.0731400859408244,1.5490943576154468,4.2089824625629495,-3.4518635385192145,-3.346503133972382,1.0516418948820057,1.154416041741189,-0.0941934943327251,-1.571551613568697,-3.6341848730912183,0.5194749538972652,-1.7370660215378018,-3.1233597826579924,3.7653341944011167,-0.8328479899262391,-1.8313766812288277,-2.49208838028399,6.136889326831964,3.531410304029524,-2.49208838028399,1.2959618463938174,-1.1382296105589738,4.319014969124886,-3.2511930450770614,4.480178398604487,5.558994442841226,1.30888377768705,-2.7587169135143617,3.810997678897997,-0.4843031958995581,1.6065020543498842,-3.509021886999761,-1.2005727340641557,-2.513594576254264,-0.0807446850368927,3.6941198189602593,-2.093740879762269,0.9901328114836336,-0.4986919325235005,0.3959161107667661,-1.2123375742596112,5.667651023392847,-2.7587169135143617,4.508109878838786,-2.18335301166625,-4.262792365849162,4.205260601533834,-1.9602095228520229,3.0941233781053885,-0.7218354693449576,5.65741459316563,-1.1660865619577,-2.6045663130521417,1.3017255510552002,-0.1916335964356714,0.0361898100815704,4.754779596777392,4.1135833295035775,2.567539268868757,-1.9114193705873497,2.6650081108902577,0.8962604477363078,3.375764586076948,7.165802890627324,3.7378899195067934,-3.2977130174219518,1.517176754889718,5.781150039493967,-3.206741322031884,-4.732794495099773,0.8876023851181307,2.7812380336101485,2.96577499343765,4.30128191194615,-2.4504157012520644,-2.7587169135143617,2.261868159546694,4.409519962865656,-2.731317954341254,4.04120510572797,-1.3586296488312446,-3.1641817438449413,-1.2123375742596112,3.733101402779019,0.7208117729855866,-2.5355734733112074,0.0138712878922399,-2.6045663130521417,-1.267062467292054,2.099370801247833,3.9804219008321233,-0.8369047902927006,5.028641505282019,6.220545181435043,-2.628663853016806,-0.9669579072491196,4.817806912028952,-2.3168843596479305,5.533914500083729,2.5420967804477117,-1.2608319183178152,0.503643489014772,-0.9809441479197388,-3.0463988007810774,1.783394586868351,4.788227331394332,0.1680219627591808,6.156423759119983,6.29854294601183,0.1129621872607894,1.5520816637728725,0.3767767710139755,-2.1991013636740733,2.142433596317036,3.459661290355551,-2.334902858657105,-1.8648993657749653,4.368262582165437,6.423566305181031,-2.1375434896274887,4.369733924695638,2.9641411544641123,-3.6341848730912183,-2.513594576254264,4.802895386346109,1.7934035016867436,4.738582188697855,0.3015533516634655,5.068678480249652,0.4399556711566547,3.78918321385244,-2.704649721483836,0.0033999883904414,1.265145028049338,1.9538112402288477,0.2258415319759898,-1.4295813747310082,-1.7572687247736891,4.248581440751552,-2.3532519905912967,5.370392012232879,-1.0847409313314302,-1.2484860840197318,-1.1437392657628158,-2.678674248575845,-2.2817930521519267,1.6674589568615663,0.3609517302548664,-4.039649314533827,0.7139388938159162,-0.6451428539063768
ERR260224,0,6.003425211523719,-3.347814189323176,-1.8336869294204987,-4.359414040396801,-2.0403011481824094,0.9019783140281392,-0.7828653913020163,-2.9525016505762705,-2.749977461294701,-2.3445124642976163,-3.260802862838568,4.316176271326352,-2.3117226486430824,5.743182233448427,-0.9806911244338016,-0.5253542070676089,0.4608658719838184,-0.4675953749378471,-2.4748742512185324,-3.8998823250526136,-2.0736375628929027,4.527269932233867,-1.6681725112819057,-0.9778542432595598,-4.071732384611079,6.620648682643276,2.6824333078582705,1.4104665744988545,-2.9525016505762705,3.3323933119285987,-3.130749802341012,-3.47702583720867,-2.766784573961366,-1.492464128587287,5.924635013585778,0.4084400753674143,-2.413505319911556,1.344366773149678,2.097092273773882,4.089998162289579,3.861077091485854,-2.749977461294701,-3.037659422635413,-1.5560552251454476,-0.8208747154628971,1.5833836724390755,-3.2889737239322567,-1.4416448848877133,-2.540256993375676,-0.5752260352650302,1.0470084082912412,3.3266700714642994,-3.95394948784342,-3.848589083296588,0.5495559455577999,0.6523300924169834,-0.596279443656931,-2.0736375628929027,-0.1423619662775145,0.0173890045730592,3.119413276972937,-3.625445731982198,4.6015013047932944,-1.3349339392504451,-2.3334626305530333,-2.994174329608196,0.3410646738818526,1.985343078751702,-2.994174329608196,-3.5484847501052834,-1.6403155598831796,-1.6078802876371567,3.5194340964660014,5.084256142747785,3.1004990601385347,0.8067978283628442,3.846440039425776,5.147690356222797,1.8684376213996077,-0.5039630178489589,-4.011107836323967,-1.7026586833883617,-3.0156805255784698,-0.5828306343610985,-2.0080402911684545,-2.595826829086475,0.4880468621594279,-1.0007778818477062,-0.1061698385574397,-1.714423523583817,5.4399975394235245,1.4130633040670793,3.3206059577025444,1.60587597001904,2.444644337430064,-2.6546673117933963,5.432441716895803,0.2221446303517251,-1.2239214186691634,4.469469009510361,1.2127383314528215,-3.106652262376348,1.712476093003193,3.511959083836441,-0.4658961392426353,4.538448863876568,3.247137424817456,2.3028652022512146,-2.413505319911556,-2.9525016505762705,1.6148179073566258,-0.4658961392426353,6.386281784348203,1.2025471605115463,-3.799798966746157,1.015090805565512,5.202578691902094,-0.4473926683005997,-5.234880444423978,2.653600084077701,2.0673424038956014,0.4027582419806915,3.793694214504495,-2.9525016505762705,0.5605652309314962,2.375374112031504,6.126911106995,-3.23340390366546,1.4442121075914909,0.1160253912265605,-3.6662676931691474,2.618331945294095,-0.319292669681104,0.4622090555122445,-3.037659422635413,5.462581562881816,3.773878154649888,-1.7691484166162597,-3.47702583720867,3.9024550351060063,5.879388652998838,1.8319237678325635,4.136451697979925,-2.437602865683417,-1.4690438565733257,-1.0007778818477062,-2.8189703089721365,4.584286279608267,2.5945868246767207,5.822517644635994,3.409540338180677,2.498623981425746,-3.5484847501052834,2.954915175422128,2.770549355408756,-0.3340639865650249,-0.4390938657613868,4.887336951106367,-2.7838790014761328,-3.083121776040345,3.291942196760827,3.087169393068031,0.1385404131717389,1.439929445821068,2.0133350953026685,2.3593961408305044,3.045674606517132,5.704169095141629,-2.6396294389516948,3.463229323546187,-0.444064878318667,-4.136270822415424,5.039021181288836,4.639236087693297,1.724324119954466,2.947003829916412,-1.0697707491938713,6.9902788102993565,-0.062130278167551,2.926319283494694,4.015291836441782,-0.4986859609337642,0.7630590787251321,-0.997883523988888,-2.9525016505762705,0.2769301125495512,2.289136972949973,3.28940352027047,-2.1621909445406917,3.351685545524459,-1.586826880655636,5.781479840867686,1.3515630399804373,-3.1807601979000517,-2.7838790014761328,1.1653730075373607,-0.1411342190693393,-4.541735263858033,4.766564316477368,2.8860015778659207
ERR260225,0,5.062868951308931,-3.4695286617395373,-1.9554014018368595,-4.481128512813162,-2.162015620598771,0.7802638416117782,-0.9045798637183776,-3.0742161229926315,-2.8716919337110616,-2.4662269367139773,-3.3825173352549287,2.634316547613081,3.4707812029623963,3.785376958045489,1.8606977718896052,3.3924676108415373,-0.771631397345442,-0.5893098473542082,-2.596588723634893,0.7901585232433214,-2.195352035309264,0.6605333867708088,-1.7898869836982667,-1.0995687156759208,-4.19344685702744,5.188331911376703,3.575507938039991,1.288752102082493,-3.0742161229926315,-3.3825173352549287,-3.252464274757373,-3.598740309625031,-2.888499046377727,-1.6141786010036483,1.2730285077854482,1.6573165615753105,-2.5352197923279167,-2.4774002348152244,2.963313383769884,5.157555974632039,-1.55439068812569,-2.8716919337110616,1.7774948075503192,-2.3709167771116686,-0.9425891878792584,-2.717541301502836,2.243703364638911,-1.5633593573040745,-2.6619714657920364,-0.6969405076813914,0.92529393587488,3.39639340578795,-0.8435439758924058,2.035062899030008,0.4278414731414388,0.5306156200006222,-0.717993916073292,2.6779024913580227,2.0577329740365924,-0.1043254678433018,-2.3608664432783684,-3.747160204398559,2.7150568920950877,-1.456648411666806,1.949395427852228,-3.115888802024557,0.2193502014654915,2.374454228930714,-3.115888802024557,-3.670199222521645,-1.7620300322995408,2.6128280043891325,0.716445626484655,-0.3648066833636511,0.8088189458024416,0.6850833559464831,-3.3825173352549287,3.3355554776431515,-1.108103617640125,-0.62567749026532,-4.132822308740328,-1.8243731558047227,1.6184411126951097,-0.7045451067774596,-2.1297547635848155,-2.717541301502836,0.3663323897430669,-1.1224923542640677,2.689245742641829,-1.8361379960001785,6.143330463723205,-3.3825173352549287,0.9939377057973364,1.7649765892330973,-4.886592787589729,0.8246592101795965,-2.584009944592589,0.100430157935364,-1.3456358910855246,5.128545440342164,-1.7898869836982667,-3.2283667347927087,2.159399037796525,4.42345466376483,4.317676709239493,4.516944759536796,-1.020616168303845,1.2215405718868062,-2.5352197923279167,-3.0742161229926315,-1.948756860001193,0.547126726884666,6.867574909373897,2.378309824306646,-3.921513439162518,0.893376333149151,5.230823513102117,2.632825931443711,-5.356594916840339,-0.225517446019555,1.9169099727964287,0.2810437695643304,3.75599631366504,0.0639361001390609,-0.4737969639429388,1.0795514579473444,1.8506681893198755,-0.5460418685460082,2.24650112824884,-1.9824300705718116,-3.787982165585509,-1.8361379960001785,2.8688506328484387,4.668805338374369,-3.1593738950517745,-0.609929133848327,3.6424770668538073,-1.890862889032621,2.742408603281715,3.715490371306901,-1.4607052120332675,0.415465077693567,4.562309126626604,-3.252464274757373,-1.5907583289896865,4.59626910199159,-2.940684781388497,5.333726503670609,3.116182512049415,3.796281819894221,-1.6047445696603058,5.82197765568106,-3.670199222521645,-4.19344685702744,2.5279775952700088,-0.4557784589813861,3.665771979320006,4.648741005186359,-2.905593473892494,2.1041215144108465,1.1332137386058545,-0.7922506836978377,-1.1730231599066885,1.3182149734047066,-2.958703280397672,-2.488699787515532,3.1213543620783097,6.806468101807653,-2.761343911368056,-0.0267828638450873,1.0821122787926236,-3.56483878093784,-3.137394997994831,4.349851331717616,2.154816378395433,4.62997900241994,-1.1914852216102323,5.127471638758155,-0.1838447505839121,2.670877615333625,1.9701298229136408,-0.6204004333501254,0.641344606308771,-2.717541301502836,-3.0742161229926315,-2.0533817964715757,-2.381069146514256,1.6610864251055808,-2.977052412331864,3.793566732532582,3.287825865764316,4.378398975877329,-1.7675396875033826,-3.3024746703164123,-2.905593473892494,5.413291401128034,-0.2628486914857004,-4.663449736274394,6.86495133028473,-1.2689432756469436
ERR260226,0,5.4200909797427945,-3.519473490450625,-2.005346230547948,-4.53107334152425,-2.211960449309859,5.124506586446579,-0.9545246924294656,-3.12416095170372,-2.9216367624221498,5.448987708649863,-3.432462163966017,-2.3525423751862338,1.212462230365534,3.590009170537914,-1.152350425561251,-0.6970135081950583,1.993954652097727,-0.6392546760652965,-2.6465335523459816,5.775357813714993,-2.2452968640203523,-3.045689367066987,-1.8398318124093551,-1.1495135443870093,-4.243391685738528,4.373125093448332,2.582338509122651,1.2388072733714048,0.8403379211749928,-3.432462163966017,-3.3024091034684613,-3.64868513833612,-2.938443875088815,-1.6641234297147365,3.1243945484535605,-3.5819938083312994,-2.585164621039005,-2.5273450635263126,-1.432485274007862,-1.7742345370977854,1.0790071074275278,4.43935706635157,3.855401872538308,-2.420861605822757,-0.2993868602434755,0.3778966444303505,-3.4606330250597064,-1.613304186015163,1.6406255927008584,-0.0537381747719277,0.8753491071637918,2.927975828072651,-4.12560878897087,-4.020248384424037,0.3778966444303505,0.480670791289534,-0.7679387447843802,3.3302025599143934,-4.3079301235428735,-0.1542702965543899,-2.410811271989457,-3.797105033109647,4.041458278575262,-1.5065932403778943,-2.5051219316804825,-3.165833630735645,5.507613376088104,3.222119262410428,-3.165833630735645,0.950951847362124,-1.811974861010629,3.4588808437533825,-3.924938295528716,0.6289376965507063,0.5778961966980829,0.635138527235395,-3.432462163966017,4.25789950640082,1.3396333424841118,-0.6756223189764083,-4.182767137451416,-1.8743179845158109,3.429539446030348,1.3206484344511846,-2.179699592295904,-2.7674861302139244,0.3163875610319785,1.9441008727615856,-0.2778291396848891,-1.8860828247112664,-0.579831257556819,3.571460957254247,1.3587258897545,-0.0864648676444071,-4.936537616300817,-0.7506804072170055,-2.6339547733036777,0.0504853292242759,-1.3955807197966128,4.791134651506334,-1.8398318124093551,-3.278311563503797,2.3211675626241544,-0.8653788468873266,1.8614002994674168,2.373174133135842,-1.0705609970149337,-2.9051074659354184,0.4105674263245381,-3.12416095170372,-1.9987016887122813,-0.6375554403700847,5.922079001476449,-0.5927346619764766,-0.9568584156667606,0.8434315044380628,4.6073754429374185,2.780143377343438,-5.406539745551427,0.9242461142906804,2.716124278989923,2.1468477334249183,4.134825503675176,-3.12416095170372,1.7224332423963762,3.839665575232904,3.5724192706955757,-3.405063204792909,1.926740675196311,-2.0323748992829,-3.837926994296597,-1.8860828247112664,3.1423031404496777,5.153157257363088,-3.209318723762862,-0.6598739625594153,5.680056545192231,-0.6988169351291621,-3.64868513833612,1.263461834808704,7.296687960265017,-2.725521942856572,6.437103166222927,-3.3024091034684613,-1.640703157700775,4.299346162889924,-2.9906296100995857,6.036907303487356,0.8000321892460156,-1.9345771687694704,1.4736347697803167,5.379570200515937,-3.7201440512327326,-4.243391685738528,2.2381841954529262,-0.5057232876924744,-0.6107531668888361,2.908680130769054,0.2770360354006956,-2.262391294457385,1.1019272903686552,3.094438760637902,1.3466607782586453,1.2682701446936184,-3.00864810910876,-2.53864461622662,1.6761727391843295,4.714922041155518,0.8403379211749928,1.9127912451971385,2.3195806805166383,-0.619051969428049,2.605010350120555,3.28433380994355,1.9441008727615856,4.1316893068341045,-1.2414300503213205,2.29456597622498,2.9583370762508103,-0.6773875444386568,1.397183467453188,-0.6703452620612136,0.5913997775976828,-2.7674861302139244,-3.12416095170372,2.141590650568369,-2.431013975225345,3.7291592838487664,-3.026997241042952,4.704071791200686,-1.7584861817830857,3.6059796335520495,-1.8174845162144708,-0.0728592158530808,1.0814446467061123,1.819519802341765,-0.3127935201967887,-4.7133945649854825,6.600138495737479,-1.318888104358032
ERR260227,0,8.123713057542748,-2.836196455248613,-1.3220691953459358,-3.8477963063222376,-1.5286834141078467,5.761475106350017,-0.2712476572274533,1.2909373335112266,-2.238359727220137,-1.8328947302230532,-2.749185128764005,1.8952052201638472,-1.8001049145685195,6.291499242655509,-0.4690733903592387,-0.013736472993046,-3.3882645909780504,1.7573911665366513,-1.963256517143969,6.772764852926524,2.1752459913109305,-2.362412331864975,4.3726948255604166,-0.4662365091849969,-3.560114650536516,0.2097673665497319,1.1799129328219875,2.854571811648779,3.097413644643969,2.304225253791671,-2.619132068266449,-2.965408103134107,-2.255166839886803,-0.9808463945127242,5.022139112806704,-1.2328380730001054,-1.208740524324645,-1.8440680283243005,-0.7195764433947477,5.467427801948328,-0.921058481634766,-2.238359727220137,-2.5260416885608503,-1.7375845706207442,-0.3092569813883343,-2.084209095011912,-2.777355989857694,-0.9300271508131503,-2.028639259301112,-0.0636083011904672,1.558626142365804,1.5205117731505635,-3.4423317537688574,-3.3369713492220248,1.0611736796323628,1.1639478264915462,-0.084661709582368,-1.56201982881834,-3.6246530883408616,0.5290067386476223,3.541868920625306,-3.1138279979076358,2.832429158455076,-0.8233162051758822,8.481367291094074,-2.482556595533633,6.967346257461142,3.477680312595862,-2.482556595533633,-3.0368670160307203,-1.1286978258086169,6.047833803667019,6.094485523093004,6.633252867111264,-2.5715040419657824,1.3184155624374072,-2.749185128764005,2.2974600508725875,-0.4747714111492011,0.007654716225604,-3.4994901022494034,-1.1910409493137988,-2.504062791503906,-0.0712129002865356,5.603224578909243,2.7667041907280217,0.999664596233991,-0.4891601477731434,0.4054478955171232,-1.202805789509254,4.769512010065071,-2.749185128764005,5.946785756841741,-2.173821226915893,-4.253260581098805,-2.143049577718833,-1.9506777381016656,3.199719249819055,-0.7123036845946005,4.085461123439785,-1.1565547772073428,-2.5950345283017846,1.258147511014075,-0.1821018116853143,0.0457215948319275,3.9120294662530086,4.383666792366467,0.5131752737651291,-1.9018875858369928,-2.4408839165017078,1.699330698121034,4.972433774447383,7.0162938035970095,5.384955993988539,-3.2881812326715942,2.2198557163390165,1.2158513669317648,-3.197209537281527,1.2500338763221943,-2.4408839165017078,5.023660595257551,0.9143759760552546,6.514769174932166,-2.4408839165017078,1.6139129475460976,2.63963233751686,5.3419824851934345,3.4357647192270813,1.1482875513679658,0.9765077563041272,-3.154649959094584,-1.202805789509254,0.1923250643934588,2.6414069608707296,-2.5260416885608503,0.0234030726425969,-2.5950345283017846,-1.2575306825416963,2.2210133471796305,2.6325021825504256,-0.8273730055423435,2.1626518781198545,6.086129870268566,-2.619132068266449,-0.9574261224987626,-0.4891601477731434,-2.3073525748975734,3.3600618996795277,4.039410613452277,-1.251300133567458,3.172690577470842,-0.9714123631693816,-3.0368670160307203,0.6557085776742598,2.948653238298838,6.411211358906907,5.556298333545595,4.269613927286021,-2.2722612674015696,0.0303235152477069,-0.6058568100417411,-2.189569578923716,2.8858023138507938,4.527409138208357,-2.3253710739067475,-1.855367581024608,2.514655255573873,4.674946448798535,-2.128011704877132,1.614620411313083,4.489390974989002,-3.6246530883408616,-2.504062791503906,4.846452945826821,-0.4605867769620735,5.179000097589119,-0.5581530151193083,2.2468998325201044,1.1426346251290889,4.252970270589725,0.144267770883397,4.696880675687878,1.274676812799695,2.3628021073838577,-2.4408839165017078,-1.4200495899806511,-1.7477369400233322,2.2944186315965047,-2.34372020584094,5.905331698056904,-1.0752091465810731,6.108621946668074,-1.1342074810124587,-2.669142463825488,-2.2722612674015696,2.37013791884961,0.3704835150052236,-4.03011752978347,0.7234706785662733,-0.6356110691560198
ERR260229,1,8.749871725026443,-1.8356450719494957,3.491789391610681,-3.5403918005529,-1.221278908338509,1.72100055387204,0.0361568485418843,5.0357287920416045,3.860532501309041,-1.5254902244537156,-2.441780622994667,-1.3618608342148837,-1.492700408799182,5.309192221655966,-0.1616688845899009,0.2936680327762916,-3.080860085208713,0.3514268649060534,-1.6558520113746318,-3.080860085208713,-1.2546153230490025,-2.055007826095637,3.1206083969437213,-0.1588320034156592,-3.2527101447671782,0.5171718723190696,1.4873174385913253,2.229488814342755,-2.13347941073237,4.074740575392187,-2.3117275624971114,-2.658003597364769,1.422451174696741,-0.6734418887433865,0.2361916054828021,-2.5913122673599496,-1.594483080067655,-1.5366635225549623,3.2099279724286225,-0.7835529961264356,-0.6136539758654281,-1.9309552214508,-2.218637182791513,-1.4301800648514067,-0.0018524756189964,-1.7768045892425746,-2.469951484088356,-0.6226226450438126,-1.721234753531775,0.2437962045788703,1.8660306481351416,7.864861408538828,-3.13492724799952,-3.0295668434526872,1.3685781854017005,1.471352332260884,0.2227427961869696,-1.2546153230490025,-3.317248582571524,0.83641124441696,-1.420129731018107,-2.8064234921382973,-0.826802975243121,-0.5159116994065445,5.845998848678127,-2.1751520897642957,1.1600869137257532,-0.6003500114190526,-2.1751520897642957,-2.7294625102613828,-0.821293320039279,-0.7888580477932559,-2.9342567545573663,0.5759300288966107,4.997125090985932,1.6258200682067447,-2.441780622994667,-0.4569555369092064,-0.1673669053798633,6.930701663230163,-3.192085596480066,-0.8836364435444609,-2.196658285734569,2.574394299605044,4.725556722366224,-1.7768045892425746,1.3070691020033285,-0.1817556420038057,3.730383241920842,-0.8954012837399165,0.4108502834145308,-2.441780622994667,-0.4048991788252627,-1.866416721146555,-3.945856075329467,0.2918646058421879,-1.6432732323323278,1.734314042223148,7.806874815773441,6.599252573775459,-0.8491502714380051,-2.287630022532447,-3.192085596480066,0.1253026940840233,0.3531261006012653,-0.737032985301547,-0.0798794560435835,-1.9144259249640685,1.8600291297914664,-2.13347941073237,-1.0080201477409316,0.3531261006012653,5.019859213977791,6.057983232544439,-2.9807767269022563,7.149397612734775,1.5232558727011023,-2.8898050315121893,4.418824257449947,3.442933000156389,5.07854370838243,1.2217804818245923,6.21543479088259,-2.13347941073237,-2.441780622994667,3.220021225796497,-0.9073061848289512,-2.414381663821559,-0.7219951094446199,-1.04169335831155,-2.8472454533252467,-0.8954012837399165,3.427201813689835,-1.19698621970389,-2.218637182791513,0.3308075784119346,-2.287630022532447,-0.9501261767723592,5.343801166085031,1.278543121730476,-0.5199684997730057,8.101697415042905,6.540535699048403,-2.3117275624971114,-0.6500216167294248,-0.1817556420038057,-1.999948069128236,1.6902694264306597,2.803486969837268,3.2206004322986845,-0.6640078574000439,-0.6640078574000439,-2.7294625102613828,4.493859443350761,0.1401177792420476,0.4849582532788756,5.053915074724178,6.981881338954184,-1.964856761632232,-2.264099536196445,-0.2984523042724034,-1.8821650731543784,-1.5366635225549623,4.034934742059394,-2.017966568137409,-1.5479630752552704,4.853727726985054,5.0884007277434735,-1.820607199107794,0.9139538484151744,2.097367912274948,0.0883821070738395,-2.196658285734569,-3.13492724799952,-0.1531822711927358,0.6642991770484096,-0.2507485093499705,0.313293996532693,0.7568919616763496,-2.0740560138094404,-2.387713430964141,0.3203362789101361,1.5820813185690328,2.977523962002729,-2.13347941073237,-1.1126450842113134,-1.4403324342539945,2.6018231373658423,-2.036315700071602,6.797605458787514,-0.7678046408117354,5.50430545841194,-0.826802975243121,-2.3617379580561506,-1.964856761632232,1.9843952473812612,0.6778880207745613,-3.7227130240141326,1.030875184335611,-0.328206563386682
ERR260230,0,4.749676726681302,-3.627793915638765,-2.1136666557360866,-4.639393766712389,-2.320280874497997,0.6219985877125512,-1.0628451176176044,-3.2324813768918585,-3.0299571876102886,-2.6244921906132044,-3.540782589154156,4.50375401423639,-2.5917023749586705,4.778568678390108,-1.2606708507493896,3.0961107610202685,4.0006641481208565,-0.7475751012534352,-2.7548539775341205,-4.179862051368201,-2.353617289208491,1.333141108091081,-1.9481522375974936,-1.257833969575148,-4.351712110926667,6.424972123495261,3.672371327938869,1.1304868481832662,1.5413111168171196,2.131776182394954,-3.4107295286566,-3.7570055635242574,-3.046764300276954,-1.7724438549028751,5.32010218879704,-3.6903142335194383,-2.693485046227144,0.5451931771790952,-2.919609165267283,3.894261484397126,2.069095570114378,-3.0299571876102886,-3.317639148951001,-2.5291820310108952,-0.0493388682791498,-2.875806555402063,-3.5689534502478453,-1.7216246112033011,-2.8202367196912634,-0.8552057615806183,3.183316355133045,-2.499329073802984,-4.233929214159009,4.436365377980659,3.345294417327413,0.3723503661013954,-0.8762591699725191,-2.353617289208491,-4.416250548731012,-0.2625907217425288,-2.5191316971775954,-3.905425458297786,5.906217898233051,-1.614913665566033,6.233060686532284,-3.274154055923784,0.0610849475662644,3.8194268450656095,-3.274154055923784,-3.828464476420872,-1.920295286198768,1.2128070511860796,3.2659847591481874,2.567723424065572,3.8474416383672794,5.148989862095805,-3.540782589154156,3.38393849971402,-1.2663688715393522,-0.783942744164547,-4.291087562639555,3.277351295597305,2.098757063193014,1.5090728661012338,0.4210876770169809,-2.875806555402063,0.2080671358438398,-1.2807576081632943,0.7549894094866263,-1.994403249899405,5.751111612344021,-3.540782589154156,1.5838419950472722,1.7302201234464611,0.4440771950014336,-2.9346470381089844,-2.742275198491817,-0.0578350959638629,-1.5039011449847517,5.028422526968062,-1.9481522375974936,-3.386631988691936,1.672339378800051,3.5210275719454005,-0.7458758655582235,1.1515835914003394,-1.178881422203072,-3.013427891123557,-2.693485046227144,-3.2324813768918585,-2.10702211390042,2.770649139356747,4.322996268578901,2.2170665529713056,-4.079778693061745,5.025623401847281,3.496293287863412,-3.988806997671678,-5.514860170739566,-0.6597137483230584,1.718157943918961,1.8931814325265968,3.224448047993348,-0.942217135126722,-3.540782589154156,1.5196999586378743,3.2143388218276154,-3.513383629981048,4.074159182186529,-2.1406953244710385,-3.946247419484735,2.2303117796982423,3.216472190447368,4.090837100263631,-3.317639148951001,3.6981127229646926,5.722249820009981,2.374220237803198,-2.127089674266426,3.76451707195292,6.595565039492835,3.768986852552042,2.842629642865522,-3.4107295286566,2.853364868473218,1.910016846949968,3.496390915511592,2.716458640526892,2.7722615553045844,-2.042897593957609,4.723136558005128,4.468099775491059,-3.828464476420872,-4.351712110926667,1.7873626775800135,2.4674838924402067,3.726199374275354,5.316518521415915,0.6301794728810453,-3.3631015023559336,1.763902791049499,3.191758589599948,0.2914749042834207,1.1599497195054798,-3.1169685342968982,-2.646965041414759,-0.0014354084375524,3.2662920071302604,-2.919609165267283,4.988294699282132,2.3419200502609656,-4.416250548731012,3.734427647764276,3.73346538753374,-0.5590370849612922,0.2584443790110555,-1.3497504755094594,5.7258062771957015,-0.3421100044831391,-0.909693944743476,2.7888387273889923,-0.7786656872493524,3.1756098334991973,-2.875806555402063,-3.2324813768918585,1.971076272584496,-2.539334400413483,2.915812067774582,0.7450996370566821,2.332116812970943,-1.866806606971224,1.914537973022313,-1.9258049414026095,-3.46073992421564,-3.063858727791721,3.5446998225214017,2.336641354577538,-4.821714990173621,6.1585870386962265,-1.4272085295461707
ERR260231,0,5.618611052094575,-0.7566348327567995,0.2175618667666951,-4.302411824641706,-1.9832989324273156,0.9589805297832334,-0.725863175546922,-2.895499434821176,-2.692975245539606,-2.2875102485425223,-3.203800647083473,-2.12388085830369,3.196087035540207,5.39395763671944,-0.9236889086787072,2.8597255760177425,-3.842880109297519,-0.4105931591827528,-2.4178720354634384,5.996432715242541,0.508414945222818,-2.8170278501844432,-1.6111702955268117,-0.9208520275044656,-4.014730168855984,6.119798407838096,2.528640714544414,1.4674687902539485,-0.4522658541359335,1.7473199678557911,-3.0737475865859176,-3.420023621453576,-2.709782358206272,-1.4354619128321928,2.8157377675172985,1.5555196679383798,-2.356503104156461,0.4041092040016353,1.7378412239386836,-1.545573020215242,-1.375673999954235,-2.692975245539606,-2.980657206880319,-2.192200088940213,-0.7638724997078029,-2.5388246133313808,-3.2319715081771627,-1.384642669132619,4.34808606770921,-0.518223819509936,1.1040106240463352,4.116541906054664,-3.896947272088326,-3.791586867541493,0.6065581613128941,2.271266677981408,-0.5392772279018366,-2.0166353471378087,2.9329654684209383,0.0743912203281536,-2.182149755106913,-3.5684435162271035,4.75174079767471,-1.277931723495351,-2.276460414797939,0.0920356839415857,5.431639114356986,3.63436579013214,-2.937172113853101,-3.491482534350189,-1.583313344128085,-1.5508780718820625,4.268857447955703,5.654520037013766,0.0348772713119979,0.8638000441179385,-3.203800647083473,5.31879956378669,-0.9293869294686696,-0.4469608020938646,-3.954105620568872,-1.6456564676332672,0.7170714290794696,-0.5258284186060044,-1.9510380754133605,-2.5388246133313808,0.5450490779145222,-0.9437756660926122,-0.0491676228023455,-1.6574213078287228,6.3223510299892,-3.203800647083473,2.3152122804745603,2.339203746962946,1.1995247668644946,1.5799799653934758,-2.4052932564211345,3.533099851649267,-1.1669192029140691,5.4379569137170005,-1.6111702955268117,-3.0496500466212533,-3.954105620568872,1.697349862747924,3.620934721226816,4.508717166971983,2.538489482469208,1.9526965536255612,-2.356503104156461,-2.895499434821176,-1.7700401718297378,3.2335059047476604,6.891600637882581,3.04649573926398,-3.742796750991063,1.0720930213206064,5.583843124385563,-3.651825055600996,-5.177878228668884,1.8023797448282388,3.0481026815974483,0.4597604577357858,4.438029912668283,-2.895499434821176,-3.203800647083473,3.4507807792929714,1.5757890396048932,-3.176401687910366,2.314543756774272,-1.803713382400356,-3.609265477414053,-1.6574213078287228,1.629831700561893,2.077143917011147,1.3076686243100717,-0.4312124456768717,4.906575968765134,1.591530105292985,-1.7121462008611654,2.97977478768172,-1.281988523861812,-2.4968604259740284,5.262613182018352,-3.0737475865859176,-1.4120416408182312,4.480241725914808,-2.761968093217042,4.079875938025927,3.73958931004563,1.145759637959031,2.9614999325962743,-1.4260278814888503,-3.491482534350189,0.0649224490985423,2.937399534042229,-0.2770617708099308,4.319500011179848,6.2866677861761575,-2.7268767857210383,-3.026119560285251,3.7759646128364905,1.979541683691053,2.6215431686530426,3.349182083342758,-2.779986592226216,-2.309983099344077,3.6408959409678414,4.023901641035615,0.6992931832557323,4.651678873922293,2.7873855294932115,-4.07926860666033,-2.9586783098233758,2.97460384827143,1.7406151508104166,3.695417745881294,-0.0977208470403967,4.844525490708392,5.492476831670895,2.3134285564827484,2.4178066658387647,-0.44168374517867,0.8200612944802265,-0.4665518108731798,1.4157101060963255,-1.87466510830012,-2.202352458342801,1.839803113277036,-2.7983357241604083,3.816091576776736,-1.5298246649005418,5.630762305011864,-1.5888229993319274,-3.123757982144957,1.7531988795325262,6.078451478870414,-0.0841320033142451,0.357876009675057,7.791586346647509,-1.0902265874754886
ERR260234,0,4.930617169178014,-3.159366525408044,-1.6452392655053665,-4.170966376481668,5.961698146283828,1.090425977943272,0.0987294298630388,-2.7640539866611378,-2.561529797379568,-2.156064800382484,-3.072355198923435,2.836179981222204,2.303693963179586,3.4547896182061884,-0.792243460518669,4.253159115515589,-3.711434661137481,-0.2791477110227147,-2.2864265873034,-3.711434661137481,-1.8851898989777705,-2.685582402024405,-1.4797248473667732,-0.7894065793444274,-3.883284720695946,4.287748218863722,4.724661584217847,1.5989142384139865,1.2886174780894113,2.17642116942792,-2.9423021384258794,-3.288578173293537,-2.5783369100462337,-1.3040164646721546,5.640120920213101,2.188605828408938,1.7044307476236038,-2.1672380984837307,-2.451181775036562,-1.4141275720552038,5.823616279859137,5.437756873361378,-2.8492117587202808,-2.060754640780175,-0.6324270515477648,-2.4073791651713425,-3.1005260600171245,-1.2531972209725808,5.216793007163052,-0.3867783713498978,1.2354560722063734,1.1455166355398454,-3.765501823928288,-3.660141419381455,0.7380036094729324,0.8407777563321159,4.375557387954274,-1.8851898989777705,-3.947823158500292,0.2058366684881919,-2.050704306946875,-3.4369980680670653,2.261704063526403,0.4308632582980384,7.574507261650222,1.4506398293516023,1.2226595107811729,-1.2309245873478207,-2.8057266656930637,-3.3600370861901507,-1.451867895968047,-1.419432623722024,-3.5648313304861348,1.5114772997964927,3.079667469934606,0.9952454922779768,1.5591317452378837,-1.0875301128379746,3.3491761759140464,-0.3155153539338264,-3.822660172408834,-1.5142110194732292,-2.1340858984946256,-0.3943829704459661,-1.8195926272533225,-2.4073791651713425,0.6764945260745604,-0.8123302179325738,0.0822778253576927,-1.5259758596686843,6.004408779504191,5.894135114416398,-0.3423266104259678,-2.4969912970753234,-4.576430651258235,-2.466219647878264,5.04417743263817,2.814365372022823,-1.035473754754031,4.027212928349916,3.911228238070075,-2.918204598461215,2.268648535860666,-0.5052718818447448,4.235628727299579,2.288153634935932,-0.7104540319723516,-2.5450005008928365,-2.225057655996423,-2.7640539866611378,-0.0906096947305716,-0.2774484753275029,4.157442765615692,-1.9284866972314711,1.8002938008952172,1.2035384694806446,3.203765460865728,2.0443065031495187,-5.046432780508846,3.931517459298837,4.292718881097804,0.5912059058958241,5.207355469107065,-2.7640539866611378,-3.072355198923435,-1.0033854424908597,4.500118652458301,1.9613448161676696,2.141673798568672,1.128182318031377,-3.4778200292540147,-1.5259758596686843,-0.1308450057659717,-1.827560795632658,-2.8492117587202808,-0.2997669975168335,-2.918204598461215,-1.5807007527011272,-3.288578173293537,3.211778407628449,-1.150543075701774,-2.36541497781399,5.7132772251565,-2.9423021384258794,-1.280596192658193,-0.8123302179325738,4.587103831868353,6.422277620242923,-1.827560795632658,-1.5744702037268885,4.011451468749534,5.903927563365544,-3.3600370861901507,-3.883284720695946,3.221679478600949,-0.1456163226498925,-0.2506462018462543,7.241623142358102,-2.595431337561,-2.894674112125213,-0.9290268802011716,-2.5127396490831466,3.216018989042101,1.6283771097362,1.7067677433012272,-2.178537651184038,0.4669919817931681,6.915871151536145,-2.451181775036562,0.2833792724864062,3.695498684232276,-1.2992883239233155,2.5213224625153794,3.188711752741691,1.418774388358356,4.797449376756476,-0.8813230852787387,2.869422395087539,0.1263173857475815,0.932955195494324,3.094461681272508,-0.3102382970186319,0.9515067426402648,-2.4073791651713425,-2.7640539866611378,-1.7432196601400816,-2.0709070101827627,1.9712485614370745,-2.66689027600037,4.460000162825622,-1.3983792167405036,3.1485657071040656,-1.4573775511718892,-0.0120849337456079,-2.595431337561,2.253630822713127,0.047313444845793,-4.353287599942901,2.407356816319984,-0.9587811393154504
ERR260235,1,8.29136084113039,-2.486576647759584,-0.9724493878569064,-3.4981764988332085,-1.1790636066188174,1.7632158555917314,0.0783721502615759,-2.0912641090126782,4.324466865109779,-1.4832749227340245,-2.3995653212749755,4.174502173459911,-1.4504851070794904,7.44265778713137,-0.1194535828702094,6.606016445543195,-3.0386447834890213,0.3936421666257451,-1.6136367096549402,-3.0386447834890213,-1.212400021329311,-2.012792524375945,-0.8069349697183136,-0.1166167016959677,-3.2104948430474867,0.5593871740387611,1.5295327403110168,2.2717041160624465,-2.0912641090126782,-2.3995653212749755,-2.26951226077742,-2.615788295645078,-1.905547032397774,-0.6312265870236947,-1.5057477735355789,-2.549096965640258,-1.5522677783479633,-1.494448220835271,2.920186773156594,8.881323139754825,-0.5714386741457367,-1.8887399197311083,-2.176421881071821,-1.3879647631317151,0.0403628261006951,-1.7345892875228828,-2.427736182368665,-0.5804073433241211,-1.6790194518120831,0.286011506298562,1.9082459498548328,3.0226883934024094,-3.0927119462798283,-2.987351541732996,1.410793487121392,1.5135676339805757,0.2649580979066612,-1.212400021329311,-3.2750332808518325,0.8786265461366516,-1.3779144292984151,-2.7642081904186058,4.968773809831513,-0.4736963976868528,5.628563182782582,-2.132936788044604,1.2023022154454448,3.691995357516929,-2.132936788044604,-2.687247208541691,-0.7790780183195875,3.38134909374148,-2.8920414528376748,6.97024907312948,-2.2218842344767533,1.6680353699264363,-2.3995653212749755,-0.4147402351895149,-0.1251516036601718,0.3572745237146333,-3.1498702947603743,-0.8414211418247695,5.9727042991056765,0.2784069072024936,-1.1468027496048625,-1.7345892875228828,1.34928440372302,-0.1395403402841141,0.7550677030061524,4.262430940151863,0.4530655851342224,1.3031069131145254,-0.3626838771055712,-1.824201419426864,-3.903640773609776,2.6873443554603176,-1.6010579306126365,2.8044408132989216,7.553669053584057,5.425368628309055,-0.8069349697183136,-2.2454147208127555,-3.1498702947603743,0.167517995803715,0.3953414023209569,-0.6948176835818555,4.72428595985184,-1.872210623244377,-1.5522677783479633,-2.0912641090126782,0.9044677767862938,0.3953414023209569,7.104103095950652,6.503811437172447,2.4318541465216543,7.863055815583568,5.533653372210897,-2.8475897297924977,-4.373642902860386,5.251659962703768,4.622509659676599,1.263995783544284,6.212634418265236,-2.0912641090126782,-2.3995653212749755,-0.3305955648424,-0.8650908831092596,-2.372166362101868,-0.6797798077249282,-0.9994780565918584,-2.8050301516055547,-0.8531859820202248,0.5419448718824881,6.000893728189918,-2.176421881071821,0.3730228801316262,-2.2454147208127555,-0.9079108750526677,-2.615788295645078,4.665430540161297,-0.4777531980533142,3.3461046923039603,4.55713828441264,-2.26951226077742,0.46896417069648,6.51669422007608,-1.9577327674085443,1.7324847281503508,6.758176256179547,-0.9016803260784289,-0.6217925556803524,-0.6217925556803524,-2.687247208541691,-3.2104948430474867,0.1823330809617391,0.5271735549985671,0.4221436758022054,7.094758069954275,-1.9226414599125408,-2.2218842344767533,-0.2562370025527118,-1.839949771434687,-1.494448220835271,2.30116698738466,-1.975751266417718,-1.5057477735355789,4.022327357874664,7.204073300466479,-1.7783918973881023,0.956169150134866,3.96766793067059,-3.2750332808518325,-2.154442984014877,-3.0927119462798283,-0.1109669694730442,5.213484716921776,-0.208533207630279,6.188686198650156,0.7991072633960412,-2.031840712089749,-2.34549812924445,0.3625515806298279,1.6242966202887243,-1.7345892875228828,-2.0912641090126782,1.939176250318392,-1.398117132534303,2.644038439085534,-1.9941003983519103,-1.0132713768216066,-0.7255893390920438,6.634991515257666,-0.7845876735234295,-2.319522656336459,-1.2294944517663438,2.026610549100953,0.7201033224942528,0.2113206166345113,1.0730904860553028,4.731155160328373
ERR260238,1,7.145518459813255,-2.621693941127181,-1.1075666812245035,-3.6332937922008055,-1.3141808999864144,1.6280985622241344,-0.0567451431060211,4.033472766415899,4.72329852821992,-1.618392216101621,-2.5346826146425725,-1.4547628258627892,-1.5856024004470877,2.048014165619877,-0.2545708762378065,6.418777315096248,-3.1737620768566184,1.8055082325562832,-1.7487540030225377,-3.1737620768566184,1.500540278839512,-2.1479098177435425,-0.9420522630859106,2.3685318794011563,-3.345612136415084,0.4242698806711641,1.3944154469434196,2.136586822694849,-2.2263814023802757,2.263400433036657,-2.404629554145017,-2.750905589012675,-0.7065559675133337,-0.766343880391292,-1.640865066903176,-2.684214259007855,3.321820393065463,-1.6295655142028682,1.9369556295148007,-0.8764549877743413,-0.7065559675133337,-2.0238572130987054,-2.3115391744394183,-1.5230820564993122,-0.094754467266902,-1.86970658089048,-2.562853475736262,-0.7155246366917182,5.146313278010444,2.1011239906399384,1.7731286564872362,-1.4932290992914004,-3.2278292396474253,4.261022605596967,1.2756761937537948,1.3784503406129784,0.1298408045390641,-1.3475173146969075,-3.410150574219429,0.7435092527690546,-1.5130317226660122,-2.899325483786203,-0.9197049668910268,-0.6088136910544498,4.95193014325339,-2.2680540814122008,1.0671849220778475,1.8801332940193287,-2.2680540814122008,-2.822364501909288,-0.9141953116871846,-0.8817600394411615,-3.0271587462052723,5.0978256166824085,5.434540045878661,1.5329180765588393,-2.5346826146425725,-0.5498575285571121,-0.2602688970277688,5.116172797994439,-0.2376690663874633,-0.9765384351923664,-2.2895602773824746,0.1432896138348966,-1.2819200429724595,-1.86970658089048,1.214167110355423,-0.2746576336517113,0.6199504096385553,-0.988303275387822,1.0110954563009298,3.299152434332441,-0.4978011704731683,-1.959318712794461,-4.038758066977373,0.813269716476619,-1.7361752239802335,0.9482648785477202,-0.4978011704731683,5.149257506253087,-0.9420522630859106,1.8227376607911447,-3.2849875881279718,0.0324007024361177,0.2602241089533597,-0.8299349769494526,-0.172781447691489,-2.007327916611974,2.9182609556906263,-2.2263814023802757,-1.100922139388837,0.2602241089533597,6.606771467468532,-1.3908141129506084,-3.0736787185501617,7.353874032890512,6.095898228662519,-2.9827070231600947,3.7857853199231952,1.389487980142768,5.004698432991262,1.1288784901766866,4.678102819980057,-2.2263814023802757,-2.5346826146425725,2.482596670296126,2.6076299511202348,-2.5072836554694646,-0.8148971010925253,2.5876260049250552,-2.940147444973152,-0.988303275387822,0.406827578514891,4.625645004553931,-2.3115391744394183,0.237905586764029,-2.3805320141803525,-1.0430281684202647,-2.750905589012675,1.1856411300825709,-0.6128704914209113,-1.8277423935331276,6.384859168722476,-2.404629554145017,-0.7429236083773305,3.751004510940045,-2.0928500607761413,1.5973674347827538,4.592519950925848,3.7725041105301744,-0.0637627154363576,-0.7569098490479494,-2.822364501909288,-3.345612136415084,5.427132461707709,0.3920562616309701,0.2870263824346083,6.097741656770371,-2.0577587532801376,2.1541130444118,-0.3913542959203091,-1.975067064802284,-1.6295655142028682,4.266908802457602,-2.1108685597853154,-1.640865066903176,5.33798367853519,2.5736164362807243,-1.9135091907557,0.8210518567672688,-0.4110917774600274,-3.410150574219429,-2.2895602773824746,4.340721079140326,-0.2460842628406413,5.789397113480868,-0.3436505009978761,0.2203920048847875,0.6639899700284441,-2.166958005457346,-2.480615422612047,0.2274342872622307,5.963259241739397,2.8400807044165868,-2.2263814023802757,-1.2055470758592188,-1.5332344259019,2.508921145717937,-2.129217691719508,7.269603867235887,-0.860706632459641,5.898621037330271,-0.9197049668910268,-2.454639949704056,-2.0577587532801376,1.891493255733356,0.5849860291266556,-3.815615015662038,0.9379731926877054,-0.4211085550345877
ERR260239,1,6.47871033457031,-0.807923442927516,-1.3346223612566266,-3.860349472232929,-1.5412365800185377,7.296465888328825,-0.2838008231381445,-2.4534370824123983,-2.2509128931308284,7.025289789642987,-2.761738294674696,-1.6818185058949124,-1.8126580804792107,-0.525174798986666,1.3044348445491167,-0.026289638903737,-3.400817756888741,3.0386997011350214,-1.9758096830546603,-3.400817756888741,1.8724506235557523,-2.374965497775666,0.2774785618593771,5.125198492767533,-3.5726678164472068,0.1972142006390408,1.1673597669112965,4.079995328247718,1.273484598807389,-2.761738294674696,-2.63168523417714,2.1126099408896977,-2.267720005797494,-0.993399560423415,0.8816782443419655,2.6306252746039376,3.91338355211778,-1.8566211942349915,5.956279570252813,-1.1035106678064643,-0.9336116475454568,-2.2509128931308284,-2.5385948544715413,-1.7501377365314357,2.060333230621,-2.096762260922603,-2.789909155768385,-0.9425803167238416,-2.041192425211804,2.470557418187505,1.546072976455113,2.3151695742821428,-3.4548849196795484,-0.1714716431176046,1.0486205137216718,3.5463595922913744,-0.097214875493059,-1.574572994729031,-3.6372062542515526,0.5164535727369312,0.1067911972967597,1.3120250137437788,4.383194369468304,-0.8358693710865731,6.472204109635218,-2.495109761444324,0.8401292420457245,3.07177149815877,-2.495109761444324,-3.0494201819414117,-1.1412509917193077,-1.1088157194732848,-3.2542144262373958,0.2559723572165818,-2.5840572078764734,1.3058623965267162,-2.761738294674696,6.240927968417608,-0.4873245770598921,-0.0048984496850869,-3.512043268160095,-1.2035941152244896,-2.5166159574145976,-0.0837660661972266,2.890360392424322,-2.096762260922603,0.9871114303232998,-0.5017133136838344,0.3928947296064321,-1.215358955419945,2.257011578758919,-2.761738294674696,-0.7248568505052915,-2.186374392826584,0.7109175126555823,-2.155602743629524,-1.9632309040123568,1.937225220102524,2.749222699441117,5.3927134174474505,-1.1691079431180338,-2.607587694212476,-3.512043268160095,-0.1946549775960054,0.0331684289212366,3.527358101214187,-0.3998371277236123,-2.234383596644097,-1.914440751747684,-2.4534370824123983,-1.3279778194209602,5.04135587410019,7.144345328181003,-1.6178697929827317,-3.300734398582285,3.831305684673375,6.517406968314528,-3.209762703192218,-4.735815876260107,0.290688793247158,2.702328334342045,2.7601664155616508,5.883837783699227,-2.4534370824123983,-2.761738294674696,-0.6927685382421201,3.93748778047328,3.392647324240323,2.8542238419769355,-1.3616510299915785,-3.1672031250052752,-1.215358955419945,3.928274927417528,4.010514843238149,-2.5385948544715413,0.0108499067319058,4.3339702431740825,-1.2700838484523878,-2.9779612690447985,2.572052907192565,-0.8399261714530344,2.439210668465998,5.705540212388383,-2.63168523417714,-0.9699792884094536,5.397715339433868,-2.3199057408082644,4.785323214459714,6.757690326427229,-1.263853299478149,3.2061158326608217,-0.9839655290800726,-3.0494201819414117,-3.5726678164472068,3.4842602447265203,2.1803003230283378,0.059970702402485,4.899840517604596,-1.591667425166064,1.842875631382915,-0.6184099759524322,-2.202122744834407,2.741331778117268,3.865199625944659,-2.3379242398174385,-1.867920746935299,2.565867597722069,7.7282227777597745,-2.140564870787822,0.5939961767351457,4.3230462315656455,-3.6372062542515526,-2.5166159574145976,-3.4548849196795484,-0.4731399428727645,5.14630102674645,-0.5707061810299993,6.966012083838544,4.126380454801753,3.7604356447661775,-0.3739958978753377,0.0003786072301074,1.262123646889004,-0.9516301514247584,-2.4534370824123983,-1.432602755891342,3.448749664346798,2.2818654656858137,-2.3562733717516307,7.175503113554313,6.200204263028428,4.816406622473541,-1.1467606469231495,-2.681695629736179,-2.2848144333122606,1.6644375757012326,0.3579303490945325,-4.042670695694161,0.7109175126555823,7.80499923190762
ERR260240,1,8.764220476510934,-2.6797582630722685,3.204491595354767,1.1302649817631525,-1.3722452219315018,1.570034240279047,-0.1148094650511085,2.436963952647729,1.3092251886549278,-1.6764565380467085,-2.59274693658766,-1.5128271478078763,-1.6436667223921748,7.202235719232491,-0.3126351981828937,5.885820364518108,-3.2318263988017057,0.2004605513130605,-1.8068183249676248,-3.2318263988017057,2.1622784541718083,-2.20597413968863,3.15841321739878,-0.3097983170086522,-3.403676458360171,0.3662055587260767,1.3363511249983322,2.078522500749762,-2.284445724325362,2.0040544497767545,-2.4626938760901043,2.011310970554075,-2.098728647710458,-0.8244082023363792,-1.6989293888482633,-2.742278580952943,-1.745449393660648,-1.6876298361479554,-1.971573512700787,6.298672373201567,-0.764620289458421,-2.0819215350437927,-2.3696034963845056,2.505084350377783,-0.1528187892119894,-1.9277709028355672,-2.6209177976813494,1.496956699824863,-1.872201067124768,0.0928298909858774,1.7150643345421488,3.387684195347196,-3.2858935615925127,-3.18053315704568,1.2176118718087074,1.320386018667891,0.0717764825939767,-1.405581636641995,-3.4682148961645165,0.6854449308239671,-1.5710960446110995,-2.95738980573129,-0.977769288836114,-0.6668780129995372,5.024984770916425,-2.326118403357288,6.50230672443767,4.518266041226733,-2.326118403357288,-2.880428823854376,-0.972259633632272,4.906983197855186,4.633219064729818,5.686935552109566,4.194596300455645,1.474853754613752,-2.59274693658766,7.186630806378897,-0.3183332189728562,4.723726854702858,0.6261283549473613,-1.034602757137454,-2.347624599327562,0.0852252918898092,-1.339984364917547,-1.9277709028355672,1.1561027884103356,-0.3327219555967985,0.5618860876934679,-1.0463675973329094,0.259883969821538,-2.59274693658766,6.4392567042468185,-2.017383034739548,-4.09682238892246,3.551914901228518,-1.7942395459253206,3.603017519609897,-0.5558654924182558,4.489334507428304,-1.000116585030998,-2.43859633612544,3.711396572605936,-0.0256636195089695,0.2021597870082723,-0.88799929889454,3.1898803942266607,-2.0653922385570613,2.1760521223438136,-2.284445724325362,-1.1589864613339242,2.4663251737399814,7.050013620660886,4.402255247579114,-3.131743040495249,7.233375938060627,6.452134995377451,-3.040771345105182,-4.56682451817307,2.089383740125192,5.101898263969578,1.0708141682315993,5.420246222361287,-2.284445724325362,-2.59274693658766,-0.5237771801550845,4.798975956777591,-2.565347977414552,-0.8729614230376128,2.7291778909035105,-2.9982117669182395,-1.0463675973329094,0.3487632565698036,-1.3479525332968827,-2.3696034963845056,0.1798412648189417,-2.43859633612544,-1.1010924903653518,2.78689381479538,1.1275768081374833,-0.6709348133659987,-1.8858067154782148,7.082688651927831,-2.4626938760901043,-0.8009879303224178,5.087941232193893,-2.1509143827212287,1.5393031128376664,1.040443070794574,-1.0948619413911134,6.196252422651334,-0.8149741709930368,-2.880428823854376,-3.403676458360171,-0.0108485343509452,0.3339919396858827,0.2289620604895209,7.5275771007606895,-2.115823075225225,-2.4150658497894377,-0.4494186178653964,-2.0331313867473715,-1.6876298361479554,4.0991983865735016,-2.1689328817304028,-1.6989293888482633,3.979146475453921,6.831861610659268,2.531877647613768,0.7629875348221815,-0.4691560994051149,-0.0581691885049606,-2.347624599327562,4.327924012654048,-0.3041485847857286,5.363145159801656,-0.4017148229429635,4.48615604350307,0.6059256480833567,4.111462594274461,-2.5386797445571343,0.1693699653171433,1.43111500497604,-0.5272921220154323,2.113775193125398,-1.2636113978043062,-1.591298747846987,2.4508568237728494,-2.187282013664595,6.652402167593566,-0.9187709544047282,-1.0825161070930298,-0.977769288836114,-2.5127042716491435,-2.115823075225225,3.2399492527525706,0.5269217071815684,0.3007059630597418,0.8799088707426181,-0.479172876979675
ERR260241,1,6.760222045181471,-3.0120131594072426,1.9134816818778155,2.254906750146654,4.580092545687247,1.237779343944073,-0.4470643613860825,2.656821681203352,-2.414176431378767,-2.0087114343816825,-2.925001832922634,3.4938155905500308,-1.9759216187271489,-0.6884383372346041,-0.6448900945178678,-0.1895531771516752,-3.56408129513668,-0.1317943450219134,-2.1390732213025987,-3.56408129513668,-1.7378365329769692,-2.538229036023604,-1.332371481365972,-0.6420532133436262,-0.1115916383846659,4.515633505376986,1.0040962286633583,4.1298309999933664,3.6279808975035976,3.696625165724148,-2.7949487724250783,-3.1412248072927365,-2.430983544045432,-1.1566630986713533,1.6519969262576455,1.7875263208205754,-2.077704289995621,-2.0198847324829297,-1.0968751857933952,-1.2667742060544025,-1.0968751857933952,3.144065998527912,3.554019156309534,-1.9134012747793732,-0.4850736855469634,-2.260025799170541,4.512825431959528,2.9968738733122127,4.455530446978823,-0.2394250053490966,1.3828094382071747,-1.8835483175714616,-3.618148457927487,-3.512788053380654,0.8853569754737336,0.9881311223329172,-0.2604784137409972,-1.7378365329769692,2.2580288257294123,0.353190034488993,-1.9033509409460736,-3.289644702066264,5.022519067657663,-0.9991329093345114,-1.9976616006370995,2.2589635508296086,0.6768657037977863,1.6712391723711362,4.722757151363536,-3.212683720189349,-1.3045145299672458,-1.2720792577212228,4.747186606646787,6.988234704704752,4.4471156402089385,1.142598858278778,-2.925001832922634,3.36533142150237,-0.6505881153078302,-0.1681619879330252,-3.6753068064080328,-1.3668576534724275,-0.0377217921917914,-0.2470296044451648,4.625775684173535,2.774883617758124,0.8238478920753617,-0.6649768519317726,0.2296311913584938,-1.3786224936678833,-0.072370926513436,3.5319416815010523,5.091058784921762,-2.349637931074522,-4.429077285257434,1.4701324090025951,-2.1264944422602947,0.5579456602676589,-0.8881203887532296,2.6367470504327946,-1.332371481365972,-2.770851232460414,-3.6753068064080328,-0.3579185158439436,-0.1300951093267015,-1.220254195229514,-0.5631006659715505,-2.3976471348920354,-2.077704289995621,1.6277042338291163,-1.4912413576688983,0.5630520542553153,5.411414718087024,2.69861391609951,2.5593333990515554,1.350891835481446,3.3254017632881148,5.781598306213581,-4.899079414508044,4.606162875315079,4.030007485284809,0.7385592718966254,4.387847560008358,0.1456312190222692,-2.925001832922634,-0.8560320764900584,-1.390527394756918,-0.0439329920915364,4.593484179546596,-1.5249145682395169,2.3394134292678834,-1.3786224936678833,0.0165083602348295,-1.6802074296318563,-2.70185839271948,-0.1524136315160322,7.301274935517464,-1.433347386700326,-3.1412248072927365,3.646502852195016,-1.0031897097009723,-2.218061611813189,5.5384266222835175,-2.7949487724250783,-1.133242826657392,-0.6649768519317726,0.864225052032997,1.2070482165026926,1.3715268816017283,-1.4271168377260872,-1.1472290673280108,5.895967656803276,-3.212683720189349,0.4307326384872075,-0.3431034306859192,0.0017370433509086,-0.1032928358454529,7.464427073658719,1.5979931953524036,-2.747320746124412,-0.7816735142003703,-2.3653862830823456,2.769103793717492,4.671194573387406,-0.5578787222630862,-2.031184285183237,0.6143453477939694,6.301987496857556,-2.303828409035761,0.4307326384872075,4.247550090844736,-3.8004697924994906,-2.679879495662536,3.83386611044113,-0.6364034811207028,4.32661836498274,-0.7339697192779375,-0.1699272133952737,0.2736707517483827,-2.5572772237374077,-2.8709346408921084,-0.1628849310178306,2.755549369358381,2.44589400678676,-2.6167006206603367,-1.5958662941392805,1.2945053248680058,5.29787939767776,-2.519536909999569,5.648539629996872,-1.2510258507397023,-1.414771003428004,-1.310024185171088,-2.844959167984117,-2.448077971560199,2.965720590364513,0.1946668108465942,1.8749118788750416,5.409882579522024,-0.811427773314649
ERR260242,0,4.537180738316453,-0.6922912844478792,-1.863740805057244,-4.389467916033546,-2.0703550238191544,0.8719244383913942,-0.8129192669387613,-2.9825555262130155,-2.7800313369314456,-2.3745663399343613,-3.2908567384753127,-2.210936949695529,4.255119551529314,-1.0542932427872829,-1.010745000070547,3.5192851566969425,-3.929936200689359,-0.4976492505745922,-2.504928126855277,-3.929936200689359,-2.103691438529648,-2.9040839415762827,-1.698226386918651,-1.0079081188963048,-4.101786260247824,5.067652739287187,0.6382413231106795,1.380412698862109,-2.9825555262130155,3.770524718495177,-3.160803677977757,-3.507079712845415,-2.796838449598111,-1.522518004224032,3.3722044479742044,0.2501020461096595,-2.4435591955483007,1.0369477938079068,-2.66968331458844,5.292945189766447,1.952945223144436,-2.7800313369314456,0.393846802619743,-2.279256180332053,-0.8509285910996423,0.3598009616930389,-3.319027599569002,-1.4716987605244582,-1.877163823587583,1.4703665266835737,6.072175552298191,-2.2494032231241405,-3.9840033634801655,4.610684594540751,0.5195020699210549,0.6222762167802383,-0.626333319293676,3.956974828671473,-4.166324698052169,-0.0126648710636856,-2.2692058464987523,-3.655499607618943,5.253832164245957,-1.36498781488719,-0.3290265434167725,-0.8293708710574483,4.89562260189513,-1.4494261268996982,-3.024228205244941,-3.5785386257420284,-1.6703694355199246,1.8912383205480163,-3.783332870038012,-0.273146086584035,4.35086716029829,0.7767439527260991,-2.597709835693029,-1.306031652389852,-0.323295868871991,-0.5340168934857039,-4.041161711960712,-1.732712559025107,-3.0457344012152148,-0.6128845099978435,5.174855451100184,-2.62588070472322,3.4762300773970485,-1.0308317574844512,-0.1362237141941847,-1.7444773992205622,4.716972167679659,0.8416390430684189,3.7969484467047088,0.2597175046550052,2.042666330933626,-2.6847211874301413,-2.492349347812973,0.1920907547149801,-1.2539752943059084,5.721810968714268,-1.698226386918651,0.1766132319122431,2.47293959626042,2.652233670250778,-0.4959500148793804,3.610824020721884,-0.9289555715242293,-0.1081844947849994,-2.4435591955483007,-2.9825555262130155,0.9858088327013906,1.238750877726568,6.274644655138868,-2.1469882367833484,-3.829852842382902,6.307285711478227,4.85627010779009,1.0918635510122685,-5.264934320060723,2.749661933846401,2.6490215197347835,0.3727043663439466,4.223821357398847,-0.5322547785544056,0.9834913345789308,2.2608094680447,4.795535887300813,0.1644073264455767,3.100315079986908,-1.890769473792196,-3.696321568805893,-1.7444773992205622,-0.3493465453178491,0.5557379179373729,-3.0677132982721584,2.3155573317529288,3.810360949288628,-1.7992022922530049,-3.507079712845415,2.793515562061517,-1.3690446152536513,4.591897779849143,3.60257365822684,-3.160803677977757,-1.4990977322100705,4.661425562679852,3.2704876404101197,0.8411933109500138,-2.046062335184536,1.312088202503195,1.3835279661628836,5.539401400749613,-3.5785386257420284,1.5676622896408563,3.4267458497141874,2.238792229941185,3.464070504032462,4.485258183301161,-2.8139328771128778,1.9297987892689024,2.732590300275489,3.836747227539858,0.8749462407942212,1.4098755701843229,-2.867042683618056,-2.397039190735916,4.078358279522286,7.416202607701358,-2.66968331458844,0.0648777329345286,1.9131493960985844,-4.166324698052169,3.544387028086242,4.612082046473597,2.018784598995053,4.8533863811153735,-1.0998246248306165,4.910574372511505,-0.092184153804296,2.050146996308788,2.2674711451858447,-0.5287398365705094,0.7330052030883871,0.0840721798222378,-2.9825555262130155,2.4338165414704287,-2.2894085497346404,1.7527470218851968,0.1573650439441485,-1.904562794021944,-1.616880756292381,4.799681200764992,-1.6758790907237666,-3.2108140735367963,-2.8139328771128778,1.1353191319006155,-0.1711880947060844,-4.571789139494778,5.566072641049779,-1.1772826788673278
ERR260243,0,6.351274974446405,-3.163393893711153,-1.6492666338084756,-4.174993744784778,-1.8558808525703865,1.086398609640162,-0.5984450956899933,-2.768081354964248,-2.565557165682677,-2.160092168685593,-3.076382567226545,4.096084090510796,4.1012720592803165,-0.839819071538515,-0.7962708288217786,3.294848786185642,-3.7154620294405913,-0.2831750793258242,-2.2904539556065093,4.998542654174937,-1.88921726728088,-2.6896097703275146,-1.4837522156698828,-0.7934339476475369,-3.887312088999056,3.03950900392748,0.8527154943594475,1.5948868701108772,-2.768081354964248,2.554231110969252,-2.946329506728989,-3.292605541596647,-2.5823642783493432,5.840450840846632,4.99625757199139,1.6505129378690753,-2.2290850242995326,-2.1712654667868403,2.0906226110474453,5.344519408438347,-1.2482559200973058,-2.565557165682677,-2.8532391270233903,-2.0647820090832845,-0.6364544198508743,-2.411406533474452,-3.104553428320234,-1.2572245892756904,-2.355836697763652,-0.3908057396530074,1.231428703903264,4.234241305498867,-3.769529192231397,2.106024455610539,0.7339762411698227,0.8367503880290064,-0.4118591480449081,-1.88921726728088,3.454494505753787,0.2018093001850822,-2.0547316752499847,-3.441025436370175,4.2241647134296825,-1.150513643638422,-1.2305563445643208,-2.809754033996173,0.5254849694938756,4.856078731660569,-2.809754033996173,-3.3640644544932603,-1.455895264271157,4.468448566809308,-3.5688586987892443,3.854057335732204,1.5131092561302564,0.9912181239748672,-3.076382567226545,4.929521374890168,-0.8019688496117411,-0.3195427222369359,-3.826687540711944,-1.5182383877763386,-2.8312602299664467,-0.3984103387490756,1.8247679426048529,-2.411406533474452,0.6724671577714508,-0.8163575862356833,0.0782504570545832,-1.530003227971794,5.210865666229414,4.543504636943771,3.957172351585357,1.9014993886695208,1.4356966462376946,1.30564351883638,-2.2778751765642054,0.4065649259637481,-1.0395011230571405,0.9739515081195708,3.2860701038626323,1.37796417993151,0.9269014840665126,2.248522080963417,4.235503041666084,4.433743306894453,-0.7144814002754611,-1.8558808525703865,-2.2290850242995326,1.3166933549466524,2.06820014706344,2.5530349385802062,7.44200023707247,-1.9325140655345807,-3.615378671134134,5.0141042999255045,5.455381170518892,1.8612831554317824,-5.050460148811956,3.2020340651822634,3.4785785597600074,0.5871785375927145,4.750126517733994,-2.768081354964248,-3.076382567226545,1.9576793078273949,3.197436836319322,0.8844300573976427,3.766655842073198,-0.3572830488631151,-3.481847397557124,2.390269560932724,1.5164895410200363,-1.831588163935768,-2.8532391270233903,-0.303794365819943,-2.9222319667643246,-1.5847281210042368,-3.292605541596647,2.693499155312181,-1.1545704440048834,0.6744273021173107,4.943887350219921,-2.946329506728989,2.6353307795933114,5.156942932421198,-2.6345500133601134,4.956752589674943,3.672571795098751,2.8884807439551867,4.071525768636498,-1.2986098016319216,-3.3640644544932603,-3.887312088999056,3.3221193698766496,2.077550529521771,5.030583643591879,5.773242409903831,-2.5994587058641097,1.1208188332340812,2.1340133654266804,-2.516767017386256,2.3337737280054807,3.574542547949411,-2.6525685123692875,-2.182565019487148,3.7345552869647456,6.4753301563417525,-1.4128778838144174,0.2793519041832966,2.950823874443116,-3.951850526803401,-2.8312602299664467,6.290960998051385,1.2979753042496571,5.333880421422096,-0.8853504535818483,4.338959208450079,0.1222900174444719,3.703033607235923,-2.3291684577938647,-0.3142656653217414,0.9474793743371552,-2.411406533474452,0.2478532377440808,0.7090683535670775,1.4680930004370767,1.9672211931339647,1.1249872427365095,4.123212239215573,5.100492671226301,5.9024104336609335,-1.4614049194749987,0.8695044073400948,2.118731894504501,1.3497933031493836,0.0432860765426835,0.855442520835626,7.361278673942913,-0.9628085076185596
ERR260244,0,7.739273646493228,0.4653067682202617,-1.5733126629671057,2.3694333843565407,5.819868243897024,1.1623525804815324,-0.5224911248486231,1.574281832290184,-2.4896031948413078,-2.084138197844223,-3.0004285963851745,4.014385199834121,-2.0513483821896896,5.472939857828656,-0.7203168579804085,-0.2649799406142159,2.131768040431278,-0.207221108484454,-2.214499984765139,-3.63950805859922,-1.81326329643951,-2.6136557994861445,-1.407798244828513,-0.7174799768061668,-3.8113581181576857,4.849479518657992,2.154146142988165,1.6708408409522473,-2.692127384122877,3.6154128943613935,-2.870375535887619,1.1900669952644702,-2.5064103075079727,-1.2320898621338938,4.250679397257907,3.136817826524628,-2.1531310534581625,-2.09531149594547,2.8397278935183907,-1.342200969516943,-1.1723019492559357,-2.4896031948413078,-2.77728515618202,3.5839017300373017,-0.560500449009504,-2.335452562633082,1.099455599865243,3.076703278754356,5.805453937317448,-0.314851768811637,1.3073826747446342,3.736801380785966,-3.6935752213900273,4.023774940179295,0.809930212011193,0.9127043588703764,-0.3359051772035378,-1.81326329643951,3.2454622598200165,0.2777632710264525,-1.9787777044086143,1.7473973392659945,-1.3854509486336286,-1.074559672797052,1.562181425425821,1.308877443322692,0.6014389403352457,-0.0443621058772825,-2.7338000631548027,-3.28811048365189,-1.3799412934297863,1.6919375841693205,-3.492904727947874,6.460047176456678,5.621924535230841,1.0671720948162375,-3.0004285963851745,5.339045207341001,-0.7260148787703709,0.9015435288574132,2.4593927432468345,-1.4422844169349684,3.124132667012637,-0.3224563679077054,-1.7476660247150615,3.5675707297417665,0.7484211286128212,-0.7404036153943132,1.9915140129171125,-1.454049257130424,-0.1477976899759766,-3.0004285963851745,5.804704411981778,1.7800939261873816,-4.504504048719975,1.557532956884847,-2.2019212057228352,0.4825188968051182,-0.9635471522157704,5.00176304448515,2.2035775381887226,-2.8462779959229545,2.611278645799905,-0.4333452793064841,-0.2055218727892422,-1.2956809586920546,-0.638527429434091,-2.473073898354576,1.854201898008103,-2.692127384122877,3.208943041914359,-0.2055218727892422,6.25250763938589,-1.8565600946932104,-3.539424700292764,7.288558868303011,5.838984405365054,3.967009129726103,2.352744600721022,5.698094364513551,3.956962494455679,0.6631325084340847,4.656774873232719,2.508734240360983,-3.0004285963851745,0.5953598943512508,4.850280427840736,-2.9730296372120666,2.919658733816825,-1.6003413317020574,-3.4058934267157537,-1.454049257130424,5.911288029841909,3.3960374340385218,-2.77728515618202,-0.2278403949785728,3.678890821979712,-1.5087741501628666,2.443910714384561,1.4597152684198655,-1.0786164731635133,2.2463024827273927,4.253316415413939,-2.870375535887619,-1.2086695901199325,4.5167595181947,-2.5585960425187437,1.1316214530401518,5.097047865766696,-1.502543601188628,4.7248272999971626,-1.2226558307905515,-3.28811048365189,-3.8113581181576857,4.996953729769493,-0.0736897201116319,-0.1787195993079936,6.869337867046595,-2.5235047350227395,-2.8227475095869523,3.989571535705029,-2.440813046544886,3.524356097575564,4.629681455328871,1.804957085265542,-2.1066110486457776,4.421413093842172,6.218766341960423,-2.379255172498301,0.3553058750246669,4.005712379465551,0.1706560324012996,4.338061820157917,5.563276479430344,-0.7118302445832433,0.1056512036579021,-0.809396482740478,4.061524425258855,0.198243988285842,3.936938865800458,-2.946361404354649,3.953148930513864,1.0234333451785251,4.375974672256059,1.7416002216096742,-1.6712930576018208,-1.998980407644502,2.043175163975335,-2.594963673462109,7.179388785773801,-1.3264526142022428,5.30611159305081,-1.3854509486336286,-2.920385931446658,-2.5235047350227395,1.4257472739907535,0.1192400473840537,-4.28136099740464,0.4722272109451034,3.2892864199991365
ERR260246,0,7.708423813028848,-3.0371630925496698,3.307195931542511,-4.048762943623294,-1.729650051408903,1.2126294108016458,-0.4722142945285098,3.9190353647898166,-2.439326364521194,-2.0338613675241097,-2.950151766065061,-1.8702319772852776,-2.0010715518695763,-0.7135882703770314,-0.6700400276602951,4.5093785677765785,-3.589231228279107,-0.1569442781643407,-2.164223154445026,-3.589231228279107,-1.7629864661193966,-2.563378969166031,-1.3575214145083991,-0.6672031464860535,-3.761081287837572,5.643034364923769,0.9789462955209308,1.7211176712723606,3.487421535422866,5.220803329804308,2.196695954848446,4.452705621001044,-2.45613347718786,-1.1818130318137807,2.5843345028902776,4.043270840183709,-2.102854223138049,-2.045034665625357,-2.328978342178188,3.4312876154880363,-1.1220251189358224,5.783468587050741,-2.727008325861907,2.2159026911769333,-0.5102236186893907,-2.2851757323129687,-2.97832262715875,-1.130993788114207,5.776743382687591,-0.2645749384915239,1.3576595050647475,3.304103750162094,-3.643298391069914,2.525381000012492,0.8602070423313064,0.9629811891904898,-0.2856283468834245,-1.7629864661193966,-3.8256197256419178,0.3280401013465657,-1.928500874088501,-3.3147946352086914,4.045817314693177,-1.0242828424769386,4.182123338632591,-2.6835232328346894,0.651715770655359,2.35894012084354,-2.6835232328346894,-3.237833653331777,-1.3296644631096732,-1.2972291908636502,-3.442627897627761,5.559098299930921,7.217629256149531,1.1174489251363506,2.858657281459549,4.1684939746788885,-0.6757380484502576,-0.1933119210754525,2.1517445671347804,-1.3920075866148551,-2.705029428804963,-0.2721795375875921,7.608998300680759,-2.2851757323129687,0.7986979589329344,-0.6901267850742,0.2044812582160666,-1.403772426810311,-0.0975208596558633,-2.950151766065061,5.751785414800035,-2.374787864216949,-4.454227218399861,5.333538293153353,-2.151644375402722,0.5327957271252316,-0.913270321895657,5.559613354078918,-1.3575214145083991,-2.796001165602841,-3.70045673955046,-0.3830684489863708,-0.1552450424691288,4.10194377314127,2.7635804857224238,-2.4227970680344626,-2.102854223138049,3.2081205546347595,1.7381327761906098,-0.1552450424691288,5.64937837839839,-1.8062832643730973,4.675930436722789,1.3257419023390185,5.825500083656457,-3.398176174582584,1.9887084620062725,4.27642025914806,3.8298327158034966,4.23838628854185,4.795932148006358,-2.641850553802764,-2.950151766065061,-0.8811820096324857,2.8638123606314285,-1.1676951515967813,4.805186491464066,1.2361297443732695,4.3579066203217725,-1.403772426810311,-0.0086415729075976,-1.7053573627742842,-2.727008325861907,-0.1775635646584596,-2.796001165602841,-1.458497319842753,1.151572357090437,4.593209298319201,-1.0283396428433995,3.3700162734620216,4.192455468691526,-2.820098705567505,-1.1583927597998191,-0.6901267850742,-2.50831921219863,1.1818982833602651,-1.7053573627742842,-1.4522667708685146,6.17042744320887,-1.1723790004704382,1.0085422137212838,-3.761081287837572,-0.3682533638283465,-0.0234128897915186,-0.1284427689878803,7.563087215502831,0.1179006393529475,-2.772470679266839,0.2972029961678786,-2.3905362162247727,2.0904012965612973,1.7505805425945742,1.4996627622927812,-2.0563342183256643,0.589195414651542,5.533081845319138,4.221077716540069,4.25345985841474,3.276164737476277,1.1330189493668088,-2.705029428804963,-3.643298391069914,-0.6615534142631301,4.981451788636704,3.0323835961445638,3.6136248450009862,0.2485208186059554,1.4579210287574198,-2.896084574034536,-0.1880348641602579,1.0737101754986385,5.91758036370668,-2.641850553802764,-1.6210162272817077,-1.9487035773243888,2.093451994295448,-2.544686843141996,6.320650567582936,-1.2761757838821297,4.625261375439402,-1.3351741183135153,2.412182599656542,-2.473227904702626,6.325798913048264,0.169516877704167,-4.231084167084527,0.5225040412652168,-0.8365777064570763
ERR260250,0,6.122801237723189,-3.574916854587582,-2.0607895946849046,-4.586516705661206,-2.267403813446815,0.6748756487637335,-1.009968056566422,-3.179604315840676,-2.9770801265591063,-2.571615129562022,-3.4879055281029734,2.8642392630852,4.2458504560936765,3.2552365729655457,-1.2077937896982074,4.515252637628198,3.1056710339026945,-0.694698040202253,-2.701976916482938,-4.12698499031702,-2.300740228157309,1.035089500172064,-1.8952751765463116,-1.2049569085239658,-4.298835049875485,5.30537725275795,2.232041329673339,1.1833639092344483,1.5130529198470648,3.23925947204008,-3.357852467605418,-3.704128502473076,-2.993887239225772,5.654351716727396,5.446710064666041,0.4050473703744487,-2.6406079851759614,0.6924462742019137,-2.8667321042161005,4.280392282695948,2.423191630683763,-2.9770801265591063,-3.264762087899819,-2.4763049699597133,-1.047977380727303,-2.822929494350881,-3.516076389196663,-1.6687475501521192,0.0351811320062598,-0.8023287005294362,0.8199057430268352,3.97088862902325,-4.181052153107826,0.3586891283097121,1.015600454703278,0.4252274271525775,-0.8233821089213368,2.23984607024813,-4.36337348767983,-0.2097136606913464,-2.466254636126413,-3.852548397246604,3.9003530595469593,-1.5620366045148508,3.881029289549645,0.5858577803155011,5.594064156679491,2.1585218814617853,-3.2212769948726017,-3.775587415369689,2.4350119224019284,-1.8349829529015624,3.000538681238496,4.421583409219409,6.40061728411224,0.5796951630984385,0.5541700597740665,3.5976233919557066,-1.2134918104881698,-0.7310656831133647,-4.238210501588372,-1.9297613486527676,0.0737711286555569,-0.8099332996255043,5.043825357951423,-2.822929494350881,0.2609441968950222,-1.227880547112112,-0.3332725038218455,-1.941526188848223,3.190156467812797,-3.4879055281029734,3.761506379935484,-2.21939460194488,-4.9919809804377735,-2.881769977057802,-2.689398137440634,2.2681876873233064,5.535495421535665,5.99851600274542,-1.8952751765463116,-3.333754927640753,1.6737002405324728,3.867770517798332,-0.6929988045070411,3.554234390507901,4.559958806160403,-1.0601577986907165,-2.6406079851759614,3.2203136584733616,3.0465285413491374,1.4895936526702662,5.480114996576945,0.6174883239078198,-4.026901632010563,6.433634200012485,3.173095779081454,-3.935929936620496,-5.461983109688384,1.821186358805628,1.4328855475226028,0.1756555767162857,4.60970617198332,-3.179604315840676,0.2784486954773223,2.9052200519688243,4.323774905771286,-3.460506568929865,3.8766057463177632,-2.087818263419856,-3.893370358433553,-1.941526188848223,-0.54639533494551,-2.2431111248121964,2.932088845393581,-0.7153173266963718,5.465382001465906,-1.9962510818806651,2.496449925611109,4.1065590341992735,-1.5660934048813122,-2.7809653069935285,3.688900454062569,-3.357852467605418,-1.6961465218377314,2.2307650053160613,-3.046072974236542,4.551627580280355,-2.2431111248121964,2.72113097083168,4.241511737252299,3.732630302236901,-3.775587415369689,1.120038034752608,4.365655578778172,-0.5611666518294308,4.349757891709428,4.649912009571813,2.691765446033536,-3.3102244413047512,1.8092995568178392,3.639073967576825,0.2912202609936948,1.212826780556662,1.4934148265829883,0.322453280293394,3.578750478383552,6.326288703651369,-2.8667321042161005,-0.132171056693132,2.8534325571366925,-4.36337348767983,3.0493489630561545,4.956477437863713,0.3856070785552397,2.236767751842768,2.9229995263268207,5.203203066004568,-0.2892329434319568,3.2058305524746897,4.043497424276478,1.956673792267722,3.950183285804689,0.6864811947842708,0.7987409319947797,-2.15876998931962,-2.486457339362301,1.555698232257536,-3.0824406051799085,1.3817628435902325,-1.8139295459200415,4.949690596940369,-1.8729278803514275,-3.407862863164457,-3.0109816667405385,0.9382703422729548,-0.3682368843337453,0.3285845072731463,6.181808710527813,4.800991418193564
ERR260251,0,6.039126656795388,-3.5159025739508536,0.2375148094447767,-4.527502425024478,-2.2083895328100867,0.7338899294004619,-0.9509537759296935,-3.120590035203948,-2.918065845922378,-2.5126008489252936,2.62228191563346,-2.348971458686462,2.3521945912239453,2.891976407300308,-1.148779509061479,4.659141086945555,3.5531976135289507,2.93958122107064,-2.6429626358462097,-4.06797070968029,-2.2417259475205804,3.2684167561263706,-1.8362608959095832,-1.145942627887237,-4.239820769238756,6.449192467820438,2.305886773798851,1.2423781898711768,-3.120590035203948,2.7942354607105018,-3.2988381869686894,-3.645114221836348,-2.934872958589043,-1.6605525132149643,4.930295137377467,-3.5784228918315275,-2.581593704539233,2.0903444220456606,3.5077208461719547,5.820428868648852,3.8818811474634543,-2.918065845922378,-3.2057478072630907,-2.417290689322985,-0.9889631000905744,-2.7639152137141525,-3.457062108559934,-1.6097332695153903,-2.7083453780033526,-0.7433144198927075,5.321324861130588,2.078695544827996,-4.122037872471098,3.177533133335254,0.3814675609301226,2.137754909586401,-0.7643678282846084,1.7218274460103964,0.3100997057296774,-0.150699380054618,2.184641738198244,-1.9885300890525408,4.531645105882904,-1.5030223238781224,-2.5015510151807105,-3.162262714235873,2.6316582051756265,1.7720577156744488,-3.162262714235873,-3.7165731347329607,-1.8084039445108568,0.9805338125971064,2.756630715649352,3.94973478456637,-3.251210160668023,0.6387094437351668,-3.428891247466245,4.877498049302171,-1.1544775298514414,-0.6720514024766362,-4.179196220951644,-1.870747068016039,-3.183768910206147,-0.750919018988776,4.751180052420633,-2.7639152137141525,0.3199584775317506,-1.1688662664753835,-0.2742582231851171,-1.8825119082114945,4.813264947913323,-3.428891247466245,4.077303073201708,1.4360752562131804,-4.932966699801045,1.20906821116578,-2.6303838568039057,0.0540562457240478,-1.3920098032968409,4.467495541241952,-1.8362608959095832,-3.274740647004025,2.6669327606618296,2.530393847156409,2.792029658561256,3.8588208249013816,3.718361450984783,1.6073390418736817,1.7659151902374404,-3.120590035203948,1.116764261330264,1.8545938966750948,6.4686615100542335,2.0836404863384512,-3.967887351373834,5.797218019504892,4.738980291062034,-3.876915655983767,-5.402968829051655,-0.1707952436326431,2.7570881721984346,2.530824047205447,4.134424163146746,-3.120590035203948,1.0085169840741224,3.449148550993539,4.79079342194113,-3.401492288293137,2.817753147715607,-2.028803982783128,-3.8343560777968246,-1.8825119082114945,3.6060344063713794,3.605202398493129,-1.674872565622597,-0.6563030460596433,1.917686489790547,3.097928366408744,-2.95196738610381,3.481748200583036,5.080862678668769,-2.7219510263568,4.639493750947972,-3.2988381869686894,-1.637132241201003,3.83198210408672,-2.987058693599814,4.456688220160879,3.236296392859318,3.621327080051608,2.2548769128294643,-1.6511184818716218,-3.7165731347329607,2.0478041742447486,4.450420709890677,2.735124510453256,4.735333849402323,5.076611100361264,-2.95196738610381,2.1682948274288925,4.524465597843525,0.5864897254136929,1.816669214015337,2.6453041429624093,-3.005077192608988,-2.535073699726848,4.010438990971567,5.910340047187565,-0.2485258098206334,-0.0731567760564036,1.212288825848535,-4.304359207043102,-3.183768910206147,3.8698915366466418,1.587283675133466,4.433263192349149,-1.2378591338215486,5.275306405184956,-0.2302186627952283,2.8181834866136626,2.735591909386201,-0.6667743455614417,4.232243044822055,1.6156080086077451,1.8486558048760795,-2.0997557086828915,2.6367005586027203,1.6147125128942643,0.8485456311087332,1.4788490720170668,-1.754915265283313,5.434220922013633,-1.8139135997146991,-3.3488485825277285,-2.95196738610381,0.9972846229096832,-0.3092226036970168,-4.709823648485711,6.292940637296999,2.8644247810879557
ERR260252,0,2.979619624773253,-3.393906385010772,-1.8797791251080944,-4.405506236084396,-2.086393343870005,0.8558861183405435,-0.8289575869896121,-2.998593846263866,-2.7960696569822963,4.835555642030973,-1.9631607224529444,1.9041073022820736,-0.831291310226907,5.1443358217756,-1.0267833201213974,2.8702413520444465,3.901005409179059,-0.5136875706254429,-2.520966446906128,-3.945974520740209,-2.119729758580499,-0.3981746872141736,-1.7142647069695016,-1.0239464389471558,-4.117824580298675,3.8078738347365695,2.6315197134011594,3.913803294160825,0.3452046029382968,2.735737220920426,-3.176841998028608,-3.523118032896266,-2.8128767696489616,-1.5385563242748828,3.4883750683170947,-3.456426702891446,-2.4595975155991514,2.4500765056594798,-1.6974575905363594,1.1219350934170245,-1.4787684113969246,-2.7960696569822963,-3.083751618323009,-2.2952945003829037,1.1867220922119597,0.83623912112831,-3.335065919619853,-1.4877370805753092,-2.586349189063271,-0.6213182309526262,6.438351425199444,0.9888769401146184,-4.000041683531016,2.9388881028860827,0.503463749870204,0.6062378967293875,3.973610256374855,4.303627089112626,-4.18236301810302,-0.0287031911145365,-2.285244166549603,-3.6715379276697937,5.026695200774499,-1.3810261349380408,-2.379554826240629,2.342860792675656,6.30906170636334,3.442515018138938,-3.040266525295792,-3.594576945792879,-1.6864077555707753,0.2934561776992844,-3.799371190088863,3.7585279606562616,0.7855953887676508,0.7607056326752484,-3.3068950585261634,2.9924620471151537,3.3782715155721217,-0.5500552135365546,-4.057200032011562,4.272073616994772,2.816693087170448,1.539039728937368,-2.05413248685605,-2.641919024774071,0.441954666471832,-1.046870077535302,-0.1522620342450356,-1.760515719271413,-0.4542641521169655,-3.3068950585261634,3.3804900411616083,-0.1127679361235152,-4.810970510860964,-2.700759507480992,-2.508387667863824,0.1760524346641293,-1.2700136143567593,5.043836246382552,-1.7142647069695016,-3.1527444580639434,1.9357328495427408,2.930126080264011,3.908058376453886,0.3875240342201415,-0.94499389157508,-2.779540360495565,-2.4595975155991514,-2.998593846263866,1.591358697791521,3.788076627488933,5.020132003318709,2.171425813440249,-0.831291310226907,6.446514894571107,3.757863414185071,1.146805485059461,-5.280972640111574,-2.0076124784361635,2.121230950966228,3.2334928461932484,2.622841274008201,-2.998593846263866,1.519193432652968,-1.237925302093588,2.5205783345535795,-3.2794960993530555,4.406640845333031,-1.9068077938430463,-3.712359888856743,-1.760515719271413,0.6789972502329542,3.719235118129428,0.4581729912599307,-0.5343068571195617,5.800476440437829,3.818208682953473,2.917662816293905,3.140234146495724,-1.3850829353045022,1.3834323853488744,3.0301267555473714,-3.176841998028608,0.6128750891627653,4.868870865478725,-2.865062504659732,0.8251549908991629,1.4680173511818535,-1.809010063329617,3.636173182782643,6.205637703237876,-3.594576945792879,-4.117824580298675,2.51252768728964,-0.3801561822526209,4.323970096915475,4.390099547549755,3.0146717223605526,-3.129213971727941,-1.1635667398038998,3.6078904470368527,2.901582625083033,1.393837250133472,1.1767344936459567,-2.4130775107867666,0.2324521221904397,5.267528210893875,-2.6857216346392905,2.9728758112880564,2.7885535037560336,-0.6638778437245183,2.646347721649221,4.467189547854562,2.948747790508335,4.139397727557322,1.9557945777018468,2.042326084968155,3.2851590855874666,1.7830983965546592,2.071208019569628,-0.5447781566213601,4.273889168824839,1.9200450926075376,-2.998593846263866,-1.9777595197428095,1.2539743188171475,1.736708701834346,-2.9014301356030985,-1.227454002957287,-1.6329190763432315,-1.1035171098212757,-1.691917410774617,-0.7945899450604059,-2.8299711971637285,1.1192808118497648,0.5059207535330718,-4.587827459545629,4.3771728758641855,-1.1933209989181786
ERR260253,0,5.13339765517196,-3.652118095155802,-2.1379908352531243,-4.6637179462294265,-2.344605054015035,0.5976744081955135,-1.087169297134642,-3.256805556408896,-3.0542813671273263,-2.648816370130242,-3.565106768671193,-2.48518697989141,3.126286906427814,4.900008639993011,-1.2849950302664273,2.0809283301792205,-4.204186230885239,-0.771899280770473,-2.7791781570511582,-4.204186230885239,-2.3779414687255285,0.0517986451876252,-1.9724764171145317,-1.2821581490921856,-4.376036290443705,5.124403851065873,0.3639912929147987,1.1061626686662285,-3.256805556408896,-3.565106768671193,-3.435053708173638,-3.781329743041296,-3.071088479793992,2.5053737644829788,2.407712259983122,2.191864795514449,-2.717809225744181,-2.659989668231489,2.9048318172904515,5.010616795595466,-1.0438329856248634,-3.0542813671273263,-0.7685036918846351,-2.553506210527933,-1.125178621295523,-2.900130734919101,-3.5932776297648825,5.078219127760682,-2.844560899208301,-0.879529941097656,5.5017603401683965,2.9988265576434463,-4.258253393676046,3.693187448979473,0.245252039725174,0.3480261865843576,-0.9005833494895568,-2.3779414687255285,1.285620012258543,1.511801100285645,-2.543455876694633,-3.929749637814824,2.771029871998968,-1.639237845083071,-2.637766536385659,-3.2984782354408217,0.0367607680492268,3.2192240398376084,-3.2984782354408217,-3.8527886559379088,-0.0618883114497197,-1.9121841934697823,2.6305444564784173,3.925111837084616,1.3168524972591538,0.5024939225302185,2.131613238538121,2.9976505941989045,-1.2906930510563897,-0.8082669236815847,-4.315411742156592,-2.0069625892209872,2.0347539297653485,-0.8871345401937243,4.127791750768544,-2.900130734919101,0.1837429563268022,-1.305081787680332,-0.4104737443900655,-2.018727429416443,4.181265392141361,-3.565106768671193,2.407712259983122,1.3977373099183166,1.176437435795802,1.2873568776463844,-2.7665993780088542,-0.0821592754809006,-1.5282253245017892,4.373199477272471,-1.9724764171145317,0.6486650190816945,2.1205488969000954,4.652346208292954,-0.7702000450752611,5.2474797934583925,-1.2032056017201098,1.7909547066595242,-2.717809225744181,-3.256805556408896,-2.131346293417458,1.3239878895179158,5.742510987264464,1.9157630561234529,0.2378445985387631,0.7107868997328863,4.355944398106448,-4.013131177188716,-5.539184350256604,1.1937372424620472,3.2235515576424505,2.7406609414665835,4.089230578371718,-3.256805556408896,1.1832007465679897,2.884045749113061,2.870508714270174,-0.2035751796890483,2.012103610841867,-2.165019503988076,-3.9705715990017727,2.2602370470653224,-0.6235965755137297,2.704094173851848,0.9291313072615396,2.8114306422863184,3.5807895820850155,1.2895237257220842,2.7730940590964157,3.4490579200484155,8.001064498887413,2.117716301299837,3.7114106579753567,0.1725623072842866,2.444251714122194,2.9550227655943075,1.3673662121618195,3.3364621962274588,3.064842870533432,-2.067221773474647,3.284489041170834,3.3563316823894698,-3.8527886559379088,2.107834046816886,1.5572018508964345,2.7592516391503352,2.38596916342223,5.080009901353989,1.088853031221934,1.348364225497646,4.218371289557872,3.234381988410078,3.8568345909859274,1.1356255399884418,-3.141292713813936,0.7169455026766828,0.6673875845408392,3.9668915458546814,-2.943933344784321,4.442870058272438,1.8734549622470624,-4.44057472824805,3.885747139394576,2.3220763726318405,0.6461968977339163,3.40807150133004,-1.374074655026497,4.579136350919493,-0.3664341840001767,1.9472007247473724,2.2567873516581445,-0.8029898667663902,2.8116196246168546,-2.900130734919101,-3.256805556408896,-2.23597122988784,1.911821022042281,3.332822061165293,-3.159641845748129,3.5800449967192725,-1.8911307864882616,4.92537677854675,-1.9501291209196476,-3.485064103732677,-3.0881829073087586,0.8610691017047348,-0.4454381249019652,-4.846039169690659,5.792886475645595,1.394234679380746
ERR260255,0,7.4317348327693695,-3.0765316260450826,0.8034683452698791,-4.088131477118707,-1.769018584904316,1.173260877306233,-0.5115828280239227,-2.6812190872981767,-2.478694898016607,-2.0732299010195225,-2.989520299560474,6.077154411553959,-2.040440085364989,-0.7529568038724442,-0.7094085611557079,-0.2540716437895154,-3.62859976177452,-0.1963128116597535,-2.2035916879404387,-3.62859976177452,-1.8023549996148092,3.477142138978504,-1.3968899480038122,-0.7065716799814662,-3.800449821332985,7.417364805374238,3.165691034528766,1.6817491377769478,-2.6812190872981767,4.851797351295315,-2.8594672390629183,-3.2057432739305765,-2.495502010683272,2.055336930383965,4.3187614340576985,-3.139051943925757,-2.142222756633462,-2.0844031991207697,-2.368346875673601,-1.3312926726922425,-1.1613936524312352,-2.478694898016607,-2.76637685935732,-1.9779197414172136,-0.5495921521848035,-2.324544265808381,-3.0176911606541634,-1.1703623216096195,3.6989030421302087,-0.3039434719869366,1.3182909715693347,5.198010191762198,-3.682666924565327,-3.577306520018494,0.8208385088358935,0.923612655695077,-0.3249968803788373,1.1295163287300205,-3.864988259137331,0.2886715678511529,-1.9678694075839136,-3.354163168704104,2.731701255645518,-1.0636513759723516,0.8828369054805327,-2.722891766330102,4.128585387165192,4.1173129438531095,-2.722891766330102,-3.2772021868271897,-1.369032996605086,-1.336597724359063,4.150359740756056,3.993084184834556,3.774556491305907,1.0780803916409378,1.4171983989234456,6.030768162071595,-0.7151065819456703,-0.2326804545708652,-3.7398252730458728,-1.431376120110268,-2.744397962300376,-0.3115480710830049,2.613007887884333,-2.324544265808381,0.7593294254375216,-0.0363481669951734,0.1651127247206539,-1.4431409603057237,4.174640804827772,-2.989520299560474,5.144767487794807,-2.414156397712362,-4.493595751895274,-0.7861423508555863,-2.1910129088981347,0.4934271936298187,-0.9526388553910696,6.063366167060263,3.66799085130037,-0.3269329893307334,1.8797215419510749,3.1484461521807243,3.189460066814576,-1.284772661867354,4.602004442894005,3.3564078616080484,0.0989931772055373,0.6183895515246346,-1.5557598243067383,-0.1946135759645417,7.13480759969406,1.6255996672259343,-3.528516403468063,6.260600970258704,5.887132287470404,-3.437544708077996,-4.963597881145884,1.021844603704896,3.596727425921713,0.6740408052587852,4.411642573934373,-2.6812190872981767,-2.989520299560474,3.8661220812847983,4.030272594774001,-2.962121340387366,1.9849113941566656,-1.5894330348773569,-3.3949851298910536,-1.4431409603057237,-0.0480101064030104,6.043472234557378,-2.76637685935732,3.66233808679781,4.026490743134668,-1.497865853338166,3.5160971066813365,0.7308034451646692,-1.0677081763388128,4.42955992300707,5.486190401961238,-2.8594672390629183,-1.197761293295232,4.42307550962033,-2.5476877456940428,1.1425297498648523,2.679976854601077,1.6332709376805508,3.668133545364437,-1.211747533965851,-3.2772021868271897,3.217391037791541,2.9784760247178466,-0.0627814232869314,5.311062946475068,5.014027928864217,-2.512596438198039,2.1307989294372125,6.118269861906068,-2.4299047497201856,1.8945429014943644,3.3570896908842736,-2.565706244703217,-2.0957027518210776,4.203956243360341,5.994657525817488,0.9477366323250483,0.3662141718493674,-0.865929462377929,-3.864988259137331,-2.744397962300376,5.568878257218112,-0.7009219477585428,4.698730887536725,1.9304600747674,7.434849907029964,0.2091522851105424,4.127864861150376,-2.9354531075299484,-0.2274033976556707,1.034341642003226,0.9922354986896402,-1.9880721108198016,-1.6603847607771205,-1.9880721108198016,2.054083460800036,-2.584055376637409,4.756563614510945,-1.3155443173775423,6.709968558607249,2.8506361903430912,0.7294566436324293,-2.512596438198039,1.4366555708154545,0.1301483442087541,-4.27045270057994,0.4831355077698041,5.044894125269591
ERR260256,0,4.585420234962587,-3.2844441135598084,0.8772752545175113,-4.296043964633433,-1.9769310724190416,0.9653483897915072,-0.7194953155386483,-2.8891315748129025,-2.6866073855313326,1.1230133603309789,-3.1974327870752,6.0749841905392605,3.737504671485996,2.3146504156622068,-0.9173210486704336,3.4707243124438167,-3.8365122492892456,-0.4042252991744792,-2.4115041754551645,-3.8365122492892456,-2.0102674871295347,-2.8106599901761697,-1.604802435518538,-0.914484167496192,-4.008362308847711,-0.238480291761463,4.381734625049356,1.4738366502622222,-2.8891315748129025,-3.1974327870752,-3.067379726577644,-3.4136557614453023,-2.703414498197998,-1.429094052823919,5.953440070570993,0.7387401338758149,1.465481510317492,2.7650028185263524,-2.576259363188327,6.463001984041076,4.419807144013447,-2.6866073855313326,-2.974289346872045,-2.18583222893194,-0.7575046396995293,-2.532456753323107,-3.225603648168889,-1.3782748091243453,-1.2837839738262995,-0.5118559595016623,5.588072200308753,4.160051994445274,1.1804179276063005,0.14856450924641,0.6129260213211677,0.7157001681803513,-0.5329093678935631,-2.0102674871295347,-4.072900746652056,0.0807590803364271,-2.1757818950986394,-3.56207565621883,-1.582455139323654,-1.2715638634870772,4.422018235855017,-2.2376572860507724,0.4044347496452204,4.655739878099771,-2.930804253844828,-3.4851146743419155,-1.5769454841198118,1.7378396356868335,-0.5156510303261881,3.102740645141229,4.222513294078188,5.90547647145511,-3.1974327870752,4.642988953224503,-0.923019069460396,-0.4405929420855909,-3.947737760560599,-1.6392886076249935,1.555198539827816,-0.5194605585977308,-1.9446702154050868,-2.532456753323107,0.5514169379227958,-0.9374078060843384,-0.0427997627940718,-1.651053447820449,4.960223672725057,2.8441432472257326,3.5077976729203337,1.0945470189572808,1.754866378378879,1.530937282055239,-2.3989253964128605,0.285514706115093,-1.1605513429057956,5.971274521320665,-1.604802435518538,-3.04328218661298,0.563766785982858,2.090553067885694,1.332773810872059,3.750130084303001,2.0675570226732813,2.2799595797198835,-2.350135244148188,-2.8891315748129025,-1.7636723118214643,4.876073528030434,6.091841430818224,-2.0535642853832354,-3.736428890982789,6.681442705165408,1.4607508839118115,-0.9403105655737796,-5.17151036866061,1.1325687435124727,1.9846622719481293,0.4661283177440594,4.516202387146884,-2.8891315748129025,2.42878791281864,1.8420413328141545,3.7140925968011937,1.1762250493755648,4.803400423410723,0.5702059581809529,-3.602897617405779,-1.651053447820449,6.190444010187234,1.6615173684439346,2.174495843841327,-0.424844585668598,3.794765204264543,-1.7057783408528917,2.419337757056172,4.248211343324609,-1.2756206638535383,-2.490492565965755,3.03991424384721,-3.067379726577644,-1.4056737808099578,-0.9374078060843384,-2.755600233208769,0.9346172623501268,3.7979257309290606,-1.699547791878653,0.1524707641371808,4.447539164392002,-0.7359469196573354,0.8229456974052595,1.3494012722338085,-0.2706939108016571,4.616315388528288,5.57515974740276,-2.720508925712765,-3.0197517002769776,1.6210545050087393,3.650218012871801,1.7342389116668693,3.2879649614206827,-2.062453231220204,-2.303615239335803,3.7847076482256616,5.026834424477251,-2.576259363188327,0.1583016843346416,3.039479697398693,-4.072900746652056,3.436761899853664,5.313160342201715,1.6679620738588872,3.4697354721322693,-1.006400673430503,5.463253948520624,4.811098548033807,2.6955911331966957,-3.143365595044674,-0.4353158851703964,0.8264291544885,0.5134250317890668,-2.8891315748129025,2.219160767309725,-2.1959845983345274,1.846170973285309,-2.0102674871295347,3.828104972501747,4.162564603038673,3.060447080200051,-1.582455139323654,-3.1173901221366838,-2.720508925712765,1.2287430833007285,-0.0777641433059715,-1.3516065644129758,6.68683174764273,6.293614838101984
ERR260258,0,5.801123574324815,0.7323342255289854,-1.518255453058299,-4.043982564034601,-1.72486967182021,1.217409790390339,-0.4674339149398167,-2.6370701742140708,-0.4838855190585037,3.716127521571003,-2.945371386476368,0.3848464900525205,4.094677854334988,3.691813275330521,-0.665259648071602,-0.2099227307054094,-3.584450848690414,-0.1521638985756476,0.4705316052682563,-3.584450848690414,-0.5993016839064967,-2.5585985895773384,-1.352741034919706,-0.6624227668973603,-3.756300908248879,4.107541322962752,3.466355098200115,1.7258980508610535,-2.6370701742140708,-2.945371386476368,-2.8153183259788124,-3.1615943608464705,-2.451353097599166,-1.1770326522250874,-2.051553838736972,-0.6709576688615645,-2.098073843549356,-2.040254286036664,1.9458122634810289,4.106868407773059,4.995112991887146,-2.434545984932501,2.598719846061804,-1.933770828333108,-0.5054432391006976,-2.2803953527242755,-2.973542247570057,-1.1262134085255138,4.665480848638508,-0.2597945589028307,1.362439884653441,4.504093744620574,-3.638518011481221,6.16746584864442,0.8649874219199993,0.9677615687791828,-0.2808479672947314,-1.7582060865307034,-3.820839346053225,0.3328204809352588,1.442194879923805,3.6789883588005488,3.655480690754146,-1.0195024628882454,6.813147640283864,-2.6787428532459963,0.6564961502440522,3.7971810726191526,-2.6787428532459963,-2.539906463553303,-1.32488408352098,4.227052635519442,-3.437847518039068,3.4250996551721062,-2.767690299678146,1.1222293047250438,-2.945371386476368,2.289295400400143,-0.6709576688615645,-0.1885315414867593,-3.695676359961767,-0.6940800849457438,-2.70024904921627,-0.2673991579988989,3.375196493119617,-2.2803953527242755,0.8034783385216275,-0.6853464054855066,4.042938734201781,-1.3989920472216175,-0.0927404800671701,4.444226326135011,0.0885121242245653,1.9403717813671992,-4.449446838811168,1.8168019975143248,-2.1468639958140288,0.5375761067139248,4.97212393365891,4.594924993028884,-1.352741034919706,-2.791220786014148,1.7995601911623986,-0.3782880693976776,-0.1504646628804358,4.124832820064576,-0.5834702195252844,1.1236548217027176,1.2601495294546017,-2.6370701742140708,1.6536683891705,3.902279413470633,6.786031472095877,3.8354334140999216,-3.484367490383957,1.3305222819277116,5.161712040950088,2.2583294511948533,-4.919448968061778,4.465210390941103,3.693341270678909,0.7181897183428912,3.860658181282665,-2.6370701742140708,2.577643324981485,2.5320209803187157,4.472175093459739,-2.91797242730326,1.8935519787800847,-1.545284121793251,-0.5782482758168205,-1.3989920472216175,-0.0038611933189044,-1.7005769831855908,-2.7222279462732137,-0.1727831850697663,-2.791220786014148,-1.4537169402540602,1.5624303991662298,3.786507628302185,-1.0235592632547068,2.085065982991748,4.837041560973358,-2.8153183259788124,3.660151484235453,4.4848410452755445,-2.503538832609937,1.1866786629489583,2.671399157655004,-1.4474863912798213,0.6863491129481004,-1.167598620881745,-3.233053273743084,2.956654043947805,3.069157879364429,-0.0186325102028253,5.794706989779409,5.235975483311819,-2.468447525113933,2.744048635123463,2.8959155032227697,2.5282983143251307,1.1700453283917511,1.7553609221832671,-2.521557331619111,-2.051553838736972,3.941273189121653,6.909771180343262,-2.324197962589495,4.412750992033351,2.447497743984657,-3.820839346053225,-2.70024904921627,5.267889342250318,2.245731343301264,4.663250640801093,1.1535915752632158,2.2925464746298405,0.2533011981946484,3.6078489583027,-2.8913041944458424,-0.1832544845715647,1.0784905550873316,0.921188700947526,-2.6370701742140708,0.8158281865816895,-1.9439231977356957,2.0982323738841413,-2.539906463553303,4.754797505531107,-1.2713954042934366,5.929254794479236,-1.330393738724822,-2.865328721537852,-2.468447525113933,3.2592980488069943,0.1742972572928602,-4.226303787495834,5.20125663844531,-0.8317973268683831
ERR260259,0,5.896010363819878,-3.3773895583199014,-1.863262298417224,-0.0604531043578866,-2.0698765171791345,0.8724029450314141,-0.8124407602987413,-2.9820770195729955,-2.7795528302914256,-2.3740878332943414,-3.2903782318352928,3.951266031237669,-2.341298017639808,4.325576475051308,-1.0102664934305268,3.939218416092602,-3.929457694049338,-0.4971707439345723,-2.504449620215257,4.667790107985406,-2.103212931889628,-2.9036054349362628,-0.176863453488962,-1.007429612256285,-4.101307753607804,2.8466280662087144,0.6387198297506994,3.5434907175704,-2.9820770195729955,-0.0871807526683601,-3.160325171337737,-0.918060304568503,-2.796359942958091,-0.8288923644174285,5.323709186370721,1.218647544160703,0.5761818555886016,-2.3852611313955885,-2.66920480794842,-1.6321506049670615,1.0691749985334016,-2.7795528302914256,1.2570445822708884,-2.2787776736920327,0.4109232004392203,-2.6254021980832003,-3.3185490929289823,-1.4712202538844383,-2.5698323623724004,-0.6048014042617553,1.0174330392945157,4.0151453934383685,-3.9835248568401456,3.402256223734997,0.5199805765610747,0.6227547234202582,-0.6258548126536562,-2.103212931889628,-3.472699677518204,-0.0121863644236657,3.521477250046535,-3.655021100978923,4.049519593683585,-0.2301079666574655,2.493959085712888,-3.023749698604921,0.3114893048851274,5.434659303325954,-3.023749698604921,-3.5780601191020085,-1.6698909288799049,4.154941412871594,4.530685003509277,4.49833936797562,4.612909611173658,0.7772224593661191,-3.2903782318352928,3.589434160506147,-1.0159645142204892,-0.533538386845684,0.1471862562994787,0.2195069166332578,-3.045255894575195,-0.6124060033578237,3.519273527314707,-2.6254021980832003,0.4584714931627028,3.06842585143643,-0.1357452075541649,-1.743998892580542,5.68956260962831,-3.2903782318352928,4.3216009807628,-2.715014329987181,1.7161741147008605,-2.6842426807901214,-2.491870841172953,0.192569261355,5.765281134890136,5.903278752387076,-1.697747880278631,-3.136227631373073,-4.040683205320692,2.601879111167582,2.8669532443883763,6.570949070776939,-0.9284770648842092,1.4584106311846334,1.583545465409944,0.3631613146664224,2.704136657935202,1.416143897877765,7.3763182451633,3.489290563570635,-3.829374335742882,0.9855154365687868,5.20282904138884,-0.1892859731788771,-5.264455813420703,3.897152392892101,3.415532268988434,4.063805806684968,4.684861155657637,3.2858586292092955,1.6078755244823917,0.5394696219111623,3.106365666417471,-3.262979272662185,3.485938145745651,1.197633173955952,-3.695843062165872,1.6962673541291655,5.520536531977422,3.02105349667561,-3.0672347916321385,1.8142189807825628,-3.136227631373073,-1.7987237856129847,-3.5066012062053957,3.526296242502963,4.21648768052996,-2.583438010725848,4.947056408687092,-3.160325171337737,1.5745882718441326,4.2279267796983255,-2.8485456779688616,4.9930591922571095,-2.045583828544516,-1.7924932366387465,3.485494532189432,-1.5126054662406696,-3.5780601191020085,1.6798202441083423,4.639087737523484,4.17813448442274,-0.4686692347581118,4.8473743539039145,-2.813454370472858,2.301437039001814,1.2699102567352558,1.2785883556938054,2.240812417314833,1.4103540768243426,-2.866564176978036,-2.396560684095896,4.982404655060041,6.399912106869077,-1.9760577766421723,0.0653562395745485,2.857139390878845,-4.165846191412149,-3.045255894575195,4.992202564928991,2.145766287372806,5.158642624041159,-1.0993461181905964,3.9548006563344855,-0.0917056471642761,4.213461959614348,3.135300282011123,-0.5282613299304896,3.424937257282649,1.5303507110315793,1.4035142781860843,-1.9612426930519395,-2.28893004309462,4.002374307495972,1.125109494113067,5.947792897788108,-1.6164022496523611,4.893778478895166,-1.675400584083747,-3.2103355668967763,-2.813454370472858,1.1357976385406356,-0.1707095880660645,0.3717573560130663,7.458014480932449,2.9563737654340274
ERR260260,0,5.076871606634635,-3.679948525541501,-2.1658212656388227,-4.691548376615125,-2.372435484400734,0.5698439778098149,-1.1149997275203405,-3.2846359867945947,-3.0821117975130248,-2.6766468005159405,-3.592937199056892,4.509160779888216,-2.643856984861407,3.54606151215878,-1.312825460652126,3.204010103070541,-4.232016661270937,-0.7997297111561714,-2.8070085874368567,-4.232016661270937,-1.2051948022575338,1.8927808402328647,-2.00030684750023,-1.3099885794778845,-4.403866720829403,-0.6339847037431554,2.314390069121267,1.0783322382805298,-2.591489010316219,-3.592937199056892,-3.4628841385593363,-0.5725128413676601,-3.09891891017969,-1.8245984648056115,2.72552973434296,1.3411364223675617,-2.74563965612988,-1.9946730304167737,1.0514531498709596,3.613604376965796,-1.7648105519276531,-3.0821117975130248,-1.0110387968201773,-2.581336640913632,-1.1530090516812217,-2.9279611653047994,-3.621108060150581,1.9598064776652435,-2.872391329594,-0.9073603714833546,0.7148740720729168,3.163930033711456,0.3689330671142447,3.926965521761777,0.2174216093394754,0.320195756198659,-0.9284137798752552,0.5142864796142363,-4.4684051586337485,-0.3147453316452649,-1.8781392265203716,1.7070448940279603,3.6218527771349063,-1.6670682754687696,1.8561913928864024,-3.32630866582652,0.0089303376635282,2.39281607428457,-3.32630866582652,-3.880619086323608,2.1546843808259046,3.8157611486180274,4.56498983858783,1.857862237047232,3.331674641982536,0.4746634921445198,-3.592937199056892,5.470512552465546,3.300493197645261,-0.8360973540672832,-3.3052552654939324,-2.0347930196066857,-3.347814861796794,-0.9149649705794228,-2.340174627386779,-2.9279611653047994,0.1559125259411037,4.097449871683326,-0.4383041747757641,-2.046557859802141,7.053375636727543,3.4264085902752006,3.562935491816109,1.5363032851812832,1.570577574288405,2.981905609718402,-2.7944298083945527,-0.1099897058665991,-1.5560557548874878,4.726766095353317,-2.00030684750023,0.4607777053642709,1.6027930262385124,2.51976065854012,1.866884140575117,5.651643000572276,-1.2310360321058085,1.7123000575389378,-2.74563965612988,-3.2846359867945947,3.3504527580722114,1.691675023250738,7.504426810826144,2.285109215904639,-4.131933302964481,5.307270416150272,4.473165150843951,0.929454510953108,-5.567014780642302,2.848805917278993,2.857181544810733,0.0706239057623673,3.197284458093512,-3.2846359867945947,2.068671506325064,1.5306954855789725,2.852164591106869,0.0461093403523074,2.493079110700495,-1.4528715257565477,-1.5488355074353228,2.9542461109487377,-0.6514270058994284,3.506355736727438,2.163156016369388,0.5607233934922302,2.8992179026229032,-2.101282752834584,2.942384146113128,4.084745688961548,-1.6711250758352307,-2.885996977947447,4.402855584084167,0.5728657802126418,1.5021748476290406,4.353109543246649,-3.1511046451904607,3.0292812968340552,2.473685800708721,1.5343276506959984,3.310586363955487,-0.1116976481825845,-3.880619086323608,0.9173110709714124,1.844416656370164,1.351874246713986,3.37570355044858,4.834245629739704,-3.116013337694457,-3.4152561122586698,2.6627056499776063,1.6894195951794808,1.8744189066025183,1.1077951096027432,-3.169123144199635,-2.699119651317495,3.916945306846868,4.5794149506690776,1.073641064729102,-0.2372027276470505,1.433133351260775,-4.4684051586337485,1.5153618518664047,5.327807605372354,1.932957762530208,4.658682697492579,-1.4019050854121955,5.218764154680769,5.046463236736488,3.2245280536304333,2.86243549734729,3.880541603098799,3.0579879161190635,-2.9279611653047994,-3.2846359867945947,-2.2638016602735385,2.5381679558382237,3.1145356428776445,-3.187472276133827,4.591079982197761,-1.9189612168739605,5.151045664326916,-0.8134285550451802,-1.8681888966573024,1.2455463157435571,0.8332386713190362,-0.4732685552876637,1.0514531498709596,6.849159186717529,2.7762971017225704
ERR260261,1,5.885820068070713,1.7279052075262604,3.20781168271799,-4.279266970723346,3.4579114411731733,0.982125383701594,-0.7027183216285616,4.683827583122568,-2.669830391621246,-2.264365394624161,-3.180655793165113,5.518617629858848,3.318044054139231,-0.9440922974770832,-0.9005440547603469,4.232845008619345,-3.819735255379159,-0.3874483052643925,-2.3947271815450777,-3.819735255379159,-0.5903891416080219,-2.793882996266083,3.266649514701136,-0.8977071735861052,-3.991585314937624,7.262101741087136,2.811224779660994,1.4906136441723088,1.7779056236490698,-3.180655793165113,2.0417993751313985,-0.0142440699688509,-0.117784746354869,4.817436335768774,-2.286838245425716,0.6789030988814928,-2.333358250238101,-2.2755386927254087,-2.55948236927824,-1.5224281662968815,-1.3525291460358742,2.2474702163272777,-2.9575123529619587,-2.169055235021853,-0.7407276457894425,-2.5156797594130205,-3.2088266542588024,0.9979953284722186,-2.4601099237022206,-0.4950789655915755,1.1271554779646955,5.424649465045736,0.3308891066942541,-3.768442013623133,0.6297030152312545,0.7324771620904381,-0.5161323739834763,-1.993490493219448,3.502565525353769,0.0975360742465139,-2.1590049011885526,-3.5452986623087432,5.850882929088189,-1.2547868695769904,0.970383565927038,-2.914027259934741,5.87137191898715,5.1924098318280745,-2.914027259934741,-3.4683376804318287,-1.560168490209725,4.031761023157739,-3.673131924727812,-0.1629451412738352,6.469303614048535,0.886944898036299,-3.180655793165113,5.816910131874349,3.077755960723888,-0.4238159481755043,0.3375007009172835,-1.622511613714907,-2.935533455905015,-0.5026835646876439,4.875224226018067,-0.1821501205829674,0.5681939318328826,-0.9206308121742516,-0.0260227688839851,-1.6342764539103625,-0.3280248867559151,-3.180655793165113,2.8724780267263847,1.748608199768591,3.8828673489387153,3.874704427992513,-2.3821484025027737,2.122372128100141,-1.1437743489957088,0.8696782821810026,-1.5880254416084512,-3.026505192702893,1.0851485386642483,-0.6135724760864225,5.10393200773221,-1.475908155471993,4.526081513952487,-2.6533010951345144,1.2172163012387152,1.8674174481157155,-1.7468953179113775,1.7625721210063898,6.0625168559601725,-2.036787291473149,1.0952378752389669,6.458087722402033,4.126732252067716,-2.935533455905015,2.450754539124208,3.078287564584654,3.026031580020484,0.4829053116541463,4.592634235001523,-2.872354580902816,2.086055681279164,-1.1116860367325376,3.4097210099038957,-3.153256833992005,-1.4608702796150657,-1.780568528481996,2.0849082342259786,-1.6342764539103625,-0.2391456000076494,-1.935861389874336,-2.9575123529619587,-0.4080675917585112,4.052397866685995,-1.689001346942805,4.065276062325495,4.918847320133552,-1.2588436699434518,-2.473715572055668,5.671937076435051,-3.0506027326675573,-1.3888967868998707,-0.9206308121742516,-2.7388232392986818,4.45308969590902,0.2551213844275076,3.21200495168283,4.757690097561295,2.2763253078778893,0.1455780144282654,3.3304283706609903,2.677118064592804,-0.2539169168915703,3.814499121051517,4.5238300495507335,-2.703731931802678,1.999252789904175,-1.0373274744428491,3.262944826688483,1.28141300003716,3.9851805333662975,0.9265678855060152,-2.286838245425716,2.5027344381774546,5.165247539648069,2.675688244667632,0.1750786782447284,2.5843605852928144,-4.05612375274197,1.6337838208224496,5.942702948897818,1.8602566585024565,4.809243026410685,-0.9896236795204164,2.3105744327836364,0.0180167915059035,3.141908892204176,4.628095523208407,-0.4185388912603096,0.8432061483985869,-2.5156797594130205,-2.872354580902816,-1.8515202543817595,-2.17920760442444,1.8629479671953963,-2.775190870242048,4.582128727039981,-1.5066798109821813,5.62936398993775,-1.565678145413567,-3.1006131282265965,-2.703731931802678,1.2455200772108153,-0.0609871493958846,0.8083277081318258,6.992849859249701,-1.067081733557128
ERR260263,0,5.231460526377885,-3.940925602155846,-0.6805013571793818,-4.952525453229471,-2.633412561015079,0.3088669011954694,-1.375976804134686,-3.54561306340894,-3.3430888741273703,-2.937623877130286,-3.8539142756712375,2.052354871330513,-0.556022445506333,3.3877697717704347,-0.463890731436017,-1.1184656199002787,2.2750143366502087,-1.060706787770517,-3.067985664051202,-4.492993737885283,-0.1581149204750253,3.12393641483096,-2.261283924114576,0.4985113408240278,-3.971697241883217,-0.8949617803575008,2.5514054508710724,3.435202584595119,-3.54561306340894,2.125111572166986,-3.723861215173682,-4.07013725004134,-3.359895986794036,4.442368423749384,4.782236014452099,1.9116245233462037,-3.006616732744225,0.4493992367854561,2.8406472279820254,3.705876240362448,2.6998602831273573,-3.3430888741273703,2.841815412274867,-2.842313717527977,2.167917253845085,-2.495791204216312,-3.882085136764927,1.5120611863912667,1.713793339922718,-1.1683374480977,0.4538969954585711,-1.5185398616461627,-4.54706090067609,3.0561156358842925,-0.04355546727487,0.0592186795843134,-1.189390856489601,-0.1539855271898539,-4.729382235248094,-0.5757224082596104,-2.832263383694677,-4.218557144814868,3.9740346624512255,-1.928045352083115,-2.926574043385703,-1.218833610150383,4.927111630694735,4.7911632860238695,-2.89413877464681,-4.141596162937953,-2.2334269727158493,1.4844242123396856,1.046409446187584,2.068556845882487,-3.6762331888730153,0.2136864155301744,-0.543777394796138,3.7088529921225617,-1.579500558056434,-1.097074430681629,-4.604219249156636,-2.2957700962210312,1.7260246184893,-1.1759420471937685,-2.6011517040011243,-3.188938241919145,-0.1050645506732418,-1.5938892946803762,-0.6992812513901097,3.189342120810465,-1.0012833692620395,-3.8539142756712375,2.7490498940679684,1.5530077836360143,2.27924216199196,1.817879969848211,5.539876089667908,-0.3709667824809447,-1.8170328315018331,4.092663413992394,-2.261283924114576,0.856115750380098,2.0273937714382018,2.103791833482438,1.4790723130395782,5.258782085479467,0.1132274839378337,1.749228476986778,-3.006616732744225,-3.54561306340894,-2.420153800417502,1.7658819893705682,6.8231420247482255,2.875643706202416,-0.7379334048905293,5.392162629072573,4.469113615686725,2.109378840343218,-5.827991857256648,1.7186615895525246,1.385183178608671,-0.1903531708519782,2.9958581658058714,0.8110953603503318,-3.8539142756712375,3.052450594022772,3.383983171795388,0.9712829498557196,2.502867756939951,0.7287825045912124,-1.965163011977664,-2.307534936416487,3.3407305404240666,-1.0709632875870505,-3.630770835468083,2.358691265638217,0.9469135129683556,-2.362259829448929,0.5649257832633995,2.883249814496134,5.9746036948240935,2.697958840629183,3.345265506901224,-0.04355546727487,-2.0621552694059955,4.456172186709692,-3.4120817218048063,3.771707341080608,3.526756498794481,3.231102933167713,3.1454062528980806,2.0853788450157054,0.0547692840842645,-0.0374242402951176,2.1157868366294235,3.490229840727564,2.5115050467128626,4.280894811687619,-3.3769904143088025,2.0625866789048937,4.5008378591195015,4.103515339388172,0.8861746775151922,0.8468180329883979,-3.4301002208139804,-2.9600967279318406,3.709776006984907,5.695192760967454,1.317200280903097,3.9129021752982553,1.5203342428630773,-0.8526423496727235,2.763562416865562,4.939950040205583,2.8548473573514457,4.1360786695246645,0.0930462362924013,4.653845117957507,4.493333231928713,1.9063879954180023,4.352835511804386,-1.0917973737664342,0.1699476658924623,-2.495791204216312,-3.54561306340894,1.7327094146240531,-2.8524660869305647,1.1896894846892718,1.2479820575286042,2.0983178929996824,-2.179938293488306,3.982213449925428,1.3297396301165227,-3.773871610732721,0.7551367070034594,0.5722615947046908,-0.7342456319020093,-1.4212765612039084,5.455662344749654,-1.7403402160632524
ERR260264,0,2.990257528969632,-3.739457317272928,-2.22533005737025,-4.751057168346552,-2.431944276132161,0.5103351860783878,-1.1745085192517677,-3.344144778526022,-3.141620589244452,-2.736155592247368,-3.652445990788319,-2.5725262020085355,0.1100447380166876,-1.4158824951002893,-1.3723342523835529,2.876160933659314,3.404638286156858,-0.8592385028875986,-2.866517379168284,2.191741787322377,-2.465280690842654,-3.265673193889289,-2.0598156392316573,-1.3694973712093117,-4.46337551256083,5.280821932365989,1.547277482006678,1.0188234465491026,4.10443824809225,4.079800889821741,-3.5223929302907635,-3.8686689651584216,-3.1584277019111173,3.641364469826087,3.9892512409630623,0.2869754440833507,-2.8051484478613067,-2.010218703559753,-3.031272566901446,1.405566984404335,2.690945583656734,-3.141620589244452,2.447996963190284,-2.6408454326450586,-1.212517843412649,-2.987469957036226,-3.6806168518820086,2.417777835908605,-2.9319001213254268,-0.9668691632147816,0.6553652803414896,3.115343992562305,-4.345592615793172,2.506766290031301,2.352948301185876,0.2606869644672318,-0.9879225716066824,2.7963549404583867,-4.527913950365176,-0.3742541233766921,-2.6307950988117588,-4.017088859931949,5.414459593154676,-1.7265770672001963,-2.7251057585027847,-3.3858174575579474,5.352017009285226,3.681048397697668,-3.3858174575579474,-3.940127878055035,1.4467421484838108,-1.999523415586908,3.3494566215877777,0.0584118280759476,2.421749399640335,0.4151547004130928,-3.652445990788319,3.5993711389201297,4.529506982009214,-0.8956061457987103,-4.402750964273718,1.5735987715402853,-3.407323653528221,-0.97447376231085,-2.399683419118206,-2.987469957036226,0.0964037342096765,1.320448423615842,-0.4978129665071912,-2.1060666515335686,6.181592673885827,-3.652445990788319,0.8565797852076766,1.7997833788258275,-5.156521443123119,0.8083399286092936,-2.85393860012598,-0.1694984975980263,-1.6155645466189148,5.60979027147371,-2.0598156392316573,0.5832689770978248,1.5658049671240382,2.709527362840192,-0.8575392671923868,4.066757333235774,-1.2905448238372357,0.4977180947326377,-2.8051484478613067,-3.344144778526022,-2.218685515534584,2.949764372191805,5.5499064558549644,3.306213063028167,-4.191442094695908,5.9021373745726295,3.3371958926224763,-4.100470399305841,-5.6265235723737295,1.072480040514466,1.8787446583618064,0.0111151140309402,1.7279627114816418,1.7985919096063387,0.5904776586370291,1.850171285981539,2.938235992720759,-0.737683305202915,4.5133277055393375,0.5768173418683658,0.2902134393221774,-2.1060666515335686,-0.7109357976308556,2.7437420945743187,2.23350315375352,-0.8798577893817174,7.013243834059602,6.208872619610832,3.0808892064017352,4.588539227130666,4.316430662271146,0.7928156842062211,2.520181480996337,0.2461534500135461,2.969920324762803,4.075773596452801,-3.210613436921888,3.951756017691847,-2.4076515874975417,-2.1545609955917726,2.9191364518037464,-1.874673225193696,-3.940127878055035,0.532990568191587,1.428957822091398,0.9454752165155138,0.3974041745602955,3.808203573139579,2.4689491715759533,-0.0829138342128982,1.0953799448628498,6.120315198073761,1.878304420627292,3.685647105852992,0.5321449021863952,-0.422520863310913,1.8896880811859107,5.20275738021676,-3.031272566901446,4.195055540765983,2.750575623791885,-4.527913950365176,-3.407323653528221,3.115343992562305,1.0920023783389108,4.49627220146418,-1.4614138771436227,3.067304393379429,4.046414099341283,2.358820629422097,3.9526969077322183,-0.8903290888835158,1.321985702928821,-2.987469957036226,-3.344144778526022,-2.3233104520049657,-2.6509978020476463,2.4797456614659428,-3.246981067865254,-2.2661520463349505,2.3251725953504607,1.6428105896940135,0.4728941252240048,-3.5724033258498027,-3.175522129425884,3.8167324094843855,2.844747327943094,-4.933378391807785,4.640199331305776,-1.538871931180334
ERR260265,0,4.703014595619309,-3.6071612750434863,1.389640812479198,-4.618761126117111,-2.2996482339027198,0.6426312283078293,-1.0422124770223262,-3.2118487362965804,-3.0093245470150105,-2.6038595500179262,5.2661873318401735,5.296702736595488,4.167108025412729,3.30832103896348,-1.2400382101541116,2.4725632637812898,-4.159229410772923,-0.7269424606581572,-2.7342213369388424,-4.159229410772923,-2.332984648613213,2.351341112830209,-1.927519597002216,-1.23720132897987,-4.331079470331389,5.200690764234369,4.166623794756688,1.151119488778544,-0.8771327337572324,3.2100717354691826,-3.390096888061322,-3.73637292292898,-3.026131659681676,0.8076545837243418,4.402231407664285,-1.15302683789933,-2.6728524056318657,-0.3467370300670219,-2.8989765246720047,3.4875506583269003,-1.6920233014296389,2.5530220312662184,2.6328185704513225,-2.508549390415617,-1.0802218011832072,1.4908550954845043,-3.548320809652567,-1.7009919706080232,3.0536848346985845,-0.8345731209853404,5.848560203880764,3.826361372416389,-4.21329657356373,-3.4147894884565773,0.2902088598374898,0.3929830066966734,-0.8556265293772409,-2.332984648613213,-4.395617908135734,2.989032523844473,-2.4984990565823173,-3.884792817702508,5.189378746065722,-1.594281024970755,7.817842702500466,-3.253521415328506,0.0817175881615424,-1.6787193369832634,-3.253521415328506,-3.807831835825594,-1.8996626456034895,-1.8672273733574667,-1.1324075517595196,2.6829471593582976,4.6984120082574,0.5474507426425342,-3.5201499485588776,3.0167021119138275,3.2744982877174604,-0.7633101035692689,-4.2704549220442765,-1.962005769108672,2.146468401201828,-0.8421777200814086,-2.267387376888765,0.4770303198582554,0.2286997764391179,-1.2601249675680162,-0.3655169242777498,-1.9737706093041272,6.468948835356441,-3.5201499485588776,3.490261639452723,1.60447463564255,3.332855222683769,2.215704692223317,-2.7216425578965384,2.6361220184728054,-1.4832685043894736,5.891019641624976,-1.927519597002216,-3.3659993480966577,1.1199577385998998,2.962362040000998,3.328503298621875,4.448245939883387,3.2459772050415414,1.518604228897364,0.968485871860058,-1.5663350968116978,-2.0863894733051422,-0.7252432249629455,6.371514660835931,1.0195918824825552,-4.059146052466467,0.755743719845202,4.038076392548114,-3.9681743570764,-5.494227530144288,2.379899046409262,2.6109552063362376,0.1434111562603815,3.2303009816993864,-3.2118487362965804,0.3568208747624281,2.791987531858412,4.562509156868029,-3.4927509893857698,3.819783938336454,0.182522285830623,-3.925614778889457,-1.9737706093041272,0.1145074104957748,2.8160850834134754,0.2500529006333395,4.795782929623635,3.426932320455377,-2.0284955023365696,3.004960610984928,4.715961006631,7.648135238731315,0.8507028369839492,4.325678742361926,-3.390096888061322,-1.7283909422936357,-1.2601249675680162,2.7151313028869213,0.6119001008664486,0.2840398088868892,3.049097135663937,2.1197845705251206,3.7108952751890976,-3.807831835825594,0.7763787659654844,5.108931845021834,0.1247190235170028,3.143478734535956,3.7829073077524633,1.0585616286152977,-3.3424688617606555,2.0706291601319267,3.591814655020793,-1.9218857799187596,1.1805823601007577,1.7823248753486731,-0.2202068356654934,3.896461795872994,4.869272445238762,2.07929973466516,-0.1644154771490363,0.5545580930338334,-0.0596365278436974,1.6302467355777477,1.9697050766262143,2.193948939345699,3.261537520253976,1.5102874209092385,-0.7650753290315175,-0.3214773638878609,2.425415528763515,4.307621888704222,-0.7580330466540743,2.6758409312780183,-2.855173914806785,-3.2118487362965804,0.3498924406604696,1.4808084993911603,1.5234538118016316,0.1742691441874272,3.672700171840618,-1.846173966375946,5.374169285422368,-1.905172300807332,-1.0729841342322035,-3.0432260871964427,0.9060259218170506,1.6041441117602833,-4.801082349578343,-0.0474941412285996,-1.4065758889508928
ERR260266,0,6.810714999935111,-3.462865248195264,3.512944483432713,-4.474465099268889,-2.1553522070544973,0.7869272551560512,-0.8979164501741043,-3.0675527094483583,-2.8650285201667884,-2.459563523169704,-3.375853921710656,-2.2959341329308725,4.788655791639084,4.501079112197719,-1.0957421833058896,-0.640405265939697,-4.014933383924701,-0.5826464338099352,-2.5899253100906203,-4.014933383924701,1.0403051704886923,0.7908107551489343,-1.7832235701539938,-1.092905302131648,-4.186783443483167,-0.4169014263969189,3.262058648120273,1.2954155156267662,-3.0675527094483583,2.342634146604657,-3.2458008612131,-3.592076896080758,-2.881835632833454,2.8564843879445707,5.3769377068195245,4.171119640543639,0.9650607764012836,0.3840528263618109,1.0849319976869571,4.379555741438107,-1.5477272745814168,-2.8650285201667884,3.572616124413765,-2.364253363567395,-0.9359257743349852,-2.710877887958563,-3.404024782804345,3.4031832016387886,-2.655308052247764,-0.6902770941371182,0.931957349419153,4.227018262498547,0.5170989767667665,4.546587855647826,0.4345048866857118,0.5372790335448954,-0.711330502529019,-2.188688621764991,-4.251321881287512,-0.0976620542990286,-2.3542030297340952,-3.740496790854286,-1.7608762739591095,-1.449984998122533,-2.448513689425121,3.108186859399799,6.340791317777846,1.887411254099931,-3.109225388480284,-3.6635358089773713,-1.7553666187552677,4.625965729943136,1.0503219486652726,4.150264568687018,6.39656214531842,0.6917467694907562,2.920743151514367,5.604352694908712,-1.101440204095852,-0.6190140767210469,0.6324883092585837,-1.8177097422604496,-3.1307315844505577,-0.6978816932331865,3.070746788628384,2.852327742279383,0.3729958032873399,-1.1158289407197943,-0.2212208974295277,-1.8294745824559049,-0.5232230153014577,-3.375853921710656,3.825854831342771,1.97415888299194,-4.879929374045456,1.5513992119169129,7.444583589451114,3.858042079899874,-1.3389724775412517,2.9629358920359032,-1.7832235701539938,-3.221703321248436,0.2470038905868806,1.7671077839624858,-0.5809471981147233,1.829067544732137,-1.013952754759572,-2.848499223680057,0.0122952077653486,3.792168853998501,-1.94209344645692,0.3969064735999734,6.922800903475021,3.423015563614771,2.0001952403923653,6.075102564779107,4.51893990053741,-3.823878330228178,2.177535680320522,4.998840253271345,3.4638598585491827,0.2877071831086036,4.839828133912077,-3.0675527094483583,-3.375853921710656,0.8773913754407938,3.560380273577905,0.2791234395400139,2.058595066030802,0.3684071358400684,-3.7813187520412352,-1.8294745824559049,-0.4343437285531921,3.6776832323530138,-3.1527104815075013,-0.6032657203040539,-3.221703321248436,1.30215303783959,-3.592076896080758,0.3444698230144876,-1.4540417984889944,-2.6689137006012107,4.912749808350813,-3.2458008612131,-1.5840949154454136,4.743907911235671,-2.9340213678442244,0.7561961277146708,2.754405362794886,3.65406926951494,4.640463421420709,-1.5980811561160326,-3.6635358089773713,-4.186783443483167,3.539924085036065,-0.449115045437113,2.7975843452758733,5.715358205474692,-2.8989300603482206,-3.198172834912433,-1.232525602988392,-2.816238371870367,2.265264262926449,4.387969608694399,3.138446607097435,-2.482036373971259,3.198523770777544,6.038899576496396,0.4999654910188657,-0.0201194503008142,2.4934424374370834,1.0983207854265429,2.9321427660447843,5.470050759573199,2.3846233428164707,-0.269774121667579,-1.1848218080659592,0.0723678607088055,-0.177181337039639,2.43345516749368,-3.32178672968013,3.089339389831568,3.419602696911848,3.1338249928669684,0.9921859224753384,-2.046718382927302,-2.374405732969983,1.6677498386498537,-2.9703889987875907,-1.989559977257287,-1.701877939527724,5.290811804522012,-1.7608762739591095,0.7786788906855446,-2.8989300603482206,1.0503219486652726,-0.2561852779414273,1.2948953595709298,4.303705115356068,-1.2622798621026707
ERR260267,0,4.985271795254936,-3.6977022705775,-2.1835750106748217,-4.709302121651124,-2.3901892294367326,0.5520902327738161,-1.1327534725563395,-3.3023897318305937,-2.406718528655704,-2.6944005455519395,-3.6106909440928905,4.095646472989238,-2.6616107298974057,-1.3741274484048611,-0.6374320535372692,-0.8752422883219322,2.6108922136137123,-0.8174834561921704,-2.824762332472856,-4.249770406306936,-2.4235256441472264,1.6456457975557333,-2.018060592536229,-1.327742324513883,-4.421620465865402,4.423219176126598,2.28401738052537,3.788298753674759,-0.0240908792701588,3.57486385235198,-3.4806378835953358,-3.8269139184629934,-3.116672655215689,-1.8423522098416103,-2.023726329429893,-3.7602225884581735,-2.763393401165879,-2.705573843653186,2.032987052904772,4.311206911577012,-1.7825642969636522,-3.099865542549024,-0.4971761657465602,-2.5990903859496304,-1.1707627967172205,-2.9457149103407985,-3.638861805186581,0.8280304852638144,-2.8901450746299986,1.1013380831138726,0.6971203270369178,2.506058733150126,-4.303837569097744,3.0336767705416308,0.1996678643034766,0.30244201116266,-0.9461675249112542,0.9355540135825212,2.031609506689446,-0.3324990766812639,0.2106771496771729,0.8443015893281896,-1.9957132963413449,-1.684822020504768,1.9067613990475625,-2.0124267754527727,-0.0088234073724706,1.9007190846051216,-3.344062410862519,-3.898372831359607,2.6663696144642905,-1.95776836889148,4.117553099902568,3.297008222790609,3.403573634747618,0.4569097471085209,0.8339186278505143,4.496225026830029,2.726724029018151,-0.8538510991032822,-4.36099591757829,-2.0525467646426847,-3.365568606832793,2.249936434937273,3.142162818764517,-2.9457149103407985,0.1381587809051047,-1.3506659631020297,-0.456057919811763,-2.0643116048381405,3.734099329487941,-3.6106909440928905,2.536707850268804,1.5969715016729762,-5.114766396427691,1.626341308101961,-2.812183553430552,-0.1277434509025981,-1.5738094999234866,6.036253697098528,-2.018060592536229,1.2019444294494517,-4.36099591757829,3.3905035246019737,-0.8157842204969586,5.341741328649242,-1.2487897771418075,1.6287011911960907,-2.763393401165879,-1.1977582997341385,-2.176930468839155,2.8462525703307957,6.9096754519666375,2.7594948315433654,-4.14968704800048,5.398198861000221,4.613248574415684,-4.058715352610413,-0.4800398839230861,2.948057767312922,1.7899818760447943,0.0528701607263684,3.2183211527163555,-0.0925344500104942,0.2033511096745519,1.987730461407696,3.933346620750816,0.5065373654571701,2.812825990961916,-2.2106036794097736,-4.016155774423471,-2.0643116048381405,-0.6691807509354273,0.9080731924326064,1.968409199758124,-0.8381027426862893,4.626199726760846,-0.2745265684941457,-3.8269139184629934,4.0757768484784345,-1.6888788208712295,2.185872710146638,4.203057231510597,0.4947029079179025,2.0675832173603923,5.00041695984218,-3.16885839022646,4.446791568983342,2.9099296287286003,0.2429959405454532,2.8456419898247667,3.5981966499208484,-3.898372831359607,1.7448460098529308,3.4846952878849766,3.186008065047697,3.7223678252626864,3.9712829502913567,0.7502817329199556,2.6339068084852326,2.4796123473854284,3.808355961244656,0.6782447195815287,3.6201532140065535,1.0724680103402398,-2.716873396353494,4.100981813492543,7.050815032388489,1.8664691616402544,-0.2549564726830495,1.8731829268591849,-0.732742230500685,2.3231733612734184,4.726829954565697,2.1565872883049577,3.9627255625037057,-1.4196588304481943,4.114221478292042,4.682899702192527,3.058383489575824,2.4765881515359736,-0.8485740421880876,0.413170997470809,-2.9457149103407985,0.4724797713389791,-2.281555405309537,-2.609242755352218,1.4329128162676186,2.416247436993832,1.2949947208852,3.577049645571041,5.006588325023592,-1.9957132963413449,-3.5306482791543745,1.2365530296745466,0.8154849262830375,-0.4910223003236625,-4.198477164550911,6.371550751972784,-1.497116884484906
ERR260268,0,5.516041867627078,-2.74445038304237,-1.230323123139692,-3.756050234115994,-1.4369373419016032,1.5053421203089457,-0.1795015850212099,-2.349137844295464,-2.146613655013894,-1.7411486580168098,-2.657439056557761,4.191508836902094,-1.7083588423622762,2.538598908391379,-0.3773273181529952,0.0780095992131974,-3.296518518771807,0.1357684313429592,-1.8715104449377264,-3.296518518771807,-1.4702737566120965,-2.2706662596587317,-1.0648087050010997,-0.3744904369787535,-3.4683685783302725,6.549299839936936,4.245972917992811,5.082548232730076,1.393378694730227,-2.657439056557761,-2.5273859960602056,-2.873662030927864,-2.1634207676805595,-0.8891003223064806,4.696709430831094,-2.806970700923044,-1.8101415136307493,-1.7523219561180567,-2.0362656326708883,0.5136455722287128,-0.8293124094285224,4.282782857544284,3.47547627200269,-1.645838498414501,-0.2175109091820908,3.9728772456507393,3.961818448201697,-0.8382810786069068,-1.936893187094869,0.0281377710157761,5.600478981484991,-1.615985541206589,-3.350585681562614,4.714154499759998,1.1529197518386065,1.2556938986977897,0.0070843626238754,-1.4702737566120965,-3.532907016134618,0.6207528108538657,-1.635788164581201,-3.022081925701392,6.351607030917537,-0.7315701329696387,-1.7300988242722268,-2.390810523327389,0.944428480162659,-0.8160084449821469,-2.390810523327389,-2.945120943824477,-1.0369517536023731,-1.00451648135635,-3.149915188120461,2.994464603724832,2.040005855049956,1.4101616346436507,-2.657439056557761,-0.6726139704723006,4.952918006474839,0.0994007884318475,-3.40774403004316,-1.0992948771075552,-2.412316719297663,0.0205331719197079,-1.4046764848876483,-1.9924630228056688,1.0914106684402345,-0.3974140755669,0.4971939677233666,-1.1110597173030106,5.721525460147213,2.90131709263365,4.033057540884493,-2.082075154709649,-4.161514508892561,-2.05130350551259,-1.858931665895422,0.8255084366325316,4.2423394977478015,4.457781405915422,-1.0648087050010997,-2.5032884560955413,-3.40774403004316,-0.0903557394790709,4.519833769117389,-0.9526914188646414,-0.2955378896066777,-2.1300843585271627,-1.8101415136307493,-2.349137844295464,1.672562474029911,0.1374676670381711,4.719972013944237,2.07583058138983,-3.1964351604653505,1.6184546118463186,5.814907294590332,2.974568350083864,-4.631516638143172,-2.349137844295464,4.146065646111774,1.006122048261498,3.944997508119669,3.665025883162949,-2.657439056557761,-0.5884693001251857,1.4134846853795124,-2.6300400973846534,4.083211076536479,-1.257351791874644,-3.062903886888341,-1.1110597173030106,0.2840711365997023,-1.412644653266984,-2.434295616354607,3.6248271358212656,4.87444021389194,-1.1657846103354532,-2.873662030927864,5.131922932486385,6.03253907136917,-0.2696966597584032,5.836086829338436,-2.5273859960602056,1.7280532374576203,4.785476115975079,3.7747856852063375,1.4746109928675653,-1.412644653266984,-1.1595540613612147,-0.8796662909631382,7.139785783872091,-2.945120943824477,-3.4683685783302725,-0.0755406543210465,2.813896920902964,0.1642699405194196,5.827517307061206,2.4488425088191503,-2.479757969759539,-0.5141107378354978,4.023415067374111,1.687807778262033,2.043293252101874,-2.233625001700504,-1.7636215088183649,0.8819081241588421,6.546608784670672,-2.0362656326708883,5.714252421442516,-0.5338482193752161,-3.532907016134618,-2.412316719297663,2.383114006068597,2.322736478316636,3.2050861563460065,3.5031815099054677,3.85686147225033,2.662584887813577,-2.2897144473725346,-2.603371864527236,0.104677845347042,1.3664228850059386,-1.9924630228056688,-2.349137844295464,-0.635156410743866,-1.6559908678170887,3.0793118825709,-2.2519741336346963,2.2580706742926133,-0.9834630743748296,2.773366939914043,-1.0424614088062154,-2.577396391619245,-2.1805151951953263,5.957726876627625,0.4622295872114669,-3.9383714575772255,6.460218790014976,-0.5438649969497764
ERR260270,1,5.955037492790065,-2.8972931062605216,-1.383165846357844,-3.908892957334146,-1.589780065119755,1.352499397090794,-0.3323443082393617,-2.501980567513616,-2.299456378232046,-1.8939913812349616,-2.810281779775913,5.423486374033302,-1.861201565580428,-0.5737182840878833,-0.5301700413711469,5.78511597910013,-3.449361241989959,-0.0170742918751925,-2.024353168155878,-3.449361241989959,-1.6231164798302484,-2.423508982876883,-1.2176514282192512,-0.5273331601969053,-3.621211301548424,1.8526325176167784,1.118816281810079,3.5372041657583,-2.501980567513616,3.6148567772544142,-2.6802287192783574,-3.0265047541460155,-2.316263490898712,2.968401449216217,5.011761673076972,-2.959813424141196,-1.962984236848901,3.483444968570065,3.4647935109038825,3.745785542012832,-0.9821551326466742,-2.299456378232046,-2.5871383395727587,-1.7986812216326529,-0.3703536324002427,-2.1453057460238205,-2.8384526408696025,-0.9911238018250588,-2.089735910313021,-0.1247049522023757,1.4975294913538957,3.625066430679804,-3.503428404780766,-3.398068000233933,1.0000770286204543,1.102851175479638,-0.1457583605942763,-1.6231164798302484,-3.68574973935277,0.4679100876357139,-1.7886308877993529,-3.1749246489195437,4.595618514597025,-0.8844128561877904,3.6049964594621193,-2.5436532465455413,0.7915857569445071,3.9210671879489065,-2.5436532465455413,-3.0979636670426287,-1.189794476820525,-1.157359204574502,4.872328111459349,0.2074288721153645,-2.632600692977691,1.2573189114254988,-2.810281779775913,2.9217996106464312,3.114567464179244,-0.0534419347863042,-3.560586753261312,-1.252137600325707,2.6438509927400324,-0.1323095512984439,-1.5575192081058,-2.1453057460238205,0.9385679452220824,-0.5502567987850517,0.3443512445052147,6.853413433291614,3.3869535144969887,-2.810281779775913,-0.7734003356065089,-2.2349178779278014,-4.314357232110713,-2.2041462287307416,-2.0117743891135738,2.808506928507623,-0.0802531912784456,6.09147006192172,-1.2176514282192512,-2.656131179313693,-3.560586753261312,5.367904299831332,-0.0153750561799807,4.397165929180432,-0.4483806128248296,-2.2829270817453144,-1.962984236848901,-1.018522773510671,-1.3765213045221776,1.157910952068088,8.088435484389262,-1.666413278083949,-3.349277883683502,6.935215232256628,6.387045967952877,2.2973452281135955,-4.784359361361323,1.6938390201378402,3.707635092248769,0.8532793250433462,3.765335742393586,-2.501980567513616,2.154890588564153,-0.7413120233433377,1.9106936291241876,-2.782882820602805,4.133322597080512,-1.410194515092796,-3.2157466101064927,-1.2639024405211623,0.1312284133815504,-1.5654873764851358,2.8916465725308518,-0.0376935783693114,6.461900217641087,-1.318627333553605,-3.0265047541460155,5.569090915819073,-0.8884696565542519,-2.103341558666468,2.3928081843290023,-2.6802287192783574,-1.018522773510671,5.283095066267248,-2.368449225909482,1.3217682696494133,3.707963203152928,-1.3123967845793665,4.285933028938353,4.350563571764316,-3.0979636670426287,-3.621211301548424,2.866471468839555,3.781010285350036,0.0114272173012678,7.2145965499597695,2.492193044131638,-2.632600692977691,-0.6669534610536496,3.180209518030117,0.9073465455638844,1.8904505288837223,-2.386467724918656,-1.9164642320365164,4.42341372862072,5.71833424897403,-2.18910835588904,0.5454526916339282,1.7005771772905418,-3.68574973935277,-2.565159442515815,-0.7734003356065089,-0.5216834279739819,5.1048021183781325,-0.6192496661312166,3.5429276134958103,5.732990040923281,3.557809554883448,3.748073060263505,-0.0481648778711097,1.2135801617877866,-2.1453057460238205,-2.501980567513616,-1.4811462409925595,-1.8088335910352409,2.2333219805845963,-2.404816856852848,6.1482434833937445,4.878096671024545,6.1457032770227285,-1.1953041320243671,-2.730239114837397,-2.333357918413478,4.918108992186124,0.3093868639933151,-4.091214180795379,3.67757078859034,-0.6967077201679281
ERR260271,1,5.523520087232535,-2.883844104021322,-1.3697168441186445,-3.8954439550949465,-1.5763310628805554,1.3659483993299937,3.638515432919004,-2.488531565274416,-2.2860073759928463,-1.8805423789957625,4.044485328803825,4.384378311500457,-1.8477525633412284,-0.5602692818486836,-0.5167210391319474,3.9490563983166176,-3.4359122397507598,2.980646978433353,-2.010904165916678,-3.4359122397507598,-1.609667477591049,-2.4100599806376835,-1.2042024259800517,-0.5138841579577058,-3.6077622993092247,2.1092641562096204,3.1493141796674773,1.8744366598007085,-2.488531565274416,-2.796832777536713,-2.666779717039158,-3.013055751906816,-2.302814488659512,-1.0284940432854328,6.034221242640386,-2.9463644219019964,-1.9495352346097012,-1.891715677097009,2.8993275803725904,6.749693520435158,-0.9687061304074748,-2.2860073759928463,-2.573689337333559,-1.7852322193934531,-0.3569046301610431,-2.131856743784621,-2.825003638630403,-0.9776747995858592,3.2056810515760783,-0.1112559499631762,1.5109784935930952,5.058452913715621,-3.4899794025415662,-3.3846189979947336,4.28347371155568,1.1163001777188375,-0.1323093583550768,-1.609667477591049,-3.6723007371135705,0.4813590898749135,3.787574315476921,-3.161475646680344,3.623161595959841,-0.8709638539485909,-1.869492545251179,-2.5302042443063417,0.8050347591837067,3.083544459702434,-2.5302042443063417,-3.084514664803429,-1.1763454745813255,-1.1439102023353025,-3.2893089090994128,4.53977800715057,2.7868718114424484,4.227222402080743,-2.796832777536713,3.848618791388613,2.163288093778459,-0.0399929325471047,-3.5471377510221123,-1.2386885980865074,-2.5517104402766155,-0.1188605490592444,-1.5440702058666005,-2.131856743784621,0.952016947461282,-0.5368077965458522,0.3578002467444143,-0.5573063168936101,6.968917170064978,0.6442967766990056,3.569828009934266,-0.2191449076590562,1.411996660822451,-2.190697226491542,-1.9983253868743744,0.6861147156535793,-0.7599513333673094,5.220565755741833,-1.2042024259800517,-2.642682177074493,-3.5471377510221123,-0.2297494604580232,-0.0019260539407812,5.394337277971401,4.050345934593466,-0.7384451296881279,-1.9495352346097012,-2.488531565274416,0.9961558672936396,-0.0019260539407812,7.589435244001364,-0.9598171837803676,-3.3358288814443027,6.735340909515317,5.797166566666784,-3.244857186054236,-4.770910359122125,-2.488531565274416,2.2569324036731904,0.8667283272825457,4.673865524234525,-2.488531565274416,-2.796832777536713,-0.0347158756319102,6.077645726799341,-2.769433818363606,2.267518247019632,-1.3967455128535964,-3.202297607867293,-1.250453438281963,2.734357871613412,3.547632753564091,-2.573689337333559,-0.0242445761301118,0.1058085478836687,-1.3051783313144056,1.0196572578394063,1.8576559829583852,-0.8750206543150523,2.400435199863844,3.7035383327941607,-2.666779717039158,-1.0050737712714717,5.243094370112282,-2.3550002236702823,1.3352172718886128,3.1861228999149374,-1.2989477823401667,-1.0190600119420905,-1.0190600119420905,-3.084514664803429,2.578702245738823,5.47454456788757,4.158017553945871,0.0248762195404673,6.597697219129916,-2.3199089161742785,-2.6191516907384917,3.6809079657144887,-0.0668041890392461,-1.891715677097009,2.597046709158252,-2.3730187226794563,-1.9030152297973169,4.597386569084631,5.626988908231156,-2.1756593536498405,0.5589016938731278,1.686169225199233,-3.6723007371135705,-2.5517104402766155,5.121896398960034,-0.5082344257347823,4.446441348153167,-0.605800663892017,6.7236638190787845,4.5724172599842605,3.9938261746383454,2.7587069005707603,4.036258264401201,1.227029164026986,-2.131856743784621,-2.488531565274416,-1.46769723875336,-0.1778167138744731,2.246770982823796,-2.3913678546136485,5.302265333984601,3.989632771531546,6.265863843146803,-1.1818551297851676,-2.716790112598197,-2.3199089161742785,4.962448946320521,0.3228358662325147,-4.077765178556179,6.942401762143673,-0.6832587179287285
ERR260273,1,6.840069270502231,-2.887566053072775,-1.3734387931700975,-3.8991659041464,-1.5800530119320084,1.3622264502785404,-0.3226172550516152,-2.4922535143258693,-2.2897293250442994,-1.8842643280472156,-2.8005547265881665,-1.7206349378083832,-1.8514745123926817,-0.5639912309001369,-0.5204429881834006,5.596426928666922,2.332952955970612,-0.0073472386874461,-2.014626114968132,-3.4396341888022124,-1.613389426642502,-2.4137819296891365,-1.2079243750315047,-0.5176061070091588,-3.6114842483606777,4.9815338314060815,1.1285433349978256,1.8707147107492552,-2.4922535143258693,-2.8005547265881665,-2.670501666090611,-3.016777700958269,-2.306536437710965,4.155460920985203,3.0355541580225966,-2.950086370953449,-1.9532571836611543,-1.8954376261484625,1.6492598017696758,5.964556454694369,5.987368785317455,-2.2897293250442994,-2.5774112863850123,-1.7889541684449064,-0.3606265792124962,-2.135578692836074,-2.828725587681856,-0.9813967486373124,-2.0800088571252746,-0.1149778990146292,1.507256544541642,4.666879275139388,-3.4937013515930198,-3.3883409470461867,1.0098040818082008,1.1125782286673842,-0.1360313074065299,-1.613389426642502,-3.676022686165024,0.4776371408234603,-1.7789038346116064,-3.1651975957317973,4.9228843266727,-0.8746858030000441,-1.8732144943026323,-2.533926193357795,0.8013128101322535,5.172906406758101,-2.533926193357795,-3.0882366138548822,-1.1800674236327786,1.9089749241737712,4.603994307529626,4.39962082405222,1.2168282489424045,1.2670459646132453,3.237315639104478,5.136164437863318,-0.5261410089733629,-0.0437148815985579,-3.5508597000735653,-1.2424105471379605,-2.5554323893280686,-0.1225824981106976,-1.5477921549180536,-2.135578692836074,0.9482949984098288,-0.5405297455973054,0.3540782976929612,4.065161986071078,7.163180350764071,1.2750971565003424,3.713581111837606,-2.225190824740055,-4.304630178922967,-2.194419175542995,7.643386273283775,0.6823927666021262,-0.7636732824187624,5.433449429346128,-1.2079243750315047,-2.6464041261259466,-0.7856521875272316,-0.2334714095094762,-0.0056480029922343,5.711100383326247,-0.4386535596370831,2.763752248116281,-1.9532571836611543,-2.4922535143258693,-1.366794251334431,-0.0056480029922343,7.875443723425532,0.8558583850679934,-3.339550830495756,6.588140458403171,4.188882385653798,-3.2485791351056887,-4.774632308173578,-2.4922535143258693,1.5533004827064745,4.018975764030526,4.219238167746308,-2.4922535143258693,1.0578325191752758,3.913615248440122,6.191801812553662,-2.773155767415058,3.319375770558164,-1.4004674619050494,-3.206019556918746,2.937449682126669,0.1409554665692969,-1.5557603232973891,-2.5774112863850123,-0.0279665251815649,2.3273691017695954,-1.3089002803658587,2.960971855976742,4.669827119484329,7.079481663999327,-2.0936145054787216,4.4862070463640125,-2.670501666090611,-1.0087957203229243,5.328701603612569,-2.358722172721736,4.849957111549355,2.0648401343459204,-1.30266973139162,-1.0227819609935436,-1.0227819609935436,-3.0882366138548822,-3.6114842483606777,5.176555104630244,0.126184149685376,4.863374140301072,6.528663821340678,-2.323630865225732,-2.6228736397899444,4.485750581675215,-0.7280823398497578,-1.8954376261484625,1.9001775820714688,-2.3767406717309094,-1.90673717884877,4.59826499276639,5.711837517026448,-2.1793813027012936,5.910814838619092,-0.6769638894056216,-3.676022686165024,-2.5554323893280686,6.093322430845696,-0.5119563747862355,4.992802400136422,-0.6095226129434701,1.513222259431151,0.39811785808285,3.956506298370837,-2.746487534557641,1.4534801481740662,1.223307214975533,-2.135578692836074,-2.4922535143258693,-1.471419187804813,-1.7991065378474942,2.2430490337723428,-2.3950898036651016,3.0838497775500864,3.5805084322369947,5.551448751350084,-1.185577078836621,-2.72051206164965,-2.323630865225732,1.6256211437877617,0.3191139171810615,-4.081487127607632,7.420745392344649,4.493520039564879
ERR260274,1,7.50155916963028,-2.811336613395412,-1.2972093534927338,-3.822936464469036,-1.5038235722546447,1.438455889955904,-0.2463878153742515,-2.4160240746485058,-2.213499885366936,-1.808034888369852,-2.7243252869108026,-1.6444054981310194,-1.775245072715318,-0.4877617912227732,-0.4442135485060368,2.742092071908813,-3.363404749124849,0.0688822009899174,-1.938396675290768,-3.363404749124849,-1.5371599869651382,-2.337552490011773,-1.131694935354141,-0.4413766673317952,-3.535254808683314,4.2736763148713255,3.667312059235012,2.9447885051612976,-2.4160240746485058,-2.7243252869108026,-2.5942722264132474,-2.940548261280905,-2.230306998033601,-0.9559865526595224,5.861615746214856,-2.873856931276085,-1.8770277439837908,-1.8192081864710985,-2.10315186302393,3.718921788658002,-0.8961986397815641,-2.213499885366936,-2.5011818467076488,-1.7127247287675424,-0.2843971395351325,-2.05934925315871,1.6673760646086748,-0.9051673089599486,-2.0037794174479107,-0.0387484593372656,1.5834859842190057,-1.6828717715596309,-3.417471911915656,-3.312111507368823,1.0860335214855643,2.487586027146172,-0.0598018677291662,-1.5371599869651382,-3.59979324648766,0.553866580500824,-1.7026743949342429,-3.0889681560544333,-0.4162005138479259,-0.7984563633226803,2.67534402085216,-2.4576967536804317,0.8775422498096173,-0.8828946753351885,-2.4576967536804317,-3.0120071741775187,-1.1038379839554149,2.183415032572509,5.641243104754181,3.1851148706708003,3.073587667581762,1.343275404290609,-2.7243252869108026,-0.0463530584333338,4.9267414975299415,0.0325145580788058,-3.474630260396202,-1.1661811074605968,4.071193487910208,-0.0463530584333338,2.3233911301034627,-2.05934925315871,1.0245244380871927,-0.4643003059199416,0.4303077373703248,-1.1779459476560523,1.7124256984715458,2.927773400188215,4.701561635795269,1.28904966726239,-4.228400739245603,2.2189026272607,-1.232670840688495,0.7586222062794898,-0.6874438427413987,4.1906257039381,-0.4273117386556936,-2.570174686448583,-3.474630260396202,-0.1572419698321125,0.0705814366851293,3.262823854885398,-0.3624241199597194,2.1176716263060613,-1.8770277439837908,-2.4160240746485058,-1.2905648116570674,0.0705814366851293,6.016073120639626,4.226595349112726,-3.263321390818392,1.5515683814932768,4.606042963079848,-3.172349695428325,-4.698402868496213,-2.4160240746485058,3.703510143380568,2.8103803043390454,5.3161210390158855,-2.4160240746485058,-2.7243252869108026,-0.6553555304782274,3.409192705441044,-2.696926327737695,3.550645406729103,-1.3242380222276855,-3.1297901172413822,-0.4847988262676995,0.2171849062466606,5.879299854824251,-2.5011818467076488,0.0482629144957986,5.327793769413461,-1.232670840688495,2.363613372933532,2.015763666275627,-0.8025131636891417,-2.0173850658013577,4.447800233984861,-2.5942722264132474,-0.9325662806455608,5.057601036886476,-2.282492733044372,2.642428688229095,1.7280815954419688,-1.2264402917142565,3.646906066501384,4.81526252181127,-3.0120071741775187,1.6187578254792865,-0.1424268846740883,0.2024135893627396,0.097383710166378,5.25093320442104,-2.247401425548368,-2.546644200112581,4.686760378855504,2.414735243476203,1.821330221885706,1.9764070217488323,-2.300511232053546,-1.8305077391714064,3.939799691702391,6.676033238971551,-2.10315186302393,2.905092218895948,2.715925022380718,-3.59979324648766,-2.479202949650705,5.072965431309516,1.7254892414470393,3.774709036523146,-0.5332931732661066,5.062525845396307,0.4743472977602136,1.4423393899487869,-2.670258094880277,1.7051673360691175,1.2995366546528968,-2.05934925315871,-2.4160240746485058,-1.3951897481274491,-1.7228770981701305,4.961173043636222,-2.318860363987738,6.375753135314473,-1.0503493047278714,5.1975725687591,-1.109347639159257,-2.6442826219722866,-2.247401425548368,1.7018505834651252,0.3953433568584252,-4.005257687930269,8.438823840403131,-0.6107512273028181
ERR260276,1,9.36799460262598,-2.2938772907370266,-0.779750030834349,-3.305477141810651,6.498584278937759,1.955915212614289,0.2710715072841334,6.067957826450661,-1.6960405627085509,-1.2905755657114666,-2.206865964252418,-1.1269461754726344,-1.257785750056933,0.0296975314356117,0.073245774152348,5.606837305877095,-2.845945426466464,8.450386299148688,-1.4209373526323827,-2.845945426466464,-1.0197006643067534,-1.820093167353388,-0.614235612695756,5.864299951917697,-3.017795486024929,7.764383517996774,1.722232097333574,2.464403473085004,-1.8985647519901203,-2.206865964252418,4.805699124026938,-2.4230889386225205,-1.7128476753752164,-0.4385272300011374,-1.3130484165130214,-2.3563976086177005,-1.3595684213254058,-1.3017488638127137,5.927943123106439,7.251587484393478,-0.3787393171231792,-1.6960405627085509,-1.983722524049264,-1.1952654061091577,0.2330621831232523,-1.5418899305003255,-2.2350368253461075,-0.3877079863015636,-1.486320094789526,0.4787108633211193,2.1009453068773905,3.713072190145843,-2.900012589257271,-2.794652184710438,1.6034928441439495,1.706266991003133,0.4576574549292186,-1.0197006643067534,-3.082333923829274,1.071325903159209,-1.1852150722758577,-2.5715088333960483,-0.591888316500872,-0.2809970406642954,7.002456668401207,-1.9402374310220465,1.3950015724680025,-0.3654353526768036,-1.9402374310220465,-2.4945478515191337,-0.5863786612970301,-0.553943389051007,-2.6993420958151173,0.8108446876388598,-2.029184877454196,1.8607347269489936,-2.206865964252418,-0.2220408781669574,0.0675477533623856,6.923137119852521,-2.957170937737817,-0.648721784802212,-1.96174362699232,0.4711062642250511,-0.954103392582305,-1.5418899305003255,1.5419837607455775,0.0531590167384433,4.600454362466798,-0.6604866249976674,0.6457649421567799,-2.206865964252418,-0.1699845200830137,-1.6315020624043062,-3.710941416587218,-1.6007304132072466,-1.4083585735900788,1.2760815289378749,-0.1699845200830137,3.721687810865765,-0.614235612695756,-2.052715363790198,-2.957170937737817,0.3602173528262724,0.5880407593435143,-0.502118326559298,0.1550352026986655,-1.6795112662218197,-1.3595684213254058,-1.8985647519901203,-0.7731054889986825,0.5880407593435143,5.426637573076531,-1.062997462560454,-2.745862068160007,2.0690277041516616,1.7581705314433516,-2.65489037276994,3.4685545854534405,-1.8985647519901203,5.894609187204287,1.4566951405668411,5.618445356391647,-1.8985647519901203,-2.206865964252418,-0.1378962078198425,-0.6723915260867022,-2.17946700507931,-0.4870804507023709,-0.8067786995693009,-2.6123307945829977,-0.6604866249976674,0.7346442289050455,-0.9620715609616408,-1.983722524049264,0.5657222371541837,-2.052715363790198,-0.71521151803011,-2.4230889386225205,6.360470416733991,-0.2850538410307567,6.049582205814001,7.893883654594924,-2.0768129037548624,-0.4151069579871759,6.158081582526315,-1.7650334103859868,1.9251840851729085,6.287910632437716,-0.7089809690558714,-0.429093198657795,-0.429093198657795,-2.4945478515191337,-3.017795486024929,0.3750324379842967,4.476981027754409,0.6148430328247628,8.347273814148693,-1.729942102889983,-2.029184877454196,-0.0635376455301544,-1.6472504144121296,-1.3017488638127137,2.493866344407217,-1.783051909395161,-1.3130484165130214,1.3324812164641853,6.750615375386429,-1.585692540365545,1.1488685071574234,-0.0832751270698729,-3.082333923829274,-1.96174362699232,-2.900012589257271,0.0817323875495131,6.9053034748460815,-0.0158338506077215,1.864057777684856,0.9918066204185984,-1.8391413550671916,-2.1527987722218924,0.5552509376523853,1.8169959773112816,-1.5418899305003255,-1.8985647519901203,-0.8777304254690644,-1.2054177755117454,2.8367377961080917,-1.801401041329353,6.19883629569927,6.56738629309736,4.609625933935972,-0.591888316500872,-2.1268232993139016,-1.729942102889983,2.2193099061235104,0.9128026795168104,-3.487798365271884,1.26578984307786,6.712215020436368
ERR275252,1,6.997168604717025,0.661789741577559,4.248284681652732,-4.09609987906907,4.494466015791611,1.1652924753558702,-0.5195512299742853,-1.6831682463177162,-2.4866632999669696,-2.0811983029698853,-2.9974887015108367,-1.917568912731053,3.583766118876089,5.82396448795351,-0.7173769631060706,3.868633514412238,-3.6365681637248826,-0.2042812136101162,-2.211560089890801,-3.6365681637248826,1.8848917057168653,-2.6107159046118067,2.977591812203051,-0.7145400819318288,-3.808418223283348,5.491704471376799,0.9316093600751554,1.6737807358265853,1.6846419752020143,4.871806265919488,-2.867435641013281,1.0772193400818744,0.0601740003279035,-1.229149967259556,3.3706026331485246,1.009843938267243,-2.1501911585838247,-2.0923716010711324,0.7929936763748635,6.868544464933114,3.929360337961365,-2.4866632999669696,-0.0385362061971001,-1.9858881433675764,-0.5575605541351663,-2.332512667758744,-3.0256595626045257,-1.1783307235599825,4.620652635011521,-0.3119118739372993,1.310322569618972,4.572065857586696,-3.6906353265156895,-3.585274921968857,0.8128701068855307,0.9156442537447144,-0.3329652823292,-1.810323401565172,-3.872956661087693,0.2807031659007903,4.013824916127999,-3.362131570654467,4.3214922808273775,0.7160828231882052,-2.0701484692253023,-2.730860168280465,0.6043788352095835,3.633560523626447,-2.730860168280465,-3.2851705887775524,-1.3770013985554488,1.3935246554901926,-3.489964833073536,4.125377401980873,-2.8198076147126145,1.070111989690575,-2.9974887015108367,-1.012663615425376,-0.7230749838960331,-0.240648856521228,-3.747793674996236,-1.439344522060631,-2.7523663642507388,-0.3195164730333676,-1.7447261298407235,-2.332512667758744,0.7513610234871589,-0.7374637205199754,0.1571443227702911,-1.4511093622560862,5.765417522066183,-2.9974887015108367,-0.9606072573414324,-2.422124799662725,2.928992227147163,2.136346474090569,7.315661984614174,2.728815456749395,-0.9606072573414324,5.744304202004243,-1.404858349954175,1.819201644904473,2.652462595796959,4.021409782826569,2.796709287553728,-1.2927410638177168,4.880371311775229,-2.470134003480238,1.962632169804336,2.4191048528740886,-1.563728226257101,4.705794284275417,7.292239053510697,5.168742794387466,-3.536484805418426,5.834944427818114,6.063125813883507,-3.445513110028359,-4.971566283096247,2.308300127077599,3.612758056060882,0.6660724033084224,4.17378346779524,-2.6891874892485395,-2.9974887015108367,2.608108542045109,6.7640634385012,-2.970089742337729,-1.2777031879607896,2.2059067460230453,-3.4029535318414164,-1.4511093622560862,-0.0559785083533731,-0.5455267151507028,2.577196424140344,4.525751916525532,-2.8433381010486167,-1.5058342552885289,2.917214230407982,3.353687285107247,-1.0756765782891755,2.901951372751335,4.8274230453400415,-2.867435641013281,-1.2057296952455947,5.427393694788503,-2.555656147644405,4.719713658419285,1.9754057128933245,-1.4996037063142902,0.8840745523319531,-1.2197159359162135,-3.2851705887775524,2.513247699679214,1.9826868333635608,5.160151839665428,-0.1757797044336558,6.215691521632698,-2.5205648401484018,2.5264131246627963,4.184398377242948,5.485342506947684,2.334155424926521,4.144635218576743,-2.57367464665358,-2.10367115377144,4.253146255226733,7.221374568816632,0.2921556593941035,0.3582457698990047,2.448050081632049,0.1036035571455789,-2.7523663642507388,5.418839469255214,-0.7088903497089055,5.4874447115894505,2.536558778495906,3.9265767212867817,5.130718946819727,4.574527784857198,-2.943421509480311,-0.2353717996060333,1.026373240052863,1.9081969634672544,1.2883935247000011,1.864474152637268,-1.996040512770164,2.0461150588496726,-2.592023778587772,-1.611194757057468,-1.323512719327905,6.359315185494174,-1.3825110537592908,-2.224299112422533,-2.5205648401484018,1.4286871688650915,0.1221799422583916,-4.278421102530302,0.4751671058194414,4.623950853965524
