sample_id,label,Cluster_2523,Cluster_4159,Cluster_1191,Cluster_3705,Cluster_2809,Cluster_3387,Cluster_4122,Cluster_889,Cluster_879,Cluster_651,Cluster_1579,Cluster_4389,Cluster_388,Cluster_324,Cluster_4361,Cluster_517,Cluster_2441,Cluster_40,Cluster_3152,Cluster_2299,Cluster_3850,Cluster_578,Cluster_4169,Cluster_622,Cluster_1379,Cluster_2289,Cluster_2733,Cluster_2853,Cluster_3526,Cluster_4079,Cluster_3551,Cluster_4058,Cluster_141,Cluster_2283,Cluster_1473,Cluster_3103,Cluster_3609,Cluster_15,Cluster_2624,Cluster_329,Cluster_2157,Cluster_610,Cluster_3618,Cluster_344,Cluster_3202,Cluster_3094,Cluster_3871,Cluster_620,Cluster_229,Cluster_1357,Cluster_3992,Cluster_4366,Cluster_1760,Cluster_3635,Cluster_30,Cluster_1824,Cluster_2821,Cluster_1268,Cluster_3771,Cluster_1833,Cluster_1798,Cluster_1590,Cluster_1960,Cluster_4249,Cluster_419,Cluster_3397,Cluster_2605,Cluster_4106,Cluster_3354,Cluster_987,Cluster_1967,Cluster_1463,Cluster_1825,Cluster_1430,Cluster_2386,Cluster_3123,Cluster_217,Cluster_3610,Cluster_3832,Cluster_348,Cluster_3073,Cluster_4267,Cluster_368,Cluster_3626,Cluster_178,Cluster_804,Cluster_2325,Cluster_3422,Cluster_2916,Cluster_1902,Cluster_1010,Cluster_2537,Cluster_1731,Cluster_3097,Cluster_2541,Cluster_3391,Cluster_1359,Cluster_1103,Cluster_2869,Cluster_1702,Cluster_4148,Cluster_1665,Cluster_640,Cluster_2037,Cluster_779,Cluster_29,Cluster_3063,Cluster_1580,Cluster_2608,Cluster_1651,Cluster_3733,Cluster_2064,Cluster_2609,Cluster_2833,Cluster_1416,Cluster_1133,Cluster_500,Cluster_1446,Cluster_49,Cluster_4264,Cluster_3176,Cluster_1551,Cluster_1418,Cluster_2410,Cluster_3969,Cluster_1295,Cluster_220,Cluster_1641,Cluster_2820,Cluster_2242,Cluster_286,Cluster_202,Cluster_1791,Cluster_809,Cluster_52,Cluster_2955,Cluster_1024,Cluster_566,Cluster_2963,Cluster_4146,Cluster_2,Cluster_3870,Cluster_3906,Cluster_3878,Cluster_1594,Cluster_129,Cluster_670,Cluster_3287,Cluster_897,Cluster_2946,Cluster_4201,Cluster_437,Cluster_2270,Cluster_4016,Cluster_2660,Cluster_3445,Cluster_2993,Cluster_970,Cluster_2973,Cluster_3570,Cluster_1422,Cluster_3062,Cluster_44,Cluster_3033,Cluster_3409,Cluster_159,Cluster_508,Cluster_3741,Cluster_2227,Cluster_191,Cluster_3528,Cluster_3881,Cluster_2565,Cluster_2075,Cluster_3086,Cluster_3450,Cluster_61,Cluster_3035,Cluster_1096,Cluster_2455,Cluster_3457,Cluster_4125,Cluster_3087,Cluster_4304,Cluster_2721,Cluster_3872,Cluster_4439,Cluster_2024,Cluster_3665,Cluster_2968,Cluster_584,Cluster_365,Cluster_1095,Cluster_168,Cluster_360,Cluster_2042,Cluster_80,Cluster_498,Cluster_1969,Cluster_3476
ERR260139,1,2.079441541679836,-0.6931471805599453,-0.6931471805599453,0.0,0.0,-0.6931471805599453,0.0,-0.6931471805599453,-0.6931471805599453,2.833213344056216,-0.6931471805599453,-0.6931471805599453,-0.6931471805599453,0.0,-0.6931471805599453,-0.6931471805599453,-0.6931471805599453,0.0,1.3862943611198906,-0.6931471805599453,2.197224577336219,2.302585092994045,0.6931471805599453,4.174387269895637,3.218875824868201,-0.6931471805599453,-0.6931471805599453,2.079441541679836,-0.6931471805599453,0.6931471805599453,0.0,1.9459101490553128,-0.6931471805599453,0.6931471805599453,-0.6931471805599453,2.4849066497880004,-0.6931471805599453,2.3978952727983707,-0.6931471805599453,-0.6931471805599453,-0.6931471805599453,0.0,-0.6931471805599453,-0.6931471805599453,-0.6931471805599453,0.6931471805599453,1.6094379124341005,-0.6931471805599453,-0.6931471805599453,3.8918202981106265,-0.6931471805599453,0.0,-0.6931471805599453,-0.6931471805599453,1.9459101490553128,-0.6931471805599453,-0.6931471805599453,-0.6931471805599453,2.5649493574615367,-0.6931471805599453,-0.6931471805599453,1.6094379124341005,0.0,-0.6931471805599453,-0.6931471805599453,0.6931471805599453,-0.6931471805599453,-0.6931471805599453,-0.6931471805599453,1.9459101490553128,-0.6931471805599453,1.9459101490553128,-0.6931471805599453,2.9444389791664403,-0.6931471805599453,-0.6931471805599453,-0.6931471805599453,-0.6931471805599453,-0.6931471805599453,-0.6931471805599453,-0.6931471805599453,-0.6931471805599453,0.6931471805599453,2.4849066497880004,-0.6931471805599453,-0.6931471805599453,-0.6931471805599453,-0.6931471805599453,-0.6931471805599453,-0.6931471805599453,2.079441541679836,-0.6931471805599453,-0.6931471805599453,-0.6931471805599453,-0.6931471805599453,2.079441541679836,-0.6931471805599453,-0.6931471805599453,-0.6931471805599453,-0.6931471805599453,-0.6931471805599453,-0.6931471805599453,-0.6931471805599453,-0.6931471805599453,1.9459101490553128,1.791759469228055,1.0986122886681096,0.6931471805599453,-0.6931471805599453,0.0,1.3862943611198906,-0.6931471805599453,-0.6931471805599453,-0.6931471805599453,-0.6931471805599453,0.6931471805599453,-0.6931471805599453,0.0,0.0,-0.6931471805599453,1.9459101490553128,-0.6931471805599453,-0.6931471805599453,1.0986122886681096,2.70805020110221,-0.6931471805599453,0.6931471805599453,0.6931471805599453,0.6931471805599453,-0.6931471805599453,-0.6931471805599453,0.6931471805599453,-0.6931471805599453,1.3862943611198906,1.9459101490553128,-0.6931471805599453,-0.6931471805599453,2.8903717578961645,-0.6931471805599453,0.0,1.0986122886681096,-0.6931471805599453,-0.6931471805599453,0.0,-0.6931471805599453,0.6931471805599453,-0.6931471805599453,1.791759469228055,1.791759469228055,4.23410650459726,-0.6931471805599453,-0.6931471805599453,-0.6931471805599453,0.0,-0.6931471805599453,-0.6931471805599453,-0.6931471805599453,0.0,-0.6931471805599453,-0.6931471805599453,-0.6931471805599453,0.0,-0.6931471805599453,-0.6931471805599453,-0.6931471805599453,2.995732273553991,-0.6931471805599453,2.8903717578961645,-0.6931471805599453,-0.6931471805599453,-0.6931471805599453,0.0,-0.6931471805599453,0.0,-0.6931471805599453,0.0,-0.6931471805599453,0.0,-0.6931471805599453,-0.6931471805599453,2.197224577336219,-0.6931471805599453,-0.6931471805599453,-0.6931471805599453,0.0,-0.6931471805599453,-0.6931471805599453,0.0,-0.6931471805599453,1.0986122886681096,-0.6931471805599453,-0.6931471805599453,1.3862943611198906,-0.6931471805599453,-0.6931471805599453,-0.6931471805599453,3.3672958299864737,-0.6931471805599453,0.0,3.526360524616161
ERR260140,1,2.8903717578961645,-0.6931471805599453,-0.6931471805599453,2.197224577336219,1.6094379124341005,-0.6931471805599453,-0.6931471805599453,0.0,-0.6931471805599453,3.1354942159291497,0.0,0.6931471805599453,-0.6931471805599453,-0.6931471805599453,-0.6931471805599453,-0.6931471805599453,2.197224577336219,-0.6931471805599453,-0.6931471805599453,-0.6931471805599453,2.4849066497880004,2.70805020110221,0.6931471805599453,4.23410650459726,3.555348061489413,-0.6931471805599453,-0.6931471805599453,1.6094379124341005,-0.6931471805599453,-0.6931471805599453,-0.6931471805599453,2.4849066497880004,-0.6931471805599453,-0.6931471805599453,-0.6931471805599453,2.8903717578961645,-0.6931471805599453,2.302585092994045,-0.6931471805599453,-0.6931471805599453,0.0,1.6094379124341005,1.9459101490553128,2.5649493574615367,0.0,1.0986122886681096,0.0,-0.6931471805599453,-0.6931471805599453,3.3672958299864737,-0.6931471805599453,1.0986122886681096,0.6931471805599453,-0.6931471805599453,2.079441541679836,-0.6931471805599453,-0.6931471805599453,-0.6931471805599453,3.1780538303479453,-0.6931471805599453,0.0,0.6931471805599453,-0.6931471805599453,1.3862943611198906,-0.6931471805599453,1.6094379124341005,0.0,-0.6931471805599453,-0.6931471805599453,1.0986122886681096,-0.6931471805599453,-0.6931471805599453,0.0,0.0,2.079441541679836,-0.6931471805599453,2.197224577336219,-0.6931471805599453,2.4849066497880004,-0.6931471805599453,-0.6931471805599453,-0.6931471805599453,-0.6931471805599453,-0.6931471805599453,-0.6931471805599453,-0.6931471805599453,1.3862943611198906,-0.6931471805599453,-0.6931471805599453,0.0,-0.6931471805599453,-0.6931471805599453,-0.6931471805599453,-0.6931471805599453,0.0,1.3862943611198906,-0.6931471805599453,-0.6931471805599453,-0.6931471805599453,-0.6931471805599453,-0.6931471805599453,-0.6931471805599453,-0.6931471805599453,0.0,2.4849066497880004,1.791759469228055,-0.6931471805599453,0.0,-0.6931471805599453,0.6931471805599453,2.5649493574615367,1.3862943611198906,2.4849066497880004,-0.6931471805599453,2.833213344056216,-0.6931471805599453,0.0,-0.6931471805599453,1.791759469228055,0.0,1.9459101490553128,-0.6931471805599453,-0.6931471805599453,-0.6931471805599453,1.9459101490553128,-0.6931471805599453,-0.6931471805599453,0.6931471805599453,0.0,0.0,0.0,1.3862943611198906,0.6931471805599453,0.0,1.6094379124341005,-0.6931471805599453,-0.6931471805599453,1.6094379124341005,-0.6931471805599453,3.091042453358316,0.6931471805599453,2.833213344056216,0.6931471805599453,0.6931471805599453,0.0,-0.6931471805599453,0.0,0.6931471805599453,0.0,2.995732273553991,-0.6931471805599453,-0.6931471805599453,-0.6931471805599453,-0.6931471805599453,-0.6931471805599453,-0.6931471805599453,-0.6931471805599453,-0.6931471805599453,-0.6931471805599453,-0.6931471805599453,-0.6931471805599453,2.079441541679836,2.833213344056216,-0.6931471805599453,-0.6931471805599453,1.3862943611198906,3.555348061489413,-0.6931471805599453,-0.6931471805599453,-0.6931471805599453,-0.6931471805599453,-0.6931471805599453,-0.6931471805599453,1.3862943611198906,2.3978952727983707,-0.6931471805599453,0.0,-0.6931471805599453,2.9444389791664403,-0.6931471805599453,-0.6931471805599453,-0.6931471805599453,-0.6931471805599453,2.8903717578961645,1.3862943611198906,-0.6931471805599453,0.0,-0.6931471805599453,-0.6931471805599453,0.0,-0.6931471805599453,-0.6931471805599453,1.791759469228055,-0.6931471805599453,0.0,-0.6931471805599453,2.302585092994045,1.0986122886681096,1.3862943611198906,3.80666248977032
ERR260144,1,1.6094379124341005,-0.6931471805599453,-0.6931471805599453,-0.6931471805599453,-0.6931471805599453,-0.6931471805599453,-0.6931471805599453,-0.6931471805599453,0.0,2.302585092994045,0.0,-0.6931471805599453,-0.6931471805599453,0.0,0.0,-0.6931471805599453,0.6931471805599453,-0.6931471805599453,-0.6931471805599453,-0.6931471805599453,2.197224577336219,1.3862943611198906,1.3862943611198906,2.833213344056216,2.5649493574615367,-0.6931471805599453,0.0,0.6931471805599453,-0.6931471805599453,0.6931471805599453,-0.6931471805599453,0.6931471805599453,0.0,1.0986122886681096,0.0,2.302585092994045,1.0986122886681096,0.6931471805599453,0.0,0.6931471805599453,-0.6931471805599453,0.6931471805599453,0.6931471805599453,-0.6931471805599453,-0.6931471805599453,0.6931471805599453,0.0,0.6931471805599453,-0.6931471805599453,4.343805421853684,-0.6931471805599453,-0.6931471805599453,-0.6931471805599453,-0.6931471805599453,1.791759469228055,-0.6931471805599453,-0.6931471805599453,-0.6931471805599453,1.0986122886681096,-0.6931471805599453,-0.6931471805599453,1.3862943611198906,-0.6931471805599453,0.6931471805599453,-0.6931471805599453,0.0,-0.6931471805599453,-0.6931471805599453,-0.6931471805599453,1.791759469228055,-0.6931471805599453,0.0,-0.6931471805599453,1.9459101490553128,1.0986122886681096,0.6931471805599453,-0.6931471805599453,0.0,-0.6931471805599453,-0.6931471805599453,0.6931471805599453,-0.6931471805599453,1.3862943611198906,0.0,-0.6931471805599453,-0.6931471805599453,0.0,2.302585092994045,-0.6931471805599453,-0.6931471805599453,-0.6931471805599453,0.0,-0.6931471805599453,-0.6931471805599453,-0.6931471805599453,2.079441541679836,-0.6931471805599453,0.0,0.6931471805599453,-0.6931471805599453,-0.6931471805599453,-0.6931471805599453,-0.6931471805599453,1.6094379124341005,-0.6931471805599453,0.6931471805599453,0.0,2.6390573296152584,-0.6931471805599453,-0.6931471805599453,0.6931471805599453,0.0,-0.6931471805599453,0.0,-0.6931471805599453,1.9459101490553128,-0.6931471805599453,1.3862943611198906,0.0,1.0986122886681096,1.3862943611198906,-0.6931471805599453,-0.6931471805599453,1.0986122886681096,2.4849066497880004,-0.6931471805599453,1.9459101490553128,-0.6931471805599453,0.0,-0.6931471805599453,-0.6931471805599453,0.0,0.0,2.4849066497880004,-0.6931471805599453,-0.6931471805599453,0.0,1.9459101490553128,-0.6931471805599453,-0.6931471805599453,-0.6931471805599453,-0.6931471805599453,-0.6931471805599453,2.197224577336219,0.0,0.0,-0.6931471805599453,0.6931471805599453,0.0,4.304065093204169,0.6931471805599453,-0.6931471805599453,-0.6931471805599453,-0.6931471805599453,-0.6931471805599453,-0.6931471805599453,-0.6931471805599453,-0.6931471805599453,-0.6931471805599453,-0.6931471805599453,-0.6931471805599453,1.3862943611198906,0.6931471805599453,-0.6931471805599453,0.6931471805599453,3.218875824868201,-0.6931471805599453,2.3978952727983707,-0.6931471805599453,-0.6931471805599453,-0.6931471805599453,1.3862943611198906,-0.6931471805599453,1.9459101490553128,-0.6931471805599453,-0.6931471805599453,1.791759469228055,-0.6931471805599453,-0.6931471805599453,0.0,1.791759469228055,-0.6931471805599453,1.9459101490553128,-0.6931471805599453,1.6094379124341005,-0.6931471805599453,0.0,0.0,0.0,2.197224577336219,-0.6931471805599453,0.6931471805599453,1.0986122886681096,0.0,1.791759469228055,1.6094379124341005,3.2580965380214817,-0.6931471805599453,1.9459101490553128,4.07753744390572
ERR260147,0,-0.6931471805599453,0.0,-0.6931471805599453,0.0,0.6931471805599453,1.0986122886681096,-0.6931471805599453,-0.6931471805599453,-0.6931471805599453,-0.6931471805599453,-0.6931471805599453,-0.6931471805599453,-0.6931471805599453,0.6931471805599453,-0.6931471805599453,0.6931471805599453,1.3862943611198906,-0.6931471805599453,1.3862943611198906,-0.6931471805599453,-0.6931471805599453,-0.6931471805599453,-0.6931471805599453,0.0,1.3862943611198906,-0.6931471805599453,-0.6931471805599453,-0.6931471805599453,0.0,1.0986122886681096,0.6931471805599453,-0.6931471805599453,-0.6931471805599453,-0.6931471805599453,-0.6931471805599453,0.6931471805599453,1.791759469228055,-0.6931471805599453,0.0,0.0,-0.6931471805599453,1.0986122886681096,1.3862943611198906,-0.6931471805599453,-0.6931471805599453,0.0,-0.6931471805599453,-0.6931471805599453,-0.6931471805599453,2.5649493574615367,-0.6931471805599453,1.0986122886681096,-0.6931471805599453,0.0,-0.6931471805599453,-0.6931471805599453,-0.6931471805599453,-0.6931471805599453,0.0,0.0,-0.6931471805599453,0.0,0.0,-0.6931471805599453,-0.6931471805599453,1.791759469228055,0.0,-0.6931471805599453,-0.6931471805599453,1.3862943611198906,-0.6931471805599453,-0.6931471805599453,-0.6931471805599453,0.6931471805599453,1.3862943611198906,-0.6931471805599453,1.791759469228055,1.6094379124341005,0.0,-0.6931471805599453,0.0,1.0986122886681096,-0.6931471805599453,-0.6931471805599453,3.49650756146648,-0.6931471805599453,-0.6931471805599453,2.197224577336219,-0.6931471805599453,-0.6931471805599453,-0.6931471805599453,0.0,-0.6931471805599453,-0.6931471805599453,-0.6931471805599453,2.079441541679836,-0.6931471805599453,-0.6931471805599453,-0.6931471805599453,-0.6931471805599453,-0.6931471805599453,-0.6931471805599453,-0.6931471805599453,1.0986122886681096,-0.6931471805599453,-0.6931471805599453,-0.6931471805599453,1.9459101490553128,1.0986122886681096,-0.6931471805599453,1.6094379124341005,0.6931471805599453,1.6094379124341005,-0.6931471805599453,-0.6931471805599453,0.0,-0.6931471805599453,-0.6931471805599453,0.0,1.6094379124341005,1.6094379124341005,-0.6931471805599453,-0.6931471805599453,0.0,-0.6931471805599453,-0.6931471805599453,0.0,-0.6931471805599453,2.079441541679836,0.6931471805599453,-0.6931471805599453,0.0,-0.6931471805599453,2.197224577336219,0.6931471805599453,-0.6931471805599453,-0.6931471805599453,0.6931471805599453,-0.6931471805599453,0.6931471805599453,-0.6931471805599453,0.0,-0.6931471805599453,0.0,-0.6931471805599453,-0.6931471805599453,-0.6931471805599453,-0.6931471805599453,1.791759469228055,3.58351893845611,-0.6931471805599453,-0.6931471805599453,-0.6931471805599453,0.0,-0.6931471805599453,0.0,-0.6931471805599453,-0.6931471805599453,-0.6931471805599453,-0.6931471805599453,-0.6931471805599453,-0.6931471805599453,1.6094379124341005,-0.6931471805599453,0.6931471805599453,-0.6931471805599453,-0.6931471805599453,-0.6931471805599453,-0.6931471805599453,3.737669618283368,-0.6931471805599453,1.0986122886681096,-0.6931471805599453,2.197224577336219,1.0986122886681096,2.5649493574615367,0.0,-0.6931471805599453,-0.6931471805599453,-0.6931471805599453,2.70805020110221,0.0,-0.6931471805599453,2.302585092994045,1.6094379124341005,-0.6931471805599453,1.0986122886681096,0.0,-0.6931471805599453,2.6390573296152584,-0.6931471805599453,0.0,0.6931471805599453,0.0,-0.6931471805599453,1.6094379124341005,0.0,-0.6931471805599453,1.0986122886681096,3.1780538303479453
ERR260149,1,1.3862943611198906,-0.6931471805599453,0.6931471805599453,-0.6931471805599453,1.6094379124341005,2.197224577336219,0.0,-0.6931471805599453,-0.6931471805599453,2.772588722239781,0.0,-0.6931471805599453,-0.6931471805599453,-0.6931471805599453,0.6931471805599453,-0.6931471805599453,2.197224577336219,2.197224577336219,-0.6931471805599453,-0.6931471805599453,1.9459101490553128,1.9459101490553128,0.6931471805599453,2.197224577336219,2.8903717578961645,-0.6931471805599453,-0.6931471805599453,2.197224577336219,0.0,2.197224577336219,1.3862943611198906,0.6931471805599453,-0.6931471805599453,-0.6931471805599453,0.0,2.3978952727983707,2.197224577336219,1.0986122886681096,-0.6931471805599453,-0.6931471805599453,1.9459101490553128,2.9444389791664403,3.1780538303479453,-0.6931471805599453,2.302585092994045,0.6931471805599453,-0.6931471805599453,-0.6931471805599453,3.1354942159291497,2.995732273553991,-0.6931471805599453,0.6931471805599453,-0.6931471805599453,-0.6931471805599453,1.0986122886681096,-0.6931471805599453,-0.6931471805599453,-0.6931471805599453,2.197224577336219,-0.6931471805599453,-0.6931471805599453,-0.6931471805599453,-0.6931471805599453,-0.6931471805599453,0.0,2.079441541679836,-0.6931471805599453,0.0,0.0,1.9459101490553128,1.3862943611198906,-0.6931471805599453,0.0,0.6931471805599453,1.0986122886681096,-0.6931471805599453,-0.6931471805599453,-0.6931471805599453,2.6390573296152584,-0.6931471805599453,0.6931471805599453,-0.6931471805599453,-0.6931471805599453,-0.6931471805599453,1.0986122886681096,-0.6931471805599453,0.0,-0.6931471805599453,0.0,-0.6931471805599453,-0.6931471805599453,-0.6931471805599453,-0.6931471805599453,-0.6931471805599453,-0.6931471805599453,2.197224577336219,-0.6931471805599453,-0.6931471805599453,-0.6931471805599453,-0.6931471805599453,-0.6931471805599453,-0.6931471805599453,-0.6931471805599453,-0.6931471805599453,1.0986122886681096,2.079441541679836,1.9459101490553128,1.0986122886681096,0.0,-0.6931471805599453,0.6931471805599453,1.6094379124341005,-0.6931471805599453,-0.6931471805599453,-0.6931471805599453,0.0,0.6931471805599453,-0.6931471805599453,3.091042453358316,0.0,2.995732273553991,-0.6931471805599453,-0.6931471805599453,-0.6931471805599453,1.6094379124341005,-0.6931471805599453,-0.6931471805599453,-0.6931471805599453,0.6931471805599453,1.6094379124341005,0.6931471805599453,-0.6931471805599453,-0.6931471805599453,3.091042453358316,-0.6931471805599453,-0.6931471805599453,-0.6931471805599453,2.079441541679836,-0.6931471805599453,3.58351893845611,0.6931471805599453,2.9444389791664403,-0.6931471805599453,2.70805020110221,-0.6931471805599453,1.9459101490553128,-0.6931471805599453,-0.6931471805599453,-0.6931471805599453,4.356708826689592,1.0986122886681096,-0.6931471805599453,-0.6931471805599453,-0.6931471805599453,-0.6931471805599453,-0.6931471805599453,-0.6931471805599453,-0.6931471805599453,-0.6931471805599453,-0.6931471805599453,-0.6931471805599453,-0.6931471805599453,-0.6931471805599453,0.0,1.3862943611198906,1.9459101490553128,3.80666248977032,1.0986122886681096,-0.6931471805599453,-0.6931471805599453,0.6931471805599453,0.6931471805599453,-0.6931471805599453,-0.6931471805599453,2.70805020110221,-0.6931471805599453,3.091042453358316,-0.6931471805599453,0.0,1.3862943611198906,1.0986122886681096,1.3862943611198906,0.6931471805599453,-0.6931471805599453,3.091042453358316,-0.6931471805599453,0.6931471805599453,-0.6931471805599453,1.9459101490553128,2.70805020110221,-0.6931471805599453,0.0,1.3862943611198906,-0.6931471805599453,-0.6931471805599453,1.0986122886681096,2.302585092994045,-0.6931471805599453,2.6390573296152584,4.060443010546419
ERR260151,1,1.0986122886681096,1.791759469228055,-0.6931471805599453,-0.6931471805599453,1.0986122886681096,-0.6931471805599453,-0.6931471805599453,-0.6931471805599453,-0.6931471805599453,0.0,0.0,0.6931471805599453,-0.6931471805599453,1.791759469228055,0.0,-0.6931471805599453,1.0986122886681096,0.0,-0.6931471805599453,-0.6931471805599453,1.0986122886681096,-0.6931471805599453,-0.6931471805599453,-0.6931471805599453,2.197224577336219,-0.6931471805599453,-0.6931471805599453,0.6931471805599453,-0.6931471805599453,1.0986122886681096,0.6931471805599453,-0.6931471805599453,-0.6931471805599453,0.0,0.0,1.6094379124341005,-0.6931471805599453,0.6931471805599453,-0.6931471805599453,0.6931471805599453,-0.6931471805599453,1.3862943611198906,0.6931471805599453,-0.6931471805599453,1.6094379124341005,-0.6931471805599453,-0.6931471805599453,0.6931471805599453,-0.6931471805599453,2.9444389791664403,-0.6931471805599453,0.0,-0.6931471805599453,-0.6931471805599453,-0.6931471805599453,1.6094379124341005,-0.6931471805599453,-0.6931471805599453,-0.6931471805599453,-0.6931471805599453,-0.6931471805599453,0.0,0.0,1.0986122886681096,-0.6931471805599453,-0.6931471805599453,-0.6931471805599453,0.0,2.9444389791664403,1.6094379124341005,-0.6931471805599453,0.0,-0.6931471805599453,2.079441541679836,-0.6931471805599453,-0.6931471805599453,0.6931471805599453,1.0986122886681096,-0.6931471805599453,-0.6931471805599453,0.0,-0.6931471805599453,1.6094379124341005,-0.6931471805599453,-0.6931471805599453,-0.6931471805599453,-0.6931471805599453,2.833213344056216,-0.6931471805599453,-0.6931471805599453,-0.6931471805599453,0.6931471805599453,-0.6931471805599453,0.0,-0.6931471805599453,1.0986122886681096,-0.6931471805599453,-0.6931471805599453,0.0,0.6931471805599453,-0.6931471805599453,2.6390573296152584,1.0986122886681096,-0.6931471805599453,-0.6931471805599453,-0.6931471805599453,-0.6931471805599453,0.0,1.3862943611198906,-0.6931471805599453,0.0,-0.6931471805599453,0.0,0.0,-0.6931471805599453,-0.6931471805599453,-0.6931471805599453,-0.6931471805599453,0.0,0.0,1.0986122886681096,-0.6931471805599453,-0.6931471805599453,-0.6931471805599453,-0.6931471805599453,-0.6931471805599453,0.6931471805599453,0.0,1.0986122886681096,0.0,0.0,0.0,-0.6931471805599453,2.6390573296152584,-0.6931471805599453,0.0,-0.6931471805599453,1.9459101490553128,-0.6931471805599453,0.0,-0.6931471805599453,1.0986122886681096,-0.6931471805599453,0.6931471805599453,-0.6931471805599453,0.6931471805599453,0.0,-0.6931471805599453,-0.6931471805599453,3.4339872044851463,-0.6931471805599453,3.1354942159291497,-0.6931471805599453,-0.6931471805599453,0.0,1.0986122886681096,-0.6931471805599453,-0.6931471805599453,-0.6931471805599453,-0.6931471805599453,-0.6931471805599453,-0.6931471805599453,-0.6931471805599453,-0.6931471805599453,0.6931471805599453,0.0,-0.6931471805599453,0.0,-0.6931471805599453,-0.6931471805599453,-0.6931471805599453,0.6931471805599453,-0.6931471805599453,-0.6931471805599453,-0.6931471805599453,-0.6931471805599453,1.3862943611198906,-0.6931471805599453,1.3862943611198906,0.0,0.0,-0.6931471805599453,1.0986122886681096,0.0,1.3862943611198906,-0.6931471805599453,-0.6931471805599453,-0.6931471805599453,0.0,3.091042453358316,-0.6931471805599453,-0.6931471805599453,-0.6931471805599453,-0.6931471805599453,0.6931471805599453,1.9459101490553128,0.0,-0.6931471805599453,1.3862943611198906,3.80666248977032
ERR260152,1,1.0986122886681096,-0.6931471805599453,-0.6931471805599453,2.079441541679836,-0.6931471805599453,0.0,0.0,-0.6931471805599453,-0.6931471805599453,2.3978952727983707,-0.6931471805599453,-0.6931471805599453,-0.6931471805599453,1.0986122886681096,0.6931471805599453,-0.6931471805599453,0.0,-0.6931471805599453,-0.6931471805599453,-0.6931471805599453,1.791759469228055,-0.6931471805599453,1.6094379124341005,1.9459101490553128,2.833213344056216,-0.6931471805599453,-0.6931471805599453,1.0986122886681096,-0.6931471805599453,0.0,-0.6931471805599453,0.0,-0.6931471805599453,0.6931471805599453,0.0,2.4849066497880004,-0.6931471805599453,1.6094379124341005,-0.6931471805599453,-0.6931471805599453,0.0,-0.6931471805599453,0.6931471805599453,-0.6931471805599453,-0.6931471805599453,0.6931471805599453,-0.6931471805599453,1.3862943611198906,-0.6931471805599453,3.737669618283368,-0.6931471805599453,0.6931471805599453,-0.6931471805599453,-0.6931471805599453,1.791759469228055,-0.6931471805599453,-0.6931471805599453,-0.6931471805599453,1.6094379124341005,1.3862943611198906,-0.6931471805599453,1.791759469228055,0.6931471805599453,-0.6931471805599453,-0.6931471805599453,1.6094379124341005,-0.6931471805599453,-0.6931471805599453,1.6094379124341005,1.9459101490553128,-0.6931471805599453,0.0,-0.6931471805599453,2.4849066497880004,-0.6931471805599453,-0.6931471805599453,0.0,-0.6931471805599453,-0.6931471805599453,0.0,2.079441541679836,-0.6931471805599453,2.197224577336219,-0.6931471805599453,-0.6931471805599453,-0.6931471805599453,-0.6931471805599453,-0.6931471805599453,-0.6931471805599453,-0.6931471805599453,0.0,-0.6931471805599453,-0.6931471805599453,1.3862943611198906,-0.6931471805599453,0.6931471805599453,-0.6931471805599453,-0.6931471805599453,-0.6931471805599453,-0.6931471805599453,-0.6931471805599453,1.3862943611198906,-0.6931471805599453,0.6931471805599453,-0.6931471805599453,-0.6931471805599453,0.6931471805599453,-0.6931471805599453,-0.6931471805599453,-0.6931471805599453,2.079441541679836,-0.6931471805599453,0.6931471805599453,-0.6931471805599453,-0.6931471805599453,2.5649493574615367,0.0,1.3862943611198906,0.0,0.6931471805599453,1.791759469228055,-0.6931471805599453,0.0,1.3862943611198906,1.0986122886681096,-0.6931471805599453,1.791759469228055,0.6931471805599453,-0.6931471805599453,1.0986122886681096,-0.6931471805599453,-0.6931471805599453,-0.6931471805599453,1.791759469228055,-0.6931471805599453,2.079441541679836,-0.6931471805599453,0.6931471805599453,-0.6931471805599453,0.0,0.0,-0.6931471805599453,-0.6931471805599453,2.995732273553991,-0.6931471805599453,-0.6931471805599453,-0.6931471805599453,0.6931471805599453,1.791759469228055,3.555348061489413,1.3862943611198906,-0.6931471805599453,-0.6931471805599453,1.0986122886681096,-0.6931471805599453,-0.6931471805599453,-0.6931471805599453,-0.6931471805599453,-0.6931471805599453,-0.6931471805599453,-0.6931471805599453,0.6931471805599453,0.6931471805599453,-0.6931471805599453,-0.6931471805599453,-0.6931471805599453,-0.6931471805599453,1.9459101490553128,-0.6931471805599453,-0.6931471805599453,-0.6931471805599453,1.3862943611198906,-0.6931471805599453,-0.6931471805599453,-0.6931471805599453,1.6094379124341005,1.6094379124341005,0.6931471805599453,3.1354942159291497,0.0,0.6931471805599453,0.0,-0.6931471805599453,-0.6931471805599453,2.5649493574615367,-0.6931471805599453,-0.6931471805599453,-0.6931471805599453,-0.6931471805599453,1.3862943611198906,-0.6931471805599453,0.0,0.0,-0.6931471805599453,1.0986122886681096,0.0,2.3978952727983707,-0.6931471805599453,2.6390573296152584,3.713572066704308
ERR260153,0,-0.6931471805599453,-0.6931471805599453,-0.6931471805599453,-0.6931471805599453,1.3862943611198906,1.0986122886681096,-0.6931471805599453,-0.6931471805599453,1.3862943611198906,2.079441541679836,-0.6931471805599453,-0.6931471805599453,1.0986122886681096,0.0,0.0,0.0,1.9459101490553128,0.0,-0.6931471805599453,-0.6931471805599453,-0.6931471805599453,-0.6931471805599453,-0.6931471805599453,0.6931471805599453,2.772588722239781,-0.6931471805599453,-0.6931471805599453,-0.6931471805599453,-0.6931471805599453,2.079441541679836,-0.6931471805599453,-0.6931471805599453,-0.6931471805599453,0.6931471805599453,0.6931471805599453,1.3862943611198906,1.9459101490553128,0.0,-0.6931471805599453,0.6931471805599453,-0.6931471805599453,1.3862943611198906,1.0986122886681096,-0.6931471805599453,1.6094379124341005,-0.6931471805599453,1.3862943611198906,1.0986122886681096,1.0986122886681096,3.4011973816621555,-0.6931471805599453,-0.6931471805599453,-0.6931471805599453,-0.6931471805599453,-0.6931471805599453,-0.6931471805599453,-0.6931471805599453,-0.6931471805599453,-0.6931471805599453,-0.6931471805599453,-0.6931471805599453,1.3862943611198906,-0.6931471805599453,-0.6931471805599453,1.791759469228055,-0.6931471805599453,-0.6931471805599453,-0.6931471805599453,-0.6931471805599453,1.3862943611198906,-0.6931471805599453,1.0986122886681096,-0.6931471805599453,1.6094379124341005,0.6931471805599453,-0.6931471805599453,-0.6931471805599453,0.0,0.6931471805599453,-0.6931471805599453,1.0986122886681096,1.6094379124341005,1.3862943611198906,-0.6931471805599453,2.3978952727983707,-0.6931471805599453,0.0,0.6931471805599453,0.6931471805599453,-0.6931471805599453,-0.6931471805599453,-0.6931471805599453,-0.6931471805599453,-0.6931471805599453,-0.6931471805599453,1.0986122886681096,-0.6931471805599453,-0.6931471805599453,-0.6931471805599453,0.0,-0.6931471805599453,-0.6931471805599453,-0.6931471805599453,0.6931471805599453,-0.6931471805599453,-0.6931471805599453,1.0986122886681096,1.9459101490553128,1.0986122886681096,-0.6931471805599453,0.6931471805599453,0.6931471805599453,0.6931471805599453,-0.6931471805599453,-0.6931471805599453,0.0,1.9459101490553128,0.0,1.6094379124341005,0.6931471805599453,1.6094379124341005,-0.6931471805599453,-0.6931471805599453,-0.6931471805599453,0.6931471805599453,-0.6931471805599453,0.0,0.0,-0.6931471805599453,3.044522437723423,-0.6931471805599453,0.6931471805599453,-0.6931471805599453,1.6094379124341005,-0.6931471805599453,-0.6931471805599453,-0.6931471805599453,2.302585092994045,0.0,1.791759469228055,0.6931471805599453,1.9459101490553128,0.6931471805599453,0.6931471805599453,-0.6931471805599453,2.302585092994045,-0.6931471805599453,1.3862943611198906,1.6094379124341005,3.988984046564274,-0.6931471805599453,-0.6931471805599453,-0.6931471805599453,0.0,-0.6931471805599453,-0.6931471805599453,-0.6931471805599453,-0.6931471805599453,-0.6931471805599453,-0.6931471805599453,-0.6931471805599453,0.0,-0.6931471805599453,-0.6931471805599453,-0.6931471805599453,0.6931471805599453,0.0,0.0,-0.6931471805599453,-0.6931471805599453,-0.6931471805599453,-0.6931471805599453,-0.6931471805599453,-0.6931471805599453,-0.6931471805599453,0.0,0.6931471805599453,0.0,-0.6931471805599453,0.0,1.3862943611198906,-0.6931471805599453,1.3862943611198906,-0.6931471805599453,2.079441541679836,-0.6931471805599453,1.0986122886681096,1.0986122886681096,-0.6931471805599453,2.197224577336219,-0.6931471805599453,0.0,2.772588722239781,-0.6931471805599453,2.197224577336219,1.0986122886681096,1.9459101490553128,0.0,1.791759469228055,3.6635616461296463
ERR260155,1,1.3862943611198906,-0.6931471805599453,-0.6931471805599453,1.3862943611198906,0.6931471805599453,1.3862943611198906,-0.6931471805599453,-0.6931471805599453,-0.6931471805599453,2.6390573296152584,-0.6931471805599453,-0.6931471805599453,-0.6931471805599453,0.0,0.0,-0.6931471805599453,0.6931471805599453,1.791759469228055,-0.6931471805599453,-0.6931471805599453,0.0,0.6931471805599453,1.0986122886681096,3.4657359027997265,3.4011973816621555,-0.6931471805599453,-0.6931471805599453,1.3862943611198906,-0.6931471805599453,1.0986122886681096,2.6390573296152584,1.0986122886681096,-0.6931471805599453,-0.6931471805599453,-0.6931471805599453,1.9459101490553128,-0.6931471805599453,1.6094379124341005,-0.6931471805599453,0.6931471805599453,1.3862943611198906,1.791759469228055,2.4849066497880004,-0.6931471805599453,2.833213344056216,0.6931471805599453,1.0986122886681096,-0.6931471805599453,1.791759469228055,3.610917912644224,-0.6931471805599453,2.079441541679836,-0.6931471805599453,-0.6931471805599453,2.3978952727983707,-0.6931471805599453,-0.6931471805599453,-0.6931471805599453,1.3862943611198906,-0.6931471805599453,-0.6931471805599453,1.0986122886681096,0.0,-0.6931471805599453,-0.6931471805599453,2.4849066497880004,-0.6931471805599453,0.6931471805599453,0.6931471805599453,1.9459101490553128,-0.6931471805599453,1.3862943611198906,0.0,1.0986122886681096,0.0,-0.6931471805599453,-0.6931471805599453,-0.6931471805599453,-0.6931471805599453,-0.6931471805599453,1.3862943611198906,-0.6931471805599453,2.4849066497880004,-0.6931471805599453,1.0986122886681096,0.0,0.0,2.3978952727983707,0.0,-0.6931471805599453,-0.6931471805599453,-0.6931471805599453,-0.6931471805599453,0.0,-0.6931471805599453,2.197224577336219,-0.6931471805599453,-0.6931471805599453,-0.6931471805599453,-0.6931471805599453,-0.6931471805599453,-0.6931471805599453,-0.6931471805599453,0.0,0.6931471805599453,-0.6931471805599453,0.0,1.0986122886681096,-0.6931471805599453,0.0,2.3978952727983707,-0.6931471805599453,-0.6931471805599453,-0.6931471805599453,-0.6931471805599453,1.9459101490553128,-0.6931471805599453,2.833213344056216,0.0,0.0,0.6931471805599453,-0.6931471805599453,-0.6931471805599453,-0.6931471805599453,1.3862943611198906,1.0986122886681096,-0.6931471805599453,0.0,0.0,1.6094379124341005,-0.6931471805599453,-0.6931471805599453,0.6931471805599453,1.791759469228055,0.0,0.0,0.0,1.791759469228055,-0.6931471805599453,-0.6931471805599453,-0.6931471805599453,-0.6931471805599453,0.0,1.9459101490553128,-0.6931471805599453,0.6931471805599453,-0.6931471805599453,0.6931471805599453,0.6931471805599453,4.127134385045092,0.0,0.6931471805599453,-0.6931471805599453,0.6931471805599453,-0.6931471805599453,-0.6931471805599453,-0.6931471805599453,-0.6931471805599453,-0.6931471805599453,-0.6931471805599453,-0.6931471805599453,-0.6931471805599453,-0.6931471805599453,-0.6931471805599453,-0.6931471805599453,-0.6931471805599453,-0.6931471805599453,-0.6931471805599453,-0.6931471805599453,0.0,-0.6931471805599453,1.6094379124341005,-0.6931471805599453,2.079441541679836,-0.6931471805599453,0.0,1.3862943611198906,-0.6931471805599453,-0.6931471805599453,-0.6931471805599453,0.0,0.6931471805599453,0.6931471805599453,-0.6931471805599453,1.791759469228055,-0.6931471805599453,0.0,0.0,-0.6931471805599453,0.0,-0.6931471805599453,1.0986122886681096,2.197224577336219,-0.6931471805599453,-0.6931471805599453,0.0,0.0,0.6931471805599453,1.9459101490553128,3.9702919135521215
ERR260159,1,1.3862943611198906,-0.6931471805599453,-0.6931471805599453,0.6931471805599453,2.4849066497880004,-0.6931471805599453,-0.6931471805599453,-0.6931471805599453,-0.6931471805599453,2.4849066497880004,-0.6931471805599453,-0.6931471805599453,0.0,-0.6931471805599453,-0.6931471805599453,1.3862943611198906,2.772588722239781,1.3862943611198906,-0.6931471805599453,-0.6931471805599453,1.3862943611198906,0.6931471805599453,0.6931471805599453,2.197224577336219,2.6390573296152584,-0.6931471805599453,-0.6931471805599453,0.0,-0.6931471805599453,1.0986122886681096,-0.6931471805599453,1.0986122886681096,-0.6931471805599453,0.0,1.791759469228055,1.3862943611198906,2.5649493574615367,1.0986122886681096,-0.6931471805599453,-0.6931471805599453,0.0,1.791759469228055,1.9459101490553128,1.6094379124341005,1.791759469228055,1.791759469228055,1.0986122886681096,-0.6931471805599453,-0.6931471805599453,3.80666248977032,0.6931471805599453,1.0986122886681096,0.6931471805599453,0.6931471805599453,1.6094379124341005,-0.6931471805599453,0.0,-0.6931471805599453,1.791759469228055,-0.6931471805599453,-0.6931471805599453,-0.6931471805599453,-0.6931471805599453,-0.6931471805599453,-0.6931471805599453,1.791759469228055,-0.6931471805599453,-0.6931471805599453,-0.6931471805599453,0.6931471805599453,-0.6931471805599453,-0.6931471805599453,-0.6931471805599453,-0.6931471805599453,-0.6931471805599453,0.0,1.3862943611198906,-0.6931471805599453,1.791759469228055,-0.6931471805599453,0.0,-0.6931471805599453,2.079441541679836,-0.6931471805599453,-0.6931471805599453,-0.6931471805599453,0.6931471805599453,-0.6931471805599453,-0.6931471805599453,-0.6931471805599453,1.6094379124341005,-0.6931471805599453,-0.6931471805599453,-0.6931471805599453,0.0,-0.6931471805599453,-0.6931471805599453,-0.6931471805599453,-0.6931471805599453,-0.6931471805599453,-0.6931471805599453,-0.6931471805599453,-0.6931471805599453,0.0,1.6094379124341005,-0.6931471805599453,0.0,2.079441541679836,1.0986122886681096,-0.6931471805599453,1.3862943611198906,1.0986122886681096,2.5649493574615367,-0.6931471805599453,-0.6931471805599453,-0.6931471805599453,3.1354942159291497,-0.6931471805599453,1.0986122886681096,1.791759469228055,2.197224577336219,-0.6931471805599453,-0.6931471805599453,0.6931471805599453,1.6094379124341005,1.9459101490553128,-0.6931471805599453,1.0986122886681096,0.6931471805599453,1.791759469228055,-0.6931471805599453,1.9459101490553128,-0.6931471805599453,1.791759469228055,-0.6931471805599453,-0.6931471805599453,-0.6931471805599453,1.3862943611198906,-0.6931471805599453,2.302585092994045,0.0,2.5649493574615367,1.0986122886681096,2.3978952727983707,0.0,-0.6931471805599453,-0.6931471805599453,1.6094379124341005,-0.6931471805599453,4.330733340286331,1.0986122886681096,-0.6931471805599453,-0.6931471805599453,-0.6931471805599453,-0.6931471805599453,-0.6931471805599453,-0.6931471805599453,0.0,-0.6931471805599453,-0.6931471805599453,-0.6931471805599453,-0.6931471805599453,2.6390573296152584,-0.6931471805599453,2.079441541679836,1.3862943611198906,2.079441541679836,-0.6931471805599453,2.079441541679836,-0.6931471805599453,-0.6931471805599453,-0.6931471805599453,-0.6931471805599453,1.6094379124341005,2.4849066497880004,1.3862943611198906,1.0986122886681096,0.6931471805599453,-0.6931471805599453,-0.6931471805599453,1.0986122886681096,-0.6931471805599453,-0.6931471805599453,2.772588722239781,2.302585092994045,-0.6931471805599453,-0.6931471805599453,-0.6931471805599453,0.0,2.197224577336219,-0.6931471805599453,0.6931471805599453,-0.6931471805599453,-0.6931471805599453,0.6931471805599453,-0.6931471805599453,2.197224577336219,2.6390573296152584,2.4849066497880004,3.218875824868201
ERR260161,1,2.833213344056216,-0.6931471805599453,0.0,2.079441541679836,1.0986122886681096,0.0,-0.6931471805599453,-0.6931471805599453,-0.6931471805599453,3.6375861597263857,1.3862943611198906,-0.6931471805599453,-0.6931471805599453,-0.6931471805599453,-0.6931471805599453,1.9459101490553128,2.079441541679836,-0.6931471805599453,-0.6931471805599453,-0.6931471805599453,2.70805020110221,2.9444389791664403,1.9459101490553128,2.302585092994045,4.304065093204169,0.0,-0.6931471805599453,3.1780538303479453,-0.6931471805599453,3.8918202981106265,-0.6931471805599453,-0.6931471805599453,-0.6931471805599453,1.0986122886681096,0.0,3.80666248977032,-0.6931471805599453,2.3978952727983707,-0.6931471805599453,-0.6931471805599453,1.0986122886681096,-0.6931471805599453,0.6931471805599453,0.6931471805599453,0.6931471805599453,2.079441541679836,0.0,0.0,0.0,4.700480365792416,0.0,1.791759469228055,0.0,1.9459101490553128,2.995732273553991,-0.6931471805599453,0.0,-0.6931471805599453,3.332204510175204,-0.6931471805599453,-0.6931471805599453,1.3862943611198906,-0.6931471805599453,1.0986122886681096,-0.6931471805599453,2.5649493574615367,-0.6931471805599453,-0.6931471805599453,-0.6931471805599453,3.2580965380214817,-0.6931471805599453,2.995732273553991,0.0,1.791759469228055,2.079441541679836,-0.6931471805599453,0.6931471805599453,0.0,-0.6931471805599453,-0.6931471805599453,0.0,-0.6931471805599453,0.0,-0.6931471805599453,-0.6931471805599453,-0.6931471805599453,1.791759469228055,-0.6931471805599453,0.0,-0.6931471805599453,-0.6931471805599453,-0.6931471805599453,-0.6931471805599453,0.0,0.0,3.091042453358316,-0.6931471805599453,0.6931471805599453,-0.6931471805599453,-0.6931471805599453,-0.6931471805599453,-0.6931471805599453,-0.6931471805599453,1.0986122886681096,2.772588722239781,1.791759469228055,3.091042453358316,2.4849066497880004,1.9459101490553128,-0.6931471805599453,2.6390573296152584,-0.6931471805599453,1.3862943611198906,-0.6931471805599453,-0.6931471805599453,0.6931471805599453,-0.6931471805599453,0.6931471805599453,1.0986122886681096,0.6931471805599453,3.3672958299864737,-0.6931471805599453,-0.6931471805599453,0.6931471805599453,2.302585092994045,3.713572066704308,-0.6931471805599453,-0.6931471805599453,1.0986122886681096,1.9459101490553128,0.0,0.6931471805599453,1.0986122886681096,2.4849066497880004,1.0986122886681096,-0.6931471805599453,-0.6931471805599453,2.079441541679836,-0.6931471805599453,0.6931471805599453,2.772588722239781,1.3862943611198906,1.0986122886681096,2.6390573296152584,-0.6931471805599453,-0.6931471805599453,-0.6931471805599453,-0.6931471805599453,0.6931471805599453,4.304065093204169,0.6931471805599453,-0.6931471805599453,-0.6931471805599453,-0.6931471805599453,0.0,-0.6931471805599453,-0.6931471805599453,-0.6931471805599453,-0.6931471805599453,-0.6931471805599453,-0.6931471805599453,1.6094379124341005,1.0986122886681096,-0.6931471805599453,-0.6931471805599453,1.6094379124341005,-0.6931471805599453,-0.6931471805599453,-0.6931471805599453,-0.6931471805599453,0.0,-0.6931471805599453,-0.6931471805599453,-0.6931471805599453,0.0,-0.6931471805599453,2.302585092994045,-0.6931471805599453,-0.6931471805599453,-0.6931471805599453,1.6094379124341005,-0.6931471805599453,0.0,1.791759469228055,1.9459101490553128,-0.6931471805599453,0.6931471805599453,0.6931471805599453,0.0,0.0,0.6931471805599453,0.0,1.3862943611198906,-0.6931471805599453,-0.6931471805599453,0.0,2.9444389791664403,0.0,2.4849066497880004,4.718498871295094
ERR260162,1,2.197224577336219,0.0,4.248495242049359,1.3862943611198906,1.0986122886681096,0.6931471805599453,-0.6931471805599453,-0.6931471805599453,0.0,3.6375861597263857,1.791759469228055,-0.6931471805599453,-0.6931471805599453,0.6931471805599453,0.6931471805599453,2.079441541679836,1.6094379124341005,0.0,1.0986122886681096,0.6931471805599453,2.5649493574615367,2.4849066497880004,1.791759469228055,3.7612001156935615,4.07753744390572,1.0986122886681096,-0.6931471805599453,2.833213344056216,-0.6931471805599453,1.791759469228055,0.0,2.302585092994045,1.3862943611198906,1.3862943611198906,0.6931471805599453,3.4011973816621555,1.9459101490553128,2.4849066497880004,0.0,1.6094379124341005,4.007333185232471,0.6931471805599453,1.6094379124341005,-0.6931471805599453,1.9459101490553128,2.079441541679836,0.6931471805599453,1.3862943611198906,-0.6931471805599453,5.003946305945459,1.0986122886681096,2.197224577336219,0.0,2.079441541679836,2.079441541679836,-0.6931471805599453,1.9459101490553128,-0.6931471805599453,2.772588722239781,1.791759469228055,-0.6931471805599453,1.9459101490553128,2.079441541679836,-0.6931471805599453,-0.6931471805599453,1.9459101490553128,1.9459101490553128,2.4849066497880004,-0.6931471805599453,3.8712010109078903,-0.6931471805599453,1.0986122886681096,0.6931471805599453,0.6931471805599453,4.060443010546419,0.0,0.6931471805599453,1.0986122886681096,1.9459101490553128,1.9459101490553128,2.5649493574615367,-0.6931471805599453,2.70805020110221,-0.6931471805599453,-0.6931471805599453,-0.6931471805599453,1.791759469228055,0.6931471805599453,-0.6931471805599453,-0.6931471805599453,0.0,0.6931471805599453,-0.6931471805599453,0.0,-0.6931471805599453,3.4339872044851463,-0.6931471805599453,0.0,-0.6931471805599453,2.197224577336219,1.0986122886681096,-0.6931471805599453,2.995732273553991,2.995732273553991,2.197224577336219,-0.6931471805599453,2.70805020110221,2.833213344056216,1.791759469228055,-0.6931471805599453,2.5649493574615367,0.0,1.0986122886681096,-0.6931471805599453,1.791759469228055,-0.6931471805599453,-0.6931471805599453,1.3862943611198906,0.6931471805599453,2.079441541679836,2.6390573296152584,-0.6931471805599453,-0.6931471805599453,0.6931471805599453,2.8903717578961645,-0.6931471805599453,1.9459101490553128,1.0986122886681096,1.6094379124341005,3.6375861597263857,-0.6931471805599453,0.0,-0.6931471805599453,2.833213344056216,1.9459101490553128,-0.6931471805599453,1.9459101490553128,3.4011973816621555,0.0,2.3978952727983707,0.0,2.302585092994045,1.9459101490553128,3.49650756146648,-0.6931471805599453,2.197224577336219,1.0986122886681096,1.0986122886681096,2.3978952727983707,5.231108616854587,2.995732273553991,-0.6931471805599453,1.6094379124341005,1.0986122886681096,-0.6931471805599453,0.6931471805599453,-0.6931471805599453,0.0,2.5649493574615367,-0.6931471805599453,-0.6931471805599453,1.0986122886681096,1.9459101490553128,-0.6931471805599453,1.6094379124341005,2.079441541679836,4.262679877041316,0.6931471805599453,4.68213122712422,-0.6931471805599453,-0.6931471805599453,2.4849066497880004,-0.6931471805599453,1.0986122886681096,1.6094379124341005,2.079441541679836,3.555348061489413,0.0,0.6931471805599453,-0.6931471805599453,2.197224577336219,3.4657359027997265,-0.6931471805599453,1.9459101490553128,3.49650756146648,0.0,1.9459101490553128,1.0986122886681096,1.9459101490553128,2.995732273553991,-0.6931471805599453,1.0986122886681096,2.079441541679836,-0.6931471805599453,2.3978952727983707,2.302585092994045,3.8501476017100575,-0.6931471805599453,3.7612001156935615,4.934473933130692
ERR260163,0,1.6094379124341005,-0.6931471805599453,-0.6931471805599453,1.0986122886681096,0.0,1.3862943611198906,1.6094379124341005,-0.6931471805599453,-0.6931471805599453,2.4849066497880004,2.772588722239781,0.0,-0.6931471805599453,1.0986122886681096,0.6931471805599453,-0.6931471805599453,0.6931471805599453,0.6931471805599453,-0.6931471805599453,-0.6931471805599453,1.9459101490553128,1.0986122886681096,0.6931471805599453,2.197224577336219,3.1780538303479453,0.0,1.0986122886681096,2.70805020110221,-0.6931471805599453,-0.6931471805599453,1.0986122886681096,0.0,0.0,-0.6931471805599453,-0.6931471805599453,2.772588722239781,-0.6931471805599453,-0.6931471805599453,0.0,0.6931471805599453,-0.6931471805599453,2.70805020110221,2.5649493574615367,-0.6931471805599453,-0.6931471805599453,0.0,-0.6931471805599453,0.0,-0.6931471805599453,3.4657359027997265,-0.6931471805599453,1.791759469228055,1.791759469228055,-0.6931471805599453,1.0986122886681096,-0.6931471805599453,-0.6931471805599453,-0.6931471805599453,-0.6931471805599453,-0.6931471805599453,-0.6931471805599453,0.6931471805599453,0.0,-0.6931471805599453,1.0986122886681096,1.0986122886681096,0.0,-0.6931471805599453,-0.6931471805599453,3.091042453358316,-0.6931471805599453,-0.6931471805599453,-0.6931471805599453,1.9459101490553128,1.3862943611198906,-0.6931471805599453,1.0986122886681096,1.6094379124341005,-0.6931471805599453,-0.6931471805599453,2.197224577336219,-0.6931471805599453,2.302585092994045,0.0,-0.6931471805599453,1.0986122886681096,-0.6931471805599453,3.2580965380214817,-0.6931471805599453,0.0,-0.6931471805599453,1.0986122886681096,-0.6931471805599453,1.9459101490553128,-0.6931471805599453,2.8903717578961645,-0.6931471805599453,0.6931471805599453,-0.6931471805599453,1.791759469228055,-0.6931471805599453,-0.6931471805599453,-0.6931471805599453,2.197224577336219,1.6094379124341005,-0.6931471805599453,1.6094379124341005,2.3978952727983707,1.6094379124341005,-0.6931471805599453,1.791759469228055,-0.6931471805599453,1.9459101490553128,2.833213344056216,1.3862943611198906,-0.6931471805599453,-0.6931471805599453,0.0,1.0986122886681096,2.5649493574615367,3.2580965380214817,1.791759469228055,0.6931471805599453,0.0,1.0986122886681096,-0.6931471805599453,1.791759469228055,-0.6931471805599453,2.197224577336219,-0.6931471805599453,1.0986122886681096,-0.6931471805599453,-0.6931471805599453,2.4849066497880004,0.0,-0.6931471805599453,-0.6931471805599453,2.995732273553991,-0.6931471805599453,1.791759469228055,1.3862943611198906,0.6931471805599453,-0.6931471805599453,2.995732273553991,-0.6931471805599453,-0.6931471805599453,-0.6931471805599453,-0.6931471805599453,1.3862943611198906,4.060443010546419,2.6390573296152584,-0.6931471805599453,-0.6931471805599453,1.0986122886681096,1.3862943611198906,-0.6931471805599453,-0.6931471805599453,0.0,-0.6931471805599453,-0.6931471805599453,-0.6931471805599453,1.6094379124341005,2.3978952727983707,-0.6931471805599453,-0.6931471805599453,-0.6931471805599453,-0.6931471805599453,-0.6931471805599453,1.0986122886681096,-0.6931471805599453,-0.6931471805599453,2.197224577336219,0.6931471805599453,-0.6931471805599453,-0.6931471805599453,-0.6931471805599453,1.791759469228055,0.0,-0.6931471805599453,-0.6931471805599453,3.1354942159291497,-0.6931471805599453,0.6931471805599453,1.3862943611198906,2.3978952727983707,-0.6931471805599453,1.3862943611198906,-0.6931471805599453,-0.6931471805599453,2.833213344056216,-0.6931471805599453,2.079441541679836,2.3978952727983707,2.302585092994045,0.6931471805599453,2.4849066497880004,0.6931471805599453,-0.6931471805599453,2.772588722239781,4.31748811353631
ERR260165,1,2.9444389791664403,-0.6931471805599453,-0.6931471805599453,2.5649493574615367,2.302585092994045,0.0,-0.6931471805599453,1.0986122886681096,-0.6931471805599453,3.1354942159291497,1.791759469228055,-0.6931471805599453,-0.6931471805599453,-0.6931471805599453,1.9459101490553128,-0.6931471805599453,1.6094379124341005,-0.6931471805599453,-0.6931471805599453,-0.6931471805599453,3.218875824868201,2.833213344056216,-0.6931471805599453,3.218875824868201,4.158883083359672,-0.6931471805599453,-0.6931471805599453,3.6375861597263857,-0.6931471805599453,-0.6931471805599453,-0.6931471805599453,2.70805020110221,2.5649493574615367,0.6931471805599453,1.6094379124341005,3.49650756146648,-0.6931471805599453,2.197224577336219,-0.6931471805599453,-0.6931471805599453,0.0,0.6931471805599453,0.0,1.9459101490553128,3.332204510175204,-0.6931471805599453,0.0,-0.6931471805599453,-0.6931471805599453,4.394449154672438,-0.6931471805599453,2.197224577336219,0.6931471805599453,-0.6931471805599453,3.526360524616161,-0.6931471805599453,-0.6931471805599453,0.0,3.988984046564274,1.0986122886681096,0.0,2.5649493574615367,0.6931471805599453,1.3862943611198906,-0.6931471805599453,2.079441541679836,0.0,-0.6931471805599453,-0.6931471805599453,3.526360524616161,-0.6931471805599453,-0.6931471805599453,0.6931471805599453,-0.6931471805599453,2.833213344056216,-0.6931471805599453,2.3978952727983707,-0.6931471805599453,-0.6931471805599453,-0.6931471805599453,3.4339872044851463,-0.6931471805599453,3.3672958299864737,-0.6931471805599453,-0.6931471805599453,-0.6931471805599453,1.3862943611198906,-0.6931471805599453,0.6931471805599453,-0.6931471805599453,0.0,-0.6931471805599453,-0.6931471805599453,-0.6931471805599453,-0.6931471805599453,3.610917912644224,-0.6931471805599453,-0.6931471805599453,-0.6931471805599453,-0.6931471805599453,-0.6931471805599453,0.0,-0.6931471805599453,3.044522437723423,2.70805020110221,1.0986122886681096,2.8903717578961645,2.4849066497880004,2.5649493574615367,1.0986122886681096,2.772588722239781,-0.6931471805599453,2.5649493574615367,-0.6931471805599453,2.5649493574615367,3.3672958299864737,1.3862943611198906,3.218875824868201,0.6931471805599453,2.70805020110221,4.0943445622221,-0.6931471805599453,-0.6931471805599453,-0.6931471805599453,1.3862943611198906,-0.6931471805599453,2.9444389791664403,-0.6931471805599453,0.6931471805599453,-0.6931471805599453,-0.6931471805599453,-0.6931471805599453,1.0986122886681096,4.04305126783455,0.0,2.302585092994045,-0.6931471805599453,0.6931471805599453,-0.6931471805599453,2.3978952727983707,2.197224577336219,1.6094379124341005,-0.6931471805599453,3.988984046564274,1.3862943611198906,2.4849066497880004,-0.6931471805599453,-0.6931471805599453,-0.6931471805599453,5.47646355193151,2.772588722239781,-0.6931471805599453,-0.6931471805599453,2.197224577336219,-0.6931471805599453,-0.6931471805599453,0.0,0.0,-0.6931471805599453,-0.6931471805599453,-0.6931471805599453,2.197224577336219,-0.6931471805599453,-0.6931471805599453,-0.6931471805599453,-0.6931471805599453,0.0,-0.6931471805599453,2.079441541679836,-0.6931471805599453,0.0,2.302585092994045,-0.6931471805599453,-0.6931471805599453,0.0,2.5649493574615367,3.784189633918261,-0.6931471805599453,-0.6931471805599453,-0.6931471805599453,1.3862943611198906,-0.6931471805599453,1.9459101490553128,2.8903717578961645,3.9318256327243257,-0.6931471805599453,0.0,-0.6931471805599453,0.6931471805599453,2.302585092994045,1.0986122886681096,2.197224577336219,2.772588722239781,-0.6931471805599453,3.58351893845611,1.3862943611198906,-0.6931471805599453,-0.6931471805599453,3.091042453358316,4.852030263919617
ERR260166,1,1.3862943611198906,-0.6931471805599453,-0.6931471805599453,-0.6931471805599453,0.0,0.6931471805599453,-0.6931471805599453,2.995732273553991,0.0,2.079441541679836,-0.6931471805599453,-0.6931471805599453,-0.6931471805599453,2.197224577336219,-0.6931471805599453,-0.6931471805599453,2.3978952727983707,0.0,1.0986122886681096,1.9459101490553128,1.6094379124341005,1.3862943611198906,1.0986122886681096,2.197224577336219,2.833213344056216,1.3862943611198906,-0.6931471805599453,0.0,-0.6931471805599453,0.0,0.0,0.0,-0.6931471805599453,-0.6931471805599453,1.0986122886681096,1.0986122886681096,3.9318256327243257,0.0,2.197224577336219,0.6931471805599453,-0.6931471805599453,1.6094379124341005,2.079441541679836,0.6931471805599453,0.0,0.0,-0.6931471805599453,0.0,-0.6931471805599453,3.044522437723423,-0.6931471805599453,1.0986122886681096,0.0,-0.6931471805599453,1.6094379124341005,-0.6931471805599453,-0.6931471805599453,-0.6931471805599453,2.70805020110221,1.0986122886681096,0.0,1.3862943611198906,1.6094379124341005,1.9459101490553128,-0.6931471805599453,0.6931471805599453,-0.6931471805599453,1.0986122886681096,-0.6931471805599453,3.218875824868201,0.6931471805599453,-0.6931471805599453,0.0,3.784189633918261,0.0,-0.6931471805599453,1.3862943611198906,1.9459101490553128,1.3862943611198906,0.0,1.3862943611198906,-0.6931471805599453,0.6931471805599453,2.302585092994045,-0.6931471805599453,-0.6931471805599453,0.0,2.4849066497880004,1.6094379124341005,-0.6931471805599453,0.0,0.0,0.0,1.791759469228055,-0.6931471805599453,1.791759469228055,-0.6931471805599453,2.8903717578961645,2.5649493574615367,0.0,1.9459101490553128,-0.6931471805599453,-0.6931471805599453,0.0,1.791759469228055,-0.6931471805599453,0.6931471805599453,2.197224577336219,1.0986122886681096,0.0,-0.6931471805599453,1.0986122886681096,2.079441541679836,0.6931471805599453,1.3862943611198906,-0.6931471805599453,1.0986122886681096,0.6931471805599453,1.0986122886681096,0.0,0.0,-0.6931471805599453,-0.6931471805599453,0.0,2.4849066497880004,-0.6931471805599453,1.3862943611198906,-0.6931471805599453,2.079441541679836,-0.6931471805599453,0.0,-0.6931471805599453,-0.6931471805599453,4.060443010546419,1.791759469228055,-0.6931471805599453,0.0,3.6635616461296463,0.0,3.1780538303479453,0.6931471805599453,3.295836866004329,-0.6931471805599453,2.079441541679836,-0.6931471805599453,2.302585092994045,-0.6931471805599453,-0.6931471805599453,3.8501476017100575,5.318119993844216,1.6094379124341005,-0.6931471805599453,-0.6931471805599453,-0.6931471805599453,1.3862943611198906,1.6094379124341005,-0.6931471805599453,-0.6931471805599453,1.3862943611198906,-0.6931471805599453,-0.6931471805599453,0.0,1.791759469228055,-0.6931471805599453,3.784189633918261,2.3978952727983707,-0.6931471805599453,-0.6931471805599453,2.6390573296152584,-0.6931471805599453,-0.6931471805599453,1.791759469228055,-0.6931471805599453,-0.6931471805599453,1.6094379124341005,-0.6931471805599453,2.197224577336219,-0.6931471805599453,3.526360524616161,1.0986122886681096,3.332204510175204,-0.6931471805599453,-0.6931471805599453,2.5649493574615367,1.6094379124341005,-0.6931471805599453,0.0,0.0,-0.6931471805599453,2.833213344056216,-0.6931471805599453,0.0,1.3862943611198906,-0.6931471805599453,-0.6931471805599453,2.5649493574615367,2.772588722239781,-0.6931471805599453,2.4849066497880004,4.477336814478206
ERR260167,1,2.772588722239781,-0.6931471805599453,-0.6931471805599453,2.9444389791664403,3.1354942159291497,-0.6931471805599453,-0.6931471805599453,1.9459101490553128,-0.6931471805599453,2.8903717578961645,1.9459101490553128,-0.6931471805599453,0.0,-0.6931471805599453,1.3862943611198906,-0.6931471805599453,3.091042453358316,-0.6931471805599453,-0.6931471805599453,-0.6931471805599453,3.044522437723423,2.197224577336219,0.6931471805599453,2.995732273553991,3.737669618283368,2.302585092994045,-0.6931471805599453,0.6931471805599453,-0.6931471805599453,-0.6931471805599453,2.197224577336219,2.70805020110221,-0.6931471805599453,0.0,1.6094379124341005,3.1354942159291497,-0.6931471805599453,2.4849066497880004,-0.6931471805599453,-0.6931471805599453,-0.6931471805599453,-0.6931471805599453,-0.6931471805599453,2.302585092994045,3.1354942159291497,0.6931471805599453,-0.6931471805599453,1.9459101490553128,2.5649493574615367,3.610917912644224,-0.6931471805599453,1.0986122886681096,1.791759469228055,-0.6931471805599453,0.0,-0.6931471805599453,0.0,-0.6931471805599453,0.0,-0.6931471805599453,-0.6931471805599453,-0.6931471805599453,-0.6931471805599453,-0.6931471805599453,-0.6931471805599453,0.6931471805599453,-0.6931471805599453,-0.6931471805599453,-0.6931471805599453,3.80666248977032,0.0,-0.6931471805599453,-0.6931471805599453,0.0,1.791759469228055,-0.6931471805599453,2.833213344056216,-0.6931471805599453,2.079441541679836,-0.6931471805599453,2.4849066497880004,-0.6931471805599453,0.6931471805599453,-0.6931471805599453,-0.6931471805599453,-0.6931471805599453,1.6094379124341005,-0.6931471805599453,-0.6931471805599453,-0.6931471805599453,1.3862943611198906,-0.6931471805599453,-0.6931471805599453,-0.6931471805599453,-0.6931471805599453,2.70805020110221,-0.6931471805599453,-0.6931471805599453,-0.6931471805599453,-0.6931471805599453,-0.6931471805599453,-0.6931471805599453,-0.6931471805599453,-0.6931471805599453,2.772588722239781,-0.6931471805599453,-0.6931471805599453,1.3862943611198906,2.079441541679836,-0.6931471805599453,0.0,1.0986122886681096,3.6375861597263857,-0.6931471805599453,-0.6931471805599453,2.5649493574615367,-0.6931471805599453,-0.6931471805599453,0.0,-0.6931471805599453,-0.6931471805599453,0.6931471805599453,-0.6931471805599453,2.079441541679836,2.5649493574615367,-0.6931471805599453,0.0,-0.6931471805599453,1.791759469228055,-0.6931471805599453,0.0,1.3862943611198906,3.1780538303479453,2.302585092994045,0.6931471805599453,1.3862943611198906,-0.6931471805599453,1.6094379124341005,-0.6931471805599453,3.555348061489413,-0.6931471805599453,3.555348061489413,0.0,3.295836866004329,-0.6931471805599453,0.6931471805599453,-0.6931471805599453,-0.6931471805599453,-0.6931471805599453,4.859812404361672,1.9459101490553128,-0.6931471805599453,0.0,0.6931471805599453,-0.6931471805599453,-0.6931471805599453,-0.6931471805599453,0.6931471805599453,-0.6931471805599453,-0.6931471805599453,-0.6931471805599453,0.0,-0.6931471805599453,-0.6931471805599453,-0.6931471805599453,-0.6931471805599453,3.688879454113936,3.044522437723423,-0.6931471805599453,0.0,1.3862943611198906,0.0,-0.6931471805599453,2.70805020110221,2.079441541679836,-0.6931471805599453,3.295836866004329,-0.6931471805599453,1.6094379124341005,0.6931471805599453,0.6931471805599453,0.0,2.079441541679836,4.0943445622221,2.8903717578961645,-0.6931471805599453,1.0986122886681096,-0.6931471805599453,2.772588722239781,0.0,-0.6931471805599453,-0.6931471805599453,2.6390573296152584,-0.6931471805599453,0.6931471805599453,0.6931471805599453,3.610917912644224,-0.6931471805599453,1.791759469228055,3.737669618283368
ERR260169,1,0.0,-0.6931471805599453,-0.6931471805599453,0.0,1.0986122886681096,-0.6931471805599453,-0.6931471805599453,-0.6931471805599453,-0.6931471805599453,1.3862943611198906,0.6931471805599453,-0.6931471805599453,-0.6931471805599453,-0.6931471805599453,0.6931471805599453,-0.6931471805599453,1.6094379124341005,-0.6931471805599453,-0.6931471805599453,-0.6931471805599453,0.0,1.3862943611198906,0.0,2.079441541679836,2.197224577336219,0.6931471805599453,-0.6931471805599453,1.3862943611198906,-0.6931471805599453,0.0,-0.6931471805599453,1.3862943611198906,1.3862943611198906,0.0,0.6931471805599453,1.3862943611198906,-0.6931471805599453,1.3862943611198906,0.0,-0.6931471805599453,-0.6931471805599453,-0.6931471805599453,0.6931471805599453,1.9459101490553128,-0.6931471805599453,0.0,-0.6931471805599453,1.0986122886681096,-0.6931471805599453,3.295836866004329,-0.6931471805599453,0.0,-0.6931471805599453,-0.6931471805599453,-0.6931471805599453,-0.6931471805599453,-0.6931471805599453,0.0,0.0,-0.6931471805599453,1.3862943611198906,0.0,-0.6931471805599453,-0.6931471805599453,-0.6931471805599453,0.6931471805599453,0.0,-0.6931471805599453,-0.6931471805599453,2.4849066497880004,0.6931471805599453,-0.6931471805599453,-0.6931471805599453,2.4849066497880004,0.0,0.0,1.3862943611198906,-0.6931471805599453,-0.6931471805599453,0.0,1.6094379124341005,-0.6931471805599453,0.0,-0.6931471805599453,-0.6931471805599453,-0.6931471805599453,1.6094379124341005,1.3862943611198906,-0.6931471805599453,-0.6931471805599453,-0.6931471805599453,-0.6931471805599453,-0.6931471805599453,-0.6931471805599453,-0.6931471805599453,0.0,-0.6931471805599453,-0.6931471805599453,0.0,2.995732273553991,-0.6931471805599453,-0.6931471805599453,-0.6931471805599453,0.0,1.0986122886681096,-0.6931471805599453,0.0,1.791759469228055,1.6094379124341005,-0.6931471805599453,0.6931471805599453,1.3862943611198906,1.9459101490553128,-0.6931471805599453,-0.6931471805599453,0.0,-0.6931471805599453,-0.6931471805599453,-0.6931471805599453,0.0,1.0986122886681096,-0.6931471805599453,-0.6931471805599453,0.6931471805599453,1.9459101490553128,0.0,1.3862943611198906,0.6931471805599453,0.0,-0.6931471805599453,-0.6931471805599453,-0.6931471805599453,-0.6931471805599453,2.995732273553991,-0.6931471805599453,0.0,1.0986122886681096,1.791759469228055,-0.6931471805599453,-0.6931471805599453,0.6931471805599453,-0.6931471805599453,0.6931471805599453,2.302585092994045,0.0,2.772588722239781,-0.6931471805599453,-0.6931471805599453,1.0986122886681096,3.6635616461296463,0.6931471805599453,-0.6931471805599453,-0.6931471805599453,0.0,-0.6931471805599453,-0.6931471805599453,-0.6931471805599453,-0.6931471805599453,-0.6931471805599453,-0.6931471805599453,-0.6931471805599453,-0.6931471805599453,-0.6931471805599453,-0.6931471805599453,-0.6931471805599453,1.3862943611198906,-0.6931471805599453,-0.6931471805599453,-0.6931471805599453,-0.6931471805599453,-0.6931471805599453,1.0986122886681096,-0.6931471805599453,-0.6931471805599453,-0.6931471805599453,0.0,2.079441541679836,-0.6931471805599453,-0.6931471805599453,0.6931471805599453,0.0,-0.6931471805599453,0.6931471805599453,2.833213344056216,1.6094379124341005,-0.6931471805599453,0.0,-0.6931471805599453,-0.6931471805599453,1.9459101490553128,-0.6931471805599453,0.6931471805599453,0.6931471805599453,-0.6931471805599453,1.9459101490553128,1.9459101490553128,2.3978952727983707,1.6094379124341005,2.079441541679836,3.9702919135521215
ERR260170,0,0.6931471805599453,-0.6931471805599453,-0.6931471805599453,-0.6931471805599453,0.6931471805599453,1.3862943611198906,0.0,-0.6931471805599453,1.0986122886681096,3.218875824868201,0.0,-0.6931471805599453,-0.6931471805599453,-0.6931471805599453,-0.6931471805599453,-0.6931471805599453,2.4849066497880004,1.9459101490553128,-0.6931471805599453,-0.6931471805599453,0.0,0.0,1.6094379124341005,1.3862943611198906,3.1354942159291497,-0.6931471805599453,-0.6931471805599453,1.6094379124341005,1.0986122886681096,-0.6931471805599453,-0.6931471805599453,-0.6931471805599453,-0.6931471805599453,0.0,0.0,2.6390573296152584,-0.6931471805599453,1.0986122886681096,-0.6931471805599453,-0.6931471805599453,-0.6931471805599453,3.688879454113936,3.091042453358316,-0.6931471805599453,0.0,0.6931471805599453,1.6094379124341005,-0.6931471805599453,2.6390573296152584,3.295836866004329,-0.6931471805599453,1.0986122886681096,0.0,0.0,0.0,-0.6931471805599453,1.0986122886681096,-0.6931471805599453,1.0986122886681096,-0.6931471805599453,-0.6931471805599453,1.3862943611198906,2.70805020110221,0.0,-0.6931471805599453,0.0,-0.6931471805599453,1.6094379124341005,-0.6931471805599453,3.1354942159291497,-0.6931471805599453,-0.6931471805599453,-0.6931471805599453,1.6094379124341005,0.6931471805599453,-0.6931471805599453,-0.6931471805599453,-0.6931471805599453,-0.6931471805599453,0.0,1.0986122886681096,-0.6931471805599453,2.079441541679836,-0.6931471805599453,0.0,-0.6931471805599453,1.3862943611198906,-0.6931471805599453,1.791759469228055,-0.6931471805599453,-0.6931471805599453,-0.6931471805599453,-0.6931471805599453,-0.6931471805599453,-0.6931471805599453,3.295836866004329,-0.6931471805599453,-0.6931471805599453,-0.6931471805599453,-0.6931471805599453,-0.6931471805599453,-0.6931471805599453,-0.6931471805599453,2.079441541679836,1.3862943611198906,-0.6931471805599453,3.295836866004329,1.9459101490553128,1.0986122886681096,-0.6931471805599453,1.0986122886681096,2.3978952727983707,1.6094379124341005,-0.6931471805599453,-0.6931471805599453,-0.6931471805599453,-0.6931471805599453,1.6094379124341005,-0.6931471805599453,0.6931471805599453,3.80666248977032,0.0,-0.6931471805599453,0.0,-0.6931471805599453,-0.6931471805599453,-0.6931471805599453,-0.6931471805599453,2.3978952727983707,-0.6931471805599453,-0.6931471805599453,1.6094379124341005,0.0,1.0986122886681096,2.70805020110221,-0.6931471805599453,1.3862943611198906,3.1780538303479453,-0.6931471805599453,3.218875824868201,3.1354942159291497,3.2580965380214817,0.0,2.5649493574615367,-0.6931471805599453,-0.6931471805599453,-0.6931471805599453,0.6931471805599453,-0.6931471805599453,4.356708826689592,1.791759469228055,-0.6931471805599453,-0.6931471805599453,-0.6931471805599453,2.70805020110221,-0.6931471805599453,-0.6931471805599453,0.0,1.6094379124341005,-0.6931471805599453,-0.6931471805599453,-0.6931471805599453,-0.6931471805599453,-0.6931471805599453,-0.6931471805599453,1.0986122886681096,-0.6931471805599453,-0.6931471805599453,-0.6931471805599453,-0.6931471805599453,-0.6931471805599453,2.079441541679836,0.0,1.0986122886681096,-0.6931471805599453,-0.6931471805599453,2.197224577336219,1.3862943611198906,1.791759469228055,-0.6931471805599453,1.6094379124341005,-0.6931471805599453,0.6931471805599453,2.197224577336219,1.9459101490553128,0.0,-0.6931471805599453,1.0986122886681096,0.0,-0.6931471805599453,-0.6931471805599453,0.6931471805599453,1.9459101490553128,-0.6931471805599453,-0.6931471805599453,1.791759469228055,1.3862943611198906,-0.6931471805599453,2.8903717578961645,3.9318256327243257
ERR260171,0,2.70805020110221,0.0,-0.6931471805599453,1.791759469228055,0.0,2.302585092994045,-0.6931471805599453,-0.6931471805599453,-0.6931471805599453,2.772588722239781,3.044522437723423,-0.6931471805599453,-0.6931471805599453,1.0986122886681096,1.0986122886681096,1.6094379124341005,1.791759469228055,0.0,-0.6931471805599453,-0.6931471805599453,3.091042453358316,2.772588722239781,0.6931471805599453,2.302585092994045,3.9318256327243257,2.197224577336219,1.0986122886681096,2.995732273553991,0.6931471805599453,2.772588722239781,0.6931471805599453,0.6931471805599453,1.6094379124341005,-0.6931471805599453,-0.6931471805599453,3.688879454113936,-0.6931471805599453,3.218875824868201,0.0,0.6931471805599453,-0.6931471805599453,2.70805020110221,2.5649493574615367,0.0,2.3978952727983707,-0.6931471805599453,0.6931471805599453,0.6931471805599453,4.276666119016055,4.663439094112067,1.0986122886681096,0.6931471805599453,0.0,2.6390573296152584,3.044522437723423,-0.6931471805599453,-0.6931471805599453,0.0,2.772588722239781,-0.6931471805599453,-0.6931471805599453,1.6094379124341005,1.0986122886681096,-0.6931471805599453,-0.6931471805599453,1.3862943611198906,-0.6931471805599453,-0.6931471805599453,-0.6931471805599453,4.31748811353631,0.6931471805599453,-0.6931471805599453,1.0986122886681096,1.0986122886681096,-0.6931471805599453,-0.6931471805599453,0.0,1.6094379124341005,-0.6931471805599453,-0.6931471805599453,2.6390573296152584,-0.6931471805599453,2.4849066497880004,2.3978952727983707,0.6931471805599453,-0.6931471805599453,1.791759469228055,-0.6931471805599453,0.6931471805599453,0.0,0.6931471805599453,1.6094379124341005,-0.6931471805599453,-0.6931471805599453,-0.6931471805599453,4.553876891600541,-0.6931471805599453,-0.6931471805599453,-0.6931471805599453,-0.6931471805599453,-0.6931471805599453,-0.6931471805599453,-0.6931471805599453,2.9444389791664403,2.079441541679836,-0.6931471805599453,4.543294782270004,2.3978952727983707,2.8903717578961645,0.0,1.791759469228055,2.197224577336219,1.0986122886681096,-0.6931471805599453,0.0,2.197224577336219,0.6931471805599453,1.791759469228055,1.3862943611198906,1.791759469228055,5.036952602413629,1.0986122886681096,-0.6931471805599453,0.0,1.0986122886681096,-0.6931471805599453,2.4849066497880004,-0.6931471805599453,-0.6931471805599453,0.0,-0.6931471805599453,1.0986122886681096,-0.6931471805599453,3.555348061489413,2.079441541679836,1.3862943611198906,0.6931471805599453,2.8903717578961645,0.0,2.6390573296152584,3.610917912644224,2.5649493574615367,1.0986122886681096,3.58351893845611,-0.6931471805599453,1.791759469228055,-0.6931471805599453,0.0,2.772588722239781,5.043425116919247,1.3862943611198906,-0.6931471805599453,-0.6931471805599453,1.3862943611198906,1.9459101490553128,1.3862943611198906,0.0,0.0,-0.6931471805599453,0.6931471805599453,-0.6931471805599453,0.0,0.6931471805599453,-0.6931471805599453,-0.6931471805599453,-0.6931471805599453,-0.6931471805599453,0.0,2.6390573296152584,-0.6931471805599453,3.044522437723423,1.791759469228055,0.0,-0.6931471805599453,-0.6931471805599453,1.0986122886681096,3.332204510175204,0.0,-0.6931471805599453,-0.6931471805599453,3.4339872044851463,0.0,1.6094379124341005,0.6931471805599453,3.332204510175204,-0.6931471805599453,-0.6931471805599453,-0.6931471805599453,1.0986122886681096,2.197224577336219,-0.6931471805599453,0.6931471805599453,2.079441541679836,1.791759469228055,2.079441541679836,2.995732273553991,-0.6931471805599453,-0.6931471805599453,4.304065093204169,4.844187086458591
ERR260173,1,1.3862943611198906,-0.6931471805599453,1.3862943611198906,-0.6931471805599453,0.6931471805599453,0.0,2.4849066497880004,0.0,1.9459101490553128,3.091042453358316,2.302585092994045,-0.6931471805599453,-0.6931471805599453,2.4849066497880004,2.079441541679836,0.0,1.3862943611198906,-0.6931471805599453,-0.6931471805599453,-0.6931471805599453,0.6931471805599453,0.6931471805599453,1.3862943611198906,-0.6931471805599453,3.526360524616161,1.3862943611198906,-0.6931471805599453,1.3862943611198906,-0.6931471805599453,0.0,-0.6931471805599453,0.0,2.079441541679836,0.0,0.6931471805599453,2.3978952727983707,-0.6931471805599453,1.6094379124341005,1.791759469228055,2.6390573296152584,2.3978952727983707,1.3862943611198906,1.0986122886681096,-0.6931471805599453,4.07753744390572,0.0,4.04305126783455,2.302585092994045,-0.6931471805599453,4.465908118654584,-0.6931471805599453,2.6390573296152584,0.6931471805599453,2.3978952727983707,1.0986122886681096,-0.6931471805599453,4.499809670330265,1.9459101490553128,0.6931471805599453,-0.6931471805599453,0.0,1.3862943611198906,2.079441541679836,1.0986122886681096,-0.6931471805599453,2.772588722239781,0.6931471805599453,2.079441541679836,-0.6931471805599453,4.553876891600541,0.0,-0.6931471805599453,-0.6931471805599453,2.833213344056216,-0.6931471805599453,-0.6931471805599453,0.0,2.8903717578961645,2.079441541679836,0.0,3.8501476017100575,-0.6931471805599453,3.4011973816621555,-0.6931471805599453,-0.6931471805599453,-0.6931471805599453,0.6931471805599453,2.8903717578961645,0.0,-0.6931471805599453,0.6931471805599453,3.951243718581427,-0.6931471805599453,0.6931471805599453,-0.6931471805599453,3.091042453358316,-0.6931471805599453,-0.6931471805599453,1.3862943611198906,0.0,-0.6931471805599453,-0.6931471805599453,-0.6931471805599453,2.079441541679836,0.6931471805599453,-0.6931471805599453,2.5649493574615367,3.1780538303479453,2.772588722239781,-0.6931471805599453,3.1780538303479453,1.0986122886681096,0.0,-0.6931471805599453,1.0986122886681096,2.197224577336219,0.0,1.9459101490553128,-0.6931471805599453,0.6931471805599453,2.772588722239781,0.0,-0.6931471805599453,0.0,2.079441541679836,-0.6931471805599453,3.4339872044851463,2.302585092994045,2.302585092994045,2.302585092994045,-0.6931471805599453,1.3862943611198906,-0.6931471805599453,4.890349128221754,0.0,0.6931471805599453,1.6094379124341005,2.4849066497880004,-0.6931471805599453,3.1780538303479453,-0.6931471805599453,2.5649493574615367,1.6094379124341005,4.248495242049359,0.6931471805599453,0.6931471805599453,-0.6931471805599453,3.091042453358316,0.6931471805599453,4.882801922586371,3.3672958299864737,-0.6931471805599453,-0.6931471805599453,2.6390573296152584,-0.6931471805599453,2.70805020110221,-0.6931471805599453,-0.6931471805599453,0.0,0.0,-0.6931471805599453,-0.6931471805599453,1.0986122886681096,-0.6931471805599453,-0.6931471805599453,1.9459101490553128,-0.6931471805599453,-0.6931471805599453,0.0,-0.6931471805599453,-0.6931471805599453,1.791759469228055,-0.6931471805599453,1.791759469228055,2.079441541679836,-0.6931471805599453,4.290459441148391,0.0,2.3978952727983707,-0.6931471805599453,3.1780538303479453,1.3862943611198906,2.3978952727983707,0.6931471805599453,3.044522437723423,-0.6931471805599453,1.6094379124341005,3.555348061489413,-0.6931471805599453,4.330733340286331,-0.6931471805599453,0.6931471805599453,1.791759469228055,-0.6931471805599453,2.8903717578961645,3.295836866004329,2.833213344056216,0.0,3.6375861597263857,4.962844630259907
ERR260174,1,-0.6931471805599453,0.6931471805599453,-0.6931471805599453,-0.6931471805599453,-0.6931471805599453,1.3862943611198906,0.0,-0.6931471805599453,-0.6931471805599453,1.791759469228055,1.791759469228055,1.3862943611198906,0.0,-0.6931471805599453,2.6390573296152584,-0.6931471805599453,1.9459101490553128,-0.6931471805599453,-0.6931471805599453,-0.6931471805599453,-0.6931471805599453,0.6931471805599453,0.0,1.6094379124341005,3.951243718581427,2.079441541679836,-0.6931471805599453,0.0,-0.6931471805599453,3.6635616461296463,0.0,-0.6931471805599453,2.772588722239781,0.0,3.6635616461296463,1.3862943611198906,3.3672958299864737,0.0,-0.6931471805599453,1.3862943611198906,-0.6931471805599453,1.791759469228055,2.197224577336219,-0.6931471805599453,3.218875824868201,0.6931471805599453,-0.6931471805599453,1.0986122886681096,0.0,3.828641396489095,-0.6931471805599453,0.6931471805599453,1.0986122886681096,0.0,0.0,-0.6931471805599453,-0.6931471805599453,-0.6931471805599453,-0.6931471805599453,1.791759469228055,-0.6931471805599453,0.6931471805599453,0.6931471805599453,0.0,-0.6931471805599453,1.3862943611198906,-0.6931471805599453,1.0986122886681096,-0.6931471805599453,4.143134726391533,1.0986122886681096,-0.6931471805599453,-0.6931471805599453,2.8903717578961645,0.0,0.6931471805599453,0.0,0.6931471805599453,-0.6931471805599453,0.0,2.8903717578961645,-0.6931471805599453,0.6931471805599453,-0.6931471805599453,-0.6931471805599453,-0.6931471805599453,0.0,2.4849066497880004,-0.6931471805599453,-0.6931471805599453,-0.6931471805599453,-0.6931471805599453,-0.6931471805599453,1.3862943611198906,-0.6931471805599453,2.4849066497880004,0.0,0.6931471805599453,0.0,0.6931471805599453,-0.6931471805599453,-0.6931471805599453,-0.6931471805599453,1.0986122886681096,0.0,0.6931471805599453,2.302585092994045,2.4849066497880004,2.8903717578961645,-0.6931471805599453,1.791759469228055,0.0,1.3862943611198906,-0.6931471805599453,0.0,2.302585092994045,0.0,1.0986122886681096,2.197224577336219,1.0986122886681096,1.6094379124341005,0.0,-0.6931471805599453,-0.6931471805599453,1.6094379124341005,3.58351893845611,3.332204510175204,-0.6931471805599453,1.0986122886681096,0.0,-0.6931471805599453,-0.6931471805599453,-0.6931471805599453,3.610917912644224,-0.6931471805599453,-0.6931471805599453,0.0,2.70805020110221,-0.6931471805599453,3.044522437723423,0.0,2.079441541679836,0.0,3.6375861597263857,1.6094379124341005,2.4849066497880004,-0.6931471805599453,-0.6931471805599453,1.3862943611198906,5.332718793265369,2.302585092994045,-0.6931471805599453,-0.6931471805599453,2.4849066497880004,0.6931471805599453,-0.6931471805599453,-0.6931471805599453,-0.6931471805599453,-0.6931471805599453,-0.6931471805599453,-0.6931471805599453,-0.6931471805599453,-0.6931471805599453,-0.6931471805599453,2.6390573296152584,-0.6931471805599453,-0.6931471805599453,-0.6931471805599453,3.4657359027997265,0.0,0.6931471805599453,-0.6931471805599453,-0.6931471805599453,-0.6931471805599453,-0.6931471805599453,2.302585092994045,3.737669618283368,-0.6931471805599453,-0.6931471805599453,0.6931471805599453,2.833213344056216,-0.6931471805599453,1.3862943611198906,1.3862943611198906,3.4011973816621555,-0.6931471805599453,1.791759469228055,0.0,1.791759469228055,2.5649493574615367,0.0,0.0,0.0,-0.6931471805599453,3.044522437723423,3.091042453358316,0.0,-0.6931471805599453,3.218875824868201,4.897839799950911
ERR260175,0,-0.6931471805599453,1.0986122886681096,-0.6931471805599453,0.0,0.6931471805599453,0.6931471805599453,0.6931471805599453,-0.6931471805599453,0.6931471805599453,2.197224577336219,1.9459101490553128,-0.6931471805599453,0.6931471805599453,0.0,1.0986122886681096,-0.6931471805599453,1.0986122886681096,0.0,-0.6931471805599453,0.0,0.0,0.0,0.0,2.302585092994045,3.295836866004329,0.6931471805599453,0.0,1.0986122886681096,-0.6931471805599453,-0.6931471805599453,0.0,0.0,1.6094379124341005,0.0,0.0,2.5649493574615367,-0.6931471805599453,0.6931471805599453,0.0,1.791759469228055,-0.6931471805599453,2.302585092994045,2.079441541679836,-0.6931471805599453,0.0,1.0986122886681096,1.9459101490553128,0.6931471805599453,0.0,3.555348061489413,-0.6931471805599453,1.791759469228055,0.6931471805599453,0.0,1.3862943611198906,-0.6931471805599453,3.3672958299864737,0.0,1.9459101490553128,-0.6931471805599453,-0.6931471805599453,2.079441541679836,0.6931471805599453,-0.6931471805599453,-0.6931471805599453,1.791759469228055,-0.6931471805599453,-0.6931471805599453,-0.6931471805599453,4.158883083359672,2.197224577336219,-0.6931471805599453,0.0,1.791759469228055,2.302585092994045,0.0,1.3862943611198906,1.0986122886681096,-0.6931471805599453,-0.6931471805599453,2.197224577336219,-0.6931471805599453,2.302585092994045,-0.6931471805599453,-0.6931471805599453,1.0986122886681096,-0.6931471805599453,2.995732273553991,1.3862943611198906,-0.6931471805599453,-0.6931471805599453,-0.6931471805599453,0.0,0.6931471805599453,0.0,3.218875824868201,-0.6931471805599453,-0.6931471805599453,2.3978952727983707,-0.6931471805599453,0.6931471805599453,-0.6931471805599453,-0.6931471805599453,1.3862943611198906,0.6931471805599453,2.302585092994045,3.332204510175204,2.833213344056216,1.791759469228055,-0.6931471805599453,1.0986122886681096,0.0,0.6931471805599453,2.3978952727983707,1.0986122886681096,1.0986122886681096,-0.6931471805599453,1.0986122886681096,0.6931471805599453,1.0986122886681096,3.58351893845611,-0.6931471805599453,1.0986122886681096,1.3862943611198906,2.70805020110221,0.6931471805599453,2.197224577336219,0.6931471805599453,-0.6931471805599453,-0.6931471805599453,-0.6931471805599453,1.0986122886681096,-0.6931471805599453,3.4657359027997265,3.7612001156935615,0.0,1.3862943611198906,1.791759469228055,0.6931471805599453,0.6931471805599453,2.3978952727983707,1.3862943611198906,0.0,2.833213344056216,-0.6931471805599453,-0.6931471805599453,-0.6931471805599453,0.6931471805599453,2.302585092994045,4.330733340286331,2.197224577336219,-0.6931471805599453,-0.6931471805599453,0.0,-0.6931471805599453,0.6931471805599453,-0.6931471805599453,-0.6931471805599453,-0.6931471805599453,-0.6931471805599453,0.0,0.6931471805599453,-0.6931471805599453,-0.6931471805599453,-0.6931471805599453,-0.6931471805599453,-0.6931471805599453,1.0986122886681096,0.0,0.0,-0.6931471805599453,1.6094379124341005,-0.6931471805599453,-0.6931471805599453,-0.6931471805599453,1.0986122886681096,2.4849066497880004,0.0,-0.6931471805599453,1.3862943611198906,2.302585092994045,-0.6931471805599453,1.3862943611198906,0.6931471805599453,2.5649493574615367,-0.6931471805599453,0.6931471805599453,2.70805020110221,1.0986122886681096,3.218875824868201,-0.6931471805599453,-0.6931471805599453,1.9459101490553128,2.3978952727983707,2.079441541679836,2.4849066497880004,3.49650756146648,-0.6931471805599453,2.70805020110221,4.158883083359672
ERR260176,1,1.6094379124341005,-0.6931471805599453,0.0,-0.6931471805599453,-0.6931471805599453,-0.6931471805599453,1.3862943611198906,-0.6931471805599453,-0.6931471805599453,1.9459101490553128,1.6094379124341005,0.0,0.0,0.0,2.6390573296152584,-0.6931471805599453,-0.6931471805599453,-0.6931471805599453,0.0,-0.6931471805599453,1.6094379124341005,1.6094379124341005,0.6931471805599453,0.6931471805599453,2.70805020110221,-0.6931471805599453,-0.6931471805599453,1.6094379124341005,-0.6931471805599453,1.0986122886681096,-0.6931471805599453,0.0,2.079441541679836,0.6931471805599453,0.6931471805599453,2.3978952727983707,0.0,1.9459101490553128,-0.6931471805599453,0.0,-0.6931471805599453,-0.6931471805599453,-0.6931471805599453,-0.6931471805599453,-0.6931471805599453,0.6931471805599453,1.791759469228055,1.0986122886681096,-0.6931471805599453,3.295836866004329,-0.6931471805599453,0.0,-0.6931471805599453,-0.6931471805599453,1.0986122886681096,3.1780538303479453,1.0986122886681096,-0.6931471805599453,1.3862943611198906,-0.6931471805599453,-0.6931471805599453,-0.6931471805599453,0.0,-0.6931471805599453,-0.6931471805599453,0.6931471805599453,-0.6931471805599453,-0.6931471805599453,3.80666248977032,4.143134726391533,0.0,0.0,-0.6931471805599453,0.0,-0.6931471805599453,1.6094379124341005,-0.6931471805599453,0.6931471805599453,-0.6931471805599453,-0.6931471805599453,3.4339872044851463,-0.6931471805599453,2.833213344056216,-0.6931471805599453,-0.6931471805599453,-0.6931471805599453,-0.6931471805599453,-0.6931471805599453,-0.6931471805599453,-0.6931471805599453,-0.6931471805599453,0.0,-0.6931471805599453,1.3862943611198906,-0.6931471805599453,1.6094379124341005,-0.6931471805599453,0.0,-0.6931471805599453,-0.6931471805599453,-0.6931471805599453,5.153291594497778,-0.6931471805599453,1.0986122886681096,1.0986122886681096,-0.6931471805599453,1.0986122886681096,1.0986122886681096,0.6931471805599453,-0.6931471805599453,1.791759469228055,-0.6931471805599453,-0.6931471805599453,-0.6931471805599453,-0.6931471805599453,1.9459101490553128,-0.6931471805599453,1.791759469228055,0.0,-0.6931471805599453,0.0,1.0986122886681096,-0.6931471805599453,0.6931471805599453,1.3862943611198906,-0.6931471805599453,3.58351893845611,-0.6931471805599453,-0.6931471805599453,-0.6931471805599453,-0.6931471805599453,0.6931471805599453,-0.6931471805599453,2.5649493574615367,0.0,-0.6931471805599453,0.6931471805599453,0.6931471805599453,-0.6931471805599453,-0.6931471805599453,-0.6931471805599453,0.0,-0.6931471805599453,4.04305126783455,1.791759469228055,-0.6931471805599453,0.0,0.6931471805599453,-0.6931471805599453,3.218875824868201,2.3978952727983707,0.6931471805599453,-0.6931471805599453,1.9459101490553128,-0.6931471805599453,0.0,-0.6931471805599453,-0.6931471805599453,-0.6931471805599453,-0.6931471805599453,-0.6931471805599453,-0.6931471805599453,-0.6931471805599453,-0.6931471805599453,0.6931471805599453,1.3862943611198906,-0.6931471805599453,-0.6931471805599453,-0.6931471805599453,-0.6931471805599453,-0.6931471805599453,1.6094379124341005,-0.6931471805599453,-0.6931471805599453,-0.6931471805599453,-0.6931471805599453,3.80666248977032,-0.6931471805599453,-0.6931471805599453,0.6931471805599453,2.079441541679836,-0.6931471805599453,0.0,-0.6931471805599453,3.3672958299864737,-0.6931471805599453,1.0986122886681096,-0.6931471805599453,2.197224577336219,2.3978952727983707,-0.6931471805599453,-0.6931471805599453,1.0986122886681096,2.6390573296152584,3.4339872044851463,1.6094379124341005,1.0986122886681096,-0.6931471805599453,3.1354942159291497,3.9702919135521215
ERR260178,1,1.0986122886681096,-0.6931471805599453,-0.6931471805599453,-0.6931471805599453,1.6094379124341005,0.6931471805599453,-0.6931471805599453,0.0,-0.6931471805599453,3.091042453358316,2.079441541679836,-0.6931471805599453,-0.6931471805599453,-0.6931471805599453,2.079441541679836,-0.6931471805599453,1.9459101490553128,0.6931471805599453,-0.6931471805599453,-0.6931471805599453,0.0,-0.6931471805599453,0.6931471805599453,2.302585092994045,3.951243718581427,1.6094379124341005,-0.6931471805599453,0.6931471805599453,-0.6931471805599453,2.4849066497880004,-0.6931471805599453,0.6931471805599453,2.302585092994045,1.3862943611198906,2.772588722239781,2.079441541679836,2.8903717578961645,1.791759469228055,-0.6931471805599453,-0.6931471805599453,-0.6931471805599453,0.6931471805599453,1.9459101490553128,-0.6931471805599453,4.143134726391533,1.0986122886681096,1.3862943611198906,2.6390573296152584,-0.6931471805599453,4.465908118654584,-0.6931471805599453,-0.6931471805599453,1.0986122886681096,0.6931471805599453,0.6931471805599453,-0.6931471805599453,2.6390573296152584,1.0986122886681096,1.3862943611198906,1.791759469228055,0.0,1.9459101490553128,1.3862943611198906,2.079441541679836,-0.6931471805599453,0.6931471805599453,-0.6931471805599453,-0.6931471805599453,-0.6931471805599453,4.23410650459726,1.6094379124341005,-0.6931471805599453,0.0,1.0986122886681096,-0.6931471805599453,0.6931471805599453,2.772588722239781,-0.6931471805599453,-0.6931471805599453,-0.6931471805599453,3.988984046564274,-0.6931471805599453,3.218875824868201,0.6931471805599453,1.3862943611198906,-0.6931471805599453,1.0986122886681096,0.0,2.079441541679836,-0.6931471805599453,0.0,-0.6931471805599453,-0.6931471805599453,2.772588722239781,-0.6931471805599453,3.091042453358316,-0.6931471805599453,0.6931471805599453,-0.6931471805599453,-0.6931471805599453,-0.6931471805599453,-0.6931471805599453,-0.6931471805599453,2.3978952727983707,0.6931471805599453,-0.6931471805599453,1.9459101490553128,3.3672958299864737,2.8903717578961645,-0.6931471805599453,1.791759469228055,-0.6931471805599453,1.6094379124341005,-0.6931471805599453,2.6390573296152584,0.0,-0.6931471805599453,3.4011973816621555,3.8918202981106265,2.302585092994045,3.1354942159291497,2.6390573296152584,-0.6931471805599453,-0.6931471805599453,1.3862943611198906,3.091042453358316,2.302585092994045,1.6094379124341005,2.772588722239781,-0.6931471805599453,0.0,0.0,1.3862943611198906,4.04305126783455,-0.6931471805599453,-0.6931471805599453,-0.6931471805599453,1.6094379124341005,0.0,3.091042453358316,1.0986122886681096,2.833213344056216,1.0986122886681096,4.290459441148391,0.0,3.1354942159291497,-0.6931471805599453,1.0986122886681096,0.0,5.438079308923196,3.2580965380214817,-0.6931471805599453,-0.6931471805599453,1.0986122886681096,-0.6931471805599453,-0.6931471805599453,-0.6931471805599453,-0.6931471805599453,-0.6931471805599453,2.302585092994045,-0.6931471805599453,0.6931471805599453,2.3978952727983707,0.0,2.4849066497880004,-0.6931471805599453,-0.6931471805599453,-0.6931471805599453,4.31748811353631,0.6931471805599453,-0.6931471805599453,2.079441541679836,-0.6931471805599453,2.197224577336219,-0.6931471805599453,2.197224577336219,4.0943445622221,1.3862943611198906,-0.6931471805599453,0.6931471805599453,2.70805020110221,-0.6931471805599453,2.197224577336219,2.8903717578961645,3.80666248977032,-0.6931471805599453,1.6094379124341005,-0.6931471805599453,2.8903717578961645,3.2580965380214817,0.0,0.0,1.3862943611198906,-0.6931471805599453,2.4849066497880004,1.0986122886681096,-0.6931471805599453,-0.6931471805599453,4.394449154672438,4.5217885770490405
ERR260179,1,0.6931471805599453,-0.6931471805599453,-0.6931471805599453,0.6931471805599453,1.0986122886681096,1.6094379124341005,2.4849066497880004,-0.6931471805599453,0.6931471805599453,2.9444389791664403,1.6094379124341005,-0.6931471805599453,-0.6931471805599453,-0.6931471805599453,1.9459101490553128,-0.6931471805599453,1.791759469228055,-0.6931471805599453,-0.6931471805599453,-0.6931471805599453,1.3862943611198906,0.6931471805599453,1.0986122886681096,4.564348191467836,3.3672958299864737,2.833213344056216,-0.6931471805599453,0.6931471805599453,-0.6931471805599453,1.6094379124341005,-0.6931471805599453,0.0,0.6931471805599453,1.6094379124341005,0.6931471805599453,2.5649493574615367,4.465908118654584,0.6931471805599453,-0.6931471805599453,0.0,-0.6931471805599453,1.791759469228055,1.6094379124341005,-0.6931471805599453,2.4849066497880004,1.6094379124341005,2.3978952727983707,2.3978952727983707,-0.6931471805599453,4.3694478524670215,-0.6931471805599453,1.6094379124341005,0.0,-0.6931471805599453,1.6094379124341005,-0.6931471805599453,1.6094379124341005,-0.6931471805599453,0.0,0.6931471805599453,0.0,1.791759469228055,-0.6931471805599453,-0.6931471805599453,-0.6931471805599453,1.6094379124341005,1.3862943611198906,-0.6931471805599453,-0.6931471805599453,4.290459441148391,0.0,-0.6931471805599453,-0.6931471805599453,3.4011973816621555,-0.6931471805599453,1.0986122886681096,1.0986122886681096,0.0,-0.6931471805599453,-0.6931471805599453,3.7612001156935615,-0.6931471805599453,3.80666248977032,0.0,-0.6931471805599453,-0.6931471805599453,0.0,1.0986122886681096,1.0986122886681096,-0.6931471805599453,-0.6931471805599453,-0.6931471805599453,0.0,-0.6931471805599453,-0.6931471805599453,2.8903717578961645,-0.6931471805599453,-0.6931471805599453,-0.6931471805599453,0.0,0.0,-0.6931471805599453,-0.6931471805599453,2.079441541679836,1.791759469228055,-0.6931471805599453,1.9459101490553128,1.9459101490553128,1.3862943611198906,-0.6931471805599453,0.6931471805599453,1.3862943611198906,0.6931471805599453,-0.6931471805599453,2.302585092994045,2.772588722239781,0.6931471805599453,4.127134385045092,3.688879454113936,1.3862943611198906,2.4849066497880004,-0.6931471805599453,-0.6931471805599453,0.6931471805599453,2.772588722239781,-0.6931471805599453,2.5649493574615367,2.079441541679836,1.3862943611198906,-0.6931471805599453,-0.6931471805599453,1.791759469228055,-0.6931471805599453,3.784189633918261,-0.6931471805599453,2.772588722239781,-0.6931471805599453,-0.6931471805599453,0.0,1.791759469228055,-0.6931471805599453,1.6094379124341005,-0.6931471805599453,4.143134726391533,0.0,2.302585092994045,-0.6931471805599453,1.6094379124341005,1.3862943611198906,4.919980925828125,3.218875824868201,-0.6931471805599453,-0.6931471805599453,1.9459101490553128,-0.6931471805599453,0.0,-0.6931471805599453,-0.6931471805599453,-0.6931471805599453,-0.6931471805599453,-0.6931471805599453,-0.6931471805599453,1.0986122886681096,-0.6931471805599453,4.127134385045092,3.1354942159291497,-0.6931471805599453,1.0986122886681096,0.0,0.0,-0.6931471805599453,0.6931471805599453,-0.6931471805599453,2.197224577336219,-0.6931471805599453,0.6931471805599453,4.219507705176107,-0.6931471805599453,-0.6931471805599453,-0.6931471805599453,1.0986122886681096,-0.6931471805599453,2.079441541679836,1.791759469228055,3.610917912644224,-0.6931471805599453,0.0,0.6931471805599453,2.079441541679836,1.3862943611198906,-0.6931471805599453,1.0986122886681096,0.0,2.3978952727983707,1.3862943611198906,1.6094379124341005,2.833213344056216,0.0,3.295836866004329,4.59511985013459
ERR260180,0,2.6390573296152584,-0.6931471805599453,-0.6931471805599453,1.6094379124341005,-0.6931471805599453,0.0,0.6931471805599453,-0.6931471805599453,1.3862943611198906,3.6375861597263857,1.0986122886681096,-0.6931471805599453,1.0986122886681096,1.0986122886681096,0.0,0.0,0.0,-0.6931471805599453,2.302585092994045,-0.6931471805599453,2.3978952727983707,2.079441541679836,1.9459101490553128,1.791759469228055,3.828641396489095,-0.6931471805599453,-0.6931471805599453,2.197224577336219,-0.6931471805599453,-0.6931471805599453,-0.6931471805599453,3.044522437723423,1.791759469228055,0.0,0.0,3.4339872044851463,0.0,2.4849066497880004,1.791759469228055,1.0986122886681096,0.0,-0.6931471805599453,-0.6931471805599453,-0.6931471805599453,1.6094379124341005,2.079441541679836,0.6931471805599453,0.6931471805599453,-0.6931471805599453,4.382026634673881,1.0986122886681096,1.6094379124341005,-0.6931471805599453,1.0986122886681096,2.5649493574615367,-0.6931471805599453,0.6931471805599453,-0.6931471805599453,2.5649493574615367,-0.6931471805599453,-0.6931471805599453,1.3862943611198906,1.0986122886681096,1.0986122886681096,-0.6931471805599453,1.6094379124341005,1.3862943611198906,-0.6931471805599453,-0.6931471805599453,3.1780538303479453,-0.6931471805599453,-0.6931471805599453,-0.6931471805599453,2.197224577336219,2.079441541679836,0.0,-0.6931471805599453,0.6931471805599453,-0.6931471805599453,-0.6931471805599453,2.70805020110221,-0.6931471805599453,2.3978952727983707,2.4849066497880004,-0.6931471805599453,-0.6931471805599453,0.6931471805599453,2.8903717578961645,0.0,-0.6931471805599453,-0.6931471805599453,0.6931471805599453,-0.6931471805599453,1.3862943611198906,-0.6931471805599453,2.772588722239781,-0.6931471805599453,-0.6931471805599453,-0.6931471805599453,0.6931471805599453,-0.6931471805599453,0.6931471805599453,-0.6931471805599453,0.6931471805599453,2.833213344056216,-0.6931471805599453,2.197224577336219,2.4849066497880004,1.6094379124341005,-0.6931471805599453,2.3978952727983707,-0.6931471805599453,-0.6931471805599453,0.0,-0.6931471805599453,1.0986122886681096,-0.6931471805599453,2.197224577336219,0.0,-0.6931471805599453,2.70805020110221,0.6931471805599453,-0.6931471805599453,0.6931471805599453,1.3862943611198906,-0.6931471805599453,1.9459101490553128,1.6094379124341005,-0.6931471805599453,-0.6931471805599453,-0.6931471805599453,-0.6931471805599453,0.0,3.6375861597263857,0.6931471805599453,0.0,-0.6931471805599453,2.833213344056216,0.0,-0.6931471805599453,2.3978952727983707,-0.6931471805599453,1.0986122886681096,3.044522437723423,-0.6931471805599453,-0.6931471805599453,-0.6931471805599453,0.0,1.3862943611198906,4.543294782270004,1.3862943611198906,-0.6931471805599453,-0.6931471805599453,0.6931471805599453,-0.6931471805599453,-0.6931471805599453,0.0,-0.6931471805599453,-0.6931471805599453,0.6931471805599453,-0.6931471805599453,1.3862943611198906,-0.6931471805599453,-0.6931471805599453,-0.6931471805599453,-0.6931471805599453,-0.6931471805599453,-0.6931471805599453,-0.6931471805599453,-0.6931471805599453,-0.6931471805599453,-0.6931471805599453,-0.6931471805599453,-0.6931471805599453,-0.6931471805599453,-0.6931471805599453,3.218875824868201,0.0,-0.6931471805599453,-0.6931471805599453,0.6931471805599453,0.6931471805599453,1.0986122886681096,-0.6931471805599453,2.6390573296152584,-0.6931471805599453,0.0,2.302585092994045,-0.6931471805599453,2.70805020110221,-0.6931471805599453,-0.6931471805599453,1.0986122886681096,-0.6931471805599453,2.302585092994045,1.791759469228055,1.0986122886681096,-0.6931471805599453,2.197224577336219,4.727387818712341
ERR260181,1,2.3978952727983707,-0.6931471805599453,0.6931471805599453,1.9459101490553128,2.772588722239781,1.0986122886681096,1.6094379124341005,-0.6931471805599453,-0.6931471805599453,3.218875824868201,1.6094379124341005,2.3978952727983707,-0.6931471805599453,-0.6931471805599453,2.5649493574615367,-0.6931471805599453,2.302585092994045,-0.6931471805599453,-0.6931471805599453,-0.6931471805599453,2.5649493574615367,1.3862943611198906,0.6931471805599453,3.332204510175204,3.737669618283368,2.079441541679836,-0.6931471805599453,2.197224577336219,-0.6931471805599453,2.302585092994045,1.3862943611198906,2.079441541679836,0.6931471805599453,2.302585092994045,2.197224577336219,3.1354942159291497,-0.6931471805599453,1.791759469228055,-0.6931471805599453,-0.6931471805599453,0.6931471805599453,2.3978952727983707,1.3862943611198906,1.6094379124341005,1.0986122886681096,1.6094379124341005,0.0,1.791759469228055,-0.6931471805599453,4.795790545596741,-0.6931471805599453,2.079441541679836,1.6094379124341005,-0.6931471805599453,2.3978952727983707,-0.6931471805599453,-0.6931471805599453,0.6931471805599453,2.079441541679836,0.0,1.0986122886681096,2.302585092994045,0.0,0.6931471805599453,-0.6931471805599453,2.079441541679836,-0.6931471805599453,0.6931471805599453,-0.6931471805599453,3.912023005428146,-0.6931471805599453,-0.6931471805599453,1.3862943611198906,0.6931471805599453,1.6094379124341005,0.6931471805599453,1.0986122886681096,-0.6931471805599453,-0.6931471805599453,0.6931471805599453,2.302585092994045,-0.6931471805599453,3.044522437723423,-0.6931471805599453,-0.6931471805599453,-0.6931471805599453,2.302585092994045,-0.6931471805599453,1.791759469228055,1.0986122886681096,0.0,-0.6931471805599453,0.0,1.6094379124341005,-0.6931471805599453,2.197224577336219,-0.6931471805599453,-0.6931471805599453,-0.6931471805599453,2.772588722239781,-0.6931471805599453,-0.6931471805599453,3.1354942159291497,1.6094379124341005,2.3978952727983707,-0.6931471805599453,2.70805020110221,1.3862943611198906,2.302585092994045,0.0,2.5649493574615367,1.0986122886681096,2.302585092994045,-0.6931471805599453,-0.6931471805599453,0.6931471805599453,1.6094379124341005,2.197224577336219,2.833213344056216,0.6931471805599453,2.3978952727983707,1.0986122886681096,1.0986122886681096,1.9459101490553128,1.0986122886681096,-0.6931471805599453,3.332204510175204,1.3862943611198906,1.3862943611198906,1.791759469228055,0.0,0.6931471805599453,0.0,3.555348061489413,-0.6931471805599453,1.9459101490553128,0.0,0.0,-0.6931471805599453,3.4339872044851463,0.0,3.988984046564274,-0.6931471805599453,3.828641396489095,-0.6931471805599453,0.0,-0.6931471805599453,0.0,0.0,5.308267697401204,2.302585092994045,-0.6931471805599453,-0.6931471805599453,0.0,-0.6931471805599453,-0.6931471805599453,-0.6931471805599453,0.0,-0.6931471805599453,2.833213344056216,-0.6931471805599453,1.791759469228055,1.9459101490553128,-0.6931471805599453,-0.6931471805599453,-0.6931471805599453,-0.6931471805599453,-0.6931471805599453,-0.6931471805599453,-0.6931471805599453,-0.6931471805599453,2.995732273553991,-0.6931471805599453,2.197224577336219,-0.6931471805599453,1.791759469228055,3.951243718581427,1.0986122886681096,-0.6931471805599453,-0.6931471805599453,1.0986122886681096,-0.6931471805599453,2.772588722239781,2.4849066497880004,2.5649493574615367,-0.6931471805599453,1.3862943611198906,-0.6931471805599453,1.791759469228055,2.3978952727983707,0.0,1.6094379124341005,2.302585092994045,-0.6931471805599453,1.791759469228055,0.0,1.0986122886681096,-0.6931471805599453,3.2580965380214817,4.477336814478206
ERR260182,1,0.6931471805599453,-0.6931471805599453,2.3978952727983707,1.6094379124341005,2.3978952727983707,0.0,1.9459101490553128,-0.6931471805599453,-0.6931471805599453,3.2580965380214817,1.3862943611198906,-0.6931471805599453,-0.6931471805599453,1.0986122886681096,1.9459101490553128,-0.6931471805599453,2.6390573296152584,0.0,-0.6931471805599453,-0.6931471805599453,1.9459101490553128,1.6094379124341005,1.3862943611198906,1.791759469228055,3.49650756146648,0.6931471805599453,-0.6931471805599453,2.4849066497880004,0.0,1.6094379124341005,0.6931471805599453,1.791759469228055,1.3862943611198906,1.3862943611198906,1.9459101490553128,2.8903717578961645,-0.6931471805599453,1.6094379124341005,-0.6931471805599453,0.6931471805599453,3.4657359027997265,2.4849066497880004,2.6390573296152584,0.0,1.0986122886681096,2.079441541679836,-0.6931471805599453,1.9459101490553128,-0.6931471805599453,4.189654742026425,-0.6931471805599453,1.3862943611198906,-0.6931471805599453,-0.6931471805599453,2.8903717578961645,3.2580965380214817,-0.6931471805599453,0.6931471805599453,2.70805020110221,1.3862943611198906,0.6931471805599453,1.0986122886681096,1.9459101490553128,0.6931471805599453,-0.6931471805599453,2.5649493574615367,-0.6931471805599453,-0.6931471805599453,3.951243718581427,3.295836866004329,-0.6931471805599453,-0.6931471805599453,0.0,-0.6931471805599453,1.6094379124341005,-0.6931471805599453,0.0,-0.6931471805599453,1.3862943611198906,0.0,2.3978952727983707,-0.6931471805599453,2.772588722239781,-0.6931471805599453,0.0,-0.6931471805599453,1.6094379124341005,0.0,-0.6931471805599453,-0.6931471805599453,-0.6931471805599453,1.3862943611198906,-0.6931471805599453,-0.6931471805599453,-0.6931471805599453,2.3978952727983707,-0.6931471805599453,-0.6931471805599453,-0.6931471805599453,0.0,-0.6931471805599453,3.951243718581427,-0.6931471805599453,1.791759469228055,1.3862943611198906,-0.6931471805599453,1.9459101490553128,2.6390573296152584,3.1354942159291497,0.0,2.079441541679836,1.0986122886681096,1.0986122886681096,-0.6931471805599453,1.0986122886681096,-0.6931471805599453,2.079441541679836,2.3978952727983707,2.70805020110221,1.6094379124341005,3.332204510175204,-0.6931471805599453,-0.6931471805599453,2.197224577336219,1.9459101490553128,2.302585092994045,1.0986122886681096,1.3862943611198906,0.6931471805599453,2.9444389791664403,0.0,-0.6931471805599453,2.5649493574615367,2.6390573296152584,2.8903717578961645,-0.6931471805599453,-0.6931471805599453,2.197224577336219,-0.6931471805599453,2.995732273553991,2.079441541679836,2.772588722239781,0.6931471805599453,3.332204510175204,-0.6931471805599453,0.0,-0.6931471805599453,-0.6931471805599453,1.6094379124341005,4.204692619390966,1.6094379124341005,2.197224577336219,-0.6931471805599453,2.197224577336219,1.6094379124341005,-0.6931471805599453,-0.6931471805599453,0.6931471805599453,-0.6931471805599453,2.772588722239781,-0.6931471805599453,1.3862943611198906,1.0986122886681096,0.0,-0.6931471805599453,-0.6931471805599453,3.688879454113936,-0.6931471805599453,3.784189633918261,-0.6931471805599453,0.0,-0.6931471805599453,-0.6931471805599453,2.4849066497880004,1.791759469228055,1.6094379124341005,3.218875824868201,-0.6931471805599453,1.791759469228055,-0.6931471805599453,2.5649493574615367,3.1780538303479453,1.6094379124341005,0.6931471805599453,2.3978952727983707,-0.6931471805599453,0.6931471805599453,2.302585092994045,1.0986122886681096,2.5649493574615367,-0.6931471805599453,1.0986122886681096,0.0,-0.6931471805599453,1.3862943611198906,1.6094379124341005,-0.6931471805599453,1.0986122886681096,2.772588722239781,4.060443010546419
ERR260185,1,1.9459101490553128,-0.6931471805599453,-0.6931471805599453,1.6094379124341005,1.6094379124341005,1.0986122886681096,2.9444389791664403,-0.6931471805599453,-0.6931471805599453,3.6375861597263857,1.791759469228055,0.6931471805599453,0.0,0.0,1.0986122886681096,-0.6931471805599453,2.302585092994045,-0.6931471805599453,-0.6931471805599453,-0.6931471805599453,2.302585092994045,1.3862943611198906,1.6094379124341005,4.007333185232471,4.127134385045092,-0.6931471805599453,-0.6931471805599453,2.3978952727983707,-0.6931471805599453,2.302585092994045,1.0986122886681096,1.9459101490553128,2.3978952727983707,1.0986122886681096,-0.6931471805599453,3.218875824868201,-0.6931471805599453,2.302585092994045,0.6931471805599453,-0.6931471805599453,0.6931471805599453,2.5649493574615367,1.9459101490553128,0.0,-0.6931471805599453,3.044522437723423,2.197224577336219,-0.6931471805599453,-0.6931471805599453,4.962844630259907,-0.6931471805599453,2.197224577336219,0.6931471805599453,0.0,2.772588722239781,1.3862943611198906,1.6094379124341005,-0.6931471805599453,2.4849066497880004,0.6931471805599453,-0.6931471805599453,3.044522437723423,1.791759469228055,0.0,-0.6931471805599453,1.9459101490553128,1.791759469228055,-0.6931471805599453,1.3862943611198906,3.58351893845611,-0.6931471805599453,-0.6931471805599453,-0.6931471805599453,1.9459101490553128,2.8903717578961645,0.6931471805599453,0.6931471805599453,1.3862943611198906,-0.6931471805599453,-0.6931471805599453,2.3978952727983707,0.0,2.6390573296152584,1.0986122886681096,-0.6931471805599453,-0.6931471805599453,1.791759469228055,-0.6931471805599453,-0.6931471805599453,0.0,-0.6931471805599453,0.6931471805599453,-0.6931471805599453,-0.6931471805599453,-0.6931471805599453,2.6390573296152584,-0.6931471805599453,-0.6931471805599453,0.0,-0.6931471805599453,-0.6931471805599453,1.0986122886681096,-0.6931471805599453,0.0,1.9459101490553128,-0.6931471805599453,2.079441541679836,2.302585092994045,1.9459101490553128,0.0,2.833213344056216,0.6931471805599453,1.0986122886681096,-0.6931471805599453,0.0,3.1780538303479453,-0.6931471805599453,2.5649493574615367,-0.6931471805599453,1.0986122886681096,2.6390573296152584,-0.6931471805599453,-0.6931471805599453,1.0986122886681096,1.0986122886681096,2.302585092994045,2.302585092994045,-0.6931471805599453,1.6094379124341005,0.0,0.6931471805599453,0.6931471805599453,1.0986122886681096,3.912023005428146,0.0,2.197224577336219,1.3862943611198906,1.6094379124341005,-0.6931471805599453,1.3862943611198906,1.0986122886681096,1.791759469228055,0.0,3.4011973816621555,0.0,-0.6931471805599453,-0.6931471805599453,1.791759469228055,1.6094379124341005,4.844187086458591,1.0986122886681096,0.0,-0.6931471805599453,2.079441541679836,0.6931471805599453,0.0,-0.6931471805599453,0.0,-0.6931471805599453,0.0,-0.6931471805599453,1.3862943611198906,0.0,-0.6931471805599453,-0.6931471805599453,-0.6931471805599453,-0.6931471805599453,0.6931471805599453,-0.6931471805599453,-0.6931471805599453,0.0,3.688879454113936,-0.6931471805599453,-0.6931471805599453,-0.6931471805599453,2.079441541679836,2.302585092994045,1.791759469228055,-0.6931471805599453,-0.6931471805599453,1.3862943611198906,-0.6931471805599453,-0.6931471805599453,1.3862943611198906,2.5649493574615367,-0.6931471805599453,0.0,3.091042453358316,-0.6931471805599453,2.3978952727983707,-0.6931471805599453,0.0,3.091042453358316,2.4849066497880004,3.1354942159291497,1.3862943611198906,-0.6931471805599453,1.0986122886681096,1.0986122886681096,4.700480365792416
ERR260186,1,0.6931471805599453,1.6094379124341005,0.0,0.0,0.6931471805599453,2.3978952727983707,1.3862943611198906,-0.6931471805599453,0.0,2.5649493574615367,2.302585092994045,1.3862943611198906,-0.6931471805599453,2.6390573296152584,2.079441541679836,-0.6931471805599453,1.9459101490553128,0.0,1.3862943611198906,-0.6931471805599453,1.6094379124341005,-0.6931471805599453,1.0986122886681096,1.3862943611198906,3.4339872044851463,1.3862943611198906,-0.6931471805599453,0.6931471805599453,-0.6931471805599453,1.0986122886681096,-0.6931471805599453,0.6931471805599453,1.9459101490553128,0.6931471805599453,1.791759469228055,2.3978952727983707,-0.6931471805599453,-0.6931471805599453,1.0986122886681096,1.9459101490553128,-0.6931471805599453,3.1354942159291497,2.197224577336219,-0.6931471805599453,1.0986122886681096,1.791759469228055,1.3862943611198906,2.302585092994045,0.6931471805599453,4.110873864173311,-0.6931471805599453,0.0,-0.6931471805599453,-0.6931471805599453,-0.6931471805599453,-0.6931471805599453,1.3862943611198906,-0.6931471805599453,0.6931471805599453,1.0986122886681096,-0.6931471805599453,1.9459101490553128,2.3978952727983707,-0.6931471805599453,-0.6931471805599453,1.791759469228055,0.0,0.6931471805599453,-0.6931471805599453,3.6375861597263857,1.3862943611198906,1.6094379124341005,-0.6931471805599453,1.9459101490553128,1.3862943611198906,0.6931471805599453,0.6931471805599453,1.9459101490553128,-0.6931471805599453,0.0,2.8903717578961645,-0.6931471805599453,2.197224577336219,-0.6931471805599453,-0.6931471805599453,-0.6931471805599453,0.0,1.0986122886681096,1.0986122886681096,-0.6931471805599453,0.6931471805599453,0.0,-0.6931471805599453,-0.6931471805599453,-0.6931471805599453,2.9444389791664403,-0.6931471805599453,-0.6931471805599453,0.6931471805599453,0.6931471805599453,-0.6931471805599453,0.0,-0.6931471805599453,2.3978952727983707,0.0,-0.6931471805599453,0.0,3.49650756146648,2.302585092994045,-0.6931471805599453,2.302585092994045,1.791759469228055,1.3862943611198906,-0.6931471805599453,1.0986122886681096,1.6094379124341005,1.3862943611198906,1.9459101490553128,2.079441541679836,2.079441541679836,2.833213344056216,-0.6931471805599453,-0.6931471805599453,-0.6931471805599453,0.0,-0.6931471805599453,1.9459101490553128,1.3862943611198906,1.9459101490553128,1.6094379124341005,-0.6931471805599453,1.0986122886681096,-0.6931471805599453,3.828641396489095,0.0,1.0986122886681096,-0.6931471805599453,2.995732273553991,-0.6931471805599453,1.791759469228055,-0.6931471805599453,1.0986122886681096,0.6931471805599453,2.9444389791664403,-0.6931471805599453,2.197224577336219,-0.6931471805599453,-0.6931471805599453,3.4339872044851463,5.087596335232384,0.6931471805599453,-0.6931471805599453,0.0,1.791759469228055,-0.6931471805599453,1.6094379124341005,-0.6931471805599453,-0.6931471805599453,1.3862943611198906,2.197224577336219,-0.6931471805599453,0.0,0.0,-0.6931471805599453,-0.6931471805599453,-0.6931471805599453,-0.6931471805599453,0.0,1.0986122886681096,-0.6931471805599453,1.0986122886681096,1.0986122886681096,-0.6931471805599453,-0.6931471805599453,0.0,1.6094379124341005,2.995732273553991,0.6931471805599453,0.6931471805599453,0.0,2.5649493574615367,0.0,2.5649493574615367,1.0986122886681096,3.1780538303479453,-0.6931471805599453,1.0986122886681096,1.6094379124341005,0.0,3.737669618283368,-0.6931471805599453,2.4849066497880004,0.0,-0.6931471805599453,1.9459101490553128,2.9444389791664403,-0.6931471805599453,0.6931471805599453,3.1354942159291497,4.3694478524670215
ERR260188,1,0.0,0.0,-0.6931471805599453,0.0,0.6931471805599453,-0.6931471805599453,0.6931471805599453,-0.6931471805599453,-0.6931471805599453,1.9459101490553128,0.0,0.6931471805599453,-0.6931471805599453,0.0,1.0986122886681096,-0.6931471805599453,0.0,-0.6931471805599453,-0.6931471805599453,-0.6931471805599453,0.6931471805599453,-0.6931471805599453,1.0986122886681096,-0.6931471805599453,3.713572066704308,-0.6931471805599453,-0.6931471805599453,0.0,-0.6931471805599453,1.0986122886681096,-0.6931471805599453,-0.6931471805599453,1.6094379124341005,0.6931471805599453,3.610917912644224,1.6094379124341005,1.3862943611198906,0.0,0.6931471805599453,1.0986122886681096,0.6931471805599453,0.0,0.0,-0.6931471805599453,1.0986122886681096,-0.6931471805599453,1.9459101490553128,1.791759469228055,-0.6931471805599453,4.5217885770490405,-0.6931471805599453,-0.6931471805599453,-0.6931471805599453,0.6931471805599453,-0.6931471805599453,3.4657359027997265,1.3862943611198906,-0.6931471805599453,-0.6931471805599453,0.0,0.0,0.0,0.0,0.6931471805599453,-0.6931471805599453,0.0,-0.6931471805599453,0.0,4.442651256490317,3.49650756146648,0.6931471805599453,-0.6931471805599453,-0.6931471805599453,2.995732273553991,0.0,-0.6931471805599453,1.0986122886681096,1.3862943611198906,-0.6931471805599453,0.0,2.302585092994045,-0.6931471805599453,1.0986122886681096,-0.6931471805599453,-0.6931471805599453,-0.6931471805599453,0.0,1.9459101490553128,0.6931471805599453,-0.6931471805599453,-0.6931471805599453,-0.6931471805599453,0.0,-0.6931471805599453,-0.6931471805599453,1.6094379124341005,-0.6931471805599453,0.0,-0.6931471805599453,0.0,-0.6931471805599453,4.304065093204169,-0.6931471805599453,0.0,1.0986122886681096,2.079441541679836,1.3862943611198906,2.3978952727983707,2.3978952727983707,-0.6931471805599453,1.0986122886681096,1.0986122886681096,0.6931471805599453,-0.6931471805599453,1.0986122886681096,3.6375861597263857,-0.6931471805599453,1.3862943611198906,0.6931471805599453,-0.6931471805599453,0.6931471805599453,-0.6931471805599453,-0.6931471805599453,0.0,3.091042453358316,-0.6931471805599453,1.9459101490553128,0.0,0.0,2.3978952727983707,-0.6931471805599453,-0.6931471805599453,-0.6931471805599453,3.49650756146648,1.0986122886681096,3.218875824868201,-0.6931471805599453,2.4849066497880004,-0.6931471805599453,1.6094379124341005,0.0,1.791759469228055,0.0,3.3672958299864737,0.0,1.791759469228055,-0.6931471805599453,0.0,1.3862943611198906,4.174387269895637,1.6094379124341005,4.543294782270004,-0.6931471805599453,1.3862943611198906,1.6094379124341005,-0.6931471805599453,-0.6931471805599453,-0.6931471805599453,0.6931471805599453,0.0,-0.6931471805599453,-0.6931471805599453,1.6094379124341005,-0.6931471805599453,0.0,-0.6931471805599453,-0.6931471805599453,-0.6931471805599453,-0.6931471805599453,-0.6931471805599453,-0.6931471805599453,1.3862943611198906,-0.6931471805599453,2.079441541679836,-0.6931471805599453,-0.6931471805599453,2.9444389791664403,0.0,-0.6931471805599453,0.0,1.6094379124341005,-0.6931471805599453,1.3862943611198906,1.9459101490553128,3.044522437723423,-0.6931471805599453,0.0,-0.6931471805599453,0.0,2.5649493574615367,-0.6931471805599453,0.0,1.0986122886681096,-0.6931471805599453,1.791759469228055,1.9459101490553128,3.9702919135521215,-0.6931471805599453,2.197224577336219,4.219507705176107
ERR260189,1,2.6390573296152584,1.3862943611198906,-0.6931471805599453,2.197224577336219,1.0986122886681096,1.0986122886681096,-0.6931471805599453,-0.6931471805599453,0.6931471805599453,2.9444389791664403,0.6931471805599453,-0.6931471805599453,-0.6931471805599453,0.6931471805599453,0.6931471805599453,-0.6931471805599453,1.6094379124341005,2.197224577336219,-0.6931471805599453,-0.6931471805599453,2.079441541679836,2.079441541679836,1.0986122886681096,0.6931471805599453,3.8918202981106265,-0.6931471805599453,0.0,2.70805020110221,-0.6931471805599453,1.0986122886681096,1.0986122886681096,2.3978952727983707,0.0,1.0986122886681096,1.3862943611198906,3.1780538303479453,3.295836866004329,2.70805020110221,0.6931471805599453,-0.6931471805599453,-0.6931471805599453,2.302585092994045,2.772588722239781,0.0,-0.6931471805599453,0.6931471805599453,1.791759469228055,1.0986122886681096,1.0986122886681096,4.174387269895637,-0.6931471805599453,1.0986122886681096,0.6931471805599453,0.0,2.70805020110221,-0.6931471805599453,1.3862943611198906,-0.6931471805599453,1.6094379124341005,-0.6931471805599453,1.3862943611198906,1.0986122886681096,0.0,0.0,-0.6931471805599453,1.6094379124341005,-0.6931471805599453,0.0,-0.6931471805599453,3.044522437723423,-0.6931471805599453,-0.6931471805599453,-0.6931471805599453,1.0986122886681096,1.3862943611198906,-0.6931471805599453,0.0,0.6931471805599453,0.6931471805599453,-0.6931471805599453,1.3862943611198906,-0.6931471805599453,1.9459101490553128,-0.6931471805599453,-0.6931471805599453,-0.6931471805599453,-0.6931471805599453,0.0,2.302585092994045,-0.6931471805599453,-0.6931471805599453,1.9459101490553128,-0.6931471805599453,0.0,-0.6931471805599453,3.2580965380214817,-0.6931471805599453,-0.6931471805599453,-0.6931471805599453,0.0,-0.6931471805599453,-0.6931471805599453,-0.6931471805599453,2.3978952727983707,2.9444389791664403,-0.6931471805599453,2.8903717578961645,2.302585092994045,2.302585092994045,-0.6931471805599453,1.791759469228055,0.0,0.0,-0.6931471805599453,-0.6931471805599453,0.0,1.791759469228055,1.6094379124341005,2.772588722239781,2.6390573296152584,2.8903717578961645,-0.6931471805599453,-0.6931471805599453,2.079441541679836,2.302585092994045,0.6931471805599453,0.6931471805599453,1.0986122886681096,-0.6931471805599453,0.6931471805599453,0.0,0.0,0.6931471805599453,3.49650756146648,-0.6931471805599453,-0.6931471805599453,-0.6931471805599453,2.8903717578961645,-0.6931471805599453,0.0,0.6931471805599453,-0.6931471805599453,-0.6931471805599453,2.6390573296152584,-0.6931471805599453,1.6094379124341005,-0.6931471805599453,1.9459101490553128,0.0,4.787491742782046,1.9459101490553128,-0.6931471805599453,-0.6931471805599453,1.0986122886681096,-0.6931471805599453,-0.6931471805599453,-0.6931471805599453,-0.6931471805599453,0.6931471805599453,-0.6931471805599453,-0.6931471805599453,-0.6931471805599453,1.0986122886681096,-0.6931471805599453,2.995732273553991,-0.6931471805599453,-0.6931471805599453,-0.6931471805599453,-0.6931471805599453,-0.6931471805599453,-0.6931471805599453,1.3862943611198906,-0.6931471805599453,2.302585092994045,0.6931471805599453,0.0,1.3862943611198906,-0.6931471805599453,-0.6931471805599453,-0.6931471805599453,2.302585092994045,-0.6931471805599453,0.6931471805599453,1.6094379124341005,2.302585092994045,-0.6931471805599453,0.0,2.079441541679836,-0.6931471805599453,2.3978952727983707,-0.6931471805599453,1.9459101490553128,-0.6931471805599453,-0.6931471805599453,0.0,1.6094379124341005,3.332204510175204,0.0,2.833213344056216,4.59511985013459
ERR260190,1,1.6094379124341005,-0.6931471805599453,0.0,-0.6931471805599453,0.6931471805599453,1.0986122886681096,0.6931471805599453,-0.6931471805599453,0.0,2.70805020110221,2.197224577336219,-0.6931471805599453,-0.6931471805599453,-0.6931471805599453,-0.6931471805599453,0.0,1.791759469228055,0.6931471805599453,-0.6931471805599453,-0.6931471805599453,1.6094379124341005,1.0986122886681096,0.6931471805599453,-0.6931471805599453,3.4657359027997265,0.0,0.0,1.6094379124341005,-0.6931471805599453,3.091042453358316,1.6094379124341005,1.0986122886681096,-0.6931471805599453,-0.6931471805599453,1.3862943611198906,2.3978952727983707,-0.6931471805599453,-0.6931471805599453,-0.6931471805599453,0.0,0.0,1.0986122886681096,1.791759469228055,0.6931471805599453,0.0,0.0,-0.6931471805599453,0.6931471805599453,-0.6931471805599453,3.688879454113936,0.6931471805599453,1.791759469228055,1.791759469228055,1.3862943611198906,1.791759469228055,-0.6931471805599453,0.6931471805599453,0.0,1.6094379124341005,1.0986122886681096,-0.6931471805599453,1.9459101490553128,1.791759469228055,1.6094379124341005,-0.6931471805599453,2.3978952727983707,-0.6931471805599453,-0.6931471805599453,-0.6931471805599453,3.044522437723423,1.3862943611198906,-0.6931471805599453,-0.6931471805599453,1.791759469228055,1.3862943611198906,-0.6931471805599453,1.3862943611198906,0.6931471805599453,-0.6931471805599453,0.6931471805599453,1.791759469228055,-0.6931471805599453,0.0,-0.6931471805599453,1.3862943611198906,-0.6931471805599453,0.0,1.9459101490553128,0.6931471805599453,0.6931471805599453,-0.6931471805599453,1.0986122886681096,0.0,0.0,0.6931471805599453,3.1354942159291497,-0.6931471805599453,0.0,-0.6931471805599453,1.3862943611198906,-0.6931471805599453,-0.6931471805599453,-0.6931471805599453,2.079441541679836,1.791759469228055,-0.6931471805599453,-0.6931471805599453,2.5649493574615367,1.9459101490553128,-0.6931471805599453,2.197224577336219,0.0,1.9459101490553128,-0.6931471805599453,1.3862943611198906,1.0986122886681096,-0.6931471805599453,1.3862943611198906,1.9459101490553128,2.079441541679836,2.4849066497880004,0.0,-0.6931471805599453,1.6094379124341005,0.6931471805599453,3.332204510175204,-0.6931471805599453,-0.6931471805599453,2.079441541679836,-0.6931471805599453,-0.6931471805599453,0.0,-0.6931471805599453,3.526360524616161,-0.6931471805599453,-0.6931471805599453,-0.6931471805599453,2.6390573296152584,-0.6931471805599453,2.197224577336219,-0.6931471805599453,1.6094379124341005,1.0986122886681096,1.9459101490553128,-0.6931471805599453,1.9459101490553128,-0.6931471805599453,-0.6931471805599453,3.713572066704308,4.795790545596741,0.0,-0.6931471805599453,-0.6931471805599453,1.0986122886681096,1.3862943611198906,1.0986122886681096,-0.6931471805599453,-0.6931471805599453,-0.6931471805599453,-0.6931471805599453,-0.6931471805599453,0.0,1.6094379124341005,0.0,-0.6931471805599453,-0.6931471805599453,-0.6931471805599453,1.3862943611198906,-0.6931471805599453,0.0,-0.6931471805599453,2.8903717578961645,-0.6931471805599453,-0.6931471805599453,-0.6931471805599453,0.6931471805599453,1.0986122886681096,1.3862943611198906,1.6094379124341005,1.0986122886681096,2.3978952727983707,-0.6931471805599453,-0.6931471805599453,2.197224577336219,2.3978952727983707,-0.6931471805599453,0.6931471805599453,-0.6931471805599453,-0.6931471805599453,2.833213344056216,-0.6931471805599453,-0.6931471805599453,2.079441541679836,3.526360524616161,-0.6931471805599453,1.9459101490553128,-0.6931471805599453,0.0,1.9459101490553128,4.663439094112067
ERR260191,1,2.302585092994045,-0.6931471805599453,-0.6931471805599453,1.791759469228055,0.6931471805599453,0.0,0.0,-0.6931471805599453,-0.6931471805599453,3.295836866004329,1.6094379124341005,-0.6931471805599453,-0.6931471805599453,0.0,1.0986122886681096,-0.6931471805599453,1.0986122886681096,-0.6931471805599453,-0.6931471805599453,-0.6931471805599453,2.3978952727983707,2.4849066497880004,0.6931471805599453,4.07753744390572,3.526360524616161,-0.6931471805599453,-0.6931471805599453,2.4849066497880004,-0.6931471805599453,0.0,-0.6931471805599453,1.791759469228055,2.079441541679836,0.0,-0.6931471805599453,3.1780538303479453,-0.6931471805599453,2.197224577336219,-0.6931471805599453,-0.6931471805599453,0.0,-0.6931471805599453,-0.6931471805599453,0.0,3.091042453358316,1.3862943611198906,2.9444389791664403,1.3862943611198906,-0.6931471805599453,5.123963979403259,-0.6931471805599453,2.197224577336219,1.0986122886681096,-0.6931471805599453,2.8903717578961645,-0.6931471805599453,3.332204510175204,-0.6931471805599453,2.772588722239781,1.791759469228055,-0.6931471805599453,2.079441541679836,1.791759469228055,1.9459101490553128,-0.6931471805599453,1.9459101490553128,-0.6931471805599453,0.0,0.6931471805599453,3.912023005428146,-0.6931471805599453,0.6931471805599453,-0.6931471805599453,0.6931471805599453,-0.6931471805599453,-0.6931471805599453,0.0,0.0,1.6094379124341005,-0.6931471805599453,2.8903717578961645,-0.6931471805599453,1.3862943611198906,2.3978952727983707,-0.6931471805599453,-0.6931471805599453,0.6931471805599453,-0.6931471805599453,0.6931471805599453,-0.6931471805599453,-0.6931471805599453,-0.6931471805599453,-0.6931471805599453,-0.6931471805599453,-0.6931471805599453,2.70805020110221,-0.6931471805599453,-0.6931471805599453,-0.6931471805599453,-0.6931471805599453,-0.6931471805599453,1.6094379124341005,-0.6931471805599453,1.0986122886681096,2.079441541679836,-0.6931471805599453,2.8903717578961645,2.8903717578961645,2.5649493574615367,-0.6931471805599453,2.3978952727983707,-0.6931471805599453,0.0,-0.6931471805599453,-0.6931471805599453,-0.6931471805599453,-0.6931471805599453,1.6094379124341005,-0.6931471805599453,0.0,3.6375861597263857,-0.6931471805599453,-0.6931471805599453,1.0986122886681096,3.737669618283368,-0.6931471805599453,2.70805020110221,0.6931471805599453,1.6094379124341005,0.0,0.0,0.0,1.0986122886681096,3.2580965380214817,0.6931471805599453,-0.6931471805599453,1.0986122886681096,1.9459101490553128,0.0,1.0986122886681096,2.3978952727983707,1.6094379124341005,-0.6931471805599453,2.8903717578961645,0.6931471805599453,0.6931471805599453,-0.6931471805599453,2.079441541679836,2.302585092994045,5.717027701406222,1.0986122886681096,-0.6931471805599453,0.0,1.791759469228055,-0.6931471805599453,0.0,-0.6931471805599453,-0.6931471805599453,1.3862943611198906,1.9459101490553128,-0.6931471805599453,1.0986122886681096,1.6094379124341005,-0.6931471805599453,-0.6931471805599453,-0.6931471805599453,2.197224577336219,3.713572066704308,2.995732273553991,-0.6931471805599453,-0.6931471805599453,1.3862943611198906,-0.6931471805599453,2.833213344056216,-0.6931471805599453,1.9459101490553128,2.5649493574615367,0.6931471805599453,-0.6931471805599453,-0.6931471805599453,4.060443010546419,-0.6931471805599453,0.0,2.197224577336219,2.9444389791664403,-0.6931471805599453,0.0,3.332204510175204,0.0,2.8903717578961645,-0.6931471805599453,0.0,1.6094379124341005,-0.6931471805599453,3.4011973816621555,3.044522437723423,4.304065093204169,0.0,2.8903717578961645,4.477336814478206
ERR260192,1,1.6094379124341005,-0.6931471805599453,0.0,1.3862943611198906,-0.6931471805599453,-0.6931471805599453,2.197224577336219,-0.6931471805599453,0.6931471805599453,3.1780538303479453,0.0,-0.6931471805599453,-0.6931471805599453,-0.6931471805599453,3.1354942159291497,-0.6931471805599453,0.0,-0.6931471805599453,-0.6931471805599453,-0.6931471805599453,1.791759469228055,2.079441541679836,1.3862943611198906,2.4849066497880004,3.3672958299864737,0.6931471805599453,-0.6931471805599453,1.0986122886681096,-0.6931471805599453,1.9459101490553128,0.6931471805599453,1.0986122886681096,3.3672958299864737,0.6931471805599453,1.6094379124341005,2.70805020110221,0.6931471805599453,1.791759469228055,-0.6931471805599453,-0.6931471805599453,0.0,-0.6931471805599453,-0.6931471805599453,-0.6931471805599453,3.80666248977032,1.0986122886681096,2.3978952727983707,1.9459101490553128,-0.6931471805599453,4.394449154672438,-0.6931471805599453,0.6931471805599453,0.6931471805599453,-0.6931471805599453,1.9459101490553128,-0.6931471805599453,2.9444389791664403,-0.6931471805599453,2.6390573296152584,1.791759469228055,-0.6931471805599453,2.6390573296152584,-0.6931471805599453,-0.6931471805599453,-0.6931471805599453,1.6094379124341005,-0.6931471805599453,-0.6931471805599453,1.9459101490553128,3.8918202981106265,-0.6931471805599453,0.0,-0.6931471805599453,2.5649493574615367,2.302585092994045,0.0,-0.6931471805599453,0.0,-0.6931471805599453,1.0986122886681096,3.1780538303479453,-0.6931471805599453,2.6390573296152584,1.0986122886681096,-0.6931471805599453,-0.6931471805599453,0.0,0.0,-0.6931471805599453,-0.6931471805599453,-0.6931471805599453,-0.6931471805599453,-0.6931471805599453,-0.6931471805599453,-0.6931471805599453,2.079441541679836,-0.6931471805599453,-0.6931471805599453,-0.6931471805599453,-0.6931471805599453,-0.6931471805599453,1.3862943611198906,-0.6931471805599453,1.9459101490553128,1.6094379124341005,-0.6931471805599453,1.791759469228055,0.6931471805599453,1.0986122886681096,-0.6931471805599453,2.302585092994045,-0.6931471805599453,-0.6931471805599453,-0.6931471805599453,-0.6931471805599453,-0.6931471805599453,-0.6931471805599453,1.791759469228055,0.0,2.302585092994045,2.302585092994045,-0.6931471805599453,-0.6931471805599453,0.6931471805599453,2.197224577336219,0.6931471805599453,3.9318256327243257,1.0986122886681096,-0.6931471805599453,1.0986122886681096,-0.6931471805599453,0.6931471805599453,-0.6931471805599453,2.302585092994045,0.6931471805599453,-0.6931471805599453,0.6931471805599453,1.0986122886681096,-0.6931471805599453,-0.6931471805599453,1.6094379124341005,0.0,0.0,4.276666119016055,1.0986122886681096,-0.6931471805599453,-0.6931471805599453,1.791759469228055,0.0,4.68213122712422,2.3978952727983707,1.0986122886681096,1.0986122886681096,2.302585092994045,0.0,0.0,-0.6931471805599453,-0.6931471805599453,-0.6931471805599453,-0.6931471805599453,-0.6931471805599453,-0.6931471805599453,-0.6931471805599453,-0.6931471805599453,1.0986122886681096,0.0,1.0986122886681096,-0.6931471805599453,0.0,-0.6931471805599453,-0.6931471805599453,0.6931471805599453,2.6390573296152584,-0.6931471805599453,-0.6931471805599453,-0.6931471805599453,4.060443010546419,0.0,-0.6931471805599453,0.0,0.0,0.0,2.5649493574615367,-0.6931471805599453,3.988984046564274,-0.6931471805599453,-0.6931471805599453,1.3862943611198906,1.3862943611198906,1.791759469228055,-0.6931471805599453,0.6931471805599453,1.0986122886681096,-0.6931471805599453,3.9318256327243257,1.9459101490553128,2.3978952727983707,-0.6931471805599453,2.833213344056216,4.382026634673881
ERR260193,0,1.6094379124341005,2.197224577336219,-0.6931471805599453,1.0986122886681096,0.0,2.197224577336219,-0.6931471805599453,-0.6931471805599453,0.0,2.302585092994045,0.0,-0.6931471805599453,-0.6931471805599453,0.6931471805599453,0.0,-0.6931471805599453,1.3862943611198906,0.0,-0.6931471805599453,0.6931471805599453,1.6094379124341005,1.6094379124341005,-0.6931471805599453,2.4849066497880004,3.295836866004329,-0.6931471805599453,-0.6931471805599453,1.0986122886681096,0.0,0.6931471805599453,-0.6931471805599453,1.3862943611198906,-0.6931471805599453,0.0,2.9444389791664403,1.6094379124341005,0.6931471805599453,1.3862943611198906,1.3862943611198906,1.0986122886681096,-0.6931471805599453,1.3862943611198906,2.4849066497880004,0.0,2.079441541679836,0.0,0.0,0.6931471805599453,1.0986122886681096,3.713572066704308,0.0,1.3862943611198906,-0.6931471805599453,-0.6931471805599453,1.3862943611198906,-0.6931471805599453,0.0,0.0,2.302585092994045,-0.6931471805599453,-0.6931471805599453,0.0,1.6094379124341005,-0.6931471805599453,-0.6931471805599453,0.0,-0.6931471805599453,-0.6931471805599453,-0.6931471805599453,2.302585092994045,-0.6931471805599453,-0.6931471805599453,-0.6931471805599453,0.0,1.6094379124341005,-0.6931471805599453,-0.6931471805599453,1.0986122886681096,-0.6931471805599453,-0.6931471805599453,-0.6931471805599453,-0.6931471805599453,0.0,-0.6931471805599453,-0.6931471805599453,-0.6931471805599453,0.0,1.791759469228055,1.0986122886681096,0.0,-0.6931471805599453,1.6094379124341005,-0.6931471805599453,-0.6931471805599453,-0.6931471805599453,2.3978952727983707,0.0,-0.6931471805599453,-0.6931471805599453,1.0986122886681096,0.0,-0.6931471805599453,-0.6931471805599453,1.791759469228055,1.9459101490553128,-0.6931471805599453,1.791759469228055,1.6094379124341005,1.791759469228055,0.0,1.9459101490553128,-0.6931471805599453,0.6931471805599453,0.6931471805599453,0.6931471805599453,1.3862943611198906,0.0,0.0,1.0986122886681096,2.197224577336219,3.4657359027997265,0.6931471805599453,-0.6931471805599453,-0.6931471805599453,1.6094379124341005,-0.6931471805599453,0.0,0.0,1.791759469228055,-0.6931471805599453,-0.6931471805599453,0.0,-0.6931471805599453,3.091042453358316,0.0,0.6931471805599453,0.0,1.6094379124341005,0.0,1.0986122886681096,0.0,1.3862943611198906,0.0,2.302585092994045,-0.6931471805599453,0.0,-0.6931471805599453,1.0986122886681096,-0.6931471805599453,3.8501476017100575,0.0,-0.6931471805599453,-0.6931471805599453,-0.6931471805599453,1.0986122886681096,0.6931471805599453,-0.6931471805599453,-0.6931471805599453,-0.6931471805599453,-0.6931471805599453,-0.6931471805599453,-0.6931471805599453,0.0,-0.6931471805599453,0.6931471805599453,1.3862943611198906,-0.6931471805599453,1.0986122886681096,-0.6931471805599453,-0.6931471805599453,0.0,0.6931471805599453,-0.6931471805599453,-0.6931471805599453,-0.6931471805599453,1.3862943611198906,2.302585092994045,0.6931471805599453,-0.6931471805599453,1.0986122886681096,2.079441541679836,-0.6931471805599453,-0.6931471805599453,0.0,2.772588722239781,-0.6931471805599453,0.6931471805599453,-0.6931471805599453,1.3862943611198906,2.772588722239781,-0.6931471805599453,1.3862943611198906,1.6094379124341005,-0.6931471805599453,1.0986122886681096,1.791759469228055,2.079441541679836,-0.6931471805599453,2.3978952727983707,3.7612001156935615
ERR260194,1,2.5649493574615367,-0.6931471805599453,-0.6931471805599453,2.5649493574615367,1.3862943611198906,1.791759469228055,2.5649493574615367,-0.6931471805599453,-0.6931471805599453,3.8501476017100575,1.9459101490553128,0.0,-0.6931471805599453,0.0,1.0986122886681096,0.0,1.0986122886681096,1.3862943611198906,-0.6931471805599453,-0.6931471805599453,2.833213344056216,2.302585092994045,1.9459101490553128,5.176149732573829,3.8501476017100575,-0.6931471805599453,-0.6931471805599453,2.3978952727983707,-0.6931471805599453,2.9444389791664403,2.4849066497880004,2.4849066497880004,0.0,1.0986122886681096,-0.6931471805599453,3.332204510175204,-0.6931471805599453,2.5649493574615367,-0.6931471805599453,-0.6931471805599453,0.0,1.3862943611198906,2.197224577336219,0.6931471805599453,0.6931471805599453,1.791759469228055,2.70805020110221,0.6931471805599453,-0.6931471805599453,4.477336814478206,-0.6931471805599453,2.833213344056216,1.0986122886681096,-0.6931471805599453,2.833213344056216,-0.6931471805599453,2.4849066497880004,0.0,2.70805020110221,1.0986122886681096,-0.6931471805599453,2.6390573296152584,0.6931471805599453,2.197224577336219,0.0,2.6390573296152584,2.6390573296152584,1.0986122886681096,-0.6931471805599453,3.295836866004329,-0.6931471805599453,-0.6931471805599453,0.6931471805599453,1.3862943611198906,0.0,1.6094379124341005,1.0986122886681096,0.0,-0.6931471805599453,0.0,2.3978952727983707,-0.6931471805599453,1.9459101490553128,-0.6931471805599453,1.3862943611198906,-0.6931471805599453,0.6931471805599453,-0.6931471805599453,-0.6931471805599453,-0.6931471805599453,-0.6931471805599453,-0.6931471805599453,-0.6931471805599453,-0.6931471805599453,-0.6931471805599453,2.9444389791664403,-0.6931471805599453,-0.6931471805599453,-0.6931471805599453,-0.6931471805599453,-0.6931471805599453,-0.6931471805599453,-0.6931471805599453,2.772588722239781,2.772588722239781,-0.6931471805599453,-0.6931471805599453,1.0986122886681096,2.079441541679836,1.0986122886681096,2.772588722239781,-0.6931471805599453,-0.6931471805599453,-0.6931471805599453,0.6931471805599453,1.6094379124341005,-0.6931471805599453,1.9459101490553128,1.0986122886681096,2.3978952727983707,2.8903717578961645,-0.6931471805599453,-0.6931471805599453,1.9459101490553128,2.5649493574615367,2.6390573296152584,1.9459101490553128,1.6094379124341005,-0.6931471805599453,-0.6931471805599453,-0.6931471805599453,1.3862943611198906,0.6931471805599453,3.4011973816621555,-0.6931471805599453,-0.6931471805599453,1.0986122886681096,1.3862943611198906,-0.6931471805599453,1.791759469228055,1.0986122886681096,1.6094379124341005,-0.6931471805599453,2.6390573296152584,0.0,-0.6931471805599453,-0.6931471805599453,1.791759469228055,-0.6931471805599453,4.584967478670571,1.3862943611198906,-0.6931471805599453,-0.6931471805599453,1.0986122886681096,0.6931471805599453,-0.6931471805599453,-0.6931471805599453,-0.6931471805599453,1.6094379124341005,-0.6931471805599453,-0.6931471805599453,2.302585092994045,-0.6931471805599453,-0.6931471805599453,-0.6931471805599453,2.5649493574615367,-0.6931471805599453,-0.6931471805599453,-0.6931471805599453,0.6931471805599453,-0.6931471805599453,2.772588722239781,-0.6931471805599453,2.3978952727983707,0.0,-0.6931471805599453,2.5649493574615367,0.0,-0.6931471805599453,-0.6931471805599453,1.6094379124341005,-0.6931471805599453,1.791759469228055,-0.6931471805599453,2.8903717578961645,-0.6931471805599453,-0.6931471805599453,2.6390573296152584,0.0,0.6931471805599453,-0.6931471805599453,1.9459101490553128,2.772588722239781,-0.6931471805599453,2.4849066497880004,0.6931471805599453,3.6375861597263857,-0.6931471805599453,1.6094379124341005,4.653960350157523
ERR260196,1,2.079441541679836,-0.6931471805599453,-0.6931471805599453,1.791759469228055,2.197224577336219,2.5649493574615367,0.0,-0.6931471805599453,0.6931471805599453,2.5649493574615367,1.6094379124341005,-0.6931471805599453,-0.6931471805599453,0.0,2.079441541679836,1.0986122886681096,2.6390573296152584,-0.6931471805599453,-0.6931471805599453,-0.6931471805599453,2.079441541679836,2.079441541679836,1.3862943611198906,3.828641396489095,3.737669618283368,2.079441541679836,-0.6931471805599453,2.079441541679836,-0.6931471805599453,1.3862943611198906,0.0,2.302585092994045,1.791759469228055,-0.6931471805599453,1.3862943611198906,2.8903717578961645,-0.6931471805599453,1.3862943611198906,-0.6931471805599453,-0.6931471805599453,-0.6931471805599453,2.3978952727983707,2.5649493574615367,0.6931471805599453,2.833213344056216,1.3862943611198906,0.0,1.6094379124341005,-0.6931471805599453,3.8712010109078903,-0.6931471805599453,0.6931471805599453,1.6094379124341005,1.0986122886681096,2.079441541679836,-0.6931471805599453,1.0986122886681096,-0.6931471805599453,2.5649493574615367,1.791759469228055,0.0,1.791759469228055,-0.6931471805599453,-0.6931471805599453,0.0,1.0986122886681096,-0.6931471805599453,1.6094379124341005,-0.6931471805599453,3.80666248977032,0.0,0.6931471805599453,0.6931471805599453,2.6390573296152584,2.079441541679836,0.0,1.9459101490553128,-0.6931471805599453,-0.6931471805599453,-0.6931471805599453,2.70805020110221,-0.6931471805599453,2.6390573296152584,-0.6931471805599453,-0.6931471805599453,-0.6931471805599453,1.6094379124341005,-0.6931471805599453,1.3862943611198906,-0.6931471805599453,0.0,-0.6931471805599453,-0.6931471805599453,0.0,0.0,1.3862943611198906,-0.6931471805599453,0.0,-0.6931471805599453,-0.6931471805599453,2.5649493574615367,-0.6931471805599453,-0.6931471805599453,0.6931471805599453,1.3862943611198906,-0.6931471805599453,0.6931471805599453,2.5649493574615367,2.197224577336219,-0.6931471805599453,2.3978952727983707,-0.6931471805599453,2.197224577336219,-0.6931471805599453,2.833213344056216,2.197224577336219,1.6094379124341005,2.4849066497880004,3.6375861597263857,-0.6931471805599453,1.791759469228055,1.9459101490553128,-0.6931471805599453,2.5649493574615367,-0.6931471805599453,-0.6931471805599453,2.079441541679836,0.0,1.3862943611198906,-0.6931471805599453,0.0,-0.6931471805599453,0.0,2.833213344056216,-0.6931471805599453,1.9459101490553128,0.6931471805599453,2.70805020110221,1.0986122886681096,2.079441541679836,-0.6931471805599453,2.302585092994045,0.0,3.526360524616161,-0.6931471805599453,2.302585092994045,-0.6931471805599453,0.6931471805599453,1.9459101490553128,5.111987788356543,1.0986122886681096,-0.6931471805599453,-0.6931471805599453,1.3862943611198906,0.0,-0.6931471805599453,-0.6931471805599453,-0.6931471805599453,2.197224577336219,0.0,-0.6931471805599453,0.0,2.302585092994045,-0.6931471805599453,-0.6931471805599453,-0.6931471805599453,4.204692619390966,0.0,4.74493212836325,1.0986122886681096,1.3862943611198906,1.0986122886681096,-0.6931471805599453,-0.6931471805599453,-0.6931471805599453,0.6931471805599453,3.49650756146648,-0.6931471805599453,1.0986122886681096,-0.6931471805599453,2.079441541679836,0.0,0.0,2.9444389791664403,2.302585092994045,-0.6931471805599453,0.0,0.0,0.0,2.995732273553991,-0.6931471805599453,-0.6931471805599453,1.0986122886681096,-0.6931471805599453,2.5649493574615367,1.6094379124341005,-0.6931471805599453,0.0,2.302585092994045,4.394449154672438
ERR260198,1,2.302585092994045,-0.6931471805599453,0.0,2.302585092994045,1.0986122886681096,2.3978952727983707,-0.6931471805599453,-0.6931471805599453,0.0,2.3978952727983707,2.6390573296152584,-0.6931471805599453,-0.6931471805599453,0.6931471805599453,1.6094379124341005,-0.6931471805599453,1.6094379124341005,0.0,-0.6931471805599453,-0.6931471805599453,1.9459101490553128,2.4849066497880004,0.6931471805599453,1.6094379124341005,3.8501476017100575,1.0986122886681096,0.6931471805599453,2.197224577336219,-0.6931471805599453,2.995732273553991,0.6931471805599453,1.9459101490553128,2.302585092994045,0.6931471805599453,-0.6931471805599453,3.2580965380214817,-0.6931471805599453,2.5649493574615367,-0.6931471805599453,-0.6931471805599453,-0.6931471805599453,0.0,2.079441541679836,1.0986122886681096,4.189654742026425,-0.6931471805599453,1.791759469228055,3.1780538303479453,-0.6931471805599453,4.48863636973214,-0.6931471805599453,1.6094379124341005,1.3862943611198906,-0.6931471805599453,2.8903717578961645,-0.6931471805599453,1.6094379124341005,-0.6931471805599453,2.70805020110221,-0.6931471805599453,-0.6931471805599453,1.6094379124341005,-0.6931471805599453,2.079441541679836,0.0,2.302585092994045,-0.6931471805599453,1.0986122886681096,-0.6931471805599453,4.025351690735149,0.6931471805599453,-0.6931471805599453,-0.6931471805599453,1.3862943611198906,2.197224577336219,-0.6931471805599453,1.6094379124341005,-0.6931471805599453,-0.6931471805599453,0.0,3.8501476017100575,-0.6931471805599453,3.3672958299864737,2.079441541679836,-0.6931471805599453,-0.6931471805599453,1.791759469228055,1.791759469228055,1.791759469228055,-0.6931471805599453,0.0,-0.6931471805599453,0.0,1.0986122886681096,-0.6931471805599453,3.828641396489095,0.0,-0.6931471805599453,-0.6931471805599453,0.0,-0.6931471805599453,-0.6931471805599453,-0.6931471805599453,2.772588722239781,2.70805020110221,0.6931471805599453,2.6390573296152584,1.0986122886681096,2.197224577336219,-0.6931471805599453,2.197224577336219,1.0986122886681096,2.3978952727983707,0.0,2.70805020110221,3.2580965380214817,0.0,3.4339872044851463,1.6094379124341005,1.791759469228055,3.6635616461296463,0.0,-0.6931471805599453,1.6094379124341005,2.079441541679836,2.5649493574615367,2.302585092994045,1.9459101490553128,0.6931471805599453,1.9459101490553128,0.6931471805599453,-0.6931471805599453,0.0,3.295836866004329,2.079441541679836,2.079441541679836,0.0,1.9459101490553128,-0.6931471805599453,-0.6931471805599453,2.833213344056216,-0.6931471805599453,0.0,4.382026634673881,-0.6931471805599453,-0.6931471805599453,-0.6931471805599453,0.0,1.0986122886681096,5.075173815233827,2.995732273553991,-0.6931471805599453,-0.6931471805599453,1.6094379124341005,-0.6931471805599453,0.6931471805599453,-0.6931471805599453,0.0,-0.6931471805599453,-0.6931471805599453,-0.6931471805599453,1.3862943611198906,2.70805020110221,-0.6931471805599453,-0.6931471805599453,-0.6931471805599453,-0.6931471805599453,1.9459101490553128,-0.6931471805599453,-0.6931471805599453,-0.6931471805599453,1.3862943611198906,-0.6931471805599453,1.3862943611198906,-0.6931471805599453,2.772588722239781,3.9702919135521215,-0.6931471805599453,-0.6931471805599453,0.0,0.0,0.0,2.4849066497880004,2.772588722239781,3.58351893845611,-0.6931471805599453,1.0986122886681096,-0.6931471805599453,2.70805020110221,1.791759469228055,-0.6931471805599453,2.4849066497880004,1.6094379124341005,2.70805020110221,1.9459101490553128,0.0,2.197224577336219,-0.6931471805599453,4.127134385045092,4.804021044733257
ERR260199,1,0.6931471805599453,-0.6931471805599453,-0.6931471805599453,-0.6931471805599453,0.0,3.1354942159291497,2.302585092994045,-0.6931471805599453,-0.6931471805599453,1.0986122886681096,1.9459101490553128,-0.6931471805599453,-0.6931471805599453,0.6931471805599453,0.6931471805599453,-0.6931471805599453,1.0986122886681096,-0.6931471805599453,0.0,-0.6931471805599453,-0.6931471805599453,1.0986122886681096,0.0,2.3978952727983707,2.3978952727983707,2.079441541679836,-0.6931471805599453,1.0986122886681096,-0.6931471805599453,1.791759469228055,-0.6931471805599453,0.0,2.197224577336219,-0.6931471805599453,-0.6931471805599453,2.197224577336219,-0.6931471805599453,0.6931471805599453,0.0,0.6931471805599453,-0.6931471805599453,3.526360524616161,0.6931471805599453,0.0,0.6931471805599453,0.0,2.5649493574615367,2.3978952727983707,-0.6931471805599453,2.079441541679836,-0.6931471805599453,0.0,-0.6931471805599453,-0.6931471805599453,-0.6931471805599453,-0.6931471805599453,2.302585092994045,-0.6931471805599453,0.6931471805599453,-0.6931471805599453,1.0986122886681096,0.6931471805599453,0.0,-0.6931471805599453,-0.6931471805599453,0.0,-0.6931471805599453,-0.6931471805599453,-0.6931471805599453,3.091042453358316,0.0,-0.6931471805599453,-0.6931471805599453,0.6931471805599453,-0.6931471805599453,0.0,1.6094379124341005,-0.6931471805599453,-0.6931471805599453,-0.6931471805599453,1.791759469228055,-0.6931471805599453,1.791759469228055,1.0986122886681096,-0.6931471805599453,-0.6931471805599453,-0.6931471805599453,0.0,0.0,-0.6931471805599453,-0.6931471805599453,1.0986122886681096,-0.6931471805599453,0.0,0.0,2.302585092994045,-0.6931471805599453,-0.6931471805599453,0.6931471805599453,2.70805020110221,0.0,-0.6931471805599453,-0.6931471805599453,2.302585092994045,0.0,-0.6931471805599453,-0.6931471805599453,1.0986122886681096,1.3862943611198906,-0.6931471805599453,0.6931471805599453,0.0,1.0986122886681096,-0.6931471805599453,-0.6931471805599453,-0.6931471805599453,1.0986122886681096,1.3862943611198906,3.332204510175204,2.3978952727983707,2.197224577336219,-0.6931471805599453,-0.6931471805599453,0.0,-0.6931471805599453,-0.6931471805599453,2.70805020110221,-0.6931471805599453,-0.6931471805599453,-0.6931471805599453,0.0,1.6094379124341005,-0.6931471805599453,2.995732273553991,-0.6931471805599453,-0.6931471805599453,-0.6931471805599453,1.0986122886681096,-0.6931471805599453,1.9459101490553128,-0.6931471805599453,1.3862943611198906,-0.6931471805599453,3.044522437723423,-0.6931471805599453,2.5649493574615367,-0.6931471805599453,1.791759469228055,0.6931471805599453,4.3694478524670215,0.6931471805599453,-0.6931471805599453,-0.6931471805599453,1.0986122886681096,-0.6931471805599453,0.0,-0.6931471805599453,-0.6931471805599453,-0.6931471805599453,-0.6931471805599453,-0.6931471805599453,-0.6931471805599453,1.0986122886681096,-0.6931471805599453,-0.6931471805599453,0.0,1.791759469228055,0.6931471805599453,2.6390573296152584,-0.6931471805599453,-0.6931471805599453,1.6094379124341005,1.791759469228055,-0.6931471805599453,-0.6931471805599453,1.3862943611198906,2.772588722239781,-0.6931471805599453,0.0,-0.6931471805599453,0.0,-0.6931471805599453,1.6094379124341005,2.5649493574615367,2.5649493574615367,-0.6931471805599453,1.3862943611198906,-0.6931471805599453,-0.6931471805599453,2.079441541679836,0.0,1.0986122886681096,1.3862943611198906,0.6931471805599453,1.9459101490553128,0.0,1.791759469228055,-0.6931471805599453,2.302585092994045,3.8712010109078903
ERR260201,1,3.7612001156935615,-0.6931471805599453,0.0,3.2580965380214817,0.6931471805599453,0.0,-0.6931471805599453,3.091042453358316,-0.6931471805599453,3.828641396489095,1.791759469228055,-0.6931471805599453,-0.6931471805599453,-0.6931471805599453,-0.6931471805599453,-0.6931471805599453,1.3862943611198906,-0.6931471805599453,-0.6931471805599453,-0.6931471805599453,3.80666248977032,3.555348061489413,1.0986122886681096,5.164785973923514,4.51085950651685,0.6931471805599453,-0.6931471805599453,3.9702919135521215,-0.6931471805599453,0.0,3.218875824868201,3.6375861597263857,-0.6931471805599453,-0.6931471805599453,-0.6931471805599453,3.988984046564274,-0.6931471805599453,3.1780538303479453,-0.6931471805599453,-0.6931471805599453,-0.6931471805599453,1.0986122886681096,1.3862943611198906,0.6931471805599453,-0.6931471805599453,0.6931471805599453,-0.6931471805599453,-0.6931471805599453,1.6094379124341005,4.31748811353631,-0.6931471805599453,1.3862943611198906,-0.6931471805599453,-0.6931471805599453,3.218875824868201,-0.6931471805599453,-0.6931471805599453,-0.6931471805599453,4.060443010546419,-0.6931471805599453,-0.6931471805599453,2.197224577336219,0.0,-0.6931471805599453,-0.6931471805599453,1.0986122886681096,-0.6931471805599453,-0.6931471805599453,-0.6931471805599453,2.995732273553991,-0.6931471805599453,-0.6931471805599453,-0.6931471805599453,3.912023005428146,1.0986122886681096,-0.6931471805599453,2.079441541679836,-0.6931471805599453,0.6931471805599453,-0.6931471805599453,-0.6931471805599453,-0.6931471805599453,-0.6931471805599453,-0.6931471805599453,0.6931471805599453,-0.6931471805599453,1.0986122886681096,-0.6931471805599453,-0.6931471805599453,-0.6931471805599453,-0.6931471805599453,-0.6931471805599453,-0.6931471805599453,-0.6931471805599453,1.791759469228055,-0.6931471805599453,-0.6931471805599453,-0.6931471805599453,-0.6931471805599453,0.0,-0.6931471805599453,-0.6931471805599453,-0.6931471805599453,-0.6931471805599453,3.58351893845611,-0.6931471805599453,-0.6931471805599453,-0.6931471805599453,0.6931471805599453,1.6094379124341005,2.70805020110221,1.0986122886681096,1.791759469228055,-0.6931471805599453,-0.6931471805599453,-0.6931471805599453,0.0,-0.6931471805599453,0.0,-0.6931471805599453,-0.6931471805599453,-0.6931471805599453,-0.6931471805599453,0.6931471805599453,2.995732273553991,-0.6931471805599453,-0.6931471805599453,-0.6931471805599453,-0.6931471805599453,0.0,2.079441541679836,1.0986122886681096,2.4849066497880004,2.197224577336219,1.0986122886681096,-0.6931471805599453,-0.6931471805599453,1.6094379124341005,-0.6931471805599453,1.6094379124341005,-0.6931471805599453,1.6094379124341005,0.0,-0.6931471805599453,-0.6931471805599453,0.6931471805599453,-0.6931471805599453,0.6931471805599453,-0.6931471805599453,3.9702919135521215,-0.6931471805599453,-0.6931471805599453,0.0,-0.6931471805599453,-0.6931471805599453,-0.6931471805599453,-0.6931471805599453,1.3862943611198906,-0.6931471805599453,-0.6931471805599453,-0.6931471805599453,2.9444389791664403,2.4849066497880004,-0.6931471805599453,-0.6931471805599453,1.0986122886681096,-0.6931471805599453,-0.6931471805599453,-0.6931471805599453,0.0,-0.6931471805599453,2.302585092994045,-0.6931471805599453,-0.6931471805599453,0.6931471805599453,2.079441541679836,-0.6931471805599453,-0.6931471805599453,-0.6931471805599453,-0.6931471805599453,-0.6931471805599453,-0.6931471805599453,-0.6931471805599453,2.197224577336219,-0.6931471805599453,-0.6931471805599453,0.0,-0.6931471805599453,-0.6931471805599453,-0.6931471805599453,1.6094379124341005,-0.6931471805599453,3.6635616461296463,-0.6931471805599453,-0.6931471805599453,-0.6931471805599453,3.737669618283368,0.0,0.0,4.718498871295094
ERR260202,1,2.302585092994045,0.0,-0.6931471805599453,2.4849066497880004,1.3862943611198906,0.6931471805599453,1.9459101490553128,-0.6931471805599453,-0.6931471805599453,2.9444389791664403,1.6094379124341005,-0.6931471805599453,-0.6931471805599453,-0.6931471805599453,2.302585092994045,0.0,1.6094379124341005,-0.6931471805599453,-0.6931471805599453,-0.6931471805599453,2.772588722239781,2.5649493574615367,1.3862943611198906,4.430816798843313,3.58351893845611,0.6931471805599453,-0.6931471805599453,2.3978952727983707,-0.6931471805599453,1.0986122886681096,0.6931471805599453,2.3978952727983707,2.4849066497880004,-0.6931471805599453,1.0986122886681096,2.995732273553991,-0.6931471805599453,2.3978952727983707,-0.6931471805599453,0.0,-0.6931471805599453,0.0,-0.6931471805599453,0.0,2.6390573296152584,1.3862943611198906,1.9459101490553128,0.6931471805599453,0.6931471805599453,4.48863636973214,0.0,1.9459101490553128,0.6931471805599453,0.0,2.197224577336219,0.0,1.791759469228055,0.6931471805599453,2.6390573296152584,-0.6931471805599453,-0.6931471805599453,1.6094379124341005,-0.6931471805599453,1.0986122886681096,-0.6931471805599453,2.079441541679836,-0.6931471805599453,1.0986122886681096,1.6094379124341005,4.025351690735149,1.9459101490553128,-0.6931471805599453,-0.6931471805599453,-0.6931471805599453,2.4849066497880004,1.0986122886681096,0.0,-0.6931471805599453,-0.6931471805599453,-0.6931471805599453,1.6094379124341005,-0.6931471805599453,1.6094379124341005,-0.6931471805599453,0.0,-0.6931471805599453,0.0,0.6931471805599453,-0.6931471805599453,-0.6931471805599453,-0.6931471805599453,1.791759469228055,-0.6931471805599453,-0.6931471805599453,0.0,2.833213344056216,-0.6931471805599453,-0.6931471805599453,1.6094379124341005,-0.6931471805599453,-0.6931471805599453,1.791759469228055,-0.6931471805599453,2.4849066497880004,2.6390573296152584,-0.6931471805599453,1.9459101490553128,1.791759469228055,2.3978952727983707,1.6094379124341005,1.6094379124341005,0.6931471805599453,-0.6931471805599453,-0.6931471805599453,1.0986122886681096,3.912023005428146,1.0986122886681096,1.3862943611198906,1.0986122886681096,2.4849066497880004,3.091042453358316,-0.6931471805599453,-0.6931471805599453,2.3978952727983707,1.791759469228055,-0.6931471805599453,2.833213344056216,0.0,0.6931471805599453,0.6931471805599453,-0.6931471805599453,-0.6931471805599453,0.0,3.091042453358316,1.3862943611198906,2.995732273553991,1.0986122886681096,0.6931471805599453,-0.6931471805599453,2.197224577336219,2.079441541679836,2.197224577336219,-0.6931471805599453,3.737669618283368,1.3862943611198906,1.3862943611198906,-0.6931471805599453,1.0986122886681096,2.995732273553991,4.465908118654584,2.079441541679836,1.9459101490553128,-0.6931471805599453,1.6094379124341005,2.6390573296152584,-0.6931471805599453,-0.6931471805599453,0.0,1.0986122886681096,1.9459101490553128,-0.6931471805599453,2.302585092994045,0.6931471805599453,-0.6931471805599453,-0.6931471805599453,1.9459101490553128,2.5649493574615367,0.6931471805599453,3.4011973816621555,-0.6931471805599453,-0.6931471805599453,0.0,2.5649493574615367,2.4849066497880004,-0.6931471805599453,1.0986122886681096,2.772588722239781,-0.6931471805599453,-0.6931471805599453,1.0986122886681096,1.0986122886681096,-0.6931471805599453,1.0986122886681096,0.0,3.295836866004329,-0.6931471805599453,-0.6931471805599453,1.3862943611198906,0.0,2.302585092994045,-0.6931471805599453,1.9459101490553128,1.0986122886681096,-0.6931471805599453,3.218875824868201,1.3862943611198906,2.079441541679836,0.0,2.197224577336219,4.060443010546419
ERR260203,1,0.0,1.3862943611198906,-0.6931471805599453,-0.6931471805599453,0.6931471805599453,-0.6931471805599453,1.0986122886681096,2.197224577336219,-0.6931471805599453,2.079441541679836,1.3862943611198906,-0.6931471805599453,-0.6931471805599453,0.0,1.3862943611198906,1.6094379124341005,0.0,0.0,0.6931471805599453,-0.6931471805599453,0.6931471805599453,0.6931471805599453,-0.6931471805599453,2.079441541679836,2.8903717578961645,0.6931471805599453,-0.6931471805599453,1.3862943611198906,-0.6931471805599453,1.791759469228055,-0.6931471805599453,1.791759469228055,0.6931471805599453,-0.6931471805599453,0.6931471805599453,1.0986122886681096,2.5649493574615367,-0.6931471805599453,0.0,0.0,-0.6931471805599453,-0.6931471805599453,0.0,0.6931471805599453,1.0986122886681096,0.0,0.0,1.0986122886681096,-0.6931471805599453,3.1780538303479453,-0.6931471805599453,-0.6931471805599453,0.6931471805599453,1.0986122886681096,0.0,-0.6931471805599453,0.6931471805599453,0.0,0.0,-0.6931471805599453,0.0,-0.6931471805599453,-0.6931471805599453,-0.6931471805599453,-0.6931471805599453,0.0,-0.6931471805599453,0.0,-0.6931471805599453,2.4849066497880004,-0.6931471805599453,1.0986122886681096,0.0,0.6931471805599453,-0.6931471805599453,0.0,0.0,2.079441541679836,-0.6931471805599453,-0.6931471805599453,-0.6931471805599453,0.6931471805599453,0.0,-0.6931471805599453,2.772588722239781,-0.6931471805599453,-0.6931471805599453,0.0,0.6931471805599453,-0.6931471805599453,-0.6931471805599453,0.0,-0.6931471805599453,-0.6931471805599453,0.0,1.0986122886681096,-0.6931471805599453,0.0,0.0,-0.6931471805599453,-0.6931471805599453,-0.6931471805599453,-0.6931471805599453,0.6931471805599453,0.6931471805599453,-0.6931471805599453,-0.6931471805599453,1.0986122886681096,0.6931471805599453,-0.6931471805599453,-0.6931471805599453,0.6931471805599453,0.0,0.0,1.3862943611198906,1.3862943611198906,-0.6931471805599453,-0.6931471805599453,2.70805020110221,0.0,0.0,-0.6931471805599453,-0.6931471805599453,1.0986122886681096,-0.6931471805599453,1.791759469228055,1.791759469228055,-0.6931471805599453,2.197224577336219,-0.6931471805599453,-0.6931471805599453,-0.6931471805599453,-0.6931471805599453,1.791759469228055,0.6931471805599453,0.0,1.0986122886681096,1.6094379124341005,0.0,1.791759469228055,-0.6931471805599453,2.302585092994045,0.0,0.6931471805599453,0.0,1.6094379124341005,-0.6931471805599453,-0.6931471805599453,1.3862943611198906,4.499809670330265,-0.6931471805599453,-0.6931471805599453,-0.6931471805599453,-0.6931471805599453,0.6931471805599453,0.0,-0.6931471805599453,-0.6931471805599453,0.6931471805599453,-0.6931471805599453,-0.6931471805599453,1.0986122886681096,1.791759469228055,-0.6931471805599453,1.791759469228055,-0.6931471805599453,0.0,-0.6931471805599453,-0.6931471805599453,1.9459101490553128,-0.6931471805599453,0.0,-0.6931471805599453,0.6931471805599453,-0.6931471805599453,1.0986122886681096,1.6094379124341005,-0.6931471805599453,-0.6931471805599453,0.0,2.4849066497880004,-0.6931471805599453,1.3862943611198906,1.6094379124341005,2.4849066497880004,-0.6931471805599453,1.6094379124341005,-0.6931471805599453,-0.6931471805599453,1.6094379124341005,-0.6931471805599453,-0.6931471805599453,0.0,-0.6931471805599453,0.6931471805599453,1.0986122886681096,0.0,-0.6931471805599453,1.3862943611198906,3.2580965380214817
ERR260204,0,-0.6931471805599453,-0.6931471805599453,-0.6931471805599453,0.6931471805599453,2.197224577336219,1.0986122886681096,-0.6931471805599453,0.0,1.3862943611198906,2.6390573296152584,-0.6931471805599453,-0.6931471805599453,-0.6931471805599453,0.0,-0.6931471805599453,0.0,2.302585092994045,-0.6931471805599453,-0.6931471805599453,-0.6931471805599453,-0.6931471805599453,-0.6931471805599453,-0.6931471805599453,1.6094379124341005,3.332204510175204,0.0,0.0,0.6931471805599453,-0.6931471805599453,0.6931471805599453,2.772588722239781,0.6931471805599453,-0.6931471805599453,-0.6931471805599453,0.0,1.791759469228055,-0.6931471805599453,0.0,0.0,0.0,0.6931471805599453,-0.6931471805599453,1.791759469228055,-0.6931471805599453,-0.6931471805599453,0.0,1.0986122886681096,-0.6931471805599453,0.0,3.526360524616161,0.0,1.0986122886681096,-0.6931471805599453,0.0,1.3862943611198906,-0.6931471805599453,2.079441541679836,-0.6931471805599453,0.6931471805599453,0.0,-0.6931471805599453,-0.6931471805599453,1.6094379124341005,-0.6931471805599453,-0.6931471805599453,2.302585092994045,0.6931471805599453,0.0,-0.6931471805599453,0.6931471805599453,-0.6931471805599453,-0.6931471805599453,-0.6931471805599453,-0.6931471805599453,2.4849066497880004,-0.6931471805599453,-0.6931471805599453,0.0,-0.6931471805599453,-0.6931471805599453,1.0986122886681096,-0.6931471805599453,0.0,-0.6931471805599453,-0.6931471805599453,-0.6931471805599453,0.0,0.0,0.6931471805599453,-0.6931471805599453,1.6094379124341005,3.3672958299864737,-0.6931471805599453,-0.6931471805599453,-0.6931471805599453,2.302585092994045,-0.6931471805599453,-0.6931471805599453,-0.6931471805599453,0.0,-0.6931471805599453,-0.6931471805599453,-0.6931471805599453,1.6094379124341005,0.0,-0.6931471805599453,1.6094379124341005,1.6094379124341005,0.6931471805599453,-0.6931471805599453,1.9459101490553128,-0.6931471805599453,0.0,-0.6931471805599453,-0.6931471805599453,-0.6931471805599453,-0.6931471805599453,-0.6931471805599453,1.3862943611198906,0.6931471805599453,3.091042453358316,-0.6931471805599453,1.9459101490553128,0.0,-0.6931471805599453,0.6931471805599453,0.0,-0.6931471805599453,0.0,1.0986122886681096,-0.6931471805599453,-0.6931471805599453,2.5649493574615367,3.295836866004329,0.0,0.6931471805599453,1.3862943611198906,2.6390573296152584,-0.6931471805599453,2.079441541679836,1.791759469228055,2.3978952727983707,0.0,-0.6931471805599453,-0.6931471805599453,-0.6931471805599453,-0.6931471805599453,0.6931471805599453,-0.6931471805599453,4.430816798843313,0.0,-0.6931471805599453,-0.6931471805599453,0.0,1.791759469228055,-0.6931471805599453,-0.6931471805599453,-0.6931471805599453,1.3862943611198906,-0.6931471805599453,0.0,-0.6931471805599453,0.6931471805599453,-0.6931471805599453,-0.6931471805599453,-0.6931471805599453,1.3862943611198906,-0.6931471805599453,1.0986122886681096,0.0,-0.6931471805599453,1.3862943611198906,-0.6931471805599453,-0.6931471805599453,-0.6931471805599453,1.3862943611198906,-0.6931471805599453,-0.6931471805599453,0.0,0.0,1.6094379124341005,-0.6931471805599453,-0.6931471805599453,0.6931471805599453,1.3862943611198906,0.6931471805599453,-0.6931471805599453,0.6931471805599453,-0.6931471805599453,3.1354942159291497,-0.6931471805599453,1.0986122886681096,2.302585092994045,0.0,-0.6931471805599453,2.079441541679836,0.0,-0.6931471805599453,1.3862943611198906,4.04305126783455
ERR260205,0,2.079441541679836,0.6931471805599453,-0.6931471805599453,0.0,1.3862943611198906,1.3862943611198906,-0.6931471805599453,-0.6931471805599453,0.0,2.833213344056216,1.0986122886681096,-0.6931471805599453,-0.6931471805599453,0.0,1.6094379124341005,-0.6931471805599453,0.6931471805599453,0.0,1.6094379124341005,0.6931471805599453,1.9459101490553128,1.9459101490553128,0.6931471805599453,3.3672958299864737,2.995732273553991,0.6931471805599453,0.6931471805599453,2.197224577336219,-0.6931471805599453,1.9459101490553128,-0.6931471805599453,1.0986122886681096,-0.6931471805599453,-0.6931471805599453,-0.6931471805599453,3.091042453358316,1.0986122886681096,0.6931471805599453,1.791759469228055,0.6931471805599453,0.0,1.6094379124341005,1.9459101490553128,0.0,2.079441541679836,1.0986122886681096,0.0,1.0986122886681096,-0.6931471805599453,3.295836866004329,-0.6931471805599453,0.0,-0.6931471805599453,0.0,2.079441541679836,-0.6931471805599453,-0.6931471805599453,0.0,2.3978952727983707,-0.6931471805599453,-0.6931471805599453,-0.6931471805599453,0.6931471805599453,-0.6931471805599453,1.0986122886681096,0.6931471805599453,-0.6931471805599453,-0.6931471805599453,2.3978952727983707,3.218875824868201,0.0,1.3862943611198906,0.0,0.0,1.0986122886681096,0.0,1.3862943611198906,0.6931471805599453,0.0,-0.6931471805599453,2.5649493574615367,-0.6931471805599453,1.791759469228055,-0.6931471805599453,-0.6931471805599453,-0.6931471805599453,-0.6931471805599453,2.079441541679836,1.0986122886681096,0.0,-0.6931471805599453,1.0986122886681096,-0.6931471805599453,0.0,-0.6931471805599453,2.4849066497880004,-0.6931471805599453,-0.6931471805599453,-0.6931471805599453,-0.6931471805599453,1.9459101490553128,2.302585092994045,-0.6931471805599453,0.6931471805599453,1.791759469228055,-0.6931471805599453,2.302585092994045,1.791759469228055,1.3862943611198906,-0.6931471805599453,1.0986122886681096,0.0,-0.6931471805599453,-0.6931471805599453,0.0,2.197224577336219,-0.6931471805599453,1.791759469228055,0.0,0.0,2.197224577336219,1.0986122886681096,-0.6931471805599453,2.4849066497880004,1.3862943611198906,0.6931471805599453,2.302585092994045,-0.6931471805599453,0.0,1.0986122886681096,-0.6931471805599453,-0.6931471805599453,-0.6931471805599453,2.302585092994045,1.3862943611198906,1.3862943611198906,-0.6931471805599453,1.791759469228055,0.0,1.0986122886681096,1.6094379124341005,-0.6931471805599453,0.0,3.3672958299864737,-0.6931471805599453,0.0,-0.6931471805599453,0.0,1.3862943611198906,4.127134385045092,1.0986122886681096,-0.6931471805599453,-0.6931471805599453,0.6931471805599453,-0.6931471805599453,-0.6931471805599453,-0.6931471805599453,-0.6931471805599453,-0.6931471805599453,1.0986122886681096,-0.6931471805599453,0.0,-0.6931471805599453,-0.6931471805599453,1.0986122886681096,0.0,-0.6931471805599453,-0.6931471805599453,-0.6931471805599453,-0.6931471805599453,-0.6931471805599453,1.0986122886681096,-0.6931471805599453,1.0986122886681096,0.0,0.6931471805599453,3.6375861597263857,0.6931471805599453,0.6931471805599453,-0.6931471805599453,0.6931471805599453,-0.6931471805599453,0.0,1.3862943611198906,2.6390573296152584,-0.6931471805599453,-0.6931471805599453,1.3862943611198906,2.197224577336219,2.079441541679836,-0.6931471805599453,-0.6931471805599453,0.0,-0.6931471805599453,1.0986122886681096,2.5649493574615367,-0.6931471805599453,-0.6931471805599453,2.8903717578961645,3.988984046564274
ERR260206,1,0.0,-0.6931471805599453,-0.6931471805599453,0.0,1.0986122886681096,1.3862943611198906,0.0,-0.6931471805599453,1.0986122886681096,1.9459101490553128,1.0986122886681096,0.0,-0.6931471805599453,0.6931471805599453,0.6931471805599453,-0.6931471805599453,0.6931471805599453,-0.6931471805599453,2.3978952727983707,-0.6931471805599453,0.0,-0.6931471805599453,0.6931471805599453,1.0986122886681096,2.6390573296152584,0.0,-0.6931471805599453,-0.6931471805599453,-0.6931471805599453,0.6931471805599453,-0.6931471805599453,1.0986122886681096,0.6931471805599453,0.0,-0.6931471805599453,2.302585092994045,1.6094379124341005,-0.6931471805599453,0.0,0.6931471805599453,-0.6931471805599453,-0.6931471805599453,1.6094379124341005,-0.6931471805599453,1.791759469228055,-0.6931471805599453,0.0,0.6931471805599453,-0.6931471805599453,2.6390573296152584,-0.6931471805599453,0.0,-0.6931471805599453,-0.6931471805599453,0.6931471805599453,0.6931471805599453,0.6931471805599453,-0.6931471805599453,0.0,0.0,-0.6931471805599453,-0.6931471805599453,0.6931471805599453,1.0986122886681096,-0.6931471805599453,0.0,-0.6931471805599453,1.791759469228055,0.6931471805599453,2.833213344056216,1.791759469228055,-0.6931471805599453,-0.6931471805599453,0.0,-0.6931471805599453,-0.6931471805599453,-0.6931471805599453,0.6931471805599453,-0.6931471805599453,0.6931471805599453,2.302585092994045,-0.6931471805599453,0.6931471805599453,-0.6931471805599453,-0.6931471805599453,-0.6931471805599453,1.3862943611198906,1.6094379124341005,1.0986122886681096,-0.6931471805599453,-0.6931471805599453,0.6931471805599453,-0.6931471805599453,0.6931471805599453,-0.6931471805599453,1.0986122886681096,-0.6931471805599453,-0.6931471805599453,0.6931471805599453,0.6931471805599453,-0.6931471805599453,2.4849066497880004,-0.6931471805599453,0.0,0.0,-0.6931471805599453,0.0,2.4849066497880004,0.6931471805599453,-0.6931471805599453,1.3862943611198906,0.6931471805599453,-0.6931471805599453,0.0,-0.6931471805599453,-0.6931471805599453,1.3862943611198906,-0.6931471805599453,1.0986122886681096,-0.6931471805599453,1.791759469228055,-0.6931471805599453,-0.6931471805599453,0.0,-0.6931471805599453,-0.6931471805599453,0.0,-0.6931471805599453,1.9459101490553128,0.0,-0.6931471805599453,-0.6931471805599453,0.0,2.70805020110221,2.3978952727983707,0.0,-0.6931471805599453,3.1354942159291497,0.6931471805599453,0.6931471805599453,-0.6931471805599453,-0.6931471805599453,0.0,2.8903717578961645,-0.6931471805599453,0.6931471805599453,-0.6931471805599453,0.0,1.3862943611198906,3.8501476017100575,1.791759469228055,-0.6931471805599453,-0.6931471805599453,-0.6931471805599453,0.0,-0.6931471805599453,-0.6931471805599453,-0.6931471805599453,0.6931471805599453,-0.6931471805599453,-0.6931471805599453,0.0,-0.6931471805599453,0.0,-0.6931471805599453,-0.6931471805599453,0.6931471805599453,-0.6931471805599453,0.0,0.0,-0.6931471805599453,0.6931471805599453,-0.6931471805599453,-0.6931471805599453,-0.6931471805599453,0.0,2.6390573296152584,-0.6931471805599453,0.6931471805599453,1.6094379124341005,1.0986122886681096,-0.6931471805599453,1.0986122886681096,-0.6931471805599453,2.5649493574615367,-0.6931471805599453,0.0,-0.6931471805599453,1.9459101490553128,1.9459101490553128,-0.6931471805599453,-0.6931471805599453,0.0,-0.6931471805599453,0.6931471805599453,2.5649493574615367,0.0,0.6931471805599453,1.791759469228055,3.49650756146648
ERR260207,1,1.791759469228055,-0.6931471805599453,0.0,0.0,-0.6931471805599453,-0.6931471805599453,1.0986122886681096,-0.6931471805599453,-0.6931471805599453,3.295836866004329,1.3862943611198906,-0.6931471805599453,0.0,-0.6931471805599453,2.5649493574615367,-0.6931471805599453,1.0986122886681096,-0.6931471805599453,-0.6931471805599453,-0.6931471805599453,1.791759469228055,1.9459101490553128,1.9459101490553128,3.091042453358316,2.9444389791664403,0.0,-0.6931471805599453,1.9459101490553128,0.0,2.197224577336219,-0.6931471805599453,1.6094379124341005,2.079441541679836,0.6931471805599453,-0.6931471805599453,2.70805020110221,-0.6931471805599453,1.6094379124341005,0.0,-0.6931471805599453,0.6931471805599453,0.0,0.0,-0.6931471805599453,3.044522437723423,1.3862943611198906,1.0986122886681096,2.079441541679836,-0.6931471805599453,4.477336814478206,-0.6931471805599453,1.0986122886681096,0.6931471805599453,-0.6931471805599453,2.4849066497880004,-0.6931471805599453,1.3862943611198906,-0.6931471805599453,-0.6931471805599453,1.791759469228055,-0.6931471805599453,0.0,-0.6931471805599453,1.3862943611198906,-0.6931471805599453,2.302585092994045,-0.6931471805599453,-0.6931471805599453,-0.6931471805599453,3.4339872044851463,-0.6931471805599453,-0.6931471805599453,-0.6931471805599453,3.49650756146648,-0.6931471805599453,1.0986122886681096,0.0,0.0,-0.6931471805599453,0.6931471805599453,2.70805020110221,-0.6931471805599453,2.079441541679836,-0.6931471805599453,-0.6931471805599453,-0.6931471805599453,1.791759469228055,-0.6931471805599453,-0.6931471805599453,-0.6931471805599453,-0.6931471805599453,-0.6931471805599453,0.0,-0.6931471805599453,-0.6931471805599453,3.610917912644224,-0.6931471805599453,-0.6931471805599453,-0.6931471805599453,-0.6931471805599453,-0.6931471805599453,-0.6931471805599453,-0.6931471805599453,3.091042453358316,1.9459101490553128,-0.6931471805599453,3.091042453358316,2.302585092994045,1.0986122886681096,0.0,1.0986122886681096,-0.6931471805599453,0.0,-0.6931471805599453,0.0,3.4011973816621555,-0.6931471805599453,2.079441541679836,-0.6931471805599453,2.197224577336219,3.8501476017100575,-0.6931471805599453,-0.6931471805599453,-0.6931471805599453,1.6094379124341005,1.6094379124341005,2.3978952727983707,0.6931471805599453,1.3862943611198906,0.0,-0.6931471805599453,1.791759469228055,-0.6931471805599453,1.3862943611198906,0.0,2.302585092994045,-0.6931471805599453,1.6094379124341005,-0.6931471805599453,0.6931471805599453,2.5649493574615367,0.0,-0.6931471805599453,3.8918202981106265,0.0,0.6931471805599453,0.6931471805599453,1.3862943611198906,2.8903717578961645,4.653960350157523,1.6094379124341005,-0.6931471805599453,-0.6931471805599453,1.6094379124341005,0.6931471805599453,-0.6931471805599453,-0.6931471805599453,-0.6931471805599453,-0.6931471805599453,-0.6931471805599453,-0.6931471805599453,0.0,-0.6931471805599453,-0.6931471805599453,-0.6931471805599453,-0.6931471805599453,-0.6931471805599453,-0.6931471805599453,0.6931471805599453,-0.6931471805599453,-0.6931471805599453,-0.6931471805599453,-0.6931471805599453,2.302585092994045,-0.6931471805599453,2.772588722239781,3.6375861597263857,0.0,-0.6931471805599453,-0.6931471805599453,1.3862943611198906,1.0986122886681096,1.6094379124341005,1.0986122886681096,3.610917912644224,-0.6931471805599453,0.6931471805599453,1.6094379124341005,2.6390573296152584,1.6094379124341005,-0.6931471805599453,1.9459101490553128,1.3862943611198906,-0.6931471805599453,1.3862943611198906,1.0986122886681096,2.3978952727983707,-0.6931471805599453,3.713572066704308,3.8712010109078903
ERR260208,1,1.3862943611198906,0.6931471805599453,-0.6931471805599453,1.3862943611198906,0.0,1.0986122886681096,-0.6931471805599453,-0.6931471805599453,-0.6931471805599453,2.079441541679836,2.079441541679836,-0.6931471805599453,-0.6931471805599453,-0.6931471805599453,1.3862943611198906,1.3862943611198906,1.9459101490553128,0.0,-0.6931471805599453,-0.6931471805599453,2.4849066497880004,2.197224577336219,0.0,3.4657359027997265,3.555348061489413,1.0986122886681096,0.0,2.833213344056216,0.0,1.3862943611198906,0.0,2.302585092994045,1.6094379124341005,1.6094379124341005,2.197224577336219,2.4849066497880004,2.5649493574615367,1.6094379124341005,0.0,-0.6931471805599453,-0.6931471805599453,1.0986122886681096,0.6931471805599453,0.0,1.791759469228055,-0.6931471805599453,0.0,1.3862943611198906,0.0,3.8918202981106265,-0.6931471805599453,0.0,0.6931471805599453,2.4849066497880004,2.302585092994045,-0.6931471805599453,-0.6931471805599453,-0.6931471805599453,1.9459101490553128,-0.6931471805599453,0.0,0.6931471805599453,0.0,-0.6931471805599453,0.6931471805599453,0.6931471805599453,-0.6931471805599453,1.9459101490553128,-0.6931471805599453,2.8903717578961645,-0.6931471805599453,-0.6931471805599453,0.0,3.091042453358316,3.4339872044851463,0.0,1.791759469228055,1.0986122886681096,-0.6931471805599453,-0.6931471805599453,2.4849066497880004,-0.6931471805599453,2.197224577336219,2.302585092994045,-0.6931471805599453,-0.6931471805599453,2.079441541679836,0.0,-0.6931471805599453,0.6931471805599453,-0.6931471805599453,-0.6931471805599453,-0.6931471805599453,0.6931471805599453,-0.6931471805599453,2.8903717578961645,-0.6931471805599453,0.6931471805599453,-0.6931471805599453,0.0,-0.6931471805599453,-0.6931471805599453,-0.6931471805599453,1.3862943611198906,1.0986122886681096,-0.6931471805599453,2.6390573296152584,2.772588722239781,2.302585092994045,-0.6931471805599453,2.079441541679836,1.3862943611198906,1.9459101490553128,-0.6931471805599453,2.079441541679836,1.3862943611198906,1.6094379124341005,1.6094379124341005,1.9459101490553128,-0.6931471805599453,3.218875824868201,-0.6931471805599453,-0.6931471805599453,0.6931471805599453,0.0,0.0,1.3862943611198906,-0.6931471805599453,1.3862943611198906,-0.6931471805599453,-0.6931471805599453,-0.6931471805599453,-0.6931471805599453,2.6390573296152584,3.951243718581427,1.0986122886681096,1.3862943611198906,1.6094379124341005,-0.6931471805599453,2.5649493574615367,1.791759469228055,1.791759469228055,2.197224577336219,3.1780538303479453,-0.6931471805599453,2.197224577336219,-0.6931471805599453,-0.6931471805599453,1.3862943611198906,4.624972813284271,1.3862943611198906,-0.6931471805599453,-0.6931471805599453,1.0986122886681096,0.0,0.0,-0.6931471805599453,0.0,2.079441541679836,2.772588722239781,-0.6931471805599453,-0.6931471805599453,2.302585092994045,-0.6931471805599453,3.044522437723423,-0.6931471805599453,3.3672958299864737,-0.6931471805599453,3.6635616461296463,-0.6931471805599453,0.0,-0.6931471805599453,-0.6931471805599453,-0.6931471805599453,-0.6931471805599453,0.0,3.044522437723423,-0.6931471805599453,0.6931471805599453,0.0,1.791759469228055,-0.6931471805599453,-0.6931471805599453,2.079441541679836,2.8903717578961645,-0.6931471805599453,1.6094379124341005,-0.6931471805599453,2.079441541679836,2.6390573296152584,-0.6931471805599453,0.0,1.791759469228055,-0.6931471805599453,2.4849066497880004,1.6094379124341005,-0.6931471805599453,0.6931471805599453,2.995732273553991,4.189654742026425
ERR260209,0,-0.6931471805599453,1.791759469228055,-0.6931471805599453,-0.6931471805599453,0.6931471805599453,1.3862943611198906,-0.6931471805599453,-0.6931471805599453,-0.6931471805599453,2.079441541679836,0.0,-0.6931471805599453,0.0,1.3862943611198906,-0.6931471805599453,-0.6931471805599453,-0.6931471805599453,-0.6931471805599453,-0.6931471805599453,-0.6931471805599453,0.6931471805599453,0.0,0.0,0.0,2.8903717578961645,-0.6931471805599453,-0.6931471805599453,-0.6931471805599453,1.3862943611198906,-0.6931471805599453,-0.6931471805599453,-0.6931471805599453,-0.6931471805599453,0.0,-0.6931471805599453,1.6094379124341005,1.3862943611198906,1.0986122886681096,1.0986122886681096,0.6931471805599453,-0.6931471805599453,1.9459101490553128,2.995732273553991,-0.6931471805599453,-0.6931471805599453,1.3862943611198906,-0.6931471805599453,0.6931471805599453,0.6931471805599453,3.4339872044851463,-0.6931471805599453,0.6931471805599453,-0.6931471805599453,-0.6931471805599453,0.0,-0.6931471805599453,-0.6931471805599453,-0.6931471805599453,0.6931471805599453,-0.6931471805599453,-0.6931471805599453,0.0,0.6931471805599453,-0.6931471805599453,-0.6931471805599453,1.6094379124341005,-0.6931471805599453,1.3862943611198906,-0.6931471805599453,1.6094379124341005,0.6931471805599453,-0.6931471805599453,-0.6931471805599453,2.197224577336219,1.3862943611198906,-0.6931471805599453,-0.6931471805599453,1.6094379124341005,-0.6931471805599453,-0.6931471805599453,1.6094379124341005,-0.6931471805599453,1.3862943611198906,-0.6931471805599453,-0.6931471805599453,-0.6931471805599453,0.6931471805599453,0.0,1.0986122886681096,-0.6931471805599453,-0.6931471805599453,0.6931471805599453,-0.6931471805599453,1.0986122886681096,-0.6931471805599453,2.3978952727983707,0.0,-0.6931471805599453,-0.6931471805599453,0.6931471805599453,-0.6931471805599453,-0.6931471805599453,-0.6931471805599453,2.3978952727983707,1.791759469228055,-0.6931471805599453,0.0,1.3862943611198906,1.791759469228055,-0.6931471805599453,1.0986122886681096,-0.6931471805599453,0.0,-0.6931471805599453,0.6931471805599453,1.3862943611198906,0.6931471805599453,0.6931471805599453,0.6931471805599453,2.70805020110221,2.197224577336219,-0.6931471805599453,-0.6931471805599453,0.0,0.6931471805599453,1.0986122886681096,-0.6931471805599453,0.6931471805599453,0.0,0.0,-0.6931471805599453,-0.6931471805599453,-0.6931471805599453,3.1780538303479453,0.0,0.0,-0.6931471805599453,2.3978952727983707,0.6931471805599453,1.0986122886681096,-0.6931471805599453,0.0,-0.6931471805599453,2.079441541679836,-0.6931471805599453,0.0,-0.6931471805599453,-0.6931471805599453,1.0986122886681096,4.158883083359672,0.0,-0.6931471805599453,-0.6931471805599453,1.0986122886681096,-0.6931471805599453,1.0986122886681096,1.3862943611198906,-0.6931471805599453,0.6931471805599453,-0.6931471805599453,-0.6931471805599453,-0.6931471805599453,-0.6931471805599453,-0.6931471805599453,1.0986122886681096,0.0,-0.6931471805599453,-0.6931471805599453,-0.6931471805599453,-0.6931471805599453,0.6931471805599453,0.0,-0.6931471805599453,-0.6931471805599453,0.0,0.0,2.079441541679836,0.6931471805599453,1.9459101490553128,-0.6931471805599453,1.3862943611198906,-0.6931471805599453,1.6094379124341005,1.6094379124341005,2.4849066497880004,-0.6931471805599453,-0.6931471805599453,-0.6931471805599453,-0.6931471805599453,2.9444389791664403,-0.6931471805599453,1.3862943611198906,1.0986122886681096,-0.6931471805599453,0.6931471805599453,0.6931471805599453,-0.6931471805599453,-0.6931471805599453,2.197224577336219,3.8501476017100575
ERR260210,1,0.6931471805599453,-0.6931471805599453,-0.6931471805599453,0.0,1.9459101490553128,1.3862943611198906,1.3862943611198906,-0.6931471805599453,0.0,1.0986122886681096,2.197224577336219,0.0,-0.6931471805599453,1.6094379124341005,1.0986122886681096,-0.6931471805599453,1.9459101490553128,0.6931471805599453,-0.6931471805599453,-0.6931471805599453,1.3862943611198906,-0.6931471805599453,0.0,2.70805020110221,2.302585092994045,0.0,-0.6931471805599453,0.6931471805599453,-0.6931471805599453,1.9459101490553128,-0.6931471805599453,0.0,1.3862943611198906,0.0,-0.6931471805599453,1.3862943611198906,2.772588722239781,-0.6931471805599453,1.3862943611198906,-0.6931471805599453,-0.6931471805599453,2.197224577336219,1.3862943611198906,0.0,-0.6931471805599453,0.0,2.5649493574615367,1.0986122886681096,0.0,3.737669618283368,-0.6931471805599453,0.6931471805599453,0.0,0.6931471805599453,0.6931471805599453,-0.6931471805599453,2.9444389791664403,0.0,-0.6931471805599453,1.0986122886681096,0.0,-0.6931471805599453,0.6931471805599453,0.0,-0.6931471805599453,0.0,-0.6931471805599453,1.6094379124341005,-0.6931471805599453,3.3672958299864737,-0.6931471805599453,-0.6931471805599453,0.0,1.0986122886681096,-0.6931471805599453,0.6931471805599453,1.0986122886681096,2.197224577336219,-0.6931471805599453,-0.6931471805599453,1.3862943611198906,-0.6931471805599453,0.6931471805599453,-0.6931471805599453,-0.6931471805599453,-0.6931471805599453,-0.6931471805599453,0.0,0.6931471805599453,0.0,0.0,0.0,-0.6931471805599453,0.6931471805599453,-0.6931471805599453,2.995732273553991,-0.6931471805599453,-0.6931471805599453,-0.6931471805599453,-0.6931471805599453,-0.6931471805599453,-0.6931471805599453,-0.6931471805599453,2.995732273553991,1.0986122886681096,0.6931471805599453,1.0986122886681096,1.3862943611198906,-0.6931471805599453,-0.6931471805599453,1.3862943611198906,-0.6931471805599453,2.079441541679836,-0.6931471805599453,-0.6931471805599453,2.5649493574615367,0.6931471805599453,0.6931471805599453,1.6094379124341005,2.833213344056216,2.9444389791664403,0.6931471805599453,-0.6931471805599453,0.6931471805599453,2.3978952727983707,1.3862943611198906,1.791759469228055,-0.6931471805599453,1.0986122886681096,-0.6931471805599453,-0.6931471805599453,1.6094379124341005,0.0,2.833213344056216,-0.6931471805599453,2.5649493574615367,1.6094379124341005,2.197224577336219,-0.6931471805599453,1.6094379124341005,0.0,2.3978952727983707,0.0,1.791759469228055,0.0,2.3978952727983707,-0.6931471805599453,1.9459101490553128,-0.6931471805599453,4.795790545596741,-0.6931471805599453,-0.6931471805599453,-0.6931471805599453,0.0,-0.6931471805599453,0.0,-0.6931471805599453,-0.6931471805599453,2.772588722239781,-0.6931471805599453,-0.6931471805599453,-0.6931471805599453,-0.6931471805599453,-0.6931471805599453,3.044522437723423,3.044522437723423,-0.6931471805599453,0.0,-0.6931471805599453,-0.6931471805599453,-0.6931471805599453,0.0,-0.6931471805599453,1.3862943611198906,-0.6931471805599453,0.6931471805599453,1.9459101490553128,-0.6931471805599453,0.6931471805599453,-0.6931471805599453,1.6094379124341005,-0.6931471805599453,1.0986122886681096,1.3862943611198906,1.9459101490553128,-0.6931471805599453,1.3862943611198906,-0.6931471805599453,0.0,2.70805020110221,-0.6931471805599453,2.302585092994045,-0.6931471805599453,1.0986122886681096,1.3862943611198906,2.3978952727983707,2.70805020110221,0.0,2.079441541679836,3.8712010109078903
ERR260214,1,3.1354942159291497,-0.6931471805599453,2.302585092994045,1.3862943611198906,-0.6931471805599453,-0.6931471805599453,-0.6931471805599453,3.044522437723423,-0.6931471805599453,4.110873864173311,-0.6931471805599453,-0.6931471805599453,-0.6931471805599453,-0.6931471805599453,-0.6931471805599453,-0.6931471805599453,-0.6931471805599453,-0.6931471805599453,-0.6931471805599453,-0.6931471805599453,3.784189633918261,2.9444389791664403,1.0986122886681096,-0.6931471805599453,4.262679877041316,-0.6931471805599453,-0.6931471805599453,4.025351690735149,-0.6931471805599453,-0.6931471805599453,-0.6931471805599453,3.610917912644224,-0.6931471805599453,-0.6931471805599453,-0.6931471805599453,4.0943445622221,-0.6931471805599453,3.218875824868201,-0.6931471805599453,-0.6931471805599453,3.737669618283368,-0.6931471805599453,-0.6931471805599453,1.0986122886681096,-0.6931471805599453,3.091042453358316,2.079441541679836,-0.6931471805599453,-0.6931471805599453,4.5217885770490405,-0.6931471805599453,0.0,0.0,-0.6931471805599453,3.9702919135521215,-0.6931471805599453,0.6931471805599453,-0.6931471805599453,3.4657359027997265,0.0,-0.6931471805599453,1.6094379124341005,-0.6931471805599453,-0.6931471805599453,-0.6931471805599453,0.6931471805599453,-0.6931471805599453,-0.6931471805599453,-0.6931471805599453,2.3978952727983707,-0.6931471805599453,-0.6931471805599453,-0.6931471805599453,2.079441541679836,1.3862943611198906,-0.6931471805599453,0.6931471805599453,-0.6931471805599453,-0.6931471805599453,-0.6931471805599453,-0.6931471805599453,-0.6931471805599453,-0.6931471805599453,-0.6931471805599453,0.0,-0.6931471805599453,2.5649493574615367,-0.6931471805599453,-0.6931471805599453,-0.6931471805599453,-0.6931471805599453,-0.6931471805599453,0.0,-0.6931471805599453,-0.6931471805599453,-0.6931471805599453,-0.6931471805599453,-0.6931471805599453,-0.6931471805599453,-0.6931471805599453,-0.6931471805599453,-0.6931471805599453,-0.6931471805599453,-0.6931471805599453,2.70805020110221,-0.6931471805599453,-0.6931471805599453,0.0,2.197224577336219,-0.6931471805599453,0.0,0.0,0.6931471805599453,-0.6931471805599453,-0.6931471805599453,0.0,-0.6931471805599453,-0.6931471805599453,1.6094379124341005,-0.6931471805599453,-0.6931471805599453,-0.6931471805599453,-0.6931471805599453,1.3862943611198906,1.6094379124341005,-0.6931471805599453,-0.6931471805599453,-0.6931471805599453,-0.6931471805599453,3.8501476017100575,-0.6931471805599453,1.3862943611198906,2.833213344056216,2.302585092994045,-0.6931471805599453,-0.6931471805599453,-0.6931471805599453,-0.6931471805599453,-0.6931471805599453,1.0986122886681096,-0.6931471805599453,-0.6931471805599453,-0.6931471805599453,-0.6931471805599453,-0.6931471805599453,-0.6931471805599453,0.0,-0.6931471805599453,0.0,4.672828834461906,-0.6931471805599453,-0.6931471805599453,2.70805020110221,-0.6931471805599453,-0.6931471805599453,-0.6931471805599453,-0.6931471805599453,0.0,-0.6931471805599453,-0.6931471805599453,-0.6931471805599453,1.3862943611198906,0.0,1.0986122886681096,-0.6931471805599453,0.0,-0.6931471805599453,-0.6931471805599453,2.302585092994045,0.6931471805599453,-0.6931471805599453,2.5649493574615367,-0.6931471805599453,-0.6931471805599453,-0.6931471805599453,0.0,-0.6931471805599453,1.0986122886681096,-0.6931471805599453,-0.6931471805599453,-0.6931471805599453,4.007333185232471,-0.6931471805599453,-0.6931471805599453,-0.6931471805599453,-0.6931471805599453,-0.6931471805599453,-0.6931471805599453,-0.6931471805599453,-0.6931471805599453,-0.6931471805599453,-0.6931471805599453,2.3978952727983707,-0.6931471805599453,-0.6931471805599453,-0.6931471805599453,2.197224577336219,-0.6931471805599453,-0.6931471805599453,4.04305126783455
ERR260215,0,1.9459101490553128,-0.6931471805599453,-0.6931471805599453,-0.6931471805599453,1.0986122886681096,0.0,-0.6931471805599453,-0.6931471805599453,-0.6931471805599453,3.1780538303479453,-0.6931471805599453,-0.6931471805599453,-0.6931471805599453,0.0,-0.6931471805599453,0.6931471805599453,0.0,0.0,-0.6931471805599453,-0.6931471805599453,1.6094379124341005,1.0986122886681096,0.6931471805599453,1.3862943611198906,2.70805020110221,-0.6931471805599453,-0.6931471805599453,1.3862943611198906,-0.6931471805599453,0.0,0.0,1.3862943611198906,-0.6931471805599453,0.0,-0.6931471805599453,2.5649493574615367,1.791759469228055,1.3862943611198906,-0.6931471805599453,-0.6931471805599453,0.0,1.3862943611198906,0.0,-0.6931471805599453,0.0,1.0986122886681096,1.791759469228055,0.0,-0.6931471805599453,3.828641396489095,0.0,-0.6931471805599453,-0.6931471805599453,-0.6931471805599453,0.6931471805599453,-0.6931471805599453,0.0,-0.6931471805599453,0.6931471805599453,-0.6931471805599453,-0.6931471805599453,1.0986122886681096,0.0,-0.6931471805599453,-0.6931471805599453,1.0986122886681096,-0.6931471805599453,-0.6931471805599453,-0.6931471805599453,2.995732273553991,-0.6931471805599453,-0.6931471805599453,-0.6931471805599453,0.0,-0.6931471805599453,-0.6931471805599453,-0.6931471805599453,-0.6931471805599453,0.6931471805599453,-0.6931471805599453,1.0986122886681096,-0.6931471805599453,1.6094379124341005,-0.6931471805599453,-0.6931471805599453,-0.6931471805599453,0.0,-0.6931471805599453,0.0,-0.6931471805599453,-0.6931471805599453,0.0,-0.6931471805599453,0.0,-0.6931471805599453,1.0986122886681096,-0.6931471805599453,-0.6931471805599453,-0.6931471805599453,0.6931471805599453,-0.6931471805599453,-0.6931471805599453,-0.6931471805599453,-0.6931471805599453,1.3862943611198906,-0.6931471805599453,1.0986122886681096,1.3862943611198906,0.0,-0.6931471805599453,0.6931471805599453,-0.6931471805599453,0.0,-0.6931471805599453,-0.6931471805599453,3.526360524616161,-0.6931471805599453,0.6931471805599453,0.6931471805599453,-0.6931471805599453,2.197224577336219,0.0,1.6094379124341005,2.197224577336219,1.3862943611198906,-0.6931471805599453,1.6094379124341005,-0.6931471805599453,1.0986122886681096,-0.6931471805599453,-0.6931471805599453,0.0,-0.6931471805599453,2.197224577336219,0.0,2.5649493574615367,0.0,1.6094379124341005,-0.6931471805599453,0.0,-0.6931471805599453,0.0,0.6931471805599453,2.3978952727983707,-0.6931471805599453,0.0,-0.6931471805599453,1.0986122886681096,1.0986122886681096,4.499809670330265,1.0986122886681096,-0.6931471805599453,-0.6931471805599453,0.6931471805599453,-0.6931471805599453,-0.6931471805599453,0.0,-0.6931471805599453,-0.6931471805599453,-0.6931471805599453,-0.6931471805599453,-0.6931471805599453,-0.6931471805599453,-0.6931471805599453,-0.6931471805599453,1.0986122886681096,-0.6931471805599453,-0.6931471805599453,0.0,-0.6931471805599453,0.0,0.6931471805599453,-0.6931471805599453,-0.6931471805599453,-0.6931471805599453,1.0986122886681096,2.302585092994045,-0.6931471805599453,-0.6931471805599453,-0.6931471805599453,1.3862943611198906,-0.6931471805599453,1.6094379124341005,-0.6931471805599453,1.6094379124341005,-0.6931471805599453,0.6931471805599453,0.0,1.0986122886681096,1.791759469228055,-0.6931471805599453,-0.6931471805599453,1.6094379124341005,-0.6931471805599453,0.0,0.0,1.6094379124341005,-0.6931471805599453,2.833213344056216,3.555348061489413
ERR260216,0,-0.6931471805599453,-0.6931471805599453,-0.6931471805599453,-0.6931471805599453,-0.6931471805599453,0.0,-0.6931471805599453,-0.6931471805599453,0.0,0.6931471805599453,0.0,-0.6931471805599453,-0.6931471805599453,-0.6931471805599453,-0.6931471805599453,-0.6931471805599453,1.6094379124341005,-0.6931471805599453,0.0,-0.6931471805599453,-0.6931471805599453,0.6931471805599453,-0.6931471805599453,0.6931471805599453,1.9459101490553128,-0.6931471805599453,-0.6931471805599453,0.0,-0.6931471805599453,0.0,-0.6931471805599453,-0.6931471805599453,0.0,0.0,0.0,0.6931471805599453,-0.6931471805599453,-0.6931471805599453,0.6931471805599453,-0.6931471805599453,-0.6931471805599453,0.0,-0.6931471805599453,0.0,2.079441541679836,0.0,0.0,-0.6931471805599453,0.6931471805599453,1.791759469228055,-0.6931471805599453,-0.6931471805599453,-0.6931471805599453,-0.6931471805599453,-0.6931471805599453,-0.6931471805599453,-0.6931471805599453,-0.6931471805599453,1.0986122886681096,-0.6931471805599453,-0.6931471805599453,-0.6931471805599453,0.0,-0.6931471805599453,-0.6931471805599453,0.0,-0.6931471805599453,-0.6931471805599453,-0.6931471805599453,1.0986122886681096,-0.6931471805599453,-0.6931471805599453,-0.6931471805599453,1.0986122886681096,1.0986122886681096,-0.6931471805599453,0.0,0.0,-0.6931471805599453,-0.6931471805599453,1.3862943611198906,0.0,1.0986122886681096,-0.6931471805599453,1.0986122886681096,-0.6931471805599453,0.0,1.0986122886681096,0.0,-0.6931471805599453,-0.6931471805599453,0.0,-0.6931471805599453,0.0,-0.6931471805599453,0.0,-0.6931471805599453,-0.6931471805599453,-0.6931471805599453,1.0986122886681096,-0.6931471805599453,-0.6931471805599453,-0.6931471805599453,1.3862943611198906,0.6931471805599453,-0.6931471805599453,-0.6931471805599453,-0.6931471805599453,1.0986122886681096,-0.6931471805599453,0.0,0.0,0.0,-0.6931471805599453,0.0,-0.6931471805599453,-0.6931471805599453,1.0986122886681096,0.0,1.0986122886681096,1.0986122886681096,-0.6931471805599453,-0.6931471805599453,-0.6931471805599453,-0.6931471805599453,-0.6931471805599453,0.0,-0.6931471805599453,-0.6931471805599453,-0.6931471805599453,-0.6931471805599453,0.0,-0.6931471805599453,1.791759469228055,-0.6931471805599453,-0.6931471805599453,0.0,1.791759469228055,-0.6931471805599453,1.3862943611198906,-0.6931471805599453,0.0,-0.6931471805599453,1.791759469228055,-0.6931471805599453,-0.6931471805599453,-0.6931471805599453,0.6931471805599453,0.6931471805599453,3.784189633918261,1.0986122886681096,-0.6931471805599453,-0.6931471805599453,-0.6931471805599453,-0.6931471805599453,1.0986122886681096,-0.6931471805599453,-0.6931471805599453,-0.6931471805599453,-0.6931471805599453,-0.6931471805599453,0.0,0.0,-0.6931471805599453,-0.6931471805599453,-0.6931471805599453,1.6094379124341005,-0.6931471805599453,0.6931471805599453,0.6931471805599453,0.0,0.0,-0.6931471805599453,0.0,0.6931471805599453,0.0,2.3978952727983707,0.0,-0.6931471805599453,0.0,0.6931471805599453,-0.6931471805599453,1.0986122886681096,0.0,1.9459101490553128,-0.6931471805599453,-0.6931471805599453,-0.6931471805599453,1.9459101490553128,-0.6931471805599453,-0.6931471805599453,-0.6931471805599453,0.6931471805599453,-0.6931471805599453,0.0,0.6931471805599453,-0.6931471805599453,-0.6931471805599453,2.079441541679836,3.044522437723423
ERR260217,0,-0.6931471805599453,-0.6931471805599453,-0.6931471805599453,-0.6931471805599453,0.6931471805599453,1.0986122886681096,-0.6931471805599453,-0.6931471805599453,-0.6931471805599453,1.6094379124341005,-0.6931471805599453,-0.6931471805599453,-0.6931471805599453,1.0986122886681096,0.6931471805599453,0.6931471805599453,0.6931471805599453,0.0,0.0,-0.6931471805599453,1.0986122886681096,0.0,-0.6931471805599453,1.3862943611198906,2.5649493574615367,-0.6931471805599453,0.0,0.0,-0.6931471805599453,1.9459101490553128,-0.6931471805599453,1.3862943611198906,-0.6931471805599453,0.0,0.0,1.791759469228055,1.0986122886681096,-0.6931471805599453,-0.6931471805599453,-0.6931471805599453,-0.6931471805599453,1.3862943611198906,1.6094379124341005,-0.6931471805599453,1.3862943611198906,0.0,2.079441541679836,0.0,0.6931471805599453,3.295836866004329,0.6931471805599453,1.0986122886681096,-0.6931471805599453,0.6931471805599453,0.0,-0.6931471805599453,1.9459101490553128,-0.6931471805599453,1.791759469228055,0.0,0.6931471805599453,1.3862943611198906,0.6931471805599453,0.0,-0.6931471805599453,1.3862943611198906,-0.6931471805599453,-0.6931471805599453,-0.6931471805599453,2.079441541679836,-0.6931471805599453,-0.6931471805599453,-0.6931471805599453,1.6094379124341005,1.3862943611198906,0.0,0.0,0.0,-0.6931471805599453,-0.6931471805599453,0.6931471805599453,0.0,0.6931471805599453,-0.6931471805599453,-0.6931471805599453,-0.6931471805599453,-0.6931471805599453,0.6931471805599453,-0.6931471805599453,-0.6931471805599453,-0.6931471805599453,0.0,-0.6931471805599453,-0.6931471805599453,-0.6931471805599453,1.0986122886681096,-0.6931471805599453,-0.6931471805599453,-0.6931471805599453,-0.6931471805599453,-0.6931471805599453,-0.6931471805599453,-0.6931471805599453,1.0986122886681096,0.6931471805599453,0.0,-0.6931471805599453,0.6931471805599453,0.0,-0.6931471805599453,0.6931471805599453,0.6931471805599453,1.6094379124341005,0.0,0.0,1.791759469228055,0.0,0.0,1.3862943611198906,0.6931471805599453,1.3862943611198906,-0.6931471805599453,-0.6931471805599453,0.0,2.833213344056216,0.0,0.6931471805599453,-0.6931471805599453,0.0,-0.6931471805599453,-0.6931471805599453,-0.6931471805599453,0.0,2.079441541679836,-0.6931471805599453,1.3862943611198906,-0.6931471805599453,1.0986122886681096,0.0,1.9459101490553128,-0.6931471805599453,1.791759469228055,0.0,2.5649493574615367,-0.6931471805599453,-0.6931471805599453,-0.6931471805599453,-0.6931471805599453,-0.6931471805599453,3.9318256327243257,0.6931471805599453,-0.6931471805599453,-0.6931471805599453,0.0,1.0986122886681096,-0.6931471805599453,-0.6931471805599453,-0.6931471805599453,-0.6931471805599453,-0.6931471805599453,-0.6931471805599453,0.0,0.0,-0.6931471805599453,0.0,2.772588722239781,1.3862943611198906,-0.6931471805599453,1.3862943611198906,-0.6931471805599453,-0.6931471805599453,-0.6931471805599453,3.555348061489413,1.3862943611198906,-0.6931471805599453,0.0,2.079441541679836,-0.6931471805599453,-0.6931471805599453,0.0,0.6931471805599453,-0.6931471805599453,0.0,0.6931471805599453,1.9459101490553128,-0.6931471805599453,-0.6931471805599453,0.0,1.9459101490553128,2.197224577336219,-0.6931471805599453,-0.6931471805599453,-0.6931471805599453,-0.6931471805599453,0.0,1.0986122886681096,3.3672958299864737,-0.6931471805599453,1.6094379124341005,3.091042453358316
ERR260218,0,-0.6931471805599453,1.0986122886681096,-0.6931471805599453,-0.6931471805599453,1.0986122886681096,0.0,-0.6931471805599453,0.0,-0.6931471805599453,1.0986122886681096,0.0,-0.6931471805599453,-0.6931471805599453,-0.6931471805599453,-0.6931471805599453,-0.6931471805599453,1.6094379124341005,0.0,0.0,0.6931471805599453,-0.6931471805599453,-0.6931471805599453,-0.6931471805599453,1.0986122886681096,2.079441541679836,-0.6931471805599453,-0.6931471805599453,-0.6931471805599453,-0.6931471805599453,-0.6931471805599453,-0.6931471805599453,0.0,-0.6931471805599453,0.0,0.6931471805599453,0.0,1.3862943611198906,-0.6931471805599453,-0.6931471805599453,0.0,-0.6931471805599453,1.6094379124341005,0.6931471805599453,-0.6931471805599453,-0.6931471805599453,0.0,0.0,-0.6931471805599453,0.6931471805599453,3.1780538303479453,0.0,0.0,-0.6931471805599453,0.0,-0.6931471805599453,-0.6931471805599453,-0.6931471805599453,-0.6931471805599453,0.0,0.0,-0.6931471805599453,-0.6931471805599453,0.0,0.0,-0.6931471805599453,0.0,-0.6931471805599453,-0.6931471805599453,-0.6931471805599453,1.0986122886681096,-0.6931471805599453,-0.6931471805599453,-0.6931471805599453,1.3862943611198906,0.6931471805599453,-0.6931471805599453,-0.6931471805599453,0.0,-0.6931471805599453,-0.6931471805599453,0.0,-0.6931471805599453,-0.6931471805599453,-0.6931471805599453,-0.6931471805599453,-0.6931471805599453,0.0,0.6931471805599453,-0.6931471805599453,-0.6931471805599453,-0.6931471805599453,0.0,-0.6931471805599453,-0.6931471805599453,-0.6931471805599453,0.0,0.0,-0.6931471805599453,0.0,0.0,-0.6931471805599453,-0.6931471805599453,-0.6931471805599453,-0.6931471805599453,0.0,-0.6931471805599453,0.0,1.0986122886681096,1.0986122886681096,-0.6931471805599453,0.6931471805599453,0.0,0.0,-0.6931471805599453,-0.6931471805599453,0.6931471805599453,0.0,0.0,1.3862943611198906,-0.6931471805599453,0.0,0.0,-0.6931471805599453,-0.6931471805599453,0.0,-0.6931471805599453,0.6931471805599453,-0.6931471805599453,-0.6931471805599453,-0.6931471805599453,-0.6931471805599453,-0.6931471805599453,-0.6931471805599453,1.0986122886681096,0.6931471805599453,-0.6931471805599453,-0.6931471805599453,0.6931471805599453,-0.6931471805599453,1.6094379124341005,-0.6931471805599453,1.791759469228055,0.0,0.0,-0.6931471805599453,0.6931471805599453,-0.6931471805599453,-0.6931471805599453,0.6931471805599453,3.713572066704308,-0.6931471805599453,-0.6931471805599453,-0.6931471805599453,0.0,1.6094379124341005,-0.6931471805599453,-0.6931471805599453,-0.6931471805599453,-0.6931471805599453,0.0,-0.6931471805599453,-0.6931471805599453,-0.6931471805599453,-0.6931471805599453,0.0,-0.6931471805599453,2.8903717578961645,0.0,1.6094379124341005,-0.6931471805599453,-0.6931471805599453,-0.6931471805599453,-0.6931471805599453,0.0,-0.6931471805599453,-0.6931471805599453,2.197224577336219,0.0,-0.6931471805599453,0.0,0.6931471805599453,-0.6931471805599453,1.3862943611198906,0.6931471805599453,0.6931471805599453,-0.6931471805599453,-0.6931471805599453,-0.6931471805599453,0.0,0.0,-0.6931471805599453,-0.6931471805599453,-0.6931471805599453,0.6931471805599453,1.0986122886681096,0.6931471805599453,-0.6931471805599453,0.6931471805599453,0.6931471805599453,3.295836866004329
ERR260221,0,0.0,-0.6931471805599453,-0.6931471805599453,-0.6931471805599453,0.0,1.0986122886681096,-0.6931471805599453,-0.6931471805599453,0.6931471805599453,0.0,-0.6931471805599453,-0.6931471805599453,-0.6931471805599453,-0.6931471805599453,-0.6931471805599453,1.0986122886681096,0.6931471805599453,-0.6931471805599453,-0.6931471805599453,-0.6931471805599453,-0.6931471805599453,0.0,-0.6931471805599453,-0.6931471805599453,2.302585092994045,-0.6931471805599453,-0.6931471805599453,-0.6931471805599453,-0.6931471805599453,-0.6931471805599453,-0.6931471805599453,0.0,-0.6931471805599453,-0.6931471805599453,-0.6931471805599453,0.6931471805599453,1.3862943611198906,-0.6931471805599453,1.3862943611198906,-0.6931471805599453,-0.6931471805599453,0.6931471805599453,1.791759469228055,-0.6931471805599453,1.6094379124341005,-0.6931471805599453,-0.6931471805599453,0.0,0.0,2.6390573296152584,0.6931471805599453,-0.6931471805599453,-0.6931471805599453,1.0986122886681096,-0.6931471805599453,-0.6931471805599453,-0.6931471805599453,-0.6931471805599453,-0.6931471805599453,-0.6931471805599453,-0.6931471805599453,-0.6931471805599453,-0.6931471805599453,-0.6931471805599453,-0.6931471805599453,0.0,-0.6931471805599453,-0.6931471805599453,2.4849066497880004,1.0986122886681096,0.0,-0.6931471805599453,-0.6931471805599453,1.6094379124341005,-0.6931471805599453,-0.6931471805599453,0.0,0.0,-0.6931471805599453,-0.6931471805599453,0.0,-0.6931471805599453,1.0986122886681096,-0.6931471805599453,1.791759469228055,-0.6931471805599453,-0.6931471805599453,-0.6931471805599453,-0.6931471805599453,-0.6931471805599453,-0.6931471805599453,0.0,-0.6931471805599453,-0.6931471805599453,-0.6931471805599453,-0.6931471805599453,-0.6931471805599453,-0.6931471805599453,-0.6931471805599453,1.0986122886681096,-0.6931471805599453,2.079441541679836,-0.6931471805599453,0.6931471805599453,-0.6931471805599453,0.0,0.0,1.791759469228055,-0.6931471805599453,-0.6931471805599453,0.6931471805599453,0.0,0.0,-0.6931471805599453,0.6931471805599453,-0.6931471805599453,-0.6931471805599453,0.0,0.6931471805599453,-0.6931471805599453,0.6931471805599453,0.0,-0.6931471805599453,-0.6931471805599453,-0.6931471805599453,-0.6931471805599453,0.0,-0.6931471805599453,-0.6931471805599453,-0.6931471805599453,-0.6931471805599453,-0.6931471805599453,-0.6931471805599453,0.6931471805599453,-0.6931471805599453,-0.6931471805599453,0.6931471805599453,2.3978952727983707,-0.6931471805599453,2.3978952727983707,0.0,2.302585092994045,0.0,0.6931471805599453,-0.6931471805599453,-0.6931471805599453,-0.6931471805599453,-0.6931471805599453,-0.6931471805599453,3.526360524616161,0.0,-0.6931471805599453,-0.6931471805599453,0.0,1.6094379124341005,0.0,-0.6931471805599453,-0.6931471805599453,0.0,-0.6931471805599453,-0.6931471805599453,-0.6931471805599453,0.0,-0.6931471805599453,0.0,-0.6931471805599453,0.6931471805599453,1.791759469228055,1.6094379124341005,0.0,-0.6931471805599453,0.6931471805599453,-0.6931471805599453,-0.6931471805599453,-0.6931471805599453,-0.6931471805599453,1.9459101490553128,-0.6931471805599453,-0.6931471805599453,-0.6931471805599453,2.079441541679836,-0.6931471805599453,1.3862943611198906,0.0,0.6931471805599453,-0.6931471805599453,-0.6931471805599453,0.0,0.0,1.9459101490553128,-0.6931471805599453,-0.6931471805599453,0.0,1.6094379124341005,-0.6931471805599453,1.0986122886681096,-0.6931471805599453,-0.6931471805599453,0.6931471805599453,3.1354942159291497
ERR260223,0,0.0,-0.6931471805599453,-0.6931471805599453,1.0986122886681096,-0.6931471805599453,1.6094379124341005,-0.6931471805599453,-0.6931471805599453,-0.6931471805599453,1.0986122886681096,0.0,-0.6931471805599453,-0.6931471805599453,-0.6931471805599453,0.0,-0.6931471805599453,-0.6931471805599453,1.0986122886681096,-0.6931471805599453,-0.6931471805599453,1.3862943611198906,1.6094379124341005,-0.6931471805599453,-0.6931471805599453,2.4849066497880004,-0.6931471805599453,-0.6931471805599453,1.791759469228055,-0.6931471805599453,2.3978952727983707,-0.6931471805599453,0.0,-0.6931471805599453,-0.6931471805599453,-0.6931471805599453,1.9459101490553128,1.0986122886681096,1.3862943611198906,-0.6931471805599453,-0.6931471805599453,-0.6931471805599453,0.6931471805599453,0.0,-0.6931471805599453,1.9459101490553128,0.6931471805599453,2.197224577336219,-0.6931471805599453,-0.6931471805599453,2.5649493574615367,-0.6931471805599453,0.0,-0.6931471805599453,-0.6931471805599453,1.0986122886681096,-0.6931471805599453,1.6094379124341005,-0.6931471805599453,0.6931471805599453,-0.6931471805599453,-0.6931471805599453,-0.6931471805599453,-0.6931471805599453,0.0,0.6931471805599453,0.6931471805599453,1.3862943611198906,-0.6931471805599453,-0.6931471805599453,1.6094379124341005,-0.6931471805599453,-0.6931471805599453,-0.6931471805599453,2.6390573296152584,0.6931471805599453,-0.6931471805599453,0.0,-0.6931471805599453,0.0,-0.6931471805599453,-0.6931471805599453,-0.6931471805599453,1.791759469228055,0.0,-0.6931471805599453,-0.6931471805599453,-0.6931471805599453,-0.6931471805599453,-0.6931471805599453,-0.6931471805599453,-0.6931471805599453,-0.6931471805599453,-0.6931471805599453,0.6931471805599453,-0.6931471805599453,0.0,-0.6931471805599453,-0.6931471805599453,-0.6931471805599453,-0.6931471805599453,0.0,-0.6931471805599453,-0.6931471805599453,1.3862943611198906,1.6094379124341005,-0.6931471805599453,0.6931471805599453,0.6931471805599453,-0.6931471805599453,-0.6931471805599453,1.0986122886681096,-0.6931471805599453,0.6931471805599453,-0.6931471805599453,0.0,1.791759469228055,0.0,1.9459101490553128,1.0986122886681096,-0.6931471805599453,1.0986122886681096,-0.6931471805599453,-0.6931471805599453,0.6931471805599453,0.6931471805599453,1.6094379124341005,0.0,0.0,0.0,-0.6931471805599453,-0.6931471805599453,-0.6931471805599453,-0.6931471805599453,3.1354942159291497,0.6931471805599453,-0.6931471805599453,-0.6931471805599453,0.0,-0.6931471805599453,1.0986122886681096,-0.6931471805599453,1.6094379124341005,-0.6931471805599453,2.197224577336219,-0.6931471805599453,-0.6931471805599453,-0.6931471805599453,1.3862943611198906,0.6931471805599453,3.8918202981106265,0.6931471805599453,-0.6931471805599453,-0.6931471805599453,0.6931471805599453,-0.6931471805599453,-0.6931471805599453,-0.6931471805599453,-0.6931471805599453,-0.6931471805599453,-0.6931471805599453,-0.6931471805599453,-0.6931471805599453,1.3862943611198906,-0.6931471805599453,-0.6931471805599453,0.0,-0.6931471805599453,0.0,2.197224577336219,-0.6931471805599453,-0.6931471805599453,0.0,2.8903717578961645,-0.6931471805599453,1.0986122886681096,0.0,2.079441541679836,0.6931471805599453,0.0,-0.6931471805599453,-0.6931471805599453,-0.6931471805599453,-0.6931471805599453,1.3862943611198906,1.9459101490553128,-0.6931471805599453,-0.6931471805599453,0.6931471805599453,1.3862943611198906,0.0,-0.6931471805599453,0.0,0.6931471805599453,-0.6931471805599453,0.0,0.0,2.079441541679836,0.0,1.6094379124341005,2.995732273553991
ERR260224,0,-0.6931471805599453,-0.6931471805599453,-0.6931471805599453,-0.6931471805599453,0.6931471805599453,0.0,-0.6931471805599453,-0.6931471805599453,-0.6931471805599453,2.5649493574615367,-0.6931471805599453,-0.6931471805599453,-0.6931471805599453,0.0,0.0,0.6931471805599453,1.3862943611198906,-0.6931471805599453,1.791759469228055,-0.6931471805599453,1.0986122886681096,0.6931471805599453,1.3862943611198906,2.8903717578961645,3.8712010109078903,-0.6931471805599453,-0.6931471805599453,1.0986122886681096,0.0,1.6094379124341005,0.0,0.6931471805599453,-0.6931471805599453,1.0986122886681096,-0.6931471805599453,2.5649493574615367,0.6931471805599453,0.6931471805599453,0.0,0.0,-0.6931471805599453,0.0,0.6931471805599453,0.0,1.791759469228055,0.6931471805599453,-0.6931471805599453,0.6931471805599453,0.0,4.060443010546419,0.0,1.0986122886681096,-0.6931471805599453,1.791759469228055,1.791759469228055,-0.6931471805599453,-0.6931471805599453,-0.6931471805599453,1.791759469228055,-0.6931471805599453,-0.6931471805599453,0.6931471805599453,0.0,-0.6931471805599453,-0.6931471805599453,-0.6931471805599453,-0.6931471805599453,-0.6931471805599453,-0.6931471805599453,2.772588722239781,-0.6931471805599453,-0.6931471805599453,-0.6931471805599453,2.079441541679836,1.0986122886681096,-0.6931471805599453,-0.6931471805599453,0.0,1.9459101490553128,-0.6931471805599453,1.9459101490553128,-0.6931471805599453,2.3978952727983707,-0.6931471805599453,-0.6931471805599453,0.0,1.0986122886681096,1.791759469228055,0.0,-0.6931471805599453,-0.6931471805599453,-0.6931471805599453,-0.6931471805599453,1.9459101490553128,-0.6931471805599453,1.9459101490553128,1.0986122886681096,-0.6931471805599453,-0.6931471805599453,1.6094379124341005,-0.6931471805599453,-0.6931471805599453,-0.6931471805599453,2.079441541679836,1.3862943611198906,-0.6931471805599453,0.0,1.791759469228055,1.3862943611198906,-0.6931471805599453,1.3862943611198906,-0.6931471805599453,0.6931471805599453,-0.6931471805599453,0.0,2.197224577336219,-0.6931471805599453,1.9459101490553128,1.9459101490553128,1.6094379124341005,1.3862943611198906,-0.6931471805599453,-0.6931471805599453,0.0,0.6931471805599453,-0.6931471805599453,1.3862943611198906,0.0,-0.6931471805599453,-0.6931471805599453,-0.6931471805599453,-0.6931471805599453,-0.6931471805599453,1.0986122886681096,-0.6931471805599453,-0.6931471805599453,-0.6931471805599453,2.833213344056216,-0.6931471805599453,3.218875824868201,-0.6931471805599453,2.3978952727983707,1.791759469228055,2.833213344056216,-0.6931471805599453,-0.6931471805599453,-0.6931471805599453,-0.6931471805599453,1.6094379124341005,4.356708826689592,1.3862943611198906,-0.6931471805599453,-0.6931471805599453,1.791759469228055,0.0,-0.6931471805599453,-0.6931471805599453,-0.6931471805599453,-0.6931471805599453,-0.6931471805599453,-0.6931471805599453,-0.6931471805599453,0.6931471805599453,-0.6931471805599453,0.0,-0.6931471805599453,-0.6931471805599453,-0.6931471805599453,-0.6931471805599453,-0.6931471805599453,0.0,0.6931471805599453,-0.6931471805599453,-0.6931471805599453,2.197224577336219,1.6094379124341005,3.091042453358316,1.0986122886681096,-0.6931471805599453,-0.6931471805599453,1.0986122886681096,-0.6931471805599453,1.0986122886681096,1.0986122886681096,2.70805020110221,-0.6931471805599453,1.3862943611198906,-0.6931471805599453,0.0,1.791759469228055,-0.6931471805599453,0.0,-0.6931471805599453,-0.6931471805599453,1.9459101490553128,1.0986122886681096,-0.6931471805599453,0.6931471805599453,2.3978952727983707,4.143134726391533
ERR260225,0,0.0,2.772588722239781,0.0,-0.6931471805599453,-0.6931471805599453,1.0986122886681096,-0.6931471805599453,-0.6931471805599453,-0.6931471805599453,0.6931471805599453,0.0,-0.6931471805599453,-0.6931471805599453,0.0,0.6931471805599453,-0.6931471805599453,0.6931471805599453,0.0,-0.6931471805599453,-0.6931471805599453,0.0,0.0,1.3862943611198906,1.3862943611198906,1.791759469228055,-0.6931471805599453,0.0,-0.6931471805599453,0.6931471805599453,1.9459101490553128,-0.6931471805599453,0.0,-0.6931471805599453,-0.6931471805599453,-0.6931471805599453,1.3862943611198906,1.9459101490553128,-0.6931471805599453,-0.6931471805599453,1.0986122886681096,-0.6931471805599453,1.6094379124341005,0.6931471805599453,0.0,2.197224577336219,0.6931471805599453,1.0986122886681096,0.6931471805599453,0.0,3.1780538303479453,-0.6931471805599453,0.0,-0.6931471805599453,-0.6931471805599453,0.0,-0.6931471805599453,0.0,-0.6931471805599453,0.6931471805599453,-0.6931471805599453,-0.6931471805599453,0.6931471805599453,0.6931471805599453,-0.6931471805599453,-0.6931471805599453,1.0986122886681096,-0.6931471805599453,-0.6931471805599453,-0.6931471805599453,1.0986122886681096,-0.6931471805599453,-0.6931471805599453,-0.6931471805599453,0.6931471805599453,0.0,1.3862943611198906,-0.6931471805599453,-0.6931471805599453,0.6931471805599453,-0.6931471805599453,0.0,-0.6931471805599453,1.0986122886681096,-0.6931471805599453,-0.6931471805599453,-0.6931471805599453,-0.6931471805599453,1.9459101490553128,-0.6931471805599453,0.0,-0.6931471805599453,1.0986122886681096,-0.6931471805599453,0.0,-0.6931471805599453,2.833213344056216,-0.6931471805599453,-0.6931471805599453,-0.6931471805599453,0.0,0.0,-0.6931471805599453,-0.6931471805599453,1.9459101490553128,1.0986122886681096,-0.6931471805599453,0.0,0.6931471805599453,-0.6931471805599453,-0.6931471805599453,-0.6931471805599453,0.6931471805599453,1.0986122886681096,0.6931471805599453,0.6931471805599453,1.0986122886681096,0.6931471805599453,0.6931471805599453,0.0,2.5649493574615367,1.9459101490553128,-0.6931471805599453,-0.6931471805599453,0.0,1.6094379124341005,-0.6931471805599453,1.9459101490553128,-0.6931471805599453,1.0986122886681096,0.0,-0.6931471805599453,0.0,-0.6931471805599453,2.70805020110221,1.791759469228055,0.0,0.0,2.4849066497880004,-0.6931471805599453,1.6094379124341005,-0.6931471805599453,1.0986122886681096,-0.6931471805599453,1.9459101490553128,0.0,1.791759469228055,-0.6931471805599453,0.6931471805599453,1.0986122886681096,3.828641396489095,0.6931471805599453,-0.6931471805599453,-0.6931471805599453,-0.6931471805599453,-0.6931471805599453,-0.6931471805599453,-0.6931471805599453,-0.6931471805599453,-0.6931471805599453,-0.6931471805599453,-0.6931471805599453,-0.6931471805599453,-0.6931471805599453,-0.6931471805599453,1.6094379124341005,-0.6931471805599453,-0.6931471805599453,-0.6931471805599453,0.0,0.0,1.0986122886681096,-0.6931471805599453,-0.6931471805599453,-0.6931471805599453,0.0,-0.6931471805599453,2.772588722239781,-0.6931471805599453,-0.6931471805599453,-0.6931471805599453,2.079441541679836,-0.6931471805599453,1.0986122886681096,1.0986122886681096,2.6390573296152584,-0.6931471805599453,0.0,0.0,-0.6931471805599453,1.3862943611198906,-0.6931471805599453,1.6094379124341005,0.6931471805599453,-0.6931471805599453,2.3978952727983707,1.0986122886681096,2.4849066497880004,-0.6931471805599453,1.9459101490553128,3.6635616461296463
ERR260226,0,1.0986122886681096,0.0,-0.6931471805599453,-0.6931471805599453,0.0,1.0986122886681096,-0.6931471805599453,-0.6931471805599453,0.6931471805599453,1.791759469228055,-0.6931471805599453,-0.6931471805599453,0.0,1.9459101490553128,1.0986122886681096,-0.6931471805599453,-0.6931471805599453,-0.6931471805599453,-0.6931471805599453,-0.6931471805599453,0.0,-0.6931471805599453,0.0,-0.6931471805599453,2.302585092994045,-0.6931471805599453,-0.6931471805599453,-0.6931471805599453,-0.6931471805599453,-0.6931471805599453,0.0,-0.6931471805599453,0.0,-0.6931471805599453,-0.6931471805599453,1.3862943611198906,-0.6931471805599453,1.6094379124341005,-0.6931471805599453,1.6094379124341005,-0.6931471805599453,1.0986122886681096,1.6094379124341005,-0.6931471805599453,-0.6931471805599453,0.0,-0.6931471805599453,0.0,-0.6931471805599453,3.6375861597263857,-0.6931471805599453,0.6931471805599453,0.0,0.0,-0.6931471805599453,-0.6931471805599453,-0.6931471805599453,-0.6931471805599453,0.0,0.0,-0.6931471805599453,1.791759469228055,2.079441541679836,-0.6931471805599453,0.0,-0.6931471805599453,-0.6931471805599453,-0.6931471805599453,-0.6931471805599453,1.791759469228055,0.0,-0.6931471805599453,-0.6931471805599453,0.0,1.0986122886681096,1.0986122886681096,-0.6931471805599453,1.0986122886681096,0.0,-0.6931471805599453,1.6094379124341005,-0.6931471805599453,0.0,-0.6931471805599453,-0.6931471805599453,-0.6931471805599453,0.0,2.5649493574615367,-0.6931471805599453,0.6931471805599453,-0.6931471805599453,2.302585092994045,-0.6931471805599453,-0.6931471805599453,-0.6931471805599453,2.6390573296152584,-0.6931471805599453,-0.6931471805599453,-0.6931471805599453,1.0986122886681096,1.6094379124341005,0.0,-0.6931471805599453,0.6931471805599453,0.0,-0.6931471805599453,1.0986122886681096,1.6094379124341005,-0.6931471805599453,-0.6931471805599453,0.6931471805599453,0.0,-0.6931471805599453,1.0986122886681096,-0.6931471805599453,0.0,-0.6931471805599453,0.0,0.0,0.6931471805599453,2.4849066497880004,0.0,-0.6931471805599453,0.6931471805599453,-0.6931471805599453,-0.6931471805599453,2.4849066497880004,0.0,0.0,0.6931471805599453,-0.6931471805599453,0.6931471805599453,-0.6931471805599453,1.9459101490553128,0.0,0.0,1.0986122886681096,2.70805020110221,-0.6931471805599453,1.3862943611198906,0.6931471805599453,0.0,-0.6931471805599453,1.791759469228055,-0.6931471805599453,0.0,-0.6931471805599453,0.6931471805599453,0.6931471805599453,3.737669618283368,0.6931471805599453,0.6931471805599453,-0.6931471805599453,1.6094379124341005,-0.6931471805599453,1.0986122886681096,-0.6931471805599453,-0.6931471805599453,-0.6931471805599453,-0.6931471805599453,0.6931471805599453,-0.6931471805599453,-0.6931471805599453,-0.6931471805599453,-0.6931471805599453,-0.6931471805599453,0.0,0.6931471805599453,-0.6931471805599453,-0.6931471805599453,-0.6931471805599453,2.3978952727983707,-0.6931471805599453,-0.6931471805599453,0.0,1.0986122886681096,1.791759469228055,0.0,-0.6931471805599453,-0.6931471805599453,1.791759469228055,-0.6931471805599453,-0.6931471805599453,-0.6931471805599453,2.197224577336219,-0.6931471805599453,0.0,0.0,-0.6931471805599453,3.295836866004329,-0.6931471805599453,0.6931471805599453,2.3978952727983707,1.9459101490553128,2.5649493574615367,1.9459101490553128,0.6931471805599453,-0.6931471805599453,1.3862943611198906,4.07753744390572
ERR260227,0,2.197224577336219,-0.6931471805599453,-0.6931471805599453,2.079441541679836,-0.6931471805599453,-0.6931471805599453,0.0,-0.6931471805599453,1.0986122886681096,3.1354942159291497,-0.6931471805599453,-0.6931471805599453,-0.6931471805599453,-0.6931471805599453,0.0,-0.6931471805599453,-0.6931471805599453,-0.6931471805599453,-0.6931471805599453,1.9459101490553128,2.6390573296152584,2.302585092994045,0.0,-0.6931471805599453,3.295836866004329,-0.6931471805599453,-0.6931471805599453,1.0986122886681096,-0.6931471805599453,0.0,-0.6931471805599453,1.791759469228055,-0.6931471805599453,0.0,-0.6931471805599453,3.044522437723423,0.0,2.302585092994045,-0.6931471805599453,-0.6931471805599453,-0.6931471805599453,0.0,-0.6931471805599453,-0.6931471805599453,2.772588722239781,0.0,-0.6931471805599453,0.0,-0.6931471805599453,3.80666248977032,-0.6931471805599453,1.0986122886681096,-0.6931471805599453,0.0,3.1354942159291497,-0.6931471805599453,-0.6931471805599453,-0.6931471805599453,2.079441541679836,-0.6931471805599453,-0.6931471805599453,1.791759469228055,-0.6931471805599453,-0.6931471805599453,-0.6931471805599453,0.6931471805599453,0.6931471805599453,-0.6931471805599453,1.0986122886681096,2.3978952727983707,-0.6931471805599453,-0.6931471805599453,-0.6931471805599453,1.0986122886681096,-0.6931471805599453,0.0,-0.6931471805599453,-0.6931471805599453,-0.6931471805599453,-0.6931471805599453,0.0,-0.6931471805599453,2.079441541679836,1.9459101490553128,3.6375861597263857,-0.6931471805599453,0.0,-0.6931471805599453,-0.6931471805599453,-0.6931471805599453,0.6931471805599453,-0.6931471805599453,-0.6931471805599453,0.0,-0.6931471805599453,1.0986122886681096,-0.6931471805599453,-0.6931471805599453,-0.6931471805599453,-0.6931471805599453,0.6931471805599453,-0.6931471805599453,-0.6931471805599453,0.0,2.079441541679836,-0.6931471805599453,-0.6931471805599453,0.6931471805599453,1.791759469228055,-0.6931471805599453,1.3862943611198906,-0.6931471805599453,-0.6931471805599453,-0.6931471805599453,-0.6931471805599453,0.6931471805599453,0.0,1.0986122886681096,-0.6931471805599453,0.6931471805599453,0.0,-0.6931471805599453,-0.6931471805599453,1.6094379124341005,1.791759469228055,-0.6931471805599453,1.6094379124341005,-0.6931471805599453,0.0,-0.6931471805599453,-0.6931471805599453,-0.6931471805599453,-0.6931471805599453,1.6094379124341005,0.0,0.0,-0.6931471805599453,0.0,-0.6931471805599453,-0.6931471805599453,-0.6931471805599453,0.0,1.0986122886681096,1.9459101490553128,-0.6931471805599453,-0.6931471805599453,-0.6931471805599453,-0.6931471805599453,-0.6931471805599453,4.0943445622221,1.0986122886681096,-0.6931471805599453,-0.6931471805599453,0.6931471805599453,-0.6931471805599453,-0.6931471805599453,-0.6931471805599453,-0.6931471805599453,-0.6931471805599453,0.6931471805599453,1.0986122886681096,1.6094379124341005,-0.6931471805599453,-0.6931471805599453,-0.6931471805599453,-0.6931471805599453,-0.6931471805599453,-0.6931471805599453,-0.6931471805599453,2.995732273553991,-0.6931471805599453,1.791759469228055,-0.6931471805599453,-0.6931471805599453,-0.6931471805599453,1.0986122886681096,2.3978952727983707,1.6094379124341005,-0.6931471805599453,-0.6931471805599453,0.0,-0.6931471805599453,0.6931471805599453,0.0,2.079441541679836,-0.6931471805599453,-0.6931471805599453,1.6094379124341005,0.6931471805599453,-0.6931471805599453,-0.6931471805599453,-0.6931471805599453,2.079441541679836,1.6094379124341005,0.0,-0.6931471805599453,2.9444389791664403,-0.6931471805599453,2.3978952727983707,3.828641396489095
ERR260229,1,2.6390573296152584,-0.6931471805599453,-0.6931471805599453,2.70805020110221,3.091042453358316,0.6931471805599453,-0.6931471805599453,-0.6931471805599453,-0.6931471805599453,3.3672958299864737,-0.6931471805599453,-0.6931471805599453,-0.6931471805599453,-0.6931471805599453,-0.6931471805599453,-0.6931471805599453,2.772588722239781,0.0,-0.6931471805599453,-0.6931471805599453,3.1780538303479453,2.197224577336219,0.6931471805599453,2.5649493574615367,3.4011973816621555,-0.6931471805599453,-0.6931471805599453,2.833213344056216,-0.6931471805599453,0.0,1.0986122886681096,2.079441541679836,-0.6931471805599453,0.0,-0.6931471805599453,3.091042453358316,-0.6931471805599453,2.302585092994045,-0.6931471805599453,-0.6931471805599453,-0.6931471805599453,1.791759469228055,1.3862943611198906,2.3978952727983707,-0.6931471805599453,-0.6931471805599453,-0.6931471805599453,-0.6931471805599453,-0.6931471805599453,4.127134385045092,-0.6931471805599453,0.6931471805599453,-0.6931471805599453,-0.6931471805599453,-0.6931471805599453,-0.6931471805599453,-0.6931471805599453,0.6931471805599453,3.2580965380214817,-0.6931471805599453,2.302585092994045,-0.6931471805599453,-0.6931471805599453,-0.6931471805599453,-0.6931471805599453,0.6931471805599453,-0.6931471805599453,0.0,-0.6931471805599453,2.197224577336219,-0.6931471805599453,-0.6931471805599453,0.0,1.9459101490553128,-0.6931471805599453,-0.6931471805599453,2.6390573296152584,-0.6931471805599453,-0.6931471805599453,-0.6931471805599453,0.6931471805599453,-0.6931471805599453,-0.6931471805599453,3.091042453358316,0.0,-0.6931471805599453,2.70805020110221,-0.6931471805599453,0.0,-0.6931471805599453,-0.6931471805599453,-0.6931471805599453,0.0,1.3862943611198906,-0.6931471805599453,1.0986122886681096,-0.6931471805599453,-0.6931471805599453,-0.6931471805599453,-0.6931471805599453,-0.6931471805599453,-0.6931471805599453,-0.6931471805599453,-0.6931471805599453,2.5649493574615367,-0.6931471805599453,0.0,1.791759469228055,1.0986122886681096,0.0,1.0986122886681096,1.3862943611198906,3.218875824868201,-0.6931471805599453,3.3672958299864737,1.791759469228055,3.9702919135521215,-0.6931471805599453,2.079441541679836,0.0,0.0,-0.6931471805599453,-0.6931471805599453,1.6094379124341005,1.0986122886681096,-0.6931471805599453,-0.6931471805599453,-0.6931471805599453,-0.6931471805599453,-0.6931471805599453,-0.6931471805599453,-0.6931471805599453,2.70805020110221,0.6931471805599453,-0.6931471805599453,1.0986122886681096,-0.6931471805599453,-0.6931471805599453,-0.6931471805599453,-0.6931471805599453,-0.6931471805599453,-0.6931471805599453,-0.6931471805599453,-0.6931471805599453,-0.6931471805599453,1.791759469228055,-0.6931471805599453,-0.6931471805599453,-0.6931471805599453,3.7612001156935615,0.0,-0.6931471805599453,-0.6931471805599453,-0.6931471805599453,-0.6931471805599453,-0.6931471805599453,-0.6931471805599453,0.0,-0.6931471805599453,-0.6931471805599453,-0.6931471805599453,0.6931471805599453,3.7612001156935615,-0.6931471805599453,-0.6931471805599453,1.3862943611198906,-0.6931471805599453,-0.6931471805599453,-0.6931471805599453,0.0,0.0,1.3862943611198906,-0.6931471805599453,0.6931471805599453,-0.6931471805599453,0.6931471805599453,-0.6931471805599453,-0.6931471805599453,-0.6931471805599453,-0.6931471805599453,-0.6931471805599453,-0.6931471805599453,-0.6931471805599453,3.8918202981106265,-0.6931471805599453,-0.6931471805599453,-0.6931471805599453,-0.6931471805599453,-0.6931471805599453,-0.6931471805599453,-0.6931471805599453,-0.6931471805599453,2.197224577336219,-0.6931471805599453,-0.6931471805599453,-0.6931471805599453,2.079441541679836,2.3978952727983707,1.3862943611198906,3.4011973816621555
ERR260230,0,0.6931471805599453,-0.6931471805599453,-0.6931471805599453,-0.6931471805599453,-0.6931471805599453,1.0986122886681096,0.0,-0.6931471805599453,1.0986122886681096,1.9459101490553128,0.0,-0.6931471805599453,-0.6931471805599453,-0.6931471805599453,-0.6931471805599453,0.6931471805599453,1.791759469228055,-0.6931471805599453,0.6931471805599453,-0.6931471805599453,0.0,-0.6931471805599453,-0.6931471805599453,-0.6931471805599453,2.9444389791664403,-0.6931471805599453,0.0,-0.6931471805599453,-0.6931471805599453,-0.6931471805599453,-0.6931471805599453,0.0,-0.6931471805599453,-0.6931471805599453,1.6094379124341005,0.6931471805599453,2.197224577336219,0.0,0.6931471805599453,1.3862943611198906,-0.6931471805599453,1.791759469228055,1.9459101490553128,1.0986122886681096,-0.6931471805599453,-0.6931471805599453,-0.6931471805599453,-0.6931471805599453,0.0,3.4011973816621555,0.0,-0.6931471805599453,-0.6931471805599453,0.0,-0.6931471805599453,-0.6931471805599453,-0.6931471805599453,-0.6931471805599453,0.0,-0.6931471805599453,-0.6931471805599453,-0.6931471805599453,0.6931471805599453,-0.6931471805599453,-0.6931471805599453,-0.6931471805599453,-0.6931471805599453,-0.6931471805599453,-0.6931471805599453,2.079441541679836,0.6931471805599453,-0.6931471805599453,-0.6931471805599453,2.197224577336219,-0.6931471805599453,-0.6931471805599453,0.0,-0.6931471805599453,2.079441541679836,-0.6931471805599453,-0.6931471805599453,-0.6931471805599453,-0.6931471805599453,-0.6931471805599453,2.197224577336219,-0.6931471805599453,0.0,0.0,0.0,0.0,-0.6931471805599453,1.0986122886681096,-0.6931471805599453,-0.6931471805599453,-0.6931471805599453,0.6931471805599453,-0.6931471805599453,-0.6931471805599453,-0.6931471805599453,-0.6931471805599453,-0.6931471805599453,-0.6931471805599453,-0.6931471805599453,-0.6931471805599453,-0.6931471805599453,-0.6931471805599453,0.0,2.3978952727983707,-0.6931471805599453,-0.6931471805599453,0.0,-0.6931471805599453,0.6931471805599453,0.0,-0.6931471805599453,0.0,0.0,-0.6931471805599453,2.995732273553991,-0.6931471805599453,0.6931471805599453,0.0,-0.6931471805599453,-0.6931471805599453,1.791759469228055,0.0,1.0986122886681096,0.0,-0.6931471805599453,0.0,-0.6931471805599453,-0.6931471805599453,-0.6931471805599453,2.6390573296152584,0.0,0.0,0.0,1.791759469228055,-0.6931471805599453,2.995732273553991,0.0,1.791759469228055,0.0,1.0986122886681096,-0.6931471805599453,1.791759469228055,-0.6931471805599453,-0.6931471805599453,1.3862943611198906,3.555348061489413,-0.6931471805599453,-0.6931471805599453,-0.6931471805599453,-0.6931471805599453,-0.6931471805599453,0.6931471805599453,-0.6931471805599453,-0.6931471805599453,-0.6931471805599453,-0.6931471805599453,-0.6931471805599453,-0.6931471805599453,1.791759469228055,-0.6931471805599453,1.0986122886681096,0.6931471805599453,-0.6931471805599453,-0.6931471805599453,0.0,1.3862943611198906,0.0,-0.6931471805599453,-0.6931471805599453,0.0,2.6390573296152584,1.0986122886681096,1.3862943611198906,-0.6931471805599453,0.0,-0.6931471805599453,1.6094379124341005,-0.6931471805599453,0.0,1.0986122886681096,1.791759469228055,-0.6931471805599453,-0.6931471805599453,-0.6931471805599453,-0.6931471805599453,2.5649493574615367,-0.6931471805599453,-0.6931471805599453,0.6931471805599453,-0.6931471805599453,-0.6931471805599453,1.3862943611198906,1.0986122886681096,0.0,1.9459101490553128,3.218875824868201
ERR260231,0,-0.6931471805599453,-0.6931471805599453,-0.6931471805599453,-0.6931471805599453,0.0,0.0,-0.6931471805599453,-0.6931471805599453,0.0,1.0986122886681096,0.0,-0.6931471805599453,-0.6931471805599453,1.3862943611198906,0.0,-0.6931471805599453,1.0986122886681096,-0.6931471805599453,-0.6931471805599453,0.6931471805599453,0.6931471805599453,0.0,0.0,1.6094379124341005,2.079441541679836,-0.6931471805599453,-0.6931471805599453,0.0,-0.6931471805599453,0.6931471805599453,0.0,0.0,0.0,0.6931471805599453,1.0986122886681096,2.079441541679836,1.6094379124341005,0.6931471805599453,-0.6931471805599453,-0.6931471805599453,-0.6931471805599453,0.6931471805599453,0.6931471805599453,-0.6931471805599453,1.3862943611198906,-0.6931471805599453,-0.6931471805599453,0.0,-0.6931471805599453,3.4339872044851463,-0.6931471805599453,-0.6931471805599453,0.0,0.0,0.6931471805599453,-0.6931471805599453,-0.6931471805599453,-0.6931471805599453,1.3862943611198906,-0.6931471805599453,-0.6931471805599453,1.3862943611198906,0.0,-0.6931471805599453,-0.6931471805599453,1.9459101490553128,0.6931471805599453,-0.6931471805599453,-0.6931471805599453,1.6094379124341005,-0.6931471805599453,-0.6931471805599453,-0.6931471805599453,1.0986122886681096,1.9459101490553128,-0.6931471805599453,0.6931471805599453,0.6931471805599453,0.6931471805599453,-0.6931471805599453,1.3862943611198906,-0.6931471805599453,2.197224577336219,-0.6931471805599453,-0.6931471805599453,-0.6931471805599453,0.0,1.0986122886681096,0.0,0.0,0.0,0.0,-0.6931471805599453,-0.6931471805599453,-0.6931471805599453,2.079441541679836,-0.6931471805599453,-0.6931471805599453,-0.6931471805599453,-0.6931471805599453,0.6931471805599453,-0.6931471805599453,-0.6931471805599453,0.0,0.6931471805599453,-0.6931471805599453,1.3862943611198906,0.6931471805599453,0.0,-0.6931471805599453,2.079441541679836,-0.6931471805599453,1.3862943611198906,-0.6931471805599453,-0.6931471805599453,1.0986122886681096,-0.6931471805599453,1.6094379124341005,2.833213344056216,-0.6931471805599453,2.302585092994045,-0.6931471805599453,-0.6931471805599453,-0.6931471805599453,-0.6931471805599453,2.079441541679836,1.791759469228055,-0.6931471805599453,0.6931471805599453,0.0,-0.6931471805599453,0.6931471805599453,0.0,2.5649493574615367,0.0,0.0,0.0,2.302585092994045,-0.6931471805599453,1.9459101490553128,2.197224577336219,2.302585092994045,0.6931471805599453,2.6390573296152584,-0.6931471805599453,-0.6931471805599453,-0.6931471805599453,0.0,0.6931471805599453,4.74493212836325,1.791759469228055,-0.6931471805599453,-0.6931471805599453,0.0,-0.6931471805599453,-0.6931471805599453,-0.6931471805599453,-0.6931471805599453,-0.6931471805599453,-0.6931471805599453,0.0,0.0,1.3862943611198906,-0.6931471805599453,0.6931471805599453,1.0986122886681096,-0.6931471805599453,0.0,0.6931471805599453,-0.6931471805599453,1.0986122886681096,0.6931471805599453,0.6931471805599453,-0.6931471805599453,1.6094379124341005,-0.6931471805599453,2.3978952727983707,0.6931471805599453,-0.6931471805599453,-0.6931471805599453,1.3862943611198906,0.0,1.6094379124341005,1.0986122886681096,3.1354942159291497,-0.6931471805599453,-0.6931471805599453,-0.6931471805599453,1.0986122886681096,2.079441541679836,-0.6931471805599453,-0.6931471805599453,0.6931471805599453,0.6931471805599453,1.3862943611198906,0.6931471805599453,1.0986122886681096,-0.6931471805599453,2.8903717578961645,3.49650756146648
ERR260234,0,0.6931471805599453,0.0,-0.6931471805599453,-0.6931471805599453,1.0986122886681096,0.0,-0.6931471805599453,-0.6931471805599453,0.0,0.6931471805599453,0.6931471805599453,-0.6931471805599453,-0.6931471805599453,1.3862943611198906,-0.6931471805599453,0.0,-0.6931471805599453,0.0,1.6094379124341005,-0.6931471805599453,-0.6931471805599453,-0.6931471805599453,1.3862943611198906,2.5649493574615367,2.197224577336219,-0.6931471805599453,0.0,0.0,-0.6931471805599453,1.3862943611198906,0.0,-0.6931471805599453,-0.6931471805599453,0.0,0.0,1.6094379124341005,1.3862943611198906,-0.6931471805599453,-0.6931471805599453,0.6931471805599453,-0.6931471805599453,-0.6931471805599453,1.791759469228055,-0.6931471805599453,0.0,0.0,-0.6931471805599453,0.0,-0.6931471805599453,2.772588722239781,0.6931471805599453,1.3862943611198906,-0.6931471805599453,1.0986122886681096,-0.6931471805599453,-0.6931471805599453,-0.6931471805599453,-0.6931471805599453,0.0,-0.6931471805599453,-0.6931471805599453,2.197224577336219,-0.6931471805599453,-0.6931471805599453,-0.6931471805599453,1.9459101490553128,0.6931471805599453,-0.6931471805599453,-0.6931471805599453,1.3862943611198906,-0.6931471805599453,-0.6931471805599453,-0.6931471805599453,-0.6931471805599453,2.5649493574615367,-0.6931471805599453,-0.6931471805599453,0.0,-0.6931471805599453,-0.6931471805599453,-0.6931471805599453,-0.6931471805599453,1.3862943611198906,-0.6931471805599453,2.6390573296152584,-0.6931471805599453,-0.6931471805599453,0.0,0.0,-0.6931471805599453,-0.6931471805599453,-0.6931471805599453,-0.6931471805599453,0.6931471805599453,-0.6931471805599453,2.833213344056216,-0.6931471805599453,-0.6931471805599453,-0.6931471805599453,-0.6931471805599453,-0.6931471805599453,-0.6931471805599453,-0.6931471805599453,1.791759469228055,0.0,-0.6931471805599453,0.6931471805599453,1.6094379124341005,1.6094379124341005,-0.6931471805599453,2.302585092994045,-0.6931471805599453,0.6931471805599453,-0.6931471805599453,-0.6931471805599453,0.6931471805599453,-0.6931471805599453,0.6931471805599453,0.0,2.9444389791664403,2.5649493574615367,-0.6931471805599453,-0.6931471805599453,-0.6931471805599453,-0.6931471805599453,1.3862943611198906,-0.6931471805599453,-0.6931471805599453,1.3862943611198906,-0.6931471805599453,-0.6931471805599453,-0.6931471805599453,0.0,3.3672958299864737,-0.6931471805599453,-0.6931471805599453,-0.6931471805599453,2.302585092994045,0.0,-0.6931471805599453,-0.6931471805599453,0.6931471805599453,0.0,-0.6931471805599453,-0.6931471805599453,0.0,-0.6931471805599453,-0.6931471805599453,0.6931471805599453,4.836281906951478,0.0,-0.6931471805599453,-0.6931471805599453,-0.6931471805599453,-0.6931471805599453,0.0,-0.6931471805599453,-0.6931471805599453,-0.6931471805599453,-0.6931471805599453,-0.6931471805599453,-0.6931471805599453,0.0,-0.6931471805599453,-0.6931471805599453,-0.6931471805599453,-0.6931471805599453,-0.6931471805599453,-0.6931471805599453,2.197224577336219,-0.6931471805599453,0.0,-0.6931471805599453,-0.6931471805599453,-0.6931471805599453,1.9459101490553128,0.6931471805599453,-0.6931471805599453,-0.6931471805599453,-0.6931471805599453,2.302585092994045,-0.6931471805599453,-0.6931471805599453,0.0,2.197224577336219,-0.6931471805599453,-0.6931471805599453,0.6931471805599453,-0.6931471805599453,2.70805020110221,-0.6931471805599453,0.6931471805599453,1.0986122886681096,-0.6931471805599453,-0.6931471805599453,1.3862943611198906,-0.6931471805599453,0.0,1.0986122886681096,3.9318256327243257
ERR260235,1,1.6094379124341005,-0.6931471805599453,-0.6931471805599453,2.197224577336219,2.079441541679836,-0.6931471805599453,-0.6931471805599453,-0.6931471805599453,-0.6931471805599453,3.4339872044851463,0.0,-0.6931471805599453,-0.6931471805599453,-0.6931471805599453,0.0,-0.6931471805599453,1.0986122886681096,-0.6931471805599453,-0.6931471805599453,-0.6931471805599453,2.079441541679836,1.791759469228055,1.3862943611198906,0.0,3.2580965380214817,-0.6931471805599453,-0.6931471805599453,0.6931471805599453,-0.6931471805599453,1.791759469228055,-0.6931471805599453,2.197224577336219,-0.6931471805599453,-0.6931471805599453,0.0,2.833213344056216,-0.6931471805599453,1.9459101490553128,-0.6931471805599453,-0.6931471805599453,1.3862943611198906,0.0,-0.6931471805599453,-0.6931471805599453,1.791759469228055,2.302585092994045,2.079441541679836,0.0,-0.6931471805599453,3.091042453358316,-0.6931471805599453,0.6931471805599453,-0.6931471805599453,-0.6931471805599453,-0.6931471805599453,-0.6931471805599453,1.3862943611198906,-0.6931471805599453,2.3978952727983707,-0.6931471805599453,-0.6931471805599453,-0.6931471805599453,-0.6931471805599453,-0.6931471805599453,-0.6931471805599453,1.3862943611198906,-0.6931471805599453,-0.6931471805599453,-0.6931471805599453,1.791759469228055,-0.6931471805599453,1.0986122886681096,-0.6931471805599453,-0.6931471805599453,2.197224577336219,0.0,0.6931471805599453,-0.6931471805599453,-0.6931471805599453,-0.6931471805599453,-0.6931471805599453,-0.6931471805599453,-0.6931471805599453,2.079441541679836,1.0986122886681096,-0.6931471805599453,0.6931471805599453,-0.6931471805599453,-0.6931471805599453,-0.6931471805599453,-0.6931471805599453,-0.6931471805599453,-0.6931471805599453,-0.6931471805599453,-0.6931471805599453,3.091042453358316,-0.6931471805599453,-0.6931471805599453,-0.6931471805599453,-0.6931471805599453,-0.6931471805599453,-0.6931471805599453,-0.6931471805599453,0.6931471805599453,2.3978952727983707,-0.6931471805599453,2.8903717578961645,1.0986122886681096,-0.6931471805599453,0.6931471805599453,1.6094379124341005,0.6931471805599453,0.0,-0.6931471805599453,1.3862943611198906,-0.6931471805599453,1.0986122886681096,-0.6931471805599453,-0.6931471805599453,1.6094379124341005,2.5649493574615367,-0.6931471805599453,-0.6931471805599453,-0.6931471805599453,-0.6931471805599453,1.791759469228055,-0.6931471805599453,-0.6931471805599453,-0.6931471805599453,0.0,-0.6931471805599453,0.6931471805599453,0.0,2.302585092994045,-0.6931471805599453,-0.6931471805599453,-0.6931471805599453,1.3862943611198906,-0.6931471805599453,0.0,-0.6931471805599453,-0.6931471805599453,0.0,1.6094379124341005,-0.6931471805599453,0.0,0.6931471805599453,1.0986122886681096,-0.6931471805599453,4.564348191467836,0.0,-0.6931471805599453,-0.6931471805599453,-0.6931471805599453,-0.6931471805599453,-0.6931471805599453,-0.6931471805599453,-0.6931471805599453,-0.6931471805599453,-0.6931471805599453,-0.6931471805599453,1.3862943611198906,1.0986122886681096,-0.6931471805599453,-0.6931471805599453,-0.6931471805599453,0.0,-0.6931471805599453,-0.6931471805599453,-0.6931471805599453,-0.6931471805599453,-0.6931471805599453,-0.6931471805599453,1.3862943611198906,-0.6931471805599453,0.0,1.9459101490553128,-0.6931471805599453,-0.6931471805599453,-0.6931471805599453,0.6931471805599453,1.0986122886681096,-0.6931471805599453,0.6931471805599453,2.302585092994045,-0.6931471805599453,0.0,-0.6931471805599453,-0.6931471805599453,-0.6931471805599453,-0.6931471805599453,0.6931471805599453,0.6931471805599453,-0.6931471805599453,-0.6931471805599453,-0.6931471805599453,-0.6931471805599453,1.9459101490553128,1.9459101490553128,3.828641396489095
ERR260238,1,2.302585092994045,-0.6931471805599453,0.0,0.0,2.197224577336219,0.6931471805599453,-0.6931471805599453,-0.6931471805599453,-0.6931471805599453,2.8903717578961645,-0.6931471805599453,-0.6931471805599453,-0.6931471805599453,-0.6931471805599453,-0.6931471805599453,-0.6931471805599453,1.0986122886681096,-0.6931471805599453,-0.6931471805599453,-0.6931471805599453,0.6931471805599453,0.6931471805599453,0.6931471805599453,4.442651256490317,2.70805020110221,-0.6931471805599453,-0.6931471805599453,1.6094379124341005,-0.6931471805599453,0.0,1.9459101490553128,1.0986122886681096,-0.6931471805599453,0.6931471805599453,-0.6931471805599453,2.5649493574615367,-0.6931471805599453,0.6931471805599453,-0.6931471805599453,-0.6931471805599453,-0.6931471805599453,1.791759469228055,2.079441541679836,-0.6931471805599453,-0.6931471805599453,1.9459101490553128,1.6094379124341005,-0.6931471805599453,-0.6931471805599453,3.80666248977032,-0.6931471805599453,1.0986122886681096,0.6931471805599453,-0.6931471805599453,1.6094379124341005,-0.6931471805599453,-0.6931471805599453,-0.6931471805599453,1.791759469228055,0.0,-0.6931471805599453,0.6931471805599453,-0.6931471805599453,1.6094379124341005,-0.6931471805599453,1.0986122886681096,-0.6931471805599453,-0.6931471805599453,-0.6931471805599453,2.3978952727983707,-0.6931471805599453,-0.6931471805599453,-0.6931471805599453,-0.6931471805599453,3.6375861597263857,-0.6931471805599453,-0.6931471805599453,-0.6931471805599453,-0.6931471805599453,-0.6931471805599453,0.6931471805599453,-0.6931471805599453,2.079441541679836,1.3862943611198906,3.4339872044851463,-0.6931471805599453,0.6931471805599453,0.0,0.0,-0.6931471805599453,-0.6931471805599453,-0.6931471805599453,-0.6931471805599453,-0.6931471805599453,-0.6931471805599453,-0.6931471805599453,-0.6931471805599453,-0.6931471805599453,-0.6931471805599453,-0.6931471805599453,-0.6931471805599453,-0.6931471805599453,-0.6931471805599453,-0.6931471805599453,0.6931471805599453,-0.6931471805599453,-0.6931471805599453,-0.6931471805599453,0.0,-0.6931471805599453,0.0,2.079441541679836,-0.6931471805599453,-0.6931471805599453,-0.6931471805599453,2.079441541679836,2.6390573296152584,2.70805020110221,1.0986122886681096,-0.6931471805599453,-0.6931471805599453,-0.6931471805599453,-0.6931471805599453,1.0986122886681096,2.3978952727983707,-0.6931471805599453,-0.6931471805599453,-0.6931471805599453,-0.6931471805599453,0.0,-0.6931471805599453,0.6931471805599453,1.6094379124341005,0.0,-0.6931471805599453,0.0,-0.6931471805599453,1.3862943611198906,-0.6931471805599453,2.079441541679836,-0.6931471805599453,3.091042453358316,-0.6931471805599453,1.9459101490553128,-0.6931471805599453,-0.6931471805599453,-0.6931471805599453,1.3862943611198906,-0.6931471805599453,5.2832037287379885,1.0986122886681096,-0.6931471805599453,0.0,0.0,-0.6931471805599453,-0.6931471805599453,-0.6931471805599453,-0.6931471805599453,-0.6931471805599453,-0.6931471805599453,-0.6931471805599453,0.0,-0.6931471805599453,-0.6931471805599453,-0.6931471805599453,-0.6931471805599453,3.49650756146648,2.8903717578961645,3.688879454113936,3.044522437723423,-0.6931471805599453,0.6931471805599453,-0.6931471805599453,1.791759469228055,-0.6931471805599453,2.079441541679836,2.302585092994045,-0.6931471805599453,-0.6931471805599453,-0.6931471805599453,-0.6931471805599453,-0.6931471805599453,-0.6931471805599453,-0.6931471805599453,0.0,-0.6931471805599453,-0.6931471805599453,-0.6931471805599453,-0.6931471805599453,0.0,-0.6931471805599453,-0.6931471805599453,1.6094379124341005,-0.6931471805599453,-0.6931471805599453,-0.6931471805599453,3.951243718581427,1.0986122886681096,1.791759469228055,3.49650756146648
ERR260239,1,1.3862943611198906,-0.6931471805599453,0.0,0.0,-0.6931471805599453,0.0,0.0,1.3862943611198906,-0.6931471805599453,3.1780538303479453,0.6931471805599453,-0.6931471805599453,-0.6931471805599453,-0.6931471805599453,0.0,-0.6931471805599453,2.9444389791664403,-0.6931471805599453,-0.6931471805599453,-0.6931471805599453,1.3862943611198906,-0.6931471805599453,0.6931471805599453,2.302585092994045,2.6390573296152584,-0.6931471805599453,-0.6931471805599453,2.4849066497880004,0.6931471805599453,0.0,-0.6931471805599453,1.0986122886681096,-0.6931471805599453,0.0,-0.6931471805599453,1.6094379124341005,-0.6931471805599453,0.6931471805599453,-0.6931471805599453,-0.6931471805599453,1.6094379124341005,2.197224577336219,1.9459101490553128,-0.6931471805599453,1.6094379124341005,1.3862943611198906,2.079441541679836,-0.6931471805599453,-0.6931471805599453,3.4339872044851463,-0.6931471805599453,1.3862943611198906,-0.6931471805599453,-0.6931471805599453,1.9459101490553128,-0.6931471805599453,1.3862943611198906,-0.6931471805599453,1.0986122886681096,-0.6931471805599453,-0.6931471805599453,0.0,-0.6931471805599453,1.3862943611198906,-0.6931471805599453,1.6094379124341005,-0.6931471805599453,0.6931471805599453,2.302585092994045,2.079441541679836,-0.6931471805599453,-0.6931471805599453,-0.6931471805599453,-0.6931471805599453,1.0986122886681096,-0.6931471805599453,-0.6931471805599453,-0.6931471805599453,-0.6931471805599453,-0.6931471805599453,1.9459101490553128,-0.6931471805599453,1.791759469228055,-0.6931471805599453,1.6094379124341005,-0.6931471805599453,1.3862943611198906,-0.6931471805599453,-0.6931471805599453,-0.6931471805599453,0.0,0.0,-0.6931471805599453,-0.6931471805599453,-0.6931471805599453,3.4011973816621555,-0.6931471805599453,-0.6931471805599453,-0.6931471805599453,0.0,-0.6931471805599453,2.772588722239781,0.0,2.9444389791664403,0.0,-0.6931471805599453,2.197224577336219,2.197224577336219,2.079441541679836,-0.6931471805599453,1.791759469228055,-0.6931471805599453,-0.6931471805599453,-0.6931471805599453,-0.6931471805599453,-0.6931471805599453,-0.6931471805599453,3.044522437723423,-0.6931471805599453,2.8903717578961645,3.526360524616161,-0.6931471805599453,-0.6931471805599453,-0.6931471805599453,1.9459101490553128,0.6931471805599453,1.0986122886681096,1.9459101490553128,1.0986122886681096,2.197224577336219,-0.6931471805599453,1.6094379124341005,0.0,1.0986122886681096,0.0,0.0,-0.6931471805599453,2.6390573296152584,-0.6931471805599453,0.6931471805599453,-0.6931471805599453,1.6094379124341005,-0.6931471805599453,2.6390573296152584,-0.6931471805599453,-0.6931471805599453,-0.6931471805599453,1.6094379124341005,-0.6931471805599453,4.262679877041316,1.9459101490553128,2.3978952727983707,0.6931471805599453,0.0,-0.6931471805599453,-0.6931471805599453,-0.6931471805599453,-0.6931471805599453,-0.6931471805599453,-0.6931471805599453,-0.6931471805599453,-0.6931471805599453,-0.6931471805599453,-0.6931471805599453,-0.6931471805599453,1.791759469228055,-0.6931471805599453,-0.6931471805599453,2.079441541679836,1.0986122886681096,0.6931471805599453,1.3862943611198906,-0.6931471805599453,-0.6931471805599453,-0.6931471805599453,1.9459101490553128,3.044522437723423,-0.6931471805599453,0.0,-0.6931471805599453,1.6094379124341005,0.6931471805599453,-0.6931471805599453,-0.6931471805599453,2.995732273553991,-0.6931471805599453,0.6931471805599453,-0.6931471805599453,1.0986122886681096,-0.6931471805599453,-0.6931471805599453,1.6094379124341005,-0.6931471805599453,-0.6931471805599453,0.0,-0.6931471805599453,-0.6931471805599453,-0.6931471805599453,3.044522437723423,3.6375861597263857
ERR260240,1,2.995732273553991,-0.6931471805599453,-0.6931471805599453,3.1780538303479453,1.3862943611198906,0.0,-0.6931471805599453,0.0,0.6931471805599453,3.688879454113936,-0.6931471805599453,-0.6931471805599453,-0.6931471805599453,-0.6931471805599453,0.6931471805599453,-0.6931471805599453,1.791759469228055,0.0,-0.6931471805599453,-0.6931471805599453,3.4011973816621555,2.833213344056216,1.6094379124341005,3.295836866004329,4.143134726391533,-0.6931471805599453,-0.6931471805599453,2.995732273553991,-0.6931471805599453,0.0,0.0,2.9444389791664403,-0.6931471805599453,-0.6931471805599453,0.6931471805599453,3.6375861597263857,-0.6931471805599453,3.1354942159291497,-0.6931471805599453,-0.6931471805599453,-0.6931471805599453,-0.6931471805599453,0.6931471805599453,-0.6931471805599453,-0.6931471805599453,0.0,0.0,-0.6931471805599453,-0.6931471805599453,4.110873864173311,-0.6931471805599453,2.079441541679836,-0.6931471805599453,-0.6931471805599453,3.6635616461296463,-0.6931471805599453,0.0,-0.6931471805599453,0.0,-0.6931471805599453,-0.6931471805599453,1.0986122886681096,-0.6931471805599453,-0.6931471805599453,-0.6931471805599453,2.079441541679836,-0.6931471805599453,-0.6931471805599453,-0.6931471805599453,2.9444389791664403,-0.6931471805599453,1.791759469228055,-0.6931471805599453,1.3862943611198906,0.6931471805599453,0.6931471805599453,0.0,-0.6931471805599453,-0.6931471805599453,-0.6931471805599453,-0.6931471805599453,-0.6931471805599453,0.0,-0.6931471805599453,0.0,-0.6931471805599453,2.3978952727983707,-0.6931471805599453,-0.6931471805599453,-0.6931471805599453,-0.6931471805599453,-0.6931471805599453,0.6931471805599453,-0.6931471805599453,-0.6931471805599453,3.044522437723423,-0.6931471805599453,-0.6931471805599453,-0.6931471805599453,-0.6931471805599453,-0.6931471805599453,-0.6931471805599453,-0.6931471805599453,1.791759469228055,3.1780538303479453,-0.6931471805599453,2.9444389791664403,-0.6931471805599453,1.0986122886681096,-0.6931471805599453,2.70805020110221,1.0986122886681096,1.6094379124341005,-0.6931471805599453,0.0,2.6390573296152584,0.0,-0.6931471805599453,0.0,1.9459101490553128,3.6375861597263857,-0.6931471805599453,-0.6931471805599453,3.044522437723423,2.3978952727983707,-0.6931471805599453,2.302585092994045,-0.6931471805599453,-0.6931471805599453,-0.6931471805599453,-0.6931471805599453,0.0,-0.6931471805599453,2.302585092994045,-0.6931471805599453,1.791759469228055,-0.6931471805599453,1.3862943611198906,-0.6931471805599453,0.0,0.0,1.791759469228055,0.0,1.3862943611198906,-0.6931471805599453,1.6094379124341005,-0.6931471805599453,0.0,-0.6931471805599453,5.099866427824198,-0.6931471805599453,-0.6931471805599453,-0.6931471805599453,-0.6931471805599453,0.6931471805599453,-0.6931471805599453,-0.6931471805599453,-0.6931471805599453,-0.6931471805599453,-0.6931471805599453,-0.6931471805599453,1.791759469228055,1.3862943611198906,-0.6931471805599453,-0.6931471805599453,0.0,-0.6931471805599453,-0.6931471805599453,-0.6931471805599453,0.0,0.0,2.079441541679836,2.772588722239781,1.0986122886681096,-0.6931471805599453,1.791759469228055,2.4849066497880004,-0.6931471805599453,-0.6931471805599453,-0.6931471805599453,-0.6931471805599453,-0.6931471805599453,1.3862943611198906,1.6094379124341005,2.197224577336219,-0.6931471805599453,0.0,-0.6931471805599453,-0.6931471805599453,-0.6931471805599453,-0.6931471805599453,1.3862943611198906,2.302585092994045,0.6931471805599453,-0.6931471805599453,-0.6931471805599453,2.6390573296152584,1.3862943611198906,2.4849066497880004,4.025351690735149
ERR260241,1,1.3862943611198906,-0.6931471805599453,-0.6931471805599453,-0.6931471805599453,-0.6931471805599453,1.0986122886681096,0.0,-0.6931471805599453,-0.6931471805599453,2.4849066497880004,1.6094379124341005,-0.6931471805599453,-0.6931471805599453,-0.6931471805599453,-0.6931471805599453,-0.6931471805599453,1.0986122886681096,0.6931471805599453,-0.6931471805599453,-0.6931471805599453,2.197224577336219,0.6931471805599453,0.0,1.0986122886681096,2.4849066497880004,-0.6931471805599453,-0.6931471805599453,2.197224577336219,-0.6931471805599453,0.0,0.6931471805599453,1.3862943611198906,-0.6931471805599453,0.0,-0.6931471805599453,2.197224577336219,-0.6931471805599453,1.0986122886681096,-0.6931471805599453,-0.6931471805599453,-0.6931471805599453,1.3862943611198906,2.3978952727983707,-0.6931471805599453,-0.6931471805599453,0.0,-0.6931471805599453,-0.6931471805599453,0.0,2.8903717578961645,-0.6931471805599453,1.3862943611198906,-0.6931471805599453,-0.6931471805599453,1.0986122886681096,-0.6931471805599453,0.6931471805599453,-0.6931471805599453,-0.6931471805599453,-0.6931471805599453,-0.6931471805599453,0.6931471805599453,0.0,-0.6931471805599453,-0.6931471805599453,0.6931471805599453,-0.6931471805599453,-0.6931471805599453,-0.6931471805599453,2.079441541679836,-0.6931471805599453,-0.6931471805599453,-0.6931471805599453,-0.6931471805599453,0.0,-0.6931471805599453,0.0,-0.6931471805599453,0.0,-0.6931471805599453,0.6931471805599453,-0.6931471805599453,1.3862943611198906,-0.6931471805599453,-0.6931471805599453,-0.6931471805599453,0.0,-0.6931471805599453,1.0986122886681096,-0.6931471805599453,-0.6931471805599453,2.302585092994045,-0.6931471805599453,-0.6931471805599453,-0.6931471805599453,1.3862943611198906,-0.6931471805599453,-0.6931471805599453,-0.6931471805599453,-0.6931471805599453,-0.6931471805599453,-0.6931471805599453,-0.6931471805599453,-0.6931471805599453,1.3862943611198906,2.302585092994045,-0.6931471805599453,0.0,1.0986122886681096,0.0,1.0986122886681096,0.6931471805599453,0.0,-0.6931471805599453,-0.6931471805599453,-0.6931471805599453,-0.6931471805599453,0.6931471805599453,2.197224577336219,0.6931471805599453,1.791759469228055,-0.6931471805599453,-0.6931471805599453,1.791759469228055,-0.6931471805599453,-0.6931471805599453,-0.6931471805599453,1.3862943611198906,1.0986122886681096,-0.6931471805599453,-0.6931471805599453,-0.6931471805599453,-0.6931471805599453,4.007333185232471,-0.6931471805599453,-0.6931471805599453,-0.6931471805599453,0.0,0.0,1.791759469228055,-0.6931471805599453,1.0986122886681096,0.6931471805599453,1.3862943611198906,-0.6931471805599453,1.9459101490553128,-0.6931471805599453,0.0,0.6931471805599453,4.382026634673881,-0.6931471805599453,-0.6931471805599453,-0.6931471805599453,0.0,-0.6931471805599453,-0.6931471805599453,-0.6931471805599453,-0.6931471805599453,-0.6931471805599453,-0.6931471805599453,-0.6931471805599453,0.0,0.0,-0.6931471805599453,-0.6931471805599453,-0.6931471805599453,1.6094379124341005,-0.6931471805599453,0.6931471805599453,-0.6931471805599453,-0.6931471805599453,0.0,-0.6931471805599453,-0.6931471805599453,-0.6931471805599453,0.0,0.0,-0.6931471805599453,-0.6931471805599453,-0.6931471805599453,2.5649493574615367,-0.6931471805599453,-0.6931471805599453,0.6931471805599453,2.197224577336219,-0.6931471805599453,1.9459101490553128,-0.6931471805599453,-0.6931471805599453,-0.6931471805599453,-0.6931471805599453,1.3862943611198906,0.0,-0.6931471805599453,0.0,1.3862943611198906,-0.6931471805599453,-0.6931471805599453,1.9459101490553128,3.828641396489095
ERR260242,0,0.0,1.0986122886681096,-0.6931471805599453,-0.6931471805599453,0.0,0.6931471805599453,0.0,0.0,0.0,1.0986122886681096,0.0,-0.6931471805599453,-0.6931471805599453,1.3862943611198906,-0.6931471805599453,-0.6931471805599453,1.0986122886681096,-0.6931471805599453,-0.6931471805599453,-0.6931471805599453,-0.6931471805599453,-0.6931471805599453,-0.6931471805599453,1.0986122886681096,1.791759469228055,-0.6931471805599453,-0.6931471805599453,-0.6931471805599453,0.0,0.0,-0.6931471805599453,-0.6931471805599453,-0.6931471805599453,-0.6931471805599453,-0.6931471805599453,1.0986122886681096,0.6931471805599453,0.0,0.6931471805599453,1.3862943611198906,-0.6931471805599453,0.6931471805599453,1.9459101490553128,-0.6931471805599453,2.70805020110221,0.0,-0.6931471805599453,0.0,-0.6931471805599453,2.4849066497880004,-0.6931471805599453,0.0,-0.6931471805599453,-0.6931471805599453,0.6931471805599453,-0.6931471805599453,-0.6931471805599453,-0.6931471805599453,-0.6931471805599453,0.0,-0.6931471805599453,0.0,-0.6931471805599453,0.6931471805599453,-0.6931471805599453,0.6931471805599453,-0.6931471805599453,-0.6931471805599453,-0.6931471805599453,1.6094379124341005,-0.6931471805599453,-0.6931471805599453,-0.6931471805599453,1.0986122886681096,0.6931471805599453,-0.6931471805599453,0.6931471805599453,1.6094379124341005,0.0,-0.6931471805599453,2.197224577336219,0.0,0.0,-0.6931471805599453,-0.6931471805599453,-0.6931471805599453,0.0,1.6094379124341005,1.3862943611198906,-0.6931471805599453,-0.6931471805599453,0.6931471805599453,-0.6931471805599453,0.0,-0.6931471805599453,2.772588722239781,-0.6931471805599453,-0.6931471805599453,-0.6931471805599453,0.0,-0.6931471805599453,-0.6931471805599453,-0.6931471805599453,2.70805020110221,0.0,-0.6931471805599453,-0.6931471805599453,1.0986122886681096,0.0,0.0,-0.6931471805599453,-0.6931471805599453,1.6094379124341005,0.0,1.3862943611198906,1.3862943611198906,0.6931471805599453,1.3862943611198906,0.0,2.772588722239781,2.4849066497880004,-0.6931471805599453,-0.6931471805599453,0.0,0.0,-0.6931471805599453,0.0,0.0,-0.6931471805599453,-0.6931471805599453,-0.6931471805599453,0.6931471805599453,-0.6931471805599453,2.079441541679836,-0.6931471805599453,-0.6931471805599453,-0.6931471805599453,2.079441541679836,-0.6931471805599453,2.197224577336219,-0.6931471805599453,1.0986122886681096,-0.6931471805599453,1.0986122886681096,-0.6931471805599453,0.6931471805599453,-0.6931471805599453,1.0986122886681096,-0.6931471805599453,3.80666248977032,0.6931471805599453,-0.6931471805599453,-0.6931471805599453,0.0,-0.6931471805599453,1.3862943611198906,-0.6931471805599453,-0.6931471805599453,-0.6931471805599453,-0.6931471805599453,-0.6931471805599453,-0.6931471805599453,1.791759469228055,-0.6931471805599453,0.0,-0.6931471805599453,1.3862943611198906,1.9459101490553128,1.791759469228055,-0.6931471805599453,-0.6931471805599453,-0.6931471805599453,-0.6931471805599453,1.6094379124341005,0.6931471805599453,0.0,2.5649493574615367,-0.6931471805599453,0.0,-0.6931471805599453,0.6931471805599453,-0.6931471805599453,-0.6931471805599453,1.791759469228055,2.4849066497880004,-0.6931471805599453,0.6931471805599453,0.0,0.6931471805599453,2.8903717578961645,-0.6931471805599453,1.791759469228055,0.6931471805599453,0.6931471805599453,0.0,1.6094379124341005,2.4849066497880004,0.0,2.772588722239781,3.3672958299864737
ERR260243,0,0.6931471805599453,-0.6931471805599453,-0.6931471805599453,0.6931471805599453,0.0,-0.6931471805599453,-0.6931471805599453,-0.6931471805599453,0.0,1.9459101490553128,-0.6931471805599453,-0.6931471805599453,-0.6931471805599453,-0.6931471805599453,-0.6931471805599453,-0.6931471805599453,0.6931471805599453,-0.6931471805599453,-0.6931471805599453,-0.6931471805599453,0.6931471805599453,1.3862943611198906,0.0,0.0,3.091042453358316,-0.6931471805599453,-0.6931471805599453,1.0986122886681096,-0.6931471805599453,-0.6931471805599453,0.0,0.0,-0.6931471805599453,0.0,-0.6931471805599453,1.3862943611198906,0.6931471805599453,-0.6931471805599453,-0.6931471805599453,-0.6931471805599453,-0.6931471805599453,0.0,1.0986122886681096,-0.6931471805599453,1.6094379124341005,1.3862943611198906,0.6931471805599453,1.0986122886681096,1.3862943611198906,3.988984046564274,-0.6931471805599453,1.791759469228055,0.0,1.791759469228055,0.0,-0.6931471805599453,-0.6931471805599453,-0.6931471805599453,2.079441541679836,-0.6931471805599453,-0.6931471805599453,-0.6931471805599453,-0.6931471805599453,0.6931471805599453,-0.6931471805599453,1.0986122886681096,-0.6931471805599453,1.0986122886681096,-0.6931471805599453,2.8903717578961645,-0.6931471805599453,0.6931471805599453,-0.6931471805599453,0.0,1.3862943611198906,-0.6931471805599453,-0.6931471805599453,-0.6931471805599453,0.0,-0.6931471805599453,1.3862943611198906,-0.6931471805599453,2.4849066497880004,0.6931471805599453,-0.6931471805599453,-0.6931471805599453,0.0,-0.6931471805599453,0.0,0.0,-0.6931471805599453,-0.6931471805599453,-0.6931471805599453,1.0986122886681096,-0.6931471805599453,2.70805020110221,-0.6931471805599453,-0.6931471805599453,-0.6931471805599453,-0.6931471805599453,0.0,-0.6931471805599453,-0.6931471805599453,1.0986122886681096,1.6094379124341005,-0.6931471805599453,1.3862943611198906,1.9459101490553128,0.0,-0.6931471805599453,1.0986122886681096,-0.6931471805599453,1.3862943611198906,-0.6931471805599453,-0.6931471805599453,2.4849066497880004,-0.6931471805599453,2.5649493574615367,0.0,1.3862943611198906,2.5649493574615367,0.0,-0.6931471805599453,1.0986122886681096,1.3862943611198906,-0.6931471805599453,2.4849066497880004,1.791759469228055,-0.6931471805599453,-0.6931471805599453,-0.6931471805599453,0.0,-0.6931471805599453,2.9444389791664403,0.6931471805599453,2.079441541679836,0.0,-0.6931471805599453,0.0,0.6931471805599453,1.0986122886681096,0.0,0.6931471805599453,2.4849066497880004,-0.6931471805599453,0.6931471805599453,-0.6931471805599453,1.6094379124341005,0.0,4.6443908991413725,2.197224577336219,-0.6931471805599453,-0.6931471805599453,1.0986122886681096,-0.6931471805599453,-0.6931471805599453,-0.6931471805599453,-0.6931471805599453,-0.6931471805599453,-0.6931471805599453,-0.6931471805599453,-0.6931471805599453,-0.6931471805599453,-0.6931471805599453,0.6931471805599453,2.3978952727983707,0.0,0.6931471805599453,-0.6931471805599453,-0.6931471805599453,-0.6931471805599453,0.0,-0.6931471805599453,0.0,0.0,2.6390573296152584,3.218875824868201,-0.6931471805599453,-0.6931471805599453,-0.6931471805599453,-0.6931471805599453,0.0,1.3862943611198906,1.791759469228055,2.772588722239781,-0.6931471805599453,0.0,0.0,1.6094379124341005,-0.6931471805599453,-0.6931471805599453,-0.6931471805599453,0.0,-0.6931471805599453,1.6094379124341005,-0.6931471805599453,2.8903717578961645,0.6931471805599453,2.8903717578961645,3.332204510175204
ERR260244,0,2.3978952727983707,-0.6931471805599453,-0.6931471805599453,1.9459101490553128,-0.6931471805599453,1.3862943611198906,-0.6931471805599453,-0.6931471805599453,1.3862943611198906,3.044522437723423,0.0,-0.6931471805599453,-0.6931471805599453,-0.6931471805599453,-0.6931471805599453,0.0,0.0,1.3862943611198906,-0.6931471805599453,-0.6931471805599453,2.197224577336219,2.4849066497880004,1.0986122886681096,1.6094379124341005,3.332204510175204,-0.6931471805599453,-0.6931471805599453,1.9459101490553128,-0.6931471805599453,0.6931471805599453,-0.6931471805599453,2.079441541679836,-0.6931471805599453,-0.6931471805599453,-0.6931471805599453,3.091042453358316,-0.6931471805599453,2.3978952727983707,-0.6931471805599453,-0.6931471805599453,-0.6931471805599453,1.791759469228055,1.791759469228055,-0.6931471805599453,0.0,1.0986122886681096,0.0,-0.6931471805599453,1.0986122886681096,3.8501476017100575,-0.6931471805599453,0.0,0.0,0.0,2.8903717578961645,-0.6931471805599453,-0.6931471805599453,-0.6931471805599453,0.0,0.0,-0.6931471805599453,1.6094379124341005,-0.6931471805599453,-0.6931471805599453,0.0,2.079441541679836,-0.6931471805599453,0.0,-0.6931471805599453,2.3978952727983707,-0.6931471805599453,-0.6931471805599453,-0.6931471805599453,0.0,-0.6931471805599453,-0.6931471805599453,-0.6931471805599453,-0.6931471805599453,-0.6931471805599453,-0.6931471805599453,0.0,-0.6931471805599453,-0.6931471805599453,-0.6931471805599453,-0.6931471805599453,-0.6931471805599453,0.6931471805599453,-0.6931471805599453,0.0,-0.6931471805599453,-0.6931471805599453,-0.6931471805599453,-0.6931471805599453,0.0,-0.6931471805599453,2.197224577336219,-0.6931471805599453,-0.6931471805599453,-0.6931471805599453,-0.6931471805599453,-0.6931471805599453,-0.6931471805599453,-0.6931471805599453,1.6094379124341005,2.197224577336219,-0.6931471805599453,1.6094379124341005,0.0,1.3862943611198906,-0.6931471805599453,1.6094379124341005,0.0,-0.6931471805599453,-0.6931471805599453,0.0,1.6094379124341005,0.0,-0.6931471805599453,1.3862943611198906,0.0,2.5649493574615367,-0.6931471805599453,1.0986122886681096,0.0,1.3862943611198906,-0.6931471805599453,0.6931471805599453,1.0986122886681096,1.0986122886681096,1.0986122886681096,-0.6931471805599453,0.0,0.0,1.3862943611198906,1.0986122886681096,1.0986122886681096,0.6931471805599453,0.0,-0.6931471805599453,1.0986122886681096,1.0986122886681096,-0.6931471805599453,-0.6931471805599453,1.791759469228055,-0.6931471805599453,1.3862943611198906,-0.6931471805599453,-0.6931471805599453,1.0986122886681096,4.356708826689592,-0.6931471805599453,-0.6931471805599453,-0.6931471805599453,0.0,-0.6931471805599453,-0.6931471805599453,-0.6931471805599453,-0.6931471805599453,0.0,-0.6931471805599453,-0.6931471805599453,0.0,0.6931471805599453,-0.6931471805599453,-0.6931471805599453,-0.6931471805599453,0.0,-0.6931471805599453,0.0,-0.6931471805599453,0.0,0.0,-0.6931471805599453,2.197224577336219,1.3862943611198906,0.6931471805599453,2.5649493574615367,1.0986122886681096,-0.6931471805599453,-0.6931471805599453,1.6094379124341005,-0.6931471805599453,0.0,0.6931471805599453,2.6390573296152584,-0.6931471805599453,-0.6931471805599453,-0.6931471805599453,1.0986122886681096,-0.6931471805599453,-0.6931471805599453,0.0,1.0986122886681096,-0.6931471805599453,-0.6931471805599453,-0.6931471805599453,1.3862943611198906,-0.6931471805599453,2.302585092994045,3.8712010109078903
ERR260246,0,2.6390573296152584,-0.6931471805599453,-0.6931471805599453,-0.6931471805599453,-0.6931471805599453,2.70805020110221,-0.6931471805599453,-0.6931471805599453,0.0,2.3978952727983707,1.3862943611198906,0.0,-0.6931471805599453,-0.6931471805599453,-0.6931471805599453,-0.6931471805599453,1.0986122886681096,2.4849066497880004,-0.6931471805599453,-0.6931471805599453,2.5649493574615367,1.791759469228055,0.0,3.295836866004329,2.8903717578961645,-0.6931471805599453,-0.6931471805599453,1.791759469228055,-0.6931471805599453,-0.6931471805599453,-0.6931471805599453,1.9459101490553128,-0.6931471805599453,0.6931471805599453,1.6094379124341005,2.995732273553991,-0.6931471805599453,1.791759469228055,-0.6931471805599453,-0.6931471805599453,-0.6931471805599453,2.8903717578961645,3.295836866004329,0.0,0.0,0.6931471805599453,-0.6931471805599453,-0.6931471805599453,-0.6931471805599453,4.025351690735149,-0.6931471805599453,1.3862943611198906,1.791759469228055,-0.6931471805599453,2.6390573296152584,-0.6931471805599453,-0.6931471805599453,-0.6931471805599453,2.772588722239781,-0.6931471805599453,-0.6931471805599453,0.0,-0.6931471805599453,-0.6931471805599453,0.0,1.0986122886681096,0.6931471805599453,-0.6931471805599453,-0.6931471805599453,1.6094379124341005,-0.6931471805599453,-0.6931471805599453,-0.6931471805599453,2.5649493574615367,-0.6931471805599453,-0.6931471805599453,1.0986122886681096,-0.6931471805599453,1.6094379124341005,-0.6931471805599453,-0.6931471805599453,-0.6931471805599453,1.0986122886681096,-0.6931471805599453,-0.6931471805599453,-0.6931471805599453,1.0986122886681096,0.0,0.6931471805599453,0.0,-0.6931471805599453,-0.6931471805599453,-0.6931471805599453,-0.6931471805599453,-0.6931471805599453,1.0986122886681096,-0.6931471805599453,-0.6931471805599453,-0.6931471805599453,-0.6931471805599453,-0.6931471805599453,-0.6931471805599453,-0.6931471805599453,1.0986122886681096,1.9459101490553128,-0.6931471805599453,0.6931471805599453,1.3862943611198906,1.0986122886681096,-0.6931471805599453,2.4849066497880004,-0.6931471805599453,1.9459101490553128,-0.6931471805599453,2.302585092994045,0.6931471805599453,0.6931471805599453,1.0986122886681096,0.0,0.0,0.6931471805599453,-0.6931471805599453,-0.6931471805599453,0.0,1.3862943611198906,-0.6931471805599453,0.0,-0.6931471805599453,-0.6931471805599453,-0.6931471805599453,-0.6931471805599453,-0.6931471805599453,1.3862943611198906,1.9459101490553128,0.6931471805599453,0.0,-0.6931471805599453,0.0,0.0,1.9459101490553128,0.0,1.9459101490553128,0.0,0.6931471805599453,-0.6931471805599453,1.9459101490553128,-0.6931471805599453,-0.6931471805599453,1.0986122886681096,4.356708826689592,0.0,-0.6931471805599453,-0.6931471805599453,-0.6931471805599453,0.6931471805599453,-0.6931471805599453,-0.6931471805599453,0.0,-0.6931471805599453,1.3862943611198906,-0.6931471805599453,0.0,2.197224577336219,-0.6931471805599453,-0.6931471805599453,-0.6931471805599453,2.6390573296152584,1.0986122886681096,2.772588722239781,0.0,0.6931471805599453,0.0,-0.6931471805599453,-0.6931471805599453,1.3862943611198906,1.6094379124341005,1.3862943611198906,-0.6931471805599453,0.0,-0.6931471805599453,0.6931471805599453,-0.6931471805599453,0.0,2.3978952727983707,1.0986122886681096,-0.6931471805599453,0.0,1.0986122886681096,-0.6931471805599453,1.791759469228055,-0.6931471805599453,0.0,1.6094379124341005,-0.6931471805599453,-0.6931471805599453,-0.6931471805599453,2.302585092994045,0.0,1.6094379124341005,3.7612001156935615
ERR260250,0,0.6931471805599453,2.197224577336219,-0.6931471805599453,1.3862943611198906,1.791759469228055,3.218875824868201,-0.6931471805599453,-0.6931471805599453,0.0,1.9459101490553128,-0.6931471805599453,-0.6931471805599453,-0.6931471805599453,0.0,1.6094379124341005,0.0,2.4849066497880004,2.4849066497880004,-0.6931471805599453,-0.6931471805599453,1.9459101490553128,1.0986122886681096,0.0,1.0986122886681096,3.044522437723423,-0.6931471805599453,-0.6931471805599453,1.3862943611198906,-0.6931471805599453,1.3862943611198906,0.0,2.079441541679836,-0.6931471805599453,0.0,-0.6931471805599453,2.833213344056216,0.0,0.6931471805599453,-0.6931471805599453,0.0,-0.6931471805599453,3.332204510175204,3.8501476017100575,-0.6931471805599453,0.6931471805599453,0.0,-0.6931471805599453,-0.6931471805599453,0.0,3.737669618283368,-0.6931471805599453,0.6931471805599453,-0.6931471805599453,0.6931471805599453,1.6094379124341005,-0.6931471805599453,-0.6931471805599453,-0.6931471805599453,1.0986122886681096,-0.6931471805599453,-0.6931471805599453,-0.6931471805599453,1.0986122886681096,0.6931471805599453,0.6931471805599453,1.3862943611198906,-0.6931471805599453,1.3862943611198906,-0.6931471805599453,2.197224577336219,0.0,-0.6931471805599453,0.0,2.3978952727983707,1.9459101490553128,-0.6931471805599453,-0.6931471805599453,0.6931471805599453,1.3862943611198906,-0.6931471805599453,1.0986122886681096,1.0986122886681096,1.0986122886681096,-0.6931471805599453,0.0,0.6931471805599453,1.3862943611198906,0.6931471805599453,2.70805020110221,-0.6931471805599453,-0.6931471805599453,1.0986122886681096,-0.6931471805599453,-0.6931471805599453,-0.6931471805599453,3.044522437723423,-0.6931471805599453,-0.6931471805599453,-0.6931471805599453,-0.6931471805599453,-0.6931471805599453,-0.6931471805599453,-0.6931471805599453,2.079441541679836,1.6094379124341005,-0.6931471805599453,1.0986122886681096,2.4849066497880004,0.0,-0.6931471805599453,1.3862943611198906,-0.6931471805599453,-0.6931471805599453,-0.6931471805599453,0.0,1.791759469228055,-0.6931471805599453,1.0986122886681096,3.044522437723423,2.3978952727983707,2.9444389791664403,0.0,-0.6931471805599453,0.0,-0.6931471805599453,-0.6931471805599453,1.0986122886681096,0.6931471805599453,0.6931471805599453,-0.6931471805599453,-0.6931471805599453,-0.6931471805599453,-0.6931471805599453,2.3978952727983707,-0.6931471805599453,0.6931471805599453,1.9459101490553128,1.9459101490553128,0.0,1.9459101490553128,0.0,2.302585092994045,-0.6931471805599453,1.3862943611198906,0.0,3.044522437723423,-0.6931471805599453,-0.6931471805599453,1.6094379124341005,5.036952602413629,0.0,-0.6931471805599453,-0.6931471805599453,0.0,-0.6931471805599453,0.0,-0.6931471805599453,-0.6931471805599453,-0.6931471805599453,-0.6931471805599453,-0.6931471805599453,1.791759469228055,1.6094379124341005,-0.6931471805599453,-0.6931471805599453,-0.6931471805599453,3.2580965380214817,0.0,-0.6931471805599453,0.0,-0.6931471805599453,-0.6931471805599453,0.0,2.302585092994045,1.3862943611198906,0.6931471805599453,2.079441541679836,0.0,-0.6931471805599453,0.6931471805599453,1.3862943611198906,-0.6931471805599453,1.6094379124341005,0.0,2.70805020110221,1.9459101490553128,-0.6931471805599453,-0.6931471805599453,-0.6931471805599453,2.3978952727983707,-0.6931471805599453,1.3862943611198906,-0.6931471805599453,1.0986122886681096,0.0,1.6094379124341005,1.0986122886681096,-0.6931471805599453,2.4849066497880004,3.988984046564274
ERR260251,0,1.3862943611198906,-0.6931471805599453,-0.6931471805599453,0.6931471805599453,1.0986122886681096,0.6931471805599453,-0.6931471805599453,-0.6931471805599453,-0.6931471805599453,2.70805020110221,0.0,-0.6931471805599453,-0.6931471805599453,-0.6931471805599453,0.6931471805599453,0.0,2.3978952727983707,0.0,1.0986122886681096,-0.6931471805599453,1.0986122886681096,1.6094379124341005,0.0,1.0986122886681096,2.6390573296152584,-0.6931471805599453,-0.6931471805599453,0.6931471805599453,-0.6931471805599453,1.791759469228055,-0.6931471805599453,1.3862943611198906,-0.6931471805599453,-0.6931471805599453,-0.6931471805599453,1.791759469228055,1.3862943611198906,0.6931471805599453,0.0,0.0,-0.6931471805599453,1.3862943611198906,0.6931471805599453,0.0,1.791759469228055,0.0,1.0986122886681096,-0.6931471805599453,-0.6931471805599453,4.04305126783455,-0.6931471805599453,0.0,0.0,0.0,1.0986122886681096,-0.6931471805599453,0.0,-0.6931471805599453,1.6094379124341005,0.0,-0.6931471805599453,-0.6931471805599453,0.6931471805599453,0.0,0.0,1.0986122886681096,-0.6931471805599453,-0.6931471805599453,-0.6931471805599453,2.772588722239781,-0.6931471805599453,-0.6931471805599453,-0.6931471805599453,1.791759469228055,1.3862943611198906,-0.6931471805599453,1.0986122886681096,-0.6931471805599453,2.079441541679836,0.6931471805599453,1.0986122886681096,0.6931471805599453,2.302585092994045,0.0,-0.6931471805599453,-0.6931471805599453,0.6931471805599453,-0.6931471805599453,0.6931471805599453,-0.6931471805599453,-0.6931471805599453,-0.6931471805599453,-0.6931471805599453,1.3862943611198906,-0.6931471805599453,2.772588722239781,-0.6931471805599453,-0.6931471805599453,-0.6931471805599453,-0.6931471805599453,-0.6931471805599453,-0.6931471805599453,-0.6931471805599453,1.9459101490553128,1.6094379124341005,-0.6931471805599453,2.079441541679836,2.079441541679836,1.0986122886681096,-0.6931471805599453,1.3862943611198906,1.3862943611198906,1.6094379124341005,-0.6931471805599453,-0.6931471805599453,3.8501476017100575,1.0986122886681096,1.0986122886681096,1.3862943611198906,1.9459101490553128,2.4849066497880004,-0.6931471805599453,-0.6931471805599453,0.6931471805599453,1.6094379124341005,1.0986122886681096,1.0986122886681096,0.6931471805599453,0.6931471805599453,-0.6931471805599453,0.0,0.0,-0.6931471805599453,2.302585092994045,-0.6931471805599453,3.526360524616161,-0.6931471805599453,1.9459101490553128,-0.6931471805599453,2.8903717578961645,1.0986122886681096,2.3978952727983707,1.3862943611198906,2.772588722239781,-0.6931471805599453,0.6931471805599453,-0.6931471805599453,0.0,1.0986122886681096,4.110873864173311,1.3862943611198906,-0.6931471805599453,-0.6931471805599453,0.0,-0.6931471805599453,-0.6931471805599453,0.0,-0.6931471805599453,-0.6931471805599453,-0.6931471805599453,-0.6931471805599453,0.0,1.791759469228055,-0.6931471805599453,-0.6931471805599453,2.4849066497880004,-0.6931471805599453,-0.6931471805599453,-0.6931471805599453,-0.6931471805599453,-0.6931471805599453,1.0986122886681096,-0.6931471805599453,1.0986122886681096,2.302585092994045,2.079441541679836,2.6390573296152584,0.0,-0.6931471805599453,-0.6931471805599453,1.791759469228055,0.0,0.6931471805599453,1.791759469228055,2.302585092994045,-0.6931471805599453,0.6931471805599453,-0.6931471805599453,0.6931471805599453,1.791759469228055,-0.6931471805599453,0.0,0.0,0.0,0.0,0.0,1.6094379124341005,0.0,3.091042453358316,3.988984046564274
ERR260252,0,-0.6931471805599453,1.791759469228055,-0.6931471805599453,-0.6931471805599453,0.0,0.6931471805599453,-0.6931471805599453,-0.6931471805599453,1.3862943611198906,0.6931471805599453,0.6931471805599453,-0.6931471805599453,-0.6931471805599453,1.0986122886681096,-0.6931471805599453,-0.6931471805599453,1.0986122886681096,-0.6931471805599453,2.197224577336219,-0.6931471805599453,0.0,-0.6931471805599453,-0.6931471805599453,1.0986122886681096,2.302585092994045,-0.6931471805599453,0.0,-0.6931471805599453,-0.6931471805599453,0.6931471805599453,-0.6931471805599453,-0.6931471805599453,-0.6931471805599453,-0.6931471805599453,0.6931471805599453,0.0,-0.6931471805599453,-0.6931471805599453,0.6931471805599453,2.197224577336219,-0.6931471805599453,1.791759469228055,2.4849066497880004,1.3862943611198906,-0.6931471805599453,-0.6931471805599453,1.0986122886681096,-0.6931471805599453,-0.6931471805599453,2.3978952727983707,-0.6931471805599453,-0.6931471805599453,-0.6931471805599453,-0.6931471805599453,-0.6931471805599453,-0.6931471805599453,0.6931471805599453,-0.6931471805599453,0.0,-0.6931471805599453,-0.6931471805599453,-0.6931471805599453,0.6931471805599453,0.0,-0.6931471805599453,0.0,-0.6931471805599453,-0.6931471805599453,-0.6931471805599453,1.6094379124341005,0.0,-0.6931471805599453,0.0,0.0,-0.6931471805599453,-0.6931471805599453,1.6094379124341005,1.3862943611198906,0.0,-0.6931471805599453,-0.6931471805599453,-0.6931471805599453,1.0986122886681096,-0.6931471805599453,-0.6931471805599453,-0.6931471805599453,-0.6931471805599453,3.1780538303479453,1.0986122886681096,-0.6931471805599453,0.0,1.9459101490553128,-0.6931471805599453,0.0,-0.6931471805599453,2.079441541679836,0.0,-0.6931471805599453,-0.6931471805599453,1.0986122886681096,-0.6931471805599453,-0.6931471805599453,-0.6931471805599453,1.0986122886681096,-0.6931471805599453,-0.6931471805599453,-0.6931471805599453,2.3978952727983707,1.3862943611198906,-0.6931471805599453,1.0986122886681096,0.6931471805599453,1.3862943611198906,1.6094379124341005,0.0,-0.6931471805599453,0.0,0.6931471805599453,1.791759469228055,1.3862943611198906,2.197224577336219,-0.6931471805599453,-0.6931471805599453,-0.6931471805599453,1.0986122886681096,-0.6931471805599453,1.0986122886681096,0.0,0.0,0.0,0.0,1.3862943611198906,-0.6931471805599453,2.197224577336219,1.6094379124341005,0.0,0.0,3.044522437723423,0.6931471805599453,1.791759469228055,0.0,1.9459101490553128,0.6931471805599453,1.3862943611198906,-0.6931471805599453,0.6931471805599453,-0.6931471805599453,1.0986122886681096,2.079441541679836,4.304065093204169,0.0,-0.6931471805599453,-0.6931471805599453,0.0,-0.6931471805599453,0.0,-0.6931471805599453,-0.6931471805599453,-0.6931471805599453,-0.6931471805599453,-0.6931471805599453,-0.6931471805599453,0.6931471805599453,-0.6931471805599453,-0.6931471805599453,0.0,0.0,-0.6931471805599453,0.0,-0.6931471805599453,-0.6931471805599453,-0.6931471805599453,1.791759469228055,2.079441541679836,-0.6931471805599453,1.0986122886681096,1.3862943611198906,-0.6931471805599453,-0.6931471805599453,-0.6931471805599453,2.302585092994045,-0.6931471805599453,-0.6931471805599453,1.791759469228055,0.6931471805599453,-0.6931471805599453,0.0,0.6931471805599453,0.0,2.772588722239781,-0.6931471805599453,-0.6931471805599453,0.0,2.302585092994045,0.6931471805599453,2.4849066497880004,0.6931471805599453,-0.6931471805599453,1.3862943611198906,3.6635616461296463
ERR260253,0,-0.6931471805599453,2.079441541679836,-0.6931471805599453,0.6931471805599453,0.0,0.0,-0.6931471805599453,-0.6931471805599453,-0.6931471805599453,2.4849066497880004,-0.6931471805599453,-0.6931471805599453,0.0,1.0986122886681096,0.0,-0.6931471805599453,0.6931471805599453,0.0,-0.6931471805599453,-0.6931471805599453,1.3862943611198906,0.0,-0.6931471805599453,1.9459101490553128,2.833213344056216,-0.6931471805599453,-0.6931471805599453,0.6931471805599453,-0.6931471805599453,1.3862943611198906,-0.6931471805599453,1.0986122886681096,0.0,-0.6931471805599453,-0.6931471805599453,2.197224577336219,1.6094379124341005,0.0,0.6931471805599453,0.6931471805599453,-0.6931471805599453,1.9459101490553128,0.0,-0.6931471805599453,2.70805020110221,1.0986122886681096,0.0,1.791759469228055,-0.6931471805599453,3.8501476017100575,-0.6931471805599453,0.0,-0.6931471805599453,-0.6931471805599453,0.0,-0.6931471805599453,0.0,-0.6931471805599453,0.0,0.0,-0.6931471805599453,1.3862943611198906,1.3862943611198906,-0.6931471805599453,-0.6931471805599453,1.0986122886681096,-0.6931471805599453,-0.6931471805599453,-0.6931471805599453,2.3978952727983707,-0.6931471805599453,0.6931471805599453,-0.6931471805599453,0.0,1.0986122886681096,-0.6931471805599453,0.0,1.3862943611198906,1.0986122886681096,0.6931471805599453,1.6094379124341005,0.0,1.9459101490553128,-0.6931471805599453,-0.6931471805599453,-0.6931471805599453,1.6094379124341005,1.6094379124341005,0.0,-0.6931471805599453,-0.6931471805599453,0.6931471805599453,-0.6931471805599453,2.302585092994045,-0.6931471805599453,1.0986122886681096,-0.6931471805599453,-0.6931471805599453,-0.6931471805599453,-0.6931471805599453,-0.6931471805599453,2.3978952727983707,-0.6931471805599453,-0.6931471805599453,1.6094379124341005,-0.6931471805599453,0.0,1.791759469228055,1.3862943611198906,-0.6931471805599453,1.0986122886681096,-0.6931471805599453,0.6931471805599453,-0.6931471805599453,0.0,1.0986122886681096,-0.6931471805599453,0.6931471805599453,0.0,-0.6931471805599453,1.3862943611198906,1.6094379124341005,-0.6931471805599453,-0.6931471805599453,0.0,-0.6931471805599453,2.4849066497880004,0.6931471805599453,0.0,0.6931471805599453,-0.6931471805599453,-0.6931471805599453,-0.6931471805599453,1.6094379124341005,0.6931471805599453,1.0986122886681096,0.0,2.302585092994045,-0.6931471805599453,1.3862943611198906,-0.6931471805599453,0.0,-0.6931471805599453,1.6094379124341005,-0.6931471805599453,1.0986122886681096,-0.6931471805599453,-0.6931471805599453,2.302585092994045,3.80666248977032,0.6931471805599453,-0.6931471805599453,-0.6931471805599453,1.6094379124341005,-0.6931471805599453,0.6931471805599453,-0.6931471805599453,-0.6931471805599453,-0.6931471805599453,0.6931471805599453,-0.6931471805599453,0.0,0.0,-0.6931471805599453,-0.6931471805599453,-0.6931471805599453,0.0,0.0,0.0,-0.6931471805599453,-0.6931471805599453,0.0,-0.6931471805599453,-0.6931471805599453,1.0986122886681096,-0.6931471805599453,2.70805020110221,-0.6931471805599453,0.6931471805599453,-0.6931471805599453,2.079441541679836,0.0,1.0986122886681096,0.0,2.70805020110221,-0.6931471805599453,0.6931471805599453,-0.6931471805599453,-0.6931471805599453,2.3978952727983707,-0.6931471805599453,0.0,1.0986122886681096,-0.6931471805599453,0.6931471805599453,1.3862943611198906,-0.6931471805599453,0.0,2.079441541679836,4.04305126783455
ERR260255,0,1.791759469228055,0.0,-0.6931471805599453,-0.6931471805599453,1.3862943611198906,0.0,-0.6931471805599453,-0.6931471805599453,-0.6931471805599453,1.6094379124341005,0.6931471805599453,-0.6931471805599453,1.0986122886681096,-0.6931471805599453,-0.6931471805599453,-0.6931471805599453,1.3862943611198906,1.0986122886681096,-0.6931471805599453,-0.6931471805599453,2.079441541679836,1.6094379124341005,0.0,-0.6931471805599453,2.995732273553991,-0.6931471805599453,-0.6931471805599453,2.079441541679836,-0.6931471805599453,-0.6931471805599453,-0.6931471805599453,1.791759469228055,-0.6931471805599453,-0.6931471805599453,-0.6931471805599453,2.079441541679836,-0.6931471805599453,1.791759469228055,-0.6931471805599453,-0.6931471805599453,-0.6931471805599453,1.0986122886681096,2.079441541679836,-0.6931471805599453,2.3978952727983707,-0.6931471805599453,-0.6931471805599453,-0.6931471805599453,1.3862943611198906,4.158883083359672,-0.6931471805599453,1.0986122886681096,-0.6931471805599453,-0.6931471805599453,1.9459101490553128,-0.6931471805599453,-0.6931471805599453,-0.6931471805599453,1.9459101490553128,-0.6931471805599453,-0.6931471805599453,0.6931471805599453,-0.6931471805599453,-0.6931471805599453,-0.6931471805599453,1.0986122886681096,-0.6931471805599453,-0.6931471805599453,-0.6931471805599453,2.5649493574615367,-0.6931471805599453,-0.6931471805599453,-0.6931471805599453,2.70805020110221,0.6931471805599453,0.0,-0.6931471805599453,0.0,2.9444389791664403,-0.6931471805599453,0.6931471805599453,-0.6931471805599453,2.079441541679836,-0.6931471805599453,-0.6931471805599453,-0.6931471805599453,1.0986122886681096,-0.6931471805599453,1.791759469228055,0.0,-0.6931471805599453,0.0,-0.6931471805599453,0.6931471805599453,-0.6931471805599453,2.079441541679836,-0.6931471805599453,-0.6931471805599453,-0.6931471805599453,-0.6931471805599453,-0.6931471805599453,-0.6931471805599453,-0.6931471805599453,1.791759469228055,1.6094379124341005,-0.6931471805599453,1.3862943611198906,2.302585092994045,1.0986122886681096,-0.6931471805599453,1.3862943611198906,1.3862943611198906,1.0986122886681096,-0.6931471805599453,-0.6931471805599453,2.3978952727983707,0.6931471805599453,2.197224577336219,2.3978952727983707,1.3862943611198906,2.995732273553991,-0.6931471805599453,-0.6931471805599453,0.6931471805599453,2.079441541679836,-0.6931471805599453,0.0,-0.6931471805599453,0.0,1.791759469228055,-0.6931471805599453,0.0,1.3862943611198906,0.6931471805599453,0.0,0.6931471805599453,-0.6931471805599453,1.0986122886681096,-0.6931471805599453,2.995732273553991,1.3862943611198906,3.218875824868201,-0.6931471805599453,2.3978952727983707,-0.6931471805599453,0.0,-0.6931471805599453,0.0,0.6931471805599453,4.204692619390966,1.6094379124341005,-0.6931471805599453,-0.6931471805599453,0.0,-0.6931471805599453,-0.6931471805599453,-0.6931471805599453,-0.6931471805599453,-0.6931471805599453,-0.6931471805599453,-0.6931471805599453,-0.6931471805599453,-0.6931471805599453,-0.6931471805599453,-0.6931471805599453,1.3862943611198906,0.0,-0.6931471805599453,-0.6931471805599453,-0.6931471805599453,-0.6931471805599453,0.6931471805599453,-0.6931471805599453,0.6931471805599453,2.70805020110221,1.9459101490553128,2.6390573296152584,-0.6931471805599453,-0.6931471805599453,-0.6931471805599453,1.6094379124341005,-0.6931471805599453,0.0,0.6931471805599453,2.6390573296152584,2.079441541679836,0.0,-0.6931471805599453,0.6931471805599453,0.6931471805599453,-0.6931471805599453,0.0,0.6931471805599453,-0.6931471805599453,-0.6931471805599453,0.0,0.0,0.0,2.3978952727983707,3.80666248977032
ERR260256,0,-0.6931471805599453,0.0,-0.6931471805599453,-0.6931471805599453,0.0,2.197224577336219,-0.6931471805599453,-0.6931471805599453,0.0,2.70805020110221,0.0,-0.6931471805599453,-0.6931471805599453,1.0986122886681096,0.0,1.6094379124341005,1.6094379124341005,0.6931471805599453,-0.6931471805599453,-0.6931471805599453,-0.6931471805599453,0.0,0.0,2.4849066497880004,2.995732273553991,-0.6931471805599453,0.0,-0.6931471805599453,1.3862943611198906,0.6931471805599453,-0.6931471805599453,-0.6931471805599453,-0.6931471805599453,0.6931471805599453,-0.6931471805599453,2.5649493574615367,0.0,0.0,0.6931471805599453,0.0,0.0,1.3862943611198906,2.70805020110221,-0.6931471805599453,-0.6931471805599453,1.0986122886681096,0.0,0.6931471805599453,2.302585092994045,3.8501476017100575,1.0986122886681096,1.0986122886681096,-0.6931471805599453,1.6094379124341005,-0.6931471805599453,-0.6931471805599453,0.0,-0.6931471805599453,0.0,0.0,-0.6931471805599453,0.6931471805599453,0.6931471805599453,0.0,0.6931471805599453,1.6094379124341005,-0.6931471805599453,0.0,-0.6931471805599453,1.9459101490553128,0.0,-0.6931471805599453,-0.6931471805599453,0.6931471805599453,2.197224577336219,0.0,-0.6931471805599453,0.0,-0.6931471805599453,-0.6931471805599453,-0.6931471805599453,-0.6931471805599453,1.791759469228055,0.0,-0.6931471805599453,-0.6931471805599453,-0.6931471805599453,2.3978952727983707,0.0,-0.6931471805599453,-0.6931471805599453,0.6931471805599453,-0.6931471805599453,0.0,-0.6931471805599453,1.9459101490553128,-0.6931471805599453,-0.6931471805599453,-0.6931471805599453,-0.6931471805599453,-0.6931471805599453,-0.6931471805599453,-0.6931471805599453,1.0986122886681096,0.6931471805599453,-0.6931471805599453,1.3862943611198906,2.197224577336219,0.6931471805599453,-0.6931471805599453,2.197224577336219,0.0,1.3862943611198906,0.6931471805599453,-0.6931471805599453,1.791759469228055,-0.6931471805599453,2.5649493574615367,0.6931471805599453,0.6931471805599453,2.6390573296152584,-0.6931471805599453,-0.6931471805599453,-0.6931471805599453,1.9459101490553128,-0.6931471805599453,0.0,-0.6931471805599453,0.0,-0.6931471805599453,-0.6931471805599453,-0.6931471805599453,-0.6931471805599453,2.4849066497880004,-0.6931471805599453,1.3862943611198906,1.791759469228055,2.302585092994045,0.6931471805599453,2.3978952727983707,1.0986122886681096,2.6390573296152584,0.6931471805599453,1.3862943611198906,-0.6931471805599453,1.0986122886681096,-0.6931471805599453,0.6931471805599453,1.6094379124341005,4.143134726391533,0.0,-0.6931471805599453,-0.6931471805599453,0.0,0.6931471805599453,-0.6931471805599453,-0.6931471805599453,-0.6931471805599453,0.0,-0.6931471805599453,-0.6931471805599453,-0.6931471805599453,-0.6931471805599453,-0.6931471805599453,0.6931471805599453,-0.6931471805599453,-0.6931471805599453,-0.6931471805599453,-0.6931471805599453,-0.6931471805599453,0.6931471805599453,-0.6931471805599453,-0.6931471805599453,2.079441541679836,-0.6931471805599453,1.791759469228055,2.079441541679836,-0.6931471805599453,-0.6931471805599453,0.0,1.9459101490553128,0.0,0.0,0.6931471805599453,2.079441541679836,-0.6931471805599453,0.6931471805599453,-0.6931471805599453,0.0,2.197224577336219,-0.6931471805599453,0.6931471805599453,0.6931471805599453,-0.6931471805599453,0.0,1.3862943611198906,2.9444389791664403,0.6931471805599453,2.079441541679836,3.688879454113936
ERR260258,0,-0.6931471805599453,-0.6931471805599453,-0.6931471805599453,0.0,0.6931471805599453,0.6931471805599453,-0.6931471805599453,-0.6931471805599453,-0.6931471805599453,1.9459101490553128,0.0,-0.6931471805599453,-0.6931471805599453,0.0,1.0986122886681096,-0.6931471805599453,1.0986122886681096,-0.6931471805599453,-0.6931471805599453,-0.6931471805599453,-0.6931471805599453,0.0,1.3862943611198906,1.6094379124341005,2.5649493574615367,-0.6931471805599453,-0.6931471805599453,1.0986122886681096,1.0986122886681096,0.6931471805599453,-0.6931471805599453,0.6931471805599453,-0.6931471805599453,1.3862943611198906,2.5649493574615367,1.9459101490553128,-0.6931471805599453,0.0,0.0,0.6931471805599453,-0.6931471805599453,1.791759469228055,1.6094379124341005,0.6931471805599453,2.8903717578961645,-0.6931471805599453,-0.6931471805599453,0.0,0.0,3.4657359027997265,-0.6931471805599453,0.0,0.6931471805599453,-0.6931471805599453,-0.6931471805599453,-0.6931471805599453,-0.6931471805599453,-0.6931471805599453,0.6931471805599453,1.0986122886681096,-0.6931471805599453,0.6931471805599453,0.0,-0.6931471805599453,-0.6931471805599453,1.3862943611198906,-0.6931471805599453,-0.6931471805599453,-0.6931471805599453,2.302585092994045,-0.6931471805599453,-0.6931471805599453,-0.6931471805599453,2.3978952727983707,0.6931471805599453,-0.6931471805599453,0.6931471805599453,-0.6931471805599453,-0.6931471805599453,0.0,1.3862943611198906,1.0986122886681096,1.0986122886681096,-0.6931471805599453,1.791759469228055,-0.6931471805599453,0.0,-0.6931471805599453,-0.6931471805599453,-0.6931471805599453,-0.6931471805599453,-0.6931471805599453,-0.6931471805599453,0.0,-0.6931471805599453,2.70805020110221,-0.6931471805599453,-0.6931471805599453,-0.6931471805599453,-0.6931471805599453,-0.6931471805599453,-0.6931471805599453,-0.6931471805599453,2.6390573296152584,0.6931471805599453,-0.6931471805599453,0.0,0.6931471805599453,1.6094379124341005,-0.6931471805599453,-0.6931471805599453,-0.6931471805599453,1.3862943611198906,-0.6931471805599453,0.0,1.6094379124341005,-0.6931471805599453,-0.6931471805599453,1.0986122886681096,2.197224577336219,2.302585092994045,-0.6931471805599453,-0.6931471805599453,-0.6931471805599453,1.6094379124341005,-0.6931471805599453,2.4849066497880004,0.6931471805599453,0.0,-0.6931471805599453,-0.6931471805599453,0.0,-0.6931471805599453,2.833213344056216,-0.6931471805599453,-0.6931471805599453,0.6931471805599453,0.6931471805599453,-0.6931471805599453,1.0986122886681096,-0.6931471805599453,0.6931471805599453,1.0986122886681096,1.791759469228055,0.0,-0.6931471805599453,-0.6931471805599453,-0.6931471805599453,-0.6931471805599453,4.330733340286331,0.0,-0.6931471805599453,-0.6931471805599453,0.6931471805599453,-0.6931471805599453,-0.6931471805599453,-0.6931471805599453,-0.6931471805599453,-0.6931471805599453,-0.6931471805599453,-0.6931471805599453,-0.6931471805599453,1.0986122886681096,-0.6931471805599453,-0.6931471805599453,0.0,-0.6931471805599453,-0.6931471805599453,2.5649493574615367,2.079441541679836,0.0,0.0,1.9459101490553128,-0.6931471805599453,0.0,1.3862943611198906,2.197224577336219,-0.6931471805599453,-0.6931471805599453,-0.6931471805599453,-0.6931471805599453,-0.6931471805599453,0.0,1.6094379124341005,2.4849066497880004,-0.6931471805599453,-0.6931471805599453,0.6931471805599453,0.6931471805599453,1.9459101490553128,-0.6931471805599453,1.3862943611198906,1.791759469228055,-0.6931471805599453,1.6094379124341005,0.6931471805599453,2.079441541679836,0.0,2.4849066497880004,3.7612001156935615
ERR260259,0,1.3862943611198906,-0.6931471805599453,-0.6931471805599453,-0.6931471805599453,-0.6931471805599453,1.0986122886681096,1.791759469228055,-0.6931471805599453,0.0,3.1354942159291497,1.0986122886681096,-0.6931471805599453,1.0986122886681096,-0.6931471805599453,1.791759469228055,1.6094379124341005,1.0986122886681096,1.0986122886681096,-0.6931471805599453,0.6931471805599453,1.3862943611198906,-0.6931471805599453,1.3862943611198906,2.3978952727983707,3.332204510175204,-0.6931471805599453,-0.6931471805599453,2.4849066497880004,0.0,1.0986122886681096,1.3862943611198906,1.3862943611198906,2.70805020110221,0.0,0.6931471805599453,2.70805020110221,2.079441541679836,0.0,-0.6931471805599453,-0.6931471805599453,-0.6931471805599453,2.4849066497880004,1.6094379124341005,-0.6931471805599453,3.610917912644224,1.3862943611198906,1.3862943611198906,2.4849066497880004,1.0986122886681096,3.8712010109078903,0.6931471805599453,0.0,0.0,1.3862943611198906,1.6094379124341005,-0.6931471805599453,1.791759469228055,-0.6931471805599453,1.6094379124341005,0.0,0.6931471805599453,1.0986122886681096,-0.6931471805599453,1.0986122886681096,-0.6931471805599453,0.6931471805599453,-0.6931471805599453,1.3862943611198906,-0.6931471805599453,3.58351893845611,-0.6931471805599453,0.0,-0.6931471805599453,2.772588722239781,1.6094379124341005,0.0,1.791759469228055,0.6931471805599453,0.0,-0.6931471805599453,3.044522437723423,-0.6931471805599453,2.6390573296152584,-0.6931471805599453,-0.6931471805599453,0.0,1.0986122886681096,-0.6931471805599453,-0.6931471805599453,-0.6931471805599453,-0.6931471805599453,-0.6931471805599453,-0.6931471805599453,-0.6931471805599453,-0.6931471805599453,2.8903717578961645,-0.6931471805599453,-0.6931471805599453,-0.6931471805599453,0.6931471805599453,1.3862943611198906,-0.6931471805599453,-0.6931471805599453,2.6390573296152584,0.0,-0.6931471805599453,1.0986122886681096,2.302585092994045,1.6094379124341005,-0.6931471805599453,1.791759469228055,0.0,1.791759469228055,-0.6931471805599453,2.302585092994045,1.0986122886681096,-0.6931471805599453,1.791759469228055,0.6931471805599453,2.197224577336219,2.4849066497880004,0.0,-0.6931471805599453,0.6931471805599453,2.3978952727983707,-0.6931471805599453,2.8903717578961645,1.0986122886681096,1.0986122886681096,-0.6931471805599453,-0.6931471805599453,-0.6931471805599453,1.0986122886681096,3.49650756146648,-0.6931471805599453,0.0,0.0,2.5649493574615367,-0.6931471805599453,2.995732273553991,-0.6931471805599453,2.197224577336219,2.079441541679836,3.9318256327243257,-0.6931471805599453,2.197224577336219,-0.6931471805599453,1.0986122886681096,-0.6931471805599453,4.770684624465664,2.3978952727983707,-0.6931471805599453,-0.6931471805599453,2.197224577336219,1.791759469228055,0.0,-0.6931471805599453,-0.6931471805599453,1.0986122886681096,-0.6931471805599453,0.6931471805599453,0.0,0.6931471805599453,-0.6931471805599453,2.079441541679836,1.6094379124341005,-0.6931471805599453,-0.6931471805599453,-0.6931471805599453,0.0,0.0,1.0986122886681096,-0.6931471805599453,-0.6931471805599453,-0.6931471805599453,1.6094379124341005,4.0943445622221,0.0,0.6931471805599453,-0.6931471805599453,1.9459101490553128,-0.6931471805599453,2.9444389791664403,2.079441541679836,3.784189633918261,0.0,-0.6931471805599453,1.3862943611198906,2.302585092994045,1.791759469228055,-0.6931471805599453,0.6931471805599453,1.0986122886681096,-0.6931471805599453,1.9459101490553128,1.0986122886681096,2.833213344056216,1.0986122886681096,3.58351893845611,4.382026634673881
ERR260260,0,0.6931471805599453,0.0,-0.6931471805599453,-0.6931471805599453,1.3862943611198906,2.302585092994045,-0.6931471805599453,-0.6931471805599453,-0.6931471805599453,2.70805020110221,0.6931471805599453,-0.6931471805599453,1.0986122886681096,1.6094379124341005,2.079441541679836,0.0,2.3978952727983707,-0.6931471805599453,-0.6931471805599453,-0.6931471805599453,0.6931471805599453,0.0,1.0986122886681096,1.3862943611198906,2.8903717578961645,0.6931471805599453,-0.6931471805599453,2.079441541679836,2.197224577336219,2.197224577336219,-0.6931471805599453,1.6094379124341005,2.3978952727983707,0.0,-0.6931471805599453,1.6094379124341005,3.58351893845611,0.6931471805599453,1.3862943611198906,-0.6931471805599453,0.6931471805599453,2.6390573296152584,2.995732273553991,-0.6931471805599453,4.174387269895637,0.0,0.6931471805599453,1.3862943611198906,0.6931471805599453,4.060443010546419,-0.6931471805599453,-0.6931471805599453,1.0986122886681096,-0.6931471805599453,0.6931471805599453,-0.6931471805599453,1.3862943611198906,-0.6931471805599453,0.0,0.0,-0.6931471805599453,1.0986122886681096,1.6094379124341005,1.0986122886681096,-0.6931471805599453,0.6931471805599453,1.6094379124341005,-0.6931471805599453,-0.6931471805599453,3.713572066704308,-0.6931471805599453,-0.6931471805599453,-0.6931471805599453,1.791759469228055,0.0,-0.6931471805599453,1.0986122886681096,1.0986122886681096,-0.6931471805599453,-0.6931471805599453,3.555348061489413,-0.6931471805599453,2.70805020110221,-0.6931471805599453,-0.6931471805599453,-0.6931471805599453,1.0986122886681096,0.6931471805599453,1.3862943611198906,-0.6931471805599453,-0.6931471805599453,-0.6931471805599453,-0.6931471805599453,1.6094379124341005,-0.6931471805599453,3.091042453358316,-0.6931471805599453,-0.6931471805599453,-0.6931471805599453,0.0,-0.6931471805599453,-0.6931471805599453,-0.6931471805599453,1.3862943611198906,0.6931471805599453,-0.6931471805599453,2.079441541679836,2.772588722239781,1.3862943611198906,-0.6931471805599453,1.9459101490553128,1.791759469228055,1.791759469228055,0.0,-0.6931471805599453,1.3862943611198906,-0.6931471805599453,1.791759469228055,1.0986122886681096,0.6931471805599453,2.5649493574615367,-0.6931471805599453,-0.6931471805599453,0.6931471805599453,2.079441541679836,1.9459101490553128,3.4011973816621555,0.0,-0.6931471805599453,0.0,-0.6931471805599453,0.0,-0.6931471805599453,3.6375861597263857,0.0,0.0,0.0,0.6931471805599453,-0.6931471805599453,2.079441541679836,1.9459101490553128,2.5649493574615367,-0.6931471805599453,4.406719247264253,0.0,-0.6931471805599453,-0.6931471805599453,0.0,0.0,5.241747015059643,2.70805020110221,-0.6931471805599453,-0.6931471805599453,2.197224577336219,-0.6931471805599453,0.0,-0.6931471805599453,-0.6931471805599453,-0.6931471805599453,-0.6931471805599453,-0.6931471805599453,-0.6931471805599453,1.3862943611198906,-0.6931471805599453,3.091042453358316,1.0986122886681096,0.0,-0.6931471805599453,-0.6931471805599453,-0.6931471805599453,2.6390573296152584,0.6931471805599453,2.70805020110221,2.197224577336219,-0.6931471805599453,2.3978952727983707,4.3694478524670215,-0.6931471805599453,-0.6931471805599453,-0.6931471805599453,1.3862943611198906,-0.6931471805599453,1.791759469228055,1.9459101490553128,4.23410650459726,-0.6931471805599453,0.6931471805599453,0.0,3.1354942159291497,2.4849066497880004,-0.6931471805599453,0.0,1.3862943611198906,-0.6931471805599453,3.49650756146648,1.6094379124341005,2.079441541679836,0.0,3.9318256327243257,4.204692619390966
ERR260261,1,0.6931471805599453,-0.6931471805599453,-0.6931471805599453,1.0986122886681096,2.079441541679836,2.4849066497880004,-0.6931471805599453,1.0986122886681096,-0.6931471805599453,2.3978952727983707,1.9459101490553128,-0.6931471805599453,0.6931471805599453,-0.6931471805599453,0.6931471805599453,-0.6931471805599453,2.70805020110221,1.6094379124341005,-0.6931471805599453,-0.6931471805599453,0.6931471805599453,0.6931471805599453,1.0986122886681096,2.079441541679836,2.8903717578961645,0.6931471805599453,-0.6931471805599453,2.197224577336219,-0.6931471805599453,3.091042453358316,1.791759469228055,1.3862943611198906,-0.6931471805599453,0.6931471805599453,0.0,1.791759469228055,-0.6931471805599453,0.6931471805599453,0.0,0.0,-0.6931471805599453,2.079441541679836,3.091042453358316,1.791759469228055,0.6931471805599453,-0.6931471805599453,0.0,-0.6931471805599453,2.302585092994045,3.610917912644224,-0.6931471805599453,1.791759469228055,-0.6931471805599453,-0.6931471805599453,1.3862943611198906,-0.6931471805599453,1.3862943611198906,0.0,1.9459101490553128,0.0,0.6931471805599453,1.791759469228055,-0.6931471805599453,-0.6931471805599453,-0.6931471805599453,2.079441541679836,-0.6931471805599453,0.0,-0.6931471805599453,3.688879454113936,-0.6931471805599453,-0.6931471805599453,0.6931471805599453,-0.6931471805599453,-0.6931471805599453,0.0,2.197224577336219,-0.6931471805599453,3.1780538303479453,0.0,0.6931471805599453,-0.6931471805599453,-0.6931471805599453,1.3862943611198906,-0.6931471805599453,-0.6931471805599453,0.6931471805599453,-0.6931471805599453,1.0986122886681096,-0.6931471805599453,-0.6931471805599453,0.0,-0.6931471805599453,-0.6931471805599453,-0.6931471805599453,2.772588722239781,-0.6931471805599453,-0.6931471805599453,-0.6931471805599453,-0.6931471805599453,-0.6931471805599453,-0.6931471805599453,-0.6931471805599453,0.0,1.791759469228055,1.791759469228055,2.4849066497880004,3.091042453358316,2.3978952727983707,-0.6931471805599453,2.197224577336219,1.0986122886681096,2.772588722239781,-0.6931471805599453,-0.6931471805599453,-0.6931471805599453,0.6931471805599453,-0.6931471805599453,3.688879454113936,0.0,2.5649493574615367,1.0986122886681096,-0.6931471805599453,0.0,2.6390573296152584,2.70805020110221,1.3862943611198906,-0.6931471805599453,1.9459101490553128,-0.6931471805599453,-0.6931471805599453,-0.6931471805599453,2.772588722239781,3.6375861597263857,2.3978952727983707,0.0,0.0,1.3862943611198906,-0.6931471805599453,4.219507705176107,0.6931471805599453,3.610917912644224,-0.6931471805599453,2.079441541679836,-0.6931471805599453,-0.6931471805599453,-0.6931471805599453,-0.6931471805599453,1.6094379124341005,4.859812404361672,0.6931471805599453,-0.6931471805599453,-0.6931471805599453,0.0,-0.6931471805599453,-0.6931471805599453,-0.6931471805599453,-0.6931471805599453,-0.6931471805599453,1.3862943611198906,-0.6931471805599453,0.0,2.9444389791664403,-0.6931471805599453,-0.6931471805599453,2.3978952727983707,3.713572066704308,-0.6931471805599453,4.605170185988091,-0.6931471805599453,-0.6931471805599453,-0.6931471805599453,3.688879454113936,1.3862943611198906,-0.6931471805599453,1.9459101490553128,2.6390573296152584,-0.6931471805599453,-0.6931471805599453,0.6931471805599453,2.3978952727983707,-0.6931471805599453,-0.6931471805599453,2.833213344056216,0.6931471805599453,-0.6931471805599453,1.3862943611198906,0.6931471805599453,0.0,2.9444389791664403,-0.6931471805599453,-0.6931471805599453,0.0,1.791759469228055,-0.6931471805599453,0.6931471805599453,3.044522437723423,0.0,2.3978952727983707,3.9318256327243257
ERR260263,0,1.0986122886681096,-0.6931471805599453,-0.6931471805599453,0.0,-0.6931471805599453,1.0986122886681096,1.3862943611198906,-0.6931471805599453,0.6931471805599453,1.791759469228055,2.5649493574615367,-0.6931471805599453,0.0,1.791759469228055,2.3978952727983707,-0.6931471805599453,1.791759469228055,1.3862943611198906,0.0,-0.6931471805599453,1.0986122886681096,0.6931471805599453,-0.6931471805599453,1.791759469228055,3.526360524616161,0.6931471805599453,0.0,2.197224577336219,2.079441541679836,0.0,-0.6931471805599453,-0.6931471805599453,2.3978952727983707,-0.6931471805599453,-0.6931471805599453,1.791759469228055,0.0,0.6931471805599453,1.791759469228055,1.3862943611198906,0.0,1.6094379124341005,2.6390573296152584,-0.6931471805599453,2.4849066497880004,-0.6931471805599453,0.0,2.70805020110221,-0.6931471805599453,4.262679877041316,-0.6931471805599453,0.6931471805599453,0.0,0.6931471805599453,0.6931471805599453,-0.6931471805599453,1.9459101490553128,-0.6931471805599453,0.0,1.0986122886681096,0.0,-0.6931471805599453,0.6931471805599453,1.9459101490553128,-0.6931471805599453,1.0986122886681096,0.6931471805599453,2.197224577336219,-0.6931471805599453,3.7612001156935615,0.0,-0.6931471805599453,-0.6931471805599453,2.9444389791664403,1.3862943611198906,0.0,0.0,1.6094379124341005,-0.6931471805599453,-0.6931471805599453,2.995732273553991,-0.6931471805599453,3.044522437723423,-0.6931471805599453,-0.6931471805599453,-0.6931471805599453,-0.6931471805599453,0.6931471805599453,0.0,0.6931471805599453,-0.6931471805599453,-0.6931471805599453,-0.6931471805599453,1.9459101490553128,-0.6931471805599453,2.70805020110221,-0.6931471805599453,-0.6931471805599453,-0.6931471805599453,2.772588722239781,-0.6931471805599453,-0.6931471805599453,-0.6931471805599453,2.4849066497880004,0.6931471805599453,-0.6931471805599453,1.791759469228055,2.3978952727983707,1.3862943611198906,-0.6931471805599453,1.9459101490553128,1.9459101490553128,0.0,-0.6931471805599453,0.0,1.791759469228055,0.0,2.197224577336219,1.0986122886681096,2.6390573296152584,2.5649493574615367,1.0986122886681096,-0.6931471805599453,1.0986122886681096,0.6931471805599453,-0.6931471805599453,3.1780538303479453,-0.6931471805599453,0.6931471805599453,-0.6931471805599453,-0.6931471805599453,0.6931471805599453,-0.6931471805599453,2.4849066497880004,2.6390573296152584,1.9459101490553128,1.3862943611198906,2.079441541679836,-0.6931471805599453,2.079441541679836,-0.6931471805599453,2.302585092994045,1.791759469228055,3.988984046564274,0.0,1.6094379124341005,-0.6931471805599453,1.3862943611198906,1.9459101490553128,4.356708826689592,1.791759469228055,-0.6931471805599453,0.0,1.791759469228055,1.791759469228055,1.6094379124341005,-0.6931471805599453,-0.6931471805599453,-0.6931471805599453,-0.6931471805599453,-0.6931471805599453,-0.6931471805599453,0.6931471805599453,-0.6931471805599453,-0.6931471805599453,0.0,-0.6931471805599453,0.0,2.302585092994045,-0.6931471805599453,2.197224577336219,0.6931471805599453,-0.6931471805599453,1.791759469228055,-0.6931471805599453,2.079441541679836,3.784189633918261,0.0,-0.6931471805599453,1.0986122886681096,1.9459101490553128,0.0,2.079441541679836,0.0,3.091042453358316,-0.6931471805599453,0.0,-0.6931471805599453,1.3862943611198906,2.8903717578961645,-0.6931471805599453,0.6931471805599453,1.0986122886681096,1.791759469228055,2.833213344056216,1.9459101490553128,1.791759469228055,-0.6931471805599453,3.044522437723423,4.290459441148391
ERR260264,0,-0.6931471805599453,3.713572066704308,-0.6931471805599453,0.0,1.3862943611198906,2.197224577336219,-0.6931471805599453,-0.6931471805599453,0.6931471805599453,0.6931471805599453,1.6094379124341005,0.6931471805599453,-0.6931471805599453,1.6094379124341005,0.6931471805599453,0.6931471805599453,1.0986122886681096,1.0986122886681096,2.079441541679836,-0.6931471805599453,-0.6931471805599453,-0.6931471805599453,0.6931471805599453,0.6931471805599453,2.079441541679836,0.0,-0.6931471805599453,0.0,-0.6931471805599453,-0.6931471805599453,-0.6931471805599453,-0.6931471805599453,0.0,0.0,-0.6931471805599453,0.6931471805599453,2.995732273553991,-0.6931471805599453,-0.6931471805599453,2.5649493574615367,-0.6931471805599453,2.6390573296152584,1.6094379124341005,1.791759469228055,1.3862943611198906,-0.6931471805599453,0.6931471805599453,0.0,1.9459101490553128,2.70805020110221,-0.6931471805599453,1.3862943611198906,0.0,0.6931471805599453,1.0986122886681096,-0.6931471805599453,1.0986122886681096,-0.6931471805599453,-0.6931471805599453,-0.6931471805599453,-0.6931471805599453,-0.6931471805599453,-0.6931471805599453,-0.6931471805599453,-0.6931471805599453,0.0,-0.6931471805599453,-0.6931471805599453,-0.6931471805599453,3.4339872044851463,3.1780538303479453,-0.6931471805599453,0.0,1.0986122886681096,-0.6931471805599453,-0.6931471805599453,1.791759469228055,1.3862943611198906,1.791759469228055,-0.6931471805599453,1.0986122886681096,-0.6931471805599453,1.0986122886681096,-0.6931471805599453,-0.6931471805599453,-0.6931471805599453,1.6094379124341005,3.2580965380214817,1.3862943611198906,-0.6931471805599453,-0.6931471805599453,3.4657359027997265,-0.6931471805599453,0.0,-0.6931471805599453,2.079441541679836,-0.6931471805599453,0.0,3.2580965380214817,1.3862943611198906,0.6931471805599453,-0.6931471805599453,-0.6931471805599453,2.079441541679836,-0.6931471805599453,-0.6931471805599453,1.3862943611198906,2.772588722239781,2.079441541679836,-0.6931471805599453,1.3862943611198906,0.6931471805599453,0.6931471805599453,-0.6931471805599453,0.6931471805599453,-0.6931471805599453,0.0,0.0,3.526360524616161,1.0986122886681096,1.791759469228055,0.0,-0.6931471805599453,-0.6931471805599453,-0.6931471805599453,-0.6931471805599453,1.791759469228055,-0.6931471805599453,1.3862943611198906,0.0,-0.6931471805599453,0.6931471805599453,-0.6931471805599453,4.382026634673881,2.5649493574615367,-0.6931471805599453,0.0,2.302585092994045,1.0986122886681096,3.2580965380214817,0.6931471805599453,1.6094379124341005,0.0,2.5649493574615367,-0.6931471805599453,2.079441541679836,-0.6931471805599453,1.0986122886681096,3.8501476017100575,4.934473933130692,1.791759469228055,-0.6931471805599453,-0.6931471805599453,1.0986122886681096,-0.6931471805599453,0.0,1.0986122886681096,-0.6931471805599453,0.0,-0.6931471805599453,-0.6931471805599453,-0.6931471805599453,0.0,-0.6931471805599453,2.197224577336219,-0.6931471805599453,2.079441541679836,0.0,2.772588722239781,-0.6931471805599453,-0.6931471805599453,0.6931471805599453,-0.6931471805599453,2.197224577336219,1.791759469228055,-0.6931471805599453,2.4849066497880004,-0.6931471805599453,2.5649493574615367,3.3672958299864737,3.4339872044851463,-0.6931471805599453,1.0986122886681096,1.3862943611198906,1.6094379124341005,-0.6931471805599453,2.302585092994045,-0.6931471805599453,0.6931471805599453,4.189654742026425,-0.6931471805599453,-0.6931471805599453,-0.6931471805599453,1.0986122886681096,0.0,2.197224577336219,-0.6931471805599453,0.0,2.302585092994045,3.6375861597263857
ERR260265,0,0.6931471805599453,1.791759469228055,-0.6931471805599453,0.0,0.0,1.0986122886681096,-0.6931471805599453,-0.6931471805599453,-0.6931471805599453,2.079441541679836,-0.6931471805599453,-0.6931471805599453,-0.6931471805599453,-0.6931471805599453,0.6931471805599453,-0.6931471805599453,0.0,1.3862943611198906,1.3862943611198906,-0.6931471805599453,1.3862943611198906,-0.6931471805599453,0.0,2.197224577336219,2.4849066497880004,-0.6931471805599453,0.0,0.0,0.6931471805599453,-0.6931471805599453,0.0,-0.6931471805599453,1.0986122886681096,0.0,-0.6931471805599453,1.9459101490553128,2.995732273553991,0.0,0.6931471805599453,-0.6931471805599453,-0.6931471805599453,2.079441541679836,2.079441541679836,1.3862943611198906,2.9444389791664403,0.6931471805599453,-0.6931471805599453,1.0986122886681096,2.302585092994045,3.8712010109078903,-0.6931471805599453,-0.6931471805599453,-0.6931471805599453,-0.6931471805599453,0.0,-0.6931471805599453,-0.6931471805599453,-0.6931471805599453,0.6931471805599453,-0.6931471805599453,0.6931471805599453,-0.6931471805599453,1.3862943611198906,0.6931471805599453,-0.6931471805599453,-0.6931471805599453,-0.6931471805599453,-0.6931471805599453,-0.6931471805599453,3.1354942159291497,-0.6931471805599453,-0.6931471805599453,-0.6931471805599453,-0.6931471805599453,0.0,-0.6931471805599453,1.3862943611198906,0.6931471805599453,1.0986122886681096,-0.6931471805599453,2.4849066497880004,0.0,2.3978952727983707,-0.6931471805599453,4.174387269895637,0.6931471805599453,-0.6931471805599453,2.302585092994045,1.791759469228055,0.6931471805599453,-0.6931471805599453,-0.6931471805599453,-0.6931471805599453,0.6931471805599453,-0.6931471805599453,1.9459101490553128,-0.6931471805599453,-0.6931471805599453,-0.6931471805599453,1.3862943611198906,-0.6931471805599453,-0.6931471805599453,-0.6931471805599453,0.0,-0.6931471805599453,-0.6931471805599453,0.0,1.6094379124341005,1.9459101490553128,-0.6931471805599453,-0.6931471805599453,1.3862943611198906,0.0,-0.6931471805599453,-0.6931471805599453,0.6931471805599453,0.0,1.3862943611198906,2.3978952727983707,-0.6931471805599453,1.3862943611198906,-0.6931471805599453,-0.6931471805599453,0.0,0.0,-0.6931471805599453,1.0986122886681096,0.0,0.0,0.0,-0.6931471805599453,-0.6931471805599453,-0.6931471805599453,2.197224577336219,1.791759469228055,-0.6931471805599453,0.0,0.6931471805599453,0.6931471805599453,2.8903717578961645,0.0,2.302585092994045,-0.6931471805599453,2.8903717578961645,-0.6931471805599453,1.6094379124341005,-0.6931471805599453,-0.6931471805599453,2.302585092994045,4.882801922586371,1.3862943611198906,-0.6931471805599453,-0.6931471805599453,0.6931471805599453,0.6931471805599453,0.0,-0.6931471805599453,-0.6931471805599453,-0.6931471805599453,-0.6931471805599453,-0.6931471805599453,0.0,1.3862943611198906,-0.6931471805599453,2.5649493574615367,-0.6931471805599453,-0.6931471805599453,-0.6931471805599453,3.555348061489413,3.295836866004329,-0.6931471805599453,0.0,-0.6931471805599453,-0.6931471805599453,1.0986122886681096,1.3862943611198906,2.772588722239781,-0.6931471805599453,-0.6931471805599453,0.0,2.197224577336219,-0.6931471805599453,0.6931471805599453,1.791759469228055,3.044522437723423,-0.6931471805599453,0.0,-0.6931471805599453,2.079441541679836,2.70805020110221,-0.6931471805599453,0.0,1.3862943611198906,-0.6931471805599453,1.3862943611198906,2.079441541679836,-0.6931471805599453,0.6931471805599453,2.6390573296152584,4.174387269895637
ERR260266,0,2.079441541679836,-0.6931471805599453,-0.6931471805599453,1.0986122886681096,0.0,3.091042453358316,-0.6931471805599453,-0.6931471805599453,2.5649493574615367,2.833213344056216,1.791759469228055,-0.6931471805599453,1.0986122886681096,0.6931471805599453,1.0986122886681096,1.791759469228055,-0.6931471805599453,2.5649493574615367,-0.6931471805599453,-0.6931471805599453,2.4849066497880004,2.3978952727983707,0.6931471805599453,3.49650756146648,3.80666248977032,-0.6931471805599453,0.0,2.5649493574615367,-0.6931471805599453,1.0986122886681096,0.6931471805599453,2.197224577336219,1.9459101490553128,-0.6931471805599453,-0.6931471805599453,3.1354942159291497,-0.6931471805599453,2.079441541679836,1.0986122886681096,-0.6931471805599453,0.0,2.995732273553991,3.044522437723423,-0.6931471805599453,-0.6931471805599453,0.0,0.0,-0.6931471805599453,-0.6931471805599453,4.3694478524670215,0.0,2.079441541679836,-0.6931471805599453,1.3862943611198906,2.772588722239781,-0.6931471805599453,0.6931471805599453,-0.6931471805599453,2.833213344056216,-0.6931471805599453,-0.6931471805599453,-0.6931471805599453,0.0,-0.6931471805599453,-0.6931471805599453,2.5649493574615367,0.0,-0.6931471805599453,-0.6931471805599453,3.8501476017100575,-0.6931471805599453,-0.6931471805599453,-0.6931471805599453,0.0,-0.6931471805599453,-0.6931471805599453,-0.6931471805599453,0.0,-0.6931471805599453,-0.6931471805599453,2.8903717578961645,1.0986122886681096,2.302585092994045,1.3862943611198906,-0.6931471805599453,1.3862943611198906,1.3862943611198906,-0.6931471805599453,0.6931471805599453,-0.6931471805599453,-0.6931471805599453,-0.6931471805599453,-0.6931471805599453,0.0,-0.6931471805599453,2.995732273553991,-0.6931471805599453,-0.6931471805599453,-0.6931471805599453,2.9444389791664403,-0.6931471805599453,-0.6931471805599453,-0.6931471805599453,2.197224577336219,2.6390573296152584,-0.6931471805599453,2.197224577336219,1.791759469228055,0.6931471805599453,-0.6931471805599453,2.3978952727983707,0.6931471805599453,-0.6931471805599453,-0.6931471805599453,-0.6931471805599453,-0.6931471805599453,-0.6931471805599453,2.6390573296152584,2.9444389791664403,1.9459101490553128,2.995732273553991,0.0,2.302585092994045,1.9459101490553128,3.1780538303479453,-0.6931471805599453,2.833213344056216,-0.6931471805599453,-0.6931471805599453,0.0,-0.6931471805599453,1.0986122886681096,-0.6931471805599453,1.6094379124341005,0.0,-0.6931471805599453,0.6931471805599453,3.218875824868201,0.0,-0.6931471805599453,2.079441541679836,-0.6931471805599453,1.0986122886681096,3.295836866004329,1.0986122886681096,0.0,-0.6931471805599453,-0.6931471805599453,0.6931471805599453,5.181783550292085,1.9459101490553128,-0.6931471805599453,-0.6931471805599453,1.6094379124341005,-0.6931471805599453,0.0,-0.6931471805599453,-0.6931471805599453,-0.6931471805599453,0.6931471805599453,-0.6931471805599453,0.6931471805599453,-0.6931471805599453,-0.6931471805599453,-0.6931471805599453,2.302585092994045,-0.6931471805599453,-0.6931471805599453,0.6931471805599453,-0.6931471805599453,-0.6931471805599453,1.6094379124341005,-0.6931471805599453,0.6931471805599453,-0.6931471805599453,0.0,2.833213344056216,0.0,-0.6931471805599453,-0.6931471805599453,2.302585092994045,-0.6931471805599453,-0.6931471805599453,-0.6931471805599453,2.197224577336219,0.0,1.0986122886681096,-0.6931471805599453,-0.6931471805599453,2.5649493574615367,-0.6931471805599453,0.0,1.0986122886681096,2.3978952727983707,2.197224577336219,2.079441541679836,3.6635616461296463,-0.6931471805599453,2.302585092994045,4.23410650459726
ERR260267,0,0.0,0.0,0.0,0.6931471805599453,0.0,3.091042453358316,0.0,-0.6931471805599453,0.0,1.0986122886681096,0.6931471805599453,-0.6931471805599453,0.0,-0.6931471805599453,2.9444389791664403,-0.6931471805599453,0.0,1.6094379124341005,-0.6931471805599453,-0.6931471805599453,-0.6931471805599453,0.6931471805599453,-0.6931471805599453,0.0,2.3978952727983707,1.3862943611198906,-0.6931471805599453,0.6931471805599453,2.8903717578961645,2.6390573296152584,-0.6931471805599453,-0.6931471805599453,0.0,-0.6931471805599453,-0.6931471805599453,2.079441541679836,-0.6931471805599453,0.0,1.0986122886681096,0.0,1.0986122886681096,2.6390573296152584,3.951243718581427,-0.6931471805599453,3.713572066704308,-0.6931471805599453,-0.6931471805599453,1.791759469228055,1.0986122886681096,4.07753744390572,-0.6931471805599453,0.6931471805599453,0.0,-0.6931471805599453,1.0986122886681096,-0.6931471805599453,1.3862943611198906,-0.6931471805599453,0.0,-0.6931471805599453,-0.6931471805599453,0.0,1.0986122886681096,0.0,-0.6931471805599453,0.6931471805599453,-0.6931471805599453,-0.6931471805599453,-0.6931471805599453,4.025351690735149,-0.6931471805599453,-0.6931471805599453,-0.6931471805599453,0.6931471805599453,-0.6931471805599453,0.0,0.0,1.791759469228055,1.0986122886681096,0.0,1.9459101490553128,-0.6931471805599453,2.70805020110221,-0.6931471805599453,0.0,-0.6931471805599453,0.6931471805599453,-0.6931471805599453,1.0986122886681096,0.0,-0.6931471805599453,1.791759469228055,-0.6931471805599453,3.1780538303479453,-0.6931471805599453,3.332204510175204,0.0,-0.6931471805599453,-0.6931471805599453,-0.6931471805599453,-0.6931471805599453,-0.6931471805599453,-0.6931471805599453,3.044522437723423,-0.6931471805599453,0.6931471805599453,1.6094379124341005,2.5649493574615367,1.0986122886681096,-0.6931471805599453,-0.6931471805599453,-0.6931471805599453,1.3862943611198906,-0.6931471805599453,1.791759469228055,2.4849066497880004,0.6931471805599453,-0.6931471805599453,2.4849066497880004,2.833213344056216,2.9444389791664403,-0.6931471805599453,-0.6931471805599453,0.0,1.3862943611198906,2.6390573296152584,3.295836866004329,0.0,0.0,0.0,-0.6931471805599453,-0.6931471805599453,-0.6931471805599453,3.091042453358316,1.6094379124341005,2.302585092994045,-0.6931471805599453,2.302585092994045,-0.6931471805599453,1.0986122886681096,1.3862943611198906,1.3862943611198906,-0.6931471805599453,3.4011973816621555,-0.6931471805599453,2.197224577336219,-0.6931471805599453,1.3862943611198906,1.3862943611198906,4.574710978503383,0.6931471805599453,-0.6931471805599453,-0.6931471805599453,3.091042453358316,-0.6931471805599453,1.6094379124341005,-0.6931471805599453,-0.6931471805599453,-0.6931471805599453,-0.6931471805599453,-0.6931471805599453,-0.6931471805599453,1.791759469228055,-0.6931471805599453,-0.6931471805599453,1.0986122886681096,2.079441541679836,-0.6931471805599453,-0.6931471805599453,0.0,2.772588722239781,0.6931471805599453,-0.6931471805599453,1.6094379124341005,-0.6931471805599453,1.3862943611198906,4.23410650459726,0.0,-0.6931471805599453,0.0,1.791759469228055,-0.6931471805599453,2.70805020110221,1.3862943611198906,3.737669618283368,-0.6931471805599453,0.0,1.9459101490553128,1.791759469228055,3.332204510175204,-0.6931471805599453,2.302585092994045,0.0,-0.6931471805599453,0.6931471805599453,2.079441541679836,2.833213344056216,-0.6931471805599453,3.6635616461296463,4.262679877041316
ERR260268,0,-0.6931471805599453,-0.6931471805599453,-0.6931471805599453,0.0,-0.6931471805599453,-0.6931471805599453,-0.6931471805599453,-0.6931471805599453,-0.6931471805599453,-0.6931471805599453,-0.6931471805599453,-0.6931471805599453,-0.6931471805599453,0.0,-0.6931471805599453,-0.6931471805599453,-0.6931471805599453,-0.6931471805599453,-0.6931471805599453,-0.6931471805599453,-0.6931471805599453,-0.6931471805599453,-0.6931471805599453,0.0,0.0,-0.6931471805599453,-0.6931471805599453,-0.6931471805599453,-0.6931471805599453,-0.6931471805599453,-0.6931471805599453,-0.6931471805599453,-0.6931471805599453,-0.6931471805599453,-0.6931471805599453,-0.6931471805599453,1.0986122886681096,0.6931471805599453,-0.6931471805599453,0.0,-0.6931471805599453,-0.6931471805599453,-0.6931471805599453,-0.6931471805599453,-0.6931471805599453,-0.6931471805599453,-0.6931471805599453,-0.6931471805599453,-0.6931471805599453,0.0,-0.6931471805599453,-0.6931471805599453,0.0,-0.6931471805599453,-0.6931471805599453,-0.6931471805599453,-0.6931471805599453,-0.6931471805599453,-0.6931471805599453,-0.6931471805599453,-0.6931471805599453,-0.6931471805599453,-0.6931471805599453,-0.6931471805599453,0.0,-0.6931471805599453,-0.6931471805599453,-0.6931471805599453,-0.6931471805599453,0.6931471805599453,-0.6931471805599453,-0.6931471805599453,-0.6931471805599453,0.6931471805599453,-0.6931471805599453,-0.6931471805599453,-0.6931471805599453,-0.6931471805599453,0.0,-0.6931471805599453,-0.6931471805599453,-0.6931471805599453,-0.6931471805599453,-0.6931471805599453,-0.6931471805599453,-0.6931471805599453,-0.6931471805599453,-0.6931471805599453,-0.6931471805599453,0.0,-0.6931471805599453,-0.6931471805599453,-0.6931471805599453,-0.6931471805599453,-0.6931471805599453,0.0,0.0,-0.6931471805599453,-0.6931471805599453,0.0,-0.6931471805599453,-0.6931471805599453,-0.6931471805599453,-0.6931471805599453,-0.6931471805599453,0.0,0.0,-0.6931471805599453,0.0,-0.6931471805599453,-0.6931471805599453,-0.6931471805599453,-0.6931471805599453,0.6931471805599453,0.0,0.0,-0.6931471805599453,-0.6931471805599453,0.0,0.6931471805599453,0.0,-0.6931471805599453,0.0,-0.6931471805599453,-0.6931471805599453,-0.6931471805599453,0.0,-0.6931471805599453,0.0,-0.6931471805599453,-0.6931471805599453,-0.6931471805599453,-0.6931471805599453,0.6931471805599453,-0.6931471805599453,-0.6931471805599453,-0.6931471805599453,0.0,-0.6931471805599453,0.0,-0.6931471805599453,0.0,-0.6931471805599453,-0.6931471805599453,-0.6931471805599453,1.0986122886681096,-0.6931471805599453,-0.6931471805599453,0.6931471805599453,2.6390573296152584,-0.6931471805599453,-0.6931471805599453,-0.6931471805599453,-0.6931471805599453,-0.6931471805599453,-0.6931471805599453,-0.6931471805599453,-0.6931471805599453,-0.6931471805599453,-0.6931471805599453,-0.6931471805599453,-0.6931471805599453,0.0,-0.6931471805599453,-0.6931471805599453,-0.6931471805599453,1.3862943611198906,-0.6931471805599453,-0.6931471805599453,-0.6931471805599453,-0.6931471805599453,0.0,0.0,-0.6931471805599453,0.6931471805599453,0.0,-0.6931471805599453,-0.6931471805599453,0.0,-0.6931471805599453,-0.6931471805599453,-0.6931471805599453,-0.6931471805599453,0.0,1.3862943611198906,-0.6931471805599453,-0.6931471805599453,-0.6931471805599453,-0.6931471805599453,1.0986122886681096,-0.6931471805599453,-0.6931471805599453,0.6931471805599453,-0.6931471805599453,0.0,1.0986122886681096,-0.6931471805599453,-0.6931471805599453,0.6931471805599453,1.791759469228055
ERR260270,1,0.0,-0.6931471805599453,-0.6931471805599453,0.0,0.6931471805599453,0.0,-0.6931471805599453,1.0986122886681096,0.0,0.6931471805599453,-0.6931471805599453,-0.6931471805599453,-0.6931471805599453,-0.6931471805599453,0.6931471805599453,-0.6931471805599453,0.6931471805599453,-0.6931471805599453,-0.6931471805599453,-0.6931471805599453,-0.6931471805599453,-0.6931471805599453,-0.6931471805599453,-0.6931471805599453,1.791759469228055,-0.6931471805599453,-0.6931471805599453,0.0,0.0,0.6931471805599453,-0.6931471805599453,-0.6931471805599453,-0.6931471805599453,-0.6931471805599453,-0.6931471805599453,-0.6931471805599453,-0.6931471805599453,-0.6931471805599453,-0.6931471805599453,-0.6931471805599453,-0.6931471805599453,0.6931471805599453,1.3862943611198906,0.0,0.0,0.0,0.6931471805599453,0.0,0.0,1.791759469228055,-0.6931471805599453,1.0986122886681096,-0.6931471805599453,-0.6931471805599453,-0.6931471805599453,-0.6931471805599453,0.0,-0.6931471805599453,-0.6931471805599453,-0.6931471805599453,0.0,-0.6931471805599453,-0.6931471805599453,0.0,-0.6931471805599453,1.0986122886681096,-0.6931471805599453,-0.6931471805599453,-0.6931471805599453,0.6931471805599453,-0.6931471805599453,-0.6931471805599453,-0.6931471805599453,-0.6931471805599453,-0.6931471805599453,-0.6931471805599453,-0.6931471805599453,0.0,-0.6931471805599453,-0.6931471805599453,0.0,-0.6931471805599453,-0.6931471805599453,-0.6931471805599453,-0.6931471805599453,-0.6931471805599453,-0.6931471805599453,-0.6931471805599453,-0.6931471805599453,-0.6931471805599453,-0.6931471805599453,-0.6931471805599453,-0.6931471805599453,-0.6931471805599453,-0.6931471805599453,0.6931471805599453,-0.6931471805599453,-0.6931471805599453,-0.6931471805599453,-0.6931471805599453,-0.6931471805599453,-0.6931471805599453,-0.6931471805599453,-0.6931471805599453,-0.6931471805599453,-0.6931471805599453,0.0,0.0,-0.6931471805599453,-0.6931471805599453,0.0,1.0986122886681096,0.6931471805599453,-0.6931471805599453,1.0986122886681096,-0.6931471805599453,-0.6931471805599453,0.6931471805599453,0.6931471805599453,-0.6931471805599453,-0.6931471805599453,-0.6931471805599453,-0.6931471805599453,-0.6931471805599453,-0.6931471805599453,-0.6931471805599453,1.9459101490553128,-0.6931471805599453,-0.6931471805599453,-0.6931471805599453,-0.6931471805599453,-0.6931471805599453,-0.6931471805599453,1.3862943611198906,-0.6931471805599453,-0.6931471805599453,-0.6931471805599453,0.0,-0.6931471805599453,-0.6931471805599453,-0.6931471805599453,-0.6931471805599453,-0.6931471805599453,1.0986122886681096,-0.6931471805599453,-0.6931471805599453,-0.6931471805599453,-0.6931471805599453,-0.6931471805599453,3.1780538303479453,-0.6931471805599453,-0.6931471805599453,-0.6931471805599453,0.0,-0.6931471805599453,-0.6931471805599453,-0.6931471805599453,-0.6931471805599453,-0.6931471805599453,-0.6931471805599453,-0.6931471805599453,-0.6931471805599453,1.6094379124341005,-0.6931471805599453,-0.6931471805599453,-0.6931471805599453,3.1354942159291497,-0.6931471805599453,2.6390573296152584,-0.6931471805599453,-0.6931471805599453,-0.6931471805599453,-0.6931471805599453,1.0986122886681096,-0.6931471805599453,-0.6931471805599453,2.079441541679836,-0.6931471805599453,-0.6931471805599453,-0.6931471805599453,-0.6931471805599453,-0.6931471805599453,-0.6931471805599453,0.6931471805599453,0.6931471805599453,-0.6931471805599453,-0.6931471805599453,-0.6931471805599453,-0.6931471805599453,1.0986122886681096,-0.6931471805599453,-0.6931471805599453,-0.6931471805599453,-0.6931471805599453,0.0,-0.6931471805599453,-0.6931471805599453,-0.6931471805599453,0.0,1.791759469228055
ERR260271,1,0.0,-0.6931471805599453,-0.6931471805599453,-0.6931471805599453,0.0,-0.6931471805599453,-0.6931471805599453,0.0,-0.6931471805599453,1.3862943611198906,-0.6931471805599453,-0.6931471805599453,-0.6931471805599453,-0.6931471805599453,0.0,0.0,0.0,-0.6931471805599453,-0.6931471805599453,-0.6931471805599453,-0.6931471805599453,-0.6931471805599453,-0.6931471805599453,-0.6931471805599453,1.0986122886681096,-0.6931471805599453,-0.6931471805599453,0.0,-0.6931471805599453,0.0,-0.6931471805599453,0.0,0.0,0.0,-0.6931471805599453,1.3862943611198906,0.6931471805599453,-0.6931471805599453,-0.6931471805599453,-0.6931471805599453,-0.6931471805599453,0.6931471805599453,-0.6931471805599453,-0.6931471805599453,1.0986122886681096,-0.6931471805599453,-0.6931471805599453,0.6931471805599453,0.0,2.6390573296152584,-0.6931471805599453,-0.6931471805599453,-0.6931471805599453,-0.6931471805599453,0.0,-0.6931471805599453,0.0,-0.6931471805599453,-0.6931471805599453,-0.6931471805599453,-0.6931471805599453,-0.6931471805599453,-0.6931471805599453,0.0,-0.6931471805599453,-0.6931471805599453,-0.6931471805599453,-0.6931471805599453,-0.6931471805599453,0.0,-0.6931471805599453,-0.6931471805599453,-0.6931471805599453,-0.6931471805599453,-0.6931471805599453,0.0,-0.6931471805599453,0.0,-0.6931471805599453,-0.6931471805599453,0.0,-0.6931471805599453,0.0,-0.6931471805599453,-0.6931471805599453,-0.6931471805599453,-0.6931471805599453,0.0,-0.6931471805599453,-0.6931471805599453,0.0,-0.6931471805599453,-0.6931471805599453,-0.6931471805599453,-0.6931471805599453,-0.6931471805599453,-0.6931471805599453,-0.6931471805599453,-0.6931471805599453,-0.6931471805599453,-0.6931471805599453,-0.6931471805599453,-0.6931471805599453,-0.6931471805599453,0.6931471805599453,-0.6931471805599453,-0.6931471805599453,0.0,0.6931471805599453,-0.6931471805599453,-0.6931471805599453,0.0,-0.6931471805599453,-0.6931471805599453,-0.6931471805599453,1.3862943611198906,-0.6931471805599453,-0.6931471805599453,0.0,-0.6931471805599453,0.0,-0.6931471805599453,-0.6931471805599453,0.0,0.6931471805599453,0.6931471805599453,0.6931471805599453,-0.6931471805599453,-0.6931471805599453,0.0,-0.6931471805599453,-0.6931471805599453,-0.6931471805599453,1.3862943611198906,-0.6931471805599453,0.0,-0.6931471805599453,-0.6931471805599453,-0.6931471805599453,0.0,-0.6931471805599453,-0.6931471805599453,0.0,1.3862943611198906,0.0,-0.6931471805599453,-0.6931471805599453,-0.6931471805599453,-0.6931471805599453,3.218875824868201,-0.6931471805599453,-0.6931471805599453,-0.6931471805599453,-0.6931471805599453,-0.6931471805599453,-0.6931471805599453,-0.6931471805599453,-0.6931471805599453,-0.6931471805599453,-0.6931471805599453,-0.6931471805599453,-0.6931471805599453,-0.6931471805599453,-0.6931471805599453,0.6931471805599453,-0.6931471805599453,-0.6931471805599453,-0.6931471805599453,-0.6931471805599453,-0.6931471805599453,-0.6931471805599453,-0.6931471805599453,-0.6931471805599453,1.0986122886681096,-0.6931471805599453,-0.6931471805599453,-0.6931471805599453,-0.6931471805599453,-0.6931471805599453,0.0,-0.6931471805599453,-0.6931471805599453,0.0,-0.6931471805599453,1.791759469228055,-0.6931471805599453,0.0,-0.6931471805599453,-0.6931471805599453,0.0,-0.6931471805599453,-0.6931471805599453,-0.6931471805599453,-0.6931471805599453,0.6931471805599453,0.6931471805599453,-0.6931471805599453,-0.6931471805599453,0.0,1.791759469228055
ERR260273,1,-0.6931471805599453,-0.6931471805599453,-0.6931471805599453,-0.6931471805599453,-0.6931471805599453,-0.6931471805599453,-0.6931471805599453,-0.6931471805599453,-0.6931471805599453,0.0,-0.6931471805599453,0.6931471805599453,-0.6931471805599453,-0.6931471805599453,-0.6931471805599453,-0.6931471805599453,0.0,-0.6931471805599453,-0.6931471805599453,-0.6931471805599453,1.3862943611198906,-0.6931471805599453,-0.6931471805599453,1.0986122886681096,0.6931471805599453,-0.6931471805599453,-0.6931471805599453,-0.6931471805599453,-0.6931471805599453,-0.6931471805599453,0.0,-0.6931471805599453,-0.6931471805599453,-0.6931471805599453,-0.6931471805599453,1.0986122886681096,1.3862943611198906,-0.6931471805599453,-0.6931471805599453,-0.6931471805599453,-0.6931471805599453,-0.6931471805599453,-0.6931471805599453,-0.6931471805599453,0.6931471805599453,-0.6931471805599453,-0.6931471805599453,1.0986122886681096,-0.6931471805599453,2.772588722239781,-0.6931471805599453,0.6931471805599453,-0.6931471805599453,-0.6931471805599453,-0.6931471805599453,-0.6931471805599453,0.0,-0.6931471805599453,0.6931471805599453,-0.6931471805599453,-0.6931471805599453,0.0,-0.6931471805599453,-0.6931471805599453,-0.6931471805599453,0.0,-0.6931471805599453,-0.6931471805599453,-0.6931471805599453,0.6931471805599453,-0.6931471805599453,-0.6931471805599453,-0.6931471805599453,-0.6931471805599453,0.0,-0.6931471805599453,-0.6931471805599453,-0.6931471805599453,-0.6931471805599453,-0.6931471805599453,0.6931471805599453,-0.6931471805599453,1.6094379124341005,-0.6931471805599453,-0.6931471805599453,-0.6931471805599453,-0.6931471805599453,-0.6931471805599453,-0.6931471805599453,-0.6931471805599453,-0.6931471805599453,-0.6931471805599453,-0.6931471805599453,1.6094379124341005,-0.6931471805599453,-0.6931471805599453,-0.6931471805599453,-0.6931471805599453,-0.6931471805599453,-0.6931471805599453,-0.6931471805599453,-0.6931471805599453,0.0,0.0,1.0986122886681096,-0.6931471805599453,0.0,0.6931471805599453,-0.6931471805599453,-0.6931471805599453,-0.6931471805599453,0.0,-0.6931471805599453,-0.6931471805599453,0.0,0.6931471805599453,-0.6931471805599453,-0.6931471805599453,-0.6931471805599453,0.0,0.6931471805599453,-0.6931471805599453,-0.6931471805599453,0.0,0.6931471805599453,-0.6931471805599453,1.6094379124341005,-0.6931471805599453,-0.6931471805599453,-0.6931471805599453,-0.6931471805599453,0.0,-0.6931471805599453,0.6931471805599453,-0.6931471805599453,0.6931471805599453,-0.6931471805599453,0.0,-0.6931471805599453,0.0,-0.6931471805599453,0.0,-0.6931471805599453,1.3862943611198906,-0.6931471805599453,-0.6931471805599453,-0.6931471805599453,-0.6931471805599453,-0.6931471805599453,2.4849066497880004,1.3862943611198906,-0.6931471805599453,-0.6931471805599453,-0.6931471805599453,-0.6931471805599453,-0.6931471805599453,-0.6931471805599453,-0.6931471805599453,-0.6931471805599453,-0.6931471805599453,-0.6931471805599453,-0.6931471805599453,-0.6931471805599453,-0.6931471805599453,0.0,-0.6931471805599453,-0.6931471805599453,-0.6931471805599453,-0.6931471805599453,-0.6931471805599453,-0.6931471805599453,-0.6931471805599453,-0.6931471805599453,1.3862943611198906,-0.6931471805599453,0.0,1.6094379124341005,-0.6931471805599453,-0.6931471805599453,-0.6931471805599453,0.0,-0.6931471805599453,-0.6931471805599453,-0.6931471805599453,1.6094379124341005,-0.6931471805599453,-0.6931471805599453,-0.6931471805599453,-0.6931471805599453,-0.6931471805599453,-0.6931471805599453,-0.6931471805599453,-0.6931471805599453,-0.6931471805599453,-0.6931471805599453,-0.6931471805599453,-0.6931471805599453,-0.6931471805599453,1.0986122886681096,2.302585092994045
ERR260274,1,-0.6931471805599453,-0.6931471805599453,-0.6931471805599453,0.6931471805599453,-0.6931471805599453,-0.6931471805599453,-0.6931471805599453,-0.6931471805599453,0.0,1.3862943611198906,0.0,-0.6931471805599453,-0.6931471805599453,-0.6931471805599453,-0.6931471805599453,-0.6931471805599453,0.6931471805599453,-0.6931471805599453,-0.6931471805599453,-0.6931471805599453,0.0,0.6931471805599453,-0.6931471805599453,0.0,2.3978952727983707,-0.6931471805599453,-0.6931471805599453,0.0,-0.6931471805599453,1.3862943611198906,-0.6931471805599453,0.6931471805599453,-0.6931471805599453,-0.6931471805599453,-0.6931471805599453,0.6931471805599453,-0.6931471805599453,1.3862943611198906,-0.6931471805599453,-0.6931471805599453,-0.6931471805599453,-0.6931471805599453,0.6931471805599453,-0.6931471805599453,-0.6931471805599453,1.3862943611198906,-0.6931471805599453,-0.6931471805599453,-0.6931471805599453,2.8903717578961645,-0.6931471805599453,0.0,-0.6931471805599453,-0.6931471805599453,1.0986122886681096,-0.6931471805599453,-0.6931471805599453,-0.6931471805599453,1.3862943611198906,-0.6931471805599453,-0.6931471805599453,-0.6931471805599453,-0.6931471805599453,-0.6931471805599453,-0.6931471805599453,1.0986122886681096,-0.6931471805599453,-0.6931471805599453,-0.6931471805599453,0.0,-0.6931471805599453,1.3862943611198906,-0.6931471805599453,-0.6931471805599453,1.0986122886681096,0.0,-0.6931471805599453,-0.6931471805599453,0.0,-0.6931471805599453,0.0,-0.6931471805599453,-0.6931471805599453,1.0986122886681096,-0.6931471805599453,-0.6931471805599453,-0.6931471805599453,-0.6931471805599453,-0.6931471805599453,-0.6931471805599453,-0.6931471805599453,-0.6931471805599453,-0.6931471805599453,-0.6931471805599453,-0.6931471805599453,1.791759469228055,-0.6931471805599453,-0.6931471805599453,-0.6931471805599453,-0.6931471805599453,-0.6931471805599453,-0.6931471805599453,0.6931471805599453,-0.6931471805599453,0.6931471805599453,-0.6931471805599453,-0.6931471805599453,0.0,-0.6931471805599453,-0.6931471805599453,0.0,-0.6931471805599453,0.0,-0.6931471805599453,-0.6931471805599453,-0.6931471805599453,-0.6931471805599453,0.6931471805599453,-0.6931471805599453,-0.6931471805599453,0.0,-0.6931471805599453,-0.6931471805599453,-0.6931471805599453,-0.6931471805599453,-0.6931471805599453,-0.6931471805599453,-0.6931471805599453,-0.6931471805599453,0.0,-0.6931471805599453,0.0,-0.6931471805599453,0.0,-0.6931471805599453,-0.6931471805599453,-0.6931471805599453,0.0,-0.6931471805599453,0.6931471805599453,-0.6931471805599453,0.0,-0.6931471805599453,1.3862943611198906,-0.6931471805599453,-0.6931471805599453,-0.6931471805599453,-0.6931471805599453,0.0,3.218875824868201,-0.6931471805599453,-0.6931471805599453,-0.6931471805599453,-0.6931471805599453,-0.6931471805599453,-0.6931471805599453,-0.6931471805599453,-0.6931471805599453,-0.6931471805599453,-0.6931471805599453,-0.6931471805599453,0.6931471805599453,0.0,-0.6931471805599453,-0.6931471805599453,-0.6931471805599453,0.0,0.6931471805599453,0.6931471805599453,-0.6931471805599453,-0.6931471805599453,-0.6931471805599453,-0.6931471805599453,-0.6931471805599453,0.0,1.0986122886681096,0.0,-0.6931471805599453,1.3862943611198906,-0.6931471805599453,1.6094379124341005,-0.6931471805599453,-0.6931471805599453,0.0,1.0986122886681096,-0.6931471805599453,-0.6931471805599453,-0.6931471805599453,-0.6931471805599453,1.0986122886681096,-0.6931471805599453,0.0,0.0,-0.6931471805599453,0.0,0.6931471805599453,-0.6931471805599453,-0.6931471805599453,0.0,3.044522437723423
ERR260276,1,1.9459101490553128,-0.6931471805599453,0.6931471805599453,1.791759469228055,1.3862943611198906,-0.6931471805599453,-0.6931471805599453,-0.6931471805599453,-0.6931471805599453,1.3862943611198906,-0.6931471805599453,-0.6931471805599453,-0.6931471805599453,-0.6931471805599453,-0.6931471805599453,-0.6931471805599453,0.0,-0.6931471805599453,-0.6931471805599453,-0.6931471805599453,2.079441541679836,1.0986122886681096,0.0,0.0,3.2580965380214817,-0.6931471805599453,-0.6931471805599453,1.791759469228055,-0.6931471805599453,-0.6931471805599453,0.0,2.079441541679836,-0.6931471805599453,-0.6931471805599453,-0.6931471805599453,2.079441541679836,-0.6931471805599453,1.791759469228055,-0.6931471805599453,-0.6931471805599453,0.0,-0.6931471805599453,-0.6931471805599453,0.6931471805599453,-0.6931471805599453,0.6931471805599453,-0.6931471805599453,-0.6931471805599453,0.0,2.772588722239781,-0.6931471805599453,-0.6931471805599453,-0.6931471805599453,-0.6931471805599453,1.9459101490553128,-0.6931471805599453,-0.6931471805599453,-0.6931471805599453,2.995732273553991,-0.6931471805599453,-0.6931471805599453,1.0986122886681096,-0.6931471805599453,-0.6931471805599453,-0.6931471805599453,1.0986122886681096,-0.6931471805599453,-0.6931471805599453,-0.6931471805599453,0.0,-0.6931471805599453,-0.6931471805599453,-0.6931471805599453,-0.6931471805599453,-0.6931471805599453,-0.6931471805599453,0.0,-0.6931471805599453,0.0,-0.6931471805599453,0.0,-0.6931471805599453,-0.6931471805599453,-0.6931471805599453,-0.6931471805599453,-0.6931471805599453,1.9459101490553128,-0.6931471805599453,-0.6931471805599453,-0.6931471805599453,-0.6931471805599453,-0.6931471805599453,-0.6931471805599453,-0.6931471805599453,-0.6931471805599453,-0.6931471805599453,-0.6931471805599453,-0.6931471805599453,-0.6931471805599453,-0.6931471805599453,-0.6931471805599453,-0.6931471805599453,-0.6931471805599453,0.0,1.6094379124341005,-0.6931471805599453,-0.6931471805599453,-0.6931471805599453,-0.6931471805599453,-0.6931471805599453,0.6931471805599453,0.0,0.6931471805599453,-0.6931471805599453,1.0986122886681096,-0.6931471805599453,-0.6931471805599453,-0.6931471805599453,1.9459101490553128,-0.6931471805599453,0.0,-0.6931471805599453,-0.6931471805599453,1.791759469228055,0.0,-0.6931471805599453,-0.6931471805599453,-0.6931471805599453,-0.6931471805599453,1.0986122886681096,-0.6931471805599453,0.6931471805599453,2.079441541679836,-0.6931471805599453,-0.6931471805599453,-0.6931471805599453,-0.6931471805599453,-0.6931471805599453,-0.6931471805599453,1.9459101490553128,-0.6931471805599453,0.6931471805599453,-0.6931471805599453,-0.6931471805599453,-0.6931471805599453,0.0,-0.6931471805599453,-0.6931471805599453,-0.6931471805599453,2.302585092994045,-0.6931471805599453,-0.6931471805599453,0.0,-0.6931471805599453,-0.6931471805599453,-0.6931471805599453,-0.6931471805599453,-0.6931471805599453,-0.6931471805599453,-0.6931471805599453,-0.6931471805599453,0.0,-0.6931471805599453,-0.6931471805599453,-0.6931471805599453,-0.6931471805599453,0.0,-0.6931471805599453,0.0,0.0,-0.6931471805599453,1.0986122886681096,-0.6931471805599453,-0.6931471805599453,1.3862943611198906,0.0,-0.6931471805599453,-0.6931471805599453,-0.6931471805599453,-0.6931471805599453,-0.6931471805599453,0.6931471805599453,-0.6931471805599453,1.6094379124341005,0.0,-0.6931471805599453,-0.6931471805599453,-0.6931471805599453,-0.6931471805599453,-0.6931471805599453,-0.6931471805599453,0.0,1.3862943611198906,-0.6931471805599453,-0.6931471805599453,-0.6931471805599453,1.0986122886681096,-0.6931471805599453,1.0986122886681096,2.833213344056216
ERR275252,1,2.772588722239781,-0.6931471805599453,-0.6931471805599453,0.6931471805599453,1.6094379124341005,0.6931471805599453,0.6931471805599453,1.6094379124341005,-0.6931471805599453,3.332204510175204,0.6931471805599453,-0.6931471805599453,-0.6931471805599453,-0.6931471805599453,1.3862943611198906,-0.6931471805599453,1.0986122886681096,-0.6931471805599453,-0.6931471805599453,-0.6931471805599453,2.197224577336219,1.3862943611198906,1.791759469228055,2.4849066497880004,3.3672958299864737,0.0,-0.6931471805599453,0.6931471805599453,-0.6931471805599453,1.791759469228055,1.0986122886681096,1.6094379124341005,-0.6931471805599453,0.6931471805599453,-0.6931471805599453,2.70805020110221,1.6094379124341005,1.0986122886681096,-0.6931471805599453,-0.6931471805599453,-0.6931471805599453,2.079441541679836,-0.6931471805599453,0.0,3.1354942159291497,1.3862943611198906,1.3862943611198906,0.0,-0.6931471805599453,3.9702919135521215,-0.6931471805599453,1.0986122886681096,0.6931471805599453,-0.6931471805599453,2.079441541679836,-0.6931471805599453,1.0986122886681096,-0.6931471805599453,2.5649493574615367,-0.6931471805599453,0.6931471805599453,0.0,-0.6931471805599453,-0.6931471805599453,-0.6931471805599453,1.791759469228055,-0.6931471805599453,-0.6931471805599453,-0.6931471805599453,2.8903717578961645,0.6931471805599453,-0.6931471805599453,1.0986122886681096,1.0986122886681096,-0.6931471805599453,-0.6931471805599453,1.0986122886681096,-0.6931471805599453,1.6094379124341005,-0.6931471805599453,2.3978952727983707,0.6931471805599453,2.079441541679836,2.079441541679836,-0.6931471805599453,-0.6931471805599453,1.791759469228055,0.6931471805599453,-0.6931471805599453,0.0,-0.6931471805599453,-0.6931471805599453,-0.6931471805599453,-0.6931471805599453,-0.6931471805599453,2.3978952727983707,-0.6931471805599453,-0.6931471805599453,-0.6931471805599453,0.0,-0.6931471805599453,-0.6931471805599453,-0.6931471805599453,2.6390573296152584,2.6390573296152584,-0.6931471805599453,1.0986122886681096,1.0986122886681096,1.791759469228055,-0.6931471805599453,1.3862943611198906,1.6094379124341005,1.0986122886681096,-0.6931471805599453,-0.6931471805599453,2.302585092994045,0.0,2.6390573296152584,1.791759469228055,2.4849066497880004,2.772588722239781,-0.6931471805599453,-0.6931471805599453,1.0986122886681096,2.302585092994045,1.791759469228055,1.9459101490553128,2.3978952727983707,0.6931471805599453,-0.6931471805599453,-0.6931471805599453,1.0986122886681096,-0.6931471805599453,0.6931471805599453,2.8903717578961645,-0.6931471805599453,-0.6931471805599453,2.197224577336219,-0.6931471805599453,1.0986122886681096,-0.6931471805599453,0.6931471805599453,0.0,3.2580965380214817,-0.6931471805599453,1.0986122886681096,-0.6931471805599453,1.3862943611198906,-0.6931471805599453,4.219507705176107,2.6390573296152584,-0.6931471805599453,-0.6931471805599453,-0.6931471805599453,-0.6931471805599453,-0.6931471805599453,-0.6931471805599453,-0.6931471805599453,-0.6931471805599453,-0.6931471805599453,-0.6931471805599453,0.0,2.302585092994045,-0.6931471805599453,2.079441541679836,1.3862943611198906,-0.6931471805599453,-0.6931471805599453,-0.6931471805599453,-0.6931471805599453,-0.6931471805599453,0.0,-0.6931471805599453,1.0986122886681096,0.6931471805599453,0.6931471805599453,3.4339872044851463,0.6931471805599453,-0.6931471805599453,0.6931471805599453,1.791759469228055,-0.6931471805599453,1.0986122886681096,1.3862943611198906,3.218875824868201,-0.6931471805599453,0.0,-0.6931471805599453,1.9459101490553128,1.3862943611198906,-0.6931471805599453,2.197224577336219,1.791759469228055,-0.6931471805599453,1.0986122886681096,1.3862943611198906,2.6390573296152584,0.6931471805599453,3.091042453358316,4.219507705176107
