sample_id,label,f__Synergistaceae,f__Rikenellaceae,f__Prevotellaceae,f__Porphyromonadaceae,f__Tannerellaceae,f__Bacteroidaceae,f__Coriobacteriaceae,f__Methanobacteriaceae,f__Eubacteriales_unclassified,f__Oscillospiraceae,f__Odoribacteraceae,f__Acidaminococcaceae,f__FGB3012,f__Lachnospiraceae,f__Clostridiaceae,f__Desulfovibrionaceae,f__Christensenellaceae,f__Eubacteriales_Family_XIII_Incertae_Sedis,f__Lactobacillaceae,f__Eggerthellaceae,f__Erysipelotrichaceae,f__Eubacteriales_incertae_sedis,f__Streptococcaceae,f__Enterobacteriaceae,f__Eubacteriaceae,f__FGB2875,f__Corynebacteriaceae,f__Peptostreptococcaceae,f__Bifidobacteriaceae,f__FGB9120,f__Candidatus_Saccharimonadaceae,f__FGB15212,f__FGB618,f__FGB82363,f__Coprobacillaceae,f__Candidatus_Saccharibacteria_unclassified,f__Candidatus_Nanoperiomorbaceae,f__FGB1226,f__Enterococcaceae,f__FGB1262,f__Barnesiellaceae,f__Selenomonadaceae,f__Actinomycetaceae,f__FGB1126,f__Bianqueaceae,f__Atopobiaceae,f__Candidatus_Nanosynbacteraceae,f__Sutterellaceae,f__Firmicutes_unclassified,f__FGB1776,f__FGB14936,f__FGB31455,f__FGB2982,f__FGB1765,f__Turicibacteraceae,f__FGB1779,f__FGB3069,f__FGB9238,f__FGB3041,f__FGB1217,f__FGB75721,f__Pasteurellaceae,f__FGB10318,f__FGB3048,f__FGB9119,f__FGB3038,f__FGB2918,f__FGB1011,f__Clostridia_unclassified,f__FGB3047,f__FGB2840,f__Veillonellaceae,f__FGB38642,f__Bacteria_unclassified,f__FGB3023,f__FGB1354,f__FGB1359,f__FGB9491,f__FGB2915,f__Carnobacteriaceae,f__FGB1227,f__FGB1538,f__FGB3057,f__FGB4405,f__Akkermansiaceae,f__FGB1292,f__Oxalobacteraceae,f__FGB2404,f__FGB10055,f__FGB1380,f__FGB3062,f__Candidatus_Gastranaerophilales_unclassified,f__FGB77988,f__Propionibacteriaceae,f__FGB45628,f__Staphylococcaceae,f__Fusobacteriaceae,f__Candidatus_Nanogingivalaceae,f__Bacillales_unclassified,f__FGB4806,f__Micrococcaceae,f__FGB4605,f__FGB3072,f__FGB2984,f__FGB1201,f__FGB45503,f__FGB72924,f__FGB52309,f__FGB16911,f__FGB2997,f__FGB2930,f__FGB3625,f__FGB629,f__Muribaculaceae,f__Bacteroidales_unclassified,f__FGB1474,f__FGB1425,f__FGB544,f__FGB9583,f__FGB28369,f__FGB1473,f__FGB668,f__Candidatus_Borkfalkiaceae,f__FGB3009,f__FGB1374,f__FGB2834,f__Saccharomycetaceae,f__FGB2345,f__Comamonadaceae,f__Yeguiaceae,f__FGB11257,f__FGB28775,f__FGB1325,f__FGB79270,f__FGB529,f__FGB2949,f__FGB3054,f__FGB2890,f__FGB2960,f__FGB24517,f__FGB79237,f__FGB10312,f__FGB10309,f__FGB10477,f__FGB73223,f__FGB4616,f__Victivallaceae,f__FGB3172,f__FGB1211,f__FGB2952,f__FGB30287,f__FGB9272,f__FGB79291,f__FGB32970,f__FGB1347,f__Moraxellaceae,f__FGB2959,f__Peptoniphilaceae,f__FGB3004,f__Aerococcaceae,f__FGB12107,f__FGB1872,f__FGB9989,f__FGB79245,f__FGB667,f__FGB10341,f__FGB83839,f__FGB79152,f__Elusimicrobiaceae,f__FGB10021,f__FGB4559,f__FGB1780,f__FGB2881,f__FGB4355,f__FGB58251,f__FGB1298,f__FGB79363,f__FGB1787,f__FGB2837,f__FGB1670,f__FGB45555,f__FGB40183,f__FGB73062,f__FGB30328,f__FGB2880,f__Neisseriaceae,f__Tropherymataceae,f__FGB67123,f__FGB2801,f__FGB38791,f__FGB77241,f__FGB72939,f__Caulobacteraceae,f__Burkholderiaceae,f__Methylobacteriaceae,f__FGB2403,f__Feifaniaceae,f__FGB1814,f__FGB2165,f__Methanomicrobiaceae,f__Lawsonellaceae,f__Morganellaceae,f__Pseudomonadaceae,f__Nitrobacteraceae,f__FGB79294,f__FGB1249,f__FGB1311,f__FGB3070,f__FGB2942,f__FGB1258,f__FGB2941,f__FGB9714,f__FGB2889,f__FGB2950,f__FGB2917,f__FGB2921,f__FGB2936,f__FGB3040,f__Dysgonomonadaceae,f__Campylobacteraceae,f__FGB2937,f__FGB4648,f__FGB2846,f__FGB7869,f__FGB1260,f__Bacillaceae,f__FGB1355,f__FGB79015,f__FGB78291,f__FGB8294,f__Marinilabiliaceae,f__FGB5194,f__Leptotrichiaceae,f__Tissierellia_unclassified,f__FGB602,f__FGB1705,f__FGB2992,f__Succinivibrionaceae,f__Puniceicoccaceae,f__FGB9718,f__FGB2906,f__Microbacteriaceae,f__FGB77566,f__Hafniaceae,f__FGB2898,f__FGB1207,f__FGB9115,f__FGB1303,f__FGB73902,f__Weeksellaceae,f__FGB10314,f__FGB72899,f__FGB78857,f__FGB2947,f__FGB3071,f__FGB2378,f__FGB3043,f__FGB11739,f__FGB78645,f__FGB658,f__FGB1012,f__Erythrobacteraceae,f__FGB540,f__FGB2985,f__FGB1777,f__FGB79211,f__FGB2945,f__FGB9512,f__FGB8140,f__FGB2983,f__Coriobacteriales_unclassified,f__Xanthomonadaceae,f__Phyllobacteriaceae,f__Hyphomicrobiaceae,f__Reyranellaceae,f__Acetobacteraceae,f__Boseaceae,f__Nocardioidaceae,f__Nakamurellaceae,f__Deinococcaceae,f__Sphingobacteriaceae,f__Planctomycetaceae,f__Sphingomonadaceae,f__Candidatus_Brocadiaceae,f__FGB10325,f__FGB536,f__FGB1337,f__FGB51922,f__Budviciaceae,f__FGB1778,f__FGB2932,f__FGB2839,f__FGB2873,f__FGB9977,f__FGB58291,f__FGB9828,f__FGB3039,f__FGB2954,f__FGB1402,f__FGB1362,f__FGB1789,f__FGB10290,f__FGB78461,f__FGB2107,f__FGB77220,f__FGB2874,f__FGB2957,f__FGB2164,f__FGB2117,f__FGB2905,f__FGB4623,f__FGB79244,f__FGB78183,f__Methanomassiliicoccaceae,f__FGB77202,f__Methanotrichaceae,f__FGB74971,f__FGB77153
CRR1012468,1,34.46394,31.2897,3.52224,2.96167,3.1112200000000003,4.875750000000001,1.7112,1.64545,1.9450500000000002,4.536760000000001,1.10122,0.68787,0.57857,3.3638600000000003,0.62129,0.45747,0.32017,0.33945000000000003,0.30232,0.5485300000000001,0.41606,0.18923,0.21052000000000004,0.10622,0.12852,0.07737,0.05501,0.0582,0.06219,0.03903,0.03307,0.02982,0.02853,0.0193,0.01813,0.047369999999999995,0.01765,0.01667,0.01482,0.00976,0.00845,0.00477,0.01062,0.00313,0.00306,0.00416,0.00213,0.00142,0.00104,0.0,0.0,0.0,0.0,0.0,0.0,0.0,0.0,0.0,0.0,0.0,0.0,0.0,0.0,0.0,0.0,0.0,0.0,0.0,0.0,0.0,0.0,0.0,0.0,0.0,0.0,0.0,0.0,0.0,0.0,0.0,0.0,0.0,0.0,0.0,0.0,0.0,0.0,0.0,0.0,0.0,0.0,0.0,0.0,0.0,0.0,0.0,0.0,0.0,0.0,0.0,0.0,0.0,0.0,0.0,0.0,0.0,0.0,0.0,0.0,0.0,0.0,0.0,0.0,0.0,0.0,0.0,0.0,0.0,0.0,0.0,0.0,0.0,0.0,0.0,0.0,0.0,0.0,0.0,0.0,0.0,0.0,0.0,0.0,0.0,0.0,0.0,0.0,0.0,0.0,0.0,0.0,0.0,0.0,0.0,0.0,0.0,0.0,0.0,0.0,0.0,0.0,0.0,0.0,0.0,0.0,0.0,0.0,0.0,0.0,0.0,0.0,0.0,0.0,0.0,0.0,0.0,0.0,0.0,0.0,0.0,0.0,0.0,0.0,0.0,0.0,0.0,0.0,0.0,0.0,0.0,0.0,0.0,0.0,0.0,0.0,0.0,0.0,0.0,0.0,0.0,0.0,0.0,0.0,0.0,0.0,0.0,0.0,0.0,0.0,0.0,0.0,0.0,0.0,0.0,0.0,0.0,0.0,0.0,0.0,0.0,0.0,0.0,0.0,0.0,0.0,0.0,0.0,0.0,0.0,0.0,0.0,0.0,0.0,0.0,0.0,0.0,0.0,0.0,0.0,0.0,0.0,0.0,0.0,0.0,0.0,0.0,0.0,0.0,0.0,0.0,0.0,0.0,0.0,0.0,0.0,0.0,0.0,0.0,0.0,0.0,0.0,0.0,0.0,0.0,0.0,0.0,0.0,0.0,0.0,0.0,0.0,0.0,0.0,0.0,0.0,0.0,0.0,0.0,0.0,0.0,0.0,0.0,0.0,0.0,0.0,0.0,0.0,0.0,0.0,0.0,0.0,0.0,0.0,0.0,0.0,0.0,0.0,0.0,0.0,0.0,0.0,0.0,0.0,0.0,0.0,0.0,0.0,0.0,0.0,0.0,0.0,0.0,0.0,0.0,0.0,0.0,0.0,0.0,0.0,0.0,0.0,0.0,0.0,0.0,0.0,0.0,0.0,0.0
CRR1012436,1,0.0,4.87618,8.07926,0.00104,5.26716,4.78657,1.24281,0.0,0.8887599999999999,14.446730000000002,0.54786,0.55467,0.0,31.070439999999994,1.9523,0.02697,0.00513,0.26108,0.0,1.02006,0.5293800000000001,1.28429,0.18642999999999998,0.16899999999999998,1.3166900000000001,0.0,0.0,0.30561,0.51418,0.0,0.01606,0.18477,0.0,0.06533,0.0,0.032799999999999996,0.0,0.02623,0.0,0.0,0.0,0.0,0.0008799999999999999,0.0,0.0,0.0,0.00673,0.21570999999999999,0.0,6.73696,5.78396,5.50475,0.74188,0.41213999999999995,0.22348,0.08543,0.14205,0.07115,0.07048,0.05302,0.03001,0.02693,0.0266,0.02628,0.02439,0.03812,0.02004,0.01267,0.01019,0.01018,0.00936,0.01778,0.00817,0.00807,0.00667,0.00413,0.00397,0.00297,0.00228,0.00211,0.00112,0.00099,0.0006,0.0,0.0,0.0,0.0,0.0,0.0,0.0,0.0,0.0,0.0,0.0,0.0,0.0,0.0,0.0,0.0,0.0,0.0,0.0,0.0,0.0,0.0,0.0,0.0,0.0,0.0,0.0,0.0,0.0,0.0,0.0,0.0,0.0,0.0,0.0,0.0,0.0,0.0,0.0,0.0,0.0,0.0,0.0,0.0,0.0,0.0,0.0,0.0,0.0,0.0,0.0,0.0,0.0,0.0,0.0,0.0,0.0,0.0,0.0,0.0,0.0,0.0,0.0,0.0,0.0,0.0,0.0,0.0,0.0,0.0,0.0,0.0,0.0,0.0,0.0,0.0,0.0,0.0,0.0,0.0,0.0,0.0,0.0,0.0,0.0,0.0,0.0,0.0,0.0,0.0,0.0,0.0,0.0,0.0,0.0,0.0,0.0,0.0,0.0,0.0,0.0,0.0,0.0,0.0,0.0,0.0,0.0,0.0,0.0,0.0,0.0,0.0,0.0,0.0,0.0,0.0,0.0,0.0,0.0,0.0,0.0,0.0,0.0,0.0,0.0,0.0,0.0,0.0,0.0,0.0,0.0,0.0,0.0,0.0,0.0,0.0,0.0,0.0,0.0,0.0,0.0,0.0,0.0,0.0,0.0,0.0,0.0,0.0,0.0,0.0,0.0,0.0,0.0,0.0,0.0,0.0,0.0,0.0,0.0,0.0,0.0,0.0,0.0,0.0,0.0,0.0,0.0,0.0,0.0,0.0,0.0,0.0,0.0,0.0,0.0,0.0,0.0,0.0,0.0,0.0,0.0,0.0,0.0,0.0,0.0,0.0,0.0,0.0,0.0,0.0,0.0,0.0,0.0,0.0,0.0,0.0,0.0,0.0,0.0,0.0,0.0,0.0,0.0,0.0,0.0,0.0,0.0,0.0,0.0,0.0,0.0,0.0,0.0,0.0,0.0,0.0,0.0,0.0,0.0,0.0,0.0,0.0,0.0,0.0,0.0,0.0,0.0,0.0,0.0,0.0,0.0,0.0,0.0,0.0,0.0
CRR1012470,1,0.00833,9.64053,0.0,0.0,2.57989,37.22773000000001,0.05909,0.0,0.14597999999999997,21.45147000000001,0.14505,1.77537,0.27094,9.553890000000004,1.4881300000000002,0.772,0.00439,0.01889,0.0,0.16562000000000002,0.27601000000000003,5.93602,0.17424999999999996,0.28034,0.26069,0.0,0.0,0.0,0.11784,0.0,0.01666,0.0,0.0,0.0,0.04329,0.04005,0.0,0.0,0.0,0.0,0.12444,0.84027,0.00768,0.0,0.00034,0.00059,0.0,0.19701000000000002,0.29632,0.0,0.0,0.0,0.0,0.0,0.0,0.0,0.0,0.0,0.0,0.06826,0.0,0.0,0.0,0.03008,0.0,0.00119,0.0,0.03278,0.01338,0.01733,0.0,0.42965000000000003,0.0114,0.00999,0.0,0.0,0.0,0.0,0.0,0.0,0.0,0.0,0.0,3.96859,0.61748,0.3211,0.26321,0.0883,0.07019,0.06072,0.04711,0.01396,0.0096,0.00517,0.00141,0.0,0.0,0.0,0.0,0.0,0.0,0.0,0.0,0.0,0.0,0.0,0.0,0.0,0.0,0.0,0.0,0.0,0.0,0.0,0.0,0.0,0.0,0.0,0.0,0.0,0.0,0.0,0.0,0.0,0.0,0.0,0.0,0.0,0.0,0.0,0.0,0.0,0.0,0.0,0.0,0.0,0.0,0.0,0.0,0.0,0.0,0.0,0.0,0.0,0.0,0.0,0.0,0.0,0.0,0.0,0.0,0.0,0.0,0.0,0.0,0.0,0.0,0.0,0.0,0.0,0.0,0.0,0.0,0.0,0.0,0.0,0.0,0.0,0.0,0.0,0.0,0.0,0.0,0.0,0.0,0.0,0.0,0.0,0.0,0.0,0.0,0.0,0.0,0.0,0.0,0.0,0.0,0.0,0.0,0.0,0.0,0.0,0.0,0.0,0.0,0.0,0.0,0.0,0.0,0.0,0.0,0.0,0.0,0.0,0.0,0.0,0.0,0.0,0.0,0.0,0.0,0.0,0.0,0.0,0.0,0.0,0.0,0.0,0.0,0.0,0.0,0.0,0.0,0.0,0.0,0.0,0.0,0.0,0.0,0.0,0.0,0.0,0.0,0.0,0.0,0.0,0.0,0.0,0.0,0.0,0.0,0.0,0.0,0.0,0.0,0.0,0.0,0.0,0.0,0.0,0.0,0.0,0.0,0.0,0.0,0.0,0.0,0.0,0.0,0.0,0.0,0.0,0.0,0.0,0.0,0.0,0.0,0.0,0.0,0.0,0.0,0.0,0.0,0.0,0.0,0.0,0.0,0.0,0.0,0.0,0.0,0.0,0.0,0.0,0.0,0.0,0.0,0.0,0.0,0.0,0.0,0.0,0.0,0.0,0.0,0.0,0.0,0.0,0.0,0.0,0.0,0.0,0.0,0.0,0.0,0.0,0.0,0.0,0.0,0.0,0.0,0.0,0.0,0.0,0.0,0.0,0.0,0.0
CRR1012605,0,0.16888,0.0,0.0,0.0,8.32141,31.500939999999996,0.0,0.0,0.13458,4.67976,0.0,0.0,0.0,28.114170000000005,2.29194,0.06006,0.04079,0.91873,0.0,1.33896,2.24154,0.0,0.13276,1.8274099999999998,0.1762,0.0,0.0,0.42267,15.28534,0.0,0.01642,0.0,0.0,0.0,0.2986,0.0057,0.0,0.0,0.08363,0.0,0.0,0.0,0.0096,0.0,0.0,0.0285,0.0,0.2121,0.0,0.0,0.0,0.0,0.0,0.0,0.0,0.0,0.0,0.0,0.0,0.0,0.0,0.0,0.0,0.0,0.0,0.0,0.0,0.0,0.0,0.0,0.0,1.4709899999999998,0.0,0.0,0.0,0.0,0.0,0.0,0.0,0.0,0.0,0.0,0.0,0.0,0.0,0.21596,0.0,0.0,0.0,0.0,0.0,0.0,0.0,0.00045,0.0,0.00189,0.0,0.0,0.0,0.0,0.0,0.0,0.0,0.0,0.0,0.0,0.0,0.0,0.0,0.0,0.0,0.0,0.0,0.0,0.0,0.0,0.0,0.0,0.0,0.0,0.0,0.0,0.0,0.0,0.0,0.0,0.0,0.0,0.0,0.0,0.0,0.0,0.0,0.0,0.0,0.0,0.0,0.0,0.0,0.0,0.0,0.0,0.0,0.0,0.0,0.0,0.0,0.0,0.0,0.0,0.0,0.0,0.0,0.0,0.0,0.0,0.0,0.0,0.0,0.0,0.0,0.0,0.0,0.0,0.0,0.0,0.0,0.0,0.0,0.0,0.0,0.0,0.0,0.0,0.0,0.0,0.0,0.0,0.0,0.0,0.0,0.0,0.0,0.0,0.0,0.0,0.0,0.0,0.0,0.0,0.0,0.0,0.0,0.0,0.0,0.0,0.0,0.0,0.0,0.0,0.0,0.0,0.0,0.0,0.0,0.0,0.0,0.0,0.0,0.0,0.0,0.0,0.0,0.0,0.0,0.0,0.0,0.0,0.0,0.0,0.0,0.0,0.0,0.0,0.0,0.0,0.0,0.0,0.0,0.0,0.0,0.0,0.0,0.0,0.0,0.0,0.0,0.0,0.0,0.0,0.0,0.0,0.0,0.0,0.0,0.0,0.0,0.0,0.0,0.0,0.0,0.0,0.0,0.0,0.0,0.0,0.0,0.0,0.0,0.0,0.0,0.0,0.0,0.0,0.0,0.0,0.0,0.0,0.0,0.0,0.0,0.0,0.0,0.0,0.0,0.0,0.0,0.0,0.0,0.0,0.0,0.0,0.0,0.0,0.0,0.0,0.0,0.0,0.0,0.0,0.0,0.0,0.0,0.0,0.0,0.0,0.0,0.0,0.0,0.0,0.0,0.0,0.0,0.0,0.0,0.0,0.0,0.0,0.0,0.0,0.0,0.0,0.0,0.0,0.0,0.0,0.0,0.0
CRR1012358,0,0.0,0.05459,0.0,0.0,1.5698,4.44012,1.24359,0.0,0.2873,5.4937700000000005,0.04301,12.67255,0.0,48.93425999999999,1.1763600000000003,1.23365,0.01241,0.01219,0.8260000000000001,1.2078700000000002,0.7823599999999999,0.0,8.92236,1.27171,0.06269999999999999,0.0,0.0,0.04393,7.85531,0.0,0.02851,0.0,0.0,0.0,0.01688,0.17706999999999998,0.0,0.0,0.0,0.0,0.0,0.0,0.03308,0.0,0.0,0.0,0.0,0.06183,0.0,0.0,0.0,0.0,0.0,0.0,0.0,0.0,0.0,0.0,0.0,0.0,0.0,0.00849,0.0,0.0,0.0,0.0,0.0,0.0,0.03847,0.0,0.0,0.23502,0.0,0.0,0.0,0.0,0.0,0.0,0.0,0.00342,0.0,0.0,0.0,0.0,0.0,0.023280000000000002,0.0,0.0,0.0,0.0,0.0,0.0,0.0,0.0,0.0,0.0,1.21414,0.013380000000000001,0.00053,0.0,0.0,0.0,0.0,0.0,0.0,0.0,0.0,0.0,0.0,0.0,0.0,0.0,0.0,0.0,0.0,0.0,0.0,0.0,0.0,0.0,0.0,0.0,0.0,0.0,0.0,0.0,0.0,0.0,0.0,0.0,0.0,0.0,0.0,0.0,0.0,0.0,0.0,0.0,0.0,0.0,0.0,0.0,0.0,0.0,0.0,0.0,0.0,0.0,0.0,0.0,0.0,0.0,0.0,0.0,0.0,0.0,0.0,0.0,0.0,0.0,0.0,0.0,0.0,0.0,0.0,0.0,0.0,0.0,0.0,0.0,0.0,0.0,0.0,0.0,0.0,0.0,0.0,0.0,0.0,0.0,0.0,0.0,0.0,0.0,0.0,0.0,0.0,0.0,0.0,0.0,0.0,0.0,0.0,0.0,0.0,0.0,0.0,0.0,0.0,0.0,0.0,0.0,0.0,0.0,0.0,0.0,0.0,0.0,0.0,0.0,0.0,0.0,0.0,0.0,0.0,0.0,0.0,0.0,0.0,0.0,0.0,0.0,0.0,0.0,0.0,0.0,0.0,0.0,0.0,0.0,0.0,0.0,0.0,0.0,0.0,0.0,0.0,0.0,0.0,0.0,0.0,0.0,0.0,0.0,0.0,0.0,0.0,0.0,0.0,0.0,0.0,0.0,0.0,0.0,0.0,0.0,0.0,0.0,0.0,0.0,0.0,0.0,0.0,0.0,0.0,0.0,0.0,0.0,0.0,0.0,0.0,0.0,0.0,0.0,0.0,0.0,0.0,0.0,0.0,0.0,0.0,0.0,0.0,0.0,0.0,0.0,0.0,0.0,0.0,0.0,0.0,0.0,0.0,0.0,0.0,0.0,0.0,0.0,0.0,0.0,0.0,0.0,0.0,0.0,0.0,0.0,0.0,0.0,0.0,0.0,0.0,0.0,0.0,0.0,0.0,0.0,0.0,0.0
CRR1012480,1,0.0,4.940199999999999,16.05007,0.0,0.83679,10.701350000000001,0.90583,0.0,0.62932,18.50287,0.45862,0.01775,0.0,21.08627,1.4885500000000003,0.07537,0.0,0.03257,0.59,0.46892,0.19885,0.57412,0.6534800000000001,0.17637000000000003,4.853009999999999,0.0,0.0,1.45,0.18367,0.04309,0.01812,0.0,0.0,0.0,0.0,0.04353,0.0,0.00253,0.0,0.0,0.78182,0.77964,0.010029999999999999,0.0,0.0,0.00037,0.0,0.46915,0.00395,1.79524,0.0,0.0,0.01767,0.0,0.01496,0.0,0.0,0.0,0.0,0.01652,0.0,0.51199,0.0,0.0,0.0,0.0,0.0,0.0,0.00893,0.04084,0.0,7.82007,0.08801,0.02973,0.0,0.00169,0.0,0.00296,0.0,0.00547,0.0,0.0,0.0,0.0,2.51989,0.05253,0.0,0.0,0.0,0.0,0.0,0.0,0.0,0.0,0.0,0.0,0.0,0.0,0.0,0.02032,0.01729,0.00536,0.00406,0.00028,0.0,0.0,0.0,0.0,0.0,0.0,0.0,0.0,0.0,0.0,0.0,0.0,0.0,0.0,0.0,0.0,0.0,0.0,0.0,0.0,0.0,0.0,0.0,0.0,0.0,0.0,0.0,0.0,0.0,0.0,0.0,0.0,0.0,0.0,0.0,0.0,0.0,0.0,0.0,0.0,0.0,0.0,0.0,0.0,0.0,0.0,0.0,0.0,0.0,0.0,0.0,0.0,0.0,0.0,0.0,0.0,0.0,0.0,0.0,0.0,0.0,0.0,0.0,0.0,0.0,0.0,0.0,0.0,0.0,0.0,0.0,0.0,0.0,0.0,0.0,0.0,0.0,0.0,0.0,0.0,0.0,0.0,0.0,0.0,0.0,0.0,0.0,0.0,0.0,0.0,0.0,0.0,0.0,0.0,0.0,0.0,0.0,0.0,0.0,0.0,0.0,0.0,0.0,0.0,0.0,0.0,0.0,0.0,0.0,0.0,0.0,0.0,0.0,0.0,0.0,0.0,0.0,0.0,0.0,0.0,0.0,0.0,0.0,0.0,0.0,0.0,0.0,0.0,0.0,0.0,0.0,0.0,0.0,0.0,0.0,0.0,0.0,0.0,0.0,0.0,0.0,0.0,0.0,0.0,0.0,0.0,0.0,0.0,0.0,0.0,0.0,0.0,0.0,0.0,0.0,0.0,0.0,0.0,0.0,0.0,0.0,0.0,0.0,0.0,0.0,0.0,0.0,0.0,0.0,0.0,0.0,0.0,0.0,0.0,0.0,0.0,0.0,0.0,0.0,0.0,0.0,0.0,0.0,0.0,0.0,0.0,0.0,0.0,0.0,0.0,0.0,0.0,0.0,0.0,0.0,0.0,0.0,0.0,0.0,0.0,0.0,0.0,0.0,0.0,0.0,0.0,0.0,0.0,0.0,0.0,0.0,0.0,0.0,0.0
CRR1012371,1,0.02971,9.735800000000003,0.75313,0.0,0.6784700000000001,4.319789999999999,0.49506000000000006,0.0,1.3998199999999998,17.096330000000005,0.25532,1.36797,0.0,27.309069999999995,1.88308,1.0737900000000002,0.05274999999999999,0.21879999999999997,0.03132,1.64178,2.5123499999999996,0.6816,0.5749000000000001,0.31986000000000003,2.5591000000000004,0.0,0.0,0.24488,0.40058,0.0,0.00693,0.0,0.0,0.0,0.0,0.04173,0.0,0.00012,0.0,0.03916,1.49902,0.0,0.01948,0.0,0.00761,0.04026,0.0,0.13383,0.28062000000000004,0.71471,2.05979,0.0,0.02124,7.753959999999999,0.27085,0.0,0.00058,0.0,0.0,0.0,0.0,0.01798,0.0,0.03005,0.0,0.01392,0.0,0.00082,0.00041,0.01427,0.0,0.01828,0.49585,0.0245,0.02047,0.26247,0.03284,0.0097,0.0,0.00135,0.00989,0.0,0.01129,0.0,0.00063,0.0,0.12951,0.0,0.0,0.0,0.56488,0.0,0.14653,0.0,0.00052,0.01563,9.33366,0.0,0.02471,0.0,0.00395,0.0,0.03709,0.0,0.17702,0.02413,0.02115,0.01448,0.00916,0.00527,0.00182,0.00065,0.0,0.0,0.0,0.0,0.0,0.0,0.0,0.0,0.0,0.0,0.0,0.0,0.0,0.0,0.0,0.0,0.0,0.0,0.0,0.0,0.0,0.0,0.0,0.0,0.0,0.0,0.0,0.0,0.0,0.0,0.0,0.0,0.0,0.0,0.0,0.0,0.0,0.0,0.0,0.0,0.0,0.0,0.0,0.0,0.0,0.0,0.0,0.0,0.0,0.0,0.0,0.0,0.0,0.0,0.0,0.0,0.0,0.0,0.0,0.0,0.0,0.0,0.0,0.0,0.0,0.0,0.0,0.0,0.0,0.0,0.0,0.0,0.0,0.0,0.0,0.0,0.0,0.0,0.0,0.0,0.0,0.0,0.0,0.0,0.0,0.0,0.0,0.0,0.0,0.0,0.0,0.0,0.0,0.0,0.0,0.0,0.0,0.0,0.0,0.0,0.0,0.0,0.0,0.0,0.0,0.0,0.0,0.0,0.0,0.0,0.0,0.0,0.0,0.0,0.0,0.0,0.0,0.0,0.0,0.0,0.0,0.0,0.0,0.0,0.0,0.0,0.0,0.0,0.0,0.0,0.0,0.0,0.0,0.0,0.0,0.0,0.0,0.0,0.0,0.0,0.0,0.0,0.0,0.0,0.0,0.0,0.0,0.0,0.0,0.0,0.0,0.0,0.0,0.0,0.0,0.0,0.0,0.0,0.0,0.0,0.0,0.0,0.0,0.0,0.0,0.0,0.0,0.0,0.0,0.0,0.0,0.0,0.0,0.0,0.0,0.0,0.0,0.0,0.0,0.0,0.0,0.0,0.0,0.0,0.0,0.0,0.0,0.0,0.0,0.0,0.0,0.0,0.0,0.0,0.0,0.0,0.0,0.0,0.0,0.0,0.0,0.0,0.0,0.0,0.0,0.0
CRR1012349,0,0.00958,2.33526,0.15414,0.0,0.18818000000000001,5.683760000000001,0.0052,0.0,4.51571,24.812470000000005,0.07305,0.0,0.0218,27.720120000000005,6.609840000000001,0.32854999999999995,0.17975,0.22823000000000002,0.0,1.19381,0.27205,0.90197,0.408,0.01816,6.71846,0.0,0.0,0.3353,0.0,0.0,0.00302,0.0,0.0,0.0,0.0,0.041319999999999996,0.0,0.0,0.00642,0.0,0.4331,0.00668,0.01017,0.00287,0.05141,0.0,0.02188,0.16179,0.1026,4.47303,0.0,0.0,0.0,0.80728,0.2893,0.0,0.0,0.00823,0.0,0.0,0.02477,0.0,0.0,0.01947,0.0,0.12169999999999999,0.0,0.01963,0.43423,0.00213,0.0,2.2257499999999997,0.0,0.02309,0.10884,2.84697,0.0,0.0,0.39487,0.00055,0.06011,0.0,0.01999,0.0,0.0,0.0,0.002,0.0,0.0,0.0,0.0,0.0,0.0,0.0,0.01557,0.0,0.0,0.0,0.00054,0.0,0.00167,0.0,0.021070000000000002,0.0,0.0,0.0,0.0,0.0,0.0,0.00109,0.0,0.0,1.13661,0.97021,0.88246,0.31393,0.2816,0.25951,0.21093,0.20056,0.14565,0.05511,0.02681,0.01886,0.00779,0.00401,0.00337,0.00308,0.00264,0.00036,0.0,0.0,0.0,0.0,0.0,0.0,0.0,0.0,0.0,0.0,0.0,0.0,0.0,0.0,0.0,0.0,0.0,0.0,0.0,0.0,0.0,0.0,0.0,0.0,0.0,0.0,0.0,0.0,0.0,0.0,0.0,0.0,0.0,0.0,0.0,0.0,0.0,0.0,0.0,0.0,0.0,0.0,0.0,0.0,0.0,0.0,0.0,0.0,0.0,0.0,0.0,0.0,0.0,0.0,0.0,0.0,0.0,0.0,0.0,0.0,0.0,0.0,0.0,0.0,0.0,0.0,0.0,0.0,0.0,0.0,0.0,0.0,0.0,0.0,0.0,0.0,0.0,0.0,0.0,0.0,0.0,0.0,0.0,0.0,0.0,0.0,0.0,0.0,0.0,0.0,0.0,0.0,0.0,0.0,0.0,0.0,0.0,0.0,0.0,0.0,0.0,0.0,0.0,0.0,0.0,0.0,0.0,0.0,0.0,0.0,0.0,0.0,0.0,0.0,0.0,0.0,0.0,0.0,0.0,0.0,0.0,0.0,0.0,0.0,0.0,0.0,0.0,0.0,0.0,0.0,0.0,0.0,0.0,0.0,0.0,0.0,0.0,0.0,0.0,0.0,0.0,0.0,0.0,0.0,0.0,0.0,0.0,0.0,0.0,0.0,0.0,0.0,0.0,0.0,0.0,0.0,0.0,0.0,0.0,0.0,0.0,0.0,0.0,0.0,0.0,0.0,0.0,0.0,0.0,0.0,0.0,0.0,0.0,0.0,0.0,0.0,0.0,0.0,0.0,0.0,0.0,0.0,0.0,0.0,0.0,0.0,0.0,0.0
CRR1012663,0,0.0,3.5928,0.0,0.0,0.09472,12.67982,0.49195000000000005,0.0,1.77038,26.8008,0.05041,0.29654,0.0,20.614989999999995,0.8507800000000001,2.56512,0.0,0.01798,0.0,0.08579,0.48068,13.07943,0.33666,0.19893,0.18394999999999997,0.0,0.0,0.01871,0.62584,0.01433,0.01472,0.0,0.0,0.0,0.03809,0.08628000000000001,0.01254,0.0,0.01846,0.0,0.0,0.0,0.020430000000000004,0.0,0.0,0.00473,0.0,0.76246,0.01258,0.03016,0.0,0.0,0.0,1.3363099999999999,0.0,0.0,0.0,0.0,0.0,0.00249,0.0,0.0,0.0,0.00095,0.0,0.0,0.0,0.0005,0.03487,0.0,0.0,0.55759,1.88088,0.0355,0.0,0.0,0.0,0.00943,0.0,0.00344,0.01021,0.0,0.01451,0.0,0.0,0.0982,0.0,0.0,0.0,0.0,0.0,0.0,0.0,0.0,0.0,0.0,0.0,0.00509,0.00513,10.15252,0.0,0.0,0.0,0.0,0.0,0.0,0.0,0.0,0.0,0.0,0.0,0.0,0.0,0.0,0.0,0.0,0.0,0.0,0.0,0.0,0.0,0.0,0.0,0.0,0.0,0.0,0.0,0.0,0.0,0.0,0.00124,0.0001,0.0,0.0,0.0,0.0,0.0,0.0,0.0,0.0,0.0,0.0,0.0,0.0,0.0,0.0,0.0,0.0,0.0,0.0,0.0,0.0,0.0,0.0,0.0,0.0,0.0,0.0,0.0,0.0,0.0,0.0,0.0,0.0,0.0,0.0,0.0,0.0,0.0,0.0,0.0,0.0,0.0,0.0,0.0,0.0,0.0,0.0,0.0,0.0,0.0,0.0,0.0,0.0,0.0,0.0,0.0,0.0,0.0,0.0,0.0,0.0,0.0,0.0,0.0,0.0,0.0,0.0,0.0,0.0,0.0,0.0,0.0,0.0,0.0,0.0,0.0,0.0,0.0,0.0,0.0,0.0,0.0,0.0,0.0,0.0,0.0,0.0,0.0,0.0,0.0,0.0,0.0,0.0,0.0,0.0,0.0,0.0,0.0,0.0,0.0,0.0,0.0,0.0,0.0,0.0,0.0,0.0,0.0,0.0,0.0,0.0,0.0,0.0,0.0,0.0,0.0,0.0,0.0,0.0,0.0,0.0,0.0,0.0,0.0,0.0,0.0,0.0,0.0,0.0,0.0,0.0,0.0,0.0,0.0,0.0,0.0,0.0,0.0,0.0,0.0,0.0,0.0,0.0,0.0,0.0,0.0,0.0,0.0,0.0,0.0,0.0,0.0,0.0,0.0,0.0,0.0,0.0,0.0,0.0,0.0,0.0,0.0,0.0,0.0,0.0,0.0,0.0,0.0,0.0,0.0,0.0,0.0,0.0,0.0,0.0,0.0,0.0,0.0,0.0,0.0,0.0,0.0,0.0,0.0,0.0,0.0,0.0
CRR1012336,1,0.0,5.59229,1.16076,0.0,1.31285,21.377290000000002,0.04381,0.0,0.53589,12.365920000000001,0.8323600000000001,0.53888,0.0,24.684739999999998,1.9048999999999996,0.47435000000000005,0.00878,0.04659,0.00936,0.05011999999999999,0.16948000000000002,0.56501,0.11553,4.4836100000000005,2.26741,0.05069,0.0,0.02212,0.68367,0.0,0.0049,0.09341,0.0,0.0,0.33917,0.00557,0.0,0.01158,0.0,0.0,0.95234,0.0,0.01043,0.00046,0.0003,0.00079,0.0,0.15034000000000003,0.0,1.79704,0.40243,0.0,0.24074,6.85346,0.0,0.0,0.0,0.0,0.0,0.0751,0.04097,0.0,0.0,0.02203,0.0,0.05682,0.0,0.00767,0.02553,0.01376,0.0,0.99204,4.410299999999999,0.00869,0.03752,0.0,0.02592,0.00127,0.01615,0.0,0.00031,0.0,0.0,0.0,0.0,0.0,0.0,0.0,0.0,0.0,0.0,0.0,0.07264,0.0,0.0,0.0,0.0,0.0,0.0,0.0,0.0,0.01978,0.00031,0.0,0.0,0.0,1.25961,0.0,0.0,0.0,0.0,0.0,0.0,0.0,0.0,0.0,0.0,0.0,0.00713,0.0,0.0,0.0,0.0,0.0,0.01534,0.00104,0.0,0.0,0.0,0.0,0.0,0.0,1.91515,0.39441,0.28035,0.05713,0.0374,0.02317,0.00981,0.00684,0.00631,0.0,0.0,0.0,0.0,0.0,0.0,0.0,0.0,0.0,0.0,0.0,0.0,0.0,0.0,0.0,0.0,0.0,0.0,0.0,0.0,0.0,0.0,0.0,0.0,0.0,0.0,0.0,0.0,0.0,0.0,0.0,0.0,0.0,0.0,0.0,0.0,0.0,0.0,0.0,0.0,0.0,0.0,0.0,0.0,0.0,0.0,0.0,0.0,0.0,0.0,0.0,0.0,0.0,0.0,0.0,0.0,0.0,0.0,0.0,0.0,0.0,0.0,0.0,0.0,0.0,0.0,0.0,0.0,0.0,0.0,0.0,0.0,0.0,0.0,0.0,0.0,0.0,0.0,0.0,0.0,0.0,0.0,0.0,0.0,0.0,0.0,0.0,0.0,0.0,0.0,0.0,0.0,0.0,0.0,0.0,0.0,0.0,0.0,0.0,0.0,0.0,0.0,0.0,0.0,0.0,0.0,0.0,0.0,0.0,0.0,0.0,0.0,0.0,0.0,0.0,0.0,0.0,0.0,0.0,0.0,0.0,0.0,0.0,0.0,0.0,0.0,0.0,0.0,0.0,0.0,0.0,0.0,0.0,0.0,0.0,0.0,0.0,0.0,0.0,0.0,0.0,0.0,0.0,0.0,0.0,0.0,0.0,0.0,0.0,0.0,0.0,0.0,0.0,0.0,0.0,0.0,0.0,0.0,0.0,0.0,0.0,0.0,0.0,0.0,0.0,0.0,0.0,0.0,0.0,0.0,0.0,0.0,0.0,0.0,0.0,0.0,0.0
CRR1012459,1,0.02569,9.99875,0.0,0.0,1.30807,13.518169999999998,0.43782,0.0,1.17386,19.78469,0.32157,0.55267,0.0,23.63348,1.23313,0.18507,0.03356,0.01603,0.05995,1.6926400000000001,4.01813,0.63659,0.77085,2.03924,1.2335000000000003,0.0,0.0,0.04099,0.81226,0.0,0.0,0.0,0.0,0.0,0.0,0.0,0.0,0.06334000000000001,0.0,0.01814,0.22177,0.0,0.0,0.0,0.01424,0.00041,0.0,0.57907,0.05431,0.12994,0.83751,0.0,0.74194,0.93523,0.0,0.0,0.13202,0.0,0.0,0.20848,0.00683,0.0,0.0,0.03438,0.0,0.10011,0.01072,0.05591,0.00296,0.0,0.0,0.0,0.02895,0.02088,0.03133,2.0456,0.11721000000000001,0.0,0.01728,0.00295,0.0,0.02317,0.01423,0.0,1.88378,0.116,0.0,1.39618,0.0,0.0,0.88621,0.0,0.0,0.0,0.00073,0.0,0.0,0.0,0.0,0.0,0.0,0.0,0.03182,0.0,0.0,0.0,0.00051,0.0,0.0,0.0,0.01981,0.0,0.0,0.0,0.0,0.06588,0.0,0.0,0.0,0.0,0.0,0.0,0.01363,9e-05,0.0,0.02611,0.0,0.0,0.0,0.0,0.0,0.0,0.29889,0.0,0.0,0.0,0.00162,0.23299,0.0,0.0,0.00081,3.01579,0.70053,0.41533,0.34745,0.17928,0.1433,0.08982,0.07598,0.03258,0.01457,0.01424,0.00675,0.00566,0.00476,0.0021,0.00115,0.0,0.0,0.0,0.0,0.0,0.0,0.0,0.0,0.0,0.0,0.0,0.0,0.0,0.0,0.0,0.0,0.0,0.0,0.0,0.0,0.0,0.0,0.0,0.0,0.0,0.0,0.0,0.0,0.0,0.0,0.0,0.0,0.0,0.0,0.0,0.0,0.0,0.0,0.0,0.0,0.0,0.0,0.0,0.0,0.0,0.0,0.0,0.0,0.0,0.0,0.0,0.0,0.0,0.0,0.0,0.0,0.0,0.0,0.0,0.0,0.0,0.0,0.0,0.0,0.0,0.0,0.0,0.0,0.0,0.0,0.0,0.0,0.0,0.0,0.0,0.0,0.0,0.0,0.0,0.0,0.0,0.0,0.0,0.0,0.0,0.0,0.0,0.0,0.0,0.0,0.0,0.0,0.0,0.0,0.0,0.0,0.0,0.0,0.0,0.0,0.0,0.0,0.0,0.0,0.0,0.0,0.0,0.0,0.0,0.0,0.0,0.0,0.0,0.0,0.0,0.0,0.0,0.0,0.0,0.0,0.0,0.0,0.0,0.0,0.0,0.0,0.0,0.0,0.0,0.0,0.0,0.0,0.0,0.0,0.0,0.0,0.0,0.0,0.0,0.0,0.0,0.0,0.0,0.0,0.0,0.0,0.0,0.0,0.0,0.0,0.0,0.0,0.0,0.0,0.0,0.0,0.0,0.0,0.0,0.0,0.0
CRR1012463,1,0.0,0.1395,0.00547,0.0,1.44114,20.464530000000003,17.89221,0.0,0.14073,10.4078,0.35806,0.20512000000000002,0.0,36.111079999999994,0.26328,0.16629,0.0,0.0,0.0,0.62241,0.07306000000000001,0.01861,0.41489000000000004,7.07434,0.00167,0.0,0.0,0.39521,2.4493,0.0,0.0,0.0,0.0,0.0,0.0,0.0,0.0,0.0,0.0,0.0,0.00151,0.08918,0.00201,0.0,0.0,0.0,0.0,0.44281,0.0,0.0,0.08893,0.0,0.0,0.00406,0.0,0.0,0.0,0.0,0.0,0.0,0.0,0.0,0.0,0.0,0.0,0.0,0.0,0.0,0.0,0.0,0.0,0.00076,0.0,0.0,0.0,0.0,0.0,0.0,0.0,0.00203,0.0,0.0,0.0,0.0,0.0,0.14645,0.0,0.0,0.0,0.0,0.0,0.0,0.0,0.0,0.0,0.0,0.51672,0.0,0.0,0.0,0.00612,0.0,0.0,0.0,0.0,0.0,0.02887,0.0,0.0,0.0,0.0,0.0,0.0,0.0,0.0,0.0,0.0,0.0,0.0,0.0,0.0,0.0,0.0,0.0,0.0,0.0,0.01614,0.0,0.0,0.0,0.0,0.0,0.0,0.0,0.0,0.0,0.0,0.0,0.0,0.0,0.0,0.0,0.0,0.0,0.0,0.0,0.0,0.0,0.0,0.0,0.0,0.0,0.0,0.0,0.0,0.0,0.0,0.00971,0.0,0.0,0.0,0.0,0.0,0.0,0.0,0.0,0.0,0.0,0.0,0.0,0.0,0.0,0.0,0.0,0.0,0.0,0.0,0.0,0.0,0.0,0.0,0.0,0.0,0.0,0.0,0.0,0.0,0.0,0.0,0.0,0.0,0.0,0.0,0.0,0.0,0.0,0.0,0.0,0.0,0.0,0.0,0.0,0.0,0.0,0.0,0.0,0.0,0.0,0.0,0.0,0.0,0.0,0.0,0.0,0.0,0.0,0.0,0.0,0.0,0.0,0.0,0.0,0.0,0.0,0.0,0.0,0.0,0.0,0.0,0.0,0.0,0.0,0.0,0.0,0.0,0.0,0.0,0.0,0.0,0.0,0.0,0.0,0.0,0.0,0.0,0.0,0.0,0.0,0.0,0.0,0.0,0.0,0.0,0.0,0.0,0.0,0.0,0.0,0.0,0.0,0.0,0.0,0.0,0.0,0.0,0.0,0.0,0.0,0.0,0.0,0.0,0.0,0.0,0.0,0.0,0.0,0.0,0.0,0.0,0.0,0.0,0.0,0.0,0.0,0.0,0.0,0.0,0.0,0.0,0.0,0.0,0.0,0.0,0.0,0.0,0.0,0.0,0.0,0.0,0.0,0.0,0.0,0.0,0.0,0.0,0.0,0.0,0.0,0.0,0.0,0.0,0.0,0.0,0.0,0.0,0.0,0.0,0.0
CRR1012474,1,0.0,14.98683,3.67574,0.0,6.3316099999999995,28.544010000000004,0.26252,0.0,0.20803,5.629470000000001,1.6198700000000001,0.66072,0.0,10.57937,1.66155,0.26614999999999994,0.0,0.0,0.0064,0.05411,0.84676,0.0,0.88044,17.99459,0.25505,0.0,0.0,0.0,0.0,0.0,0.0,0.0,0.0,0.0,0.01082,0.0,0.0,0.0,0.19034,0.0,0.0,0.0,0.00268,0.0,0.0,0.0,0.0,0.02908,0.0,0.0,0.0,0.0,0.0,0.0,0.0,0.0,0.0,0.0,0.0,0.0,0.0,0.0,0.0,0.0,0.0,0.0,0.0,0.0,0.0,0.0141,0.0,0.7511599999999999,0.0,0.04215,0.0,0.0,0.0,0.0,0.0,0.0,0.0,0.0,0.0,0.0,0.0,0.09788,0.0,0.0,0.0,0.0,0.0,0.0,0.0,0.0,0.0,0.0,2.545,0.0,0.0,0.0,0.00607,0.0,0.0,0.0,0.0,0.0,0.0,0.0,0.0,0.0,0.0,0.0,1.83561,0.0,0.0,0.0,0.0,0.0,0.0,0.0,0.0,0.0,0.0,0.0,0.0,0.0,0.0,0.0,0.0,0.0,0.0,0.0,0.0,0.0,0.0,0.0,0.0,0.0,0.0,0.0,0.0,0.0,0.0,0.0,0.0,0.0,0.0,0.0,0.0,0.0,0.0,0.0,0.0,0.0,0.0,0.0,0.0,0.0,0.01078,0.00116,0.0,0.0,0.0,0.0,0.0,0.0,0.0,0.0,0.0,0.0,0.0,0.0,0.0,0.0,0.0,0.0,0.0,0.0,0.0,0.0,0.0,0.0,0.0,0.0,0.0,0.0,0.0,0.0,0.0,0.0,0.0,0.0,0.0,0.0,0.0,0.0,0.0,0.0,0.0,0.0,0.0,0.0,0.0,0.0,0.0,0.0,0.0,0.0,0.0,0.0,0.0,0.0,0.0,0.0,0.0,0.0,0.0,0.0,0.0,0.0,0.0,0.0,0.0,0.0,0.0,0.0,0.0,0.0,0.0,0.0,0.0,0.0,0.0,0.0,0.0,0.0,0.0,0.0,0.0,0.0,0.0,0.0,0.0,0.0,0.0,0.0,0.0,0.0,0.0,0.0,0.0,0.0,0.0,0.0,0.0,0.0,0.0,0.0,0.0,0.0,0.0,0.0,0.0,0.0,0.0,0.0,0.0,0.0,0.0,0.0,0.0,0.0,0.0,0.0,0.0,0.0,0.0,0.0,0.0,0.0,0.0,0.0,0.0,0.0,0.0,0.0,0.0,0.0,0.0,0.0,0.0,0.0,0.0,0.0,0.0,0.0,0.0,0.0,0.0,0.0,0.0,0.0,0.0,0.0,0.0,0.0,0.0,0.0,0.0,0.0,0.0,0.0,0.0,0.0,0.0,0.0,0.0,0.0
CRR1012564,0,0.0,3.81434,7.75157,0.0,0.44247999999999993,8.25586,0.19591999999999998,0.0,0.46810999999999997,20.946279999999994,0.35669,0.04901,0.0,31.21105,0.88749,0.01422,0.0,0.00366,1.22239,0.30793,0.77194,0.22111,6.076840000000001,0.0,0.5868899999999999,0.0,0.0,0.10227,0.06519,0.33288,0.0,0.0,0.0,0.0,0.0,0.03304,0.0,0.0,0.0,0.0,0.97554,0.0,0.11019,0.0,0.0,0.00098,0.0,0.56874,0.13284,0.21574,0.7798,0.0,0.0,1.5587199999999999,0.0,0.0,0.0,0.0,0.0,0.0,0.0,0.00562,0.0,0.03343,0.0,0.0,0.0,0.0011,0.00523,0.0,0.0,10.56503,0.07801999999999999,0.02622,0.0,0.0,0.0,0.0,0.0,0.00167,0.0,0.0,0.0,0.0,0.2251,0.20562,0.0164,0.04115,0.0,0.0,0.02796,0.0,0.0,0.00101,0.0,0.0,0.00084,0.02213,0.0,0.0,0.0443,0.0101,0.0,0.0,0.0,0.0,0.0,0.0,0.0,0.0,0.0,0.0,0.0,0.0,0.0,0.0,0.0,0.0,0.0,0.0,0.0,0.0,0.0,0.0,0.0,0.0,0.0,0.0,0.0,0.0,0.0,0.0,0.0,0.0,0.0,0.0,0.0,0.0,0.0,0.0,0.0,0.0,0.0,0.00022,0.0,0.0,0.0,0.0,0.0,0.0,0.0,0.0,0.00471,0.0,0.0,0.0,0.0,0.0,0.0,0.0,0.19492,0.01708,0.01143,0.00094,0.00011,0.0,0.0,0.0,0.0,0.0,0.0,0.0,0.0,0.0,0.0,0.0,0.0,0.0,0.0,0.0,0.0,0.0,0.0,0.0,0.0,0.0,0.0,0.0,0.0,0.0,0.0,0.0,0.0,0.0,0.0,0.0,0.0,0.0,0.0,0.0,0.0,0.0,0.0,0.0,0.0,0.0,0.0,0.0,0.0,0.0,0.0,0.0,0.0,0.0,0.0,0.0,0.0,0.0,0.0,0.0,0.0,0.0,0.0,0.0,0.0,0.0,0.0,0.0,0.0,0.0,0.0,0.0,0.0,0.0,0.0,0.0,0.0,0.0,0.0,0.0,0.0,0.0,0.0,0.0,0.0,0.0,0.0,0.0,0.0,0.0,0.0,0.0,0.0,0.0,0.0,0.0,0.0,0.0,0.0,0.0,0.0,0.0,0.0,0.0,0.0,0.0,0.0,0.0,0.0,0.0,0.0,0.0,0.0,0.0,0.0,0.0,0.0,0.0,0.0,0.0,0.0,0.0,0.0,0.0,0.0,0.0,0.0,0.0,0.0,0.0,0.0,0.0,0.0,0.0,0.0,0.0,0.0,0.0,0.0,0.0,0.0,0.0,0.0,0.0,0.0,0.0,0.0,0.0,0.0,0.0,0.0,0.0,0.0,0.0,0.0,0.0,0.0,0.0
CRR1012471,1,0.00471,11.223370000000001,11.855379999999998,0.0,0.29867,5.72959,0.19299,0.0,0.18363000000000002,29.978279999999998,0.47433,0.10500999999999999,0.0,13.419410000000001,0.4362099999999999,0.34898,0.0,0.11457,1.23088,0.0317,0.20157,0.39779,0.5116600000000001,0.48218,5.6954199999999995,0.0,0.0,0.02275,0.86385,0.0,0.00062,0.00608,8e-05,0.0,0.0,0.0,0.0,0.012820000000000002,0.0,0.00887,1.15194,0.00738,0.00272,0.0,0.0,0.0,0.0,0.4194,0.03107,2.00568,0.0,0.0,0.20555,1.4705300000000001,0.0,0.0,0.02522,0.0,0.0,0.0,0.01901,0.01075,0.0,0.004,0.0,0.00979,0.0,0.00435,0.0,0.00105,0.00367,2.63042,0.27581,0.00272,0.00843,0.15568,0.04916,0.00262,0.0,0.0,0.0,0.0,0.0,0.0,0.0,0.0,0.01363,0.0,0.0,0.0,0.76506,0.0,0.0,0.0,0.0,0.0,0.0,0.0,0.0,1.69802,0.0,0.00721,0.037360000000000004,0.59028,0.0,0.0,0.10788,0.0,0.0007,0.0,0.0,0.00669,0.0,3.7719700000000005,0.0,0.0,0.0,0.0,0.0,0.0,0.0,0.0,0.0,0.0,0.0,0.0,0.0,0.0,0.0,0.0,0.0,0.0,0.0,0.0,0.0,0.08215,0.04994,0.0,0.02752,0.0,0.00779,0.0,0.0,0.00301,0.0,0.0,0.00396,0.0,0.0,0.0,0.0,0.01081,0.0,0.01454,0.02752,0.0,0.0,0.0,0.0,0.0,0.0,0.0,0.06061,0.0,0.0,0.19946,0.06718,0.04549,0.03446,0.02648,0.00748,0.00402,0.00043,0.0,0.0,0.0,0.0,0.0,0.0,0.0,0.0,0.0,0.0,0.0,0.0,0.0,0.0,0.0,0.0,0.0,0.0,0.0,0.0,0.0,0.0,0.0,0.0,0.0,0.0,0.0,0.0,0.0,0.0,0.0,0.0,0.0,0.0,0.0,0.0,0.0,0.0,0.0,0.0,0.0,0.0,0.0,0.0,0.0,0.0,0.0,0.0,0.0,0.0,0.0,0.0,0.0,0.0,0.0,0.0,0.0,0.0,0.0,0.0,0.0,0.0,0.0,0.0,0.0,0.0,0.0,0.0,0.0,0.0,0.0,0.0,0.0,0.0,0.0,0.0,0.0,0.0,0.0,0.0,0.0,0.0,0.0,0.0,0.0,0.0,0.0,0.0,0.0,0.0,0.0,0.0,0.0,0.0,0.0,0.0,0.0,0.0,0.0,0.0,0.0,0.0,0.0,0.0,0.0,0.0,0.0,0.0,0.0,0.0,0.0,0.0,0.0,0.0,0.0,0.0,0.0,0.0,0.0,0.0,0.0,0.0,0.0,0.0,0.0,0.0,0.0,0.0,0.0,0.0,0.0,0.0,0.0,0.0,0.0,0.0,0.0,0.0,0.0,0.0,0.0,0.0,0.0,0.0,0.0
CRR1012380,0,0.0,1.0520199999999997,0.0,0.0,0.06628,1.43515,21.91406,0.0,2.4988200000000003,9.743199999999998,0.00191,0.01649,0.0,33.772,0.8979500000000001,0.08767,0.04161,0.23845,0.029830000000000002,1.7953100000000002,2.7591499999999995,2.30818,2.4888700000000004,0.8511700000000001,1.9085800000000002,0.0,0.01465,0.15291,2.59033,0.0,0.0061,0.0,0.0,0.0,0.0,0.37983,0.00506,0.0,0.026510000000000002,0.0,0.0,3.04054,0.5768999999999999,0.0,0.0,0.07021,0.00058,0.05701,0.11843,0.00367,0.0,0.0,0.0,0.0,0.0,0.0,0.0,0.0,0.0,0.01869,0.0,0.01555,0.0,0.12427,0.0,0.0,0.0,0.0005,0.12228,0.0176,0.0,3.7519299999999998,0.0,0.09131,0.0,0.0,0.0,0.00121,0.0,0.02154,0.01371,0.0,0.0,0.0,1.40032,0.12626,0.00013,0.0,0.0,0.19993,0.0,0.0,0.0,0.00502,0.0,0.0,3.05302,0.03743,0.01113,0.0,0.02721,0.0,0.0,0.0,0.0,0.0,0.0,0.0,0.0,0.0,0.0,0.0,0.0,0.0,0.0,0.0,0.0,0.0,0.0,0.0,0.0,0.0,0.0,0.0,0.0,0.0,0.0,0.0,0.0,0.0,0.0,0.00497,0.0,0.0,0.0,0.0,0.0,0.0,0.0,0.0,0.0,0.0,0.0,0.0,0.0,0.0,0.0,0.0,0.0,0.0,0.0,0.0,0.0,0.0,0.0,0.0,0.0,0.0,0.0,0.0,0.0,0.0,0.0,0.0,0.0,0.0,0.0,0.0,0.0,0.0,0.0,0.0,0.0,0.00666,0.0,0.0,0.0,0.0,0.0,0.0,0.0,0.0,0.0,0.0,0.0,0.0,0.0,0.0,0.0,0.0,0.0,0.0,0.0,0.0,0.0,0.0,0.0,0.0,0.0,0.0,0.0,0.0,0.0,0.0,0.0,0.0,0.0,0.0,0.0,0.0,0.0,0.0,0.0,0.0,0.0,0.0,0.0,0.0,0.0,0.0,0.0,0.0,0.0,0.0,0.0,0.0,0.0,0.0,0.0,0.0,0.0,0.0,0.0,0.0,0.0,0.0,0.0,0.0,0.0,0.0,0.0,0.0,0.0,0.0,0.0,0.0,0.0,0.0,0.0,0.0,0.0,0.0,0.0,0.0,0.0,0.0,0.0,0.0,0.0,0.0,0.0,0.0,0.0,0.0,0.0,0.0,0.0,0.0,0.0,0.0,0.0,0.0,0.0,0.0,0.0,0.0,0.0,0.0,0.0,0.0,0.0,0.0,0.0,0.0,0.0,0.0,0.0,0.0,0.0,0.0,0.0,0.0,0.0,0.0,0.0,0.0,0.0,0.0,0.0,0.0,0.0,0.0,0.0,0.0,0.0,0.0,0.0,0.0,0.0,0.0,0.0,0.0,0.0,0.0,0.0,0.0,0.0,0.0
CRR1012687,0,0.019889999999999998,7.09553,1.24453,0.00993,0.3985699999999999,9.02073,0.044160000000000005,7.28497,0.81988,10.658789999999996,0.41592,0.42383,0.0,19.071820000000002,1.4252199999999997,1.0367,0.012799999999999999,0.34716,0.0635,0.08899,0.58544,0.63407,0.01343,9.0973,1.69764,0.0,0.0,0.4646,0.11908,0.0,0.00608,0.0,0.0,0.0,0.0,0.00349,0.0,0.033,0.01431,0.04719,0.71803,0.0,0.0,0.0,0.00021,0.0074199999999999995,0.0,0.017849999999999998,0.46242,5.967499999999999,1.921,2.1131,0.22157,2.4267399999999997,0.05264,0.0,0.45907,0.00142,0.0,0.0,0.0,0.05043,1.46054,0.0,0.0,0.00863,0.00117,0.00378,0.0,0.00434,0.0,0.96821,1.52893,0.00646,0.01878,1.77047,0.0,0.00869,0.00959,0.00011,0.0,0.0,0.02381,0.0,0.0,0.0,0.16693,0.0,0.22501,0.0,1.49929,0.0,0.03429,0.0,0.0,0.0,0.0,0.0,0.0,3.20435,0.0,0.03594,0.08465,0.1037,0.04617,0.03513,0.09749,0.00433,0.0,0.0045,0.00944,0.0,0.0,0.21789,0.0,0.03109,0.0,0.0,0.0,0.0,0.05952,0.06032,0.0,0.0,0.0,0.0,0.0,0.0,0.0,0.00387,0.0,0.0,0.0,0.0,0.0,0.0,0.01114,0.0,0.03737,0.0,0.02496,0.0,0.0,0.32827,0.0,0.0,0.00204,0.0,0.0,0.21916,0.0,0.00043,0.00109,0.0,0.01919,0.0,0.0,0.0,0.0,0.0,0.0,0.0,0.1209,0.0,0.01085,0.0,0.0,0.0625,0.0,0.0,0.0,0.0,0.0,0.0,0.39297,0.20773,0.17729,0.01019,0.01019,0.00681,0.00156,0.0,0.0,0.0,0.0,0.0,0.0,0.0,0.0,0.0,0.0,0.0,0.0,0.0,0.0,0.0,0.0,0.0,0.0,0.0,0.0,0.0,0.0,0.0,0.0,0.0,0.0,0.0,0.0,0.0,0.0,0.0,0.0,0.0,0.0,0.0,0.0,0.0,0.0,0.0,0.0,0.0,0.0,0.0,0.0,0.0,0.0,0.0,0.0,0.0,0.0,0.0,0.0,0.0,0.0,0.0,0.0,0.0,0.0,0.0,0.0,0.0,0.0,0.0,0.0,0.0,0.0,0.0,0.0,0.0,0.0,0.0,0.0,0.0,0.0,0.0,0.0,0.0,0.0,0.0,0.0,0.0,0.0,0.0,0.0,0.0,0.0,0.0,0.0,0.0,0.0,0.0,0.0,0.0,0.0,0.0,0.0,0.0,0.0,0.0,0.0,0.0,0.0,0.0,0.0,0.0,0.0,0.0,0.0,0.0,0.0,0.0,0.0,0.0,0.0,0.0,0.0,0.0,0.0,0.0,0.0,0.0,0.0,0.0,0.0,0.0,0.0,0.0,0.0,0.0,0.0,0.0,0.0,0.0,0.0,0.0,0.0,0.0
CRR1012452,1,0.0,2.4299,2.47133,0.0,0.21195,1.0796700000000001,4.213550000000001,0.0,1.11672,10.05049,0.00899,1.11042,0.0,26.09865,0.45727,1.01703,0.01022,0.36559,0.09876,0.46489,5.47175,4.22447,0.29080000000000006,0.36097,3.13936,0.0,0.01021,1.9909599999999998,23.931220000000003,0.0,0.0266,0.0,0.0,0.0,0.0,0.04936,0.0,0.0,0.00973,0.12075,0.00883,0.34574,0.06182,0.0,0.0,0.0,0.0,0.049389999999999996,0.0,0.0,0.02216,0.0,0.0,0.33228,0.61914,0.0,0.0,0.0,0.0,0.0,0.0,0.0098,0.0,0.0,0.0,0.0,0.0,0.02316,0.01224,0.0,0.0,5.8021,0.0,0.00368,0.04026,0.48578,0.0,0.0,0.0,0.0,0.01456,0.0,0.07384,0.0,1.05182,0.15494,0.0,0.0,0.0,0.02885,0.0,0.0,0.0,0.01414,0.0,0.0,0.0,0.00275,0.00396,0.0,0.00265,0.0,0.0,0.0,0.0,0.0,0.0,0.0,0.0,0.0,0.0,0.0,0.0,0.0,0.0,0.0,0.0,0.0,0.0,0.0,0.0,0.0,0.0,0.0,0.0,0.0,0.0,0.0,0.0,0.0,0.0,0.0,0.0,0.0,0.0,0.0,0.0,0.0,0.0,0.00208,0.0,0.0,0.0,0.0,0.0,0.0,0.0,0.0,0.0,0.0,0.0,0.0,0.0,0.0,0.0,0.0,0.0,0.0,0.0,0.0,0.0,0.0,0.0,0.0,0.0,0.0,0.0,0.0,0.0,0.0,0.0,0.0,0.0,0.0,0.0,0.0,0.0,0.0,0.0,0.0,0.0,0.00242,0.0,0.0,0.0,0.0,0.0,0.0,0.0,0.0,0.0,0.0,0.0,0.0,0.0,0.0,0.0,0.0,0.0,0.0,0.0,0.0,0.0,0.0,0.0,0.0,0.0,0.0,0.0,0.0,0.0,0.0,0.0,0.0,0.0,0.0,0.0,0.0,0.0,0.0,0.0,0.0,0.0,0.0,0.0,0.0,0.0,0.0,0.0,0.0,0.0,0.0,0.0,0.0,0.0,0.0,0.0,0.0,0.0,0.0,0.0,0.0,0.0,0.0,0.0,0.0,0.0,0.0,0.0,0.0,0.0,0.0,0.0,0.0,0.0,0.0,0.0,0.0,0.0,0.0,0.0,0.0,0.0,0.0,0.0,0.0,0.0,0.0,0.0,0.0,0.0,0.0,0.0,0.0,0.0,0.0,0.0,0.0,0.0,0.0,0.0,0.0,0.0,0.0,0.0,0.0,0.0,0.0,0.0,0.0,0.0,0.0,0.0,0.0,0.0,0.0,0.0,0.0,0.0,0.0,0.0,0.0,0.0,0.0,0.0,0.0,0.0,0.0,0.0,0.0,0.0,0.0,0.0,0.0,0.0,0.0,0.0,0.0
CRR1012578,0,0.01649,1.37121,0.70751,0.0,0.25904999999999995,8.15037,0.19417,0.18937,1.29374,17.599169999999997,0.1537,1.83966,1.58836,17.27569,2.41345,0.02624,0.03699,0.05878,0.05448,0.30239000000000005,0.66782,2.774,0.26955,37.995900000000006,0.22352,0.0,0.0,0.19261,0.01894,0.0,0.0,0.07227,0.0,0.0,0.0,0.01208,0.0,0.03454,0.0,0.01744,0.0,0.0,0.0,0.0,0.04166,0.0,0.0,0.07416,0.06324,0.00099,0.0,0.0,0.10107,0.05572,0.05272,0.0,0.05651,0.0,0.0,0.1334,0.02286,0.00647,0.0,0.10112,0.24922,0.08057,0.04937,0.05618,0.00423,0.01619,0.0,0.22566000000000003,0.0,0.07753,0.0556,0.0,0.00786,0.0,0.0,0.0,0.03406,0.0,0.0,0.0,0.28616,0.0,0.0,0.0,0.0,0.0,0.54794,0.0,0.51477,0.0,0.00682,0.0,0.0,0.0,0.0,0.0,0.0084,0.0,0.0,0.0,0.0,0.01074,0.0,0.0,0.0,0.02232,0.0,0.0,0.0,0.02041,0.0,0.0327,0.09054,0.0,0.39341,0.0,0.0,0.0,0.0,0.0,0.0,0.00593,0.0,0.0,0.0,0.0,0.0,0.0,0.0,0.0,0.40802,0.0,0.0,0.0,0.0,0.0,0.0,0.0,0.0,0.24456,0.0,0.0,0.0,0.0,0.0,0.00288,0.0,0.0,0.0,0.0033,0.0,0.0,0.0,0.0,0.0,0.0,0.0,0.0,0.0,0.0,0.00984,0.0,0.0,0.0,0.0,0.0,0.0,0.0,0.0,0.0,0.0,0.0,0.0,0.0,0.0,0.0,0.0,0.0,0.01367,0.00166,0.0,0.0,0.0,0.0,0.0,0.0,0.0,0.0,0.0,0.0,0.0,0.0,0.0,0.0,0.0,0.0,0.0,0.0,0.0,0.0,0.0,0.0,0.0,0.0,0.0,0.0,0.0,0.0,0.0,0.0,0.0,0.0,0.0,0.0,0.0,0.0,0.0,0.0,0.0,0.0,0.0,0.0,0.0,0.0,0.0,0.0,0.0,0.0,0.0,0.0,0.0,0.0,0.0,0.0,0.0,0.0,0.0,0.0,0.0,0.0,0.0,0.0,0.0,0.0,0.0,0.0,0.0,0.0,0.0,0.0,0.0,0.0,0.0,0.0,0.0,0.0,0.0,0.0,0.0,0.0,0.0,0.0,0.0,0.0,0.0,0.0,0.0,0.0,0.0,0.0,0.0,0.0,0.0,0.0,0.0,0.0,0.0,0.0,0.0,0.0,0.0,0.0,0.0,0.0,0.0,0.0,0.0,0.0,0.0,0.0,0.0,0.0,0.0,0.0,0.0,0.0,0.0,0.0,0.0,0.0,0.0,0.0,0.0,0.0,0.0,0.0,0.0,0.0,0.0,0.0,0.0,0.0,0.0,0.0
CRR1012617,0,0.0,0.0,0.0,0.0,0.0,0.0,0.0,0.0,0.53776,9.9046,0.0,0.0,0.0,39.20699,0.20345,0.0,0.0,0.006319999999999999,0.0,0.25004,1.67434,0.0,0.53911,0.05591,37.56677,0.0,0.0,0.44362,6.30136,0.0,0.00953,0.0,0.0,0.0,0.01135,0.00129,0.0,0.0,0.07927,0.0,0.0,0.0,0.02225,0.0,0.0,0.0,0.00284,0.56363,0.0,0.0,0.0,0.0,0.0,0.0,0.00525,0.0,0.0,0.0,0.0,0.0,0.0,0.0286,0.0,0.0,0.0,0.0,0.0,0.0,0.0,0.0,0.0,2.5453,0.0,0.0,0.0,0.0,0.0,0.0,0.0,0.00451,0.0,0.0,0.0,0.0,0.0,0.02599,0.0,0.0,0.0,0.0,0.0,0.0,0.0,0.0,0.0,0.0,0.0,0.0,0.00481,0.0,0.00511,0.0,0.0,0.0,0.0,0.0,0.0,0.0,0.0,0.0,0.0,0.0,0.0,0.0,0.0,0.0,0.0,0.0,0.0,0.0,0.0,0.0,0.0,0.0,0.0,0.0,0.0,0.0,0.0,0.0,0.0,0.0,0.0,0.0,0.0,0.0,0.0,0.0,0.0,0.0,0.0,0.0,0.0,0.0,0.0,0.0,0.0,0.0,0.0,0.0,0.0,0.0,0.0,0.0,0.0,0.0,0.0,0.0,0.0,0.0,0.0,0.0,0.0,0.0,0.0,0.0,0.0,0.0,0.0,0.0,0.0,0.0,0.0,0.0,0.0,0.0,0.0,0.0,0.0,0.0,0.0,0.0,0.0,0.0,0.0,0.0,0.0,0.0,0.0,0.0,0.0,0.0,0.0,0.0,0.0,0.0,0.0,0.0,0.0,0.0,0.0,0.0,0.0,0.0,0.0,0.0,0.0,0.0,0.0,0.0,0.0,0.0,0.0,0.0,0.0,0.0,0.0,0.0,0.0,0.0,0.0,0.0,0.0,0.0,0.0,0.0,0.0,0.0,0.0,0.0,0.0,0.0,0.0,0.0,0.0,0.0,0.0,0.0,0.0,0.0,0.0,0.0,0.0,0.0,0.0,0.0,0.0,0.0,0.0,0.0,0.0,0.0,0.0,0.0,0.0,0.0,0.0,0.0,0.0,0.0,0.0,0.0,0.0,0.0,0.0,0.0,0.0,0.0,0.0,0.0,0.0,0.0,0.0,0.0,0.0,0.0,0.0,0.0,0.0,0.0,0.0,0.0,0.0,0.0,0.0,0.0,0.0,0.0,0.0,0.0,0.0,0.0,0.0,0.0,0.0,0.0,0.0,0.0,0.0,0.0,0.0,0.0,0.0,0.0,0.0,0.0,0.0,0.0,0.0,0.0,0.0,0.0,0.0,0.0,0.0,0.0,0.0,0.0
CRR1012467,1,0.0,11.438379999999999,0.0,0.0,1.72604,13.57789,0.07514,0.0,1.03321,21.420840000000002,0.64253,0.0,0.0,23.094910000000013,2.1437700000000004,0.02045,0.02139,0.16604,0.04136,0.32686000000000004,1.25617,3.57774,0.65576,0.02658,12.274080000000001,0.0,0.0,0.23911,0.56406,0.0,0.0,0.0,0.0,0.0,0.0,0.0,0.0,0.0,0.0,0.0,2.4038999999999997,0.0,0.0,0.00406,0.0,0.0,0.0,0.39375,0.08388999999999999,0.0,0.0,0.0,0.0,0.0,0.00447,0.0,0.0,0.0,0.0,0.04093,0.04141,0.01941,0.0,0.00605,0.0,0.02581,0.0,0.0,0.0,0.02655,0.0,1.49014,0.33259,0.04941,0.03319,0.0,0.0,0.00217,0.00455,0.00147,0.0,0.0,0.0,0.0,0.07281,0.06495,0.23797,0.0,0.0,0.14155,0.0,0.0,0.0,0.0,0.0,0.0,0.0,0.0,0.0,0.0,0.00258,0.0,0.0,0.0,0.0,0.0,0.0,0.0,0.0,0.07814,0.0,0.0,0.0,0.0,0.0,0.0,0.0,0.0,0.0,0.0,0.0,0.0,0.01609,0.0,0.0,0.0,0.0,0.0,0.0,0.0,0.0,0.0,0.0,0.0,0.0,0.0,0.0,0.0,0.0,0.0,0.0,0.0,0.0,0.0,0.0,0.0,0.0,0.0,0.0,0.0,0.0,0.0,0.0,0.0,0.0,0.0,0.02134,0.0,0.0,0.0,0.0,0.0,0.0,0.0,0.0,0.0,0.0,0.0,0.0,0.0,0.0,0.0,0.0,0.0,0.0,0.0,0.0,0.0,0.0,0.0,0.0,0.0,0.0,0.0,0.07624,0.00232,0.0,0.0,0.0,0.0,0.0,0.0,0.0,0.0,0.0,0.0,0.0,0.0,0.0,0.0,0.0,0.0,0.0,0.0,0.0,0.0,0.0,0.0,0.0,0.0,0.0,0.0,0.0,0.0,0.0,0.0,0.0,0.0,0.0,0.0,0.0,0.0,0.0,0.0,0.0,0.0,0.0,0.0,0.0,0.0,0.0,0.0,0.0,0.0,0.0,0.0,0.0,0.0,0.0,0.0,0.0,0.0,0.0,0.0,0.0,0.0,0.0,0.0,0.0,0.0,0.0,0.0,0.0,0.0,0.0,0.0,0.0,0.0,0.0,0.0,0.0,0.0,0.0,0.0,0.0,0.0,0.0,0.0,0.0,0.0,0.0,0.0,0.0,0.0,0.0,0.0,0.0,0.0,0.0,0.0,0.0,0.0,0.0,0.0,0.0,0.0,0.0,0.0,0.0,0.0,0.0,0.0,0.0,0.0,0.0,0.0,0.0,0.0,0.0,0.0,0.0,0.0,0.0,0.0,0.0,0.0,0.0,0.0,0.0,0.0,0.0,0.0,0.0,0.0,0.0,0.0,0.0,0.0
CRR1012666,0,0.0,0.49163999999999997,1.63176,0.0,0.9091899999999999,2.7202100000000007,0.53011,0.0,5.22916,24.37563,0.15753,0.16946,0.0,43.24461999999998,0.78636,0.32016,0.0,0.06278,0.0695,2.65069,0.8499,2.74172,1.0355800000000002,0.05233,1.01664,0.0,0.00537,0.7161800000000001,0.14647,0.0,0.00184,0.14968,0.0,0.0,0.0,0.056889999999999996,0.00457,0.0,0.40695,0.0,0.0,0.0,0.01567,0.0,0.0,0.02243,0.0,0.0696,0.0,0.0,0.0,0.0,0.0,0.83435,0.0116,0.0,0.0,0.0,0.0,0.0,0.0,1.29021,0.0,0.0,0.0,0.0,0.0,0.0,0.0,0.0,0.0,0.04257,0.0,0.00512,0.0,0.0,0.0,0.01276,0.0,0.00615,0.0,0.0,0.0,0.0,0.00051,0.00061,0.0,0.0,0.0,0.16738,0.0,0.0,0.0,0.0,0.0,0.0,0.0,0.0,0.03876,6.94215,0.0043,0.0,0.0,0.0,0.0,0.0,0.0,0.0,0.0,0.0,0.0,0.0,0.0,0.0,0.0,0.0,0.0,0.0,0.0,0.0,0.0,0.0,0.0,0.0,0.0,0.0,0.0,0.0,0.0,0.0,0.0,0.0,0.0,0.0,0.0,0.0,0.0,0.0,0.0,0.0,0.0,0.0,0.0,0.0,0.0,0.0,0.0,0.0,0.0,0.0,0.0,0.0,0.0,0.0,0.0,0.0,0.0,0.00294,0.0,0.0,0.0,0.0,0.0,0.0,0.0,0.0,0.0,0.0,0.0,0.0,0.0,0.0,0.0,0.0,0.0,0.0,0.0,0.0,0.0,0.0,0.0,0.0,0.0,0.0,0.0,0.0,0.0,0.0,0.0,0.0,0.0,0.0,0.0,0.0,0.0,0.0,0.0,0.0,0.0,0.0,0.0,0.0,0.0,0.0,0.0,0.0,0.0,0.0,0.0,0.0,0.0,0.0,0.0,0.0,0.0,0.0,0.0,0.0,0.0,0.0,0.0,0.0,0.0,0.0,0.0,0.0,0.0,0.0,0.0,0.0,0.0,0.0,0.0,0.0,0.0,0.0,0.0,0.0,0.0,0.0,0.0,0.0,0.0,0.0,0.0,0.0,0.0,0.0,0.0,0.0,0.0,0.0,0.0,0.0,0.0,0.0,0.0,0.0,0.0,0.0,0.0,0.0,0.0,0.0,0.0,0.0,0.0,0.0,0.0,0.0,0.0,0.0,0.0,0.0,0.0,0.0,0.0,0.0,0.0,0.0,0.0,0.0,0.0,0.0,0.0,0.0,0.0,0.0,0.0,0.0,0.0,0.0,0.0,0.0,0.0,0.0,0.0,0.0,0.0,0.0,0.0,0.0,0.0,0.0,0.0,0.0,0.0,0.0,0.0,0.0,0.0,0.0,0.0,0.0,0.0,0.0,0.0,0.0
CRR1012541,0,0.0967,1.9475699999999998,0.0,0.0,0.06888,4.4235,2.01547,0.0,1.21239,12.56281,0.30755,0.42299,0.46845,50.81420000000001,3.5092799999999995,2.63115,0.11697,0.4065500000000001,0.0,2.43077,0.32647,0.0,0.33304999999999996,0.27678,0.6570999999999999,0.0,0.00488,0.22586,0.65646,0.0,0.06092,0.0,0.0,0.0,0.00074,0.14859,0.0,0.05159,0.0,0.0,0.0,0.0,0.20248,0.0,0.0,0.0,0.0,1.36501,0.0,0.0,0.0,0.0,0.0,0.0,0.01933,0.0,0.00342,0.0,0.0,0.61188,0.0,0.02019,0.0,0.0,0.0,0.34037,0.0,0.04826,0.09148,0.0,0.0,0.38247,0.0,0.0,0.0,0.0,0.0,0.0,0.0,0.0,0.0,0.0,0.0,0.0,9.14609,0.12438,0.64245,0.74224,0.0,0.0,0.0,0.0,0.0,0.0027,0.00851,0.0,0.0,0.01857,0.00399,0.0,0.03139,0.0,0.0,0.0,0.0,0.0,0.0,0.0,0.0,0.0,0.0,0.0,0.0,0.0,0.0,0.0,0.0,0.0,0.0,0.0,0.0,0.0,0.0,0.0,0.0,0.0,0.0,0.0,0.0,0.0,0.0,0.0,0.0,0.0,0.0,0.0,0.0,0.0,0.0,0.0,0.0,0.0,0.0,0.0,0.0,0.0,0.0,0.0,0.0,0.0,0.0,0.0,0.0,0.0,0.0,0.0,0.0,0.0,0.01712,0.0,0.0,0.0,0.0,0.0,0.0,0.0,0.0,0.0,0.0,0.0,0.0,0.0,0.0,0.0,0.0,0.0,0.0,0.0,0.0,0.0,0.0,0.0,0.0,0.0,0.0,0.0,0.0,0.0,0.0,0.0,0.0,0.0,0.0,0.0,0.0,0.0,0.0,0.0,0.0,0.0,0.0,0.0,0.0,0.0,0.0,0.0,0.0,0.0,0.0,0.0,0.0,0.0,0.0,0.0,0.0,0.0,0.0,0.0,0.0,0.0,0.0,0.0,0.0,0.0,0.0,0.0,0.0,0.0,0.0,0.0,0.0,0.0,0.0,0.0,0.0,0.0,0.0,0.0,0.0,0.0,0.0,0.0,0.0,0.0,0.0,0.0,0.0,0.0,0.0,0.0,0.0,0.0,0.0,0.0,0.0,0.0,0.0,0.0,0.0,0.0,0.0,0.0,0.0,0.0,0.0,0.0,0.0,0.0,0.0,0.0,0.0,0.0,0.0,0.0,0.0,0.0,0.0,0.0,0.0,0.0,0.0,0.0,0.0,0.0,0.0,0.0,0.0,0.0,0.0,0.0,0.0,0.0,0.0,0.0,0.0,0.0,0.0,0.0,0.0,0.0,0.0,0.0,0.0,0.0,0.0,0.0,0.0,0.0,0.0,0.0,0.0,0.0,0.0,0.0,0.0,0.0,0.0,0.0
CRR1012698,0,0.0,0.0,0.00904,0.00246,8.95661,42.6649,3.69126,0.0,0.00106,9.429540000000001,0.0,0.13396,0.0,7.41731,1.69744,0.0821,0.03517,0.00398,0.04746,0.06534999999999999,1.09502,0.0,1.8146399999999998,0.6111,0.0,0.0,0.0,0.01404,10.979470000000001,0.0,0.00141,0.0,0.0,0.0,0.14559,0.13918,0.0,0.0,0.0,0.0,0.0,0.0,0.17199,0.0,0.0,0.02102,0.0,0.19072,0.0,0.0,0.0,0.0,0.0,0.0,0.0,0.0,0.0,0.0,0.0,0.0,0.0,0.0,0.0,0.0,0.0,0.0,0.0,0.0,0.21127,0.0,0.0,10.074420000000002,0.0,0.0,0.0,0.0,0.0,0.0,0.0,0.00895,0.0,0.0,0.0,0.0,0.0,0.22093,0.0,0.0,0.0,0.0,0.0,0.0,0.0,0.0,0.0,0.0,0.02055,0.0,0.0,0.0,0.03851,0.0,0.0,0.0,0.0,0.0,0.0,0.0,0.0,0.0,0.0,0.0,0.0,0.0,0.0,0.0,0.0,0.0,0.0,0.0,0.0,0.0,0.0,0.0,0.0,0.0,0.0,0.0,0.0,0.0,0.0,0.0,0.0,0.0,0.0,0.0,0.0,0.0,0.0,0.0,0.0,0.0,0.0,0.0,0.0,0.0,0.0,0.0,0.0,0.0,0.0,0.0,0.0,0.0,0.0,0.0,0.0,0.0,0.0,0.0,0.0,0.00357,0.0,0.0,0.0,0.0,0.0,0.0,0.0,0.0,0.0,0.0,0.0,0.0,0.0,0.0,0.0,0.0,0.0,0.0,0.0,0.0,0.0,0.0,0.0,0.0,0.0,0.0,0.0,0.0,0.0,0.0,0.0,0.0,0.0,0.0,0.0,0.0,0.0,0.0,0.0,0.0,0.0,0.0,0.0,0.0,0.0,0.0,0.0,0.0,0.0,0.0,0.0,0.0,0.0,0.0,0.0,0.0,0.0,0.0,0.0,0.0,0.0,0.0,0.0,0.0,0.0,0.0,0.0,0.0,0.0,0.0,0.0,0.0,0.0,0.0,0.0,0.0,0.0,0.0,0.0,0.0,0.0,0.0,0.0,0.0,0.0,0.0,0.0,0.0,0.0,0.0,0.0,0.0,0.0,0.0,0.0,0.0,0.0,0.0,0.0,0.0,0.0,0.0,0.0,0.0,0.0,0.0,0.0,0.0,0.0,0.0,0.0,0.0,0.0,0.0,0.0,0.0,0.0,0.0,0.0,0.0,0.0,0.0,0.0,0.0,0.0,0.0,0.0,0.0,0.0,0.0,0.0,0.0,0.0,0.0,0.0,0.0,0.0,0.0,0.0,0.0,0.0,0.0,0.0,0.0,0.0,0.0,0.0,0.0,0.0,0.0,0.0,0.0,0.0,0.0,0.0,0.0
CRR1012709,0,0.0,0.0,0.0,0.0,0.00068,0.52158,0.0,0.0,0.0,2.55685,0.0,5.44625,0.0,49.71509000000001,1.26109,0.0,0.00622,0.17747000000000002,0.07803,1.69783,12.08424,0.0,6.3572999999999995,16.02864,0.04154,0.0,0.0014,0.5805899999999999,0.09617,0.0,0.10877,0.0,0.0,0.0,0.0,0.36377000000000004,0.01769,0.0,0.08409,0.0,0.0,0.0,0.44917000000000007,0.0,0.0,0.14083999999999997,0.05090000000000001,0.0,0.0,0.0,0.0,0.0,0.0,0.0,0.16175,0.0,0.0,0.0,0.0,0.0,0.0,0.01067,0.0,0.0,0.0,0.0,0.0,0.0,0.0,0.0,0.0,0.050069999999999996,0.0,0.0,0.0,0.0,0.0,0.0,0.0,0.37287000000000003,0.0,0.0,0.0,0.0,0.0,0.03217,0.0,0.0,0.0,0.10428,0.0,0.0,0.0,0.052199999999999996,0.0,0.0,0.12658,0.03536,1.10862,0.0,0.00738,0.0,0.0,0.0,0.0,0.0,0.0,0.0,0.0,0.0,0.0,0.0,0.0,0.0,0.0,0.0,0.0,0.0,0.0,0.0,0.0,0.0,0.0,0.0,0.0,0.0,0.0,0.0,0.0,0.0,0.0,0.0,0.0,0.0,0.0,0.0,0.0,0.0,0.0,0.0,0.0,0.0,0.0,0.0,0.0,0.0,0.0,0.0,0.0,0.0,0.0,0.0,0.0,0.0,0.0,0.0,0.0,0.03735,0.0,0.00289,0.0,0.0,0.0,0.0,0.0,0.0,0.0,0.0,0.0,0.0,0.0,0.0,0.0,0.0,0.0,0.0,0.0,0.0,0.0,0.0,0.0,0.0,0.0,0.0,0.0,0.0,0.02846,0.00312,0.0,0.0,0.0,0.0,0.0,0.0,0.0,0.0,0.0,0.0,0.0,0.0,0.0,0.0,0.0,0.0,0.0,0.0,0.0,0.0,0.0,0.0,0.0,0.0,0.0,0.0,0.0,0.0,0.0,0.0,0.0,0.0,0.0,0.0,0.0,0.0,0.0,0.0,0.0,0.0,0.0,0.0,0.0,0.0,0.0,0.0,0.0,0.0,0.0,0.0,0.0,0.0,0.0,0.0,0.0,0.0,0.0,0.0,0.0,0.0,0.0,0.0,0.0,0.0,0.0,0.0,0.0,0.0,0.0,0.0,0.0,0.0,0.0,0.0,0.0,0.0,0.0,0.0,0.0,0.0,0.0,0.0,0.0,0.0,0.0,0.0,0.0,0.0,0.0,0.0,0.0,0.0,0.0,0.0,0.0,0.0,0.0,0.0,0.0,0.0,0.0,0.0,0.0,0.0,0.0,0.0,0.0,0.0,0.0,0.0,0.0,0.0,0.0,0.0,0.0,0.0,0.0,0.0,0.0,0.0,0.0,0.0,0.0,0.0,0.0,0.0,0.0,0.0,0.0,0.0
CRR1012579,1,0.0,0.0,0.06639,0.0,0.0,12.439219999999999,1.4807,0.0,0.07407,32.53394000000001,0.00407,0.0,0.0,24.52961,2.2286400000000004,0.07048,0.0,0.07253,1.30716,0.26044,0.6705500000000001,0.0,0.14157999999999998,3.35621,0.09355,0.0,0.02012,0.33803,15.040299999999998,0.0,0.17532,0.0,0.01058,0.0,0.12659,0.45685999999999993,0.02354,0.0,0.0,0.0,0.0,0.0,0.09931999999999998,0.0,0.0,0.07332,0.04214,0.83361,0.0,0.0,0.0,0.0,0.0,0.0,0.02271,0.0,0.0,0.0,0.0,0.0,0.0,0.05267,0.0,0.0,0.0,0.0,0.0,0.0,0.0,0.0,0.0,2.9984699999999997,0.0,0.0,0.0,0.0,0.0,0.0,0.0,0.0038,0.0,0.0,0.0,0.0,0.0,0.29922,0.0,0.0,0.0,0.0,0.0,0.0,0.0,0.02157,0.0,0.0,0.0030299999999999997,0.0,0.00516,0.0,0.00994,0.0,0.0,0.0,0.0,0.0,0.0,0.0,0.0,0.0,0.0,0.0,0.0,0.0,0.0,0.0,0.0,0.0,0.0,0.0,0.0,0.0,0.0,0.0,0.0,0.0,0.00337,0.0,0.0,0.0,0.0,0.0,0.0,0.0,0.0,0.0,0.0,0.0,0.0,0.0,0.0,0.0,0.0,0.0,0.0,0.0,0.0,0.0,0.0,0.0,0.0,0.0,0.0,0.0,0.0,0.0,0.0,0.0,0.0,0.0,0.0,0.0,0.0,0.0,0.0,0.0,0.0,0.0,0.0,0.0,0.0,0.0,0.0,0.01122,0.0,0.0,0.0,0.0,0.0,0.0,0.0,0.0,0.0,0.0,0.0,0.0,0.0,0.0,0.0,0.0,0.0,0.0,0.0,0.0,0.0,0.0,0.0,0.0,0.0,0.0,0.0,0.0,0.0,0.0,0.0,0.0,0.0,0.0,0.0,0.0,0.0,0.0,0.0,0.0,0.0,0.0,0.0,0.0,0.0,0.0,0.0,0.0,0.0,0.0,0.0,0.0,0.0,0.0,0.0,0.0,0.0,0.0,0.0,0.0,0.0,0.0,0.0,0.0,0.0,0.0,0.0,0.0,0.0,0.0,0.0,0.0,0.0,0.0,0.0,0.0,0.0,0.0,0.0,0.0,0.0,0.0,0.0,0.0,0.0,0.0,0.0,0.0,0.0,0.0,0.0,0.0,0.0,0.0,0.0,0.0,0.0,0.0,0.0,0.0,0.0,0.0,0.0,0.0,0.0,0.0,0.0,0.0,0.0,0.0,0.0,0.0,0.0,0.0,0.0,0.0,0.0,0.0,0.0,0.0,0.0,0.0,0.0,0.0,0.0,0.0,0.0,0.0,0.0,0.0,0.0,0.0,0.0,0.0,0.0,0.0,0.0,0.0,0.0,0.0,0.0,0.0,0.0,0.0
CRR1090639,0,0.00217,16.61902,0.35957,0.00017,0.26119000000000003,1.32426,2.2079,0.0,4.75129,8.879490000000002,0.03465,0.64693,0.0,9.892960000000002,0.44508000000000003,0.06207,0.0159,0.15946,0.00165,1.0936899999999998,0.05371,2.23762,0.14377,44.15265,0.74363,0.0,0.00673,0.044910000000000005,0.01696,0.0,0.00916,0.0,0.0,0.0,0.0,0.012979999999999998,0.0,0.0,0.0,0.00086,0.08411,0.0,0.14457,0.0,0.0,0.48522,0.0,0.02413,2.21489,0.0,0.0,0.0,0.0,0.0,0.0,0.0,0.03294,0.0,0.0,0.0,0.0,0.0,0.0,0.00018,0.0,0.0,0.0,0.05169,0.0167,0.01342,0.0,0.02531,0.09025999999999999,0.00306,0.02957,0.02407,0.0,0.00824,0.0,0.00492,0.01298,0.0,0.03484,0.0,0.0,0.02068,0.0,0.0,0.0,0.0,0.0,0.0,0.0513,0.0,0.00148,0.0,0.0,0.0,0.0,0.83944,0.01891,0.0,0.022670000000000003,0.0,0.0,0.0,0.0,0.0,0.0,0.0,0.0,0.0,1.30243,0.0,0.0,0.0,0.0,0.0,0.0,0.0,0.0,0.0,0.0,0.0,0.0,0.0,0.0,0.0,0.0,0.0,0.0,0.0,0.0,0.0,0.0,0.0,0.0,0.0,0.0,0.0,0.0,0.0,0.0,0.0,0.0,0.0,0.0,0.0,0.0,0.0,0.0,0.0,0.007,0.0,0.00173,0.0,0.0,0.0,0.0,0.0,0.0,0.0,0.0,0.14651,0.0,0.0,0.0,0.0,0.0,0.0,0.00855,0.0,0.0,0.0,0.0,0.0,0.0,0.0,0.0,0.0,0.0,0.0,0.0,0.0,0.0,0.0,0.0,0.0,0.07901,0.01431,0.00451,0.0,0.0,0.0,0.0,0.0,0.0,0.0,0.0,0.0,0.0,0.0,0.0,0.0,0.0,0.0,0.0,0.0,0.0,0.0,0.0,0.0,0.0,0.0,0.0,0.0,0.0,0.0,0.0,0.0,0.0,0.0,0.0,0.0,0.0,0.0,0.0,0.0,0.0,0.0,0.0,0.0,0.0,0.0,0.0,0.0,0.0,0.0,0.0,0.0,0.0,0.0,0.0,0.0,0.0,0.0,0.0,0.0,0.0,0.0,0.0,0.0,0.0,0.0,0.0,0.0,0.0,0.0,0.0,0.0,0.0,0.0,0.0,0.0,0.0,0.0,0.0,0.0,0.0,0.0,0.0,0.0,0.0,0.0,0.0,0.0,0.0,0.0,0.0,0.0,0.0,0.0,0.0,0.0,0.0,0.0,0.0,0.0,0.0,0.0,0.0,0.0,0.0,0.0,0.0,0.0,0.0,0.0,0.0,0.0,0.0,0.0,0.0,0.0,0.0,0.0,0.0,0.0,0.0,0.0,0.0,0.0,0.0,0.0,0.0,0.0,0.0,0.0
CRR1012749,1,0.0,7.98302,0.0,0.0,0.73309,17.65967,0.7068300000000001,0.0,0.40942,14.88884,0.32489,0.2356,0.0,29.554710000000004,0.7637499999999999,0.08241,0.008,0.33140000000000003,0.17690999999999998,2.11834,1.56871,2.09655,0.9791700000000001,5.19207,0.42141,0.0,0.0,0.0,0.63663,0.0,0.01653,0.0,0.0,0.0,0.11609,0.00265,0.0,0.0,0.63586,0.0,0.03535,0.0,0.02502,0.0,0.0,0.0,0.0,0.24513,0.05482,0.0,0.0,0.0,0.0,0.0,0.0,0.0,0.0,0.00265,0.0,0.0,0.0,0.0,0.0,0.0,0.0,0.1778,0.0,0.0,0.01787,0.0011,0.0,0.0,0.11189,0.00912,0.01616,0.0,0.0,0.00806,0.01917,0.0202,0.09085,0.0,0.0,0.0,0.85892,0.16367,0.34083,0.0,0.0,0.0,0.0,0.0,0.0,0.00194,0.0,0.0,0.0,0.0,0.00049,10.09084,0.0,0.0,0.0,0.0,0.0,0.0,0.0,0.0,0.0,0.0,0.0,0.0,0.0,0.0,0.0,0.0,0.0,0.0,0.0,0.0,0.0,0.0,0.0,0.0,0.0,0.0,0.0,0.0,0.0,0.00375,0.0,0.01193,0.0,0.0,0.0,0.0,0.0,0.0,0.0,0.0,0.0,0.0,0.0,0.0,0.0,0.0,0.0,0.0,0.0,0.0,0.0,0.0,0.0,0.0,0.0,0.0,0.0,0.0,0.0,0.0,0.0,0.0,0.0,0.0,0.0,0.0,0.0,0.0,0.0,0.0,0.0,0.0,0.0,0.0,0.0,0.0,0.0,0.0,0.0,0.0,0.0,0.0,0.0,0.0,0.0,0.0,0.0,0.0,0.0,0.0,0.0,0.04987,0.0,0.0,0.0,0.0,0.0,0.0,0.0,0.0,0.0,0.0,0.0,0.0,0.0,0.0,0.0,0.0,0.0,0.0,0.0,0.0,0.0,0.0,0.0,0.0,0.0,0.0,0.0,0.0,0.0,0.0,0.0,0.0,0.0,0.0,0.0,0.0,0.0,0.0,0.0,0.0,0.0,0.0,0.0,0.0,0.0,0.0,0.0,0.0,0.0,0.0,0.0,0.0,0.0,0.0,0.0,0.0,0.0,0.0,0.0,0.0,0.0,0.0,0.0,0.0,0.0,0.0,0.0,0.0,0.0,0.0,0.0,0.0,0.0,0.0,0.0,0.0,0.0,0.0,0.0,0.0,0.0,0.0,0.0,0.0,0.0,0.0,0.0,0.0,0.0,0.0,0.0,0.0,0.0,0.0,0.0,0.0,0.0,0.0,0.0,0.0,0.0,0.0,0.0,0.0,0.0,0.0,0.0,0.0,0.0,0.0,0.0,0.0,0.0,0.0,0.0,0.0,0.0,0.0,0.0,0.0,0.0,0.0,0.0,0.0,0.0,0.0
CRR1090623,0,0.0,0.05475,0.0,0.0,0.06614,1.3638700000000001,0.89585,0.0,4.18258,13.196560000000002,0.0,0.44107,0.0,59.21122999999999,2.5163299999999995,0.0,0.0,0.00139,0.10157,0.47341,1.15032,0.00769,4.97591,0.61232,1.5820299999999998,0.0,0.00428,0.7720899999999999,3.01138,0.0,0.02283,0.0,0.0,0.0,0.0,0.01271,0.0,0.0,0.0,0.0,0.0,0.0,0.02005,0.0,0.0,0.0,0.0,0.03688,0.0,0.0,0.0,0.0,0.0,0.0,0.00573,0.0,0.0,0.0,0.0,0.0,0.0,0.85652,0.0,0.00845,0.0,0.0,0.0,0.0,0.37749,0.0,0.0,2.8247299999999997,0.0093,0.0,0.0,0.0,0.0,0.0,0.0,0.019049999999999997,0.0,0.0,0.0,0.0,0.0,1.15086,0.0,0.0,0.0,0.0,0.0,0.0,0.0,0.0,0.0,0.0,0.0,0.0,0.0,0.0,0.02219,0.0,0.0,0.0,0.0,0.0,0.0,0.0,0.0,0.0,0.0,0.0,0.0,0.0,0.0,0.0,0.0,0.0,0.0,0.0,0.0,0.0,0.0,0.0,0.0,0.0,0.0,0.0,0.0,0.0,0.0,0.0,0.0,0.0,0.0,0.0,0.0,0.0,0.0,0.0,0.0,0.0,0.0,0.0,0.0,0.0,0.0,0.0,0.0,0.0,0.0,0.0,0.0,0.0,0.0,0.0,0.0,0.0,0.0,0.0,0.0,0.0,0.0,0.0,0.0,0.0,0.0,0.0,0.0,0.0,0.0,0.0,0.0,0.0,0.0,0.0,0.0,0.0,0.0,0.0,0.0,0.0,0.0,0.0,0.0,0.0,0.0,0.0,0.0,0.0,0.0,0.0,0.01063,0.0009,0.00083,0.0,0.0,0.0,0.0,0.0,0.0,0.0,0.0,0.0,0.0,0.0,0.0,0.0,0.0,0.0,0.0,0.0,0.0,0.0,0.0,0.0,0.0,0.0,0.0,0.0,0.0,0.0,0.0,0.0,0.0,0.0,0.0,0.0,0.0,0.0,0.0,0.0,0.0,0.0,0.0,0.0,0.0,0.0,0.0,0.0,0.0,0.0,0.0,0.0,0.0,0.0,0.0,0.0,0.0,0.0,0.0,0.0,0.0,0.0,0.0,0.0,0.0,0.0,0.0,0.0,0.0,0.0,0.0,0.0,0.0,0.0,0.0,0.0,0.0,0.0,0.0,0.0,0.0,0.0,0.0,0.0,0.0,0.0,0.0,0.0,0.0,0.0,0.0,0.0,0.0,0.0,0.0,0.0,0.0,0.0,0.0,0.0,0.0,0.0,0.0,0.0,0.0,0.0,0.0,0.0,0.0,0.0,0.0,0.0,0.0,0.0,0.0,0.0,0.0,0.0,0.0,0.0,0.0,0.0,0.0,0.0,0.0,0.0
CRR1012584,1,0.0,20.18016,0.26457,0.0,4.37246,12.88939,0.16563,0.0,0.25459,13.429340000000002,0.25243000000000004,1.04908,0.0,18.09006000000001,1.39115,0.17769,0.1303,0.09347,0.0,0.56918,0.6504999999999999,1.21378,0.27719,0.10556,0.24326000000000003,0.0,0.0,0.0,0.0,0.0,0.00094,0.0,0.0,0.0,0.0,0.02182,0.0,0.21461,0.04907,0.03088,0.3946,0.0,0.01871,0.0058,0.01426,0.0,0.0,0.00042,0.0,5.19523,0.0,0.75393,0.0,0.0,0.0,0.0,0.0,0.0,0.0,0.03533,0.02729,0.0,0.0,0.0,0.0,0.16577,0.04759,0.08739,0.04525,0.00036,0.0,0.0,0.0,0.01517,0.04762,0.0,0.0,0.00248,0.0,0.0037,0.00884,0.0,0.0,0.0,0.0,0.12988,0.14834,0.0,0.0,0.0,0.0,0.0,0.0,0.0,0.012270000000000001,0.0,0.0,0.0,0.00984,13.29822,0.00092,0.0,0.0,0.0,0.0,0.0,0.0,0.0,0.0,0.0,0.0,0.0,0.0,3.33128,0.0,0.0,0.0,0.0,0.0,0.0,0.0,0.0,0.0,0.00265,0.0,0.0,0.0,0.0,0.0,0.0,0.0,0.0,0.0,0.0,0.0,0.0,0.0,0.0,0.0,0.0,0.0,0.0,0.0,0.0,0.0,0.0,0.0,0.0,0.0,0.0,0.0,0.0,0.0,0.0,0.0,0.0,0.01929,0.0,0.0,0.0,0.0,0.0,0.0,0.0,0.0,0.0,0.0,0.0,0.0,0.0,0.0,0.0,0.0,0.0,0.0,0.0,0.0,0.0,0.0,0.0,0.0,0.0,0.0,0.0,0.0,0.0,0.0,0.0,0.0,0.0,0.0,0.0,0.0,0.0,0.0,0.05076,0.00623,0.00349,0.0,0.0,0.0,0.0,0.0,0.0,0.0,0.0,0.0,0.0,0.0,0.0,0.0,0.0,0.0,0.0,0.0,0.0,0.0,0.0,0.0,0.0,0.0,0.0,0.0,0.0,0.0,0.0,0.0,0.0,0.0,0.0,0.0,0.0,0.0,0.0,0.0,0.0,0.0,0.0,0.0,0.0,0.0,0.0,0.0,0.0,0.0,0.0,0.0,0.0,0.0,0.0,0.0,0.0,0.0,0.0,0.0,0.0,0.0,0.0,0.0,0.0,0.0,0.0,0.0,0.0,0.0,0.0,0.0,0.0,0.0,0.0,0.0,0.0,0.0,0.0,0.0,0.0,0.0,0.0,0.0,0.0,0.0,0.0,0.0,0.0,0.0,0.0,0.0,0.0,0.0,0.0,0.0,0.0,0.0,0.0,0.0,0.0,0.0,0.0,0.0,0.0,0.0,0.0,0.0,0.0,0.0,0.0,0.0,0.0,0.0,0.0,0.0,0.0,0.0,0.0,0.0,0.0,0.0,0.0
CRR1012720,0,0.0,7.715570000000001,0.00692,0.0,0.9059200000000001,6.422580000000001,0.03371,0.0,0.40175,28.253360000000004,0.17177,0.46013,0.0,6.776980000000003,0.42667000000000005,0.00241,0.11288,0.28799,0.0,0.45944999999999997,0.75138,1.73737,0.38899999999999996,0.32152,0.18978,0.0,0.0,0.10862,2.03678,0.0,0.00515,0.0,0.0,0.0,0.03068,0.07039000000000001,0.0,0.0,0.0,0.0,0.00544,0.0,8e-05,0.00836,0.0,0.0,0.0,0.11212,0.13206,0.0,0.0,0.0,0.0,0.60823,0.0,0.0,0.0,0.0,0.0,0.0,0.047,0.0,0.0,0.0,0.0,0.09317,0.0,0.0,0.02783,0.0043,0.0,0.0,0.0,0.02917,0.00333,0.0,0.0,0.00271,0.0,0.00741,0.01611,0.0,2.33617,0.0,0.03469,0.02272,0.0,0.01275,0.0,0.0,4.12714,0.0,0.0,0.00317,0.0,0.0,0.0,0.00068,0.01051,33.68085,0.01414,0.0,0.0,0.0,0.0,0.0,0.0,0.0,0.0,0.0,0.0,0.0,0.0,0.0,0.0,0.03525,0.0,0.0,0.02751,0.0,0.0,0.0,0.0,0.00106,0.00603,0.00304,0.0,0.0,0.0,0.0,0.0,0.0,0.02808,0.0,0.0,0.0,0.23836,0.0,0.2291,0.0,0.0,0.0,0.0,0.0,0.0,0.0,0.00379,0.0,0.0,0.0,0.0,0.0,0.0,0.0,0.0,0.0,0.0,0.00253,0.0,0.0,0.0,0.0,0.0,0.0,0.0,0.0,0.0,0.0,0.0,0.0,0.0,0.0,0.0,0.0,0.0,0.0,0.0,0.0,0.0,0.0,0.0,0.0,0.0,0.0,0.0,0.0,0.0,0.0,0.0,0.0,0.0,0.0,0.0,0.0,0.0,0.0,0.0,0.0,0.00634,0.0,0.0,0.0,0.0,0.0,0.0,0.0,0.0,0.0,0.0,0.0,0.0,0.0,0.0,0.0,0.0,0.0,0.0,0.0,0.0,0.0,0.0,0.0,0.0,0.0,0.0,0.0,0.0,0.0,0.0,0.0,0.0,0.0,0.0,0.0,0.0,0.0,0.0,0.0,0.0,0.0,0.0,0.0,0.0,0.0,0.0,0.0,0.0,0.0,0.0,0.0,0.0,0.0,0.0,0.0,0.0,0.0,0.0,0.0,0.0,0.0,0.0,0.0,0.0,0.0,0.0,0.0,0.0,0.0,0.0,0.0,0.0,0.0,0.0,0.0,0.0,0.0,0.0,0.0,0.0,0.0,0.0,0.0,0.0,0.0,0.0,0.0,0.0,0.0,0.0,0.0,0.0,0.0,0.0,0.0,0.0,0.0,0.0,0.0,0.0,0.0,0.0,0.0,0.0,0.0,0.0,0.0,0.0,0.0,0.0,0.0,0.0,0.0,0.0,0.0,0.0,0.0,0.0,0.0
CRR1090637,0,0.0,4.7044,0.0,0.0,0.6491,21.968119999999995,4.554860000000001,0.0,7.40185,11.357549999999998,0.0,0.07387,0.0,33.28389,10.460420000000003,0.80821,0.00385,0.00825,0.03528,0.18899,0.30162999999999995,2.17022,0.2617,0.0,0.42982,0.0,0.0,0.00506,0.00228,0.0,0.0,0.0,0.0,0.0,0.00577,0.08721999999999999,0.0104,0.0,0.0,0.0,0.0,0.0,0.30460999999999994,0.0,0.0,0.030369999999999998,0.0,0.0,0.0,0.0,0.0,0.0,0.0,0.0,0.0,0.0,0.0,0.0,0.0,0.0,0.0,0.0,0.0,0.0,0.0,0.0,0.0,0.0,0.0,0.0,0.0,0.010360000000000001,0.0,0.0,0.0,0.0,0.0,0.0,0.0,0.04196,0.0,0.0,0.0,0.0,0.0,0.38615,0.0,0.0,0.0,0.0,0.0,0.0,0.0,0.0,0.0,0.0,0.04103,0.37017,0.0,0.0,0.01193,0.0,0.0,0.0,0.0,0.0,0.0,0.0,0.0,0.0,0.0,0.0,0.0,0.0,0.0,0.0,0.0,0.0,0.0,0.0,0.0,0.0,0.0,0.0,0.0,0.0,0.0,0.0,0.0,0.0,0.0,0.0,0.0,0.0,0.0,0.0,0.0,0.0,0.0,0.0,0.0,0.0,0.0,0.0,0.0,0.0,0.0,0.0,0.0,0.0,0.0,0.0,0.0,0.0,0.0,0.0,0.0,0.0,0.0,0.02643,0.0,0.0,0.0,0.0,0.0,0.0,0.0,0.0,0.0,0.0,0.0,0.0,0.0,0.0,0.0,0.0,0.0,0.0,0.0,0.0,0.0,0.0,0.0,0.0,0.0,0.0,0.0,0.0,0.0,0.0,0.0,0.0,0.0,0.00378,0.0,0.0,0.0,0.0,0.0,0.00045,0.0,0.0,0.0,0.0,0.0,0.0,0.0,0.0,0.0,0.0,0.0,0.0,0.0,0.0,0.0,0.0,0.0,0.0,0.0,0.0,0.0,0.0,0.0,0.0,0.0,0.0,0.0,0.0,0.0,0.0,0.0,0.0,0.0,0.0,0.0,0.0,0.0,0.0,0.0,0.0,0.0,0.0,0.0,0.0,0.0,0.0,0.0,0.0,0.0,0.0,0.0,0.0,0.0,0.0,0.0,0.0,0.0,0.0,0.0,0.0,0.0,0.0,0.0,0.0,0.0,0.0,0.0,0.0,0.0,0.0,0.0,0.0,0.0,0.0,0.0,0.0,0.0,0.0,0.0,0.0,0.0,0.0,0.0,0.0,0.0,0.0,0.0,0.0,0.0,0.0,0.0,0.0,0.0,0.0,0.0,0.0,0.0,0.0,0.0,0.0,0.0,0.0,0.0,0.0,0.0,0.0,0.0,0.0,0.0,0.0,0.0,0.0,0.0,0.0,0.0,0.0,0.0,0.0
CRR1090631,0,0.01098,3.78251,1.37287,0.0,2.80687,24.92483,0.13298,0.0,5.53613,22.62195,0.0,6.17079,0.0,16.15083,0.8981699999999998,0.44945,0.00984,0.062439999999999996,0.0,0.02433,0.10394999999999999,3.33598,0.16863,0.07802,1.57568,0.0,0.0,0.00032,1.9465,0.0,0.0015,0.0,0.0,0.0,0.0,0.0,0.0,0.0,0.0,0.0,0.0,0.64971,0.0,0.0,0.0,0.0,0.0,0.60604,0.0,0.02739,0.0,0.0,0.0,0.0,0.0,0.0,0.0,0.0,0.0,0.0,0.0,0.0,0.0,0.16273,0.0,0.0,0.0,0.0,0.03115,0.0,0.0,0.22053,0.0087,0.0,0.0,0.0,0.0,0.0,0.0,0.0,0.0,0.0,0.0,0.0,0.51645,0.16354,0.0,0.0,0.0,0.0,0.0,0.0,0.0,0.0,0.0,0.0,0.0,0.00013,0.0,5.44747,0.00021,0.0,0.0,0.0,0.0,0.0,0.0,0.0,0.0,0.0,0.0,0.0,0.0,0.0,0.0,0.0,0.0,0.0,0.0,0.0,0.0,0.0,0.0,0.0,0.0,0.0,0.0,0.0,0.0,0.0,0.0,0.0,0.0,0.0,0.0,0.0,0.0,0.0,0.0,0.0,0.0,0.0,0.0,0.0,0.0,0.0,0.0,0.0,0.0,0.0,0.0,0.0,0.0,0.0,0.0,0.0,0.0,0.0,0.0,0.00041,0.0,0.0,0.0,0.0,0.0,0.0,0.0,0.0,0.0,0.0,0.0,0.0,0.0,0.0,0.0,0.0,0.0,0.0,0.0,0.0,0.0,0.0,0.0,0.0,0.0,0.0,0.0,0.0,0.0,0.0,0.0,0.0,0.0,0.0,0.0,0.0,0.0,0.0,0.0,0.0,0.0,0.0,0.0,0.0,0.0,0.0,0.0,0.0,0.0,0.0,0.0,0.0,0.0,0.0,0.0,0.0,0.0,0.0,0.0,0.0,0.0,0.0,0.0,0.0,0.0,0.0,0.0,0.0,0.0,0.0,0.0,0.0,0.0,0.0,0.0,0.0,0.0,0.0,0.0,0.0,0.0,0.0,0.0,0.0,0.0,0.0,0.0,0.0,0.0,0.0,0.0,0.0,0.0,0.0,0.0,0.0,0.0,0.0,0.0,0.0,0.0,0.0,0.0,0.0,0.0,0.0,0.0,0.0,0.0,0.0,0.0,0.0,0.0,0.0,0.0,0.0,0.0,0.0,0.0,0.0,0.0,0.0,0.0,0.0,0.0,0.0,0.0,0.0,0.0,0.0,0.0,0.0,0.0,0.0,0.0,0.0,0.0,0.0,0.0,0.0,0.0,0.0,0.0,0.0,0.0,0.0,0.0,0.0,0.0,0.0,0.0,0.0,0.0,0.0,0.0,0.0,0.0,0.0
CRR1012545,1,0.0,2.70159,0.29412,0.0,0.19508,10.36472,0.82798,0.0,1.75373,15.98231,0.17152,0.1698,0.0,46.33955,1.75227,0.14127,0.00245,0.05351,0.06156,0.62203,0.14748,4.24712,0.18245999999999998,1.08334,4.09199,0.0,0.0,0.7250500000000001,0.0482,0.0,0.00325,0.0,0.0,0.0,0.0,0.0,0.0,0.0,0.0,0.0,0.76636,0.13395,0.0,0.0,0.0,0.002,0.0,0.00708,0.0,0.0,0.0,0.0,0.0,0.0,0.0,0.0,0.0,0.0,0.0,0.0,0.0,0.0,0.0,0.0,0.0,0.0,0.0,0.0,0.00013,0.0,0.0,0.34034000000000003,0.0,0.04163,0.0,0.0,0.0,0.0,0.0,0.0,0.0,0.0,0.0,0.0,0.0,0.33443,0.0,0.0,0.0,0.0,0.0,0.0,0.0,0.0,0.0,0.0,0.0,0.0,0.0,6.41109,0.0,0.0,0.0,0.0,0.0,0.0,0.0,0.0,0.0,0.0,0.0,0.0,0.0,0.0,0.0,0.00059,0.0,0.0,0.0,0.0,0.0,0.0,0.0,0.0,0.0,0.0,0.0,0.0,0.0,0.0,0.0,0.0,0.0,0.0,0.0,0.0,0.0,0.0,0.0,0.0,0.0,0.0,0.0,0.0,0.0,0.0,0.0,0.0,0.0,0.0,0.0,0.0,0.0,0.0,0.0,0.0,0.0,0.0,0.0,0.0,0.0,0.0,0.0,0.0,0.0,0.0,0.0,0.0,0.0,0.0,0.0,0.0,0.0,0.0,0.0,0.0,0.0,0.0,0.0,0.0,0.0,0.0,0.0,0.0,0.0,0.0,0.0,0.0,0.0,0.0,0.0,0.0,0.0,0.0,0.0,0.0,0.0,0.0,0.0,0.0,0.0,0.0,0.0,0.0,0.0,0.0,0.0,0.0,0.0,0.0,0.0,0.0,0.0,0.0,0.0,0.0,0.0,0.0,0.0,0.0,0.0,0.0,0.0,0.0,0.0,0.0,0.0,0.0,0.0,0.0,0.0,0.0,0.0,0.0,0.0,0.0,0.0,0.0,0.0,0.0,0.0,0.0,0.0,0.0,0.0,0.0,0.0,0.0,0.0,0.0,0.0,0.0,0.0,0.0,0.0,0.0,0.0,0.0,0.0,0.0,0.0,0.0,0.0,0.0,0.0,0.0,0.0,0.0,0.0,0.0,0.0,0.0,0.0,0.0,0.0,0.0,0.0,0.0,0.0,0.0,0.0,0.0,0.0,0.0,0.0,0.0,0.0,0.0,0.0,0.0,0.0,0.0,0.0,0.0,0.0,0.0,0.0,0.0,0.0,0.0,0.0,0.0,0.0,0.0,0.0,0.0,0.0,0.0,0.0,0.0,0.0,0.0,0.0,0.0,0.0,0.0,0.0,0.0
CRR1090632,0,0.0,0.30839,0.00032,0.0,0.46049000000000007,11.165229999999998,7.8110800000000005,0.0,0.19555,1.9233,0.07598,2.94957,0.0,27.3641,14.240960000000001,0.20743,0.0,0.00274,0.010709999999999999,0.09704,0.91748,0.0,0.36894,1.47444,0.5627400000000001,0.0,0.0,0.00195,2.18718,0.0,0.01264,0.0,0.0,0.0,0.0,0.05663,0.0,0.0,0.0,0.0,0.0,0.0,0.028489999999999998,0.0,0.0,0.00481,0.0,0.22074,0.0,0.0,0.0,0.0,0.0,0.0,0.01069,0.0,0.0,0.0,0.0,0.0,0.0,0.0,0.0,0.0,0.0,0.0,0.0,0.0,0.05462,0.0,0.0,0.13563,0.0,0.0,0.0,0.0,0.0,0.0,0.0,0.007850000000000001,0.0,0.0,0.0,0.0,0.0,0.03069,0.0,0.0,0.0,4.67118,0.0,0.0,0.0,0.0,0.0,0.0,22.41533,0.018619999999999998,0.0,0.0,0.00051,0.0,0.0,0.0,0.0,0.0,0.0,0.0,0.0,0.0,0.0,0.0,0.0,0.0,0.0,0.0,0.0,0.0,0.0,0.0,0.0,0.0,0.0,0.0,0.0,0.0,0.0,0.0,0.0,0.0,0.0,0.0,0.0,0.0,0.0,0.0,0.0,0.0,0.0,0.0,0.0,0.0,0.0,0.0,0.0,0.0,0.0,0.0,0.0,0.0,0.0,0.0,0.0,0.0,0.0,0.0,0.0,0.00169,0.0,0.0,0.0,0.0,0.0,0.0,0.0,0.0,0.0,0.0,0.0,0.0,0.0,0.0,0.0,0.00402,0.0,0.0,0.0,0.0,0.0,0.0,0.0,0.0,0.0,0.0,0.0,0.0,0.0,0.0,0.0,0.0,0.0,0.0,0.0,0.00025,0.0,0.0,0.0,0.0,0.0,0.0,0.0,0.0,0.0,0.0,0.0,0.0,0.0,0.0,0.0,0.0,0.0,0.0,0.0,0.0,0.0,0.0,0.0,0.0,0.0,0.0,0.0,0.0,0.0,0.0,0.0,0.0,0.0,0.0,0.0,0.0,0.0,0.0,0.0,0.0,0.0,0.0,0.0,0.0,0.0,0.0,0.0,0.0,0.0,0.0,0.0,0.0,0.0,0.0,0.0,0.0,0.0,0.0,0.0,0.0,0.0,0.0,0.0,0.0,0.0,0.0,0.0,0.0,0.0,0.0,0.0,0.0,0.0,0.0,0.0,0.0,0.0,0.0,0.0,0.0,0.0,0.0,0.0,0.0,0.0,0.0,0.0,0.0,0.0,0.0,0.0,0.0,0.0,0.0,0.0,0.0,0.0,0.0,0.0,0.0,0.0,0.0,0.0,0.0,0.0,0.0,0.0,0.0,0.0,0.0,0.0,0.0,0.0,0.0,0.0,0.0,0.0,0.0,0.0,0.0,0.0,0.0,0.0,0.0
CRR1090653,0,0.0,0.0,9.88509,0.0,1.35953,5.59686,9.16468,0.0,0.26977,13.00357,0.0,1.12565,0.0,21.258660000000003,0.36938,0.18587,0.02552,0.11151,0.00108,1.04051,0.17601,0.0,0.048650000000000006,0.18949,0.42618999999999996,0.0,0.0017,0.009309999999999999,20.89809,0.0,0.00199,0.0,0.0,0.0,0.0,0.01507,0.0,0.0,0.0,0.0,0.0,0.0,0.10690000000000001,0.0,0.0,0.00061,0.0,2.1897,0.0,0.0,5.60258,0.0,0.0,0.0,0.00514,0.0,0.0,0.0,0.0,0.0,0.0,0.00312,0.0,0.0,0.0,0.06076,0.0,0.0,0.02757,0.0,0.0,5.16326,0.00572,0.01293,0.0,0.0,0.0,0.0,0.0,0.0,0.0,0.0,0.0,0.0,0.0,0.16834,1.4607,0.0,0.0,0.00788,0.0,0.0,0.0,0.01202,0.0,0.0,0.0,0.0,0.0,0.0,0.00501,0.0,0.0,0.0,0.0,0.0,0.0,0.0,0.0,0.0,0.0,0.0,0.0,0.0,0.0,0.0,0.0,0.0,0.0,0.0,0.0,0.0,0.0,0.0,0.0,0.0,0.0,0.0,0.0,0.0,0.0,0.0,0.0,0.0,0.0,0.0,0.0,0.0,0.0,0.0,0.0,0.0,0.0,0.0,0.0,0.0,0.0,0.0,0.0,0.0,0.0,0.0,0.0,0.0,0.0,0.0,0.0,0.0,0.0,0.0,0.0,0.0,0.0,0.0,0.0,0.0,0.0,0.0,0.0,0.0,0.0,0.0,0.0,0.0,0.0,0.0,0.0,0.0,0.0,0.0,0.0,0.0,0.0,0.0,0.0,0.0,0.0,0.0,0.0,0.0,0.0,0.0,0.0,0.0028799999999999997,0.0,0.0,0.0,0.0,0.0,0.0,0.0007,0.0,0.0,0.0,0.0,0.0,0.0,0.0,0.0,0.0,0.0,0.0,0.0,0.0,0.0,0.0,0.0,0.0,0.0,0.0,0.0,0.0,0.0,0.0,0.0,0.0,0.0,0.0,0.0,0.0,0.0,0.0,0.0,0.0,0.0,0.0,0.0,0.0,0.0,0.0,0.0,0.0,0.0,0.0,0.0,0.0,0.0,0.0,0.0,0.0,0.0,0.0,0.0,0.0,0.0,0.0,0.0,0.0,0.0,0.0,0.0,0.0,0.0,0.0,0.0,0.0,0.0,0.0,0.0,0.0,0.0,0.0,0.0,0.0,0.0,0.0,0.0,0.0,0.0,0.0,0.0,0.0,0.0,0.0,0.0,0.0,0.0,0.0,0.0,0.0,0.0,0.0,0.0,0.0,0.0,0.0,0.0,0.0,0.0,0.0,0.0,0.0,0.0,0.0,0.0,0.0,0.0,0.0,0.0,0.0,0.0,0.0,0.0,0.0,0.0,0.0,0.0,0.0
CRR1012491,1,0.0,0.0,0.0,0.0,0.94107,12.76848,0.0198,0.0,0.8116599999999999,21.19154,0.40898,0.0,0.0,29.96904,7.739020000000002,0.12835,0.0,0.00445,0.0265,0.09037999999999999,0.5999399999999999,4.16261,0.8681,1.0287,0.3837,0.0,0.0,0.4502,0.0,0.0,0.00604,0.0,0.0,0.0,0.0,0.00012,0.00187,0.0,0.0,0.0,0.0,0.06182,0.03224,0.0,0.0,0.0,0.0,1.09414,0.00466,0.0,0.0,0.0,0.0,0.0,0.02024,0.0,0.0,0.0,0.0,0.0,0.0,0.10801,0.0,0.0,0.0,0.0,0.0,0.01284,0.07988,0.0,0.0,10.96899,0.0,0.11474,0.0,0.0,0.0,0.0,0.0,0.01325,0.0,0.0,0.06186,0.0,4.23283,0.31667,0.0,0.0,0.0,1.04993,0.0,0.0,0.0,0.0,0.0,0.0,0.0,0.0,0.0,0.0,0.0,0.0,0.0,0.0,0.0,0.0,0.0,0.0,0.0,0.0,0.0,0.0,0.0,0.0,0.0,0.0,0.0,0.0,0.0,0.0,0.0,0.0,0.0,0.0,0.0,0.0,0.0,0.0,0.0,0.0,0.0,0.0068,0.0,0.0,0.0,0.0,0.0,0.0,0.0,0.0,0.0,0.0,0.0,0.0,0.0,0.0,0.0,0.0,0.0,0.0,0.0,0.0,0.0,0.0,0.0,0.0,0.0,0.0,0.0,0.0,0.0,0.0,0.0,0.0,0.0,0.0,0.0,0.0,0.0,0.0,0.0,0.0,0.0,0.0,0.0,0.22057,0.0,0.0,0.0,0.0,0.0,0.0,0.0,0.0,0.0,0.0,0.0,0.0,0.0,0.0,0.0,0.0,0.0,0.0,0.0,0.0,0.0,0.0,0.0,0.0,0.0,0.0,0.0,0.0,0.0,0.0,0.0,0.0,0.0,0.0,0.0,0.0,0.0,0.0,0.0,0.0,0.0,0.0,0.0,0.0,0.0,0.0,0.0,0.0,0.0,0.0,0.0,0.0,0.0,0.0,0.0,0.0,0.0,0.0,0.0,0.0,0.0,0.0,0.0,0.0,0.0,0.0,0.0,0.0,0.0,0.0,0.0,0.0,0.0,0.0,0.0,0.0,0.0,0.0,0.0,0.0,0.0,0.0,0.0,0.0,0.0,0.0,0.0,0.0,0.0,0.0,0.0,0.0,0.0,0.0,0.0,0.0,0.0,0.0,0.0,0.0,0.0,0.0,0.0,0.0,0.0,0.0,0.0,0.0,0.0,0.0,0.0,0.0,0.0,0.0,0.0,0.0,0.0,0.0,0.0,0.0,0.0,0.0,0.0,0.0,0.0,0.0,0.0,0.0,0.0,0.0,0.0,0.0,0.0,0.0,0.0,0.0,0.0,0.0,0.0,0.0,0.0,0.0
CRR1012746,1,0.0,0.9368200000000001,0.02788,0.0,1.15918,5.31237,0.0,0.0,0.00171,6.267580000000001,0.0,0.0,0.0,34.94259999999999,2.90318,0.0,0.0,0.50507,0.0,1.20608,3.12251,0.0,0.81967,0.05006,0.0,0.0,0.0181,0.38655,36.95859000000001,0.0,0.0398,0.0,0.0,0.0,0.02033,0.0363,0.00151,0.0,2.86215,0.0,0.0,0.0,0.61946,0.0,0.0,0.03358,0.0,0.07483999999999999,0.0,0.0,0.0,0.0,0.0,0.0,0.27616,0.0,0.0,0.0,0.0,0.0,0.0,0.01703,0.0,0.0,0.0,0.0,0.0,0.0,0.39129,0.0,0.0,0.44643,0.0,0.0,0.0,0.0,0.0,0.0,0.0,0.07883,0.0,0.0,0.0,0.0,0.0,0.41927,0.0,0.0,0.0,0.0,0.0,0.0,0.0,0.0002,0.0,0.0,0.0425,0.0,0.00252,0.0,0.00985,0.0,0.0,0.0,0.0,0.0,0.0,0.0,0.0,0.0,0.0,0.0,0.0,0.0,0.0,0.0,0.0,0.0,0.0,0.0,0.0,0.0,0.0,0.0,0.0,0.0,0.0,0.0,0.0,0.0,0.0,0.0,0.0,0.0,0.0,0.0,0.0,0.0,0.0,0.0,0.0,0.0,0.0,0.0,0.0,0.0,0.0,0.0,0.0,0.0,0.0,0.0,0.0,0.0,0.0,0.0,0.0,0.0,0.0,0.0,0.0,0.00927,0.0,0.0,0.0,0.0,0.0,0.0,0.0,0.0,0.0,0.0,0.0,0.0,0.0,0.0,0.0,0.0,0.0,0.0,0.0,0.0,0.0,0.0,0.0,0.00071,0.0,0.0,0.0,0.0,0.0,0.0,0.0,0.0,0.0,0.0,0.0,0.0,0.0,0.0,0.0,0.0,0.0,0.0,0.0,0.0,0.0,0.0,0.0,0.0,0.0,0.0,0.0,0.0,0.0,0.0,0.0,0.0,0.0,0.0,0.0,0.0,0.0,0.0,0.0,0.0,0.0,0.0,0.0,0.0,0.0,0.0,0.0,0.0,0.0,0.0,0.0,0.0,0.0,0.0,0.0,0.0,0.0,0.0,0.0,0.0,0.0,0.0,0.0,0.0,0.0,0.0,0.0,0.0,0.0,0.0,0.0,0.0,0.0,0.0,0.0,0.0,0.0,0.0,0.0,0.0,0.0,0.0,0.0,0.0,0.0,0.0,0.0,0.0,0.0,0.0,0.0,0.0,0.0,0.0,0.0,0.0,0.0,0.0,0.0,0.0,0.0,0.0,0.0,0.0,0.0,0.0,0.0,0.0,0.0,0.0,0.0,0.0,0.0,0.0,0.0,0.0,0.0,0.0,0.0,0.0,0.0,0.0,0.0,0.0,0.0,0.0,0.0,0.0,0.0,0.0,0.0,0.0
CRR1090630,0,0.0,5.842709999999999,6.05086,0.0,4.7545,15.18477,0.45288,0.0,4.04367,15.51864,0.11189,8.26281,0.0,14.175389999999998,2.0214299999999996,0.34193,0.0,0.09663,0.029140000000000003,0.89518,1.34261,0.0,0.07495,12.77127,0.0,0.0,0.0,0.0327,2.34236,0.0,0.0,0.0,0.0,0.0,0.0,0.0,0.0,0.0,0.4682,0.0,0.0,0.0,0.00747,0.0,0.0,0.0,0.0,0.0,0.04145,0.0,0.0,0.0,0.0,0.0,0.0,0.0,0.0,0.0,0.0,0.0,0.0,0.0,0.0,0.0,0.0,0.0,0.0,0.0,0.0,0.03377,0.0,1.16575,0.0,0.0,0.0,0.0,0.0,0.0,0.0,0.0,0.0,0.0,0.0,0.0,0.0,0.2203,0.0,0.0,0.0,0.0,0.0,0.0,0.0,0.0,0.0,0.0,0.01174,0.0,0.0,0.0,0.0,0.0,0.0,0.0,0.0,0.0,0.0,0.0,0.0,0.0,0.0,0.0,1.38493,0.0,0.0,0.0,0.0,0.0,0.0,0.0,0.0,0.0,0.0,0.0,0.0,0.0,0.0,0.0,1.0819,0.0,0.0,0.0,0.0,0.0,0.0,0.0,0.0,0.0,0.0,0.0,0.0,0.0,0.0,0.0,0.0,0.0,0.0,0.0,0.0,0.0,0.0,0.0,0.0,0.0,0.0,0.68821,0.0,0.0,0.0,0.0,0.0,0.0,0.0,0.0,0.0,0.0,0.0,0.0,0.0,0.0,0.0,0.0,0.0,0.0,0.0,0.0,0.0,0.0,0.0,0.0,0.0,0.0,0.0,0.0,0.0,0.0,0.0,0.0,0.0,0.0,0.0,0.0,0.0,0.0,0.0,0.0,0.0,0.0,0.0,0.0,0.0,0.54959,0.00037,0.0,0.0,0.0,0.0,0.0,0.0,0.0,0.0,0.0,0.0,0.0,0.0,0.0,0.0,0.0,0.0,0.0,0.0,0.0,0.0,0.0,0.0,0.0,0.0,0.0,0.0,0.0,0.0,0.0,0.0,0.0,0.0,0.0,0.0,0.0,0.0,0.0,0.0,0.0,0.0,0.0,0.0,0.0,0.0,0.0,0.0,0.0,0.0,0.0,0.0,0.0,0.0,0.0,0.0,0.0,0.0,0.0,0.0,0.0,0.0,0.0,0.0,0.0,0.0,0.0,0.0,0.0,0.0,0.0,0.0,0.0,0.0,0.0,0.0,0.0,0.0,0.0,0.0,0.0,0.0,0.0,0.0,0.0,0.0,0.0,0.0,0.0,0.0,0.0,0.0,0.0,0.0,0.0,0.0,0.0,0.0,0.0,0.0,0.0,0.0,0.0,0.0,0.0,0.0,0.0,0.0,0.0,0.0,0.0,0.0,0.0,0.0,0.0,0.0,0.0
CRR1012495,1,0.0,1.2797,0.0,0.0,0.13646,2.3713299999999995,0.07477,0.0,1.90932,25.210150000000002,0.00219,0.13594,0.00408,31.77280000000001,6.949540000000001,8.727580000000001,0.0,0.0,0.17663,0.19344,0.6326899999999999,8.64352,0.4420200000000001,3.60985,0.39962000000000003,0.0,0.0,0.24913000000000002,0.08768000000000001,0.0,0.00873,0.0,0.0005,0.0,0.0,0.0384,0.0,0.0,0.04302,0.0,0.0,0.0,0.03737,0.0,0.0,0.04074,0.0,0.11632,0.4372,0.0,0.0,0.0,0.0,0.0,0.09377,0.00095,0.0,0.0,0.0,0.0,0.0,0.00723,0.0,0.0,0.0,0.0,0.0,0.0,0.0,0.0,0.0,5.177569999999999,0.00611,0.0,0.0,0.0,0.0,0.0,0.0,0.00464,0.0,0.0,0.0,0.0,0.0,0.08703,0.0,0.0,0.0,0.82611,0.0,0.0,0.0,0.0,0.0,0.0,0.0,0.0,0.0,0.0,0.01552,0.0,0.0,0.0,0.0,0.0,0.0,0.0,0.0,0.0,0.0,0.0,0.0,0.0,0.0,0.0,0.0,0.0,0.0,0.0,0.0,0.03707,0.0,0.0,0.0,0.0,0.0,0.0,0.0,0.0,0.0,0.00847,0.0,0.0,0.0,0.0,0.0,0.0,0.0,0.0,0.0,0.0,0.0,0.0,0.0,0.0,0.0,0.0,0.0,0.0,0.0,0.0,0.0,0.0,0.0,0.0,0.0,0.0,0.0,0.0,0.0,0.0,0.0,0.0,0.0,0.0,0.0,0.0,0.0,0.0,0.0,0.0,0.0,0.0,0.0,0.0,0.0,0.0,0.0,0.0,0.0,0.0,0.0,0.0,0.0,0.0,0.0,0.0,0.0,0.0,0.0,0.0,0.0,0.0,0.0,0.0,0.0,0.0,0.0,0.0,0.0,0.0,0.0,0.00484,0.0,0.0,0.0,0.0,0.0,0.0,0.0,0.0,0.0,0.0,0.0,0.0,0.0,0.0,0.0,0.0,0.0,0.0,0.0,0.0,0.0,0.0,0.0,0.0,0.0,0.0,0.0,0.0,0.0,0.0,0.0,0.0,0.0,0.0,0.0,0.0,0.0,0.0,0.0,0.0,0.0,0.0,0.0,0.0,0.0,0.0,0.0,0.0,0.0,0.0,0.0,0.0,0.0,0.0,0.0,0.0,0.0,0.0,0.0,0.0,0.0,0.0,0.0,0.0,0.0,0.0,0.0,0.0,0.0,0.0,0.0,0.0,0.0,0.0,0.0,0.0,0.0,0.0,0.0,0.0,0.0,0.0,0.0,0.0,0.0,0.0,0.0,0.0,0.0,0.0,0.0,0.0,0.0,0.0,0.0,0.0,0.0,0.0,0.0,0.0,0.0,0.0,0.0,0.0,0.0,0.0,0.0,0.0,0.0,0.0,0.0,0.0,0.0,0.0
CRR1090650,0,0.00045,8.18234,0.0,0.0,0.53699,8.923580000000001,0.06475,0.0,2.2915900000000002,20.917629999999996,0.18692,1.1136899999999998,1.39118,33.43978999999998,2.08913,0.18456,0.0,0.07898,0.01319,0.12801,0.08796,1.74157,0.32153,1.00313,10.22987,0.0,0.0,0.007180000000000001,0.49015,0.0,0.00037,0.0,0.0,0.0,0.0,0.00273,0.0,0.0,0.01302,0.0,0.60111,0.0,0.00754,0.0,0.0,0.0,0.0,1.03913,0.43889,0.0,0.0,0.0,0.0,0.1825,0.0,0.0,0.0,0.0,0.0,0.0,0.0,0.00671,0.0,0.21004,0.0,0.16302,0.0,0.0,0.16279,0.0,0.0,1.80505,1.64475,0.0,0.0,0.0,0.0,0.0,0.0,0.0,0.0,0.0,0.02256,0.0,0.14361,0.09392,0.0,0.0,0.0,0.0168,0.0,0.0,0.0,0.00121,0.0,0.0,0.0,0.0,0.0,0.0,0.0,0.0,0.0,0.0,0.0,0.0,0.0,0.0,0.0,0.0,0.0,0.0,0.0,0.0,0.0,0.0,0.01732,0.0,0.0,0.0,0.0,0.0,0.0,0.0,0.0,0.0,0.0,0.0,0.0,0.0,0.0,0.0,0.0,0.0,0.0,0.0,0.0,0.00271,0.0,0.0,0.0,0.0,0.0,0.0,0.0,0.0,0.0,0.0,0.0,0.0,0.0,0.0,0.0,0.0,0.0,0.0,0.0,0.0,0.0,0.0,0.0,0.0,0.0,0.0,0.0,0.0,0.0,0.0,0.0,0.0,0.0,0.0,0.0,0.0,0.0,0.0,0.0,0.0,0.0,0.0,0.0,0.0,0.0,0.0,0.0,0.0,0.0,0.0,0.0,0.0,0.0,0.0,0.0,0.0,0.0,0.0,0.0,0.0,0.0,0.0,0.0,0.0,0.0,0.0,0.0,0.0,0.0,0.0,0.0,0.0,0.0,0.0,0.0,0.0,0.0,0.0,0.0,0.0,0.0,0.0,0.0,0.0,0.0,0.0,0.0,0.0,0.0,0.0,0.0,0.0,0.0,0.0,0.0,0.0,0.0,0.0,0.0,0.0,0.0,0.0,0.0,0.0,0.0,0.0,0.0,0.0,0.0,0.0,0.0,0.0,0.0,0.0,0.0,0.0,0.0,0.0,0.0,0.0,0.0,0.0,0.0,0.0,0.0,0.0,0.0,0.0,0.0,0.0,0.0,0.0,0.0,0.0,0.0,0.0,0.0,0.0,0.0,0.0,0.0,0.0,0.0,0.0,0.0,0.0,0.0,0.0,0.0,0.0,0.0,0.0,0.0,0.0,0.0,0.0,0.0,0.0,0.0,0.0,0.0,0.0,0.0,0.0,0.0,0.0,0.0,0.0,0.0,0.0,0.0,0.0,0.0,0.0,0.0,0.0,0.0,0.0,0.0,0.0
CRR1090659,0,0.0005,8.5889,0.0,0.0,3.3255600000000003,39.81634,0.16474,0.0,0.7651399999999999,21.83431,0.19018999999999997,3.15879,0.0,8.056589999999998,2.0103,0.2751,0.0,0.03149,0.32935000000000003,0.05629000000000001,0.17531,1.60674,0.09742999999999999,0.2148,1.2559500000000001,0.0,0.0,0.02229,1.87567,0.0,0.0,0.0,0.0,0.0,0.00761,0.0,0.0,0.0,0.0,0.0,0.0,0.0,0.00076,0.0,0.0,0.0,0.0,2.69787,0.0,0.0,0.0824,0.0,0.0,0.14229999999999998,0.0,0.0,0.0,0.0,0.0,0.0,0.0,0.82836,0.0,0.0,0.0,0.00067,0.0,0.0,0.18714,0.0,0.0,2.03729,0.0,0.0,0.0,0.03861,0.0,0.03414,0.0,0.0,0.0,0.0,0.00766,0.0,0.0,0.08114,0.0,0.0,0.0,0.0,0.0,0.0,0.0,0.0,0.0,0.0,0.0,0.0,0.0,0.0,0.0,0.0,0.0,0.0,0.0,0.0,0.0,0.0,0.0,0.0,0.0,0.0,0.0,0.0,0.0,0.0,0.0,0.0,0.0,0.0,0.0,0.0,0.0,0.0,0.0,0.0,0.0,0.0,0.0,0.0,0.0,0.0,0.0,0.0,0.0,0.0,0.0,0.0,0.00233,0.0,0.0,0.0,0.0,0.0,0.0,0.0,0.0,0.0,0.0,0.0,0.0,0.0,0.0,0.0,0.0,0.0,0.0,0.0,0.0,0.0,0.0,0.0,0.0,0.0,0.0,0.0,0.0,0.0,0.0,0.0,0.0,0.0,0.0,0.0,0.0,0.0,0.0,0.0,0.0,0.0,0.0,0.0,0.0,0.0,0.0,0.0,0.0,0.0,0.0,0.0,0.0,0.0,0.0,0.0,0.0,0.0,0.0,0.0,0.0,0.0,0.0,0.0,0.0,0.0,0.0,0.0,0.0,0.0,0.0,0.0,0.0,0.0,0.0,0.0,0.0,0.0,0.0,0.0,0.0,0.0,0.0,0.0,0.0,0.0,0.0,0.0,0.0,0.0,0.0,0.0,0.0,0.0,0.0,0.0,0.0,0.0,0.0,0.0,0.0,0.0,0.0,0.0,0.0,0.0,0.0,0.0,0.0,0.0,0.0,0.0,0.0,0.0,0.0,0.0,0.0,0.0,0.0,0.0,0.0,0.0,0.0,0.0,0.0,0.0,0.0,0.0,0.0,0.0,0.0,0.0,0.0,0.0,0.0,0.0,0.0,0.0,0.0,0.0,0.0,0.0,0.0,0.0,0.0,0.0,0.0,0.0,0.0,0.0,0.0,0.0,0.0,0.0,0.0,0.0,0.0,0.0,0.0,0.0,0.0,0.0,0.0,0.0,0.0,0.0,0.0,0.0,0.0,0.0,0.0,0.0,0.0,0.0,0.0,0.0,0.0,0.0,0.0,0.0
CRR1012707,0,0.0,0.27638,0.40459,0.0,0.10821,0.9903000000000001,1.98758,0.0,3.8013600000000003,12.764780000000004,0.01724,0.01711,0.0,33.42162999999999,2.2282900000000003,0.0024,0.0137,0.1942,0.0,0.9617400000000002,4.94193,1.90093,1.9309399999999999,21.61197,0.79131,0.0,0.0,0.71295,0.15376,0.0,0.0,0.10735,0.0,0.0,0.01228,0.07398,0.0,0.0024000000000000002,0.00158,0.0,0.06057,0.0,0.18505,0.0,0.0,0.0,0.0,0.04294,0.01843,0.45035,0.0,0.0,0.0,0.40456,0.15214,0.0,0.08925000000000001,0.0,0.0,0.0,0.00013,0.0,0.0,0.00889,0.0,0.0,0.0,0.0,0.0,0.00553,0.0,0.05262,3.12563,0.0043,0.00515,0.0,0.09015,0.0,0.0,0.05786,0.0,0.0,0.04551,0.0,0.0,0.0,0.0,0.0,0.0,0.0,0.19926,0.0,0.53395,0.0,0.0,0.0,0.0,0.01449,0.0002,4.0641,0.00902,0.0,0.03855,0.0,0.0,0.05124,0.20105,0.0,0.0,0.00315,0.0,0.0,0.0,0.0,0.0,0.0,0.0,0.0,0.0,0.0,0.0,0.02966,0.0,0.0,0.0,0.0,0.0,0.0,0.0,0.01033,0.0,0.0,0.0,0.0,0.0,0.0,0.05876,0.0,0.00638,0.0,0.04467,0.0,0.0,0.0,0.0,0.0,0.0,0.0,0.0,0.0,0.0,0.0,0.00279,0.01175,0.0,0.0,0.0,0.00268,0.0,0.0,0.0,0.0,0.34709,0.0,0.0,0.0,0.0,0.0,0.0,0.0,0.0012,0.0,0.0,0.0,0.08138,0.0,0.0,0.0,0.0,0.0,0.0,0.0,0.0,0.0,0.0,0.0,0.0,0.0,0.02979,0.0,0.0,0.0,0.0,0.0,0.0,0.0,0.0,0.0,0.0,0.0,0.00089,0.0,0.0,0.0,0.02498,0.00275,0.0,0.0,0.0,0.0,0.0,0.0,0.0,0.0,0.0,0.0,0.0,0.0,0.0,0.0,0.0,0.0,0.0,0.0,0.0,0.0,0.0,0.0,0.0,0.0,0.0,0.0,0.0,0.0,0.0,0.0,0.0,0.0,0.0,0.0,0.0,0.0,0.0,0.0,0.0,0.0,0.0,0.0,0.0,0.0,0.0,0.0,0.0,0.0,0.0,0.0,0.0,0.0,0.0,0.0,0.0,0.0,0.0,0.0,0.0,0.0,0.0,0.0,0.0,0.0,0.0,0.0,0.0,0.0,0.0,0.0,0.0,0.0,0.0,0.0,0.0,0.0,0.0,0.0,0.0,0.0,0.0,0.0,0.0,0.0,0.0,0.0,0.0,0.0,0.0,0.0,0.0,0.0,0.0,0.0,0.0,0.0,0.0,0.0,0.0,0.0,0.0,0.0,0.0,0.0,0.0,0.0,0.0,0.0,0.0,0.0,0.0,0.0
CRR1090654,0,0.01436,11.70026,17.87656,0.0,0.38741,3.67194,2.8259,0.0,2.26905,15.809929999999998,0.53147,0.17850000000000002,0.0,14.854489999999998,0.18248,0.05058,0.0,0.2673,2.91387,0.21332,0.54616,0.87741,2.1590199999999995,1.31297,0.21606999999999998,0.0,0.0,0.00349,1.8633000000000002,0.0,0.00075,0.0,0.0,0.0,0.09899,0.014419999999999999,0.0,0.00591,0.00077,0.0,1.58696,0.0021,0.08626999999999999,0.0,0.0,0.006,0.0,0.26207,0.0,0.86654,1.25849,0.0,0.0,0.0,0.0,0.0,0.0,0.0,0.0,0.0,0.0,0.02527,0.0,0.00786,0.0,0.0,0.0,0.00537,0.0,0.0,0.0,11.281600000000001,0.03586,0.07707,0.0,0.37752,0.00822,0.0,0.0,0.03317,0.0,0.0,0.0,0.0,0.0,0.01593,0.0197,0.0,0.0,0.0,0.33518,0.0,0.0,0.0,0.0,0.0,0.0,0.0,0.00368,0.00439,0.04934,0.04873,0.026940000000000002,0.0,0.0,0.02083,0.0,0.0,0.01056,0.00327,0.0,0.0,0.0,0.0,0.0,0.0,0.0,0.0,0.0,0.0,0.0,1.10613,0.0,0.0,0.0,0.0,0.0,0.0,0.0,0.0,0.0,0.0,0.0,0.0,0.0,0.0,0.0,0.0,0.0,0.0,0.01416,0.0,0.0,0.0405,0.0,0.0,0.0,0.0,0.0,0.0,0.0,0.02669,0.01215,0.0,0.01068,0.0,0.0,0.0,0.0,0.00196,0.0,0.0,0.12424,0.0,0.024,0.0,0.0,0.0,0.0,0.0,0.04341,0.0,0.0,0.0,0.0,0.0,0.0,0.0,0.06128,0.0,0.85872,0.0,0.0,0.0,0.0,0.0,0.0,0.0,0.0,0.35104,0.0,0.0,0.0,0.0,0.0,0.0,0.0,0.0,0.0,0.0,0.0,0.0,0.0,0.0,0.0,0.0,0.01038,0.00901,0.0,0.0,0.0,0.0,0.0,0.0,0.0,0.0,0.0,0.0,0.0,0.0,0.0,0.0,0.0,0.0,0.0,0.0,0.0,0.0,0.0,0.0,0.0,0.0,0.0,0.0,0.0,0.0,0.0,0.0,0.0,0.0,0.0,0.0,0.0,0.0,0.0,0.0,0.0,0.0,0.0,0.0,0.0,0.0,0.0,0.0,0.0,0.0,0.0,0.0,0.0,0.0,0.0,0.0,0.0,0.0,0.0,0.0,0.0,0.0,0.0,0.0,0.0,0.0,0.0,0.0,0.0,0.0,0.0,0.0,0.0,0.0,0.0,0.0,0.0,0.0,0.0,0.0,0.0,0.0,0.0,0.0,0.0,0.0,0.0,0.0,0.0,0.0,0.0,0.0,0.0,0.0,0.0,0.0,0.0,0.0,0.0,0.0,0.0,0.0,0.0,0.0,0.0,0.0,0.0,0.0,0.0,0.0,0.0,0.0
CRR1012576,1,0.0,0.0,0.02837,0.0,0.83951,59.46456,0.1949,0.0,0.00467,16.9596,0.0,0.0,0.0,13.71125,0.9825,0.24652,0.0,0.00355,0.00052,0.051219999999999995,1.1095000000000002,0.0,0.8821699999999999,1.73176,0.01389,0.0,0.0,0.44031,0.28194,0.0,0.00416,0.0,0.0,0.0,0.0,0.069,0.0,0.0,0.03439999999999999,0.0,0.0,0.0,0.021920000000000002,0.0,0.0,0.00388,0.0,0.26726,0.0,0.0,0.0,0.0,0.0,0.0,0.0,0.0,0.0,0.0,0.0,0.0,0.0,0.00448,0.0,0.0,0.0,0.0,0.0,0.0,0.04123,0.0,0.0,2.51973,0.0,0.0,0.0,0.0,0.0,0.0,0.0,0.01166,0.0,0.0,0.0,0.0,0.0,0.03341,0.0,0.0,0.0,0.0,0.0,0.0,0.0,0.0,0.0,0.0,0.00322,0.0,0.0223,0.0,0.01314,0.0,0.0,0.0,0.0,0.0,0.0,0.0,0.0,0.0,0.0,0.0,0.0,0.0,0.0,0.0,0.0,0.0,0.0,0.0,0.0,0.0,0.0,0.0,0.0,0.0,0.0,0.0,0.0,0.0,0.0,0.0,0.0,0.0,0.0,0.0,0.0,0.0,0.0,0.0,0.0,0.0,0.0,0.0,0.0,0.0,0.0,0.0,0.0,0.0,0.0,0.0,0.0,0.0,0.0,0.0,0.0,0.0,0.0,0.0,0.0,0.0,0.0,0.0,0.0,0.0,0.0,0.0,0.0,0.0,0.0,0.0,0.0,0.0,0.0,0.0,0.0,0.0,0.0,0.0,0.0,0.0,0.0,0.0,0.0,0.0,0.0,0.0,0.0,0.0,0.0,0.0,0.0,0.0,0.0,0.0,0.0,0.0,0.0,0.0,0.0,0.0,0.0,0.00347,0.0,0.0,0.0,0.0,0.0,0.0,0.0,0.0,0.0,0.0,0.0,0.0,0.0,0.0,0.0,0.0,0.0,0.0,0.0,0.0,0.0,0.0,0.0,0.0,0.0,0.0,0.0,0.0,0.0,0.0,0.0,0.0,0.0,0.0,0.0,0.0,0.0,0.0,0.0,0.0,0.0,0.0,0.0,0.0,0.0,0.0,0.0,0.0,0.0,0.0,0.0,0.0,0.0,0.0,0.0,0.0,0.0,0.0,0.0,0.0,0.0,0.0,0.0,0.0,0.0,0.0,0.0,0.0,0.0,0.0,0.0,0.0,0.0,0.0,0.0,0.0,0.0,0.0,0.0,0.0,0.0,0.0,0.0,0.0,0.0,0.0,0.0,0.0,0.0,0.0,0.0,0.0,0.0,0.0,0.0,0.0,0.0,0.0,0.0,0.0,0.0,0.0,0.0,0.0,0.0,0.0,0.0,0.0,0.0,0.0,0.0,0.0,0.0,0.0
CRR1012527,1,0.0,2.50415,0.00514,0.0,1.74165,63.01688000000001,0.26782,0.0,0.0,14.15994,0.0,3.47389,0.0,9.488019999999999,0.96587,0.0,0.0,0.0,0.74655,0.03428,0.43859,0.0,0.37265,0.32749,0.23699,0.0,0.0,0.02033,0.01533,0.0,0.0,0.0,0.0,0.0,0.0,0.0,0.0,0.0,0.0,0.0,0.0,0.0,0.0,0.0,0.0,0.0,0.0,0.73717,0.0,0.0,0.0,0.0,0.0,0.0,0.00653,0.0,0.0,0.0,0.0,0.0,0.0,0.00236,0.0,0.0,0.0,0.0,0.0,0.0,0.0,0.0,0.0,0.50042,0.0,0.0,0.0,0.0,0.0,0.0,0.0,0.0,0.0,0.0,0.0,0.0,0.0,0.43046,0.0,0.0,0.0,0.50336,0.0,0.0,0.0,0.0,0.0,0.0,0.0041,0.0,0.0,0.0,0.0,0.0,0.0,0.0,0.0,0.0,0.0,0.0,0.0,0.0,0.0,0.0,0.0,0.0,0.0,0.0,0.0,0.0,0.0,0.0,0.0,0.0,0.0,0.0,0.0,0.0,0.0,0.0,0.0,0.0,0.0,0.0,0.0,0.0,0.0,0.0,0.0,0.0,0.0,0.0,0.0,0.0,0.0,0.0,0.0,0.0,0.0,0.0,0.0,0.0,0.0,0.0,0.0,0.0,0.0,0.0,0.0,0.0,0.0,0.0,0.0,0.0,0.0,0.0,0.0,0.0,0.0,0.0,0.0,0.0,0.0,0.0,0.0,0.0,0.0,0.0,0.0,0.0,0.0,0.0,0.0,0.0,0.0,0.0,0.0,0.0,0.0,0.0,0.0,0.0,0.0,0.0,0.0,0.0,0.0,0.0,0.0,0.0,0.0,0.0,0.0,0.0,0.0,0.0,0.0,0.0,0.0,0.0,0.0,0.0,0.0,0.0,0.0,0.0,0.0,0.0,0.0,0.0,0.0,0.0,0.0,0.0,0.0,0.0,0.0,0.0,0.0,0.0,0.0,0.0,0.0,0.0,0.0,0.0,0.0,0.0,0.0,0.0,0.0,0.0,0.0,0.0,0.0,0.0,0.0,0.0,0.0,0.0,0.0,0.0,0.0,0.0,0.0,0.0,0.0,0.0,0.0,0.0,0.0,0.0,0.0,0.0,0.0,0.0,0.0,0.0,0.0,0.0,0.0,0.0,0.0,0.0,0.0,0.0,0.0,0.0,0.0,0.0,0.0,0.0,0.0,0.0,0.0,0.0,0.0,0.0,0.0,0.0,0.0,0.0,0.0,0.0,0.0,0.0,0.0,0.0,0.0,0.0,0.0,0.0,0.0,0.0,0.0,0.0,0.0,0.0,0.0,0.0,0.0,0.0,0.0,0.0,0.0,0.0,0.0,0.0,0.0,0.0
CRR1012743,0,0.009139999999999999,1.98419,0.0,0.0,0.51929,19.5507,0.4758,0.05426,0.68503,20.594520000000003,0.10293000000000001,1.29297,0.0,19.209360000000007,4.295629999999999,0.07828,0.015870000000000002,0.12105,0.01245,0.53815,0.31100000000000005,3.12375,0.61163,1.10134,11.85817,0.0,0.0,0.2142,0.44227,0.0,0.0,0.0,0.0,0.0,0.0668,0.02488,0.0,0.15990000000000001,0.00517,0.0691,0.97415,0.0,0.03768,0.0,0.00891,0.0,0.0,0.0639,0.0458,0.0,0.2667,0.0,0.07349,0.7799,0.01728,0.0,0.01051,0.0,0.0,0.0,0.0,0.0,0.0,0.03409,0.0,0.055220000000000005,0.0,0.0,0.00625,0.00299,0.0,0.21602,2.47556,0.0,0.03226,0.05191,0.00255,0.0,0.0,0.00322,0.0,0.0,0.00922,0.0,0.01133,0.12432,0.0,0.0,0.0,0.0,0.73258,0.0,0.2693,0.0,0.00411,0.0,0.0,0.0,0.01024,3.9744,0.0,0.0,0.0262,0.05837,0.01363,0.07782,0.0,0.00969,0.0,0.0038,0.0,0.0,0.0,0.0,0.0,0.0,0.0,0.0,0.0,0.0,0.0,0.0,0.0,0.0,0.16946,0.0,0.0,0.0,0.0,0.0,0.0,0.0,0.0,0.0,0.18046,0.0,0.23312,0.0,0.0,0.0004,0.0,0.0,0.0,0.06426,0.0,0.0,0.0,0.0,0.0,0.00569,0.00161,0.0,0.00832,0.0,0.0,0.0,0.00219,0.0,0.0,0.0,0.0,0.0,0.15203,0.01045,0.0,0.0,0.0,0.0,0.0,0.0,0.03423,0.0,0.0,0.0,0.0,0.0,0.0,0.0,0.0,0.0,0.00358,0.0,0.0,0.0,0.0,0.0,0.0,0.0,0.0,0.0,0.0,0.0,0.0,0.0,0.0,0.0,0.0,0.0,0.0,0.0,0.0,0.0,0.0,0.0,0.02266,0.0,0.0,0.07552,0.4239,0.28662,0.14287,0.09335,0.06487,0.01063,0.00228,0.00031,0.0,0.0,0.0,0.0,0.0,0.0,0.0,0.0,0.0,0.0,0.0,0.0,0.0,0.0,0.0,0.0,0.0,0.0,0.0,0.0,0.0,0.0,0.0,0.0,0.0,0.0,0.0,0.0,0.0,0.0,0.0,0.0,0.0,0.0,0.0,0.0,0.0,0.0,0.0,0.0,0.0,0.0,0.0,0.0,0.0,0.0,0.0,0.0,0.0,0.0,0.0,0.0,0.0,0.0,0.0,0.0,0.0,0.0,0.0,0.0,0.0,0.0,0.0,0.0,0.0,0.0,0.0,0.0,0.0,0.0,0.0,0.0,0.0,0.0,0.0,0.0,0.0,0.0,0.0,0.0,0.0,0.0,0.0,0.0,0.0,0.0,0.0,0.0,0.0,0.0,0.0,0.0,0.0,0.0,0.0,0.0,0.0,0.0,0.0,0.0,0.0,0.0
CRR1012734,0,0.0,0.23044,0.0,0.0,0.07155,0.80864,1.36395,0.0,2.04762,6.402059999999999,0.00019,0.0,0.0,16.03901,2.4286300000000005,0.0,0.0005,0.00925,8.427620000000003,0.37341,13.05696,4.0799,21.172200000000004,0.00294,0.22093000000000002,0.0,0.01316,0.11134999999999999,20.86103,0.0,0.00413,0.0,0.0,0.0,0.0,0.01044,0.0,0.0,0.0,0.0,0.0,0.0,0.02101,0.0,0.0,0.00368,0.0,0.0,0.0,0.0,0.0,0.0,0.0,0.9673900000000001,0.0,0.0,0.0,0.0,0.0,0.0,0.0,0.25366,0.0,0.00078,0.0,0.0,0.0,0.0,0.0,0.0,0.0,0.29547,0.0,0.0,0.0,0.00084,0.0,0.0,0.0,0.08317,0.0,0.0,0.0,0.0,0.0253,0.01726,0.0,0.0,0.0,0.0,0.0,0.0,0.0,0.0,0.0,0.0,0.0,0.0,0.00836,0.0,0.55693,0.0302,0.0,0.0,0.0,0.0,0.0,0.0,0.0,0.0,0.0,0.0,0.0,0.0,0.0,0.0,0.0,0.0,0.0,0.0,0.0,0.0,0.0,0.0,0.0,0.0,0.0,0.0,0.0,0.0,0.0,0.0,0.0,0.0,0.0,0.0,0.0,0.0,0.0,0.0,0.0,0.0,0.0,0.0,0.0,0.0,0.0,0.0,0.0,0.0,0.0,0.0,0.0,0.0,0.0,0.0,0.0,0.0,0.0,0.0,0.0,0.0,0.0,0.0,0.0,0.0,0.0,0.0,0.0,0.0,0.0,0.0,0.0,0.0,0.0,0.0,0.0,0.0,0.0,0.0,0.0,0.0,0.0,0.0,0.0,0.0,0.0,0.0,0.0,0.0,0.0,0.0,0.0,0.0,0.0,0.0,0.0,0.0,0.0,0.0,0.0,0.0,0.0,0.0,0.0,0.0,0.0,0.0,0.0,0.0,0.0,0.0,0.0,0.0,0.0,0.0,0.0,0.0,0.0,0.0,0.0,0.0,0.0,0.0,0.0,0.0,0.0,0.0,0.0,0.0,0.0,0.0,0.0,0.0,0.0,0.0,0.0,0.0,0.0,0.0,0.0,0.0,0.0,0.0,0.0,0.0,0.0,0.0,0.0,0.0,0.0,0.0,0.0,0.0,0.0,0.0,0.0,0.0,0.0,0.0,0.0,0.0,0.0,0.0,0.0,0.0,0.0,0.0,0.0,0.0,0.0,0.0,0.0,0.0,0.0,0.0,0.0,0.0,0.0,0.0,0.0,0.0,0.0,0.0,0.0,0.0,0.0,0.0,0.0,0.0,0.0,0.0,0.0,0.0,0.0,0.0,0.0,0.0,0.0,0.0,0.0,0.0,0.0,0.0,0.0,0.0,0.0,0.0,0.0,0.0,0.0,0.0,0.0,0.0,0.0,0.0,0.0,0.0
CRR1012732,1,0.0,2.5644400000000003,0.8718,0.0,0.09239,2.07278,0.95174,0.0,3.8358399999999997,13.182879999999995,0.2502,0.0253,0.0,40.49446999999999,4.210439999999999,0.0,0.0058,0.5680099999999999,0.36379,1.4364999999999999,3.7119999999999997,5.56878,0.27237,0.00163,2.26705,0.0,0.0089,0.87497,1.63648,0.0,0.00786,0.47372,0.00184,0.0,0.0,0.02413,0.0,0.00556,0.00141,0.0,0.0,0.16722,0.06817,0.00157,0.0,0.00034,0.00111,0.04416,0.0,0.0,0.0,0.0,0.0,5.090110000000001,0.0,0.0,0.11428,0.0,0.0,0.0,0.0,0.0,0.0,0.00483,0.0,0.017939999999999998,0.0,0.00183,0.0,0.01736,0.0,0.67393,1.72243,0.00437,0.02264,0.16416,0.16309,0.00703,0.01513,0.00309,0.0,0.0,0.00204,0.14443,0.10256,0.0,0.0,0.0,0.0,0.0,0.27286,0.0,0.0,0.0,0.0,0.0001,0.0,9e-05,0.02109,0.32889,0.0,0.01725,0.02527,0.0,0.0,0.0,0.00904,0.0,0.0,0.11855,0.01659,0.00615,0.0,0.0,0.0,0.0,0.01388,0.0,0.0,0.0,0.0,0.0,0.0,0.0,0.0,0.0,0.0,0.0,0.0,0.00291,0.08631,0.0,0.0,0.0,0.0,0.0,0.0,0.0,0.10745,0.0,0.0,4.42046,0.0,0.0,0.0,0.0,0.0,0.0,0.0,0.09495,0.0,0.02963,0.00243,0.02429,0.00756,0.0,0.0,0.0,0.0,0.0,0.0,0.0,0.0,0.0,0.0,0.0,0.0,0.0,0.0,0.0,0.0,0.0,0.00038,0.0,0.0,0.0,0.0,0.0,0.0,0.0,0.00597,0.0,0.0,0.0,0.0,0.0,0.0,0.0,0.0,0.00979,0.0,0.0,0.0,0.0,0.0,0.0,0.0,0.0,0.0,0.0,0.0,0.0,0.0,0.0,0.00476,0.0,0.0,0.0,0.0,0.0,0.0,0.0,0.0,0.0,0.0,0.0,0.02742,0.009,0.0,0.0,0.0,0.0,0.0,0.0,0.0,0.0,0.0,0.0,0.0,0.0,0.0,0.0,0.0,0.0,0.0,0.0,0.0,0.0,0.0,0.0,0.0,0.0,0.0,0.0,0.0,0.0,0.0,0.0,0.0,0.0,0.0,0.0,0.0,0.0,0.0,0.0,0.0,0.0,0.0,0.0,0.0,0.0,0.0,0.0,0.0,0.0,0.0,0.0,0.0,0.0,0.0,0.0,0.0,0.0,0.0,0.0,0.0,0.0,0.0,0.0,0.0,0.0,0.0,0.0,0.0,0.0,0.0,0.0,0.0,0.0,0.0,0.0,0.0,0.0,0.0,0.0,0.0,0.0,0.0,0.0,0.0,0.0,0.0,0.0,0.0,0.0,0.0,0.0,0.0,0.0,0.0,0.0,0.0,0.0,0.0,0.0,0.0,0.0
CRR1012487,1,0.0,0.9061299999999999,0.47887,0.0,1.1292499999999999,24.79581,0.0,0.0,0.84661,19.153859999999998,0.1487,0.03142,0.0,22.47862,1.68513,0.01543,0.011999999999999999,0.01764,0.0,0.30751,0.61661,0.87238,0.08073,1.24551,0.27921,0.0,0.0,0.02058,3.6865,0.0,0.0,0.0,0.0,0.0,0.0,0.0,0.0,0.0,0.0,0.0,0.0,0.0,0.0,0.00139,0.0,0.0,0.0,0.09137,0.0,0.0,0.0,0.0,0.0,10.93378,0.0,0.0,0.0,0.0,0.0,0.15769,0.0,0.0,0.0,0.0,0.0,0.05506,0.0,0.0,0.00265,0.0,0.0,0.0,0.0,0.01905,0.00322,0.0,0.01142,0.0,0.0,0.0,0.0,0.0,0.0,0.0,0.00084,0.35988,0.0,0.71869,0.0,0.0,0.0,0.0,0.0,0.0,0.0,0.0,0.0,0.0,0.0,8.76669,0.0,0.0,0.0,0.0,0.0,0.0,0.0,0.0,0.0,0.0,0.0,0.0,0.0,0.0,0.0,0.0,0.0,0.0,0.0,0.0,0.0,0.0,0.0,0.0,0.0,0.0,0.0,0.0,0.0,0.0,0.0,0.0,0.0,0.0,0.0,0.0,0.0,0.0,0.0,0.0,0.0,0.0,0.0,0.0,0.0,0.0,0.0,0.0,0.0,0.0,0.0,0.0,0.0,0.06974,0.0,0.0,0.0,0.0,0.0,0.0,0.0,0.0,0.0,0.0,0.0,0.0,0.0,0.0,0.0,0.0,0.0,0.0,0.0,0.0,0.0,0.0,0.0,0.0,0.0,0.0,0.0,0.0,0.0,0.0,0.0,0.0,0.0,0.0,0.0,0.0,0.0,0.0,0.0,0.0,0.0,0.0,0.0,0.0,0.0,0.0,0.0,0.0,0.0,0.0,0.0,0.0,0.0,0.0,0.0,0.0,0.0,0.0,0.0,0.0,0.0,0.0,0.0,0.0,0.0,0.0,0.0,0.0,0.0,0.0,0.0,0.0,0.0,0.0,0.0,0.0,0.0,0.0,0.0,0.0,0.0,0.0,0.0,0.0,0.0,0.0,0.0,0.0,0.0,0.0,0.0,0.0,0.0,0.0,0.0,0.0,0.0,0.0,0.0,0.0,0.0,0.0,0.0,0.0,0.0,0.0,0.0,0.0,0.0,0.0,0.0,0.0,0.0,0.0,0.0,0.0,0.0,0.0,0.0,0.0,0.0,0.0,0.0,0.0,0.0,0.0,0.0,0.0,0.0,0.0,0.0,0.0,0.0,0.0,0.0,0.0,0.0,0.0,0.0,0.0,0.0,0.0,0.0,0.0,0.0,0.0,0.0,0.0,0.0,0.0,0.0,0.0,0.0,0.0,0.0,0.0,0.0,0.0,0.0,0.0,0.0,0.0,0.0,0.0
CRR1012741,1,0.0,0.0,0.0,0.0,0.01347,1.1776,0.0,0.0,0.08527,4.55914,0.0,0.01567,0.0,61.242760000000004,5.08767,0.00069,0.0,0.00046,0.12127,8.279819999999999,1.57712,0.99495,0.9144000000000001,0.7847500000000001,0.66976,0.0,0.0,0.0,8.400739999999999,0.0,0.0,0.0,0.0,0.0,0.0,0.02928,0.0,0.0,0.15067,0.0,0.0,0.0,0.01938,0.0,0.0,0.0083,0.0,0.31032,0.0,0.0,0.0,0.0,0.0,0.0,0.0,0.0,0.0,0.0,0.0,0.0,0.0,0.0,0.0,0.0,0.0,0.0,0.0,0.0,0.11994,0.0,0.0,0.01499,0.0,0.0,0.0,0.0,0.0,0.0,0.0,0.00809,0.0,0.0,0.0,0.0,0.0,0.07171,0.0,0.0,0.0,5.20154,0.0,0.0,0.0,0.0,0.0,0.0,0.0,0.0,0.0,0.0,0.14027,0.0,0.0,0.0,0.0,0.0,0.0,0.0,0.0,0.0,0.0,0.0,0.0,0.0,0.0,0.0,0.0,0.0,0.0,0.0,0.0,0.0,0.0,0.0,0.0,0.0,0.0,0.0,0.0,0.0,0.0,0.0,0.0,0.0,0.0,0.0,0.0,0.0,0.0,0.0,0.0,0.0,0.0,0.0,0.0,0.0,0.0,0.0,0.0,0.0,0.0,0.0,0.0,0.0,0.0,0.0,0.0,0.0,0.0,0.0,0.0,0.0,0.0,0.0,0.0,0.0,0.0,0.0,0.0,0.0,0.0,0.0,0.0,0.0,0.0,0.0,0.0,0.0,0.0,0.0,0.0,0.0,0.0,0.0,0.0,0.0,0.0,0.0,0.0,0.0,0.0,0.0,0.0,0.0,0.0,0.0,0.0,0.0,0.0,0.0,0.0,0.0,0.0,0.0,0.0,0.0,0.0,0.0,0.0,0.0,0.0,0.0,0.0,0.0,0.0,0.0,0.0,0.0,0.0,0.0,0.0,0.0,0.0,0.0,0.0,0.0,0.0,0.0,0.0,0.0,0.0,0.0,0.0,0.0,0.0,0.0,0.0,0.0,0.0,0.0,0.0,0.0,0.0,0.0,0.0,0.0,0.0,0.0,0.0,0.0,0.0,0.0,0.0,0.0,0.0,0.0,0.0,0.0,0.0,0.0,0.0,0.0,0.0,0.0,0.0,0.0,0.0,0.0,0.0,0.0,0.0,0.0,0.0,0.0,0.0,0.0,0.0,0.0,0.0,0.0,0.0,0.0,0.0,0.0,0.0,0.0,0.0,0.0,0.0,0.0,0.0,0.0,0.0,0.0,0.0,0.0,0.0,0.0,0.0,0.0,0.0,0.0,0.0,0.0,0.0,0.0,0.0,0.0,0.0,0.0,0.0,0.0,0.0,0.0,0.0,0.0,0.0,0.0
CRR1012738,1,0.0,4.41357,0.0,0.00019,0.6626,4.566730000000001,0.01357,0.0,3.1359899999999996,29.219270000000005,0.23322,0.03081,0.0,23.513509999999993,2.19434,0.0105,0.024839999999999997,0.0475,1.65644,1.79744,0.24106999999999998,1.63397,7.0378300000000005,2.27339,0.25695,0.0006,0.0,0.11127999999999999,0.05115,0.0,0.00105,0.1293,0.0,0.0,0.00757,0.01003,0.0,0.00493,1.02874,0.0,0.58168,0.0,0.06653,0.0,0.0,0.01469,0.0,0.00415,0.0,1.83845,0.79927,0.0,0.0,1.75909,0.0,0.15697,0.04215,0.0,0.0,0.0,0.14478,0.0,0.01841,0.03403,0.02544,0.11739000000000001,0.0,0.00829,0.0,0.0,0.0,0.0,0.38134,0.00243,0.02775,0.0,0.08153,0.0,0.01384,0.020919999999999998,0.0,0.0,0.01376,0.0,0.49543,0.0,0.0126,0.0,0.04568,0.0,1.77708,0.71531,0.0,0.03734,0.0,0.0,0.0,0.00954,0.00182,0.0,0.02469,0.07314,0.00958,3.87797,0.0,0.07965,0.0,0.0,0.0,0.0,0.027,0.0,0.0,0.0,0.0,0.56639,0.0,0.0,0.0,0.0,0.0,0.0,0.0,0.0,0.0,0.00853,0.0,0.0,0.0,0.0,0.0,0.0,0.0,0.0,0.0,0.00695,0.01664,0.0,0.27845,0.0,0.0,0.0,0.0,0.44048,0.0,0.0,0.0,0.0,0.0,0.01249,0.0,0.0,0.0,0.0,0.0,0.0,0.00756,0.0,0.0,0.0,0.0,0.0,0.91944,0.0,0.0,0.0,0.0,0.0,0.0,0.0,0.0,0.0,0.0,0.0,0.0,0.0,0.0,0.0,0.0,0.01449,0.00368,0.0,0.0,0.0,0.0,0.0,0.0,0.0,0.0,0.0066,0.0,0.0,0.0,0.0,0.0,0.0,0.0,0.0,0.0,0.0,0.0,0.0,0.0,0.0,0.0702,0.0,0.0,0.0,0.0,0.0,0.0,0.0,0.0,0.0,0.0,0.0,0.0,0.0,0.0,0.0,0.0,0.0,0.0,0.0,0.0,0.0,0.0,0.0,0.0,0.0,0.0,0.0,0.0,0.0,0.0,0.0,0.0,0.0,0.0,0.0,0.0,0.0,0.0,0.0,0.0,0.0,0.0,0.0,0.0,0.0,0.0,0.0,0.0,0.0,0.0,0.0,0.0,0.0,0.0,0.0,0.0,0.0,0.0,0.0,0.0,0.0,0.0,0.0,0.0,0.0,0.0,0.0,0.0,0.0,0.0,0.0,0.0,0.0,0.0,0.0,0.0,0.0,0.0,0.0,0.0,0.0,0.0,0.0,0.0,0.0,0.0,0.0,0.0,0.0,0.0,0.0,0.0,0.0,0.0,0.0,0.0,0.0,0.0,0.0,0.0,0.0,0.0,0.0,0.0,0.0,0.0,0.0,0.0,0.0,0.0,0.0,0.0,0.0
CRR1090629,0,1.65102,0.0,0.3444,0.0,0.00603,22.90374,0.0,0.0,0.0,3.39614,0.0,0.0,0.0,23.493579999999998,2.06928,0.0,0.0,0.12971,0.039,0.31485,5.20975,0.0,12.510860000000001,4.6524600000000005,0.10515,0.0,0.0,0.29625,0.21582,0.0,0.0078,0.0,0.0,0.0,0.06784,0.02607,0.0,0.0,0.49938999999999995,0.0,0.0,0.0165,0.05489,0.0,0.0,0.03476,0.0,0.0,0.0,0.0,0.0,0.0,0.0,0.0,0.010190000000000001,0.0,0.0,0.0,0.0,0.0,0.0,0.0,0.0,0.0,0.0,0.0,0.0,0.0,0.0,0.0,0.0,21.48707,0.0,0.0,0.0,0.0,0.0,0.0,0.0,0.03531,0.0,0.0,0.0,0.0,0.0,0.0,0.0,0.0,0.0,0.0,0.0,0.0,0.0,0.0,0.0,0.0,0.17139,0.0,0.0,0.0,0.0103,0.0,0.0,0.0,0.0,0.0,0.0,0.0,0.0,0.0,0.0,0.0,0.0,0.0,0.0,0.0,0.0,0.0,0.0,0.0,0.0,0.0,0.0,0.0,0.0,0.0,0.0,0.0,0.0,0.0,0.0,0.0,0.0,0.0,0.0,0.0,0.0,0.0,0.0,0.0,0.0,0.0,0.0,0.0,0.0,0.0,0.0,0.0,0.0,0.0,0.0,0.0,0.0,0.0,0.0,0.0,0.0,0.0,0.0,0.0,0.0,0.22747,0.0,0.0,0.0,0.0,0.0,0.0,0.0,0.0,0.0,0.0,0.0,0.0,0.0,0.0,0.0,0.0,0.0,0.0,0.0,0.0,0.0,0.0,0.0,0.0,0.0,0.0,0.0,0.0,0.0,0.0,0.0,0.0,0.0,0.0,0.0,0.0,0.0,0.0,0.0,0.00278,0.0,0.0,0.0,0.0,0.0,0.0,0.0,0.0,0.0,0.0,0.0,0.0,0.0,0.0,0.0,0.0,0.00633,0.00381,0.0,0.0,0.0,0.0,0.0,0.0,0.0,0.0,0.0,0.0,0.0,0.0,0.0,0.0,0.0,0.0,0.0,0.0,0.0,0.0,0.0,0.0,0.0,0.0,0.0,0.0,0.0,0.0,0.0,0.0,0.0,0.0,0.0,0.0,0.0,0.0,0.0,0.0,0.0,0.0,0.0,0.0,0.0,0.0,0.0,0.0,0.0,0.0,0.0,0.0,0.0,0.0,0.0,0.0,0.0,0.0,0.0,0.0,0.0,0.0,0.0,0.0,0.0,0.0,0.0,0.0,0.0,0.0,0.0,0.0,0.0,0.0,0.0,0.0,0.0,0.0,0.0,0.0,0.0,0.0,0.0,0.0,0.0,0.0,0.0,0.0,0.0,0.0,0.0,0.0,0.0,0.0,0.0,0.0,0.0,0.0,0.0,0.0
CRR1090634,0,0.00011,5.978650000000001,31.933590000000002,0.0,1.94347,9.735630000000002,0.06064,0.27883,0.56227,6.110060000000001,0.64422,5.07193,0.0,8.596760000000003,0.9083300000000002,0.27079000000000003,0.05589,0.09956,0.0,0.37871,0.24136000000000002,0.52646,1.425,1.57526,11.951189999999999,0.0,0.0,0.02113,0.042910000000000004,0.0,0.00354,0.0,0.0,0.0,0.0,0.00457,0.0,0.00946,0.0,0.0,0.0,0.0,0.0,0.0,0.0,0.0,0.0,1.25468,0.0624,0.68429,0.0,0.0,0.34697,1.06206,0.0,0.0,0.01677,0.0,0.0,0.08749,0.0,0.10565,0.0,0.00645,0.0,0.012790000000000001,0.0,0.07113,0.01018,0.0,0.0,0.23989,0.05072,0.01969,0.01174,0.33615,0.0,0.0,0.03073,0.0,0.0,0.0,0.00886,0.0,0.23499,0.0,0.0,0.0,0.0,0.0,0.0,0.0,0.0,0.0,0.0,0.0,0.0,0.0,0.0,2.27301,0.00262,0.0,0.0,0.0,0.0,0.0,0.0,0.0,0.0,0.0,0.0,0.00603,3.91217,0.0,0.0,0.0,0.0,0.0,0.0,0.0,0.00825,0.0,0.0,0.0,0.0,0.0145,0.0,0.0,0.0,0.0,0.0,0.0,0.06465,0.0,0.0,0.0,0.0,0.0,0.0,0.0,0.0,0.0,0.0,0.06176,0.0,0.0,0.0,0.0,0.0,0.0,0.0024,0.05537,0.0,0.0,0.00447,0.0,0.0,0.0,0.0,0.0,0.0,0.0,0.0,0.0,0.0,0.0,0.12083,0.0,0.0,0.0,0.0,0.0,0.0,0.0,0.0,0.05528,0.0,0.0,0.0,0.0,0.0,0.0,0.0,0.0,0.0,0.0,0.0,0.0,0.0,0.0,0.0,0.0,0.0,0.0,0.0,0.0,0.0,0.0,0.0,0.0,0.0,0.0,0.0,0.0,0.0,0.0,0.0,0.0,0.0,0.0,0.0,0.0,0.0,0.0,0.0,0.0,0.0,0.0,0.0,0.0,0.29837,0.02265,0.00795,0.00294,0.00286,0.0,0.0,0.0,0.0,0.0,0.0,0.0,0.0,0.0,0.0,0.0,0.0,0.0,0.0,0.0,0.0,0.0,0.0,0.0,0.0,0.0,0.0,0.0,0.0,0.0,0.0,0.0,0.0,0.0,0.0,0.0,0.0,0.0,0.0,0.0,0.0,0.0,0.0,0.0,0.0,0.0,0.0,0.0,0.0,0.0,0.0,0.0,0.0,0.0,0.0,0.0,0.0,0.0,0.0,0.0,0.0,0.0,0.0,0.0,0.0,0.0,0.0,0.0,0.0,0.0,0.0,0.0,0.0,0.0,0.0,0.0,0.0,0.0,0.0,0.0,0.0,0.0,0.0,0.0,0.0,0.0,0.0,0.0,0.0,0.0,0.0,0.0,0.0,0.0,0.0,0.0,0.0,0.0
CRR1012533,1,0.13673,8.483289999999998,0.0,0.00403,1.3784800000000001,23.99202,0.70033,0.36296,0.7310200000000001,23.81792,0.54334,0.26113000000000003,0.0,19.30921,1.7800000000000002,0.36308999999999997,0.02051,0.10024999999999999,0.00072,0.19208,0.2716,1.66217,0.31384999999999996,0.09273999999999999,0.71013,0.0,0.0,0.32011,0.25199,0.0,0.0,0.0,0.0,0.0,0.0,0.0115,0.0,0.0,0.00423,0.0,1.53886,0.00122,0.00576,0.0,0.0,0.00927,0.0,0.17931999999999998,0.0,0.0,0.0,0.0,0.0,0.0,0.06385,0.0,0.0,0.0,0.0,0.07942,0.0,0.00756,0.0,0.06368,0.0,0.0,0.0,0.00178,0.0,0.00581,0.0,0.08617,0.0,0.0096,0.0,0.00534,0.0,0.00112,0.0,0.00051,0.0,0.0,0.0,0.0,0.22546,0.11661,0.00109,0.0,0.0,0.10437,0.0,0.0,0.0,0.0,0.0,0.0,0.0,0.0,0.0,11.67775,0.0,0.0,0.0,0.0,0.0,0.0,0.0,0.0,0.0,0.0,0.0,0.0,0.0,0.0,0.0,0.0,0.0,0.0,0.0,0.0,0.0,0.0,0.0,0.0,0.0,0.0,0.0,0.0,0.0,0.0,0.0,0.0,0.0,0.0,0.0,0.0,0.0,0.0,0.0,0.0,0.0,0.0,0.0,0.0,0.0,0.0,0.0,0.0,0.0,0.0,0.0,0.0,0.0,0.0,0.0,0.0,0.0,0.0,0.0,0.0,0.0,0.0,0.0,0.0,0.0,0.0,0.0,0.0,0.0,0.0,0.0,0.0,0.0,0.0,0.0,0.0,0.0,0.0,0.0,0.0,0.0,0.0,0.0,0.0,0.0,0.0,0.0,0.0,0.0,0.0,0.0,0.0,0.0,0.0,0.0,0.0,0.0,0.0,0.0,0.0,0.0,0.0,0.0,0.0,0.0,0.0,0.0,0.0,0.0,0.0,0.0,0.0,0.0,0.0,0.0,0.0,0.0,0.0,0.0,0.0,0.0,0.0,0.0,0.0,0.0,0.0,0.0,0.0,0.0,0.0,0.0,0.0,0.0,0.0,0.0,0.0,0.0,0.0,0.0,0.0,0.0,0.0,0.0,0.0,0.0,0.0,0.0,0.0,0.0,0.0,0.0,0.0,0.0,0.0,0.0,0.0,0.0,0.0,0.0,0.0,0.0,0.0,0.0,0.0,0.0,0.0,0.0,0.0,0.0,0.0,0.0,0.0,0.0,0.0,0.0,0.0,0.0,0.0,0.0,0.0,0.0,0.0,0.0,0.0,0.0,0.0,0.0,0.0,0.0,0.0,0.0,0.0,0.0,0.0,0.0,0.0,0.0,0.0,0.0,0.0,0.0,0.0,0.0,0.0,0.0,0.0,0.0,0.0,0.0,0.0,0.0,0.0,0.0,0.0,0.0,0.0,0.0,0.0
CRR1012523,1,0.0,0.09383999999999999,0.0,0.0,0.11377,2.14076,6.93148,0.0,6.95238,7.13915,0.03525,1.27183,0.0,36.88103999999999,1.1435700000000002,0.00583,0.00469,0.08102,3.5573599999999996,0.21737999999999996,0.09894,0.0,11.72867,0.0104,1.47793,0.0,0.0,0.0,18.71854,0.0,0.00286,0.0,0.0,0.0,0.0,0.07880999999999999,0.0,0.0,0.00192,0.0,0.0,0.0,0.038180000000000006,0.0,0.0,0.00247,0.00191,0.1177,0.0,0.0,0.0,0.0,0.0,0.0,0.0,0.0,0.0,0.0,0.0,0.0,0.0,0.02783,0.0,0.0,0.0,0.0,0.0,0.0,0.0272,0.0,0.0,0.5590700000000001,0.0,0.0,0.0,0.0,0.0,7e-05,0.0,0.005,0.0,0.0,0.0,0.0,0.0,0.33247,0.0,0.0,0.0,0.10786,0.0,0.0,0.0,0.0,0.0,0.0,0.01588,0.01347,0.01765,0.0,0.045829999999999996,0.0,0.0,0.0,0.0,0.0,0.0,0.0,0.0,0.0,0.0,0.0,0.0,0.0,0.0,0.0,0.0,0.0,0.0,0.0,0.0,0.0,0.0,0.0,0.0,0.0,0.0,0.0,0.0,0.0,0.0,0.0,0.0,0.0,0.0,0.0,0.0,0.0,0.0,0.0,0.0,0.0,0.0,0.0,0.0,0.0,0.0,0.0,0.0,0.0,0.0,0.0,0.0,0.0,0.0,0.0,0.0,0.0,0.0,0.0,0.0,0.0,0.0,0.0,0.0,0.0,0.0,0.0,0.0,0.0,0.0,0.0,0.0,0.0,0.0,0.0,0.0,0.0,0.0,0.0,0.0,0.0,0.0,0.0,0.0,0.0,0.0,0.0,0.0,0.0,0.0,0.0,0.0,0.0,0.0,0.0,0.0,0.0,0.0,0.0,0.0,0.0,0.0,0.0,0.0,0.0,0.0,0.0,0.0,0.0,0.0,0.0,0.0,0.0,0.0,0.0,0.0,0.0,0.0,0.0,0.0,0.0,0.0,0.0,0.0,0.0,0.0,0.0,0.0,0.0,0.0,0.0,0.0,0.0,0.0,0.0,0.0,0.0,0.0,0.0,0.0,0.0,0.0,0.0,0.0,0.0,0.0,0.0,0.0,0.0,0.0,0.0,0.0,0.0,0.0,0.0,0.0,0.0,0.0,0.0,0.0,0.0,0.0,0.0,0.0,0.0,0.0,0.0,0.0,0.0,0.0,0.0,0.0,0.0,0.0,0.0,0.0,0.0,0.0,0.0,0.0,0.0,0.0,0.0,0.0,0.0,0.0,0.0,0.0,0.0,0.0,0.0,0.0,0.0,0.0,0.0,0.0,0.0,0.0,0.0,0.0,0.0,0.0,0.0,0.0,0.0,0.0,0.0,0.0,0.0,0.0,0.0,0.0,0.0,0.0,0.0,0.0,0.0
CRR1090627,0,0.0,16.50715,2.01917,0.0,0.24085,11.31338,2.9864200000000003,0.0,5.19993,13.6592,0.23773,0.00239,0.0,14.575480000000002,1.02082,0.06023,0.0,0.19083,0.008629999999999999,0.34754,0.07524,5.5231,3.3444200000000004,0.5044700000000001,2.23299,0.0,0.00064,0.055709999999999996,5.510479999999999,0.0,0.00366,0.1503,0.0,0.0,0.0,0.00283,0.0,0.0,0.02087,0.0,0.0,0.0,0.058249999999999996,0.0,0.0,0.0,0.0,0.09988,0.1162,0.0,0.0,0.0,0.05113,0.0,0.01151,0.0,0.0,0.0,0.0,0.0,0.0,0.01959,0.0,0.0,0.0,0.00027,0.0,0.0,0.08197,0.0,0.0,11.518930000000001,0.61647,0.07048,0.0,0.21657,0.03032,0.0008,0.0,0.01273,0.0,0.0,0.05694,0.0,1.20462,0.0,0.0,0.0,0.0,0.0,0.0,0.0,0.0,0.0,0.00014,0.0,0.0,0.0,0.00618,0.0,0.019459999999999998,0.0,0.0,0.0,0.0,0.0,0.0,0.0,0.0,0.0,0.0,0.0,0.0,0.0,0.0,0.0,0.0,0.0,0.0,0.0,0.0,0.0,0.0,0.0,0.0,0.0,0.0,0.0,0.00521,0.0,0.0,0.0,0.0,0.0,0.0,0.0,0.0,0.0,0.0,0.0,0.0,0.0,0.0,0.0,0.0,0.0,0.0,0.0,0.0,0.0,0.0,0.0,0.0,0.0,0.0,0.0,0.0,0.0,0.00099,0.0,0.0,0.0,0.0,0.0,0.0,0.0,0.0,0.0,0.0,0.0,0.0,0.0,0.0,0.0,0.0,0.0,0.0,0.0,0.0,0.0,0.0,0.0,0.0,0.0,0.0,0.0,0.0,0.0,0.0,0.0,0.0,0.0,0.0,0.0,0.0,0.0,0.0,0.0,0.0,0.0,0.0,0.0,0.0,0.0,0.0,0.0,0.0,0.0,0.0,0.0,0.0,0.0,0.0,0.0,0.0,0.0,0.0,0.0,0.0,0.0,0.0,0.0,0.0,0.0,0.0,0.00687,0.0,0.0,0.0,0.0,0.0,0.0,0.0,0.0,0.0,0.0,0.0,0.0,0.0,0.0,0.0,0.0,0.0,0.0,0.0,0.0,0.0,0.0,0.0,0.0,0.0,0.0,0.0,0.0,0.0,0.0,0.0,0.0,0.0,0.0,0.0,0.0,0.0,0.0,0.0,0.0,0.0,0.0,0.0,0.0,0.0,0.0,0.0,0.0,0.0,0.0,0.0,0.0,0.0,0.0,0.0,0.0,0.0,0.0,0.0,0.0,0.0,0.0,0.0,0.0,0.0,0.0,0.0,0.0,0.0,0.0,0.0,0.0,0.0,0.0,0.0,0.0,0.0,0.0,0.0,0.0,0.0,0.0,0.0,0.0,0.0,0.0,0.0,0.0,0.0,0.0,0.0,0.0
CRR1012581,1,0.0,0.0,0.0,0.0,0.12067,1.69705,0.0,0.0,2.2451399999999997,3.6598300000000004,0.00324,0.0,0.0,47.384580000000014,5.394709999999999,0.14334,0.0,0.00897,0.00812,0.30407999999999996,0.21871,3.54655,0.63003,2.0903,3.7139100000000003,0.0,0.0,0.15037999999999999,0.00373,0.0,0.00603,0.0,0.0,0.0,0.0,0.03302,0.0,0.0,0.0,0.0,0.0,0.0,0.06946999999999999,0.0,0.0,0.00846,0.0,0.0,0.0,0.0,0.0,0.0,0.0,0.0,0.01786,0.0,0.0,0.0,0.0,0.0,0.0,0.0,0.0,0.0,0.0,0.0,0.0,0.0,0.0286,0.0,0.0,28.18173,0.0,0.0,0.0,0.0,0.0,0.0,0.0,0.04453,0.0,0.0,0.05534,0.0,0.17265,0.0,0.0,0.0,0.0,0.0,0.0,0.0,0.0,0.0,0.0,0.0,0.03172,0.00012,0.0,0.00884,0.00423,0.0,0.0,0.0,0.0,0.0,0.0,0.0,0.0,0.0,0.0,0.0,0.0,0.0,0.0,0.0,0.0,0.0,0.0,0.0,0.0,0.0,0.0,0.0,0.0,0.0,0.0,0.0,0.0,0.0,0.0,0.0,0.0,0.0,0.0,0.0,0.0,0.0,0.0,0.0,0.0,0.0,0.0,0.0,0.0,0.0,0.0,0.0,0.0,0.0,0.0,0.0,0.0,0.0,0.0,0.0,0.0,0.0,0.0,0.0,0.0,0.00224,0.0,0.0,0.0,0.0,0.0,0.0,0.0,0.0,0.0,0.0,0.0,0.0,0.0,0.0,0.0,0.0,0.0,0.0,0.0,0.0,0.0,0.0,0.0,0.0,0.0,0.0,0.0,0.0,0.0,0.0,0.0,0.0,0.0,0.0,0.0,0.0,0.0,0.0,0.0,0.0,0.0,0.01185,0.0,0.0,0.0,0.0,0.0,0.0,0.0,0.0,0.0,0.0,0.0,0.0,0.0,0.0,0.0,0.0,0.0,0.0,0.0,0.0,0.0,0.0,0.0,0.0,0.0,0.0,0.0,0.0,0.0,0.0,0.0,0.0,0.0,0.0,0.0,0.0,0.0,0.0,0.0,0.0,0.0,0.0,0.0,0.0,0.0,0.0,0.0,0.0,0.0,0.0,0.0,0.0,0.0,0.0,0.0,0.0,0.0,0.0,0.0,0.0,0.0,0.0,0.0,0.0,0.0,0.0,0.0,0.0,0.0,0.0,0.0,0.0,0.0,0.0,0.0,0.0,0.0,0.0,0.0,0.0,0.0,0.0,0.0,0.0,0.0,0.0,0.0,0.0,0.0,0.0,0.0,0.0,0.0,0.0,0.0,0.0,0.0,0.0,0.0,0.0,0.0,0.0,0.0,0.0,0.0,0.0,0.0,0.0,0.0,0.0,0.0,0.0,0.0,0.0
CRR1090628,0,0.00134,17.69226,6.7775,0.0,1.24287,14.167670000000001,0.6103700000000001,0.0,0.88039,18.677920000000004,1.08636,1.83163,0.0,16.511700000000005,0.76227,0.47807,0.0234,0.11601999999999998,0.21457,0.45967,1.48039,0.11508,5.21681,0.16719,1.07691,0.0,0.0,0.0,0.07324,0.3342,0.0033,0.0,0.0,0.0,0.012709999999999999,0.01563,0.0,0.01879,0.0,0.0,0.41326,0.0,0.030660000000000003,0.0,0.00347,0.03546,0.0,0.19513,0.25157,0.6840900000000001,0.07549,0.26536,0.9925,0.31003,0.0,0.0,0.0,0.0,0.0,0.0,0.0,0.01446,0.0,0.06488000000000001,0.0,0.04655,0.0,0.01214,0.0,0.00018,0.0027,0.14859,0.06257,0.00653,0.06034,0.88196,0.03673,0.0,0.0,0.00836,0.0,0.0,0.00277,0.0,1.71532,0.12479,0.27875,0.0,0.0,0.0,0.97388,0.0,0.0,0.0,0.0,0.0,0.0006,0.00409,0.01584,0.03932,0.056999999999999995,0.03894,0.07571,0.0,0.0,0.01018,0.05297,0.0,0.0,0.0,0.04075,0.0086,0.0,0.0,0.0,0.0,0.0,0.0,0.0,0.0,0.0,0.0,0.0,0.0,0.0,0.0,0.0,0.0,0.0,0.00313,0.0,0.0,0.24423,0.0,0.0,0.0,0.00537,0.01536,0.04645,0.0,0.0,0.0,0.0,0.01499,0.0,0.0,0.0,0.0,0.0,0.02843,0.0,0.00225,0.01307,0.00071,0.00785,0.0,0.0,0.0,0.0,0.0,0.0,0.00448,0.20283,0.0,0.0,0.0,0.0,0.0,0.0,0.02174,0.0068,0.0,0.02505,0.0,0.0,0.0,0.0,0.0,0.20431,0.0,0.0,0.0,0.0,0.0,0.0,0.0,0.0,0.0,0.0,0.0,0.0,0.0,0.0,0.0,0.0,0.0,0.0,0.0,0.0,0.0,0.0,0.0,0.0,0.0,0.0,0.0,0.0,0.0,0.0,0.0,0.0,0.0,0.0,0.0,0.0,0.0,0.0,0.0,0.0,0.0,0.0,0.0,0.0,0.01061,0.0,0.0,1.00846,0.02464,0.00866,0.00781,0.00199,0.0,0.0,0.0,0.0,0.0,0.0,0.0,0.0,0.0,0.0,0.0,0.0,0.0,0.0,0.0,0.0,0.0,0.0,0.0,0.0,0.0,0.0,0.0,0.0,0.0,0.0,0.0,0.0,0.0,0.0,0.0,0.0,0.0,0.0,0.0,0.0,0.0,0.0,0.0,0.0,0.0,0.0,0.0,0.0,0.0,0.0,0.0,0.0,0.0,0.0,0.0,0.0,0.0,0.0,0.0,0.0,0.0,0.0,0.0,0.0,0.0,0.0,0.0,0.0,0.0,0.0,0.0,0.0,0.0,0.0,0.0,0.0,0.0,0.0,0.0,0.0,0.0,0.0,0.0,0.0,0.0,0.0,0.0,0.0,0.0,0.0,0.0
CRR1012518,1,0.0,0.0,0.0,0.0,0.15878,30.87972,0.36274,0.0,0.0,7.34346,0.0,0.47394,0.0,30.297859999999996,0.11442,0.03797,0.0,0.019399999999999997,0.0,0.73746,1.9776199999999997,0.0,0.41740000000000005,7.034669999999999,0.0,0.0,0.00056,0.05755,12.45391,0.0,0.01255,0.0,0.0,0.0,0.03248,0.01889,0.0032,0.0,0.07845,0.0,0.0,0.0,0.04209,0.0,0.0,0.03823,0.0,0.09195,0.0,0.0,0.0,0.0,0.0,0.0,0.04895,0.0,0.0,0.0,0.0,0.0,0.0,0.0,0.0,0.0,0.0,0.0,0.0,0.0,0.0,0.0,0.0,0.00014,0.0,0.0,0.0,0.0,0.0,0.0,0.0,0.0,0.0,0.0,0.0,0.0,6.6122,0.5751,0.0,0.0,0.0,0.0,0.0,0.0,0.0,0.0,0.0,0.0,0.0,0.0,0.01124,0.0,0.0,0.0,0.0,0.0,0.0,0.0,0.0,0.0,0.0,0.0,0.0,0.0,0.0,0.0,0.0,0.0,0.0,0.0,0.0,0.0,0.0,0.0,0.0,0.0,0.0,0.0,0.0,0.0,0.0,0.0,0.0,0.0,0.0,0.0,0.0,0.0,0.0,0.0,0.0,0.0,0.0,0.0,0.0,0.0,0.0,0.0,0.0,0.0,0.0,0.0,0.0,0.0,0.0,0.0,0.0,0.0,0.0,0.0,0.0,0.0,0.0,0.0,0.0,0.0,0.0,0.0,0.0,0.0,0.0,0.0,0.0,0.0,0.0,0.0,0.0,0.0,0.0,0.0,0.0,0.0,0.0,0.0,0.0,0.0,0.0,0.0,0.0,0.0,0.0,0.0,0.0,0.0,0.0,0.0,0.0,0.0,0.0,0.0,0.0,0.0,0.0,0.06707,0.0,0.0,0.0,0.0,0.0,0.0,0.0,0.0,0.0,0.0,0.0,0.0,0.0,0.0,0.0,0.0,0.0,0.0,0.0,0.0,0.0,0.0,0.0,0.0,0.0,0.0,0.0,0.0,0.0,0.0,0.0,0.0,0.0,0.0,0.0,0.0,0.0,0.0,0.0,0.0,0.0,0.0,0.0,0.0,0.0,0.0,0.0,0.0,0.0,0.0,0.0,0.0,0.0,0.0,0.0,0.0,0.0,0.0,0.0,0.0,0.0,0.0,0.0,0.0,0.0,0.0,0.0,0.0,0.0,0.0,0.0,0.0,0.0,0.0,0.0,0.0,0.0,0.0,0.0,0.0,0.0,0.0,0.0,0.0,0.0,0.0,0.0,0.0,0.0,0.0,0.0,0.0,0.0,0.0,0.0,0.0,0.0,0.0,0.0,0.0,0.0,0.0,0.0,0.0,0.0,0.0,0.0,0.0,0.0,0.0,0.0,0.0,0.0,0.0,0.0,0.0
CRR1012739,1,0.0,0.0,0.10945,0.0021,0.0,6.39993,0.0,0.0,0.0,0.41367,0.0,0.0,0.0,8.39601,0.15194999999999997,0.0,0.0,0.0,57.515139999999995,0.19065,0.00142,0.0,0.9137599999999999,4.000710000000001,0.0,0.0,0.0,0.05884,14.192870000000001,0.0,0.00028,0.0,0.0,0.0,0.0,0.09078,0.0,0.0,1.8972700000000002,0.0,0.0,0.17375,0.058660000000000004,0.0,0.0,0.00163,0.0,0.00485,0.0,0.0,0.0,0.0,0.0,0.0,0.0,0.0,0.0,0.0,0.0,0.0,0.0,0.0,0.0,0.0,0.0,0.0,0.0,0.0,0.0,0.0,0.0,5.15589,0.0,0.0,0.0,0.0,0.0,0.0,0.0,0.0,0.0,0.0,0.0,0.0,0.0,0.27039,0.0,0.0,0.0,0.0,0.0,0.0,0.0,0.0,0.0,0.0,0.0,0.0,0.0,0.0,0.0,0.0,0.0,0.0,0.0,0.0,0.0,0.0,0.0,0.0,0.0,0.0,0.0,0.0,0.0,0.0,0.0,0.0,0.0,0.0,0.0,0.0,0.0,0.0,0.0,0.0,0.0,0.0,0.0,0.0,0.0,0.0,0.0,0.0,0.0,0.0,0.0,0.0,0.0,0.0,0.0,0.0,0.0,0.0,0.0,0.0,0.0,0.0,0.0,0.0,0.0,0.0,0.0,0.0,0.0,0.0,0.0,0.0,0.0,0.0,0.0,0.0,0.0,0.0,0.0,0.0,0.0,0.0,0.0,0.0,0.0,0.0,0.0,0.0,0.0,0.0,0.0,0.0,0.0,0.0,0.0,0.0,0.0,0.0,0.0,0.0,0.0,0.0,0.0,0.0,0.0,0.0,0.0,0.0,0.0,0.0,0.0,0.0,0.0,0.0,0.0,0.0,0.0,0.0,0.0,0.0,0.0,0.0,0.0,0.0,0.0,0.0,0.0,0.0,0.0,0.0,0.0,0.0,0.0,0.0,0.0,0.0,0.0,0.0,0.0,0.0,0.0,0.0,0.0,0.0,0.0,0.0,0.0,0.0,0.0,0.0,0.0,0.0,0.0,0.0,0.0,0.0,0.0,0.0,0.0,0.0,0.0,0.0,0.0,0.0,0.0,0.0,0.0,0.0,0.0,0.0,0.0,0.0,0.0,0.0,0.0,0.0,0.0,0.0,0.0,0.0,0.0,0.0,0.0,0.0,0.0,0.0,0.0,0.0,0.0,0.0,0.0,0.0,0.0,0.0,0.0,0.0,0.0,0.0,0.0,0.0,0.0,0.0,0.0,0.0,0.0,0.0,0.0,0.0,0.0,0.0,0.0,0.0,0.0,0.0,0.0,0.0,0.0,0.0,0.0,0.0,0.0,0.0,0.0,0.0,0.0,0.0,0.0,0.0,0.0,0.0,0.0,0.0
CRR1012750,1,0.0,5.01105,0.0038900000000000002,0.03292,1.4589999999999999,30.73248,0.66592,0.0,0.90708,9.43687,0.34174,0.94193,0.0,13.039730000000004,0.30048,0.32071,0.16351,1.3477,0.02792,2.7444900000000003,0.38946,0.18178,1.43259,5.43052,0.18842,0.0,0.0,0.18126,2.63808,0.0,0.0,0.24278,0.02984,0.10675,0.0,0.0,0.0,0.01463,1.78678,0.01072,0.67862,0.01231,0.10835,0.01131,0.00468,0.0,0.0,0.07915,0.00854,0.0,0.0,0.0,0.94248,2.78919,0.0,0.0,0.60734,0.0,0.0,0.0,0.0,0.0,0.0,0.0,0.0,0.2536,0.0,0.0,0.0,0.0,0.0,0.61604,0.26719,0.00425,0.00073,0.0,0.0,0.0,0.0,0.00385,0.26516,0.0,0.11026,1.08407,11.11645,0.0,0.03151,0.0,0.0,0.0,0.0,0.0,0.0,0.0,0.00046,0.0,0.0,0.01147,0.0,0.66598,0.0,0.0,0.00089,0.0,0.0,0.0,0.0,0.0,0.0,0.0,0.0,0.0,0.0,0.00055,0.0,0.0,0.0,0.0,0.0,0.0,0.0,0.0,0.0,0.00647,0.0,0.0,0.0,0.0,0.0,0.0,0.0,0.0,0.0,0.0,0.0,0.0,0.0,0.01018,0.0,0.0,0.0,0.0,0.0,0.0,0.0,0.0,0.0,0.0,0.0,0.09181,0.0,0.0,0.0,0.0,0.0,0.0,0.0,0.01324,0.0,0.0,0.0,0.0,0.0,0.0,0.02956,0.0,0.0,0.0,0.0,0.0,0.0,0.0,0.0,0.0,0.0,0.0,0.0,0.0,0.0,0.0,0.0,0.0,0.0,0.0,0.0,0.0,0.0,0.0,0.0,0.0,0.0,0.0,0.0,0.0,0.0,0.0,0.0,0.0,0.0,0.0,0.0,0.0,0.0,0.0,0.0,0.0,0.0,0.0,0.0,0.0,0.0,0.0,0.0,0.0,0.0,0.0,0.0,0.0,0.0,0.0,0.0,0.0,0.0,0.0,0.0,0.0,0.0,0.0,0.0,0.0,0.0,0.04918,0.00841,0.00428,0.00143,0.0,0.0,0.0,0.0,0.0,0.0,0.0,0.0,0.0,0.0,0.0,0.0,0.0,0.0,0.0,0.0,0.0,0.0,0.0,0.0,0.0,0.0,0.0,0.0,0.0,0.0,0.0,0.0,0.0,0.0,0.0,0.0,0.0,0.0,0.0,0.0,0.0,0.0,0.0,0.0,0.0,0.0,0.0,0.0,0.0,0.0,0.0,0.0,0.0,0.0,0.0,0.0,0.0,0.0,0.0,0.0,0.0,0.0,0.0,0.0,0.0,0.0,0.0,0.0,0.0,0.0,0.0,0.0,0.0,0.0,0.0,0.0,0.0,0.0,0.0,0.0,0.0,0.0,0.0,0.0,0.0,0.0,0.0
CRR1012766,0,0.0,0.0,0.00022,0.0,1.51127,33.059099999999994,0.08374,0.0,0.0,12.092210000000001,0.0,0.75754,0.0,27.15697,6.76833,0.0,0.0,0.0,0.0,3.16523,1.0758999999999999,0.0,5.4638100000000005,0.13895000000000002,0.01462,0.0,0.0,0.49712,6.81882,0.0,0.0,0.0,0.0,0.0,0.0,0.00282,0.0,0.0,0.07615,0.0,0.0,0.0,0.00688,0.0,0.0,0.0,0.0,0.07733,0.0,0.0,0.0,0.0,0.0,0.0,0.0,0.0,0.0,0.0,0.0,0.0,0.0,0.0,0.0,0.0,0.0,0.0,0.0,0.0,0.1585,0.0,0.0,0.07564,0.0,0.0,0.0,0.0,0.0,0.0,0.0,0.0,0.0,0.0,0.0,0.0,0.0,0.50763,0.0,0.0,0.0,0.0,0.0,0.0,0.0,0.0,0.0,0.0,0.46221,0.0,0.0,0.0,0.0,0.0,0.0,0.0,0.0,0.0,0.0,0.0,0.0,0.0,0.0,0.0,0.0,0.0,0.0,0.0,0.0,0.0,0.0,0.0,0.0,0.0,0.0,0.0,0.0,0.0,0.0,0.0,0.0,0.0,0.0,0.0,0.0,0.0,0.0,0.0,0.0,0.0,0.0,0.0,0.0,0.0,0.0,0.0,0.0,0.0,0.0,0.0,0.0,0.0,0.0,0.0,0.0,0.0,0.0,0.0,0.0,0.015560000000000001,0.0,0.0,0.0,0.0,0.0,0.0,0.0,0.0,0.0,0.0,0.0,0.0,0.0,0.0,0.0,0.0,0.0,0.0,0.0,0.0,0.0,0.0,0.0,0.0,0.0,0.0,0.0,0.0,0.0,0.0,0.0,0.0,0.0,0.0,0.0,0.0,0.0,0.0,0.0,0.0,0.0,0.0,0.0,0.0,0.0,0.0,0.0,0.0,0.0,0.0,0.0,0.0,0.0,0.0,0.0,0.0,0.0,0.0,0.0,0.0,0.0,0.0,0.0,0.0,0.0,0.0,0.0,0.0,0.0,0.0,0.0,0.0,0.0,0.0,0.0,0.0,0.0,0.01347,0.0,0.0,0.0,0.0,0.0,0.0,0.0,0.0,0.0,0.0,0.0,0.0,0.0,0.0,0.0,0.0,0.0,0.0,0.0,0.0,0.0,0.0,0.0,0.0,0.0,0.0,0.0,0.0,0.0,0.0,0.0,0.0,0.0,0.0,0.0,0.0,0.0,0.0,0.0,0.0,0.0,0.0,0.0,0.0,0.0,0.0,0.0,0.0,0.0,0.0,0.0,0.0,0.0,0.0,0.0,0.0,0.0,0.0,0.0,0.0,0.0,0.0,0.0,0.0,0.0,0.0,0.0,0.0,0.0,0.0,0.0,0.0,0.0,0.0,0.0,0.0,0.0,0.0,0.0,0.0,0.0,0.0
CRR1012735,1,0.0,10.43812,2.7315400000000003,0.0,0.31852,4.1743,1.63859,0.0,6.45296,19.340750000000007,0.28935,0.14795,0.0,25.00595,0.9248000000000001,0.0,0.0,0.15859,0.0,1.68849,0.19857,3.56092,0.05441,0.11489999999999999,0.22828,0.0,0.01458,0.37800999999999996,10.426020000000001,0.0,0.00345,0.05188,0.0,0.0,0.0,0.02536,0.00153,0.0,0.0,0.0,1.19337,0.0,0.018430000000000002,0.0,0.00048,0.01071,0.0,0.14752,0.0,0.0,7.03571,0.0,0.0,0.0,0.02316,0.0,0.0,0.0,0.0,0.0,0.00371,0.0,0.0,0.00784,0.0,0.0,0.0,0.0,0.01945,0.00479,0.0,0.09273999999999999,0.03033,0.00242,0.0,0.0,0.0,0.00186,0.0,0.0,0.0,0.0,0.0,0.0,2.9944,0.0,0.0,0.0,0.0,0.0,0.0,0.0,0.0,0.0,0.0,0.0,0.0,0.0,0.00054,0.0,0.0,0.01775,0.0,0.0,0.0,0.0,0.0,0.0,0.0,0.0,0.0,0.0,0.0,0.0,0.0,0.0,0.0,0.0,0.0,0.0,0.0,0.0,0.0,0.0,0.0,0.0,0.0,0.0,0.0,0.0,0.0,0.0,0.0,0.0,0.0,0.0,0.0,0.0,0.0,0.0,0.0,0.0,0.0,0.0,0.0,0.0,0.0,0.0,0.0,0.0,0.0,0.0,0.0,0.0,0.0,0.0,0.0,0.0,0.0,0.0,0.0,0.0,0.0,0.0,0.0,0.0,0.0,0.0,0.0,0.0,0.0,0.0,0.0,0.0,0.0,0.0,0.0,0.0,0.0,0.0,0.0,0.0,0.0,0.0,0.0,0.0,0.0,0.0,0.0,0.0,0.0,0.0,0.0,0.0,0.0,0.0,0.0,0.0,0.0,0.0,0.0,0.0,0.0,0.0,0.0,0.0,0.0,0.0,0.0,0.0,0.0,0.0,0.0,0.0,0.0,0.0,0.0,0.0,0.0,0.0,0.0,0.0,0.0,0.0,0.0,0.00659,0.0,0.0,0.0,0.0,0.0,0.0,0.0,0.0,0.0,0.0,0.0204,0.0,0.0,0.0,0.0,0.0,0.0,0.0,0.0,0.0,0.0,0.0,0.0,0.0,0.0,0.0,0.0,0.0,0.0,0.0,0.0,0.0,0.0,0.0,0.0,0.0,0.0,0.0,0.0,0.0,0.0,0.0,0.0,0.0,0.0,0.0,0.0,0.0,0.0,0.0,0.0,0.0,0.0,0.0,0.0,0.0,0.0,0.0,0.0,0.0,0.0,0.0,0.0,0.0,0.0,0.0,0.0,0.0,0.0,0.0,0.0,0.0,0.0,0.0,0.0,0.0,0.0,0.0,0.0,0.0,0.0,0.0,0.0,0.0,0.0,0.0,0.0,0.0,0.0,0.0,0.0,0.0
CRR1012757,1,0.0,0.14479,4.446969999999999,0.0,0.01367,0.19181,2.55497,0.0,2.31546,8.91451,0.38997000000000004,0.0,0.0,36.28929,1.55929,0.03375,0.08062,0.51063,0.30623999999999996,0.74416,1.05975,1.6499,1.11978,1.1436,6.701639999999999,0.0,0.0,0.30538,9.806339999999999,0.0,0.00102,0.07857,0.0,0.0,0.0,0.0,0.0,0.01516,0.0,0.0,0.0,0.5709,0.31174,0.0,0.00756,0.64062,0.0,0.02525,0.0,3.52168,0.0,0.0,0.50741,0.0,0.0,0.0,0.0,0.0,0.0,0.0,0.03242,0.0,0.0,0.02643,0.0,0.00116,0.0,0.00037,0.00052,0.0,0.0,0.08164,0.8208300000000001,0.0,0.0,1.10132,0.45683,0.0,0.0,0.0,0.0,0.0,0.01639,0.0,0.0,0.0,0.0,0.0,0.0,0.0,0.0,0.0,0.54135,0.00188,0.00033,0.0,0.0,0.0,0.0,7.71961,0.00913,0.0,0.00193,0.0,0.0,0.36654,0.0,0.0,0.00185,0.0,0.0,0.0,0.13934,0.00701,0.0,0.0,0.0,0.0,0.0,0.0,0.0,0.0,0.0,0.0,0.0,0.0,0.0,0.0,0.0,0.0,0.0,0.0,0.87924,0.0,0.44887,0.0,0.00131,0.0,0.0,0.0,0.0,0.0,0.0,0.55828,0.04486,0.0,0.0,0.0,0.0,0.0,0.0,0.0,0.0,0.0,0.0,0.0,0.0,0.0,0.0,0.0,0.0,0.0,0.58654,0.0,0.0,0.0,0.0,0.0,0.0,0.19062,0.0,0.0,0.00056,0.0,0.0,0.0,0.0,0.0,0.0,0.0,0.0,0.0,0.0,0.0,0.0,0.0,0.0,0.0,0.0,0.0,0.0,0.0,0.0,0.0,0.0,0.0,0.0,0.0,0.0,0.0,0.0,0.0,0.0,0.0,0.0,0.0,0.0,0.0,0.0,0.0,0.0,0.0,0.0,0.0,0.0,0.0,0.0,0.0,0.0,0.0,0.0,0.0,0.0,0.0,0.0,0.0,0.0,0.0,0.0,0.0,0.0,0.0,0.0,0.0,0.0,0.0,0.0,0.00046,0.0,0.0,0.0,0.0,0.0,0.0,0.0,0.0,0.0,0.0,0.0,0.0,0.0,0.0,0.0,0.0,0.0,0.0,0.0,0.0,0.0,0.0,0.0,0.0,0.0,0.0,0.0,0.0,0.0,0.0,0.0,0.0,0.0,0.0,0.0,0.0,0.0,0.0,0.0,0.0,0.0,0.0,0.0,0.0,0.0,0.0,0.0,0.0,0.0,0.0,0.0,0.0,0.0,0.0,0.0,0.0,0.0,0.0,0.0,0.0,0.0,0.0,0.0,0.0,0.0,0.0,0.0,0.0,0.0,0.0,0.0,0.0,0.0,0.0,0.0,0.0,0.0,0.0,0.0,0.0
CRR1012768,1,0.0,0.02196,0.0,0.0,0.02085,0.29453,3.48141,0.0,0.19145,6.851729999999997,0.0,0.0,0.0,33.45928,0.5769599999999999,0.0,0.1177,1.5274199999999998,0.0,2.13808,0.58844,5.47582,0.25894,0.12365,4.22196,0.0,0.01091,0.7371800000000001,35.167500000000004,0.0,0.0,0.0,0.0,0.0,0.00383,0.0,0.0,0.0,0.0,0.03322,0.0,0.0,0.0,0.0,0.01185,0.00243,0.0,0.0122,0.00282,0.0,0.0,0.0,0.0,0.0,0.0,0.0,2.63909,0.0,0.0,0.0,0.01842,0.0,0.0,0.0,0.0,0.026879999999999998,0.0,0.0,0.0,0.0,0.0,0.15492,0.0,0.0,0.01141,0.1907,0.0,0.0,0.0,0.0,0.0,0.0,0.05264,0.0,1.16478,0.00583,0.0,0.0,0.0,0.0,0.0,0.0,0.0,0.00323,0.00022,0.0,0.0,0.0,0.00664,0.0,0.00221,0.0,0.17956,0.0,0.0,0.0,0.0,0.0,0.0,0.0,0.0,0.0,0.0,0.0,0.0,0.0,0.0,0.0,0.0,0.0,0.0,0.0,0.0,0.00874,0.0,0.0,0.0,0.0,0.0,0.0,0.0,0.0,0.0,0.0,0.0,0.0,0.10626,0.0,0.0,0.0,0.0,0.0,0.0,0.0,0.0,0.0,0.0,0.0,0.0,0.0,0.0,0.0,0.0,0.0,0.0,0.0,0.0,0.0,0.0,0.0,0.0,0.0,0.0,0.0,0.0,0.0,0.0,0.0,0.0,0.0,0.0,0.0,0.0,0.0,0.0,0.0,0.0,0.0,0.0,0.0,0.0,0.00233,0.0,0.0,0.0,0.0,0.0,0.0,0.0,0.0,0.0,0.0,0.0,0.0,0.0,0.0,0.0,0.0,0.0,0.0,0.0,0.0,0.0,0.0,0.0,0.0,0.0,0.0,0.0,0.0,0.0,0.0,0.0,0.0,0.07291,0.0,0.0,0.0,0.0,0.0,0.0,0.0,0.0,0.0,0.0,0.0,0.0,0.0,0.0,0.0,0.0,0.0,0.0,0.0,0.0,0.0,0.0,0.0,0.01667,0.00389,0.00057,0.0,0.0,0.0,0.0,0.0,0.0,0.0,0.0,0.0,0.0,0.0,0.0,0.0,0.0,0.0,0.0,0.0,0.0,0.0,0.0,0.0,0.0,0.0,0.0,0.0,0.0,0.0,0.0,0.0,0.0,0.0,0.0,0.0,0.0,0.0,0.0,0.0,0.0,0.0,0.0,0.0,0.0,0.0,0.0,0.0,0.0,0.0,0.0,0.0,0.0,0.0,0.0,0.0,0.0,0.0,0.0,0.0,0.0,0.0,0.0,0.0,0.0,0.0,0.0,0.0,0.0,0.0,0.0,0.0,0.0,0.0,0.0,0.0,0.0,0.0,0.0,0.0
CRR1090699,1,0.00481,1.9393799999999997,0.8420099999999999,0.03037,0.40673,1.1077800000000002,1.34635,0.00299,7.445570000000001,19.827099999999998,0.02811,0.1245,0.0,29.453739999999993,1.35825,0.224,0.07347000000000001,0.48910999999999993,0.0985,0.85495,3.6354800000000003,0.95225,0.41881,13.77556,3.2804399999999996,0.0,0.00708,1.4642,0.11383,0.0,0.04141,0.09628,0.02484,0.0,0.0,0.058850000000000006,0.0,0.00805,0.31201,0.01994,0.05779,0.0,0.14702,0.0086,0.02892,0.02053,0.0,0.02726,0.0,0.0,0.0,0.0,0.0,0.12168,0.0,0.0,0.51833,0.0,0.0,0.0,0.06455,0.0,0.0,0.06051,0.0,0.07787000000000001,0.0,0.0,0.01107,0.0,0.0,0.22206,0.59527,0.0,0.0,0.0,0.02629,0.0,0.00708,0.0,0.0,0.0,0.06792,0.0,0.29948,0.0,0.00998,0.0,0.0,0.0,0.35177,0.0,0.0,0.0,0.0,0.0,0.00653,0.0033,0.0,0.02727,0.00505,0.00824,0.07464,1.52243,0.0,0.08329,0.02123,0.0,0.0022,0.0,0.0,0.0,0.11669,0.0,0.0,0.0,0.0,0.0,0.0,0.0,0.0,0.0,0.0,0.0,0.0173,0.00571,0.0,0.00144,0.0,0.0,0.0,0.0,0.0,0.0,0.0,0.0,0.0,0.0,0.0,0.0,0.0,0.0,0.0,0.63537,0.0,0.0,0.02808,0.0,0.0,0.06539,0.0,0.0,0.0,0.0,0.18732,0.0,0.0,0.0,0.0,0.0,0.0,0.0,0.37251,0.0,0.0,0.0,0.0,0.0,0.0,0.0,0.0,0.0,0.0,0.0,0.0,0.0,0.0,0.0,0.0,0.0,2.54888,0.0,0.0,0.0,0.0,0.0,0.0,0.0,0.0,0.0,0.0,0.0,0.0,0.0,0.0,0.0,0.0,0.0,0.0,0.0,0.0,0.0,0.0,0.0,0.0,0.0,0.0,0.0,0.0,0.08189,0.0,0.0,0.0,0.0,0.0,0.0,0.0,0.0,0.0,0.0,0.0,0.0,0.0,0.0,0.0,0.0,1.56241,0.0,0.0,0.0,0.0,0.0,0.0,0.01386,0.0,0.0,0.0,0.0,0.0,0.0,0.0,0.01823,0.0,0.0,0.0,0.0,0.0,0.0,0.0,0.0,0.0,0.0,0.0,0.0,0.0,0.0,0.0,0.0,0.0,0.0,0.0,0.0,0.0,0.0,0.0,0.0,0.0,0.0,0.0,0.0,0.0,0.0,0.0,0.0,0.0,0.0,0.0,0.0,0.0,0.0,0.0,0.0,0.0,0.0,0.0,0.0,0.0,0.0,0.0,0.0,0.0,0.0,0.0,0.0,0.0,0.0,0.0,0.0,0.0,0.0,0.0,0.0,0.0,0.0,0.0,0.0,0.0,0.0,0.0,0.0,0.0,0.0,0.0,0.0,0.0,0.0,0.0,0.0
CRR1090658,1,0.0,0.0,0.0,0.0,0.92622,25.853789999999996,2.38315,0.0,14.37688,9.665550000000001,0.0,1.0186,0.0,16.385980000000007,0.38304,0.97256,0.0,0.03327,4.49413,0.20503,0.25597000000000003,2.54533,4.62833,0.90811,1.59107,0.0,0.0,0.0,6.731,0.0,0.00526,0.0,0.0,0.0,0.03075,0.6346400000000001,0.0,0.0,0.0,0.0,0.0,1.59576,0.7627800000000001,0.0,0.0,0.21688999999999997,0.0,0.0,0.0,0.0,0.0,0.0,0.0,0.0,0.0,0.0,0.0,0.0,0.0,0.0,0.0,0.0,0.0,0.0,0.0,0.0,0.0,0.0,0.12089,0.0,0.0,2.16676,0.0,0.0,0.0,0.0,0.0,0.0,0.0,0.08030000000000001,0.0,0.0,0.0,0.0,0.0,0.15718,0.0,0.0,0.0,0.0,0.0,0.0,0.0,0.0004,0.0,0.0,0.00816,0.05425,0.006149999999999999,0.0,0.01722,0.0,0.0,0.0,0.0,0.0,0.0,0.0,0.0,0.0,0.0,0.0,0.0,0.0,0.0,0.0,0.0,0.0,0.0,0.0,0.0,0.0,0.0,0.0,0.0,0.0,0.0,0.0,0.0,0.0,0.0,0.0,0.0,0.0,0.0,0.0,0.0,0.0,0.0,0.0,0.0,0.0,0.0,0.0,0.0,0.0,0.0,0.0,0.0,0.0,0.0,0.0,0.0,0.0,0.0,0.0,0.0,0.0,0.0,0.0,0.0,0.0,0.0,0.0,0.0,0.0,0.0,0.0,0.0,0.0,0.0,0.0,0.0,0.0,0.0,0.0,0.0,0.0,0.0,0.0,0.0,0.0,0.0,0.0,0.0,0.0,0.0,0.0,0.0,0.0,0.0,0.0,0.0,0.0,0.0,0.0,0.0,0.0,0.0,0.0,0.0,0.7839,0.0,0.0,0.0,0.0,0.0,0.0,0.0,0.0,0.0,0.0,0.0,0.0,0.0,0.0,0.0,0.0,0.0,0.0,0.0,0.0,0.0,0.0,0.0,0.0,0.0,0.0,0.0,0.0,0.0,0.0,0.0,0.00064,0.0,0.0,0.0,0.0,0.0,0.0,0.0,0.0,0.0,0.0,0.0,0.0,0.0,0.0,0.0,0.0,0.0,0.0,0.0,0.0,0.0,0.0,0.0,0.0,0.0,0.0,0.0,0.0,0.0,0.0,0.0,0.0,0.0,0.0,0.0,0.0,0.0,0.0,0.0,0.0,0.0,0.0,0.0,0.0,0.0,0.0,0.0,0.0,0.0,0.0,0.0,0.0,0.0,0.0,0.0,0.0,0.0,0.0,0.0,0.0,0.0,0.0,0.0,0.0,0.0,0.0,0.0,0.0,0.0,0.0,0.0,0.0,0.0,0.0,0.0,0.0,0.0,0.0,0.0,0.0,0.0,0.0,0.0,0.0
CRR1090672,1,0.0,12.908610000000001,0.0,0.0,1.09226,42.98966,0.00102,0.0,0.98902,20.945719999999994,0.41337999999999997,0.05944,0.0,11.211909999999998,1.21199,0.30624,0.00454,0.01884,0.00497,0.06935,0.37422,0.51774,0.0,0.35087,0.33753999999999995,0.0,0.0,0.00626,0.6621,0.0,0.00533,0.0,0.0,0.0,0.0,0.02354,0.0,0.0,0.0,0.0,0.69559,0.0,0.03437,0.0,0.00103,0.0,0.0,0.7996399999999999,0.05748,0.0,0.548,0.0,0.0,0.0,0.0,0.0,0.0,0.0,0.0,0.00416,0.0,0.0,0.0,0.02401,0.0,0.00676,0.0,0.02637,0.00035,0.01571,0.0,2.65423,0.00339,0.04435,0.0,0.0,0.00761,0.0,0.0,0.0,0.0,0.0,0.00378,0.0,0.0,0.07561,0.00038,0.0,0.0,0.08613,0.0,0.0,0.0,0.0,0.0,0.0,0.0,0.0,0.0,0.33387,0.0,0.0,0.0,0.0,0.0,0.0,0.0,0.0,0.0,0.0,0.0,0.0,0.0,0.0,0.0,0.0,0.0,0.0,0.0,0.0,0.0,0.0,0.0,0.0,0.0,0.0,0.0,0.0,0.0,0.0,0.0,0.01532,0.0,0.0,0.0,0.0,0.0,0.0,0.0,0.0,0.0,0.0,0.0,0.0,0.0,0.0,0.0,0.0,0.0,0.0,0.0,0.0,0.0,0.0,0.0551,0.0,0.0,0.0,0.0,0.0,0.0,0.0,0.0,0.0,0.0,0.0,0.0,0.0,0.0,0.0,0.0,0.0,0.0,0.0,0.0,0.0,0.0,0.0,0.0,0.0,0.0,0.0,0.0,0.0,0.0,0.0,0.0,0.0,0.0,0.0,0.0,0.0,0.0,0.0,0.0,0.0,0.0,0.0,0.0,0.0,0.0,0.0,0.0,0.0,0.0,0.0,0.0,0.0,0.0,0.0,0.0,0.0,0.0,0.0,0.0,0.0,0.0,0.0,0.0,0.0,0.0,0.0,0.0,0.0,0.0,0.0,0.0,0.0,0.0,0.0,0.0,0.0,0.0,0.0,0.0,0.0,0.0,0.0,0.0,0.0,0.0,0.0,0.00222,0.0,0.0,0.0,0.0,0.0,0.0,0.0,0.0,0.0,0.0,0.0,0.0,0.0,0.0,0.0,0.0,0.0,0.0,0.0,0.0,0.0,0.0,0.0,0.0,0.0,0.0,0.0,0.0,0.0,0.0,0.0,0.0,0.0,0.0,0.0,0.0,0.0,0.0,0.0,0.0,0.0,0.0,0.0,0.0,0.0,0.0,0.0,0.0,0.0,0.0,0.0,0.0,0.0,0.0,0.0,0.0,0.0,0.0,0.0,0.0,0.0,0.0,0.0,0.0,0.0,0.0,0.0,0.0,0.0,0.0,0.0,0.0,0.0,0.0,0.0
CRR1090675,0,0.0,23.94747,2.39807,0.0011,3.20911,20.10758,0.00352,0.0,0.74604,12.272930000000006,0.3087,4.14397,0.0,6.970870000000002,3.5650899999999996,0.14428,0.0514,0.02989,0.0,0.25954,0.15984,3.77626,0.00033,0.04369,5.5954500000000005,0.0,0.0,0.052489999999999995,7.10533,0.0,0.00192,0.0,0.0,0.0,0.0011,0.01386,0.0,0.00119,0.0,0.0,0.0,0.0,0.0,0.0,0.0,0.0,0.0,0.29645,0.0,0.0,0.0,0.0,0.0,2.82797,0.0,0.0,0.0,0.0,0.0,0.29358,0.0,0.0,0.0,0.01472,0.0,0.01139,0.0,0.00522,0.00787,0.0,0.0,0.00802,0.43013,0.02012,0.0298,0.0,0.0,0.00552,0.0,0.0,0.0,0.0,0.0,0.0,0.0,0.34465,0.0,0.0,0.0,0.00148,0.0,0.0,0.0,0.0,0.00147,0.0,0.0,0.0,0.0,0.0,0.0,0.0,0.0,0.0,0.0,0.0,0.0,0.0,0.0,0.0,0.0,0.0,0.0,0.0,0.0,0.0,0.0,0.0,0.0,0.0,0.0,0.0,0.0,0.0,0.0,0.00496,0.0,0.0,0.0,0.0,0.0,0.0,0.0,0.0,0.0,0.0,0.0,0.0,0.21734,0.0,0.0,0.0,0.0,0.0,0.0,0.0,0.0,0.0,0.0,0.0,0.0,0.0,0.0,0.02651,0.05843,0.0,0.0,0.0,0.0,0.0,0.0,0.0,0.0,0.0,0.0,0.0,0.0,0.0,0.0,0.0,0.0,0.0,0.0,0.0,0.0,0.0,0.0,0.0,0.0,0.0,0.0,0.0,0.0,0.0,0.0,0.0,0.0,0.0,0.0,0.0,0.0,0.0,0.0,0.0,0.0,0.0,0.0,0.0,0.0,0.0,0.0,0.0,0.0,0.0,0.0,0.0,0.48337,0.0,0.0,0.0,0.0,0.0,0.0,0.0,0.0,0.0,0.0,0.0,0.0,0.0,0.0,0.0,0.0,0.0,0.0,0.0,0.0,0.0,0.0,0.0,0.0,0.0,0.0,0.0,0.0,0.0,0.0,0.0,0.0,0.0,0.0,0.0,0.0,0.0,0.0,0.0,0.0,0.0,0.0,0.0,0.0,0.0,0.0,0.0,0.0,0.0,0.0,0.0,0.0,0.0,0.0,0.0,0.0,0.0,0.0,0.0,0.0,0.0,0.0,0.0,0.0,0.0,0.0,0.0,0.0,0.0,0.0,0.0,0.0,0.0,0.0,0.0,0.0,0.0,0.0,0.0,0.0,0.0,0.0,0.0,0.0,0.0,0.0,0.0,0.0,0.0,0.0,0.0,0.0,0.0,0.0,0.0,0.0,0.0,0.0,0.0,0.0,0.0,0.0,0.0,0.0,0.0,0.0,0.0,0.0,0.0,0.0,0.0
CRR1090716,1,0.0,0.13071,0.0,0.0,0.08235,6.2394300000000005,0.0,0.0,0.0673,10.668320000000001,0.18827,0.19883,0.0,46.86451999999997,1.94194,0.15829,0.0,0.00553,2.3485099999999997,1.84488,1.13587,0.0,9.643020000000002,0.62937,8.77248,0.0,0.0,0.04652,0.0,0.0,0.01649,0.0,0.0,0.0,0.0,0.13935,0.0,0.0,4.4988600000000005,0.0,0.0,0.0,0.09475,0.0,0.0,0.00485,0.0,0.1326,0.0,0.0,0.0,0.0,0.0,0.0,0.0,0.0,0.0,0.0,0.0,0.0,0.0,0.0,0.0,0.0,0.0,0.0,0.0,0.0,0.0,0.0,0.0,0.00938,0.0,0.0,0.0,0.0,0.0,0.0,0.0,0.016649999999999998,0.0,0.0,0.0,0.0,0.28842,0.07216,0.01234,0.0,0.0,0.68251,0.0,0.0,0.0,0.0,0.0,0.0,2.8827000000000003,0.0055,0.0516,0.0,0.10098,0.0,0.0,0.0,0.0,0.0,0.01951,0.0,0.0,0.0,0.0,0.0,0.0,0.0,0.0,0.0,0.0,0.0,0.0,0.0,0.0,0.0,0.0,0.0,0.0,0.0,0.0,0.0,0.0,0.0,0.0,0.0,0.0,0.0,0.0,0.0,0.0,0.0,0.0,0.0,0.0,0.0,0.0,0.0,0.0,0.0,0.0,0.0,0.0,0.0,0.0,0.0,0.0,0.0,0.0,0.0,0.0,0.0,0.0,0.0,0.0,0.0,0.0,0.0,0.0,0.0,0.0,0.0,0.0,0.0,0.0,0.0,0.0,0.0,0.0,0.0,0.0,0.0,0.0,0.0,0.0,0.00246,0.0,0.0,0.0,0.0,0.0,0.0,0.0,0.0,0.0,0.0,0.0,0.00271,0.0,0.0,0.0,0.0,0.0,0.0,0.0,0.0,0.0,0.0,0.0,0.0,0.0,0.0,0.0,0.0,0.0,0.0,0.0,0.0,0.0,0.0,0.0,0.0,0.0,0.0,0.0,0.0,0.0,0.0,0.0,0.0,0.0,0.0,0.0,0.0,0.0,0.0,0.0,0.0,0.0,0.0,0.0,0.0,0.0,0.0,0.0,0.0,0.0,0.0,0.0,0.0,0.0,0.0,0.0,0.0,0.0,0.0,0.0,0.0,0.0,0.0,0.0,0.0,0.0,0.0,0.0,0.0,0.0,0.0,0.0,0.0,0.0,0.0,0.0,0.0,0.0,0.0,0.0,0.0,0.0,0.0,0.0,0.0,0.0,0.0,0.0,0.0,0.0,0.0,0.0,0.0,0.0,0.0,0.0,0.0,0.0,0.0,0.0,0.0,0.0,0.0,0.0,0.0,0.0,0.0,0.0,0.0,0.0,0.0,0.0,0.0,0.0,0.0,0.0,0.0,0.0,0.0,0.0,0.0,0.0,0.0,0.0,0.0
CRR1012754,1,0.11753,2.8373899999999996,0.22051,0.0,2.17321,10.03424,0.16068,0.0,0.32477,16.3033,0.37974,0.88324,0.0,10.1724,1.09921,0.38228,0.31898,0.36337,1.83516,1.52001,0.23259,0.51248,0.0444,29.367019999999997,1.45644,0.0,0.0,0.0,0.0,0.0,0.00164,0.0,0.0,0.0,0.0,0.0,0.0,0.00998,0.00046,0.0,0.0639,0.0,0.0,0.0,0.00998,0.0,0.0,0.00603,0.33542,2.29398,0.75126,0.0,0.78189,0.84659,0.0,0.0,0.09461,0.0,0.0,0.0105,0.0,0.0,0.0,0.0,0.0,0.04273,0.0,0.04162,0.01603,0.00794,0.0,2.24017,5.41077,0.01244,0.21507,1.13297,0.0,0.00615,0.0,0.0,0.02062,0.0,0.04092,0.0,2.27317,0.16067,0.10481,0.0,0.0,0.0,1.78672,0.0,0.0,0.0,0.00392,0.0,0.0,0.0,0.0,0.0,0.0,0.0,0.02124,0.0,0.0,0.0,0.0,0.0,0.0,0.0,0.0,0.0,0.0,0.0,0.0,0.0,0.0,0.0,0.0,0.0,0.0,0.0,0.0,0.0,0.01025,0.0,0.0,0.00208,0.0,0.0,0.0,0.0,0.0,0.0,0.0,0.0,0.37179999999999996,0.0,0.0,0.0,0.0,0.0,0.0,0.0,0.0,0.0,0.0,0.0,0.05873,0.0,0.0,0.0,0.0,0.0,0.0,0.0,0.01684,0.0,0.0,0.0,0.0,0.0,0.0,0.0,0.0,0.0,0.0,0.0,0.0,0.0,0.0,0.0,0.0,0.0,0.0,0.0,0.0,0.0,0.0,0.0,0.0,0.0,0.0,0.00616,0.0,0.0,0.0,0.0,0.0,0.0,0.0,0.0,0.0,0.0,0.0,0.0,0.0,0.0,0.0,0.0,0.0,0.0,0.0,0.0,0.03769,0.0,0.0,0.0,0.0,0.0,0.0,0.0,0.0,0.0,0.00353,0.0,0.0,0.0,0.0,0.0,0.0,0.0,0.0,0.0,0.00547,0.0,0.0,0.0,0.0,0.0,0.0,0.0,0.0,0.00152,0.00274,0.0,0.0,0.0,0.0,0.0,0.0,0.0,0.0,0.0,0.0,0.0,0.0,0.0,0.0,0.0,0.0,0.0,0.0,0.0,0.0,0.0,0.0,0.0,0.0,0.0,0.0,0.0,0.0,0.0,0.0,0.0,0.0,0.0,0.0,0.0,0.0,0.0,0.0,0.0,0.0,0.0,0.0,0.0,0.0,0.0,0.0,0.0,0.0,0.0,0.0,0.0,0.0,0.0,0.0,0.0,0.0,0.0,0.0,0.0,0.0,0.0,0.0,0.0,0.0,0.0,0.0,0.0,0.0,0.0,0.0,0.0,0.0,0.0,0.0,0.0,0.0,0.0,0.0,0.0,0.0,0.0,0.0,0.0
CRR1090709,1,0.0,0.8920699999999999,1.2835699999999999,0.0,0.17238,0.7227100000000002,1.46704,0.00117,5.445130000000001,21.56469999999999,0.31805,0.04534,0.0,17.63159,2.15718,0.00604,0.0,0.3191,0.13574,0.13011999999999999,2.0881600000000002,0.49222,1.0667,26.74858,5.79842,0.0,0.00949,2.04104,2.6699,0.0,0.01357,0.02764,0.0,0.0,0.6878,0.00841,0.0,0.00018,0.19756999999999997,0.0,0.0,0.0,0.03726,0.0,0.0,0.00482,0.0,0.30785,0.00716,0.31205,0.0,0.0,0.0,0.38168,0.7526,0.0,0.07659,0.0,0.0,0.0,0.0,0.85247,0.0,0.00259,0.0,0.0,0.0,0.0,0.0,0.00064,0.0,0.07884,0.35242,0.00343,0.00505,0.06483,0.05238,0.00413,0.0,0.01213,0.0,0.0,0.0,0.0,0.00086,0.0,0.0,0.0,0.0,0.0,0.01546,0.0,0.0,0.0,0.0,0.0,0.00388,0.0,0.01954,1.29745,0.04283,0.0,0.01661,0.0,0.0,0.04007,0.0,0.0,0.0,0.01239,0.0,0.0,0.41094,0.0,0.0,0.0,0.0,0.0,0.0,0.0,0.0,0.19601,0.0,0.0,0.0,0.0,0.0,0.0,0.0,0.0,0.0,0.0,0.0,0.0,0.0,0.0,0.0,0.0,0.0,0.0,0.0,0.0,0.0,0.0,0.0,0.0,0.0,0.0,0.0,0.0,0.0,0.0,0.0,0.0,0.0,0.0,0.0,0.0,0.0,0.0,0.0,0.0,0.03562,0.0,0.0,0.0,0.0,0.0,0.0,0.0,0.0,0.0,0.0,0.0,0.0,0.09549,0.0,0.0,0.00058,0.0,0.0,0.0,0.0,0.0,0.0,0.0,0.0,0.0,0.0,0.0,0.0,0.0,0.0,0.0,0.0,0.0,0.0,0.0,0.0,0.0,0.0,0.01443,0.0,0.0,0.0,0.0,0.0,0.0,0.0,0.0,0.0,0.0,0.0,0.0,0.0,0.0,0.0,0.0,0.0,0.0,0.0,0.0,0.0,0.0,0.0,0.0,0.0,0.0,0.0,0.0,0.0,0.0,0.0,0.0,0.0,0.0,0.0,0.0,0.0,0.0,0.0,0.0,0.0,0.34732,0.0,0.0,0.0,0.0,0.0,0.0,0.0,0.0,0.0,0.0,0.0,0.0,0.0,0.0,0.0,0.0,0.0,0.0,0.0,0.0,0.0,0.0,0.0,0.0,0.0,0.0,0.0,0.0,0.0,0.0,0.0,0.0,0.0,0.0,0.0,0.0,0.0,0.0,0.0,0.0,0.0,0.0,0.0,0.0,0.0,0.0,0.0,0.0,0.0,0.0,0.0,0.0,0.0,0.0,0.0,0.0,0.0,0.0,0.0,0.0,0.0,0.0,0.0,0.0,0.0,0.0,0.0,0.0,0.0,0.0,0.0,0.0,0.0,0.0
CRR1090652,1,0.0,10.588759999999999,0.0,0.0,0.51814,26.986359999999998,0.02817,0.0,1.36811,11.048859999999998,0.0,3.28542,0.60472,20.462060000000015,2.0407699999999998,1.78954,0.01293,0.19766,0.00587,1.4843,0.5142100000000001,0.0,0.16101000000000001,0.0069,7.418000000000001,0.0,0.0,0.0023899999999999998,0.63209,0.0,0.0,0.0,0.0,0.0,0.0,0.03705,0.0,0.01598,0.0,0.0,0.0,0.0,0.00812,0.0,0.0096,0.0,0.0,0.0,0.09445,0.0,0.0,0.0,0.0,0.0,0.0,0.0,0.0,0.0,0.0,0.21285,0.00024,0.0,0.0,0.0,0.0,0.15551,0.0,0.0,0.11273,0.0,0.0,0.00195,0.0,0.03483,0.0,0.0,0.0,0.00405,0.02606,0.0,0.23537,0.0,0.2405,0.0,8.16919,0.21726,0.53204,0.0,0.0,0.21102,0.0,0.0,0.0,0.0,0.0,0.0,0.0,0.01011,0.0,0.0,0.0,0.0,0.0,0.0,0.0,0.0,0.0,0.0,0.0,0.0,0.0,0.0,0.0,0.01134,0.0,0.0,0.0,0.0,0.0,0.0,0.0,0.0,0.0,0.0,0.0,0.00328,0.0,0.0,0.0,0.0,0.0,0.0,0.36658,0.0,0.0,0.0,0.0,0.0,0.0,0.0,0.0,0.0,0.0,0.0,0.0,0.0,0.0,0.0,0.0,0.0,0.0,0.0,0.0,0.0,0.0,0.0,0.0,0.0,0.0004,0.0,0.0,0.0,0.0,0.11342,0.0,0.0,0.0,0.0,0.0,0.0,0.0,0.0,0.0,0.0,0.0,0.0,0.0,0.0,0.0,0.0,0.0,0.0,0.0,0.0,0.0,0.0,0.0,0.0,0.0,0.01981,0.0,0.0,0.0,0.0,0.0,0.0,0.0,0.0,0.0,0.0,0.0,0.0,0.0,0.0,0.0,0.0,0.0,0.0,0.0,0.0,0.0,0.0,0.0,0.0,0.0,0.0,0.0,0.0,0.0,0.0,0.0,0.0,0.0,0.0,0.0,0.0,0.0,0.0,0.0,0.0,0.0,0.0,0.0,0.0,0.0,0.0,0.0,0.0,0.0,0.0,0.0,0.0,0.0,0.0,0.0,0.0,0.0,0.0,0.0,0.0,0.0,0.0,0.0,0.0,0.0,0.0,0.0,0.0,0.0,0.0,0.0,0.0,0.0,0.0,0.0,0.0,0.0,0.0,0.0,0.0,0.0,0.0,0.0,0.0,0.0,0.0,0.0,0.0,0.0,0.0,0.0,0.0,0.0,0.0,0.0,0.0,0.0,0.0,0.0,0.0,0.0,0.0,0.0,0.0,0.0,0.0,0.0,0.0,0.0,0.0,0.0,0.0,0.0,0.0,0.0,0.0,0.0,0.0,0.0,0.0,0.0,0.0,0.0,0.0,0.0,0.0,0.0,0.0
CRR1090707,1,0.00422,16.74387,5.83756,0.00151,0.97013,8.76534,1.9807799999999998,0.00219,2.39832,13.80407,1.1062,0.22108,0.0,18.964019999999998,0.6588499999999999,0.06684,0.01331,0.40750000000000003,0.0,0.7872999999999999,0.78371,1.51481,0.1765,2.3360100000000004,2.35798,0.0,0.00416,0.1616,0.08274999999999999,0.0,0.00091,0.0,0.0,0.0,0.00565,0.00888,0.0,0.00483,0.00102,0.00928,2.84106,0.0,0.01581,0.0,0.00135,0.0,0.0,0.05371,0.0,3.04815,0.0,0.0,0.80403,3.58107,0.0,0.0,0.0,0.0,0.0,0.0,0.0,0.0053,0.0,0.0,0.00885,0.024030000000000003,0.0,0.0,0.0,0.0,0.0,0.00177,0.06,0.0083,0.00683,0.36883,0.00903,0.00269,0.0,0.0,0.0,0.01127,0.00587,0.0,0.02223,0.03409,0.03164,0.0,0.0,0.08834,0.0,0.0,0.33859,0.0,0.0,0.0,0.0,0.0,0.00666,5.26346,0.01444,0.01069,0.0,0.0,0.0,0.0,0.0,0.0,0.00259,0.01992,0.0,0.0,0.0,0.0,0.0,0.0,0.0,0.0,0.0,0.0,0.0,1.75784,0.0,0.0,0.0,0.0,0.0,0.0,0.0,0.0,0.0,0.0,0.38903,0.0,0.894,0.0,0.0,0.0,0.0,0.0,0.0,0.0,0.0,0.0,0.0,0.0,0.0,0.0,0.0,0.0,0.0,0.0,0.0,0.0,0.0,0.0,0.0,0.0,0.0,0.0,0.0,0.0,0.0,0.0,0.0,0.0,0.0,0.0,0.0,0.0,0.0,0.0,0.0,0.0,0.0,0.0,0.0,0.0,0.0,0.0,0.08559,0.0,0.0,0.0,0.0,0.0,0.0,0.0,0.0,0.0,0.0,0.0,0.0,0.0,0.0,0.0,0.0,0.0,0.0,0.0,0.0,0.0,0.0,0.0,0.0,0.0,0.0,0.0,0.0,0.0,0.0,0.0,0.0,0.0,0.0,0.0,0.0,0.0,0.0,0.0,0.0,0.0,0.0,0.0,0.0,0.0,0.0,0.0,0.0,0.0,0.0,0.0,0.0,0.0,0.0,0.0,0.0,0.0,0.0,0.0,0.0,0.0,0.0,0.0,0.00171,0.0,0.0,0.0,0.0,0.0,0.0,0.0,0.0,0.0,0.0,0.0,0.0,0.0,0.0,0.0,0.0,0.0,0.0,0.0,0.0,0.0,0.0,0.0,0.0,0.0,0.0,0.0,0.0,0.0,0.0,0.0,0.0,0.0,0.0,0.0,0.0,0.0,0.0,0.0,0.0,0.0,0.0,0.0,0.0,0.0,0.0,0.0,0.0,0.0,0.0,0.0,0.0,0.0,0.0,0.0,0.0,0.0,0.0,0.0,0.0,0.0,0.0,0.0,0.0,0.0,0.0,0.0,0.0,0.0,0.0,0.0,0.0,0.0
CRR1090729,0,0.0,7.02204,11.01045,0.0,1.7421000000000002,61.24360000000001,0.17725,0.0,2.3496900000000003,5.645059999999999,0.26477,0.1892,0.0,3.083589999999999,0.19335,0.010190000000000001,0.00069,0.0407,0.002,0.014879999999999999,1.26067,0.0,0.23206000000000002,1.76873,0.21462,0.0,0.0,0.17396,0.40486,0.0,0.0,0.0,0.0,0.0,0.0,0.02084,0.0,0.0,0.0,0.0,0.0,0.0,0.00567,0.0,0.0,0.0,0.0,0.07401999999999999,0.00089,0.0,0.0,0.0,0.0,0.0,0.0,0.0,0.0,0.0,0.0,0.0,0.0,0.0,0.0,0.03004,0.0,0.0,0.0,0.0,0.00049,0.0,0.0,0.0008,0.0,0.01614,0.0,0.07007,0.0,0.0,0.0,0.0,0.0,0.0,0.0,0.0,0.00197,0.01331,0.00237,0.0,0.0,0.0,0.0,0.0,0.0,0.0,0.0,0.0,0.30377,0.0,0.0,1.83595,0.0,0.0,0.0,0.0,0.0,0.0,0.0,0.0,0.0,0.0,0.0,0.0,0.0,0.0,0.0,0.0,0.0,0.0,0.0,0.0,0.0,0.12438,0.0,0.0,0.0,0.0,0.0,0.0,0.0,0.0,0.0,0.0,0.0,0.0,0.04164,0.0,0.0,0.0,0.0,0.0,0.0,0.0,0.0,0.0,0.0,0.0,0.0,0.0,0.0,0.0,0.0,0.0,0.0,0.0,0.0,0.0,0.0,0.0,0.0,0.00071,0.0,0.0,0.0,0.0,0.0,0.0,0.0,0.0,0.0,0.0,0.0,0.0,0.0,0.0,0.0,0.0,0.0,0.0,0.0,0.0,0.0,0.0,0.0,0.0,0.0,0.0,0.0,0.0,0.0,0.0,0.0,0.0,0.0,0.0,0.0,0.0,0.0,0.0,0.0,0.0,0.0,0.0,0.0,0.0,0.0,0.0,0.0,0.0,0.0,0.0,0.0,0.0,0.0,0.0,0.0,0.0,0.0,0.0,0.0,0.0,0.0,0.0,0.0,0.0,0.0,0.0,0.0,0.0,0.0,0.0,0.0,0.0,0.0,0.0,0.0,0.0,0.0,0.4125,0.0,0.0,0.0,0.0,0.0,0.0,0.0,0.0,0.0,0.0,0.0,0.0,0.0,0.0,0.0,0.0,0.0,0.0,0.0,0.0,0.0,0.0,0.0,0.0,0.0,0.0,0.0,0.0,0.0,0.0,0.0,0.0,0.0,0.0,0.0,0.0,0.0,0.0,0.0,0.0,0.0,0.0,0.0,0.0,0.0,0.0,0.0,0.0,0.0,0.0,0.0,0.0,0.0,0.0,0.0,0.0,0.0,0.0,0.0,0.0,0.0,0.0,0.0,0.0,0.0,0.0,0.0,0.0,0.0,0.0,0.0,0.0,0.0,0.0,0.0,0.0,0.0,0.0,0.0,0.0
CRR1090662,0,0.0,2.51766,0.7374999999999999,0.0,1.2297,30.43047,0.26252,0.0,1.4004999999999999,18.54657,0.14574,2.41098,0.0,22.560539999999996,5.480369999999999,0.20839,0.00157,0.057850000000000006,0.048810000000000006,0.14724,0.09003,0.64983,0.32755999999999996,0.00306,0.8218499999999999,0.0,0.0,0.04791,1.11044,0.0,0.0,0.0,0.0,0.0,0.0,0.0007,0.0,0.0,0.0,0.0,0.0,0.0,0.00631,0.0,0.0,0.0,0.0,0.70371,0.0,0.0,1.01028,0.0,0.0,0.0,0.0,0.0,0.0,0.0,0.0,0.0,0.0,0.02333,0.0,0.00773,0.0,0.0,0.0,0.01588,0.15078,0.01217,0.0,0.07794,0.00333,0.02635,0.0,0.0,0.03795,0.00842,0.0,0.0,0.0,0.0,0.0,0.0,0.25305,0.18984,0.0,0.0,0.0,0.05662,0.0,0.0,0.0,0.0,0.0,0.0,0.0,0.0,0.0,7.93168,0.00071,0.0,0.0,0.0,0.0,0.0,0.0,0.0,0.0,0.0,0.0,0.0,0.0,0.0,0.0,0.1847,0.0,0.0,0.04416,0.0,0.0,0.0,0.0,0.0,0.0,0.0,0.0,0.0,0.0,0.0,0.0,0.0,0.0,0.0,0.0,0.0,0.0,0.0,0.0,0.0,0.0,0.0,0.0,0.0,0.0,0.0,0.0,0.0,0.0,0.0,0.0,0.0,0.0,0.0,0.0,0.0,0.0,0.00275,0.0,0.0,0.0,0.0,0.0,0.0,0.0,0.0,0.0,0.0,0.0,0.0,0.01009,0.0,0.0,0.0,0.0,0.0,0.0,0.0,0.0,0.0,0.0,0.0,0.0,0.0,0.0,0.0,0.0,0.0,0.0,0.0,0.0,0.0,0.0,0.0,0.0,0.0,0.0,0.0,0.0,0.0,0.0,0.0,0.0,0.0,0.0,0.0,0.0,0.0,0.0,0.0,0.0,0.0,0.0,0.0,0.0,0.0,0.0,0.0,0.0,0.0,0.0,0.0,0.0,0.0,0.0,0.0,0.0,0.0,0.0,0.0,0.0,0.0,0.0,0.00446,0.0,0.0,0.0,0.0,0.0,0.0,0.0,0.0,0.0,0.0,0.0,0.0,0.0,0.0,0.0,0.0,0.0,0.0,0.0,0.0,0.0,0.0,0.0,0.0,0.0,0.0,0.0,0.0,0.0,0.0,0.0,0.0,0.0,0.0,0.0,0.0,0.0,0.0,0.0,0.0,0.0,0.0,0.0,0.0,0.0,0.0,0.0,0.0,0.0,0.0,0.0,0.0,0.0,0.0,0.0,0.0,0.0,0.0,0.0,0.0,0.0,0.0,0.0,0.0,0.0,0.0,0.0,0.0,0.0,0.0,0.0,0.0,0.0,0.0,0.0,0.0,0.0,0.0,0.0,0.0,0.0,0.0,0.0,0.0
CRR1090712,0,0.0,0.36906,0.0,0.0,0.193,5.35429,0.0,0.0,0.0,4.992730000000001,0.0,0.0,0.0,15.082430000000002,2.16443,0.0,0.0,0.00624,1.09735,3.0780999999999996,2.7265699999999997,0.00252,0.66403,4.7217899999999995,2.64482,0.0,0.0,0.11444,23.98475,0.0,0.0,0.0,0.0,0.0,0.0,0.14197,0.0,0.0,0.04794,0.0,0.0,0.0,0.02029,0.0,0.0,0.0,0.00815,0.0,0.0,0.0,0.0,0.0,0.0,0.0,0.0,0.0,0.0,0.0,0.0,0.0,0.0,0.0,0.0,0.0,0.0,0.0,0.0,0.0,0.09603,0.0,0.0,4.07989,0.0,0.0,0.0,0.0,0.0,0.0,0.0,0.0,0.0,0.0,0.0,0.0,28.09676,0.31121,0.0,0.0,0.0,0.0,0.0,0.0,0.0,0.0,0.0,0.0,0.0,0.0,0.0,0.0,0.0,0.0,0.0,0.0,0.0,0.0,0.0,0.0,0.0,0.0,0.0,0.0,0.0,0.0,0.0,0.0,0.0,0.0,0.0,0.0,0.0,0.0,0.0,0.0,0.0,0.0,0.0,0.0,0.0,0.0,0.0,0.0,0.0,0.0,0.0,0.0,0.0,0.0,0.0,0.0,0.0,0.0,0.0,0.0,0.0,0.0,0.0,0.0,0.0,0.0,0.0,0.0,0.0,0.0,0.0,0.0,0.0,0.0,0.0,0.0,0.0,0.0,0.0,0.0,0.0,0.0,0.0,0.0,0.0,0.0,0.0,0.0,0.0,0.0,0.0,0.0,0.0,0.0,0.0,0.0,0.0,0.0,0.0,0.0,0.0,0.0,0.0,0.0,0.0,0.0,0.0,0.0,0.0,0.0,0.0,0.0,0.0,0.0,0.0,0.0,0.0,0.00118,0.0,0.0,0.0,0.0,0.0,0.0,0.0,0.0,0.0,0.0,0.0,0.0,0.0,0.0,0.0,0.0,0.0,0.0,0.0,0.0,0.0,0.0,0.0,0.0,0.0,0.0,0.0,0.0,0.0,0.0,0.0,0.0,0.0,0.0,0.0,0.0,0.0,0.0,0.0,0.0,0.0,0.0,0.0,0.0,0.0,0.0,0.0,0.0,0.0,0.0,0.0,0.0,0.0,0.0,0.0,0.0,0.0,0.0,0.0,0.0,0.0,0.0,0.0,0.0,0.0,0.0,0.0,0.0,0.0,0.0,0.0,0.0,0.0,0.0,0.0,0.0,0.0,0.0,0.0,0.0,0.0,0.0,0.0,0.0,0.0,0.0,0.0,0.0,0.0,0.0,0.0,0.0,0.0,0.0,0.0,0.0,0.0,0.0,0.0,0.0,0.0,0.0,0.0,0.0,0.0,0.0,0.0,0.0,0.0,0.0,0.0,0.0,0.0,0.0,0.0,0.0
CRR1090703,0,0.01302,0.24480000000000002,0.06687,0.0,0.07256,1.93826,0.4566,0.0,0.04336,5.388160000000001,0.04589,0.12176,0.0,17.554379999999995,2.2354,0.369,0.041639999999999996,0.06786,0.04218,0.41633,2.3031200000000003,0.0,0.7651,0.55944,3.52731,0.0,0.0,0.00252,0.0193,0.0,0.07561,0.0,0.0,0.0,0.01458,0.2937599999999999,0.00656,0.0,0.0,0.0,0.0,0.0,0.12433,0.0,0.0,0.04006,0.00139,0.07084,0.0,0.0,0.0,0.0,0.0,0.0,0.0,0.0,0.0,0.0,0.0,0.0,0.0,0.0,0.0,0.0,0.0,0.0,0.0,0.0,0.02582,0.0,0.0,0.00358,0.0,0.00827,0.0,0.0,0.0,0.04261,0.0,0.01674,0.0,0.0,0.02138,0.0,0.0,0.00771,0.0,0.0,0.0,0.11776,0.0,0.0,0.0,0.0082,0.0,0.0,62.7656,0.00241,0.00873,0.0,0.045040000000000004,0.0,0.0,0.0,0.0,0.0,0.0,0.0,0.0,0.0,0.0,0.0,0.0,0.0,0.0,0.0,0.0,0.0,0.0,0.0,0.0,0.0,0.0,0.0,0.0,0.0,0.0,0.0,0.0,0.0,0.0,0.0,0.0,0.0,0.0,0.0,0.0,0.0,0.0,0.0,0.0,0.0,0.0,0.0,0.0,0.0,0.0,0.0,0.0,0.0,0.0,0.0,0.0,0.0,0.0,0.0,0.0,0.00384,0.0,0.0,0.0,0.0,0.0,0.0,0.0,0.0,0.0,0.0,0.0,0.0,0.0,0.0,0.0,0.0,0.0,0.0,0.0,0.0,0.0,0.0,0.0,0.0,0.0,0.0,0.0,0.0,0.0,0.0,0.0,0.0,0.0,0.0,0.0,0.0,0.0,0.0,0.0,0.0,0.0,0.0,0.0,0.0,0.0,0.0,0.0,0.0,0.0,0.0,0.0,0.0,0.0,0.0,0.0,0.0,0.0,0.0,0.0,0.0,0.0,0.0,0.0,0.0,0.0,0.0,0.0,0.0,0.0,0.0,0.0,0.0,0.0,0.0,0.0,0.0,0.0,0.0,0.0,0.0,0.0,0.0,0.0,0.0,0.0,0.0,0.0,0.00038,0.0,0.0,0.0,0.0,0.0,0.0,0.0,0.0,0.0,0.0,0.0,0.0,0.0,0.0,0.0,0.0,0.0,0.0,0.0,0.0,0.0,0.0,0.0,0.0,0.0,0.0,0.0,0.0,0.0,0.0,0.0,0.0,0.0,0.0,0.0,0.0,0.0,0.0,0.0,0.0,0.0,0.0,0.0,0.0,0.0,0.0,0.0,0.0,0.0,0.0,0.0,0.0,0.0,0.0,0.0,0.0,0.0,0.0,0.0,0.0,0.0,0.0,0.0,0.0,0.0,0.0,0.0,0.0,0.0,0.0,0.0,0.0
CRR1090718,1,0.0,1.37873,0.0,0.0,0.03629,2.32626,0.03953,0.0,0.5011,33.34571,0.00207,0.03021,0.0,35.485940000000014,4.678850000000001,0.0,0.00433,0.047729999999999995,0.020929999999999997,1.04535,1.02457,0.0,0.5199,4.896129999999999,2.1754599999999997,0.0,0.00812,0.78211,9.92403,0.0,0.00212,0.0,0.0,0.0,0.0,0.16401,0.0022,0.0,0.0,0.0,0.0,0.00889,0.30774,0.0,0.0,0.006960000000000001,0.0,0.0,0.0,0.0,0.0,0.0,0.0,0.0,0.59825,0.0,0.0,0.0,0.0,0.0,0.0,0.01059,0.0,0.0,0.0,0.0,0.0,0.0,0.0,0.0,0.0,0.05484,0.0,0.02228,0.0,0.0,0.0,0.03231,0.0,0.00277,0.0,0.0,0.0,0.0,0.0,0.00312,0.0,0.0,0.0,0.49314,0.0,0.0,0.0,0.0,0.0,0.0,0.0,0.0,0.00044,0.0,0.01666,0.0,0.0,0.0,0.0,0.0,0.0,0.0,0.0,0.0,0.0,0.0,0.0,0.0,0.0,0.0,0.0,0.0,0.0,0.0,0.0,0.0,0.0,0.0,0.0,0.0,0.0,0.0,0.0,0.0,0.0,0.0,0.0,0.0,0.0,0.0,0.0,0.0,0.0,0.0,0.0,0.0,0.0,0.0,0.0,0.0,0.0,0.0,0.0,0.0,0.0,0.0,0.0,0.0,0.0,0.0,0.0,0.0,0.0,0.0,0.0,0.00039,0.0,0.0,0.0,0.0,0.0,0.0,0.0,0.0,0.0,0.0,0.0,0.0,0.0,0.0,0.0,0.0,0.0,0.0,0.0,0.0,0.0,0.0,0.0,0.0,0.0,0.0,0.0,0.0,0.0,0.0,0.0,0.0,0.0,0.0,0.0,0.0,0.0,0.0,0.0,0.0,0.0,0.0,0.0,0.0,0.0,0.0,0.0,0.0,0.0,0.0,0.0,0.0,0.0,0.0,0.0,0.0,0.0,0.0,0.0,0.0,0.0,0.0,0.0,0.0,0.0,0.0,0.0,0.0,0.0,0.0,0.0,0.0,0.0,0.0,0.0,0.0,0.0,0.0,0.0,0.0,0.0,0.0,0.0,0.0,0.0,0.0,0.0,0.0,0.0,0.0,0.0,0.0,0.0,0.0,0.0,0.0,0.0,0.0,0.0,0.0,0.0,0.0,0.0,0.0,0.0,0.0,0.0,0.0,0.0,0.0,0.0,0.0,0.0,0.0,0.0,0.0,0.0,0.0,0.0,0.0,0.0,0.0,0.0,0.0,0.0,0.0,0.0,0.0,0.0,0.0,0.0,0.0,0.0,0.0,0.0,0.0,0.0,0.0,0.0,0.0,0.0,0.0,0.0,0.0,0.0,0.0,0.0,0.0,0.0,0.0,0.0,0.0,0.0,0.0,0.0,0.0
CRR1090660,1,0.0,2.15814,0.0,0.0,0.0,18.0982,0.00455,0.0,22.357629999999997,19.161060000000003,0.0,0.84576,0.0,23.896779999999996,4.074130000000001,0.13775,0.0,0.14064000000000002,0.0,0.49182,0.18759,4.67587,0.13113,0.38666,2.1703200000000002,0.0,0.0,0.02362,0.0,0.0,0.00015,0.0,0.0,0.0,0.0,0.0,0.0,0.0,0.0,0.0,0.0,0.0,0.0,0.0,0.0,0.0034,0.0,0.0,0.0,0.0,0.0,0.0,0.0,0.26458,0.0,0.0,0.0,0.0,0.0,0.0,0.00017,0.00268,0.0,0.0,0.0,0.001,0.0,0.00508,0.03359,0.0,0.0,0.01046,0.0,0.06923,0.0,0.0,0.0,0.0,0.0,0.0,0.0,0.0,0.19523,0.0,0.15444,0.24299,0.0,0.0,0.0,0.0,0.0,0.0,0.0,0.0,0.0,0.0,0.0,0.0,0.0,0.0,0.00276,0.0,0.0,0.0,0.0,0.0,0.0,0.0,0.0,0.0,0.0,0.0,0.0,0.0,0.0,0.0,0.0,0.0,0.0,0.0,0.0,0.0,0.0,0.0,0.0,0.0,0.0,0.0,0.0,0.0,0.0,0.0,0.0,0.0,0.0,0.0,0.0,0.0,0.0,0.0,0.0,0.0,0.0,0.0,0.0,0.0,0.0,0.0,0.0,0.0,0.0,0.0,0.0,0.0,0.0,0.0,0.0,0.0,0.0,0.0,0.0,0.0,0.0,0.0,0.0,0.0,0.0,0.0,0.0,0.0,0.0,0.0,0.0,0.0,0.0,0.0,0.0,0.0,0.0,0.0,0.0,0.0,0.0,0.0,0.0,0.0,0.0,0.0,0.0,0.0,0.00124,0.0,0.0,0.0,0.0,0.0,0.0,0.0,0.0,0.0,0.0,0.0,0.0,0.0,0.0,0.0,0.0,0.0,0.0,0.0,0.0,0.0,0.0,0.0,0.0,0.0,0.0,0.0,0.0,0.0,0.0,0.0,0.0,0.0,0.0,0.0,0.0,0.0,0.0,0.0,0.0,0.0,0.0,0.0,0.0,0.0,0.0,0.0,0.0,0.0,0.00087,0.0,0.0,0.0,0.0,0.0,0.07042,0.0,0.0,0.0,0.0,0.0,0.0,0.0,0.0,0.0,0.0,0.0,0.0,0.0,0.0,0.0,0.0,0.0,0.0,0.0,0.0,0.0,0.0,0.0,0.0,0.0,0.0,0.0,0.0,0.0,0.0,0.0,0.0,0.0,0.0,0.0,0.0,0.0,0.0,0.0,0.0,0.0,0.0,0.0,0.0,0.0,0.0,0.0,0.0,0.0,0.0,0.0,0.0,0.0,0.0,0.0,0.0,0.0,0.0,0.0,0.0,0.0,0.0,0.0,0.0,0.0,0.0,0.0,0.0,0.0,0.0,0.0
CRR1090622,1,0.0,6.10493,0.05638,0.0,0.44780000000000003,10.665300000000004,0.0,0.0,6.19941,22.658250000000006,0.11151,4.4904,0.0,23.503229999999995,3.4479799999999994,2.53378,0.03622,0.07919000000000001,0.1358,0.27784,0.058679999999999996,4.3114,0.14261000000000001,0.02524,0.91592,0.0,0.0,0.02586,0.07295,0.00823,0.04901,0.01989,0.0,0.0,0.0,0.02754,0.00589,0.01315,0.0,0.0,0.66009,0.0,0.02159,0.0,0.0,0.0,0.0,0.18277,0.24359,0.25333,0.00847,0.05476,0.00334,2.2921300000000002,0.04838,0.05275,0.0,0.0,0.0,0.09309,0.00565,0.08896,0.0,0.17072,0.06257,0.00386,0.0,0.00414,0.04868,0.00729,0.0,0.12252,4.5254,0.04287,0.17448,0.0,0.00288,0.01086,0.00994,0.0,0.0,0.0,0.0,0.0,0.22771,0.0,0.03786,0.00772,0.0,0.00687,0.13109,0.00515,0.0,0.0,0.0,0.0,0.0,0.05016,0.0,0.05632,0.0,0.0,0.014249999999999999,0.2378,0.01456,0.0,0.13105,0.02005,0.0,0.0,0.0,0.0,0.0,0.42697999999999997,0.0,0.0,0.05062,0.0,0.0,0.0,0.0,0.0,0.0,0.0,0.0,0.00026,0.0,0.0,0.0,0.0,0.0,0.0,0.76306,0.0,0.0,0.0,0.04844,0.00349,0.00507,0.0,0.0,0.0369,0.00572,0.0043,0.0,0.0,0.0,0.0,0.0,0.0,0.0,0.01598,0.0,0.0,0.0,0.0,0.0,0.00878,0.0,0.0,0.0,0.0,0.0,0.0,0.0,1.96608,0.0,0.08187,0.0,0.0,0.0,0.0,0.0,0.0,0.0,0.0,0.00219,0.0,0.0,0.0,0.0,0.0,0.0,0.0,0.0,0.00029,0.0,0.0,0.0,0.00874,0.0,0.0,0.0,0.0,0.0,0.0,0.0,0.0,0.0,0.0,0.0,0.0,0.0,0.0,0.0,0.0,0.0,0.0,0.0,0.0,0.0,0.0,0.0,0.0,0.0,0.0,0.0,0.0,0.0,0.0,0.0,0.0,0.0,0.0,0.00022,0.0,0.0,0.0,0.0,0.0,0.0,0.0,0.0,0.0,0.0,0.0,0.0,0.0,0.0,0.0,0.0,0.0,0.0,0.0,0.0,0.0,0.0,0.00565,0.0052,0.0,0.0,0.0,0.0,0.0,0.0,0.0,0.0,0.0,0.0,0.0,0.0,0.0,0.0,0.0,0.0,0.0,0.0,0.0,0.0,0.0,0.0,0.0,0.0,0.0,0.0,0.0,0.0,0.0,0.0,0.0,0.0,0.0,0.0,0.0,0.0,0.0,0.0,0.0,0.0,0.0,0.0,0.0,0.0,0.0,0.0,0.0,0.0,0.0,0.0,0.0,0.0,0.0,0.0,0.0,0.0,0.0,0.0,0.0,0.0,0.0,0.0,0.0,0.0,0.0,0.0,0.0,0.0,0.0
CRR1090684,1,0.0,1.0226899999999999,0.0,0.0,0.45971,15.203859999999999,0.17064000000000001,0.0,2.92254,25.370869999999996,0.21197,0.98775,0.0,17.374130000000005,1.8689899999999997,0.1375,0.0,0.029230000000000003,0.01809,0.57584,0.10744000000000001,1.09184,1.32209,25.20502,4.15879,0.0,0.0,0.0,0.66848,0.0,0.00375,0.02018,0.0,0.0,0.10612,0.0178,0.00229,0.0,0.0,0.0,0.058379999999999994,0.0,0.00858,0.0,0.0,0.00196,0.0,0.09922,0.0,0.0,0.0,0.0,0.0,0.0,0.0,0.0,0.0,0.0,0.0,0.0,0.0,0.00725,0.0,0.01438,0.0,0.0,0.0,0.0,0.08456,0.00683,0.0,0.00861,0.07043,0.00133,0.0,0.0,0.0,0.0,0.0,0.0098,0.0,0.0,0.0,0.0,0.0,0.0,0.0,0.0,0.0,0.0,0.0,0.0,0.00771,0.0,0.0,0.0,0.0,0.0,0.0,0.00035,0.04565,0.05334,0.0,0.0,0.0,0.0,0.0,0.0,0.0,0.0,0.0,0.0,0.0,0.0,0.0,0.32491,0.0,0.0,0.0,0.0,0.0,0.0,0.0,0.0,0.00744,0.0,0.0,0.0,0.0,0.0,0.0,0.0,0.0,0.0,0.0,0.0,0.0,0.0,0.0,0.0,0.0,0.0,0.0,0.0,0.0,0.0,0.0,0.0,0.0,0.0,0.0,0.0,0.0,0.0,0.0,0.0,0.0,0.0,0.0,0.0,0.0,0.0,0.00293,0.0,0.0,0.0,0.0,0.0,0.0,0.0,0.06134,0.0,0.0,0.0,0.0,0.06746,0.0,0.0,0.0,0.0,0.0,0.0,0.0,0.0,0.0,0.0,0.0,0.0,0.0,0.0,0.0,0.0,0.0,0.0,0.0,0.0,0.0,0.0,0.0,0.0,0.0,0.0,0.0,0.0,0.0,0.0,0.0,0.0,0.0,0.0,0.0,0.0,0.0,0.0,0.0,0.0,0.0,0.0,0.0,0.0,0.0,0.0,0.0,0.0,0.0,0.0,0.0,0.0,0.0,0.0,0.0,0.0,0.0,0.0,0.0,0.0,0.0,0.0,0.0,0.0,0.0,0.0,0.0,0.0,0.0,0.0,0.0,0.0,0.0,0.0,0.0,0.0,0.0,0.0,0.0,0.0,0.0,0.0,0.0,0.0,0.0,0.0,0.0,0.0,0.0,0.0,0.0,0.0,0.0,0.0,0.0,0.0,0.0,0.0,0.0,0.0,0.0,0.0,0.0,0.0,0.0,0.0,0.0,0.0,0.0,0.0,0.0,0.0,0.0,0.0,0.0,0.0,0.0,0.0,0.0,0.0,0.0,0.0,0.0,0.0,0.0,0.0,0.0,0.0,0.0,0.0,0.0,0.0,0.0,0.0,0.0,0.0,0.0,0.0,0.0,0.0,0.0,0.0
CRR1090673,1,0.0,12.251430000000001,0.0,0.0,0.40314,62.468210000000006,0.03937,0.0,0.6618099999999999,7.810780000000001,0.0,1.44114,0.0,6.3743799999999995,1.0586499999999999,0.27849,0.0,0.0,0.0,0.04136,0.1459,0.8414,0.0,0.25098,0.35532,0.0,0.0,0.01078,0.14311000000000001,0.0,0.0,0.0,0.0,0.0,0.0,0.0,0.0,0.0,0.0,0.0,0.09286,3.82674,0.0,0.0,0.0,0.0,0.0,1.26341,0.0,0.0,0.0,0.0,0.0,0.0,0.0,0.0,0.0,0.0,0.0,0.0,0.0,0.0,0.0,0.0,0.0,0.01558,0.0,0.0,0.03244,0.01583,0.0,0.0,0.0,0.03387,0.0,0.0,0.0,0.0,0.0,0.0,0.0,0.0,0.0,0.0,0.0,0.07727,0.00043,0.0,0.0,0.00666,0.0,0.0,0.0,0.0,0.0,0.0,0.01261,0.0,0.0,0.00195,0.0,0.0,0.0,0.0,0.0,0.0,0.01247,0.0,0.0,0.0,0.0,0.0,0.0,0.0,0.0,0.0,0.0,0.0,0.0,0.0,0.0,0.0,0.0,0.0,0.0,0.0,0.0,0.0,0.0,0.0,0.0,0.0,0.0,0.0,0.0,0.0,0.0,0.0,0.0,0.0,0.0,0.0,0.0,0.0,0.0,0.0,0.0,0.0,0.0,0.0,0.0,0.0,0.0,0.0,0.0,0.0,0.0,0.0,0.0,0.0,0.0,0.0,0.0,0.0,0.0,0.0,0.0,0.0,0.0,0.0,0.0,0.0,0.0,0.0,0.0,0.0,0.0,0.0,0.0,0.0,0.0,0.0,0.0,0.0,0.0,0.0,0.0,0.0,0.0,0.0,0.0,0.0,0.0,0.031129999999999998,0.0,0.0,0.0,0.0,0.0,0.0,0.0,0.0,0.0,0.00046,0.0,0.0,0.0,0.0,0.0,0.0,0.0,0.0,0.0,0.0,0.0,0.0,0.0,0.0,0.0,0.0,0.0,0.0,0.0,0.0,0.0,0.0,0.0,0.0,0.0,0.0,0.0,0.0,0.0,0.0,0.0,0.0,0.0,0.0,0.0,0.0,0.0,0.0,0.0,0.0,0.0,0.0,0.0,0.0,0.0,0.0,0.0,0.0,0.0,0.0,0.0,0.0,0.0,0.0,0.0,0.0,0.0,0.0,0.0,0.0,0.0,0.0,0.0,0.0,0.0,0.0,0.0,0.0,0.0,0.0,0.0,0.0,0.0,0.0,0.0,0.0,0.0,0.0,0.0,0.0,0.0,0.0,0.0,0.0,0.0,0.0,0.0,0.0,0.0,0.0,0.0,0.0,0.0,0.0,0.0,0.0,0.0,0.0,0.0,0.0,0.0,0.0,0.0,0.0,0.0,0.0,0.0,0.0,0.0,0.0,0.0,0.0,0.0,0.0
CRR1090720,1,0.0,4.3329699999999995,0.0,0.0,0.54142,11.338950000000004,1.43295,0.0,3.8678500000000002,9.94756,0.0,0.0,0.0,25.33468,2.3299600000000003,0.00033,0.0,0.018779999999999998,0.0,0.31806999999999996,0.43099999999999994,16.92133,0.6142299999999999,0.68502,0.25739,0.0,0.0,0.16222,3.46166,0.0,0.0,0.0,0.0,0.0,0.0,0.00776,0.0,0.0,0.0,0.0,0.04984,0.0,0.03592,0.0,0.0,0.0,0.0,0.0,0.0,0.0,0.0,0.0,0.0,2.5425100000000005,0.065,0.0,0.0,0.0,0.0,0.00651,0.0,0.0,0.0,0.01106,0.15621,0.0,0.0,0.0,0.0,0.0,0.0,1.14496,0.03364,0.00263,0.0,0.0,0.0,0.0,0.0,0.00455,0.0,0.0,0.0,0.0,0.40892,0.0623,0.0,0.0,0.46542,0.45352,0.0,0.0,0.0,0.00672,0.0,0.0,0.0,0.0,0.0,8.31228,0.0,0.0,0.0,0.0,0.0,0.0,0.0,0.0,0.0,0.0,0.0,0.0,0.0,0.0,0.0,0.0,0.0,0.0,0.0,0.0,0.0,0.0,0.0,0.0,0.0,0.00818,0.0,0.0,0.0,0.0,0.0,0.0,3.88017,0.0,0.0,0.0,0.0,0.0,0.0,0.0,0.0,0.0,0.0,0.0,0.0,0.0,0.0,0.0,0.0,0.0,0.0,0.0,0.0,0.0,0.0,0.00521,0.0,0.0,0.0,0.0,0.0,0.0,0.0,0.0,0.0,0.0,0.0,0.27693,0.0,0.0,0.0,0.0,0.0,0.0,0.0,0.0,0.0,0.0,0.0,0.0,0.0,0.0,0.0,0.0,0.0,0.0,0.0,0.0,0.0,0.0,0.0,0.0,0.0,0.0,0.0,0.0,0.0,0.0,0.0,0.0,0.0,0.0,0.0,0.0,0.0,0.0,0.0,0.0,0.0,0.0,0.0,0.0,0.0,0.0,0.0,0.0,0.0,0.0,0.0,0.0,0.0,0.0,0.0,0.0,0.0,0.0,0.0,0.0,0.0,0.0,0.0,0.0,0.0,0.0,0.0,0.0,0.0,0.0,0.0,0.0,0.0,0.0,0.0,0.0,0.0,0.0,0.05209,0.0,0.0,0.01131,0.0,0.0,0.0,0.0,0.0,0.0,0.0,0.0,0.0,0.0,0.0,0.0,0.0,0.0,0.0,0.0,0.0,0.0,0.0,0.0,0.0,0.0,0.0,0.0,0.0,0.0,0.0,0.0,0.0,0.0,0.0,0.0,0.0,0.0,0.0,0.0,0.0,0.0,0.0,0.0,0.0,0.0,0.0,0.0,0.0,0.0,0.0,0.0,0.0,0.0,0.0,0.0,0.0,0.0,0.0,0.0,0.0,0.0,0.0,0.0,0.0,0.0,0.0,0.0,0.0,0.0,0.0,0.0
CRR1090646,1,0.02066,6.6325899999999995,0.0,0.0,0.18616,0.98856,0.14469,0.0,1.02165,5.54626,0.02378,1.37353,0.0,0.5928200000000001,0.03392,0.06174,0.07142,0.0,0.0,0.6583600000000001,0.0,0.0144,0.00148,34.88489,0.049260000000000005,0.0,0.0,0.07867,2.8588999999999998,0.0,0.0,0.0,0.0,0.0,0.0,0.0,0.0,0.03853,0.0,0.0,0.0,0.0,0.00171,0.0,0.01298,0.0,0.0,0.26629,0.0,0.0,0.0,0.0,0.0,0.0,0.0,0.0,0.0,0.0,0.0,0.01564,0.01792,0.0,0.0,0.0,0.0,0.01524,0.0,0.0007,0.05062,0.0,0.0,0.37107999999999997,1.02344,0.00745,0.0,0.0,0.0,0.0,0.0,0.0,0.0,0.0,0.0,0.0,30.253,0.31704,0.0,0.0,0.0,0.0,0.0,0.0,0.0,0.0,0.0,0.0,0.0,0.0,0.0,12.20161,0.0,0.0,0.0,0.0,0.0,0.0,0.00186,0.0,0.0,0.0,0.0,0.0,0.0,0.0,0.0,0.0,0.0,0.0,0.0,0.0,0.0,0.0,0.0,0.0,0.0,0.00276,0.0,0.0,0.0,0.0,0.0,0.0,0.0,0.0,0.0,0.0,0.0,0.0,0.0,0.0,0.0,0.0,0.0,0.0,0.0,0.0,0.024,0.0,0.0,0.0,0.0,0.0,0.0,0.0,0.0,0.0,0.0,0.0,0.0,0.0,0.0,0.0,0.0,0.0,0.0,0.11306,0.01121,0.0,0.0,0.0,0.0,0.0,0.0,0.0,0.0,0.0,0.0,0.0,0.0,0.0,0.0,0.0,0.0,0.0,0.0,0.0,0.0,0.0,0.0,0.0,0.0,0.0,0.0,0.00392,0.0,0.0,0.0,0.0,0.0,0.0,0.0,0.0,0.0,0.0,0.0,0.0,0.0,0.0,0.0,0.0,0.0,0.0,0.0,0.0,0.0,0.0,0.0,0.0,0.0,0.0,0.0,0.0,0.0,0.0,0.0,0.0,0.0,0.0,0.0,0.0,0.0,0.0,0.0,0.0,0.0,0.0,0.0,0.0,0.0,0.0,0.00621,0.0,0.0,0.0,0.0,0.0,0.0,0.0,0.0,0.0,0.0,0.0,0.0,0.0,0.0,0.0,0.0,0.0,0.0,0.0,0.0,0.0,0.0,0.0,0.0,0.0,0.0,0.0,0.0,0.0,0.0,0.0,0.0,0.0,0.0,0.0,0.0,0.0,0.0,0.0,0.0,0.0,0.0,0.0,0.0,0.0,0.0,0.0,0.0,0.0,0.0,0.0,0.0,0.0,0.0,0.0,0.0,0.0,0.0,0.0,0.0,0.0,0.0,0.0,0.0,0.0,0.0,0.0,0.0,0.0,0.0,0.0,0.0,0.0,0.0,0.0,0.0,0.0
CRR1090704,0,0.0,1.8189699999999995,0.36929,0.0,0.29068999999999995,3.05918,0.6724899999999999,0.0,1.8173499999999998,12.223059999999997,0.11265,0.27637,0.0,18.327309999999994,0.71922,0.05284,0.03534,0.49709,0.03994,1.0473999999999999,0.6111300000000001,1.81908,0.42428000000000005,1.44336,0.7536,0.05874,0.0,0.53826,0.2575,1.07049,0.01944,0.0,0.0,0.0,0.06094,0.01443,0.0,0.01251,0.00239,0.0,0.00702,0.0,0.033560000000000006,0.02819,0.00506,0.00814,0.0,0.12827,0.04846,0.90338,1.73208,7.21418,0.07399,23.13652,0.13208,0.0,0.8071400000000001,0.00141,0.05313,0.0,0.10578,0.00289,0.0,0.12542,0.0,0.05901000000000001,0.02371,0.016460000000000002,0.03485,0.00848,0.0,0.75958,0.5521699999999999,0.01275,0.0594,0.24617,0.12151,0.00706,0.00245,0.00017,0.01128,0.0,0.05182,0.0,0.25473,0.06842,0.10138,0.0,0.0,0.0,0.02495,0.0,0.05127,0.04297,0.0,0.0,0.0,0.0,0.0,0.38065,0.0,0.03652,0.34457999999999994,1.71545,0.0,0.0,0.0,0.0,0.0,0.08192,0.0,0.00959,0.0,0.36460000000000004,0.0,0.0,0.0,0.0,0.0,0.0,0.0,0.0,0.0,0.0,0.01338,0.0,0.0,0.0,0.0,0.0,0.0,0.0,0.02039,0.0,0.0,0.0,0.19561,0.01772,0.12738,0.0,0.0,0.0,1.30304,1.14674,0.0,0.0,0.00718,0.0,0.0,0.0,0.0,0.01394,0.01226,0.0,0.19056,0.0,0.00512,0.0,0.00126,0.0,0.0,0.0,0.0,0.0,0.0,0.0,0.0,0.0,0.0,0.0,0.0,0.0,0.0,0.0,1.2015,0.0,0.0,0.07525,0.0,0.0,0.04919,0.0,0.0,0.0,0.0,0.0,0.0,0.0,0.0,0.0115,0.0,0.0,0.0,0.0,0.0,0.0,0.0,0.0,0.0,0.0,0.0,0.0,0.0,0.0,0.0,0.0,0.01094,0.01984,0.0,0.0,0.0,0.0,0.0,0.0,0.0,0.0,0.0,0.03422,0.0,0.0,0.0,0.0,0.0,0.0,0.0,0.0,0.0,0.0,0.0,0.0,0.0,0.0,0.0,0.0,0.0,0.0,0.0,0.0,0.01048,0.0,0.0,0.0,0.0,0.0,0.0,0.0,0.0,0.0,0.0,0.0,4.39907,2.14429,0.28757,0.22259,0.02383,0.00774,0.00603,0.00528,0.00018,0.0,0.0,0.0,0.0,0.0,0.0,0.0,0.0,0.0,0.0,0.0,0.0,0.0,0.0,0.0,0.0,0.0,0.0,0.0,0.0,0.0,0.0,0.0,0.0,0.0,0.0,0.0,0.0,0.0,0.0,0.0,0.0,0.0,0.0,0.0,0.0,0.0,0.0,0.0,0.0,0.0,0.0,0.0,0.0,0.0,0.0,0.0,0.0,0.0,0.0,0.0,0.0,0.0,0.0,0.0,0.0,0.0,0.0,0.0
CRR1090666,1,0.0,4.96109,28.80836,0.0,0.28886,2.49618,0.5365,0.0,1.8967900000000002,13.184290000000003,0.2976,0.60672,0.0,26.513120000000004,1.12323,0.10145,0.0002,0.03383,0.0,0.76271,0.14797,2.08164,0.8089999999999999,0.04203,0.41587,0.0,0.0,0.034210000000000004,0.71528,0.02742,0.0,0.0,0.0,0.0,0.0,0.0,0.0,0.0029,0.0,0.0,0.0044,0.00257,0.0,0.0,0.0,0.03741,0.0,0.59557,0.0,0.31412,0.40964,0.07927000000000001,0.0,0.5982500000000001,0.03047,0.0,0.0,0.0,0.0,0.0,0.02889,0.09689,0.00923,0.01731,0.0,0.0,0.0,0.00147,0.0,0.00132,0.0,0.20667999999999997,1.6099400000000001,0.00197,0.0,0.00745,0.012060000000000001,0.0,0.0,0.00889,0.0,0.0,0.0,0.0,2.38329,0.04538,0.00425,0.0,0.0,0.07873,0.17919,0.0,0.0,0.0,0.0,0.0,0.0,0.0,0.0,4.94989,0.00469,0.02295,0.0,0.0,0.0,0.02246,0.0248,0.0,0.0,0.0,0.0,0.0,0.0,0.00287,0.0,0.0,0.0,0.0,0.0,0.0,0.0,0.0,0.0,0.0,0.0,0.0,0.0,0.0,0.07031,0.0,0.0,0.0,0.01281,0.0,0.0,0.0,0.0,0.00081,0.00031,0.0,0.0,0.20334,0.0,0.0,0.0,0.0,0.0,0.0,0.0,0.0,0.0,0.0066,0.0,0.03485,0.00127,0.0,0.0,0.0,0.0,0.0,0.4035,0.0,0.0,0.0,0.0,0.0,0.0,0.0,0.0,0.0,0.0048,0.10817,0.00661,0.0,0.0,0.0,0.0,0.0,0.0,0.07552,0.0,0.0,0.0,0.0,0.0,0.0,0.0,0.0,0.0,0.02344,0.0,0.0,0.0,0.0,0.0,0.0,0.0,0.0,0.0,0.0,0.0,0.0,0.0,0.0,0.0,0.0,1.3518,0.0,0.0,0.0,0.0,0.0,0.0,0.0,0.0,0.0,0.00521,0.0,0.0,0.0,0.0,0.0,0.0,0.0,0.0,0.0,0.0,0.0,0.0,0.0,0.0,0.0,0.0,0.0,0.0,0.0,0.0,0.0,0.0,0.0,0.0,0.0,0.0,0.0,0.0,0.0,0.0,0.0,0.01117,0.0,0.0,0.0,0.0,0.0,0.0,0.0,0.0,0.0,0.0,0.0,0.0,0.0,0.0,0.0,0.0,0.0,0.0,0.0,0.0,0.0,0.0,0.0,0.0,0.0,0.0,0.0,0.0,0.0,0.0,0.0,0.0,0.0,0.0,0.0,0.0,0.0,0.0,0.0,0.0,0.0,0.0,0.0,0.0,0.0,0.0,0.0,0.0,0.0,0.0,0.0,0.0,0.0,0.0,0.0,0.0,0.0,0.0,0.0,0.0,0.0,0.0,0.0,0.0,0.0,0.0,0.0,0.0,0.0
CRR1090624,1,0.0,0.0591,0.00262,0.0,0.00405,1.00585,11.68302,0.0,3.3315,13.03424,0.00147,0.00647,0.0,48.96620999999999,2.3944099999999997,0.0,0.0,0.03107,0.3785,0.5737,3.2789200000000003,0.04098,0.6908099999999997,0.13907000000000003,0.73311,0.0,0.00176,0.01975,12.75984,0.0,0.01253,0.0,0.0,0.0,0.0,0.11898,0.0011,0.0,0.0,0.0,0.01284,0.27705,0.15003999999999998,0.0,0.0,0.00013,0.0,0.0,0.0,0.00379,0.01601,0.0,0.0,0.01729,0.0,0.0,0.0,0.0,0.0,0.0,0.0,0.0,0.0,0.0,0.0,0.0,0.0,0.0,0.00382,0.0,0.0,0.00628,0.02587,0.01505,0.0,0.0,0.0,0.0,0.0,0.00898,0.0,0.0,0.0,0.0,0.0,0.10658,0.0,0.0,0.0,0.03143,0.0,0.0,0.00079,0.0,0.0,0.0,0.01609,0.01354,0.00465,0.0,0.01557,0.0,0.0,0.0,0.0,0.0,0.0,0.0,0.0,0.0,0.0,0.0,0.0,0.0,0.0,0.0,0.0,0.0,0.0,0.0,0.0,0.0,0.0,0.0,0.0,0.0,0.0,0.0,0.0,0.0,0.0,0.0,0.00033,0.0,0.0,0.0,0.0,0.0,0.0,0.0,0.0,0.0,0.0,0.0,0.0,0.0,0.0,0.0,0.0,0.0,0.0,0.0,0.0,0.0,0.0,0.0,0.0,0.00252,0.0,0.0,0.0,0.0,0.0,0.0,0.0,0.0,0.0,0.0,0.0,0.0,0.0,0.0,0.0,0.0,0.0,0.0,0.0,0.0,0.0,0.0,0.0,0.0,0.0,0.0,0.0,0.0,0.0,0.0,0.0,0.0,0.0,0.0,0.0,0.0,0.0,0.0,0.0,0.0,0.0,0.0,0.0,0.0,0.0,0.0,0.0,0.0,0.0,0.0,0.0,0.0,0.0,0.0,0.0,0.0,0.0,0.0,0.0,0.0,0.0,0.0,0.0,0.0,0.0,0.0,0.0,0.0,0.0,0.0,0.0,0.0,0.0,0.0,0.0,0.0,0.0,0.0,0.0,0.0,0.0,0.0,0.0,0.0,0.0,0.0,0.0,0.0,0.0,0.0,0.0,0.0,0.0,0.0,0.0,0.0,0.0,0.0,0.0,0.0,0.0,0.00225,0.0,0.0,0.0,0.0,0.0,0.0,0.0,0.0,0.0,0.0,0.0,0.0,0.0,0.0,0.0,0.0,0.0,0.0,0.0,0.0,0.0,0.0,0.0,0.0,0.0,0.0,0.0,0.0,0.0,0.0,0.0,0.0,0.0,0.0,0.0,0.0,0.0,0.0,0.0,0.0,0.0,0.0,0.0,0.0,0.0,0.0,0.0,0.0,0.0,0.0,0.0,0.0,0.0,0.0,0.0,0.0,0.0,0.0
CRR1090678,0,0.0,1.3570499999999999,0.0,0.0,0.16895,4.779730000000001,0.6204500000000001,0.0,2.33947,29.806759999999997,0.11946,0.03185,0.0,31.526030000000002,1.83884,0.011689999999999999,0.02638,0.05567,0.0,2.7482100000000003,0.5501800000000001,19.05608,0.51566,0.14606,2.24219,0.0,0.0,0.22432,0.0,0.0,0.01333,0.05688,0.0,0.0,0.0,0.22705000000000003,0.01325,0.0,0.0,0.0,0.18567,0.0,0.05681,0.0,0.0,0.01332,0.00934,0.00942,0.00403,0.0,0.0,0.0,0.0,0.06725,0.0,0.0,0.0,0.0,0.0,0.0,0.0,0.0,0.0,0.0,0.0,0.0,0.0,0.00987,0.0108,0.0,0.0,0.00015,0.07704,0.00514,0.0,0.0,0.0,0.0,0.0,0.0037,0.0,0.0,0.01612,0.0,0.1375,0.0,0.0,0.00262,0.0,0.1173,0.0,0.0,0.03874,0.00034,0.0,0.0,0.0,0.0,0.00091,0.30108,0.0,0.0,0.0,0.0,0.0,0.0,0.0,0.0,0.0,0.0,0.0,0.0,0.0,0.44107999999999997,0.0052,0.0,0.0,0.0,0.00716,0.0,0.0,0.0,0.0,0.0,0.0,0.0,0.0,0.0,0.0,0.0,0.0,0.0,0.0,0.0,0.0,0.0,0.0,0.0,0.0,0.0,0.0,0.0,0.0,0.0,0.0,0.0,0.0,0.0,0.0,0.0,0.0,0.0,0.0,0.0,0.0,0.0,0.0,0.00389,0.0,0.0,0.0,0.0,0.0,0.0,0.0,0.0,0.0,0.0,0.0,0.0,0.0,0.0,0.0,0.0,0.0,0.0,0.0,0.0,0.0,0.0,0.0,0.0,0.0,0.0,0.0,0.0,0.0,0.0,0.0,0.0,0.0,0.0,0.0,0.0,0.0,0.0,0.0,0.0,0.0,0.0,0.0,0.0,0.0,0.0,0.0,0.0,0.0,0.0,0.0,0.0,0.0,0.0,0.0,0.0,0.0,0.0,0.0,0.0,0.0,0.0,0.0,0.0,0.0,0.0,0.0,0.0,0.0,0.0,0.0,0.0,0.0,0.0,0.0,0.0,0.0,0.0,0.0,0.0,0.0,0.0,0.0,0.0,0.0,0.0,0.0,0.0,0.0,0.0,0.0,0.0,0.0,0.0,0.0,0.0,0.0,0.0,0.0,0.0,0.0,0.0,0.0,0.0,0.0,0.0,0.0,0.0,0.0,0.0,0.0,0.0,0.0,0.0,0.0,0.0,0.0,0.0,0.0,0.0,0.0,0.0,0.0,0.0,0.0,0.0,0.0,0.0,0.0,0.0,0.0,0.0,0.0,0.0,0.0,0.0,0.0,0.0,0.0,0.0,0.0,0.0,0.0,0.0,0.0,0.0,0.0,0.0,0.0,0.0,0.0,0.0,0.0,0.0,0.0,0.0,0.0,0.0,0.0,0.0
CRR1090730,0,0.0,0.0,0.32391000000000003,0.0,0.15031,9.875309999999999,0.0,0.0,0.01842,11.387849999999998,0.0,0.04091,0.0,32.16956,0.55897,0.04265,0.0,0.86934,0.0,0.9829400000000001,0.77588,3.59991,2.1015200000000003,0.35438,0.13233,0.0,0.00129,0.67114,2.1434199999999994,0.0,0.03261,0.0,0.0,0.0,0.07478,0.043399999999999994,0.0,0.0,0.02924,0.0,0.0,0.0,0.04206000000000001,0.0,0.0,0.21386,0.0,0.31009000000000003,0.0,0.0,0.0,0.0,0.0,0.0,0.01345,0.0,0.0,0.0,0.0,0.0,0.0,0.0,0.0,0.0,0.0,0.0,0.0,0.0,0.0,0.0,0.0,0.00197,0.0,0.0,0.0,0.0,0.0,0.0,0.0,0.00357,0.0,0.0,2.20074,0.0,22.85857,0.05104,0.0,0.0,0.0,0.0,0.0,0.0,0.0,0.0,0.0,0.0,0.0,0.0203,0.00899,7.84027,0.03777,0.0,0.0,0.0,0.0,0.0,0.0,0.0,0.0,0.0,0.0,0.01728,0.0,0.0,0.0,0.0,0.0,0.0,0.0,0.0,0.0,0.0,0.0,0.0,0.0,0.0,0.0,0.0,0.0,0.0,0.0,0.0,0.0,0.0,0.0,0.0,0.0,0.0,0.0,0.0,0.0,0.0,0.0,0.0,0.0,0.0,0.0,0.0,0.0,0.0,0.0,0.0,0.0,0.0,0.0,0.0,0.0,0.0,0.0,0.0,0.0,0.0,0.0,0.0,0.0,0.0,0.0,0.0,0.0,0.0,0.0,0.0,0.0,0.0,0.0,0.0,0.0,0.0,0.0,0.0,0.0,0.0,0.0,0.0,0.0,0.0,0.0,0.0,0.0,0.0,0.0,0.0,0.0,0.0,0.0,0.0,0.0,0.0,0.0,0.0,0.0,0.0,0.0,0.0,0.0,0.0,0.0,0.0,0.0,0.0,0.0,0.0,0.0,0.0,0.0,0.0,0.0,0.0,0.0,0.0,0.0,0.0,0.0,0.0,0.0,0.0,0.0,0.0,0.0,0.0,0.0,0.0,0.0,0.0,0.0,0.0,0.0,0.0,0.0,0.0,0.0,0.0,0.0,0.0,0.0,0.0,0.0,0.0,0.0,0.0,0.0,0.0,0.0,0.0,0.0,0.0,0.0,0.0,0.0,0.0,0.0,0.0,0.0,0.0,0.0,0.0,0.0,0.0,0.0,0.0,0.0,0.0,0.0,0.0,0.0,0.0,0.0,0.0,0.0,0.0,0.0,0.0,0.0,0.0,0.0,0.0,0.0,0.0,0.0,0.0,0.0,0.0,0.0,0.0,0.0,0.0,0.0,0.0,0.0,0.0,0.0,0.0,0.0,0.0,0.0,0.0,0.0,0.0,0.0,0.0,0.0,0.0,0.0,0.0,0.0,0.0,0.0,0.0
CRR1090688,1,0.0,0.07515000000000001,64.17232,0.0,0.00024,0.12365,0.80562,0.0,0.04283,1.7667999999999997,0.0,0.022,0.00274,0.80167,0.10534,0.00446,0.0,0.0,18.80613,0.00743,0.0,0.02472,0.27313,0.67534,0.00341,0.0,0.0,0.0,2.24271,0.0,0.0,0.0,0.0,0.0,0.00154,0.0,0.0,0.0,0.0,0.0,0.01991,0.32448,0.0,0.0,0.0,0.0,0.0,1.67477,0.0,0.0,0.0,0.0,0.0,0.0,0.0,0.0,0.0,0.0,0.0,0.0,0.0,0.00782,0.0,0.0,0.0,0.0,0.0,0.0,0.0,0.0,0.0,8.01581,0.0,0.0,0.0,0.0,0.0,0.0,0.0,0.0,0.0,0.0,0.0,0.0,0.0,0.0,0.0,0.0,0.0,0.0,0.0,0.0,0.0,0.0,0.0,0.0,0.0,0.0,0.0,0.0,0.0,0.0,0.0,0.0,0.0,0.0,0.0,0.0,0.0,0.0,0.0,0.0,0.0,0.0,0.0,0.0,0.0,0.0,0.0,0.0,0.0,0.0,0.0,0.0,0.0,0.0,0.0,0.0,0.0,0.0,0.0,0.0,0.0,0.0,0.0,0.0,0.0,0.0,0.0,0.0,0.0,0.0,0.0,0.0,0.0,0.0,0.0,0.0,0.0,0.0,0.0,0.0,0.0,0.0,0.0,0.0,0.0,0.0,0.0,0.0,0.0,0.0,0.0,0.0,0.0,0.0,0.0,0.0,0.0,0.0,0.0,0.0,0.0,0.0,0.0,0.0,0.0,0.0,0.0,0.0,0.0,0.0,0.0,0.0,0.0,0.0,0.0,0.0,0.0,0.0,0.0,0.0,0.0,0.0,0.0,0.0,0.0,0.0,0.0,0.0,0.0,0.0,0.0,0.0,0.0,0.0,0.0,0.0,0.0,0.0,0.0,0.0,0.0,0.0,0.0,0.0,0.0,0.0,0.0,0.0,0.0,0.0,0.0,0.0,0.0,0.0,0.0,0.0,0.0,0.0,0.0,0.0,0.0,0.0,0.0,0.0,0.0,0.0,0.0,0.0,0.0,0.0,0.0,0.0,0.0,0.0,0.0,0.0,0.0,0.0,0.0,0.0,0.0,0.0,0.0,0.0,0.0,0.0,0.0,0.0,0.0,0.0,0.0,0.0,0.0,0.0,0.0,0.0,0.0,0.0,0.0,0.0,0.0,0.0,0.0,0.0,0.0,0.0,0.0,0.0,0.0,0.0,0.0,0.0,0.0,0.0,0.0,0.0,0.0,0.0,0.0,0.0,0.0,0.0,0.0,0.0,0.0,0.0,0.0,0.0,0.0,0.0,0.0,0.0,0.0,0.0,0.0,0.0,0.0,0.0,0.0,0.0,0.0,0.0,0.0,0.0,0.0,0.0
CRR1090683,1,0.00425,0.0,0.0,0.0,2.44815,64.21593,0.22268,0.0,2.65977,9.08139,0.0,2.35809,0.0,12.445670000000002,3.4510699999999996,0.26338,0.0,0.03024,0.0,0.037059999999999996,0.91303,0.0,0.00106,0.02172,1.5496400000000001,0.0,0.0,0.0,0.0,0.0,0.01005,0.0,0.0,0.0,0.0,0.0,0.0,0.0,0.0,0.0,0.0,0.0,0.0,0.0,0.0,0.0,0.0,0.01262,0.0,0.0,0.0,0.0,0.0,0.0,0.0,0.0,0.0,0.0,0.0,0.0,0.0,0.0,0.0,0.0,0.0,0.0,0.0,0.0,0.0,0.0,0.0,0.00148,0.0,0.0381,0.0,0.0,0.0,0.00527,0.0,0.0,0.0,0.0,0.05818,0.0,0.08293,0.02292,0.0,0.0,0.0,0.0,0.0,0.0,0.0,0.0,0.0,0.0,0.0,0.0,0.0,0.0,0.0,0.0,0.0,0.0,0.0,0.0,0.0,0.0,0.0,0.0,0.0,0.0,0.0,0.0,0.0,0.0,0.0,0.0,0.00816,0.0,0.0,0.0,0.0,0.0,0.0,0.0,0.0,0.0,0.0,0.0,0.0,0.05714,0.0,0.0,0.0,0.0,0.0,0.0,0.0,0.0,0.0,0.0,0.0,0.0,0.0,0.0,0.0,0.0,0.0,0.0,0.0,0.0,0.0,0.0,0.0,0.0,0.0,0.0,0.0,0.0,0.0,0.0,0.0,0.0,0.0,0.0,0.0,0.0,0.0,0.0,0.0,0.0,0.0,0.0,0.0,0.0,0.0,0.0,0.0,0.0,0.0,0.0,0.0,0.0,0.0,0.0,0.0,0.0,0.0,0.0,0.0,0.0,0.0,0.0,0.0,0.0,0.0,0.0,0.0,0.0,0.0,0.0,0.0,0.0,0.0,0.0,0.0,0.0,0.0,0.0,0.0,0.0,0.0,0.0,0.0,0.0,0.0,0.0,0.0,0.0,0.0,0.0,0.0,0.0,0.0,0.0,0.0,0.0,0.0,0.0,0.0,0.0,0.0,0.0,0.0,0.0,0.0,0.0,0.0,0.0,0.0,0.0,0.0,0.0,0.0,0.0,0.0,0.0,0.0,0.0,0.0,0.0,0.0,0.0,0.0,0.0,0.0,0.0,0.0,0.0,0.0,0.0,0.0,0.0,0.0,0.0,0.0,0.0,0.0,0.0,0.0,0.0,0.0,0.0,0.0,0.0,0.0,0.0,0.0,0.0,0.0,0.0,0.0,0.0,0.0,0.0,0.0,0.0,0.0,0.0,0.0,0.0,0.0,0.0,0.0,0.0,0.0,0.0,0.0,0.0,0.0,0.0,0.0,0.0,0.0,0.0,0.0,0.0,0.0,0.0,0.0,0.0,0.0,0.0,0.0,0.0,0.0,0.0
CRR1090697,1,0.0,1.78159,1.56946,0.0,0.30487,1.7478699999999998,7.99646,0.0,4.8596900000000005,10.78056,0.05868,0.30865000000000004,0.0,28.06116,1.0976,0.06317,0.08509,1.8921400000000002,0.10531,0.5745,1.0869700000000002,0.0039,16.4239,2.46628,0.26100999999999996,0.0,0.0,2.35417,3.24938,0.0,0.0,0.0,0.0051,0.0,0.14172,0.02718,0.0,0.03106,1.93651,0.0,0.0,1.53453,0.20947,0.0,0.0,0.00982,0.0,0.09941,0.12889,0.0,3.11626,0.0,0.0,0.0,0.0,0.0,0.0,0.0,0.0,0.0,0.0,0.0,0.0,0.0,0.0,0.0,0.0,0.0,0.12582,0.0,0.0,0.64705,0.01867,0.00999,0.0,0.00058,0.0,0.00859,0.0,0.01813,0.0,0.0,0.0,0.0,4.44323,0.0096,0.04641,0.0,0.0,0.0,0.0,0.0,0.0,0.0,0.0,0.0,0.21814999999999998,0.0,0.00131,0.0,0.07654,0.0,0.0,0.0,0.0,0.0,0.0,0.0,0.0,0.0,0.0,0.0,0.0,0.0,0.0,0.0,0.0,0.0,0.0,0.0,0.0,0.0,0.0,0.0,0.0,0.0,0.0,0.0,0.0,0.0,0.0,0.0,0.0,0.0,0.0,0.0,0.0,0.0,0.0,0.0,0.0,0.0,0.0,0.0,0.0,0.0,0.0,0.0,0.0,0.0,0.0,0.0,0.0,0.0,0.0,0.0,0.0,0.00355,0.0,0.0,0.0,0.0,0.0,0.0,0.0,0.0,0.0,0.0,0.0,0.0,0.0,0.0,0.0,0.0,0.0,0.0,0.0,0.0,0.0,0.0,0.0,0.0,0.0,0.0,0.0,0.0,0.0,0.0,0.0,0.0,0.0,0.0,0.0,0.0,0.0,0.0,0.0,0.0,0.0,0.0,0.0,0.0,0.0,0.0,0.0,0.0,0.0,0.0,0.0,0.0,0.0,0.0,0.0,0.0,0.0,0.0,0.0,0.0,0.0,0.0,0.0,0.0,0.0,0.0,0.0,0.0,0.0,0.0,0.0,0.0,0.0,0.0,0.0,0.0,0.0,0.0,0.0,0.0,0.0,0.0,0.0,0.0,0.0,0.0,0.0,0.0,0.0,0.0,0.0,0.0,0.0,0.0,0.0,0.0,0.0,0.0,0.0,0.0,0.0,0.0,0.0,0.0,0.0,0.0,0.0,0.0,0.0,0.0,0.0,0.0,0.0,0.0,0.0,0.0,0.0,0.0,0.0,0.0,0.0,0.0,0.0,0.0,0.0,0.0,0.0,0.0,0.0,0.0,0.0,0.0,0.0,0.0,0.0,0.0,0.0,0.0,0.0,0.0,0.0,0.0,0.0,0.0,0.0,0.0,0.0,0.0,0.0,0.0,0.0,0.0,0.0,0.0,0.0,0.0,0.0,0.0,0.0,0.0
CRR1090702,1,0.0,3.1630599999999998,0.0,0.00357,0.1782,7.17756,0.90458,0.0,1.3866299999999998,12.1787,0.07139999999999999,0.16815,0.0,22.58452999999999,3.055650000000001,0.07894999999999999,0.03285,0.25604,0.0,0.35424,1.31847,0.3289,0.26431,0.02423,1.24172,0.0,0.00113,0.01509,5.52447,0.0,0.0,0.0,0.0,0.03536,0.0,0.0,0.0,0.00034,0.0,0.03207,0.70318,12.46755,0.01982,0.0,0.00038,0.0,0.0,0.03016,0.01374,7.000900000000001,0.0,0.0,0.0,1.4405400000000002,0.0,0.0,0.01533,0.0,0.0,0.0,0.06105,0.0,0.0,0.00064,0.0,0.019020000000000002,0.00139,0.00588,0.01443,0.09104,0.0,0.16061999999999999,0.10474,0.0,0.08707,1.07456,0.0,0.00313,0.0,0.00424,0.02299,0.0,0.0194,0.0,4.08392,0.04621,0.05743,0.0,0.0,0.0,0.0,0.0,0.0,0.0,0.00137,0.0,0.00739,0.0,0.0,11.92335,0.0,0.01194,0.02247,0.0,0.0,0.0,0.0,0.0,0.0,0.0,0.0,0.0,0.0,0.0,0.0,0.0,0.0,0.0,0.0,0.0,0.0,0.0,0.0,0.0,0.0,0.0,0.0,0.0,0.0,0.0,0.0,0.0,0.01405,0.0,0.0,0.0,0.0,0.0,0.0069,0.00709,0.0,0.0,0.0,0.00435,0.0,0.0,0.0,0.0,0.0,0.0,0.0,0.00771,0.00662,0.0,0.00021,0.0,0.00373,0.0,0.0,0.0,0.0,0.0,0.00999,0.0,0.0,0.0,0.0,0.0,0.0,0.0,0.0,0.0,0.0,0.0,0.0,0.0,0.0,0.0,0.0,0.0,0.0,0.00245,0.0,0.00205,0.0,0.0,0.0,0.0,0.0,0.00283,0.0,0.0,0.0,0.0,0.0,0.0,0.001,0.0,0.0,0.0,0.0,0.0,0.0,0.0,0.0,0.00598,0.0,0.00957,0.0,0.0,0.0,0.0,0.0,0.0,0.0,0.0,0.0,0.0,0.0,0.0,0.0,0.0,0.0,0.0,0.0,0.0,0.0,0.0,0.0,0.0,0.0,0.00913,0.0,0.0,0.0,0.0,0.0,0.0,0.0,0.0,0.0,0.0,0.0,0.0,0.0,0.0,0.0,0.0,0.0,0.0,0.0,0.0,0.0,0.0,0.0,0.0,0.0,0.0,0.0,0.0,0.0078,0.00249,0.0,0.0,0.0,0.0,0.0,0.0,0.0,0.0,0.0,0.0,0.0,0.0,0.0,0.0,0.0,0.0,0.0,0.0,0.0,0.0,0.0,0.0,0.0,0.0,0.0,0.0,0.0,0.0,0.0,0.0,0.0,0.0,0.0,0.0,0.0,0.0,0.0,0.0,0.0,0.0,0.0,0.0,0.0,0.0,0.0,0.0,0.0,0.0,0.0,0.0,0.0,0.0,0.0,0.0,0.0,0.0
CRR1090671,1,0.04085,15.93208,0.09861,0.0,3.54956,28.23354000000001,0.0,0.0,0.83679,7.95299,0.40813,1.72125,0.0,22.820479999999993,1.0899199999999998,0.62552,0.09523999999999999,0.12277999999999999,0.0199,0.60473,0.3896300000000001,1.93492,0.47518999999999995,0.02864,0.06085,0.0,0.0,0.0,0.05352,0.0,0.0,0.0,0.0,0.0,0.0,0.09417,0.0,0.0,0.0,0.0,0.38738,0.0,0.06767,0.0,0.0,0.01091,0.0,9.32332,0.0,0.0,0.95755,0.0,0.0,0.0,0.0,0.0,0.0,0.0,0.0,0.0,0.0,0.0,0.0,0.0,0.0,0.42233,0.0,0.07347,0.0,0.0,0.0,0.008480000000000001,0.0,0.0022,0.0,0.0,0.0,0.0,0.0,0.01656,0.0,0.0,0.03459,0.0,1.3018,0.09968,0.0,0.0,0.0,0.09535,0.0,0.0,0.0,0.0,0.00096,0.0,0.0,0.0,0.0,0.00476,0.0,0.0,0.0,0.0,0.0,0.0,0.0,0.0,0.0,0.0,0.0,0.0,0.0,0.0,0.0,0.0,0.0,0.0,0.0,0.0,0.0,0.0,0.0,0.0,0.0,0.0,0.0,0.0,0.0,0.0,0.0,0.0,0.0,0.0,0.0,0.0,0.0,0.0,0.0,0.0,0.0,0.0,0.0,0.0,0.0,0.0,0.0,0.0,0.0,0.0,0.0,0.0,0.0,0.0,0.0,0.0,0.0,0.0,0.0,0.0,0.0,0.00338,0.0,0.0,0.0,0.0,0.0,0.0,0.0,0.0,0.0,0.0,0.0,0.0,0.0,0.0,0.0,0.0,0.0,0.0,0.0,0.0,0.0,0.0,0.0,0.0,0.00036,0.0,0.0,0.0,0.0,0.0,0.0,0.0,0.0,0.0,0.0,0.0,0.0,0.0,0.0,0.0,0.0,0.0,0.0,0.0,0.0,0.0,0.0,0.0,0.0,0.0,0.0,0.0,0.0,0.0,0.0,0.0,0.0,0.0,0.0,0.0,0.0,0.0,0.0,0.0,0.0,0.0,0.0,0.0,0.0,0.0,0.0,0.0,0.0,0.0,0.0,0.0,0.0,0.0,0.0,0.0,0.0,0.0,0.0,0.0,0.0,0.0,0.0,0.0,0.0,0.0,0.0,0.0,0.0,0.0,0.0,0.0,0.0,0.0,0.0,0.0,0.0,0.0,0.0,0.0,0.0,0.0,0.0,0.0,0.0,0.0,0.0,0.0,0.0,0.0,0.0,0.0,0.0,0.0,0.0,0.0,0.0,0.0,0.0,0.0,0.0,0.0,0.0,0.0,0.0,0.0,0.0,0.0,0.0,0.0,0.0,0.0,0.0,0.0,0.0,0.0,0.0,0.0,0.0,0.0,0.0,0.0,0.0,0.0,0.0,0.0,0.0,0.0,0.0,0.0,0.0,0.0
CRR1090693,1,1.33587,0.00223,0.00653,0.0,2.87777,25.38915,0.18049,0.0,1.11224,21.280709999999996,0.44802,3.91267,0.0,8.086219999999999,1.0248199999999998,0.16847,0.00095,0.24781999999999998,6.99808,0.35658,3.64236,0.12965,10.679080000000003,2.31063,0.8592000000000002,0.0,0.06859,0.00263,2.09615,0.0,0.00081,0.0,0.0,0.0,0.0,0.0,0.0,0.0,0.0,0.0,0.0,0.0,0.01907,0.0,0.0,0.01616,0.0,0.47573,0.0,0.0,0.0,0.0,0.0,0.0,0.00618,0.0,0.0,0.0,0.0,0.0,0.0,0.0,0.0,0.0,0.0,0.03896,0.0,0.00197,0.01536,0.0,0.0,2.6792899999999995,0.0,0.04398,0.0,0.0,0.0,0.0,0.0,0.00787,0.0,0.0,0.00126,0.0,3.35565,0.04029,0.01362,0.0,0.0,0.0,0.0,0.0,0.0,0.00568,0.0,0.0,0.055760000000000004,0.0,0.0,0.0,0.00541,0.0,0.0,0.0,0.0,0.0,0.0,0.0,0.0,0.0,0.0,0.0,0.0,0.0,0.0,0.0,0.0,0.0,0.0,0.0,0.0,0.0,0.0,0.0,0.0,0.0,0.0,0.0,0.0,0.0,0.0,0.0,0.0,0.0,0.0,0.0,0.0,0.0,0.0,0.0,0.0,0.0,0.0,0.0,0.0,0.0,0.0,0.0,0.0,0.0,0.0,0.0,0.0,0.0,0.0,0.0,0.0,0.0,0.0,0.0,0.0,0.0,0.0,0.0,0.0,0.0,0.0,0.0,0.0,0.0,0.0,0.0,0.0,0.0,0.0,0.0,0.0,0.0,0.0,0.0,0.0,0.0,0.0,0.0,0.0,0.0,0.0,0.0,0.0,0.0,0.0,0.0,0.0,0.0,0.0,0.0,0.0,0.0,0.0,0.0,0.0,0.0,0.0,0.0,0.0,0.0,0.0,0.0,0.0,0.0,0.0,0.0,0.0,0.0,0.0,0.0,0.0,0.0,0.0,0.0,0.0,0.0,0.0,0.0,0.0,0.0,0.0,0.0,0.0,0.0,0.0,0.0,0.0,0.0,0.0,0.0,0.0,0.0,0.0,0.0,0.0,0.0,0.0,0.0,0.0,0.0,0.0,0.0,0.0,0.0,0.0,0.0,0.0,0.0,0.0,0.0,0.0,0.0,0.0,0.0,0.0,0.0,0.0,0.0,0.0,0.0,0.0,0.0,0.0,0.0,0.0,0.0,0.0,0.0,0.0,0.0,0.0,0.0,0.0,0.0,0.0,0.0,0.0,0.0,0.0,0.0,0.0,0.0,0.0,0.0,0.0,0.0,0.0,0.0,0.0,0.0,0.0,0.0,0.0,0.0,0.0,0.0,0.0,0.0,0.0,0.0,0.0,0.0,0.0,0.0,0.0,0.0,0.0,0.0,0.0,0.0,0.0,0.0
CRR1012755,1,0.00273,0.16536,0.0838,0.0,0.047909999999999994,1.20291,2.67726,0.0,0.5661499999999999,43.44456,0.0151,0.16407,1.1955,21.72029,2.20047,0.00459,0.21388,1.6140999999999999,0.0189,4.06439,2.9589900000000005,0.0,0.40485,0.7418199999999999,0.9313899999999999,0.0,0.0187,2.07188,0.5843700000000001,0.0,0.09633,0.0,0.0,0.0,0.01953,0.43865,0.01872,0.20737,0.00627,0.19291,0.0,0.0385,0.41353999999999985,0.0,0.0,0.00791,0.00907,0.03261,0.0,0.0,0.0,0.0,0.0,0.0,0.25029999999999997,0.0,0.0,0.0,0.01026,0.0,0.04704,0.00275,0.0,0.0,0.0,0.03359,0.0,0.0,0.07349,0.0,0.0,0.00284,0.0,0.0,0.0,0.0,0.0,0.0,0.0,0.011770000000000001,0.0,0.0,0.0,0.0,0.0,0.0018,0.0,0.0,0.0,0.0,0.0,0.0,0.0,0.01182,0.01167,0.11428,0.01495,0.03813999999999999,0.05946,0.0,0.0,0.0,0.12625,0.0,0.45786,0.0,0.0,0.0,0.0,0.0,0.0,0.0,0.0,0.0,0.0,0.0,0.0,0.0,0.0,0.0,0.0,0.0,0.0,0.0,0.0,0.0,0.0,0.0,0.0,0.0,0.0,0.0,0.0,0.0,0.0,0.0,10.12888,0.0,0.0,0.0,0.0,0.0,0.0,0.0,0.0,0.0,0.0,0.0,0.0,0.0,0.0,0.0,0.0,0.0,0.0,0.0,0.0,0.0,0.0,0.0,0.0,0.0,0.0,0.0,0.0,0.0,0.0,0.0,0.0,0.0,0.0,0.0,0.0,0.0074,0.0,0.0,0.0,0.0,0.0,0.0,0.0,0.0,0.0,0.0,0.0,0.0,0.0,0.0,0.0,0.0,0.0,0.0,0.0,0.0,0.0,0.0,0.0,0.0,0.0,0.0,0.0,0.0,0.0,0.0,0.0,0.0,0.0,0.0,0.0,0.0,0.0,0.0,0.0,0.0,0.0,0.0,0.0,0.0,0.0,0.0,0.0,0.0,0.0,0.0,0.0,0.0,0.0,0.0,0.0,0.0,0.0,0.0,0.0,0.0,0.0,0.0,0.0,0.0,0.0,0.0,0.0,0.0,0.0,0.0,0.0,0.0,0.0,0.0,0.0,0.0,0.0,0.0,0.0,0.0,0.0,0.0,0.0,0.0,0.0,0.0,0.0,0.0,0.0,0.0,0.0,0.0,0.0,0.0,0.0,0.0,0.0,0.0,0.0,0.0,0.0,0.0,0.0,0.0,0.0,0.0,0.0,0.0,0.0,0.0,0.0,0.0,0.0,0.0,0.0,0.0,0.0,0.0,0.0,0.0,0.0,0.0,0.0,0.0,0.0,0.0,0.0,0.0,0.0,0.0,0.0,0.0,0.0,0.0,0.0,0.0,0.0,0.0,0.0,0.0,0.0,0.0,0.0,0.0
CRR1090737,0,0.0,0.03672,0.0,0.0,0.00539,1.5189,0.0,0.0,0.06035,4.94342,0.0,0.09993,0.0,88.35754,1.1217399999999997,0.0,0.0,0.0,0.00471,0.56254,0.63137,0.0,0.4662,0.14567000000000002,0.56776,0.0,0.0,0.1437,0.01263,0.0,0.0,0.0,0.0,0.0,0.0,0.00466,0.0,0.0,0.01813,0.0,0.0,0.0,0.03016,0.0,0.0,0.0,0.0,0.03419,0.0,0.0,0.99056,0.0,0.0,0.0,0.0,0.0,0.0,0.0,0.0,0.0,0.0,0.0,0.0,0.0,0.0,0.0,0.0,0.0,0.00807,0.0,0.0,0.0,0.0,0.0,0.0,0.0,0.0,0.0,0.0,0.0205,0.0,0.0,0.0,0.0,0.0,0.06073,0.0,0.0,0.0,0.13967,0.0,0.0,0.0,0.0,0.0,0.0,0.0,0.0,0.00134,0.0,0.01341,0.0,0.0,0.0,0.0,0.0,0.0,0.0,0.0,0.0,0.0,0.0,0.0,0.0,0.0,0.0,0.0,0.0,0.0,0.0,0.0,0.0,0.0,0.0,0.0,0.0,0.0,0.0,0.0,0.0,0.0,0.0,0.0,0.0,0.0,0.0,0.0,0.0,0.0,0.0,0.0,0.0,0.0,0.0,0.0,0.0,0.0,0.0,0.0,0.0,0.0,0.0,0.0,0.0,0.0,0.0,0.0,0.0,0.0,0.0,0.0,0.0,0.0,0.0,0.0,0.0,0.0,0.0,0.0,0.0,0.0,0.0,0.0,0.0,0.0,0.0,0.0,0.0,0.0,0.0,0.0,0.0,0.0,0.0,0.0,0.0,0.0,0.0,0.0,0.0,0.0,0.0,0.0,0.0,0.0,0.0,0.0,0.0,0.0,0.0,0.0,0.0,0.0,0.0,0.0,0.0,0.0,0.0,0.0,0.0,0.0,0.0,0.0,0.0,0.0,0.0,0.0,0.0,0.0,0.0,0.0,0.0,0.0,0.0,0.0,0.0,0.0,0.0,0.0,0.0,0.0,0.0,0.0,0.0,0.0,0.0,0.0,0.0,0.0,0.0,0.0,0.0,0.0,0.0,0.0,0.0,0.0,0.0,0.0,0.0,0.0,0.0,0.0,0.0,0.0,0.0,0.0,0.0,0.0,0.0,0.0,0.0,0.0,0.0,0.0,0.0,0.0,0.0,0.0,0.0,0.0,0.0,0.0,0.0,0.0,0.0,0.0,0.0,0.0,0.0,0.0,0.0,0.0,0.0,0.0,0.0,0.0,0.0,0.0,0.0,0.0,0.0,0.0,0.0,0.0,0.0,0.0,0.0,0.0,0.0,0.0,0.0,0.0,0.0,0.0,0.0,0.0,0.0,0.0,0.0,0.0,0.0,0.0,0.0,0.0,0.0,0.0,0.0
CRR1090657,1,0.0,0.0,0.0,0.0,2.90749,11.50176,0.32868,0.0,1.6249599999999997,20.143659999999993,0.0,0.0,0.0,10.891690000000002,1.18156,2.63745,0.13144,0.057139999999999996,0.01361,1.69361,0.15825,7.49929,0.20218000000000003,0.15434,2.10108,0.0,0.0,0.0,31.77723,0.0,0.15722,0.0,0.0,0.0,0.0,0.27653,0.00097,0.0,0.0,0.0,0.0,0.0,0.15134000000000003,0.0,0.0,0.00509,0.0,1.69577,0.00364,0.0,0.0,0.0,0.0,0.04248,0.0,0.0,0.0,0.0,0.0,0.2598,0.0,0.0,0.0,0.04121,0.0,0.00545,0.0,0.07552,0.03583,0.04798,0.0,0.11384,1.48037,0.03764,0.0,0.0,0.0,0.0,0.0,0.00893,0.0,0.0,0.12277,0.0,0.0,0.22736,0.0,0.0,0.0,0.11105,0.0,0.0,0.0,0.00394,0.0,0.0,0.0,0.02756,0.0,0.0,0.01111,0.0,0.0,0.0,0.0,0.0,0.0,0.0,0.0,0.0,0.0,0.0,0.0,0.0,0.0,0.0,0.0,0.0,0.0,0.0,0.0,0.0,0.0,0.0,0.0,0.0,0.0,0.0,0.0,0.00845,0.0,0.0,0.0,0.0,0.0,0.0,0.0,0.0,0.0,0.0,0.0,0.0,0.0,0.0,0.0,0.0,0.0,0.0,0.0,0.0,0.0,0.0,0.0,0.0,0.0,0.0,0.0,0.0,0.0,0.0,0.0,0.0,0.0,0.04082,0.0,0.0,0.0,0.0,0.0,0.0,0.0,0.0,0.0,0.0,0.0,0.0,0.0,0.0,0.0,0.0,0.0,0.0,0.0,0.0,0.0,0.0,0.0,0.0,0.0,0.0,0.0,0.0,0.0,0.0,0.0,0.0,0.00162,0.0,0.0,0.0,0.0,0.0,0.0,0.0,0.0,0.0,0.0,0.0,0.0,0.0,0.0,0.0,0.0,0.0,0.0,0.0,0.0,0.0,0.0,0.0,0.0,0.0,0.0,0.0,0.0,0.00023,0.0,0.0,0.0,0.0,0.0,0.0,0.0,0.0,0.0,0.0,0.0,0.0,0.0,0.0,0.0,0.0,0.0,0.0,0.0,0.0,0.0,0.0,0.0,0.0,0.0,0.0,0.0,0.0,0.0,0.0,0.0,0.0,0.0,0.0,0.0,0.0,0.0,0.0,0.0,0.0,0.0,0.0,0.0,0.0,0.0,0.0,0.0,0.0,0.0,0.0,0.0,0.0,0.0,0.0,0.0,0.0,0.0,0.0,0.0,0.0,0.0,0.0,0.0,0.0,0.0,0.0,0.0,0.0,0.0,0.0,0.0,0.0,0.0,0.0,0.0,0.0,0.0,0.0,0.0,0.0,0.0,0.0,0.0,0.0,0.0,0.0,0.0,0.0,0.0,0.0,0.0,0.0
CRR1090664,1,0.0,16.22867,1.10694,0.0,3.10926,23.47499,0.0,0.0,0.9875400000000001,12.865800000000002,0.19945,3.71627,0.0,4.43931,0.18928,1.34848,0.13602,0.09891,0.0,0.18758999999999998,0.03191,2.54082,0.03137,0.01836,1.70539,0.0,0.00179,0.02946,1.2797800000000001,0.00857,0.00761,0.02135,0.0,0.0,0.0,0.02276,0.0,0.04012,0.00849,0.0,0.0,0.14726,0.00476,0.0,0.00265,0.0,0.0,0.08714999999999999,0.0,0.0,0.0,0.0,0.0,3.33344,0.0,0.0,0.0,0.0,0.0,0.11247,0.0,0.0,0.0,0.04205,0.0,0.04811,0.0,0.05633,0.0,0.03924,0.0,0.066,1.38708,0.01613,0.0,0.0,0.0,0.0,0.0,0.0,0.0,0.0,0.08845,0.0,0.51849,0.0,0.49378,0.12273,0.0,0.0,0.0,0.0,0.0,0.0,0.00145,0.0,0.0,0.01811,0.0,19.4916,0.0,0.0,0.0,0.0,0.0,0.0,0.0,0.0,0.0,0.0,0.0,0.0,0.0,0.0,0.0,0.0,0.0,0.0,0.0,0.0,0.0,0.0,0.0,0.01436,0.0,0.01125,0.0,0.0,0.0,0.0,0.0,0.0,0.0,0.0,0.0,0.0,0.0,0.0,0.0,0.0,0.0,0.0,0.0,0.0,0.0,0.0,0.0,0.0,0.0,0.0,0.0,0.0,0.0,0.0,0.0,0.0,0.0,0.0,0.0,0.00029,0.0,0.0,0.0,0.0,0.0,0.0,0.0,0.0,0.0,0.0,0.0,0.0,0.0,0.01017,0.0,0.0,0.0,0.0,0.0,0.0,0.0,0.0,0.0,0.0,0.0,0.0,0.0,0.0,0.0,0.0,0.0,0.0,0.0,0.0,0.0,0.0,0.0,0.0,0.0,0.0,0.0,0.0,0.0,0.0,0.0,0.0,0.0,0.0,0.0,0.0,0.0,0.0,0.0,0.0,0.0,0.0,0.0,0.0,0.0,0.0,0.0,0.0,0.0,0.0,0.0,0.0,0.0,0.0,0.0,0.0,0.0,0.0,0.0,0.0,0.0,0.0,0.0,0.0,0.0,0.0,0.05029,0.0,0.0,0.0,0.0,0.0,0.0,0.0,0.0,0.0,0.0,0.0,0.0,0.0,0.0,0.0,0.0,0.0,0.0,0.0,0.0,0.0,0.0,0.0,0.0,0.0,0.0,0.0,0.0,0.0,0.0,0.0,0.0,0.0,0.0,0.0,0.0,0.0,0.0,0.0,0.0,0.0,0.0,0.0,0.0,0.0,0.0,0.0,0.0,0.0,0.0,0.0,0.0,0.0,0.0,0.0,0.0,0.0,0.0,0.0,0.0,0.0,0.0,0.0,0.0,0.0,0.0,0.0,0.0,0.0,0.0,0.0,0.0,0.0,0.0,0.0,0.0,0.0
CRR1090655,1,0.00233,15.63272,2.70122,0.02068,1.2777900000000002,4.140289999999999,0.46482,0.0,2.142,14.393999999999993,0.28474,0.71829,0.0,5.70986,1.2174600000000002,0.49804000000000004,0.0027,0.03264,0.17193,0.32181,0.05663000000000001,0.33137,0.0,0.05856,11.69235,0.0,0.0,0.01246,0.10683000000000001,0.0,0.0,0.01932,0.0,0.0,0.0,0.01829,0.0,0.00244,0.02717,0.0,1.38058,0.0,0.01376,0.0,0.0,0.00254,0.0,0.096,0.01268,0.32468,1.9322,0.2816,0.19697,0.77765,0.03034,0.03062,0.58577,0.00035,0.0,0.08673,0.01033,0.00559,0.00358,0.04061,0.00903,0.02285,0.02786,0.01929,0.0,0.01385,0.0,5.42018,2.79759,0.00539,0.00747,0.02465,0.10589,0.0,0.07281,0.0,0.0,0.0,0.0,0.0,0.0,0.0,0.03941,0.0,0.0,0.00069,0.64681,0.0,0.0,0.00231,0.00022,0.0,0.0,5e-05,0.0,13.84553,0.00035,0.00253,0.49944999999999995,0.00342,0.05007,0.0,0.00887,0.01016,0.0,0.06568,0.0,0.23551,0.0,3.8305599999999997,0.0,0.00121,0.00344,0.0,0.0,0.0,0.0,0.0,0.0,0.0,0.00291,0.01352,0.0,0.0,0.03486,0.00014,0.0,0.0,0.35821,0.0,1.73457,0.0,0.20689,0.00083,0.04203,0.0,0.0,0.0033,0.11878,0.12012,0.0,0.0,0.00442,0.0,0.0,0.21808,0.00754,0.0,0.00139,0.01102,0.14056,0.0,0.0,0.0,0.0,0.0,0.0,0.0,0.13851,0.0,0.0,0.0,0.0,0.0,0.0,0.0,0.0,0.01297,0.00013,0.0,0.0,0.0,0.16987,0.0,0.0,0.0,0.0487,0.0,0.0,0.00415,0.0,0.0,0.0,0.0,0.0,0.0066,0.0,0.0,0.0,0.0,0.0,0.0,0.00348,0.0,0.0,0.0,0.0,0.0,0.0,0.0,0.11216,0.0,0.0,0.0017,0.0,0.0,0.0,0.0,0.0,0.0,0.0,0.0,0.0,0.0,0.0,0.0,0.0,0.0,0.0,0.0,0.0,0.0,0.0,0.0,0.0,0.0,0.0,0.0,0.0,0.0,0.00641,0.0,0.27831,0.0,0.0,0.0,0.0,0.0,0.0,0.0,0.00459,0.0,0.0,0.00076,0.02888,0.0,0.01721,0.0,0.0,0.0,0.0,0.0,0.03435,0.0,0.00138,0.0,0.0,0.0,0.31512,0.05209,0.05161,0.01896,0.01328,0.00858,0.00622,0.00033,0.0,0.0,0.0,0.0,0.0,0.0,0.0,0.0,0.0,0.0,0.0,0.0,0.0,0.0,0.0,0.0,0.0,0.0,0.0,0.0,0.0,0.0,0.0,0.0,0.0,0.0,0.0,0.0,0.0,0.0,0.0,0.0,0.0,0.0,0.0,0.0,0.0,0.0,0.0,0.0,0.0,0.0,0.0,0.0,0.0,0.0,0.0,0.0
CRR1090621,1,0.02641,1.63123,0.16756000000000001,0.00691,10.05653,36.198969999999996,0.34202,0.0,1.16149,10.370499999999998,2.1437,0.94554,0.0,15.460320000000003,1.6991099999999997,0.34817,0.0717,0.269,0.00205,1.56347,4.25673,0.0,0.6659999999999999,1.5538,0.048799999999999996,0.0,0.0,0.051930000000000004,4.683109999999999,0.0,0.0,0.0,0.0,0.0,0.04331,0.00066,0.0,0.0,0.0,0.0,4.5983,0.0,0.00028,0.0,0.0,0.0,0.0,0.6085,0.06076,0.0,0.0,0.0,0.0,0.0,0.01298,0.0,0.0,0.0,0.0,0.0,0.0,0.00472,0.0,0.0,0.0,0.0,0.0,0.0,0.01952,0.01018,0.0,0.04119,0.0,0.0,0.0,0.0,0.0,0.0,0.0,0.0,0.0,0.0,0.0,0.0,0.0,0.14204,0.0,0.0,0.0,0.0,0.0,0.0,0.0,0.0,0.00822,0.0,0.6200100000000001,0.0,0.0,0.02929,0.0,0.0,0.0,0.0,0.0,0.0,0.0,0.0,0.0,0.0,0.0,0.0,0.0,0.0,0.0,0.0,0.0,0.0,0.0,0.0,0.0,0.0,0.0,0.0,0.0,0.0,0.0,0.0,0.0,0.0,0.0,0.0,0.0,0.0,0.0,0.0,0.0,0.0,0.0,0.0,0.0,0.0,0.0,0.0,0.0,0.0,0.0,0.0,0.0,0.0,0.0,0.0,0.0,0.0,0.0,0.0,0.0,0.008150000000000001,0.0,0.0,0.0,0.0,0.0,0.0,0.0,0.0,0.0,0.0,0.0,0.0,0.0,0.0,0.0,0.0,0.0,0.0,0.0,0.0,0.0,0.0,0.0,0.0,0.0,0.0,0.0,0.0,0.0,0.0,0.0,0.0,0.0,0.0,0.0,0.0,0.0,0.0,0.0,0.0,0.0,0.0,0.0,0.0,0.0,0.0,0.0,0.0,0.0,0.0,0.0,0.0,0.0,0.0,0.0,0.0,0.0,0.0,0.0,0.0,0.0,0.00057,0.0,0.0,0.0,0.0,0.0,0.0,0.0,0.0,0.0,0.0,0.0,0.0,0.05564,0.0,0.0,0.0,0.0,0.0,0.0,0.0,0.0,0.0,0.0,0.0,0.0,0.0,0.0,0.0,0.0,0.0,0.0,0.0,0.0,0.0,0.0,0.0,0.0,0.0,0.0,0.0,0.0,0.0,0.0,0.0,0.0,0.0,0.0,0.0,0.0,0.0,0.01063,0.0,0.0,0.0,0.0,0.0,0.0,0.0,0.0,0.0,0.0,0.0,0.0,0.0,0.0,0.0,0.0,0.0,0.0,0.0,0.0,0.0,0.0,0.0,0.0,0.0,0.0,0.0,0.0,0.0,0.0,0.0,0.0,0.0,0.0,0.0,0.0,0.0,0.0,0.0,0.0,0.0,0.0,0.0,0.0,0.0,0.0,0.0
CRR1090694,1,0.0,10.87123,0.0,0.00139,0.15500000000000003,11.90314,0.43581,0.0,2.3905600000000002,10.455229999999995,0.11263000000000001,0.59843,0.0,8.8432,0.50456,1.8498299999999999,0.19617,0.07271,0.0,0.43742,0.08750999999999999,2.20206,0.00228,0.034390000000000004,0.6664499999999999,0.0,0.0,0.00169,2.79458,0.0,0.00663,0.0,0.0,0.0,0.0,0.01349,0.00269,0.0,0.0,0.0,0.03308,0.14618,0.00807,0.0,0.0,0.0,0.0,0.037540000000000004,0.23088,0.11205,0.0,0.0,0.0,0.9809399999999999,0.0,0.0,0.0,0.0,0.0,0.22673,0.0,0.0,0.0,0.00367,0.0,0.0,0.0,0.14096,0.02569,0.0,0.0,0.01531,4.54238,0.0746,0.09441,0.0,0.0,0.00837,0.0,0.0,0.02111,0.0,0.10554,0.0,20.0046,0.17548,0.0,0.0,0.0,0.02024,0.0,0.0,0.0,0.0,0.0017,0.0,0.0,0.0,0.0,17.9818,0.04004,0.0,0.00281,0.0,0.0,0.0,0.0,0.0,0.0,0.0,0.0,0.0,0.0,0.0,0.0,0.0,0.0,0.0,0.0,0.0,0.0,0.0,0.0,0.0,0.0,0.0,0.0,0.0,0.0,0.0,0.0,0.00023,0.27634,0.0,0.0,0.0,0.0,0.0,0.0,0.0231,0.0,0.0,0.0,0.0,0.0,0.0,0.0,0.0,0.0,0.0,0.0,0.0,0.0,0.0,0.0,0.0,0.0,0.0,0.0,0.0,0.0,0.0,0.0,0.0,0.01073,0.0,0.0,0.0,0.0,0.0,0.0,0.0,0.0,0.0,0.0,0.0,0.0,0.0,0.0,0.0,0.0,0.0,0.0,0.0,0.0,0.0,0.0,0.0,0.0,0.0,0.0,0.0,0.0,0.0,0.0,0.0,0.00168,0.0,0.0,0.0,0.0,0.0,0.0,0.0,0.0,0.0,0.0,0.0,0.0,0.0,0.0,0.0,0.0,0.0,0.01467,0.0,0.0,0.0,0.0,0.0,0.0,0.0,0.0,0.0,0.0,0.0,0.0,0.0,0.0,0.0,0.0,0.0,0.0,0.0,0.0,0.0,0.0,0.0,0.0,0.0,0.0,0.0,0.0,0.0,0.0,0.0,0.0,0.0,0.0,0.0,0.0,0.0,0.0,0.0,0.0,0.0,0.0,0.0,0.0,0.0,0.0,0.0,0.0,0.0,0.0,0.0,0.0,0.0,0.0,0.0,0.0,0.0,0.0,0.0,0.0,0.0,0.0,0.0,0.0,0.0,0.0,0.0,0.0,0.0,0.0,0.0,0.0,0.0,0.0,0.0,0.0,0.0,0.0,0.0,0.0,0.0,0.0,0.0,0.0,0.0,0.0,0.0,0.0,0.0,0.0,0.0,0.0,0.0,0.0,0.0,0.0,0.0,0.0,0.0,0.0,0.0,0.0,0.0
CRR1090785,1,0.0,6.884720000000001,0.0,0.0,1.67188,13.20848,0.068,0.0,13.300460000000001,10.949509999999997,0.12567,0.0,0.0,27.765619999999995,0.55589,0.0,0.0,0.0,0.43728,0.12597,1.05126,0.0,4.24333,0.53818,0.5136499999999999,0.0,0.00663,0.31561,5.8721499999999995,0.0,0.13207,0.0,0.0,0.0,0.02327,0.10622000000000001,0.0,0.0,2.9055500000000003,0.0,2.21457,0.00063,0.01232,0.0,0.0,0.0,0.00443,0.0,0.0,0.0,0.0,0.0,0.0,0.0,0.0,0.0,0.0,0.0,0.0,0.0,0.0,0.0,0.0,0.0,0.0,0.00116,0.0,0.0,0.17101,0.0,0.0,4.65795,0.0,0.24852,0.0,0.64062,0.0,0.0,0.0,0.00731,0.0,0.0,0.02107,0.0,0.0,0.15702,0.0,0.0,0.0,0.0,0.0,0.0,0.0,0.0,0.0,0.0,0.0,0.00534,0.00903,0.0,0.06599000000000001,0.0,0.0,0.0,0.0,0.0,0.0,0.0,0.0,0.0,0.0,0.0,0.0,0.0,0.0,0.0,0.0,0.0,0.0,0.0,0.0,0.0,0.0,0.0,0.0,0.0,0.0,0.0,0.15381999999999998,0.0,0.0,0.0,0.0,0.0,0.0,0.0,0.0,0.0,0.0,0.0,0.0,0.0,0.0,0.0,0.0,0.0,0.0,0.0,0.0,0.0,0.0,0.0,0.0,0.0,0.0,0.0,0.0,0.0,0.0,0.0,0.0,0.0,0.0,0.0,0.0,0.0,0.0,0.0,0.0,0.0,0.0,0.0,0.0,0.0,0.0,0.0,0.0,0.0,0.0,0.0,0.0,0.0,0.0,0.0,0.0,0.0,0.0,0.0,0.0,0.0,0.0,0.0,0.0,0.0,0.0,0.0,0.0,0.0,0.0,0.0,0.0,0.0,0.0,0.00329,0.0,0.04797,0.0,0.0,0.0,0.0,0.0,0.0,0.0,0.0,0.0,0.0,0.0,0.0,0.0,0.0,0.0,0.0,0.0,0.0,0.0,0.0,0.0,0.0,0.0,0.0,0.0,0.0,0.0,0.0,0.0,0.0,0.0,0.0,0.0,0.0,0.0,0.0,0.0,0.0,0.0,0.0,0.0,0.0,0.0,0.0,0.0,0.0,0.0,0.0,0.0,0.0,0.0,0.0,0.0,0.0,0.0,0.0,0.0,0.0,0.0,0.0,0.0,0.0,0.0,0.0,0.0,0.47778,0.10613,0.05566,0.0432,0.04601,0.03148,0.00584,0.00513,0.00347,0.00131,0.00032,0.00012,0.0,0.0,0.0,0.0,0.0,0.0,0.0,0.0,0.0,0.0,0.0,0.0,0.0,0.0,0.0,0.0,0.0,0.0,0.0,0.0,0.0,0.0,0.0,0.0,0.0,0.0,0.0,0.0,0.0,0.0,0.0,0.0,0.0,0.0,0.0
CRR1090832,1,0.00145,0.59285,0.023850000000000003,0.01901,0.07559,1.7573,0.31545,0.0,7.25152,28.26619,0.0088,0.0,0.0,13.916669999999998,5.887269999999999,0.84921,0.0,0.040709999999999996,1.92978,0.49635999999999997,0.22427000000000002,17.912,0.19447,0.69463,0.8050400000000001,0.0,0.0,0.19007000000000002,10.00266,0.0,0.0266,0.0,0.00246,0.0,0.0,0.03805,0.00681,0.0,0.0,0.0,0.0,0.0,0.06810000000000001,0.0,0.0,0.019909999999999997,0.00377,2.72701,0.0,0.0,0.00251,0.0,0.0,0.0,0.00419,0.0,0.0,0.0,0.0,0.0,0.0,0.0,0.0,0.0,0.0,0.0,0.0,0.0,0.0,0.0,0.0,0.9108599999999999,0.0,0.0,0.0,0.0,0.0,0.0,0.0,0.00373,0.0,0.0,0.0,0.0,0.0,0.02124,0.0,0.0,0.0,4.68366,0.0,0.0,0.0,0.0,0.0,0.0,0.0,0.00217,0.0037199999999999998,0.0,0.00369,0.0,0.0,0.0,0.0,0.0,0.0,0.0,0.0,0.0,0.0,0.0,0.0,0.0,0.0,0.0,0.0,0.0,0.0,0.0,0.0,0.0,0.0,0.0,0.0,0.0,0.0,0.0,0.0,0.0,0.0,0.0,0.0,0.0,0.0,0.0,0.0,0.0,0.0,0.0,0.0,0.0,0.0,0.0,0.0,0.0,0.0,0.0,0.0,0.0,0.0,0.0,0.0,0.0,0.0,0.0,0.0,0.006670000000000001,0.0,0.0,0.0,0.0,0.0,0.0,0.0,0.0,0.0,0.0,0.0,0.0,0.00099,0.0,0.0,0.00103,0.0,0.0,0.0,0.0,0.0,0.0,0.0,0.0,0.0,0.0,0.0,0.0,0.0,0.0,0.0,0.0,0.0,0.0,0.0,0.0,0.0,0.0,0.0,0.0,0.0,0.0,0.0,0.0,0.0,0.0,0.0,0.0,0.0,0.0,0.0,0.0,0.0,0.0,0.0,0.0,0.0,0.0,0.0,0.0,0.0,0.0,0.0,0.0,0.0,0.0,0.0,0.0,0.0,0.0,0.0,0.0,0.0,0.0,0.0,0.0077,0.0,0.0,0.0,0.0,0.0,0.0,0.0,0.0,0.0,0.0,0.0,0.0,0.0,0.0,0.0,0.0,0.0,0.0,0.0,0.0,0.0,0.0,0.0,0.0,0.0,0.0,0.0,0.0,0.0,0.0,0.0,0.0,0.0,0.0,0.0,0.0,0.0,0.0,0.0,0.0,0.0,0.0,0.0,0.0,0.0,0.0,0.0,0.0,0.0,0.0,0.0,0.0,0.0,0.0,0.0,0.0,0.0,0.0,0.0,0.0,0.0,0.0,0.0,0.0,0.0,0.0,0.0,0.0,0.0,0.0,0.0,0.0,0.0,0.0,0.0,0.0,0.0,0.0,0.0,0.0,0.0,0.0,0.0,0.0
CRR1090760,1,0.0,0.0,0.0,0.0,0.0,1.1936099999999998,0.0,0.0,3.40869,6.6727099999999995,0.0,0.0,0.0,7.44231,0.031979999999999995,0.0,0.0,0.00239,3.20756,0.43927,2.0564299999999998,0.0,6.52423,6.07341,0.0,0.0,0.0,0.012039999999999999,57.51618,0.0,0.0,0.0,0.0,0.0,0.0,0.0633,0.0,0.0,2.82034,0.0,0.0,0.0,0.19676,0.0,0.0,0.01354,0.0,0.05204,0.0,0.0,0.0,0.0,0.0,0.0,0.0,0.0,0.0,0.0,0.0,0.0,0.0,0.0,0.0,0.0,0.0,0.0,0.0,0.0,0.0,0.0,0.0,2.02264,0.0,0.0,0.0,0.0,0.0,0.0,0.0,0.06779,0.0,0.0,0.0,0.0,0.0,0.06487,0.0,0.0,0.0,0.0,0.0,0.0,0.0,0.0,0.0,0.0,0.0,0.0,0.00316,0.0,0.11475,0.0,0.0,0.0,0.0,0.0,0.0,0.0,0.0,0.0,0.0,0.0,0.0,0.0,0.0,0.0,0.0,0.0,0.0,0.0,0.0,0.0,0.0,0.0,0.0,0.0,0.0,0.0,0.0,0.0,0.0,0.0,0.0,0.0,0.0,0.0,0.0,0.0,0.0,0.0,0.0,0.0,0.0,0.0,0.0,0.0,0.0,0.0,0.0,0.0,0.0,0.0,0.0,0.0,0.0,0.0,0.0,0.0,0.0,0.0,0.0,0.0,0.0,0.0,0.0,0.0,0.0,0.0,0.0,0.0,0.0,0.0,0.0,0.0,0.0,0.0,0.0,0.0,0.0,0.0,0.0,0.0,0.0,0.0,0.0,0.0,0.0,0.0,0.0,0.0,0.0,0.0,0.0,0.0,0.0,0.0,0.0,0.0,0.0,0.0,0.0,0.0,0.0,0.0,0.0,0.0,0.0,0.0,0.0,0.0,0.0,0.0,0.0,0.0,0.0,0.0,0.0,0.0,0.0,0.0,0.0,0.0,0.0,0.0,0.0,0.0,0.0,0.0,0.0,0.0,0.0,0.0,0.0,0.0,0.0,0.0,0.0,0.0,0.0,0.0,0.0,0.0,0.0,0.0,0.0,0.0,0.0,0.0,0.0,0.0,0.0,0.0,0.0,0.0,0.0,0.0,0.0,0.0,0.0,0.0,0.0,0.0,0.0,0.0,0.0,0.0,0.0,0.0,0.0,0.0,0.0,0.0,0.0,0.0,0.0,0.0,0.0,0.0,0.0,0.0,0.0,0.0,0.0,0.0,0.0,0.0,0.0,0.0,0.0,0.0,0.0,0.0,0.0,0.0,0.0,0.0,0.0,0.0,0.0,0.0,0.0,0.0,0.0,0.0,0.0,0.0,0.0,0.0,0.0,0.0,0.0,0.0,0.0,0.0,0.0,0.0,0.0,0.0
CRR1090806,1,0.00014,0.94666,0.91247,0.0,0.043089999999999996,4.577719999999999,0.00498,0.0,4.7593000000000005,21.839030000000008,0.04607,3.71475,0.0,42.53558,6.31628,0.18917,0.008669999999999999,0.00258,0.0,0.43370000000000003,0.35234,2.1462,0.28035999999999994,0.11728000000000001,4.24972,0.0,0.0,0.00241,0.00221,0.0,0.02845,0.0,0.0,0.0,0.0,0.08283,0.00143,0.03621,0.14476,0.0,0.11966,0.0,0.01453,0.0,0.0,0.0,0.0,0.4212,0.0,0.0,3.19229,0.0,0.0,0.0,0.0,0.0,0.0518,0.0,0.0,0.0,0.0,0.0,0.0,0.0,0.0,0.01904,0.0,0.02777,0.04341,0.0,0.0,0.03762,1.16203,0.14912,0.0,0.0,0.0,0.0,0.0,0.0079,0.0,0.0,0.00625,0.0,0.4085,0.51023,0.0,0.0,0.0,0.0,0.0,0.0,0.0,0.00022,0.0,0.0,0.01055,0.01501,0.00419,0.02045,0.00206,0.0,0.00014,0.0,0.0,0.0,0.0,0.0,0.0,0.0,0.0,0.0,0.0,0.0,0.0,0.0,0.0,0.0,0.0,0.0,0.0,0.0,0.0,0.0,0.0,0.0,0.0,0.0,0.0,0.0,0.0,0.0,0.0,0.0,0.0,0.0,0.0,0.0,0.0,0.0,0.0,0.0,0.0,0.0,0.0,0.0,0.0,0.0,0.0,0.0,0.0,0.0,0.0,0.0,0.0,0.0,0.0,0.0,0.0,0.0,0.0,0.0,0.0,0.0,0.0,0.0,0.0,0.0,0.0,0.0,0.0,0.0,0.0,0.00166,0.0,0.0,0.0,0.0,0.0,0.0,0.0,0.0,0.0,0.0,0.0,0.0,0.0,0.0,0.0,0.0,0.0,0.0,0.0,0.0,0.0,0.0,0.0,0.0,0.0,0.0,0.0,0.0,0.0,0.0,0.0,0.0,0.0,0.0,0.0,0.0,0.0,0.0,0.0,0.0,0.0,0.0,0.0,0.0,0.0,0.0,0.0,0.0,0.0,0.0,0.0,0.0,0.0,0.0,0.0,0.0,0.0,0.0,0.0,0.0,0.0,0.0,0.0,0.0,0.0,0.0,0.0,0.0,0.0,0.0,0.0,0.0,0.0,0.0,0.0,0.0,0.0,0.0,0.0,0.0,0.0,0.0,0.0,0.0,0.0,0.0,0.0,0.0,0.0,0.0,0.0,0.0,0.0,0.0,0.0,0.0,0.0,0.0,0.0,0.0,0.0,0.0,0.0,0.0,0.0,0.0,0.0,0.0,0.0,0.0,0.0,0.0,0.0,0.0,0.0,0.0,0.0,0.0,0.0,0.0,0.0,0.0,0.0,0.0,0.0,0.0,0.0,0.0,0.0,0.0,0.0,0.0,0.0,0.0,0.0,0.0,0.0,0.0,0.0,0.0,0.0,0.0,0.0,0.0
CRR1090818,1,0.0,0.0,5.30204,0.0,0.14862,3.01463,1.0574400000000002,0.0,0.05319,5.3378000000000005,0.05286,4.21894,0.0,54.246960000000016,2.04332,0.10598,0.0,0.21559999999999999,0.047450000000000006,0.64434,4.274830000000001,0.0,5.366949999999999,0.26364,5.827859999999999,0.0,0.0151,0.06838,1.03803,0.0,0.04927,0.0,0.0,0.0,0.0,0.15242,0.0,0.0,0.00976,0.0,0.0,0.0,0.34364999999999996,0.0,0.0,0.0051,0.0,0.42738,0.0,0.0,0.0,0.0,0.0,0.0,0.0,0.0,0.0,0.0,0.0,0.0,0.0,0.00385,0.0,0.0,0.0,0.0,0.0,0.0,0.0232,0.0,0.0,0.63648,0.0,0.03181,0.0,0.0,0.0,0.0,0.0,0.30117,0.0,0.0,0.0,0.0,2.67184,0.2089,0.0,0.0,0.0,1.39445,0.0,0.0,0.0,0.0026899999999999997,0.00065,0.0,0.2347,0.0,0.03379,0.0,0.09745,0.0,0.0,0.0,0.0,0.0,0.0,0.0,0.0,0.0,0.0,0.0,0.0,0.0,0.0,0.0,0.0,0.0,0.0,0.0,0.0,0.0,0.0,0.0,0.0,0.0,0.0,0.0,0.0,0.0,0.0,0.0,0.0,0.0,0.0,0.0,0.0,0.0,0.0,0.0,0.0,0.0,0.0,0.0,0.0,0.0,0.0,0.0,0.0,0.0,0.0,0.0,0.0,0.0,0.0,0.0,0.0,0.0,0.0,0.02206,0.0,0.0,0.0,0.0,0.0,0.0,0.0,0.0,0.0,0.0,0.0,0.0,0.0,0.0,0.0,0.0,0.0,0.0,0.0,0.0,0.0,0.0,0.0,0.0,0.0,0.0,0.0,0.0,0.0,0.0,0.0,0.0,0.0,0.0,0.0,0.0,0.0,0.0,0.0,0.0,0.0,0.0,0.0,0.00543,0.0,0.0,0.0,0.0,0.0,0.0,0.0,0.0,0.0,0.0,0.0,0.0,0.0,0.0,0.0,0.0,0.0,0.0,0.0,0.0,0.0,0.0,0.0,0.0,0.0,0.0,0.0,0.0,0.0,0.0,0.0,0.0,0.0,0.0,0.0,0.0,0.0,0.0,0.0,0.0,0.0,0.0,0.0,0.0,0.0,0.0,0.0,0.0,0.0,0.0,0.0,0.0,0.0,0.0,0.0,0.0,0.0,0.0,0.0,0.0,0.0,0.0,0.0,0.0,0.0,0.0,0.0,0.0,0.0,0.0,0.0,0.0,0.0,0.0,0.0,0.0,0.0,0.0,0.0,0.0,0.0,0.0,0.0,0.0,0.0,0.0,0.0,0.0,0.0,0.0,0.0,0.0,0.0,0.0,0.0,0.0,0.0,0.0,0.0,0.0,0.0,0.0,0.0,0.0,0.0,0.0,0.0,0.0,0.0,0.0,0.0,0.0,0.0,0.0
CRR1090805,1,0.0,0.0,0.0,0.0,0.0,0.00364,0.0,0.0,0.51613,0.68649,0.0,0.0,0.0,27.405040000000003,2.1113700000000004,0.0,0.0,0.04344,27.416470000000004,0.0,1.54579,0.0,0.8151800000000001,6.00047,0.97372,0.0,0.03392,0.57838,18.67673,0.0,0.05163,0.0,0.0,0.0,0.0,0.11573,0.0,0.0,5.42043,0.0,0.0,0.00024,0.42188,0.0,0.0,0.00349,0.016300000000000002,0.00807,0.0,0.0,0.0,0.0,0.0,0.0,0.00686,0.0,0.0,0.0,0.0,0.0,0.0,0.0,0.0,0.0,0.0,0.0,0.0,0.0,0.06742,0.0,0.0,6.2428300000000005,0.0,0.0,0.0,0.0,0.0,0.0,0.0,0.15505,0.0,0.0,0.0,0.0,0.0,0.00244,0.0,0.0,0.0,0.00121,0.0,0.0,0.0,0.029379999999999996,0.0,0.0,0.0,0.00777,0.07666,0.0,0.051390000000000005,0.0,0.0,0.0,0.0,0.0,0.0,0.0,0.0,0.0,0.0,0.0,0.0,0.0,0.0,0.0,0.0,0.0,0.0,0.0,0.0,0.0,0.0,0.0,0.0,0.0,0.01039,0.0,0.0,0.0,0.0,0.0,0.0,0.0,0.0,0.0,0.0,0.0,0.0,0.0,0.0,0.0,0.0,0.0,0.0,0.0,0.0,0.0,0.0,0.0,0.0,0.0,0.0,0.0,0.0,0.0,0.0,0.0,0.0,0.0,0.0,0.0,0.0,0.0,0.0,0.0,0.0,0.0,0.0,0.0,0.0,0.0,0.0,0.0041600000000000005,0.0,0.0,0.0,0.0,0.0,0.0,0.0,0.0,0.0,0.0,0.0,0.0,0.0,0.0,0.0,0.0,0.0,0.0,0.0,0.0,0.0,0.0,0.0,0.0,0.0,0.0,0.0,0.49334,0.0,0.0,0.0,0.00398,0.0,0.0,0.0,0.0,0.0,0.0,0.0,0.0,0.0,0.0,0.0,0.0,0.0,0.0,0.0,0.0,0.0,0.0,0.0,0.0022,0.0,0.0,0.0,0.0,0.0,0.0,0.0,0.0,0.0,0.0,0.0,0.0,0.0,0.0,0.0,0.0,0.0,0.0,0.0,0.0,0.0,0.0,0.0,0.0,0.0,0.0,0.0,0.0,0.0,0.0,0.0,0.0,0.0,0.0,0.0,0.0,0.0,0.0,0.0,0.0,0.0,0.0,0.0,0.0,0.0,0.0,0.0,0.0,0.0,0.0,0.0,0.0,0.0,0.0,0.0,0.0,0.0,0.0004,0.0,0.0,0.0,0.0,0.0,0.0,0.0,0.0,0.0,0.0,0.0,0.0,0.0,0.0,0.0,0.0,0.0,0.0,0.0,0.0,0.0,0.0,0.0,0.0,0.0,0.0,0.0,0.0,0.0,0.0,0.0,0.0,0.0,0.0
CRR1090764,1,0.00737,1.53684,2.1279,0.0,0.01603,0.65431,0.0,0.0,2.38556,43.89581999999999,0.0061,0.00232,0.52189,11.4117,2.4454700000000003,0.0139,0.00057,0.03726,0.06157000000000001,0.14615999999999998,0.12948999999999997,23.18837,0.7531800000000002,0.53301,0.04281,0.0,0.0,1.07521,5.332770000000001,0.0,0.00664,0.0,0.0,0.0,0.0,0.056979999999999996,0.00034,0.01364,0.0,0.0,0.0,0.0,0.13693999999999998,0.0,0.0,0.11009,0.0,0.0,0.0,0.0,0.0,0.0,0.0,0.0,0.45759,0.0,0.0,0.0,0.0,0.0,0.0,0.04085,0.0,0.0,0.0,0.03471,0.0,0.00207,0.03629,0.0,0.0,1.7697299999999998,0.06489,0.0,0.11923,0.0,0.0,0.0,0.0,0.01078,0.0,0.0,0.19716,0.0,0.41215,0.0395,0.0,0.0,0.0,0.0,0.0,0.0,0.0,0.01206,0.0,0.0,0.0,0.0,0.0,0.0,0.02691,0.12588,0.0,0.0,0.0,0.0,0.0,0.0,0.0,0.0,0.0,0.0,0.0,0.0,0.0,0.0,0.0,0.0,0.0,0.0,0.0,0.0,0.0,0.0,0.0,0.0,0.0,0.0,0.0,0.0,0.0,0.0,0.0,0.0,0.0,0.0,0.0,0.0,0.0,0.0,0.0,0.0,0.0,0.0,0.0,0.0,0.0,0.0,0.0,0.0,0.0,0.0,0.0,0.0,0.0,0.0,0.0,0.0,0.0,0.0,0.0,0.0,0.0,0.0,0.0,0.0,0.0,0.0,0.0,0.0,0.0,0.0,0.0,0.0,0.0,0.0,0.0,0.0,0.0,0.0,0.0,0.0,0.0,0.0,0.0,0.0,0.0,0.0,0.0,0.0,0.0,0.0,0.0,0.0,0.0,0.0,0.0,0.0,0.0,0.0,0.0,0.0,0.0,0.0,0.0,0.0,0.0,0.0,0.0,0.0,0.0,0.0,0.0,0.0,0.0,0.0,0.0,0.0,0.0,0.0,0.0,0.0,0.0,0.0,0.0,0.0,0.0,0.0,0.0,0.0,0.0,0.0,0.0,0.0,0.0,0.0,0.0,0.0,0.0,0.0,0.0,0.0,0.0,0.0,0.0,0.0,0.0,0.0,0.0,0.0,0.0,0.0,0.0,0.0,0.0,0.0,0.0,0.0,0.0,0.0,0.0,0.0,0.0,0.0,0.0,0.0,0.0,0.0,0.0,0.0,0.0,0.0,0.0,0.0,0.0,0.0,0.0,0.0,0.0,0.0,0.0,0.0,0.0,0.0,0.0,0.0,0.0,0.0,0.0,0.0,0.0,0.0,0.0,0.0,0.0,0.0,0.0,0.0,0.0,0.0,0.0,0.0,0.0,0.0,0.0,0.0,0.0,0.0,0.0,0.0,0.0,0.0,0.0,0.0,0.0,0.0,0.0,0.0
CRR1090823,1,0.0,8.791920000000001,6.51212,0.0,0.8688600000000001,12.944009999999997,0.14550000000000002,0.25954,3.6728300000000003,18.450740000000003,2.41491,0.43868999999999997,0.0,14.174399999999997,0.64195,0.19461,0.00196,0.04197,0.01625,0.0159,0.1771,0.30061,0.06140000000000001,16.35906,2.9735,0.0,0.0,0.00408,0.00758,0.0,0.0,0.01098,0.0,0.0,0.0,0.0,0.0,0.02614,0.0,0.0,0.89304,0.0,0.0,0.0,0.0,0.0,0.0,0.04083,0.0,1.59945,0.0,0.0,0.99118,0.0,0.0,0.0,0.0,0.0,0.0,0.00282,0.01187,0.0,0.0,0.00228,0.0,0.00068,0.0,0.0,0.01068,0.01558,0.0,0.0,0.07413,0.04888,0.0,0.0,0.18839,0.03986,0.0,0.0,0.0,0.0,0.0,0.0,1.86832,0.0,0.04396,0.03233,0.0,0.0,0.0,0.0,0.01155,0.0,0.0,0.0,0.0,0.0,0.0,0.0,0.0,0.00706,0.0,0.0,0.0,0.0,0.0,0.0,0.0,0.0,0.0,0.00264,2.01569,0.0,0.0,0.0,0.0,0.0,0.0,0.0,0.0,0.9998,0.0,0.0,0.0,0.0006,0.0,0.0,0.0,0.0,0.0,0.0,0.0,0.0,0.0,0.0,0.13241,0.0,0.0,0.0,0.0,0.0,0.0,0.0,0.0,0.0,0.0,0.0,0.0,0.02736,0.0,0.00144,0.0,0.01466,0.00174,0.0,0.0,0.0,0.0,0.0,0.0,0.0,0.16417,0.0,0.0,0.0,0.0,0.0,0.0,0.0,0.0,0.0,0.0,0.0,0.0,0.0,0.0,0.0,0.0,0.0,0.0,0.0,0.0,0.0,0.0,0.0,0.0,0.0,0.0,0.0,0.0,0.0,0.0,0.0,0.0,0.0,0.0,0.0,0.0,0.0,0.0,0.0,0.0,0.0,0.0,0.0,0.75556,0.0,0.0,0.0,0.0,0.0,0.0,0.0,0.0,0.0,0.0,0.0,0.0,0.0,0.0,0.49441,0.0,0.0,0.0,0.0,0.0,0.0,0.0,0.0,0.0,0.0,0.0,0.0,0.0,0.0,0.0,0.0,0.0,0.0,0.0,0.0,0.0,0.0,0.0,0.0,0.0,0.0,0.0,0.0,0.0,0.0,0.0,0.0,0.0,0.0,0.0,0.0,0.0,0.0,0.0,0.0,0.0,0.0,0.0,0.0,0.0,0.0,0.0,0.0,0.0,0.0,0.0,0.0,0.0,0.0,0.0,0.0,0.0,0.0,0.0,0.0,0.0,0.0,0.0,0.0,0.0,0.0,0.0,0.0,0.0,0.0,0.0,0.0,0.0,0.0,0.0,0.0,0.0,0.0,0.0,0.0,0.0,0.0,0.0,0.0,0.0,0.0,0.0,0.0,0.0,0.0,0.0,0.0,0.0,0.0,0.0,0.0
CRR1090853,0,0.0,4.39748,0.00059,0.0,0.32866,9.981050000000003,0.07107,0.0,0.31284999999999996,7.49046,0.0,0.02693,0.0,23.075909999999997,2.0088,0.01772,0.07582,0.05829000000000001,0.0,0.55165,0.6626700000000001,2.71198,0.14743,0.016669999999999997,1.3738700000000001,0.0,0.0,0.08456,25.8621,0.0,0.00398,0.0,0.0,0.0,0.0,0.02231,0.0,0.0,0.0,0.0,0.0,0.0,0.01195,0.0,0.00087,0.0,0.0,0.08357,0.00333,4.33291,0.0,0.00076,0.0,5.67669,0.0,0.0,0.17598,0.0,0.0,0.0,0.01843,0.0,0.0,0.19764,0.0,0.050589999999999996,0.0,0.03376,0.16713,0.0,0.0,0.26166,0.029480000000000003,0.17647,0.0,0.0,0.0,0.00483,0.0,0.0,0.0,0.0,0.03609,0.0,2.42078,0.03591,0.0,0.0,0.0,0.34523,0.0,0.0,0.0,0.0,0.0,0.0,0.0,0.00095,0.0,5.76209,7e-05,0.0,0.01524,0.0,0.0,0.0,0.19008,0.0,0.0,0.0,0.0,0.0,0.0,0.0,0.0,0.02313,0.00514,0.0,0.04804,0.0,0.0,0.0,0.00159,0.0,0.0,0.01141,0.0,0.0,0.0,0.0,0.0,0.0,0.53355,0.0,0.0,0.0,0.0,0.0,0.0,0.0,0.0,0.0,0.0,0.0,0.0,0.0,0.0,0.0,0.0,0.0,0.0,0.0,0.0,0.0,0.0,0.0,0.0,0.0,0.0,0.0,0.0,0.0,0.0,0.04556,0.0,0.0,0.0,0.0,0.0,0.0,0.0,0.0,0.0,0.0,0.0,0.0,0.0,0.0,0.0,0.0,0.0,0.00261,0.0,0.0,0.0,0.0,0.0,0.0,0.0,0.0,0.0,0.0,0.0,0.0,0.0,0.0,0.0,0.0,0.0,0.0,0.0,0.0,0.0,0.0,0.0,0.013,0.0,0.0,0.0,0.0,0.0,0.0,0.0,0.0,0.0,0.0,0.0,0.0,0.0,0.0,0.0,0.0,0.0,0.0,0.0,0.0,0.0,0.0,0.0,0.0,0.0,0.0,0.0,0.0,0.0,0.0,0.0,0.0,0.0,0.0,0.0,0.0,0.0,0.0,0.0,0.0,0.0,0.0,0.0,0.0,0.0,0.0,0.0,0.0,0.0,0.0,0.0,0.0,0.0,0.0,0.0,0.0,0.0,0.0,0.0,0.0,0.0,0.0,0.0,0.0,0.0,0.0,0.0,0.0,0.0,0.0,0.0,0.0,0.0,0.0,0.0,0.0,0.0,0.0,0.00067,0.0,0.0,0.0,0.0,0.0,0.0,0.0,0.0,0.0,0.0,0.0,0.0,0.0,0.0,0.0,0.0,0.0,0.0,0.0,0.0,0.0,0.0,0.0,0.0,0.0,0.0,0.0,0.0,0.0,0.0,0.0,0.0,0.0
CRR1090772,1,0.0,1.86412,0.05328,0.0,0.13806,14.72164,3.38052,0.0,0.03443,34.19607,0.12667,0.04603,0.0,22.11414,1.4822600000000001,0.14797,0.0627,0.01836,0.15888,0.70776,1.6631,1.28571,0.89178,0.48413000000000006,1.0452800000000002,0.0,0.00924,3.18009,3.29023,0.0,0.00978,0.0,0.0,0.0,0.14189,0.022539999999999998,0.00543,0.0,0.00665,0.0,0.0,0.0,0.08629,0.0,0.0,0.01859,0.00126,7.23763,0.0,0.0,0.0,0.0,0.0,0.0,0.0,0.0,0.0,0.0,0.0,0.0,0.0,0.08208,0.0,0.0,0.0,0.0,0.0,0.00299,0.0,0.0,0.0,0.48767999999999995,0.0,0.0,0.0,0.0,0.0,0.0,0.0,0.008799999999999999,0.0,0.0,0.0,0.0,0.00435,0.59961,0.0,0.0,0.0,0.14122,0.0,0.0,0.0,0.00064,0.00798,0.0,0.0,0.0,0.00402,0.0,0.02117,0.0,0.0,0.0,0.0,0.0,0.0,0.0,0.0,0.0,0.0,0.0,0.0,0.0,0.0,0.0,0.0,0.0,0.0,0.0,0.0,0.0,0.0,0.0,0.0,0.0,0.0,0.0,0.0,0.0,0.0,0.0,0.0,0.0,0.0,0.0,0.0,0.0,0.0,0.0,0.0,0.0,0.0,0.0,0.0,0.0,0.0,0.0,0.0,0.0,0.0,0.0,0.0,0.0,0.0,0.0,0.0,0.0,0.0,0.0,0.0,0.0,0.0,0.0,0.0,0.0,0.0,0.0,0.0,0.0,0.0,0.0,0.0,0.0,0.0,0.0,0.0,0.0,0.0,0.0,0.0,0.0,0.0,0.0,0.0,0.0,0.0,0.0,0.0,0.0,0.0,0.0,0.0,0.00692,0.0,0.0,0.0,0.0,0.0,0.0,0.0,0.0,0.0,0.0,0.0,0.0,0.0,0.0,0.0,0.0,0.0,0.0,0.0,0.0,0.0,0.0,0.0,0.0,0.0,0.0,0.0,0.0,0.0,0.0,0.0,0.0,0.0,0.0,0.0,0.0,0.0,0.0,0.0,0.0,0.0,0.0,0.0,0.0,0.0,0.0,0.0,0.0,0.0,0.0,0.0,0.0,0.0,0.0,0.0,0.0,0.0,0.0,0.0,0.0,0.0,0.0,0.0,0.0,0.0,0.0,0.0,0.0,0.0,0.0,0.0,0.0,0.0,0.0,0.0,0.0,0.0,0.0,0.0,0.0,0.0,0.0,0.0,0.0,0.0,0.0,0.0,0.0,0.0,0.0,0.0,0.0,0.0,0.0,0.0,0.0,0.0,0.0,0.0,0.0,0.0,0.0,0.0,0.0,0.0,0.0,0.0,0.0,0.0,0.0,0.0,0.0,0.0,0.0,0.0,0.0,0.0,0.0,0.0,0.0,0.0,0.0,0.0,0.0
CRR1090812,1,0.024399999999999998,4.76201,0.0,0.0,0.41444,24.157709999999998,0.11814999999999999,0.0,0.24124,18.421619999999997,0.16238,0.20361,0.0,23.133239999999997,2.9661000000000004,0.01305,0.02064,0.14329999999999998,0.0,0.23498000000000002,0.6317200000000001,2.95341,0.09186,6.91863,0.9452100000000001,0.0,0.0,0.45858000000000004,1.15289,0.0,0.0,0.0,0.0,0.0,0.00021,0.00491,0.0,0.0,0.0,0.0,0.0,0.0,0.01314,0.00117,0.0,0.0,0.0,0.0,0.00405,0.0,0.0,0.0,0.0,0.0,0.0,0.0,0.0,0.0,0.0,0.0,0.0,0.0,0.0,0.00249,0.0,0.00523,0.0,0.0,0.050600000000000006,0.02338,0.0,0.03823,0.0,0.0,0.0,0.0,0.0,0.00511,0.0,0.00273,0.0,0.0,0.13848,0.0,2.33488,0.10624,0.0,0.0,0.0,0.18241,0.0,0.0,0.0,0.0,0.0,0.0,0.0,0.0,0.0035,8.91307,0.0,0.0,0.0,0.0,0.0,0.0,0.0,0.0,0.0,0.0,0.0,0.0,0.0,0.0,0.0,0.0,0.0,0.0,0.0,0.0,0.0,0.0,0.0,0.0,0.0,0.0,0.0,0.0,0.0,0.0,0.0,0.0,0.0,0.0,0.0,0.0,0.0,0.0,0.0,0.0,0.0,0.0,0.0,0.0,0.0,0.0,0.0,0.0,0.0,0.0,0.0,0.0,0.0,0.0,0.0,0.0,0.0,0.0,0.0,0.0,0.0,0.0,0.0,0.0,0.0,0.0,0.0,0.0,0.0,0.0,0.0,0.0,0.0,0.0,0.0,0.0,0.0,0.0,0.0,0.0,0.0,0.0,0.0,0.0,0.0,0.0,0.0,0.0,0.0,0.0,0.0,0.0,0.0,0.0,0.0,0.0,0.0,0.0,0.0,0.0,0.0,0.0,0.0,0.0,0.0,0.0,0.0,0.0,0.0,0.0,0.0,0.0,0.0,0.0,0.0,0.0,0.0,0.0,0.0,0.0,0.0,0.0,0.0,0.0,0.0,0.0,0.0,0.0,0.0,0.0,0.0,0.0,0.0,0.0,0.0,0.0,0.0,0.0,0.0,0.0,0.0,0.0,0.0,0.0,0.0,0.0,0.0,0.0,0.0,0.0,0.0,0.0,0.0,0.0,0.0,0.0,0.0,0.0,0.0,0.0,0.0,0.0,0.0,0.0,0.0,0.0,0.0,0.0,0.0,0.0,0.0,0.0,0.0,0.0,0.0,0.0,0.0,0.0,0.0,0.0,0.0,0.0,0.0,0.00099,0.0,0.0,0.0,0.0,0.0,0.0,0.0,0.0,0.0,0.0,0.0,0.0,0.0,0.0,0.0,0.0,0.0,0.0,0.0,0.0,0.0,0.0,0.0,0.0,0.0,0.0,0.0,0.0,0.0,0.0,0.0,0.0,0.0,0.0
CRR1090742,1,0.0,5.938080000000001,4.1045,0.0,0.29545,3.29594,2.3152199999999996,0.0,4.09804,14.287840000000001,0.15736,0.05527,0.0,27.33917000000001,1.26107,0.01148,0.01683,0.34163000000000004,0.71021,2.57131,1.9235000000000002,0.45278,12.190219999999998,10.23466,0.49381,0.0,0.0,0.18355999999999997,1.8663400000000003,0.01862,0.0,0.0,0.0,0.0,0.05128,0.0,0.0,0.00207,0.02703,0.0,0.0,0.00402,0.09009,0.0,0.0,0.01415,0.0,0.08663,0.0,0.0,2.01816,0.0,0.0,0.27204,0.0,0.0,0.0,0.0,0.0,0.00032,0.0,0.0,0.0,0.13479,0.0,0.030350000000000002,0.0,9e-05,0.04009,0.0,0.0,0.0232,0.20873,0.07911,0.0,0.12695,0.0,0.01398,0.0,0.00971,0.0,0.0,0.0,0.0,0.05742,0.02677,0.01932,0.0,0.0,0.0,0.75418,0.0,0.47746,0.0,0.0017100000000000001,0.0,0.0,0.0,0.0,0.0,0.022449999999999998,0.0666,0.0,0.0,0.08195,0.0,0.0,0.0,0.05363,0.0,0.23573,0.0,0.0,0.0,0.0,0.0,0.0,0.0,0.0,0.0,0.0,0.0,0.0,0.0,0.0,0.0,0.0,0.0,0.0,0.0,0.0,0.0,0.0,0.0,0.32716,0.0,0.08505,0.0,0.0,0.0,0.0,0.0,0.0,0.0,0.0,0.0,0.0,0.0,0.0,0.0,0.0,0.0,0.0,0.0,0.04273,0.0,0.0,0.0,0.0,0.0,0.0,0.00067,0.35141,0.0,0.0,0.0,0.0,0.0,0.0,0.0,0.0,0.0,0.0,0.0,0.0,0.0,0.0,0.0,0.0,0.0,0.0,0.0,0.0,0.0,0.0,0.0,0.0,0.0,0.0,0.0,0.0,0.0,0.0,0.0,0.0,0.0,0.0,0.0,0.0,0.0,0.0,0.0,0.0,0.0,0.0,0.0,0.0,0.0,0.0,0.0,0.0,0.0,0.0,0.0,0.0,0.0,0.0,0.0,0.0,0.0,0.0,0.0,0.0,0.0,0.0,0.0,0.0,0.0,0.0,0.0,0.0,0.0,0.0,0.0,0.0,0.0,0.0,0.0,0.0,0.0,0.0,0.0,0.0,0.0,0.0,0.0,0.0,0.0,0.0,0.0,0.0,0.0,0.0,0.0,0.0,0.0,0.0,0.0,0.0,0.0,0.0,0.0,0.0,0.0,0.0,0.0,0.0,0.0,0.0,0.0,0.0,0.0,0.0,0.0,0.0,0.0,0.0,0.0,0.0,0.0,0.0,0.0,0.0,0.0,0.0,0.0,0.0,0.0,0.0,0.0,0.0,0.0,0.0,0.0,0.0,0.0,0.0,0.0,0.0,0.0,0.0,0.0,0.0,0.0,0.0,0.0,0.0,0.0,0.0,0.0,0.0,0.0,0.0,0.0,0.0,0.0,0.0,0.0
CRR1090784,1,0.0,4.71915,0.0,0.0,0.14899,15.98085,0.09121,0.0,2.97333,28.326749999999997,0.0,0.0,0.0,27.105290000000004,1.2938699999999999,0.0,0.0,0.30854999999999994,0.0,1.73699,2.12587,0.94331,0.00466,0.047189999999999996,5.17503,0.0,0.00089,0.57582,4.12074,0.0,0.02488,0.11941,0.0,0.0,0.0171,0.04916,0.0034,0.01116,0.00543,0.0,0.0,0.0,0.00245,0.0,0.01174,0.0,0.00243,0.03267,0.0,0.0,0.0,0.0,0.0,0.0,0.04316,0.00899,0.0,0.0,0.0,0.02107,0.0,0.0,0.0,0.02082,0.0,0.17053000000000001,0.0,0.0,0.01911,0.0,0.0,3.44848,0.12372,0.02465,0.0,0.0,0.0,0.01899,0.0,0.0,0.08695,0.0,0.0,0.0,0.0,0.0,0.0,0.0,0.0,0.0,0.0,0.0,0.0,0.0,0.0,0.0,0.0,0.0,0.0,0.0,0.0,0.0,0.0,0.0,0.0,0.0,0.00523,0.0,0.0,0.0,0.0,0.0,0.0,0.0,0.0,0.04994,0.0,0.0,0.0,0.0,0.0,0.0,0.0,0.0,0.0,0.0,0.0,0.0,0.0,0.0,0.0,0.0,0.0,0.0,0.0,0.0,0.0,0.0,0.0,0.0,0.0,0.0,0.0,0.0,0.0,0.0,0.0,0.0,0.0,0.0,0.0,0.0,0.0,0.0,0.0,0.0,0.0,0.0,0.0,0.0,0.0,0.0,0.0,0.0,0.0,0.0,0.0,0.0,0.0,0.0,0.0,0.0,0.0,0.0,0.0,0.0,0.0,0.0,0.0,0.0,0.0,0.0,0.0,0.0,0.0,0.0,0.0,0.0,0.0,0.0,0.0,0.0,0.0,0.0,0.0,0.0,0.0,0.0,0.0,0.0,0.0,0.0,0.0,0.0,0.0,0.0,0.0,0.0,0.0,0.0,0.0,0.0,0.0,0.0,0.0,0.0,0.0,0.0,0.0,0.0,0.0,0.0,0.0,0.0,0.0,0.0,0.0,0.0,0.0,0.0,0.0,0.0,0.0,0.0,0.0,0.0,0.0,0.0,0.0,0.0,0.0,0.0,0.0,0.0,0.0,0.0,0.0,0.0,0.0,0.0,0.0,0.0,0.0,0.0,0.0,0.0,0.0,0.0,0.0,0.0,0.0,0.0,0.0,0.0,0.0,0.0,0.0,0.0,0.0,0.0,0.0,0.0,0.0,0.0,0.0,0.0,0.0,0.0,0.0,0.0,0.0,0.0,0.0,0.0,0.0,0.0,0.0,0.0,0.0,0.0,0.0,0.0,0.0,0.0,0.0,0.0,0.0,0.0,0.0,0.0,0.0,0.0,0.0,0.0,0.0,0.0,0.0,0.0,0.0,0.0,0.0,0.0,0.0,0.0,0.0,0.0,0.0,0.0
CRR1090770,1,0.00017,0.48336999999999997,0.0145,0.0,3.28821,39.21443,3.8932900000000004,0.0,0.25137,4.315049999999999,1.2207,0.732,0.0,16.313559999999995,7.63942,0.31181,0.09142,0.05808000000000001,0.10081,2.8056,3.2455099999999995,0.0,0.4909599999999999,9.181,0.24492,0.0,0.0,0.031,2.39818,0.0,0.0,0.0,0.0,0.0,0.00878,0.0,0.0,0.0,0.0,0.0,0.0,1.59974,0.0,0.0,0.0,0.0,0.0,0.96778,0.0,0.0,0.0,0.0,0.0,0.0,0.0,0.0,0.0,0.0,0.0,0.0,0.0,0.0,0.0,0.0,0.0,0.0,0.0,0.0,0.1581,0.0,0.0,0.17792,0.0,0.08528,0.0,0.0,0.0,0.0,0.0,0.00745,0.0,0.0,0.0,0.0,0.0,0.50189,0.02244,0.0,0.0,0.13081,0.0,0.0,0.0,0.0,0.0,0.0,0.0,0.0,0.013,0.0,0.00145,0.0,0.0,0.0,0.0,0.0,0.0,0.0,0.0,0.0,0.0,0.0,0.0,0.0,0.0,0.0,0.0,0.0,0.0,0.0,0.0,0.0,0.0,0.0,0.0,0.0,0.0,0.0,0.0,0.0,0.0,0.0,0.0,0.0,0.0,0.0,0.0,0.0,0.0,0.0,0.0,0.0,0.0,0.0,0.0,0.0,0.0,0.0,0.0,0.0,0.0,0.0,0.0,0.0,0.0,0.0,0.0,0.0,0.0,0.0,0.0,0.0,0.0,0.0,0.0,0.0,0.0,0.0,0.0,0.0,0.0,0.0,0.0,0.0,0.0,0.0,0.0,0.0,0.0,0.0,0.0,0.0,0.0,0.0,0.0,0.0,0.0,0.0,0.0,0.0,0.0,0.0,0.0,0.0,0.0,0.0,0.0,0.0,0.0,0.0,0.0,0.0,0.0,0.0,0.0,0.0,0.0,0.0,0.0,0.0,0.0,0.0,0.0,0.0,0.0,0.0,0.0,0.0,0.0,0.0,0.0,0.0,0.0,0.0,0.0,0.0,0.0,0.0,0.0,0.0,0.0,0.0,0.0,0.0,0.0,0.0,0.0,0.0,0.0,0.0,0.0,0.0,0.0,0.0,0.0,0.0,0.0,0.0,0.0,0.0,0.0,0.0,0.0,0.0,0.0,0.0,0.0,0.0,0.0,0.0,0.0,0.0,0.0,0.0,0.0,0.0,0.0,0.0,0.0,0.0,0.0,0.0,0.0,0.0,0.0,0.0,0.0,0.0,0.0,0.0,0.0,0.0,0.0,0.0,0.0,0.0,0.0,0.0,0.0,0.0,0.0,0.0,0.0,0.0,0.0,0.0,0.0,0.0,0.0,0.0,0.0,0.0,0.0,0.0,0.0,0.0,0.0,0.0,0.0,0.0,0.0,0.0,0.0,0.0,0.0,0.0,0.0,0.0
CRR1090847,1,0.0,15.040480000000002,1.9713299999999996,0.00113,0.85388,11.702530000000001,0.44313,4.32169,1.98292,7.8457799999999995,0.9797,0.09831,0.0,13.79027,0.64434,0.0813,0.00566,0.07592,0.00201,0.46341,0.21444,2.05026,0.09465000000000001,0.00699,2.1835,0.27852,0.0,0.23054000000000002,0.47723,0.00727,0.00929,0.04868,0.02207,0.11979,0.01505,0.0,0.0,0.02911,0.00059,0.0,0.11085,0.03064,0.00066,0.00026,0.0,0.04472,0.0,0.14864,0.29828,3.85962,0.0,1.86092,0.44196,7.18826,0.00451,0.0,0.09187,0.0,0.16777,0.24425,0.29535,0.0,1.09454,0.12046,0.35993,0.09727,0.04513,0.01229,0.0178,0.00838,0.0,2.69936,0.17785,0.02732,0.02821,1.74407,0.08141,0.00343,0.01093,0.0,0.03705,0.0,0.02947,0.0,2.91339,0.0,0.12297,0.0,0.0,0.01553,1.26704,0.0,0.2992,0.0,0.00039,0.0,0.0,0.0,0.0,0.0,0.0,0.00416,0.24105000000000001,0.0,0.0,0.0,0.0015,0.0,0.0,0.0,0.00046,0.0,0.0,0.0,0.0,0.0,0.0,0.0,0.0,0.0,0.0,0.0,0.0,0.0,0.0,0.01715,0.0,0.00798,0.0,0.0,0.0,0.0,0.0,0.0,0.0,0.0,0.6689,0.04123,1.14735,0.0,0.0,0.0,1.18062,0.99094,0.01201,0.0,0.00112,0.0,0.0,0.19014,0.0,0.01438,0.00175,0.00362,0.20553,0.0,0.00888,0.0,0.0,0.0,0.0,0.0,0.0,0.12478,0.0,0.0,0.0,0.0,0.0,0.0,0.0,0.00437,0.0,0.0,0.0,0.0,0.0,0.24958,0.0,0.22037,0.0,0.0,0.0,0.0,0.0,0.0,0.0,0.0,0.0,0.0,0.0,0.0,0.0,0.0,0.0,0.0,0.0,0.0,0.0,0.0,0.0,0.0,0.0,0.0,0.0,0.0,0.0,0.01184,0.0,0.0,0.0,0.0,0.0,0.0,0.00066,0.0,0.00223,0.0,0.0,0.00292,0.07729,0.0,0.0,0.0,0.0,0.0,0.0,0.0,0.18463,0.0,0.0,0.0,0.0,0.0,0.0,0.0,0.0,0.00495,0.0,0.0,0.0,0.0,0.0,0.0,0.07139,0.0,0.0,0.0,1.53328,0.0,0.0,0.0,0.0,0.0,0.0,0.013,0.0,0.0,0.0,0.0,0.0,0.0,0.0,0.56434,0.0,0.0,0.0,0.0,0.0,0.0,0.0,0.0,0.0,0.0,0.0,0.0,0.0,0.0,0.0,0.0,0.0,0.0,0.0,0.0,0.0,0.06158,0.0328,0.00742,0.0,0.0,0.0,0.0,0.0,0.0,0.0,0.0,0.0,0.0,0.0,0.0,0.0,0.0,0.0,0.0,0.0,0.0,0.0,0.0,0.0,0.0,0.0,0.0,0.0,0.0,0.0,0.0,0.0,0.0
CRR1090740,1,0.20645,1.81923,0.01003,0.0,0.26350999999999997,8.054789999999999,1.26016,0.0,4.672100000000001,28.41944,0.05338,0.07037,0.43751,31.648519999999994,0.49931000000000003,0.03747,0.01345,0.64175,0.00774,0.35692999999999997,2.22246,8.12706,0.24537,0.21816,0.30257,0.0,0.0,0.11886,2.16113,0.0,0.0,0.0,0.0,0.0,0.0,0.00201,0.0,0.00495,0.0,0.0,0.35354,0.0,0.00838,0.0837,0.0,0.0,0.0,0.11195,0.0,0.0,0.0,0.0,0.0,0.0,0.0,0.0,0.0,0.0,0.0,0.01576,0.0,0.0,0.0,0.0,0.0,0.10636999999999999,0.0,0.03041,0.00875,0.01632,0.0,0.05524,6.22725,0.00496,0.0,0.0,0.0,0.02701,0.0,0.00126,0.02067,0.0,0.02029,0.0,0.0,0.1216,0.0,0.0,0.0,0.59594,0.0,0.0,0.0,0.0047,0.0,0.0,0.0,0.0,0.0,0.0,0.0147,0.0,0.0,0.0,0.0,0.0,0.0,0.0,0.0,0.0,0.0,0.0,0.0,0.0,0.0,0.0,0.0,0.0,0.0,0.0,0.0,0.0,0.0,0.00058,0.0,0.0,0.0,0.0,0.0,0.0,0.0,0.0,0.0,0.0,0.0,0.0,0.0,0.0,0.0,0.0,0.0,0.0,0.0,0.0,0.0,0.0,0.0,0.0,0.0,0.0,0.0,0.0,0.0,0.0,0.08162,0.0,0.0,0.0,0.0,0.0,0.21427,0.0,0.0,0.0,0.0,0.0,0.0,0.0,0.0,0.0,0.0,0.0,0.0,0.0,0.0,0.0,0.0,0.0,0.0,0.0,0.0,0.0,0.0,0.0,0.0,0.0,0.0,0.0,0.0,0.0,0.0,0.0,0.0,0.0,0.0,0.0,0.0,0.0,0.0,0.0,0.0,0.0,0.0,0.0,0.0,0.0,0.0,0.0,0.0,0.0,0.0,0.0,0.0,0.0,0.0,0.0,0.0,0.0,0.0,0.0,0.0,0.0,0.0,0.0,0.0,0.0,0.0,0.0,0.0,0.0,0.0,0.0,0.0,0.0,0.0,0.0,0.0,0.0,0.0,0.0,0.0,0.0,0.0,0.0,0.0,0.0,0.0,0.0,0.0,0.0,0.0,0.0,0.0,0.0,0.0,0.0,0.0,0.0,0.0,0.0,0.0,0.0,0.0,0.0,0.0,0.0,0.0,0.0,0.0,0.0,0.0,0.0,0.0,0.0,0.0,0.0,0.0,0.0,0.0,0.0,0.0,0.0,0.0,0.0,0.0,0.0,0.0,0.0,0.0,0.0,0.0,0.0,0.0,0.0,0.0,0.0,0.0,0.0,0.0,0.0,0.0,0.0,0.0,0.0,0.0,0.0,0.0,0.0,0.0,0.0,0.0,0.0,0.0,0.0,0.0,0.0,0.0,0.0
CRR1090774,1,0.0,12.00935,0.0,0.0,0.6779299999999999,3.20932,4.64734,0.0,1.5519300000000003,22.702240000000003,0.12961,0.12435,0.0,28.6073,0.45943,0.05461,0.048240000000000005,1.1517199999999999,0.01048,0.83593,2.04479,0.0,3.07149,3.62576,2.3543699999999994,0.0,0.0212,0.27384000000000003,5.49124,0.0,0.003,0.0,0.0,0.0,0.48991,0.05803,0.0031,0.03718,0.01216,0.05702,1.3107600000000001,0.0,0.22654,0.0,0.0,0.03023,0.0,0.08247,0.0,0.0,0.0,0.0,0.0,0.0,0.00533,0.0,0.48925,0.0,0.0,0.0414,0.07969,0.0,0.0,0.25392,0.0,0.02554,0.0,0.00108,0.049,0.02011,0.0,0.0,0.0,0.01937,0.0,2.73149,0.0,0.014,0.0,0.01061,0.0,0.0,0.31111,0.0,0.0,0.11585,0.0,0.0,0.0,0.0,0.0,0.0,0.04165,0.11425,0.01064,0.0,0.0,0.01257,0.06036,0.0,0.02025,0.0,0.0066,0.0,0.0,0.0,0.0,0.0,0.0,0.0,0.0,0.0,0.0,0.0,0.0,0.0,0.0,0.0,0.0,0.0,0.0,0.0,0.0,0.0,0.0,0.0,0.0,0.0,0.0,0.0,0.0,0.0,0.0,0.0,0.0,0.0,0.0,0.0,0.0,0.0,0.0,0.0,0.0,0.0,0.0,0.0,0.0,0.0,0.0,0.0,0.0,0.0,0.04319,0.0,0.0,0.0,0.0,0.00284,0.0,0.0056,0.0,0.0,0.0,0.08087,0.0,0.0,0.0,0.0,0.0,0.0,0.0,0.0,0.0,0.00472,0.0,0.0,0.0,0.0,0.0,0.0,0.0,5e-05,0.0,0.0,0.0,0.0,0.0,0.0,0.0,0.0,0.0,0.0,0.0,0.0,0.0,0.0,0.0,0.0,0.0,0.0,0.0,0.0,0.0,0.0,0.0,0.0,0.0,0.0,0.0,0.0,0.0,0.0,0.0,0.0,0.0,0.0,0.0,0.0,0.0,0.0,0.0,0.0,0.0,0.0,0.0,0.0,0.0,0.0,0.0,0.0,0.0,0.0,0.0,0.0,0.0,0.0,0.0,0.0,0.0,0.0,0.0,0.0,0.0,0.0,0.01523,0.0,0.0,0.0,0.0,0.0,0.0,0.0,0.0,0.0,0.0,0.0,0.0,0.0,0.0,0.0,0.0,0.0,0.0,0.0,0.0,0.0,0.0,0.0,0.0,0.00059,0.0,0.0,0.0,0.0,0.0,0.0,0.0,0.0,0.0,0.0,0.0,0.0,0.0,0.0,0.0,0.0,0.0,0.0,0.0,0.0,0.0,0.0,0.0,0.0,0.0,0.0,0.0,0.0,0.0,0.0,0.0,0.0,0.0,0.0,0.0,0.0,0.0,0.0,0.0,0.0,0.0,0.0,0.0,0.0,0.0,0.0,0.0,0.0
CRR1090796,0,0.0,0.18030000000000002,0.02172,0.0,0.13499,1.92442,0.0,0.0,0.275,30.72296,0.00695,0.53846,0.0,35.20045999999999,5.46881,0.0,0.01293,0.23965,0.6934500000000001,0.39292000000000005,2.1207100000000003,0.0,1.37349,0.6037300000000001,14.56501,0.0,0.0,0.52859,2.2726599999999997,0.0,0.01982,0.0,0.0,0.0,0.00399,0.00779,0.0,0.0,0.0,0.0,0.0,0.0,0.17865,0.0,0.0,0.0052,0.0,1.51722,0.0,0.0,0.0,0.0,0.0,0.0,0.00346,0.0,0.0,0.0,0.0,0.0,0.0,0.02679,0.0,0.0,0.0,0.0,0.0,0.0,0.2817,0.0,0.0,0.20606000000000002,0.0,0.03205,0.0,0.0,0.0,0.0,0.0,0.053709999999999994,0.0,0.0,0.13405,0.0,0.0,0.15072,0.0,0.0,0.0,0.0,0.0,0.0,0.0,0.02049,0.0,0.0,0.0,0.0,0.02686,0.0,0.03134,0.0,0.0,0.0,0.0,0.0,0.0,0.0,0.0,0.0,0.0,0.0,0.0,0.0,0.0,0.0,0.0,0.0,0.0,0.0,0.0,0.0,0.0,0.0,0.0,0.0,0.0,0.0,0.0,0.0,0.0,0.01318,0.0,0.0,0.0,0.0,0.0,0.0,0.0,0.0,0.0,0.0,0.0,0.0,0.0,0.0,0.0,0.0,0.0,0.0,0.0,0.0,0.0,0.0,0.0,0.0,0.0,0.0,0.0,0.0,0.0,0.0,0.0,0.0,0.0,0.0,0.0,0.0,0.0,0.0,0.0,0.0,0.0,0.0,0.0,0.0,0.0,0.0,0.0,0.0,0.0,0.0,0.0,0.0,0.0,0.0,0.0,0.0,0.0,0.0,0.0,0.0,0.0,0.0,0.0,0.0,0.0,0.0,0.0,0.0,0.0,0.0,0.0,0.0,0.0,0.0,0.0,0.0,0.0,0.0,0.0,0.0,0.0,0.0,0.0,0.0,0.0,0.0,0.0,0.0,0.0,0.0,0.0,0.0,0.0,0.0,0.0,0.0,0.0,0.0,0.0,0.0,0.0,0.0,0.0,0.0,0.0,0.0,0.0,0.0,0.0,0.0,0.0,0.0091,0.0,0.0,0.0,0.0,0.0,0.0,0.0,0.0,0.0,0.0,0.0,0.0,0.0,0.0,0.0,0.0,0.0,0.0,0.0,0.0,0.0,0.0,0.0,0.0,0.0,0.0,0.0,0.0,0.0,0.0,0.0,0.0,0.0,0.0,0.0,0.0,0.0,0.0,0.0,0.00069,0.0,0.0,0.0,0.0,0.0,0.0,0.0,0.0,0.0,0.0,0.0,0.0,0.0,0.0,0.0,0.0,0.0,0.0,0.0,0.0,0.0,0.0,0.0,0.0,0.0,0.0,0.0,0.0,0.0,0.0,0.0,0.0,0.0,0.0
CRR1090807,0,0.0,4.8543400000000005,0.34392,0.0,0.28114,19.49715,0.21244,0.0,5.005679999999999,16.401529999999998,0.37393999999999994,0.16674,0.0,22.75524000000001,2.5973300000000004,0.02453,0.06369,0.0051,0.0203,0.19451,0.04212,6.79251,0.05591000000000001,0.45714,1.04504,0.0,0.0,0.12281,0.14291,0.0,0.0,0.04369,0.0,0.0,0.0,0.0,0.0,0.00271,0.0,0.01239,0.0,0.0,0.0,0.00397,0.0,0.00017,0.0,0.10296,0.02408,0.9897,0.7658,0.0,0.02599,9.437859999999999,0.0,0.0,0.01516,0.0,0.0,0.0,0.00077,0.03266,0.0,0.0,0.0,0.03172,0.0,0.01269,0.0,0.0065,0.0,0.01195,0.0642,0.01922,0.00953,0.0,0.19986,0.0,0.0,0.0,0.00476,0.0,0.00086,0.0,0.04334,0.0,0.0,0.0,0.0,0.0,0.0,0.0,0.0,0.0,0.00298,0.0,0.0,0.0,0.0,0.05453,0.0,0.0,0.00074,0.0,0.0,0.0,0.0,0.0,0.0,0.0,0.0,0.0,0.0,0.0,0.0,0.0,0.0,0.0,0.0,0.0,0.0,0.0,0.0,0.0,0.0,0.0,0.0,0.0,0.0,0.0,0.0,0.0,6.2569,0.0,0.0,0.0,0.0,0.0,0.02627,0.0,0.0,0.0,0.0,0.0,0.0,0.0,0.0,0.0,0.0,0.0,0.0,0.0,0.00182,0.14529,0.0,0.0,0.0,0.0,0.0,0.00292,0.0,0.0,0.16292,0.02639,0.0,0.0,0.0,0.0,0.0,0.0,0.0,0.0,0.0,0.0,0.0,0.0,0.0,0.0,0.0,0.0,0.0,0.0,0.0,0.0,0.0,0.0,0.0,0.0,0.0,0.0,0.0,0.0,0.0,0.0,0.0,0.0,0.0,0.0,0.0,0.0,0.0,0.0,0.0,0.0,0.0,0.0,0.0,0.0,0.0,0.0,0.0,0.0,0.0,0.0,0.0,0.0,0.0,0.0,0.0,0.0,0.0,0.0,0.0,0.0,0.0,0.0,0.0,0.0,0.0,0.0,0.0,0.0,0.0,0.0,0.0,0.0,0.0,0.0,0.0,0.0,0.0,0.0,0.0,0.0,0.0,0.0,0.0,0.0,0.0,0.0,0.0,0.0,0.0,0.0,0.0,0.0,0.0,0.0,0.0,0.0,0.0,0.0,0.0,0.0,0.0,0.0,0.0,0.0,0.0,0.0,0.0,0.0,0.0,0.0,0.0,0.0,0.0,0.0,0.0,0.0,0.0,0.0,0.0,0.00064,0.0,0.0,0.0,0.0,0.0,0.0,0.0,0.0,0.0,0.0,0.0,0.0,0.0,0.0,0.0,0.0,0.0,0.0,0.0,0.0,0.0,0.0,0.0,0.0,0.0,0.0,0.0,0.0,0.0,0.0,0.0,0.0,0.0,0.0
CRR1090771,1,0.0,1.14904,0.01922,0.0,1.8221900000000002,36.46631000000001,2.60433,0.0,0.098,9.29358,0.34376,0.29113,0.0,18.55702,0.36025,0.04234,0.0,0.00199,0.10048,0.53017,0.35221,0.0,1.4969500000000002,0.02058,0.17251999999999998,0.0,0.0,0.12526,24.95712,0.0,0.0,0.0,0.0,0.0,0.0,0.03088,0.0,0.0,0.00561,0.0,0.0,0.0,0.05064,0.0,0.0,0.0,0.0,0.26264,0.0,0.0,0.0,0.0,0.0,0.0,0.0,0.0,0.0,0.0,0.0,0.0,0.0,0.0,0.0,0.0,0.0,0.0,0.0,0.0,0.0,0.0,0.0,0.29835999999999996,0.0,0.00774,0.0,0.0,0.0,0.0,0.0,0.01915,0.0,0.0,0.0,0.0,0.0,0.12903,0.0,0.0,0.0,0.0,0.0,0.0,0.0,0.00161,0.00305,0.0,0.37903,0.0,0.00367,0.0,0.0,0.0,0.0,0.0,0.0,0.0,0.0,0.0,0.0,0.0,0.0,0.0,0.0,0.0,0.0,0.0,0.0,0.0,0.0,0.0,0.0,0.0,0.0,0.0,0.0,0.0,0.0,0.0,0.0,0.0,0.0,0.0,0.0,0.0,0.0,0.0,0.0,0.0,0.0,0.0,0.0,0.0,0.0,0.0,0.0,0.0,0.0,0.0,0.0,0.0,0.0,0.0,0.0,0.0,0.0,0.0,0.0,0.0,0.0,0.0,0.0,0.0,0.0,0.0,0.0,0.0,0.0,0.0,0.0,0.0,0.0,0.0,0.0,0.0,0.0,0.0,0.0,0.0,0.0,0.0,0.0,0.0,0.0,0.0,0.0,0.0,0.0,0.0,0.0,0.0,0.0,0.0,0.0,0.00417,0.0,0.0,0.0,0.0,0.0,0.0,0.0,0.0,0.0,0.0,0.0,0.0,0.0,0.0,0.0,0.0,0.0,0.0,0.0,0.0,0.0,0.0,0.0,0.0,0.0,0.0,0.0,0.0,0.0,0.0,0.0,0.0,0.0,0.0,0.0,0.0,0.0,0.0,0.0,0.0,0.0,0.0,0.0,0.0,0.0,0.0,0.0,0.0,0.0,0.0,0.0,0.0,0.0,0.0,0.0,0.0,0.0,0.0,0.0,0.0,0.0,0.0,0.0,0.0,0.0,0.0,0.0,0.0,0.0,0.0,0.0,0.0,0.0,0.0,0.0,0.0,0.0,0.0,0.0,0.0,0.0,0.0,0.0,0.0,0.0,0.0,0.0,0.0,0.0,0.0,0.0,0.0,0.0,0.0,0.0,0.0,0.0,0.0,0.0,0.0,0.0,0.0,0.0,0.0,0.0,0.0,0.0,0.0,0.0,0.0,0.0,0.0,0.0,0.0,0.0,0.0,0.0,0.0,0.0,0.0,0.0,0.0,0.0,0.0
CRR1090781,1,0.05974,0.0,0.0,0.0,0.04578,1.24012,2.16706,0.0,3.86375,25.62878,0.0,0.0,0.0,31.36795,0.7321299999999998,0.24402000000000001,0.00336,0.37962999999999997,0.0,0.28258,0.24991,12.18838,1.17745,0.5986899999999999,1.0218500000000001,0.0,0.00502,0.07145,1.10699,0.0,0.02141,0.0,0.0,0.0,0.0,0.18023,0.00091,0.0,0.0,0.0,0.0,0.0,0.6697400000000001,0.0,0.0,0.020790000000000003,0.0,0.01246,0.00368,0.0,0.0,0.0,0.0,0.0,0.0,0.0,0.0,0.0,0.0,0.0,0.0,0.0,0.0,0.0,0.0,0.0,0.0,0.0,0.08102999999999999,0.0,0.0,11.90146,0.0,0.0,0.0,0.0,0.0,0.0,0.0,0.09567999999999999,0.0,0.0,0.003,0.0,0.0,0.01593,0.0,0.0,0.0,0.56108,0.0,0.0,0.0,0.01258,0.00248,0.0,0.0,0.00217,0.00613,3.78295,0.01437,0.0,0.0,0.0,0.0,0.0,0.0,0.0,0.0,0.0,0.0,0.0,0.0,0.0,0.0,0.0,0.0,0.0,0.0,0.0,0.0,0.0,0.0,0.0,0.0,0.0,0.0,0.0,0.0,0.0,0.0,0.0,0.08149,0.0,0.0,0.0,0.0,0.0,0.0,0.0,0.0,0.0,0.0,0.0,0.0,0.0,0.0,0.0,0.0,0.0,0.0,0.0,0.0,0.0,0.0,0.00759,0.0,0.00088,0.0,0.0,0.0,0.0,0.0,0.0,0.0,0.0,0.0,0.0,0.0,0.0,0.0,0.0,0.0,0.0,0.0,0.0,0.0,0.0,0.0,0.0,0.05789,0.0,0.0,0.0,0.0,0.01583,0.0,0.0,0.0,0.0,0.0,0.0,0.0,0.0,0.0,0.0,0.0,0.0,0.0,0.0,0.0,0.0,0.0,0.0,0.0,0.01302,0.0,0.0,0.0,0.0,0.0,0.0,0.0,0.0,0.0,0.0,0.0,0.0,0.0,0.0,0.0,0.0,0.0,0.0,0.0,0.0,0.0,0.0,0.0,0.0,0.0,0.0,0.0,0.0,0.0,0.0,0.0,0.0,0.0,0.0,0.0,0.0,0.0,0.0,0.0,0.0,0.0,0.0,0.0,0.00066,0.0,0.0,0.0,0.0,0.0,0.0,0.0,0.0,0.0,0.0,0.0,0.0,0.0,0.0,0.0,0.0,0.0,0.0,0.0,0.0,0.0,0.0,0.0,0.0,0.0,0.0,0.0,0.0,0.0,0.0,0.0,0.0,0.0,0.0,0.0,0.0,0.0,0.0,0.0,0.0,0.0,0.0,0.0,0.0,0.0,0.0,0.0,0.0,0.0,0.0,0.0,0.0,0.0,0.0,0.0,0.0,0.0,0.0,0.0,0.0,0.0,0.0,0.0,0.0,0.0,0.0,0.0,0.0
CRR1090789,1,0.04496,2.4888299999999997,0.21275,0.0,1.3808500000000001,14.96189,2.3532399999999996,0.0,5.504499999999999,24.497660000000003,0.22433999999999998,1.79638,0.0,23.930100000000003,4.37575,0.04414,0.02485,0.06479,0.0,0.13049,0.50537,1.60631,0.1665,0.05576,1.6547399999999999,0.0,0.0,0.0932,0.58441,0.0,0.0,0.0,0.0,0.0,0.0,0.013229999999999999,0.0,0.00096,0.0,0.0,0.00426,7.34377,0.0,0.0,0.0,0.0,0.0,0.3248,0.07998,0.0,0.0,0.0,0.0,0.0,0.0,0.0,0.0,0.0,0.0,0.0,0.0,0.0,0.0,0.0,0.0,0.0,0.0,0.0,0.02334,0.01628,0.0,0.21796,0.0,0.08805,0.0,0.0,0.0,0.0,0.0,0.0,0.0,0.0,0.0,0.0,2.33383,0.12533,0.0668,0.0,0.0,0.61578,0.0,0.0,0.07713,0.0,0.0,0.0,0.84592,0.00497,0.0,0.0,0.0,0.0,0.0,0.0,0.0,0.0,0.0,0.0,0.0,0.0,0.0,0.0,1.11201,0.0,0.00137,0.0,0.0,0.0,0.0,0.0,0.0,0.0,0.0,0.0,0.0,0.0,0.0,0.0,0.0,0.0,0.0,0.0,0.0,0.0,0.0,0.0,0.0,0.0,0.0,0.0,0.0,0.0,0.0,0.0,0.0,0.0,0.0,0.0,0.0,0.0,0.0,0.0,0.0,0.0,0.0,0.0,0.0,0.0,0.0,0.0,0.0,0.0,0.0,0.0,0.0,0.0,0.0,0.0,0.0,0.0,0.0,0.0,0.0,0.0,0.0,0.0,0.0,0.0,0.0,0.0,0.0,0.0,0.0,0.0,0.0,0.0,0.0,0.0,0.0,0.0,0.0,0.0,0.0,0.0,0.0,0.0,0.0,0.0,0.0,0.0,0.0,0.0,0.0,0.0,0.0,0.0,0.0,0.0,0.0,0.0,0.0,0.0,0.0,0.0,0.0,0.0,0.0,0.0,0.0,0.0,0.0,0.0,0.0,0.0,0.0,0.0,0.0,0.0,0.0,0.0,0.0,0.0,0.0,0.0,0.0,0.0,0.0,0.0,0.0,0.0,0.0,0.0,0.0,0.0,0.0,0.0,0.0,0.0,0.0,0.0,0.0,0.0,0.0,0.0,0.0,0.0,0.0,0.0,0.0,0.0,0.0,0.0,0.0,0.0,0.0,0.0,0.0,0.0,0.0,0.0,0.0,0.0,0.0,0.0,0.0,0.0,0.0,0.0,0.0,0.0,0.0,0.0,0.0,0.00238,0.0,0.0,0.0,0.0,0.0,0.0,0.0,0.0,0.0,0.0,0.0,0.0,0.0,0.0,0.0,0.0,0.0,0.0,0.0,0.0,0.0,0.0,0.0,0.0,0.0,0.0,0.0,0.0,0.0,0.0,0.0,0.0,0.0,0.0
CRR1090840,0,0.04558,4.025259999999999,0.01394,0.07996,0.58757,16.652209999999997,0.73162,0.0,0.30184000000000005,11.932250000000002,0.15475,0.4544,0.0,12.906080000000003,1.7026400000000002,0.99878,0.02954,1.60185,0.00494,0.07271999999999999,0.18483,0.30605,0.16793999999999995,21.760479999999998,0.45145,0.0,0.0,0.00341,0.43699,0.0,0.00232,0.0,0.0,0.0,0.0,0.03146,0.0,0.0,0.0,0.0,0.02449,0.02981,0.00735,0.03523,0.0,0.0,0.0,0.11725999999999999,0.858,0.0,0.00052,0.0,0.0,0.0,0.0,0.0,0.0,0.0,0.0,0.0,0.0268,0.0,0.0,0.0,0.0,0.02626,0.0,0.03754,0.00799,0.00331,0.0,0.04059,0.0,0.08306,0.0,7.06725,0.0,0.0,0.0,0.0,0.0,0.0,0.0,0.0,14.6327,0.40283,0.0,0.0,0.0,0.07186,0.0,0.0,0.0,0.00158,0.02848,0.0,0.0,0.0,0.0,0.0,0.0,0.0,0.0,0.0,0.0,0.0,0.0,0.0,0.0,0.0,0.0,0.0,0.0,0.8078000000000001,0.0,0.0,0.0,0.0,0.0,0.0,0.0,0.0,0.0,0.0,0.0,0.0,0.0,0.0,0.0,0.0,0.0,0.01102,0.0,0.0,0.0,0.0,0.0,0.0,0.0,0.0,0.0,0.0,0.0,0.0,0.0,0.0,0.0,0.0,0.0,0.0,0.0,0.0,0.0,0.0,0.0,0.0,0.0,0.0,0.0,0.0,0.0,0.0,0.0,0.0,0.0,0.0,0.0,0.0,0.0,0.0,0.0,0.0,0.0,0.0,0.0,0.0,0.0,0.0,0.0,0.0,0.0,0.0,0.0,0.0,0.0,0.0,0.0,0.0,0.0,0.0,0.0,0.0,0.0,0.0,0.0,0.0,0.0,0.0,0.0,0.0,0.0,0.0,0.0,0.0,0.0,0.0,0.0,0.0,0.0,0.0,0.0,0.0,0.0,0.0,0.0,0.0,0.0,0.0,0.0,0.0,0.0,0.0,0.0,0.0,0.0,0.0,0.0,0.0,0.0,0.0,0.0,0.0,0.0,0.0,0.00592,0.0,0.0,0.0,0.0,0.0,0.0,0.0,0.0,0.0,0.0,0.0,0.0,0.03151,0.0,0.0,0.0,0.0,0.0,0.0,0.0,0.0,0.0,0.0,0.0,0.0,0.0,0.0,0.0,0.0,0.0,0.0,0.0,0.0,0.0,0.0,0.0,0.0,0.0,0.0,0.0,0.0,0.0,0.0,0.0,0.0,0.0,0.0,0.0,0.0,0.0,0.0,0.0,0.0,0.0,0.0,0.0,0.0,0.0,0.0,0.0,0.0,0.0,0.0,0.0,0.0,0.0,0.0,0.0,0.0,0.0,0.0,0.0,0.0,0.0,0.0,0.0,0.0,0.0,0.0,0.0,0.0,0.0,0.0
CRR1090790,1,0.0,0.00268,0.0,0.0,0.0,13.60696,0.0,0.0,0.0,0.71289,0.0,0.0,0.0,29.201270000000005,2.2567,0.0,0.0,0.00191,6.40894,0.0,0.818,0.0,2.4415700000000005,26.284730000000003,0.00123,0.0,0.0,0.23265,15.235349999999999,0.0,0.0,0.0,0.0,0.0,0.10256,0.0,0.0,0.0,0.84685,0.0,0.0,0.0,0.18356,0.0,0.0,0.01959,0.0,0.0,0.0,0.0,0.0,0.0,0.0,0.0,0.01312,0.0,0.0,0.0,0.0,0.0,0.0,0.0,0.0,0.0,0.0,0.0,0.0,0.0,0.0,0.0,0.0,0.79583,0.0,0.0,0.0,0.0,0.0,0.0,0.0,0.04849,0.0,0.0,0.0,0.0,0.0,0.0,0.0,0.0,0.0,0.0,0.0,0.0,0.0,0.0,0.0,0.0,0.0,0.0,0.0,0.0,0.08431,0.0,0.0,0.0,0.0,0.0,0.0,0.0,0.0,0.0,0.0,0.0,0.0,0.0,0.0,0.0,0.0,0.0,0.0,0.0,0.0,0.0,0.0,0.0,0.0,0.0,0.0385,0.0,0.0,0.0,0.0,0.0,0.0,0.0,0.0,0.0,0.0,0.0,0.0,0.0,0.0,0.0,0.0,0.0,0.0,0.0,0.0,0.0,0.0,0.0,0.0,0.0,0.0,0.0,0.0,0.0,0.0,0.01184,0.0,0.0,0.0,0.0,0.0,0.0,0.0,0.0,0.0,0.0,0.0,0.0,0.0,0.0,0.0,0.0,0.0,0.0,0.0,0.0,0.0,0.0,0.0,0.0,0.0,0.0,0.0,0.0,0.0,0.0,0.0,0.0,0.0,0.0,0.0,0.0,0.0,0.0,0.0,0.0,0.0,0.0,0.0,0.33586000000000005,0.0,0.0,0.0,0.0,0.0,0.0,0.0,0.0,0.0,0.0,0.0,0.0,0.0,0.0,0.0,0.0,0.0,0.0,0.0,0.0,0.0,0.0,0.0,0.0,0.0,0.0,0.0,0.0,0.0,0.0,0.0,0.0,0.0,0.0135,0.0,0.0,0.0,0.0,0.0,0.0,0.0,0.0,0.0,0.0,0.0,0.0,0.0,0.0,0.0,0.0,0.0,0.0,0.0,0.0,0.0,0.0,0.0,0.0,0.0,0.0,0.0,0.0,0.0,0.0,0.0,0.0,0.0,0.0,0.0,0.0,0.0,0.0,0.0,0.0,0.0,0.0,0.0,0.0,0.0,0.0,0.0,0.00173,0.0,0.0,0.0,0.0,0.29936,0.0,0.0,0.0,0.0,0.0,0.0,0.0,0.0,0.0,0.0,0.0,0.0,0.0,0.0,0.0,0.0,0.0,0.0,0.0,0.0,0.0,0.0,0.0,0.0,0.0,0.0,0.0,0.0,0.0
CRR1090738,0,0.0,3.18947,0.0,0.0,0.9700399999999999,6.7917700000000005,0.92975,0.0,2.3938300000000003,14.327869999999997,0.0,0.0,0.0,31.368800000000014,2.8072000000000004,0.0,0.03119,0.16417,0.018619999999999998,9.61301,0.93133,1.4442,0.99451,10.693629999999999,0.51058,0.0,0.0,0.11638,2.54705,0.0,0.01112,0.0,0.0,0.0,0.0,0.05625,0.0,0.00518,0.0,0.0,0.0,0.0,0.04662,0.0,0.00203,0.00136,0.0,0.16182,0.0,0.0,2.73136,0.0,0.0,0.44448000000000004,0.0,0.0,0.0,0.0,0.0,0.01362,0.0,0.0,0.0,0.05662,0.0,0.010799999999999999,0.0,0.01547,0.0428,0.0,0.0,3.31079,2.28676,0.02259,0.0,0.0,0.0,0.00023,0.0,0.0079,0.09632,0.0,0.00295,0.0,0.0,0.23591,0.0,0.0,0.0,0.29044,0.0,0.0,0.0,0.0,0.0,0.0,0.0,0.0,0.0,0.0,0.0,0.0,0.0,0.0,0.0,0.0,0.0,0.0,0.0,0.0,0.0,0.0,0.0,0.0,0.0,0.0,0.05869,0.0,0.0,0.0,0.0,0.0,0.0,0.0,0.0,0.0,0.0,0.0,0.0,0.0,0.0,0.0,0.24459,0.0,0.0,0.0,0.0,0.0,0.0,0.0,0.0,0.0,0.0,0.0,0.0,0.0,0.0,0.0,0.0,0.0,0.0,0.0,0.0,0.0,0.0,0.0,0.0,0.0,0.0,0.0,0.0,0.0,0.0,0.0,0.0,0.0,0.0,0.0,0.0,0.0,0.0,0.0,0.0,0.0,0.0,0.0,0.0,0.0,0.0,0.0,0.0,0.0,0.0,0.0,0.0,0.0,0.0,0.0,0.0,0.0,0.0,0.0,0.0,0.0,0.0,0.0,0.0,0.0,0.0,0.0,0.0,0.0,0.0,0.0,0.0,0.0,0.0,0.0,0.0,0.0,0.0,0.0,0.0,0.0,0.0,0.0,0.0,0.0,0.0,0.0,0.0,0.0,0.0,0.0,0.0,0.0,0.0,0.0,0.0,0.0,0.0,0.0,0.0,0.0,0.0,0.0,0.0,0.0,0.0,0.0,0.0,0.0,0.0,0.0,0.0,0.0,0.0,0.0,0.0,0.0,0.0,0.0,0.0,0.0,0.0,0.0,0.0,0.0,0.0,0.0,0.0,0.0,0.0,0.0,0.0,0.0,0.0,0.0,0.0,0.0,0.0,0.0,0.0,0.0,0.0,0.0,0.0,0.0,0.0,0.0,0.0,0.0,0.0,0.0,0.0,0.0,0.0,0.0,0.0,0.0,0.0,0.0,0.0,0.0,0.0,0.0,0.0,0.0,0.0,0.0,0.0,0.0,0.0,0.0,0.0,0.0,0.0,0.0,0.0,0.0,0.0,0.0,0.0,0.0,0.0,0.0,0.0,0.0
CRR1090777,1,0.0,11.55386,0.0,0.0,0.9318,23.9073,0.27334,0.0,0.30622,18.499429999999997,0.7673300000000001,0.40181,0.0,16.001270000000005,2.3878700000000004,0.02882,0.08141,0.0832,0.0407,3.0550800000000002,0.87562,0.00396,2.80133,2.89334,1.45251,0.0,0.0,0.46088,0.22455000000000003,0.0,0.04073,0.0,0.0,0.0,0.00629,0.08856,0.01127,0.0,0.00868,0.0,0.0,0.0,0.01329,0.0,0.0,0.00213,0.0,1.27967,0.00565,0.0,0.0,0.0,0.0,0.0,0.02965,0.0,0.0,0.0,0.0,0.0685,0.0,0.12876,0.0,0.04399,0.0,0.0238,0.0,0.00333,0.02338,0.0158,0.0,0.00232,0.0,0.20293,0.0,0.0,0.0,0.01246,0.0,0.0067,0.0,0.0,0.02236,0.0,0.0,0.12865,0.0,0.0,0.0,0.0,0.0,0.0,0.0,0.0,0.0,0.0,0.0,0.0,0.00767,10.75568,0.01842,0.0,0.0,0.0,0.0,0.0,0.0,0.0,0.0,0.0,0.0,0.01772,0.0,0.0,0.0,0.0,0.0,0.0,0.0,0.0,0.0,0.0,0.0,0.0,0.0,0.0,0.0,0.0,0.0,0.0,0.0,0.0,0.0,0.0,0.0,0.0,0.0,0.0,0.0,0.0,0.0,0.0,0.0,0.0,0.0,0.0,0.0,0.0,0.0,0.0,0.0,0.0,0.0,0.0,0.0,0.0,0.0,0.0,0.0,0.0,0.0,0.0,0.0,0.0,0.0,0.0,0.0,0.0,0.0,0.0,0.0,0.0,0.0,0.0,0.0,0.0,0.0,0.0,0.0,0.0,0.0,0.0,0.0,0.0,0.0,0.0,0.0,0.0,0.0,0.0,0.0,0.0,0.0,0.0,0.0,0.0,0.0,0.0,0.0,0.0,0.0,0.0,0.0,0.0,0.0,0.0,0.0,0.0,0.0,0.0,0.0,0.0,0.0,0.0,0.0,0.0,0.0,0.0,0.0,0.0,0.0,0.0,0.0,0.0,0.0,0.0,0.0,0.0,0.0,0.0,0.0,0.0,0.0,0.0,0.0,0.0,0.0,0.0,0.0,0.0,0.0,0.0,0.0,0.0,0.0,0.0,0.0,0.0,0.0,0.0,0.0,0.0,0.0,0.0,0.0,0.0,0.0,0.0,0.0,0.0,0.0,0.0,0.0,0.0,0.0,0.0,0.0,0.0,0.0,0.0,0.0,0.0,0.0,0.0,0.0,0.0,0.0,0.0,0.0,0.0,0.0,0.0,0.0,0.0,0.0,0.0,0.0,0.0,0.0,0.0,0.0,0.0,0.0,0.0,0.0,0.0,0.0,0.0,0.0,0.0,0.0,0.0,0.0,0.0,0.0,0.0,0.0,0.0,0.0,0.0,0.0,0.0,0.0,0.0,0.0,0.0,0.0,0.0
CRR1090820,1,0.00855,22.731009999999998,1.2083300000000001,0.0,1.01322,14.54628,0.41809,1.02293,1.5963,15.439639999999997,0.6814100000000001,0.14898,0.0,8.65426,0.25602,0.34445000000000003,0.02321,0.30085999999999996,0.09533,0.19286,0.020499999999999997,3.64927,0.0,0.0,3.5722799999999997,0.0,0.0,0.00264,0.32739999999999997,0.0,0.0,0.05612,0.0,0.05431,0.29456,0.01326,0.0,0.11311,0.0,0.04994,0.39609999999999995,0.0,0.05357999999999999,0.0,0.0,0.00903,0.0,0.05491,0.11282,0.0,0.0,0.0,0.0,1.90037,0.0,0.0,0.1365,0.02312,0.0,0.0,0.09187,0.0,0.0,0.00786,0.0,0.01822,0.0,0.04496,0.0,0.0,0.0,0.05858,0.82817,0.00122,0.0423,5.23226,0.05834,0.0,0.01158,0.0,0.0,0.0,0.0,0.0,4.99253,0.0,0.0,0.0,0.0,0.0,2.2129,0.0,0.12567,0.0,0.00094,0.0,0.0,0.0,0.0,0.0,0.00299,0.00236,0.04187,0.0,0.13707,0.0,0.0,0.04185,0.00336,0.0,0.00983,0.0,0.0,0.27265,0.0,0.0,0.0,0.0,0.0,0.0,0.0,0.68305,0.0,0.0,0.00596,0.00053,0.0,0.0,0.0,0.00759,0.0,0.0,0.00418,0.0,0.0,0.15081,0.19266000000000003,0.01284,0.0,0.0,0.0,0.0,0.0,0.7894,0.04655,0.0,0.0,0.00028,0.00745,0.01147,0.0,0.0,0.02101,0.04436,0.01596,0.0,0.0,0.0,0.0,0.0,0.0,0.0,0.22918,0.0,0.07329,0.0,0.0,0.0,0.0,0.00255,0.0,0.0,0.0,0.0,0.0,0.0,0.48265,0.01471,0.0,0.0,0.31942,0.0,0.0,0.0,0.0,0.0,0.0,0.0,0.0,0.0,0.0,0.0,0.0,0.0,0.0,0.0,0.0,0.0,0.0,0.0,0.0,0.0,0.0,0.0,1.5039500000000001,0.0,0.009,0.0,0.08869,0.0,0.0,0.07642,0.0,0.0,0.0,0.0,0.0,0.00108,0.0,0.0,0.0,0.0,0.0,0.0,0.0,0.0,0.0,0.0,0.0,0.0,0.0,0.0,0.0,0.0,0.0,0.0,0.0,0.0,0.0,0.0,0.0,0.0,0.0,0.0,0.0,0.0,0.0,0.01071,0.0,0.0,0.0,0.0,0.0,0.0,0.0,0.0,0.0,0.0,0.0,0.0,0.0,0.0,0.0,0.0,0.0,0.0,0.0,0.0,0.0,0.0,0.0,0.0,0.0,0.0,0.0,0.0,0.0,0.0,0.0,0.0,0.0,0.0,0.0,0.0,0.0,0.0,0.0,0.0,0.0,0.85313,0.35237,0.14685,0.03223,0.02596,0.01788,0.00209,0.00188,0.00091,0.0,0.0,0.0,0.0,0.0,0.0,0.0,0.0,0.0,0.0,0.0,0.0,0.0,0.0,0.0,0.0,0.0,0.0,0.0,0.0
CRR1090779,1,0.0,2.42292,0.0,0.0,0.01486,4.88983,10.23186,0.0,2.2087399999999997,6.323759999999999,0.0814,0.02029,0.53262,27.267,2.2493499999999993,0.0,0.20813,0.84955,0.3297399999999999,4.5304,1.6684999999999999,3.63703,1.3703900000000002,0.00233,4.6783,0.0,0.01135,0.28278000000000003,23.791610000000002,0.0,0.06049,0.0,0.0,0.0,0.0,0.06570000000000001,0.01764,0.0,0.00104,0.0,0.04615,0.0,0.26375000000000004,0.0,0.0,0.7213400000000001,0.00364,0.01298,0.0,0.0,0.0,0.0,0.0,0.12387,0.02102,0.0,0.0,0.0,0.0,0.04342,0.02726,0.043,0.0,0.0,0.0,0.0037400000000000003,0.0,0.08066,0.33068,0.0,0.0,0.03756,0.10319,0.0,0.04678,0.0,0.0,0.0,0.00747,0.01188,0.0654,0.0,0.05034,0.0,0.0104,0.05686,0.0,0.0,0.0,0.0,0.0,0.0,0.0,0.0473,0.00292,0.0,0.0,0.00319,0.01606,0.0,0.02537,0.0,0.01112,0.0,0.0,0.0,0.0,0.0,0.0,0.0,0.0,0.0,0.0,0.0,0.0,0.0,0.0,0.0,0.0,0.0,0.0,0.0,0.0,0.0,0.0,0.0,0.0,0.0,0.0,0.0,0.0,0.0,0.0,0.0,0.0,0.0,0.0,0.0,0.0,0.0,0.0,0.0,0.0,0.0,0.0,0.0,0.0,0.0,0.0,0.0,0.0,0.0,0.0,0.0,0.0,0.0,0.00267,0.0,0.00276,0.0145,0.0,0.0,0.0,0.00599,0.00915,0.0,0.0,0.0,0.0,0.0,0.0,0.0,0.0,0.0,0.0,0.0,0.0,0.0,0.0,0.0,0.0,0.0,0.0,0.0,0.0,0.0,0.0,0.0,0.0,0.0,0.0,0.0,0.0,0.0,0.0,0.0,0.0,0.0,0.0,0.0,0.0,0.0,0.0,0.0,0.0,0.0,0.0,0.0,0.0,0.0,0.0,0.0,0.0,0.0,0.0,0.0,0.0,0.0,0.0,0.0,0.0,0.0,0.0,0.0,0.0,0.0,0.0,0.0,0.0,0.0,0.0,0.0,0.0,0.0,0.0,0.0,0.0,0.0,0.0,0.0,0.0,0.0,0.0,0.0,0.0,0.0,0.0,0.0,0.0,0.0,0.0,0.0,0.0,0.0,0.0,0.0,0.0,0.0,0.0,0.0,0.0,0.0,0.0,0.0,0.0,0.0,0.0,0.0,0.0,0.0,0.0,0.0,0.0,0.0,0.0,0.0,0.0,0.0,0.0,0.0,0.0,0.0,0.0,0.0,0.0,0.0,0.0,0.0,0.0,0.0,0.0,0.0,0.0,0.0,0.0,0.0,0.0,0.0,0.0,0.0,0.0,0.0,0.0,0.0,0.0,0.0,0.0,0.0,0.0,0.0,0.0,0.0,0.0,0.0,0.0,0.0,0.0,0.0
CRR1090783,0,0.030400000000000003,0.5625899999999999,0.01932,0.0,0.07703,1.83569,4.207380000000001,0.0,1.2267499999999998,22.02687000000001,0.01038,0.01539,0.0,29.00079,1.0596499999999998,0.05078,0.17507,0.5238499999999999,0.61667,0.5598100000000001,0.45289999999999997,3.62435,2.868439999999999,2.5933599999999997,0.47275,0.0,0.00242,1.1601100000000002,14.667589999999999,0.0,0.03538,0.0,0.0,0.0,0.0907,0.03616,0.00337,0.0,0.020980000000000002,0.0,0.00539,0.13502,0.17824000000000004,0.0,0.02614,0.0194,0.0,0.02711,0.04994,0.0,0.0,0.0,0.0,0.0,0.059699999999999996,0.0,0.0,0.0,0.0,0.0,0.0,0.00118,0.0,0.0203,0.0,0.0,0.0,0.0,0.13352,0.02221,0.0,0.40768,0.0,0.02339,0.0,0.10909,0.0,0.0,0.0,0.05326,0.0,0.0,0.19489,0.0,0.0063,0.01877,0.03598,0.0,0.0,0.16689,0.0,0.0,0.0,0.0623,0.01088,0.0,0.0,0.00194,0.00921,10.14878,0.02708,0.0,0.0,0.0,0.0,0.0,0.0,0.0,0.0,0.0,0.0,0.0,0.0,0.0,0.0,0.0,0.0,0.0,0.0,0.0,0.0,0.0,0.0,0.0,0.0,0.0,0.0,0.0,0.0,0.0,0.0,0.0,0.00081,0.0,0.0,0.0,0.0,0.0,0.0,0.0,0.0,0.0,0.0,0.0,0.0,0.0,0.0,0.0,0.0,0.0,0.0,0.0,0.0,0.0,0.0,0.0,0.0,0.01196,0.0,0.0,0.0,0.0,0.0,0.0,0.00229,0.0,0.0,0.0,0.0,0.0,0.0,0.0,0.0,0.0,0.0,0.0,0.0,0.0,0.0,0.0,0.0,0.0,0.0,0.0,0.0,0.0,0.0,0.0,0.0,0.0,0.0,0.0,0.0,0.00358,0.0,0.0,0.0,0.0,0.0,0.0,0.0,0.0,0.0,0.0,0.0,0.0,0.0,0.0,0.0,0.0,0.0,0.0,0.0,0.0,0.0,0.0,0.0,0.0,0.0,0.0,0.0,0.0,0.0,0.0,0.0,0.0,0.0,0.0,0.0,0.0,0.0,0.0,0.0,0.0,0.0,0.0,0.0,0.0,0.0,0.0,0.0,0.0,0.0,0.0,0.0,0.0,0.0,0.0,0.0,0.0,0.0,0.0,0.0,0.0,0.0,0.0,0.0,0.0,0.0,0.0,0.0,0.0,0.0,0.0,0.0,0.0,0.0,0.0,0.0,0.0,0.0,0.0,0.0,0.0,0.0,0.0,0.0,0.0,0.0,0.0,0.0,0.0,0.0,0.0,0.0,0.0,0.0,0.0,0.0,0.0,0.0,0.0,0.0,0.0,0.0,0.0,0.0,0.0,0.0,0.0,0.0,0.0,0.0,0.0,0.0,0.0,0.0,0.0,0.0,0.0,0.0,0.0,0.0,0.0,0.0,0.0,0.0,0.0
CRR1090787,1,0.01777,3.00616,1.32099,0.0,0.05065,3.7132500000000004,0.42169,0.0,2.84334,25.571720000000003,0.11792,0.00099,0.0,28.614639999999998,1.6029899999999997,0.010239999999999999,0.02234,0.09615,2.5021899999999992,0.82388,1.15917,1.06814,8.727850000000004,1.19757,1.5757400000000001,0.0,0.0,0.47639,0.21865,0.0,0.02835,0.0,0.0,0.0,0.7259099999999999,0.022690000000000002,0.00023,0.00585,0.0,0.0,0.0,0.04757,0.08719,0.0,0.0,0.07532,0.00051,0.03784,0.0,0.0,0.0,0.0,0.0,0.00229,0.0,0.0,0.0,0.0,0.0,0.0,0.0,0.0,0.0,0.00482,0.0,0.0,0.0,0.0,0.04761,0.0,0.0,0.08489000000000001,3.63738,0.0557,0.0,0.0,0.0,0.00217,0.0,0.01487,0.0,0.0,0.0,0.0,4.98973,0.04946,0.00095,0.0,0.0,0.0,0.0,0.0,0.65434,0.00363,0.0,0.0,0.05335,0.03023,0.0,4.15563,0.00922,0.0,0.0,0.0,0.0,0.0,0.01054,0.0,0.0,0.0,0.0,0.0,0.0,0.0,0.0,0.0,0.0,0.0,0.0,0.0,0.0,0.0,0.0,0.0,0.0,0.0,0.0,0.0,0.0,0.0,0.0,0.0,0.0,0.0,0.0,0.0,0.0,0.0,0.0,0.0,0.0,0.0,0.0,0.0,0.0,0.0,0.0,0.0,0.0,0.0,0.0,0.0,0.0,0.0,0.0,0.0,0.0,0.0,0.0,0.0,0.0,0.0,0.0,0.0,0.0,0.0,0.0,0.0,0.0,0.0,0.0,0.0,0.0,0.0,0.0,0.0,0.0,0.0,0.0,0.0,0.0,0.0,0.0,0.0,0.0,0.0,0.0,0.0,0.0,0.0,0.0,0.0,0.0,0.0,0.0,0.0,0.0,0.0,0.0,0.0,0.0,0.0,0.0,0.0,0.0,0.0,0.0,0.0,0.0,0.0,0.0,0.0,0.0,0.0,0.0,0.0,0.0,0.0,0.0,0.0,0.0,0.0,0.0,0.0,0.0,0.0,0.0,0.0,0.0,0.0,0.0,0.0,0.0,0.0,0.0,0.0,0.0,0.0,0.0,0.0,0.0,0.0,0.0,0.0,0.0,0.0,0.0,0.0,0.0,0.0,0.0,0.0,0.0,0.0,0.0,0.0,0.0,0.0,0.0,0.0,0.0,0.0,0.0,0.0,0.0,0.0,0.0,0.0,0.0,0.0,0.0,0.0,0.0,0.0,0.0,0.0,0.0,0.0,0.0,0.0,0.0,0.0,0.0,0.00125,0.0,0.0,0.0,0.0,0.0,0.0,0.0,0.0,0.0,0.0,0.0,0.0,0.0,0.0,0.0,0.0,0.0,0.0,0.0,0.0,0.0,0.0,0.0,0.0,0.0,0.0,0.0,0.0,0.0,0.0,0.0,0.0,0.0,0.0
CRR1090775,1,0.0,2.28996,0.0,0.0,1.65977,22.070439999999998,0.0,0.0,0.23388,17.772760000000005,0.10223,0.08438,0.0,22.107830000000003,14.549190000000001,0.0,0.0,0.246,0.11273,0.68159,1.4722600000000001,0.0,0.21263,0.09389,1.10355,0.0,0.0,0.00374,0.25676,0.0,0.05021,0.0,0.0,0.0,0.00097,0.09238,0.0028,0.0,0.0,0.0,0.0,0.0,0.05953,0.0,0.0,0.00544,0.0,14.32941,0.10923,0.0,0.0,0.0,0.0,0.0,0.0,0.0,0.0,0.0,0.0,0.0,0.0,0.0,0.0,0.0104,0.0,0.0,0.0,0.0,0.0,0.0,0.0,0.0,0.0,0.00595,0.0,0.0,0.0,0.0,0.0,0.0,0.0,0.0,0.0,0.0,0.0,0.25601,0.0,0.0,0.0,0.0,0.0,0.0,0.0,0.0,0.0005,0.0,0.0,0.0,0.00305,0.0,0.00222,0.0,0.0,0.0,0.0,0.0,0.0,0.0,0.0,0.0,0.0,0.0,0.0,0.0,0.0,0.0,0.0,0.0,0.0,0.0,0.0,0.0,0.0,0.0,0.0,0.0,0.0,0.0,0.0,0.0,0.0,0.0,0.0,0.0,0.0,0.0,0.0,0.0,0.0,0.0,0.0,0.0,0.0,0.0,0.0,0.0,0.0,0.0,0.0,0.0,0.0,0.0,0.0,0.0,0.0,0.0,0.0,0.0,0.0,0.0,0.0,0.0,0.0,0.0116,0.0,0.0,0.0,0.0,0.0,0.0,0.0,0.0,0.0,0.00668,0.0,0.0,0.0,0.0,0.0,0.0,0.0,0.0,0.0,0.0,0.0,0.0,0.0,0.0,0.0,0.0,0.0,0.0,0.0,0.0,0.0,0.0,0.0,0.0,0.0,0.0,0.0,0.0,0.0,0.0,0.0,0.0,0.0,0.0,0.0,0.0,0.0,0.0,0.0,0.0,0.0,0.0,0.0,0.0,0.0,0.0,0.0,0.0,0.0,0.0,0.0,0.0,0.0,0.0,0.0,0.0,0.0,0.0,0.0,0.0,0.0,0.0,0.0,0.0,0.0,0.0,0.0,0.0,0.0,0.0,0.0,0.0,0.0,0.0,0.0,0.0,0.0,0.0,0.0,0.0,0.0,0.0,0.0,0.0,0.0,0.0,0.0,0.0,0.0,0.0,0.0,0.0,0.0,0.0,0.0,0.0,0.0,0.0,0.0,0.0,0.0,0.0,0.0,0.0,0.0,0.0,0.0,0.0,0.0,0.0,0.0,0.0,0.0,0.0,0.0,0.0,0.0,0.0,0.0,0.0,0.0,0.0,0.0,0.0,0.0,0.0,0.0,0.0,0.0,0.0,0.0,0.0,0.0,0.0,0.0,0.0,0.0,0.0,0.0,0.0,0.0,0.0,0.0,0.0
CRR1090815,0,0.0,0.18972,0.0,0.0,1.02903,23.56313,0.0,0.0,0.0,6.08569,0.0,4.99978,2.07431,23.89481,2.6174100000000005,0.12148,0.0,0.01546,0.0,2.39295,2.09796,0.0,0.53878,0.02406,7.129270000000001,0.0,0.0,0.2912,18.238949999999996,0.0,0.01241,0.0,0.0,0.0,0.0,0.06638000000000001,0.0,0.0,0.2549,0.0,0.0,0.0,0.15170999999999998,0.0,0.0,0.48823,0.0,0.37753,0.0,0.0,0.0,0.0,0.0,0.0,0.0,0.0,0.0,0.0,0.0,0.0,0.0,0.0,0.0,0.0,0.0,0.0,0.0,0.0,0.09131,0.0,0.0,0.38181,0.0,0.0,0.0,0.0,0.0,0.0,0.0,0.01341,0.0,0.0,0.0,0.0,0.0,0.0,0.0,0.02975,0.0,0.0,0.0,0.0,0.0,0.0,0.0,0.0,0.00449,0.00425,0.00558,0.0,0.0,0.0,0.0,0.0,0.0,0.0,0.0,0.0,0.0,0.0,0.0,0.0,0.0,0.031439999999999996,0.0,0.0,0.0,0.0,0.0,0.0,0.0,0.0,0.0,0.0,0.0,0.0,0.0,0.0,0.0,0.0,0.0,0.0,0.0,0.0,0.0,0.0,0.0,0.0,0.0,0.0,0.0,0.0,0.0,0.0,0.0,0.0,0.0,0.0,0.0,0.0,0.0,0.0,0.0,0.0,0.0,0.0,0.0,0.0,0.0,0.0,0.0,0.0,0.0,2.70011,0.0,0.0,0.0,0.0,0.0,0.0,0.0,0.0,0.0,0.0,0.0,0.0,0.0,0.0,0.0,0.0,0.0,0.0,0.0,0.0,0.0,0.0,0.0,0.0,0.0,0.0,0.0,0.0,0.00083,0.0,0.0,0.0,0.0,0.0,0.0,0.0,0.0,0.0,0.0,0.0,0.0,0.08191,0.0,0.0,0.0,0.0,0.0,0.0,0.0,0.0,0.0,0.0,0.0,0.0,0.0,0.0,0.0,0.0,0.0,0.0,0.0,0.0,0.0,0.0,0.0,0.0,0.0,0.0,0.0,0.0,0.0,0.0,0.0,0.0,0.0,0.0,0.0,0.0,0.0,0.0,0.0,0.0,0.0,0.0,0.0,0.0,0.0,0.0,0.0,0.0,0.0,0.0,0.0,0.0,0.0,0.0,0.0,0.0,0.0,0.0,0.0,0.0,0.0,0.0,0.0,0.0,0.0,0.0,0.0,0.0,0.0,0.0,0.0,0.0,0.0,0.0,0.0,0.0,0.0,0.0,0.0,0.0,0.0,0.0,0.0,0.0,0.0,0.0,0.0,0.0,0.0,0.0,0.0,0.0,0.0,0.0,0.0,0.0,0.0,0.0,0.0,0.0,0.0,0.0,0.0,0.0,0.0,0.0,0.0,0.0,0.0,0.0,0.0,0.0
CRR1090825,0,0.0,0.0,0.01499,0.0,1.05027,14.453599999999998,0.0,0.0,0.4222,11.66171,0.0,0.0,0.0,33.47247,4.94059,0.0,0.0,0.0567,0.06269,0.7438,1.07278,0.0,0.11191000000000001,0.98076,0.0,0.0,0.0,0.0,14.311530000000001,0.0,0.0,0.0,0.0,0.0,0.00939,0.060669999999999995,0.0,0.0,0.30906,0.0,0.0,0.0,0.057280000000000005,0.0,0.0,0.0,0.0,0.24155,0.0,0.0,0.0,0.0,0.0,0.0,0.0,0.0,0.0,0.0,0.0,0.0,0.0,0.0,0.0,0.0,0.0,0.0,0.0,0.0,0.19237,0.0,0.0,14.934069999999998,0.0,0.0,0.0,0.0,0.0,0.0,0.0,0.018,0.0,0.0,0.0,0.0,0.0,0.00156,0.0,0.0,0.0,0.0,0.0,0.0,0.0,0.0,0.0,0.0,0.81886,0.0,0.0,0.0,0.0,0.0,0.0,0.0,0.0,0.0,0.0,0.0,0.0,0.0,0.0,0.0,0.0,0.0,0.0,0.0,0.0,0.0,0.0,0.0,0.0,0.0,0.0,0.0,0.0,0.0,0.0,0.0,0.0,0.0,0.0,0.0,0.0,0.0,0.0,0.0,0.0,0.0,0.0,0.0,0.0,0.0,0.0,0.0,0.0,0.0,0.0,0.0,0.0,0.0,0.0,0.0,0.0,0.0,0.0,0.0,0.0,0.0,0.0,0.0,0.0,0.0,0.0,0.0,0.0,0.0,0.0,0.0,0.0,0.0,0.0,0.0,0.0,0.0,0.0,0.0,0.0,0.0,0.0,0.0,0.0,0.0,0.0,0.0,0.0,0.0,0.0,0.0,0.0,0.0,0.0,0.0,0.0,0.0,0.0,0.0,0.0,0.0,0.0,0.0,0.0,0.0,0.0,0.00121,0.0,0.0,0.0,0.0,0.0,0.0,0.0,0.0,0.0,0.0,0.0,0.0,0.0,0.0,0.0,0.0,0.0,0.0,0.0,0.0,0.0,0.0,0.0,0.0,0.0,0.0,0.0,0.0,0.0,0.0,0.0,0.0,0.0,0.0,0.0,0.0,0.0,0.0,0.0,0.0,0.0,0.0,0.0,0.0,0.0,0.0,0.0,0.0,0.0,0.0,0.0,0.0,0.0,0.0,0.0,0.0,0.0,0.0,0.0,0.0,0.0,0.0,0.0,0.0,0.0,0.0,0.0,0.0,0.0,0.0,0.0,0.0,0.0,0.0,0.0,0.0,0.0,0.0,0.0,0.0,0.0,0.0,0.0,0.0,0.0,0.0,0.0,0.0,0.0,0.0,0.0,0.0,0.0,0.0,0.0,0.0,0.0,0.0,0.0,0.0,0.0,0.0,0.0,0.0,0.0,0.0,0.0,0.0,0.0,0.0,0.0,0.0,0.0,0.0
CRR1090819,1,0.0,0.10209,0.0,0.0,0.07081000000000001,2.4000100000000004,0.01289,0.0,0.025759999999999998,2.9325999999999994,0.01114,0.86148,0.0,68.25195,1.55273,0.02186,0.0,0.11434,0.0174,0.58138,9.268820000000002,0.0,1.3240000000000003,0.02853,0.93923,0.0,0.00396,0.5674899999999999,8.93008,0.0,0.03817,0.0,0.0,0.0,0.0,0.027309999999999997,0.0,0.0,0.56788,0.0,0.0,0.0,0.01987,0.0,0.0,0.00351,0.0,0.12194,0.0,0.0,0.0,0.0,0.0,0.0,0.00403,0.0,0.0,0.0,0.0,0.0,0.0,0.0,0.0,0.0,0.0,0.0,0.0,0.0,0.24568,0.0,0.0,0.00579,0.0,0.03855,0.0,0.0,0.0,0.0,0.0,0.013750000000000002,0.0,0.0,0.0,0.08778,0.0,0.74272,0.0,0.0,0.0,0.04804,0.0,0.0,0.0,0.00062,0.0,0.0,0.0,0.0,0.00178,0.0,0.01007,0.0,0.0,0.0,0.0,0.0,0.0,0.0,0.0,0.0,0.0,0.0,0.0,0.0,0.0,0.0,0.0,0.0,0.0,0.0,0.0,0.0,0.0,0.0,0.0,0.0,0.0,0.0,0.0,0.0,0.0,0.0,0.0,0.0,0.0,0.0,0.0,0.0,0.0,0.0,0.0,0.0,0.0,0.0,0.0,0.0,0.0,0.0,0.0,0.0,0.0,0.0,0.0,0.0,0.0,0.0,0.0,0.0,0.0,0.00392,0.0,0.0,0.0,0.0,0.0,0.0,0.0,0.0,0.0,0.0,0.0,0.0,0.0,0.0,0.0,0.0,0.0,0.0,0.0,0.0,0.0,0.0,0.0,0.0,0.0,0.0,0.0,0.0,0.0,0.0,0.0,0.0,0.0,0.0,0.0,0.0,0.0,0.0,0.0,0.0,0.0,0.0,0.0,0.0,0.0,0.0,0.0,0.0,0.0,0.0,0.0,0.0,0.0,0.0,0.0,0.0,0.0,0.0,0.0,0.0,0.0,0.0,0.0,0.0,0.0,0.0,0.0,0.0,0.0,0.0,0.0,0.0,0.0,0.0,0.0,0.0,0.0,0.0,0.0,0.0,0.0,0.0,0.0,0.0,0.0,0.0,0.0,0.0,0.0,0.0,0.0,0.0,0.0,0.0,0.0,0.0,0.0,0.0,0.0,0.0,0.0,0.0,0.0,0.0,0.0,0.0,0.0,0.0,0.0,0.0,0.0,0.0,0.0,0.0,0.0,0.0,0.0,0.0,0.0,0.0,0.0,0.0,0.0,0.0,0.0,0.0,0.0,0.0,0.0,0.0,0.0,0.0,0.0,0.0,0.0,0.0,0.0,0.0,0.0,0.0,0.0,0.0,0.0,0.0,0.0,0.0,0.0,0.0,0.0,0.0,0.0,0.0,0.0,0.0,0.0,0.0,0.0,0.0
CRR1090778,1,0.11957,4.8774,2.21631,0.0,0.43429,8.538900000000002,0.00818,0.09262,10.043070000000002,13.324129999999997,0.23872,0.11234,0.0,6.942380000000002,1.2739200000000002,0.24709,0.11982999999999999,0.76925,0.30722999999999995,0.5301,1.0680800000000001,1.09355,2.1177799999999998,20.91993,1.66083,0.00615,0.0,0.11251,0.29605,0.0,0.0062,0.0,0.0,0.09916,0.0,0.0985,0.00054,0.0,0.0,0.10638,0.42152999999999996,0.0,0.20847999999999997,0.0,0.0,0.034210000000000004,0.0,0.02821,0.0614,0.06817,0.12495,0.0,0.37736,1.92386,0.24291000000000001,0.0,0.0,0.00287,0.0,0.0203,0.0,0.0,0.0,0.0243,0.0,0.01998,0.00147,0.00395,0.02047,0.0,0.0,0.0,1.4311099999999999,0.0604,0.07869,0.74825,0.02023,0.0,0.0,0.042120000000000005,0.0,0.0,0.12573,0.0,3.39287,0.00813,0.06041,0.0,0.0,0.0,0.0,0.0,0.0,0.0027,0.0,0.0,0.0,0.13411,0.04567,7.56894,0.11013999999999999,0.00452,0.24932,0.0,0.0,0.10379,0.11878,0.0,0.0,0.10606,0.0,0.10195,0.0,0.0,0.0,0.0,0.0,0.0,0.0,0.0,0.0,0.1459,0.0,0.0,0.0,0.0,0.0,0.0,0.0,0.0,0.0,0.0,1.03968,0.0,1.47951,0.0,0.11005,0.0,0.0,0.0,0.0,0.0,0.0,0.1533,0.10519,0.0,0.0,0.00395,0.00155,0.15171,0.0,0.0,0.0,0.0,0.09993,0.0,0.0,0.0,0.0,0.04549,0.23697,0.0,0.39374,0.0,0.05279,0.0,0.0,0.0,0.0,0.0,0.0,0.0,0.0,0.0,0.0,0.0,0.0,0.0,0.0,0.0,0.0,0.0,0.0,0.0,0.0,0.0,0.0,0.0,0.0,0.0,0.0,0.0,0.0,0.01753,0.0,0.0,0.0,0.0,0.0,0.0,0.0,0.0,0.0,0.0,0.0,0.0,0.0,0.0,0.0,0.06266,0.0,0.0,0.0,0.0,0.0,0.0,0.0,0.0,0.0,0.0,0.0,0.0,0.0,0.0,0.0,0.0,0.0167,0.0,0.0,0.0,0.0,0.0,0.0,0.0,0.0,0.0,0.0,0.0,0.0,0.0,0.0,0.0,0.0,0.0,0.0,0.0,0.0,0.00399,0.0,0.0,0.0,0.0,0.0,0.0,0.0,0.0,0.0,0.0,0.0,0.0,0.0,0.0,0.0,0.0,0.0,0.0,0.0,0.0,0.0,0.0,0.0,0.0,0.0,0.0,0.0,0.0,0.0,0.0,0.0,0.0,0.0,0.0,0.0,0.0,0.0,0.0,0.0,0.0,0.0,0.0,0.0,0.0,0.0,0.0,0.0,0.0,0.0,0.0,0.0,0.0,0.0,0.0,0.0,0.0,0.0,0.0,0.0,0.0,0.0,0.0,0.0,0.0,0.0,0.0,0.0,0.0,0.0,0.0
CRR1090773,1,0.00866,7.114090000000001,0.15632,0.00443,0.79666,18.87656,0.69261,0.0,1.96325,18.43204999999999,0.50474,0.24265,0.0,33.669779999999996,0.7627699999999998,0.00338,0.00809,0.41625999999999996,0.0,2.0863400000000003,1.63604,0.14623,1.1302699999999999,0.1134,8.21818,0.0,0.0,0.15907,0.013470000000000001,0.0,0.00171,0.0,0.0,0.0,0.00747,0.00164,0.0,0.0,0.0,0.0,0.91492,0.0,0.04833,0.0,0.02041,0.0,0.0,0.01513,0.0,0.0,0.0,0.0,0.0,0.0,0.0,0.0,0.0,0.0,0.0,0.00778,0.0,0.0,0.0,0.05319,0.0,0.1038,0.0,0.00685,0.01669,0.00527,0.0,0.0,0.0,0.0,0.0754,0.0,0.0,0.0,0.0,0.0,0.00761,0.0,0.05158,0.0,0.0,0.08608,0.0,0.0,0.0,1.21177,0.16586,0.0,0.0,0.01043,0.0,0.0,0.0,0.0,0.0,0.0,0.00566,0.0,0.0,0.0,0.0,0.0,0.0,0.0,0.0,0.0,0.00741,0.0,0.0,0.0,0.0,0.0,0.0,0.0,0.0,0.0,0.0,0.0,0.0,0.0,0.0,0.0,0.0,0.0,0.0,0.0,0.0,0.0,0.0,0.0,0.0,0.0,0.0,0.0,0.0,0.0,0.0,0.0,0.0,0.0,0.0,0.0,0.0,0.0,0.0,0.0,0.0,0.0,0.0,0.0,0.0,0.0,0.0,0.0,0.0,0.0,0.0,0.0,0.0,0.0,0.0,0.0,0.0,0.0,0.0,0.0,0.0,0.0,0.0,0.0,0.0,0.0,0.0,0.0,0.0,0.0,0.0,0.0,0.0,0.0,0.0,0.0,0.0,0.0,0.0,0.0,0.0,0.0,0.0,0.0,0.0,0.0,0.0,0.0,0.0,0.0,0.0,0.0,0.0,0.0,0.0,0.0,0.0,0.0,0.0,0.0,0.0,0.0,0.0,0.0,0.0,0.0,0.0,0.0,0.0,0.0,0.0,0.0,0.0,0.0,0.0,0.01834,0.0,0.0,0.0,0.0,0.0,0.0,0.0,0.00135,0.0,0.0,0.0,0.0,0.0,0.0,0.0,0.0,0.0,0.0,0.0,0.0,0.0,0.0,0.0,0.0,0.0,0.0,0.0,0.0,0.0,0.0,0.0,0.0,0.0,0.0,0.0,0.0,0.0,0.0,0.0,0.0,0.0,0.0,0.0,0.0,0.0,0.0,0.0,0.0,0.0,0.0,0.0,0.0,0.0,0.0,0.0,0.0,0.0,0.0,0.0,0.0,0.0,0.0,0.0,0.0,0.0,0.0,0.0,0.0,0.0,0.0,0.0,0.0,0.0,0.0,0.0,0.0,0.0,0.0,0.0,0.0,0.0,0.0,0.0,0.0,0.0,0.0,0.0,0.0,0.0,0.0,0.0,0.0
CRR1090834,0,0.0,0.0,1.2292100000000001,0.0,0.04083,0.60823,4.1457999999999995,0.0,3.33273,5.854570000000001,0.0,0.09502,0.0,45.98658,0.89402,0.10706,0.0,0.02033,4.72377,0.08197,1.63547,1.87041,3.59216,6.298730000000001,0.34724,0.0,0.00535,3.22827,11.16108,0.0,0.02868,0.0,0.01108,0.0,0.0,0.026269999999999998,0.0,0.0,0.0,0.0,0.0,0.0,0.48201999999999995,0.0,0.0,0.02884,0.0,2.60972,0.00108,0.0,0.0,0.0,0.0,0.0,0.0004,0.0,0.0,0.0,0.0,0.0,0.0,0.0,0.0,0.0085,0.0,0.0,0.0,0.0,0.0,0.0,0.0,0.46921,0.0,0.0401,0.0,0.0,0.0,0.00647,0.0,0.41744,0.0,0.0,0.0,0.0,0.0,0.28506,0.0,0.0,0.0,0.00684,0.0,0.0,0.0,0.00168,0.0,0.0,0.00113,0.02713,0.00352,0.0,0.23979999999999999,0.0,0.0,0.0,0.0,0.0,0.0,0.0,0.0,0.0,0.0,0.0,0.0,0.0,0.0,0.0,0.0,0.0,0.0,0.0,0.0,0.0,0.0,0.0,0.0,0.0,0.0,0.0,0.0,0.0,0.0,0.0,0.0,0.0,0.0,0.0,0.0,0.0,0.0,0.0,0.0,0.0,0.0,0.0,0.0,0.0,0.0,0.0,0.0,0.0,0.0,0.0,0.0,0.0,0.0,0.0,0.0,0.00724,0.0,0.02005,0.0,0.0,0.0,0.0,0.0,0.0,0.0,0.0,0.0,0.0,0.0,0.0,0.0,0.0,0.0,0.0,0.0,0.0,0.0,0.0,0.0,0.0,0.0,0.0,0.0,0.0,0.0,0.0,0.0,0.0,0.0,0.0,0.0,0.01203,0.0,0.0,0.0,0.0,0.0,0.0,0.0,0.0,0.0,0.0,0.0,0.0,0.0,0.0,0.0,0.0,0.0,0.0,0.0,0.0,0.0,0.0,0.0,0.0,0.0,0.0,0.0,0.0,0.0,0.0,0.0,0.0,0.0,0.0,0.0,0.0,0.0,0.0,0.0,0.00685,0.0,0.0,0.0,0.0,0.0,0.0,0.0,0.0,0.0,0.0,0.0,0.0,0.0,0.0,0.0,0.0,0.0,0.0,0.0,0.0,0.0,0.0,0.0,0.0,0.0,0.0,0.0,0.0,0.0,0.0,0.0,0.0,0.0,0.0,0.0,0.0,0.0,0.0,0.0,0.0,0.0,0.0,0.0,0.0,0.0,0.0,0.0,0.0,0.0,0.0,0.0,0.0,0.0,0.0,0.0,0.0,0.0,0.0,0.0,0.0,0.0,0.0,0.0,0.0,0.0,0.0,0.0,0.0,0.0,0.0,0.0,0.0,0.0,0.0,0.0,0.0,0.0,0.0,0.0,0.0,0.0,0.0,0.0,0.0
CRR1090739,1,0.0,8.29151,0.16831000000000002,0.00613,1.20546,25.814339999999998,0.14491,0.0,3.7375900000000004,23.950529999999997,0.63723,0.05013,0.0,19.369830000000004,1.50493,0.00151,0.0,0.0,0.28202,0.14452,0.46006,2.5287,0.04944,8.457609999999999,3.0402699999999996,0.0,0.0,0.0,0.059629999999999996,0.0,0.0,0.0,0.01626,0.0,0.0,0.0,0.0,0.0,0.0,0.0,0.0,0.0,0.0062,0.0,0.0,0.0,0.0,0.02072,0.0,0.0,0.0,0.0,0.0,0.0,0.0,0.0,0.0,0.0,0.0,0.0,0.0,0.0,0.0,0.0,0.0,0.0,0.0,0.0,0.01404,0.0,0.0,0.03274,0.0,0.00362,0.0,0.0,0.0,0.0,0.0,0.0,0.0,0.0,0.0,0.0,0.0,0.00151,0.0,0.0,0.0,0.0,0.0,0.0,0.0,0.0,0.0,0.0,0.0,0.0,0.0,0.0,0.0,0.0,0.0,0.0,0.0,0.0,0.0,0.0,0.0,0.0,0.0,0.0,0.0,0.0,0.0,0.0,0.0,0.0,0.0,0.0,0.0,0.0,0.0,0.0,0.0,0.0,0.0,0.0,0.0,0.0,0.0,0.0,0.0,0.0,0.0,0.0,0.0,0.0,0.0,0.0,0.0,0.0,0.0,0.0,0.0,0.0,0.0,0.0,0.0,0.0,0.0,0.0,0.0,0.0,0.0,0.0,0.0,0.0,0.0,0.0,0.0,0.0,0.0,0.0,0.0,0.0,0.0,0.0,0.0,0.0,0.0,0.0,0.0,0.0,0.0,0.0,0.0,0.0,0.0,0.0,0.0,0.0,0.0,0.0,0.0,0.0,0.0,0.0,0.0,0.0,0.0,0.0,0.0,0.0,0.0,0.0,0.0,0.0,0.0,0.0,0.0,0.0,0.0,0.0,0.0,0.0,0.0,0.0,0.0,0.0,0.0,0.0,0.0,0.0,0.0,0.0,0.0,0.0,0.0,0.0,0.0,0.0,0.0,0.0,0.0,0.0,0.0,0.0,0.0,0.0,0.0,0.0,0.0,0.00025,0.0,0.0,0.0,0.0,0.0,0.0,0.0,0.0,0.0,0.0,0.0,0.0,0.0,0.0,0.0,0.0,0.0,0.0,0.0,0.0,0.0,0.0,0.0,0.0,0.0,0.0,0.0,0.0,0.0,0.0,0.0,0.0,0.0,0.0,0.0,0.0,0.0,0.0,0.0,0.0,0.0,0.0,0.0,0.0,0.0,0.0,0.0,0.0,0.0,0.0,0.0,0.0,0.0,0.0,0.0,0.0,0.0,0.0,0.0,0.0,0.0,0.0,0.0,0.0,0.0,0.0,0.0,0.0,0.0,0.0,0.0,0.0,0.0,0.0,0.0,0.0,0.0,0.0,0.0,0.0,0.0,0.0,0.0,0.0
CRR1090833,0,0.0,0.0,0.0,0.0,0.0,0.0,0.00169,0.0,0.0,0.0,0.0,0.0,0.0,0.00968,0.0,0.0,0.0,0.0,20.21451,0.0,0.0,0.0,1.26425,0.0,0.0,0.0,0.06607,0.0,77.30861,0.0,0.00546,0.0,0.0,0.0,0.0,0.03527,0.0,0.0,0.61538,0.0,0.0,0.0,0.11087000000000001,0.0,0.0,0.00556,0.0,0.0,0.0,0.0,0.0,0.0,0.0,0.0,0.0,0.0,0.0,0.0,0.0,0.0,0.0,0.0,0.0,0.0,0.0,0.0,0.0,0.0,0.0,0.0,0.0,0.0,0.0,0.0,0.0,0.0,0.0,0.0,0.0,0.05554,0.0,0.0,0.0,0.0,0.0,0.0,0.0,0.0,0.0,0.0,0.0,0.0,0.0,0.12689,0.0,0.0,0.0,0.04917,0.0,0.0,0.06918,0.0,0.0,0.0,0.0,0.0,0.0,0.0,0.0,0.0,0.0,0.0,0.0,0.0,0.0,0.0,0.0,0.0,0.0,0.0,0.0,0.0,0.0,0.0,0.0,0.0,0.06188,0.0,0.0,0.0,0.0,0.0,0.0,0.0,0.0,0.0,0.0,0.0,0.0,0.0,0.0,0.0,0.0,0.0,0.0,0.0,0.0,0.0,0.0,0.0,0.0,0.0,0.0,0.0,0.0,0.0,0.0,0.0,0.0,0.0,0.0,0.0,0.0,0.0,0.0,0.0,0.0,0.0,0.0,0.0,0.0,0.0,0.0,0.0,0.0,0.0,0.0,0.0,0.0,0.0,0.0,0.0,0.0,0.0,0.0,0.0,0.0,0.0,0.0,0.0,0.0,0.0,0.0,0.0,0.0,0.0,0.0,0.0,0.0,0.0,0.0,0.0,0.0,0.0,0.0,0.0,0.0,0.0,0.0,0.0,0.0,0.0,0.0,0.0,0.0,0.0,0.0,0.0,0.0,0.0,0.0,0.0,0.0,0.0,0.0,0.0,0.0,0.0,0.0,0.0,0.0,0.0,0.0,0.0,0.0,0.0,0.0,0.0,0.0,0.0,0.0,0.0,0.0,0.0,0.0,0.0,0.0,0.0,0.0,0.0,0.0,0.0,0.0,0.0,0.0,0.0,0.0,0.0,0.0,0.0,0.0,0.0,0.0,0.0,0.0,0.0,0.0,0.0,0.0,0.0,0.0,0.0,0.0,0.0,0.0,0.0,0.0,0.0,0.0,0.0,0.0,0.0,0.0,0.0,0.0,0.0,0.0,0.0,0.0,0.0,0.0,0.0,0.0,0.0,0.0,0.0,0.0,0.0,0.0,0.0,0.0,0.0,0.0,0.0,0.0,0.0,0.0,0.0,0.0,0.0,0.0,0.0,0.0,0.0,0.0,0.0,0.0,0.0
CRR1090756,1,0.0,0.0,1.47906,0.015240000000000002,0.11752,0.9062399999999999,0.0,0.0,0.00466,0.9135499999999999,0.0,0.0,0.0,22.876489999999997,9.11425,0.00348,0.0,0.10549,0.99611,0.28492999999999996,2.76242,0.0,2.4532000000000003,3.43375,0.00026,0.0,0.0077,1.29172,33.30478,0.0,0.02884,0.0,0.00586,0.0,0.0,0.12530999999999998,0.0,0.0,12.96197,0.0,0.0,0.0,0.22715000000000002,0.0,0.0,0.02289,0.00088,0.0,0.0,0.0,0.0,0.0,0.0,0.0,0.0,0.0,0.0,0.0,0.0,0.0,0.0,0.209,0.0,0.0,0.0,0.0,0.0,0.0,0.0,0.0,0.0,5.695339999999999,0.0,0.0,0.0,0.0,0.0,0.0,0.0,0.0318,0.0,0.0,0.0,0.0,0.0,0.18707,0.0,0.0,0.0,0.0,0.0,0.0,0.0,0.01896,0.0,0.0,0.26864,0.00931,0.00894,0.0,0.07552,0.0,0.0,0.0,0.0,0.0,0.0,0.0,0.0,0.0,0.0,0.0,0.0,0.0,0.0,0.0,0.0,0.0,0.0,0.0,0.0,0.0,0.0,0.0,0.0,0.0,0.0,0.0,0.0,0.0,0.0,0.0,0.0,0.0,0.0,0.0,0.0,0.0,0.0,0.0,0.0,0.0,0.0,0.0,0.0,0.0,0.0,0.0,0.0,0.0,0.0,0.0,0.0,0.0,0.0,0.0,0.0,0.00029,0.0,0.0,0.0,0.0,0.0,0.0,0.0,0.0,0.0,0.0,0.0,0.0,0.0,0.0,0.0,0.0,0.0,0.0,0.0,0.0,0.0,0.0,0.0,0.0,0.0,0.0,0.0,0.0,0.0,0.0,0.0,0.0,0.0,0.0,0.0,0.00814,0.0,0.0,0.0,0.0,0.0,0.0,0.0,0.00537,0.0,0.0,0.0,0.0,0.0,0.0,0.0,0.0,0.0,0.0,0.0,0.0,0.0,0.0,0.0,0.0,0.0,0.0,0.0,0.0,0.0,0.0,0.0,0.0,0.0,0.0,0.0,0.0,0.0,0.0,0.0,0.0,0.0,0.0,0.0,0.0,0.0,0.0,0.0,0.0,0.0,0.0,0.0,0.0,0.0,0.0,0.0,0.0,0.0,0.0,0.0,0.0,0.0,0.0,0.0,0.0,0.0,0.0,0.0,0.0,0.0,0.0,0.0,0.0,0.0,0.0,0.0,0.0,0.0,0.0,0.0,0.0,0.0,0.0,0.0,0.0,0.0,0.0,0.0,0.0,0.0,0.0,0.0,0.0,0.0,0.0,0.0,0.0,0.0,0.0,0.0,0.0,0.0,0.0,0.0,0.0,0.03115,0.00672,0.0,0.0,0.0,0.0,0.0,0.0,0.0,0.0,0.0,0.0,0.0,0.0,0.0,0.0,0.0,0.0,0.0,0.0
CRR1090935,1,0.0,5.53968,1.23241,0.00347,0.7885500000000001,2.6387700000000005,5.37471,0.0,0.9944500000000001,14.567109999999998,0.29397000000000006,1.27027,0.0,28.791019999999993,1.94588,0.45125,0.03777,0.29732000000000003,0.01239,2.85848,2.2759799999999997,0.28123,0.43888000000000005,0.01284,1.5091100000000002,0.0,0.00322,1.09677,1.5478399999999999,0.51178,0.01186,0.06527,0.00118,0.0,0.0,0.021720000000000003,0.00054,0.047810000000000005,0.0,0.0,0.36199000000000003,0.07601,0.11518000000000002,0.0,0.00186,0.01672,0.0,0.13072,0.0,9.16348,0.0,2.57525,0.0753,1.8534200000000003,0.38395,0.0,0.3276,0.0,0.0,0.0,0.00903,0.01326,0.39204,0.16555999999999998,0.32609,0.02465,0.0,0.00579,0.0,0.00258,0.0,0.14525,0.80699,0.01143,0.02535,0.35076,0.00982,0.0,0.00035,0.00022,0.0,0.0,0.01661,0.0,0.9351,0.0,0.01271,0.51111,0.0,0.04993,0.3439,0.0,1.4538,0.00791,9e-05,0.0,0.0,0.00065,0.00775,0.02664,0.0,0.00662,0.08919,0.0,0.0,0.06284,0.73609,0.0,0.01454,0.03659,0.03998,0.0,0.0,0.00704,0.0,0.35215,0.0,0.0,0.0286,0.0,0.0,0.0,0.0,0.00233,0.0,0.0,0.0,0.0,0.0,0.0,0.0,0.0,1.40528,0.12735,0.0,0.0,0.11919,0.00162,0.09101,0.0,0.02164,0.16667,0.74921,0.0,0.0,0.0,0.0,0.0,0.0,0.0,0.0,0.0,0.0,0.0,0.01951,0.0,0.0001,0.0,0.0,0.0,0.0,0.0,0.0,0.0,0.0,0.0,0.0,0.01088,0.0,0.0,0.00862,0.0,0.0,0.0,0.0,0.00995,0.0,0.0,0.0,0.0,0.00269,0.0,0.0,0.0,0.0,0.0,0.0,0.0,0.0,0.0,0.0,0.0,0.0,0.0,0.0,0.0,0.0,0.0,0.0,0.0,0.0,0.0,0.0,0.0,0.042,0.0,0.0,0.0,0.0,0.0,0.0,0.0,0.0,0.0,0.0,0.0,0.04326,0.0,0.0,0.0,0.0,0.0,0.0,0.0,0.0,0.0,0.0,0.0,0.0,0.0,0.0,0.0,0.0,0.0,0.0,0.0,0.0,0.0,0.0,0.0,0.0,0.0,0.0,0.0,0.0,0.0,0.0,0.0,0.0,0.0,0.0,0.00917,0.0,0.0,0.0,0.00167,0.0,0.0,0.0,0.0,0.0,0.0,0.0,0.0,0.0,0.0,0.0,0.0,0.0,0.0,0.0,0.0,0.0,0.0,0.0,0.0,0.0,0.0,0.0,0.0,0.0,0.0,0.0,0.0,0.0,0.0,0.0,0.0,0.0,0.0,0.0,0.03572,0.0,0.0,0.0,0.0,0.0,0.0,0.0,0.0,0.04483,0.03675,0.00882,0.00513,0.00261,0.0,0.0,0.0,0.0,0.0,0.0,0.0,0.0,0.0,0.0,0.0,0.0,0.0
CRR1090883,1,0.00971,2.9138899999999994,1.28165,0.0,0.5685699999999999,9.96242,0.86863,2.05278,2.3903499999999998,15.773959999999999,0.08147,2.0393,0.0,26.153860000000005,1.30537,0.14720000000000003,0.061439999999999995,0.03259,0.28154,0.26252,0.32914,0.14067,0.21673000000000003,5.24346,5.365270000000001,0.09944,0.0,0.09333,0.28648999999999997,0.69112,0.0,0.0,0.0,0.00157,0.0,0.0,0.0,0.02713,0.0,0.0,0.12413999999999999,0.16235,0.0,0.0,0.00062,0.00801,0.0,0.047560000000000005,0.08509,4.9625900000000005,0.0,1.60823,0.55828,4.65968,0.0,0.0,0.19778,0.0,0.0,0.05999,0.04728,0.0,0.0,0.10699,0.0,0.02222,0.07725,0.00072,0.00405,0.00265,0.0,0.02622,0.27857000000000004,0.01766,0.06575,0.36902,0.10858,0.0012,0.14683,0.0,0.00057,0.0,0.00743,0.0,2.90091,0.0,0.00159,0.04642,0.06553,0.0,0.45693,0.0,0.06497,0.00511,0.00342,0.0,0.0,0.0,0.0,0.00175,0.0,0.00437,0.06178999999999999,0.59032,0.11891,0.02392,0.10773,0.00396,0.0,0.0,0.01566,0.00054,0.0,0.0,0.0,0.0,0.06307,0.0,0.0,0.0,0.12797,0.53572,0.0,0.00045,0.0,0.01304,0.0,0.01522,0.0,0.00173,0.0,0.0,0.0,0.0,0.19759,0.0,0.08719,0.0,0.0,0.0,0.0,0.51195,0.44812,0.06688,0.0,0.0,0.00248,0.0,0.0,0.14172,0.0,0.01063,0.01422,0.00778,0.00259,0.0,0.0,0.0,7e-05,0.0,0.0,0.0,0.27061,0.0,0.00809,0.0,0.06499,0.0972,0.0,0.0,0.0,0.0,0.0,0.0,0.0,0.03456,0.0,0.04694,0.0,0.0,0.00852,0.0,0.0,0.00253,0.0,0.0,0.0,0.0,0.0,0.0,0.0,0.0,0.0,0.0,0.0,0.0,0.0,0.0,0.0,0.0,0.0,0.0,0.0,0.0,0.0,0.0,0.0,0.00314,0.0,0.0,0.0,0.0,0.0,0.0,0.00092,0.0,0.0,0.0,0.0,0.0,0.0,0.0,0.0,0.0,0.0,0.0,0.0,0.0,0.0,0.0,0.0,0.0,0.0,0.0,0.09318,0.0,0.0,0.0,0.01098,0.0,0.0,0.0,0.0,0.0,0.0,0.0,0.0,0.0,0.0,0.0,0.0,0.0,0.0,0.0,0.0,0.04797,0.0,0.0,0.0,0.0,0.0,0.0,0.0,0.0,0.0,0.0,0.0,0.0,0.0,0.0,0.0,0.0,0.0,0.0,0.0,0.0,0.0,0.0,0.0,0.0,0.0,0.0,0.0,0.0,0.0,0.0,0.0,0.0,0.0,0.0,0.0,0.0,0.0,0.0,0.0,0.0,0.0,0.0,0.0,0.0,0.0,0.0,0.0,0.0,0.0,0.06985,0.05454,0.01247,0.00883,0.00325,0.00035,0.0,0.0,0.0,0.0,0.0,0.0,0.0
CRR1090949,1,0.0,0.0,0.0,0.0,0.4437,12.453140000000001,0.00295,0.0,0.54359,8.235119999999998,0.17396,0.21623,0.34364,8.9241,0.55071,0.05444,0.02848,0.0,0.0,0.5690000000000001,0.8068499999999998,0.0,0.01299,0.57523,0.23249999999999998,0.0,0.0,0.11141,15.21158,0.0,0.04562,0.0,0.0,0.0,0.0,0.08964,0.00447,0.0,0.10840999999999999,0.0,0.0,0.0,0.00256,0.0,0.00035,0.0017000000000000001,0.00369,0.19045,0.0,0.0,0.0,0.0,0.0,0.0,0.0,0.0,0.0,0.0,0.0,0.0,0.0,0.0,0.0,0.0,0.0,0.02092,0.0,0.00832,0.10599,0.0,0.0,0.05719,0.0,0.00129,0.0,0.0,0.0,0.0,0.0,0.0,0.0,0.0,0.0,0.0,49.46979,0.12821,0.0,0.26116,0.0,0.0,0.0,0.0,0.0,0.0,0.0,0.0,0.0,0.0,0.00284,0.0,0.0,0.0,0.0,0.0,0.0,0.0,0.0,0.0,0.0,0.0,0.0,0.0,0.0,0.0,0.0,0.0,0.0,0.0,0.0,0.0,0.0,0.0,0.0,0.0,0.0,0.0,0.0,0.0,0.0,0.0,0.0,0.0078,0.0,0.0,0.0,0.0,0.0,0.0,0.0,0.0,0.0,0.0,0.0,0.0,0.0,0.0,0.0,0.0,0.0,0.0,0.0,0.0,0.0,0.0,0.0,0.0,0.0,0.0,0.0,0.0,0.0,0.0,0.0,0.0,0.0,0.0,0.0,0.0,0.0,0.0,0.0,0.0,0.0,0.0,0.0,0.0,0.0,0.0,0.0,0.0,0.0,0.0,0.0,0.0,0.0,0.0,0.0,0.0,0.0,0.0,0.0,0.0,0.0,0.0,0.0,0.0,0.0,0.0,0.0,0.0,0.0,0.0,0.0,0.0,0.0,0.0,0.0,0.0,0.0,0.0,0.0,0.0,0.0,0.0,0.0,0.0,0.0,0.0,0.0,0.0,0.0,0.0,0.0,0.0,0.0,0.0,0.0,0.0,0.0,0.0,0.0,0.0,0.0,0.0,0.0,0.0,0.0,0.0,0.0,0.0,0.0,0.0,0.0,0.0,0.0,0.0,0.0,0.0,0.0,0.0,0.0,0.0,0.0,0.0,0.0,0.0,0.0,0.0,0.0,0.0,0.0,0.0,0.0,0.0,0.0,0.0,0.0,0.0,0.0,0.0,0.0,0.0,0.0,0.0,0.0,0.0,0.0,0.0,0.0,0.0,0.0,0.0,0.0,0.0,0.0,0.0,0.0,0.0,0.0,0.0,0.0,0.0,0.0,0.0,0.0,0.0,0.0,0.0,0.0,0.0,0.0,0.0,0.0,0.0,0.0,0.0,0.0,0.0,0.0,0.0,0.0,0.0,0.0,0.0,0.0,0.0,0.0,0.0
CRR1090958,1,0.0,1.0276,0.0,0.00166,1.3300199999999998,18.15734,0.06153,0.0,0.40869,4.972200000000002,0.20962999999999998,0.02339,0.0,9.784260000000002,1.9318400000000002,0.02744,0.006240000000000001,0.11170999999999999,1.0752000000000002,0.53911,1.2488699999999997,0.97074,0.16747,7.9887,19.38703,0.0,0.00283,1.5011100000000002,0.37656,0.02664,0.00369,0.0,0.0,0.00657,0.00164,0.01197,0.0,0.0,0.58252,0.00374,1.95709,0.0,0.04995,0.0,0.0,0.00062,0.0,0.01326,0.45221,1.2734,0.0,1.63991,0.01444,0.5185799999999999,0.17527,0.0,0.01082,0.0,0.0,0.0,0.0,0.00293,0.11887,0.02166,0.0,0.0022299999999999998,0.00054,0.0,0.00036,0.00178,0.0,0.33905,3.5271,0.00164,0.01313,0.03114,0.00416,0.0,0.0,0.0,0.0,0.0,0.00398,0.0,0.0,0.03294,0.00794,0.02478,0.0,0.0,0.01911,0.0,0.41285,0.0,0.0,0.0,0.00546,0.0,0.00058,12.12662,0.0,0.00337,0.03199,0.0,0.0,0.03588,0.02054,0.0,0.0,0.11635,0.0,0.0,0.0,0.0,0.0,0.00127,0.0056,0.0,0.0,0.0,0.0,0.0,0.0,0.0,0.0,0.0,0.0,0.0,0.0,0.0,0.0,0.0,0.04447,0.0,0.8142,0.0,0.15361,0.0,0.00455,0.0,0.0,0.0,0.13923,0.06063,0.03206,0.0,0.0,0.0,0.03137,0.0,0.0,0.00782,0.0,0.0,0.0,0.0,0.0,0.0,0.0,0.0,0.0,0.0,0.0,0.06896,0.0,0.0,0.0,0.0,0.0,0.0,0.0,0.0,0.0,0.0,0.0,0.0,0.0,0.00963,0.0,0.0,0.00582,0.0,0.0,0.0,0.0,0.0,0.0,0.0,0.0,0.0,0.0,0.0,0.0,0.0,0.0,0.0,0.0,0.0,0.0,0.0,0.0,0.03773,0.0,0.0,0.0,0.0,0.0,0.0,0.0,0.0,0.0,0.0,0.0,0.0,0.0,0.0,0.0,0.0,0.0,0.0,0.0,0.0,0.0,0.0,0.0,0.0,0.0,0.0,0.0,0.0,0.0,0.0,0.0,0.0,0.0,0.0,0.0,0.0,0.0,0.0,0.0,0.0,0.0,0.021,0.0,0.0,0.0,0.00599,2.98785,0.0,0.45404,0.0,0.13276,0.0,0.0,0.0,0.0,0.0,0.0,0.0,0.0,0.0,0.0,0.0,0.0,0.0,0.0,0.0,0.0,0.0,0.0,0.0,0.0,0.0,0.0,0.0,0.0,0.0,0.0,0.0,0.0,0.0,0.0,0.0,0.0,0.0,0.0,0.0,0.0,0.0,0.0209,0.0,0.0,0.0,0.0,0.0,0.0,0.0,0.0,0.0,0.0,0.0,0.0,0.0,0.0,0.0,0.0,0.0,0.0,0.0,0.0,0.0,0.0,0.0,0.0,0.0,0.0,0.0
CRR1090956,1,0.00352,0.39259999999999995,47.35934999999999,0.00205,0.32418,1.10457,0.09934,0.10953,0.14634,6.8252200000000025,0.23645000000000005,0.0288,0.0,12.69538,0.6272,0.112,0.0,0.00351,3.0893200000000003,0.05716,0.0849,0.06696,2.2496199999999997,11.234659999999998,0.8149,0.0,0.0,0.00098,0.01217,0.0,0.0,0.0,0.0,0.0,0.0,0.0,0.0,0.00645,0.01573,0.0,0.00575,0.00404,0.0,0.0,0.0,0.0,0.0,0.9142399999999999,0.0,0.0,0.0,0.09814,0.02263,1.48684,0.0,0.0,0.0,0.0,0.0,0.03505,0.01008,0.039850000000000003,0.0,0.00564,0.0,0.0,0.0,0.0,0.0,0.0,0.0,5.29107,0.08788,0.01782,0.0027,0.0,0.0,0.0,0.0,0.00684,0.0,0.0,0.0,0.0,0.0,0.0,0.00271,0.0,0.0,0.0,0.0595,0.0,0.0,0.0,0.0,0.0,0.04766,0.0,0.00689,1.21969,0.01074,0.00385,0.0,0.0,0.0,0.0,0.02779,0.0,0.0,0.0,0.0,0.0,0.75238,0.19496,0.0,0.0,0.0,0.0,0.0,0.0,0.0,0.0,0.0,0.0,0.0,0.0,0.0,0.0,0.05912,0.0,0.0,0.0,0.0,0.0,0.0,0.00114,0.0,0.0,0.0,0.0,0.0,0.0,0.0,0.0,0.0,0.0,0.0,0.0,0.0,0.0,0.0,0.0,0.0,0.0,0.0,0.0,0.0,0.0,0.0,0.0,0.0,0.0,0.00956,0.0,0.0,0.0,0.0,0.0,0.0,0.0,0.0,0.0,0.0,0.0,0.0,0.0,0.0,0.0,0.0,0.0,0.0,0.0,0.0,0.0,0.0,0.0,0.0,0.0,0.0,0.03561,0.0,0.0,0.0,0.0,0.0,0.0,0.0,0.0,0.0,0.0,0.0,0.0,0.0,0.0,0.0,0.0,0.0,0.0,0.0,0.0,0.0,0.0,0.0,0.0,0.0,0.0,0.0,0.0,0.0,0.012480000000000002,0.0,0.0,0.0,0.0,0.0,0.0,0.0,0.0,0.0,0.0,0.0,0.0,0.0,0.0,0.0,0.0,0.03708,0.0,0.0,0.0,0.0,0.0,0.0,0.0,0.0,0.0,0.0,0.0,0.0,0.0,0.0,0.0,0.01053,0.0,0.0,0.0,0.0,0.0,0.0,1.49632,0.0,0.0,0.0,0.0,0.0,0.0,0.0,0.0,0.0,0.0,0.0,0.0,0.0,0.0,0.0,0.0,0.0,0.0,0.0,0.0,0.0,0.0,0.0,0.0,0.0,0.0,0.0,0.0,0.0,0.0,0.0,0.0,0.0,0.0,0.0,0.0,0.0,0.0,0.0,0.0,0.0,0.0,0.0,0.28058,0.0,0.0,0.0,0.0,0.0,0.0,0.0,0.0,0.0,0.0,0.0,0.0,0.0,0.0
CRR1090968,1,0.0,6.20922,5.6648,0.0,1.48442,10.392000000000001,0.1987,0.0,2.98872,15.512639999999996,0.54082,1.98716,0.0,19.70654,2.69732,0.44766,0.0,0.01916,1.76096,0.7350300000000001,0.28493999999999997,0.99441,0.6924699999999999,22.573990000000002,0.37850000000000006,0.0,0.0,0.03714,0.01593,0.0,0.00095,0.05028,0.0,0.0,0.0,0.01336,0.0,0.0,0.04339,0.0,0.42468,0.0,0.0,0.0,0.0,0.0,0.0,0.06672,0.0,0.00211,0.62076,0.0,0.0,0.0,0.0,0.0,0.01089,0.0,0.0,0.0,0.0,0.0,0.0,0.00952,0.0,0.02057,0.0,0.0,0.0,0.04425,0.0,0.32748,0.23114,0.00581,0.0062,0.0,0.0,0.00678,0.0,0.0077399999999999995,0.0,0.0,0.0,0.0,0.0,0.0,0.0,0.0,0.0,0.0,0.00524,0.0,2.49883,0.0,0.0,0.02258,0.0,0.0,0.00128,0.0,0.00079,0.0,0.0,0.0,0.0,0.0,0.0,0.0,0.0,0.0,0.0,0.0,0.0,0.0,0.0,0.0,0.0,0.0,0.0,0.0,0.0,0.08099,0.0,0.0,0.0,0.0,0.0,0.0,0.0,0.0,0.0,0.0,0.0,0.0,0.0,0.0,0.0022,0.0,0.0,0.0,0.0,0.0,0.0,0.0,0.0,0.0,0.0,0.0,0.0,0.0,0.0,0.0,0.00486,0.00874,0.0,0.0,0.0,0.0,0.0,0.0,0.0,0.0,0.01503,0.0,0.0,0.0,0.0,0.0,0.0,0.0,0.00464,0.03465,0.0,0.0,0.0,0.0,0.0,0.0,0.0,0.01601,0.0,0.0,0.0,0.0,0.0,0.0,0.0,0.0,0.0,0.0,0.0,0.0,0.0,0.0,0.0,0.0,0.0,0.0,0.0,0.0,0.0,0.0,0.0,0.0,0.0,0.0,0.0,0.08888,0.0,0.0,0.0,0.0,0.0,0.0,0.0,0.0,0.0,0.0,0.0,0.0,0.0,0.0,0.0,0.0,0.0,0.0,0.0,0.0,0.0,0.0,0.0,0.0,0.0,0.0,0.0,0.0,0.0,0.0,0.0,0.0,0.0,0.0,0.0,0.0,0.0,0.0,0.0,0.0,0.0,0.0,0.0,0.0,0.0,0.0,0.0,0.0,0.0,0.0,0.0,0.0,0.0,0.0,0.0,0.0,0.0,0.0,0.0,0.0,0.0,0.0,0.0,0.0,0.0,0.0,0.0,0.0,0.0,0.0,0.0,0.0,0.0,0.0,0.0,0.0,0.0,0.0,0.0,0.0,0.0,0.0,0.0,0.0,0.0,0.0,0.0,0.0,0.0,0.0,0.0,0.0,0.0,0.0,0.0,0.0,0.0,0.0,0.0,0.0,0.0,0.0,0.0,0.0,0.0,0.0,0.0,0.0,0.0,0.0
CRR1090884,1,0.0,10.389679999999998,0.00676,0.0,0.3038,7.41501,0.1523,0.0,2.00323,11.22492,0.40019000000000005,0.17428,0.0,13.116610000000001,3.4200999999999997,0.05334,0.08949,0.38917,0.0,0.36856,0.50047,10.56498,0.03276,0.03222,2.8094,0.0,0.0,0.11564,4.18651,0.0,0.00358,0.0,0.0,0.0,0.0,0.03406,0.0,0.01974,0.0,0.0,0.0,0.08006,0.0,0.06028,0.02096,0.0,0.0,0.01823,0.02196,0.0,2.54711,0.0,0.0,18.511589999999998,0.0,0.0,0.0,0.0,0.0,0.02681,0.0,0.0,0.0,0.01796,0.0,0.25991,0.04713,0.09279,0.02731,0.00623,0.06015,2.66245,0.1339,0.0,0.03853,0.0,0.44615000000000005,0.00119,0.00386,0.0,0.01266,0.0,0.0,0.0,0.0,0.44698,0.36685,0.0,0.0,0.08085,0.12167,0.0,0.0,0.0,0.01048,0.0,0.0,0.0,0.0,0.0,0.0,0.00367,0.21849,0.0,0.0,0.0,0.0027,0.0,0.0,0.04862,0.0,0.0,0.0,0.0,0.0,0.0,0.0024,0.0,0.0,0.0,0.0,0.0,0.0,0.0005,0.00044,0.0,0.0,0.0,0.0,0.00804,0.0,0.0,0.00121,0.0,0.0,0.0,0.61331,0.0,1.33997,0.0,0.03068,1.91461,0.0,0.0,0.0,0.0,0.00124,0.0,0.0,0.0,0.0,0.00973,0.04658,0.04149,0.3496,0.0,0.11677,0.0,0.00014,0.0,0.0,0.0,1.10382,0.0,0.0,0.0,0.0,0.0,0.0,0.0,0.0,0.0,0.0,0.0,0.0,0.0,0.0,0.0,0.0,0.0,0.0,0.0,0.0,0.0,0.0,0.0,0.0,0.0,0.0,0.13696,0.0,0.0,0.0,0.0,0.0,0.0,0.0,0.0,0.0,0.0,0.0,0.0,0.0,0.0,0.0,0.0,0.0,0.0,0.0,0.0,0.0,0.0,0.0,0.0,0.0,0.0,0.0782,0.0,0.0,0.0,0.0,0.0,0.0,0.0,0.0,0.0,0.0,0.0,0.0,0.0,0.0,0.0,0.0,0.0,0.0,0.0,0.0,0.0,0.0,0.0,0.0,0.0,0.0,0.0,0.0,0.0,0.0,0.0,0.0,0.0,0.0,0.0,0.0,0.0,0.0,0.0,0.0,0.0,0.0,0.0,0.0,0.0,0.0,0.0,0.0,0.0,0.0,0.0,0.0,0.0,0.0,0.0,0.0,0.0,0.0,0.0,0.0,0.0,0.0,0.0,0.0,0.0,0.0,0.0,0.0,0.0,0.0,0.0,0.0,0.0,0.0,0.0,0.0,0.0,0.0,0.0,0.0,0.0,0.0,0.0,0.0,0.0,0.0,0.0,0.0,0.0,0.0,0.0,0.0,0.0,0.0,0.0,0.0,0.0,0.0,0.0,0.0,0.0
CRR1090861,1,0.0,1.0524,4.15301,0.0,0.34736999999999996,3.4741700000000004,2.1329,0.0,3.13093,19.284489999999998,0.26321,0.36772,0.0,41.915519999999994,3.6183600000000005,0.0,0.01315,0.34291,1.8339100000000002,0.87339,1.31627,4.28698,0.55534,0.0192,0.49464,0.0,0.0,0.43427000000000004,4.70324,0.0,0.00529,0.0,0.0,0.0,0.31351,0.001,0.00154,0.0,0.38564,0.0016,0.5554,0.19404,0.036410000000000005,0.0,0.01928,0.0198,0.0,0.00293,0.00478,0.0,1.38021,0.0,0.06301,0.0,0.01523,0.0,0.0,0.0,0.0,0.00037,0.00017,0.0,0.0,0.08503,0.0,0.0682,0.0,0.00473,0.07186,0.05087,0.0,0.19147999999999998,0.61794,0.23271,0.07974,0.0,0.00372,0.0,0.0,0.0,0.0,0.0022,0.01576,0.0,0.13549,0.06563,0.06671,0.0,0.0,0.0,0.0,0.0,0.0,0.0,0.0,0.0,0.0,0.0,0.0,0.62451,0.02963,0.03432,0.00441,0.0,0.0,0.0,0.0,0.0,0.0,0.0,0.0,0.0,0.0,0.0,0.0,0.0,0.0,0.0,0.0,0.0,0.0,0.0,0.0,0.0,0.0,0.0,0.0,0.0,0.0,0.0,0.0,0.0,0.0,0.0,0.0,0.0,0.0,0.0,0.0,0.0,0.0,0.0,0.0,0.0,0.0,0.0,0.0,0.0,0.0,0.0,0.0,0.0,0.0,0.0,0.0,0.0,0.0,0.00013,0.00028,0.0,0.0,0.0,0.0,0.0,0.0,0.0,0.0,0.0,0.0,0.0,0.0,0.0,0.0,0.0,0.0,0.0,0.0,0.0,0.0,0.0,0.0,0.0,0.0,0.00109,0.0,0.0,0.0,0.0,0.0,0.0,0.0,0.0,0.0,0.0,0.0,0.0,0.0,0.0,0.0,0.0,0.0,0.0,0.0,0.0,0.0,0.0,0.0,0.0,0.0,0.0,0.0,0.0,0.0,0.0,0.0,0.0,0.0,0.0,0.0,0.0,0.0,0.0,0.0,0.0,0.0,0.0,0.0,0.0,0.0,0.0,0.0,0.0,0.0,0.0,0.0,0.0,0.0,0.0,0.0,0.0,0.0,0.0,0.0,0.0,0.0,0.0,0.0,0.0,0.0,0.0,0.0,0.0,0.0,0.0,0.0,0.0,0.0,0.0,0.0,0.0,0.0,0.0,0.0,0.0,0.0,0.0,0.0,0.0,0.0,0.0,0.0,0.0,0.0,0.0,0.0,0.0,0.0,0.0,0.0,0.0,0.0,0.0,0.0,0.0,0.0,0.0,0.0,0.0,0.0,0.0,0.0,0.0,0.0,0.0,0.0,0.0,0.0,0.0,0.0,0.0,0.0,0.0,0.0,0.0,0.0,0.0,0.0,0.0,0.0,0.0,0.0,0.0,0.0,0.0,0.0,0.0,0.0,0.0
CRR1090860,1,0.0,0.00569,28.5607,0.0,0.16613999999999998,13.26296,2.30617,0.0,0.00805,2.16952,0.0,0.0066,0.0,10.62208,7.2195599999999995,0.0,0.0,0.00186,5.01986,1.66593,0.80264,0.0,0.36678,2.59749,0.0053,0.0,0.0,0.0,15.78683,0.0,0.0,0.0,0.0,0.0,0.0,0.06989000000000001,0.0,0.0,6.6259999999999994,0.0,0.0,0.0,0.0829,0.0,0.0,0.00195,0.0,0.18882,0.0,0.0,0.0,0.0,0.0,0.0,0.0,0.0,0.0,0.0,0.0,0.0,0.0,0.00941,0.0,0.0,0.0,0.0,0.0,0.0,0.0,0.0,0.0,2.24665,0.0,0.0,0.0,0.0,0.0,0.0,0.0,0.00069,0.0,0.0,0.0,0.0,0.0,0.15516,0.0,0.0,0.0,0.0,0.0,0.0,0.0,0.0,0.0,0.0,0.0,0.01811,0.0,0.0,0.0,0.0,0.0,0.0,0.0,0.0,0.0,0.0,0.0,0.0,0.0,0.0,0.0,0.0,0.0,0.0,0.0,0.0,0.0,0.0,0.0,0.0,0.0,0.0,0.0,0.0,0.00434,0.0,0.0,0.0,0.0,0.00117,0.0,0.0,0.0,0.0,0.0,0.0,0.0,0.0,0.0,0.0,0.0,0.0,0.0,0.0,0.0,0.0,0.0,0.0,0.0,0.0,0.0,0.0,0.0,0.0,0.0,0.0,0.0,0.0,0.0,0.0,0.0,0.0,0.0,0.0,0.0,0.0,0.0,0.0,0.0,0.0,0.0,0.0,0.0,0.0,0.0,0.0,0.0,0.0,0.0,0.0,0.0,0.0,0.0,0.0,0.0,0.0,0.0,0.0,0.0,0.0,0.0,0.00654,0.0,0.0,0.0,0.0,0.0,0.0,0.0,0.01416,0.0,0.0,0.0,0.0,0.0,0.0,0.0,0.0,0.0,0.0,0.0,0.0,0.0,0.0,0.0,0.0,0.0,0.0,0.0,0.0,0.0,0.0,0.0,0.0,0.0,0.0,0.0,0.0,0.0,0.0,0.0,0.0,0.0,0.0,0.0,0.0,0.0,0.0,0.0,0.0,0.0,0.0,0.0,0.0,0.0,0.0,0.0,0.0,0.0,0.0,0.0,0.0,0.0,0.0,0.0,0.0,0.0,0.0,0.0,0.0,0.0,0.0,0.0,0.0,0.0,0.0,0.0,0.0,0.0,0.0,0.0,0.0,0.0,0.0,0.0,0.0,0.0,0.0,0.0,0.0,0.0,0.0,0.0,0.0,0.0,0.0,0.0,0.0,0.0,0.0,0.0,0.0,0.0,0.0,0.0,0.0,0.0,0.0,0.0,0.0,0.0,0.0,0.0,0.0,0.0,0.0,0.0,0.0,0.0,0.0,0.0,0.0,0.0,0.0,0.0,0.0
CRR1090874,0,0.0,0.39363,1.48022,0.00306,0.76281,20.286859999999997,0.0,0.0,0.6273000000000001,27.67306,0.09257,0.18994,0.0,31.97231999999999,4.9156699999999995,0.26322,0.0,0.05846,0.5250900000000001,1.3893699999999998,1.2275999999999998,0.0,0.9565000000000001,3.59255,0.041749999999999995,0.0,0.0,0.44023999999999996,0.00128,0.0,0.04162,0.0,0.0,0.0,0.02361,0.22621999999999998,0.0043,0.0,0.0,0.0,0.00012,0.0,0.6569100000000001,0.0,0.0,0.02447,0.0,0.0,0.0,0.0,0.0,0.0,0.0,0.0,1.17039,0.0,0.0,0.0,0.0,0.0,0.0,0.05067,0.0,0.0,0.0,0.0,0.0,0.0,0.00447,0.0,0.0,0.17291,0.0,0.22678,0.0,0.00476,0.0,0.0,0.0,0.01706,0.0,0.0,0.0,0.0,0.0,0.42106,0.0,0.0,0.0,0.00076,0.0,0.0,0.0,0.00228,0.00297,0.0,0.0144,0.0,0.00202,0.0,0.03871,0.0,0.0,0.0,0.0,0.0,0.0,0.0,0.0,0.0,0.0,0.0,0.0,0.0,0.0,0.0,0.0,0.0,0.0,0.0,0.0,0.0,0.0,0.0,0.0,0.0,0.0,0.0,0.0,0.0,0.0,0.0,0.0,0.0,0.0,0.0,0.0,0.0,0.0,0.0,0.0,0.0,0.0,0.0,0.0,0.0,0.0,0.0,0.0,0.0,0.0,0.0,0.0,0.0,0.0,0.0,0.0,0.0,0.0,0.0,0.0,0.0,0.0,0.0,0.0,0.0,0.0,0.0,0.0,0.0,0.0,0.0,0.0,0.0,0.0,0.0,0.0,0.0,0.0,0.0,0.0,0.0,0.0,0.0,0.0,0.0,0.0,0.0,0.0,0.0,0.0,0.0,0.0,0.0,0.0,0.0,0.0,0.0,0.0,0.0,0.0,0.0,0.0,0.0,0.0,0.0,0.0,0.0,0.0,0.0,0.0,0.0,0.0,0.0,0.0,0.0,0.0,0.0,0.0,0.0,0.0,0.0,0.0,0.0,0.0,0.0,0.0,0.0,0.0,0.0,0.0,0.0,0.0,0.0,0.0,0.0,0.0,0.0,0.0,0.0,0.0,0.0,0.0,0.0,0.0,0.0,0.0,0.0,0.0,0.0,0.0,0.0,0.0,0.0,0.0,0.0,0.0,0.0,0.0,0.0,0.0,0.0,0.0,0.0,0.0,0.0,0.0,0.0,0.0,0.0,0.0,0.0,0.0,0.0,0.0,0.0,0.0,0.0,0.0,0.0,0.0,0.0,0.0,0.0,0.0,0.0,0.0,0.0,0.0,0.0,0.0,0.0,0.0,0.0,0.0,0.0,0.0,0.0,0.0,0.0,0.0,0.0,0.0,0.0,0.0,0.0,0.0,0.0,0.0,0.0,0.0,0.0,0.0,0.0,0.0,0.0,0.0,0.0
CRR1090868,1,0.01662,5.64023,4.525789999999999,0.0226,0.18738000000000002,4.7700499999999995,4.323860000000001,0.86231,3.0773900000000007,12.977960000000001,0.14194,0.11285999999999999,0.0,16.631609999999995,1.1786400000000001,0.04022,0.00217,0.12347,2.83558,0.97486,0.12556,0.82935,0.06619,0.22215000000000001,0.39880000000000004,0.02451,0.00017,0.2767,0.9667699999999999,3.1274,0.00527,0.0,0.0,0.00115,0.0,0.00277,0.0,0.02667,0.0,0.0,0.01774,0.00387,0.03146,0.0,0.0,0.023010000000000003,0.0,0.03312,0.0,1.25244,0.0,4.88178,0.2159,5.06081,0.01246,0.0,1.3931,0.00441,0.0,0.0,0.0319,0.02986,0.0,0.02718,0.52712,0.00892,0.0,0.01047,0.0,0.00268,0.0,3.16804,1.40084,0.0,0.01267,1.21826,0.02301,0.0,0.0,0.0,0.0,0.0,0.00252,0.0,0.86527,0.04633,0.00903,0.0,0.00992,0.0,0.06461,0.0,0.15831,0.0283,0.0,0.0,0.0,0.0,0.0,0.0,0.0,0.0,0.11251,0.01499,0.18052,0.03588,0.00158,0.02202,0.0131,0.00368,0.0,0.0,0.0,0.0,0.0,0.0,0.0,0.0,0.0,0.0,0.0,0.0,0.00056,0.0,0.00472,0.0,0.0,0.0,0.0,0.0,0.0,0.0,0.0,0.0,0.91574,0.10455,1.01244,0.0,0.15241,0.0,0.0595,1.71948,1.16409,0.6267,0.00189,0.0,0.0,0.0,0.01635,0.08157,0.00184,0.0,0.00427,0.00859,0.02197,0.0,0.0,0.00284,0.0,0.0,0.0,0.0,0.00404,0.00274,0.0158,0.0,0.09468,0.0,0.0,0.00573,0.12135,0.0,0.0,0.0,0.0,0.0,0.25855,0.1872,0.0,0.0,0.36263999999999996,0.0,0.0,0.0,0.0,0.0,0.0,0.0,0.0,0.00399,0.0,0.0,0.0,0.0,0.0,0.0,0.0,0.0,0.0,0.0,0.01537,0.0,0.0,0.0,0.20179,0.0,1.21635,0.0,0.0,0.0663,0.0,0.0,0.0,0.0,0.0,0.0,0.0,0.0,0.0,0.0,0.0,0.0,0.0,0.0,0.0,0.0,0.02199,0.0,0.0,0.0,0.0,0.0,0.0,0.0,0.0,0.0,0.0,0.0,0.0,0.0,0.0,0.0,0.0,0.0,0.0,0.0,0.0,0.0,0.0,0.0,0.4931,0.0,0.0,0.32921,0.0,0.0,0.0,0.0,0.0,0.0,0.0,0.0,0.0,0.0,0.0,0.0,0.0,0.0,0.0,0.0,0.0,0.0,0.0,0.0,0.0,0.0,0.0,0.0,0.0,0.0,0.0,0.0,0.0,0.0,5.13203,0.0,0.0,0.0,0.0,0.0,0.0,0.0,0.0,0.0,0.03301,0.0,0.00666,0.0,0.0,0.0,0.0,0.0,0.0,0.0,7e-05,0.0,0.0,0.0,0.0,0.0,0.0,0.02493,0.02232,0.00208,0.0,0.0,0.0,0.0
CRR1090906,0,2.76956,0.0,0.0,0.0,0.75482,21.5837,0.0,0.0,0.20209,19.63579,0.0,0.0,0.66139,28.036330000000003,5.97423,0.0,0.0,0.17403000000000002,0.0,2.53454,0.91499,6.99473,0.65183,0.49603,0.02195,0.0,0.00516,0.46917,1.31263,0.0,0.08789,0.0,0.0,0.0,0.06121,0.07911,0.00417,0.0,0.0,0.0,0.0,0.0,0.13336,0.0,0.0,0.00129,0.0,0.5148,0.56544,0.0,0.0,0.0,0.0,0.0,0.0,0.0,0.0,0.0,0.0,0.0,0.0,0.0,0.0,0.0,0.0,0.0098,0.0,0.0,0.0,0.0,0.0,4.84136,0.0,0.0,0.0,0.0,0.0,0.0,0.0,0.00752,0.0,0.0,0.0,0.0,0.0,0.00795,0.0,0.0,0.0,0.0,0.0,0.0,0.0,0.0,0.0,0.0,0.24441,0.00132,0.01016,0.0,0.0,0.0,0.0,0.0,0.0,0.0,0.0,0.0,0.0,0.0,0.0,0.0,0.0,0.16569,0.0,0.0,0.07153,0.0,0.0,0.0,0.0,0.0,0.0,0.0,0.0,0.0,0.0,0.0,0.0,0.0,0.0,0.0,0.0,0.0,0.0,0.0,0.0,0.0,0.0,0.0,0.0,0.0,0.0,0.0,0.0,0.0,0.0,0.0,0.0,0.0,0.0,0.0,0.0,0.0,0.0,0.0,0.0,0.0,0.0,0.0,0.0,0.0,0.0,0.0,0.0,0.0,0.0,0.0,0.0,0.0,0.0,0.0,0.0,0.0,0.0,0.0,0.0,0.0,0.0,0.0,0.0,0.0,0.0,0.0,0.0,0.0,0.0,0.0,0.0,0.0,0.0,0.0,0.0,0.0,0.0,0.0,0.0,0.0,0.0,0.0,0.0,0.0,0.0,0.0,0.0,0.0,0.0,0.0,0.0,0.0,0.0,0.0,0.0,0.0,0.0,0.0,0.0,0.0,0.0,0.0,0.0,0.0,0.0,0.0,0.0,0.0,0.0,0.0,0.0,0.0,0.0,0.0,0.0,0.0,0.0,0.0,0.0,0.0,0.0,0.0,0.0,0.0,0.0,0.0,0.0,0.0,0.0,0.0,0.0,0.0,0.0,0.0,0.0,0.0,0.0,0.0,0.0,0.0,0.0,0.0,0.0,0.0,0.0,0.0,0.0,0.0,0.0,0.0,0.0,0.0,0.0,0.0,0.0,0.0,0.0,0.0,0.0,0.0,0.0,0.0,0.0,0.0,0.0,0.0,0.0,0.0,0.0,0.0,0.0,0.0,0.0,0.0,0.0,0.0,0.0,0.0,0.0,0.0,0.0,0.0,0.0,0.0,0.0,0.0,0.0,0.0,0.0,0.0,0.0,0.0,0.0,0.0,0.0,0.0,0.0,0.0,0.0,0.0
CRR1090941,0,0.0,0.0,0.0,0.0,0.56495,9.937280000000001,0.0,0.0,11.84274,8.65584,0.0,0.10216,0.0,4.4676,0.09567,1.06908,0.0,0.0034,0.17947,0.0,9.55553,0.0,1.0945,11.57861,2.45122,0.0,0.0,0.0,37.21639,0.0,0.0393,0.0,0.0,0.0,0.00558,0.12269,0.0,0.0,0.10321,0.0,0.0,0.0,0.07826,0.0,0.0,0.00274,0.0,0.1542,0.0,0.0,0.0,0.0,0.0,0.0,0.0,0.0,0.0,0.0,0.0,0.0,0.0,0.0,0.0,0.10127,0.0,0.0,0.0,0.0,0.00429,0.0,0.0,0.00046,0.0,0.0,0.0,0.0,0.0,0.0,0.0,0.03582,0.0,0.0,0.0,0.0,0.0,0.09811,0.0,0.0,0.0,0.0,0.0,0.0,0.0,0.0,0.067,0.07991999999999999,0.0,0.09151,0.027389999999999998,0.0,0.0,0.0,0.0,0.0,0.0,0.0,0.0,0.0,0.0,0.0,0.0,0.0,0.0,0.0,0.0,0.0,0.0,0.0,0.0,0.0,0.0,0.0,0.0,0.0,0.0,0.0,0.0,0.0,0.0,0.0,0.0,0.0,0.0,0.0,0.0,0.0,0.0,0.0,0.0,0.0,0.0,0.0,0.0,0.0,0.0,0.0,0.0,0.0,0.0,0.0,0.0,0.0,0.0,0.0,0.0,0.0,0.0,0.0,0.0,0.0,0.0,0.0,0.0,0.0,0.0,0.0,0.0,0.0,0.0,0.0,0.0,0.0,0.0,0.0,0.0,0.0,0.0,0.0,0.0,0.0,0.0,0.0,0.0,0.0,0.0,0.0,0.0,0.0,0.0,0.0,0.0,0.0,0.0,0.0,0.0,0.0,0.0,0.0,0.0,0.0,0.0,0.1738,0.0,0.0,0.0,0.0,0.0,0.0,0.0,0.0,0.0,0.0,0.0,0.0,0.0,0.0,0.0,0.0,0.0,0.0,0.0,0.0,0.0,0.0,0.0,0.0,0.0,0.0,0.0,0.0,0.0,0.0,0.0,0.0,0.0,0.0,0.0,0.0,0.0,0.0,0.0,0.0,0.0,0.0,0.0,0.0,0.0,0.0,0.0,0.0,0.0,0.0,0.0,0.0,0.0,0.0,0.0,0.0,0.0,0.0,0.0,0.0,0.0,0.0,0.0,0.0,0.0,0.0,0.0,0.0,0.0,0.0,0.0,0.0,0.0,0.0,0.0,0.0,0.0,0.0,0.0,0.0,0.0,0.0,0.0,0.0,0.0,0.0,0.0,0.0,0.0,0.0,0.0,0.0,0.0,0.0,0.0,0.0,0.0,0.0,0.0,0.0,0.0,0.0,0.0,0.0,0.0,0.0,0.0,0.0,0.0,0.0,0.0,0.0,0.0,0.0,0.0,0.0
CRR1090899,0,0.0,0.00846,0.0,0.01051,0.09576,4.275869999999999,0.0,0.0,7.01914,5.3789299999999995,0.00031,0.06014,0.0,54.91912000000001,5.32009,0.00633,0.00154,0.0,0.0,0.34057000000000004,1.04688,0.0,1.41417,0.34118,2.78813,0.0,0.0,0.11468,15.10814,0.0,0.00123,0.0,0.0,0.0,0.0,0.08181,0.01482,0.0,0.0,0.0,0.0,0.0,0.05324999999999999,0.0,0.0,0.01187,0.0,0.0,0.0,0.0,0.0,0.0,0.0,0.0,0.0,0.0,0.0,0.0,0.0,0.0,0.0,0.60129,0.0,0.0,0.0,0.0,0.0,0.0,0.0,0.0,0.0,0.38656999999999997,0.0,0.0,0.0,0.0,0.0,0.0125,0.0,0.00492,0.0,0.0,0.0,0.0,0.0,0.53677,0.0,0.0,0.0,0.0,0.0,0.0,0.0,0.0,0.0,0.0,0.0,0.0,0.01634,0.0,0.028169999999999997,0.0,0.0,0.0,0.0,0.0,0.0,0.0,0.0,0.0,0.0,0.0,0.0,0.0,0.0,0.0,0.0,0.0,0.0,0.0,0.0,0.0,0.0,0.0,0.0,0.0,0.0,0.0,0.0,0.0,0.0,0.0,0.0,0.0,0.0,0.0,0.0,0.0,0.0,0.0,0.0,0.0,0.0,0.0,0.0,0.0,0.0,0.0,0.0,0.0,0.0,0.0,0.0,0.0,0.0,0.0,0.0,0.0,0.0,0.0,0.0,0.0,0.0,0.0,0.0,0.0,0.0,0.0,0.0,0.0,0.0,0.0,0.0,0.0,0.0,0.0,0.0,0.0,0.0,0.0,0.0,0.0,0.0,0.0,0.0,0.0,0.0,0.0,0.0,0.0,0.0,0.0,0.0,0.0,0.0,0.0,0.0,0.0,0.0,0.0,0.0,0.0,0.0,0.00055,0.0,0.0,0.0,0.0,0.0,0.0,0.0,0.0,0.0,0.0,0.0,0.0,0.0,0.0,0.0,0.0,0.0,0.0,0.0,0.0,0.0,0.0,0.0,0.0,0.0,0.0,0.0,0.0,0.0,0.0,0.0,0.0,0.0,0.0,0.0,0.0,0.0,0.0,0.0,0.0,0.0,0.0,0.0,0.0,0.0,0.0,0.0,0.0,0.0,0.0,0.0,0.0,0.0,0.0,0.0,0.0,0.0,0.0,0.0,0.0,0.0,0.0,0.0,0.0,0.0,0.0,0.0,0.0,0.0,0.0,0.0,0.0,0.0,0.0,0.0,0.0,0.0,0.0,0.0,0.0,0.0,0.0,0.0,0.0,0.0,0.0,0.0,0.0,0.0,0.0,0.0,0.0,0.0,0.0,0.0,0.0,0.0,0.0,0.0,0.0,0.0,0.0,0.0,0.0,0.0,0.0,0.0,0.0,0.0,0.0,0.0,0.0,0.0,0.0
CRR1090857,1,0.00225,3.50827,0.0,0.0,1.3942999999999999,48.135239999999996,0.1869,0.0,0.8077,6.226400000000001,0.23414,6.97362,0.3702,6.96433,3.64971,0.6936,0.0,0.0,0.02574,0.08305,0.28635,0.0,0.01826,3.28652,0.0,0.0,0.0,0.021339999999999998,0.34631,0.0,0.0,0.0,0.0,0.0,0.00354,0.00393,0.0,0.0,0.0,0.0,0.0,0.0,0.00122,0.0,0.0,0.0,0.0,4.59528,0.0,0.0,0.0,0.0,0.0,0.0,0.0,0.0,0.0,0.0,0.0,0.0,0.0,0.0,0.0,0.0,0.0,0.0,0.0,0.0,0.00139,0.0,0.0,1.02667,0.0,0.09097,0.0,0.0,0.0,0.0,0.0,0.0,0.0,0.0,0.0,0.0,8.28439,0.1803,0.0,0.0,0.0,2.16454,0.0,0.0,0.0,0.0,0.0,0.0,0.43354,0.0,0.0,0.0,0.0,0.0,0.0,0.0,0.0,0.0,0.0,0.0,0.0,0.0,0.0,0.0,0.0,0.0,0.0,0.0,0.0,0.0,0.0,0.0,0.0,0.0,0.0,0.0,0.0,0.0,0.0,0.0,0.0,0.0,0.0,0.0,0.0,0.0,0.0,0.0,0.0,0.0,0.0,0.0,0.0,0.0,0.0,0.0,0.0,0.0,0.0,0.0,0.0,0.0,0.0,0.0,0.0,0.0,0.0,0.0,0.0,0.0,0.0,0.0,0.0,0.0,0.0,0.0,0.0,0.0,0.0,0.0,0.0,0.0,0.0,0.0,0.0,0.0,0.0,0.0,0.0,0.0,0.0,0.0,0.0,0.0,0.0,0.0,0.0,0.0,0.0,0.0,0.0,0.0,0.0,0.0,0.0,0.0,0.0,0.0,0.0,0.0,0.0,0.0,0.0,0.0,0.0,0.0,0.0,0.0,0.0,0.0,0.0,0.0,0.0,0.0,0.0,0.0,0.0,0.0,0.0,0.0,0.0,0.0,0.0,0.0,0.0,0.0,0.0,0.0,0.0,0.0,0.0,0.0,0.0,0.0,0.0,0.0,0.0,0.0,0.0,0.0,0.0,0.0,0.0,0.0,0.0,0.0,0.0,0.0,0.0,0.0,0.0,0.0,0.0,0.0,0.0,0.0,0.0,0.0,0.0,0.0,0.0,0.0,0.0,0.0,0.0,0.0,0.0,0.0,0.0,0.0,0.0,0.0,0.0,0.0,0.0,0.0,0.0,0.0,0.0,0.0,0.0,0.0,0.0,0.0,0.0,0.0,0.0,0.0,0.0,0.0,0.0,0.0,0.0,0.0,0.0,0.0,0.0,0.0,0.0,0.0,0.0,0.0,0.0,0.0,0.0,0.0,0.0,0.0,0.0,0.0,0.0,0.0,0.0,0.0,0.0,0.0,0.0,0.0,0.0,0.0
CRR1090909,1,0.0,6.367039999999999,0.0,0.0,0.80172,8.821429999999998,0.0,0.0,0.09292,22.915729999999993,0.35333,3.46838,0.0,30.545859999999994,3.3010199999999994,0.00069,0.01999,0.65901,1.2209200000000002,0.34163000000000004,1.12692,0.0,0.23022,0.8913,1.05169,0.0,0.0,0.12253,0.03479,0.0,0.02636,0.0,0.0,0.0,0.0,0.10924,0.0116,0.0,0.0,0.0,1.6007,0.0,0.04116,0.0,0.0,0.031880000000000006,0.0,0.0,0.03397,0.0,0.0,0.0,0.0,0.0,0.0,0.0,0.0,0.0,0.0,0.0,0.0,0.0,0.0,0.0,0.0,0.2811,0.0,0.0,1.27871,0.0,0.0,0.13914,0.0,0.09899,0.0,0.0,0.0,0.0,0.0,0.0,0.0,0.0,0.0,0.0,13.45451,0.4002,0.0,0.0,0.0,0.0,0.0,0.0,0.0,0.0,0.0,0.0,0.0549,0.00616,0.00075,0.0,0.00344,0.0,0.0,0.0,0.0,0.0,0.0,0.0,0.0,0.0,0.0,0.0,0.0,0.0,0.0,0.0,0.0,0.0,0.0,0.0,0.0,0.0,0.0,0.0,0.0,0.0,0.0,0.0,0.0,0.0,0.0,0.0,0.0,0.0,0.0,0.0,0.0,0.0,0.0,0.0,0.0,0.0,0.0,0.0,0.0,0.0,0.0,0.0,0.0,0.0,0.0,0.0,0.0,0.0,0.0,0.0,0.0,0.0,0.0,0.0,0.0,0.0,0.0,0.0,0.0,0.0,0.0,0.0,0.0,0.0,0.0,0.0,0.0,0.0,0.0,0.0,0.0,0.0,0.0,0.0,0.0,0.0,0.0,0.05473,0.0,0.0,0.0,0.0,0.0,0.0,0.0,0.0,0.0,0.0,0.0,0.0,0.00302,0.0,0.0,0.0,0.0,0.0,0.0,0.0,0.0,0.0,0.0,0.0,0.0,0.0,0.0,0.0,0.0,0.0,0.0,0.0,0.0,0.0,0.0,0.00236,0.0,0.0,0.0,0.0,0.0,0.0,0.0,0.0,0.0,0.0,0.0,0.0,0.0,0.0,0.0,0.0,0.0,0.0,0.0,0.0,0.0,0.0,0.0,0.0,0.0,0.0,0.0,0.0,0.0,0.0,0.0,0.0,0.0,0.0,0.0,0.0,0.0,0.0,0.0,0.0,0.0,0.0,0.0,0.0,0.0,0.0,0.0,0.0,0.0,0.0,0.0,0.0,0.0,0.0,0.0,0.0,0.0,0.0,0.0,0.0,0.0,0.0,0.0,0.0,0.0,0.0,0.0,0.0,0.0,0.0,0.0,0.0,0.0,0.0,0.0,0.0,0.0,0.0,0.0,0.0,0.0,0.0,0.0,0.0,0.0,0.0,0.0,0.0,0.0,0.0,0.0,0.0,0.0,0.0,0.0,0.0,0.0,0.0
CRR1090947,1,0.00424,0.92189,0.0,0.02619,0.56365,20.640040000000003,2.3344,0.0,0.44766000000000006,12.08257,0.02756,0.24656,0.0,25.771490000000004,0.15678999999999998,0.22039,0.02954,0.36577999999999994,0.051719999999999995,0.52415,3.7884799999999994,3.68057,0.15514000000000003,0.0967,0.29461,0.0,0.00658,0.23624,19.15914,0.0,0.04281,0.0,0.03133,0.0,0.0,0.10643,0.00579,0.0,0.0,0.0,0.0,0.0,0.13590000000000002,0.0,0.0,0.011420000000000001,0.0072499999999999995,0.7886599999999999,0.0,0.0,0.0,0.0,0.0,0.0,0.00524,0.0,0.0,0.0,0.0,0.0,0.0,0.0,0.0,0.0,0.0,0.01239,0.0,0.01417,0.01782,0.0,0.0,0.10139,0.0,0.00093,0.0,0.0,0.0,0.0,0.0,0.0,0.10576,0.0,0.0,0.15766,0.53335,0.0553,0.0,0.0,0.0,0.04858,0.0,0.0,0.0,0.00933,0.0,0.0,0.00693,0.00355,0.03018,3.41883,0.0,0.0,0.0,0.0,0.0,0.0,0.0,0.0,0.0,0.0,0.0,0.0,2.49074,0.0,0.0,0.0,0.0,0.0,0.0,0.0,0.0,0.0,0.0,0.0,0.0,0.0,0.0,0.0,0.0,0.0,0.0,0.0,0.0,0.0,0.0,0.0,0.0,0.0,0.0,0.0,0.0,0.0,0.0,0.0,0.0,0.0,0.0,0.0,0.0,0.0,0.0,0.0,0.0,0.0,0.0,0.0,0.0,0.00848,0.0,0.0,0.0,0.0,0.0,0.0,0.0,0.0,0.0,0.0,0.0,0.0,0.0,0.0,0.0,0.0,0.0,0.0,0.0,0.0,0.0,0.0,0.0,0.0,0.0,0.0,0.0,0.0,0.0,0.0,0.0,0.0,0.0,0.0,0.0,0.0,0.0,0.0,0.0,0.0,0.0,0.0,0.00412,0.0,0.0,0.0,0.0,0.0,0.0,0.0,0.0,0.0,0.0,0.0,0.0,0.0,0.0,0.0,0.0,0.0,0.0,0.0,0.0,0.0,0.0,0.0,0.0,0.0,0.0,0.0,0.0,0.0,0.0,0.0,0.0,0.01358,0.0,0.0,0.0,0.0,0.0,0.0,0.0,0.0,0.0,0.0,0.0,0.0,0.0,0.0,0.0,0.0,0.0,0.0,0.0,0.0,0.0,0.0,0.0,0.0,0.0,0.0,0.0,0.0,0.0,0.0,0.0,0.0,0.0,0.0,0.0,0.0,0.0,0.0,0.0,0.0,0.0,0.0,0.0,0.0,0.0,0.0,0.0,0.0,0.0,0.0,0.0,0.0,0.0,0.0,0.0,0.0,0.0,0.0,0.0,0.0,0.0,0.0,0.0,0.0,0.0,0.0,0.0,0.0,0.0,0.0,0.0,0.0,0.0,0.0,0.0,0.0,0.0,0.0,0.0,0.0,0.0,0.0,0.0,0.0
CRR1090886,1,0.0,4.736579999999999,0.00016,0.0,1.7051500000000002,23.12601,1.09496,0.0,2.77429,10.635939999999996,0.48468,0.02186,0.0,27.73943,4.114280000000001,0.32022,0.0,0.052950000000000004,0.003,0.27476,0.30530999999999997,2.85875,0.56759,0.00813,15.133,0.0,0.0,0.27086,0.0,0.0,0.00132,0.18336,0.0,0.0,0.0,0.02565,0.0,0.0,0.0,0.0,0.0132,0.0,0.03393,0.0,0.0,0.00052,0.0,0.11114,0.0,0.0,0.00414,0.0,0.0,0.0,0.0,0.0,0.0,0.0,0.0,0.0,0.0,0.0,0.0,0.0,0.0,0.0,0.0,0.0,0.1623,0.0,0.0,0.009170000000000001,0.0,0.00753,0.0,0.0,0.0,0.0,0.0,0.02094,0.0,0.0,0.0,0.0,2.06504,0.0,0.0,0.0,0.0,1.09127,0.0,0.0,0.0,0.0,0.0,0.0,0.03705,0.0,0.00553,0.0,0.0,0.0,0.0,0.0,0.0,0.0,0.0,0.0,0.0,0.0,0.0,0.0,0.0,0.0,0.0,0.0,0.0,0.0,0.0,0.0,0.0,0.0,0.0,0.0,0.0,0.0,0.0,0.0,0.0,0.0,0.0,0.0,0.0,0.0,0.0,0.0,0.0,0.0,0.0,0.0,0.0,0.0,0.0,0.0,0.0,0.0,0.0,0.0,0.0,0.0,0.0,0.0,0.0,0.0,0.0,0.0,0.0,0.0,0.0,0.0,0.0,0.0,0.0,0.0,0.0,0.0,0.0,0.0,0.0,0.0,0.0,0.0,0.0,0.0,0.0,0.0,0.0,0.0,0.0,0.0,0.0,0.0,0.0,0.0,0.0,0.0,0.0,0.0,0.0,0.0,0.0,0.0,0.0,0.0,0.0,0.0,0.0,0.0,0.0,0.0,0.0,0.0,0.0,0.0,0.0,0.0,0.0,0.0,0.0,0.0,0.0,0.0,0.0,0.0,0.0,0.0,0.0,0.0,0.0,0.0,0.0,0.0,0.0,0.0,0.0,0.0,0.0,0.0,0.0,0.0,0.0,0.0,0.0,0.0,0.0,0.0,0.0,0.0,0.0,0.0,0.0,0.0,0.0,0.0,0.0,0.0,0.0,0.0,0.0,0.0,0.0,0.0,0.0,0.0,0.0,0.0,0.0,0.0,0.0,0.0,0.0,0.0,0.0,0.0,0.0,0.0,0.0,0.0,0.0,0.0,0.0,0.0,0.0,0.0,0.0,0.0,0.0,0.0,0.0,0.0,0.0,0.0,0.0,0.0,0.0,0.0,0.0,0.0,0.0,0.0,0.0,0.0,0.0,0.0,0.0,0.0,0.0,0.0,0.0,0.0,0.0,0.0,0.0,0.0,0.0,0.0,0.0,0.0,0.0,0.0,0.0,0.0,0.0,0.0,0.0,0.0,0.0,0.0
CRR1090893,0,0.0,0.0,0.0,0.0,0.81983,8.64246,0.0,0.0,0.0,34.2008,0.0,0.0,0.0,26.953400000000006,0.88069,0.07503,0.0,0.16038,0.04437,0.43137,1.9303700000000001,0.0,0.6992299999999999,0.44016999999999995,2.08323,0.0,0.0,0.90953,12.01757,0.0,0.00407,0.0,0.0,0.0,0.0,0.15667999999999999,0.0,0.0,0.48716,0.0,0.0,0.0,0.0869,0.0,0.0,0.34337,0.0,4.95867,0.0,0.0,0.0,0.0,0.0,0.0,0.0,0.0,0.0,0.0,0.0,0.0,0.0,0.07658,0.0,0.0,0.0,0.0,0.0,0.0,0.0,0.0,0.0,2.07464,0.0,0.0,0.0,0.0,0.0,0.0,0.0,0.01758,0.0,0.0,0.0609,0.0,0.0,0.34917,0.0,0.0,0.0,0.22291,0.0,0.0,0.0,0.0,0.05333,0.0,0.7366,0.0,0.00761,0.0,0.02943,0.0,0.0,0.0,0.0,0.0,0.0,0.0,0.0,0.0,0.0,0.0,0.0,0.0,0.0,0.0,0.0,0.0,0.0,0.0,0.0,0.0,0.0,0.0,0.0,0.0,0.0,0.0,0.0,0.0,0.0,0.0,0.0,0.0,0.0,0.0,0.0,0.0,0.0,0.0,0.0,0.0,0.0,0.0,0.0,0.0,0.0,0.0,0.0,0.0,0.0,0.0,0.0,0.0,0.0,0.0,0.0,0.0,0.0,0.0,0.0,0.0,0.0,0.0,0.0,0.0,0.0,0.0,0.0,0.0,0.0,0.0,0.0,0.0,0.0,0.0,0.0,0.0,0.0,0.0,0.0,0.0,0.0,0.0,0.0,0.0,0.0,0.0,0.0,0.0,0.0,0.0,0.0,0.0,0.0,0.0,0.0,0.0,0.0,0.0,0.0,0.03673,0.0,0.00175,0.0,0.0,0.0,0.0,0.0,0.0,0.0,0.0,0.0,0.0,0.0,0.0,0.0,0.0,0.0,0.0,0.0,0.0,0.0,0.0,0.0,0.00194,0.0,0.0,0.0,0.0,0.0,0.0,0.0,0.0,0.0,0.0,0.0,0.0,0.0,0.0,0.0,0.0,0.0,0.0,0.0,0.0,0.0,0.0,0.0,0.0,0.0,0.0,0.0,0.0,0.0,0.0,0.0,0.0,0.0,0.0,0.0,0.0,0.0,0.0,0.0,0.0,0.0,0.0,0.0,0.0,0.0,0.0,0.0,0.0,0.0,0.0,0.0,0.0,0.0,0.0,0.0,0.0,0.0,0.0,0.0,0.0,0.0,0.0,0.0,0.0,0.0,0.0,0.0,0.0,0.0,0.0,0.0,0.0,0.0,0.0,0.0,0.0,0.0,0.0,0.0,0.0,0.0,0.0,0.0,0.0,0.0,0.0,0.0,0.0,0.00551,0.0,0.0,0.0
CRR1090877,1,0.01372,3.28336,0.0,0.0,0.69047,18.070230000000002,0.70128,0.0,2.5321699999999994,32.317160000000015,0.21294,0.25473,0.0,24.916229999999995,1.27773,0.00049,0.01915,0.04476,0.0097,0.21458999999999998,0.6968,0.0,0.15273,0.19912000000000002,11.62575,0.0,0.0,0.14825,0.8140700000000001,0.0,0.0,0.0,0.0,0.0,0.0,0.01469,0.0,0.0,0.0,0.0,0.0,0.0,0.01107,0.00358,0.0,0.0,0.0,0.56039,0.00336,0.0,0.0,0.0,0.0,0.0,0.00214,0.0,0.0,0.0,0.0,0.0356,0.0,0.01209,0.0,0.0,0.0,0.0,0.0,0.00485,0.01609,0.00848,0.0,0.29245,0.0,0.01757,0.0,0.0,0.0,0.0,0.0,0.0055,0.01333,0.0,0.00663,0.0,0.0,0.07963,0.0,0.0,0.0,0.19257,0.0,0.0,0.0,0.0,0.00345,0.0,0.0,0.0,0.00139,0.32448,0.0,0.0,0.0,0.0,0.0,0.0,0.0,0.0,0.0,0.0,0.0,0.0,0.0,0.0,0.0,0.0,0.0,0.0,0.0,0.0,0.0,0.0,0.0,0.0,0.0,0.0,0.0,0.0,0.0,0.0,0.0,0.0,0.0,0.0,0.0,0.0,0.0,0.0,0.0,0.0,0.0,0.0,0.0,0.0,0.0,0.0,0.0,0.0,0.0,0.0,0.0,0.0,0.0,0.0,0.0,0.0,0.0,0.0,0.0,0.0,0.0,0.0,0.19211,0.0,0.0,0.0,0.0,0.0,0.0,0.0,0.0,0.0,0.0,0.0,0.0,0.0,0.0,0.0,0.0,0.0,0.0,0.0,0.0,0.0019,0.0,0.0,0.0,0.0,0.0,0.0,0.0,0.0,0.0,0.0,0.0,0.0,0.0,0.0,0.0,0.0,0.0,0.0,0.0,0.0,0.0,0.0,0.0,0.0,0.0,0.0,0.0,0.0,0.0,0.0,0.0,0.0,0.0,0.0,0.0,0.0,0.0,0.0,0.0,0.0,0.0,0.0,0.0,0.0,0.0,0.0,0.0,0.0,0.0,0.0,0.0,0.0,0.0,0.0,0.0,0.0,0.0,0.0,0.0,0.0,0.0,0.0,0.0,0.0,0.0,0.0,0.0,0.0,0.0,0.0,0.0,0.0,0.0,0.0,0.0,0.0,0.0,0.0,0.0,0.0,0.0,0.0,0.0,0.0,0.0,0.0,0.0,0.0,0.0,0.0,0.0,0.0,0.0,0.0,0.0,0.0,0.0,0.0,0.0,0.0,0.0,0.0,0.0,0.0,0.0,0.0,0.0,0.0,0.0,0.0,0.0,0.0,0.0,0.0,0.0,0.0,0.0,0.0,0.0,0.0,0.0,0.0,0.0,0.0,0.0,0.0,0.0,0.0,0.0,0.0,0.0,0.0012,0.0,0.0
CRR1090967,0,0.0,0.0,0.5657,0.0,1.1493200000000001,14.214670000000002,1.76024,0.0,0.04897,4.6164499999999995,0.0,8.42258,0.0,35.57321999999999,3.07693,0.10406,0.0,0.00894,0.0,0.03572,1.50902,0.0,3.6762199999999994,13.88126,0.26562,0.0,0.02028,0.0584,7.14742,0.0,0.02262,0.0,0.0,0.0,0.0,0.17223,0.0,0.0,0.02941,0.0,0.0,0.0,0.04051,0.0,0.0,0.00527,0.00195,0.70856,0.0,0.0,0.0,0.0,0.0,0.0,0.0,0.0,0.0,0.0,0.0,0.0,0.0,0.0,0.0,0.0,0.0,0.0,0.0,0.0,0.0,0.0,0.0,1.66001,0.0,0.0,0.0,0.0,0.0,0.0,0.0,0.04873,0.0,0.0,0.0,0.0,0.0,0.057,0.0,0.0,0.0,0.0,0.0,0.0,0.0,0.0,0.0,0.015130000000000001,0.82252,0.01985,0.02175,0.0,0.03251,0.0,0.0,0.0,0.0,0.0,0.0,0.0,0.0,0.0,0.0,0.0,0.0,0.0,0.0,0.0,0.0,0.0,0.0,0.0,0.0,0.0,0.0,0.0,0.0,0.0,0.0,0.0,0.0,0.0,0.0,0.0,0.0,0.0,0.0,0.0,0.0,0.0,0.0,0.0,0.0,0.0,0.0,0.0,0.0,0.0,0.0,0.0,0.0,0.0,0.0,0.0,0.0,0.0,0.0,0.0,0.0,0.0,0.0,0.02106,0.0,0.0,0.0,0.0,0.0,0.0,0.0,0.0,0.0,0.0,0.0,0.0,0.0,0.0,0.0,0.0,0.0,0.0,0.0,0.0,0.0,0.0,0.0,0.0,0.0,0.0,0.0,0.0,0.0,0.0,0.0,0.0,0.0,0.0,0.0,0.0,0.0,0.0,0.0,0.0,0.0,0.01182,0.0,0.0,0.0,0.0,0.0,0.0,0.0,0.0,0.0,0.0,0.0,0.0,0.0,0.0,0.0,0.0,0.0,0.0,0.0,0.0,0.0,0.0,0.0,0.0,0.0,0.0,0.0,0.0,0.0,0.0,0.0,0.0,0.0,0.0,0.0,0.0,0.0,0.0,0.0,0.0,0.0,0.17411,0.0,0.0,0.0,0.0,0.0,0.0,0.0,0.0,0.0,0.0,0.0,0.0,0.0,0.0,0.0,0.0,0.0,0.0,0.0,0.0,0.0,0.0,0.0,0.0,0.0,0.0,0.0,0.0,0.0,0.0,0.0,0.0,0.0,0.0,0.0,0.0,0.0,0.0,0.0,0.0,0.0,0.0,0.0,0.0,0.0,0.0,0.0,0.0,0.0,0.0,0.0,0.0,0.0,0.0,0.0,0.0,0.0,0.0,0.0,0.0,0.0,0.0,0.0,0.0,0.0,0.0,0.0,0.0,0.0,0.0,0.0,0.0,0.0,0.0
CRR1090928,1,0.0,5.43501,1.02643,0.0,1.8098699999999999,23.94329,0.56421,0.0,0.6286499999999999,18.606999999999992,0.27592,1.51572,0.0,8.767029999999997,1.1205699999999998,0.25501,0.032749999999999994,0.11987,0.00168,0.97863,0.45034,0.33293,0.07454999999999999,5.3186,1.0777700000000001,0.0,0.0,0.10637,0.60434,0.0,0.00109,0.05109,0.0,0.00407,0.0,0.03994,0.0,0.14025,0.0,0.04806,1.87141,0.0,0.01299,0.0,0.0,0.0,0.0,0.14816000000000001,0.07054,0.70417,1.26139,0.0,0.00381,3.8292900000000003,0.03271,0.0,0.5547,0.03904,0.09989,0.27016,0.08292,0.0,0.0,0.01777,0.0,0.27476,0.02247,0.0273,0.0,0.00253,0.0,0.0,1.60084,0.09263,0.04111,0.0,0.17141,0.0,0.0,0.0,0.02479,0.0013,0.05472,0.0,6.27514,0.0,0.0,0.0,0.0,0.0,2.84337,0.0,0.0,0.0,0.00381,0.0,0.0,0.0,0.0,2.69734,0.00086,0.02908,0.062310000000000004,0.29395,0.01764,0.01796,0.0,0.0,0.0,0.0,0.00746,0.0,0.0,0.0,0.0,0.0,0.06567,0.0,0.0,0.0,0.0,0.0,0.0,0.0,0.02189,0.0,0.0,0.0,0.0,0.0,0.0,0.0,0.0,0.0,0.0,0.0,0.41530999999999996,0.0,0.0,0.0,0.0,0.0,0.0,0.0,0.0,0.0,0.0,0.00986,0.0,0.0,0.06076,0.0,0.01394,0.0,0.0,0.0,0.00127,0.0,0.00119,0.0,0.0,0.0,0.71207,0.07435,0.16041,0.0,0.0,0.0,0.0,0.0,0.0,0.0,0.0,0.0,0.0,0.0,0.0,0.0,0.0,0.0,0.21289,0.0,0.0,0.0,0.0,0.0,0.0,0.0,0.0,0.02663,0.0,0.0,0.0,0.0,0.0,0.0,0.0,0.0,0.0,0.0,0.0,0.0,0.0,0.0,0.0,0.0,0.02633,0.09266,0.0,0.0,0.0,0.0,0.0,0.0,0.0,0.0,0.0,0.0,0.0,0.0,0.0,0.0,0.0,0.0,0.0403,0.0,0.0,0.0,0.0,0.0,0.0,0.0,0.0,0.0,0.0,0.0,0.0,0.0,0.0,0.0,0.0,0.0,0.0,0.55094,0.0,0.0,0.0,0.00406,0.0,0.0,0.0,0.0,0.0,0.0,0.0,0.0,0.08836,0.0,0.0,0.0,0.0,0.0,0.0,0.46623,0.0,0.0,0.0,0.0,0.0,0.0,0.0,0.0,0.0,0.0,0.0,0.0,0.0,0.0,0.0,0.0,0.0,0.0,0.0,0.0,0.0,0.0,0.0,0.0,0.0,0.0,0.0,0.0,0.0,0.0,0.0,0.0,0.0,0.0,0.0,0.0,0.0,0.0,0.0,0.0,0.0,0.0,0.03071,0.0,0.0,0.0,0.0,0.0,0.0,0.0,0.00118,0.0,0.03021,0.0
CRR1090867,1,0.0,1.15913,0.0,0.0,0.62414,13.38654,0.29049,0.0,1.23256,7.348680000000002,0.0,0.0,0.0,26.07881,1.06103,1.06885,0.0,0.013349999999999999,0.0,0.12927,0.7391,0.0,0.33995,0.01732,0.16240000000000002,0.0,0.0,0.03455,2.78769,0.0,0.0001,0.0,0.0,0.0,0.00793,0.0,0.0,0.0,0.01901,0.0,0.0,31.87876,0.004549999999999999,0.0,0.0,0.0,0.0,0.08231,0.0,0.0,0.0,0.0,0.0,0.0,0.0,0.0,0.0,0.0,0.0,0.0,0.0,0.0,0.0,0.0,0.0,0.0,0.0,0.0,0.0,0.0,0.0,10.015400000000001,0.0,0.0,0.0,0.0,0.0,0.0,0.0,0.004,0.0,0.0,0.0,0.0,0.00591,0.40524,0.0,0.0,0.0,1.08555,0.0,0.0,0.0,0.0,0.0,0.0,0.01614,0.0,0.0,0.0,0.0,0.0,0.0,0.0,0.0,0.0,0.0,0.0,0.0,0.0,0.0,0.0,0.0,0.0,0.0,0.0,0.0,0.0,0.0,0.0,0.0,0.0,0.0,0.0,0.0,0.0,0.0012,0.0,0.0,0.0,0.0,0.0,0.0,0.0,0.0,0.0,0.0,0.0,0.0,0.0,0.0,0.0,0.0,0.0,0.0,0.0,0.0,0.0,0.0,0.0,0.0,0.0,0.0,0.0,0.0,0.0,0.0,0.0,0.0,0.0,0.0,0.0,0.0,0.0,0.0,0.0,0.0,0.0,0.0,0.0,0.0,0.0,0.0,0.0,0.0,0.0,0.0,0.0,0.0,0.0,0.0,0.0,0.0,0.0,0.0,0.0,0.0,0.0,0.0,0.0,0.0,0.0,0.0,0.0,0.0,0.0,0.0,0.0,0.0,0.0,0.0,0.0,0.0,0.0,0.0,0.0,0.0,0.0,0.0,0.0,0.0,0.0,0.0,0.0,0.0,0.0,0.0,0.0,0.0,0.0,0.0,0.0,0.0,0.0,0.0,0.0,0.0,0.0,0.0,0.0,0.0,0.0,0.0,0.0,0.0,0.0,0.0,0.0,0.0,0.0,0.0,0.0,0.0,0.0,0.0,0.0,0.0,0.0,0.0,0.0,0.0,0.0,0.0,0.0,0.0,0.0,0.0,0.0,0.0,0.0,0.0,0.0,0.0,0.0,0.0,0.0,0.0,0.0,0.0,0.0,0.0,0.0,0.0,0.0,0.0,0.0,0.0,0.0,0.0,0.0,0.0,0.0,0.0,0.0,0.0,0.0,0.0,0.0,0.0,0.0,0.0,0.0,0.0,0.0,0.0,0.0,0.0,0.0,0.0,0.0,0.0,0.0,0.0,0.0,0.0,0.0,0.0,0.0,0.0,0.0,0.0,0.0,0.0,0.0,0.0,0.0,0.0,0.0
CRR1090940,1,0.0,7.0497000000000005,4.73486,0.0,0.77751,4.508140000000001,0.45859,0.0,1.3614300000000001,10.4705,0.57692,0.0,0.0,23.801460000000002,0.32561000000000007,0.04631,0.06881000000000001,0.29953,0.0,0.09681999999999999,0.29455000000000003,0.9749,1.42368,0.01926,4.566520000000001,0.0,0.01469,0.35057,5.47267,0.0,0.00173,0.0,0.00059,0.0,0.0,0.03125,0.0,0.00635,0.01146,0.032,0.61336,0.0,0.02014,0.00052,0.00081,0.0,0.0,0.13086,0.00685,7.7575400000000005,0.0,0.0,0.09589,5.391920000000001,0.00293,0.0,0.0,0.0,0.0,0.0,0.0,0.02022,0.0,0.00686,0.0,0.0,0.0,0.02986,0.00175,0.0,0.0,16.2198,0.28782,0.0039,0.04929,0.9034,0.00407,0.0,0.0,0.0,0.0,0.0,0.00829,0.0,0.0,0.16876,0.15461,0.0,0.0,0.0,0.0,0.0,0.0,0.0,0.0,0.0,0.0,0.0,0.00605,0.0,0.01758,0.0,0.0005,0.0,0.0,0.0,0.0,0.0,0.0,0.0,0.0,0.0,0.0,0.0,0.0,0.0,0.0,0.0,0.0,0.0,0.0,0.0,0.0,0.0,0.0,0.00698,0.0,0.0,0.0,0.0,0.0,0.0,0.0,0.0,0.0,0.0,0.0,0.0,0.0,0.0,0.0,0.0,0.0,0.05973,0.0,0.0,0.00796,0.0,0.0,0.0,0.0,0.0,0.0,0.0567,0.0,0.0,0.0,0.0,0.0,0.0,0.0,0.0,0.0,0.0,0.0,0.0,0.0,0.0,0.0,0.0,0.0,0.0,0.0,0.0,0.0,0.0,0.0,0.0,0.0,0.0,0.0,0.00022,0.0,0.0,0.0,0.0,0.0,0.0,0.0,0.0,0.0,0.0,0.0,0.0,0.0,0.0,0.0006,0.0,0.0,0.0,0.0,0.0,0.0,0.0,0.0,0.0,0.0,0.0,0.0,0.0,0.0,0.0,0.0,0.0,0.0,0.0,0.0,0.0,0.0,0.00049,0.0,0.0,0.0,0.0,0.0,0.0,0.0,0.0,0.0,0.0,0.0,0.0,0.0,0.00562,0.0,0.0,0.00163,0.0,0.0,0.0,0.0,0.0,0.0,0.0,0.0,0.0,0.0,0.0,0.0,0.0,0.0,0.0,0.0,0.0,0.0,0.0,0.0,0.0,0.0,0.0,0.08383,0.0,0.0,0.0,0.0,0.0,0.09566,0.0,0.0,0.0,0.0,0.0,0.0,0.0,0.0,0.0,0.0,0.0,0.0,0.0,0.0,0.0,0.0,0.0,0.0,0.0,0.0,0.0,0.0,0.0,0.0,0.0,0.0,0.0,0.0,0.0,0.0,0.0,0.0,0.0,0.0,0.0,0.0,0.0,0.0,0.0,0.0,0.0,0.0,0.0,0.0,0.0,0.0,0.0,0.0,0.0,0.0,0.00055
CRR1090919,1,0.00961,11.312200000000002,3.71915,0.0004,0.8159899999999999,14.467089999999999,1.50613,0.0,3.4692100000000003,15.945049999999998,0.4673,0.03434,0.0,13.569840000000001,1.7600099999999996,1.96595,0.00843,0.030090000000000002,2.42557,0.31862000000000007,0.028679999999999997,3.28823,0.7701999999999999,0.5504699999999999,2.48137,0.0,0.00048,0.85335,10.280220000000002,0.0,0.00204,0.0,0.0,0.0,0.0,0.00278,0.00048,0.0020900000000000003,0.0,0.0,1.10828,0.0,0.03117,0.00036,0.0,0.00099,0.0,0.22965000000000002,0.0033,1.22089,0.0,0.0,0.10918,0.0,0.11413000000000001,0.0,0.0,0.0,0.0,0.05566,0.0,0.0,0.0,0.01175,0.0,0.0,0.0,0.0,0.0,0.0,0.0,4.56553,1.37016,0.00733,0.0,0.0,0.0,0.01081,0.00121,0.00332,0.0,0.0,0.00038,0.0,0.0,0.12935,0.0,0.0,0.0,0.23445,0.10653,0.0,0.23262,0.0,0.0,0.0,0.0,0.0,0.0,0.04603,0.00611,0.0,0.0,0.0,0.0,0.0,0.0,0.0,0.0,0.01491,0.0,0.0,0.0,0.0,0.0,0.0,0.0,0.0,0.0,0.0,0.0,0.0,0.0,0.0,0.0,0.0,0.0,0.0,0.0,0.0,0.0,0.0,0.0,0.0,0.0,0.0,0.08486,0.0,0.10384,0.0,0.00095,0.0,0.0,0.02598,0.0,0.0,0.0,0.0,0.0,0.0,0.0,0.0,0.0,0.0,0.0,0.0,0.0,0.00183,0.0,0.0,0.0,0.0,0.07976,0.0,0.0,0.0,0.0,0.0,0.0,0.0,0.0,0.0,0.0,0.0,0.0,0.0,0.0,0.0,0.0,0.0,0.0,0.0,0.0,0.00039,0.0,0.0,0.00289,0.0,0.0,0.0,0.0,0.0,0.0,0.0,0.0,0.0,0.0,0.0,0.0,0.0,0.0,0.0,0.0,0.0,0.0,0.0,0.0,0.0,0.0,0.0,0.0,0.0,0.0,0.0,0.0,0.0,0.0,0.0,0.0,0.0,0.0,0.0,0.0,0.0,0.0,0.0,0.0,0.0,0.0,0.0,0.0,0.0,0.0,0.0,0.0,0.0,0.0,0.0,0.0,0.0,0.0,0.0,0.0,0.0,0.0,0.0,0.0,0.0,0.0,0.0,0.0,0.0,0.0,0.0,0.0,0.0,0.0,0.0,0.0,0.0,0.0,0.0,0.0,0.0,0.0,0.0,0.0,0.0,0.0,0.0,0.0,0.0,0.0,0.0,0.0,0.0,0.0,0.0,0.0,0.0,0.0,0.0,0.0,0.0,0.0,0.0,0.0,0.0,0.0,0.0,0.0,0.0,0.0,0.0,0.0,0.0,0.0,0.0,0.0,0.0,0.0,0.0,0.0,0.0,0.0,0.0,0.0,0.0,0.0,0.0,0.0,0.0,0.0,0.0,0.0,0.0,0.0,0.0
CRR1090936,1,0.19138,13.017079999999998,1.2843499999999999,0.0,2.698,6.37027,1.08694,0.0,0.5851999999999999,9.302880000000005,0.8458300000000001,2.52441,0.0,14.511749999999994,0.49182,0.72048,0.33419,0.29090000000000005,0.39914000000000005,0.44195999999999996,1.48504,0.55361,0.6795100000000002,0.37459,0.40581,0.0,0.0,0.19041,24.909670000000002,0.0,0.0,0.0,0.0,0.0,0.11387,0.00065,0.0,0.0,0.02516,0.0,1.62482,0.0,0.01183,0.0,0.0,0.00817,0.0,0.18231999999999998,0.0,0.0,0.0,0.0,0.0,0.0,0.09562999999999999,0.0,0.0,0.0,0.0,0.0,0.0,0.00291,0.0,0.0,0.0,0.0,0.0,0.08432,0.01565,0.00389,0.0,5.57543,0.0,1.4324700000000001,0.07472,5.60452,0.0,0.0,0.0,0.0,0.43695,0.0,0.0,0.0,0.82792,0.06817,0.00361,0.0,0.0,0.0,0.0,0.0,0.10314,0.00337,0.0028799999999999997,0.0,0.0,0.0,0.0,0.0,0.0,0.00018,0.0,0.0,0.0,0.0,0.0,0.0,0.0,0.0,0.0,0.0,0.0,0.0,0.0,0.0,0.0,0.0,0.0,0.0,0.0,0.0,0.0,0.0,0.0,0.0,0.0,0.0,0.0,0.0,0.0,0.0,0.0,0.0,0.0,0.0,0.0,0.0,0.0,0.0,0.0,0.0,0.0,0.0,0.0,0.0,0.0,0.0,0.0,0.0,0.0,0.0,0.0,0.0,0.0,0.0,0.0,0.0,0.0,0.0,0.0,0.0,0.0,0.0,0.0,0.0,0.0,0.0,0.0,0.0,0.0,0.0,0.0,0.0,0.0,0.0,0.0,0.0,0.0,0.0,0.0,0.0,0.0,0.0,0.0,0.0,0.0,0.0,0.0,0.0,0.0,0.0,0.0,0.0,0.0,0.0,0.0,0.0,0.0,0.0,0.0,0.0,0.0,0.0,0.0,0.0,0.0,0.0,0.0,0.0,0.0,0.0,0.0,0.0,0.0,0.0,0.0,0.0,0.0,0.0,0.0,0.0,0.0,0.0,0.0,0.0,0.0,0.0,0.0,0.0,0.0,0.0,0.0,0.0,0.0,0.0,0.0,0.0022,0.0,0.0,0.0,0.0,0.0,0.0,0.0,0.0,0.0,0.0,0.0,0.0,0.0,0.0,0.0,0.0,0.0,0.0,0.0,0.0,0.0,0.0,0.0,0.0,0.0,0.0,0.0,0.0,0.0,0.0,0.0,0.0,0.0,0.0,0.0,0.0,0.0,0.0,0.0,0.0,0.0,0.0,0.0,0.0,0.0,0.0,0.0,0.0,0.0,0.0,0.0,0.0,0.0,0.0,0.0,0.0,0.0,0.0,0.0,0.0,0.0,0.0,0.0,0.0,0.0,0.0,0.0,0.0,0.0,0.0,0.0,0.0,0.0,0.0,0.0,0.0,0.0,0.0,0.0,0.0
CRR1090950,1,0.0,9.9622,3.0487,0.0,0.67974,7.79119,2.20799,0.0,2.03517,22.270819999999997,1.8448799999999999,4.81986,0.0,16.69398,0.43425,0.02709,0.03965,1.80762,0.05654,0.24370999999999998,5.181709999999999,0.07049,0.46824,2.4121099999999998,0.3404,0.0,0.0,1.2113,0.24279,0.0,0.11628,0.0,0.0,0.0,0.22193,0.012569999999999998,0.00133,0.0,0.05666,0.0,0.0,0.0,0.01851,0.0,0.0,0.01826,0.0,0.19567,0.02414,0.0,1.97538,0.0,0.0,0.0,0.0,0.1463,0.04298,0.0,0.0,0.0,0.0,0.0,0.0,0.0,0.0,0.16766,0.0,0.0,0.0232,0.00193,0.0,0.007000000000000001,0.14772,0.0,0.0,0.97359,0.0,0.0,0.0,0.00254,0.0,0.0,0.01409,0.0,0.0,0.08432,0.0,0.0,0.0,0.0,0.0,0.0,0.02291,0.00704,0.0,0.0,0.0,0.00125,0.01494,4.51374,0.013059999999999999,0.0,0.0,0.0,0.0,0.0,0.0,0.0,0.0,0.0,0.0,0.0,3.74786,0.0,0.0,0.0,0.0,0.0,0.0,0.0,0.0,3.23611,0.0,0.0,0.0,0.0,0.0,0.0,0.0,0.0,0.0,0.0,0.0,0.0,0.0,0.0,0.0,0.0,0.0,0.0,0.0,0.0,0.0,0.02778,0.0,0.0,0.0,0.0,0.0,0.0,0.0,0.0,0.0,0.0,0.0,0.01328,0.00356,0.0,0.0,0.0,0.0,0.0,0.0,0.0,0.0,0.0,0.0,0.0,0.0,0.0,0.0,0.0,0.0,0.0,0.0,0.0,0.0,0.0,0.0,0.0,0.0,0.0,0.0,0.0,0.0,0.0,0.0,0.0,0.0,0.0,0.00218,0.0,0.0,0.0,0.0,0.0,0.0,0.0,0.0,0.0,0.0,0.0,0.0,0.0,0.0,0.0,0.0,0.01983,0.0,0.0,0.0,0.0,0.0,0.0,0.0,0.0,0.0,0.0,0.0,0.0,0.0,0.0,0.0,0.0,0.0,0.0,0.0,0.0,0.0,0.0,0.0,0.0,0.0,0.0,0.0,0.0,0.0,0.0,0.0,0.0,0.0,0.0,0.0,0.0,0.10975,0.0,0.0,0.0,0.0,0.07649,0.0,0.0,0.0,0.0,0.0,0.0,0.0,0.0,0.0,0.0,0.0,0.0,0.0,0.0,0.0,0.0,0.0,0.0,0.0,0.0,0.0,0.0,0.0,0.0,0.0,0.0,0.0,0.0,0.0,0.0,0.0,0.0,0.0,0.0,0.0,0.0,0.0,0.0,0.0,0.0,0.0,0.0,0.0,0.0,0.0,0.0,0.0,0.0,0.0,0.0,0.0,0.0,0.0,0.0,0.0,0.0,0.04775,0.0,0.0,0.0,0.0,0.0,0.0,0.0,0.0,0.0,0.0,0.0
CRR1090946,1,0.04181,4.860639999999999,0.0,0.0,1.2764300000000002,18.805599999999995,3.0865,9.09874,1.13243,10.20958,0.26048,0.0719,0.0,18.88674,0.76544,0.54269,0.0933,0.17246,0.16587000000000002,0.9862599999999999,0.10217999999999999,5.58594,0.17077,7.43111,2.50992,0.0,0.00012,0.18458000000000002,1.8452,0.0,0.01862,0.0,0.0,0.00173,0.01467,0.01707,0.00148,0.0,1.73594,0.0,1.53248,0.0,0.01328,0.00083,0.0,0.00228,0.0,0.09918,0.03646,0.0,2.06424,0.0,0.1268,0.14909,0.00798,0.0,0.03304,0.0,0.0,0.07416,0.0,0.0,0.0,0.03035,0.0,0.048420000000000005,0.00837,0.0045,0.01156,0.0001,0.0,0.88923,0.8707,0.00893,0.0,0.37391,0.06923,0.0011,0.0,0.0,0.0,0.00117,0.00315,0.03005,0.15231,0.07174,0.22112,0.0,0.0,0.07403,0.78197,0.0,0.0,0.01679,0.0,0.0,0.0,0.00303,0.00272,1.75531,0.0,0.0,0.00863,0.05679,0.0,0.02989,0.0,0.0,0.0,0.00529,0.0,0.0,0.0,0.0,0.0,0.0,0.00877,0.0,0.0,0.0,0.0,0.0,0.0,0.0,0.0,0.00947,0.0,0.0,0.0,0.0,0.0,0.0,0.0,0.0,0.0,0.0,0.0082,0.00364,0.0,0.0,0.0,0.0,0.0,0.05336,0.0,0.0,0.0,0.0,0.0,0.00102,0.0,0.00317,0.0,0.00543,0.10395,0.0,0.0,0.0,0.0,0.0,0.0,0.0,0.0,0.0,0.0,0.0,0.0,0.0,0.0,0.0,0.0,0.0,0.0,0.0,0.0,0.0,0.0,0.0,0.0,0.0,0.0,0.0,0.0,0.0,0.0,0.0,0.0,0.0,0.0,0.05435,0.0,0.0,0.0,0.0,0.0,0.0,0.0,0.0,0.0,0.0,0.0022,0.0,0.0,0.0,0.0,0.0,0.0,0.0,0.0,0.0,0.0,0.0,0.0,0.0,0.0,0.0,0.0,0.0,0.0,0.0,0.0,0.0,0.0,0.0,0.0,0.0,0.0,0.0,0.0,0.0,0.0,0.0,0.0,0.0,0.0,0.0,0.0,0.0,0.0,0.0,0.0,0.0,0.0,0.0,0.0,0.0,0.0,0.0,0.0,0.0,0.0,0.0,0.0,0.0,0.0,0.0,0.0,0.0,0.0,0.0,0.0,0.0,0.0,0.0,0.0,0.0,0.0,0.0,0.0,0.0,0.0,0.0,0.0,0.0,0.0,0.0,0.0,0.0,0.0,0.0,0.0,0.0,0.0,0.0,0.0,0.0,0.0,0.0,0.0,0.0,0.0,0.0,0.0,0.0,0.0,0.0,0.0,0.0,0.0,0.0,0.0,0.0,0.0,0.0,0.0,0.0,0.0,0.0,0.0,0.0,0.0,0.0,0.0,0.0,0.0,0.0,0.0,0.0
CRR1090922,1,0.0,0.33985,0.45154,0.0,1.06012,58.52478,0.0,0.0,0.55365,11.002030000000001,2.18835,0.0,0.0,18.29418,1.78573,0.0,0.0,0.00097,0.0,0.00457,1.99322,0.0119,0.18606,1.65913,1.17252,0.0,0.0,0.0,0.0,0.0,0.0,0.0,0.0,0.0,0.06724,0.01028,0.0,0.0,0.10787000000000001,0.0,0.0,0.0,0.00312,0.0,0.0,0.00897,0.0,0.0,0.0,0.0,0.0,0.0,0.0,0.0,0.0,0.0,0.0,0.0,0.0,0.0,0.0,0.0,0.0,0.0,0.0,0.0,0.0,0.0,0.0,0.0,0.0,0.53369,0.0,0.0,0.0,0.0,0.0,0.0,0.0,0.00257,0.0,0.0,0.0,0.0,0.03471,0.0018,0.0,0.0,0.0,0.0,0.0,0.0,0.0,0.0,0.0,0.0,0.0,0.0,0.0,0.0,0.00117,0.0,0.0,0.0,0.0,0.0,0.0,0.0,0.0,0.0,0.0,0.0,0.0,0.0,0.0,0.0,0.0,0.0,0.0,0.0,0.0,0.0,0.0,0.0,0.0,0.0,0.0,0.0,0.0,0.0,0.0,0.0,0.0,0.0,0.0,0.0,0.0,0.0,0.0,0.0,0.0,0.0,0.0,0.0,0.0,0.0,0.0,0.0,0.0,0.0,0.0,0.0,0.0,0.0,0.0,0.0,0.0,0.0,0.0,0.0,0.0,0.0,0.0,0.0,0.0,0.0,0.0,0.0,0.0,0.0,0.0,0.0,0.0,0.0,0.0,0.0,0.0,0.0,0.0,0.0,0.0,0.0,0.0,0.0,0.0,0.0,0.0,0.0,0.0,0.0,0.0,0.0,0.0,0.0,0.0,0.0,0.0,0.0,0.0,0.0,0.0,0.0,0.0,0.0,0.0,0.0,0.0,0.0,0.0,0.0,0.0,0.0,0.0,0.0,0.0,0.0,0.0,0.0,0.0,0.0,0.0,0.0,0.0,0.0,0.0,0.0,0.0,0.0,0.0,0.0,0.0,0.0,0.0,0.0,0.0,0.0,0.0,0.0,0.0,0.0,0.0,0.0,0.0,0.0,0.0,0.0,0.0,0.0,0.0,0.0,0.0,0.0,0.0,0.0,0.0,0.0,0.0,0.0,0.0,0.0,0.0,0.0,0.0,0.0,0.0,0.0,0.0,0.0,0.0,0.0,0.0,0.0,0.0,0.0,0.0,0.0,0.0,0.0,0.0,0.0,0.0,0.0,0.0,0.0,0.0,0.0,0.0,0.0,0.0,0.0,0.0,0.0,0.0,0.0,0.0,0.0,0.0,0.0,0.0,0.0,0.0,0.0,0.0,0.0,0.0,0.0,0.0,0.0,0.0,0.0,0.0,0.0,0.0,0.0,0.0,0.0,0.0,0.0
CRR1090921,1,0.0,7.9505099999999995,4.71574,0.0,1.23316,10.124489999999998,0.01599,0.0,0.8294900000000001,17.15831,0.53992,1.05138,0.0,12.610890000000003,0.83948,0.5821000000000001,0.01186,0.06477000000000001,0.08416000000000001,0.7699399999999998,0.21567,1.00541,0.6323500000000001,0.4243,3.3709200000000004,0.0,0.0,0.03691,1.0251000000000001,0.0,0.0,0.0,0.0,0.03137,0.00053,0.00016,0.0,0.11639,0.0,0.01512,2.7925600000000004,0.0,0.0,0.0,0.0,0.00049,0.0,0.6174999999999999,0.01459,3.22874,0.0,4.48137,0.52472,10.41755,0.0,0.0,0.25886000000000003,0.01304,0.0,0.0,0.02072,0.0,0.0,0.0269,0.26511,0.17317,0.0,0.00738,0.00559,0.00025,0.0,0.50574,0.26538,0.00426,0.02624,0.26799,0.10075,0.00222,0.00055,0.0,0.00158,0.0,0.0137,0.0,0.92999,0.10835,0.3223,0.20572,0.0,0.2708,0.54506,0.00065,0.64823,0.0,0.00064,0.0,0.0,0.0,0.00838,0.59284,0.00124,0.00797,0.07261000000000001,1.31694,0.0,0.01659,0.0,0.0,0.0,0.00152,0.05971,0.0,0.0,0.7212000000000001,0.0,0.0,0.0,0.0,0.00865,0.0,0.0,0.47163,0.0,0.0,0.0,0.01644,0.0,0.0,0.0,0.0,0.0,0.0,0.10062,0.0,0.36721,0.02373,0.7607499999999999,0.01728,0.26633,0.0,0.0008,0.0,0.0,0.21199,0.08563,0.0,0.00378,0.0,0.00392,0.0,0.0,0.00586,0.02524,0.00845,0.00439,0.0,0.00153,0.0,0.0,0.0,0.0,0.0,0.0,0.0079,0.06469,0.0,0.08188,0.0,0.0,0.0,0.03429,0.0,0.00367,0.0,0.0,0.0,0.0,0.37583,0.00843,0.0,0.0,0.0,0.26835,0.0,0.0,0.0,0.0,0.0,0.0,0.0,0.0,0.0,0.0,0.0,0.0,0.0,0.00297,0.0,0.0,0.0,0.0,0.0,0.0,0.0,0.0,0.0,0.0,0.00523,0.0,0.0,0.0,0.0,0.0,0.0,0.0,0.0,0.0,0.0,0.0,0.0,0.0521,0.40993,0.0,0.0,0.0,0.0,0.0,0.0,0.01883,0.0,0.0,0.0,0.0,0.0,0.0,0.0,0.0,0.0,0.03787,0.0,0.0,0.0,0.0,0.0,0.17687,0.0,0.0,0.0,0.0,0.0,0.48863,0.0,0.0,0.0,0.00308,0.0,0.0,0.0,0.0,0.0,0.0,0.0,0.0,0.21921,0.0,0.0,0.0,0.0,0.0,0.00546,0.0,0.0,0.0,0.0,0.0,0.0,0.0,0.0,0.0,0.0,0.0,0.0,0.0,0.0,0.0,0.0,0.0,0.0,0.0,0.0,0.0,0.0,0.0,0.0,0.0,0.0,0.02641,0.0,0.0,0.0,0.0,0.0,0.0,0.0,0.0,0.0,0.0,0.0,0.0,0.0,0.0,0.0,0.0,0.0,0.0,0.0,0.0,0.0
CRR1090916,1,0.0,3.92435,0.0,0.00614,0.6351100000000001,24.792930000000002,0.40446,0.0,9.60356,21.46537,0.39893,0.10182,0.0,17.51645,1.6362999999999999,0.033479999999999996,0.07692,0.06979,1.4557600000000002,0.8966000000000001,0.25742,0.0,1.12146,0.18039,1.0961,0.0,0.0,0.0,10.58232,0.0,0.00262,0.0,0.0,0.0,0.0,0.01048,0.0,0.0,0.0,0.0,0.0,0.0,0.00384,0.0,0.0,0.0,0.0,0.06265,0.0,0.0,2.10499,0.0,0.0,0.0,0.0,0.0,0.0,0.0,0.0,0.02063,0.0,0.05047,0.0,0.0062,0.0,0.0,0.0,0.0,0.01949,0.01199,0.0,0.58233,0.12898,0.00347,0.0,0.0,0.0,0.0,0.0,0.00222,0.0,0.0,0.0,0.0,0.0,0.12406,0.0,0.0,0.0,0.0,0.0,0.0,0.60224,0.0,0.0,0.0,0.0,0.0,0.0,0.0,0.00144,0.0,0.0,0.0,0.0,0.0,0.0,0.0,0.0,0.0,0.0,0.0,0.0,0.0,0.0,0.0,0.0,0.0,0.0,0.0,0.0,0.0,0.0,0.0,0.0,0.0,0.0,0.0,0.0,0.0,0.0,0.0,0.0,0.0,0.0,0.0,0.0,0.0,0.0,0.0,0.0,0.0,0.0,0.0,0.0,0.0,0.0,0.0,0.0,0.0,0.0,0.0,0.00492,0.0,0.0,0.0,0.0,0.0,0.0,0.0,0.0,0.0,0.0,0.0,0.0,0.0,0.0,0.0,0.0,0.0,0.0,0.0,0.0,0.0,0.0,0.0,0.0,0.0,0.0,0.0,0.0,0.0,0.0,0.0,0.0,0.0,0.0,0.0,0.0,0.0,0.0,0.0,0.0,0.0,0.0,0.0,0.0,0.0,0.0,0.0,0.0,0.0,0.00141,0.0,0.0,0.0,0.0,0.0,0.0,0.0,0.0,0.0,0.0,0.0,0.0,0.0,0.0,0.0,0.0,0.0,0.0,0.0,0.0,0.0,0.0,0.0,0.0,0.0,0.0,0.0,0.0,0.0,0.0,0.0,0.0,0.0,0.0,0.0,0.0,0.0,0.0,0.0,0.0,0.0,0.0,0.0,0.0,0.0,0.0,0.0,0.0,0.0,0.0,0.0,0.0,0.0,0.0,0.0,0.0,0.0,0.0,0.0,0.0,0.0,0.0,0.0,0.0,0.0,0.0,0.0,0.0,0.0,0.0,0.0,0.0,0.0,0.0,0.0,0.0,0.0,0.0,0.0,0.0,0.0,0.0,0.0,0.0,0.0,0.0,0.0,0.0,0.0,0.0,0.0,0.0,0.0,0.0,0.0,0.0,0.0,0.0,0.0,0.0,0.0,0.0,0.0,0.0,0.0,0.0,0.0,0.0,0.0,0.0,0.0,0.0,0.0,0.0,0.0
CRR1090917,0,0.0,0.7486200000000001,0.0,0.0,0.31901,37.80435,0.0,0.0,0.24876,17.12127,0.0,1.89365,0.0,13.568930000000003,1.7028400000000001,0.17027,0.00315,0.01979,0.0,2.14885,1.67081,0.0,0.16679,0.30721,1.29745,0.0,0.0,0.22244,3.94459,0.0,0.0,0.0,0.0,0.0,0.00066,0.0,0.0,0.0,7e-05,0.0,0.0,0.0,0.01259,0.0,0.0,0.0,0.0,1.48275,0.18568,0.0,14.58414,0.0,0.0,0.0,0.0,0.0,0.0,0.0,0.0,0.0,0.0,0.0,0.0,0.0,0.0,0.0,0.0,0.0,0.0,0.0,0.0,0.01561,0.0,0.0,0.0,0.0,0.0,0.0248,0.0,0.0058,0.0,0.0,0.00291,0.0,0.0,0.09633,0.0,0.0,0.0,0.0,0.0,0.0,0.0,0.0,0.0,0.0,0.21688,0.0,0.0,0.0,0.0,0.0,0.0,0.0,0.0,0.0,0.0,0.0,0.0,0.0,0.0,0.0,0.0,0.0,0.0,0.0,0.0,0.0,0.0,0.0,0.0,0.0,0.0,0.0,0.0,0.0,0.0,0.0,0.0,0.0,0.0,0.0,0.0,0.0,0.0,0.0,0.0,0.0,0.0,0.0,0.0,0.0,0.0,0.0,0.0,0.0,0.0,0.0,0.0,0.0,0.0,0.0,0.0,0.0,0.0,0.0,0.0,0.0,0.0,0.0,0.0,0.0,0.0,0.0,0.0,0.0,0.0,0.0,0.0,0.0,0.0,0.0,0.0,0.0,0.0,0.0,0.0,0.0,0.0,0.0,0.0,0.0,0.0,0.0,0.0,0.0,0.0,0.0,0.0,0.0,0.0,0.0,0.0,0.0,0.0,0.0,0.0,0.0,0.0,0.0,0.0,0.0,0.0,0.0,0.0,0.013,0.0,0.0,0.0,0.0,0.0,0.0,0.0,0.0,0.0,0.0,0.0,0.0,0.0,0.0,0.0,0.0,0.0,0.0,0.0,0.0,0.0,0.0,0.0,0.0,0.0,0.0,0.0,0.0,0.0,0.0,0.0,0.0,0.0,0.0,0.0,0.0,0.0,0.0,0.0,0.0,0.0,0.0,0.0,0.0,0.0,0.0,0.0,0.0,0.0,0.0,0.0,0.0,0.0,0.0,0.0,0.0,0.0,0.0,0.0,0.0,0.0,0.0,0.0,0.0,0.0,0.0,0.0,0.0,0.0,0.0,0.0,0.0,0.0,0.0,0.0,0.0,0.0,0.0,0.0,0.0,0.0,0.0,0.0,0.0,0.0,0.0,0.0,0.0,0.0,0.0,0.0,0.0,0.0,0.0,0.0,0.0,0.0,0.0,0.0,0.0,0.0,0.0,0.0,0.0,0.0,0.0,0.0,0.0,0.0,0.0,0.0,0.0
CRR1090854,0,0.00292,11.40251,0.12492,0.0,0.13341,13.74105,3.11448,0.0,4.51854,16.532210000000003,0.22101,0.46279,0.0,13.830350000000006,0.95237,0.02007,0.07755000000000001,0.12149,0.00111,0.33909,0.11615,11.38065,0.20164999999999997,0.00098,1.26092,0.0,0.0,0.15498,8.19532,0.0,0.01994,0.0,0.0,0.0,0.0,0.03787,0.0,0.0,0.0,0.00287,2.53681,0.32592,0.0265,0.00012,0.00173,0.0,0.00109,0.0205,0.222,0.0,0.0,0.0,0.02225,0.0443,0.07014000000000001,0.0,0.15399,0.0,0.0,0.0,0.0,0.0,0.0,0.01445,0.0,0.11406,0.0,0.00934,0.02716,0.053,0.0,0.30734,0.0,0.09429,0.01588,0.0,0.0,0.0104,0.0,0.00766,0.0,0.0,0.2231,0.0,1.13061,0.0548,0.0,0.0,0.0,0.02084,0.0,0.0,0.0,0.0,0.00185,0.0,0.0,0.0,0.00283,7.47253,0.00129,0.0,0.0,0.0,0.0,0.0,0.0,0.0,0.0,0.0,0.0,0.0,0.0,0.0,0.0,0.0,0.0,0.0,0.0,0.0,0.0,0.0,0.0,0.0,0.0,0.0,0.0,0.0,0.0,0.0,0.02614,0.0,0.0,0.0,0.0,0.0,0.0,0.0,0.0,0.0,0.0,0.0,0.0,0.0,0.0,0.0,0.0,0.0,0.0,0.0,0.0,0.0,0.0,0.0,0.0,0.0,0.0,0.0,0.0,0.0,0.0,0.0,0.0,0.01746,0.0,0.0,0.0,0.0,0.0,0.0,0.0,0.0,0.0,0.0,0.0,0.0,0.0,0.0,0.0,0.0,0.0,0.00063,0.0,0.0,0.0,0.0,0.0,0.0,0.0,0.0,0.0,0.0,0.0,0.0,0.0,0.0,0.0,0.0,0.0,0.0,0.0,0.0,0.0,0.0,0.0,0.00178,0.0,0.0,0.0,0.0,0.0,0.0,0.0,0.0,0.0,0.0,0.0,0.0,0.0,0.0,0.0,0.0,0.0,0.0,0.0,0.0,0.0,0.0,0.0,0.0,0.0,0.0,0.0,0.0,0.0,0.0,0.0,0.0,0.0,0.0,0.0,0.0,0.0,0.0,0.0,0.0,0.0,0.0,0.0,0.0,0.0,0.0,0.0,0.0,0.0,0.0,0.0,0.0,0.0,0.0,0.0,0.0,0.0,0.0,0.0,0.0,0.0,0.0,0.0,0.0,0.0,0.0,0.0,0.0,0.0,0.0,0.0,0.0,0.0,0.0,0.0,0.0,0.0,0.0,0.0,0.0,0.0,0.0,0.0,0.0,0.0,0.0,0.0,0.0,0.0,0.0,0.0,0.0,0.0,0.0,0.0,0.0,0.0,0.0,0.0,0.0,0.0,0.0,0.0,0.0,0.0,0.0,0.0,0.0,0.0,0.0,0.0,0.0
CRR1090918,1,0.0,4.94279,4.89204,0.0,4.4773700000000005,16.5485,1.33579,0.0,1.4271999999999998,6.800200000000001,0.13871,0.0,0.0,16.420599999999997,3.9906199999999994,0.57285,0.04566,0.03615,0.0,0.14682,0.39168000000000003,0.0,0.4191000000000001,2.93687,3.6674700000000002,0.0,0.0,1.13706,2.2498199999999997,0.0,0.01541,0.0,0.0,0.0,0.0,0.02042,0.0,0.01727,0.0,0.0,0.6113,0.14649,0.15084999999999998,0.0,0.0,4.05375,0.0,0.35014,0.0,0.0,0.0,0.0,0.0,0.0,0.1063,0.0,0.0,0.0,0.0,0.0,0.0,0.0,0.0,0.0,0.0,0.00064,0.0,0.01422,0.06014,0.0,0.0,3.85183,0.20254,0.02948,0.0,0.0,0.0,0.0,0.0,0.0027,0.0,0.0,0.0,0.0,0.0,0.26416,0.0,0.0,0.0,0.0309,0.0,0.0,0.0,0.0,0.0,0.0,0.0,0.0,0.0,17.4933,0.0,0.0,0.0,0.0,0.0,0.0,0.0,0.0,0.0,0.0,0.0,0.0,0.0,0.0,0.0,0.0,0.0,0.0,0.0,0.0,0.0,0.0,0.0,0.0,0.0,0.0,0.0,0.0,0.0,0.0,0.0,0.0,0.0,0.0,0.0,0.0,0.0,0.0,0.0,0.0,0.0,0.0,0.0,0.0,0.0,0.0,0.0,0.0,0.0,0.0,0.0,0.0,0.0,0.0,0.0,0.0,0.0,0.0009,0.0,0.0,0.0,0.0,0.0,0.0,0.0,0.0,0.0,0.0,0.0,0.0,0.0,0.0,0.0,0.0,0.0,0.0,0.0,0.0,0.0,0.0,0.0,0.0,0.0,0.0,0.0,0.0,0.0,0.0,0.0,0.0,0.0,0.0,0.0,0.0,0.0,0.0,0.0,0.0,0.0,0.0,0.0,0.0,0.0,0.0,0.0,0.0,0.0,0.0,0.0,0.0,0.0,0.0,0.0,0.0,0.0,0.0,0.0,0.0,0.0,0.0,0.0,0.0,0.0,0.0,0.0,0.0,0.0,0.0,0.0,0.0,0.0,0.0,0.0,0.0,0.0,0.0,0.0,0.0,0.0,0.0,0.0,0.0,0.0,0.0,0.0,0.0,0.0,0.0,0.0,0.0,0.0,0.0,0.0,0.0,0.0,0.0,0.0,0.0,0.0,0.0,0.0,0.0,0.0,0.0,0.0,0.0,0.0,0.0,0.0,0.0,0.0,0.0,0.0,0.0,0.0,0.0,0.0,0.0,0.0,0.0,0.0,0.0,0.0,0.0,0.0,0.0,0.0,0.0,0.0,0.0,0.0,0.0,0.0,0.0,0.0,0.0,0.0,0.0,0.0,0.0,0.0,0.0,0.0,0.0,0.0,0.0,0.0,0.0,0.0,0.0,0.0,0.0,0.0,0.0,0.0,0.0,0.0,0.0
CRR1090932,0,0.0,0.0,0.0,0.0,0.0,13.12438,0.0,0.0,0.0,0.29239,0.0,0.0,0.0,4.21218,0.07283,0.0,0.0,0.03304,0.38371,0.0,4.07668,0.0,0.41836999999999996,19.07001,0.0,0.0,0.0,0.89403,29.74172,0.0,0.0024,0.0,0.0,0.0,0.0,0.132,0.0,0.0,8.63756,0.0,0.0,0.0,0.18024999999999997,0.0,0.0,0.0061200000000000004,0.0,0.33593,0.0,0.0,0.0,0.0,0.0,0.0,0.0,0.0,0.0,0.0,0.0,0.0,0.0,0.0,0.0,0.0,0.0,0.0,0.0,0.0,0.0,0.0,0.0,18.16631,0.0,0.0,0.0,0.0,0.0,0.0,0.0,0.02243,0.0,0.0,0.0,0.0,0.0,0.0,0.0,0.0,0.0,0.0,0.0,0.0,0.0,0.0,0.0,0.0,0.0,0.02115,0.00815,0.0,0.0,0.0,0.0,0.0,0.0,0.0,0.0,0.0,0.0,0.0,0.0,0.0,0.0,0.0,0.0,0.0,0.0,0.0,0.0,0.0,0.0,0.0,0.0,0.0,0.0,0.0,0.0,0.0,0.0,0.0,0.0,0.0,0.0,0.0,0.0,0.0,0.0,0.0,0.0,0.0,0.0,0.0,0.0,0.0,0.0,0.0,0.0,0.0,0.0,0.0,0.0,0.0,0.0,0.0,0.0,0.0,0.0,0.0,0.0,0.0,0.0,0.0,0.0,0.0,0.0,0.0,0.0,0.0,0.0,0.0,0.0,0.0,0.0,0.0,0.0,0.0,0.0,0.0,0.0,0.0,0.0,0.0,0.0,0.0,0.0,0.0,0.0,0.0,0.0,0.0,0.0,0.0,0.0,0.0,0.0,0.0,0.0,0.0,0.0,0.0,0.0,0.0,0.0,0.0,0.0,0.0,0.0,0.0,0.0,0.0,0.0,0.0,0.0,0.0,0.0,0.0,0.0,0.0,0.0,0.0,0.0,0.0,0.0,0.0,0.0,0.0,0.0,0.0,0.0,0.0,0.0,0.0,0.0,0.0,0.0,0.0,0.0,0.0,0.0,0.0,0.0,0.0,0.0,0.00716,0.0,0.0,0.0,0.0,0.0,0.0,0.0,0.0,0.0,0.0,0.0,0.0,0.0,0.0,0.0,0.0,0.0,0.0,0.0,0.0,0.0,0.0,0.0,0.0,0.0,0.0,0.0,0.0,0.0,0.0,0.0,0.0,0.0,0.0,0.0,0.0,0.0,0.0,0.0,0.0,0.0,0.0,0.0,0.0,0.0,0.0,0.0,0.0,0.0,0.0,0.0,0.0,0.0,0.0,0.08403,0.0772,0.0,0.0,0.0,0.0,0.0,0.0,0.0,0.0,0.0,0.0,0.0,0.0,0.0,0.0,0.0,0.0,0.0,0.0
CRR1090944,0,0.0,10.15643,0.0,0.0,0.34803999999999996,16.40428,0.0,0.0,5.562079999999999,17.351380000000002,0.0,0.00592,0.0,25.05197,3.09524,0.01711,0.00197,0.00576,0.0,0.56618,0.23701,0.36536,1.29919,0.0,9.457559999999999,0.0,0.0,0.01344,0.53545,0.0,0.00186,0.04353,0.0,0.0,0.0,0.01086,0.0,0.0,0.0,0.0,1.72273,0.0,0.01053,0.0,0.0,0.0,0.0,0.09077,0.0,0.24356,0.0,0.0,0.0,0.86946,0.00227,0.24312,0.00473,0.0,0.0,0.00613,0.0,0.28344,0.0,0.02523,0.0,0.0,0.0,0.0,0.0,0.0,0.0,0.30733,0.0,0.0,0.0,0.0,0.0,0.0,0.0,0.00074,0.0,0.0,0.0,0.0,0.77209,0.0,0.0,0.13103,0.0,0.0,0.0,0.0,4.75201,0.0,0.0,0.0,0.0,0.0,0.0,0.0,0.00167,0.00257,0.0,0.0,0.0,0.0,0.0,0.0,0.0,0.0,0.0,0.0,0.0,0.0,0.0,0.0,0.0,0.0,0.0,0.0,0.0,0.0,0.0,0.0,0.0,0.0,0.0,0.0,0.0,0.0,0.0,0.0,0.0,0.0,0.0,0.0,0.0,0.0,0.0,0.0,0.0,0.0,0.0,0.0,0.0,0.0,0.0,0.0,0.0,0.0,0.0,0.0,0.0,0.0,0.0,0.0,0.0,0.0,0.0,0.0,0.0,0.0,0.0,0.0,0.0,0.0,0.0,0.0,0.0,0.0,0.0,0.0,0.0,0.0,0.0,0.0,0.0,0.0,0.0,0.0,0.0,0.0,0.0,0.0,0.0,0.0,0.0,0.0,0.0,0.0,0.0,0.0,0.0,0.0,0.0,0.0,0.0,0.0,0.0,0.0,0.0,0.0,0.0,0.0,0.0,0.0,0.0,0.0,0.0,0.0,0.0,0.0,0.0,0.0,0.0,0.0,0.0,0.0,0.0,0.0,0.0,0.0,0.0,0.0,0.0,0.0,0.0,0.0,0.0,0.0,0.0,0.0,0.0,0.0,0.0,0.0,0.0,0.0,0.0,0.0,0.0,0.0,0.0,0.0,0.0,0.0,0.0,0.0,0.0,0.0,0.0,0.0,0.0,0.0,0.0,0.0,0.0,0.0,0.0,0.0,0.0,0.0,0.0,0.0,0.0,0.0,0.0,0.0,0.0,0.0,0.0,0.0,0.0,0.0,0.0,0.0,0.0,0.0,0.0,0.0,0.0,0.0,0.0,0.0,0.0,0.0,0.0,0.0,0.0,0.0,0.0,0.0,0.0,0.0,0.0,0.0,0.0,0.0,0.0,0.0,0.0,0.0,0.0,0.0,0.0,0.0,0.0,0.0,0.0,0.0,0.0,0.0,0.0,0.0,0.0,0.0,0.0,0.0
CRR1090939,1,0.0,0.0,12.774329999999999,0.0,1.00932,3.8299700000000003,0.01572,0.0,2.37001,11.94449,0.0,1.29896,0.0,46.69257,0.71993,0.01852,0.00196,0.00857,0.0,0.02262,8.274280000000001,0.39675,0.14315,0.02008,1.53696,0.0,0.01904,0.9558000000000001,6.34708,0.0,0.03517,0.13482,0.0,0.0,0.03351,0.054419999999999996,0.01406,0.0,0.03814,0.0,0.0,0.00094,0.08688,0.0,0.0,0.00367,0.0,0.01014,0.0,0.0,0.0,0.0,0.0,0.0,0.0,0.0,0.0,0.0,0.0,0.0,0.0,0.03636,0.0,0.0,0.0,0.0,0.0,0.0,0.0,0.0,0.0,0.8852,0.0,0.0,0.0,0.0,0.0,0.0,0.0,0.02705,0.0,0.0,0.0,0.0,0.0,0.0,0.0,0.0,0.0,0.04976,0.0,0.0,0.0,0.00776,0.0,0.0,0.03686,0.0,0.06594,0.0,0.00931,0.0,0.0,0.0,0.0,0.0,0.0,0.0,0.0,0.0,0.0,0.0,0.0,0.0,0.0,0.0,0.0,0.0,0.0,0.0,0.0,0.0,0.0,0.0,0.0,0.0,0.0,0.0,0.0,0.0,0.0,0.0,0.0,0.0,0.0,0.0,0.0,0.0,0.0,0.0,0.0,0.0,0.0,0.0,0.0,0.0,0.0,0.0,0.0,0.0,0.0,0.0,0.0,0.0,0.0,0.0,0.0,0.06729999999999998,0.0,0.0,0.0,0.0,0.0,0.0,0.0,0.0,0.0,0.0,0.0,0.0,0.0,0.0,0.0,0.0,0.0,0.0,0.0,0.0,0.0,0.0,0.0,0.0,0.0,0.0,0.0,0.0,0.0,0.0,0.0,0.0,0.0,0.0,0.0,0.0,0.0,0.0,0.0,0.0,0.0,0.0,0.00228,0.0,0.0,0.0,0.0,0.0,0.0,0.0,0.0,0.0,0.0,0.0,0.0,0.0,0.0,0.0,0.0,0.0,0.0,0.0,0.0,0.0,0.0,0.0,0.0,0.0,0.0,0.0,0.0,0.0,0.0,0.0,0.0,0.00025,0.0,0.0,0.0,0.0,0.0,0.0,0.0,0.0,0.0,0.0,0.0,0.0,0.0,0.0,0.0,0.0,0.0,0.0,0.0,0.0,0.0,0.0,0.0,0.0,0.0,0.0,0.0,0.0,0.0,0.0,0.0,0.0,0.0,0.0,0.0,0.0,0.0,0.0,0.0,0.0,0.0,0.0,0.0,0.0,0.0,0.0,0.0,0.0,0.0,0.0,0.0,0.0,0.0,0.0,0.0,0.0,0.0,0.0,0.0,0.0,0.0,0.0,0.0,0.0,0.0,0.0,0.0,0.0,0.0,0.0,0.0,0.0,0.0,0.0,0.0,0.0,0.0,0.0,0.0,0.0,0.0,0.0,0.0,0.0
CRR1090907,0,0.02006,3.3296399999999995,1.02086,0.0,2.6843399999999997,14.71408,1.90852,0.0,0.55788,14.57718,0.5123,5.76752,0.0,31.015719999999998,2.3193099999999998,0.04606,0.08815999999999999,0.18221,0.0,4.30078,1.1474499999999999,3.06309,0.12018000000000002,0.09943,1.77782,0.0,0.0,0.04034,3.5095799999999997,0.0,0.00219,0.0,0.0,0.0,0.02172,0.04758,0.0,0.0,0.0,0.0,0.0,0.0,0.02681,0.0,0.0,0.00233,0.0,0.12169,0.0,0.0,0.0,0.0,0.0,0.50548,0.0,0.0,0.0,0.0,0.0,0.0,0.0,0.00497,0.0,0.0,0.0,0.0,0.0,0.0,0.26475,0.0,0.0,0.0008,0.0,0.02961,0.0,0.0,0.0,0.0,0.0,0.01512,0.12327,0.0,0.0,0.0,0.0,0.09473,0.0,0.01743,0.0,0.14717,0.0,0.0,0.0,0.0,0.00093,0.0,0.0,0.0,0.00743,2.90448,0.0,0.0,0.0,0.0,0.0,0.0,0.0,0.0,0.0,0.0,0.0,0.0,0.0,0.0,0.0,0.0,0.0,0.0,0.0,0.0,0.0,0.0,0.0,0.0,0.0,0.0,0.0,0.0,0.0,0.0,0.0,0.01091,0.0,0.0,0.0,0.0,0.0,0.0,0.0,0.0,0.0,0.0,0.0,0.0,0.0,0.0,0.0,0.0,0.0,0.0,0.0,0.0,0.0,0.0,0.0,0.0,0.0,0.00467,0.0,0.0,0.0,0.0,0.0,0.0,0.0,0.0,0.0,0.0,0.0,0.0,0.0,0.0,0.0,0.0,0.0,0.0,0.0,0.0,0.0,2.82489,0.0,0.0,0.0,0.0,0.0,0.0,0.0,0.0,0.0,0.0,0.0,0.01846,0.0,0.0,0.0,0.0,8e-05,0.0,0.0,0.0,0.0,0.0,0.0,0.0,0.0,0.0,0.0,0.0,0.0,0.0,0.0,0.0,0.0,0.0,0.0,0.0,0.0,0.0,0.0,0.0,0.0,0.0,0.0,0.0,0.0,0.0,0.0,0.0,0.0,0.0,0.0,0.0,0.0,0.0,0.0,0.0,0.0,0.0,0.0,0.0,0.0,0.0,0.0,0.0,0.0,0.0,0.0,0.0,0.0,0.0,0.0,0.0,0.0,0.0,0.0,0.0,0.0,0.0,0.0,0.0,0.0,0.0,0.0,0.0,0.0,0.0,0.0,0.0,0.0,0.0,0.0,0.0,0.0,0.0,0.0,0.0,0.0,0.0,0.0,0.0,0.0,0.0,0.0,0.0,0.0,0.0,0.0,0.0,0.0,0.0,0.0,0.0,0.0,0.0,0.0,0.0,0.0,0.0,0.0,0.0,0.0,0.0,0.0,0.0,0.0,0.0,0.0,0.0,0.0,0.0,0.0,0.0,0.0,0.0,0.0,0.0,0.0,0.0
CRR1090866,1,0.0,1.6500800000000002,3.2931500000000002,0.0,7.79819,28.68063,1.02987,0.0,0.00714,16.403720000000003,0.52621,0.4508,0.0,8.15792,0.35205000000000003,0.01937,0.009479999999999999,0.0,9.39751,0.81329,0.14291,0.0,0.7660799999999999,0.36826,0.050300000000000004,0.0,0.0,0.01654,4.77276,0.0,0.0,0.0,0.0,0.0,0.00638,0.0,0.0,0.0,0.0,0.0,0.03756,0.02854,0.0,0.0,0.0,0.17295,0.0,1.8293700000000002,0.0,0.0,0.0,0.0,0.0,0.0,0.0,0.0,0.0,0.0,0.0,0.0,0.0,0.0,0.0,0.0,0.0,0.0,0.0,0.0,0.0,0.0,0.0,3.926,0.0,8.637550000000001,0.0,0.0,0.0,0.0,0.0,0.0,0.0,0.0,0.0,0.0,0.0,0.17778,0.0,0.0,0.0,0.0,0.0,0.0,0.0,0.0,0.0,0.0,0.12212,0.0022,0.0,0.35327,0.0,0.0,0.0,0.0,0.0,0.0,0.0,0.0,0.0,0.0,0.0,0.0,0.0,0.0,0.0,0.0,0.0,0.0,0.0,0.0,0.0,0.0,0.0,0.0,0.0,0.0,0.0,0.0,0.0,0.0,0.0,0.0,0.0,0.0,0.0,0.0,0.0,0.0,0.0,0.0,0.0,0.0,0.0,0.0,0.0,0.0,0.0,0.0,0.0,0.0,0.0,0.0,0.0,0.0,0.0,0.0,0.0,0.0,0.0,0.0,0.0,0.0,0.0,0.0,0.0,0.0,0.0,0.0,0.0,0.0,0.0,0.0,0.0,0.0,0.0,0.0,0.0,0.0,0.0,0.0,0.0,0.0,0.0,0.0,0.0,0.0,0.0,0.0,0.0,0.0,0.0,0.0,0.0,0.0,0.0,0.0,0.0,0.0,0.0,0.0,0.0,0.0,0.0,0.0,0.0,0.0,0.0,0.0,0.0,0.0,0.0,0.0,0.0,0.0,0.0,0.0,0.0,0.0,0.0,0.0,0.0,0.0,0.0,0.0,0.0,0.0,0.0,0.0,0.0,0.0,0.0,0.0,0.0,0.0,0.0,0.0,0.0,0.0,0.0,0.0,0.0,0.0,0.0,0.0,0.0,0.0,0.0,0.0,0.0,0.0,0.0,0.0,0.0,0.0,0.0,0.0,0.0,0.0,0.0,0.0,0.0,0.0,0.0,0.0,0.0,0.0,0.0,0.0,0.0,0.0,0.0,0.0,0.0,0.0,0.0,0.0,0.0,0.0,0.0,0.0,0.0,0.0,0.0,0.0,0.0,0.0,0.0,0.0,0.0,0.0,0.0,0.0,0.0,0.0,0.0,0.0,0.0,0.0,0.0,0.0,0.0,0.0,0.0,0.0,0.0,0.0,0.0,0.0,0.0,0.0,0.0,0.0,0.0,0.0,0.0,0.0,0.0,0.0
CRR1090960,0,0.0,2.72005,0.0,0.0,0.73281,7.491829999999999,0.10518,0.0,0.89448,14.674989999999996,0.29497,0.60318,0.94557,15.901720000000001,0.5657500000000001,0.04881,0.08220999999999999,0.80874,0.00956,13.06733,1.49094,0.0,0.6194500000000001,0.28258999999999995,0.30036999999999997,0.0,0.0,0.021800000000000003,37.37101,0.0,0.0,0.0,0.0,0.0,0.0,0.03048,0.0,0.0,0.01192,0.0,0.0,0.0,0.00067,0.0,0.0,0.0039,0.0,0.09615,0.0,0.0,0.0,0.0,0.0,0.0,0.01743,0.0,0.0,0.0,0.0,0.01089,0.0,0.01327,0.0,0.0,0.0,0.04773,0.0,0.04899,0.31387,0.0,0.0,0.01671,0.0,0.05923,0.03864,0.0,0.0,0.0,0.0,0.03204,0.0,0.0,0.0,0.0,0.0,0.04972,0.0032,0.0,0.06573,0.0,0.0,0.0,0.0,0.0,0.01435,0.0,0.01505,0.0,0.00997,0.0,0.034,0.0,0.0,0.0,0.0,0.0,0.0,0.0,0.0,0.0,0.0,0.0,0.0,0.0,0.0,0.0,0.0,0.0,0.0,0.0,0.0,0.0,0.0,0.0,0.0,0.00021,0.01468,0.0,0.0,0.0,0.0,0.0,0.0,0.0,0.0,0.0,0.0,0.0,0.0,0.0,0.0,0.0,0.0,0.0,0.0,0.0,0.0,0.0,0.0,0.0,0.0,0.0,0.0,0.0,0.0,0.0,0.0,0.0,0.0,0.0,0.0,0.0,0.0,0.01786,0.0,0.0,0.0,0.0,0.0,0.0,0.0,0.0,0.0,0.0,0.0,0.0,0.0,0.0,0.0,0.0,0.0,0.0,0.0,0.0,0.0,0.0,0.0,0.0,0.0,0.0,0.0,0.0,0.0,0.0,0.0,0.0,0.0,0.0,0.0,0.0,0.0,0.0,0.0,0.0,0.0,0.0,0.0,0.0,0.0,0.0,0.0,0.0,0.0,0.0,0.0,0.0,0.0,0.0,0.0,0.0,0.0,0.0,0.0,0.0,0.0,0.0,0.0,0.0,0.0,0.0,0.0,0.0,0.0,0.0,0.0,0.0,0.0,0.0,0.0,0.0,0.0,0.0,0.0,0.0,0.0,0.0,0.0,0.0,0.0,0.0,0.0,0.0,0.0,0.0,0.0,0.0,0.0,0.0,0.0,0.0,0.0,0.0,0.0,0.0,0.0,0.0,0.0,0.0,0.0,0.0,0.0,0.0,0.0,0.0,0.0,0.0,0.0,0.0,0.0,0.0,0.0,0.0,0.0,0.0,0.0,0.0,0.0,0.0,0.0,0.0,0.0,0.0,0.0,0.0,0.0,0.0,0.0,0.0,0.0,0.0,0.0,0.0,0.0,0.0,0.0,0.0,0.0,0.0,0.0,0.0,0.0,0.0,0.0,0.0,0.0,0.0,0.0,0.0
CRR1090920,1,0.0,10.00459,0.0,0.0,3.88583,26.22906,0.04568,0.0,0.2634,13.088610000000001,0.14812,0.0,2.30889,8.272399999999998,1.4867400000000002,0.66328,0.0,0.02264,0.06587,0.14058,0.42699,10.40129,0.9265399999999998,0.49736,0.1875,0.0,0.0,0.15861,4.6382900000000005,0.0,0.01457,0.0,0.0,0.0,0.02085,0.05541,0.0,0.0,0.00059,0.0,6.7697,0.0,0.025580000000000002,0.0,0.0,0.00672,0.01021,0.0,0.01621,0.0,0.0,0.0,0.0,0.0,0.0,0.0,0.0,0.0,0.0,0.0,0.0,0.0,0.0,0.0,0.0,0.0,0.0,0.0,0.0,0.0,0.0,7.296989999999999,0.0,0.04484,0.0,0.0,0.0,0.0,0.0,0.00179,0.59241,0.0,0.51024,0.0,0.0,0.59866,0.0,0.0,0.0,0.10875,0.0,0.0,0.0,0.00668,0.03334,0.0,0.0,0.0,0.0,0.0,0.00588,0.0,0.0,0.0,0.0,0.0,0.0,0.0,0.0,0.0,0.0,0.0,0.0,0.0,0.0,0.0,0.0,0.0,0.0,0.0,0.0,0.0,0.0,0.0,0.0,0.0,0.0,0.0,0.0,0.0,0.0,0.0,0.0,0.0,0.0,0.0,0.0,0.0,0.0,0.0,0.0,0.0,0.0,0.0,0.0,0.0,0.0,0.0,0.0,0.0,0.0,0.0,0.0,0.0,0.0,0.0,0.0,0.0,0.0,0.0,0.0,0.0,0.0,0.0,0.0,0.0,0.0,0.0,0.0,0.0,0.0,0.0,0.0,0.0,0.0,0.0,0.0,0.0,0.0,0.0,0.0,0.0,0.0,0.0,0.0,0.0,0.0,0.0,0.0,0.0,0.0,0.0,0.0,0.0,0.0,0.0,0.0,0.0,0.0,0.0,0.0,0.0,0.0,0.0,0.0,0.0,0.0,0.0,0.0,0.0,0.0,0.0,0.0,0.0,0.0,0.0,0.0,0.0,0.0,0.0,0.0,0.0,0.0,0.0,0.0,0.0,0.0,0.0,0.0,0.0,0.0,0.0,0.0,0.0,0.0,0.0,0.0,0.0,0.0,0.0,0.01827,0.0,0.0,0.0,0.0,0.0,0.0,0.0,0.0,0.0,0.0,0.0,0.0,0.0,0.0,0.0,0.0,0.0,0.0,0.0,0.0,0.0,0.0,0.0,0.0,0.0,0.0,0.0,0.0,0.0,0.0,0.0,0.0,0.0,0.0,0.0,0.0,0.0,0.0,0.0,0.0,0.0,0.0,0.0,0.0,0.0,0.0,0.0,0.0,0.0,0.0,0.0,0.0,0.0,0.0,0.0,0.0,0.0,0.0,0.0,0.0,0.0,0.0,0.0,0.0,0.0,0.0,0.0,0.0,0.0,0.0,0.0,0.0,0.0,0.0,0.0,0.0,0.0
