feature,p_value,u_stat,cohens_d,cohens_d_raw,log2_fc,ad_mean,control_mean,direction,p_adj
s__Pyramidobacter_piscolens,0.9135150831631654,2398.0,0.05188669739420758,0.05188669739420758,0.0,-1.4845747479741735,-1.589802358877726,up,0.9742707354864009
s__Alistipes_onderdonkii,0.3140822675617376,2613.0,0.24412621539907808,0.24412621539907808,0.6773062920557876,2.2804846148586146,1.426059468365007,up,0.9635348920089171
s__Alistipes_putredinis,0.20117614312348686,2678.0,0.24266150856499838,0.24266150856499838,0.5220596366494262,3.572982223268314,2.488142475987069,up,0.9635348920089171
s__Prevotella_SGB63829,0.8280432935554788,2319.0,0.08016026350001923,0.08016026350001923,0.010448901544172273,3.8142571986063336,3.7867317563603833,up,0.9664549021543897
s__Porphyromonas_SGB1982,0.8312999405081587,2320.0,0.11125234634551837,0.11125234634551837,0.0,-1.3273231291387186,-1.4094645031514959,up,0.9664549021543897
s__Parabacteroides_merdae,0.9800047929125448,2365.0,0.03781354731749864,0.03781354731749864,0.05407535888719236,2.539959199111684,2.446518112147787,up,0.9925920104361922
s__Alistipes_finegoldii,0.8312999405081587,2423.0,0.17465216260036753,0.17465216260036753,0.4301234042990131,1.4665716763291647,1.0884870004969076,up,0.9664549021543897
s__Phocaeicola_vulgatus,0.5012519914080794,2210.0,0.11501146709468343,-0.11501146709468343,-0.11271700200905845,4.490474200730831,4.8553820026064125,down,0.9635348920089171
s__Collinsella_aerofaciens,0.8247896000995886,2425.0,0.056526729473753354,0.056526729473753354,0.11097419961869216,2.662706443771964,2.4655665332385848,up,0.9664549021543897
s__Methanobrevibacter_oralis,0.8312999405081587,2320.0,0.10674318212302353,0.10674318212302353,0.0,-0.3709426595142263,-0.43640885857465483,up,0.9664549021543897
s__Bacteroides_caccae,0.13480495253167837,2730.0,0.25617098206558025,0.25617098206558025,0.6291459761728334,2.6969113241761242,1.7437124017624412,up,0.9635348920089171
s__Alistipes_ihumii,0.5227553213035618,2525.0,0.20308827394557044,0.20308827394557044,0.0,0.2581578424831062,-0.27277412427728465,up,0.9635348920089171
s__Gemmiger_formicilis,0.12838973857158695,2736.0,0.2941882478271199,0.2941882478271199,0.8269615224529627,3.023201421424336,1.7042247163513382,up,0.9635348920089171
s__Clostridium_leptum,0.42983073792721815,2561.0,0.14295509787010044,0.14295509787010044,0.3876985848121801,1.3171294010294359,1.0067451380170773,up,0.9635348920089171
s__Parabacteroides_goldsteinii,0.6549075236507151,2479.0,0.16765778827113262,0.16765778827113262,0.0,-0.809381945499882,-1.2572230634768726,up,0.9635348920089171
s__Odoribacter_splanchnicus,0.2241561552329554,2663.0,0.193004958786004,0.193004958786004,0.9350565894819541,1.4291009431549948,0.7474511678114876,up,0.9635348920089171
s__Phascolarctobacterium_faecium,0.49595031465751294,2208.0,0.10008175458325276,-0.10008175458325276,-0.33025534796590844,1.6125849771981948,2.027399689155277,down,0.9635348920089171
s__Vescimonas_coprocola,0.011227731624861745,2979.0,0.42753640877826,0.42753640877826,0.0,1.1323974083282826,-0.3798826257468462,up,0.9635348920089171
s__Ruthenibacterium_lactatiformans,0.7162971087026041,2459.0,0.10482434964753569,0.10482434964753569,0.08344479663083704,4.390413736186312,4.143678592706358,up,0.9635348920089171
s__GGB9715_SGB15265,0.8280432935554788,2319.0,0.005102774488424804,-0.005102774488424804,-0.017272053115383226,1.3385914676042192,1.3547134994629402,down,0.9664549021543897
s__Ruminococcus_bromii,0.4622308637195627,2548.0,0.12037465778979298,0.12037465778979298,0.16689073690103648,4.0942759997523455,3.647018764102297,up,0.9635348920089171
s__GGB9480_SGB14874,0.6609508617844958,2266.0,0.04764773840998352,-0.04764773840998352,0.0,-0.07165731945788188,0.008352834877396851,down,0.9635348920089171
s__Bacteroides_uniformis,0.3100832220677242,2128.0,0.13750190319411204,-0.13750190319411204,-0.10216431657958998,5.197535331681067,5.578943639423254,down,0.9635348920089171
s__Blautia_obeum,0.757238543280802,2297.0,0.039358430520162656,-0.039358430520162656,-0.04677270022824521,3.2203565703466115,3.3264725719516135,down,0.9635348920089171
s__Evtepia_gabavorous,0.25413555061316384,2645.0,0.19982634609512542,0.19982634609512542,0.44872941312850767,2.127919745322733,1.5591009321228348,up,0.9635348920089171
s__Anaerobutyricum_hallii,0.8215389141821918,2426.0,0.036599073271310074,0.036599073271310074,0.040989108406416425,3.9029107490950947,3.7935836853746223,up,0.9664549021543897
s__Alistipes_communis,0.10066879944873093,2765.0,0.35665603602730506,0.35665603602730506,0.0,0.8929591029091808,-0.31776130029911986,up,0.9635348920089171
s__Butyricimonas_faecihominis,0.6103231142801342,2494.0,0.19621845987591263,0.19621845987591263,1.19156757509992,0.3635882056422765,0.15918868852742102,up,0.9635348920089171
s__Faecalibacterium_prausnitzii,0.4081941685949836,2570.0,0.3434050780504091,0.3434050780504091,0.2886545103226759,6.338051276028508,5.1887420670227264,up,0.9635348920089171
s__Hungatella_hathewayi,0.9002745759204331,2402.0,0.010288742443917656,0.010288742443917656,0.0,-0.7452092253031428,-0.7830075176844443,up,0.9742707354864009
s__Desulfovibrio_piger,0.3872199248226502,2579.0,0.3402217894660536,0.3402217894660536,0.49718460017241684,1.251660686301035,0.8867866236338745,up,0.9635348920089171
s__Ruminococcus_torques,0.4880542446592311,2538.0,0.11708189565003821,0.11708189565003821,0.1683173761010586,3.1012357127230805,2.759727476314664,up,0.9635348920089171
s__Christensenella_hongkongensis,0.607399214125354,2248.0,0.10071977552033956,-0.10071977552033956,0.0,-1.3244330506328998,-1.0603247952565238,down,0.9635348920089171
s__Bacteroides_faecis,0.1667763164682755,2040.0,0.07384707878244803,-0.07384707878244803,-0.22743909556712688,0.44419064826784715,0.5200383849713381,down,0.9635348920089171
s__Parabacteroides_distasonis,0.625035313549059,2489.0,0.016860887772728973,0.016860887772728973,0.016367861976691767,3.833791891273887,3.790542034839376,up,0.9635348920089171
s__GGB9760_SGB15374,0.09149407950440855,2776.0,0.40630305760774027,0.40630305760774027,2.4752672012439376,0.9457397464040718,0.17007558230157271,up,0.9635348920089171
s__Lentihominibacter_faecis,0.6044815824352852,2496.0,0.12643919122267674,0.12643919122267674,0.3148797939661872,1.39435731676954,1.1209489046377006,up,0.9635348920089171
s__Clostridium_SGB6179,0.14259936146328883,2020.0,0.18559033311361306,-0.18559033311361306,0.0,-1.2240280451404868,-0.7541866523037071,down,0.9635348920089171
s__Faecalibacterium_SGB15346,0.8673023849719943,2412.0,0.03823550360692434,0.03823550360692434,0.10734530924610904,2.0295466613881614,1.88401728388871,up,0.9730709685051644
s__Alistipes_shahii,0.8870617623982282,2406.0,0.12070456221516147,0.12070456221516147,0.3154284907813966,2.1139340010677783,1.6987833153520762,up,0.9742707354864009
s__GGB3518_SGB4697,0.8182912896901339,2316.0,0.009893255363358349,-0.009893255363358349,-0.0006795734401479316,3.995665763660821,3.9975483430535363,down,0.9664549021543897
s__Ligilactobacillus_salivarius,0.7194193773294597,2458.0,0.03961816708044268,0.03961816708044268,0.0,-0.6505358040146644,-0.7801759497958508,up,0.9635348920089171
s__Eggerthella_lenta,0.47246767393302036,2199.0,0.10004419796913055,-0.10004419796913055,-0.17906395287909288,2.371608769373598,2.6850147047724793,down,0.9635348920089171
s__Holdemanella_porci,0.8936644804635717,2404.0,0.17394515189151993,0.17394515189151993,0.07528384756741495,2.63857737963995,2.5044198574520458,up,0.9742707354864009
s__Dorea_longicatena,0.2241561552329554,2080.0,0.17193510999511719,-0.17193510999511719,-0.14408844277789754,4.101188317051107,4.531945253049093,down,0.9635348920089171
s__Anaerotruncus_colihominis,0.039064004492874616,2866.0,0.3741056922094927,0.3741056922094927,0.0,0.15227459038623029,-0.946000307418323,up,0.9635348920089171
s__Raoultibacter_timonensis,0.2683178289777829,2106.0,0.09107612392312801,-0.09107612392312801,-2.0037532805575955,0.06787946096434574,0.2722251377595368,down,0.9635348920089171
s__GGB1215_SGB1581,0.6792126051548262,2272.0,0.053238352246518836,-0.053238352246518836,-0.0038055541921625264,3.726127851554098,3.7359696404014118,down,0.9635348920089171
s__Candidatus_Cibionibacter_quicibialis,0.7924269182782541,2435.0,0.12695596496873868,0.12695596496873868,0.1517823233493422,4.311568853564389,3.881005818223245,up,0.9635348920089171
s__Anaerobutyricum_soehngenii,0.676155511870068,2472.0,0.10782847463671341,0.10782847463671341,0.19698451391778063,2.861894876984306,2.4966371576120374,up,0.9635348920089171
s__Blautia_schinkii,0.3803772139232505,2161.0,0.17850286092285886,-0.17850286092285886,-0.3377690805754293,0.5569146518335019,0.7038291807682062,down,0.9635348920089171
s__Phocaeicola_massiliensis,0.25587924300258613,2099.0,0.019837572841773905,-0.019837572841773905,-0.31044143617206144,0.2527991856102244,0.31349300492985616,down,0.9635348920089171
s__Streptococcus_salivarius,0.5699722381131727,2235.0,0.12361316339931316,-0.12361316339931316,-0.0863627408335155,4.219888763398708,4.480214203792865,down,0.9635348920089171
s__Clostridium_innocuum,0.34943715956221977,2147.0,0.18834990466421447,-0.18834990466421447,-0.7760206286982343,0.9161796727909779,1.5688670374028952,down,0.9635348920089171
s__GGB3433_SGB4573,0.575658100540913,2237.0,0.07531101341662506,-0.07531101341662506,0.0,-0.40589539479111825,-0.28768188918631304,down,0.9635348920089171
s__Blautia_massiliensis,0.9800047929125448,2365.0,0.061886647483587985,0.061886647483587985,0.07117296600837118,3.3785695394677595,3.215937979080407,up,0.9925920104361922
s__Blautia_wexlerae,0.7731757818719381,2441.0,0.07464579310129581,0.07464579310129581,0.04106744043378273,5.43025050977713,5.2778535303982315,up,0.9635348920089171
s__Bilophila_wadsworthia,0.7892092446575114,2307.0,0.0016798149323767977,-0.0016798149323767977,-0.004073029160843741,1.7906047199696857,1.7956671134902558,down,0.9635348920089171
s__Coprococcus_catus,0.5614940047202928,2511.0,0.10993343367344854,0.10993343367344854,0.22408721337926965,1.7656074624624412,1.511601042841305,up,0.9635348920089171
s__Gordonibacter_massiliensis,0.07723921448216756,1948.0,0.24717471124610027,-0.24717471124610027,0.0,-3.2410842226609624,-2.880636238460804,down,0.9635348920089171
s__Escherichia_coli,0.6309627316255308,2256.0,0.09772812990973138,-0.09772812990973138,-0.14591649256620784,3.2301937366938076,3.5739939403546113,down,0.9635348920089171
s__Phocaeicola_dorei,0.103294294346129,2762.0,0.3241609458823899,0.3241609458823899,0.851012432274593,2.555951792306109,1.4170082851894577,up,0.9635348920089171
s__Ruminococcus_gnavus,0.5364315251064322,2520.0,0.09591177298331865,0.09591177298331865,0.09797380082550905,4.120423730583299,3.8498944852325825,up,0.9635348920089171
s__Eubacteriaceae_bacterium,0.369139048339002,2156.0,0.06453457745433246,-0.06453457745433246,-1.3981739771725543,0.1323986100714529,0.3489600674379834,down,0.9635348920089171
s__Diplocloster_modestus,0.9035822484778409,2342.0,0.198852239720622,0.198852239720622,0.0,-1.909150752761232,-2.0845799171339348,up,0.9742707354864009
s__GGB3653_SGB4964,0.35159269634203383,2148.0,0.09024810559555696,-0.09024810559555696,-0.36322401885407013,0.8832528814819918,1.1361257097809148,down,0.9635348920089171
s__GGB9176_SGB14114,0.9933343107255256,2374.0,0.1135681502455487,0.1135681502455487,0.0,-1.8315304733227946,-1.9390351837218367,up,0.999080363880013
s__Pyramidobacter_porci,0.49595031465751294,2208.0,0.06140018201612922,0.06140018201612922,0.03991334214936645,0.7623894575131358,0.7415864209754911,up,0.9635348920089171
s__Bacteroides_stercoris,0.9966671262860999,2373.0,0.04597747000750153,0.04597747000750153,0.08239622850449393,2.612526275027316,2.467498689424526,up,0.999080363880013
s__Bacteroides_thetaiotaomicron,0.5699722381131727,2508.0,0.1698463768980821,0.1698463768980821,0.14731674310131404,4.1266192083392825,3.7260410637659334,up,0.9635348920089171
s__Mediterraneibacter_massiliensis,0.9068915951679456,2343.0,0.052393750380920444,0.052393750380920444,0.0,-2.002068656530255,-2.0637017734291447,up,0.9742707354864009
s__Bacteroides_cellulosilyticus,0.26472230485130954,2639.0,0.22900601699472142,0.22900601699472142,2.1676145623054177,0.8531161065250829,0.18988520993192554,up,0.9635348920089171
s__Blautia_faecis,0.42013334475084974,2178.0,0.12456898586586655,-0.12456898586586655,-0.08339958844067215,3.983046025593935,4.220084068224279,down,0.9635348920089171
s__Wujia_chipingensis,0.3624963265761021,2590.0,0.19070907724594485,0.19070907724594485,0.6798469732802531,1.3043732395891123,0.8142308419916355,up,0.9635348920089171
s__Phocaeicola_abscessus,0.6609508617844958,2266.0,0.04206697126864479,0.04206697126864479,0.0,-1.2610878114494812,-1.2790741352725519,up,0.9635348920089171
s__Ruminococcus_bicirculans,0.592874483007928,2243.0,0.07102918904188804,-0.07102918904188804,-0.5681162290294589,0.5514595856745839,0.8175865082445083,down,0.9635348920089171
s__Bacteroides_salyersiae,0.15554045223560736,2031.0,0.038342042285174786,-0.038342042285174786,-0.357388176094772,0.3188165729957836,0.4084373504831214,down,0.9635348920089171
s__Corynebacterium_argentoratense,0.8443549771835649,2324.0,0.17151132929757507,0.17151132929757507,0.0,-1.8735881405255175,-2.0360073676012234,up,0.9680468644581743
s__Romboutsia_timonensis,0.8476255757634981,2418.0,0.027443603965659185,-0.027443603965659185,-0.0481052371710991,2.286113729638697,2.363627048387542,down,0.9680468644581743
s__Bacteroides_xylanisolvens,0.7194193773294597,2458.0,0.0345240559383769,0.0345240559383769,0.06856151805715989,2.3566594682905015,2.247282961454094,up,0.9635348920089171
s__GGB3345_SGB4425,0.22098809812029896,2078.0,0.17599755375227438,-0.17599755375227438,-0.3870050810455417,1.0226207022870255,1.3372565024932352,down,0.9635348920089171
s__Bacteroides_nordii,0.7069589076056451,2462.0,0.11222503138181494,0.11222503138181494,0.0,0.16937568564925418,-0.12968549476186417,up,0.9635348920089171
s__Bacteroides_ovatus,0.854174596311595,2327.0,0.05062378466849754,0.05062378466849754,0.055232027875531206,4.007088474219672,3.856580796584077,up,0.9703029099491263
s__Limosilactobacillus_mucosae,0.8804668737898316,2335.0,0.09131604935293314,0.09131604935293314,0.0,-2.276566617468952,-2.599034243092123,up,0.9742707354864009
s__Lentihominibacter_hominis,0.4698968272451489,2545.0,0.15555618847409186,0.15555618847409186,0.0,-0.863297621170608,-1.2647192624367232,up,0.9635348920089171
s__Agathobaculum_butyriciproducens,0.09229934582131621,1968.0,0.2673250358342312,-0.2673250358342312,-0.13148594250360604,4.647466436480777,5.090934093119494,down,0.9635348920089171
s__Bifidobacterium_longum,0.9433885646021108,2389.0,0.026342463760368716,0.026342463760368716,0.04448854589506331,3.3396891917661296,3.238274532163513,up,0.9837855560334354
s__GGB4659_SGB6447,0.42983073792721815,2182.0,0.12437912190587357,-0.12437912190587357,-0.015842260813690025,2.087195929077259,2.1102417678264787,down,0.9635348920089171
s__Roseburia_hominis,0.6015702565700234,2246.0,0.10164741833326223,-0.10164741833326223,-0.14951351500148966,2.9003296957938347,3.2170323048167644,down,0.9635348920089171
s__Intestinimonas_butyriciproducens,0.870590205972356,2411.0,0.10553342330134477,0.10553342330134477,0.0,-0.6708845700960887,-0.9077512375004361,up,0.9734621074208114
s__Candidatus_Nanosynsacchari_sp_TM7_ANC_38_39_G1_1,0.8215389141821918,2317.0,0.07833371943665222,-0.07833371943665222,0.0,-0.2780228347699753,-0.0810014235823898,down,0.9664549021543897
s__Ruminococcus_sp_AF13_28,0.8936644804635717,2404.0,0.0011815926753730058,-0.0011815926753730058,-0.002176348535557171,2.6217485854681915,2.625706556079897,down,0.9742707354864009
s__Bacteroides_eggerthii,0.7731757818719381,2302.0,0.16971340847314217,0.16971340847314217,2.115390150237853,0.47901457659843555,0.11054849681043798,up,0.9635348920089171
s__Blautia_glucerasea,0.553077234767128,2229.0,0.05876981646071745,-0.05876981646071745,-0.15226072801375753,1.5061312467610222,1.6737780374447409,down,0.9635348920089171
s__Segatella_copri,0.7988728301499053,2310.0,0.0435390163821821,0.0435390163821821,0.0,-0.83558386437798,-1.036841098038299,up,0.9635348920089171
s__GGB41458_SGB58520,0.3872199248226502,2579.0,0.14383193170629574,0.14383193170629574,0.31855237541878073,0.8329506227354899,0.6679215209985042,up,0.9635348920089171
s__Clostridium_scindens,0.7131795761599218,2283.0,0.04030668606881134,-0.04030668606881134,0.0,-0.42286523158079103,-0.2811828276325654,down,0.9635348920089171
s__Lachnospiraceae_bacterium,0.6884154196466701,2275.0,0.03836760635308818,-0.03836760635308818,-0.07726464032417556,1.5096256529892036,1.5926789549752816,down,0.9635348920089171
s__Porphyromonas_SGB1977,0.6015702565700234,2497.0,0.28525352584554936,0.28525352584554936,0.0,-1.6919538226242936,-1.8741723401235548,up,0.9635348920089171
s__Streptococcus_sp_HF_1907,0.7988728301499053,2310.0,0.1041451377724797,0.1041451377724797,0.0,-0.5725214469379858,-0.6074233319784715,up,0.9635348920089171
s__Faecalibacillus_intestinalis,0.4750462477108389,2200.0,0.14266594933257373,-0.14266594933257373,-0.41144256553208153,1.652382951027082,2.197694185101919,down,0.9635348920089171
s__GGB1456_SGB2019,0.4225455661524572,2564.0,0.3203030506600281,0.3203030506600281,0.0,-3.4733910606315805,-3.947133652958344,up,0.9635348920089171
s__GGB9237_SGB14179,0.6103231142801342,2494.0,0.05296574401476762,0.05296574401476762,0.0,-0.9975288646981242,-1.063048201874525,up,0.9635348920089171
s__Anaerofustis_stercorihominis,0.7477250267908757,2449.0,0.18642600521700772,0.18642600521700772,0.0,-1.8858194079648374,-2.277181878603674,up,0.9635348920089171
s__Dorea_sp_AF36_15AT,0.676155511870068,2271.0,0.007841025519703225,0.007841025519703225,0.0,-0.6928348460799567,-0.720325644985337,up,0.9635348920089171
s__Dorea_formicigenerans,0.34943715956221977,2147.0,0.13509447939051394,-0.13509447939051394,-0.16551550536061382,2.8402151867833876,3.1854909614818836,down,0.9635348920089171
s__Faecalicatena_fissicatena,0.04961591863189547,1901.0,0.28766661015150663,-0.28766661015150663,-0.6751090091120164,1.5700362180235963,2.506904171654825,down,0.9635348920089171
s__Lachnospira_eligens,0.17861158613108186,2049.0,0.2097521702484975,-0.2097521702484975,-1.0170677745698653,0.6947127046317779,1.4059605952682785,down,0.9635348920089171
s__Eubacterium_ventriosum,0.2506730153439688,2647.0,0.20914387633900539,0.20914387633900539,2.2043990756702834,1.1445446151616838,0.24833760148025044,up,0.9635348920089171
s__GGB9545_SGB14951,0.8607336803836151,2414.0,0.1683384733185936,0.1683384733185936,0.04942460461369673,1.4782063383578028,1.4284227934066542,up,0.9703029099491263
s__Mediterraneibacter_faecis,0.5842367778340732,2240.0,0.09772174351138821,-0.09772174351138821,-0.1108333364082374,3.3226365231892223,3.587955048772894,down,0.9635348920089171
s__Coprobacillus_cateniformis,0.42739427811559205,2181.0,0.13219137980022183,-0.13219137980022183,0.0,-1.7186788359543446,-1.382635681280607,down,0.9635348920089171
s__Streptococcus_anginosus,0.2944245934595492,2623.0,0.16999361935073018,0.16999361935073018,0.0,-0.09161026077992186,-0.5622569895828452,up,0.9635348920089171
s__Eggerthella_sinensis,0.7351000957263445,2290.0,0.07420519538816563,-0.07420519538816563,0.0,-1.142794362885675,-0.9730764812637483,down,0.9635348920089171
s__TM7_phylum_sp_oral_taxon_352,0.019324881331857013,1811.0,0.41143557583413226,-0.41143557583413226,-1.3048538406663563,0.6100783500335003,1.5072516201866382,down,0.9635348920089171
s__Mediterraneibacter_butyricigenes,0.3100832220677242,2615.0,0.176374121314094,0.176374121314094,0.0,0.30180667489998014,-0.07403698784646545,up,0.9635348920089171
s__Candidatus_Nanoperiomorbus_periodonticus,0.6044815824352852,2496.0,0.11083904970396702,0.11083904970396702,0.0,-2.1639551316088155,-2.3372968681988984,up,0.9635348920089171
s__Anaerostipes_hadrus,0.49067870932066526,2206.0,0.04676359438232306,-0.04676359438232306,-0.0421759607405066,4.582759226335488,4.718709806565025,down,0.9635348920089171
s__Fusicatenibacter_saccharivorans,0.15192574640712747,2028.0,0.22566035509114338,-0.22566035509114338,-0.151367957235745,4.721088772253002,5.243345337787009,down,0.9635348920089171
s__GGB2998_SGB3988,0.10687930518020196,2758.0,0.3255054730212683,0.3255054730212683,0.0,-2.1046867491845673,-2.830535993640217,up,0.9635348920089171
s__GGB12798_SGB135773,0.4421334302654807,2187.0,0.04863098347752945,-0.04863098347752945,0.0,-2.2657111449065153,-2.158949392542016,down,0.9635348920089171
s__Bacteroides_clarus,0.6914933872014473,2276.0,0.11074048584948967,0.11074048584948967,0.7630906991385998,0.42330295749880564,0.24942392718828074,up,0.9635348920089171
s__Enterococcus_faecium,0.7667889821674464,2443.0,0.19487709716107376,0.19487709716107376,0.0,-2.0471632885794717,-2.505280566910001,up,0.9635348920089171
s__Roseburia_sp_AF02_12,0.7225463346740737,2457.0,0.053995813398300604,0.053995813398300604,0.0,-1.8247823646869934,-1.985690050073234,up,0.9635348920089171
s__Provencibacterium_massiliense,0.38493072485175206,2580.0,0.2681766801202304,0.2681766801202304,0.0,-1.829233286531677,-2.2154330851097472,up,0.9635348920089171
s__Roseburia_faecis,0.03314302179138632,2882.0,0.35204855855801404,0.35204855855801404,0.7582557734844652,3.2630430604924783,1.9291458932065098,up,0.9635348920089171
s__Bifidobacterium_dentium,0.506583538989541,2531.0,0.18913125201001174,0.18913125201001174,3.984554450235202,0.5138642392110412,0.032462202792960915,up,0.9635348920089171
s__Lactobacillus_crispatus,0.42496588234348953,2563.0,0.25576591080433614,0.25576591080433614,0.0,-1.9218004981925765,-2.474180087076435,up,0.9635348920089171
s__Holdemania_filiformis,0.5336819479672524,2521.0,0.18476081123932053,0.18476081123932053,1.1881666345118282,0.7259309132967205,0.31858219054278897,up,0.9635348920089171
s__GGB3429_SGB71704,0.9966671262860999,2373.0,0.10535632058569537,0.10535632058569537,0.0,-0.99656864008836,-1.0924359266977541,up,0.999080363880013
s__GGB3061_SGB4063,0.6161895690485215,2492.0,0.23184389114033097,0.23184389114033097,0.0,-1.0077853262636043,-1.3386928272348877,up,0.9635348920089171
s__Blautia_sp_OF03_15BH,0.9201445835149341,2396.0,0.0043890994399537475,-0.0043890994399537475,0.0,-1.3086955056965808,-1.3012575106213444,down,0.9742707354864009
s__Acidaminococcus_massiliensis,0.5558759414638932,2513.0,0.28303647636234447,0.28303647636234447,0.0,-0.4045990993411324,-0.6074233319784715,up,0.9635348920089171
s__Candidatus_Saccharibacteria_unclassified_SGB19846,0.6609508617844958,2266.0,0.002688889452770151,-0.002688889452770151,0.0,-0.8786210767260294,-0.8737718349695385,down,0.9635348920089171
s__Congzhengia_minquanensis,0.4880542446592311,2205.0,0.19145918734037892,-0.19145918734037892,0.0,-0.3557228861550205,-0.2428453480723161,down,0.9635348920089171
s__Coprobacter_fastidiosus,0.9866690866593932,2376.0,0.06419609606610172,0.06419609606610172,0.0,-0.5035153668763329,-0.5917165349635372,up,0.996295126529241
s__Oscillibacter_sp_ER4,0.2489541537378115,2648.0,0.16552956216584302,0.16552956216584302,0.69092789961003,1.8562027481193726,1.1498346415747445,up,0.9635348920089171
s__Dysosmobacter_welbionis,0.6369139851174195,2485.0,0.07418807430116088,0.07418807430116088,0.2362678841441722,1.513421705934929,1.2848021015627673,up,0.9635348920089171
s__Simiaoa_sunii,0.5671393855898632,2234.0,0.05083370768719469,-0.05083370768719469,-0.20014167403241984,1.2108563536883112,1.3910452968906435,down,0.9635348920089171
s__Enterocloster_bolteae,0.48282811088822,2540.0,0.12484944158573678,0.12484944158573678,0.34510256941820505,1.755661556215014,1.382148079081408,up,0.9635348920089171
s__Eubacterium_siraeum,0.8607336803836151,2414.0,0.10454537806728072,0.10454537806728072,0.0,0.09991574547854033,-0.1452988259185909,up,0.9703029099491263
s__Emergencia_timonensis,0.9566938003916896,2385.0,0.005390116885301989,-0.005390116885301989,0.0,-1.9954255579735785,-1.9869711590875412,down,0.9869442029105397
s__Brotolimicola_acetigignens,0.45715924328515734,2193.0,0.09194885591959963,-0.09194885591959963,-0.10686278579260997,2.7819332842717905,2.9958193017901653,down,0.9635348920089171
s__Intestinibacter_bartlettii,0.23058938058268108,2084.0,0.17888181581601345,-0.17888181581601345,-1.8746251406156071,0.19647353504307757,0.7204808752364216,down,0.9635348920089171
s__Bacteroides_finegoldii,0.26472230485130954,2104.0,0.1197903065911793,-0.1197903065911793,-0.42026056217447033,0.8599249236123391,1.1507250616605142,down,0.9635348920089171
s__Parascardovia_denticolens,0.9035822484778409,2401.0,0.17954517437995143,0.17954517437995143,0.0,-3.0335743369556347,-3.3799482864856105,up,0.9742707354864009
s__Clostridium_sp_AF36_4,0.4854373706570898,2204.0,0.060533171889629256,-0.060533171889629256,0.0,-0.2539527011802143,-0.0812640340602856,down,0.9635348920089171
s__Blautia_SGB4815,0.1232271722347583,2741.0,0.24399521586869885,0.24399521586869885,0.0,0.5717482346805803,-0.016636200657581465,up,0.9635348920089171
s__Jilunia_laotingensis,0.9035822484778409,2342.0,0.2820766817591284,0.2820766817591284,0.0,-3.0596335599031903,-3.49912333039626,up,0.9742707354864009
s__Megamonas_funiformis,0.11921501765405378,2745.0,0.4392396183827286,0.4392396183827286,0.0,-0.9011246375618482,-2.26669950450479,up,0.9635348920089171
s__Varibaculum_cambriense,0.6792126051548262,2272.0,0.053238353673952875,-0.053238353673952875,0.0,-0.03080211830096396,-0.020960329221827688,down,0.9635348920089171
s__Fumia_xinanensis,0.8215389141821918,2426.0,0.1652927572918443,0.1652927572918443,0.0,-2.0006432747195944,-2.222290460653322,up,0.9664549021543897
s__Bacteroides_intestinalis,0.22098809812029896,2078.0,0.10232647408612165,-0.10232647408612165,-1.799015838627743,0.14890690139571894,0.5181703473790321,down,0.9635348920089171
s__Fusicatenibacter_sp_CLA_AA_H277,0.760417987347328,2445.0,0.07185305543072999,0.07185305543072999,0.16596544538101018,1.1845675937849043,1.0558428180895063,up,0.9635348920089171
s__Erysipelatoclostridium_ramosum,0.8118054397390899,2314.0,0.05814409039956288,-0.05814409039956288,-0.37568253966319687,0.6646210506362447,0.8623147323126366,down,0.9664549021543897
s__Actinomyces_dentalis,0.7667889821674464,2443.0,0.09784155070946629,0.09784155070946629,0.0,-1.5635909016435612,-1.7214237692387158,up,0.9635348920089171
s__GGB2848_SGB3813,0.757238543280802,2297.0,0.059389191828272576,-0.059389191828272576,0.0,-2.5244269005013087,-2.4540786774087704,down,0.9635348920089171
s__Wansuia_hejianensis,0.31609445553522897,2612.0,0.18775569812812162,0.18775569812812162,0.0,-1.3951032639407452,-1.8978036992205278,up,0.9635348920089171
s__Bianquea_renquensis,0.8182912896901339,2316.0,0.10525862267430024,0.10525862267430024,0.0,-2.404078003602086,-2.5635124433755663,up,0.9664549021543897
s__GGB88417_SGB135709,0.6700573577708726,2269.0,0.07330612525415668,-0.07330612525415668,0.0,-2.4044491549899685,-2.3793139665661154,down,0.9635348920089171
s__Coprococcus_comes,0.5842367778340732,2240.0,0.06286671332492781,-0.06286671332492781,-0.08879503322360384,2.5495514881467893,2.7114010220967457,down,0.9635348920089171
s__Roseburia_intestinalis,0.49067870932066526,2206.0,0.11444028460080777,-0.11444028460080777,0.0,-0.6526117627090294,-0.20386260524429783,down,0.9635348920089171
s__GGB3632_SGB4921,0.0280075332277859,1845.0,0.28672753000122386,-0.28672753000122386,0.0,-0.22681313496163766,0.15998589188143134,down,0.9635348920089171
s__Flavonifractor_plautii,0.910202559066044,2399.0,0.025202241592608917,0.025202241592608917,0.025098878978051586,3.564385555494973,3.502911455428715,up,0.9742707354864009
s__Paraprevotella_xylaniphila,0.1799642502842601,2050.0,0.30227324209266787,-0.30227324209266787,0.0,-0.6173586725266274,-0.34635097693748873,down,0.9635348920089171
s__Lachnospiraceae_bacterium_OM04_12BH,0.31207852327810226,2614.0,0.2469871669664699,0.2469871669664699,0.0,-3.0417543976554224,-3.6182705270325575,up,0.9635348920089171
s__Olsenella_profusa,0.7636014837937904,2444.0,0.11121720016533916,0.11121720016533916,0.0,-2.521993424104196,-2.6730519887578903,up,0.9635348920089171
s__Actinomyces_bouchesdurhonensis,0.43718834117988226,2185.0,0.18880011049925988,-0.18880011049925988,0.0,-1.0018193628731635,-0.6117813680048338,down,0.9635348920089171
s__Clostridiaceae_bacterium,0.3324959089959547,2139.0,0.20076200692919538,-0.20076200692919538,-0.15106015656351457,4.33894917104688,4.8179046514338735,down,0.9635348920089171
s__Roseburia_inulinivorans,0.2056289548364547,2068.0,0.2390359961316953,-0.2390359961316953,-0.3344709728843348,2.9090781402468586,3.6681001309489063,down,0.9635348920089171
s__Streptococcus_sinensis,0.8969686343332216,2403.0,0.12352708106239278,0.12352708106239278,0.0,-1.451422214735756,-1.5520837599332813,up,0.9742707354864009
s__Enterocloster_aldenensis,0.592874483007928,2500.0,0.11852037789380254,0.11852037789380254,0.0,-0.8492244596195583,-1.225269550886545,up,0.9635348920089171
s__Candidatus_Nanosynbacter_SGB19893,0.9633511789620104,2383.0,0.013964252879603808,0.013964252879603808,0.0,-1.3260455572738796,-1.3336543954553175,up,0.9869442029105397
s__Parasutterella_excrementihominis,0.8837633112203424,2407.0,0.035195363397244446,0.035195363397244446,0.0,-0.14447170895816244,-0.24419346951517265,up,0.9742707354864009
s__GGB4456_SGB6141,0.7382497780183291,2452.0,0.047058967575312353,0.047058967575312353,0.0,-0.28032183531469285,-0.36004103238042107,up,0.9635348920089171
s__Lancefieldella_rimae,0.9633511789620104,2360.0,0.1443555172557059,0.1443555172557059,0.0,-1.6668433668416536,-1.8657038920081113,up,0.9869442029105397
s__TM7_phylum_sp_oral_taxon_349,0.7007577458202716,2279.0,0.019754205289166098,0.019754205289166098,0.0,-2.0169803816893417,-2.0401341581010954,up,0.9635348920089171
s__Neobittarella_massiliensis,0.741403859972898,2451.0,0.09466796503637656,0.09466796503637656,0.0,-2.149451749192929,-2.3986469530732166,up,0.9635348920089171
s__Schaalia_odontolytica,0.3647022014924911,2154.0,0.139155349126626,-0.139155349126626,0.0,-2.0749239091629748,-1.7511679468023067,down,0.9635348920089171
s__Mogibacterium_diversum,0.3324959089959547,2139.0,0.17376626188001687,-0.17376626188001687,0.0,-0.6317436048680368,-0.2921629126623159,down,0.9635348920089171
s__Ndongobacter_massiliensis,0.6792126051548262,2272.0,0.05323835857863875,-0.05323835857863875,0.0,-1.5023031972816066,-1.492461407405925,down,0.9635348920089171
s__Bifidobacterium_pseudocatenulatum,0.5785110427843865,2238.0,0.09144879143858746,-0.09144879143858746,-0.3114258630269719,1.797671787514751,2.230791232233714,down,0.9635348920089171
s__Clostridium_methylpentosum,0.4421334302654807,2187.0,0.05623969668774897,-0.05623969668774897,0.0,-2.8467366394194653,-2.764541277588227,down,0.9635348920089171
s__Eubacterium_ramulus,0.4546352003232724,2192.0,0.09352012934159261,-0.09352012934159261,-0.1566318670363732,2.1908226645532585,2.4420700388817482,down,0.9635348920089171
s__Eubacterium_brachy,0.8476255757634981,2325.0,0.10231964761667439,0.10231964761667439,0.0,-2.1006178995076454,-2.179853620099917,up,0.9680468644581743
s__GGB31184_SGB44478,0.6792126051548262,2272.0,0.05323836018938306,-0.05323836018938306,0.0,-1.727853440231821,-1.7180116500945466,down,0.9635348920089171
s__Olsenella_phocaeensis,0.9766731402054258,2364.0,0.014901506244054293,0.014901506244054293,0.0,-2.9597264178861793,-2.9772539766474195,up,0.9916436052606898
s__Candidatus_Nanosynbacter_lyticus,0.7636014837937904,2299.0,0.031715514127460785,-0.031715514127460785,0.0,-2.0552509205530924,-2.0314125205270543,down,0.9635348920089171
s__TM7_phylum_sp_oral_taxon_348,0.4521190283851557,2191.0,0.05773429440143135,-0.05773429440143135,0.0,-1.854440779494276,-1.6937919055891275,down,0.9635348920089171
s__Eubacterium_rectale,0.16296516513263382,2037.0,0.24703065954890596,-0.24703065954890596,-0.42469231950554787,3.195290239885735,4.28899401232163,down,0.9635348920089171
s__GGB4683_SGB6473,0.30023332020649895,2123.0,0.029796469806504428,-0.029796469806504428,0.0,-0.24550057320059832,-0.1648393469081787,down,0.9635348920089171
s__GGB3256_SGB4303,0.38493072485175206,2163.0,0.10481800598560699,-0.10481800598560699,0.0,-0.6239133065380005,-0.2837489309884113,down,0.9635348920089171
s__GGB4699_SGB6503,0.4421334302654807,2187.0,0.0002890184997409346,-0.0002890184997409346,0.0,-1.4763352226918725,-1.4758747579965688,down,0.9635348920089171
s__Segatella_brunsvicensis,0.3624963265761021,2153.0,0.3062466504181996,-0.3062466504181996,-0.09385403053553713,3.1672895835559336,3.38018640654596,down,0.9635348920089171
s__Oscillospiraceae_unclassified_SGB15252,0.35592897553716973,2593.0,0.2310345198933859,0.2310345198933859,0.0,-2.328079676595326,-2.8570102339029266,up,0.9635348920089171
s__GGB9715_SGB15266,0.7956481309005246,2309.0,0.08598269270696385,0.08598269270696385,0.21426987195324765,0.47387414248286686,0.40847111693646654,up,0.9635348920089171
s__Alistipes_indistinctus,0.8574529080473072,2415.0,0.019841536198987725,-0.019841536198987725,-0.09915571043141916,0.6837093129545954,0.7323527870288566,down,0.9703029099491263
s__Prevotellamassilia_timonensis,0.6132532452402786,2250.0,0.00415793992656551,-0.00415793992656551,-0.00032074557425525695,4.501955426186409,4.502956429700866,down,0.9635348920089171
s__Alistipes_senegalensis,0.5227553213035618,2218.0,0.06340166852714464,-0.06340166852714464,0.0,-1.6750276540328854,-1.5480291636936394,down,0.9635348920089171
s__Ruminococcus_callidus,0.017072038659948392,2943.0,0.46179737673465476,0.46179737673465476,2.5689021210281,1.1163690549207543,0.18814435620231115,up,0.9635348920089171
s__GGB9342_SGB14306,0.7892092446575114,2307.0,0.05896928504143509,0.05896928504143509,0.37514212819982995,0.45381920465260256,0.34990797194845336,up,0.9635348920089171
s__Pseudoruminococcus_massiliensis,0.5728118209881186,2236.0,0.09440570555558886,-0.09440570555558886,0.0,-2.4381566295995585,-2.3076954927421345,down,0.9635348920089171
s__Gordonibacter_pamelaeae,0.014540221784136872,2957.0,0.3921944493149211,0.3921944493149211,0.0,0.029520858460811324,-1.2286276829599536,up,0.9635348920089171
s__Paraprevotella_clara,0.49067870932066526,2206.0,0.09298736935199312,-0.09298736935199312,-0.21763174662269777,1.0757930511051874,1.2509571059994515,down,0.9635348920089171
s__GGB9699_SGB15216,0.6044815824352852,2496.0,0.09976635190135555,0.09976635190135555,0.36778831917897226,1.1559032641419706,0.8957899258340878,up,0.9635348920089171
s__Blautia_sp_MCC283,0.3408991402898477,2143.0,0.16294191841781427,-0.16294191841781427,0.0,-0.011307868783823373,0.3631809222618909,down,0.9635348920089171
s__Oscillibacter_sp_MSJ_31,0.9600221411919261,2384.0,0.03441795180282846,0.03441795180282846,0.1763576718806147,0.6576185269158247,0.5819492204533283,up,0.9869442029105397
s__GGB4578_SGB6328,0.17196155878931196,2044.0,0.21445443115819782,-0.21445443115819782,0.0,-0.5304372283737332,-0.13219867711607802,down,0.9635348920089171
s__GGB9634_SGB15093,0.30023332020649895,2123.0,0.16660832609583512,-0.16660832609583512,-1.600064192142083,0.13453385750392122,0.407848539805345,down,0.9635348920089171
s__Segatella_sinensis,0.8476255757634981,2325.0,0.02794890578722116,0.02794890578722116,0.005277061502576435,4.301110299478165,4.285406520942116,up,0.9680468644581743
s__GGB9730_SGB15291,0.5957666702502111,2244.0,0.09722314591687066,-0.09722314591687066,-0.13934904265634693,2.169295232548515,2.389279206466325,down,0.9635348920089171
s__Turicibacter_sanguinis,0.2593915222665606,2101.0,0.06557383421574885,0.06557383421574885,0.8985177459182334,0.19148276329057967,0.10271855303825775,up,0.9635348920089171
s__Sutterella_wadsworthensis,0.7225463346740737,2286.0,0.012540993630499346,-0.012540993630499346,-0.05494732048555172,0.5612220717438784,0.5830093694269274,down,0.9635348920089171
s__Gemmiger_SGB15295,0.07516341828928123,1945.0,0.35607510266349524,-0.35607510266349524,-2.6910029493953473,0.15923181287020347,1.0282588256876357,down,0.9635348920089171
s__GGB27106_SGB6188,0.741403859972898,2292.0,0.05482937690169472,-0.05482937690169472,-0.003979788324602832,3.5627836694578225,3.5726254583061197,down,0.9635348920089171
s__Klebsiella_pneumoniae,0.6015702565700234,2246.0,0.02442752648433197,-0.02442752648433197,-0.061457616665116184,1.8668074097529124,1.9480500112712342,down,0.9635348920089171
s__GGB9365_SGB14341,0.757238543280802,2446.0,0.19861994752017903,0.19861994752017903,0.0,-0.4711287266041177,-0.8369221879121649,up,0.9635348920089171
s__Clostridium_sp_1001270J_160509_D11,0.5039140440889992,2211.0,0.09052556771725229,-0.09052556771725229,0.0,-1.4891629981760868,-1.3092732601714843,down,0.9635348920089171
s__Mediterraneibacter_glycyrrhizinilyticus,0.589988748012487,2501.0,0.12600073143978985,0.12600073143978985,0.7833079880863829,0.8418119147487614,0.48912050307806193,up,0.9635348920089171
s__Clostridium_SGB6177,0.2944245934595492,2120.0,0.00907193863419109,0.00907193863419109,0.0,-1.5078246088735794,-1.5213819778478814,up,0.9635348920089171
s__Blautia_stercoris,0.6309627316255308,2487.0,0.20330667909848993,0.20330667909848993,0.0,0.5727028605307481,-0.014880605432670441,up,0.9635348920089171
s__Clostridium_saudiense,0.3602988263960675,2152.0,0.0818621095862458,-0.0818621095862458,0.0,-0.38112734273789556,-0.22892381244767865,down,0.9635348920089171
s__Oliverpabstia_intestinalis,0.43965689506048056,2186.0,0.09491009968884809,-0.09491009968884809,-0.5422551876543731,0.5163578466595318,0.7519446224396639,down,0.9635348920089171
s__GGB4717_SGB6533,0.6369139851174195,2485.0,0.2827221410999422,0.2827221410999422,0.0,-1.3475560750596334,-1.5829753967281368,up,0.9635348920089171
s__Oscillospiraceae_bacterium,0.6853426035606958,2274.0,0.019818262595468306,0.019818262595468306,0.0,-1.077604173348509,-1.1341753302131916,up,0.9635348920089171
s__Oscillibacter_valericigenes,0.553077234767128,2514.0,0.1182386455024882,0.1182386455024882,0.2735487772230967,1.842993584673441,1.5246755511634054,up,0.9635348920089171
s__Anaerotignum_faecicola,0.9367416323295551,2352.0,0.03714724354230419,-0.03714724354230419,-0.1405119586617165,1.1196040381479362,1.234135288278887,down,0.979320797435444
s__GGB9767_SGB15384,0.6884154196466701,2275.0,0.11895219331354934,0.11895219331354934,0.12324370302881527,0.7814292460078134,0.7174466463264458,up,0.9635348920089171
s__GGB51441_SGB71759,0.13480495253167837,2013.0,0.30503482070791854,-0.30503482070791854,0.0,-1.4440821220740505,-0.5056994111499549,down,0.9635348920089171
s__GGB74463_SGB54347,0.49067870932066526,2206.0,0.011628904057256279,0.011628904057256279,0.0,-2.4149345282711105,-2.4240344748571876,up,0.9635348920089171
s__Lachnospira_sp_NSJ_43,0.5227553213035618,2218.0,0.10583541272290019,-0.10583541272290019,0.0,-0.8395703815565972,-0.6095627191125623,down,0.9635348920089171
s__GGB9547_SGB14954,0.9002745759204331,2341.0,0.03391765129697764,0.03391765129697764,0.003669718799621731,2.7305835084457097,2.7236466715987286,up,0.9742707354864009
s__Lachnospira_pectinoschiza,0.10066879944873093,1978.0,0.2324566319763829,-0.2324566319763829,-0.8833734389152618,0.8064448077586412,1.487635565170136,down,0.9635348920089171
s__Oscillospiraceae_bacterium_CLA_AA_H250,0.42013334475084974,2565.0,0.057499216958164186,0.057499216958164186,0.19190986974315483,1.07219580137878,0.9386495471837191,up,0.9635348920089171
s__GGB9770_SGB15390,0.5643132967775745,2233.0,0.10040144982225321,0.10040144982225321,4.250044116404257,0.13162706114458989,0.006917583704537497,up,0.9635348920089171
s__Qingrenia_yutianensis,0.9600221411919261,2384.0,0.1622500843203709,0.1622500843203709,0.0,-1.115183827426522,-1.2023784218393976,up,0.9869442029105397
s__GGB9545_SGB14952,0.973341894401155,2380.0,0.07136243608189458,0.07136243608189458,0.008058719535071224,2.6626005407105735,2.6477690390471604,up,0.9906909509086126
s__Anaeromassilibacillus_senegalensis,0.3021864254541431,2619.0,0.26156455361642555,0.26156455361642555,0.0,-0.4877053908945581,-1.0510656072051436,up,0.9635348920089171
s__GGB2982_SGB3964,0.045860211784469945,2850.0,0.3585848087430866,0.3585848087430866,0.0,-1.000653353448445,-1.8722249994252678,up,0.9635348920089171
s__GGB9707_SGB15229,0.4698968272451489,2545.0,0.18213599376952894,0.18213599376952894,0.0,-1.5808208341483316,-2.1657769040122603,up,0.9635348920089171
s__Clostridiales_bacterium_KLE1615,0.589988748012487,2242.0,0.08661671403425954,-0.08661671403425954,-0.22655903314561573,1.1103099766047908,1.29910814873055,down,0.9635348920089171
s__Ligaoa_zhengdingensis,0.23058938058268108,2084.0,0.06547462413797507,-0.06547462413797507,0.0,-1.5031973881871719,-1.4401960347708778,down,0.9635348920089171
s__Tyzzerella_SGB4587,0.910202559066044,2399.0,0.16028262318596445,0.16028262318596445,0.0,-0.2686690092158266,-0.4589622698395655,up,0.9742707354864009
s__Clostridium_fessum,0.592874483007928,2500.0,0.10570659834464506,0.10570659834464506,0.18581936519227513,2.452723514706316,2.156310968670144,up,0.9635348920089171
s__Massilioclostridium_coli,0.6488867091109647,2481.0,0.20854529629625262,0.20854529629625262,0.0,-3.245362188523354,-3.5967836876154733,up,0.9635348920089171
s__Hydrogeniiclostridium_mannosilyticum,0.9533662144774582,2357.0,0.0536504990380755,0.0536504990380755,0.0,-2.233604695681552,-2.315138451109994,up,0.9869442029105397
s__GGB9614_SGB15049,0.7763749812910754,2440.0,0.10687937524628342,0.10687937524628342,0.0,-1.5176352715723704,-1.7691335478496313,up,0.9635348920089171
s__Raoultibacter_massiliensis,0.5364315251064322,2520.0,0.30720913726638865,0.30720913726638865,0.0,-0.9296734491586842,-1.2336766090048676,up,0.9635348920089171
s__Slackia_SGB14780,0.8574529080473072,2328.0,0.10641294042123861,-0.10641294042123861,-0.19238260252465778,0.526254753551615,0.6013245926604276,down,0.9703029099491263
s__Faecalicatena_contorta,0.6731037481206118,2270.0,0.08992683043002556,-0.08992683043002556,-1.2965413759469349,0.17422091578298934,0.4279550317547363,down,0.9635348920089171
s__GGB9524_SGB14924,0.28491182076548194,2628.0,0.3462171127252188,0.3462171127252188,0.0,-2.537474615519826,-3.235756695886705,up,0.9635348920089171
s__Anaerotignum_sp_MSJ_24,0.3895174079927234,2578.0,0.17012105517062504,0.17012105517062504,0.0,-0.2375287929901312,-0.5002673099685251,up,0.9635348920089171
s__Haemophilus_parainfluenzae,0.09229934582131621,1968.0,0.20111777048715845,-0.20111777048715845,0.0,-0.20402171436176147,0.19951555831403753,down,0.9635348920089171
s__Lachnospiraceae_bacterium_CLA_AA_H244,0.34302101751604797,2144.0,0.14868035304242427,-0.14868035304242427,-0.2174566127813869,2.2286719991423007,2.5912369019844452,down,0.9635348920089171
s__Lacrimispora_amygdalina,0.23058938058268108,2659.0,0.2526558248457457,0.2526558248457457,0.0,0.008960752703009792,-0.7979274853848836,up,0.9635348920089171
s__GGB4657_SGB6444,0.9002745759204331,2341.0,0.09803895530695168,0.09803895530695168,0.030667116242185676,1.7868099755359594,1.7492289104395704,up,0.9742707354864009
s__GGB9561_SGB14972,0.7699804318123871,2442.0,0.09871302782488348,0.09871302782488348,0.0,-1.5565782738575817,-1.8015985789596614,up,0.9635348920089171
s__Blautia_faecicola,0.854174596311595,2416.0,0.011157556823344078,0.011157556823344078,0.02497553695839538,1.1483721622570018,1.1286629538600637,up,0.9703029099491263
s__GGB4651_SGB6438,0.7288141248786871,2455.0,0.23037966697352433,0.23037966697352433,0.2497564445539916,0.7713502482677107,0.6487351687518281,up,0.9635348920089171
s__Clostridium_sp_AM22_11AC,0.6220806418988096,2490.0,0.09281884232062636,0.09281884232062636,0.4632976944138947,1.1345929895303726,0.8229502715222031,up,0.9635348920089171
s__Pseudoflavonifractor_capillosus,0.9367416323295551,2352.0,0.15317543698686384,-0.15317543698686384,0.0,-0.6934422634245899,-0.5817842983466959,down,0.979320797435444
s__GGB33586_SGB53517,0.28869168613468865,2626.0,0.22803876343760268,0.22803876343760268,0.0,-1.99049247216499,-2.3847158336357865,up,0.9635348920089171
s__GGB9239_SGB14181,0.7636014837937904,2299.0,0.17371901373655452,0.17371901373655452,0.0,-1.259948324363494,-1.3610872736054924,up,0.9635348920089171
s__Clostridiaceae_bacterium_AF18_31LB,0.2489541537378115,2095.0,0.16150199351877148,-0.16150199351877148,0.0,-0.80953955557145,-0.39171607208329107,down,0.9635348920089171
s__GGB9537_SGB14940,0.4421334302654807,2556.0,0.18612859403748122,0.18612859403748122,0.0,-0.765158282261413,-0.9250171695267867,up,0.9635348920089171
s__Massiliimalia_massiliensis,0.9500394413259129,2387.0,0.13292132175588528,0.13292132175588528,0.0,-2.8260473599635363,-3.117159037705536,up,0.9869442029105397
s__GGB9743_SGB15349,0.5842367778340732,2240.0,0.1081175682816681,-0.1081175682816681,0.0,-0.40009512280362475,-0.36626672770074836,down,0.9635348920089171
s__Clostridium_sp_AM49_4BH,0.43227524590333644,2183.0,0.1115234322970108,-0.1115234322970108,0.0,-0.013890426477702706,0.2544576239255287,down,0.9635348920089171
s__Clostridium_sp_AF20_17LB,0.6884154196466701,2275.0,0.0309330574945376,-0.0309330574945376,0.0,-1.47164599664547,-1.4081233853036188,down,0.9635348920089171
s__GGB35068_SGB47850,0.38493072485175206,2163.0,0.14647231396491658,-0.14647231396491658,0.0,-1.6286507732082898,-1.3460771745202844,down,0.9635348920089171
s__Jingyaoa_shaoxingensis,0.9833367944330922,2366.0,0.16160460517866335,0.16160460517866335,0.0,-1.4789646114627306,-1.7187349360466497,up,0.9941426932730163
s__Lachnospiraceae_bacterium_AM48_27BH,0.8771725063597323,2334.0,0.01686386506948116,0.01686386506948116,0.0,-0.06565214061436316,-0.09972448869242218,up,0.9742707354864009
s__GGB2653_SGB3574,0.39878996255481225,2169.0,0.036388863380886434,-0.036388863380886434,0.0,-1.276074240648389,-1.1991272556162427,down,0.9635348920089171
s__Parabacteroides_gordonii,0.11338960192724465,1992.0,0.05500357985363773,-0.05500357985363773,0.0,-2.4651823006955755,-2.367667404510551,down,0.9635348920089171
s__Clostridium_sp_Marseille_P3244,0.6549075236507151,2264.0,0.003021337983447039,-0.003021337983447039,0.0,-2.9815490192178973,-2.9760540580257935,down,0.9635348920089171
s__Intestinimonas_gabonensis,0.9135150831631654,2398.0,0.0018990139415309866,-0.0018990139415309866,0.0,-0.8249168722639099,-0.8229873233068,down,0.9742707354864009
s__Intestinimonas_sp_MSJ_38,0.21320870749517173,2073.0,0.15481973285247694,-0.15481973285247694,0.0,-2.4123622788685375,-2.161453784235757,down,0.9635348920089171
s__Clostridia_bacterium_UC5_1_1D1,0.11434462231101136,1993.0,0.25899229413480707,-0.25899229413480707,-5.114456235977578,0.024038850673250255,0.8327572804173226,down,0.9635348920089171
s__GGB52130_SGB14966,0.544722794714922,2517.0,0.18038902214535274,0.18038902214535274,0.0,-1.6056064664673035,-2.0020280342035717,up,0.9635348920089171
s__GGB9091_SGB14020,0.741403859972898,2292.0,0.05482937756969196,-0.05482937756969196,-0.02028876804687369,0.6949212100334927,0.7047629989901419,down,0.9635348920089171
s__Veillonella_rogosae,0.34515131578674096,2145.0,0.12118383483405998,-0.12118383483405998,0.0,-2.099232227030269,-1.8760470121327042,down,0.9635348920089171
s__Lawsonibacter_asaccharolyticus,0.9168291103690169,2397.0,0.06625075984446883,0.06625075984446883,1.4468555456443417,0.24541414245632998,0.09002283124841572,up,0.9742707354864009
s__GGB9765_SGB15382,0.3221816833631471,2134.0,0.2284336536726296,-0.2284336536726296,0.0,-2.0998242454554905,-1.8938955747082704,down,0.9635348920089171
s__bacterium_210917_DFI_7_65,0.3304161846858422,2605.0,0.2021482818803424,0.2021482818803424,0.954232890275501,0.7544799929514887,0.38939915518332074,up,0.9635348920089171
s__Clostridiaceae_bacterium_Marseille_Q4143,0.8574529080473072,2328.0,0.020755523889533094,0.020755523889533094,0.0,-2.2582862369826295,-2.283174388263475,up,0.9703029099491263
s__Anaerovorax_odorimutans,0.37137000587547175,2157.0,0.0657162623586913,-0.0657162623586913,0.0,-1.3412971388178296,-1.2791041433591064,down,0.9635348920089171
s__Oscillospiraceae_bacterium_Marseille_Q3528,0.14604387687282638,2720.0,0.21464940043567168,0.21464940043567168,1.719853034721611,0.5406911057959934,0.1641428138156554,up,0.9635348920089171
s__GGB9616_SGB15052,0.7731757818719381,2441.0,0.013258004088038658,0.013258004088038658,0.0,-1.6559618811933505,-1.6793458733702478,up,0.9635348920089171
s__Colidextribacter_sp_210702_DFI_3_9,0.7445622926251909,2293.0,0.07589335554843368,-0.07589335554843368,0.0,-1.8193082065205561,-1.7378648818897389,down,0.9635348920089171
s__GGB4552_SGB6276,0.43965689506048056,2186.0,0.1314520178782898,-0.1314520178782898,-0.6612569388847838,0.4255713882226721,0.6730240682672318,down,0.9635348920089171
s__Candidatus_Nanosynbacter_sp_HMT_352,0.5419519784828528,2225.0,0.06189706924591104,-0.06189706924591104,0.0,-1.1073731934101312,-1.0728799000878426,down,0.9635348920089171
s__Veillonella_parvula,0.6700573577708726,2269.0,0.03460448455772083,-0.03460448455772083,-0.5699657381218952,0.25803136180866,0.38304454171587793,down,0.9635348920089171
s__GGB9501_SGB14898,0.44961074669193124,2190.0,0.07576923331140538,-0.07576923331140538,0.0,-1.3807695774905293,-1.274275368141206,down,0.9635348920089171
s__Streptococcus_australis,0.013403186315773963,1779.0,0.3599602585220909,-0.3599602585220909,0.0,-0.47374783810893567,0.4495882343293302,down,0.9635348920089171
s__Clostridiaceae_bacterium_Marseille_Q4145,0.525476167957402,2219.0,0.11535735030746147,-0.11535735030746147,0.0,-2.780127443183439,-2.648598002493151,down,0.9635348920089171
s__Clostridium_SGB4750,0.43227524590333644,2183.0,0.09437753935569715,-0.09437753935569715,-2.201406819700112,0.08281316861269435,0.38088063051533794,down,0.9635348920089171
s__Enterobacter_hormaechei,0.9966671262860999,2370.0,0.19101939086814043,0.19101939086814043,0.0,-1.2867939767080314,-1.6896683543655953,up,0.999080363880013
s__Holdemania_massiliensis,0.39182316410128293,2577.0,0.13186448801485023,0.13186448801485023,0.0,-0.13296245572391957,-0.3559921773115828,up,0.9635348920089171
s__GGB9616_SGB15051,0.7540632018414068,2447.0,0.00011401852775600344,-0.00011401852775600344,0.0,-2.472473433092171,-2.4722083160048203,down,0.9635348920089171
s__Luoshenia_tenuis,0.19391180368138827,2683.0,0.24815053741804252,0.24815053741804252,0.0,-3.436731115067434,-3.9129762094135785,up,0.9635348920089171
s__Lachnospiraceae_bacterium_OF09_6,0.28116557289666455,2113.0,0.22430305018710828,-0.22430305018710828,0.0,-0.9790834796494959,-0.7071233040437164,down,0.9635348920089171
s__Clostridium_sp_AF27_2AA,0.8903621709657936,2338.0,0.015206913288023236,0.015206913288023236,0.0,-2.6475530008819343,-2.6818793082611148,up,0.9742707354864009
s__GGB3444_SGB4594,0.6792126051548262,2272.0,0.04971876683223991,-0.04971876683223991,0.0,-1.8009343668411726,-1.716293636447728,down,0.9635348920089171
s__Anaerofilum_hominis,0.37585695079411907,2159.0,0.09306612300403014,-0.09306612300403014,0.0,-2.6948767704641474,-2.5921755994591047,down,0.9635348920089171
s__GGB3304_SGB4367,0.5146364163271635,2215.0,0.08299423502197929,-0.08299423502197929,0.0,-0.6453429644565624,-0.40776996551303885,down,0.9635348920089171
s__Massiliimalia_timonensis,0.06424477217852977,2815.0,0.36502086143700124,0.36502086143700124,0.0,-3.3417439595694844,-4.074437534731237,up,0.9635348920089171
s__Streptococcus_sanguinis,0.6579263983590454,2265.0,0.011513681654354345,-0.011513681654354345,0.0,-1.2599350294567815,-1.24166427091438,down,0.9635348920089171
s__GGB3321_SGB4395,0.7636014837937904,2444.0,0.21589817067135017,0.21589817067135017,0.0,-0.32963011262542197,-0.5154620048577404,up,0.9635348920089171
s__Lactonifactor_longoviformis,0.14837536114570377,2025.0,0.1937757716336309,-0.1937757716336309,0.0,-2.7059508818261198,-2.2658924443859725,down,0.9635348920089171
s__Streptococcus_parasanguinis,0.5092604502070492,2213.0,0.13000231324746137,-0.13000231324746137,-0.1482640066089925,2.8505626207918016,3.1590936402805494,down,0.9635348920089171
s__Clostridiales_bacterium,0.4347277858351569,2559.0,0.15392441367389753,0.15392441367389753,0.0,-0.46920135342086955,-0.8459477345465715,up,0.9635348920089171
s__Lawsonibacter_SGB15145,0.2830344970330887,2114.0,0.33521559951843255,-0.33521559951843255,0.0,-1.8916552817316454,-1.495265832750317,down,0.9635348920089171
s__Clostridium_sp_AM33_3,0.5643132967775745,2510.0,0.23735888280992745,0.23735888280992745,0.0,-1.0129932835241722,-1.5644166796051788,up,0.9635348920089171
s__GGB9646_SGB15123,0.5699722381131727,2508.0,0.1229898214710368,0.1229898214710368,0.0,-2.041557344885182,-2.258588711974839,up,0.9635348920089171
s__GGB9491_SGB14888,0.8280432935554788,2424.0,0.06465489958002552,0.06465489958002552,0.0,-2.5599302631781073,-2.713288231007828,up,0.9664549021543897
s__GGB74505_SGB47518,0.39182316410128293,2166.0,0.3035636502155681,-0.3035636502155681,0.0,-2.3128971061015493,-2.0041105139859288,down,0.9635348920089171
s__Youxingia_wuxianensis,0.4985974065178759,2209.0,0.12250076300017541,-0.12250076300017541,0.0,-3.2584395201458176,-3.097830157440858,down,0.9635348920089171
s__GGB36267_SGB14177,0.4854373706570898,2539.0,0.11847505435184998,0.11847505435184998,0.0,-0.3690195475704062,-0.4714971441292745,up,0.9635348920089171
s__Granulicatella_SGB8255,0.2371527659196454,2088.0,0.15661529771167418,-0.15661529771167418,0.0,-0.6938918162052033,-0.2615132724293238,down,0.9635348920089171
s__Veillonella_atypica,0.21167684502216877,2072.0,0.18909991482024982,-0.18909991482024982,0.0,-0.6661336916766807,-0.08079621639479058,down,0.9635348920089171
s__Streptococcus_gordonii,0.24048350970692567,2653.0,0.25178271922625156,0.25178271922625156,0.0,-1.1995414687061743,-1.8963738786302615,up,0.9635348920089171
s__Klebsiella_quasipneumoniae,0.9500394413259129,2356.0,0.17021174988340634,0.17021174988340634,0.0,-0.7965917216510531,-1.0827460585532507,up,0.9869442029105397
s__GGB3005_SGB3996,0.4776325266763798,2201.0,0.01808162600417696,-0.01808162600417696,0.0,-3.0040547206928436,-2.9678465801323157,down,0.9635348920089171
s__Porphyromonas_uenonis,0.8870617623982282,2337.0,0.024330686319559168,0.024330686319559168,0.0,-1.453329585479283,-1.4619891002354608,up,0.9742707354864009
s__GGB3892_SGB5290,0.9600221411919261,2384.0,0.1532384627259282,0.1532384627259282,0.0,-1.4766129752466854,-1.5417324467001998,up,0.9869442029105397
s__GGB9719_SGB15272,0.5614940047202928,2232.0,0.009696271244880565,-0.009696271244880565,0.0,-0.3670516904095176,-0.343624714465997,down,0.9635348920089171
s__Actinomyces_sp_ph3,0.8345594867637544,2321.0,0.007951951835450452,0.007951951835450452,0.0,-1.0135292132532512,-1.0269208108498618,up,0.9664549021543897
s__Clostridiaceae_unclassified_SGB4771,0.35592897553716973,2150.0,0.1635228779585669,-0.1635228779585669,0.0,-1.925760410223053,-1.6067198956811775,down,0.9635348920089171
s__Parasutterella_SGB9260,0.18132451194791233,2051.0,0.21144082782451337,-0.21144082782451337,0.0,-1.1250620557865587,-0.5215664278685411,down,0.9635348920089171
s__Gehongia_tenuis,0.9334197895488263,2392.0,0.011537107480270554,0.011537107480270554,0.0,-4.20018017498955,-4.216103622860048,up,0.9783184629701622
s__Enterobacter_asburiae,0.8936644804635717,2339.0,0.06441972678574091,0.06441972678574091,0.0,-4.272578314941655,-4.355751212924809,up,0.9742707354864009
s__Schaalia_SGB17168,0.6161895690485215,2251.0,0.009401660419189788,0.009401660419189788,0.0,-2.018012763061982,-2.0417759817444505,up,0.9635348920089171
s__Anaerotruncus_rubiinfantis,0.4225455661524572,2564.0,0.25815730201599607,0.25815730201599607,0.0,-2.4087286425491343,-2.7767406510904595,up,0.9635348920089171
s__Lachnotalea_sp_AF33_28,0.8215389141821918,2426.0,0.06361841735837867,0.06361841735837867,0.0,-3.299515202772899,-3.4073753081561007,up,0.9664549021543897
s__GGB1266_SGB1699,0.9766731402054258,2379.0,0.17426712796130825,0.17426712796130825,0.04149607115850627,3.029034093918852,2.9431513736716317,up,0.9916436052606898
s__Parabacteroides_johnsonii,0.3387856876968661,2142.0,0.06197863272827848,0.06197863272827848,0.0,0.018766551141988014,-0.06300158237997794,up,0.9635348920089171
s__GGB3619_SGB4894,0.8673023849719943,2331.0,0.071480963457369,0.071480963457369,0.0,-0.6253632467882075,-0.8127511875396044,up,0.9730709685051644
s__Akkermansia_muciniphila,0.2867975489410338,2627.0,0.20682668182003405,0.20682668182003405,0.9567561291829747,1.7546969472779623,0.9040445389683441,up,0.9635348920089171
s__Desulfovibrio_legallii,0.44961074669193124,2190.0,0.03134325955233902,0.03134325955233902,0.3186356780720705,0.13630479363704479,0.10929297122727688,up,0.9635348920089171
s__Roseburia_lenta,0.6792126051548262,2471.0,0.04498400151351873,0.04498400151351873,0.2306045872406059,0.7994441652877091,0.6813483982372426,up,0.9635348920089171
s__Alistipes_dispar,0.3283448983590216,2137.0,0.19553306987428,-0.19553306987428,-0.2884755659087769,0.9794938254228136,1.1963038515571889,down,0.9635348920089171
s__GGB3109_SGB4121,0.6518942799096743,2480.0,0.10391304507036765,0.10391304507036765,0.6529261080645599,0.8646633532877698,0.5499164476426439,up,0.9635348920089171
s__GGB9512_SGB14909,0.7859951622317407,2306.0,0.025228613969954954,-0.025228613969954954,-0.026934590889099046,1.3585998981248286,1.3842027173233966,down,0.9635348920089171
s__Ruminococcus_SGB4421,0.4347277858351569,2184.0,0.059022656255626575,-0.059022656255626575,-0.1910158979135817,0.941747253825218,1.0750678572739005,down,0.9635348920089171
s__Oxalobacter_SGB9385,0.8345594867637544,2321.0,0.09152057964675593,-0.09152057964675593,0.0,-0.02280993430819004,0.0433327799221902,down,0.9664549021543897
s__Alistipes_sp_AF17_16,0.8574529080473072,2328.0,0.04643840096907064,0.04643840096907064,0.0,-0.9442733825514065,-1.116778913211892,up,0.9703029099491263
s__Eubacterium_sp_AF34_35BH,0.5842367778340732,2240.0,0.0014150206887876744,-0.0014150206887876744,-0.0037945559166699815,1.1734733935140165,1.1765639090274347,down,0.9635348920089171
s__Slackia_SGB14781,0.28491182076548194,2115.0,0.2616475590044956,-0.2616475590044956,-0.0250326744264503,3.4911484485957978,3.552253099741932,down,0.9635348920089171
s__Bifidobacterium_adolescentis,0.9267796385782083,2394.0,0.11017801223919355,0.11017801223919355,0.6461243898241147,1.0031128505349738,0.6409836794571281,up,0.9756815521204787
s__Bacteroides_fragilis,0.8903621709657936,2405.0,0.007832002616860994,0.007832002616860994,0.04413295478046004,1.1006556356457025,1.0674956610016113,up,0.9742707354864009
s__GGB6612_SGB9346,0.7795779788188588,2304.0,0.005691401902343873,0.005691401902343873,0.0005633048838128008,2.9502094908649448,2.94905779700804,up,0.9635348920089171
s__Butyricimonas_paravirosa,0.4347277858351569,2559.0,0.21538589942095984,0.21538589942095984,0.0,0.17756184316653612,-0.2011466905173023,up,0.9635348920089171
s__GGB6606_SGB9340,0.6458848529528223,2261.0,0.02831153912921089,-0.02831153912921089,-0.006323935355893555,2.3246216217334252,2.3348337756226796,down,0.9635348920089171
s__Barnesiella_intestinihominis,0.07313339799025124,2801.0,0.39959950986322984,0.39959950986322984,0.0,1.0793276133445844,-0.057719510254139815,up,0.9635348920089171
s__Klebsiella_variicola,0.6579263983590454,2478.0,0.12098152681134842,0.12098152681134842,0.0,-1.0914598425127517,-1.3811984217595654,up,0.9635348920089171
s__GGB3363_SGB4448,0.9201445835149341,2396.0,0.17250895585920029,0.17250895585920029,0.0,-0.8897454082931276,-1.2860495504386433,up,0.9742707354864009
s__Megasphaera_sp_NM10,0.9201445835149341,2347.0,0.21983520097969353,0.21983520097969353,0.0,-0.20115903285627526,-0.5382057747804969,up,0.9742707354864009
s__Coprobacter_secundus,0.9135150831631654,2345.0,0.14485711088094758,0.14485711088094758,0.0,-0.4390890138531509,-0.5632591155094854,up,0.9742707354864009
s__Blautia_luti,0.3624963265761021,2153.0,0.10259248732872342,-0.10259248732872342,0.0,-1.0196985490139032,-0.82355851468836,down,0.9635348920089171
s__Veillonella_denticariosi,0.2506730153439688,2096.0,0.275817163047982,-0.275817163047982,0.0,-1.582401802750414,-1.377295062073441,down,0.9635348920089171
s__Jutongia_hominis,0.966680855749333,2382.0,0.0953097700078082,0.0953097700078082,0.0,-0.9523607173435891,-1.14213597949291,up,0.9869442029105397
s__GGB9747_SGB15356,0.6518942799096743,2263.0,0.011613236290280111,-0.011613236290280111,-0.013579303952498166,1.868764962911455,1.886437672692689,down,0.9635348920089171
s__GGB9559_SGB14969,0.03314302179138632,1861.0,0.42166605860427064,-0.42166605860427064,0.0,-1.6256092931084576,-1.0301898283184039,down,0.9635348920089171
s__Hydrogenoanaerobacterium_saccharovorans,0.6191320474510349,2252.0,0.030784300025843526,0.030784300025843526,0.0,-0.9365628254522198,-1.0038175196061012,up,0.9635348920089171
s__Clostridium_sp_AT4,0.5671393855898632,2509.0,0.22938916346597354,0.22938916346597354,0.0,-0.8069294953525058,-1.5182693683045916,up,0.9635348920089171
s__Mediterraneibacter_sp_NSJ_151,0.592874483007928,2243.0,0.07542594976400331,-0.07542594976400331,0.0,-0.8318670385809072,-0.6798993706950733,down,0.9635348920089171
s__Phocea_massiliensis,0.1414651553763089,2019.0,0.2284087161495032,-0.2284087161495032,0.0,-2.3961953343162468,-1.8151991930219462,down,0.9635348920089171
s__Neglectibacter_timonensis,0.4776325266763798,2201.0,0.07007153611533833,-0.07007153611533833,-0.11523707852827797,0.4573346439182265,0.49536340335312495,down,0.9635348920089171
s__Candidatus_Gastranaerophilales_bacterium,0.9966671262860999,2373.0,0.13802756327862564,0.13802756327862564,0.7149795878179606,0.17615236098993894,0.10731444064371569,up,0.999080363880013
s__Enterocloster_hominis,0.8903621709657936,2338.0,0.0583014796759911,0.0583014796759911,0.0,-0.09779140622626048,-0.3290217548239045,up,0.9742707354864009
s__Oscillibacter_hominis,0.8837633112203424,2407.0,0.13589902996960493,0.13589902996960493,0.0,-0.667215951218491,-0.7388273589215643,up,0.9742707354864009
s__GGB9766_SGB15383,0.7859951622317407,2306.0,0.05357915934276151,0.05357915934276151,0.39923684629886963,0.28686398836300886,0.21751728114204852,up,0.9635348920089171
s__Collinsella_tanakaei,0.27560914553857696,2110.0,0.2867324457056822,-0.2867324457056822,-0.4800703273175147,0.8884704892386955,1.2392489960287034,down,0.9635348920089171
s__GGB9359_SGB14334,0.48282811088822,2540.0,0.24667856385910014,0.24667856385910014,0.0,-1.157605053628511,-1.539241403215895,up,0.9635348920089171
s__Actinobaculum_sp_oral_taxon_183,0.8607336803836151,2414.0,0.0012543803704603968,0.0012543803704603968,0.0,-2.0990181665454277,-2.1018166472316224,up,0.9703029099491263
s__Veillonella_dispar,0.235499674299389,2087.0,0.22313301852090212,-0.22313301852090212,0.0,-0.8776408181529352,-0.3787965678590436,down,0.9635348920089171
s__Propionibacterium_acidifaciens,0.7288141248786871,2455.0,0.07346426230179122,0.07346426230179122,0.0,-2.4995324535537646,-2.6517896392332676,up,0.9635348920089171
s__Dialister_pneumosintes,0.7988728301499053,2310.0,0.13130539908415065,-0.13130539908415065,-1.7625704776321627,0.018368280217156665,0.06232396562829872,down,0.9635348920089171
s__Clostridium_SGB4751,0.9633511789620104,2360.0,0.09387115780799483,-0.09387115780799483,0.0,-2.7386214852034367,-2.519857606556194,down,0.9869442029105397
s__Turicimonas_muris,0.7892092446575114,2307.0,0.08910963034218725,-0.08910963034218725,0.0,-0.37786830089148077,-0.32637241577279186,down,0.9635348920089171
s__GGB33469_SGB15236,0.8476255757634981,2325.0,0.03907249980524191,0.03907249980524191,0.0,-1.4682809795152072,-1.5379882586664781,up,0.9680468644581743
s__Clostridium_hylemonae,0.7319548618400757,2289.0,0.11995403508763934,-0.11995403508763934,0.0,-2.5866346852102,-2.4330993890727255,down,0.9635348920089171
s__Zhenpiania_hominis,0.2867975489410338,2627.0,0.20769613525626868,0.20769613525626868,0.0,0.12606601948283594,-0.40812336101817853,up,0.9635348920089171
s__Enterocloster_citroniae,0.8378218779789235,2322.0,0.0960481770475386,-0.0960481770475386,0.0,-1.153780738294959,-0.8840666838467925,down,0.9680468644581743
s__GGB58233_SGB79883,0.6369139851174195,2258.0,0.0631626297967819,-0.0631626297967819,0.0,-2.969250065921218,-2.884256325933092,down,0.9635348920089171
s__GGB9531_SGB14932,0.7956481309005246,2434.0,0.197517162308375,0.197517162308375,0.0,-1.1640150850511883,-1.4526905658077771,up,0.9635348920089171
s__Candidatus_Saccharibacteria_bacterium_oral_taxon_488,1.0,2372.0,0.18809719417805787,0.18809719417805787,0.0,-2.0524877664847767,-2.1295189499862026,up,1.0
s__Lancefieldella_parvula,0.41294539637506356,2175.0,0.11895525668521822,-0.11895525668521822,0.0,-2.510521539117617,-2.256974366982797,down,0.9635348920089171
s__Bianquea_SGB71281,0.4596911377144557,2194.0,0.1652260577586226,-0.1652260577586226,0.0,-2.5653812786425285,-2.466481910258295,down,0.9635348920089171
s__Anaerostipes_caccae,0.5200417286139674,2217.0,0.03981450944528384,-0.03981450944528384,0.0,-0.8254643592954316,-0.7362026299917934,down,0.9635348920089171
s__Dialister_invisus,0.7256779331351564,2287.0,0.11525680484195362,-0.11525680484195362,-0.7047864264907544,0.5377984113675328,0.8765594374289476,down,0.9635348920089171
s__Clostridium_symbiosum,0.8936644804635717,2339.0,0.06364078476168722,-0.06364078476168722,0.0,-0.5043278425564957,-0.34012472903442187,down,0.9742707354864009
s__Faecalimonas_umbilicata,0.9966671262860999,2370.0,0.060385648367349276,0.060385648367349276,0.4649765896966097,0.6069388271748972,0.4397167610967042,up,0.999080363880013
s__Anaerotignum_lactatifermentans,0.8053324781427499,2312.0,0.022949852836368932,-0.022949852836368932,0.0,-0.11622704533881918,-0.09586086162895278,down,0.9663989737712998
s__Sutterella_SGB9281,0.870590205972356,2332.0,0.1134508063553766,-0.1134508063553766,0.0,-2.0015934366449373,-1.8243423045551175,down,0.9734621074208114
s__Megasphaera_micronuciformis,0.7382497780183291,2291.0,0.08571121300665502,-0.08571121300665502,0.0,-0.8408973026875416,-0.674138276866234,down,0.9635348920089171
s__Blautia_producta,0.9135150831631654,2345.0,0.08708892334819252,-0.08708892334819252,0.0,-1.1841385587697735,-0.9971659234628683,down,0.9742707354864009
s__Enterococcus_avium,0.8837633112203424,2336.0,0.04808385624329776,-0.04808385624329776,0.0,-1.3709946132959177,-1.2742663340040878,down,0.9742707354864009
s__GGB3819_SGB5184,0.30414796634656915,2125.0,0.21110595798104664,-0.21110595798104664,-3.132258526652944,0.033023305586210513,0.2895504965645489,down,0.9635348920089171
s__Enterocloster_asparagiformis,0.6976645958265567,2278.0,0.043731684498267386,0.043731684498267386,0.0,-1.1023955547971176,-1.169828863366252,up,0.9635348920089171
s__Streptococcus_thermophilus,0.26472230485130954,2104.0,0.17450137667913102,-0.17450137667913102,0.0,-0.27241413729411756,0.19684894163840905,down,0.9635348920089171
s__Anaeroglobus_geminatus,0.9334197895488263,2351.0,0.22824373647384869,-0.22824373647384869,0.0,-1.262165429622293,-1.0831504424873042,down,0.9783184629701622
s__Olsenella_uli,0.4421334302654807,2556.0,0.10169106883833393,0.10169106883833393,0.0,-3.065391003048883,-3.221622883756883,up,0.9635348920089171
s__Streptococcus_vestibularis,0.2867975489410338,2627.0,0.27176429875118513,0.27176429875118513,3.046504136517771,0.6057193930038735,0.07331322959320558,up,0.9635348920089171
s__Klebsiella_michiganensis,0.30809636302258747,2127.0,0.13447188649930608,-0.13447188649930608,0.0,-0.25477671478605596,-0.1861130855064193,down,0.9635348920089171
s__Phocaeicola_plebeius,0.14720608994038742,2024.0,0.29435061601102835,-0.29435061601102835,-0.9730292776644288,1.0431620684494534,2.047683289006991,down,0.9635348920089171
s__Klebsiella_aerogenes,0.6853426035606958,2274.0,0.030956940797744546,0.030956940797744546,0.0,-0.10432363065755992,-0.1491854689279164,up,0.9635348920089171
s__Staphylococcus_aureus,0.5986652735891027,2245.0,0.1631741640354657,-0.1631741640354657,0.0,-0.9124003623068907,-0.8815142578252307,down,0.9635348920089171
s__Arachnia_propionica,0.6518942799096743,2263.0,0.13038649319069054,-0.13038649319069054,0.0,-2.3074897561238092,-2.2477902010730353,down,0.9635348920089171
s__Acidaminococcus_intestini,0.39645945245965497,2168.0,0.30840938384514505,-0.30840938384514505,-0.32018004257063964,0.8438806052586428,1.0535734127139338,down,0.9635348920089171
s__Streptococcus_gallolyticus,0.5813706134190317,2239.0,0.39612049176002034,-0.39612049176002034,0.0,-0.35411694423284895,0.18968064888030398,down,0.9635348920089171
s__Fusobacterium_mortiferum,0.8378218779789235,2421.0,0.12072731185274523,0.12072731185274523,0.3091887608264276,0.6302992901887816,0.5087117005976893,up,0.9680468644581743
s__Enterobacter_roggenkampii,0.8150467803527273,2428.0,0.027473260535839615,0.027473260535839615,0.0,-0.7801196047516141,-0.8206203518213636,up,0.9664549021543897
s__Lacticaseibacillus_rhamnosus,0.8640168578801645,2330.0,0.01949535707177667,-0.01949535707177667,0.0,-1.3953238323026014,-1.3683815773585268,down,0.9726797529908582
s__Lachnospiraceae_bacterium_2_1_46FAA,0.6191320474510349,2252.0,0.1669316390436793,-0.1669316390436793,-0.0683964354887073,2.1788440483098217,2.2846281583251544,down,0.9635348920089171
s__Bifidobacterium_animalis,0.27560914553857696,2110.0,0.11185796713659839,-0.11185796713659839,0.0,-1.0712820138815986,-0.8817719101852793,down,0.9635348920089171
s__Lachnospiraceae_bacterium_EP_SM_12S_S03,0.589988748012487,2242.0,0.211928538648423,-0.211928538648423,-0.04780382865465242,1.8850160940901926,1.9485226068185582,down,0.9635348920089171
s__GGB9759_SGB15370,0.39645945245965497,2168.0,0.029770866913567322,-0.029770866913567322,0.0,-0.9525033233992255,-0.901698857244599,down,0.9635348920089171
s__Clostridiaceae_bacterium_Marseille_Q3526,0.5227553213035618,2218.0,0.06075458208848323,-0.06075458208848323,0.0,-0.4301383767034963,-0.33386955654546424,down,0.9635348920089171
s__GGB3740_SGB5076,0.053626262819216626,1909.0,0.23810002465100055,-0.23810002465100055,0.0,-0.24045516122452734,0.034371182668097716,down,0.9635348920089171
s__Blautia_caecimuris,0.4034756567316615,2171.0,0.18345067345638078,-0.18345067345638078,0.0,-2.4134249372397982,-1.8085121204795325,down,0.9635348920089171
s__Eubacterium_hominis,0.42013334475084974,2178.0,0.05694581739415839,0.05694581739415839,0.0,-1.1961194065424232,-1.274092674191075,up,0.9635348920089171
s__Limosilactobacillus_portuensis,0.6579263983590454,2478.0,0.04155557608534777,0.04155557608534777,0.0,-0.7520567648040385,-0.8214239012291472,up,0.9635348920089171
s__Leuconostoc_citreum,0.5785110427843865,2238.0,0.09707509734954382,-0.09707509734954382,0.0,-0.3682487442730731,-0.29281928463374923,down,0.9635348920089171
s__Lactococcus_lactis,0.6670163844206812,2268.0,0.0029945739489463394,-0.0029945739489463394,0.0,-0.5766316669385189,-0.572579093344714,down,0.9635348920089171
s__Butyricimonas_virosa,0.49067870932066526,2206.0,0.0903172338440824,0.0903172338440824,0.0,-0.23394520421295076,-0.44962441241685003,up,0.9635348920089171
s__Acidaminococcus_provencensis,0.43718834117988226,2185.0,0.260299857882471,-0.260299857882471,-0.9437001539053669,0.20425514336745343,0.39287559756506435,down,0.9635348920089171
s__Amedibacillus_dolichus,0.31207852327810226,2129.0,0.15266562891251476,-0.15266562891251476,0.0,-0.47687326064365104,-0.27745898109301514,down,0.9635348920089171
s__Enterocloster_clostridioformis,0.8443549771835649,2419.0,0.18356397992857496,0.18356397992857496,0.0,-1.6141030273055557,-2.131399170691948,up,0.9680468644581743
s__GGB3828_SGB5197,0.5986652735891027,2245.0,0.09220184995414493,-0.09220184995414493,0.0,-2.8075186821988685,-2.7015494471725843,down,0.9635348920089171
s__GGB12785_SGB19823,0.4698968272451489,2198.0,0.17072119047475082,-0.17072119047475082,0.0,-3.0513514346132444,-2.580987146142618,down,0.9635348920089171
s__Blautia_hansenii,0.9600221411919261,2359.0,0.18483819104642657,0.18483819104642657,1.0896168045203287,0.775761164512723,0.3645194384749519,up,0.9869442029105397
s__Actinomyces_sp_ICM47,0.16549855900482224,2039.0,0.2112202650368106,-0.2112202650368106,0.0,-0.5889832594479583,-0.022027221398168213,down,0.9635348920089171
s__Faecalibacterium_sp_CLA_AA_H233,0.8150467803527273,2428.0,0.02746476049423,0.02746476049423,0.11848891762128284,0.22019595332797803,0.20283393451727807,up,0.9664549021543897
s__Lactobacillus_gasseri,0.8443549771835649,2419.0,0.12688029028293404,0.12688029028293404,0.0,-0.7360701149137172,-1.0311480055963542,up,0.9680468644581743
s__Eubacterium_limosum,0.2683178289777829,2106.0,0.17454744914088435,-0.17454744914088435,0.0,-1.8294943334028722,-1.6049297163932144,down,0.9635348920089171
s__GGB3109_SGB4119,0.2683178289777829,2106.0,0.15674929826336803,-0.15674929826336803,0.0,-0.34182443923000944,0.04166084937123164,down,0.9635348920089171
s__GGB9760_SGB15373,0.21167684502216877,2072.0,0.14419800602379543,-0.14419800602379543,0.0,-1.1486819578469052,-0.7417062283703879,down,0.9635348920089171
s__Gardnerella_vaginalis,0.9267796385782083,2349.0,0.10854710628727392,0.10854710628727392,0.0,-3.661368589716536,-3.78661816261757,up,0.9756815521204787
s__Actinomyces_SGB17132,0.31609445553522897,2131.0,0.2271369488003855,-0.2271369488003855,0.0,-2.599448934043053,-2.067317819339086,down,0.9635348920089171
s__Lactococcus_garvieae,0.9234614453568397,2348.0,0.06485316470975558,0.06485316470975558,0.0,-1.2625939452025787,-1.3333750909109887,up,0.9752883632084991
s__Streptococcus_oralis,0.8085673212554976,2313.0,0.04888189054060784,0.04888189054060784,0.0,-0.4061609984718262,-0.49569627708522324,up,0.9664549021543897
s__Dialister_hominis,0.004054641097698846,1683.0,0.3385220927972498,-0.3385220927972498,0.0,-2.53545701120609,-1.511481477426529,down,0.9635348920089171
s__Gemella_sanguinis,0.6279960232666452,2255.0,0.018657302444001822,0.018657302444001822,0.0,-1.5843450677916044,-1.623144835598508,up,0.9635348920089171
s__GGB12785_SGB19827,0.5586815421456336,2231.0,0.1176491035724468,-0.1176491035724468,0.0,-3.412243416161768,-3.3011487302694653,down,0.9635348920089171
s__Dialister_SGB5817,0.8574529080473072,2328.0,0.16947778380264616,0.16947778380264616,0.5765869684206509,0.5174756539826129,0.3469923893787468,up,0.9703029099491263
s__Phocaeicola_coprocola,0.6670163844206812,2475.0,0.2123685361348565,0.2123685361348565,1.3705847351482614,0.9446405461439183,0.3653250611681667,up,0.9635348920089171
s__GGB3278_SGB4328,0.43718834117988226,2185.0,0.04276286885493928,-0.04276286885493928,0.0,-1.762580283304855,-1.622914335136153,down,0.9635348920089171
s__GGB4684_SGB6478,0.3941371825614728,2167.0,0.15873512552670166,-0.15873512552670166,-1.2081738192949352,0.20228739594125902,0.46737489792815273,down,0.9635348920089171
s__Ruminococcus_lactaris,0.5842367778340732,2240.0,0.017600366686091797,0.017600366686091797,0.07234130086420006,0.8857300326561007,0.8424118535555261,up,0.9635348920089171
s__Coprococcus_eutactus,0.3201441635535237,2133.0,0.07759599471569353,-0.07759599471569353,0.0,-0.4078744964234991,-0.09045297154851924,down,0.9635348920089171
s__Adlercreutzia_equolifaciens,0.7763749812910754,2303.0,0.045628513691977006,-0.045628513691977006,-0.16674528650154397,1.2219524949791627,1.371670047733934,down,0.9635348920089171
s__GGB9635_SGB15106,0.33668066301817057,2141.0,0.04790460111685099,-0.04790460111685099,0.0,-1.6296365953909238,-1.5058183258371902,down,0.9635348920089171
s__Ruminococcus_sp_AF41_9,0.7956481309005246,2309.0,0.004720492594920309,-0.004720492594920309,0.0,-1.8919735860557965,-1.8813678649086005,down,0.9635348920089171
s__GGB9758_SGB15368,0.4225455661524572,2564.0,0.1955904717616281,0.1955904717616281,0.0,0.29856303854278615,-0.4386606227076489,up,0.9635348920089171
s__GGB9708_SGB15234,0.10507466466872127,1983.0,0.17861888895577388,-0.17861888895577388,0.0,-2.0710117835275534,-1.5219000943296292,down,0.9635348920089171
s__Mesosutterella_multiformis,0.06545714529570394,1930.0,0.15898000046113786,-0.15898000046113786,0.0,-0.4902082289347401,-0.24581500104544984,down,0.9635348920089171
s__GGB4642_SGB6422,0.19679408653771413,2062.0,0.4063489482027557,-0.4063489482027557,-0.656088481293848,0.47804232925548146,0.7533012125680412,down,0.9635348920089171
s__Roseburia_sp_AM23_20,0.49067870932066526,2206.0,0.0359692270075191,-0.0359692270075191,0.0,-1.5503665533235291,-1.4606727086340596,down,0.9635348920089171
s__Allisonella_histaminiformans,0.05680862916624859,1915.0,0.3343106487554705,-0.3343106487554705,0.0,-2.4770500410219456,-1.5586246120044487,down,0.9635348920089171
s__Alistipes_provencensis,0.5842367778340732,2503.0,0.32908446919855044,0.32908446919855044,0.0,-1.8667850334428455,-2.2429001662798203,up,0.9635348920089171
s__GGB3740_SGB5077,0.8476255757634981,2418.0,0.0725126745401835,0.0725126745401835,0.0,-0.1901677660913464,-0.34140374705111615,up,0.9680468644581743
s__Veillonella_tobetsuensis,0.6191320474510349,2252.0,0.11136883147178238,0.11136883147178238,0.0,-2.0453277846935563,-2.1655146980251065,up,0.9635348920089171
s__GGB51647_SGB4348,0.5012519914080794,2210.0,0.08281384083972011,-0.08281384083972011,-0.8780027498997939,0.44632557773883447,0.820270210724382,down,0.9635348920089171
s__Clostridium_sp_AM42_4,0.5012519914080794,2533.0,0.28296826261593117,0.28296826261593117,0.0,-0.6939379212406829,-1.0968222146220303,up,0.9635348920089171
s__Rothia_mucilaginosa,0.41772923301414755,2177.0,0.10156781395572788,-0.10156781395572788,0.0,-0.8853725513600186,-0.5675007429363906,down,0.9635348920089171
s__GGB13493_SGB15238,0.3472900312045083,2597.0,0.1892900928607634,0.1892900928607634,0.0,-1.9602390160817784,-2.390444090907595,up,0.9635348920089171
s__Turicibacter_bilis,0.6518942799096743,2263.0,0.0514457850770025,0.0514457850770025,0.0,-1.3762904946785899,-1.4946785212170854,up,0.9635348920089171
s__Enterobacter_kobei,0.7859951622317407,2306.0,0.05792712434945918,0.05792712434945918,0.0,-0.723717585645472,-0.8075286040192761,up,0.9635348920089171
s__Clostridium_sp_AF32_12BH,0.966680855749333,2361.0,0.05428457329876376,0.05428457329876376,0.0,-0.3877826988043742,-0.4180521372080104,up,0.9869442029105397
s__GGB9627_SGB15081,0.7731757818719381,2302.0,0.0769590607866477,0.0769590607866477,0.0,-1.342974428916905,-1.5011955509635238,up,0.9635348920089171
s__Clostridiaceae_bacterium_Marseille_Q4149,0.011635888603959206,1767.0,0.4345094288916609,-0.4345094288916609,0.0,-1.6061659075042574,-0.649102445030746,down,0.9635348920089171
s__GGB9618_SGB15065,0.5957666702502111,2499.0,0.14472520673070144,0.14472520673070144,0.0,-3.0471976374013985,-3.2528340455640934,up,0.9635348920089171
s__Eubacterium_sp_AF16_48,0.14259936146328883,2020.0,0.10408076978572382,-0.10408076978572382,0.0,-2.706032572702306,-2.4516743894441286,down,0.9635348920089171
s__GGB9365_SGB14342,0.9035822484778409,2401.0,0.12652733903296667,0.12652733903296667,0.0,-0.3015353562164722,-0.5276597555270715,up,0.9742707354864009
s__Parabacteroides_sp_N37,0.7007577458202716,2279.0,0.1548877213454697,-0.1548877213454697,-0.11382584482770285,0.7086573523227454,0.766833877141305,down,0.9635348920089171
s__GGB3486_SGB4658,0.9300991057930379,2393.0,0.08704350246679066,0.08704350246679066,0.0,-1.0975346536184303,-1.1787472153817116,up,0.9773122583713647
s__GGB13404_SGB14252,0.4347277858351569,2559.0,0.0674596171292062,0.0674596171292062,0.0,-0.22306816910345395,-0.2915437850419792,up,0.9635348920089171
s__Butyricimonas_synergistica,0.633935398910253,2257.0,0.10677479615905248,0.10677479615905248,0.0,-2.1050732949483146,-2.285436541383667,up,0.9635348920089171
s__GGB9784_SGB15407,0.9068915951679456,2400.0,0.03608307630387632,0.03608307630387632,0.0,-0.0029125231256665056,-0.024018670829388366,up,0.9742707354864009
s__GGB9509_SGB14906,0.42739427811559205,2181.0,0.11092794831873834,-0.11092794831873834,0.0,-1.3322293434741659,-1.2531073827364834,down,0.9635348920089171
s__Bacteroides_stercorirosoris,0.5586815421456336,2231.0,0.10873851924729924,-0.10873851924729924,0.0,-0.43371156485420176,-0.37928999818738945,down,0.9635348920089171
s__GGB13489_SGB15224,0.7194193773294597,2285.0,0.055624585677959366,-0.055624585677959366,0.0,-0.4606715481449951,-0.4108404478704171,down,0.9635348920089171
s__Clostridium_SGB6173,0.8215389141821918,2317.0,0.025275257559732436,-0.025275257559732436,0.0,-2.3009447312312346,-2.2482226687561813,down,0.9664549021543897
s__GGB51959_SGB72479,0.8021009634735513,2432.0,0.06864419099004716,0.06864419099004716,0.0,-2.6482838150963106,-2.7984351578325937,up,0.9660212330997825
s__Collinsella_intestinalis,0.5119447515077407,2214.0,0.0277707552916752,-0.0277707552916752,0.0,-0.45804699816955713,-0.38369177453031444,down,0.9635348920089171
s__Adlercreutzia_sp_JBNU_10,0.1232271722347583,2002.0,0.23890281106821123,-0.23890281106821123,0.0,-4.416381094884696,-4.135376454769273,down,0.9635348920089171
s__Streptococcus_mutans,0.10507466466872127,2760.0,0.2197116636515128,0.2197116636515128,0.0,-0.35563983761345225,-0.8084484158343342,up,0.9635348920089171
s__GGB9347_SGB14313,0.676155511870068,2271.0,0.016072682836554976,-0.016072682836554976,0.0,-2.4004744606502317,-2.3722145034276156,down,0.9635348920089171
s__Alistipes_timonensis,0.5119447515077407,2214.0,0.20410982465138405,-0.20410982465138405,0.0,-2.7991852346036405,-2.6126178997193987,down,0.9635348920089171
s__Cetobacterium_somerae,0.7636014837937904,2299.0,0.05605529954210285,-0.05605529954210285,-0.0018670761360792718,7.599858398189408,7.609700187031292,down,0.9635348920089171
s__GGB4599_SGB6362,0.9334197895488263,2351.0,0.05743885826188956,-0.05743885826188956,-0.24155299082220544,0.4958565150343118,0.5862336177381663,down,0.9783184629701622
s__GGB9595_SGB15019,0.43718834117988226,2558.0,0.3088883298529777,0.3088883298529777,0.8323850708788002,0.8695186333972678,0.48832169442595275,up,0.9635348920089171
s__GGB4569_SGB6312,0.5785110427843865,2238.0,0.07158843687243473,-0.07158843687243473,-0.0376217018529448,1.9241929539124119,1.9750308365584626,down,0.9635348920089171
s__GGB9813_SGB15447,0.6945764610656292,2466.0,0.21264260114390393,0.21264260114390393,0.0,-1.1285406634830328,-1.6093323330509532,up,0.9635348920089171
s__GGB9715_SGB15260,0.7194193773294597,2458.0,0.16149944984540718,0.16149944984540718,0.2956455041823784,1.5299885737146708,1.2464935126891483,up,0.9635348920089171
s__Coprococcus_sp_OM04_5BH,0.43965689506048056,2186.0,0.032539081132723136,0.032539081132723136,0.03849334540932852,0.6847495174977477,0.666720921399664,up,0.9635348920089171
s__GGB9593_SGB15015,0.48282811088822,2203.0,0.017435187876442066,-0.017435187876442066,0.0,-1.8165637717865721,-1.7775895261192025,down,0.9635348920089171
s__Senegalimassilia_anaerobia,0.7988728301499053,2310.0,0.025951675758875737,-0.025951675758875737,-0.028528127045957665,1.5083012533895401,1.538423530504407,down,0.9635348920089171
s__GGB9424_SGB14794,0.7319548618400757,2289.0,0.07810108823292615,-0.07810108823292615,-0.042098995314942156,1.3688059277427358,1.4093372720961417,down,0.9635348920089171
s__Clostridium_sp_NSJ_42,0.0546700941432327,1911.0,0.2967321709312685,-0.2967321709312685,0.0,-1.8167204484031036,-1.339230793059794,down,0.9635348920089171
s__GGB9602_SGB15031,0.6518942799096743,2480.0,0.06842295935228147,0.06842295935228147,0.6402796428607861,0.3452925120121281,0.2215357308318327,up,0.9635348920089171
s__Slackia_isoflavoniconvertens,0.5309395099901181,2221.0,0.03492225694683249,-0.03492225694683249,-0.004945702285646152,2.3651988131486505,2.3733208638878587,down,0.9635348920089171
s__GGB2958_SGB3940,0.966680855749333,2361.0,0.17699755975176343,0.17699755975176343,0.12272867054747894,1.2321816710573947,1.1316958755951927,up,0.9869442029105397
s__Oxalobacter_formigenes,0.8476255757634981,2325.0,0.09884139691704003,0.09884139691704003,0.0,-1.4850558368813749,-1.700954075955309,up,0.9680468644581743
s__GGB9597_SGB15022,0.8443549771835649,2419.0,0.2331789450913854,0.2331789450913854,0.0,-0.19568367162461459,-0.4290834232691593,up,0.9680468644581743
s__Eisenbergiella_massiliensis,0.8738802650755434,2333.0,0.03544314475860922,-0.03544314475860922,0.0,-2.1317086899022084,-2.03127686289593,down,0.9742707354864009
s__GGB1672_SGB2289,0.7636014837937904,2299.0,0.056055299607849864,-0.056055299607849864,-0.0046318340920663646,3.0605412713213953,3.070383060173952,down,0.9635348920089171
s__Faecalibacterium_sp_HTFF,0.8150467803527273,2428.0,0.11167112270615047,0.11167112270615047,0.0,-2.571020478347813,-2.8142776867431807,up,0.9664549021543897
s__Zhenhengia_yiwuensis,0.8508988004894168,2326.0,0.037919495202820355,0.037919495202820355,0.0,-1.7577010602649294,-1.79007366625435,up,0.9703029099491263
s__Bacteroides_bouchesdurhonensis,0.2611601263882116,2102.0,0.11253615699277983,-0.11253615699277983,0.0,-1.3193662581195722,-1.2039999971214335,down,0.9635348920089171
s__Streptococcus_pluranimalium,0.7636014837937904,2299.0,0.05605529968628608,-0.05605529968628608,-0.0062113474817209035,2.281011741568894,2.2908535304341835,down,0.9635348920089171
s__GGB3321_SGB4394,0.6976645958265567,2465.0,0.03530025939230901,0.03530025939230901,0.0,-1.0732679972121073,-1.123203374109523,up,0.9635348920089171
s__Cloacibacillus_porcorum,0.15798628024592454,2033.0,0.13098732178612713,-0.13098732178612713,0.0,-3.501175751068803,-3.335598295651979,down,0.9635348920089171
s__Christensenella_minuta,0.12020832912435121,1999.0,0.20288545562807767,-0.20288545562807767,0.0,-2.0592301220103466,-1.61809359678572,down,0.9635348920089171
s__GGB9790_SGB15413,0.24724354992789133,2094.0,0.026445203893773743,-0.026445203893773743,-0.02501899672924863,0.9643651812055611,0.9812349080019405,down,0.9635348920089171
s__GGB3612_SGB4882,0.42496588234348953,2563.0,0.15882935918098778,0.15882935918098778,0.0,-1.4521670853571507,-1.723331580555821,up,0.9635348920089171
s__GGB9502_SGB14899,0.4647784010736252,2547.0,0.2167274183122467,0.2167274183122467,0.0,0.11230384569325795,-0.10474205494871705,up,0.9635348920089171
s__GGB9608_SGB15042,0.8053324781427499,2431.0,0.2096483190703236,0.2096483190703236,0.0,-1.790157902534664,-1.9027457044026814,up,0.9663989737712998
s__Streptococcus_constellatus,0.7540632018414068,2447.0,0.235283682369386,0.235283682369386,0.0,-1.4690966964612706,-1.6578952485556118,up,0.9635348920089171
s__Roseburia_sp_AM59_24XD,0.4446179292487903,2188.0,0.20436006855146346,-0.20436006855146346,0.0,-0.33180181058224545,-0.0472879478242066,down,0.9635348920089171
s__GGB52283_SGB73075,0.7636014837937904,2299.0,0.05605529992763712,-0.05605529992763712,-0.010876989372865985,1.3004740835024087,1.3103158724068762,down,0.9635348920089171
s__GGB9602_SGB15028,0.4521190283851557,2191.0,0.037902119922384715,-0.037902119922384715,0.0,-0.47399014466424816,-0.43671649896953485,down,0.9635348920089171
s__Citrobacter_freundii,0.19248233793034286,2059.0,0.20153757524730895,-0.20153757524730895,0.0,-1.6328441829078097,-1.3508658678545649,down,0.9635348920089171
s__GGB53380_SGB74412,0.6945764610656292,2277.0,0.08612407244722742,0.08612407244722742,0.0,0.009427561686374705,-0.023137838662242845,up,0.9635348920089171
s__GGB9819_SGB15460,0.9700111135678586,2362.0,0.03791403967228454,-0.03791403967228454,-0.009514634000723906,1.1451933091264987,1.1527708664792904,down,0.9891246330470282
s__Lactobacillus_delbrueckii,0.9500394413259129,2356.0,0.17279753034654416,0.17279753034654416,0.0,-0.501588732132395,-0.6937624009493243,up,0.9869442029105397
s__Citrobacter_braakii,0.4880542446592311,2205.0,0.21871500124032,-0.21871500124032,0.0,-1.3510582986595219,-1.1501510525830654,down,0.9635348920089171
s__Lacticaseibacillus_paracasei,0.5699722381131727,2508.0,0.2820019704579097,0.2820019704579097,0.0,-0.9057531466457988,-1.198256411533897,up,0.9635348920089171
s__Parabacteroides_sp_TM07_1AC,0.676155511870068,2271.0,0.017343472758700327,-0.017343472758700327,0.0,-1.2325978869482805,-1.220045444826701,down,0.9635348920089171
s__GGB9786_SGB63164,0.6670163844206812,2268.0,0.11487427964741073,-0.11487427964741073,0.0,-0.8033849824655778,-0.7454255096891944,down,0.9635348920089171
s__GGB3593_SGB4817,0.8280432935554788,2319.0,0.08964095366860086,0.08964095366860086,0.0,-0.7181839823531345,-0.7433639328647544,up,0.9664549021543897
s__GGB49418_SGB69331,0.6309627316255308,2487.0,0.15402011084265807,0.15402011084265807,0.0,-1.7254769565854642,-1.821555105865245,up,0.9635348920089171
s__Clostridium_celatum,0.966680855749333,2361.0,0.12061236260494916,0.12061236260494916,0.0,-0.048177182672933756,-0.08241310563724503,up,0.9869442029105397
s__Lachnospiraceae_bacterium_CLA_AA_H215,0.6015702565700234,2246.0,0.03673872466518625,0.03673872466518625,0.0,-3.1167378965530146,-3.170832958730402,up,0.9635348920089171
s__Staphylococcus_xylosus,0.7636014837937904,2299.0,0.05605530039832199,-0.05605530039832199,-0.027923273884591447,0.5035847866247982,0.5134265756056716,down,0.9635348920089171
s__Streptococcus_sp_F0442,0.6309627316255308,2487.0,0.11012302451694043,0.11012302451694043,0.0,-1.33018306917228,-1.4471492583193497,up,0.9635348920089171
s__Streptococcus_rubneri,0.8410870596635687,2323.0,0.046236357336599816,0.046236357336599816,0.0,-3.4621417932485232,-3.534318855070158,up,0.9680468644581743
s__Clostridium_paraputrificum,0.6191320474510349,2252.0,0.03475083729990792,0.03475083729990792,0.0,-3.3787417690899444,-3.4277627013179046,up,0.9635348920089171
s__Solobacterium_moorei,0.9700111135678586,2381.0,0.1387007019464531,0.1387007019464531,0.0,-0.6470486915465188,-0.7232853638810375,up,0.9891246330470282
s__Christensenella_sp_NSJ_35,0.49067870932066526,2206.0,0.14348415568353093,0.14348415568353093,0.0,-3.2023889798962015,-3.354078737435243,up,0.9635348920089171
s__GGB9534_SGB14937,0.589988748012487,2501.0,0.14111319078753032,0.14111319078753032,0.0,-1.544623889515479,-1.8273754831151081,up,0.9635348920089171
s__GGB2980_SGB3962,0.8410870596635687,2323.0,0.12145632252990306,0.12145632252990306,0.0,-1.7257735388520443,-1.8952889202969911,up,0.9680468644581743
s__GGB9444_SGB14834,0.2371527659196454,2088.0,0.03791739343202977,0.03791739343202977,0.0,-1.1466481723978688,-1.184621927892302,up,0.9635348920089171
s__GGB45656_SGB72339,0.5671393855898632,2234.0,0.1745105063792976,-0.1745105063792976,-0.5321421143904227,0.12270255698990426,0.17743706756351316,down,0.9635348920089171
s__Dielma_fastidiosa,0.870590205972356,2411.0,0.17944009508892775,0.17944009508892775,0.0,-1.6821148379906539,-1.8437476681743494,up,0.9734621074208114
s__Eubacterium_sulci,0.3021864254541431,2124.0,0.205137918759969,-0.205137918759969,0.0,-2.544867350203098,-2.0619529673517873,down,0.9635348920089171
s__Mammaliicoccus_sciuri,0.7636014837937904,2299.0,0.05605530090436448,-0.05605530090436448,-0.3208526685477726,0.03951437713476625,0.04935616619778507,down,0.9635348920089171
s__Streptococcus_mitis,0.682274983847722,2273.0,0.039755319049154136,-0.039755319049154136,0.0,-0.329818127407411,-0.25469116006567266,down,0.9635348920089171
s__Atopobium_sp_oral_taxon_416,0.35159269634203383,2595.0,0.33489560678537184,0.33489560678537184,0.0,-2.2147567314672014,-2.521780699015875,up,0.9635348920089171
s__Clostridium_sp_AM29_11AC,0.9201445835149341,2396.0,0.04159725253404902,0.04159725253404902,0.0,-1.2813254834030994,-1.3296501184267229,up,0.9742707354864009
s__Staphylococcus_gallinarum,0.7636014837937904,2299.0,0.056055301720349615,-0.056055301720349615,0.0,-0.4296665208547547,-0.41982473165927775,down,0.9635348920089171
s__Negativibacillus_massiliensis,0.01612657228246259,1795.0,0.4456237931772972,-0.4456237931772972,0.0,-1.0805517072167894,-0.29262205192414653,down,0.9635348920089171
s__Solobacterium_SGB6829,0.4933107407337587,2207.0,0.24706815973101204,-0.24706815973101204,0.0,-1.7186249572150878,-1.3373454095054707,down,0.9635348920089171
s__Mogibacterium_pumilum,0.8771725063597323,2334.0,0.06036921767892003,0.06036921767892003,0.0,-2.4332178738415786,-2.4479725447411593,up,0.9742707354864009
s__Eubacterium_infirmum,0.5957666702502111,2244.0,0.08429469839452099,-0.08429469839452099,0.0,-1.808815484433123,-1.7511493949321844,down,0.9635348920089171
s__GGB9253_SGB14198,0.910202559066044,2344.0,0.04653454713278028,0.04653454713278028,0.0,-2.0900124722689544,-2.1338623753589627,up,0.9742707354864009
s__Eubacterium_callanderi,0.5336819479672524,2222.0,0.03318638845306818,0.03318638845306818,0.0,-1.0070565181235105,-1.0348512569214217,up,0.9635348920089171
s__GGB9590_SGB15012,0.9633511789620104,2360.0,0.07855288502739693,0.07855288502739693,0.0,-2.888346558901152,-3.0079115937570355,up,0.9869442029105397
s__Gemella_morbillorum,0.9234614453568397,2348.0,0.012452459183007176,0.012452459183007176,0.0,-2.6590607200429788,-2.680327333131056,up,0.9752883632084991
s__Peptostreptococcus_stomatis,0.9533662144774582,2357.0,0.011165358517040442,-0.011165358517040442,0.0,-2.0323482536221253,-2.018297084681286,down,0.9869442029105397
s__Parabacteroides_faecis,0.9201445835149341,2396.0,0.16178529173823913,0.16178529173823913,0.0,-2.960782746778206,-3.335147770669279,up,0.9742707354864009
s__GGB2652_SGB3573,0.9533662144774582,2386.0,0.11118150983110922,0.11118150983110922,0.0,-3.7087573603453357,-3.8242725498312993,up,0.9869442029105397
s__GGB3616_SGB4888,0.6639808714034726,2267.0,0.01353832300840346,-0.01353832300840346,0.0,-1.7100233407887973,-1.6966904297663565,down,0.9635348920089171
s__GGB9773_SGB15393,0.5336819479672524,2222.0,0.08752685738454946,-0.08752685738454946,0.0,-2.6745630646804286,-2.657524855995437,down,0.9635348920089171
s__Olsenella_sp_oral_taxon_807,0.5391882118918248,2224.0,0.030017694112213125,-0.030017694112213125,0.0,-2.7359531339168623,-2.684430998780386,down,0.9635348920089171
s__GGB58067_SGB79698,0.5012519914080794,2210.0,0.24857777197218067,-0.24857777197218067,0.0,-3.5817434000461392,-3.496440659912838,down,0.9635348920089171
s__Eubacterium_saphenum,0.6279960232666452,2255.0,0.11969606696741274,-0.11969606696741274,0.0,-3.5796085394477264,-3.4692638002936285,down,0.9635348920089171
s__GGB1495_SGB2071,0.3895174079927234,2165.0,0.19567242886587607,-0.19567242886587607,-0.056091668427308936,3.5156202164433488,3.65499870908807,down,0.9635348920089171
s__GGB1505_SGB2085,0.7319548618400757,2289.0,0.11585215133438474,-0.11585215133438474,0.0,-0.42483503309892173,-0.3495986913674463,down,0.9635348920089171
s__Bacteroidales_unclassified_SGB2124,0.2830344970330887,2114.0,0.2945861622774895,-0.2945861622774895,-1.2963629912309242,0.09968136685037757,0.24482633431840606,down,0.9635348920089171
s__GGB4603_SGB6367,0.633935398910253,2257.0,0.01455432034567226,0.01455432034567226,0.03969185604341533,0.5936065785347321,0.5774977094809292,up,0.9635348920089171
s__Vescimonas_SGB15087,0.04865360225297004,1899.0,0.3151539773343567,-0.3151539773343567,-1.8578667339480466,0.12683539550816766,0.4597418958023429,down,0.9635348920089171
s__GGB51269_SGB5062,0.22735654791999438,2082.0,0.1935350820081598,-0.1935350820081598,0.0,-1.7992144997857653,-1.5257405379774314,down,0.9635348920089171
s__Desulfovibrio_desulfuricans,0.014540221784136872,1786.0,0.514571679910075,-0.514571679910075,0.0,-1.837743218211401,-1.3435417601285438,down,0.9635348920089171
s__GGB3491_SGB4665,0.16935405472131282,2042.0,0.3842510054268203,-0.3842510054268203,0.0,-0.24723378731954956,0.017433177187984355,down,0.9635348920089171
s__GGB1123_SGB1437,0.3826498180151897,2162.0,0.17598837498466258,-0.17598837498466258,-0.011069952966143146,4.009817941081079,4.0407040465926345,down,0.9635348920089171
s__Clostridiaceae_unclassified_SGB15090,0.8215389141821918,2426.0,0.08226446719052,0.08226446719052,0.035278380089338854,1.7275426341374773,1.685811156247669,up,0.9664549021543897
s__GGB3490_SGB4664,0.06129476277722644,1923.0,0.5432349941657819,-0.5432349941657819,-0.8140025238653044,0.43169124770663575,0.7589486973783753,down,0.9635348920089171
s__GGB32900_SGB53446,0.5502854538282537,2228.0,0.13277931184190336,-0.13277931184190336,-0.046624950846325446,1.4624746818814907,1.5105109055748975,down,0.9635348920089171
s__GGB28369_SGB40949,0.3826498180151897,2162.0,0.17598837497375797,-0.17598837497375797,-0.011827085328527866,3.752136157648704,3.7830222631580384,down,0.9635348920089171
s__GGB3496_SGB4671,0.3826498180151897,2162.0,0.17598837496721173,-0.17598837496721173,-0.012242719284786638,3.6242302594399236,3.6551163649479244,down,0.9635348920089171
s__Anaerotruncus_massiliensis,0.3895174079927234,2165.0,0.19157144760495448,-0.19157144760495448,0.0,-3.3863720108156405,-3.166238550553597,down,0.9635348920089171
s__GGB3730_SGB5060,0.12221438188458689,2001.0,0.40981436631141926,-0.40981436631141926,-0.34801425272695263,0.5612359273904717,0.7143453030295369,down,0.9635348920089171
s__GGB4604_SGB6370,0.2241561552329554,2080.0,0.2903185672011522,-0.2903185672011522,-0.3686233144498091,0.5577459240591321,0.7201170271840124,down,0.9635348920089171
s__GGB9667_SGB15164,0.43227524590333644,2183.0,0.2598107453198122,-0.2598107453198122,-0.3203230282187114,0.4435916437601208,0.5538730018035558,down,0.9635348920089171
s__GGB9529_SGB14929,0.20712902387626253,2069.0,0.3384238408046412,-0.3384238408046412,0.0,-1.8914148948863103,-1.626539744857551,down,0.9635348920089171
s__GGB1663_SGB2279,0.553077234767128,2229.0,0.10656382819770935,0.10656382819770935,0.05340478487477904,2.040821471649703,1.966656775685143,up,0.9635348920089171
s__Bittarella_massiliensis,0.5586815421456336,2231.0,0.02186105300542337,-0.02186105300542337,0.0,-2.6043464229664854,-2.5559834053343984,down,0.9635348920089171
s__Fournierella_massiliensis,0.1799642502842601,2050.0,0.24975141380872595,-0.24975141380872595,0.0,-1.4775949334377971,-1.3276653004455639,down,0.9635348920089171
s__Lawsonibacter_faecis,0.5813706134190317,2239.0,0.023916431643153813,-0.023916431643153813,0.0,-1.104679285918742,-1.084524472379604,down,0.9635348920089171
s__Eisenbergiella_tayi,0.10963221684022925,1988.0,0.23163568586145133,-0.23163568586145133,0.0,-1.6058782058324783,-1.0151257198058123,down,0.9635348920089171
s__Candidatus_Borkfalkia_ceftriaxoniphila,0.43227524590333644,2183.0,0.08140972199118075,-0.08140972199118075,0.0,-1.0223474853162908,-0.9853729725704204,down,0.9635348920089171
s__GGB9524_SGB14923,0.5699722381131727,2235.0,0.06837673979534149,-0.06837673979534149,0.0,-2.7305550523698505,-2.6526450940762256,down,0.9635348920089171
s__GGB9480_SGB14873,0.3826498180151897,2162.0,0.17598837458022593,-0.17598837458022593,-0.028779002240481032,1.5329326817708138,1.563818787199981,down,0.9635348920089171
s__GGB31234_SGB14869,0.760417987347328,2298.0,0.003755946566179345,-0.003755946566179345,0.0,-3.762738278182514,-3.759282691084189,down,0.9635348920089171
s__GGB3002_SGB3993,0.7131795761599218,2283.0,0.047715206738839056,-0.047715206738839056,-0.058330844323714645,0.3118282140162125,0.32469435716818296,down,0.9635348920089171
s__GGB3000_SGB3991,0.3624963265761021,2153.0,0.06930363924929206,-0.06930363924929206,-0.049546617538242584,0.6121319693849883,0.6335196350082701,down,0.9635348920089171
s__Clostridium_perfringens,0.6369139851174195,2258.0,0.18757313439499884,0.18757313439499884,0.0,-1.141987821860914,-1.4190946046765636,up,0.9635348920089171
s__GGB45495_SGB63167,0.2225680913897914,2079.0,0.09907557017846493,-0.09907557017846493,0.0,-2.382027452250886,-2.308490196397789,down,0.9635348920089171
s__Roseburia_sp_BX1005,0.7540632018414068,2296.0,0.0980753078547241,-0.0980753078547241,0.0,-2.36734015264453,-2.2504528005197715,down,0.9635348920089171
s__GGB3537_SGB4727,0.3304161846858422,2138.0,0.005874702236612235,0.005874702236612235,0.0,-1.3206565334385814,-1.3290165921369914,up,0.9635348920089171
s__GGB45613_SGB63326,0.6191320474510349,2491.0,0.10926116576951173,0.10926116576951173,0.0,-2.7312416775335784,-2.8294770678698855,up,0.9635348920089171
s__GGB34228_SGB72916,0.40112870127797395,2170.0,0.011888873339806783,0.011888873339806783,0.0,-1.9280477072832973,-1.9368568291399022,up,0.9635348920089171
s__Guopingia_tenuis,0.1232271722347583,2741.0,0.2933269633044286,0.2933269633044286,0.0,-2.884289406165418,-3.3672639671510556,up,0.9635348920089171
s__Cuneatibacter_sp_NSJ_177,0.14033789411122752,2018.0,0.19350570579427354,-0.19350570579427354,0.0,-3.0203349533018486,-2.6245017924841623,down,0.9635348920089171
s__GGB38744_SGB14842,0.27012811422075667,2107.0,0.3037117035486961,-0.3037117035486961,0.0,-3.806605067756759,-3.4377186936936304,down,0.9635348920089171
s__Streptococcus_cristatus,0.6609508617844958,2266.0,0.04005606955057646,-0.04005606955057646,0.0,-2.4024253817524728,-2.322335473312476,down,0.9635348920089171
s__Schaalia_SGB17158,0.4698968272451489,2198.0,0.029835823788250927,0.029835823788250927,0.0,-0.4682298499849453,-0.48618539892333906,up,0.9635348920089171
s__GGB3353_SGB4437,0.4985974065178759,2209.0,0.20491014196960014,-0.20491014196960014,0.0,-0.473370952166237,-0.4306304393595145,down,0.9635348920089171
s__GGB3603_SGB4866,0.3826498180151897,2162.0,0.17598837375859547,-0.17598837375859547,-0.08964156757445607,0.48179909874673194,0.5126852040085231,down,0.9635348920089171
s__Enterococcus_faecalis,0.9068915951679456,2343.0,0.26976969230677067,0.26976969230677067,0.0,-2.447272947106977,-3.064285574615296,up,0.9742707354864009
s__Streptococcus_infantarius,0.4153332454852956,2176.0,0.023482239727057975,0.023482239727057975,0.0,-0.0990288264796553,-0.10951777873030939,up,0.9635348920089171
s__Enterocloster_lavalensis,0.6639808714034726,2476.0,0.08375144408277004,0.08375144408277004,0.0,-2.385109935891437,-2.5844531715021946,up,0.9635348920089171
s__Intestinimonas_massiliensis,0.4105656995624295,2174.0,0.006746741785463035,-0.006746741785463035,0.0,-1.1723630850388955,-1.1626729559710847,down,0.9635348920089171
s__Romboutsia_hominis,0.3826498180151897,2162.0,0.17598837306141268,-0.17598837306141268,-0.7909598184306136,0.042296685341084224,0.07318279046085105,down,0.9635348920089171
s__GGB9064_SGB13983,0.3826498180151897,2162.0,0.17598837262143543,-0.17598837262143543,0.0,-0.16018600600475355,-0.1292999009746153,down,0.9635348920089171
s__GGB9781_SGB15402,0.7924269182782541,2435.0,0.11462998191197837,0.11462998191197837,0.0,-2.947503251672638,-3.1161051834834073,up,0.9635348920089171
s__Saccharomyces_cerevisiae,0.4776325266763798,2201.0,0.03185001654885626,-0.03185001654885626,0.0,-0.24971434786778934,-0.23252287082100367,down,0.9635348920089171
s__GGB6470_SGB9153,0.7827847230108824,2305.0,0.003976962086424612,-0.003976962086424612,0.0,-1.1396086540436348,-1.1385403631834996,down,0.9635348920089171
s__Comamonas_kerstersii,0.633935398910253,2257.0,0.10773668797974263,0.10773668797974263,0.0,-0.5002521703485275,-0.5473121995063533,up,0.9635348920089171
s__GGB9532_SGB14933,0.42739427811559205,2181.0,0.22519052996511105,-0.22519052996511105,0.0,-3.85228026238536,-3.5501296146106642,down,0.9635348920089171
s__GGB52002_SGB72669,0.3826498180151897,2162.0,0.1759883697620381,-0.1759883697620381,0.0,-0.9446612210556007,-0.9137751166079555,down,0.9635348920089171
s__Pseudoflavonifractor_gallinarum,0.05790372987627585,1917.0,0.2561983450638646,-0.2561983450638646,0.0,-2.7894940721133348,-2.279686229253393,down,0.9635348920089171
s__GGB9781_SGB66170,0.4521190283851557,2191.0,0.019925901734654125,-0.019925901734654125,0.0,-1.9343427504966337,-1.9185137105407204,down,0.9635348920089171
s__Diplocloster_agilis,0.9866690866593932,2376.0,0.03436199678618891,0.03436199678618891,0.0,-2.6389446766792326,-2.6717417278203617,up,0.996295126529241
s__Gordonibacter_urolithinfaciens,0.7731757818719381,2302.0,0.012181394194150819,0.012181394194150819,0.0,-1.7202399968736275,-1.7365136505696448,up,0.9635348920089171
s__Yeguia_hominis,0.29635240697945886,2121.0,0.11942000013208677,-0.11942000013208677,0.0,-3.322818962208414,-3.2145638715342115,down,0.9635348920089171
s__Clostridium_cuniculi,0.5871095011085609,2241.0,0.03501190101850037,0.03501190101850037,0.0,-3.474993215563706,-3.4842026334874414,up,0.9635348920089171
s__GGB4585_SGB6340,0.9002745759204331,2341.0,0.059594745610910584,-0.059594745610910584,-0.3387784133245185,0.37806843905080023,0.478137590330456,down,0.9742707354864009
s__Collinsella_sp_AF08_23,0.3324959089959547,2139.0,0.2657806780915399,-0.2657806780915399,-0.018691500882659938,4.104423748597849,4.1579464736705605,down,0.9635348920089171
s__Faecalibacillus_faecis,0.28869168613468865,2117.0,0.1684172692697035,-0.1684172692697035,0.0,-0.7473447352735093,-0.36665801293683487,down,0.9635348920089171
s__Enorma_massiliensis,0.592874483007928,2500.0,0.19808561852605971,0.19808561852605971,0.0,-2.3298066100230823,-2.674251926526529,up,0.9635348920089171
s__GGB3340_SGB4419,0.4225455661524572,2179.0,0.12408306910752454,-0.12408306910752454,-0.3166950052388151,0.3021893626407065,0.3763690204510292,down,0.9635348920089171
s__GGB3626_SGB4905,0.3140822675617376,2130.0,0.1400917394859387,-0.1400917394859387,0.0,-2.4777348887580444,-2.3554698231854037,down,0.9635348920089171
s__Catenibacterium_tridentinum,0.7827847230108824,2305.0,0.08187010535657316,0.08187010535657316,0.0,-0.8337488691533227,-0.9281801609322723,up,0.9635348920089171
s__Clostridia_bacterium_UC5_1_1E11,0.4225455661524572,2179.0,0.167206898962407,-0.167206898962407,-0.0657087224655939,1.0780057807385859,1.1282397227373362,down,0.9635348920089171
s__GGB4605_SGB6376,0.22098809812029896,2078.0,0.19934704056274324,-0.19934704056274324,0.0,-0.3092592614523209,-0.05410756609428289,down,0.9635348920089171
s__Clostridium_spiroforme,0.9035822484778409,2342.0,0.026969515752538857,0.026969515752538857,0.0,-1.7556750208528134,-1.8002306506652788,up,0.9742707354864009
s__Olsenella_sp_KGMB02461,0.3872199248226502,2164.0,0.2832585294455497,-0.2832585294455497,0.0,-0.4705676478207429,-0.34203332479252035,down,0.9635348920089171
s__TM7_phylum_sp_oral_taxon_350,0.41772923301414755,2177.0,0.07478040512922642,-0.07478040512922642,0.0,-2.4810468937797,-2.4205070711687386,down,0.9635348920089171
s__GGB3277_SGB4327,0.6639808714034726,2267.0,0.00838340326500094,0.00838340326500094,0.09333223189564957,0.343831643894704,0.3222923835210522,up,0.9635348920089171
s__Lachnoclostridium_phocaeense,0.4985974065178759,2209.0,0.17884615192727635,0.17884615192727635,0.0,-0.9106286508066412,-1.1259390681708905,up,0.9635348920089171
s__GGB74802_SGB47402,0.4880542446592311,2205.0,0.16818992877838523,-0.16818992877838523,0.0,-1.3338657562912863,-1.302979652353452,down,0.9635348920089171
s__Anaerosacchariphilus_sp_NSJ_68,0.25413555061316384,2098.0,0.1069876441372311,-0.1069876441372311,0.0,-3.7666703816653353,-3.5435513338623625,down,0.9635348920089171
s__Sellimonas_intestinalis,0.7319548618400757,2289.0,0.01565272567378745,0.01565272567378745,0.0,-1.8835305312963304,-1.9341377700396885,up,0.9635348920089171
s__GGB3511_SGB4688,0.42013334475084974,2178.0,0.012002661674210612,-0.012002661674210612,0.0,-3.531002550761227,-3.5153993429037196,down,0.9635348920089171
s__GGB4549_SGB6271,0.6976645958265567,2278.0,0.042677930398016345,0.042677930398016345,0.0,-1.3426063471513807,-1.3990127753951527,up,0.9635348920089171
s__Phocaeicola_coprophilus,0.9135150831631654,2345.0,0.07599926900065583,0.07599926900065583,0.04584523393971643,2.0277615882297177,1.9643374720674227,up,0.9742707354864009
s__GGB3175_SGB4191,0.5643132967775745,2233.0,0.002226810589689,-0.002226810589689,0.0,-1.6510135390955898,-1.6454123778234364,down,0.9635348920089171
s__Phocaeicola_faecicola,0.7827847230108824,2305.0,0.007505917532156546,0.007505917532156546,0.0018038698432491001,2.3953216573268037,2.392328544974559,up,0.9635348920089171
s__GGB33665_SGB47358,0.940064576558677,2390.0,0.1561119507446156,0.1561119507446156,0.0,-0.21835970991458192,-0.3020417033128356,up,0.9815554468985934
s__Phascolarctobacterium_sp_ET69,0.7731757818719381,2441.0,0.27829653147029454,0.27829653147029454,0.0,-0.8190518333820717,-1.2151481861762283,up,0.9635348920089171
s__GGB4706_SGB6513,0.760417987347328,2298.0,0.055279728094956064,-0.055279728094956064,-0.0031973394146529526,4.435866876172334,4.44570866501683,down,0.9635348920089171
s__GGB4588_SGB6347,0.4673337292145693,2546.0,0.21220415030341638,0.21220415030341638,0.137914952233877,1.6402466492871164,1.4907081360277727,up,0.9635348920089171
s__GGB1096_SGB1408,0.7956481309005246,2309.0,0.02624343170555736,0.02624343170555736,0.002467825572762815,4.132368659841852,4.125306011403109,up,0.9635348920089171
s__Butyricimonas_faecalis,0.7288141248786871,2455.0,0.21621039580761386,0.21621039580761386,0.06902040933481723,1.703178417521924,1.6236145388835985,up,0.9635348920089171
s__Bifidobacterium_bifidum,0.6398984499572301,2259.0,0.07204439361881894,-0.07204439361881894,0.0,-0.19471775843967487,-0.06641558571976076,down,0.9635348920089171
s__Parasutterella_secunda,0.7477250267908757,2294.0,0.084404098021014,-0.084404098021014,-0.2792515907706119,0.3552303069778735,0.43109512956040197,down,0.9635348920089171
s__GGB4596_SGB6358,0.13699754899906447,2015.0,0.3917690887047985,-0.3917690887047985,0.0,-0.7109743137135366,-0.14535264054720598,down,0.9635348920089171
s__GGB9290_SGB14247,0.7795779788188588,2439.0,0.20301537812859397,0.20301537812859397,0.3020880314640224,0.5018747205101182,0.4070593754867988,up,0.9635348920089171
s__Lawsonibacter_hominis,0.31207852327810226,2614.0,0.36725035476877327,0.36725035476877327,0.0,-0.9778705859857708,-1.4295078750000947,up,0.9635348920089171
s__GGB33512_SGB15203,0.5173354177706786,2216.0,0.048282893358508425,-0.048282893358508425,0.0,-0.9826591304435298,-0.9595594342392006,down,0.9635348920089171
s__GGB9198_SGB14137,0.6309627316255308,2487.0,0.21601449170721387,0.21601449170721387,0.0,-1.62814737497684,-1.7424030972689826,up,0.9635348920089171
s__GGB4604_SGB6369,0.48282811088822,2203.0,0.2045019748775977,-0.2045019748775977,-0.06115158637537972,1.586670425054728,1.6553704125024613,down,0.9635348920089171
s__Faecalitalea_cylindroides,0.8443549771835649,2419.0,0.13658900019762982,0.13658900019762982,0.0,-3.3934895496287365,-3.563767372255695,up,0.9680468644581743
s__GGB39037_SGB4393,0.6853426035606958,2274.0,0.011146430711984562,-0.011146430711984562,-0.010772241396330633,0.5945091866078042,0.5989648512983262,down,0.9635348920089171
s__GGB3352_SGB4436,0.6132532452402786,2250.0,0.03988380455978477,-0.03988380455978477,-0.05087605789421875,0.297206826654743,0.30787469893781694,down,0.9635348920089171
s__Longicatena_caecimuris,0.6518942799096743,2480.0,0.21295360473805178,0.21295360473805178,0.0,-0.5808091753413295,-0.8822201655877506,up,0.9635348920089171
s__GGB33512_SGB15201,0.9633511789620104,2360.0,0.22763117408035213,0.22763117408035213,0.0,-2.2405690305129116,-2.4856746967854413,up,0.9869442029105397
s__GGB9302_SGB14263,0.1667763164682755,2040.0,0.29528633759413664,-0.29528633759413664,0.0,-2.3229415816479833,-1.840038351884226,down,0.9635348920089171
s__GGB45620_SGB63333,0.8673023849719943,2331.0,0.20084620481631502,0.20084620481631502,0.0,-2.312671579456837,-2.4343814284556684,up,0.9730709685051644
s__GGB4583_SGB6334,0.9135150831631654,2345.0,0.0920054403020934,0.0920054403020934,0.13039552527398326,0.3790084313570921,0.34625488318326675,up,0.9742707354864009
s__GGB9061_SGB13979,0.34515131578674096,2145.0,0.2911612358067479,-0.2911612358067479,0.0,-1.6909253982442158,-1.4996854173606657,down,0.9635348920089171
s__GGB45432_SGB63101,0.15073516721048352,2716.0,0.3486461373237447,0.3486461373237447,0.0,-0.17521440821522602,-0.49803089248195287,up,0.9635348920089171
s__Weissella_confusa,0.44961074669193124,2190.0,0.08989245013976958,-0.08989245013976958,0.0,-1.3987498382768162,-1.2659708477565872,down,0.9635348920089171
s__Angelakisella_massiliensis,0.760417987347328,2298.0,0.05527973117553274,-0.05527973117553274,0.0,-0.7807181797194124,-0.7708763903751802,down,0.9635348920089171
s__Sutterella_SGB9293,0.5012519914080794,2210.0,0.21533607842145336,-0.21533607842145336,0.0,-0.8433892806701424,-0.7949378168052289,down,0.9635348920089171
s__Weissella_cibaria,0.8118054397390899,2314.0,0.15777057415697315,0.15777057415697315,0.0,-2.8522264009322065,-3.139565045673704,up,0.9664549021543897
s__GGB9619_SGB15067,0.4347277858351569,2184.0,0.20786621529072333,-0.20786621529072333,0.0,-1.18119229052831,-1.0454378642984814,down,0.9635348920089171
s__Slackia_equolifaciens,0.3941371825614728,2167.0,0.05670642328855085,-0.05670642328855085,0.0,-3.6391756962828463,-3.563433521043846,down,0.9635348920089171
s__GGB9062_SGB13981,0.7699804318123871,2442.0,0.12254261954757603,0.12254261954757603,0.0,-1.9079207124401407,-1.9790297584513554,up,0.9635348920089171
s__Olsenella_timonensis,0.6884154196466701,2275.0,0.10503973580260019,-0.10503973580260019,0.0,-1.7412137791484312,-1.6959360081590789,down,0.9635348920089171
s__GGB9611_SGB15045,0.9633511789620104,2360.0,0.16080905826293934,0.16080905826293934,0.0,-3.205922420963735,-3.303637978328859,up,0.9869442029105397
s__GGB4644_SGB6428,0.6398984499572301,2484.0,0.2434500053164916,0.2434500053164916,0.0,-0.09678860784644588,-0.33775978378838645,up,0.9635348920089171
s__GGB6613_SGB9347,0.33458406922822426,2140.0,0.12513633535806698,-0.12513633535806698,0.0,-0.38947358649783254,-0.2571687957445053,down,0.9635348920089171
s__GGB4676_SGB6465,0.9267796385782083,2349.0,0.03967283355796804,0.03967283355796804,0.14096275291380325,0.36642796705022473,0.33231855916284037,up,0.9756815521204787
s__GGB4567_SGB6307,0.760417987347328,2298.0,0.055501915589617895,-0.055501915589617895,-0.002897574211168219,4.895283102497722,4.905124891341214,down,0.9635348920089171
s__Sutterella_sp_AM11_39,0.2593915222665606,2101.0,0.12539626453558045,-0.12539626453558045,0.0,-1.1224470758527771,-0.9695167480921743,down,0.9635348920089171
s__GGB9345_SGB14311,0.29828864825799517,2122.0,0.0681081110395584,-0.0681081110395584,0.0,-2.2394743700408553,-2.08155582572618,down,0.9635348920089171
s__GGB9249_SGB14193,0.6609508617844958,2477.0,0.23282315409554316,0.23282315409554316,0.1550176503162555,1.0622810634003022,0.9540573398778015,up,0.9635348920089171
s__GGB9199_SGB14138,0.49595031465751294,2208.0,0.018351475327930994,0.018351475327930994,0.006885260922864575,1.2194816583207264,1.213675548933274,up,0.9635348920089171
s__GGB4584_SGB6338,0.6309627316255308,2487.0,0.22895558292452436,0.22895558292452436,0.0,-0.30564460714600156,-0.45327266348908096,up,0.9635348920089171
s__GGB3126_SGB4139,0.760417987347328,2298.0,0.05550191561597662,-0.05550191561597662,-0.0038875588512396445,3.6474247288935966,3.657266517741365,down,0.9635348920089171
s__Victivallis_lenta,0.6914933872014473,2276.0,0.09588676455493209,0.09588676455493209,0.0,-2.206472641427771,-2.2877569292895346,up,0.9635348920089171
s__GGB4682_SGB6472,0.7162971087026041,2284.0,0.12548573357738393,0.12548573357738393,0.1543099185104021,1.0540311457432718,0.9471124161132629,up,0.9635348920089171
s__Frisingicoccus_caecimuris,0.45715924328515734,2193.0,0.14078157939356709,-0.14078157939356709,0.0,-1.3176557225495067,-1.1282266929046885,down,0.9635348920089171
s__GGB9715_SGB15267,0.7795779788188588,2304.0,0.06721640569742564,-0.06721640569742564,0.0,-0.6553716206719121,-0.5378534533711513,down,0.9635348920089171
s__GGB10692_SGB17347,0.9267796385782083,2394.0,0.15935143753631034,0.15935143753631034,0.0,-2.709072426676567,-2.8046472743943083,up,0.9756815521204787
s__GGB2970_SGB3952,0.7763749812910754,2440.0,0.20152735423336077,0.20152735423336077,0.0,-0.9830936528914759,-1.0934272529034748,up,0.9635348920089171
s__Jutongia_huaianensis,0.05735400600610837,1916.0,0.3749968034402532,-0.3749968034402532,0.0,-0.04802183689094682,0.4186491308348893,down,0.9635348920089171
s__GGB9708_SGB15233,1.0,2372.0,0.09317640156273656,0.09317640156273656,0.0,-0.0828615513578591,-0.22372374688439753,up,1.0
s__GGB9453_SGB14845,0.6945764610656292,2466.0,0.1612639695607694,0.1612639695607694,0.0,-1.163988387774827,-1.2830777422488497,up,0.9635348920089171
s__GGB9293_SGB14250,0.9500394413259129,2387.0,0.18004299108781924,0.18004299108781924,0.0,-0.09313266944200699,-0.2763395012596728,up,0.9869442029105397
s__Cloacibacillus_evryensis,0.4446179292487903,2188.0,0.016023408742660897,0.016023408742660897,0.0,-3.0469709614804987,-3.0705460249306586,up,0.9635348920089171
s__GGB3189_SGB4212,0.9267796385782083,2394.0,0.12911886512467408,0.12911886512467408,0.06620774147850993,0.9304194345089861,0.8886858335613267,up,0.9756815521204787
s__GGB2996_SGB3983,0.633935398910253,2257.0,0.08479482153242444,-0.08479482153242444,0.0,-2.686999923434296,-2.6192569906074104,down,0.9635348920089171
s__GGB58485_SGB80143,0.9600221411919261,2359.0,0.049631228329851694,0.049631228329851694,0.0,-2.6345198761493607,-2.7054127781712447,up,0.9869442029105397
s__GGB42378_SGB59548,0.4622308637195627,2195.0,0.008660934876617678,0.008660934876617678,0.0,-1.017549310354565,-1.0204376415134093,up,0.9635348920089171
s__GGB9296_SGB14253,0.4698968272451489,2198.0,0.03225339256556055,-0.03225339256556055,0.0,-2.0654882404588397,-2.03083557169375,down,0.9635348920089171
s__GGB9186_SGB14125,0.682274983847722,2470.0,0.26549906673690804,0.26549906673690804,0.0,-0.14314709654800192,-0.2967745738588853,up,0.9635348920089171
s__GGB38239_SGB47716,0.8508988004894168,2417.0,0.09581348758992995,0.09581348758992995,0.0,0.042670657108676936,-0.03196810927369038,up,0.9703029099491263
s__Monoglobus_pectinilyticus,0.3941371825614728,2167.0,0.08993649171540875,-0.08993649171540875,-0.2511760579794096,0.368027903327465,0.43801831999152896,down,0.9635348920089171
s__GGB2987_SGB3969,0.8574529080473072,2415.0,0.2098459390110043,0.2098459390110043,0.0,-3.2498458859141532,-3.5503380677630707,up,0.9703029099491263
s__GGB9240_SGB14182,0.544722794714922,2226.0,0.1643041055226473,-0.1643041055226473,0.0,-1.0883575610322522,-0.9958117535508222,down,0.9635348920089171
s__GGB9787_SGB15410,0.06920789565028386,1936.0,0.2495937970628138,-0.2495937970628138,0.0,-0.24718697406224563,-0.1006031890849913,down,0.9635348920089171
s__GGB9788_SGB15411,0.27560914553857696,2110.0,0.06933713813471373,-0.06933713813471373,0.0,-3.4190956776585857,-3.338566683182965,down,0.9635348920089171
s__GGB9522_SGB14921,0.07723921448216756,1948.0,0.2789326952009493,-0.2789326952009493,0.0,-1.2839194015341153,-1.0782687515297755,down,0.9635348920089171
s__GGB51884_SGB49168,0.71006682683083,2282.0,0.02576654349031435,0.02576654349031435,0.0,-1.5164070994726226,-1.5457463521097843,up,0.9635348920089171
s__GGB3287_SGB4341,0.760417987347328,2298.0,0.05550191697134923,-0.05550191697134923,-0.6094101092962407,0.018723608325587865,0.02856539739325475,down,0.9635348920089171
s__GGB9770_SGB15389,0.15554045223560736,2031.0,0.42969906713565204,-0.42969906713565204,0.0,-0.10926403433327271,0.0356302030421087,down,0.9635348920089171
s__GGB45491_SGB63163,0.7827847230108824,2438.0,0.21070141717790833,0.21070141717790833,0.0,-1.5063717135887955,-1.6328983246767843,up,0.9635348920089171
s__GGB9818_SGB15459,0.5785110427843865,2238.0,0.11306835689425838,-0.11306835689425838,0.0,-2.0849410366966388,-2.0257089734499862,down,0.9635348920089171
s__Eubacteriales_bacterium,0.8410870596635687,2323.0,0.11234322686664082,0.11234322686664082,0.0,-1.5629139262458582,-1.6446847710076185,up,0.9680468644581743
s__Acinetobacter_sp_A3_8,0.760417987347328,2298.0,0.05550191873498389,-0.05550191873498389,0.0,-0.7995866622532147,-0.7897448728994118,down,0.9635348920089171
s__GGB9301_SGB14262,0.741403859972898,2451.0,0.20914886245055692,0.20914886245055692,0.0,-1.195065404749769,-1.3228255656646397,up,0.9635348920089171
s__Pseudoflavonifractor_sp_AF19_9AC,0.6792126051548262,2471.0,0.21675745970234964,0.21675745970234964,0.0,-2.5701050790526443,-2.671115971055439,up,0.9635348920089171
s__Clostridium_sp_AF12_28,0.9533662144774582,2386.0,0.08630912283605012,-0.08630912283605012,0.0,-3.107093646627905,-3.021590626639991,down,0.9869442029105397
s__Kluyvera_cryocrescens,0.7256779331351564,2287.0,0.056567998067486316,-0.056567998067486316,0.0,-3.302127228195134,-3.2554107116543793,down,0.9635348920089171
s__GGB9453_SGB14844,0.9633511789620104,2383.0,0.18171748102814894,0.18171748102814894,0.0,-3.323508986147453,-3.461749068442535,up,0.9869442029105397
s__Tyzzerella_nexilis,0.5785110427843865,2238.0,0.008785514037359644,0.008785514037359644,0.0,-0.49241777926377656,-0.5213292879296331,up,0.9635348920089171
s__GGB6574_SGB9290,0.966680855749333,2382.0,0.2548791036689035,0.2548791036689035,0.22961764559808556,1.326559283665466,1.1313705362515958,up,0.9869442029105397
s__GGB1331_SGB1788,0.5699722381131727,2235.0,0.015282357002496303,0.015282357002496303,0.0,-0.29235113411972047,-0.29998176936980814,up,0.9635348920089171
s__GGB4257_SGB5789,0.5728118209881186,2236.0,0.05068733356775596,0.05068733356775596,0.0,-0.6477416540365538,-0.7007875140844296,up,0.9635348920089171
s__Eubacteriales_unclassified_SGB15148,0.7859951622317407,2306.0,0.1268036289837874,0.1268036289837874,0.0,-1.8518884362642327,-1.9757956904817164,up,0.9635348920089171
s__Fusobacterium_nucleatum,0.39645945245965497,2168.0,0.17627446611038736,0.17627446611038736,0.0,-1.7862722134966194,-1.9483693612151394,up,0.9635348920089171
s__GGB3818_SGB5183,0.5200417286139674,2217.0,0.008057072503335457,0.008057072503335457,0.0,-0.03933823796628974,-0.048877808062399046,up,0.9635348920089171
s__Streptococcus_sobrinus,0.7636014837937904,2444.0,0.11927284214480122,0.11927284214480122,0.0,-2.549796579954338,-2.8458826941772744,up,0.9635348920089171
s__Peptoniphilus_grossensis,0.6914933872014473,2276.0,0.0773698848196224,0.0773698848196224,0.0,-2.696698327991455,-2.737333647688304,up,0.9635348920089171
s__Peptostreptococcus_anaerobius,0.6279960232666452,2255.0,0.16283079775643491,-0.16283079775643491,0.0,-0.04861996082831526,-0.010399437763096256,down,0.9635348920089171
s__Finegoldia_magna,0.6309627316255308,2256.0,0.15903231216135033,-0.15903231216135033,0.0,-1.2904429634597105,-1.2364073989578512,down,0.9635348920089171
s__GGB4386_SGB6036,0.40112870127797395,2170.0,0.29567056139317593,-0.29567056139317593,-0.729164346663833,0.5275158551196022,0.8744517626804487,down,0.9635348920089171
s__GGB1339_SGB1796,0.6458848529528223,2261.0,0.05227057970234681,-0.05227057970234681,-0.0032256372604622437,4.396908799371924,4.406750588216528,down,0.9635348920089171
s__Intestinibacillus_massiliensis,0.9300991057930379,2393.0,0.16459165129930936,0.16459165129930936,0.0,-1.5714412199636554,-1.6709441503153564,up,0.9773122583713647
s__Bacteroides_sp_OF04_15BH,0.6458848529528223,2261.0,0.052270579717293375,-0.052270579717293375,-0.0037538411631822016,3.777526832200507,3.787368621047543,down,0.9635348920089171
s__Enterococcus_hirae,0.7508920130684245,2295.0,0.07299076689234095,0.07299076689234095,0.008727928140073166,3.7396854577635916,3.7171296348280687,up,0.9635348920089171
s__Clostridium_sp_D5,0.37137000587547175,2157.0,0.1587469351303768,-0.1587469351303768,0.0,-3.3669771458862408,-3.141392413150088,down,0.9635348920089171
s__Paraeggerthella_hongkongensis,0.9433885646021108,2354.0,0.2396082617287648,0.2396082617287648,1.069000232739172,0.41953971489475494,0.19997326768969914,up,0.9837855560334354
s__bacterium_210917_SL_2_15,0.8215389141821918,2317.0,0.13038428249773046,0.13038428249773046,0.0,-0.6901397826652989,-0.7432248615935225,up,0.9664549021543897
s__Blautia_hydrogenotrophica,0.506583538989541,2212.0,0.05804750432792306,0.05804750432792306,0.0,-2.3928055895562306,-2.4891627076774387,up,0.9635348920089171
s__Cuneatibacter_caecimuris,0.6161895690485215,2251.0,0.13375753642087113,0.13375753642087113,0.0,-4.636272373751258,-4.736962065579554,up,0.9635348920089171
s__Butyricicoccus_faecihominis,0.37585695079411907,2159.0,0.2796100588726749,-0.2796100588726749,0.0,-0.48394148472533693,-0.3398627054619706,down,0.9635348920089171
s__GGB58158_SGB79798,0.27012811422075667,2107.0,0.15997031637992923,-0.15997031637992923,0.0,-2.3867197328776952,-2.2932740902442488,down,0.9635348920089171
s__Kluyvera_georgiana,0.870590205972356,2411.0,0.24534198993293646,0.24534198993293646,0.0,-1.0001526889380654,-1.2095986687702405,up,0.9734621074208114
s__Bilophila_SGB15451,0.973341894401155,2363.0,0.14986228234651816,0.14986228234651816,0.0,-1.2107170991972618,-1.2616550229820755,up,0.9906909509086126
s__Abiotrophia_defectiva,0.4647784010736252,2196.0,0.16549009205010484,-0.16549009205010484,0.0,-2.5283956974811197,-2.350701636321029,down,0.9635348920089171
s__Ruminococcus_bovis,0.27194675763143294,2108.0,0.06554912261999683,-0.06554912261999683,-0.09377324249534318,1.5919181591851597,1.698827550927593,down,0.9635348920089171
s__Coprococcus_SGB5116,0.43965689506048056,2186.0,0.17124845749604145,-0.17124845749604145,-0.010502858885644003,4.22715684692863,4.258042952441661,down,0.9635348920089171
s__GGB9354_SGB14327,0.7007577458202716,2279.0,0.028762011666168433,-0.028762011666168433,-0.002328835633145224,3.7484423084946688,3.754498027311878,down,0.9635348920089171
s__GGB36331_SGB15121,0.03245991231726241,1859.0,0.3414014015099621,-0.3414014015099621,-0.173997217055348,1.9384774180339093,2.1869513782767442,down,0.9635348920089171
s__GGB6572_SGB9284,0.43965689506048056,2186.0,0.17124845744661718,-0.17124845744661718,-0.013889760663029608,3.1926450136699454,3.2235311191719505,down,0.9635348920089171
s__Collinsella_SGB14747,0.4985974065178759,2209.0,0.06737601993928545,-0.06737601993928545,-0.007101178019904946,3.013942406545112,3.028814088275893,down,0.9635348920089171
s__GGB9423_SGB14792,0.11149842026246053,1990.0,0.44703329538027503,-0.44703329538027503,0.0,-3.851560390194587,-3.4909532998587474,down,0.9635348920089171
s__Collinsella_SGB53890,0.43965689506048056,2186.0,0.17124845733188754,-0.17124845733188754,-0.019429909910780082,2.27792345916817,2.3088095646445814,down,0.9635348920089171
s__GGB1385_SGB1890,0.5643132967775745,2233.0,0.12915546800708458,-0.12915546800708458,-0.02078986727319321,1.6087271411580382,1.6320774436639505,down,0.9635348920089171
s__Schaalia_SGB17153,0.9833367944330922,2366.0,0.06864039763120598,-0.06864039763120598,0.0,-0.7804833002021626,-0.7035218232238176,down,0.9941426932730163
s__GGB4964_SGB6927,0.4153332454852956,2176.0,0.2652794149520956,-0.2652794149520956,0.0,-2.3714151588908616,-2.1286602207056937,down,0.9635348920089171
s__GGB6648_SGB9389,0.6518942799096743,2263.0,0.02011950501909527,-0.02011950501909527,0.0,-0.6132588941537455,-0.6036807905803188,down,0.9635348920089171
s__GGB9635_SGB15103,0.8053324781427499,2312.0,0.19187131300825908,0.19187131300825908,0.0,0.09644329413229827,-0.108532049595751,up,0.9663989737712998
s__GGB9712_SGB15244,0.43965689506048056,2186.0,0.04637296583921795,-0.04637296583921795,-0.9618478940942766,0.07413517159337193,0.1444007219345591,down,0.9635348920089171
s__Limosilactobacillus_oris,0.5146364163271635,2528.0,0.1090593911345517,0.1090593911345517,0.0,-2.973039198434266,-3.177020271960883,up,0.9635348920089171
s__Oribacterium_sinus,0.1232271722347583,2002.0,0.18106593222711256,-0.18106593222711256,0.0,-1.8380755782391254,-1.691259114905588,down,0.9635348920089171
s__Actinomyces_sp_oral_taxon_448,0.8378218779789235,2322.0,0.04499276206489888,-0.04499276206489888,0.0,-1.0902198115467647,-1.0155195736882014,down,0.9680468644581743
s__Scardovia_wiggsiae,0.5671393855898632,2509.0,0.1862953163521258,0.1862953163521258,0.0,-1.8061557483715178,-2.1849321715101775,up,0.9635348920089171
s__Intestinibacillus_sp_Marseille_P6563,0.3140822675617376,2130.0,0.13218485127460086,-0.13218485127460086,0.0,-4.524354341721012,-4.363231243904565,down,0.9635348920089171
s__GGB9370_SGB14351,0.43965689506048056,2186.0,0.17124845435015915,-0.17124845435015915,0.0,-0.5301299047971312,-0.4992437999858837,down,0.9635348920089171
s__GGB3510_SGB4687,0.2629370512510705,2103.0,0.19356184243436064,-0.19356184243436064,0.0,-1.3266493076802126,-1.0681650000360483,down,0.9635348920089171
s__GGB1661_SGB2275,0.2388140405963899,2089.0,0.1727176083338762,-0.1727176083338762,0.0,-3.682414456118857,-3.550543752875057,down,0.9635348920089171
s__GGB1689_SGB2321,0.9168291103690169,2346.0,0.07974455823234004,0.07974455823234004,0.009265305936839127,3.7500801144721465,3.726073442966429,up,0.9742707354864009
s__GGB13017_SGB20189,0.760417987347328,2298.0,0.05517359576677402,-0.05517359576677402,-0.0024354577747498687,5.825072741938754,5.834914530781203,down,0.9635348920089171
s__GGB1526_SGB2108,0.6132532452402786,2250.0,0.06534051174233488,0.06534051174233488,0.11000919101233649,0.4632579350983115,0.4292465376180264,up,0.9635348920089171
s__Prevotella_marseillensis,0.7892092446575114,2307.0,0.01818277851231767,-0.01818277851231767,-0.0012581767736980572,4.717028086354558,4.721143608805192,down,0.9635348920089171
s__GGB3343_SGB4423,0.6279960232666452,2488.0,0.24435561063210687,0.24435561063210687,0.0,-0.65642952182171,-0.8435475736279712,up,0.9635348920089171
s__GGB1543_SGB2126,0.6279960232666452,2255.0,0.007008747861087955,0.007008747861087955,0.0009961294930274903,2.6571306610183036,2.655296640260573,up,0.9635348920089171
s__GGB1548_SGB2132,0.760417987347328,2298.0,0.05517359578618298,-0.05517359578618298,-0.0034615303640289775,4.096937324200162,4.106779113045761,down,0.9635348920089171
s__GGB4554_SGB6285,0.9467135387712392,2355.0,0.1218288274088566,0.1218288274088566,0.018779491539951596,3.2381135594942214,3.1962363401492375,up,0.9866316049120025
s__Ligilactobacillus_ruminis,0.5813706134190317,2239.0,0.09723450167436486,-0.09723450167436486,-0.020722065510451162,3.1120008783984354,3.1570224788226344,down,0.9635348920089171
s__Baileyella_intestinalis,0.544722794714922,2226.0,0.051934224531531,-0.051934224531531,-0.007317661611942117,2.835817241053412,2.8502376609251856,down,0.9635348920089171
s__Kineothrix_SGB4886,0.9168291103690169,2346.0,0.09770650652528667,0.09770650652528667,0.0,-0.5503638390025336,-0.6135389095071969,up,0.9742707354864009
s__GGB3328_SGB4406,0.5671393855898632,2234.0,0.1206206464781221,-0.1206206464781221,-0.06771502902888846,0.9019887822745536,0.9453342464799994,down,0.9635348920089171
s__GGB9608_SGB15041,0.2289689028650751,2083.0,0.26046309091193404,-0.26046309091193404,-0.27513673735171634,0.5908656208471542,0.7150116737064867,down,0.9635348920089171
s__GGB9690_SGB15196,0.8738802650755434,2333.0,0.18413149059063225,0.18413149059063225,0.0,-0.8737633204082268,-1.106401939702504,up,0.9742707354864009
s__GGB4704_SGB6511,0.7069589076056451,2281.0,0.017752395377897887,0.017752395377897887,0.002877288313011429,2.3102331380497403,2.3056302368944235,up,0.9635348920089171
s__GGB13147_SGB19694,0.760417987347328,2298.0,0.05517359595494336,-0.05517359595494336,-0.007088037491832864,1.9982751351637609,2.0081169240367345,down,0.9635348920089171
s__GGB24147_SGB35951,0.7540632018414068,2296.0,0.029121050769172815,-0.029121050769172815,-0.009642878824745748,0.9479946219522452,0.9543521787708704,down,0.9635348920089171
s__GGB3289_SGB4343,0.7194193773294597,2285.0,0.03388860161355856,0.03388860161355856,0.0,-0.839302306042891,-0.864185496881016,up,0.9635348920089171
s__GGB9258_SGB14205,0.7319548618400757,2289.0,0.03877043381028052,0.03877043381028052,0.0,-0.5189706737888797,-0.5399769609661339,up,0.9635348920089171
s__GGB9767_SGB15385,0.5419519784828528,2225.0,0.1633395522613829,-0.1633395522613829,-0.07452186057257927,1.783349864453664,1.8778887857740798,down,0.9635348920089171
s__Butyricicoccus_intestinisimiae,0.7892092446575114,2307.0,0.058478212940896605,-0.058478212940896605,0.0,-0.7054929933597078,-0.6454112758860449,down,0.9635348920089171
s__GGB4591_SGB6350,0.8607336803836151,2414.0,0.17741265598997422,0.17741265598997422,0.11965865132288876,0.9808806762945669,0.9028078685355879,up,0.9703029099491263
s__GGB9786_SGB15409,0.3283448983590216,2137.0,0.1098031819218841,-0.1098031819218841,-0.039878699284382556,1.4475974660047108,1.4881698407687654,down,0.9635348920089171
s__GGB9783_SGB15405,0.9168291103690169,2346.0,0.04535837331167183,0.04535837331167183,0.010985344686672564,1.3120718844833392,1.30211910529868,up,0.9742707354864009
s__Alistipes_SGB2300,0.9966671262860999,2370.0,0.09108130286848502,0.09108130286848502,0.20998463235418563,0.41001326854435227,0.3544755118541739,up,0.999080363880013
s__GGB6649_SGB9391,0.6700573577708726,2474.0,0.3154731457752248,0.3154731457752248,0.0,-3.1943714118686315,-3.5583104968285695,up,0.9635348920089171
s__GGB9737_SGB15309,0.676155511870068,2271.0,0.06842724003731045,-0.06842724003731045,0.0,-0.8968899125262172,-0.8603086572680528,down,0.9635348920089171
s__GGB4605_SGB6378,0.682274983847722,2273.0,0.0899844264524307,-0.0899844264524307,-0.04615082899840804,0.8637332260609559,0.8918101485635628,down,0.9635348920089171
s__GGB9527_SGB14927,0.4985974065178759,2209.0,0.06510594145378291,0.06510594145378291,0.0,-2.7731532714855542,-2.839308699487497,up,0.9635348920089171
s__GGB2983_SGB3965,0.07723921448216756,1948.0,0.3293624735561054,-0.3293624735561054,0.0,-1.4461239909549954,-1.1872285922026635,down,0.9635348920089171
s__Mitsuokella_multacida,0.7988728301499053,2310.0,0.0672786058245443,0.0672786058245443,0.061866439160127074,0.4875570956128054,0.46709135284577197,up,0.9635348920089171
s__Collinsella_bouchesdurhonensis,0.6044815824352852,2247.0,0.011600854890607519,-0.011600854890607519,-0.01855638873813784,0.3383228687518369,0.3427025881441096,down,0.9635348920089171
s__Fenollaria_timonensis,0.9002745759204331,2341.0,0.10971485161521477,0.10971485161521477,0.0,-1.1754964063125126,-1.2248245865259073,up,0.9742707354864009
s__GGB4723_SGB6540,0.9367416323295551,2391.0,0.13812700855394203,0.13812700855394203,0.0,-0.08733813317502545,-0.14040036048470747,up,0.979320797435444
s__GGB9094_SGB14025,0.760417987347328,2298.0,0.05517359756876425,-0.05517359756876425,0.0,-0.24133238543924834,-0.23149059630448954,down,0.9635348920089171
s__Parabacteroides_chinchillae,0.9035822484778409,2342.0,0.03232576065917334,0.03232576065917334,0.0,-0.33091269635168286,-0.33775978378838645,up,0.9742707354864009
s__GGB2998_SGB3989,0.42013334475084974,2178.0,0.15697474176828238,-0.15697474176828238,0.0,-0.3205501695039298,-0.24504920063191582,down,0.9635348920089171
s__GGB3588_SGB4808,0.7924269182782541,2308.0,0.0355170585759579,-0.0355170585759579,0.0,-0.9461790800917794,-0.9138246261325317,down,0.9635348920089171
s__Bacteroides_sp_AF16_49,0.235499674299389,2087.0,0.2099022675585388,-0.2099022675585388,0.0,-0.49481894969408574,-0.33963858729707896,down,0.9635348920089171
s__Prevotella_buccalis,0.8870617623982282,2406.0,0.2451591212268422,0.2451591212268422,0.0,-1.8520586778564196,-1.9779691029953483,up,0.9742707354864009
s__GGB1549_SGB2133,0.2388140405963899,2089.0,0.18820044152699109,-0.18820044152699109,0.0,-0.7271290502658444,-0.5624047134938716,down,0.9635348920089171
s__Megasphaera_hominis,0.41294539637506356,2175.0,0.10830189229582877,-0.10830189229582877,0.0,-1.3113984487564914,-1.202262715324732,down,0.9635348920089171
s__Scardovia_inopinata,0.506583538989541,2531.0,0.29258873916295236,0.29258873916295236,0.0,-2.981224881297863,-3.1924124670575056,up,0.9635348920089171
s__Gemmiger_SGB15301,0.9068915951679456,2343.0,0.1024984001917632,0.1024984001917632,0.0,-2.063598809378015,-2.111500450977028,up,0.9742707354864009
s__GGB9730_SGB15290,0.760417987347328,2298.0,0.055173608510052166,-0.055173608510052166,0.0,-2.195450186567828,-2.185608395658233,down,0.9635348920089171
s__GGB9189_SGB14128,0.9766731402054258,2379.0,0.02174730386501497,-0.02174730386501497,0.0,-3.469585576024903,-3.4551517930870204,down,0.9916436052606898
s__Holdemania_sp_1001095H_141210_F2,0.27560914553857696,2110.0,0.27118325906035595,-0.27118325906035595,0.0,-2.6378194238024406,-2.3426357001210945,down,0.9635348920089171
s__Megasphaera_massiliensis,0.43718834117988226,2185.0,0.1716162674526576,-0.1716162674526576,-0.006894595037416543,6.447491438339788,6.4783775438582385,down,0.9635348920089171
s__Dialister_succinatiphilus,0.2371527659196454,2088.0,0.19556385742190877,-0.19556385742190877,-0.02723118045781879,4.61774795103519,4.705736732145888,down,0.9635348920089171
s__GGB3363_SGB4447,0.7162971087026041,2284.0,0.006062183551486055,0.006062183551486055,0.0,-0.3456247071466348,-0.3588905295187354,up,0.9635348920089171
s__Amedibacterium_intestinale,0.2611601263882116,2102.0,0.13427773403512316,-0.13427773403512316,0.0,-0.9432301780345718,-0.8264739504780874,down,0.9635348920089171
s__GGB9739_SGB15313,0.4622308637195627,2195.0,0.017764350806772685,-0.017764350806772685,-0.0027501572060428833,2.634670379625054,2.6396975461969565,down,0.9635348920089171
s__Fusobacterium_SGB6028,0.7162971087026041,2284.0,0.0645999467846918,0.0645999467846918,0.04352032128891683,1.1371737599327583,1.1033820328190864,up,0.9635348920089171
s__GGB9469_SGB14863,0.6103231142801342,2249.0,0.11623312241850448,-0.11623312241850448,-0.035053431472709444,1.1785847202669169,1.2075717393190815,down,0.9635348920089171
s__Christensenella_intestinihominis,0.2194161618379109,2077.0,0.012011095843479574,-0.012011095843479574,0.0,-1.1258334553286775,-1.1103261013730992,down,0.9635348920089171
s__Leuconostoc_lactis,0.07049670546171387,1938.0,0.13307539655789338,-0.13307539655789338,0.0,-2.6350120288648275,-2.4132329441695206,down,0.9635348920089171
s__GGB3680_SGB4995,0.5200417286139674,2217.0,0.21879307009076457,-0.21879307009076457,0.0,-0.24954036541035063,-0.1914566175522084,down,0.9635348920089171
s__Actinomyces_graevenitzii,0.3826498180151897,2162.0,0.09045239112939278,-0.09045239112939278,0.0,-2.264303642266481,-2.133538902810134,down,0.9635348920089171
s__Corynebacterium_durum,1.0,2372.0,0.06706146934458945,0.06706146934458945,0.0,-1.8564854717865236,-1.9649644497448158,up,1.0
s__Lentihominibacter_SGB71368,0.4034756567316615,2171.0,0.27863910070226733,-0.27863910070226733,-0.13055104283319638,1.0082222656787994,1.1037127615719415,down,0.9635348920089171
s__Rothia_SGB49305,0.47246767393302036,2199.0,0.027345578934941536,-0.027345578934941536,0.0,-2.5250997028504396,-2.4888193328997645,down,0.9635348920089171
s__Granulicatella_adiacens,0.3304161846858422,2138.0,0.05167617452238298,-0.05167617452238298,0.0,-1.7139661140734102,-1.6520496579704047,down,0.9635348920089171
s__Eggerthella_guodeyinii,0.4034756567316615,2171.0,0.03645735936553549,0.03645735936553549,0.0,-1.8265978582091666,-1.8871348625735969,up,0.9635348920089171
s__Actinomyces_naeslundii,0.018477267548691046,1807.0,0.4392508073543262,-0.4392508073543262,0.0,-3.3770503024199234,-2.592393055866188,down,0.9635348920089171
s__Solobacterium_SGB6834,0.19391180368138827,2060.0,0.4241985123304517,-0.4241985123304517,0.0,-1.1830417924449796,-1.031951429948232,down,0.9635348920089171
s__GGB12788_SGB19840,0.43718834117988226,2185.0,0.17161626612640388,-0.17161626612640388,-0.12296750010476128,0.3471422173837855,0.3780283226084854,down,0.9635348920089171
s__Schaalia_SGB17154,0.676155511870068,2472.0,0.14216870275312637,0.14216870275312637,0.0,-1.777897523016956,-1.9905612290065329,up,0.9635348920089171
s__Lachnospiraceae_bacterium_oral_taxon_096,0.30023332020649895,2123.0,0.2173392389829195,-0.2173392389829195,0.0,-1.034358781619701,-0.9390143319636841,down,0.9635348920089171
s__Actinomyces_massiliensis,0.7924269182782541,2308.0,0.01543290590015727,0.01543290590015727,0.0,-1.950298313415438,-1.9616725603262826,up,0.9635348920089171
s__Megasphaera_SGB5856,0.43718834117988226,2185.0,0.17161626450472908,-0.17161626450472908,0.0,-0.4503649418637675,-0.41947883699825045,down,0.9635348920089171
s__GGB3550_SGB4746,0.37137000587547175,2157.0,0.06327319960613506,-0.06327319960613506,0.0,-2.0017962732571175,-1.8988208454532254,down,0.9635348920089171
s__Solobacterium_SGB6828,0.5173354177706786,2216.0,0.05623711199873951,-0.05623711199873951,0.0,-0.9950953455417285,-0.9634365718939494,down,0.9635348920089171
s__Cryptobacterium_curtum,0.6609508617844958,2266.0,0.07683145968860455,0.07683145968860455,0.0,-1.048204547439752,-1.085553110229326,up,0.9635348920089171
s__Oribacterium_parvum,0.6191320474510349,2252.0,0.040538708447887886,0.040538708447887886,0.0,-1.6728224779472889,-1.6923978095262675,up,0.9635348920089171
s__Arachnia_rubra,0.6161895690485215,2251.0,0.20142233442480972,-0.20142233442480972,0.0,-3.008437671483967,-2.8149961634771827,down,0.9635348920089171
s__Rothia_aeria,0.592874483007928,2243.0,0.05124442809160077,0.05124442809160077,0.0,-1.8731359744875717,-1.8891545860569474,up,0.9635348920089171
s__Actinomyces_sp_HMT897,0.9900016114685587,2375.0,0.2311681992367691,0.2311681992367691,0.0,-3.4922368452132644,-3.6956755393468366,up,0.9984425509086073
s__TM7_phylum_sp_oral_taxon_351,0.4647784010736252,2196.0,0.05861888640118366,-0.05861888640118366,0.0,-2.3082937821795175,-2.294619550658485,down,0.9635348920089171
s__Methanobrevibacter_smithii,0.544722794714922,2226.0,0.07466107866450522,-0.07466107866450522,0.0,-1.0737717456892424,-0.9586797923210372,down,0.9635348920089171
s__GGB4698_SGB6498,0.49595031465751294,2208.0,0.2493191539832105,-0.2493191539832105,-0.0520466673314282,2.5437797192068237,2.637224541444062,down,0.9635348920089171
s__GGB4664_SGB6452,0.4985974065178759,2209.0,0.2518873342372622,-0.2518873342372622,0.0,-0.2661612457304751,-0.12486169514357606,down,0.9635348920089171
s__Bacteroides_ilei,0.38493072485175206,2163.0,0.17564475134261948,-0.17564475134261948,-0.008179627274918442,5.43215854676943,5.4630446522867215,down,0.9635348920089171
s__GGB4579_SGB6329,0.49067870932066526,2206.0,0.14985010044211441,-0.14985010044211441,-0.08348621313807998,1.554735350795308,1.6473592841217521,down,0.9635348920089171
s__GGB9762_SGB15377,0.11724770138439296,1996.0,0.42108681118537694,-0.42108681118537694,-0.07001493875528193,2.8501522478326073,2.9918833454776155,down,0.9635348920089171
s__Terrisporobacter_mayombei,0.5309395099901181,2221.0,0.17193991947397416,-0.17193991947397416,0.0,-0.09750477379333929,-0.013493380499316854,down,0.9635348920089171
s__GGB3118_SGB4130,0.39878996255481225,2169.0,0.07994977345937662,-0.07994977345937662,-0.014406466686362251,2.508691729533128,2.5338685238626666,down,0.9635348920089171
s__Prevotella_lascolaii,0.5039140440889992,2211.0,0.042435282545662104,-0.042435282545662104,-0.0037647999812815964,3.6567742937722225,3.6663293292981436,down,0.9635348920089171
s__GGB9288_SGB14243,0.7827847230108824,2305.0,0.013314643723183769,0.013314643723183769,0.0,-0.6379147650735243,-0.6480349452460054,up,0.9635348920089171
s__GGB3733_SGB5066,0.3201441635535237,2133.0,0.1114397585090964,-0.1114397585090964,-0.06909051447072603,0.9693396741914873,1.0168907705950996,down,0.9635348920089171
s__GGB9603_SGB15035,0.32422764638981627,2135.0,0.15171926037285513,-0.15171926037285513,-0.025928161093847307,2.2326482920337325,2.2731362537377184,down,0.9635348920089171
s__Clostridium_SGB47280,0.589988748012487,2242.0,0.05748015855568612,-0.05748015855568612,0.0,-0.23073473289968618,-0.2010961064707542,down,0.9635348920089171
s__Bacteroides_cutis,0.38493072485175206,2163.0,0.17564475120682307,-0.17564475120682307,-0.016766689575154894,2.6421914526848176,2.673077558174266,down,0.9635348920089171
s__Holdemanella_biformis,0.26472230485130954,2104.0,0.07372861518636664,-0.07372861518636664,-0.10066324363799502,1.6059194249650246,1.7219732756618704,down,0.9635348920089171
s__Acetivibrio_sp_MSJd_27,0.38493072485175206,2163.0,0.17564475118471745,-0.17564475118471745,-0.017714341035106634,2.5000211667446486,2.5309072722295647,down,0.9635348920089171
s__GGB1331_SGB1787,0.4446179292487903,2188.0,0.16109841013336076,-0.16109841013336076,0.0,-2.4455352786777236,-2.353543688412264,down,0.9635348920089171
s__Parabacteroides_bouchesdurhonensis,0.5012519914080794,2210.0,0.2512741127482723,-0.2512741127482723,0.0,-1.7158772520382994,-1.617618046645661,down,0.9635348920089171
s__Muribaculum_gordoncarteri,0.6369139851174195,2258.0,0.05123262763972547,-0.05123262763972547,-0.01567436866135579,1.1952209374997822,1.208277386423959,down,0.9635348920089171
s__GGB9636_SGB15107,0.32628205177440495,2136.0,0.060918810472427434,-0.060918810472427434,-0.0629483498337651,0.8377801130610347,0.8751437357920206,down,0.9635348920089171
s__GGB9719_SGB15273,0.38493072485175206,2163.0,0.17564475094985235,-0.17564475094985235,-0.027227992071693408,1.6211283717000617,1.652014477136822,down,0.9635348920089171
s__Parabacteroides_sp_AM08_6,0.38493072485175206,2163.0,0.17564475092984166,-0.17564475092984166,-0.028061750836552893,1.5725061904793516,1.6033922959120088,down,0.9635348920089171
s__GGB3288_SGB4342,0.6132532452402786,2250.0,0.002171071045980794,-0.002171071045980794,0.0,-2.620865590318888,-2.61747688376763,down,0.9635348920089171
s__Bacteroides_sp_Marseille_P3684,0.38493072485175206,2163.0,0.17564475083485082,-0.17564475083485082,-0.03217924758674027,1.3693338401918345,1.400219945605015,down,0.9635348920089171
s__GGB3649_SGB4958,0.2388140405963899,2089.0,0.3063659619500722,-0.3063659619500722,-0.11860585033350467,1.142265799146609,1.2401410755166316,down,0.9635348920089171
s__GGB9434_SGB14812,0.3221816833631471,2134.0,0.11356532931703152,-0.11356532931703152,-0.05641645267654612,1.0320535194481195,1.073211366520631,down,0.9635348920089171
s__GGB1662_SGB2276,0.6220806418988096,2253.0,0.000647119519086131,-0.000647119519086131,-0.0004315031454364073,0.7312843119962971,0.7315030683284116,down,0.9635348920089171
s__GGB4750_SGB6579,0.2905942366476899,2118.0,0.27782315530897356,-0.27782315530897356,-0.1272563439408958,0.783830299288012,0.8561108949635153,down,0.9635348920089171
s__GGB9082_SGB14007,0.38493072485175206,2163.0,0.1756447504130186,-0.1756447504130186,-0.05656363421182421,0.7724295696631768,0.8033156749898662,down,0.9635348920089171
s__Sanguibacteroides_justesenii,0.43718834117988226,2185.0,0.175706909810689,-0.175706909810689,0.0,-3.2141497093552505,-3.062452894341027,down,0.9635348920089171
s__Clostridium_sp_NSJ_6,0.39878996255481225,2169.0,0.21856678247774478,-0.21856678247774478,0.0,-2.109749032840991,-1.966093369020984,down,0.9635348920089171
s__GGB47687_SGB2286,0.7859951622317407,2306.0,0.1413964910891332,0.1413964910891332,0.21039647648372534,0.4631506515981275,0.4003009575626391,up,0.9635348920089171
s__GGB9691_SGB15198,0.3324959089959547,2139.0,0.14029366799474371,-0.14029366799474371,-0.26834893759677886,0.37561592173975283,0.45240257952140145,down,0.9635348920089171
s__GGB1148_SGB1475,0.369139048339002,2156.0,0.28024659974919897,-0.28024659974919897,-1.5128179223043463,0.058458652645044976,0.1668216352914704,down,0.9635348920089171
s__Weissella_viridescens,0.11627364713349267,1995.0,0.23263788923592882,-0.23263788923592882,0.0,-1.003931849888498,-0.8938458949274809,down,0.9635348920089171
s__GGB3478_SGB4643,0.38493072485175206,2163.0,0.17564474886757808,-0.17564474886757808,0.0,-0.20090409695079825,-0.17001799194098097,down,0.9635348920089171
s__Thermophilibacter_provencensis,0.7827847230108824,2305.0,0.13074899838128823,0.13074899838128823,0.0,-0.21634301987877377,-0.28956760078752963,up,0.9635348920089171
s__Bacilliculturomica_massiliensis,0.38493072485175206,2163.0,0.17564474786131973,-0.17564474786131973,0.0,-0.5410193038058649,-0.5101331990023676,down,0.9635348920089171
s__GGB9697_SGB15213,0.42739427811559205,2181.0,0.09824201435877641,-0.09824201435877641,0.0,-1.0132498910484364,-0.9622684661487474,down,0.9635348920089171
s__Christensenella_timonensis,0.21167684502216877,2072.0,0.12374625551273578,-0.12374625551273578,0.0,-1.8136919838745422,-1.7320355034159007,down,0.9635348920089171
s__Bifidobacterium_breve,0.27560914553857696,2110.0,0.01508329611861862,-0.01508329611861862,0.0,-0.07419709860568549,-0.047864687259406916,down,0.9635348920089171
s__Eubacterium_sp_c_25,0.8182912896901339,2316.0,0.004825503349569302,-0.004825503349569302,0.0,-2.7921193682791636,-2.781720094192372,down,0.9664549021543897
s__GGB4566_SGB6305,0.854174596311595,2327.0,0.07645596899663018,0.07645596899663018,0.019034177532747373,1.8370222702195267,1.8129447243615544,up,0.9703029099491263
s__GGB9563_SGB14975,0.7194193773294597,2458.0,0.25206655294659813,0.25206655294659813,0.4256190675880116,0.5253127861444509,0.3911054480073448,up,0.9635348920089171
s__Alistipes_montrealensis,0.9833367944330922,2377.0,0.09984993493527126,0.09984993493527126,0.0,-3.438586802439574,-3.609553119843589,up,0.9941426932730163
s__Massilimicrobiota_timonensis,0.7699804318123871,2301.0,0.006351434642880281,-0.006351434642880281,0.0,-0.7950923661953592,-0.7868045007286524,down,0.9635348920089171
s__GGB3550_SGB4747,0.7795779788188588,2304.0,0.08858785423376145,0.08858785423376145,0.09837398461815026,0.6049698415913013,0.5650933609416581,up,0.9635348920089171
s__Actinomyces_oris,0.7699804318123871,2301.0,0.09811198389335339,-0.09811198389335339,0.0,-1.9178034624371996,-1.7366513981010345,down,0.9635348920089171
s__Extibacter_muris,0.7038558651334981,2280.0,0.05375376586465506,-0.05375376586465506,0.0,-0.1354270645365191,-0.12558527543120274,down,0.9635348920089171
s__GGB45599_SGB63311,0.7038558651334981,2280.0,0.053753766391884034,-0.053753766391884034,0.0,-0.4165944401372172,-0.40675265094633384,down,0.9635348920089171
s__GGB42389_SGB59559,0.9035822484778409,2342.0,0.11162775363850168,0.11162775363850168,0.0,-4.340678341244314,-4.436268905766699,up,0.9742707354864009
s__Lachnoclostridium_sp_An131,0.5146364163271635,2215.0,0.187117025349951,-0.187117025349951,0.0,-0.6913730873284746,-0.6500745049949185,down,0.9635348920089171
s__Ruminococcus_sp_OA3,0.5173354177706786,2216.0,0.03927111704264761,-0.03927111704264761,0.0,-2.8369950683286485,-2.827423778184886,down,0.9635348920089171
s__Faecalicatena_orotica,0.4153332454852956,2176.0,0.37057904628181587,-0.37057904628181587,0.0,-4.443267557385234,-3.7821578610479927,down,0.9635348920089171
s__GGB4653_SGB6440,0.6731037481206118,2270.0,0.18267733811058923,-0.18267733811058923,-0.14163013421621945,0.6776187988612314,0.7475157792966557,down,0.9635348920089171
s__Lachnospiraceae_bacterium_NSJ_143,0.8312999405081587,2320.0,0.035770767486637316,0.035770767486637316,0.0,-2.9016944104450304,-2.930549449343124,up,0.9664549021543897
s__GGB3003_SGB3994,0.42013334475084974,2178.0,0.1727923845742392,-0.1727923845742392,-0.022340498137557185,1.9791463839079908,2.0100324893695345,down,0.9635348920089171
s__GGB51269_SGB5061,0.5391882118918248,2224.0,0.24335047435402132,-0.24335047435402132,0.0,-1.3509035776994092,-1.2628284205842157,down,0.9635348920089171
s__Methanosphaera_stadtmanae,0.35159269634203383,2148.0,0.23638984227818852,-0.23638984227818852,-0.038304042459602644,1.7944927380993176,1.8427752509904687,down,0.9635348920089171
s__GGB9445_SGB14835,0.42013334475084974,2178.0,0.17279238443437708,-0.17279238443437708,-0.028347400282345406,1.5565058492751418,1.5873919547064048,down,0.9635348920089171
s__GGB9059_SGB13976,0.42013334475084974,2178.0,0.17279238417762383,-0.17279238417762383,-0.04119766920936041,1.066226368167894,1.097112473543569,down,0.9635348920089171
s__GGB9619_SGB15066,0.6792126051548262,2272.0,0.12969122865319277,-0.12969122865319277,0.0,-1.8857389858791975,-1.8395510905552805,down,0.9635348920089171
s__GGB9063_SGB13982,0.5039140440889992,2211.0,0.11636430615282749,-0.11636430615282749,0.0,-2.6295884886869216,-2.512174573566297,down,0.9635348920089171
s__Clostridium_transplantifaecale,0.12424650449040946,2003.0,0.4411996015510663,-0.4411996015510663,0.0,-3.7665236950597936,-3.2618758270230965,down,0.9635348920089171
s__GGB52106_SGB72838,0.8280432935554788,2319.0,0.06780861388092589,0.06780861388092589,0.0,-0.9935787854537853,-1.0112734700102528,up,0.9664549021543897
s__Eubacteriales_unclassified_SGB15150,0.28116557289666455,2113.0,0.29146559356366036,-0.29146559356366036,0.0,-3.6692391667333557,-3.5400618345098605,down,0.9635348920089171
s__Eubacterium_sp_OM08_24,0.5842367778340732,2240.0,0.1912322725290763,-0.1912322725290763,0.0,-1.0379624019181364,-0.7295160528848176,down,0.9635348920089171
s__Longibaculum_muris,0.42739427811559205,2181.0,0.10123310945892501,-0.10123310945892501,0.0,-1.8595395037133275,-1.7560806634200916,down,0.9635348920089171
s__Erysipelatoclostridium_SGB66626,0.6369139851174195,2258.0,0.10307209636855541,-0.10307209636855541,-0.00809311235938433,3.817210098881682,3.8386837453741465,down,0.9635348920089171
s__Enterococcus_gallinarum,0.8345594867637544,2321.0,0.09397093558167,0.09397093558167,0.0,-0.5909635348600761,-0.7169068040220998,up,0.9664549021543897
s__Clostridiales_bacterium_CHKCI006,0.6309627316255308,2256.0,0.08578208440393482,-0.08578208440393482,-0.011689095579723691,2.3111250791573226,2.3299264879953885,down,0.9635348920089171
s__Murimonas_intestini,0.4933107407337587,2207.0,0.024831969585945614,-0.024831969585945614,0.0,-2.417705778194694,-2.403386849463926,down,0.9635348920089171
s__GGB3883_SGB5265,0.6884154196466701,2275.0,0.08290109695883507,-0.08290109695883507,0.0,-1.102288361319552,-1.0843704931565148,down,0.9635348920089171
s__Candidatus_Nanosynbacter_SGB19887,0.5336819479672524,2222.0,0.2647623670838319,-0.2647623670838319,0.0,-1.198320284740312,-1.1350651018808786,down,0.9635348920089171
s__GGB9642_SGB15119,0.9367416323295551,2391.0,0.008098700638075986,-0.008098700638075986,-0.0013961848022694004,2.9981908380001365,3.0010937762898773,down,0.979320797435444
s__GGB3737_SGB5071,0.6731037481206118,2270.0,0.017659736842085008,0.017659736842085008,0.004114986824316509,1.6667912138398768,1.6620438131068187,up,0.9635348920089171
s__GGB32387_SGB47381,0.8969686343332216,2403.0,0.17073771507660818,0.17073771507660818,0.0,-1.0087036298377852,-1.1894225156901044,up,0.9742707354864009
s__GGB9184_SGB14123,0.7351000957263445,2290.0,0.05456977817066139,-0.05456977817066139,-0.005075894839794823,2.792362160246488,2.8022039491023616,down,0.9635348920089171
s__Neisseria_subflava,0.8870617623982282,2337.0,0.07064026646511438,0.07064026646511438,0.0,-2.749584996755753,-2.7695559792135622,up,0.9742707354864009
s__Bacteroides_faecalis,0.7924269182782541,2308.0,0.24638387840387863,-0.24638387840387863,0.0,-2.046091576255623,-1.9306683035858445,down,0.9635348920089171
s__Roseburia_SGB4939,0.7924269182782541,2308.0,0.07375325001497256,0.07375325001497256,0.0,-0.23489899462572045,-0.27682009085652315,up,0.9635348920089171
s__Gemella_haemolysans,0.5012519914080794,2210.0,0.039768820455030114,-0.039768820455030114,0.0,-2.785907663816077,-2.7551698711788157,down,0.9635348920089171
s__Aggregatibacter_segnis,0.14955171282713697,2026.0,0.4047101934107004,-0.4047101934107004,-1.0020461062540587,0.11288721440350241,0.2260948611919173,down,0.9635348920089171
s__Lactobacillus_amylovorus,0.5671393855898632,2234.0,0.07108399482776985,-0.07108399482776985,-0.11212194001688736,0.1910218016998146,0.20645956315628247,down,0.9635348920089171
s__GGB51111_SGB71327,0.3647022014924911,2154.0,0.2502059422928049,-0.2502059422928049,0.0,-0.4705676478207429,-0.4206002348407323,down,0.9635348920089171
s__Pseudoflavonifractor_sp_MSJ_37,0.5419519784828528,2225.0,0.03719653590194183,-0.03719653590194183,0.0,-0.7120295592396831,-0.7027262907672677,down,0.9635348920089171
s__Eubacterium_tenue,0.6549075236507151,2264.0,0.1353383754031953,0.1353383754031953,0.0,-3.8318503004353492,-3.926034599898005,up,0.9635348920089171
s__Enteroscipio_rubneri,0.42739427811559205,2181.0,0.17223179875388048,-0.17223179875388048,-0.023829087117032813,1.854550706453043,1.8854368119069476,down,0.9635348920089171
s__Lachnoclostridium_sp_An138,0.14604387687282638,2023.0,0.3770761205052002,-0.3770761205052002,-6.856319779073803,0.0007106532926286697,0.08234091447280796,down,0.9635348920089171
s__GGB55957_SGB77276,0.28869168613468865,2117.0,0.26312052716536055,-0.26312052716536055,0.0,-2.562079474372975,-2.2902733665273654,down,0.9635348920089171
s__Clostridium_sp_AM58_1XD,0.607399214125354,2248.0,0.08215535945219113,-0.08215535945219113,0.0,-2.708852788330977,-2.674809545523466,down,0.9635348920089171
s__Peptostreptococcus_SGB749,0.6945764610656292,2277.0,0.14577886311949637,0.14577886311949637,0.0,-1.6561047490318315,-1.738874261201254,up,0.9635348920089171
s__Actinomyces_johnsonii,0.5643132967775745,2233.0,0.13507053216121168,-0.13507053216121168,0.0,-1.9338033379830042,-1.8429629871132693,down,0.9635348920089171
s__Streptococcus_lutetiensis,0.592874483007928,2243.0,0.16359726523090862,-0.16359726523090862,-0.008331789863511184,5.332670118403099,5.3635562239202,down,0.9635348920089171
s__GGB9469_SGB14862,0.5785110427843865,2238.0,0.16758579768035184,-0.16758579768035184,0.0,-0.12080554307785556,0.007187360024860915,down,0.9635348920089171
s__Butyricicoccus_SGB14985,0.8150467803527273,2315.0,0.08476645254028845,0.08476645254028845,0.032291121285484024,1.7788598058399487,1.7394867542029648,up,0.9664549021543897
s__Fusobacterium_ulcerans,0.7956481309005246,2309.0,0.11493977667479538,-0.11493977667479538,0.0,-0.0695061580105938,0.08223562488414671,down,0.9635348920089171
s__Prevotella_timonensis,0.9168291103690169,2346.0,0.1269763476967619,0.1269763476967619,0.0,-2.7438880575009326,-2.882724589806637,up,0.9742707354864009
s__Robinsoniella_peoriensis,0.575658100540913,2237.0,0.26104350988314684,-0.26104350988314684,0.0,-0.5122403413265363,-0.44842714967711245,down,0.9635348920089171
s__Fenollaria_massiliensis,0.9300991057930379,2393.0,0.17253596808828378,0.17253596808828378,0.0,-1.7950090606059446,-1.8950488452530658,up,0.9773122583713647
s__Fusobacterium_periodonticum,0.5957666702502111,2244.0,0.23245399683248202,-0.23245399683248202,0.0,-1.4927337480871108,-1.388027367367875,down,0.9635348920089171
s__Fusobacterium_varium,0.42013334475084974,2178.0,0.3132462294506744,-0.3132462294506744,-0.2129229558853463,1.0132434316063446,1.174383642689093,down,0.9635348920089171
s__Parvimonas_micra,0.37811292186202794,2160.0,0.2854002230221533,-0.2854002230221533,0.0,-1.767774510462731,-1.5894499214999418,down,0.9635348920089171
s__Tropheryma_whipplei,0.607399214125354,2248.0,0.23370627899655996,-0.23370627899655996,0.0,-2.563174796672086,-2.4540526623196963,down,0.9635348920089171
s__GGB3600_SGB4861,0.5475006301001722,2227.0,0.16595945029620982,-0.16595945029620982,-0.032029768387103,1.3757958981503282,1.4066820035641916,down,0.9635348920089171
s__GGB88421_SGB135712,0.6914933872014473,2276.0,0.12687210927589695,-0.12687210927589695,0.0,-1.90552066884839,-1.8611243044251966,down,0.9635348920089171
s__Pauljensenia_hongkongensis,0.760417987347328,2445.0,0.0786114262522867,0.0786114262522867,0.0,-1.1882019776587682,-1.236478779217904,up,0.9635348920089171
s__GGB96534_SGB136060,0.5475006301001722,2227.0,0.16595944818479233,-0.16595944818479233,0.0,-0.4111442312745887,-0.38025812638393325,down,0.9635348920089171
s__Streptococcus_infantis,0.7795779788188588,2304.0,0.008692673957746202,0.008692673957746202,0.0,-2.295631841271638,-2.3074549857012956,up,0.9635348920089171
s__Prevotella_corporis,0.8345594867637544,2321.0,0.22195807523582053,0.22195807523582053,0.0,-1.4748902147048046,-1.6234514872937076,up,0.9664549021543897
s__GGB12761_SGB19791,0.5282042403654144,2220.0,0.03356890209596879,-0.03356890209596879,-0.032895557076043365,0.3738993213059164,0.38252271206298116,down,0.9635348920089171
s__Limosilactobacillus_fermentum,0.9800047929125448,2378.0,0.12640180673300327,0.12640180673300327,0.0,-1.3345283122292086,-1.5933183189235216,up,0.9925920104361922
s__Arachnia_SGB15899,0.7162971087026041,2284.0,0.046770099862790834,0.046770099862790834,0.0,-0.34715877986032084,-0.3592001137128119,up,0.9635348920089171
s__GGB12788_SGB19833,0.7007577458202716,2279.0,0.05741314828900529,0.05741314828900529,0.0,-0.8223800710518576,-0.8385350323069394,up,0.9635348920089171
s__GGB4277_SGB5832,0.9600221411919261,2359.0,0.05619776991442966,0.05619776991442966,0.0,-3.442866410702947,-3.5123367708565785,up,0.9869442029105397
s__Candidatus_Saccharibacteria_unclassified_SGB19847,0.8345594867637544,2321.0,0.04290194903034483,0.04290194903034483,0.07091371645912208,0.2829528905037098,0.2693810113454476,up,0.9664549021543897
s__Lactobacillus_timonensis,0.9068915951679456,2343.0,0.1904460640016691,0.1904460640016691,0.0,-2.6845283138380767,-2.8046472743943083,up,0.9742707354864009
s__GGB49434_SGB69353,0.7699804318123871,2301.0,0.09110179219604762,0.09110179219604762,0.0,-1.847403368724399,-1.8741723401235548,up,0.9635348920089171
s__Schaalia_meyeri,0.7636014837937904,2444.0,0.10295086986126024,0.10295086986126024,0.0,-0.774666638546902,-0.8428620457655842,up,0.9635348920089171
s__Peptidiphaga_SGB15895,0.7007577458202716,2279.0,0.047966263580493045,0.047966263580493045,0.0,-0.7865663772407545,-0.7993143229998116,up,0.9635348920089171
s__Schaalia_SGB17157,0.3304161846858422,2138.0,0.2546640402671213,-0.2546640402671213,0.0,-1.8903731641084662,-1.6920570155287367,down,0.9635348920089171
s__Clostridium_disporicum,0.9533662144774582,2357.0,0.11764429108861385,0.11764429108861385,0.0,-1.1735785749927128,-1.2445530026817986,up,0.9869442029105397
s__GGB3385_SGB4471,0.6700573577708726,2269.0,0.05289072433416488,-0.05289072433416488,0.0,-1.0904483556447908,-1.080606566118136,down,0.9635348920089171
s__Schaalia_georgiae,0.71006682683083,2282.0,0.05236361000676837,-0.05236361000676837,0.0,-1.3476157257348635,-1.3357694698528093,down,0.9635348920089171
s__Schaalia_cardiffensis,0.8936644804635717,2339.0,0.12253227873732361,0.12253227873732361,0.0,-2.51526471639256,-2.5533330048434597,up,0.9742707354864009
s__Alistipes_SGB2313,0.49595031465751294,2208.0,0.21669353012580536,-0.21669353012580536,-0.015854850525047367,5.37857468200121,5.438009836301941,down,0.9635348920089171
s__Firmicutes_bacterium_AM41_11,0.4446179292487903,2188.0,0.17064113485399465,-0.17064113485399465,-0.007366264871292208,6.033664445793771,6.064550551311886,down,0.9635348920089171
s__Phascolarctobacterium_succinatutens,0.9900016114685587,2368.0,0.06903961825867487,-0.06903961825867487,-0.031504805530952903,2.4411702719433412,2.495065574196384,down,0.9984425509086073
s__Paratractidigestivibacter_faecalis,0.42013334475084974,2178.0,0.05842767659853103,-0.05842767659853103,0.0,-0.43960799869953526,-0.3952288760877665,down,0.9635348920089171
s__Senegalimassilia_SGB14826,0.2737737659209105,2109.0,0.2969616660132497,-0.2969616660132497,-0.060992687652857064,1.6738905569073244,1.746174685216957,down,0.9635348920089171
s__GGB8965_SGB13825,0.2830344970330887,2114.0,0.2885512835123268,-0.2885512835123268,-0.04889094642245552,1.8451954762403115,1.9087982255195128,down,0.9635348920089171
s__GGB51960_SGB72480,0.4446179292487903,2188.0,0.17064113472965595,-0.17064113472965595,-0.016639176763229884,2.662557535399682,2.6934436408897287,down,0.9635348920089171
s__GGB9364_SGB14339,0.17592897434028232,2047.0,0.3507607127223877,-0.3507607127223877,-0.046514771360790755,2.1078953659429303,2.1769647180135667,down,0.9635348920089171
s__GGB1379_SGB1880,0.4446179292487903,2188.0,0.1706411346169297,-0.1706411346169297,-0.021745627531905155,2.03370796606918,2.06459407153378,down,0.9635348920089171
s__Acidaminococcus_fermentans,0.3872199248226502,2164.0,0.23274174118353835,-0.23274174118353835,-0.35681758737348757,0.3662788197497954,0.4690558997772249,down,0.9635348920089171
s__Lactococcus_petauri,0.8607336803836151,2329.0,0.12767793151072762,0.12767793151072762,0.0,-0.7060399221189055,-0.8870535762166778,up,0.9703029099491263
s__GGB9252_SGB14196,0.8410870596635687,2323.0,0.11284547217238335,-0.11284547217238335,0.0,-0.36919071524199787,-0.29684049099735127,down,0.9680468644581743
s__Catenibacillus_scindens,0.6549075236507151,2264.0,0.005780234830346755,-0.005780234830346755,0.0,-2.9977913014741326,-2.9927931416108002,down,0.9635348920089171
s__Massilistercora_timonensis,0.4471103741295367,2189.0,0.0034034970326713666,-0.0034034970326713666,0.0,-1.4143834427835573,-1.4113090506685417,down,0.9635348920089171
s__GGB45497_SGB63169,0.49067870932066526,2206.0,0.20039234505471795,-0.20039234505471795,0.0,-1.326412561668547,-1.277662285384326,down,0.9635348920089171
s__GGB45596_SGB63306,0.2905942366476899,2118.0,0.24133912341746114,-0.24133912341746114,0.0,-0.22989163229616685,-0.18494814798839182,down,0.9635348920089171
s__Christensenellaceae_bacterium,0.5699722381131727,2235.0,0.14530550687139981,-0.14530550687139981,0.0,-0.5821738041576786,-0.5550535959396034,down,0.9635348920089171
s__GGB9782_SGB15403,0.33458406922822426,2140.0,0.053135854335896654,-0.053135854335896654,0.0,-1.8054633148674821,-1.782864376362747,down,0.9635348920089171
s__Clostridia_bacterium,0.5558759414638932,2230.0,0.14171506502624595,0.14171506502624595,0.0,-0.5876832555512957,-0.6765239206394842,up,0.9635348920089171
s__GGB79394_SGB105952,0.4446179292487903,2188.0,0.1706411306213517,-0.1706411306213517,0.0,-0.8311374064872538,-0.800251301924622,down,0.9635348920089171
s__Frisingicoccus_SGB4674,0.5475006301001722,2227.0,0.041877641199186244,0.041877641199186244,0.0,-0.9189847646170827,-0.935875461190339,up,0.9635348920089171
s__GGB45656_SGB63370,0.42983073792721815,2182.0,0.24215046689568864,-0.24215046689568864,0.0,-1.1826720910675292,-1.08550401801199,down,0.9635348920089171
s__GGB3534_SGB4722,0.2905942366476899,2118.0,0.06950412890093541,-0.06950412890093541,0.0,-3.2879345000979763,-3.220443717324696,down,0.9635348920089171
s__Christensenella_sp_Marseille_P3954,0.4446179292487903,2188.0,0.17064099009254777,-0.17064099009254777,0.0,-4.3623846806308,-4.331498607791346,down,0.9635348920089171
s__GGB74511_SGB47635,0.7194193773294597,2285.0,0.0540867037384852,-0.0540867037384852,-0.005983910194252926,2.367895521838247,2.377737310701578,down,0.9635348920089171
s__GGB3441_SGB4591,0.9334197895488263,2351.0,0.07480778828245471,0.07480778828245471,0.045230178853246025,0.5690663704114372,0.5515022399983904,up,0.9783184629701622
s__Bariatricus_massiliensis,0.8021009634735513,2311.0,0.10108625200451754,-0.10108625200451754,0.0,-0.6075004575018539,-0.569451937633439,down,0.9660212330997825
s__Lachnoclostridium_pacaense,0.8150467803527273,2315.0,0.05748446320951006,0.05748446320951006,0.0,-2.7653690722567323,-2.8286188633010325,up,0.9664549021543897
s__Brevundimonas_vesicularis,0.5092604502070492,2213.0,0.16740412694428264,-0.16740412694428264,-0.05368257388917157,0.81470291396999,0.8455890193046444,down,0.9635348920089171
s__Streptococcus_intermedius,0.7924269182782541,2308.0,0.05938889755301294,0.05938889755301294,0.0,-1.4033360942294846,-1.437772121788038,up,0.9635348920089171
s__Hydrogenoanaerobacterium_SGB53821,0.5200417286139674,2217.0,0.010835824327015705,-0.010835824327015705,0.0,-1.7847391740346747,-1.775731193057323,down,0.9635348920089171
s__GGB3276_SGB4326,0.6428887528550192,2260.0,0.056354043230139844,0.056354043230139844,0.0,-0.6209483064984845,-0.6467977428744174,up,0.9635348920089171
s__Blautia_marasmi,0.5842367778340732,2240.0,0.1309368381016114,-0.1309368381016114,0.0,-1.4099104893431649,-1.3109676064289446,down,0.9635348920089171
s__Ralstonia_mannitolilytica,0.4880542446592311,2205.0,0.05038128781755773,-0.05038128781755773,0.0,-2.8503059372098685,-2.821004917122655,down,0.9635348920089171
s__Methylorubrum_suomiense,0.5092604502070492,2213.0,0.16740411789552764,-0.16740411789552764,0.0,-1.7353066344262085,-1.7044205312694871,down,0.9635348920089171
s__GGB41904_SGB59003,0.6428887528550192,2260.0,0.0592244616140847,0.0592244616140847,0.0,-2.40625114283967,-2.4343814284556684,up,0.9635348920089171
s__GGB6601_SGB9333,0.7508920130684245,2295.0,0.054918169510574655,-0.054918169510574655,-0.005939630927911974,2.3855845450564637,2.3954263339194175,down,0.9635348920089171
s__Marvinbryantia_SGB4691,0.854174596311595,2327.0,0.003946353057597174,-0.003946353057597174,-0.0030962103676640752,0.3500794275014375,0.3508315500710393,down,0.9703029099491263
s__Feifania_hominis,0.7288141248786871,2455.0,0.19790459900564583,0.19790459900564583,0.0,-1.4678656591546453,-1.5316821128668991,up,0.9635348920089171
s__GGB4802_SGB6641,0.7508920130684245,2295.0,0.054918171279422355,-0.054918171279422355,0.0,-0.2916223084958253,-0.2817805193459553,down,0.9635348920089171
s__Oscillibacter_sp_PC13,0.966680855749333,2361.0,0.09319979217294186,0.09319979217294186,0.0,-2.647995342665274,-2.671115971055439,up,0.9869442029105397
s__Prevotella_bivia,0.5586815421456336,2231.0,0.09015904854059034,-0.09015904854059034,0.0,-2.9541328383400547,-2.8302303598565404,down,0.9635348920089171
s__Candidatus_Soleaferrea_massiliensis,0.8607336803836151,2329.0,0.08001338995830179,0.08001338995830179,0.0,-3.8080490894599706,-3.834265405862925,up,0.9703029099491263
s__GGB33512_SGB15202,0.7351000957263445,2290.0,0.16913388352865094,-0.16913388352865094,0.0,-0.5397558177575662,-0.45531142874237845,down,0.9635348920089171
s__Anaerostipes_rhamnosivorans,0.39645945245965497,2168.0,0.3488820160321988,-0.3488820160321988,-0.21443614816812345,1.0152025488804248,1.1778891252800647,down,0.9635348920089171
s__GGB9724_SGB15278,0.3140822675617376,2130.0,0.3769655900850918,-0.3769655900850918,0.0,-1.3834626892294573,-1.2033696264699445,down,0.9635348920089171
s__Clostridium_saccharogumia,0.5871095011085609,2241.0,0.10461789217765138,0.10461789217765138,0.15553148532690367,0.5144207077710763,0.46184771601722646,up,0.9635348920089171
s__GGB6133_SGB8780,0.4698968272451489,2198.0,0.16949334111435604,-0.16949334111435604,-0.14232052348008087,0.2979015027963336,0.3287876080061735,down,0.9635348920089171
s__Victivallis_vadensis,0.9002745759204331,2341.0,0.0052174112437785684,0.0052174112437785684,0.0,-1.8396482073879332,-1.84164740473325,up,0.9742707354864009
s__Peptoniphilus_harei,0.43227524590333644,2183.0,0.2770065527240831,-0.2770065527240831,0.0,-1.6271543429419884,-1.5344036602946365,down,0.9635348920089171
s__GGB42639_SGB59836,0.6369139851174195,2258.0,0.037728917350382626,-0.037728917350382626,0.0,-0.7286959085932458,-0.7205839065883917,down,0.9635348920089171
s__Bacteroides_acidifaciens,0.525476167957402,2219.0,0.000643196985858944,-0.000643196985858944,0.0,-1.133024438531242,-1.1328286561682392,down,0.9635348920089171
s__Limosilactobacillus_vaginalis,0.7194193773294597,2285.0,0.07265399582521057,-0.07265399582521057,0.0,-0.9900673137274236,-0.9300754161521645,down,0.9635348920089171
s__Burkholderia_contaminans,0.5586815421456336,2231.0,0.005078993000780744,0.005078993000780744,0.0,-0.8975194307411543,-0.9004601606796657,up,0.9635348920089171
s__Methanoculleus_SGB39516,0.5282042403654144,2220.0,0.16673472352346572,-0.16673472352346572,0.0,-2.347484548971967,-2.316598447810153,down,0.9635348920089171
s__Merdimonas_faecis,0.8280432935554788,2319.0,0.14114509387704632,0.14114509387704632,0.0,-0.8681589477773137,-1.0078713746209957,up,0.9664549021543897
s__Citrobacter_portucalensis,0.3872199248226502,2164.0,0.21323132731761352,-0.21323132731761352,0.0,-1.139585015537977,-0.8565932638410482,down,0.9635348920089171
s__Enterobacter_ludwigii,0.6044815824352852,2247.0,0.011890267220421726,0.011890267220421726,0.0,-0.034199080892872734,-0.04246667922178379,up,0.9635348920089171
s__Rubneribacter_badeniensis,0.7382497780183291,2291.0,0.0758714554226326,0.0758714554226326,0.02236275372125798,1.6631644220708486,1.6375830198548802,up,0.9635348920089171
s__Megasphaera_sp_AM44_1BH,0.7194193773294597,2285.0,0.18628515278473562,0.18628515278473562,0.18776444346219942,1.1379892617207394,0.9991148969016527,up,0.9635348920089171
s__GGB79118_SGB105839,0.5309395099901181,2221.0,0.16055042087344037,-0.16055042087344037,0.0,-1.6807859403930674,-1.647336843581897,down,0.9635348920089171
s__Fusobacterium_hominis,0.5699722381131727,2235.0,0.1648501851630058,-0.1648501851630058,-0.00525226432800191,8.468379865755718,8.499265971274744,down,0.9635348920089171
s__Collinsella_stercoris,0.5699722381131727,2235.0,0.164850185149167,-0.164850185149167,-0.009345250515438006,4.75268884415774,4.783574949673258,down,0.9635348920089171
s__Parabacteroides_acidifaciens,0.741403859972898,2292.0,0.1568346978997765,0.1568346978997765,1.282483198042506,0.17622672192017869,0.07244457204305485,up,0.9635348920089171
s__GGB12788_SGB19838,0.8673023849719943,2412.0,0.17259842255781432,0.17259842255781432,0.0,-1.371854309644024,-1.4618317456339258,up,0.9730709685051644
s__GGB3606_SGB4870,0.6015702565700234,2246.0,0.018674490642982735,-0.018674490642982735,0.0,-0.8006885678635882,-0.7953851127424031,down,0.9635348920089171
s__Eubacterium_maltosivorans,0.24724354992789133,2094.0,0.3447032858526485,-0.3447032858526485,0.0,-2.833471106078446,-2.54915449790096,down,0.9635348920089171
s__Anaerococcus_murdochii,0.5699722381131727,2235.0,0.16485017693336737,-0.16485017693336737,0.0,-1.6108524881506947,-1.5799663847175232,down,0.9635348920089171
s__Prevotella_stercorea,0.4698968272451489,2198.0,0.17464768982382797,-0.17464768982382797,-0.20775205083879425,1.3857469157045843,1.6003814896981703,down,0.9635348920089171
s__Clostridium_sp_Marseille_P2538,0.5643132967775745,2233.0,0.30170938277241416,-0.30170938277241416,-0.9637726863854482,0.10328099296519874,0.20143961943341396,down,0.9635348920089171
s__Dorea_phocaeensis,0.9002745759204331,2341.0,0.09064054193775717,0.09064054193775717,0.0,-0.8210717148397562,-0.8582980734588334,up,0.9742707354864009
s__Ruminococcus_gauvreauii,0.47246767393302036,2199.0,0.011492936444586595,-0.011492936444586595,0.0,-3.6143762773504755,-3.6035333108428995,down,0.9635348920089171
s__Lawsonella_clevelandensis,0.5586815421456336,2231.0,0.16544169070187623,-0.16544169070187623,0.0,-1.9056519554230291,-1.8747658527050373,down,0.9635348920089171
s__Coriobacteriaceae_bacterium,0.6518942799096743,2263.0,0.05252855405200417,-0.05252855405200417,-0.009798470032894841,1.4441578460385431,1.4539996349346196,down,0.9635348920089171
s__Lachnoclostridium_sp_An118,0.9002745759204331,2341.0,0.21405719504791224,0.21405719504791224,0.0,-0.5543565389444673,-0.6901150409817683,up,0.9742707354864009
s__Enterococcus_raffinosus,0.6309627316255308,2256.0,0.03079802853535093,-0.03079802853535093,-0.01142300202818244,2.511093473213257,2.5310547842450966,down,0.9635348920089171
s__Enterococcus_asini,0.6161895690485215,2251.0,0.05337979034067209,0.05337979034067209,0.00594387333664256,4.037100679577794,4.020502125701819,up,0.9635348920089171
s__Bacteroides_sp_GM023,0.5586815421456336,2231.0,0.08190782084487086,0.08190782084487086,0.0,-1.129592327570127,-1.1745013468360184,up,0.9635348920089171
s__Sutterella_parvirubra,0.8182912896901339,2316.0,0.1306561039841244,0.1306561039841244,0.12339743930148324,0.6498195245685373,0.5965494167919115,up,0.9664549021543897
s__Lachnoanaerobaculum_orale,0.6488867091109647,2262.0,0.05242871913687737,-0.05242871913687737,-0.008154120892253794,1.7363750711099444,1.74621685999226,down,0.9635348920089171
s__Clostridium_SGB6176,0.525476167957402,2219.0,0.1052511949734037,0.1052511949734037,0.0,0.014123855605266245,-0.025187050998087487,up,0.9635348920089171
s__Actinomyces_gerencseriae,0.9966671262860999,2370.0,0.1272848160943806,0.1272848160943806,0.0,-1.7984094310647871,-1.8563562355128769,up,0.999080363880013
s__Lachnoanaerobaculum_saburreum,0.6488867091109647,2262.0,0.05242872021235672,-0.05242872021235672,-0.2007773361132732,0.06591184791945214,0.07575363697670694,down,0.9635348920089171
s__GGB3887_SGB5270,0.6488867091109647,2262.0,0.05242872233056556,-0.05242872233056556,0.0,-0.8891988120623341,-0.8793570226605282,down,0.9635348920089171
s__Oribacterium_SGB5287,0.6488867091109647,2262.0,0.05242872332416717,-0.05242872332416717,0.0,-1.1427478482447597,-1.132906058681333,down,0.9635348920089171
s__Solobacterium_SGB6833,0.8574529080473072,2328.0,0.11675613650408527,0.11675613650408527,0.0,-1.3575802272610655,-1.3919201965786925,up,0.9703029099491263
s__Neisseria_elongata,0.6488867091109647,2262.0,0.05242872819812973,-0.05242872819812973,0.0,-1.8840141304797877,-1.8741723401235548,down,0.9635348920089171
s__Lachnoanaerobaculum_sp_ICM7,0.6488867091109647,2262.0,0.05242872938041795,-0.05242872938041795,0.0,-2.003559245551717,-1.993717455003171,down,0.9635348920089171
s__Mogibacterium_SGB3923,0.6488867091109647,2262.0,0.052428730906642934,-0.052428730906642934,0.0,-2.1393607407830064,-2.1295189499862026,down,0.9635348920089171
s__Peptidiphaga_gingivicola,0.5282042403654144,2220.0,0.18118785684508742,-0.18118785684508742,0.0,-2.226931843000771,-2.129304438570636,down,0.9635348920089171
s__Kocuria_salsicia,0.6488867091109647,2262.0,0.05242874168231769,-0.05242874168231769,0.0,-2.7793977717631537,-2.7695559792135622,down,0.9635348920089171
s__Segatella_sinica,0.3895174079927234,2165.0,0.28088684593414687,-0.28088684593414687,-0.03653215436981924,3.6361153797547505,3.729365336920671,down,0.9635348920089171
s__Prevotella_sp_885,0.5957666702502111,2244.0,0.16344868777667945,-0.16344868777667945,-0.007880458125763434,5.638967051827562,5.669853157345192,down,0.9635348920089171
s__Comamonas_denitrificans,0.5957666702502111,2244.0,0.1634486877748223,-0.1634486877748223,-0.008294341928312774,5.356816058670447,5.387702164187593,down,0.9635348920089171
s__Acinetobacter_junii,0.5957666702502111,2244.0,0.16344868776875837,-0.16344868776875837,-0.009318914886444072,4.766163682946341,4.797049788461905,down,0.9635348920089171
s__Morganella_morganii,0.8345594867637544,2321.0,0.0633533514505219,0.0633533514505219,0.05353059652968809,1.2688037852599594,1.2225880608335753,up,0.9664549021543897
s__Mediterraneibacter_SGB48424,0.8903621709657936,2405.0,0.020091739615965595,-0.020091739615965595,0.0,-0.37513028471861204,-0.36118769254821803,down,0.9742707354864009
s__Butyricicoccus_SGB14990,0.4596911377144557,2194.0,0.13525705030458002,-0.13525705030458002,0.0,-2.334435163322566,-2.1090265132918327,down,0.9635348920089171
s__GGB1380_SGB1883,0.5957666702502111,2244.0,0.16344868770004115,-0.16344868770004115,-0.014949253608407946,2.965283015620047,2.996169121117685,down,0.9635348920089171
s__Acinetobacter_johnsonii,0.5957666702502111,2244.0,0.16344868768635254,-0.16344868768635254,-0.01576281469946032,2.8114425862758856,2.8423286917699526,down,0.9635348920089171
s__Comamonas_thiooxydans,0.5957666702502111,2244.0,0.16344868768265117,-0.16344868768265117,-0.01597689597266901,2.773564693293671,2.804450798786772,down,0.9635348920089171
s__Acinetobacter_baumannii,0.5957666702502111,2244.0,0.1634486876362635,-0.1634486876362635,-0.01851201976552708,2.391633168968786,2.422519274449787,down,0.9635348920089171
s__Acidovorax_temperans,0.5957666702502111,2244.0,0.16344868689596792,-0.16344868689596792,-0.07376811055211578,0.5887331761901753,0.6196192814780624,down,0.9635348920089171
s__Blautia_sp_An46,0.7225463346740737,2286.0,0.05051890874869433,0.05051890874869433,0.05789452818678344,0.42126706983814,0.40469656890813044,up,0.9635348920089171
s__Moraxella_osloensis,0.7194193773294597,2285.0,0.08292220561547364,-0.08292220561547364,0.0,-0.9778384141105717,-0.9526559042230118,down,0.9635348920089171
s__Citrobacter_amalonaticus,0.7351000957263445,2290.0,0.13100421967271933,-0.13100421967271933,0.0,-0.3567340559662386,-0.3310383682896961,down,0.9635348920089171
s__Denitrificimonas_caeni,0.5957666702502111,2244.0,0.16344866746721998,-0.16344866746721998,0.0,-2.5432290300020144,-2.512342929782317,down,0.9635348920089171
s__Vagococcus_fluvialis,0.5957666702502111,2244.0,0.1634486460234792,-0.1634486460234792,0.0,-3.263774614179975,-3.232888519554099,down,0.9635348920089171
s__GGB3364_SGB4450,0.676155511870068,2271.0,0.05304814136984889,-0.05304814136984889,-0.0027409965917452868,5.175203835099365,5.185045623942438,down,0.9635348920089171
s__GGB3678_SGB4992,0.676155511870068,2271.0,0.05304814140155085,-0.05304814140155085,-0.003966903660225757,3.5743717042387657,3.5842134930869882,down,0.9635348920089171
s__Megasphaera_stantonii,0.676155511870068,2271.0,0.05304814142097848,-0.05304814142097848,-0.004463471133720707,3.1761708768988277,3.1860126657502064,down,0.9635348920089171
s__Bradyrhizobium_denitrificans,0.8053324781427499,2312.0,0.15026605711127933,0.15026605711127933,0.0,-1.261631578588852,-1.32747066840202,up,0.9663989737712998
s__Alloscardovia_omnicolens,0.14033789411122752,2018.0,0.42701221342284645,-0.42701221342284645,0.0,-0.2727271802293163,-0.08220871302805981,down,0.9635348920089171
s__GGB1455_SGB2018,0.7988728301499053,2310.0,0.05029331736510256,0.05029331736510256,0.0,-2.2124738139393063,-2.2248290934269055,up,0.9635348920089171
s__Turicibacter_sp_TJ11,0.4225455661524572,2179.0,0.11834895016032927,-0.11834895016032927,0.0,-3.4632825675843373,-3.395631680519202,down,0.9635348920089171
s__GGB9621_SGB15073,0.2944245934595492,2120.0,0.29763744848663487,-0.29763744848663487,-0.2511944879098971,0.4935409163170332,0.5874085163098528,down,0.9635348920089171
s__Enterococcus_casseliflavus,0.41772923301414755,2177.0,0.24798884495321538,-0.24798884495321538,0.0,-1.4466476307122915,-1.161347942514652,down,0.9635348920089171
s__Lactobacillus_acidophilus,0.2925052045061357,2119.0,0.07708491499040006,-0.07708491499040006,-0.04014263706107301,0.7768917977040489,0.7988121724738471,down,0.9635348920089171
s__Luxibacter_massiliensis,0.31207852327810226,2129.0,0.2729117558390629,-0.2729117558390629,0.0,-0.07421424232445369,-0.018301732382269908,down,0.9635348920089171
s__GGB9200_SGB14139,0.4421334302654807,2187.0,0.10523271987269048,-0.10523271987269048,0.0,-0.5061642092510277,-0.4707328283638004,down,0.9635348920089171
s__Eisenbergiella_sp_OF01_20,0.5558759414638932,2230.0,0.09722848612287499,-0.09722848612287499,0.0,-0.8235372538156449,-0.7595739027525863,down,0.9635348920089171
s__GGB36331_SGB53806,0.5986652735891027,2245.0,0.0955451165986302,-0.0955451165986302,-0.008304866444085754,3.2736481729532163,3.2925472555554287,down,0.9635348920089171
s__GGB9495_SGB14892,0.4750462477108389,2200.0,0.16909510640322395,-0.16909510640322395,0.0,-0.014262887856930511,0.016623217239598555,down,0.9635348920089171
s__GGB9357_SGB14330,0.41772923301414755,2177.0,0.1729363516875093,-0.1729363516875093,-0.009387311297151141,4.7313249047935795,4.762211010309019,down,0.9635348920089171
s__Oscillospiraceae_unclassified_SGB15257,0.25587924300258613,2099.0,0.2720846752947876,-0.2720846752947876,-0.02184976488840712,3.424371413495684,3.47662859232722,down,0.9635348920089171
s__GGB2977_SGB3959,0.5309395099901181,2221.0,0.19776943144298179,-0.19776943144298179,0.0,-1.5536204251097914,-1.404107949412246,down,0.9635348920089171
s__GGB9719_SGB53514,0.6731037481206118,2270.0,0.08247501988809165,-0.08247501988809165,-0.15540180581299282,0.26211145909632455,0.2919218569441703,down,0.9635348920089171
s__GGB87445_SGB15180,0.8738802650755434,2333.0,0.10408664752590993,0.10408664752590993,0.7155987530891229,0.1951700078359775,0.11884923483076808,up,0.9742707354864009
s__GGB9618_SGB15064,0.34302101751604797,2144.0,0.2829167787285388,-0.2829167787285388,-0.11132516005084546,0.7779181279117725,0.8403227173762422,down,0.9635348920089171
s__Coprobacillus_sp_AF33_1AC,0.5871095011085609,2241.0,0.04192359008354826,-0.04192359008354826,-0.10414820011079594,0.2688811145843702,0.2890094423184751,down,0.9635348920089171
s__bacterium_OL_1,0.08153093113926091,1954.0,0.5392741768186675,-0.5392741768186675,0.0,-1.3426730799104396,-0.9507778693346043,down,0.9635348920089171
s__GGB9522_SGB98319,0.41772923301414755,2177.0,0.17293634844942435,-0.17293634844942435,0.0,-0.5229356296806822,-0.4920495248643603,down,0.9635348920089171
s__GGB3032_SGB4027,0.41772923301414755,2177.0,0.1729363484020786,-0.1729363484020786,0.0,-0.5373763127927919,-0.5064902079866922,down,0.9635348920089171
s__Vescimonas_fastidiosa,0.20413679560263454,2067.0,0.17405321709533425,-0.17405321709533425,0.0,-0.6194770517344415,-0.5328458977809373,down,0.9635348920089171
s__Lawsonella_SGB3665,0.41772923301414755,2177.0,0.1729363415003477,-0.1729363415003477,0.0,-1.6655108887354175,-1.634624785419434,down,0.9635348920089171
s__Lachnospira_SGB5083,0.41772923301414755,2177.0,0.17293631926984873,-0.17293631926984873,0.0,-2.8219422587259704,-2.791056160209656,down,0.9635348920089171
s__GGB1663_SGB2278,0.4058308166893556,2172.0,0.1735301073154812,-0.1735301073154812,-0.00813856244736008,5.459645418844344,5.4905315243616855,down,0.9635348920089171
s__GGB9701_SGB15218,0.9766731402054258,2379.0,0.035565698046886814,0.035565698046886814,0.011313045741115198,2.410769341171961,2.391938965106419,up,0.9916436052606898
s__Megasphaera_elsdenii,0.6220806418988096,2253.0,0.23162477713431903,-0.23162477713431903,0.0,-0.5738125034051906,-0.453116436676836,down,0.9635348920089171
s__GGB9076_SGB13999,0.4058308166893556,2172.0,0.17353010717387152,-0.17353010717387152,-0.017258387151175007,2.5664762314975023,2.5973623369846166,down,0.9635348920089171
s__GGB33469_SGB15237,0.4034756567316615,2171.0,0.21430485655882045,-0.21430485655882045,-0.3952227796529049,0.2525781715021554,0.3321771285317147,down,0.9635348920089171
s__Haemophilus_sputorum,0.6518942799096743,2263.0,0.2137937872475352,-0.2137937872475352,0.0,-1.1893940065631279,-1.1179125595802282,down,0.9635348920089171
s__GGB9589_SGB15011,0.4058308166893556,2172.0,0.17353010669589486,-0.17353010669589486,-0.03876499520694038,1.1340969315040308,1.164983036889118,down,0.9635348920089171
s__GGB3139_SGB4152,0.4058308166893556,2172.0,0.17353010643881317,-0.17353010643881317,-0.05526739657296336,0.7909035998070231,0.8217897051372348,down,0.9635348920089171
s__GGB9774_SGB15394,0.24724354992789133,2094.0,0.30860930758792093,-0.30860930758792093,-0.1797558941976054,0.6493577966192627,0.7355225217227817,down,0.9635348920089171
s__GGB9640_SGB15115,0.7956481309005246,2309.0,0.010670212412725269,-0.010670212412725269,0.0,-3.845010997655127,-3.837324795498159,down,0.9635348920089171
s__GGB25442_SGB37397,0.4058308166893556,2172.0,0.17353010417791803,-0.17353010417791803,0.0,-0.477393612425203,-0.44650750757759256,down,0.9635348920089171
s__Mitsuokella_jalaludinii,0.4058308166893556,2172.0,0.173530102949537,-0.173530102949537,0.0,-0.807039857231074,-0.7761537526456687,down,0.9635348920089171
s__Bacteroides_congonensis,0.8804668737898316,2335.0,0.14443549591804933,0.14443549591804933,0.020066889976615068,3.266248474649516,3.221131716759251,up,0.9742707354864009
s__GGB3722_SGB5050,0.4081941685949836,2173.0,0.1734752483118233,-0.1734752483118233,-0.005745131922068758,7.740565121520929,7.771451227039859,down,0.9635348920089171
s__GGB9278_SGB14230,0.525476167957402,2219.0,0.22107869792369633,-0.22107869792369633,-0.026277269916487284,2.9436230439226327,2.997729491864978,down,0.9635348920089171
s__GGB9425_SGB14795,0.5419519784828528,2225.0,0.07632595369242398,-0.07632595369242398,-0.16630730058385332,0.3779662692120186,0.42414712724244363,down,0.9635348920089171
s__Oscillospiraceae_unclassified_SGB15256,0.9533662144774582,2357.0,0.0402050882207192,-0.0402050882207192,-0.017334694862896974,1.4207403430061567,1.4379142109518939,down,0.9869442029105397
s__GGB3052_SGB4053,0.6670163844206812,2268.0,0.1751966451723541,-0.1751966451723541,-0.02355924788523134,2.606530378133584,2.6494445285710118,down,0.9635348920089171
s__GGB9357_SGB14332,0.633935398910253,2257.0,0.03494653829942347,-0.03494653829942347,-0.002599093403545305,4.070395161709803,4.077734808873508,down,0.9635348920089171
s__GGB1093_SGB1404,0.5282042403654144,2220.0,0.08590630654542292,-0.08590630654542292,-0.006698838481668222,3.660382252422949,3.6774179559843385,down,0.9635348920089171
s__GGB3351_SGB4434,0.5871095011085609,2241.0,0.21290770120479185,-0.21290770120479185,-0.3925354150429937,0.25338455820988043,0.33261748759656357,down,0.9635348920089171
s__GGB9275_SGB14227,0.4081941685949836,2173.0,0.17347524824844895,-0.17347524824844895,-0.012997176859184386,3.4129578300783985,3.4438439355837867,down,0.9635348920089171
s__GGB9711_SGB15240,0.525476167957402,2219.0,0.14810116384046554,-0.14810116384046554,-0.014053430237791533,2.79472034291315,2.822077006415716,down,0.9635348920089171
s__Desulfovibrio_fairfieldensis,0.5871095011085609,2241.0,0.10698480241182484,-0.10698480241182484,-0.042781745942069946,1.096752518288161,1.129762692211959,down,0.9635348920089171
s__GGB9197_SGB14136,0.4081941685949836,2173.0,0.17347524817121712,-0.17347524817121712,-0.016886038463268156,2.6234079731095115,2.654294078598397,down,0.9635348920089171
s__GGB9636_SGB15108,0.4081941685949836,2173.0,0.17347524814754087,-0.17347524814754087,-0.017937941066848356,2.4686661936923526,2.499552299176179,down,0.9635348920089171
s__GGB9511_SGB14908,0.4081941685949836,2173.0,0.17347524811231857,-0.17347524811231857,-0.01945210483729103,2.27530679828841,2.30619290376471,down,0.9635348920089171
s__GGB9623_SGB15075,0.34943715956221977,2147.0,0.16573287586957763,-0.16573287586957763,0.0,-1.418062567961551,-1.345833564035635,down,0.9635348920089171
s__Faecalicoccus_pleomorphus,0.525476167957402,2219.0,0.06289893500831704,-0.06289893500831704,-0.010839784771694777,1.7848134415547237,1.798274261651776,down,0.9635348920089171
s__GGB9637_SGB15111,0.5282042403654144,2220.0,0.12291576345641886,-0.12291576345641886,-0.02373244224992999,1.3493444740142757,1.371724867291306,down,0.9635348920089171
s__Mobilibacterium_timonense,0.4081941685949836,2173.0,0.17347524762221217,-0.17347524762221217,-0.04230030273759021,1.0380345905755208,1.0689206959470945,down,0.9635348920089171
s__Lactiplantibacillus_plantarum,0.4521190283851557,2191.0,0.04953986574972034,0.04953986574972034,0.043066706941800266,0.8855526626952347,0.8595081965826509,up,0.9635348920089171
s__GGB9291_SGB14248,0.4081941685949836,2173.0,0.17347524744943443,-0.17347524744943443,-0.05368257388917157,0.81470291396999,0.8455890193046444,down,0.9635348920089171
s__GGB3528_SGB4713,0.4081941685949836,2173.0,0.17347524695924588,-0.17347524695924588,-0.11718901981266489,0.364999834252287,0.3958859394821977,down,0.9635348920089171
s__Enterococcus_thailandicus,0.42496588234348953,2180.0,0.07813437146443075,0.07813437146443075,0.3872174122726538,0.20983176598959669,0.1604379779611551,up,0.9635348920089171
s__GGB9628_SGB15082,0.4081941685949836,2173.0,0.17347524573507753,-0.17347524573507753,0.0,-0.27921669615482897,-0.2483305911864992,down,0.9635348920089171
s__GGB9616_SGB15062,0.5282042403654144,2220.0,0.03719827982904969,-0.03719827982904969,0.0,-0.45857598928020854,-0.44993804244131774,down,0.9635348920089171
s__GGB9238_SGB14180,0.8247896000995886,2318.0,0.1234137946899456,0.1234137946899456,0.0,-1.8327132736465728,-1.9092986732430464,up,0.9664549021543897
s__GGB3152_SGB4165,0.4081941685949836,2173.0,0.17347524066580292,-0.17347524066580292,0.0,-1.3666555737379342,-1.3357694698528095,down,0.9635348920089171
s__GGB9712_SGB15241,0.525476167957402,2219.0,0.0161984901648209,0.0161984901648209,0.0,-1.8696153270202882,-1.8747658527050373,up,0.9635348920089171
s__GGB9243_SGB14185,0.4081941685949836,2173.0,0.17347521871190213,-0.17347521871190213,0.0,-2.7201596335404044,-2.6892735343464,down,0.9635348920089171
s__GGB3304_SGB4365,0.27194675763143294,2108.0,0.0943175668611313,-0.0943175668611313,0.0,-2.9033252915940952,-2.8031249960967277,down,0.9635348920089171
s__GGB4602_SGB6365,0.3872199248226502,2164.0,0.2803729817411416,-0.2803729817411416,-5.514198610702241,0.0028315447718027724,0.12940844446401178,down,0.9635348920089171
s__Leuconostoc_mesenteroides,0.6428887528550192,2260.0,0.059962408087210324,-0.059962408087210324,0.0,-2.2331260717249397,-2.1956942276428495,down,0.9635348920089171
s__Leuconostoc_pseudomesenteroides,0.5986652735891027,2245.0,0.07186809934951553,-0.07186809934951553,-0.028931576465562783,0.7940766367572126,0.810161667365261,down,0.9635348920089171
s__Limosilactobacillus_coleohominis,0.7319548618400757,2289.0,0.060770115403896346,-0.060770115403896346,0.0,-1.8985959731940545,-1.8674787552569396,down,0.9635348920089171
s__GGB87334_SGB6273,0.8118054397390899,2314.0,0.11298653772178535,0.11298653772178535,0.0,-1.1643319506028664,-1.2390125496503395,up,0.9664549021543897
s__GGB4604_SGB6371,0.760417987347328,2298.0,0.05564332922740555,-0.05564332922740555,-0.002590298075612434,5.476573264453419,5.486415053296153,down,0.9635348920089171
s__GGB4272_SGB5822,0.760417987347328,2298.0,0.055643329231297986,-0.055643329231297986,-0.002853137515614372,4.971602146538492,4.981443935381858,down,0.9635348920089171
s__Ruminococcus_sp_210702_SL_1_03,0.9068915951679456,2343.0,0.0965375850047181,0.0965375850047181,0.05079867675091705,1.0861121281455943,1.0485345318769606,up,0.9742707354864009
s__GGB33247_SGB47403,0.760417987347328,2298.0,0.05564332929824535,-0.05564332929824535,-0.0048603388897704965,2.9164213668276866,2.926263155681915,down,0.9635348920089171
s__GGB3169_SGB4183,0.760417987347328,2298.0,0.0556433293186626,-0.0556433293186626,-0.005287083135205859,2.6806271679187477,2.690468956776289,down,0.9635348920089171
s__GGB6565_SGB9274,0.760417987347328,2298.0,0.05564332937152882,-0.05564332937152882,-0.006307134165940735,2.246295304764826,2.2561370936309455,down,0.9635348920089171
s__GGB47174_SGB65105,0.9201445835149341,2347.0,0.03586915807823473,0.03586915807823473,0.004909768663615317,2.150404021789061,2.143098221938549,up,0.9742707354864009
s__GGB9266_SGB14215,0.9168291103690169,2346.0,0.08178843260273329,0.08178843260273329,0.0,-0.705087822912464,-0.7296806377087577,up,0.9742707354864009
s__GGB4586_SGB6344,0.8443549771835649,2324.0,0.0030132415874415857,0.0030132415874415857,0.002521904511252863,0.7007265740715656,0.6995027382572488,up,0.9680468644581743
s__GGB9542_SGB14948,0.760417987347328,2298.0,0.05564332995778125,-0.05564332995778125,-0.02149334386285572,0.655700497730317,0.6655422866915615,down,0.9635348920089171
s__Clostridiaceae_bacterium_CLA_AA_H274,0.8118054397390899,2314.0,0.1783200994898592,-0.1783200994898592,0.0,-2.181517067490119,-2.111170106557611,down,0.9664549021543897
s__GGB3627_SGB4906,0.8837633112203424,2336.0,0.0004003405930575598,-0.0004003405930575598,0.0,-2.2249046659088116,-2.2248290934269055,down,0.9742707354864009
s__Macrococcus_caseolyticus,0.760417987347328,2298.0,0.05564339548977296,-0.05564339548977296,0.0,-3.844107205457367,-3.834265405862925,down,0.9635348920089171
s__GGB3738_SGB5072,0.9933343107255256,2369.0,0.16411497420753957,0.16411497420753957,0.0,-3.823285676825322,-3.9396256992989986,up,0.999080363880013
s__Enterococcus_sp_MJM12,0.4750462477108389,2200.0,0.20958583517120202,0.20958583517120202,0.0,-0.7363636121335078,-0.9414777161174559,up,0.9635348920089171
s__Actinomyces_israelii,0.940064576558677,2390.0,0.1724709320516621,0.1724709320516621,0.0,-2.0915828924484727,-2.16656020794443,up,0.9815554468985934
s__GGB9634_SGB15097,0.9135150831631654,2345.0,0.1105758686866755,0.1105758686866755,0.0,-0.5560280285588614,-0.6193995220689816,up,0.9742707354864009
s__Bacteroides_oleiciplenus,0.7731757818719381,2302.0,0.11799067553696271,-0.11799067553696271,0.0,-0.5839477702551442,-0.4974311360929414,down,0.9635348920089171
s__Leclercia_adecarboxylata,0.7731757818719381,2302.0,0.048794590702938206,0.048794590702938206,0.0,-0.664723758286536,-0.6835812980542728,up,0.9635348920089171
s__GGB9253_SGB14199,0.9135150831631654,2345.0,0.03997560362642047,0.03997560362642047,0.0161323930385442,0.7622325418886715,0.7537566416380749,up,0.9742707354864009
s__GGB4658_SGB6445,0.760417987347328,2298.0,0.055746097293400666,-0.055746097293400666,-0.010316686385038694,1.3713699043415906,1.3812116932417675,down,0.9635348920089171
s__Erysipelatoclostridium_sp_An15,0.625035313549059,2254.0,0.2286917745993084,-0.2286917745993084,-0.21645215865375275,0.6841799684315899,0.794930109533865,down,0.9635348920089171
s__Clostridium_cocleatum,0.5986652735891027,2245.0,0.16311038185633528,-0.16311038185633528,-0.008888623607263217,4.997635932599088,5.028522038115386,down,0.9635348920089171
s__Prevotella_buccae,0.6279960232666452,2255.0,0.016614926554013802,-0.016614926554013802,-0.0017092959673653265,4.037035025148318,4.041820913319345,down,0.9635348920089171
s__Enterococcus_gilvus,0.5986652735891027,2245.0,0.16311038180676626,-0.16311038180676626,-0.013563337270700087,3.2698516025077917,3.3007377080110687,down,0.9635348920089171
s__Pseudoramibacter_alactolyticus,0.625035313549059,2254.0,0.23328480875303867,-0.23328480875303867,0.0,-2.8885969845804325,-2.747468760967804,down,0.9635348920089171
s__Prevotella_multisaccharivorax,0.5986652735891027,2245.0,0.16311038177667342,-0.16311038177667342,-0.015470200031892761,2.864911313045684,2.8957974185410555,down,0.9635348920089171
s__Mogibacterium_timidum,0.5614940047202928,2232.0,0.24879756724395458,-0.24879756724395458,0.0,-2.7883616883536058,-2.6370706123029146,down,0.9635348920089171
s__Enterococcus_dispar,0.6279960232666452,2255.0,0.08717392540409934,-0.08717392540409934,-0.014294579665098105,1.9043256691983055,1.9232879859568708,down,0.9635348920089171
s__Enterobacter_mori,0.9800047929125448,2378.0,0.05151998480763115,0.05151998480763115,0.0,-2.073472707433698,-2.113355731342659,up,0.9925920104361922
s__Selenomonas_felix,0.5986652735891027,2245.0,0.163110380882323,-0.163110380882323,-0.09060117631898892,0.4765359288409623,0.5074220341013956,down,0.9635348920089171
s__Mitsuokella_sp_oral_taxon_131,0.5986652735891027,2245.0,0.16311038083322257,-0.16311038083322257,-0.10055308537582222,0.4278776834070237,0.4587637886545588,down,0.9635348920089171
s__Dysgonomonas_capnocytophagoides,0.5986652735891027,2245.0,0.16311038068786746,-0.16311038068786746,-0.1430422983208535,0.296322970553119,0.32720907576247044,down,0.9635348920089171
s__Campylobacter_concisus,0.5986652735891027,2245.0,0.16311037990793842,-0.16311037990793842,0.0,-0.21134805556649516,-0.18046195056202485,down,0.9635348920089171
s__Enterococcus_canis,0.5986652735891027,2245.0,0.16311037948991322,-0.16311037948991322,0.0,-0.4047544335841143,-0.3738683286894559,down,0.9635348920089171
s__Proteus_mirabilis,0.682274983847722,2273.0,0.10980622755374732,0.10980622755374732,0.0,-1.2400151011001521,-1.3221827905433086,up,0.9635348920089171
s__Hallella_seregens,0.5986652735891027,2245.0,0.16311037815351534,-0.16311037815351534,0.0,-0.8508424756250748,-0.8199563710814775,down,0.9635348920089171
s__Selenomonas_SGB5880,0.5986652735891027,2245.0,0.16311037675458484,-0.16311037675458484,0.0,-1.1705407244920047,-1.1396546203158955,down,0.9635348920089171
s__Eggerthellaceae_bacterium_SWB101512,0.5986652735891027,2245.0,0.16311037432745623,-0.16311037432745623,0.0,-1.5590274310318615,-1.5281413274933395,down,0.9635348920089171
s__Selenomonas_noxia,0.6549075236507151,2264.0,0.054690128838869756,-0.054690128838869756,0.0,-2.958262417333651,-2.9452067221565192,down,0.9635348920089171
s__Enterobacter_bugandensis,0.3872199248226502,2164.0,0.19592771074571677,-0.19592771074571677,0.0,-0.02171540072146544,0.08427953727757342,down,0.9635348920089171
s__GGB9271_SGB14223,0.5419519784828528,2225.0,0.2143379207605089,-0.2143379207605089,-0.0254394827983668,2.8060404819838745,2.855959073276245,down,0.9635348920089171
s__GGB3303_SGB4364,0.5200417286139674,2217.0,0.027395239535796943,0.027395239535796943,0.008726461465088382,1.611788503909763,1.6020686689930665,up,0.9635348920089171
s__GGB9117_SGB14050,0.42013334475084974,2178.0,0.17280729947300066,-0.17280729947300066,-0.0825950451080079,0.524194656624931,0.5550807618974034,down,0.9635348920089171
s__Butyrivibrio_crossotus,0.5419519784828528,2225.0,0.046358748522775474,0.046358748522775474,0.0,-0.1029761243241285,-0.12184645068676446,up,0.9635348920089171
s__GGB44238_SGB61642,0.23221799357677875,2085.0,0.31641511747709017,-0.31641511747709017,0.0,-0.4705676478207429,-0.4009259646698761,down,0.9635348920089171
s__GGB29535_SGB42321,0.5391882118918248,2224.0,0.23729608098097918,-0.23729608098097918,0.0,-3.0556509301355113,-2.9819249077023153,down,0.9635348920089171
s__Ruminococcaceae_bacterium_Marseille_P2935,0.42013334475084974,2178.0,0.1728072971810155,-0.1728072971810155,0.0,-0.5781983042827439,-0.5473121995063535,down,0.9635348920089171
s__Aggregatibacter_kilianii,0.42013334475084974,2178.0,0.17280729117588947,-0.17280729117588947,0.0,-1.5897990833854854,-1.5589129799088568,down,0.9635348920089171
s__GGB9529_SGB53518,0.42013334475084974,2178.0,0.1728072852580067,-0.1728072852580067,0.0,-2.0766097002979205,-2.0457235981021706,down,0.9635348920089171
s__Duodenibacillus_massiliensis,0.7131795761599218,2283.0,0.053943036462482365,-0.053943036462482365,-0.041600556850555935,0.3364130941770825,0.34625488318326675,down,0.9635348920089171
s__Porphyromonas_asaccharolytica,0.7477250267908757,2294.0,0.0072905436317273024,-0.0072905436317273024,0.0,-0.1393599847909652,-0.1379158872804979,down,0.9635348920089171
s__Limosilactobacillus_reuteri,0.5200417286139674,2217.0,0.1412623508762508,0.1412623508762508,0.0,-1.27331926839799,-1.386221088083228,up,0.9635348920089171
s__GGB3548_SGB4744,0.7007577458202716,2279.0,0.006264071299025893,0.006264071299025893,0.0008728427497643008,2.1783172753029096,2.176999773445197,up,0.9635348920089171
s__Lachnoclostridium_SGB4602,0.4854373706570898,2204.0,0.06691302542217135,-0.06691302542217135,0.0,-2.2064094140446655,-2.1914353566310836,down,0.9635348920089171
s__Bifidobacterium_angulatum,0.42739427811559205,2181.0,0.17202059703360945,-0.17202059703360945,-0.010702332342856051,4.148082632367996,4.178968737880528,down,0.9635348920089171
s__Senegalimassilia_faecalis,0.5200417286139674,2217.0,0.02308819975431124,-0.02308819975431124,-0.002613207286961584,3.292989235519295,3.2989593549464193,down,0.9635348920089171
s__Bacillus_subtilis,0.676155511870068,2271.0,0.012294296659813537,0.012294296659813537,0.0,-2.9131316542103263,-2.9211616015601125,up,0.9635348920089171
s__Klebsiella_oxytoca,0.6792126051548262,2272.0,0.1429506329115131,0.1429506329115131,0.0,-0.30741440251260105,-0.41531261654046203,up,0.9635348920089171
s__Diaphorobacter_SGB61891,0.42739427811559205,2181.0,0.17202059535098307,-0.17202059535098307,-0.3829320621235722,0.101602596954449,0.13248870209721073,down,0.9635348920089171
s__Leuconostoc_carnosum,0.42739427811559205,2181.0,0.23246608600629193,-0.23246608600629193,0.0,-1.9644924381299504,-1.916739647534704,down,0.9635348920089171
s__GGB9634_SGB15095,0.592874483007928,2243.0,0.14882819938053266,-0.14882819938053266,-0.01027079783902076,5.566152928512881,5.605920731867841,down,0.9635348920089171
s__Segatella_hominis,0.4880542446592311,2205.0,0.16429262155150923,-0.16429262155150923,-0.007566788589734394,5.736877071540691,5.767045453521592,down,0.9635348920089171
s__GGB4255_SGB53440,0.37811292186202794,2160.0,0.1779061815577453,-0.1779061815577453,-0.007452106696483108,5.963984262681534,5.9948703681995745,down,0.9635348920089171
s__GGB3306_SGB4373,0.6309627316255308,2256.0,0.08276214220445942,-0.08276214220445942,-0.050709958539894434,1.3301397181114918,1.3777248134927085,down,0.9635348920089171
s__Clostridium_SGB4909,0.7007577458202716,2279.0,0.016416155671725087,-0.016416155671725087,-0.012486742780259257,1.094485470455297,1.1039995203540702,down,0.9635348920089171
s__GGB9075_SGB13997,0.47246767393302036,2199.0,0.2545501115724454,-0.2545501115724454,0.0,-2.086250934176707,-1.9478304677964118,down,0.9635348920089171
s__GGB4642_SGB6421,0.4854373706570898,2204.0,0.2551689831564197,-0.2551689831564197,-0.2482625836595392,0.6028880794966025,0.7160958904913813,down,0.9635348920089171
s__Levilactobacillus_brevis,0.37811292186202794,2160.0,0.1779061813417354,-0.1779061813417354,-0.019593332587352588,2.258795691295316,2.289681796770904,down,0.9635348920089171
s__Collinsella_provencensis,0.37811292186202794,2160.0,0.17790618122395616,-0.17790618122395616,-0.024115302661633788,1.8323574621677696,1.8632435676202108,down,0.9635348920089171
s__GGB4672_SGB6461,0.37811292186202794,2160.0,0.17790618115828077,-0.17790618115828077,-0.026669569014355785,1.6553938495836606,1.6862799550231948,down,0.9635348920089171
s__GGB3146_SGB4159,0.5012519914080794,2210.0,0.028418616409463585,0.028418616409463585,0.021162594844847213,0.6500899888773735,0.6406235537631831,up,0.9635348920089171
s__GGB9328_SGB14291,0.37811292186202794,2160.0,0.1779061802857185,-0.1779061802857185,-0.08540858932638858,0.5064276922612472,0.5373137975292983,down,0.9635348920089171
s__GGB9095_SGB14026,0.37811292186202794,2160.0,0.1779061778679696,-0.1779061778679696,0.0,-0.555725450114187,-0.5248393453212914,down,0.9635348920089171
s__Alkaliflexus_sp_Ai_910,0.37811292186202794,2160.0,0.17790617654957072,-0.17790617654957072,0.0,-0.8608425579596332,-0.82995645342584,down,0.9635348920089171
s__Catenibacterium_mitsuokai,0.37811292186202794,2160.0,0.17790617562443686,-0.17790617562443686,0.0,-1.030183384735762,-0.9992972803837836,down,0.9635348920089171
s__Lachnospiraceae_unclassified_SGB4708,0.37811292186202794,2160.0,0.17790616033528744,-0.17790616033528744,0.0,-2.3039994559447496,-2.2731133545975184,down,0.9635348920089171
s__GGB3883_SGB5266,0.6398984499572301,2259.0,0.05193180003741601,-0.05193180003741601,0.0,-1.6358345625813093,-1.6259927725579253,down,0.9635348920089171
s__Lactobacillus_kitasatonis,0.6191320474510349,2252.0,0.050944116095458736,-0.050944116095458736,-0.0018063516035944928,7.855509922192652,7.865351711034509,down,0.9635348920089171
s__Companilactobacillus_farciminis,0.6191320474510349,2252.0,0.050944116109030074,-0.050944116109030074,-0.003081050455140146,4.603476651188063,4.613318440032138,down,0.9635348920089171
s__Bifidobacterium_pseudolongum,0.6191320474510349,2252.0,0.050944116124684795,-0.050944116124684795,-0.0036765915461755066,3.857000526156199,3.866842315002832,down,0.9635348920089171
s__Prevotella_SGB1687,0.6792126051548262,2272.0,0.0870609056974879,0.0870609056974879,0.0,-0.6639392607108634,-0.7031304079644908,up,0.9635348920089171
s__Clostridium_tertium,0.6518942799096743,2263.0,0.13374688691122535,0.13374688691122535,0.0,-0.7655401637356338,-0.8335474912934127,up,0.9635348920089171
s__Clostridioides_difficile,0.682274983847722,2273.0,0.11574212032898634,0.11574212032898634,0.0,-0.6793334044453909,-0.7296806377087577,up,0.9635348920089171
s__Enterococcus_canintestini,0.6191320474510349,2252.0,0.05094411630297184,-0.05094411630297184,-0.00740480321910303,1.9125819418980232,1.9224237307737886,down,0.9635348920089171
s__Porphyromonas_bennonis,0.966680855749333,2361.0,0.17297325388358703,0.17297325388358703,0.0,-0.9269329316652138,-0.9835607887502624,up,0.9869442029105397
s__Escherichia_fergusonii,0.6191320474510349,2252.0,0.05094416671475865,-0.05094416671475865,0.0,-3.5817434000461392,-3.57190160293308,down,0.9635348920089171
s__Phocaeicola_faecalis,0.589988748012487,2242.0,0.0837013094025031,-0.0837013094025031,-0.013318219886984917,1.8634877264563654,1.8807701368019238,down,0.9635348920089171
s__GGB3817_SGB5182,0.8215389141821918,2426.0,0.1401816218745432,0.1401816218745432,0.0,-2.531267045934227,-2.701852688923527,up,0.9664549021543897
s__GGB9466_SGB14859,0.8837633112203424,2336.0,0.06076055395241346,0.06076055395241346,0.032973672025972345,0.6956014910611904,0.6798834036458018,up,0.9742707354864009
s__Porphyromonas_sp_HMSC065F10,0.7988728301499053,2310.0,0.07326984359260474,0.07326984359260474,0.0,-1.1519966930669698,-1.1740077287349338,up,0.9635348920089171
s__Sneathia_vaginalis,0.7988728301499053,2310.0,0.06283313135243254,0.06283313135243254,0.04263550221984336,0.6156675900332879,0.5977391848991893,up,0.9635348920089171
s__Anaerococcus_tetradius,0.7351000957263445,2290.0,0.05457364141055841,-0.05457364141055841,-0.03493552194224814,0.40152484356487583,0.41136663256069594,down,0.9635348920089171
s__Peptoniphilus_lacrimalis,0.8053324781427499,2312.0,0.022466771249466527,-0.022466771249466527,0.0,-2.3671532200155108,-2.356024158777417,down,0.9663989737712998
s__Clostridiales_bacterium_KA00274,0.7351000957263445,2290.0,0.05457364185641684,-0.05457364185641684,-0.6709722012501992,0.01662055821678984,0.02646234728493229,down,0.9635348920089171
s__Ezakiella_coagulans,0.8804668737898316,2335.0,0.0036080733238952473,-0.0036080733238952473,0.0,-1.9276918611280265,-1.9263106175219775,down,0.9742707354864009
s__GGB3640_SGB4937,0.7351000957263445,2290.0,0.05457364354406879,-0.05457364354406879,0.0,-0.776056167045952,-0.7662143777040569,down,0.9635348920089171
s__Prevotella_colorans,0.8738802650755434,2333.0,0.1032958008410174,0.1032958008410174,0.0,-1.6188312175976236,-1.6482159044037556,up,0.9742707354864009
s__Porphyromonas_SGB1979,0.5842367778340732,2240.0,0.10076057034259023,-0.10076057034259023,0.0,-1.442665810633027,-1.4227808318394706,down,0.9635348920089171
s__GGB1420_SGB1957,0.8640168578801645,2330.0,0.043016663053000156,-0.043016663053000156,0.0,-1.1458198147126666,-1.1325604922208985,down,0.9726797529908582
s__GGB1550_SGB2135,0.7288141248786871,2288.0,0.0860302250910436,-0.0860302250910436,0.0,-2.0659159747998155,-1.996719987062689,down,0.9635348920089171
s__GGB4260_SGB5794,0.607399214125354,2248.0,0.1133054037946566,-0.1133054037946566,-0.03154417191623177,1.0589648249332788,1.0823738134450853,down,0.9635348920089171
s__GGB9412_SGB14770,0.8345594867637544,2321.0,0.0825419437725621,0.0825419437725621,0.02478312143735403,1.509562936533577,1.4838525977872126,up,0.9664549021543897
s__Gallibacter_intestinalis,0.7225463346740737,2286.0,0.05427678054530667,-0.05427678054530667,-0.0020816042310064504,6.816117517998442,6.825959306840466,down,0.9635348920089171
s__GGB3176_SGB4194,0.7225463346740737,2286.0,0.054276780551275966,-0.054276780551275966,-0.002708407599975855,5.23753379647747,5.247375585320462,down,0.9635348920089171
s__GGB3185_SGB4208,0.6639808714034726,2476.0,0.2429628211088711,0.2429628211088711,0.0,-1.917070159534898,-2.1295189499862026,up,0.9635348920089171
s__Segatella_brasiliensis,0.7225463346740737,2286.0,0.054276780558907216,-0.054276780558907216,-0.0031250028134294904,4.538660778413951,4.548502567258182,down,0.9635348920089171
s__GGB4266_SGB5809,0.7225463346740737,2286.0,0.054276780629516116,-0.054276780629516116,-0.005051427675615686,2.8059110907696896,2.815752879625375,down,0.9635348920089171
s__GGB1246_SGB1667,0.7225463346740737,2286.0,0.054276780725382175,-0.054276780725382175,-0.006891130590818946,2.0555141541911928,2.06535594306243,down,0.9635348920089171
s__GGB12985_SGB20152,0.7225463346740737,2286.0,0.054276780800643916,-0.054276780800643916,-0.008285083955508926,1.7088503979291827,1.7186921868126297,down,0.9635348920089171
s__Enorma_burkinafasonensis,0.7225463346740737,2286.0,0.054276781534492544,-0.054276781534492544,-0.039008648247326166,0.35908980216612524,0.3689315911686231,down,0.9635348920089171
s__GGB9695_SGB15211,0.7699804318123871,2301.0,0.08619587568562395,0.08619587568562395,0.0,-1.2276481527839949,-1.2616550229820755,up,0.9635348920089171
s__GGB9533_SGB14936,0.8215389141821918,2426.0,0.20410660514012693,0.20410660514012693,0.0,-3.9135395893166365,-4.057408457178259,up,0.9664549021543897
s__GGB2732_SGB58358,0.8804668737898316,2335.0,0.07988966126325475,0.07988966126325475,0.0,-2.285051779923328,-2.308210667583362,up,0.9742707354864009
s__GGB9695_SGB15209,0.4225455661524572,2179.0,0.04045127827701773,0.04045127827701773,0.0,-1.2311342745448957,-1.2480639032914074,up,0.9635348920089171
s__GGB38987_SGB63305,0.6609508617844958,2266.0,0.052636109544621,-0.052636109544621,-0.006010976982312789,2.3572110134242736,2.367052802287837,down,0.9635348920089171
s__GGB48168_SGB66171,0.592874483007928,2243.0,0.0429550565159991,0.0429550565159991,0.0,-0.5883993289911426,-0.6018003805895916,up,0.9635348920089171
s__GGB9523_SGB14922,0.6609508617844958,2266.0,0.00360375536176748,0.00360375536176748,0.0,-3.1877309451729796,-3.1908241599510143,up,0.9635348920089171
s__GGB6123_SGB8768,0.6609508617844958,2266.0,0.052636109807310885,-0.052636109807310885,-0.011118783807179877,1.27208660698715,1.2819283958934231,down,0.9635348920089171
s__GGB9476_SGB14870,0.6609508617844958,2266.0,0.052636110167276096,-0.052636110167276096,-0.02249141477964061,0.6263861107190606,0.6362278996838591,down,0.9635348920089171
s__GGB3569_SGB4776,0.6609508617844958,2266.0,0.05263611111071746,-0.05263611111071746,0.0,-0.18311489294083327,-0.17327310382264446,down,0.9635348920089171
s__GGB9225_SGB14166,0.8280432935554788,2319.0,0.16514270860893204,0.16514270860893204,0.0,-2.0028845799538737,-2.0938008801432897,up,0.9664549021543897
s__Raoultella_ornithinolytica,0.6015702565700234,2246.0,0.09048956145229817,-0.09048956145229817,0.0,-1.488067650084933,-1.4159908658366032,down,0.9635348920089171
s__GGB1496_SGB2073,0.7636014837937904,2299.0,0.05637091751159631,-0.05637091751159631,-0.004405545715821111,3.217996745814095,3.2278385346650795,down,0.9635348920089171
s__Prevotella_pectinovora,0.7636014837937904,2299.0,0.05637091753270408,-0.05637091753270408,-0.0048849298580273155,2.9017152194721363,2.911557008326549,down,0.9635348920089171
s__Microbacterium_lacticum,0.7636014837937904,2299.0,0.05637091781805209,-0.05637091781805209,-0.01039086792785762,1.3615444978938651,1.3713862867946187,down,0.9635348920089171
s__Ezakiella_SGB6726,0.7731757818719381,2302.0,0.010401815817192276,0.010401815817192276,0.0,-2.832881013084947,-2.839472160093897,up,0.9635348920089171
s__Klebsiella_grimontii,0.741403859972898,2292.0,0.008970950438106652,-0.008970950438106652,0.0,-0.8869408893928614,-0.8844485593810302,down,0.9635348920089171
s__Porphyromonas_SGB1980,0.910202559066044,2344.0,0.1107044040044158,0.1107044040044158,0.0,-1.171699247773558,-1.2023784218393976,up,0.9742707354864009
s__GGB73496_SGB47079,0.7636014837937904,2299.0,0.05637091874299951,-0.05637091874299951,-0.1414642868246373,0.09552901645973261,0.10537080551069895,down,0.9635348920089171
s__Citrobacter_sp_Marseille_Q6884,0.7636014837937904,2299.0,0.05637091917908992,-0.05637091917908992,0.0,-0.19605168330570033,-0.1862098941839123,down,0.9635348920089171
s__GGB3429_SGB4569,0.7636014837937904,2299.0,0.05637091931470332,-0.05637091931470332,0.0,-0.2717635009669789,-0.26192171182316704,down,0.9635348920089171
s__Candidatus_Nanogingivalis_gingivitcus,0.7636014837937904,2299.0,0.05637092022517396,-0.05637092022517396,0.0,-0.670230652533129,-0.6603888632414554,down,0.9635348920089171
s__Pseudoflavonifractor_phocaeensis,0.6488867091109647,2481.0,0.36888278296011445,0.36888278296011445,0.0,-2.0119372992253144,-2.5533330048434597,up,0.9635348920089171
s__GGB12794_SGB19881,0.7795779788188588,2304.0,0.006613282204781371,0.006613282204781371,0.0,-1.4081134643148274,-1.4094645031514959,up,0.9635348920089171
s__GGB3600_SGB4860,0.7731757818719381,2302.0,0.047336995911903955,0.047336995911903955,0.007575670310961885,2.0084270077864956,1.997908289427058,up,0.9635348920089171
s__Firmicutes_bacterium,0.6191320474510349,2252.0,0.11644524778423439,0.11644524778423439,0.11909933968657717,0.6324952109597446,0.5823777414322873,up,0.9635348920089171
s__GGB51139_SGB71360,0.676155511870068,2271.0,0.05311901603713696,-0.05311901603713696,0.0,-0.7440168162187308,-0.7341750268926055,down,0.9635348920089171
s__GGB3142_SGB4155,0.5813706134190317,2239.0,0.003370545527692422,-0.003370545527692422,-0.004710195452165481,0.7721359458490181,0.7746609803049455,down,0.9635348920089171
s__Candidatus_Saccharibacteria_bacterium_oral_taxon_955,0.4776325266763798,2201.0,0.2991507415872124,-0.2991507415872124,0.0,-2.745496242952369,-2.639895442332363,down,0.9635348920089171
s__Lactococcus_taiwanensis,0.676155511870068,2271.0,0.05316656715770401,-0.05316656715770401,-0.0030996946980886577,4.575757786522555,4.585599575366695,down,0.9635348920089171
s__Culturomica_massiliensis,0.676155511870068,2271.0,0.053166567245538796,-0.053166567245538796,-0.005394494401578358,2.6271546006440554,2.6369963895024617,down,0.9635348920089171
s__Pediococcus_pentosaceus,0.7636014837937904,2299.0,0.1032378175022032,0.1032378175022032,0.0,-0.6780778967937082,-0.7163174110871139,up,0.9635348920089171
s__Enterobacter_cancerogenus,0.8247896000995886,2318.0,0.06159884054657021,0.06159884054657021,0.0,-0.6860281846209773,-0.7031304079644908,up,0.9664549021543897
s__Latilactobacillus_sakei,0.676155511870068,2271.0,0.05316656778584581,-0.05316656778584581,-0.017848088813226394,0.7906198128400207,0.8004616017861858,down,0.9635348920089171
s__Rothia_koreensis,0.676155511870068,2271.0,0.05316656778772346,-0.05316656778772346,-0.017913771814827572,0.7877029416013134,0.7975447305477834,down,0.9635348920089171
s__Melissococcus_sp_OM08_11BH,0.676155511870068,2271.0,0.05316656783343085,-0.05316656783343085,-0.01960857834220119,0.71919680792963,0.729038596883524,down,0.9635348920089171
s__Oribacterium_SGB5283,0.676155511870068,2271.0,0.0531665680677157,-0.0531665680677157,-0.032875876339228643,0.42698590704668754,0.4368276960386349,down,0.9635348920089171
s__Kluyvera_ascorbata,0.5643132967775745,2233.0,0.09557389766789176,-0.09557389766789176,0.0,-0.6501216899917179,-0.5587667856305866,down,0.9635348920089171
s__Lactobacillus_johnsonii,0.760417987347328,2298.0,0.05533864399938315,-0.05533864399938315,-0.0023750467146650394,5.973362848547778,5.983204637390133,down,0.9635348920089171
s__GGB28640_SGB4673,0.8870617623982282,2337.0,0.15385351601884584,0.15385351601884584,0.0,-0.4096594804431149,-0.48787819027123236,up,0.9742707354864009
s__GGB9641_SGB15117,0.760417987347328,2298.0,0.055338644314591345,-0.055338644314591345,-0.009479301608337626,1.4929480097295604,1.5027897986230512,down,0.9635348920089171
s__GGB3057_SGB4059,0.760417987347328,2298.0,0.055338645207511014,-0.055338645207511014,-0.0873090182606788,0.15775455109173492,0.16759634013008068,down,0.9635348920089171
s__GGB9457_SGB14849,0.8280432935554788,2319.0,0.004477141702279329,0.004477141702279329,0.0,-0.808103154252012,-0.8089762329780159,up,0.9664549021543897
s__Dysosmobacter_sp_Marseille_Q4140,0.760417987347328,2298.0,0.055338646432611514,-0.055338646432611514,0.0,-0.540892148266654,-0.5310503590295648,down,0.9635348920089171
s__Hafnia_paralvei,0.741403859972898,2292.0,0.05474946164447252,-0.05474946164447252,-0.00345277003890987,4.10734449777061,4.117186286616167,down,0.9635348920089171
s__Pluralibacter_gergoviae,0.741403859972898,2292.0,0.054749461646366675,-0.054749461646366675,-0.003519401547456593,4.029488595740076,4.03933038458594,down,0.9635348920089171
s__Kluyvera_sichuanensis,0.71006682683083,2282.0,0.13119825139662256,0.13119825139662256,0.0,-1.5884216894071828,-1.668913851135882,up,0.9635348920089171
s__Obesumbacterium_proteus,0.5957666702502111,2244.0,0.03441569370968893,-0.03441569370968893,-0.017710100948511692,0.6817625473911764,0.6901832436059252,down,0.9635348920089171
s__Enterococcus_viikkiensis,0.741403859972898,2292.0,0.05474946185178893,-0.05474946185178893,-0.007794279169317068,1.8167657858637571,1.8266075747429416,down,0.9635348920089171
s__Hafnia_alvei,0.741403859972898,2292.0,0.054749461870436576,-0.054749461870436576,-0.008141795467620045,1.739011111027464,1.748852899909673,down,0.9635348920089171
s__Citrobacter_sp_Res13_Sevr_PEB04_36,0.5957666702502111,2244.0,0.023899481072555264,0.023899481072555264,0.0,-1.405503273906094,-1.413730997941495,up,0.9635348920089171
s__Citrobacter_koseri,0.9966671262860999,2373.0,0.13667246155208282,0.13667246155208282,0.0,-0.07755607931793278,-0.14289102167309156,up,0.999080363880013
s__Pseudocitrobacter_faecalis,0.6488867091109647,2262.0,0.01629608421344134,0.01629608421344134,0.03676116720808456,0.18022211396859,0.17568790559268835,up,0.9635348920089171
s__Streptococcus_parauberis,0.741403859972898,2292.0,0.05474946250031626,-0.05474946250031626,-0.029360281897797578,0.47869810669380475,0.4885398956781833,down,0.9635348920089171
s__GGB9513_SGB14911,0.741403859972898,2292.0,0.05474946254697835,-0.05474946254697835,-0.032875876339228643,0.42698590704668754,0.4368276960386349,down,0.9635348920089171
s__Escherichia_marmotae,0.741403859972898,2292.0,0.054749462784125104,-0.054749462784125104,-0.06966177610144357,0.19894210803092968,0.20878389706134337,down,0.9635348920089171
s__Lelliottia_amnigena,0.741403859972898,2292.0,0.05474946318091271,-0.05474946318091271,0.0,-0.09460507196650633,-0.08476328287173181,down,0.9635348920089171
s__Enterobacter_cloacae,1.0,2372.0,0.15480004958566254,0.15480004958566254,0.0,-3.5838194835071335,-3.743579722480504,up,1.0
s__Enterococcus_hermanniensis,0.741403859972898,2292.0,0.05474946487067879,-0.05474946487067879,0.0,-0.8285741963404065,-0.8187324069715439,down,0.9635348920089171
s__Eubacteriaceae_bacterium_Marseille_Q4139,0.966680855749333,2382.0,0.19669498264970092,0.19669498264970092,0.1078815747977692,1.2876372012855184,1.1948624839604998,up,0.9869442029105397
s__Oscillibacter_ruminantium,0.7131795761599218,2283.0,0.05386856323164495,-0.05386856323164495,-0.008914411612372952,1.587864565359884,1.5977063542486913,down,0.9635348920089171
s__GGB70856_SGB95309,0.7131795761599218,2283.0,0.053868563526102205,-0.053868563526102205,-0.01592275097232207,0.8868122141328193,0.8966540030694103,down,0.9635348920089171
s__Lacrimispora_sp_210928_DFI_3_58,0.7131795761599218,2283.0,0.053868563643707415,-0.053868563643707415,-0.02004499545609079,0.7034318995212943,0.7132736884769699,down,0.9635348920089171
s__GGB9574_SGB14987,0.5643132967775745,2233.0,0.0014276164833042003,0.0014276164833042003,0.0,-1.719056255475261,-1.7195357971444214,up,0.9635348920089171
s__GGB1095_SGB1407,0.8443549771835649,2324.0,0.11631834859936788,0.11631834859936788,0.03678355963351556,2.2680666660008746,2.210970056823323,up,0.9680468644581743
s__Methanobrevibacter_arboriphilus,0.7540632018414068,2296.0,0.05499506554979013,-0.05499506554979013,0.0,-0.7576224670470338,-0.7477806777142735,down,0.9635348920089171
s__GGB9210_SGB14149,0.910202559066044,2344.0,0.038765841741109655,0.038765841741109655,0.0,-0.9869603596063602,-0.9951888253932537,up,0.9742707354864009
s__Atlantibacter_hermannii,0.7540632018414068,2296.0,0.05499507060699202,-0.05499507060699202,0.0,-1.739974797841382,-1.7301330076883088,down,0.9635348920089171
s__GGB2731_SGB3673,0.5586815421456336,2231.0,0.165347742211533,-0.165347742211533,-0.009927013966901,4.473258909061043,4.5041450145754,down,0.9635348920089171
s__Peptacetobacter_hiranonis,0.7827847230108824,2305.0,0.03919838359314076,0.03919838359314076,0.005376740782208413,3.513051360959702,3.499983032824301,up,0.9635348920089171
s__Phytobacter_diazotrophicus,0.5586815421456336,2231.0,0.16534774025697935,-0.16534774025697935,0.0,-0.17273322142710337,-0.141847116403139,down,0.9635348920089171
s__Anaerococcus_obesiensis,0.4776325266763798,2201.0,0.03344731218352284,-0.03344731218352284,0.0,-0.5154454955293823,-0.5064902079866923,down,0.9635348920089171
s__Mediterraneibacter_SGB4607,0.6044815824352852,2247.0,0.1613893278959195,-0.1613893278959195,-0.007650545549970129,5.808891355021369,5.839777460539229,down,0.9635348920089171
s__Pediococcus_acidilactici,0.6044815824352852,2247.0,0.16138932789395438,-0.16138932789395438,-0.008150425847014992,5.451676164332583,5.4825622698499075,down,0.9635348920089171
s__Alistipes_SGB2302,0.4776325266763798,2201.0,0.1690092885477607,-0.1690092885477607,0.0,-0.26804339618092343,-0.2371572912064738,down,0.9635348920089171
s__Shuttleworthia_satelles,0.6639808714034726,2267.0,0.08760481536133793,-0.08760481536133793,0.0,-4.150550221610717,-4.1017958287563845,down,0.9635348920089171
s__GGB2964_SGB3946,0.4776325266763798,2201.0,0.16900926874918581,-0.16900926874918581,0.0,-2.5165607971445967,-2.4856746967854413,down,0.9635348920089171
s__Paraclostridium_bifermentans,0.7038558651334981,2280.0,0.03843083884144731,0.03843083884144731,0.006058651982464252,2.2539667441403815,2.2445209740006327,up,0.9635348920089171
s__GGB4617_SGB6392,0.7382497780183291,2291.0,0.004161978451870558,0.004161978451870558,0.0005083910555344028,2.4221440712878572,2.421290682729729,up,0.9635348920089171
s__Caniella_SGB63087,0.592874483007928,2243.0,0.23555070007169168,-0.23555070007169168,0.0,-0.31774861157926204,-0.19692332640917143,down,0.9635348920089171
s__GGB1551_SGB2136,0.6015702565700234,2246.0,0.09261564791987645,-0.09261564791987645,-0.006954937170182838,3.783264880390163,3.8015472575415985,down,0.9635348920089171
s__GGB4700_SGB6506,0.6132532452402786,2250.0,0.2072939780227558,-0.2072939780227558,-0.08719876387788744,1.46304900895742,1.5542050573125188,down,0.9635348920089171
s__GGB4597_SGB6359,0.9168291103690169,2346.0,0.022965085989229903,0.022965085989229903,0.007077260116584093,0.9186323574505679,0.9141369655440961,up,0.9742707354864009
s__Parvimonas_parva,0.760417987347328,2298.0,0.05554017894715598,-0.05554017894715598,-0.02232989702300726,0.6309523285949502,0.6407941175591882,down,0.9635348920089171
s__GGB3124_SGB4136,0.9566938003916896,2385.0,0.01153778373981485,-0.01153778373981485,0.0,-1.7257523415606013,-1.7194936263510425,down,0.9869442029105397
s__GGB4689_SGB6487,0.7763749812910754,2440.0,0.1766846584795025,0.1766846584795025,0.8934445299972458,0.21729597073256912,0.11697635118203954,up,0.9635348920089171
s__Prevotella_disiens,0.760417987347328,2298.0,0.05554021307320589,-0.05554021307320589,0.0,-3.2022542615585805,-3.1924124670575056,down,0.9635348920089171
s__Eubacterium_SGB4329,0.682274983847722,2273.0,0.053352989253344786,-0.053352989253344786,-0.002125523877733247,6.6751746213192105,6.685016410161272,down,0.9635348920089171
s__Parabacteroides_SGB1944,0.6579263983590454,2265.0,0.052578066297229414,-0.052578066297229414,-0.006112596382044382,2.317941657174006,2.3277834460384423,down,0.9635348920089171
s__Bradyrhizobium_diazoefficiens,0.6579263983590454,2265.0,0.05257808053328743,-0.05257808053328743,0.0,-2.3180524587626725,-2.308210667583362,down,0.9635348920089171
s__Herbaspirillum_huttiense,0.6579263983590454,2265.0,0.052578081536220955,-0.052578081536220955,0.0,-2.385493709387632,-2.375651918045238,down,0.9635348920089171
s__Clostridium_sp_chh4_2,0.5671393855898632,2234.0,0.22590087389578126,-0.22590087389578126,0.0,-3.940881408969928,-3.8049936134386875,down,0.9635348920089171
s__Bacteroides_sp_AF39_11AC,0.7477250267908757,2294.0,0.14793976508860107,0.14793976508860107,0.14664611343534484,1.068964339734978,0.9656468733805826,up,0.9635348920089171
s__GGB4711_SGB6524,0.682274983847722,2273.0,0.053424357503213254,-0.053424357503213254,-0.004324344646820909,3.2785155007460256,3.288357289596469,down,0.9635348920089171
s__Parabacteroides_SGB1950,0.37360930935934156,2158.0,0.029147633708767308,-0.029147633708767308,0.0,-1.036216721491499,-1.0163495895113692,down,0.9635348920089171
s__GGB4541_SGB6262,0.8312999405081587,2320.0,0.045259738818404414,0.045259738818404414,0.011098916803478298,1.412467188108339,1.4016425112024535,up,0.9664549021543897
s__Clostridium_SGB48024,0.6549075236507151,2264.0,0.07507453403822174,-0.07507453403822174,-0.028426364022465435,1.136866063000611,1.1594886202586283,down,0.9635348920089171
s__Epilithonimonas_hominis,0.682274983847722,2273.0,0.05342435803535735,-0.05342435803535735,-0.015970193455205107,0.8841632060077723,0.894004994944615,down,0.9635348920089171
s__Acinetobacter_parvus,0.7477250267908757,2294.0,0.034752357153954645,0.034752357153954645,0.0,-1.2459845041161273,-1.2540504247534603,up,0.9635348920089171
s__Desulfovibrio_intestinalis,0.592874483007928,2243.0,0.21100983955843344,-0.21100983955843344,0.0,-2.6501861234282273,-2.5892892170273583,down,0.9635348920089171
s__GGB4559_SGB6293,0.7699804318123871,2301.0,0.10707553682254843,-0.10707553682254843,-0.01660465227052499,3.7218172487285996,3.7649008439328546,down,0.9635348920089171
s__GGB4703_SGB6510,0.4880542446592311,2205.0,0.25868776497180196,-0.25868776497180196,-0.1392479802258266,1.303966520073469,1.4360986029515936,down,0.9635348920089171
s__GGB4611_SGB6385,0.38493072485175206,2163.0,0.1801947469682666,-0.1801947469682666,-0.007260731775596878,6.121586477132483,6.152472582650678,down,0.9635348920089171
s__GGB3623_SGB4900,0.38493072485175206,2163.0,0.18019474693693607,-0.18019474693693607,-0.010794615423941226,4.112489012359195,4.1433751178714875,down,0.9635348920089171
s__GGB9285_SGB14238,0.38493072485175206,2163.0,0.1801947469263662,-0.1801947469263662,-0.011508729521729653,3.8563542179024908,3.8872403234127924,down,0.9635348920089171
s__GGB1528_SGB2111,0.5039140440889992,2211.0,0.11951722483980749,-0.11951722483980749,-0.008688572673156241,3.5208909209401793,3.5421593242153757,down,0.9635348920089171
s__GGB9548_SGB14955,0.38493072485175206,2163.0,0.18019474677724204,-0.18019474677724204,-0.01826815742315953,2.423764447028662,2.454650552510868,down,0.9635348920089171
s__Propionibacterium_freudenreichii,0.38493072485175206,2163.0,0.18019474673092659,-0.18019474673092659,-0.020009244101337215,2.211524905242772,2.2424110107162525,down,0.9635348920089171
s__GGB1523_SGB2105,0.38493072485175206,2163.0,0.18019474672592242,-0.18019474672592242,-0.020194736520090226,2.1910704482403873,2.221956553712925,down,0.9635348920089171
s__GGB9542_SGB14947,0.38493072485175206,2163.0,0.18019474666899749,-0.18019474666899749,-0.02228812668182853,1.9838329771100405,2.0147190825718533,down,0.9635348920089171
s__GGB9778_SGB15398,0.38493072485175206,2163.0,0.18019474653639136,-0.18019474653639136,-0.02721402929097702,1.621968002304891,1.6528541077417207,down,0.9635348920089171
s__GGB9775_SGB15395,0.7667889821674464,2300.0,0.044676310357431685,-0.044676310357431685,0.0,-0.9565392338736866,-0.9392849457508384,down,0.9635348920089171
s__GGB1525_SGB2107,0.38493072485175206,2163.0,0.18019474643135583,-0.18019474643135583,-0.03133911342070657,1.4064536899931674,1.4373397954102083,down,0.9635348920089171
s__GGB79087_SGB105683,0.6279960232666452,2255.0,0.006691792407095171,-0.006691792407095171,-0.006389838748662007,0.4586900722184775,0.46072616151871354,down,0.9635348920089171
s__Salmonella_enterica,0.38493072485175206,2163.0,0.18019474605374114,-0.18019474605374114,-0.04990127077303543,0.8775937932443393,0.908479898590237,down,0.9635348920089171
s__GGB6126_SGB8772,0.38493072485175206,2163.0,0.180194745980051,-0.180194745980051,-0.05461780991422663,0.8004914007783234,0.8313775061103378,down,0.9635348920089171
s__GGB1521_SGB2103,0.38493072485175206,2163.0,0.1801947457008217,-0.1801947457008217,-0.0784468664048913,0.5527148778659912,0.5836009831453984,down,0.9635348920089171
s__GGB6518_SGB9205,0.5092604502070492,2213.0,0.09680930121503543,-0.09680930121503543,-0.04960690049755129,0.5104533929339876,0.5283105215086675,down,0.9635348920089171
s__GGB9551_SGB14958,0.506583538989541,2212.0,0.019090848204445246,-0.019090848204445246,-0.024671592731823722,0.2739310602374338,0.2786558519019879,down,0.9635348920089171
s__GGB34231_SGB47113,0.38493072485175206,2163.0,0.18019474500201502,-0.18019474500201502,-0.3433445584451312,0.11494883839841549,0.1458349435461667,down,0.9635348920089171
s__GGB3004_SGB3995,0.5012519914080794,2210.0,0.07311623029877648,-0.07311623029877648,0.0,-0.4510927396636849,-0.43628595419576616,down,0.9635348920089171
s__Leuconostoc_SGB48612,0.38493072485175206,2163.0,0.1801947429392196,-0.1801947429392196,0.0,-0.6011878207456389,-0.570301715986521,down,0.9635348920089171
s__Tetragenococcus_halophilus,0.23221799357677875,2085.0,0.2838138809746107,-0.2838138809746107,0.0,-1.030183384735762,-0.9787944043861054,down,0.9635348920089171
s__GGB9454_SGB14846,0.49067870932066526,2206.0,0.25261563933634246,-0.25261563933634246,0.0,-3.0556509301355117,-2.9861977016902257,down,0.9635348920089171
s__GGB9695_SGB15210,0.38493072485175206,2163.0,0.1801947417168223,-0.1801947417168223,0.0,-0.8658803514820018,-0.8349942469531851,down,0.9635348920089171
s__Lactococcus_cremoris,0.6044815824352852,2247.0,0.16196882870137133,0.16196882870137133,0.0,-1.4279717619257952,-1.5485501950000196,up,0.9635348920089171
s__GGB6512_SGB9197,0.38493072485175206,2163.0,0.1801947344339878,-0.1801947344339878,0.0,-1.7353066344262085,-1.7044205312694871,down,0.9635348920089171
s__GGB33539_SGB53381,0.506583538989541,2212.0,0.0057540310710977385,-0.0057540310710977385,0.0,-3.234419473651219,-3.232888519554099,down,0.9635348920089171
s__Haemophilus_paraphrohaemolyticus,0.7540632018414068,2296.0,0.05507248863129626,-0.05507248863129626,-0.007687004190742037,1.8421879723602719,1.8520297612385168,down,0.9635348920089171
s__GGB4661_SGB6449,0.7540632018414068,2296.0,0.05507248912462325,-0.05507248912462325,-0.020702518621030366,0.6809349683580858,0.690776757316353,down,0.9635348920089171
s__GGB9266_SGB14216,0.7540632018414068,2296.0,0.05507248967877298,-0.05507248967877298,-0.12465296955953277,0.10905579223795532,0.11889758128611096,down,0.9635348920089171
s__Latilactobacillus_curvatus,0.6639808714034726,2267.0,0.05277731594542499,-0.05277731594542499,-0.004214835896404628,3.363824749533913,3.3736665383836466,down,0.9635348920089171
s__Bacteroides_fluxus,0.6639808714034726,2267.0,0.052777316004702396,-0.052777316004702396,-0.005512119844157346,2.5709877677246236,2.5808295565839923,down,0.9635348920089171
s__Furfurilactobacillus_milii,0.7699804318123871,2301.0,0.050366871264284734,0.050366871264284734,0.024225353940489344,0.7880165100634626,0.7748948213170218,up,0.9635348920089171
s__Leuconostoc_holzapfelii,0.6639808714034726,2267.0,0.05277731616020359,-0.05277731616020359,-0.008424214778836365,1.6805466219876783,1.690388410872322,down,0.9635348920089171
s__Blautia_SGB4833,0.6639808714034726,2267.0,0.0527773171399397,-0.0527773171399397,-0.10532358453392242,0.12994923903676917,0.1397910280806575,down,0.9635348920089171
s__GGB4580_SGB6330,0.6639808714034726,2267.0,0.05277731734085608,-0.05277731734085608,0.0,-0.019825060149209848,-0.009983271072664904,down,0.9635348920089171
s__Lactococcus_SGB96887,0.6639808714034726,2267.0,0.05277731772390872,-0.05277731772390872,0.0,-0.25505002091938855,-0.24520823178058285,down,0.9635348920089171
s__Lactococcus_plantarum,0.6639808714034726,2267.0,0.05277731791334177,-0.05277731791334177,0.0,-0.35368061866481537,-0.34383882949521954,down,0.9635348920089171
s__GGB1627_SGB2230,0.6639808714034726,2267.0,0.05277731883663971,-0.05277731883663971,0.0,-0.7305937970813333,-0.7207520077616661,down,0.9635348920089171
s__Furfurilactobacillus_siliginis,0.6639808714034726,2267.0,0.05277731890346335,-0.05277731890346335,0.0,-0.7530666509240511,-0.7432248615935225,down,0.9635348920089171
s__Loigolactobacillus_coryniformis,0.6639808714034726,2267.0,0.05277732123148985,-0.05277732123148985,0.0,-1.326412561668547,-1.3165707719596247,down,0.9635348920089171
s__GGB1538_SGB2121,0.47246767393302036,2199.0,0.13285823151065868,-0.13285823151065868,-0.01934625734623416,3.185475227904221,3.2284795206448353,down,0.9635348920089171
s__GGB1568_SGB2155,0.48282811088822,2203.0,0.168368483553148,-0.168368483553148,-0.016516966710169403,2.682371788922401,2.713257894413018,down,0.9635348920089171
s__Enorma_phocaeensis,0.48282811088822,2203.0,0.16836848321474568,-0.16836848321474568,-0.03272163393001873,1.3463820132644937,1.377268118675215,down,0.9635348920089171
s__GGB70869_SGB2145,0.42013334475084974,2178.0,0.2894332103266196,-0.2894332103266196,0.0,-3.32093296266052,-3.223203559188374,down,0.9635348920089171
s__GGB51110_SGB71326,0.5728118209881186,2236.0,0.16246739988198383,-0.16246739988198383,0.0,-1.2868817291298633,-1.2530711865792938,down,0.9635348920089171
s__Arachnia_SGB15898,0.4933107407337587,2207.0,0.21109455677149613,-0.21109455677149613,0.0,-2.5845830547009485,-2.476125828374779,down,0.9635348920089171
s__GGB9621_SGB15072,0.5012519914080794,2210.0,0.16763560235346675,-0.16763560235346675,-0.10281442723233598,0.41813508747940203,0.4490211927242784,down,0.9635348920089171
s__Pseudocitrobacter_vendiensis,0.5012519914080794,2210.0,0.16763559761007485,-0.16763559761007485,0.0,-1.2196734061710597,-1.1887873020625839,down,0.9635348920089171
s__Collinsella_SGB14745,0.7194193773294597,2285.0,0.054138097835947536,-0.054138097835947536,-0.0031157004723995165,4.552226239389041,4.562068028233239,down,0.9635348920089171
s__Furfurilactobacillus_rossiae,0.7194193773294597,2285.0,0.054138101886978526,-0.054138101886978526,0.0,-1.0529439648502739,-1.0431021753488299,down,0.9635348920089171
s__GGB4571_SGB6321,0.8673023849719943,2331.0,0.06863318781709878,0.06863318781709878,0.012463532534183846,2.279132842456102,2.259528076858172,up,0.9730709685051644
s__GGB3475_SGB4638,0.757238543280802,2297.0,0.05511964530042946,-0.05511964530042946,-0.01699428951347019,0.8305870724904171,0.8404288614324923,down,0.9635348920089171
s__GGB2657_SGB3578,0.757238543280802,2297.0,0.055119645531916305,-0.055119645531916305,-0.02743683906071171,0.5125996574900664,0.5224414464696915,down,0.9635348920089171
s__GGB3034_SGB4030,0.625035313549059,2254.0,0.10949404074936123,-0.10949404074936123,0.0,-0.09589522012657707,-0.04070826543835892,down,0.9635348920089171
s__Tsuneonella_sp_YG55,0.757238543280802,2297.0,0.05511964734423803,-0.05511964734423803,0.0,-0.6292413113425864,-0.6193995220689816,down,0.9635348920089171
s__GGB9289_SGB14244,0.757238543280802,2297.0,0.05511964945099176,-0.05511964945099176,0.0,-1.2122202114547425,-1.2023784218393976,down,0.9635348920089171
s__Drancourtella_massiliensis,0.7795779788188588,2304.0,0.1472625978873188,0.1472625978873188,0.0,-0.6224263382013278,-0.6944347017530947,up,0.9635348920089171
s__Dorea_sp_D27,0.676155511870068,2271.0,0.05309029794729688,-0.05309029794729688,-0.00481863544845337,2.941704415721428,2.951546204575345,down,0.9635348920089171
s__Slackia_exigua,0.8182912896901339,2316.0,0.04491580473757793,0.04491580473757793,0.0,-1.2132290378106558,-1.2241974660601063,up,0.9664549021543897
s__Clostridium_sp_MCC353,0.676155511870068,2271.0,0.05309030321067624,-0.05309030321067624,0.0,-1.326412561668547,-1.3165707719596247,down,0.9635348920089171
s__Staphylococcus_nepalensis,0.7194193773294597,2285.0,0.054141648549819045,-0.054141648549819045,-0.004570025299200241,3.1020010400703,3.111842828922418,down,0.9635348920089171
s__Staphylococcus_arlettae,0.7194193773294597,2285.0,0.05414164912514907,-0.05414164912514907,-0.017697411596154684,0.7973929397154986,0.807234728660959,down,0.9635348920089171
s__GGB9547_SGB14953,0.7194193773294597,2285.0,0.054141649131999196,-0.054141649131999196,-0.01793581662020414,0.7867287574223489,0.7965705463689207,down,0.9635348920089171
s__Peptidiphaga_SGB69229,0.7194193773294597,2285.0,0.05414165006403459,-0.05414165006403459,0.0,-0.10643952905629718,-0.09659773995851072,down,0.9635348920089171
s__Actinomyces_SGB17145,0.7194193773294597,2285.0,0.05414165034771922,-0.05414165034771922,0.0,-0.2717635009669789,-0.26192171182316704,down,0.9635348920089171
s__GGB9694_SGB15204,0.870590205972356,2332.0,0.05478476945803082,0.05478476945803082,0.0,-3.9259750260546546,-3.9396256992989986,up,0.9734621074208114
s__Companilactobacillus_paralimentarius,0.6044815824352852,2247.0,0.1617784595595541,-0.1617784595595541,0.0,-0.46378796129500754,-0.4329018564383227,down,0.9635348920089171
s__GGB32451_SGB47419,0.7131795761599218,2283.0,0.05396038628475378,-0.05396038628475378,-0.003526685915897834,4.021155532733118,4.030997321579016,down,0.9635348920089171
s__Fructilactobacillus_fructivorans,0.7731757818719381,2302.0,0.06171158371290927,0.06171158371290927,0.0,-0.7445398671382316,-0.7615739985782178,up,0.9635348920089171
s__GGB1527_SGB2110,0.6044815824352852,2247.0,0.019510018433182813,0.019510018433182813,0.002619444488869119,3.4545801831003966,3.4483135288833786,up,0.9635348920089171
s__Bacteroides_propionicigenes,0.8280432935554788,2319.0,0.11250642205620652,0.11250642205620652,0.0,-1.2535081115112332,-1.3246679808809407,up,0.9664549021543897
s__Prevotella_SGB1604,0.760417987347328,2298.0,0.05585940910809351,-0.05585940910809351,-0.0030837389042200803,4.59945898526705,4.609300774111135,down,0.9635348920089171
s__GGB1110_SGB1424,0.760417987347328,2298.0,0.055859409114852515,-0.055859409114852515,-0.003367534800596748,4.2114294175852685,4.22127120643045,down,0.9635348920089171
s__GGB4567_SGB6308,0.7827847230108824,2438.0,0.22069115026180244,0.22069115026180244,0.0,-0.5166194917608256,-0.7031304079644908,up,0.9635348920089171
s__GGB32024_SGB48242,0.760417987347328,2298.0,0.05585940911921946,-0.05585940911921946,-0.0035252083450095046,4.022843037926334,4.032684826772225,down,0.9635348920089171
s__Bacteroides_pectinophilus,0.760417987347328,2298.0,0.05585940914439399,-0.05585940914439399,-0.004252609326045618,3.333902204426005,3.3437439932759814,down,0.9635348920089171
s__GGB4671_SGB6460,0.760417987347328,2298.0,0.055859409153190986,-0.055859409153190986,-0.004467114845633699,3.1735761454337976,3.1834179342852016,down,0.9635348920089171
s__GGB1582_SGB2173,0.760417987347328,2298.0,0.05585940916738194,-0.05585940916738194,-0.0047902355397618996,2.9591740648910427,2.9690158537447497,down,0.9635348920089171
s__GGB4558_SGB6290,0.760417987347328,2298.0,0.05585940917757451,-0.05585940917757451,-0.00500949131546816,2.8294415881200217,2.839283376975383,down,0.9635348920089171
s__GGB3480_SGB4648,0.973341894401155,2380.0,0.17504516571751103,0.17504516571751103,0.0,-3.2176637912537425,-3.364262526615971,up,0.9906909509086126
s__GGB9350_SGB14317,0.9201445835149341,2347.0,0.0809043466295014,0.0809043466295014,0.013776304409059928,2.4445223464682284,2.421290682729729,up,0.9742707354864009
s__GGB4694_SGB6493,0.760417987347328,2298.0,0.055859409222204864,-0.055859409222204864,-0.005898652949354391,2.4021913543063698,2.412033143168974,down,0.9635348920089171
s__GGB4686_SGB6483,0.760417987347328,2298.0,0.055859409254958636,-0.055859409254958636,-0.006513500621946731,2.174970524275923,2.1848123131438433,down,0.9635348920089171
s__GGB3517_SGB4696,0.760417987347328,2298.0,0.05585940926241559,-0.05585940926241559,-0.006651636539130322,2.129700422228264,2.1395422110973943,down,0.9635348920089171
s__Dysosmobacter_SGB15074,0.9168291103690169,2346.0,0.09691664760435088,0.09691664760435088,0.0,-1.782213531345109,-1.8193641186520295,up,0.9742707354864009
s__GGB13283_SGB4948,0.760417987347328,2298.0,0.05585940936316209,-0.05585940936316209,-0.008521921123418758,1.6612223493160383,1.671064138201519,down,0.9635348920089171
s__GGB9267_SGB14218,0.760417987347328,2298.0,0.055859409443275825,-0.055859409443275825,-0.01010064180616959,1.4008074056100366,1.410649194508519,down,0.9635348920089171
s__GGB1562_SGB2149,0.760417987347328,2298.0,0.05585940948517744,-0.05585940948517744,-0.010985643649883912,1.2875631061862303,1.2974048950915131,down,0.9635348920089171
s__GGB74703_SGB54323,0.760417987347328,2298.0,0.05585940958388175,-0.05585940958388175,-0.013300150953587525,1.0626459836195357,1.0724877725408375,down,0.9635348920089171
s__GGB9282_SGB14235,0.760417987347328,2298.0,0.05585940959273795,-0.05585940959273795,-0.013527102924260305,1.0447350573189096,1.0545768462416487,down,0.9635348920089171
s__GGB74700_SGB54319,0.760417987347328,2298.0,0.055859409866032245,-0.055859409866032245,-0.023169538716478994,0.6079098349759213,0.6177516239430141,down,0.9635348920089171
s__Gallalistipes_aquisgranensis,0.9135150831631654,2345.0,0.005111100905293106,-0.005111100905293106,-0.003157503624730633,0.421838513931491,0.42276276696688236,down,0.9742707354864009
s__GGB3755_SGB5104,0.760417987347328,2298.0,0.05585941015902243,-0.05585941015902243,-0.04876948758069707,0.28624583702390566,0.29608762603854855,down,0.9635348920089171
s__Lachnospiraceae_unclassified_SGB69346,0.760417987347328,2298.0,0.05585941073380446,-0.05585941073380446,0.0,-0.1452793604967975,-0.13543757138887175,down,0.9635348920089171
s__GGB4550_SGB6272,0.760417987347328,2298.0,0.055859411317150276,-0.055859411317150276,0.0,-0.44960073443807347,-0.43975894523547504,down,0.9635348920089171
s__GGB9343_SGB14307,0.9068915951679456,2343.0,0.019561036479394563,0.019561036479394563,0.0,-2.636485299488117,-2.6403443313280683,up,0.9742707354864009
s__Clostridium_porci,0.676155511870068,2271.0,0.053036524963856434,-0.053036524963856434,-0.0037720276305290355,3.759290146030118,3.7691319348772505,down,0.9635348920089171
s__GGB35456_SGB71664,0.676155511870068,2271.0,0.05303652502441457,-0.05303652502441457,-0.005215498760257252,2.7174870848807386,2.7273288737377097,down,0.9635348920089171
s__Plesiomonas_shigelloides,0.7956481309005246,2309.0,0.08794209352438291,0.08794209352438291,0.0,-1.0021557954637412,-1.0369859490795608,up,0.9635348920089171
s__Clostridia_bacterium_UC5_1_1C12,0.7827847230108824,2305.0,0.06951888105811685,0.06951888105811685,0.0,-1.1115252120953427,-1.132906058681333,up,0.9635348920089171
s__Coriobacteriales_bacterium_DNF00809,0.676155511870068,2271.0,0.05303652555349144,-0.05303652555349144,-0.017167528030858088,0.8221561093587276,0.831997898301652,down,0.9635348920089171
s__GGB3012_SGB4003,0.676155511870068,2271.0,0.05303652597976909,-0.05303652597976909,-0.04647599870843461,0.3006116063697853,0.3104533953819624,down,0.9635348920089171
s__Dialister_micraerophilus,0.676155511870068,2271.0,0.05303652746674651,-0.05303652746674651,0.0,-0.5821738041576786,-0.5723320149039283,down,0.9635348920089171
s__Peptoniphilus_coxii,0.676155511870068,2271.0,0.0530365278988725,-0.0530365278988725,0.0,-0.7395224270327109,-0.7296806377087577,down,0.9635348920089171
s__Megasphaera_cerevisiae,0.5986652735891027,2245.0,0.2343213656948691,-0.2343213656948691,0.0,-1.4832550059198508,-1.370963517378382,down,0.9635348920089171
s__Anaerococcus_degeneri,0.676155511870068,2271.0,0.05303653634239848,-0.05303653634239848,0.0,-2.086250934176707,-2.076409143481025,down,0.9635348920089171
s__Campylobacter_ureolyticus,0.676155511870068,2271.0,0.053036536542595665,-0.053036536542595665,0.0,-2.1036426708714955,-2.0938008801432897,down,0.9635348920089171
s__Peptoniphilus_duerdenii,0.676155511870068,2271.0,0.05303655802432029,-0.05303655802432029,0.0,-3.1509610195195905,-3.1411192253014804,down,0.9635348920089171
s__GGB9559_SGB69175,0.7194193773294597,2285.0,0.05406080930453835,-0.05406080930453835,0.0,-0.24133238543924834,-0.23149059630448954,down,0.9635348920089171
s__Veillonella_seminalis,0.6731037481206118,2270.0,0.05295822964125328,-0.05295822964125328,-0.0022732443854890875,6.2410872270555675,6.250929015897786,down,0.9635348920089171
s__Pseudoxanthomonas_japonensis,0.6731037481206118,2270.0,0.0529582296527544,-0.0529582296527544,-0.0030843737373152627,4.598511301636686,4.608353090480773,down,0.9635348920089171
s__Hydrogenophaga_borbori,0.6731037481206118,2270.0,0.05295822968229475,-0.05295822968229475,-0.004078675100629389,3.476285397452291,3.4861271863011782,down,0.9635348920089171
s__Hoeflea_sp_108,0.6731037481206118,2270.0,0.05295822970084976,-0.05295822970084976,-0.004539140757095078,3.1231406579394307,3.132982446791333,down,0.9635348920089171
s__Hyphomicrobium_zavarzinii,0.6731037481206118,2270.0,0.052958229757385886,-0.052958229757385886,-0.005719158828382332,2.4777376579630213,2.4875794468241095,down,0.9635348920089171
s__Reyranella_massiliensis,0.6731037481206118,2270.0,0.0529582297916812,-0.0529582297916812,-0.006369318825344248,2.2243163981461542,2.234158187012815,down,0.9635348920089171
s__Roseicella_frigidaeris,0.6731037481206118,2270.0,0.052958229795458625,-0.052958229795458625,-0.00643971387342615,2.199947807242786,2.20978959611006,down,0.9635348920089171
s__Bosea_sp_AS_1,0.6731037481206118,2270.0,0.05295822985349552,-0.05295822985349552,-0.007511515665654297,1.8853410331648748,1.8951828220415792,down,0.9635348920089171
s__Blautia_sp_An249,0.8150467803527273,2315.0,0.07975353448045681,0.07975353448045681,0.0,-0.8996665107270311,-0.9273662367239387,up,0.9664549021543897
s__Glutamicibacter_soli,0.6731037481206118,2270.0,0.05295823007444439,-0.05295823007444439,-0.011998542276468255,1.17845468336323,1.1882964722758345,down,0.9635348920089171
s__Lactobacillus_iners,0.6731037481206118,2270.0,0.052958230226737395,-0.052958230226737395,-0.016066316059631894,0.8788440446239772,0.8886858335613267,down,0.9635348920089171
s__Pseudoxanthomonas_beigongshangi,0.6731037481206118,2270.0,0.052958230364920436,-0.052958230364920436,-0.02110522667699997,0.6678486313990819,0.6776904203588836,down,0.9635348920089171
s__Aeromicrobium_tamlense,0.6731037481206118,2270.0,0.052958230771671506,-0.052958230771671506,-0.06224981797589055,0.22320672919393914,0.23304851821983058,down,0.9635348920089171
s__Nakamurella_multipartita,0.6731037481206118,2270.0,0.05295823092850555,-0.05295823092850555,-0.14426569114443902,0.09358159625077822,0.10342338530215238,down,0.9635348920089171
s__Stenotrophomonas_acidaminiphila,0.6731037481206118,2270.0,0.05295823107713751,-0.05295823107713751,0.0,-0.015467754969094734,-0.0056259658935705545,down,0.9635348920089171
s__Roseicella_sp_DB1501,0.6731037481206118,2270.0,0.05295823135739314,-0.05295823135739314,0.0,-0.19345090174019697,-0.1836091126191363,down,0.9635348920089171
s__Afipia_clevelandensis,0.6731037481206118,2270.0,0.05295823164997186,-0.05295823164997186,0.0,-0.350636476467927,-0.34079468729932755,down,0.9635348920089171
s__Deinococcus_radiopugnans,0.6731037481206118,2270.0,0.05295823186669792,-0.05295823186669792,0.0,-0.45296208191602,-0.44312029271220643,down,0.9635348920089171
s__Alicycliphilus_denitrificans,0.6731037481206118,2270.0,0.05295823267416646,-0.05295823267416646,0.0,-0.7621991336577797,-0.752357344322767,down,0.9635348920089171
s__Pedobacter_africanus,0.6731037481206118,2270.0,0.052958234690224,-0.052958234690224,0.0,-1.2714968126446613,-1.2616550229820755,down,0.9635348920089171
s__Bosea_sp_WAO,0.6731037481206118,2270.0,0.05295823909244817,-0.05295823909244817,0.0,-1.8981987614692353,-1.8883569710913672,down,0.9635348920089171
s__Ottowia_testudinis,0.6731037481206118,2270.0,0.05295824145594021,-0.05295824145594021,0.0,-2.121342241738921,-2.111500450977028,down,0.9635348920089171
s__Deinococcus_cavernae,0.6731037481206118,2270.0,0.05295824287402947,-0.05295824287402947,0.0,-2.2346708844192125,-2.2248290934269055,down,0.9635348920089171
s__Planctomyces_sp_SH_PL14,0.6731037481206118,2270.0,0.05295825031902059,-0.05295825031902059,0.0,-2.6809577632574233,-2.671115971055439,down,0.9635348920089171
s__Sphingomonas_sp_G_3_2_10,0.6731037481206118,2270.0,0.05295828478652629,-0.05295828478652629,0.0,-3.6617859802040256,-3.651944182401692,down,0.9635348920089171
s__Porphyromonas_SGB1984,0.676155511870068,2271.0,0.05298383394484215,-0.05298383394484215,-0.010674489336322958,1.3252378018637807,1.3350795907667152,down,0.9635348920089171
s__Levyella_massiliensis,0.676155511870068,2271.0,0.05298383498553411,-0.05298383498553411,0.0,-0.00036498743154273286,0.009476801640477643,down,0.9635348920089171
s__Gordonibacter_sp_28C,0.7540632018414068,2296.0,0.07085726827422703,-0.07085726827422703,-0.025473653849042183,1.347667028126936,1.3716740957507458,down,0.9635348920089171
s__Abiotrophia_sp_HMSC24B09,0.6945764610656292,2277.0,0.05357337108744821,-0.05357337108744821,-0.012512338282285639,1.1298621287788657,1.1397039176949975,down,0.9635348920089171
s__Blautia_pseudococcoides,0.6945764610656292,2277.0,0.05357337250054398,-0.05357337250054398,0.0,-0.2773973183695414,-0.26755552922402304,down,0.9635348920089171
s__Oribacterium_SGB96486,0.6945764610656292,2277.0,0.05357337292139926,-0.05357337292139926,0.0,-0.48026753075222456,-0.4704257415383891,down,0.9635348920089171
s__Granulicatella_SGB8239,0.7667889821674464,2300.0,0.029693671461732095,0.029693671461732095,0.0,-1.6642751169637504,-1.6709441503153564,up,0.9635348920089171
s__Lapidilactobacillus_dextrinicus,0.676155511870068,2271.0,0.09390478991931633,0.09390478991931633,0.01601707540851922,4.070277859300086,4.025338781165969,up,0.9635348920089171
s__Bifidobacterium_pullorum,0.6458848529528223,2261.0,0.052220490876795846,-0.052220490876795846,-0.0017932123278770558,7.913105076577202,7.922946865419058,down,0.9635348920089171
s__GGB3609_SGB4877,0.6488867091109647,2262.0,0.08823049861605606,0.08823049861605606,0.04787775465296161,1.1681037618583525,1.1299748626321,up,0.9635348920089171
s__Lactobacillus_equicursoris,0.6458848529528223,2261.0,0.05222049089025017,-0.05222049089025017,-0.0030723025769433553,4.6165982981476485,4.6264400869916935,down,0.9635348920089171
s__Lentilactobacillus_buchneri,0.6458848529528223,2261.0,0.05222049089482744,-0.05222049089482744,-0.0032724500172830674,4.333940195195639,4.3437819840404295,down,0.9635348920089171
s__GGB9580_SGB14996,0.575658100540913,2237.0,0.04014493775869453,0.04014493775869453,0.044352871983375314,0.5724106699644899,0.5550807618974034,up,0.9635348920089171
s__GGB3451_SGB4605,0.6458848529528223,2261.0,0.05222049089604648,-0.05222049089604648,-0.0033216706677223163,4.26964683153518,4.279488620380168,down,0.9635348920089171
s__Gemmiger_sp_An50,0.6458848529528223,2261.0,0.0522204909969884,-0.0522204909969884,-0.005758239983788358,2.4608879070818337,2.4707296959432496,down,0.9635348920089171
s__Enterococcus_durans,0.6458848529528223,2261.0,0.052220491206297986,-0.052220491206297986,-0.009724317445766887,1.4552076821147246,1.4650494710102047,down,0.9635348920089171
s__GGB3583_SGB4799,0.6458848529528223,2261.0,0.05222049124476553,-0.05222049124476553,-0.010518598783877755,1.3449511970029109,1.3547929859046512,down,0.9635348920089171
s__Enterococcus_pseudoavium,0.6458848529528223,2261.0,0.05222049130034632,-0.05222049130034632,-0.011740496386950336,1.2044639515019069,1.2143057404126927,down,0.9635348920089171
s__GGB42689_SGB59892,0.3283448983590216,2137.0,0.012382923065740249,0.012382923065740249,0.0,-1.6708615189058968,-1.6762030339583913,up,0.9635348920089171
s__Flavonifractor_sp_An112,0.6458848529528223,2261.0,0.05222049151525734,-0.05222049151525734,-0.017761550118027276,0.7944957866100014,0.8043375755557628,down,0.9635348920089171
s__GGB3446_SGB4597,0.6458848529528223,2261.0,0.052220491633100566,-0.052220491633100566,-0.022532276740900126,0.6252412909291986,0.6350830798941383,down,0.9635348920089171
s__Anaerofilum_sp_An201,0.6458848529528223,2261.0,0.052220491918402036,-0.052220491918402036,-0.045765413691401205,0.30535469811662475,0.3151964871279956,down,0.9635348920089171
s__Cellulosilyticum_lentocellum,0.6458848529528223,2261.0,0.052220492753290965,-0.052220492753290965,0.0,-0.283063055585938,-0.27322126643869377,down,0.9635348920089171
s__Anaerostipes_butyraticus,0.6458848529528223,2261.0,0.05222049275863804,-0.05222049275863804,0.0,-0.2859080075571644,-0.27606621840905,down,0.9635348920089171
s__Roseburia_porci,0.6458848529528223,2261.0,0.052220493736491534,-0.052220493736491534,0.0,-0.7042764910603492,-0.6944347017530947,down,0.9635348920089171
s__GGB3538_SGB4728,0.6458848529528223,2261.0,0.05222049379977188,-0.05222049379977188,0.0,-0.7261592004046669,-0.7163174110871139,down,0.9635348920089171
s__Bacillus_sp_AP8,0.6458848529528223,2261.0,0.052220493879502235,-0.052220493879502235,0.0,-0.7530666509240511,-0.7432248615935225,down,0.9635348920089171
s__Klebsiella_spallanzanii,0.6458848529528223,2261.0,0.05222049629193052,-0.05222049629193052,0.0,-1.3426730799104396,-1.3328312901873023,down,0.9635348920089171
s__Candidatus_Saccharibacteria_unclassified_SGB19905,0.676155511870068,2271.0,0.007730018567337734,-0.007730018567337734,0.0,-1.6497903946500025,-1.6482159044037556,down,0.9635348920089171
s__Candidatus_Kuenenia_stuttgartiensis,0.5842367778340732,2240.0,0.07166324773220628,0.07166324773220628,0.0,-2.3710824540966806,-2.4008838321524006,up,0.9635348920089171
s__Clostridium_butyricum,0.6458848529528223,2261.0,0.052220508733314054,-0.052220508733314054,0.0,-2.535775837418253,-2.5259340456703523,down,0.9635348920089171
s__Enterococcus_pallens,0.6458848529528223,2261.0,0.05222051447307645,-0.05222051447307645,0.0,-2.8144890670763223,-2.8046472743943083,down,0.9635348920089171
s__Agathobaculum_sp_Marseille_P7918,0.7131795761599218,2283.0,0.053906805822687795,-0.053906805822687795,-0.0029998269842555956,4.728253768223508,4.738095557067313,down,0.9635348920089171
s__Olsenella_SGB74421,0.7131795761599218,2283.0,0.05390680587096,-0.05390680587096,-0.004501140966677057,3.1495485151056446,3.159390303957282,down,0.9635348920089171
s__Cronobacter_sakazakii,0.7131795761599218,2283.0,0.053906833419975035,-0.053906833419975035,0.0,-2.968639628496094,-2.9587978351740394,down,0.9635348920089171
s__GGB4669_SGB6458,0.43965689506048056,2186.0,0.1711498159564986,-0.1711498159564986,0.0,-1.9494545652882493,-1.91856846269568,down,0.9635348920089171
s__Streptococcus_pneumoniae,0.6853426035606958,2274.0,0.053449297957110606,-0.053449297957110606,0.0,-0.5821738041576786,-0.5723320149039283,down,0.9635348920089171
s__Collinsella_SGB14754,0.6220806418988096,2253.0,0.11860595913810183,0.11860595913810183,0.16437966550572666,0.6471611735777234,0.577469756239356,up,0.9635348920089171
s__Ellagibacter_isourolithinifaciens,0.760417987347328,2298.0,0.05536924514085274,-0.05536924514085274,-0.004019176198315219,3.527820256452168,3.5376620453006966,down,0.9635348920089171
s__Weissella_paramesenteroides,0.760417987347328,2298.0,0.05536924531852163,-0.05536924531852163,-0.0075851952449653886,1.866979861718496,1.8768216505958477,down,0.9635348920089171
s__Lactococcus_raffinolactis,0.5614940047202928,2232.0,0.18541235853440405,-0.18541235853440405,0.0,-0.9876388741576607,-0.9484814546626383,down,0.9635348920089171
s__Bifidobacterium_mongoliense,0.760417987347328,2298.0,0.05536925470512568,-0.05536925470512568,0.0,-1.9125874948028119,-1.9027457044026814,down,0.9635348920089171
s__Lactiplantibacillus_pentosus,0.760417987347328,2298.0,0.055369278239643084,-0.055369278239643084,0.0,-3.1509610195195905,-3.1411192253014804,down,0.9635348920089171
s__Coprococcus_SGB106014,0.8118054397390899,2314.0,0.06330915303338562,0.06330915303338562,0.02962676615683097,0.8980104211917255,0.8797572029764675,up,0.9664549021543897
s__Lachnoclostridium_edouardi,0.6700573577708726,2269.0,0.0527936875763805,-0.0527936875763805,-0.00535735813271146,2.6453996448287977,2.6552414336869044,down,0.9635348920089171
s__Bulleidia_extructa,0.6700573577708726,2269.0,0.05279370155180404,-0.05279370155180404,0.0,-2.296546262742663,-2.286704471613088,down,0.9635348920089171
s__GGB4269_SGB5815,0.7636014837937904,2299.0,0.05633829209601383,-0.05633829209601383,-0.002233969044925633,6.350898057240742,6.360739846082914,down,0.9635348920089171
s__GGB9303_SGB14264,0.7636014837937904,2299.0,0.05633829209930162,-0.05633829209930162,-0.002577548863958743,5.503686112900713,5.5135279017434184,down,0.9635348920089171
s__GGB4558_SGB6289,0.9234614453568397,2395.0,0.08765020785602719,0.08765020785602719,0.006304879467362713,4.202849940728365,4.184522682446315,up,0.9752883632084991
s__GGB4745_SGB6571,0.7636014837937904,2299.0,0.05633829212007058,-0.05633829212007058,-0.003564669530290988,3.9782554041680958,3.988097193014174,down,0.9635348920089171
s__GGB1219_SGB1586,0.7636014837937904,2299.0,0.05633829212134763,-0.05633829212134763,-0.003607237948933716,3.9312506474119364,3.9410924362582223,down,0.9635348920089171
s__GGB4548_SGB6270,0.7636014837937904,2299.0,0.05633829212959758,-0.05633829212959758,-0.003861978447369105,3.6716165685148483,3.681458357362474,down,0.9635348920089171
s__Marseilla_massiliensis,0.9234614453568397,2348.0,0.05508014422399438,0.05508014422399438,0.0062093755326232385,2.897915986120518,2.8854701261960853,up,0.9752883632084991
s__GGB9211_SGB14151,0.7636014837937904,2299.0,0.05633829218629022,-0.05633829218629022,-0.005198034607291232,2.72663370459217,2.736475493449002,down,0.9635348920089171
s__GGB1102_SGB1416,0.7636014837937904,2299.0,0.056338292201065565,-0.056338292201065565,-0.005495425414144259,2.578813044018051,2.5886548328772823,down,0.9635348920089171
s__GGB1221_SGB1590,0.7636014837937904,2299.0,0.05633829227425583,-0.05633829227425583,-0.006877437683279187,2.0596164435264477,2.0694582323975648,down,0.9635348920089171
s__GGB3254_SGB4301,0.7636014837937904,2299.0,0.05633829229541124,-0.05633829229541124,-0.007267144059468303,1.9489044197462264,1.958746208620779,down,0.9635348920089171
s__GGB4598_SGB6360,0.7636014837937904,2299.0,0.05633829253088413,-0.05633829253088413,-0.012025355026347606,1.1758161594396705,1.1856579483524623,down,0.9635348920089171
s__GGB6566_SGB9275,0.7636014837937904,2299.0,0.05633829274718166,-0.05633829274718166,-0.018229455770690614,0.7739772361891316,0.7838190251370486,down,0.9635348920089171
s__GGB9262_SGB14210,0.7636014837937904,2299.0,0.056338292985912135,-0.056338292985912135,-0.030367743765081202,0.46265498227990165,0.47249677126658685,down,0.9635348920089171
s__GGB4723_SGB6541,0.7636014837937904,2299.0,0.05633829360873305,-0.05633829360873305,0.0,-0.06676104708061874,-0.056919257992791704,down,0.9635348920089171
s__Flavonifractor_sp_An10,0.7636014837937904,2299.0,0.05633829434571422,-0.05633829434571422,0.0,-0.4631144526965887,-0.45327266348908096,down,0.9635348920089171
s__Campylobacter_hominis,0.7636014837937904,2299.0,0.05633829436114038,-0.05633829436114038,0.0,-0.46994041730355385,-0.460098628093541,down,0.9635348920089171
s__GGB34797_SGB14322,0.7194193773294597,2285.0,0.05415477735460269,-0.05415477735460269,-0.0037066211236182027,3.8257128012323682,3.8355545900791563,down,0.9635348920089171
s__GGB9580_SGB14998,0.7540632018414068,2296.0,0.055089429164024206,-0.055089429164024206,-0.006173803325089734,2.294912921053771,2.304754709918735,down,0.9635348920089171
s__GGB3677_SGB4990,0.7540632018414068,2296.0,0.05508942926912449,-0.05508942926912449,-0.008119089208306429,1.7438882544045828,1.753730043286595,down,0.9635348920089171
s__GGB9210_SGB14150,0.7540632018414068,2296.0,0.05508942945628855,-0.05508942945628855,-0.011965292426980113,1.1817430782597949,1.191584867172167,down,0.9635348920089171
s__Actinomyces_haliotis,0.7540632018414068,2296.0,0.0550894295095321,-0.0550894295095321,-0.013254319884993919,1.0663373867972827,1.0761791757182915,down,0.9635348920089171
s__Actinomyces_radicidentis,0.7540632018414068,2296.0,0.05508944201879563,-0.05508944201879563,0.0,-2.2148682649239997,-2.20502647397386,down,0.9635348920089171
s__Drancourtella_SGB106018,0.6792126051548262,2272.0,0.05323478844814122,-0.05323478844814122,-0.0026157554200999444,5.4232256889812,5.433067477823986,down,0.9635348920089171
s__Uruburuella_suis,0.6792126051548262,2272.0,0.053234788860131735,-0.053234788860131735,-0.011587965196665962,1.2203827847505837,1.2302245736602797,down,0.9635348920089171
s__GGB3033_SGB4029,0.6792126051548262,2272.0,0.05323479157973866,-0.05323479157973866,0.0,-0.7948360599435553,-0.7849942705921792,down,0.9635348920089171
s__Soonwooa_buanensis,0.6792126051548262,2272.0,0.053234798473510286,-0.053234798473510286,0.0,-1.9570392442692535,-1.9471974537982883,down,0.9635348920089171
s__Desulfovibrio_sp_86,0.6792126051548262,2272.0,0.05323479966370175,-0.05323479966370175,0.0,-2.0691565066305175,-2.0593147159662584,down,0.9635348920089171
s__GGB3267_SGB4317,0.6853426035606958,2274.0,0.053454298829510784,-0.053454298829510784,-0.003111934962590467,4.557740483448804,4.567582272292987,down,0.9635348920089171
s__Bacteroidales_bacterium_KA00251,0.6853426035606958,2274.0,0.05345430364894165,-0.05345430364894165,0.0,-1.2267132166680932,-1.2168714270414556,down,0.9635348920089171
s__Prevotella_amnii,0.6853426035606958,2274.0,0.053454315796659976,-0.053454315796659976,0.0,-2.483132131503812,-2.4732903399049433,down,0.9635348920089171
s__GGB3433_SGB4574,0.5039140440889992,2211.0,0.02848446856503177,0.02848446856503177,0.0,-0.25153181914275036,-0.26247509778022804,up,0.9635348920089171
s__Leminorella_grimontii,0.6191320474510349,2252.0,0.051215108180866546,-0.051215108180866546,-0.003409017465430896,4.160122761481629,4.169964550326991,down,0.9635348920089171
s__Clostridium_neonatale,0.7699804318123871,2301.0,0.11703364425171124,0.11703364425171124,0.0,-1.5009449409486244,-1.5518848161027876,up,0.9635348920089171
s__Phytobacter_massiliensis,0.6191320474510349,2252.0,0.05121510939008873,-0.05121510939008873,-0.10110447749806642,0.13557249638145727,0.1454142854242122,down,0.9635348920089171
s__Candida_glabrata,0.6191320474510349,2252.0,0.05121511129555915,-0.05121511129555915,0.0,-0.7995866622532147,-0.7897448728994118,down,0.9635348920089171
s__GGB41473_SGB58537,0.4596911377144557,2194.0,0.1700375721482269,-0.1700375721482269,-2.856429092338889,0.004947947588596988,0.03583405269316675,down,0.9635348920089171
s__GGB9530_SGB14930,0.4596911377144557,2194.0,0.17003757091909258,-0.17003757091909258,0.0,-0.5122403413265363,-0.4813542365027378,down,0.9635348920089171
s__GGB85099_SGB118991,0.4596911377144557,2194.0,0.17003756750903365,-0.17003756750903365,0.0,-1.2637982045889509,-1.2329121005441124,down,0.9635348920089171
s__GGB4715_SGB6529,0.760417987347328,2298.0,0.05574975355192679,-0.05574975355192679,-0.0027413426276987913,5.174549955390088,5.184391744233161,down,0.9635348920089171
s__GGB9261_SGB14209,0.760417987347328,2298.0,0.05574975356270383,-0.05574975356270383,-0.0032806026747561577,4.323157658760613,4.332999447605435,down,0.9635348920089171
s__Mogibacterium_kristiansenii,0.760417987347328,2298.0,0.05574975356937618,-0.05574975356937618,-0.0035283020773386165,4.019311364392595,4.0291531532385,down,0.9635348920089171
s__GGB9710_SGB15239,0.760417987347328,2298.0,0.05574975358033645,-0.05574975358033645,-0.0038725838328430196,3.661548084016668,3.6713898728643515,down,0.9635348920089171
s__GGB9088_SGB14017,0.760417987347328,2298.0,0.0557497535890171,-0.0557497535890171,-0.00411222046571236,3.4478875572905916,3.4577293461396836,down,0.9635348920089171
s__GGB9634_SGB15101,0.760417987347328,2298.0,0.05574975359994994,-0.05574975359994994,-0.004387925656912597,3.2309386037364436,3.2407803925873098,down,0.9635348920089171
s__Alistipes_sp_An66,0.760417987347328,2298.0,0.055749753626730986,-0.055749753626730986,-0.004990237235372324,2.840377527638951,2.850219316494163,down,0.9635348920089171
s__GGB9636_SGB15109,0.760417987347328,2298.0,0.055749753659277444,-0.055749753659277444,-0.005647940986192984,2.5090427166313325,2.518884505491826,down,0.9635348920089171
s__GGB9673_SGB15172,0.760417987347328,2298.0,0.055749753660246516,-0.055749753660246516,-0.00566686042853683,2.500649591677513,2.5104913805381637,down,0.9635348920089171
s__GGB9172_SGB14110,0.760417987347328,2298.0,0.05574975374949221,-0.05574975374949221,-0.007332939597152761,1.9313736002907327,1.941215389165866,down,0.9635348920089171
s__GGB4713_SGB6526,0.760417987347328,2298.0,0.05574975378432595,-0.05574975378432595,-0.007977883689246214,1.7748413516546864,1.7846831405354722,down,0.9635348920089171
s__GGB9606_SGB15038,0.760417987347328,2298.0,0.055749753799141065,-0.055749753799141065,-0.0082553029314478,1.7150327977899797,1.7248745866731696,down,0.9635348920089171
s__GGB9696_SGB15212,0.760417987347328,2298.0,0.055749753865715145,-0.055749753865715145,-0.009540874621211413,1.483281428992278,1.4931232178862712,down,0.9635348920089171
s__GGB9263_SGB14211,0.760417987347328,2298.0,0.05574975391448926,-0.05574975391448926,-0.010540404204007764,1.3421586791622626,1.3520004680641706,down,0.9635348920089171
s__GGB9747_SGB15355,0.760417987347328,2298.0,0.055749754630161845,-0.055749754630161845,-0.05226722864457134,0.2667647020812268,0.27660649109927055,down,0.9635348920089171
s__GGB35597_SGB49163,0.760417987347328,2298.0,0.0557497567143349,-0.0557497567143349,0.0,-0.8043599405526375,-0.7945181511963848,down,0.9635348920089171
s__GGB34228_SGB53814,0.760417987347328,2298.0,0.05574975699505128,-0.05574975699505128,0.0,-0.8891988120623341,-0.8793570226605282,down,0.9635348920089171
s__GGB9539_SGB14942,0.760417987347328,2298.0,0.05574975706848093,-0.05574975706848093,0.0,-0.9102522190557705,-0.9004104296420488,down,0.9635348920089171
s__GGB9708_SGB15235,0.760417987347328,2298.0,0.05574975726648983,-0.05574975726648983,0.0,-0.9649106256491953,-0.9550688362033417,down,0.9635348920089171
s__GGB9543_SGB14949,0.760417987347328,2298.0,0.05574975967928377,-0.05574975967928377,0.0,-1.4645628763829726,-1.454721086545583,down,0.9635348920089171
s__GGB9297_SGB14255,0.760417987347328,2298.0,0.055749760825453444,-0.055749760825453444,0.0,-1.6358345625813093,-1.6259927725579253,down,0.9635348920089171
s__Eubacterium_nodatum,0.8936644804635717,2339.0,0.06805018879255588,0.06805018879255588,0.0,-3.921795908750533,-3.9396256992989986,up,0.9742707354864009
s__GGB33516_SGB54324,0.760417987347328,2298.0,0.055749766046190356,-0.055749766046190356,0.0,-2.1764019988150087,-2.16656020794443,down,0.9635348920089171
s__Barnesiella_sp_An22,0.7540632018414068,2296.0,0.0550939663952367,-0.0550939663952367,-0.006186015055274014,2.2903728635506058,2.3002146524156757,down,0.9635348920089171
s__GGB6574_SGB9289,0.7540632018414068,2296.0,0.055093966762295804,-0.055093966762295804,-0.013828124881398061,1.0218856248927737,1.0317274138173844,down,0.9635348920089171
s__Collinsella_SGB62963,0.42013334475084974,2178.0,0.17286065356572092,-0.17286065356572092,-0.008941829242455146,4.967807320121566,4.9986934256377795,down,0.9635348920089171
s__Peptacetobacter_SGB6132,0.741403859972898,2292.0,0.05481609234195268,-0.05481609234195268,-0.003388383312624905,4.185486499714616,4.195328288559888,down,0.9635348920089171
s__Leclercia_sp_Colony189,0.741403859972898,2292.0,0.0548160924193423,-0.0548160924193423,-0.005322274799912347,2.6628699686273207,2.6727117574851453,down,0.9635348920089171
s__Fusobacterium_perfoetens,0.741403859972898,2292.0,0.054816092486258405,-0.054816092486258405,-0.006600141682785969,2.1463548570497997,2.1561966459184783,down,0.9635348920089171
s__GGB1350_SGB1808,0.741403859972898,2292.0,0.054816093389575736,-0.054816093389575736,-0.04931506932440525,0.28302522242702943,0.29286701144223004,down,0.9635348920089171
s__Leuconostoc_suionicum,0.741403859972898,2292.0,0.05481609392547422,-0.05481609392547422,0.0,-0.12324664656991514,-0.11340485746778949,down,0.9635348920089171
s__GGB4250_SGB5750,0.741403859972898,2292.0,0.05481612546584026,-0.05481612546584026,0.0,-3.1509610195195905,-3.1411192253014804,down,0.9635348920089171
s__GGB4243_SGB5738,0.544722794714922,2226.0,0.16610672138621219,-0.16610672138621219,-0.00645127480324701,6.891611269600853,6.9224973751195416,down,0.9635348920089171
s__GGB1552_SGB2138,0.544722794714922,2226.0,0.16610672113412553,-0.16610672113412553,-0.0233406427814922,1.8936818806671145,1.924567986123522,down,0.9635348920089171
s__GGB12785_SGB19824,0.544722794714922,2226.0,0.1661067195205313,-0.1661067195205313,0.0,-0.1020582672033938,-0.07117216214564291,down,0.9635348920089171
s__Caulobacter_sp_CCUG_60055,0.544722794714922,2226.0,0.16610671182596867,-0.16610671182596867,0.0,-1.7353066344262085,-1.7044205312694871,down,0.9635348920089171
s__Raoultibacter_sp_Marseille_P8396,0.544722794714922,2226.0,0.16610668688175065,-0.16610668688175065,0.0,-3.018652397692644,-2.987766300698676,down,0.9635348920089171
s__Bacteroides_togonis,0.7636014837937904,2299.0,0.05622170429735947,-0.05622170429735947,-0.002363883137829049,6.0015956316093115,6.01143742045165,down,0.9635348920089171
s__Cloacibacillus_SGB15503,0.7636014837937904,2299.0,0.05622170435070187,-0.05622170435070187,-0.004407656934859151,3.2164530062305614,3.2262947950815613,down,0.9635348920089171
s__Methanobrevibacter_woesei,0.7636014837937904,2299.0,0.056221704404529345,-0.056221704404529345,-0.005557073293067699,2.5501502352818486,2.559992024141588,down,0.9635348920089171
s__GGB42184_SGB59334,0.7636014837937904,2299.0,0.05622170453868328,-0.05622170453868328,-0.008062499310446638,1.7561629109378047,1.7660046998193262,down,0.9635348920089171
s__GGB9620_SGB15068,0.7636014837937904,2299.0,0.056221706932317636,-0.056221706932317636,0.0,-0.6212412693120797,-0.6113994800419155,down,0.9635348920089171
s__Fructilactobacillus_sanfranciscensis,0.5336819479672524,2222.0,0.16662900688657808,-0.16662900688657808,-0.006985588124459105,6.3633066714960975,6.394192777014491,down,0.9635348920089171
s__Parabacteroides_sp_AGMB00274,0.5336819479672524,2222.0,0.16662900656958865,-0.16662900656958865,-0.026396232277043682,1.6726946229493227,1.7035807283902225,down,0.9635348920089171
s__Corynebacterium_pyruviciproducens,0.6161895690485215,2251.0,0.15902549134886682,-0.15902549134886682,-0.10663068923444062,0.40263090138049984,0.4335170066210912,down,0.9635348920089171
s__Corynebacterium_glucuronolyticum,0.6161895690485215,2251.0,0.15902549090663493,-0.15902549090663493,-1.0741932318921772,0.027937464852311706,0.058823569966302856,down,0.9635348920089171
s__Dellaglioa_algida,0.6161895690485215,2251.0,0.159025489514692,-0.159025489514692,0.0,-0.6569791759262215,-0.6260930712107097,down,0.9635348920089171
s__Leuconostoc_gelidum,0.6161895690485215,2251.0,0.1590254893567174,-0.1590254893567174,0.0,-0.7117296860847567,-0.6808435814144692,down,0.9635348920089171
s__Enterococcus_sp_CU9D,0.6458848529528223,2261.0,0.052276035149867235,-0.052276035149867235,-0.002107138618309603,6.733459939475769,6.743301728317813,down,0.9635348920089171
s__Lacticaseibacillus_suilingensis,0.6458848529528223,2261.0,0.052276035160161216,-0.052276035160161216,-0.0029725882174644292,4.771625314761873,4.781467103605592,down,0.9635348920089171
s__GGB3600_SGB4859,0.6458848529528223,2261.0,0.05227603516447778,-0.05227603516447778,-0.0031770772595066466,4.464188459154809,4.474030247999231,down,0.9635348920089171
s__Enterococcus_diestrammenae,0.6458848529528223,2261.0,0.05227603518330098,-0.05227603518330098,-0.003836553426992901,3.695981126499615,3.7058229153470994,down,0.9635348920089171
s__Enterococcus_cecorum,0.6458848529528223,2261.0,0.052276035215933644,-0.052276035215933644,-0.00466501363435849,3.038738450612674,3.048580239465468,down,0.9635348920089171
s__Lactobacillus_panisapium,0.6458848529528223,2261.0,0.052276035352514925,-0.052276035352514925,-0.007320058959845905,1.934780758591354,1.944622547466373,down,0.9635348920089171
s__GGB3400_SGB4510,0.6458848529528223,2261.0,0.052276035360319155,-0.052276035360319155,-0.007464330375564906,1.897290149910839,1.907131938787128,down,0.9635348920089171
s__Clostridium_SGB29100,0.6458848529528223,2261.0,0.052276035837959874,-0.052276035837959874,-0.019636871696335524,0.7181535110387045,0.727995299992716,down,0.9635348920089171
s__GGB48159_SGB105302,0.6458848529528223,2261.0,0.05227603613152186,-0.05227603613152186,-0.03853493420536073,0.3635640824283024,0.37340587143008264,down,0.9635348920089171
s__Lachnoclostridium_phytofermentans,0.6458848529528223,2261.0,0.05227603670301526,-0.05227603670301526,0.0,-0.09460507196650632,-0.08476328287173181,down,0.9635348920089171
s__Berryella_intestinalis,0.6458848529528223,2261.0,0.05227603723933295,-0.05227603723933295,0.0,-0.3909520111589668,-0.38111022197692185,down,0.9635348920089171
s__Limosilactobacillus_ingluviei,0.6458848529528223,2261.0,0.05227605016643087,-0.05227605016643087,0.0,-2.3625042016769204,-2.3526624103913587,down,0.9635348920089171
