sample_id,label,s__TM7_phylum_sp_oral_taxon_352,s__Granulicatella_SGB8255,s__Clostridiaceae_bacterium_Marseille_Q4149,s__Agathobaculum_butyriciproducens,s__Odoribacter_splanchnicus,s__Dialister_hominis,s__Lachnospira_pectinoschiza,s__Alistipes_dispar,s__Streptococcus_australis,s__Blautia_caecimuris,s__GGB9760_SGB15374,s__Clostridium_sp_AT4,s__Alistipes_putredinis,s__Phocaeicola_plebeius,s__Streptococcus_anginosus,s__Negativibacillus_massiliensis,s__Actinomyces_sp_ICM47,s__Roseburia_faecis,s__Alistipes_communis,s__Streptococcus_mutans,s__Clostridium_SGB6179,s__Gordonibacter_pamelaeae,s__Veillonella_parvula,s__Adlercreutzia_equolifaciens,s__Haemophilus_parainfluenzae,s__Faecalibacterium_prausnitzii,s__Phocaeicola_dorei,s__Eubacterium_sulci,s__Anaerotruncus_colihominis,s__GGB9758_SGB15368,s__Phocaeicola_coprocola,s__Eubacterium_hominis,s__Akkermansia_muciniphila,s__GGB9559_SGB14969,s__Allisonella_histaminiformans,s__Vescimonas_coprocola,s__Eubacterium_ventriosum,s__Clostridium_innocuum,s__Enterococcus_faecalis,s__Ruminococcus_callidus,s__Lacrimispora_amygdalina,s__Pseudoflavonifractor_gallinarum,s__Bacteroides_thetaiotaomicron,s__Streptococcus_gordonii,s__Blautia_faecis,s__Phascolarctobacterium_faecium,s__Clostridium_sp_AM33_3,s__Eubacterium_rectale,s__Blautia_SGB4815,s__Clostridium_sp_NSJ_42,s__Parabacteroides_gordonii,s__Lachnospiraceae_bacterium_CLA_AA_H244,s__GGB3278_SGB4328,s__Leuconostoc_lactis,s__Bacteroides_stercoris,s__Enterocloster_clostridioformis,s__Schaalia_odontolytica,s__Clostridium_symbiosum,s__Schaalia_SGB17168,s__GGB74505_SGB47518,s__Ruminococcus_sp_AF13_28,s__Mediterraneibacter_butyricigenes,s__Parasutterella_SGB9260,s__Bifidobacterium_longum,s__Massiliimalia_massiliensis,s__GGB9423_SGB14792,s__Ruminococcus_gauvreauii,s__GGB9095_SGB14026,s__Lachnoclostridium_sp_An138,s__Clostridium_transplantifaecale,s__Collinsella_tanakaei,s__GGB9469_SGB14862,s__GGB8965_SGB13825,s__Eubacterium_maltosivorans,s__Fusobacterium_varium,s__GGB55957_SGB77276,s__GGB3304_SGB4365,s__Schaalia_SGB17157,s__Vescimonas_fastidiosa,s__Bacteroides_xylanisolvens,s__Megamonas_funiformis,s__Clostridium_sp_AM22_11AC,s__GGB2982_SGB3964,s__Bacteroides_salyersiae,s__bacterium_210917_DFI_7_65,s__Clostridium_fessum,s__Parabacteroides_goldsteinii,s__Ruminococcus_bromii,s__GGB3632_SGB4921,s__GGB2653_SGB3574,s__Lachnospira_eligens,s__Anaerostipes_hadrus,s__Streptococcus_salivarius,s__GGB3653_SGB4964,s__GGB51441_SGB71759,s__Dysosmobacter_welbionis,s__Clostridia_bacterium_UC5_1_1D1,s__Roseburia_inulinivorans,s__Dorea_longicatena,s__Blautia_wexlerae,s__Blautia_massiliensis,s__GGB9614_SGB15049,s__Dielma_fastidiosa,s__Veillonella_dispar,s__Actinomyces_SGB17132,s__Enterocloster_citroniae,s__Bacteroides_ovatus,s__Desulfovibrio_desulfuricans,s__Oscillibacter_valericigenes,s__Intestinibacter_bartlettii,s__Ruthenibacterium_lactatiformans,s__GGB3740_SGB5076,s__Parabacteroides_merdae,s__Gordonibacter_massiliensis,s__Erysipelatoclostridium_ramosum,s__Ruminococcus_gnavus,s__GGB12785_SGB19823,s__Candidatus_Nanosynsacchari_sp_TM7_ANC_38_39_G1_1,s__Phocaeicola_massiliensis,s__Simiaoa_sunii,s__Bacteroides_faecis,s__Blautia_obeum,s__Bacteroides_clarus,s__Adlercreutzia_sp_JBNU_10,s__Barnesiella_intestinihominis,s__Bilophila_wadsworthia,s__Lentihominibacter_hominis,s__GGB9715_SGB15265,s__GGB12798_SGB135773,s__GGB3490_SGB4664,s__Mediterraneibacter_glycyrrhizinilyticus,s__Alistipes_indistinctus,s__Amedibacillus_dolichus,s__Bacteroides_intestinalis,s__Rothia_mucilaginosa,s__Brotolimicola_acetigignens,s__Lawsonibacter_hominis,s__Jutongia_huaianensis,s__GGB9359_SGB14334,s__Vescimonas_SGB15087,s__Neobittarella_massiliensis,s__Bittarella_massiliensis,s__Lachnospiraceae_bacterium_AM48_27BH,s__Mediterraneibacter_faecis,s__Phocea_massiliensis,s__Eubacterium_limosum,s__Flavonifractor_plautii,s__Actinomyces_naeslundii,s__Oribacterium_sinus,s__Holdemanella_biformis,s__Faecalibacillus_intestinalis,s__Bifidobacterium_dentium,s__Saccharomyces_cerevisiae,s__Clostridium_sp_Marseille_P3244,s__TM7_phylum_sp_oral_taxon_348,s__Lachnospiraceae_bacterium_oral_taxon_096,s__Eubacterium_ramulus,s__Eggerthella_lenta,s__Streptococcus_parasanguinis,s__Bacteroides_uniformis,s__Faecalimonas_umbilicata,s__Veillonella_rogosae,s__GGB3109_SGB4121,s__GGB9708_SGB15234,s__Lawsonibacter_SGB15145,s__Eubacterium_sp_AF34_35BH,s__GGB9762_SGB15377,s__GGB3510_SGB4687,s__Tyzzerella_nexilis,s__Lactobacillus_crispatus,s__GGB9619_SGB15067,s__Blautia_stercoris,s__Roseburia_intestinalis,s__GGB3537_SGB4727,s__GGB36331_SGB15121,s__GGB9616_SGB15052,s__Escherichia_coli,s__GGB51647_SGB4348,s__Mesosutterella_multiformis,s__GGB9524_SGB14924,s__Abiotrophia_defectiva,s__GGB9501_SGB14898,s__Cloacibacillus_porcorum,s__GGB4578_SGB6328,s__GGB9770_SGB15389,s__GGB3511_SGB4688,s__GGB9597_SGB15022,s__Anaerotruncus_rubiinfantis,s__Gemmiger_formicilis,s__Fusobacterium_nucleatum,s__Schaalia_SGB17158,s__Alloscardovia_omnicolens,s__GGB3550_SGB4746,s__GGB1549_SGB2133,s__GGB3730_SGB5060,s__Lachnoclostridium_SGB4602,s__Klebsiella_variicola,s__Blautia_hansenii,s__Collinsella_aerofaciens,s__Bifidobacterium_angulatum
CRR1012468,1,2.20940315745575,-3.5662752438400247,-2.072351628544752,3.118107369363348,5.945406192781984,-3.2561208003839064,-3.2561208003839064,-1.8698274392631824,-2.873128972369749,-3.8847282931418494,5.047151501243481,-2.786117671137629,7.666248839474495,-1.0369185047338303,2.2256272894590574,-1.475535740367345,-3.073799465811902,1.938315109740744,5.297235824406806,-1.6466839546156191,4.98961222978929,-3.661585241826515,-3.325113576632894,-1.730065540366271,-1.1934875408613848,5.140273483183537,3.8309501941538966,-3.766945535262588,4.661827007392947,-2.5301844851723323,-0.471110809173489,-2.3806528408070493,-2.032346309937449,-1.8052889389589375,-3.399221438896669,5.854515759899624,2.302506113626081,4.401412676022166,-3.399221438896669,-0.2537452512185276,-3.5662752438400247,-3.766945535262588,3.59555650045562,-3.766945535262588,3.549969492965301,5.854618873184374,-2.706075027566605,-2.2752923807047494,1.024240865631215,-2.032346309937449,-2.968439061265069,-0.240587167506705,-2.8286772493245715,-2.919648944714639,3.664351918990043,-3.019732303021095,-0.60758596580693,-2.09297090724409,-3.661585241826515,-2.2752923807047494,2.8156927691212665,2.208838982549752,-3.661585241826515,3.088343954305975,-4.018259328624472,-3.661585241826515,-3.661585241826515,-0.3657503017461146,-1.701492176087144,-3.661585241826515,0.892289670828657,-0.0399164839280944,2.035170624608384,-2.706075027566605,1.1754880170067867,-2.5968758151771523,-2.8286772493245715,-1.837037627192876,-0.4793753183403573,3.2493629300477616,0.896491357594086,-2.8286772493245715,-2.498435807019029,3.3469179420660837,-1.4315726266115645,-2.1140243075766776,6.111506846891945,5.70589362191928,0.301128915941962,-2.5301844851723323,2.3198269744804705,2.2020439394554003,4.419702252961534,3.73781084273008,-3.661585241826515,1.3096139968959588,-3.399221438896669,-0.1590373056611101,4.691108594181766,4.242304534975102,4.309498512371699,-3.073799465811902,-2.012928231621823,-1.9211207161068795,-3.8847282931418494,-3.399221438896669,3.173597346473324,-1.7156768070549568,-2.2505997803094937,1.0833449039300391,5.799947551387572,-1.389461150129632,6.89714830456941,4.034807200085713,0.537117365751858,3.795791208785859,-4.3547304223924606,2.832771561747066,4.437177175699528,1.21817979226427,5.076025795305208,5.452748709638019,2.0916201225043864,-4.3547304223924606,-3.4792640183652823,4.216113274325477,3.1390281638258983,5.785294528305702,2.1350782330537337,0.6053091136462256,-1.7594794169201766,-1.9211207161068795,-0.6658548682705291,0.752422462915492,-4.018259328624472,1.1457071445935796,-1.379204652066377,-0.1235306193056292,-1.5947242291870145,0.1339019922914987,-0.5981962263387697,-3.661585241826515,-3.130957814292449,2.234467125979359,-3.661585241826515,-1.938820286940618,0.2741523292834464,-3.766945535262588,-1.7897847572306635,1.270004859361302,2.701440865164226,1.9006316761903903,-1.176680425369862,-4.018259328624472,-3.073799465811902,-0.8765758761293942,-0.7823886721669313,4.723171098859616,-1.3007330520272662,5.678535002276664,-0.9337342827071796,-2.668334728073765,-1.8532981427764508,-3.2561208003839064,-2.498435807019029,-3.325113576632894,3.0401273962006807,-1.4208773397826222,-2.1799822463549483,1.7996989614978378,-1.1278902691369366,-1.821037290966761,0.3493757476904179,-1.620366653224651,0.4972958727851563,-2.353253881633942,3.999657447665171,-2.408823701900739,-0.8225086613568434,-3.399221438896669,-2.5968758151771523,-1.6737126196976044,-3.5662752438400247,-0.852184425980097,-1.7745172897618782,-3.661585241826515,-0.6963140726624544,-3.073799465811902,6.396465190546203,-1.8698274392631824,-0.8582267397058663,-2.353253881633942,-2.300610175868533,-0.6314534449348388,0.751211075758544,-2.032346309937449,-2.1355305035469514,-0.2275999728232419,6.77909518955611,4.338057780736068
CRR1012436,1,1.0975201108838917,-0.1144772488831779,-2.267661904038745,5.30502961965152,5.444854536274315,-3.451431075877899,3.3837521783706497,-2.0651377147571752,0.9569115500146774,-4.0800385686358425,-0.3787390327918311,-2.981427946631622,-2.521895924270517,-1.232228780227823,-3.0684392478637417,-1.670846015861338,-3.269109741305895,6.230393826375935,4.915929648890387,-1.841994230109612,-3.5945317143906617,5.703860261122481,1.0454099147509603,-1.925375815860264,2.4320756667723216,7.015389722302193,-1.2107225780904236,-3.962255810756581,0.2506923045483498,-2.725494760666325,-0.6664210846674817,-2.5759631163010424,-2.227656585431442,-2.0005992144529303,-3.5945317143906617,4.328675647004725,6.174578594773218,1.7182937305462074,-3.5945317143906617,6.064842442032896,2.4212486056614253,-3.962255810756581,4.917972044772243,-0.4623890566930574,4.896884432480353,5.4572080987261415,0.3387995692843618,8.387253843389182,4.276572488695065,-2.227656585431442,1.5855202018612942,2.4320756667723216,-3.0239875248185646,-3.114959220208632,6.029006344362077,-3.215042578515088,-3.520423852126887,-2.2882811827380825,-2.0005992144529303,0.1684542091309264,1.3360593446828133,2.771143861506528,-1.616187615276615,4.494760435875842,1.926927671165076,-3.856895517320508,-3.856895517320508,-0.5610605772401073,-1.8968024515811368,-3.856895517320508,0.696979395334664,-0.2352267594220873,1.839860349114391,-2.9013853030605983,0.980177741512794,-2.792186090671145,-3.0239875248185646,-2.032347902686869,-0.6746855938343502,2.872687578382208,-2.981427946631622,2.308100084753796,3.109503958982443,5.326872981320442,1.2269882509089145,2.9044437455234435,-3.114959220208632,-1.1622702014133124,-0.5873285020891645,1.6780717584611906,4.163833073824666,6.932124608346147,4.27967926454423,4.761334866633554,3.458853000955383,1.6278994244709022,1.4602416132836589,4.505231244061207,5.976510859737506,6.187464402184261,4.48289001493502,2.7706146209557496,-2.208238507115816,-2.116430991600872,-4.0800385686358425,-3.5945317143906617,5.593907525657593,-1.9109870825489497,3.566073734925656,4.31124870646145,3.630164126920388,-1.584771425623625,7.6857653747350145,-3.520423852126887,-3.114959220208632,2.5904083483922773,-4.550040697886453,1.915166470980749,-1.554312224324482,6.71827861817008,0.1755716766464975,4.867895038400966,-0.36342479875691,-4.550040697886453,-3.6745742938592754,2.433559897094945,1.20948780449258,-1.1488471828829732,0.0308328365241993,0.4099988381522328,3.9706623136347754,6.868781054420419,-0.8611651437645218,4.434448471710558,-4.213569604118464,6.020574548116974,-1.5745149275603698,-0.3188408947996221,-1.790034504681007,-0.0614082832024941,0.1320865662828028,-3.856895517320508,1.6820103220090945,4.1530635865061445,-3.856895517320508,-2.134130562434611,1.7948896692417846,-3.962255810756581,-1.985095032724656,1.0746945838673092,5.36430366218826,-2.9013853030605983,-1.3719907008638548,1.5803118567993677,2.285999737847062,-1.0718861516233869,3.5227346365387056,2.149455647209333,0.5074742075619453,6.263063390231311,-1.1290445582011723,1.3393871347385742,-2.048608418270444,-3.451431075877899,0.3944508222032857,-3.520423852126887,2.844817120706688,-1.616187615276615,-2.375292521848941,-2.981427946631622,-1.3232005446309294,3.8486351922023143,2.0352990336526164,-1.815676928718644,0.3019855972911635,1.111525941876644,1.5724481204078626,-2.6041339773947314,-1.017818936850836,2.5403654190199814,-2.792186090671145,1.036454631155519,-3.7615855193340177,5.142869960764194,-1.969827565255871,-3.856895517320508,-0.8916243481564472,-2.3308407790409444,4.605205708202424,-2.0651377147571752,-1.053537015199859,-2.5485641571279345,-2.495920451362526,-0.8267637204288317,0.5559008002645512,-2.227656585431442,-2.3308407790409444,-0.4229102483172346,6.263964980149425,4.142747505242076
CRR1012470,1,2.9448677217549464,-3.626777075234299,-2.1328534599390268,6.544450049363124,2.8657363885155083,-3.3166226317781806,-3.3166226317781806,5.50272603270883,-2.9336308037640237,-3.945230124536124,-0.2439305886921126,2.573914667094712,7.400158413184848,-1.0974203361281043,0.6624344665913348,-1.5360375717616197,-3.134301297206177,5.770795193503823,6.367296964684671,-1.7071857860098936,-1.17264374604323,0.9242230752943348,4.993561457228804,-1.7905673717605457,-1.253989372255659,6.704267291944927,7.650902834674319,-3.8274473666568634,2.103911040061366,-2.5906863165666065,-0.5316126405677634,-2.4411546722013235,5.699289879810791,2.6775037027413084,-3.459723270290944,4.919337417569106,-3.8274473666568634,-3.626777075234299,-3.459723270290944,-0.3142470826128021,-3.626777075234299,-3.8274473666568634,7.0371320871395335,1.3923054671875494,4.681173652304824,6.75540733128244,-2.7665768589608795,-2.335794212099024,0.7843651619051991,-2.0928481413317237,-3.028940892659344,5.288531262630984,-2.889179080718846,-2.980150776108913,6.9894579121532185,-3.0802341344153694,-3.3856154080271685,-2.153472738638364,-3.7220870732207896,-2.335794212099024,5.030365946018042,-2.263473585403102,-3.7220870732207896,-2.361112007262807,0.1939259933195307,-3.7220870732207896,-3.7220870732207896,-0.426252133140389,-1.7619940074814189,-3.7220870732207896,1.647618298726907,-0.1004183153223687,1.9746687932141092,-2.7665768589608795,1.1149861856125125,-2.6573776465714265,-2.889179080718846,-1.8975394585871503,-0.5398771497346317,4.718309463650304,6.007366469215902,4.018227442975839,3.496967145278749,5.634634748918484,1.5752278030056737,3.629069154495601,4.867982763981906,8.378649722975785,-0.452520057989446,2.7634617767015257,4.467044397488987,2.5786967251141792,4.111352660070383,-1.083031600746398,-3.7220870732207896,5.19757809091705,1.8674042625091247,1.5661779675767558,5.534065611087729,5.6009011824807216,-0.6871359903576757,2.296017409704163,-2.0734300630160973,1.0703902276580433,-3.945230124536124,0.1656412806239177,6.8260379558647255,-1.7761786384492313,5.866824711534209,-2.413755713028216,5.79146217297449,-1.4499629815239066,0.1195115108312647,-3.3856154080271685,-2.980150776108913,1.2008073211255,-4.415232253786734,2.086653843076299,-1.4195037802247636,4.942247446987058,0.310380120746216,2.8454268853834583,5.58314320946303,-4.415232253786734,3.4823575738592623,4.5043774160944015,-2.6573776465714265,6.712173778449764,-3.8274473666568634,0.5448072822519513,-0.1111711065205123,3.849384576662347,-0.7263566996648033,-3.252084193973835,-4.078761160018746,-0.4912845984339345,-1.4397064834606512,-0.1840324506999035,1.5354063092256585,0.0734001608972243,-4.232911363657002,-3.7220870732207896,-0.69679790033588,2.2663709698839387,2.137556904972852,-1.9993221183348928,4.500679365415216,-3.8274473666568634,-1.8502865886249376,1.2095030279670278,4.839656745629076,-2.7665768589608795,-1.2371822567641364,-4.078761160018746,-3.8274473666568634,-0.9370777075236686,3.0783036896615235,-2.035689749278259,2.849913712864469,8.25018849437633,-0.994236114101454,-2.7288365594680397,5.0453958017421,-3.3166226317781806,-2.558937638413304,4.568303889881526,2.9796255648064065,-1.4813791711768964,-2.2404840777492225,-2.846619502531903,-1.188392100531211,1.7408949233662452,4.713677119935652,-1.6808684846189257,0.4367940413908819,-2.413755713028216,4.312865951931248,-2.469325533295013,-0.8830104927511178,-3.459723270290944,-2.6573776465714265,-1.7342144510918789,-3.626777075234299,-0.9126862573743714,-1.8350191211561528,-3.7220870732207896,-0.7568159040567286,1.1469826719166625,-2.889179080718846,-1.9303292706574569,-0.9187285711001406,-2.413755713028216,-2.361112007262807,-0.6919552763291132,0.6907092443642697,-2.0928481413317237,3.4714464724283878,-0.2881018042175163,3.152109424302757,4.277555949341794
CRR1012605,0,0.6932402094019777,-3.37966223436184,-1.8857386190665677,4.895249102441867,-2.8331192935429104,-3.0695077909057216,4.434074473514695,-1.6832144297849974,2.377802800731584,-3.6981152836636646,0.0031842521803467,-2.599504661659444,-2.139972639298339,1.2594683069205923,-2.686515962891564,-1.2889227308891602,-2.8871864563337173,-2.5194620180884204,-2.1666408721557566,-1.4600709451374343,-3.212608429418484,1.2820583201331377,-3.138500567154709,-1.543452530888086,-1.0068745313832,6.438027912657436,-0.8287992931182459,-3.580332525784403,3.1866247235707235,-2.343571475694147,-0.284497799695304,-2.1940398313288645,-1.845733300459264,-1.618675929480753,-3.212608429418484,1.4666682045486883,-3.580332525784403,6.411651963216086,-3.212608429418484,6.076100708308336,4.973340367195649,-3.580332525784403,1.8480357565481755,-3.580332525784403,8.216694729138041,-2.8871864563337173,-2.5194620180884204,0.943866399546653,-1.650424617714691,-1.845733300459264,-2.7818260517868847,-0.05397415802852,-2.6420642398463867,-2.7330359352364537,-0.037766348852462,-2.8331192935429104,-3.138500567154709,6.376261672096419,-3.47497223234833,-2.088679371226564,-2.686515962891564,-2.0163587445306423,-3.47497223234833,7.268411009629216,-3.831646319146287,-3.47497223234833,-3.47497223234833,-0.1791372922679296,-1.5148791666089592,-3.47497223234833,1.078902680306842,0.1466965255500904,2.221783634086569,-2.5194620180884204,1.3621010264849718,-2.410262805698967,-2.6420642398463867,-1.650424617714691,-0.2927623088621723,6.812666262289303,-2.599504661659444,-2.6420642398463867,-2.3118227975408443,-0.8872100467426934,-1.2449596171333797,-1.9274112980984928,-2.7330359352364537,-0.7803469164411347,-0.2054052171169867,-2.343571475694147,-2.5194620180884204,0.0335817275165624,3.1607098243235345,-0.8359167598739388,-3.47497223234833,-3.138500567154709,-3.212608429418484,5.760156308632174,0.4489773834727806,7.52307407918458,-0.4400211494852163,-2.8871864563337173,-1.8263152221436376,-1.7345077066286945,-3.6981152836636646,4.58626023737583,6.911093778577205,-1.529063797576772,-2.063986770831309,5.35164295393364,7.177587045086031,-1.202848140651447,8.547345031830165,-3.138500567154709,4.724270101031508,5.707275259669025,-4.168117412914275,2.319258151322077,-1.1723889393523044,-2.0398892308666445,0.5574949616186753,5.0515354261035466,0.0184984862152677,-4.168117412914275,-3.292651008887097,3.616102105427847,6.2538622698191455,-0.7669238979107955,-0.6899628666512091,0.7919221231244107,6.283025013556853,-1.7345077066286945,-0.4792418587923441,-3.004969353101376,-3.831646319146287,4.73040811558589,-1.192591642588192,0.0630823901725556,-1.4081112197088297,0.3205150017696836,3.135452599824735,-3.47497223234833,-2.9443448048142637,0.4310307409977007,-3.47497223234833,-1.752207277462433,5.806476767274077,-3.580332525784403,-1.6031717477524785,1.456617868839487,6.482101479454508,-2.5194620180884204,-0.990067415891677,-3.831646319146287,-3.580332525784403,-0.6899628666512091,-1.2889227308891602,6.716050382203073,-1.1141200425490811,8.266330652838224,6.2407610438165095,-2.48172171859558,4.895851247020796,-3.0695077909057216,-2.3118227975408443,4.692377755277277,3.2267404056788656,-1.2342643303044372,-1.9933692368767637,-2.599504661659444,-0.9412772596587516,-1.634424281488576,6.176507224319147,-1.433753643746466,0.6839088822633412,-2.1666408721557566,6.989254189326799,-2.222210692422554,-0.6358956518786584,-3.212608429418484,-2.410262805698967,-1.4870996102194196,-3.37966223436184,-0.6655714165019121,-1.5879042802836931,-3.47497223234833,-0.5097010631842693,-2.8871864563337173,1.4493767076877966,-1.6832144297849974,-0.6716137302276813,-2.1666408721557566,-2.113997166390348,-0.4448404354566539,0.9378240852367292,-1.845733300459264,-1.9489174940687664,-0.0409869633450568,-1.213210925539228,4.524670790214254
CRR1012358,0,4.5319965192406855,0.6299057448241916,-2.006231495764316,6.137931759203592,-2.953612170240659,-1.0305175977364,2.0118044725734223,-1.803707306482746,2.418736929920978,3.9088143129950206,-0.1173086245174019,2.8094307191281227,-0.8610994697543739,5.468412936620398,-2.8070088395893125,-1.4094156075869086,1.7954294479128214,2.098265036492628,-2.2871337488535053,-1.580563821835183,-3.333101306116233,3.112616977250993,4.587874409632062,-1.6639454075858346,1.539154176611731,6.470479371274757,-0.9492921698159944,-3.700825402482152,-2.0694103707665152,-2.464064352391896,-0.4049906763930526,3.360125501258796,-1.9662261771570129,-1.7391688061785011,-3.333101306116233,-3.2589934438524577,-3.700825402482152,5.619223785868494,-3.333101306116233,-0.1876251184380913,-3.5001551110595885,-3.700825402482152,4.475563972556812,-3.700825402482152,4.163805687322978,8.049913669803054,-2.639954894786169,8.82852104537928,-1.7709174944124395,-1.9662261771570129,1.2376351609135865,-0.1744670347262688,-2.7625571165441354,-2.8535288119342024,-0.1582592255502107,2.003695323883944,-3.2589934438524577,-2.0268507744636537,-3.5954651090460787,-2.2091722479243128,5.8149201276523135,-2.136851621228391,-3.5954651090460787,6.7573046503771605,-3.952139195844036,-3.5954651090460787,-3.5954651090460787,-0.2996301689656783,-1.6353720433067078,-3.5954651090460787,0.9584098036090932,0.0262036488523417,2.10129075738882,-2.639954894786169,1.2416081497872231,-2.530755682396716,-2.7625571165441354,-1.7709174944124395,-0.4132551855599211,4.122595971161022,-2.7199975383571924,-2.7625571165441354,-2.432315674238593,1.364576412961362,-1.365452493831128,2.7501692552932893,2.369653467857772,-0.9008397931388832,-0.3258980938147353,-2.464064352391896,-2.639954894786169,0.5789201916207886,4.5392936739609056,-0.9564096365716874,3.249135357063169,5.86567867295186,3.050143883873544,6.3334737423945295,8.055340271305354,7.211558200814054,5.173760251888301,-3.007679333031466,-1.9468080988413865,1.5772870458664805,1.0097030969440122,0.9520739852938168,5.685629911569242,-1.649556674274521,-2.184479647529057,-2.2871337488535053,6.915735000230039,4.263637118399716,6.359255236263413,-3.2589934438524577,4.97439443131872,6.045369137962213,1.9598153650276304,2.750520070942034,-1.292881816050053,-2.160382107564393,0.4370020849209267,4.86862062110687,-0.1019943904824808,-4.288610289612024,-3.413143885584846,6.51799769835556,-2.530755682396716,-0.8874167746085442,0.3785913248975042,0.6714292464266619,4.917396724612665,-1.855000583326443,2.21327580725101,-3.1254622297991244,-3.952139195844036,2.642857519901679,-1.3130845192859406,-0.0574104865251928,-1.528604096406578,0.200022125071935,-4.106289399482292,-3.5954651090460787,-3.064837681512012,8.304216236582203,2.8818129019017027,1.5555096811927345,5.233466420209879,-3.700825402482152,-1.723664624450227,1.3361249921417384,-2.953612170240659,-2.639954894786169,-1.1105602925894258,-3.952139195844036,1.0295057238480352,-0.8104557433489579,-1.4094156075869086,6.210065770205107,3.9295257574765183,4.177790743821788,4.710955667614941,-2.602214595293329,2.130076863916792,-3.19000066760347,-2.432315674238593,-3.2589934438524577,3.106247528981117,-1.3547572070021858,-2.113862113574512,-2.7199975383571924,-1.0617701363565002,-1.7549171581863248,-3.5001551110595885,-1.5542465204442146,0.5634160055655927,-2.2871337488535053,5.143236300844213,-2.342703569120302,-0.756388528576407,-3.333101306116233,-2.530755682396716,-1.6075924869171685,-3.5001551110595885,-0.7860642931996606,-1.7083971569814418,-3.5954651090460787,-0.630193939882018,-3.007679333031466,-2.7625571165441354,-1.803707306482746,-0.7921066069254299,-2.2871337488535053,-2.2344900430880967,-0.5653333121544026,0.8173312085389803,-1.9662261771570129,0.8727372448066346,1.8426122085747685,6.526022801571799,4.404177913516505
CRR1012480,1,2.3744439819851024,0.8713827564057327,1.6359573707911137,6.174642168783306,4.421598824065793,-3.4181617104230746,3.224062969154798,-2.031868349302351,1.874136257173863,-4.046769203181018,4.393432447250223,-2.948158581176797,7.523145911834836,6.8463824998324245,-0.95572913618322,-1.6375766504065137,0.9002135816038956,5.740715598736438,-2.51529479167311,-1.0892605125739787,-3.5612623489358377,1.4181188737779693,3.1715884047209566,5.261579743581607,5.410409215484394,8.380802145761185,-1.1774532126355992,-3.928986445301757,-2.99071815936374,3.6495545672122622,7.622785646618731,-2.542693750846217,7.004074650489086,-1.967329848998106,2.3929779532131974,1.6316929720410265,4.608355674763236,2.3572163205430594,-3.5612623489358377,6.11485002585556,2.549350285944084,-3.928986445301757,5.0993767545189534,2.1064927703195675,5.145531981566688,0.9402537423440748,-0.9222064478908298,6.269379982275828,2.4084268640930464,-2.1943872199766177,-3.130479971304238,4.040176889534774,7.605063166969604,-3.081689854753807,-0.3864202683698153,-3.1817732130602634,-3.4871544866720625,-2.255011817283258,-1.3387213354090304,-2.4373332907439176,6.517527062485165,0.7386345539899579,-3.823626151865684,3.466801148289873,-4.18030023866364,-3.823626151865684,-3.823626151865684,-0.527791211785283,-1.8635330861263129,-3.823626151865684,0.7302487607894885,-0.2019573939672628,1.8731297145692156,-2.868115937605773,1.0134471069676183,-2.7589167252163205,-2.99071815936374,-1.9990785372320443,-0.6414162283795257,5.024076690267113,5.830936396499012,5.523548146919745,1.9766758958364083,2.906195921015278,2.5642607620639195,4.426678565812782,3.434924835292562,-1.129000835958488,4.506946263402783,-2.6922253952115005,3.0275567777464616,4.552876668634963,5.32228036016642,3.1359602776574453,2.5622405593634454,2.465345032227146,1.3615205277769231,5.5313319098955125,5.765997610574148,7.779616878686109,3.683293245306044,1.6578437661085943,-2.1749691416609918,-2.0831616261460475,-4.046769203181018,-3.5612623489358377,3.311740674696978,-1.8777177170941253,3.933594062788638,-2.51529479167311,3.3342630850536543,-1.5515020601688003,5.0660936476900496,-3.4871544866720625,-3.081689854753807,5.436073649840591,-4.516771332431628,2.0691204278239046,-1.5210428588696576,5.390006787261272,0.208841042101322,4.311484372263258,2.943254570539594,-1.0636180852484918,5.833728656840134,3.4945134408724736,-2.7589167252163205,-1.1155778174281488,-3.928986445301757,0.4432682036070573,-1.921520326959345,3.9881833221341134,-0.8278957783096974,3.5218657970679024,2.0222324271691967,5.582903808589688,-1.5412455621055452,-0.2855715293447975,-1.7567651392261827,-0.0281389177476696,-4.334450442301896,-3.823626151865684,2.6083468483138024,4.964019566642921,-3.823626151865684,-2.100861196979787,1.9675545191820865,-3.928986445301757,-1.951825667269832,1.1079639493221338,4.328800319146835,-0.4772389362739903,-1.3387213354090304,-4.18030023866364,1.761370794310058,-1.038616786168563,-0.0125310207777114,1.2249449944099349,4.106002350286019,5.629172006100232,-1.095775192746348,1.5442152866613217,3.133488558559852,3.5934716558044246,-2.6604767170581978,-3.4871544866720625,2.8780864861615125,-1.5829182498217904,-2.3420231563941165,2.60609132940126,-1.2899311791761048,3.55874509515918,-3.728316153879194,-1.7824075632638192,0.3352549627459879,0.0883948935644618,2.8351528183351404,2.1837097493218485,3.0281914969032093,-3.5612623489358377,-2.7589167252163205,-1.8357535297367729,-3.728316153879194,-1.0142253360192657,-1.9365581998010464,-3.823626151865684,-0.8583549827016228,-3.2358403758510703,4.57563699383272,-2.031868349302351,-1.0202676497450347,-2.51529479167311,-2.462651085907701,-0.7934943549740072,0.5891701657193756,-2.1943872199766177,-2.29757141358612,-0.3896408828624103,5.978656895273932,4.1760168706969
CRR1012371,1,2.7311504217843408,-0.6999652086910684,-2.406566535489706,5.146901574704898,4.318246178329348,-3.59033570732886,3.832474899411261,1.2427652239885048,0.0295495776799655,-4.218943200086804,4.696620845962673,-3.1203325780825826,7.385247694909998,-1.371133411678784,2.2160020263312203,0.0680832403321838,0.928548791264658,1.2213051731990117,-2.6874687885788955,-1.980898861560573,4.030171949173419,-0.1891396145547057,1.905737696280985,4.7397230372853,1.889190159389732,6.372663928358682,-1.3496272095413846,0.6272079749933186,-3.1628921562695256,4.856834178782818,-0.8053257161184427,-2.714867747752004,-1.4621051760818902,-2.1395038459038918,-3.733436345841623,5.506431416579328,4.82601872411965,3.299797230920466,-3.733436345841623,-0.5879601581634815,-3.9004901507849783,-4.101160442207542,5.0134007523996775,1.2299445356964205,3.96347381204574,6.221013292975095,-3.0402899345115597,2.031512056056137,1.6070544146714028,4.4255847402339725,-3.3026539682100235,5.675362349561309,-3.1628921562695256,-3.253863851659593,4.113783642067857,-3.353947209966049,-3.659328483577848,-2.4271858141890434,1.5336269466784624,-2.609507287649703,3.5624015572831214,2.037284077825496,-3.995800148771469,0.3109620283580435,1.459518975135241,-3.995800148771469,-3.995800148771469,-0.6999652086910684,-2.035707083032098,-3.995800148771469,0.5580747638837031,-0.3741313908730482,1.70095571766343,-3.0402899345115597,0.8412731100618331,-2.931090722122106,-3.1628921562695256,-2.17125253413783,-0.8135902252853111,4.913703364446829,-3.1203325780825826,-3.1628921562695256,-2.832650713963983,-1.4080379631658322,2.198603246416836,2.4326261767360227,-3.253863851659593,6.701121259965597,-0.7262331335401254,-2.864399392117286,4.383599158891157,3.72119303064986,4.803708752901012,5.547991622147873,2.858974207530596,3.649882454500713,-1.891667750596852,4.10472342063737,7.6399655326107645,4.180926849318256,4.037726527591953,-3.408014372756856,0.6330845833671883,-2.255335623051833,-4.218943200086804,0.0577204536545984,5.575870305960122,-2.0498917139999104,2.886224983692061,4.374838093957406,4.708434766107815,-1.7236760570745857,4.836172585272246,-3.659328483577848,3.045959411809571,6.788071199260473,-4.688945329337414,0.9357899524163484,4.734144806884267,5.677076556467115,0.0366670451955366,4.539427405525717,1.7159485021496654,-4.688945329337414,6.312496965092976,2.784347007879733,1.594438291955863,4.908176093413265,-4.101160442207542,0.2710942067012718,-2.0936943238651304,5.040184836300031,-1.0000697752154828,4.303583231419417,0.3736457290140079,5.03770557499444,-1.7134195590113306,-0.4577455262505829,3.98716031111691,-0.200312914653455,-4.506624439207681,-3.995800148771469,-3.465172721237402,4.498981821542704,0.3531846576660055,-2.273035193885572,2.436172851408017,-4.101160442207542,-2.123999664175617,0.9357899524163484,6.740163999299009,-3.0402899345115597,-1.5108953323148158,-4.352474235569425,-4.101160442207542,-1.210790783074348,2.5512701677450145,0.5128571588642101,-1.6349479589722198,5.900318333521832,4.5708286166298056,-3.002549635018719,-2.187513049721405,-3.59033570732886,-2.832650713963983,-3.659328483577848,2.7059124892557267,-1.755092246727576,-2.514197153299902,-3.1203325780825826,-1.4621051760818902,2.982597971645585,3.892457331150693,-1.9545815601696048,0.1630809658402025,-2.6874687885788955,-3.59033570732886,-2.7430386088456924,-1.1567235683017971,-3.733436345841623,-2.931090722122106,-2.0079275266425585,2.391413817624908,-1.1863993329250508,-2.108732196706832,-3.995800148771469,3.720391355998455,-3.408014372756856,5.635706062373421,-2.204042346208136,-1.19244164665082,-2.6874687885788955,-2.6348250828134865,-0.9656683518797928,0.4169961688135902,-2.366561216882403,1.1528544548385633,-0.5618148797681957,3.7353387885742286,4.003842873791115
CRR1012349,0,2.50473162490902,-1.5804802749897466,-2.38914011632652,4.906982145440459,3.0015141489958648,6.724670966228348,3.838685948281172,-2.18661592704495,3.012064917835744,-4.201516780923617,-0.5002172450796057,-3.1029061589193967,5.842414762351483,6.3523253764852345,-3.1899174601515163,3.630197237232378,-3.39058795359367,3.540557168153972,4.46271365357669,-1.9634724423973864,1.4456928510656564,-3.9783737296082826,-0.8086900648952436,5.209003030937199,-1.5102760286431522,6.838919474550293,-1.3322007903781985,-4.083734023044356,0.9416052108203824,-2.8469729729541,-0.7878992969552564,-2.697441328588817,-2.3491347977192167,-2.122077426740705,-3.7160099266784368,2.1436783915931907,-4.083734023044356,1.4395008808725076,0.876774677225902,-0.5705337390002951,2.4085035931233656,-0.3783274345541547,5.977248761444593,-4.083734023044356,4.704569160613647,-3.39058795359367,-0.7920230137990172,5.8794552440546965,-2.153826114974644,-2.3491347977192167,-3.285227549046837,3.5525333591877657,7.784723068414366,-3.2364374324964063,4.376392646000995,-3.336520790802863,-3.6419020644146616,0.5477512706863772,-0.356704971709862,-2.5920808684865166,4.243801898795209,2.0185737527049192,3.652958938026028,-2.6173986636503006,2.1571891658044606,-3.9783737296082826,-3.9783737296082826,-0.682538789527882,-2.018280663868912,-3.9783737296082826,0.5755011830468894,-0.356704971709862,1.718382136826616,-3.022863515348373,0.8586995292250192,-2.9136643029589195,-3.1454657371063397,-2.153826114974644,-0.7961638061221249,2.977979221117041,0.9164745464663224,-3.1454657371063397,-2.815224294800797,2.4412934158377437,2.156756171644992,4.057291707736243,1.2935976718690925,6.286032740023072,-0.7088067143769392,1.9944155573303213,6.11827440298411,6.5277378380833415,4.778306691975063,6.851733011459606,-3.9783737296082826,3.1868085802026878,5.090930891819473,3.724090046248665,5.691109528407124,5.3284014601882985,4.975677872720861,-1.6959931398481445,-0.4758257934428775,-2.2379092038886466,-4.201516780923617,-3.7160099266784368,2.916902029889853,4.7517005545095525,3.379052913424012,3.866335282477231,5.508535210218638,4.290458661867449,3.809255229377629,2.286545186493226,-3.2364374324964063,2.9171045205249437,-4.671518910174227,0.1226134084470689,3.2849538892720958,7.016561857145468,0.0540934643587228,7.0757186600810345,-0.4849030110446847,-4.671518910174227,4.333612056117869,1.974347994382774,2.8135196655269965,7.484352682010881,-0.2079162424169751,4.368882869300979,-2.076267904701944,-2.2379092038886466,-0.9826433560522966,5.08545800582595,-0.4698197697433901,4.855553354943882,-1.6959931398481445,-0.4403191070873968,-1.9115127169687816,5.283436920928828,1.4270007182198876,2.8215715989692165,3.742174693088928,-0.0723707562622517,2.457454077773576,0.8531329145415008,3.274103363611664,-4.083734023044356,-2.106573245012431,0.9532163715795344,4.363892483242682,-3.022863515348373,0.2322693179855688,0.8007477803119692,0.8814366902592652,-1.1933643639111615,4.235114403179274,5.25180648477951,-1.6175215398090337,5.29123305101545,-1.2505227704889472,-2.9851232158555328,-2.1700866305582185,-3.572909288165674,1.953338818403781,-3.6419020644146616,2.723338908418913,-1.7376658275643897,-2.496770734136716,-3.1029061589193967,-1.444678756918704,-2.1378257787485286,5.862267865314828,1.6852789608987642,0.1805073850033888,-2.670042369415709,1.8880923329927364,-2.7256121896825065,-1.139297149138611,-3.7160099266784368,-2.9136643029589195,3.7072354587815335,-3.883063731621792,-1.1689729137618643,-2.0913057775436457,-3.9783737296082826,1.8605202246812045,0.6126955522862825,7.047020628180956,-2.18661592704495,1.1336120707984532,-2.670042369415709,-2.6173986636503006,-0.9482419327166064,3.9985630280397295,-2.3491347977192167,-2.452318991328719,-0.5443884606050094,0.6660151887658589,4.021269292954301
CRR1012663,0,3.1640985462620232,0.5472970435715826,-2.0946711171577195,5.638189662464234,3.2320151131947816,5.342582916402565,2.304553312665246,6.350293245247117,-0.3660908852506125,-3.907047781754817,-0.2057482459108054,-2.8084371597505964,7.0890734044660775,-1.0592379933467977,-2.8954484609827165,-1.4978552289803124,1.507938402723508,4.7302787313479255,-2.375573370246909,-1.6690034432285863,-3.4215409275096365,1.6820692939301634,3.158776553935412,3.124911802892624,-1.2158070294743522,8.792637991481206,1.6063784744939351,0.3087742149084864,0.8720732323682405,6.8513205745823935,-0.4934302977864562,-2.4029723294200167,-2.0546657985504164,-0.7394676460078895,-3.4215409275096365,4.846597475433138,0.4037488771908681,-3.588594732452992,-3.4215409275096365,-0.276064739831495,3.4696142794593547,-1.464703028991207,6.390487476161592,-3.789265023875555,4.719535286883931,5.004007660043611,-2.7283945161795726,8.268342771198906,-1.8593571158058435,1.0037646954785586,-2.990758549878037,5.967883463494995,-2.850996737937539,-2.941968433327606,-0.2466988469436142,-3.0420517916340626,1.480879254914603,-2.115290395857057,-2.115290395857057,-1.6044649387576777,3.328929026795666,-2.2252912426217946,5.948375591336814,5.578817341408056,-4.04057881723744,-3.6839047304394814,-3.6839047304394814,-0.3880697903590818,-1.7238116647001114,-3.6839047304394814,0.8699701822156897,-0.0622359725410617,2.0128511359954167,-2.7283945161795726,1.1531685283938196,-2.6191953037901192,-2.850996737937539,-1.8593571158058435,-0.5016948069533246,6.2752141848446605,-2.8084371597505964,2.560260174109749,0.2241082937537666,-1.0961425448338458,2.88135824241478,4.548958756871095,-2.941968433327606,7.274721776544696,-0.4143377152081389,-1.3813214374434566,1.164993656147188,7.442962058418354,5.010762966444462,3.3078219841597445,2.2044170632942235,1.7124443854481026,1.2831249401042175,3.1406843094573267,5.844843735486966,6.340665069510006,5.101755132812217,-3.096118954424869,-2.03524772023479,2.613570849488889,-3.907047781754817,-3.4215409275096365,5.149001901234947,-1.7379962956679242,2.3000295552874914,-2.375573370246909,3.475851630093902,-1.4117806387425993,0.1576938536125719,-3.3474330652458613,-2.941968433327606,-3.213901851192528,0.939103393325305,2.001032663210717,-1.3813214374434566,1.204937521665092,0.3485624635275232,5.221646101455248,-0.1904340118758843,-4.377049911005427,-3.5015835069782497,4.285658531380318,1.2064424128218652,5.924820424103363,-0.3445846815714311,0.5829896250332585,-1.7817989055331438,3.5233603742323725,-0.6881743568834964,5.8064564567741455,-4.04057881723744,1.6764460364285032,-1.4015241406793442,-0.1458501079185965,-1.6170437177999817,0.1115825036785313,-0.7083770621601997,-3.6839047304394814,4.593047614744529,3.8096332118894383,-3.6839047304394814,-1.961139775553585,3.3244176052749954,-3.789265023875555,-1.8121042458436307,1.2476853707483349,4.85399064292885,-2.7283945161795726,-1.1989999139828291,-4.04057881723744,2.514571990119866,-0.8988953647423614,3.940809908180322,2.147975752711137,2.8013390088788035,7.66014790971064,-0.9560537713201468,-2.6906542166867324,3.8988317594952586,-3.278440288996874,-2.5207552956319965,3.383754067758726,3.0178079075877133,-1.4431968283955894,-2.202301734967916,-2.8084371597505964,-1.1502097577499035,3.061094299596724,5.313586895949298,-1.6426861418376184,0.474976384172189,1.6584275310967065,4.537249584682028,8.53730277264301,-0.8448281499698106,-3.4215409275096365,-2.6191953037901192,-1.6960321083105718,-3.588594732452992,-0.1813567942740774,-1.7968367783748451,-2.990758549878037,-0.7186335612754216,-3.096118954424869,6.523264188351176,-1.8921469278761496,-0.8805462283188334,-2.375573370246909,-2.3229296644815003,-0.6537729335478062,0.7288915871455768,-2.0546657985504164,-2.157849992159919,-0.2499194614362091,-1.42214342363038,4.3157382921231005
CRR1012336,1,0.8059110353157029,-3.811904312146312,3.982917022601751,4.535727361083492,5.517331807663093,5.8971578396183855,3.450977443876928,-2.115456507569469,-3.118758040676036,-4.130357361448136,-0.429057825604125,-3.031746739443916,7.320490711852219,-1.282547573040117,-0.2487960119551837,-1.721164808673632,-3.319428534118189,5.147592429174846,4.826409968030313,-1.892313022921906,-3.644850507202956,0.8951640615653558,2.0630246056328057,2.1713429484110653,-1.4391166091676717,6.8392038747901935,-1.2610413709027175,-4.012574603568875,1.4909464004367246,7.470590217040217,7.323802373270685,-2.6262819091133363,-2.277975378243736,-2.0509180072652247,-3.644850507202956,2.713922997245377,6.808937728255009,-3.811904312146312,-3.644850507202956,-0.4993743195248145,2.017039492631324,-1.2971463703299826,5.708122394497496,-2.425611314661235,4.142657646466869,3.857843736426172,-0.329268360858227,8.67520909493092,-2.082666695499163,-2.277975378243736,1.9921329535518304,5.328148326945174,-3.0743063176308585,-3.165278013020925,-0.4700084266369339,-3.265361371327382,-3.570742644939181,0.5970279793912222,-3.907214310132802,-2.5209214490110363,3.918907541318796,-0.3867554484702329,-3.907214310132802,4.104669338866348,-0.5608270945411088,-3.907214310132802,-3.907214310132802,-0.6113793700524015,-1.947121244393431,-3.907214310132802,0.6466606025223701,-0.2855455522343812,1.7895415563020969,-2.951704095872892,0.9298589487004998,-2.8425048834834388,-3.0743063176308585,-2.082666695499163,-0.7250043866466442,4.740478689700655,-3.031746739443916,2.383611817909248,3.407336523524836,5.367168711235875,1.2506889142079696,3.7775676343115223,1.9699590961804336,6.224195348715817,-0.6376472949014586,1.1258325918401633,4.800663354741574,3.978112929894834,2.485705327034526,5.193844766903313,1.0514237028920173,3.015821594352159,2.328370198593542,0.8852629907460308,4.131102019396975,3.4577106205478354,5.126768672268502,-0.519441881233222,-1.2681588376584103,-0.8722632272696881,-4.130357361448136,1.660364550984417,4.616078230540978,-1.961305875361244,5.574691996305966,0.000798714060447,3.3952801149442324,-1.635090218435919,5.840704560637014,-3.570742644939181,-3.165278013020925,-3.4372114308858475,-4.600359490698747,0.677751188947933,-1.604631017136776,-1.6248337203726635,0.1252528838342037,5.356475237531985,-0.413743591569204,-4.600359490698747,5.947438077416372,3.3800706963013583,-2.8425048834834388,5.017839114259349,-4.012574603568875,1.052827211874639,1.4699122460836684,2.6786794473573496,-0.9114839365768158,6.8186643963272,-4.263888396930759,4.796190853126772,2.802575718505259,-0.3691596876119161,3.3740316990928787,-0.1117270760147882,-4.418038600569014,-3.907214310132802,2.993514355928469,-0.001211336786771,-0.4927736359291543,-2.184449355246905,1.658835498710429,-4.012574603568875,-2.03541382553695,1.0243757910550153,2.845988211337004,-0.962777225701209,-1.422309493676149,-0.2436546127191055,-4.012574603568875,-1.1222049444356812,1.6656978969191445,-2.913963796380052,0.5307179801220373,7.844570137659338,-1.1793633510134665,-2.913963796380052,-2.0989272110827377,-3.5017498686901933,-2.744064875325316,-3.570742644939181,2.794498327894394,-1.666506408088909,-2.425611314661235,-3.031746739443916,-0.519441881233222,-2.066666359273048,-2.683440290273565,-1.8659957215309375,0.2516668044788694,-2.598882949940229,7.308523398466484,-2.6544527702070257,-1.0681377296631305,-3.644850507202956,-2.8425048834834388,-1.9193416880038912,-3.811904312146312,4.814386034869446,-2.020146358068165,-3.907214310132802,-0.9419431409687412,-3.319428534118189,3.614967565781775,-2.115456507569469,-1.103855808012153,-2.598882949940229,-2.54623924417482,-0.8770825132411257,0.5055820074522572,-2.277975378243736,-2.3811595718532383,-0.4732290411295287,2.2060232983298382,4.092428712429781
CRR1012459,1,-2.0566913096488357,0.1490436835613368,-2.3392581809629243,4.321708446601476,4.840453728993816,-3.5230273528020786,4.122337130751753,-2.1367339916813544,0.0265887389600813,-4.151634845560022,3.823411539695768,-3.053024223555801,7.778683445305703,-1.3038250571520025,-3.140035524787921,-1.7424422927855172,-3.3407060182300743,4.885212362557448,6.649070243680526,1.2247978118157852,-3.666127991314841,1.6111998997360786,-3.592020129051066,6.006947748131149,-1.4603940932795567,7.241589187126664,6.767619690847918,-4.03385208768076,1.5833207546452983,-2.797091037590504,-0.738017361591661,-2.647559393225221,6.6082741548584405,-0.8558003869599793,-3.666127991314841,1.411924757911713,3.798776964995492,-3.833181796258197,-3.666127991314841,5.728747891823431,2.986832752220683,-4.03385208768076,4.71190768982863,-4.03385208768076,5.421104045230424,-3.3407060182300743,0.674674409114811,7.570093366806548,3.632003251705589,-2.299252862355621,-3.2353456136832417,3.481611291234611,-3.095583801742744,-3.1865554971328107,-0.4912859107488191,-3.286638855439268,-3.592020129051066,-2.359877459662262,-3.928491794244687,-2.542198933122921,2.728746739198481,2.9220560130864173,-3.928491794244687,-2.567516728286705,0.015027917004519,-3.928491794244687,-3.928491794244687,-0.6326568541642865,-1.968398728505316,-3.928491794244687,0.625383118410485,-0.3068230363462664,1.7682640721902116,-2.9729815799847774,0.9085814645886148,-2.863782367595324,-3.095583801742744,-2.103944179611048,-0.7462818707585293,5.83198906399181,-3.053024223555801,3.617741265013276,4.407081593167501,-1.3407296086390503,2.106030247115014,4.080004835081761,4.228303253006523,7.305093358783975,-0.6589247790133437,3.0909817361384464,4.634704735311972,6.242092949206354,4.843372623128406,3.9269733620636025,1.5293881505018372,3.866164600542872,0.1524277814310561,5.319527644893788,4.566862702973206,6.642987220021119,3.021554398846879,0.987097965829431,-2.279834784039995,-2.188027268525051,-4.151634845560022,-3.666127991314841,5.087630561735338,-1.9825833594731288,6.467168531275156,1.7957446955125749,3.692407352786284,-1.656367702547804,-0.0868932101926328,-3.592020129051066,-3.1865554971328107,4.082463226404981,-4.621636974810632,-3.928491794244687,-1.6259085012486614,1.1689306421508985,0.1039753997223183,4.815516194172883,-0.4350210756810892,-4.621636974810632,-3.7461705707834554,4.270420651294206,0.1921681087643189,3.5064721389352616,-4.03385208768076,0.3384025612280536,1.3627989674388783,5.128159124167051,-0.932761420688701,6.447107659410903,-4.285165881042644,5.608643588658075,-1.646111204484549,2.9129079863266374,-1.8616307816051865,-0.1330045601266732,-4.439316084680899,-3.928491794244687,3.343904599716248,6.104898582950082,-3.053024223555801,-2.2057268393587903,2.969817027930429,-4.03385208768076,-2.0566913096488357,1.00309830694313,7.238597749994946,-2.9729815799847774,-1.443586977788034,-4.285165881042644,-4.03385208768076,-1.1434824285475662,4.568823167576788,3.792056628452524,3.5278452152635777,7.240165137368605,-1.2006408351253517,-2.935241280491937,3.820828671279737,3.81711488716393,-2.7653423594372013,4.0012806652957735,2.7732208437825085,-1.687783892200794,-2.44688879877312,-3.053024223555801,-1.3947968215551083,3.559911635191318,4.535846993691032,-1.887273205642823,0.2303893203669843,-2.6201604340521136,3.0843419629904614,-2.6757302543189105,-1.0894152137750155,0.9885631675352908,-2.863782367595324,2.5118145874672333,-3.833181796258197,-1.119090978398269,0.4855159104973199,-3.928491794244687,-0.9632206250806264,0.5211915122694949,5.684962261571246,-2.1367339916813544,-1.1251332921240382,-2.6201604340521136,-2.567516728286705,-0.8983599973530109,0.4843045233403721,-2.299252862355621,6.659881926964105,-0.4945065252414138,-1.6667304874355848,4.0711512283178966
CRR1012463,1,-1.6417997859853597,0.1901658452895583,-1.924366657299448,5.620180978890729,3.824115589412545,-3.1081358291386025,-3.1081358291386025,-1.7218424680178783,-2.7251440011244448,7.468434309400775,-0.0354437860525343,4.763097731696454,4.366143313504106,-0.8889335334885263,2.4202331689887444,-1.3275507691220412,-2.9258144945665983,3.5115804270573,-2.2052689103886376,-1.4986989833703153,-3.251236467651365,-3.513600270581211,-3.17712860538759,-1.582080569120967,-1.045502569616081,5.473169459994772,6.345578054499471,-3.618960564017284,-2.680692278079268,-2.382199513927028,4.690084929989711,-2.232667869561745,-1.8843613386921447,-1.6573039677136336,-3.251236467651365,-3.17712860538759,-0.0050463107163185,2.401521048668702,-3.251236467651365,1.7552862955766744,1.1554812599142588,-3.618960564017284,6.609944080389449,-3.618960564017284,4.218328452246468,0.402412795959109,-2.5580900563213014,4.098042286484088,-1.689052655947572,-1.8843613386921447,-2.8204540900197657,-0.092602196261401,-2.680692278079268,-2.771663973469335,3.490735108065041,6.022250497926274,-3.17712860538759,2.003850633917625,-3.513600270581211,-2.127307409459445,7.035301237525879,-2.0549867827635238,-3.513600270581211,7.278796595048416,-3.870274357379168,-3.513600270581211,-3.513600270581211,-0.2177653305008106,-1.55350720484184,-3.513600270581211,1.040274642073961,0.1080684873172094,2.1831555958536875,-2.5580900563213014,1.3234729882520908,-2.448890843931848,-2.680692278079268,-1.689052655947572,-0.3313903470950534,-1.8088538147044884,3.972786803295438,-2.680692278079268,-2.3504508357737253,-0.9258380849755744,-1.2835876553662604,3.3413849449726403,-2.771663973469335,6.595736173451087,-0.2440332553498677,-2.382199513927028,2.27206736969168,3.153100039090325,5.061444648823391,-0.8745447981068197,-3.513600270581211,-3.17712860538759,-3.251236467651365,-0.6457032548987478,1.1034965060369997,3.210710826342959,2.607134616626583,-2.9258144945665983,-1.8649432603765188,-0.7923067111480416,-3.7367433218965456,2.8344872227176365,7.642419652925861,-1.567691835809653,-2.10261480906419,3.658515277068481,8.201563384840389,-1.2414761788843285,5.130646390211485,-3.17712860538759,2.943795134541772,8.056361156551398,-4.206745451147156,-3.513600270581211,2.2751339160808524,-2.078517269099525,0.5188669233857944,2.353432203813108,1.1554812599142588,-4.206745451147156,-0.1057602799732237,4.595863255675962,-2.448890843931848,-0.8055519361436765,-3.618960564017284,0.7532940848915296,-1.6114944456748723,-1.7731357448615752,-0.517869897025225,-3.0435973913342567,1.2936921158388834,1.67935459142211,-1.231219680821073,0.0244543519396746,-1.4467392579417104,0.2818869635368025,-4.024424561017424,-3.513600270581211,-2.9829728430471443,1.7501236615511733,3.347271024598792,-1.7908353156953143,4.318570628282214,-3.618960564017284,-1.6417997859853597,1.417989830606606,0.0809665590085372,-2.5580900563213014,2.26343067201237,-3.870274357379168,-3.618960564017284,-0.7285909048840902,-1.3275507691220412,5.566720528300015,3.825545739820213,8.236748277426768,6.444752183492418,-2.520349756828461,-1.705313171531147,-3.1081358291386025,-2.3504508357737253,-3.17712860538759,3.1881123674459846,-1.272892368537318,8.285720942466213,-2.638132699892325,-0.9799052978916324,-1.673052319721457,-3.418290272594721,-1.4723816819793472,0.6452808440304604,-2.2052689103886376,4.956708935356095,-2.260838730655435,-0.6745236901115396,-3.251236467651365,-2.448890843931848,-1.5257276484523006,-3.418290272594721,0.8833130012189627,-1.626532318516574,-3.513600270581211,-0.5483291014171504,-2.9258144945665983,2.8912955575929904,3.500852628859573,-0.7102417684605622,-2.2052689103886376,-2.152625204623229,-0.4834684736895349,0.899196047003848,-1.8843613386921447,-1.9875455323016475,6.032281335343082,-1.251838963772109,4.486042751981372
CRR1012474,1,-1.657640633278613,-3.434131119887975,-1.9402075045927023,0.1028660376631284,6.450060585179366,-3.123976676431856,-3.123976676431856,-1.7376833153111324,-2.740984848417699,4.92446942804216,-0.0512846333457882,-2.653973547185579,8.8749835416927,-0.9047743807817804,-2.740984848417699,-1.343391616415295,0.4521059875177233,-2.5739309036145555,-2.221109757681892,-1.5145398306635691,-3.2670773149446197,-3.529441117874465,5.657546740700192,-1.597921416414221,-1.0613434169093348,7.589360658479684,-0.8832681786443809,-3.634801411310538,-2.6965331253725218,-2.398040361220282,-0.3389666852214389,-2.2485087168549995,-1.900202185985399,-1.6731448150068875,-3.2670773149446197,-3.192969452680844,-3.634801411310538,4.812062463862684,-3.2670773149446197,-0.1216011272664777,-2.305667098015228,-3.634801411310538,7.3411917656258545,2.9472215084404048,-0.0178976193399535,-2.9416553418598523,-2.5739309036145555,-2.143148256752699,-1.704893503240826,-1.900202185985399,-2.83629493731302,-0.1084430435546551,-2.6965331253725218,-2.7875048207625888,7.018704905059852,3.255918515156003,-3.192969452680844,3.9135181547721376,-3.529441117874465,-2.143148256752699,5.9678490601258645,-2.0708276300567774,-3.529441117874465,-2.168466051916483,-3.886115204672422,-3.529441117874465,-3.529441117874465,-0.2336061777940646,-1.5693480521350942,-3.529441117874465,1.024433794780707,0.0922276400239555,2.167314748560434,-2.5739309036145555,1.3076321409588367,-2.464731691225102,-2.6965331253725218,-1.704893503240826,-0.3472311943883074,6.4995134132863495,-2.653973547185579,4.973407712233674,-2.36629168306698,-0.9416789322688284,-1.2994285026595145,5.238166321114455,4.417386737769149,-0.8348158019672697,-0.2598741026431218,-2.398040361220282,-2.5739309036145555,-0.7140342786892837,4.708882373985854,-0.8903856454000738,-3.529441117874465,5.02029470540669,-3.2670773149446197,-1.4625801052349643,0.3945084979466458,0.2456140783540821,-0.4944900350113513,-2.9416553418598523,-1.8807841076697729,1.8741347683339644,-3.7525841691898,2.9582409036562853,7.114199239278645,-1.5835326831029068,4.012452162150368,-2.221109757681892,5.125527439601602,-1.257317026177582,7.246374919558857,-3.192969452680844,5.584055902874499,7.334987256906047,-4.22258629844041,-3.529441117874465,-1.2268578248784394,-2.09435811639278,0.5030260760925404,-1.9402075045927023,-0.0359703993108672,-4.22258629844041,-3.3471198944132325,3.12625460220416,-2.464731691225102,-0.8213927834369306,-3.634801411310538,0.7374532375982755,-1.6273352929681266,-1.7889765921548293,-0.5337107443184792,-3.0594382386275107,1.269647777227397,3.589545063017217,-1.247060528114327,0.0086135046464208,-1.4625801052349643,0.2660461162435486,1.6646242384005514,-3.529441117874465,-2.9988136903403984,0.3765618554715657,3.36238601259152,-1.8066761629885684,5.868106845136302,-3.634801411310538,-1.657640633278613,1.402148983313352,-2.8875881790690454,-2.5739309036145555,-1.044536301417812,-3.886115204672422,-3.634801411310538,-0.7444317521773441,-1.343391616415295,-2.5361906041217157,4.08210250275751,7.645816999030073,5.315758017755261,-2.5361906041217157,-1.721154018824401,-3.123976676431856,-2.36629168306698,-3.192969452680844,3.1722715201527305,-1.2887332158305722,7.730340822146117,-2.653973547185579,-0.9957461451848864,-1.688893167014711,-3.434131119887975,-1.488222529272601,0.6294399967372064,-2.221109757681892,9.197420135640794,-2.276679577948689,-0.6903645374047935,-3.2670773149446197,-0.3852907529933079,-1.5415684957455544,-3.434131119887975,-0.720040302028047,-1.6423731658098282,-3.529441117874465,-0.5641699487104044,-2.9416553418598523,-2.6965331253725218,-1.7376833153111324,-0.7260826157538163,-2.221109757681892,-2.168466051916483,-0.499309320982789,0.883355199710594,-1.900202185985399,-2.0033863795949016,-0.0954558488711918,5.036616425667971,4.470201904688119
CRR1012564,0,2.595342408994848,-0.2950292923477587,-2.214349638930888,5.800215120881207,4.971717009624006,8.426135558234996,-3.3981188107700424,-2.011825449649318,-0.4158108233130712,-4.026726303527986,-0.3254267676839743,-2.928115681523765,7.178043138118772,7.098429025208072,2.2998678013156506,4.081292418604671,3.0422946251810576,5.567682784042084,-2.495251892020078,1.2501095441174437,2.1012314936242213,-3.803583252212651,2.9243254022464864,3.9338565723426298,0.9184787030425337,8.726981029259791,5.951309480391584,-0.4501784644547768,-2.970675259710708,3.432322033217486,6.989676557424336,-2.5226508511931853,4.608691769700273,-1.947286949345074,-3.541219449282805,1.667844740456459,4.018859478079949,-3.7082732542261607,-3.541219449282805,-0.3957432616046639,-3.7082732542261607,-3.908943545648724,4.693731709608824,0.0676158003639053,5.214843727374585,3.0841713823051955,0.5376194139846415,7.08268464484917,4.487710600196134,-2.174344320323585,-3.110437071651206,5.757989289639566,-2.970675259710708,-3.061646955100775,3.841334093705143,-3.161730313407231,0.9361158442175636,-2.234968917630226,-3.803583252212651,-2.4172903910908854,2.9824542703462558,-0.8280555839333685,-3.803583252212651,-2.442608186254669,-2.848073037952741,3.314917059369102,-3.803583252212651,-0.5077483121322508,-1.8434901864732804,-3.803583252212651,2.774832281830967,-0.1819144943142306,1.893172614222248,-2.848073037952741,1.0334900066206505,-2.7388738255632883,-2.970675259710708,-1.9790356375790124,-0.6213733287264935,3.961983829734841,-2.928115681523765,2.9990317108699096,-2.6404338174051656,-1.2158210666070144,2.458669503492776,3.3265132595162075,-3.061646955100775,-1.1089579363054558,2.54590333190064,-0.7125427079432485,3.961389929917269,6.036600347761749,7.386735377746145,3.840185108516645,2.688957570237826,0.3138246155157349,0.84655831854063,7.144547547925477,6.183857344910876,5.345942980581314,4.482230583468406,-3.215797476198038,-2.154926242007959,1.2999330481829865,-2.154926242007959,-3.541219449282805,3.718057527428285,-1.8576748174410929,3.396541090202381,-2.495251892020078,3.9746262231393614,-1.5314591605157684,3.91696517048456,0.6623228894324378,-3.061646955100775,-3.3335803729656965,2.289081179925051,-3.803583252212651,5.175377763776285,6.635758040755078,0.2288839417543543,7.3241893657759745,-0.3101125336490532,-4.496728432778596,6.075138185281365,1.8467964527507836,-2.7388738255632883,-1.0955349177751166,-3.908943545648724,0.4633111032600895,-1.9014774273063129,1.44659174950263,-0.8078528786566651,-1.5418219454035489,2.983131700651766,2.9531145541776525,-1.521202662452513,3.1630048143781035,-1.7367222395731503,-0.0080960180946375,-0.3760704972960597,-3.803583252212651,1.005341787604673,6.626563871032555,-3.803583252212651,-2.0808182973267546,2.3722820220531142,-3.908943545648724,0.9670993892041658,1.128006848975166,3.915100243876704,3.25362398166218,-1.3186784357559982,-0.2655286296917654,-3.908943545648724,-1.0185738865155305,4.184075088653155,-2.810332738459901,6.971802176906639,4.780593464360292,-1.0757322930933158,-2.810332738459901,-1.995296153162587,-3.3981188107700424,1.843274082103092,3.540616873781036,2.8981293858145443,-0.8697282759917747,-2.3219802567410843,2.7081600804058445,-1.2698882795230726,4.406376008052952,7.49123395298751,-1.7623646636107873,4.094974363547846,-2.495251892020078,-3.3981188107700424,-2.550821712286875,1.9041892503551932,-3.541219449282805,-2.7388738255632883,-1.815710630083741,-3.7082732542261607,5.282053203989915,-1.9165153001480144,-3.803583252212651,-0.8383120830485905,-3.215797476198038,4.112200937938231,-0.982206246753826,-1.0002247500920023,-2.495251892020078,-2.442608186254669,-0.773451455320975,0.6092130653724079,-2.174344320323585,-2.277528513933088,-0.369597983209378,1.6919422918352711,4.196059770349932
CRR1012471,1,-2.022554055912301,-3.799044542521663,-1.6119739507480146,3.836608804212138,4.972958168260814,-3.488890099065544,4.231688563988184,-2.10259673794482,-3.1058982710513865,-4.117497591823487,2.548183629146759,-3.0188869698192664,7.968357813869935,6.377295695452878,5.150401390916368,1.1028557467714757,-3.30656876449354,7.19644685628725,5.33889925623624,0.9854104935826322,-3.6319907375783065,-3.894354540508152,4.484493701747688,1.7325448970135144,1.4762814969238354,5.781276381111236,-0.2104895779645056,-3.9997148339442257,-3.0614465480062094,4.673947929113695,5.064312196798516,-2.613422139488687,-2.265115608619087,-0.2004894951299347,1.6158411931679977,3.363069209671674,3.81728196152577,-3.799044542521663,-3.6319907375783065,3.2088010364534765,-3.799044542521663,-3.9997148339442257,2.449875329223248,-0.0527559564560984,2.122288310007798,3.438274241411674,-2.938844326248243,5.9476810498200905,3.397572112478553,-2.265115608619087,-3.2012083599467074,4.7159261854512575,7.591195672187927,-3.1524182433962764,-0.4571486570122846,-3.252501601702733,-3.557882875314532,-2.3257402059257277,-3.894354540508152,-2.508061679386387,-1.3929204248325289,-0.8498340075446391,-3.894354540508152,1.3579168980116811,-4.251028627306109,-3.894354540508152,-3.894354540508152,-0.5985196004277521,-1.9342614747687816,-3.894354540508152,0.6595203721470194,-0.2726857826097321,1.8024013259267464,-2.938844326248243,0.9427187183251492,-2.8296451138587897,-3.0614465480062094,-2.0698069258745138,-0.712144617021995,2.862110626588866,-3.0188869698192664,0.8400859987607701,-2.731205105700667,-1.306592354902516,0.1020076501204496,2.2643159298158544,1.4441426252808636,-1.1997292246009572,-0.6247875252768094,0.5715516011369364,6.1511425960627415,3.5063862053336927,1.9375259426424667,6.199271917958746,-1.4607430096671217,0.1626322697742546,-3.6319907375783065,5.571292494541707,4.623596362656023,4.1148071151109,1.8460792582248189,-3.30656876449354,-2.2456975303034605,2.6904348546419947,-4.117497591823487,-3.6319907375783065,3.5134464902831,-1.9484461057365945,4.3747854644023,-2.5860231803155798,2.823931715938369,-1.6222304488112698,3.529808741729193,-3.557882875314532,-3.1524182433962764,2.569296749871081,-4.5874997210740975,-1.376659906604852,5.350733023990018,5.491498943718812,4.110476517719833,2.987875783296601,0.631770459786507,-4.5874997210740975,6.054868903799358,2.341621587567658,-2.8296451138587897,6.4957459071423775,-3.9997148339442257,0.3725398149645881,-1.9922487156018145,2.8907790271889824,-0.8986241669521666,-3.4243516612611984,-4.251028627306109,4.090310600846046,-1.6119739507480146,-0.3562999179872669,-1.827493527868652,3.58449127415844,-4.405178830944365,-3.894354540508152,-1.159988901216448,2.9221602602327734,-3.894354540508152,-2.171589585622256,-2.30512092722639,-3.9997148339442257,-2.022554055912301,1.0372355606796644,3.1258341695930825,5.557407282848954,-1.4094497240514996,-4.251028627306109,-3.9997148339442257,-1.1093451748110317,1.667094033258647,-2.901104026755403,3.228510119705833,5.2954545404216855,-1.1665035813888172,-2.901104026755403,-2.0860674414580886,4.7502091165711855,-2.731205105700667,-3.557882875314532,2.8073580975190437,-1.6536466384642596,-2.4127515450365857,1.0285398538381367,-1.360659567818574,0.7108136654819384,4.164603477895776,-1.8531359519062889,0.2645265741035186,-0.5133617981343082,2.9823207849682545,6.538593878471671,3.908179787679651,2.0463408948085653,-2.8296451138587897,-1.906481918379242,-3.799044542521663,1.7025828459503969,-2.007286588443516,-3.894354540508152,0.7148056866717947,-0.929083371344092,3.5934891978633283,-2.10259673794482,-1.090996038387504,-2.5860231803155798,-2.5333794745501703,-0.1710756113657065,0.5184417770769064,-2.265115608619087,-0.8403552644885677,-0.4603692715048794,4.235348976621883,4.105288482054431
CRR1012380,0,4.560474913989378,1.5223343051443936,-2.219214647941924,6.539537197923034,-0.1656146932531375,-3.402983819781078,3.393615077992543,-2.016690458660354,3.47828924998813,5.266253647107574,-0.3302917766950097,-2.9329806905348006,5.976523989190897,-1.183781524131002,-3.01999199176692,-1.6223987597645166,4.389033411454701,5.2665284730528095,-0.0707805953192718,3.0651275680284003,2.87790993947599,2.8691368540269,-3.471976596030065,5.476366586616671,1.931342657388416,7.487892582410864,-1.1622753219936024,2.1983953928482807,-2.975540268721743,-2.6770475045695035,-0.6179738285706605,-2.527515860204221,6.4317380733171685,-1.952151958356109,4.441856456454779,-3.471976596030065,4.795324215074494,1.9255380619598852,-2.852938046963777,-0.4006082706156992,-3.01999199176692,-3.91380855465976,1.6763466805677236,2.256729328353258,4.932718135908352,1.9900361549680932,-2.852938046963777,8.164316117101627,-1.9839006465900475,-2.1792093293346206,-3.115302080662241,3.5132672574446127,-2.975540268721743,2.439979389542992,3.4029588611981625,-3.166595322418267,3.721385750960188,-2.239833926641261,3.0981042991863346,-2.4221554001019205,2.2389219225527235,2.469320415913309,-3.8084482612236874,5.8878163006670725,1.5405602291475715,-3.8084482612236874,-3.8084482612236874,-0.5126133211432861,-1.848355195484316,-3.8084482612236874,0.7454266514314855,-0.1867795033252658,1.888307605211212,-2.852938046963777,1.0286249976096151,-2.7437388345743234,-2.975540268721743,-1.9839006465900475,-0.6262383377375287,3.3816227292211485,7.207072422569787,2.2655155120020907,2.1152706391502307,2.7699672728199314,3.701542324055724,4.474235049307006,-3.06651196411181,6.967384495122905,-0.5388812459923432,-1.5058649682276606,-2.852938046963777,4.422340039773801,6.488982971581042,-1.1693927887492952,2.923998798243623,1.3367159374871869,3.993595510172733,6.841900578927069,8.109494879346373,6.65793340742839,6.778724870644239,-3.2206624852090737,-2.1597912510189943,-2.0679837355040505,0.4570425852861307,-3.5460844582938407,-1.8915273549220215,-1.862539826452128,-2.3974627997066653,-2.500116901031113,5.8754748203959295,-1.5363241695268035,0.726297481929086,-3.471976596030065,0.4542296439886426,4.675847768903658,2.809754536920296,0.9955707999050124,-1.5058649682276606,-2.373365259742001,2.0339340686759733,4.010623408812036,0.3781696075047213,-4.501593441789631,-3.626127037762454,3.6608617790734392,2.6545791988191083,3.3571977629468357,2.617066854085764,0.4584460942490541,5.093624306295664,0.924233262670998,2.8374206407285625,-3.338445381976732,1.903300389697448,0.9972088018824204,-1.5260676714635484,-0.2703936387028007,-1.741587248584186,-0.0129610271056727,-4.3192725516599,0.7765172378570484,-3.27782083368962,3.432199434467471,0.3751254652161612,-2.0856833063377898,2.962568496480032,1.1529948026893997,-1.2435007499140078,1.1231418399641306,7.038546224320409,0.9873403009039798,-1.3235434447670336,-4.165122348021644,2.852380940341001,0.6957940283003378,4.28586713243713,4.622269590691336,4.770815914768256,5.527729495769995,1.7359456357416638,-2.8151977474709367,4.025625286063801,0.3473029604770196,-1.0358614139819131,5.333654095850757,2.893264376803509,-1.5677403591797936,-2.32684526575212,-2.9329806905348006,-1.274753288534108,-1.9679003103639323,-3.01999199176692,-1.7672296726218226,0.3504328533879847,-2.500116901031113,4.408502329035447,-2.5556867212979104,-0.9693716807540148,-3.5460844582938407,-2.7437388345743234,-1.820575639094776,-3.713138263237196,-0.9990474453772684,-1.9213803091590496,0.7907018725615658,-0.8431770920596258,-3.2206624852090737,6.100999482178064,-2.016690458660354,-1.0050897591030377,-2.500116901031113,0.2169014652277478,-0.7783164643320104,0.6043480563613726,-2.1792093293346206,-2.282393522944123,-0.3744629922204133,8.914276986528884,4.191194761338897
CRR1012687,0,-2.101697022377685,-3.1850412375167707,3.023730780267025,4.214911801663203,4.422745645896587,-3.568033065530928,4.878020765005853,4.233575119661518,1.173994981469823,-4.196640558288872,3.5803113460849127,-3.0980299362846506,7.493566295732036,4.581413271856908,-0.0535082922116751,3.626001972656319,-3.385711730958924,4.61839291071611,5.020697753583436,-1.958596219762641,-3.711133704043691,-3.973497506973537,-1.3202574015192612,2.5926101794299123,2.9428190046540346,6.450453060817412,3.928692029168407,-4.07885780040961,-3.1405895144715936,6.317798218501888,-0.7830230743205108,-2.6925651059540714,-2.344258575084471,-2.11720120410596,-3.711133704043691,2.667160335779537,5.229715540263487,-0.7707529827324101,1.6831913671389336,-0.5656575163655495,-3.878187508987047,-4.07885780040961,3.6313949748360983,-4.07885780040961,3.9145348744672575,5.071565198254834,-3.0179872927136278,6.664939138453673,1.445264021517615,-2.344258575084471,-0.3359132946135735,3.457326123378424,5.724217702430574,-3.2315612098616606,4.579253860229277,-3.3316445681681173,-3.637025841779916,-2.4048831723911115,-3.973497506973537,-2.587204645851771,2.250662808217432,1.7758934853061432,-3.973497506973537,2.828005974392089,1.0155716228328562,-3.973497506973537,-3.973497506973537,-0.6776625668931364,-2.013404441234166,-3.973497506973537,0.5803774056816351,-0.3518287490751163,1.723258359461362,-3.0179872927136278,0.863575751859765,-2.908788080324174,-3.1405895144715936,-2.148949892339898,-0.7912875834873793,0.7467835039423707,-3.0980299362846506,-3.1405895144715936,-2.810348072166051,1.6956915298163562,0.8878620998568404,3.526698249554863,2.4297435136135563,6.572904524932189,5.589664401927752,0.3519568026689764,3.9733303486700775,4.377119485090885,-1.787448005514367,3.7323033632963294,1.9410840012000552,-1.8452675630270592,-3.711133704043691,2.1361924259435647,4.962193471086533,4.70383779663476,3.771156917081342,-3.385711730958924,-2.3248404967688447,-2.233032981253901,-4.196640558288872,-3.711133704043691,3.945420225545989,0.1759643860173842,3.039516284468273,0.7591840169211476,5.370374757801043,-1.701373415276654,3.756851020636012,-3.637025841779916,-3.2315612098616606,4.441749548975264,-4.666642687539482,0.827237479007898,4.059120432472168,6.687962768038454,0.0589696869934684,3.4779744402397865,1.879277526106377,-3.973497506973537,5.596597057158729,3.8734032868096047,-2.908788080324174,3.259378128881104,-0.7707529827324101,0.2933968484992038,-2.0713916820671985,-2.233032981253901,-0.9777671334175508,3.240710531257768,-4.330171593771494,5.4909558127676,-1.6911169172133989,5.710089224539865,2.557086535973585,3.644948132768902,-4.484321797409749,-3.973497506973537,-3.44287007943947,7.699788163455255,2.245897112163344,-2.25073255208764,-0.8207633991377993,-4.07885780040961,-2.101697022377685,3.109049064063024,4.56404518108454,3.1110621497923283,-1.4885926905168838,-4.330171593771494,-0.1624023758855648,-1.188488141276416,2.1196186983796568,-2.980246993220787,-1.612645317174288,7.330971491909459,-1.2456465478542014,-2.980246993220787,-2.165210407923473,5.874602177589551,-2.810348072166051,3.0845705343903425,4.9959660399145935,-1.7327896049296438,-2.49189451150197,-3.0980299362846506,-1.4398025342839584,0.723337885790553,-3.878187508987047,0.8239425831653271,0.1853836076381345,-2.6651661467809635,6.246439774085325,7.094497307287761,-1.1344209265038652,-3.711133704043691,-2.908788080324174,-1.9856248848446263,1.9854418535961744,-1.1640966911271189,-2.0864295549089,-3.973497506973537,1.2933272028050462,-1.3344420344991454,4.068042136329988,-2.1817397044102043,-1.170139004852888,-2.6651661467809635,-2.612522441015555,4.256758000575647,3.108545158787398,-2.344258575084471,-2.447442768693973,-0.5395122379702638,0.6475440478578837,4.026145515589047
CRR1012452,1,-1.8509516431718325,-3.627442129781194,-2.133518514485921,5.7140203757822485,1.469091005395306,-3.3172876863250758,2.986794087630704,4.931972438002976,-2.934295858310918,0.9593771178770538,-0.2445956432390074,3.1686684986284885,6.926511005441024,4.290853832201914,-2.934295858310918,-1.5367026263085142,-3.134966351753071,6.096329554478518,-2.414420767575111,2.360833712778067,-3.460388324837838,3.112430460532155,-3.3862804625740632,3.5049083724154038,1.5553605416689145,7.829653554643368,3.1775736374025665,-3.828112421203757,1.7109678845221798,-2.591351371113501,3.373967252384705,-2.4418197267482187,6.231255421879708,-1.8664558249001069,3.5275974559654752,-3.3862804625740632,5.06012089612934,3.214754111307171,-3.460388324837838,1.8011039226771297,-3.627442129781194,-3.828112421203757,2.446856608909872,1.1957658920426486,6.071309107600718,-0.1118361610674069,-2.767241913507774,-2.3364592666459183,2.0684285432800857,-2.093513195878618,-3.029605947206239,-0.301754053447874,-2.889844135265741,-2.980815830655808,1.657143234991365,0.3132548927791414,-3.3862804625740632,-2.1541377931852588,-3.722752127767684,-2.3364592666459183,2.6637884379321126,-2.2641386399499965,1.5953658758824538,5.88261036791606,-4.079426214565641,-3.722752127767684,-3.722752127767684,-0.4269171876872837,-1.7626590620283134,-3.722752127767684,0.8311227848874879,-0.1010833698692634,1.974003738667215,-2.767241913507774,1.1143211310656178,-2.658042701118321,-2.889844135265741,-1.898204513134045,-0.5405422042815264,-2.018005671890961,5.118665193572182,-2.889844135265741,-2.5596026929601985,-1.1349899421620475,0.5758909251430592,-2.175191193517847,-2.980815830655808,4.170668681614808,-0.4531851125363407,2.4154048028108903,-2.767241913507774,6.482451529698022,3.709019369952699,5.704244813569944,3.9654263407998807,5.997795678290612,1.777687431042421,1.1119392323989068,0.2011974880534267,7.792073526914029,5.892210999454416,-3.134966351753071,-2.074095117562992,-1.982287602048048,-3.945895179083019,0.140078675488496,4.042221054362236,-1.776843692996126,1.6460217117505782,4.872510599440668,6.958759293133448,-1.4506280360708013,4.51588850559309,-3.3862804625740632,4.025533319552418,4.982411292284778,0.2845790938304224,2.5538893653353587,-1.4201688347716583,4.837536866936404,0.3097150661993212,5.419285990165843,-0.2292814092040862,-4.415897308333629,-3.540430904306452,5.572478711412183,3.316204838585876,-1.0147037933301497,-3.828112421203757,0.5441422277050567,3.9028409453423794,-1.982287602048048,-0.727021754211698,4.169548484343807,-0.0957500241783474,0.9849726645980406,-1.440371538007546,-0.1846975052467983,-1.6558911151281834,0.0727351063503296,-4.233576418203897,2.6033953489672323,-3.192124700233617,0.1832508455783467,0.3649014798626663,2.25461150003379,4.0326703720693935,-3.828112421203757,-1.8509516431718325,7.839315724362938,-3.080899188962264,3.515886382405457,-1.2378473113110309,1.8448267333495347,2.6080357285071707,-0.9377427620705632,3.783947537476352,4.436391750443756,4.015036584710587,4.642918256474752,-0.9949011686483488,-2.729501614014934,-1.91446502871762,-3.3172876863250758,-2.5596026929601985,-3.3862804625740632,2.978960510259512,-1.4820442257237911,4.628006604392819,-2.847284557078798,-1.1890571550781055,-1.8822041769079296,0.7104408172355656,-1.68153353916582,0.4361289868439873,-2.414420767575111,-3.3172876863250758,-2.469990587841908,-0.8836755472980125,-3.460388324837838,-2.658042701118321,2.968336568483807,-3.627442129781194,-0.913351311921266,-1.8356841757030475,-3.722752127767684,-0.7574809586036233,-3.134966351753071,5.696176406999524,-1.9309943252043515,-0.9193936256470352,-2.414420767575111,-2.361777061809702,-0.6926203308760079,0.6900441898173751,-2.093513195878618,-2.1966973894881203,2.3962237440426657,7.5475365601291635,4.276890894794899
CRR1012578,0,1.2917553914621227,-3.7639094007902,4.934603029209577,5.903197858593909,2.126225081037909,-3.4537549573340813,5.4284132923128645,1.4055391945857652,2.583318770878221,-4.082362450092025,4.244333374449146,-2.9837518280878044,6.00636696711122,6.8455589679799225,-3.070763129319924,3.2834478887018497,-3.271433622762077,6.874781108657771,-1.8577411282943328,-1.8443181115657945,-3.5968555958468444,2.588084466936095,3.665123939124801,4.666693646849943,1.00368699874806,8.090453348089717,2.8505706298613704,-3.964579692212763,0.7985412563079035,-2.7278186421225072,6.370240624071889,-0.5783101077990698,4.793061970079518,3.752818806166772,-3.5968555958468444,3.314890167476807,-3.964579692212763,-3.7639094007902,-3.5968555958468444,-0.451379408168703,1.7805557530129188,1.669413730778368,5.413586601707856,0.3058922653915177,4.857805774847679,6.653846925753585,2.646263665986232,7.555387571975102,-2.0346717841430517,-2.2299804668876244,-3.166073218215245,4.659850028052569,-3.026311406274747,-3.117283101664814,5.447247000477383,-3.2173664599712706,-3.5227477335830693,-2.290605064194265,-3.8592193987766894,-2.4729265376549243,4.598858528573398,2.805952637549832,-3.8592193987766894,-2.4982443328187083,-1.111950356314079,-3.8592193987766894,-3.8592193987766894,-0.56338445869629,-1.8991263330373196,-0.303873280142421,0.6946555138784817,-0.2375506408782698,1.8375364676582084,-2.9037091845167806,0.9778538600566116,-2.794509972127327,-3.026311406274747,-2.0346717841430517,-0.6770094752905327,4.721096815636141,-2.9837518280878044,1.9975682507275137,4.029863009010449,-1.2714572131710538,3.4871758342999915,3.195228261085366,-3.117283101664814,-1.164594082869495,3.418302725039125,3.165071698235391,4.916606032593507,3.5427421993701067,4.466278458085104,4.858166011297561,2.7368323046429395,1.8498802439904103,0.5787128914781487,5.154276496550164,5.124193278842769,3.864252614040215,3.1767511797675247,-3.271433622762077,-2.210562388571998,-2.1187548730570547,-4.082362450092025,1.614728544805766,-2.635445378917453,-1.913310964005132,6.218463128758473,2.7538943298734515,3.7115310848471177,-1.5870953070798075,4.2658176991851215,-3.5227477335830693,-3.117283101664814,-3.389216519529736,-4.552364579342635,-3.8592193987766894,4.940711672855495,5.32836198628348,0.1732477951903151,3.3047252871158443,-0.3657486802130925,-4.552364579342635,-3.6768981753154577,1.9356198129149047,0.6158401246454235,-1.151171064339156,-3.964579692212763,5.111363200085816,1.092371368832053,-2.1187548730570547,-0.8634890252207043,3.2742341618992605,1.2647425925333302,5.83389074184832,-1.5768388090165522,-0.3211647762558045,5.380231073939202,-0.0637321646586766,-0.8339302258917809,-3.8592193987766894,2.0682378236878693,4.140524293237765,0.0843003124725158,-2.136454443890793,1.8908083334122028,-3.964579692212763,-1.9874189141808385,2.4271490695974003,4.28951341074068,2.0777869678170635,-1.3743145823200371,-0.2375506408782698,0.3748851348080759,-1.0742100330795696,3.713487327425205,0.3058922653915177,2.199901801480004,5.842712846812336,-1.131368439657355,2.925914168920445,-2.050932299726626,5.582817823516735,-2.6960699639692045,3.4959083926714296,2.8424932392505053,-1.6185114967327974,-2.3776164033051232,-2.9837518280878044,-1.3255244260871115,-2.0186714479169363,3.5950354815838503,-1.8180008101748264,0.299661715834981,1.1147499247812325,9.681593332589376,-2.606457858850914,2.536374036766103,-3.5968555958468444,-2.794509972127327,3.154694077834398,-3.7639094007902,-1.0498185829302722,-1.9721514467120536,-3.8592193987766894,-0.8939482296126297,-0.7681788545072876,5.830441546022342,-2.0674615962133576,-1.0558608966560414,-2.550888038584117,-2.4982443328187083,2.1525358565006134,0.5535769188083688,-2.2299804668876244,-2.333164660497127,-0.4252341297734172,4.405244939300675,4.140423623785893
CRR1012617,0,-0.7122863437861404,1.0684475460242169,-1.8443462899375471,5.307458592141155,-2.7917269644138902,-3.028115461776701,4.716366393487961,-1.6418221006559772,2.094258629558101,-3.656722954534645,0.0445765813093667,-2.558112332530424,-2.098580310169319,-0.8089131661266252,-2.645123633762544,-1.24753040176014,0.250285059324337,6.462367307381274,-2.1252485430267365,-1.4186786160084142,-3.171216100289464,3.7724986097992073,6.968757877275632,-1.5020602017590658,2.9155570916589912,7.387044021884076,-0.7874069639892257,0.9559167711091678,-2.6006719107173666,-2.302179146565127,-0.2431054705662838,-2.1526475021998444,-1.804340971330244,-1.5772836003517323,-3.171216100289464,-3.097108238025689,-3.538940196655383,5.918848134838457,-3.171216100289464,-0.0257399126113226,-3.33826990523282,-3.538940196655383,-0.6003684415140419,-3.538940196655383,0.0779635953152016,-2.845794127204697,-2.4780696889594003,-2.0472870420975444,-1.609032288585671,-1.804340971330244,-2.740433722657865,-0.0125818288994999,-2.6006719107173666,-2.6916436061074336,0.0036259802765581,-2.7917269644138902,2.153666762673576,5.21151185780297,-3.43357990321931,-2.0472870420975444,6.985933716935522,-1.9749664154016224,5.896548378362597,8.31033940300251,-3.7902539900172663,-3.43357990321931,-3.43357990321931,-0.1377449631389094,-1.473486837479939,-3.43357990321931,1.120295009435862,0.1880888546791106,2.263175963215589,-2.4780696889594003,1.4034933556139917,-2.368870476569947,-2.6006719107173666,-1.609032288585671,-0.2513699797331523,-1.7288334473425873,-2.558112332530424,-2.6006719107173666,-2.270430468411824,-0.8458177176136733,-1.2035672880043593,-1.8860189689694729,-2.6916436061074336,-0.7389545873121145,-0.1640128879879666,-2.302179146565127,5.5920661040594855,-0.6181730640341286,5.298496836188798,4.056500722336722,-3.43357990321931,-3.097108238025689,-3.171216100289464,8.788204629946785,0.4903697126018008,0.3414752930092373,-0.3986288203561962,-2.845794127204697,-1.7849228930146177,4.351307393269735,1.1431888288252148,-3.171216100289464,-2.209805883360073,-1.4876714684477517,-2.0225944417022887,4.842354681966929,-1.1014378138069811,-1.161455811522427,0.4080186808327443,-3.097108238025689,5.265232600212055,7.006375627805409,-4.126725083785255,1.8165950984959711,-1.1309966102232842,-1.9984969017376244,0.5988872907476955,-1.8443462899375471,0.0598908153442879,-4.126725083785255,-3.2512586797580774,-2.5172903713434747,-2.368870476569947,-0.7255315687817754,-3.538940196655383,0.8333144522534308,-1.5314740783129714,-1.693115377499674,-0.4378495296633238,-2.963577023972356,1.1933497941217657,4.703755446182012,-1.1511993134591718,0.1044747193015758,-1.366718890579809,0.3619073308987038,-3.9444041936555223,-3.43357990321931,-2.902952475685243,0.4724230701267208,-3.43357990321931,-1.7108149483334132,7.6112485100458,-3.538940196655383,-1.5617794186234584,1.4980101979685072,-2.7917269644138902,0.2993144841602893,-0.9486750867626568,-3.7902539900172663,-3.538940196655383,-0.6485705375221892,-1.24753040176014,4.769776872147679,4.869972424394234,-1.305349959272832,6.196126482167521,-2.44032938946656,2.491208515967415,-3.028115461776701,-2.270430468411824,3.88363050647055,3.2681327348078857,-1.1928720011754168,-1.951976907747743,-2.558112332530424,-0.8998849305297315,-1.5930319523595555,-3.33826990523282,-1.3923613146174458,0.7253012113923614,-2.1252485430267365,3.3870892710396907,-2.180818363293534,-0.5945033227496382,-3.171216100289464,-2.368870476569947,-1.4457072810903997,-3.33826990523282,-0.624179087372892,-1.546511951154673,-3.43357990321931,-0.4683087340552492,-2.845794127204697,-2.6006719107173666,-1.6418221006559772,-0.6302214010986611,-2.1252485430267365,-2.072604837261328,-0.4034481063276338,0.9792164143657492,-1.804340971330244,-1.9075251649397464,6.982597530602405,-1.171818596410208,4.566063119343274
CRR1012467,1,-1.9510940865543225,-0.4419018287763294,-2.2336609578684112,5.546786692222093,5.285920358844992,-3.417430129707565,-3.417430129707565,-2.0311367685868413,0.5886888900390964,-4.046037622465509,3.321984058246376,-2.947427000461288,7.135644896208292,5.889151986910197,-0.2449486218755991,3.5133890901760547,-3.235108795135561,8.493295150121693,6.397144726931038,-1.807993283939278,3.6891746757801887,1.411415476084931,0.8884338286539193,4.041062221787984,2.13862410473872,7.843153332975869,6.28701961360649,-3.928254864586247,2.5146368776486345,4.801104088944281,-0.6324201384971477,-2.5419621701307085,3.4606890121858744,-1.9665982682825964,-3.560530768220328,5.293924017526911,5.197323916202859,-3.727584573163684,-3.560530768220328,1.7246218888275942,3.420473435470844,1.01813595435969,4.9092466968763775,1.3117247145076358,4.187263795404912,-3.235108795135561,2.796643162444128,7.056511958534724,1.0070159034922648,-2.193655639261108,-2.2134582587141534,4.6015232205545935,8.519252974460441,-3.0809582740382977,7.110031811230486,-3.1810416323447543,-3.486422905956553,-2.254280236567749,-3.822894571150174,-2.436601710028408,3.6100604987273326,2.305281803636729,4.006415550176416,4.165714275591424,-4.17956865794813,-3.822894571150174,-3.822894571150174,-0.5270596310697735,-1.862801505410803,-3.822894571150174,0.7309803415049982,-0.2012258132517533,1.873861295284725,-2.867384356890264,1.014178687683128,-2.758185144500811,-2.9899865786482307,-1.998346956516535,-0.6406846476640162,5.823619151704888,-2.947427000461288,3.294471126485618,2.8846989953533244,-1.2351323855445373,3.0729885372873573,4.742972492573095,-3.0809582740382977,6.668716477824629,-0.5533275559188306,-2.691493814495991,5.486981396324093,5.128362142967317,5.100747908873683,4.56167909610995,1.5355747276358054,2.849136376844539,-3.560530768220328,1.0133853516763196,6.15315347428217,6.181566898818351,4.403837362203803,2.353801958355347,-2.174237560945482,0.3576257178960184,-4.046037622465509,0.8272469996031072,5.379512430703321,-1.1838390986757827,5.517190540856324,0.6945347223659712,3.9473266338548494,-1.550770479453291,5.894562562783118,-3.486422905956553,-3.0809582740382977,-3.35289169190322,-4.516039751716119,-3.822894571150174,-1.520311278154148,2.132422534507488,0.2095726228168314,3.672534256562909,-0.3294238525865759,-4.516039751716119,6.927780264495143,2.155989198816239,-2.758185144500811,6.872265887214875,-3.928254864586247,0.4439997843225668,-1.9207887462438356,-2.082430045430538,-0.8271641975941879,2.8268648816726683,0.1206251400990322,3.393372291334753,1.343031618769642,5.251669895879791,-1.7560335585106732,3.711972918857732,-4.333718861586386,-3.822894571150174,3.8590327279584495,4.305806616955762,1.85864030137734,-2.1001296162642773,3.084858709833963,-3.928254864586247,-1.9510940865543225,6.000789911292706,3.782993430899973,-2.867384356890264,-1.3379897546935209,-0.7049465763743625,-3.928254864586247,-1.037885205453053,2.091686937023418,0.913301894790181,4.650595485414833,7.770970889341191,-1.0950436120308384,-2.829644057397424,-2.014607472100109,-3.417430129707565,1.4562379861767685,5.025354224475043,2.8788180668770216,-1.582186669106281,-2.341291575678607,-2.947427000461288,-1.2891995984605955,4.772294161459778,-3.727584573163684,-1.7816759825483095,0.3359865434614975,2.601972455998705,2.4529947594531434,-2.570133031224397,-0.9838179906805022,2.896358102378169,-2.758185144500811,-1.8350219490212636,-3.727584573163684,-1.013493755303756,-1.935826619085537,-3.822894571150174,3.084858709833963,0.7600280263424951,5.844298865445124,-2.0311367685868413,-1.019536069029525,-2.5145632109576006,-2.461919505192192,-0.7927627742584978,0.5899017464348851,-2.193655639261108,-2.2968398328706106,-0.3889093021469008,3.4698489641136563,4.17674845141241
CRR1012666,0,1.947608593293658,1.1178858868959258,-2.1050628714568917,6.56369065177148,4.361049705770014,-3.2888320432960456,-3.2888320432960456,-1.9025386821753212,4.449393274357936,-3.9174395360539886,-0.2161400002099773,-1.8697488701050151,4.448928266212185,5.693652364470817,5.118783015976011,-1.5082469832794845,0.2056519799430518,0.9267450700927664,-2.3859651245460807,-1.6793951975277583,5.0281512350818085,2.5774458088342085,2.983288630511932,7.170957818110679,6.456634911714728,6.727935241092726,5.08937357178669,-0.550146119857497,-2.8613884922367108,-2.562895728084471,-0.503822052085628,-2.4133640837191885,-1.3719105683680164,-1.838000181871077,-3.4319326818088083,5.262078238843256,5.68050492590184,3.3064005417107105,-3.4319326818088083,-0.2864564941306668,-3.598986486752164,-3.799656778174727,5.19271882039975,-3.799656778174727,5.094813184256653,4.434050700177765,-2.7387862704787445,8.53407562419073,4.44729903275604,-2.0650575528495883,-3.0011503041772087,5.9961567256097,-2.8613884922367108,2.1463431784506977,3.9679812554208,-3.0524435459332344,0.4892772417011935,-2.125682150156229,-1.3524924862816534,-2.3080036236168886,2.2744090803638013,0.7099787833219245,-3.694296484738654,3.170131671595664,-4.050970571536611,-3.694296484738654,-3.694296484738654,-0.3984615446582538,-1.7342034189992834,-3.694296484738654,5.529925068545366,-0.0726277268402335,2.002459381696245,-2.7387862704787445,1.1427767740946475,-2.629587058089291,-2.8613884922367108,-1.8697488701050151,-0.5120865612524965,-1.9895500288619317,-2.818828914049768,2.503773649112132,-2.5311470499311683,3.95995515125047,0.934588247400003,3.2880075273661,-2.9523601876267778,0.2217165818016659,-0.4247294695073109,-2.562895728084471,-2.7387862704787445,7.101834438564948,4.936473361098847,-1.055241012264263,2.505804931541097,-3.357824819545033,-3.4319326818088083,0.991529622719076,7.2446698450629725,7.285303500337111,4.447007818682687,0.9481675052629566,-2.045639474533962,-1.9538319590190183,-3.9174395360539886,-3.4319326818088083,5.08264016074684,-1.748388049967096,3.877072173229362,3.592304105818655,-1.3621543953263255,-1.4221723930417711,6.092531648511724,-3.357824819545033,-2.9523601876267778,-3.2242936054917,-4.3874416653046,-0.0888005852139442,-1.3917131917426284,4.433637538005981,0.3381707092283513,5.115504617666186,-0.2008257661750562,-4.3874416653046,-3.511975261277421,5.067470928909474,-2.629587058089291,6.938181077363044,2.695606558899359,0.5725978707340865,-1.7921906598323156,-1.9538319590190183,-0.6985661111826682,-3.2242936054917,0.760048834772667,5.370345370290197,-1.411915894978516,-0.1562418622177684,-1.6274354720991535,0.1011907493793594,0.8762802771857515,-3.694296484738654,-3.163669057204588,8.66811786276891,-3.694296484738654,-1.9715315298527571,2.883841001201624,-0.5942061057683343,-1.8224960001428023,1.2372936164491628,5.9737198669211775,-2.7387862704787445,-1.2093916682820012,-4.050970571536611,0.3798434041815319,-0.9092871190415333,4.870312501390211,-2.7010459709859043,2.832196377762393,6.092767604894569,-0.9664455256193188,0.3487528181856145,-1.1928623690630304,-3.2888320432960456,-2.5311470499311683,-3.357824819545033,3.007416153288541,-1.4535885826947612,-2.212693489267087,-2.818828914049768,-1.1606015120490758,-1.8537485338789,-3.598986486752164,-1.6530778961367902,0.4645846298730172,2.486132166023024,3.191006667453299,8.14680059262591,-0.8552199042689825,-3.4319326818088083,-2.629587058089291,-1.7064238626097437,-3.598986486752164,-0.8848956688922363,-1.8072285326740167,-3.694296484738654,-0.7290253155745935,-3.1065107087240413,7.837036480735958,-1.9025386821753212,-0.8909379826180054,-2.3859651245460807,-2.333321418780672,-0.6641646878469781,0.7184998328464048,-2.0650575528495883,-2.16824174645909,-0.2603112157353811,2.0279785791002136,4.305346537823929
CRR1012541,0,4.084586723766633,-3.746342802142121,-2.2524191868468484,5.623188245758594,3.8199663953912646,-3.4361883586860027,-3.4361883586860027,-2.0498949975652785,2.215129217785854,2.6641292629911537,-0.3634963155999345,1.0985580439792502,-2.50665320707862,-1.2169860630359264,-3.053196530671845,-1.6556032986694411,3.946307971385993,-2.886142585868701,0.7226934121745578,-1.8267515129177156,3.723827715220265,2.4413593346951656,-3.50518113493499,6.752822607665711,2.159264910705073,7.370238542397296,6.039311031829506,2.794291758184707,2.290875191602136,-2.710252043474428,-0.6511783674755852,-2.5607203991091456,8.275159217975272,-1.9853564972610336,5.091719214101679,-3.50518113493499,3.95094182328165,2.9724489249704247,-3.5792889971987654,-0.4338128095206239,-3.746342802142121,-3.947013093564684,0.849693100451156,-3.947013093564684,5.50206195263538,5.201426011768686,-2.886142585868701,6.873122903885822,3.8085139016703167,3.3536825478071237,-3.148506619567166,2.5064346931702364,-3.008744807626668,-3.099716503016735,6.652980429499183,-2.50665320707862,0.7574973336566412,0.7554832343255059,1.6068052334569969,-2.455359939006845,5.913460346274394,-2.3830393123109235,-3.841652800128611,3.757746534290706,-4.198326886926568,-3.841652800128611,-3.841652800128611,-0.5458178600482108,0.7037654026871282,-3.841652800128611,0.7122221125265608,-0.2199840422301906,1.8551030663062875,-2.886142585868701,0.9954204587046906,0.423838046381206,-3.008744807626668,-2.017105185494972,-0.6594428766424535,-2.1369063442518885,-2.9661852294397253,5.235999536324314,5.570613658445875,4.052364935103126,-1.6116401849136606,3.1317009378124845,-3.099716503016735,7.212297179314527,6.151490624431476,3.030680535696374,5.729878295376496,7.584489806758826,4.622854657425821,7.12061560939414,-3.841652800128611,5.143439812694018,3.670197843675095,8.58075428079285,0.0822968156924995,6.849971880370499,5.806759841430189,-3.2538670241139984,-2.192995789923919,-2.101188274408975,-0.4404573517977914,1.0243400195516987,4.933863741389346,-1.895744365357053,5.22368292115051,3.090402773330472,4.512642920791539,5.477199111678235,1.2056338244711502,2.1759647093291425,4.758150104302852,6.306416804736855,2.075624854177024,3.2636390030958378,-1.5390695071325855,1.0381122339621738,0.1908143938383942,5.287605660015721,-0.3481820815650133,3.159590823764358,-3.659331576667378,7.0292537654232845,-2.776943373479248,-1.1336044656910766,0.3982320962045909,0.4252415553441295,2.906401102444167,4.353458092667391,-0.8459224265726253,2.8364357130674067,2.558934819242178,5.210182099250162,-1.559272210368473,-0.3035981776077253,-1.7747917874891106,-0.0461655660105974,0.7514428248701256,-3.841652800128611,-3.3110253725945444,0.0643501732174195,1.0501969729946925,0.332732500538256,2.367739735263602,1.6693516679158509,-1.96985231553276,1.089937301059206,-3.1997998613231915,1.2941436486883562,-1.3567479836719585,-4.198326886926568,1.0516973483474157,-1.0566434344314903,4.937317869726169,4.867183019874672,2.093768361385953,5.289447540553809,4.110256582431554,-2.8484022863758613,-2.033365701078547,-3.4361883586860027,-2.678503365321125,4.393334619376291,2.8600598378985844,-1.6009448980847183,6.308997471511334,-2.9661852294397253,-1.3079578274390329,-2.001104849268857,4.055567321006388,-1.800434211526747,3.838797939097012,-2.5333214399360378,4.024454035869115,-2.588891260202835,-1.0025762196589394,-3.5792889971987654,-2.776943373479248,-1.8537801779997003,-3.746342802142121,-1.0322519842821931,-1.9545848480639745,-3.841652800128611,-0.8763816309645506,-3.2538670241139984,5.471350457739874,-2.0498949975652785,0.6603746491149154,-2.5333214399360378,-2.480677734170629,-0.8115210032369351,0.571143517456448,-2.2124138682395453,-2.315598061849048,-0.407667531125338,6.76268517127943,4.157990222433972
CRR1012698,0,4.440707342823648,1.696592826148399,-1.9015573775857777,0.1415161646700529,-2.848938052062121,-3.085326549424932,4.115693847964874,-1.6990331883042078,1.353394111341082,5.297434464334623,-0.0126345063388636,-2.6153234201786546,-2.1557913978175494,-0.8661242537748557,-0.408882929327382,-1.3047414894083706,3.8092746109974462,-2.535280776607631,-2.182459630674967,0.7746998556422766,-3.2284271879376947,-3.4907909908675405,8.442578144515215,-1.5592712894072964,-1.0226932899024102,-3.5961512843036134,-0.8446180516374563,-3.5961512843036134,5.693388193830145,-2.359390234213357,-0.3003165582145143,-2.209858589848075,-1.8615520589784744,-1.6344946879999631,-3.2284271879376947,-3.1543193256739195,-3.5961512843036134,5.390654349890709,-3.2284271879376947,-0.0829510002595531,-3.3954809928810503,-3.5961512843036134,6.588872283787899,-3.5961512843036134,0.0207525076669709,4.402480531360946,-2.535280776607631,-2.1044981297457745,-1.6662433762339015,-1.8615520589784744,-2.797644810306095,-0.0697929165477305,-2.657882998365597,-2.748854693755664,7.437330151655415,4.807248671004032,-3.1543193256739195,3.82055898650056,0.1829728761997676,-2.1044981297457745,-2.7023347214107742,-2.032177503049853,-3.4907909908675405,4.732619570173642,-3.847465077665497,-3.4907909908675405,-3.4907909908675405,-0.1949560507871401,-1.5306979251281696,2.9347241244419093,1.0630839217876316,5.687705775460954,2.2059648755673584,-2.535280776607631,1.3462822679657611,1.03099560792263,-2.657882998365597,-1.6662433762339015,-0.3085810673813827,8.558559175741966,-2.6153234201786546,-2.657882998365597,-2.3276415560600547,-0.9030288052619038,-1.26077837565259,3.984659619092784,7.295871018134036,-0.7961656749603452,-0.2212239756361971,-2.359390234213357,-2.535280776607631,-0.6753841516823592,5.71471572764943,-0.8517355183931492,-3.4907909908675405,5.780266116333565,4.858076219473921,-1.4239299782280397,0.4331586249535702,0.2842642053610066,-0.4558399080044267,-2.903005214852928,-1.8421339806628485,6.042268358351774,-3.713934042182875,2.844970232656705,4.731921752168836,-1.5448825560959822,-2.0798055293505198,2.1468496884086226,8.26023714761479,-1.2186668991706575,0.3508075931845136,-3.1543193256739195,5.936705052901014,7.31703011436595,-4.183936171433485,-0.1514709419994892,-1.1882076978715148,-2.055707989385855,0.5416762030994648,-1.9015573775857777,0.0026797276960574,-4.183936171433485,-3.308469767406308,3.91287730036486,-2.426081564218177,-0.7827426564300058,-3.5961512843036134,0.7761033646052002,-1.588685165961202,-1.750326465147905,4.182988115018828,-3.020788111620586,3.155857233111996,-0.2599885160806857,-1.2084104011074024,0.0472636316533452,-1.4239299782280397,0.3046962432504732,-4.001615281303753,1.977267158708409,-2.9601635633334737,0.4152119824784903,2.837500875530621,-1.7680260359816438,6.846261099954446,-3.5961512843036134,-1.6189905062716887,1.4407991103202766,-2.848938052062121,1.544860079209904,-1.0058861744108871,-3.847465077665497,-3.5961512843036134,-0.7057816251704196,-1.3047414894083706,-2.4975404771147907,4.865104053032581,8.169586495586824,4.735191918857575,-2.4975404771147907,4.90278519240402,-3.085326549424932,-2.3276415560600547,-3.1543193256739195,3.210921647159655,-1.2500830888236476,6.491699808382944,-2.6153234201786546,-0.957096018177962,-1.6502430400077863,-3.3954809928810503,-1.4495724022656764,0.6680901237441309,-2.182459630674967,5.872714720645843,-2.2380294509417644,-0.6517144103978688,-3.2284271879376947,-2.426081564218177,-1.5029183687386298,-3.3954809928810503,-0.6813901750211224,-1.6037230388029036,-3.4907909908675405,-0.5255198217034798,-2.903005214852928,-2.657882998365597,-1.6990331883042078,-0.6874324887468918,-2.182459630674967,-2.1298159249095585,-0.4606591939758643,0.9220053267175188,-1.8615520589784744,-1.964736252587977,6.314817089299058,-1.2290296840584385,4.508852031695043
CRR1012709,0,4.317691649526272,4.902925742409858,-2.0045433737075604,3.383129152549498,-2.9519240481839035,-3.1883125455467143,1.5301850043206977,-1.8020191844259903,4.9301117262739655,4.312178753800968,-0.1156205024606463,-2.7183094163004373,-2.258777393939332,-0.9691102498966384,3.945886164146721,-1.4077274855301531,2.7476379618221727,5.113703931202734,-2.28544562679675,4.693648777309139,-3.331413184059477,-3.5937769869893232,1.2409143731772678,-1.6622572855290791,-1.125679286024193,-3.699137280425396,-0.9476040477592388,3.814751581119424,-2.76086899448738,-2.46237623033514,-0.403302554336297,-2.3128445859698576,-1.9645380551002571,-1.7374806841217458,-3.331413184059477,-3.257305321795702,-3.699137280425396,5.550784764602628,-3.331413184059477,-0.1859369963813357,-3.498466989002833,-3.699137280425396,-0.7605655252840553,4.029667437967362,6.555685441150075,-3.0059912109747104,-2.6382667727294136,8.706221974931744,-1.7692293723556842,-1.9645380551002571,-2.900630806427878,-0.1727789126695132,-2.76086899448738,-2.851840689877447,-0.1565711034934552,3.5522054823031084,1.4020810350585775,2.245116967300164,3.9261303144295914,-2.2074841258675573,6.385428095680833,-2.1351634991716355,-3.5937769869893232,-2.232801921031341,-3.95045107378728,-3.5937769869893232,-3.5937769869893232,-0.2979420469089227,-1.6336839212499523,-3.5937769869893232,0.9600979256658488,0.0278917709090973,2.102978879445576,-2.6382667727294136,3.5014512156876627,-2.52906756033996,-2.76086899448738,-1.7692293723556842,-0.4115670635031656,-0.1992705263618727,-2.7183094163004373,-2.76086899448738,-2.430627552181837,-1.0060148013836865,-1.3637643717743726,-2.046216052739486,-2.851840689877447,6.480471916301632,-0.3242099717579799,-2.46237623033514,-2.6382667727294136,7.205098387275705,5.42830223576958,-0.9547215145149318,-3.5937769869893232,-3.257305321795702,-3.331413184059477,-1.5269159743498224,0.3301726288317875,8.711912723580614,-0.5588259041262094,-3.0059912109747104,-1.945119976784631,-1.8533124612696872,2.101971322692044,3.2277645973558227,2.5322164574488943,-1.6478685522177652,-2.182791525472302,3.929594271126135,4.8707304705651095,-1.3216528952924402,0.2478215970627311,-3.257305321795702,4.529067062647963,6.851288393341945,2.501144272997455,4.0911888485917975,-1.2911936939932973,-2.1586939855076377,0.4386902069776823,-2.0045433737075604,-0.1003062684257252,-4.286922167555268,-3.4114557635280907,-2.677487455113488,-2.52906756033996,-0.8857286525517886,2.942332735262392,0.6731173684834175,-1.6916711620829847,-1.8533124612696872,-0.5980466134333371,-3.123774107742369,1.4007269387291843,-0.3629745122024683,-1.3113963972291849,-0.0557223644684373,-1.5269159743498224,0.2017102471286905,-0.3910324627481963,-3.5937769869893232,-3.0631495594552565,8.111766489862738,-3.5937769869893232,-1.8710120321034265,-2.0045433737075604,2.292880451307004,-1.7219765023934714,1.337813114198494,-2.9519240481839035,1.0331527103517522,-1.10887217053267,-3.95045107378728,4.368218633623895,-0.8087676212922023,3.1286101074219523,6.839059530699108,4.915422354902571,2.2704202147533743,7.651246117602046,-2.6005264732365734,2.872987630926089,-3.1883125455467143,-2.430627552181837,-3.257305321795702,3.1079356510378724,-1.3530690849454303,3.845310177567796,-2.7183094163004373,-1.0600820142997447,-1.7532290361295693,-3.498466989002833,-1.5525583983874591,0.5651041276223483,-2.28544562679675,9.083902873152535,-2.341015447063547,-0.7547004065196514,-3.331413184059477,0.4632098232930842,-1.6059043648604123,-3.498466989002833,-0.7843761711429051,-1.7067090349246865,-3.5937769869893232,-0.6285058178252624,-3.0059912109747104,-2.76086899448738,-1.8020191844259903,-0.7904184848686744,-2.28544562679675,-2.232801921031341,-0.5636451900976471,0.819019330595736,-1.9645380551002571,-2.06772224870976,4.396933341729536,-1.332015680180221,4.40586603557326
CRR1012579,1,3.884799363778944,0.7164415358784919,-2.0250562174438653,6.995377580692253,0.7850834668548904,6.485453056427113,-3.208825389283019,-1.8225320281622956,1.7811522556295414,1.506094339279178,-0.1361333461969514,1.908767816489536,-2.279290237675637,-0.9896230936329434,2.880066972847953,-1.4282403292664585,2.0430976113461026,-2.6587796164657185,-2.305958470533055,-1.5993885435147324,2.5768429156079256,-3.614289830725628,6.578658707571352,-1.682770129265384,3.3454864782242746,8.919504897677253,-0.968116891495544,2.240780097209458,-2.781381838223685,-2.482889074071445,-0.4238153980726021,-2.3333574297061626,-1.9850508988365625,-1.757993527858051,3.7389182058638974,-3.277818165532007,-3.719650124161701,3.204413633611268,-3.3519260277957823,-0.2064498401176408,6.283409011151346,-3.719650124161701,1.228319227052368,-1.8225320281622956,3.241538377500183,-3.026504054711016,3.656716708948184,-2.2279969696038626,3.597117291696221,5.095008218551448,-2.9211436501641828,4.630409990273353,-2.781381838223685,-2.872353533613752,6.546933917968488,-2.9724368919202084,0.6022703937212461,-2.045675496143203,1.709693292319575,-2.2279969696038626,7.274859519594547,-2.1556763429079404,-3.614289830725628,-2.253314764767646,-3.970963917523585,-3.614289830725628,-3.614289830725628,-0.3184548906452276,-1.6541967649862572,-3.614289830725628,0.9395850819295438,0.0073789271727923,2.0824660357092704,-2.6587796164657185,1.2227834281076737,-2.549580404076265,-2.781381838223685,0.0594740363416798,-0.4320799072394705,4.289156683657712,-2.7388222600367422,-2.781381838223685,-2.4511403959181424,-1.0265276451199916,-1.3842772155106775,-2.066728896475791,-2.872353533613752,8.848173438319058,-0.3447228154942849,-2.482889074071445,-2.6587796164657185,6.726760091845224,1.374779299080765,-0.9752343582512368,-3.614289830725628,-3.277818165532007,-3.3519260277957823,5.853956738490758,6.674151953357171,6.40556442452696,-0.5793387478625145,0.608152763451301,-1.965632820520936,-1.8738253050059923,-2.3333574297061626,-3.3519260277957823,-2.390515810866391,-1.66838139595407,-2.203304369208607,0.8021362548221747,-1.2821477413132996,-1.3421657390287451,0.2273087533264259,-3.277818165532007,5.72121756671867,5.292860199200138,-4.307435011291573,4.548053318951357,-1.3117065377296024,-2.1792068292439426,0.4181773632413773,5.646095058926927,-0.1208191121620303,-4.307435011291573,-3.431968607264396,3.636769425877129,-2.549580404076265,-0.9062414962880936,3.051901313966754,0.6526045247471125,1.035851740027653,-1.8738253050059923,-0.6185594571696421,-3.1442869514786738,1.6780074735592074,1.7637605130768723,-1.33190924096549,-0.0762352082047423,-1.5474288180861275,0.1811974033923855,-4.1251141211618405,-3.614289830725628,-3.0836624031915614,6.602311595594207,-3.614289830725628,-1.8915248758397316,5.089048922652153,1.2895003825913736,-1.7424893461297766,1.317300270462189,-2.9724368919202084,4.989556007761686,0.5963532168682232,-3.970963917523585,4.553343885090117,-0.8292804650285074,3.919936496619408,4.94381295158299,0.1698978486491775,4.803169419735549,3.678997922237969,0.1233778351787865,-1.806002731675564,-3.208825389283019,-2.4511403959181424,-3.277818165532007,3.0874228073015675,-1.3735819286817352,-2.1326868352540616,-2.7388222600367422,-1.0805948580360496,5.369574450092723,-3.518979832739138,-1.573071242123764,0.5445912838860433,-2.305958470533055,6.521790469611259,-2.361528290799852,-0.7752132502559566,-3.3519260277957823,-2.549580404076265,-1.6264172085967177,-3.518979832739138,-0.80488901487921,-1.7272218786609912,-3.614289830725628,-0.6490186615615675,-3.026504054711016,-2.781381838223685,0.0645373380418558,-0.8109313286049793,-2.305958470533055,1.7554155412220682,-0.5841580338339522,0.7985064868594309,-1.9850508988365625,-2.0882350924460646,-0.1803045617223549,-1.352528523916526,4.385353191836956
CRR1090639,0,1.538015135792836,0.8138499712822428,0.9886910411065905,6.355280866214797,2.239013185863889,-3.369724411660559,1.1477055412431216,5.020451922506027,2.340701276796877,-3.998331904418503,-0.297032368574491,-2.8997212824142817,8.321061346060247,3.571851083753636,-2.986732583646402,4.245539738042006,2.5711470195052297,4.068030137925971,3.881713797501736,-1.760287565892272,-3.512825050173322,-3.775188853103168,1.4310112355039752,3.659657023291469,-1.3070911521380375,7.498047466860264,-1.1290159138730835,-3.880549146539241,-2.9422808606012243,3.6261625052011857,4.310911683183506,-2.494256452083702,-2.1459499212141018,-1.9188925502355905,2.0049351943190192,-3.438717187909547,3.940021953510306,-3.679878855116677,-3.512825050173322,4.558271789838372,-3.679878855116677,-3.880549146539241,1.9818163891134437,-1.9188925502355905,4.339732121701511,-3.187403077088555,-2.819678638843258,6.1276665010016345,4.638329287420722,-2.1459499212141018,-3.0820426725417223,4.249474943485033,-2.9422808606012243,-3.0332525559912917,4.43373653412845,-3.133335914297748,-3.438717187909547,-2.2065745185207426,1.9111063139982745,-2.388895991981402,1.3307546329206248,-2.31657536528548,-3.775188853103168,2.0513990567128064,0.9783993552465758,-3.775188853103168,-3.775188853103168,-0.4793539130227672,-1.8150957873637967,-3.775188853103168,6.749604102825585,-0.1535200952047472,3.5901158484531277,-2.819678638843258,1.061884405730134,-2.710479426453805,-2.9422808606012243,0.5396270586172313,-0.59297892961701,4.420253183798553,-2.8997212824142817,-0.5325984234906539,-2.612039418295682,0.5712086298362982,0.3389563690968504,2.475942023859933,0.4704431853204537,5.826312842407574,-0.5056218378718245,3.165805761595381,-2.819678638843258,2.8948147247141804,3.47558659478516,2.6280521674839257,3.566293000558169,2.057863963117403,1.8863797796998267,5.279851514689473,5.811062224858487,5.131094132576358,5.917970651954773,-3.187403077088555,-2.1265318428984754,-2.034724327383532,2.1785718320149106,-3.512825050173322,0.7659740242329725,2.6316891362684767,2.8408743347090257,1.9325836494646769,4.980420634776044,-1.5030647614062849,3.784785440870044,-3.438717187909547,-3.0332525559912917,5.7476802894425045,-4.468334033669112,1.4353876100558924,3.067919234520999,2.28486649014096,3.4302958356707527,3.967558331536905,0.5476164484379411,-4.468334033669112,3.652666887616088,2.679063871881872,-2.710479426453805,3.7269956346055095,0.2608181674436579,0.4917055023695729,2.633008397669188,4.149170970991857,-0.7794584795471817,0.6484574802443482,2.1388525524407145,1.8877696339792225,-1.4928082633430295,-0.237134230582282,-1.708327840463667,0.020298381014846,-4.286013143539381,-2.612039418295682,-3.244561425569101,5.538301597910856,-3.775188853103168,-2.052423898217271,1.7637169862264344,1.0689962491054548,-1.903388368507316,1.1564012480846493,1.514085778885537,-2.819678638843258,-1.2902840366465147,-0.6310384882220107,-3.880549146539241,-0.990179487406047,2.263157284676657,1.983710927085261,2.723994505828655,4.249213077689928,-1.0473378939838325,-2.781938339350418,-1.9669017540531035,4.027999176692607,-2.612039418295682,-3.438717187909547,2.926523784924028,4.207635106648592,-2.293585857631601,-2.8997212824142817,-0.0327705846658378,-1.9346409022434137,4.807228123607519,0.2886945360004848,0.3836922615085036,-2.466857492910594,6.95302023782746,5.953276423421605,-0.2429651505530779,-3.512825050173322,-2.710479426453805,-1.7873162309742572,-0.0047313659118603,-0.9657880372567498,-1.8881209010385307,-3.775188853103168,-0.8099176839391071,-3.187403077088555,7.584641705758544,-1.9834310505398351,-0.9718303509825188,-2.466857492910594,1.4032162280482685,-0.7450570562114917,0.6376074644818913,-2.1459499212141018,-2.249134114823604,-0.3412035840998946,3.815257149547565,4.224454169459415
CRR1012749,1,0.2097962286820106,1.477009515172312,-2.1712601093261967,3.944406327855833,5.018723214756069,-3.355029281165351,0.7954842401997632,-1.9687359200446268,-2.9720374531511933,-3.983636773923294,-0.2823372380792827,-2.8850261519190736,7.373608512649509,5.514395670617168,3.181081106785176,-1.5744442211487897,-3.1727079465933468,6.241832135230338,3.84280386253345,2.3162286730442143,-3.4981299196781137,2.774455233411162,-3.4240220574143385,6.672118954924983,-1.2923960216428294,7.149090358535069,-1.1143207833778754,-0.2400348609453905,3.4943890888848057,3.952752797661396,-0.5700192899549335,-2.479561321588494,5.990912337163388,-1.904197419740382,-3.4981299196781137,6.335750397891588,4.4894975318216686,3.490849262184694,-3.4981299196781137,-0.3526537319999721,0.4965344502218484,-3.865854016044032,6.030505989441659,1.834215664430824,6.789293703911,4.697372003149911,-2.80498350834805,-2.3742008614861936,4.605502417273941,-2.1312547907188937,-3.067347542046514,0.3536514995920589,-2.927585730106016,0.4261241461204482,-0.3232878391120915,-3.11864078380254,0.2358684680206426,-0.1994495831837278,-3.76049372260796,-2.3742008614861936,5.456840124081215,4.221988905263736,-3.76049372260796,-2.399518656649977,2.6565633071722585,-3.76049372260796,-3.76049372260796,-0.4646587825275591,-1.8004006568685886,-3.76049372260796,0.7933811900472124,-0.1388249647095389,1.9362621438269392,-2.80498350834805,1.0765795362253423,-2.6957842959585965,-2.927585730106016,-1.9359461079743203,-0.578283799121802,6.0709801207273415,-2.8850261519190736,1.684516031728459,-2.5973442878004738,4.247071126285637,1.4457063659991836,2.624698679764447,1.429122238167008,7.750147139226762,-0.4909267073766162,-2.6290929659537765,3.6604424009130208,6.993147032837655,4.409123839684143,6.631142304718317,2.526246977297054,4.872914835357301,2.118359885715339,3.90093723761742,6.491604359849423,5.53778226411919,5.963159173372786,-3.1727079465933468,-2.1118367124032678,-2.0200291968883235,0.0853875230526833,-0.8160566381763668,5.586209524065244,-1.8145852878364013,3.953556835761795,-2.452162362415386,5.809335624708043,-1.4883696309110768,4.632720289443363,-3.4240220574143385,-3.018557425496083,-3.290490843361005,-4.453638903173904,2.040413468830571,-1.4579104296119336,2.202054819484061,0.271973471359046,4.094738830481783,2.212295564330645,-4.453638903173904,2.7347698363521964,2.128382241267088,-2.6957842959585965,6.501197601623965,-3.865854016044032,0.5064006328647811,-1.858387897701621,4.898960628705204,-0.7647633490519735,6.2935646884955645,-4.117167809405917,3.83790360772051,-1.4781131328478214,-0.2224391000870736,-1.6936327099684587,0.0349935115100541,1.813937087609646,-3.76049372260796,-3.229866295073893,0.1455092507380713,-3.76049372260796,-2.037728767722063,4.407423640919071,-3.865854016044032,-1.888693238012108,1.1710963785798576,6.540155913066169,-2.80498350834805,-1.2755889061513066,-4.117167809405917,-3.865854016044032,-0.9754843569108388,4.046851639440752,2.651650901698041,4.433457301510422,7.867596023988639,-1.0326427634886242,-2.7672432088552097,4.333088757076809,-3.355029281165351,-2.5973442878004738,3.825597622297334,2.941218915419236,-1.5197858205640666,-2.2788907271363925,-2.8850261519190736,-1.226798749918381,4.981599473458789,-3.665183724621469,-1.7192751340060954,0.3983873920037119,-2.452162362415386,7.783420528555378,8.454619911583755,4.737025233420704,-3.4981299196781137,-2.6957842959585965,-1.772621100479049,-3.665183724621469,-0.9510929067615416,-1.8734257705433224,1.7142927954400855,-0.7952225534438988,-0.0180754541706296,3.5605605515750427,-1.9687359200446268,-0.9571352204873108,-2.452162362415386,-2.399518656649977,-0.7303619257162834,0.6523025949770995,-2.1312547907188937,-2.234438984328396,-0.3265084536046863,5.77821270723744,4.239149299954624
CRR1090623,0,-1.7787007387306302,2.1713585453214908,-2.061267610044719,7.753397242205545,-3.0086482845210623,-3.245036781883873,4.265793747965418,-1.8587434207631488,2.6989853607868093,3.24962303050848,-0.1723447387978052,4.973964650922111,-2.315501630276491,5.969294278162204,-1.38873991651738,-1.464451721867312,-3.062715447311869,-2.6949910090665723,-2.342169863133909,-1.6355999361155862,-0.1723447387978052,-3.650501223326482,7.285556525539314,-1.718981521866238,6.098106718684276,7.27650303199913,-1.0043282840963978,-3.755861516762555,-2.8175932308245386,1.575243461141407,5.010443932082891,-2.3695688223070164,-2.021262291437416,-1.7942049204589046,-3.388137420396636,-3.314029558132861,6.430033679064953,4.080374313517463,-3.388137420396636,-0.2426612327184946,2.7850059170663237,2.675646253408434,0.4064855869559253,0.6233812805848493,6.471999370022407,5.434432643465508,-2.6949910090665723,8.751028469691411,2.8243129736323,4.035291704154174,-2.9573550427650366,6.368248640075517,-2.8175932308245386,-2.908564926214606,3.3937041805380512,-3.0086482845210623,-0.0559343937367336,-2.081886888744057,-3.650501223326482,-2.2642083622047164,6.404064585910511,-2.1918877355087942,2.878915617857451,6.771653114873193,-4.007175310124439,-3.650501223326482,-3.650501223326482,-0.3546662832460815,-1.690408157587111,-3.650501223326482,0.90337368932869,-0.0288324654280613,2.0462546431084165,-2.6949910090665723,1.1865720355068197,-2.585791796677119,-2.8175932308245386,-1.825953608692843,-0.4682912998403244,1.1133786708832762,-2.775033652637596,-2.8175932308245386,-2.487351788518996,-0.3111811744584307,-1.4204886081115315,3.8425912846971286,-2.908564926214606,7.412845358650294,-0.3809342080951387,-2.519100466672299,4.152686806469292,7.951589958747043,1.0996327502148329,-0.3182986417207092,4.36561663642864,2.9599236088465832,5.278773128766403,8.98321406908511,7.241640372868591,6.366973510718002,6.786455593960151,-3.062715447311869,-2.0018442131217897,1.5346454563161247,-3.873644274641817,1.3494081208858868,3.421239907460609,-1.704592788554924,-2.2395157618094608,5.052771115758941,4.878618539352286,-1.3783771316295992,2.586257683651206,-3.314029558132861,3.893828885787407,7.06083425067632,-4.343646403892428,2.4733045151514146,-1.3479179303304565,-1.5222712793800044,1.3039144048779172,6.683733744807965,-0.1570305047628842,-4.343646403892428,-3.4681799998652494,-2.7342116914506467,-2.585791796677119,-0.9424528888889474,0.5571700539665262,0.6163931321462586,5.767306499140835,-1.910036697606846,-0.654770849770496,-3.180498344079528,2.444870791680546,4.111922671225118,-1.3681206335663438,-0.1124466008055962,-1.5836402106869814,0.1449860107915316,-4.161325513762695,-3.650501223326482,2.606781153211032,5.4428313111235935,-3.650501223326482,-1.9277362684405848,5.211810415474055,-3.062715447311869,-1.7787007387306302,1.2810888778613352,5.850818771744271,5.531005482188848,-1.1655964068698288,-4.007175310124439,0.4603706736357139,-0.8654918576293611,5.128253912696415,5.505190871082904,1.8954551739445529,3.315332268621328,1.703248859572393,-2.657250709573732,6.393493818278052,-3.245036781883873,-2.487351788518996,-3.314029558132861,3.0512114147007137,-1.409793321282589,2.578402183741752,-2.775033652637596,-1.1168062506369034,5.259488526698585,7.105930493611135,-1.609282634724618,3.094026996909292,-2.342169863133909,2.809714174256494,-2.397739683400706,-0.8114246428568104,-3.388137420396636,-2.585791796677119,-1.6626286011975715,-3.555191225339992,-0.8411004074800639,-1.763433271261845,-3.650501223326482,-0.6852300541624213,-3.062715447311869,7.64158602640817,-1.8587434207631488,-0.8471427212058332,-2.342169863133909,-2.2895261573685,-0.6203694264348059,0.7622950942585771,-2.021262291437416,-2.1244464850469185,-0.2165159543232088,6.143002038587041,4.349141799236101
CRR1012584,1,2.214095894896511,0.4396017565858402,3.962777538904904,5.218339047955503,3.549748007790084,-3.458996922204748,2.162368332126172,-2.0727035610840234,2.105777552118252,-4.087604414962691,-0.3863048791186794,-2.9889937929584702,8.810139325943258,-1.2397946265546715,-3.07600509419059,-1.6784118621881865,1.5736159539734913,5.35014787538062,-2.5561300034547827,-1.8495600764364604,-3.6020975607175103,4.175854644018851,-3.527989698453735,4.900370850997734,-1.396363662682226,6.235618405053597,7.3633713352301795,0.4368953950613413,3.585267309258184,-2.733060606993173,-0.67398693099433,1.8054175662317151,-2.2352224317582903,-2.008165060779779,-3.6020975607175103,1.899473040108056,-3.276675587632744,0.7760739854850455,3.024516762048352,-0.4566213730393688,-3.769151365660866,-3.9698216570834295,6.122510192472513,-3.9698216570834295,5.052900947686018,6.086937778600092,-2.9089511493874465,-2.47816850252559,3.123949820199254,-2.2352224317582903,3.837460210859368,4.8320468758788735,-3.031553371145413,-3.12252506653548,2.158984234158292,-3.2226084248419364,-3.527989698453735,-1.0794519979502353,0.4556878939061822,-2.47816850252559,5.854067162415451,1.5657590825468608,-3.864461363647356,-2.503486297689374,2.2145540850513394,-3.864461363647356,-3.864461363647356,-0.5686264235669557,-1.9043682979079848,-3.864461363647356,0.6894135490078158,-0.2427926057489355,1.8322945027875424,-2.9089511493874465,0.9726118951859456,-2.799751936997993,-3.031553371145413,-2.039913749013717,-0.6822514401611985,5.953858380627354,-2.9889937929584702,1.8163916131884223,2.6960013741101445,5.390353118622643,1.8505887098610327,3.774794050735561,5.6385466224429,5.876740525950944,-0.5948943484160129,3.601649770692384,4.9308462956558445,4.898839624624437,3.716950420332544,7.500817875235418,0.912978060118205,4.268066847879628,2.9434715822645146,5.552696036887802,5.027268265473593,5.009620748664911,3.335662978767676,-3.276675587632744,-2.215804353442664,-2.12399683792772,-1.26920850743477,1.2255990763974922,-2.640687343788119,-1.918552928875798,5.014006169303551,-2.5561300034547827,4.335110748783327,-1.5923372719504734,6.905607736302881,-3.527989698453735,3.139874014998896,0.2298812319100773,-4.557606544213301,-0.9306063874264796,6.200692256593293,6.982392978638963,0.1680058303196493,3.5205193909128387,5.71348793595981,-4.557606544213301,5.109141503750571,4.311309369428396,2.235407061792729,7.360086455099732,-3.9698216570834295,0.4024329918253846,1.8759724350856155,3.901699265610059,-0.8687309900913701,6.630769674035406,-0.9521125903347698,3.071684991782011,4.903021511315532,-0.3264067411264704,-1.797600351007855,-0.0689741295293424,-4.375285654083569,-3.864461363647356,-3.3338339361132894,5.843605234541123,-0.9200242792157632,-2.1416964087614594,3.2769401008793566,-3.9698216570834295,-1.9926608790515044,1.067128737540461,5.366894583749136,-2.9089511493874465,-1.3795565471907032,-1.6897114148884935,-3.9698216570834295,-1.0794519979502353,3.5801361026705054,2.8248871208579254,2.2736955669312184,5.658671117743742,-1.1366104045280208,-2.8712108498946063,3.9978798579132215,-3.458996922204748,-2.7013119288398704,2.596379620441397,2.8372512743798395,-1.6237534616034632,-2.382858368175789,-2.9889937929584702,-1.3307663909577776,2.5752064484408166,-3.769151365660866,-0.0228627795953019,0.2944197509643153,-2.5561300034547827,-3.458996922204748,8.626654380582886,-1.0253847831776846,-3.6020975607175103,-2.799751936997993,-1.8765887415184457,-3.769151365660866,-1.055060547800938,-1.9773934115827192,-3.864461363647356,-0.8991901944832954,-0.5394272710063214,-3.031553371145413,-2.0727035610840234,-1.0611028615267073,-2.5561300034547827,-2.503486297689374,7.242380803440775,0.548334953937703,-2.2352224317582903,-2.3384066253677926,-0.4304760946440831,4.241025295476453,4.135181658915228
CRR1012720,0,3.5032916248874377,1.258627334544933,-2.150699778532567,1.97577566029676,4.253819638462201,-3.334468950371721,3.767754687105268,-1.948175589250997,1.968502901015765,3.032458251529032,-0.2617769072856531,-2.864465821125444,-1.2550285753576769,-1.1152666547216452,0.7167348090591731,4.139053247265318,-3.1521476157997173,3.262584465433404,4.006105834260893,-1.725032104603434,1.7076636860647256,3.495971893615808,-3.403461726620709,1.4373436576453322,-1.2718356908491997,5.847635209394385,-1.0937604525842457,-3.845293685250403,3.1203089065960707,-2.608532635160147,-0.5494589591613039,-2.4590009907948644,2.8022483456059946,-1.8836370889467524,-3.477569588884484,4.250709216049912,-3.845293685250403,3.250873444145697,-3.477569588884484,1.7398698591213673,-3.64462339382784,-1.2062384191247513,5.323828874250094,-3.1521476157997173,3.002473436941417,5.387305940211468,1.6194770835028551,-2.353640530692564,-1.915385777180691,-2.110694459925264,-3.0467872112528847,-0.3189353174945198,-2.9070253993123867,-2.9979970947024537,-0.3027275083184619,-3.09808045300891,-3.403461726620709,3.195045875369681,-3.7399333918143296,-2.353640530692564,-2.951477122357564,-2.2813199039966423,-3.7399333918143296,6.872129678988335,0.0305240953769776,-3.7399333918143296,-3.7399333918143296,-0.4440984517339294,-1.7798403260749591,-3.7399333918143296,0.8139415208408421,-0.1182646339159093,1.956822474620569,-2.78442317755442,1.0971398670189718,-2.675223965164967,-2.9070253993123867,-1.915385777180691,-0.5577234683281722,-2.035186935937607,-2.864465821125444,1.6232329564273942,-2.5767839570068443,4.274730979313769,2.6289376690494706,2.0113666051691266,-2.9979970947024537,5.547588219019646,-0.4703663765829865,-2.608532635160147,4.201715861829463,6.136129575248606,4.788118607332333,-1.1008779193399385,-3.7399333918143296,3.750705674588785,2.581911460872705,4.795254876698428,5.691610655168084,5.097513542777561,-0.7049823089512162,2.6130423793577404,-2.091276381609638,-1.9994688660946944,-3.269930512567376,-3.477569588884484,5.020329460850825,-1.7940249570427718,3.588633273537796,3.509848090782357,6.464471236281588,-1.467809300117447,0.1016651922377242,-3.403461726620709,1.8688035414883557,3.3089721686624047,-1.1298654520115108,0.8947936158347812,-1.437350098818304,4.171315311413636,0.2925338021526754,4.651558513404127,-0.2464626732507321,-4.433078572380275,-3.557612168353097,0.1354236707379996,3.999336737865301,-1.0318850573767953,-3.845293685250403,2.570346460313186,2.779801695613477,4.714701313363468,-0.7442030182583439,4.805728631968374,1.9048045492822236,-0.5091309170274751,-1.4575528020541917,-0.2018787692934441,-1.6730723791748292,0.0555538423036836,-4.250757682250542,-3.7399333918143296,1.3828374141397268,0.1660695815317008,-3.7399333918143296,-2.017168436928433,4.297672412220135,-3.845293685250403,-1.8681329072184785,1.191656709373487,5.500720777559826,-2.78442317755442,-1.2550285753576769,-4.096607478612287,-3.845293685250403,-0.954924026117209,3.78268115041264,5.098297275999842,3.946135081017988,6.147910464835418,-1.0120824326949944,-2.74668287806158,-1.9316462927642657,-3.334468950371721,-2.5767839570068443,3.070207060507878,2.9617792462128656,-1.499225489770437,-2.258330396342763,-2.864465821125444,-1.2062384191247513,0.678905240080653,-3.64462339382784,2.10592518722055,0.4189477227973415,-2.4316020316217566,5.028856632193629,9.680481587312125,-0.9008568113446582,3.105944485579379,-2.675223965164967,0.458769215764043,-3.64462339382784,-0.930532575967912,-1.852865439749693,-3.7399333918143296,-0.7746622226502692,-2.4590009907948644,-2.9070253993123867,-1.948175589250997,-0.9365748896936812,-2.4316020316217566,-2.378958325856348,-0.7098015949226537,0.6728629257707293,-2.110694459925264,-2.2138786535347665,-0.3059481228110567,-1.4781720850052278,4.259709630748254
CRR1090637,0,3.768535976119967,3.113770967348412,-2.0294424788371344,7.60185020180137,-2.976823153313477,-3.2132116506762887,-3.2132116506762887,-1.8269182895555645,2.861979781695565,3.361025688038981,-0.1405196075902204,4.617265627108012,7.735024182928756,4.569955475784068,1.5403772185918845,-1.4326265906597273,2.354622489455063,-2.6631658778589875,-2.310344731926324,-1.6037748049080014,-3.356312289189052,3.989100672357764,1.3879491939687003,-1.687156390658653,-1.150578391153767,7.76969724199168,2.2155476844159683,-3.7240363855549705,3.929983256633124,-2.487275335464714,-0.4282016594658711,-2.337743691099432,-1.9894371602298315,-1.7623797892513198,-3.356312289189052,5.543333009671903,5.172169239070716,3.8764193096398136,-3.356312289189052,-0.2108361015109099,-3.523366094132407,1.967821229420823,6.776329933188386,-3.7240363855549705,6.594497613206994,3.6793609743314697,-2.6631658778589875,-2.232383230997132,-1.7941284774852582,-1.9894371602298315,-2.925529911557452,6.413545624377351,-2.785768099616954,0.996442444526342,7.570415706557703,-2.976823153313477,-3.282204426925276,-2.050061757536472,-3.618676092118897,-2.232383230997132,-2.830219822662132,2.700650320678003,-3.618676092118897,-2.257701026160915,-3.975350178916854,-3.618676092118897,-3.618676092118897,-0.3228411520384968,-1.6585830263795265,-3.618676092118897,0.9351988205362748,0.0029926657795234,2.0780797743160018,-2.6631658778589875,3.091357690328429,-2.553966665469534,-2.785768099616954,2.0797567829151213,-0.4364661686327395,6.025287153890937,-2.7432085214300117,5.657637268970049,-2.4555266573114114,-1.0309139065132604,-1.3886634769039463,5.671415715112974,-2.876739795007021,5.88448113656545,-0.3491090768875538,-2.487275335464714,6.17829272114798,7.186887671238902,3.2143536428244754,-0.979620619644506,5.029964326070267,2.313567100636153,-3.356312289189052,5.646756342358136,6.2134208644389775,6.443051758235107,7.299420382957311,-3.0308903161042844,-1.970019081914205,-1.8782115663992611,2.64357666358653,-3.356312289189052,7.633238389603217,-1.6727676573473391,-2.207690630601876,0.9984206844993136,5.749144546810453,-1.3465520004220142,0.222922491933157,-3.282204426925276,2.372786459991085,5.1139490078659735,5.291016541285792,-3.618676092118897,-1.3160927991228717,1.402567394283986,0.4137911018481083,4.597301893103807,-0.1252053735552993,-4.311821272684842,-3.4363548686576646,6.071876107303607,-2.553966665469534,-0.9106277576813626,-3.7240363855549705,0.6482182633538436,6.565134536492996,-1.8782115663992611,-0.6229457185629111,-3.148673212871943,1.856110425929148,4.8655785994664695,-1.336295502358759,-0.0806214695980113,-1.5518150794793966,0.1768111419991164,2.69378241009993,-3.618676092118897,-3.0880486645848304,7.851172843300662,-3.618676092118897,-1.8959111372330004,5.879499340449784,-3.7240363855549705,-1.7468756075230454,1.31291400906892,3.994943140820321,-2.6631658778589875,-1.1337712756622442,-3.975350178916854,-3.7240363855549705,-0.8336667264217763,3.993461000339999,3.857794290179511,4.439585921954802,7.666508278211879,-0.8908251329995617,-2.6254255783661478,5.3332800767113335,-3.2132116506762887,-2.4555266573114114,-3.282204426925276,3.0830365459082985,-1.3779681900750045,7.710567293709625,0.4452072969847554,-1.0849811194293189,-1.7781281412591432,-3.523366094132407,-1.577457503517033,0.5402050224927741,3.8185282759322514,-3.2132116506762887,-2.365914552193121,-0.7795995116492255,-3.356312289189052,2.651553913836871,-1.6308034699899867,-3.523366094132407,-0.8092752762724792,-1.7316081400542602,-3.618676092118897,-0.6534049229548365,-3.0308903161042844,8.226477768445562,-1.8269182895555645,-0.8153175899982483,-2.310344731926324,4.1095616167668165,-0.5885442952272211,0.7941202254661619,-1.9894371602298315,-2.0926213538393337,0.5084563251862583,7.780897247338888,4.380966930443687
CRR1090631,0,-1.6838732203560731,-3.4603637069654347,-1.966440091670162,5.626800029083604,-2.913820766146505,-3.150209263509316,-3.150209263509316,-1.7639159023885922,1.4224364112148753,-3.778816756267259,-0.0775172204232481,1.8232995738406583,-2.2206741119019338,7.78136186280742,-2.767217435495159,-1.369624203492755,-2.967887928937312,-2.6001634906920152,-2.2473423447593515,-1.5407724177410291,-3.293309902022079,-3.555673704951925,-0.3776217912686496,2.084811926436235,-1.0875760039867948,8.81095164225349,-0.9095007657218408,-3.661033998387998,-2.7227657124499816,-2.424272948297742,-0.3651992722988988,0.8412395668482489,5.687035047250338,-1.6993774020843475,4.830634014033334,-3.219202039758304,-3.661033998387998,-0.9907261936422462,-3.293309902022079,-0.1478337143439376,3.543526040254694,1.639500913765073,5.683796193726763,1.4469274308899265,5.129334357395589,8.167638716221317,0.8822585853029143,8.758507571211926,-0.9907261936422462,-1.926434773062859,-2.8625275243904795,3.854671394081021,6.610399164175719,-2.813737407840049,5.859742002771682,-2.913820766146505,-3.219202039758304,-1.9870593703695,-3.555673704951925,-2.1693808438301594,-2.767217435495159,0.8137721728335519,-3.555673704951925,7.013798497801652,-3.9123477917498817,-3.555673704951925,-3.555673704951925,-0.2598387648715245,-1.595580639212554,-3.555673704951925,4.330255310330368,0.0659950529464956,2.1410821614829736,-2.6001634906920152,1.281399553881377,-2.490964278302562,-2.7227657124499816,-1.731126090318286,-0.3734637814657673,4.092301162932102,5.91658267824527,4.337896369301246,-2.392524270144439,-0.9679115193462884,-1.3256610897369745,4.705902395521642,-2.813737407840049,-0.8610483890447295,-0.2861066897205815,-2.424272948297742,2.826816905850258,3.2529220047074743,3.2228816378363607,-0.9166182324775336,1.1909940606729768,-3.219202039758304,2.878870817047801,4.969128449864614,4.454683884633869,5.103503042084446,2.8472360252572213,1.8789192886166628,-1.907016694747233,-1.815209179232289,-3.778816756267259,2.9051672791368284,8.195754718462968,-1.6097652701803669,5.341678461983857,-2.2473423447593515,4.8488413886257815,-1.283549613255042,6.059302766723885,-3.219202039758304,2.558006479307085,3.007333203782017,-4.24881888551787,-0.1544782566211051,5.9615315290400215,2.942305197348905,0.4767934890150805,3.4832832614016347,-0.0622029863883269,-4.24881888551787,-3.3733524814906923,5.548081181845968,-2.490964278302562,8.288022930642741,-3.661033998387998,0.7112206505208157,1.5894904937589485,7.67819965804365,-0.5599433313959389,-3.0856708257049705,-2.12059070347024,5.044902295768242,-1.2732931151917868,-0.0176190824310391,-1.4888126923124243,0.2398135291660888,1.5777670302003304,-3.555673704951925,1.595301085286888,5.386549900328505,-3.555673704951925,-1.832908750066028,6.310078827372808,-3.661033998387998,-1.6838732203560731,1.3759163962358922,3.830795145119126,-2.6001634906920152,-1.070768888495272,-3.9123477917498817,-3.661033998387998,-0.770664339254804,4.929655233730479,1.7673342839445807,4.140446022082265,8.714830768747078,-0.8278227458325894,-2.562423191199175,-1.7473866059018608,-3.150209263509316,4.174411213851795,-3.219202039758304,3.1460389330752707,-1.314965802908032,-2.074070709480358,-2.680206134263039,-1.0219787322623464,1.322570416321285,-3.4603637069654347,-1.5144551163500608,0.6032074096597464,-2.2473423447593515,3.678790034894056,8.042963128312678,-0.7165971244822533,-3.293309902022079,-1.4515413067773084,-1.5678010828230144,-3.4603637069654347,-0.7462728891055069,-1.668605752887288,-3.555673704951925,-0.5904025357878642,-2.967887928937312,8.053228807010363,-1.7639159023885922,-0.7523152028312762,-2.2473423447593515,-2.194698638993943,-0.5255419080602488,0.8571226126331342,-1.926434773062859,-1.3364720035036497,-0.1216884359486518,-1.2939123981428229,4.443969317610658
CRR1012545,1,-1.7994875769980476,-3.575978063607409,-2.0820544483121366,4.001467835981276,4.17106726982113,2.3463294478638543,3.162818679374792,-1.8795302590305667,-2.882831792137133,-3.894431112909234,-0.1931315770652226,-2.1026737270114744,6.9792171370160405,-1.0466213245012146,1.0788459119474156,-1.4852385601347295,-3.083502285579286,6.614284788465925,4.89034097963752,3.2020807925983714,-3.4089242586640536,1.220561711529404,4.802828600668395,5.517070514980668,-1.203190360628769,6.495123136346414,-1.025115122363815,-3.776648355029972,2.08950267407831,-2.5398873049397164,-0.4808136289408733,-2.390355660574434,-2.042049129704833,-1.814991758726322,-2.7157778473339897,4.108678662859515,-3.776648355029972,1.1506031240105383,-3.4089242586640536,-0.2634480709859121,-3.575978063607409,0.8150966109287471,3.640329045466898,-3.776648355029972,4.511101497526311,4.459063486428267,-2.7157778473339897,9.535475491799405,0.0711302068434303,-2.042049129704833,-2.978141881032454,6.261503834233315,7.059315967400813,-2.929351764482023,6.7202743117587165,-3.02943512278848,-3.3348163964002784,-2.1026737270114744,-3.6712880615938994,-2.284995200472133,0.4096315140818437,1.6409302199870617,1.2817161337920135,2.8356891017541708,-4.027962148391856,-3.6712880615938994,-3.6712880615938994,-0.375453121513499,-1.7111949958545285,-3.6712880615938994,0.8825868510612727,-0.0496193036954788,2.0254678048409995,-2.7157778473339897,1.1657851972394024,-2.6065786349445363,-2.838380069091956,-1.8467404469602604,-0.4890781381077418,6.20093383637046,4.221908808699257,1.6458490690102674,-2.5081386267864136,-1.0835258759882629,3.0532632755710893,4.630926141672455,-2.929351764482023,-0.976662745686704,-0.401721046362556,-2.5398873049397164,3.8737825140469297,5.399052340386796,3.8010969768518943,-1.032232589119508,-3.6712880615938994,3.587403740885087,-2.7157778473339897,7.306803931179635,5.343838024241879,5.541527240458681,4.269151356654279,-3.083502285579286,-2.022631051389207,2.934548987615528,-3.894431112909234,-3.4089242586640536,0.8569991016585059,-1.7253796268223411,4.089603135111275,1.4820015444665728,5.308907320301584,-1.3991639698970164,4.280410105420165,-3.3348163964002784,-2.929351764482023,2.567034567353858,-4.364433242159844,0.5030972390729679,-1.3687047685978735,6.430334980630049,0.3611791323731061,4.397989706077351,1.634995484525949,-4.364433242159844,5.96609424532037,3.811391767688244,-2.6065786349445363,5.006456128485813,-3.776648355029972,0.5956062938788413,2.496226433489314,-1.930823535874264,-0.6755576880379134,3.1929312174555,-4.027962148391856,6.06144475663797,-1.3889074718337613,-0.1332334390730135,-1.6044270489543986,0.1241991725241143,2.0620512217783378,-3.6712880615938994,2.173991981125038,6.466027735672712,1.4490961084109066,-1.9485231067080029,3.473590567802651,-3.776648355029972,-1.7994875769980476,1.2603020395939175,4.275115165593529,0.8698748157422407,-1.1863832451372462,-4.027962148391856,-3.776648355029972,-0.8862786958967785,3.354070461242595,3.808122501491651,2.154710051688256,7.359921880188162,-0.2502899872740894,-2.6780375478411496,5.136869802366351,-3.265823620151291,2.4916036053559134,6.785243171543362,3.030424576433296,-1.4305801595500065,-2.1896850661223324,2.0755519089104446,-1.1375930889043209,3.9394637149907537,4.732510442917276,-1.6300694729920353,0.4875930530177719,2.02311525798118,0.8461412319222459,8.090226794237958,-0.8322114811242278,-3.4089242586640536,-2.6065786349445363,-1.6834154394649887,-3.575978063607409,-0.8618872457474813,-1.7842201095292625,-3.6712880615938994,-0.7060168924298387,-3.083502285579286,6.588696419463155,-1.8795302590305667,-0.8679295594732506,-2.362956701401326,4.80508113572075,-0.6411562647022233,0.7415082559911597,-2.042049129704833,-2.145233323314336,-0.2373027925906263,5.533152955319382,4.328354960968684
CRR1090632,0,3.0328247677824454,1.3598688965207253,-1.9546877035145132,5.946938551943904,3.78227910583533,-3.1384568753536675,4.816990264028919,-1.752163514232944,-2.75546504733951,5.60219848306852,-0.0657648322675995,8.046892387122199,-2.2089217237462853,-0.9192545797035916,-0.3330795829781817,-1.3578718153371063,1.6935819209839953,-2.5884111025363667,-2.235589956603703,-1.5290200295853804,-3.2815575138664306,-3.5439213167962764,-0.270559230884433,-1.6124016153360323,-1.0758236158311465,-2.956135540781664,-0.8977483775661922,0.0777474411021442,-2.711013324294333,-2.4125205601420934,-0.3534468841432504,3.7182844396766086,-1.9146823849072103,-1.687625013928699,4.342609111824997,-3.2074496516026554,-3.649281610232349,3.247522842034164,-3.2815575138664306,-0.1360813261882889,5.509108060023315,-3.649281610232349,6.616838645849523,0.8554519807842423,4.275230748785511,7.441223632791202,1.92329259466152,2.6269418628588515,-1.7193737021626374,-1.9146823849072103,-2.850775136234831,-0.1229232424764663,-2.711013324294333,-2.8019850196844,-0.1067154333004083,4.075408279197912,-0.9192545797035916,-1.0758236158311465,-3.5439213167962764,2.759793960358674,6.457588909879645,-2.0853078289785887,4.848794495557474,-2.1829462508382944,-3.900595403594233,-3.5439213167962764,-3.5439213167962764,-0.2480863767158759,-1.5838282510569055,-3.5439213167962764,1.0099535958588954,0.0777474411021442,2.1528345496386225,-0.0058666942753905,1.2931519420370254,0.2126148325224455,-2.711013324294333,-1.7193737021626374,-0.3617113933101188,6.022663907642555,-2.6684537461073905,-2.711013324294333,-2.38077188198879,-0.9561591311906396,-1.3139087015813258,7.544244122877938,-1.752163514232944,-0.8492960008890809,-0.274354301564933,-2.4125205601420934,-2.5884111025363667,7.806869026621191,4.912202655298699,-0.9048658443218852,-3.5439213167962764,-3.2074496516026554,3.4522090746361047,6.648532980151136,6.780325098474791,7.045042082047275,6.207542953919902,-2.956135540781664,-1.895264306591584,-1.8034567910766408,1.5186717288909182,3.0342161691440017,5.880996035196105,-1.5980128820247184,-2.132935855279255,-2.235589956603703,3.4602324582903763,-1.2717972250993934,0.2976772672557777,-2.514303185327659,4.447939565329495,7.375805274487744,2.3421807202114344,1.9886753533898185,7.171334099400031,2.4098393683218022,0.488545877170729,3.2064761537524777,-0.0504505982326784,-4.237066497362221,-3.361600093335044,4.786602890599859,-2.4792118901469133,-0.8358729823587417,-3.649281610232349,0.7229730386764642,5.613395953415544,-1.8034567910766408,5.098138857020875,2.4113957888613857,-1.221535400425639,-0.3131188420094214,-1.2615407270361385,-0.0058666942753905,-1.4770603041567756,0.2515659173217373,-4.054745607232489,0.5302185721239095,-3.0132938892622096,0.3620816565497545,3.567915012394117,-1.82115636191038,2.666275077156893,-3.649281610232349,-1.6721208322004246,1.3876687843915407,5.433551397221903,-2.5884111025363667,-1.0590165003396237,-3.900595403594233,2.4829083789772515,-0.7589119510991555,5.633005039043459,4.025488476688427,4.165115802249889,7.413116395038233,6.333918168860864,-2.5506708030435266,2.87574582864975,-3.1384568753536675,-2.38077188198879,1.2731272444105437,3.157791321230919,-1.3032134147523835,7.071655832351796,-2.6684537461073905,-1.0102263441066976,-1.7033733659365222,-3.448611318809786,-1.5027027281944123,0.614959797815395,-2.235589956603703,6.292612137709477,-2.2911597768705,-0.7048447363266048,-3.2815575138664306,-2.4792118901469133,-1.556048694667366,-3.448611318809786,-0.7345205009498583,-1.6568533647316397,-3.5439213167962764,-0.5786501476322157,-2.956135540781664,-2.711013324294333,-1.752163514232944,-0.7405628146756276,-2.235589956603703,-2.1829462508382944,-0.5137895199046002,0.8688750007887828,-1.9146823849072103,-2.017866578516713,5.917238028556185,-1.2821600099871742,4.455721705766307
CRR1090653,0,2.045622629773389,-3.474380872859313,-1.98045725756404,6.573205205549115,-2.927837932040384,-3.164226429403194,-3.164226429403194,-1.7779330682824706,-2.781234601389037,0.7870159814868138,-0.0915343863171263,-2.694223300156917,-2.234691277795812,4.770381208047013,1.4180149322513125,-1.383641369386633,2.217204516657873,-2.6141806565858934,-2.2613595106532296,-1.5547895836349073,-3.307327067915957,-3.569690870845803,-3.233219205652182,-1.638171169385559,0.5638724365828605,6.751030245465291,-0.9235179316157188,-3.675051164281876,-2.73678287834386,-2.4382901141916205,-0.379216438192777,-2.288758469826337,-1.9404519389567367,-1.7133945679782256,-3.307327067915957,-3.233219205652182,3.715950749846877,3.8930962877167503,-3.307327067915957,-0.1618508802378157,1.1665055950945518,2.3990146942566524,4.245836981050991,-3.675051164281876,5.920277240544545,6.4521553283660085,-2.6141806565858934,8.122063064178922,-1.745143256212164,-1.9404519389567367,-2.8765446902843577,2.6837512552112206,-2.73678287834386,-2.8277545737339267,-0.132484987349935,1.7887784279401762,1.4382722080655574,-2.001076536263378,2.527931876588972,-2.183398009724037,4.137459709440138,-2.1110773830281158,-3.569690870845803,8.442615397843253,-3.92636495764376,-3.569690870845803,0.1141740916978439,-0.2738559307654026,-1.609597805106432,-3.569690870845803,0.984184041809369,0.0519778870526175,2.1270649955890955,-2.6141806565858934,1.2673823879874988,-2.50498144419644,-2.73678287834386,-1.745143256212164,-0.3874809473596453,2.5070315248063704,-2.694223300156917,1.2408641611558835,-2.4065414360383173,-0.9819286852401664,1.985589603227906,-2.0221299365959657,-2.8277545737339267,4.241875619311421,-0.3001238556144596,-2.4382901141916205,-2.6141806565858934,7.015329701374676,3.0630991107272925,-0.9306353983714118,-3.569690870845803,6.989691606524012,2.7427676313730243,5.179500535914114,5.655949821337785,6.547316088375176,-0.5347397879826892,-2.9819050948311903,-1.9210338606411108,-1.8292263451261672,1.3009137939861726,-2.6141806565858934,5.27579636619753,-1.623782436074245,-2.158705409328782,0.9564341294488566,7.738559901369518,-1.2975667791489205,0.271907713206251,-3.233219205652182,-2.8277545737339267,4.993925786664932,-4.262836051411748,0.1141740916978439,-1.2671075778497771,-2.134607869364117,0.4627763231212023,6.713545322028901,-0.0762201522822052,-4.262836051411748,-3.3873696473845705,4.65108690786846,-2.50498144419644,-0.8616425364082685,-0.2812909087001291,0.6972034846269376,-1.6675850459394643,-1.8292263451261672,-0.573960497289817,-3.0996879915988487,1.0374753377670407,5.876083193733866,-1.287310281085665,-0.0316362483249172,-1.5028298582063024,0.2257963632722106,-4.080515161282015,-3.569690870845803,-3.0390634433117363,0.3363121025002277,-3.569690870845803,5.293158805828435,6.29478354668001,1.9917577029209967,-1.6978903862499513,1.361899230342014,3.1904900459892325,-0.3669463466046762,-1.08478605438915,-3.92636495764376,-3.675051164281876,-0.7846815051486822,-1.383641369386633,6.2338306897936535,0.6320102396389163,7.06835248354579,4.251629434893074,-2.576440357093053,4.552025147087654,-3.164226429403194,3.4189047978271128,-3.233219205652182,3.1320217671813926,-1.32898296880191,-2.0880878753742365,-2.694223300156917,-1.0359958981562245,-1.729142919986049,-3.474380872859313,-1.528472282243939,0.5891902437658683,-2.2613595106532296,4.670375655919443,-2.316929330920027,-0.7306142903761315,-3.307327067915957,-2.50498144419644,-1.5818182487168926,-3.474380872859313,-0.760290054999385,-1.682622918781166,-3.569690870845803,-0.6044197016817423,-2.9819050948311903,-2.73678287834386,-1.7779330682824706,0.2973328104946106,-2.2613595106532296,-2.208715804887821,-0.5395590739541269,0.843105446739256,-1.9404519389567367,-2.0436361325662395,1.919244863577346,8.549151646946175,4.429952151716781
CRR1012491,1,-1.6985365420136365,0.490104018421689,-1.9811034133277252,0.0619701289281052,5.4390595022826815,-3.1648725851668797,5.247817647862486,-1.7785792240461555,-0.5948093583302054,-3.793480077924823,-0.0921805420808114,-2.6948694559206023,-2.235337433559497,6.529775602508629,-0.3514631217392907,-1.3842875251503182,2.8060477307798464,7.3315978792342,-2.262005666416915,1.3583628991978611,2.8555019753414204,-3.570337026609488,4.82987080977257,-1.6388173251492442,4.057984029483538,6.320124074907198,7.440290995633174,-0.9750841703969022,-2.737429034107545,-2.438936269955305,-0.3798625939564622,-2.2894046255900227,7.776019326042021,-1.7140407237419109,-3.3079732236796424,-3.2338653614158672,-3.675697320045561,3.41844309286136,-3.3079732236796424,5.440012639765251,3.423960855609024,-3.675697320045561,5.975115517523387,2.075814342274223,6.358260562841014,-2.9825512505948755,2.687328565106568,9.164282651088952,-1.7457894119758492,-1.9410980947204224,-2.877190846048043,-0.1493389522896782,-2.737429034107545,-2.828400729497612,-0.1331311431136202,-2.9284840878040685,-3.2338653614158672,1.0207322552850768,-3.570337026609488,-2.1840441654877223,4.974547150214573,-2.1117235387918005,6.316602390604082,-2.2093619606515063,-3.927011113407445,-3.570337026609488,-3.570337026609488,-0.2745020865290877,-1.6102439608701171,-3.570337026609488,0.9835378860456838,0.0513317312889324,2.1264188398254107,-2.6148268123495786,1.2667362322238136,-1.4185765907899135,-2.737429034107545,-1.7457894119758492,-0.3881271031233305,-1.8655905707327656,-2.6948694559206023,5.447362750735183,-2.4071875918020025,-0.9825748410038516,4.168061946991763,6.722863584013264,-2.828400729497612,-0.8757117107022927,-0.3007700113781448,1.97795855299648,-2.6148268123495786,-0.7549301874243068,4.787389390626875,-0.931281554135097,-3.570337026609488,6.095424189863732,3.805918756745995,-1.5034760139699874,0.3536125892116226,6.26547977751082,-0.5353859437463745,-2.9825512505948755,-1.921680016404796,0.1185404775064468,-3.793480077924823,-3.3079732236796424,6.736678429469089,-1.6244285918379302,-2.159351565092467,-1.5688587561271303,4.320542865183337,-1.2982129349126053,0.271261557442566,-3.2338653614158672,5.066413400221313,6.665541023219198,-4.263482207175433,1.2237972754495174,-1.2677537336134623,-2.1352540251278027,0.4621301673575172,5.409782825634296,-0.0768663080458903,-4.263482207175433,-3.388015803148256,4.280154155042772,-2.505627599960125,-0.8622886921719537,-2.6948694559206023,0.6965573288632524,-1.6682312017031498,-1.8298725008898524,1.6819344119103457,-3.100334147362534,-3.927011113407445,-0.3395345518226333,-1.28795643684935,-0.0322824040886023,-1.5034760139699874,0.2251502075085255,-4.081161317045701,-0.7138687054444828,-3.039709599075421,0.3356659467365425,-3.570337026609488,-1.8475720717235915,5.736855786914114,-3.675697320045561,-1.6985365420136365,1.361253074578329,-2.9284840878040685,-2.6148268123495786,-1.085432210152835,-3.927011113407445,-3.675697320045561,-0.7853276609123674,-1.3842875251503182,3.71886185600434,2.329010237075144,6.751220499248499,2.9721329367811604,-2.5770865128567384,-1.762049927559424,-3.1648725851668797,-2.4071875918020025,5.202085357299916,3.131375611417708,-1.3296291245655951,4.766195225579898,-2.6948694559206023,-1.0366420539199095,-1.729789075749734,3.1414013708817814,-1.529118438007624,0.5885440880021832,-2.262005666416915,6.361444395180697,-2.317575486683712,-0.7312604461398166,-3.3079732236796424,-2.505627599960125,-1.5824644044805776,-3.475027028622998,-0.7609362107630702,-1.6832690745448513,1.3423158738344458,-0.6050658574454275,-2.9825512505948755,-2.737429034107545,-1.7785792240461555,-0.7669785244888394,-2.262005666416915,-2.2093619606515063,-0.540205229717812,0.8424592909755709,-1.9410980947204224,-2.0442822883299248,1.856371563504022,-1.308575719800386,4.429305995953095
CRR1012746,1,1.7103017092693558,2.450038827727483,-1.9734622462710385,0.0696112959847923,-2.9208429207473814,-3.157231418110192,-3.157231418110192,-1.7709380569894684,0.1797224088845288,-3.785838910868136,-0.0845393750241243,-2.687228288863915,5.6360556433757925,-0.9380291224601164,3.040432628961475,-1.376646358093631,1.60437123178979,-2.6071856452928914,-2.254364499360228,-1.547794572341905,-3.3003320566229557,-3.562695859552801,5.365385696883889,-1.631176158092557,2.268010914549777,7.468569121477113,-0.9165229203227168,1.3703362029311248,3.723630833440859,-2.431295102898618,-0.372221426899775,-2.2817634585333355,-1.9334569276637352,-1.7063995566852237,-3.3003320566229557,-3.22622419435918,-3.668056152988874,5.25788341693416,-3.3003320566229557,-0.1548558689448138,-3.467385861566311,2.125632517316959,4.708697090497877,3.767838406615176,-0.0511523610182896,-2.9749100835381883,-2.6071856452928914,-2.176402998431035,-1.738148244919162,-1.9334569276637352,5.82552087968937,-0.1416977852329911,-2.7297878670508577,-2.8207595624409247,-0.125489976056933,6.662749996232801,-3.22622419435918,5.781176405221778,2.586624776442616,-2.176402998431035,-2.774239590096035,-2.1040823717351134,-3.562695859552801,9.843861721721897,-3.919369946350758,-3.562695859552801,-3.562695859552801,-0.2668609194724006,-1.6026027938134302,-3.562695859552801,0.991179053102371,0.0589728983456194,2.134060006882098,-2.6071856452928914,1.2743773992805008,-2.497986432903438,-2.7297878670508577,-1.738148244919162,-0.3804859360666435,-1.8579494036760784,-2.687228288863915,-2.7297878670508577,-2.3995464247453158,-0.9749336739471643,-1.3326832443378505,-2.015134925302964,-2.8207595624409247,-0.8680705436456057,-0.2931288443214577,-2.431295102898618,-2.6071856452928914,-0.7472890203676197,5.051150062265447,-0.9236403870784098,-3.562695859552801,4.697226066339208,2.886507943394272,-1.4958348469133005,0.3612537562683097,0.2123593366757461,-0.5277447766896873,-2.9749100835381883,-1.9140388493481089,0.6714086740319651,-0.4014510627734775,3.920096512636318,6.51322083388201,-1.616787424781243,-2.15171039803578,1.0583456952786197,7.122881380879672,-1.290571767855918,0.2789027244992532,-3.22622419435918,7.330892067434788,8.031595588392198,-4.255841040118746,3.1169013288061445,-1.2601125665567754,-2.127612858071116,0.4697713344142043,-1.9734622462710385,-0.0692251409892032,-4.255841040118746,-3.3803746360915685,-2.646406327676966,-2.497986432903438,-0.8546475251152665,-0.3930121948397621,0.7041984959199395,6.460996455796155,0.7811075882769083,-0.566965485996815,-3.0926929803058467,-1.616787424781243,-0.3318933847659461,-1.280315269792663,-0.0246412370319152,-1.4958348469133005,0.2327913745652126,-4.0735201499890135,-3.562695859552801,-3.0320684320187343,0.3433071137932297,-3.562695859552801,-1.8399309046669043,6.00066278632581,1.931186298764895,-1.6908953749569493,1.368894241635016,-2.9208429207473814,6.835339582710047,-1.077791043096148,-3.919369946350758,2.5304203458003927,2.216192093776497,-1.376646358093631,6.360219701946348,3.4869041453950804,-1.4344659156063233,-0.8348449004334656,-2.5694453458000512,5.471549518040958,-3.157231418110192,-2.3995464247453158,-3.22622419435918,3.1390167784743945,-1.321987957508908,5.877944381896762,-2.687228288863915,-1.0290008868632226,-1.7221479086930471,-3.467385861566311,-1.521477270950937,0.5961852550588703,-2.254364499360228,3.3462567020044207,-2.309934319627025,-0.7236192790831295,-3.3003320566229557,-2.497986432903438,-1.5748232374238906,-3.467385861566311,-0.753295043706383,-1.675627907488164,-3.562695859552801,-0.5974246903887404,-2.9749100835381883,-2.7297878670508577,-1.7709380569894684,-0.7593373574321522,-2.254364499360228,-2.201720793594819,-0.532564062661125,0.850100458032258,-1.9334569276637352,-2.0366411212732376,7.266349335519427,-1.3009345527436988,4.436947163009782
CRR1090630,0,-1.6144373654971933,-3.3909278521065547,-1.897004236811282,6.027222778972498,4.227008670176311,-3.080773408650436,3.0924556547646547,-1.6944800475297122,-2.6977815806362786,-3.7093809014083794,-0.008081365564368,-2.610770279404159,-2.1512382570430537,-0.8615711130003602,-2.6977815806362786,3.2339803074567954,-2.898452074078432,-2.530727635833135,-2.1779064899004714,1.513671494119324,-3.223874047163199,-3.486237850093045,-3.149766184899424,-1.5547181486328008,-1.0181401491279145,-3.5915981435291178,8.291964090459425,-3.5915981435291178,5.611804903005213,-2.3548370934388623,-0.2957634174400187,-2.2053054490735797,-1.856998918203979,-1.6299415472254677,4.403219300062824,-3.149766184899424,-3.5915981435291178,5.47397110574278,-3.223874047163199,-0.0783978594850575,-3.3909278521065547,-3.5915981435291178,6.702351453957257,-3.5915981435291178,6.282595682266271,8.529012425841914,-2.530727635833135,-2.09994498897128,-1.661690235459406,-1.856998918203979,-2.7930916695315995,5.091634432511908,-2.653329857591101,-2.7443015529811685,-0.0490319665971769,-2.844384911287625,-3.149766184899424,-1.91762351551062,-3.486237850093045,-2.09994498897128,-2.6977815806362786,-2.027624362275357,-3.486237850093045,-2.125262784135063,-3.8429119368910016,-3.486237850093045,-3.486237850093045,-0.1904029100126444,-1.526144784353674,-3.486237850093045,1.067637062562127,0.1354309078053756,2.210518016341854,-2.530727635833135,1.350835408740257,-2.421528423443682,-2.653329857591101,-1.661690235459406,-0.3040279266068871,4.346884825491221,-2.610770279404159,-2.653329857591101,-2.323088415285559,-0.8984756644874082,-1.2562252348780942,-1.938676915843208,-2.7443015529811685,-0.7916125341858494,-0.2166708348617015,-2.3548370934388623,-2.530727635833135,-0.6708310109078636,3.0296573271486,-0.8471823776186536,-3.486237850093045,-3.149766184899424,-3.223874047163199,5.656656450601991,0.4377117657280658,0.2888173461355024,-0.4512867672299311,-2.898452074078432,-1.8375808398883529,-1.745773324373409,-3.7093809014083794,5.307705903987544,6.896322563440169,-1.5403294153214868,-2.075252388576024,2.8750626309361818,6.920498711169602,-1.214113758396162,0.3553607339590093,-3.149766184899424,6.299612156024128,4.93024863764594,-4.17938303065899,-3.486237850093045,-1.1836545570970192,-2.0511548486113598,0.5462293438739606,4.01274062083295,2.8969288932545845,-4.17938303065899,-3.3039166266318123,5.344098461505961,-2.421528423443682,-0.7781895156555103,-3.5915981435291178,0.7806565053796958,-1.5841320251867064,8.110629625659067,-0.4905074765370588,-3.0162349708460905,-3.8429119368910016,-0.2554353753061899,-1.2038572603329067,0.051816772427841,-1.4193768374535445,0.3092493840249687,3.1351658043362054,3.940428264030036,-2.955610422558978,0.419765123252986,-3.486237850093045,-1.763472895207148,8.648512932903781,-3.5915981435291178,-1.6144373654971933,1.4453522510947725,-2.844384911287625,-2.530727635833135,-1.0013330336363917,-3.8429119368910016,-3.5915981435291178,-0.701228484395924,-1.300188348633875,6.258767664573768,1.4511076625825807,7.783976908095627,-0.7583868909737095,-2.492987336340295,4.90448267772517,-3.080773408650436,-2.323088415285559,-3.149766184899424,3.2154747879341508,-1.245529948049152,-2.004634854621478,-2.610770279404159,-0.9525428774034664,-1.645689899233291,-3.3909278521065547,-1.4450192614911808,0.6726432645186265,-2.1779064899004714,8.902849943594976,-2.2334763101672688,-0.6471612696233732,-3.223874047163199,-2.421528423443682,-1.4983652279641344,-3.3909278521065547,-0.6768370342466268,-1.599169898028408,-3.486237850093045,-0.5209666809289841,-2.898452074078432,-2.653329857591101,-1.6944800475297122,-0.682879347972396,-2.1779064899004714,-2.125262784135063,-0.4561060532013687,0.9265584674920144,-1.856998918203979,-1.9601831118134807,-0.0522525810897717,5.625119613412159,4.513405172469538
CRR1012495,1,3.0086231968367287,0.8952801224287689,-2.045930925635347,7.76294722164109,-2.99331160011169,-3.229700097474501,4.301708032921146,-1.8434067363537767,-2.846708269460344,-3.858307590232444,-0.1570080543884329,3.2102877159982133,1.6839333766097746,1.5477399873449431,-0.2141664645972998,5.440956491169993,1.041393661781628,8.168526732743295,3.614332772038399,-0.8751564722999181,-3.372800735987264,3.313538728315736,2.3983991890053717,-1.7036448374568658,1.338804784640813,6.46968510507405,6.484737992266061,-3.740524832353183,2.119309056393745,1.170492524188997,1.6076381282734924,-2.354232137897644,-2.005925607028044,-1.7788682360495325,-3.372800735987264,3.907788961731781,2.173576377379979,1.7924231721244122,3.1222308608029654,-0.2273245483091224,4.69120507313314,-3.740524832353183,-0.8019530772118418,-3.740524832353183,5.638730622645382,-3.047378762902497,-2.6796543246572,-2.248871677795344,2.161498935963139,-2.005925607028044,-2.9420183583556643,-0.2141664645972998,-2.8022565464151663,-2.8932282418052337,0.4951884929843642,2.761429730734244,-3.298692873723489,-2.0665502043346846,-3.6351645389171097,-2.248871677795344,6.345078330395637,3.3816225028845497,-3.6351645389171097,3.5292444354609542,-3.9918386257150655,-3.6351645389171097,-3.6351645389171097,-0.3393295988367093,-1.6750714731777387,-3.6351645389171097,0.9187103737380622,-0.0134957810186892,2.061591327517789,-2.6796543246572,1.201908719916192,-2.5704551122677466,-2.8022565464151663,-1.8106169242834709,-0.4529546154309521,5.531430910322097,-2.759696968228224,4.879904402520876,-2.472015104109624,-1.0474023533114731,-1.4051519237021592,7.868921995162311,-2.8932282418052337,9.14027531776402,-0.3655975236857664,-2.503763782262927,-2.6796543246572,6.593443369118888,4.593384119488068,0.8444404467733725,3.3486234281965928,1.2230942902830937,-3.372800735987264,1.2906368341782364,6.296811284117837,8.466851404689042,2.919051727667413,1.1995268212494814,-1.9865075287124176,3.069002690419929,-3.858307590232444,1.283353480893223,2.581439566161771,-1.6892561041455516,2.000337102125556,1.297867523566816,4.332321591367316,-1.3630404472202269,0.2064340451349444,-3.298692873723489,-2.8932282418052337,4.541281299669135,-4.328309719483055,1.5273311159451457,-1.332581245921084,0.3351254123728604,0.3973026550498957,5.219926441398832,-0.1416938203535118,-4.328309719483055,-3.452843315455877,4.893164397307153,-2.5704551122677466,-0.9271162044795752,-3.740524832353183,0.631729816555631,3.9132840616784,-1.8947000131974736,-0.6394341653611237,-3.1651616596701557,2.102695255837253,2.5051489592337144,-1.3527839491569715,-0.0971099163962238,-1.568303526277609,0.1603226952009039,0.0232537592605084,-3.6351645389171097,-3.104537111383043,0.270838434428921,-3.6351645389171097,-1.912399584031213,3.4343673973309112,-3.740524832353183,-1.763364054321258,1.2964255622707077,5.7108928313056255,1.6591428162755486,-1.1502597224604567,-3.9918386257150655,-3.740524832353183,-0.8501551732199888,4.056490284808678,4.311804819485944,4.440167233822098,4.9636435055421,4.767019760240248,-2.64191402516436,3.826818622589333,-3.229700097474501,-2.472015104109624,4.931806803043728,3.066548099110086,-1.3944566368732167,-2.153561543445543,-2.759696968228224,-1.1014695662275311,4.09676418391057,-1.6892561041455516,-1.5939459503152458,0.5237165756945615,-2.326833178724536,7.551987233883695,-2.3824029989913336,4.116910749283788,-3.372800735987264,-2.5704551122677466,-1.6472919167881992,-3.5398545409306195,-0.8257637230706917,-1.748096586852473,1.4970962551092195,-0.6698933697530491,-3.047378762902497,6.825465178239039,-1.8434067363537767,-0.8318060367964609,0.6823216012878669,-2.274189472959128,-0.6050327420254337,0.7776317786679494,-2.005925607028044,-2.109109800637546,-0.2011792699138366,-0.6802561557147127,4.364478483645473
CRR1090650,0,0.2475380969592803,-3.6571838244371246,-2.163260209141852,7.666127754269499,4.079835768814849,-3.3470293809810063,5.983483906281843,-1.960736019860282,0.4280264666225772,-3.975636873738949,-0.2743373378949382,0.0407436920616081,7.415222971600642,-1.1278270853309302,-2.964037552966849,5.327485263561536,-3.164708046409002,7.096410103371396,-2.444162462231042,-1.737592535212719,2.136382141451432,-3.752493822423615,6.4440940863264204,2.954610985518073,1.146835417019096,8.439195911722937,5.388065655161105,-3.857854115859688,2.824252262155107,6.648580127159283,-0.5620193897705887,-0.967484456726494,4.210337743901233,-1.8961975195560377,-3.490130019493769,-3.416022157229994,8.369927787120604,-0.8186388462027383,-3.490130019493769,-0.3446538318156277,4.914874450584009,1.8020129572267696,5.120636042232592,-3.857854115859688,4.55363059939986,6.25012187736225,2.020812721102102,7.654448934633543,-0.4061066068319218,2.0288647930489923,-3.059347641862169,5.566142746179208,-2.9195858299216715,-3.010557525311739,-0.315287938927747,-3.110640883618195,0.8139335560400663,2.1330525046534614,-3.752493822423615,-2.3662009613018493,1.7911179079064907,1.4569903413487677,6.189375554808933,4.451464983445862,-4.109167909221572,-3.752493822423615,-3.752493822423615,-0.4566588823432146,-1.792400756684244,-0.494399207477059,0.8013810902315571,-0.1308250645251944,1.944262044011284,-2.796983608163705,1.0845794364096868,-2.687784395774252,-2.9195858299216715,-1.927946207789976,-0.5702838989374573,6.1181792404712985,-2.877026251734729,-2.9195858299216715,-2.589344387616129,3.8248309016156177,-1.5224812072086644,4.62299554672855,1.099534457123002,5.508708752085373,-0.4829268071922716,-2.621093065769432,4.204891563707046,2.958027289466867,3.84057605901314,-1.1134383499492235,3.015767480041302,5.144393285482452,4.3356974783670825,6.382039957078071,4.950778516661808,3.649955699616141,-0.7175427395605012,3.6283832143886072,-2.1038368122189226,4.39710591389224,-3.975636873738949,-0.3851999234696261,5.766828125573102,-0.4274597297825802,6.236811564257168,-0.2028783781699235,3.965922971437432,-1.480369730726732,5.370934985781797,-3.416022157229994,-3.010557525311739,2.773706171427786,-4.4456390029895605,-1.7510155519412571,-1.4499105294275891,8.981711379267082,0.2799733715433906,3.432891194673953,3.6661650783265873,-4.4456390029895605,5.642014397372499,4.453651135050443,2.930614781623801,-1.0444454879860805,-3.857854115859688,0.5144005330491257,-1.8503879975172763,-0.3783270446542306,0.7064918765365427,4.713067176178958,-4.109167909221572,6.120511903963632,-1.470113232663477,-0.2144391999027291,-1.6856328097841142,0.0429934116943986,-4.263318112859828,1.3226780053122118,2.58326740110063,3.611797836119632,3.152455531233404,-2.029728867537718,5.75282492463637,-3.857854115859688,-1.8806933378277635,1.179096278764202,-3.110640883618195,4.067542167840351,-1.267589005966962,-0.0636163183076799,-3.857854115859688,-0.967484456726494,5.623274238847809,-2.759243308670865,4.632490813129052,6.978508077312061,-1.0246428633042794,-0.8845968067411516,-1.944206723373551,4.782773016114687,-2.589344387616129,-3.416022157229994,2.949218815603581,-1.511785920379722,-2.270890826952048,-2.877026251734729,2.287282589729091,0.004042326895107,6.157142773698406,-1.7112752338217507,0.4063872921880564,-2.444162462231042,-3.3470293809810063,-2.4997322824978387,-0.9134172419539432,-3.490130019493769,-2.687784395774252,-1.7646212002947044,-3.6571838244371246,-0.943093006577197,-1.8654258703589777,-3.752493822423615,-0.7872226532595542,-3.164708046409002,6.479561395006958,-1.960736019860282,-0.949135320302966,-2.444162462231042,-2.391518756465633,-0.7223620255319388,0.6603024951614441,-2.123254890534549,4.896427140023148,-0.3185085534203418,3.4137701532564244,4.247149200138969
CRR1090659,0,-1.847567204378324,-3.624057690987685,-2.1301340756924128,5.185016012436209,2.4693050315286023,2.984554352180307,5.6655624419039805,2.819059531411189,-2.9309114195174093,-3.94251074028951,-0.2412112044454986,3.364185931491221,8.21622929968297,9.015206009815609,2.284023433941792,-1.5333181875150057,-3.131581912959563,6.417504772181025,2.919721526010373,0.8532773259715125,-3.4570038860443293,1.5607837171314891,6.483370241204606,-1.7878479875139313,5.99581042720592,8.71807734144283,7.607300893836019,-3.824727982410249,2.234392996143903,-2.5879669323199925,3.236794731123137,0.7692667032318742,-2.0901287570851097,-1.863071386106598,5.245862669566699,0.9534591641813192,6.1020614632132055,1.1976872728058026,-3.4570038860443293,-0.311527698366188,5.137490630246597,2.472583722976863,6.687598579473257,-3.824727982410249,3.0216223744948083,7.334306906472739,4.213279574901457,5.039765255533082,-0.5581228921948518,-2.0901287570851097,1.1527695431840908,4.27829343872042,3.1606032110538536,2.867353540633726,7.876311108885591,-3.0775147501687554,-3.3828960237805545,4.332799455115499,-3.719367688974175,-2.3330748278524096,3.51046909062835,-2.260754201156488,6.581557520449582,5.934630337038477,-4.076041775772132,-3.719367688974175,-3.719367688974175,-0.4235327488937749,-1.7592746232348049,-3.719367688974175,0.8345072236809967,-0.0976989310757548,1.9773881774607236,-2.763857474714265,1.1177055698591265,1.2845766303961024,-2.886459696472232,-1.8948200743405363,-0.5371577654880177,-2.0146212330974524,-2.843900118285289,4.498662465245427,-2.55621825416669,5.06723976639448,-1.4893550737592247,4.460502906627928,0.4045337078539285,1.3889971057093138,-0.449800673742832,-2.5879669323199925,4.407739496965042,4.885138167137326,3.254734972423103,-0.0009313840730064,-3.719367688974175,4.783643439275941,4.508219584963942,6.205898924723456,4.058506721875068,2.208622440507884,3.1368817492485523,-3.131581912959563,-2.070710678769484,2.343484858877973,-3.94251074028951,-3.4570038860443293,6.81103976793453,-1.7734592542026173,4.285329822245154,-2.411036328781602,1.333047151926759,-1.4472435972772926,6.635218960370317,-3.3828960237805545,2.859881525815703,3.907395431070103,-4.41251286954012,-3.719367688974175,-1.4167843959781496,-2.28428468749249,0.31309950499283,1.1025234966302624,-0.2258969704105775,-4.41251286954012,-3.537046465512943,4.753453555126269,-2.6546582623248125,3.9723784547826417,-3.824727982410249,0.5475266664985654,1.9118421000176489,1.970313868065849,-0.7236373154181893,0.8512090729502304,-4.076041775772132,4.620895375404233,-1.4369870992140372,-0.1813130664532896,-1.6525066763346747,0.0761195451438383,-4.230191979410388,0.5628366380438043,-3.188740261440109,2.984063795389725,4.226114890863016,-1.9966027340882784,5.516365488218934,-3.824727982410249,-1.847567204378324,1.2122224122136416,0.70906334238221,2.262549450340231,-1.2344628725175224,-4.076041775772132,-3.824727982410249,-0.9343583232770546,4.886639916407162,3.088344238040168,1.674257866471095,8.060262904273966,-0.99151672985484,0.3581677888318485,3.672538643592554,3.5345252334481385,-2.55621825416669,-3.3828960237805545,2.98234494905302,-1.4786597869302824,3.1748950018546265,-2.843900118285289,-1.1856727162845968,2.189799620837858,1.72822938890488,-1.6781491003723112,0.4395134256374959,-2.411036328781602,4.631816142972894,-2.466606149048399,-0.8802911085045038,-3.4570038860443293,-2.6546582623248125,-1.7314950668452649,-3.624057690987685,2.8359872056834394,-1.8322997369095384,-3.719367688974175,-0.7540965198101147,-3.131581912959563,1.794865191856349,-1.9276098864108424,-0.9160091868535268,-2.411036328781602,-2.358392623016193,-0.6892358920824994,0.6934286286108838,-2.0901287570851097,-2.193312950694612,-0.2853824199709022,4.380731058701936,4.280275333588408
CRR1012707,0,3.425664911367212,3.179896424887486,4.718772410344217,4.477276457615606,0.8658389464854109,3.084966401123752,3.623455994451848,-2.082102347381471,-3.085403880488037,-4.097003201260138,5.614670407762821,-2.998392579255918,4.501352645037752,4.623332395374823,-3.085403880488037,-1.687810648485634,3.019185502196692,4.551128029858455,2.0984195828452443,-1.858958862733908,-3.611496347014958,0.8866009375746102,-3.5373884847511827,4.217581590674857,-1.4057624489796736,5.803903530389636,-1.2276872107147196,-2.487567288823038,-3.0409521574428604,7.048284979574248,2.392958823722829,1.4083258448379503,-2.244621218055738,1.0931695205988965,-3.611496347014958,3.745567615194805,3.5735394197794257,1.8131132131766767,-0.4207049660588001,-0.4660201593368164,0.5640721403100353,-3.9792204433808767,-1.0406486882395358,-3.9792204433808767,6.290018494884509,1.9615332173598248,-2.918349935684894,-2.487567288823038,5.538161132469424,2.371856947381912,-3.1807139693833584,1.2782727180012252,4.530207135645681,-3.1319238528329274,0.7412583867004355,-3.232007211139384,-3.5373884847511827,-2.3052458153623787,-3.873860149944804,-2.487567288823038,5.581101425181121,4.034010171694017,-3.873860149944804,1.9527277598711703,-1.37242603426918,2.0715584638993736,-3.873860149944804,-0.5780252098644034,-1.9137670842054328,-3.873860149944804,0.6800147627103683,-0.2521913920463833,2.5160428936932093,-2.918349935684894,0.963213108888498,-2.8091507232954407,-3.0409521574428604,-2.0493125353111648,0.0014969126075258,-2.169113694068081,-2.998392579255918,-0.1849826458288687,-2.710710715137318,1.0343712253064192,-1.6438475347298531,2.5941470900589203,-3.1319238528329274,4.010036420813868,-0.6042931347134605,-2.7424593932906207,-2.918349935684894,5.829172461321008,6.183170184701626,7.372691229991691,4.791716563583382,-0.0194682149784135,-3.611496347014958,-0.7471015262631143,6.802188940910645,6.278881046442316,6.2962651296924514,-1.1525665905116345,-2.2252031397401115,-2.133395624225168,1.5857233727119933,-3.611496347014958,1.1042499662219964,-1.9279517151732453,3.134823849425765,5.430733300140893,3.8358050252876086,-1.601736058247921,3.6743776580700462,-3.5373884847511827,-3.1319238528329274,6.346230152745046,1.7953288868450892,-3.873860149944804,3.085156424876932,5.877161632583299,0.8517542068516509,4.976569483870888,-0.3803894313812059,2.1383849412448663,3.225669846255025,-0.0026610973682472,-2.8091507232954407,7.696794342689448,-3.9792204433808767,0.3930342055279369,3.753682241519409,-2.133395624225168,-0.8781297763888178,-3.4038572706978494,1.3213144687721938,3.2603910497607584,-1.5914795601846656,-0.3358055274239179,-1.8069991373053031,0.6147742422612458,-4.384684440381016,-3.1807139693833584,0.5569546727100331,5.492849292282626,-3.873860149944804,-2.151095195058907,1.5891218466422308,-3.9792204433808767,-2.002059665348952,1.0577299512430134,-3.232007211139384,-2.918349935684894,-1.3889553334881508,-4.230534236742761,-3.9792204433808767,-1.0888507842476831,4.259431711867029,-2.880609636192054,5.43599771224725,3.65403941779052,-1.1460091908254684,-2.880609636192054,-2.06557305089474,2.469315052791506,-2.710710715137318,-3.5373884847511827,3.520999667413534,-1.6331522479009108,3.1404129742149203,-2.998392579255918,-1.3401651772552254,5.065456590736965,-3.7785501519583136,-1.83264156134294,0.2850209646668675,-2.5655287897522303,9.102872730461094,7.431817718890593,-1.0347835694751322,-2.918349935684894,-2.8091507232954407,-1.8859875278158933,-3.7785501519583136,-1.0644593340983857,-1.9867921978801668,-3.873860149944804,2.2106372676881763,-3.286074373930191,6.328032258481945,-2.082102347381471,-1.070501647824155,2.4689632497987906,-2.5128850839868218,-0.8437283530531277,0.5389361676402553,-2.244621218055738,-2.3478054116652403,-0.4398748809415306,6.587880264946626,4.125782872617779
CRR1090654,0,1.3034789645779017,2.5778153739423137,-2.3046768811623584,5.417900846645397,4.944755315450679,3.2937446711845504,3.162779899037633,-2.1021526918807885,3.7232569385476975,-4.117053545759456,1.944983459845366,-3.018442923755235,7.782375943737749,-1.269243757351436,4.993325860127301,-1.707860992984951,1.6040750754244912,5.243986208848371,5.094358749070849,-1.8790092072332247,-3.6315466915142753,0.5128067772123757,1.9094136165853448,-1.9623907929838769,-1.4258127934789908,7.858766607431425,-1.2477375552140368,-3.999270787880194,-3.061002501942178,-2.762509737789938,-0.7034360617910951,-2.612978093424656,-2.2646715625550558,0.2169614025180748,4.020851350065665,1.957139904702856,3.484970782696056,-3.798600496457631,-1.159544855152416,-0.4860705038361337,-3.798600496457631,-0.1280719528957613,2.4210837816292843,3.172383814375343,4.445683961093614,0.6951283299412896,-2.9384002801842115,7.529849461202116,4.043176447325847,-2.2646715625550558,-3.200764313882676,4.038162469344352,-3.061002501942178,-2.458827492962436,5.388990370521278,-3.252057555638701,-0.0740047340621326,-2.325296159861696,-3.105454224987355,-2.507617633322355,3.6880109995213184,1.872531747600532,-3.893910494444121,4.393917846349109,-4.250584581242078,-3.893910494444121,-3.893910494444121,-0.5980755543637206,-1.9338174287047505,-3.893910494444121,0.659964418211051,-0.2722417365457005,1.8028453719907775,-2.9384002801842115,0.9431627643891808,-2.829201067794758,-3.061002501942178,3.2869187061245047,1.6729041327861824,5.478886805401775,-3.018442923755235,1.0689321498038,-2.7307610596366354,-1.3061483088384842,1.1365254400222096,4.020778285366895,-3.151974197332245,3.903625257354865,-0.6243434792127778,0.7826477062546168,4.236087634242537,4.5878193091103965,5.710845519958016,3.758348258325041,2.555925819590983,1.1887333480373543,-3.6315466915142753,4.874972832003736,5.971322676060781,4.884351818307696,5.038379254314629,2.3521942749154108,-2.245253484239429,1.8978808636417992,-4.117053545759456,-3.6315466915142753,4.127540711282851,-1.948002059672563,3.826992758381576,-2.585579134251548,1.7221310731840933,-1.6217864027472382,4.976919035369438,-3.5574388292505,-3.151974197332245,4.967352554896729,-4.587055675010066,-1.1858621600065866,-1.5913272014480953,3.572086203779586,1.135217395379304,3.570597341340538,-0.4004397758805232,-4.587055675010066,6.441565245206448,1.6636874777520478,-2.829201067794758,5.136822628473684,-3.999270787880194,0.3729838610286197,-1.9918046695377825,1.8078679842234333,-0.898180120888135,3.502913477729369,3.0005548922398337,3.109698272000728,-1.611529904683983,1.332908881141984,-1.8270494818046203,1.859929186427971,-3.5574388292505,-3.893910494444121,4.193604860765597,5.091106957722589,-3.893910494444121,-2.1711455395582244,0.2332219228610343,-3.999270787880194,1.2754345021855196,4.758196131720316,1.7264883785214056,3.0563273980629817,-1.409005677987468,-2.245253484239429,-3.999270787880194,-1.108901128747,2.871818286815808,-2.9006599806913718,5.400180617779369,6.102117775732336,-1.1660595353247858,3.9971938558433626,-2.085623395394057,-3.488446053001512,1.031890878651225,1.903360329373064,2.807802143583075,-1.653202592400228,-2.412307498972554,-3.018442923755235,-1.3602155217545424,-2.0533625435843668,4.086316416282753,-1.8526919058422568,0.2649706201675503,4.81485927536101,5.636407716430237,0.5811490289779927,-1.0548339139744496,-3.6315466915142753,-0.2252356966252973,-1.9060378723152105,-3.798600496457631,-1.084509678597703,-2.006842542379484,-3.893910494444121,0.1314392320073131,-3.3061247184295084,6.699632470282027,-2.1021526918807885,-1.0905519923234723,-2.585579134251548,-2.532935428486139,-0.8637786975524449,0.5188858231409381,-2.2646715625550558,-2.3678557561645577,-0.4599252254408479,7.020968675597625,4.105732528118463
CRR1012576,1,3.3353651233743413,1.9228314300946896,-1.939829419678214,6.2871311034903234,-2.887210094154557,-3.123598591517368,4.995818512139202,-1.737305230396644,2.456381446854623,-3.7522060842753113,-0.0509065484312999,5.588918793159405,-2.1940634399099856,-0.9043962958672922,-2.740606763503211,-1.343013531500807,0.0818529337403003,6.574150043202639,-2.220731672767404,-1.514161745749081,4.816580356262557,1.158606392958064,6.015688314100744,-1.597543331499733,0.966290309344336,-3.6344233263960497,2.7041685335135672,-3.6344233263960497,-2.696155040458033,-2.3976622763057938,-0.3385886003069506,-2.248130631940511,-1.899824101070911,-1.6727667300923994,-3.266699230030131,1.9738245074687932,-3.6344233263960497,4.980821530345421,-1.0780597624318795,-0.1212230423519895,3.3615440892237776,-3.6344233263960497,6.834653552238173,0.3039148084197586,4.052246777838885,-2.941277256945364,-2.573552818700067,7.051714670864796,-1.7045154183263378,-1.899824101070911,-2.8359168523985314,-0.1080649586401668,-2.696155040458033,-2.7871267358481004,9.073971352913048,-2.887210094154557,-3.192591367766356,-1.960448698377552,2.296935080322178,-2.142770171838211,5.032680785889889,4.065718746582066,-3.529063032959977,-2.168087967001995,-3.8857371197579336,-3.529063032959977,-3.529063032959977,-0.2332280928795763,-1.568969967220606,-3.529063032959977,1.024811879695195,0.0926057249384437,2.167692833474922,-2.573552818700067,1.308010225873325,2.162644867211593,-2.696155040458033,-1.7045154183263378,-0.3468531094738192,-1.824316577083254,-2.6535954622710904,-2.696155040458033,-2.365913598152491,-0.94130084735434,-1.2990504177450262,-1.9815020987101395,-2.7871267358481004,8.511462933649186,-0.2594960177286334,-2.3976622763057938,4.218359080110579,-0.7136561937747955,6.074492412039436,-0.8900075604855855,-3.529063032959977,-3.192591367766356,-3.266699230030131,-1.462202020320476,0.3948865828611341,4.444159316788148,-0.494111950096863,-2.941277256945364,-1.8804060227552848,6.516546886707443,-1.044158216503324,-3.266699230030131,8.13589286996557,-1.5831545981884187,-2.118077571442956,3.4497077351223315,6.065816391400315,-1.2569389412630938,5.324971754973994,-3.192591367766356,3.863459328702048,6.200438112090102,-4.222208213525922,0.8921823389076472,-1.226479739963951,-2.0939800314782917,0.5034041610070287,4.230890357291657,-0.0355923143963789,-4.222208213525922,-3.346741809498744,4.974110367095703,-2.4643536063106137,-0.8210146985224422,2.1727154457075777,0.7378313225127638,7.08065372973537,-1.788598507240341,-0.5333326594039909,-3.0590601537130224,2.0423282612628286,4.0634019487714745,-1.246682443199839,0.008991589560909,-1.462202020320476,0.2664242011580369,2.5049799664766903,0.8378479892865669,-2.99843560542591,6.242820692829163,-3.529063032959977,2.0978364045616904,8.251737167179481,-3.6344233263960497,-1.657262548364125,1.4025270682278403,6.121554027350882,0.0147887069091683,-1.044158216503324,-3.8857371197579336,1.1604463198462185,-0.7440536672628559,-1.343013531500807,3.290732969448901,3.8444348196048472,-1.400833089013499,5.186847861389763,4.838328001832901,2.7565605564252778,-3.123598591517368,-2.365913598152491,-3.192591367766356,3.172649605067219,-1.288355130916084,3.5069075455842382,-2.6535954622710904,-0.9953680602703984,-1.6885150821002226,-3.4337530349734866,-1.4878444443581127,0.6298180816516946,-2.220731672767404,3.0311166191630305,-2.2763014930342007,-0.6899864524903053,-3.266699230030131,-2.4643536063106137,-1.5411904108310663,-3.4337530349734866,-0.7196622171135587,-1.64199508089534,-3.529063032959977,-0.5637918637959161,-2.941277256945364,-2.696155040458033,0.6360486312082313,0.3909261818018851,-2.220731672767404,-2.168087967001995,-0.4989312360683007,0.8837332846250824,-1.899824101070911,-2.0030082946804133,4.763934056008397,4.739153847622613,4.470579989602607
CRR1012527,1,-1.5482019578550323,-3.324692444464393,-1.830768829169121,7.020227911037314,-2.7781495036454644,4.92971639549653,-3.014538001008275,-1.6282446398875514,-2.631546172994118,3.843885636020232,0.0581540420777928,-2.5445348717619978,7.401432465724202,-0.7953357053581993,-2.631546172994118,-1.233952940991714,-2.832216666436272,-2.4644922281909745,-2.1116710822583107,-1.405101155239988,-3.157638639521038,-3.420002442450884,2.095840744672779,-1.48848274099064,0.4343894925155062,8.929680116112417,-0.7738295032207998,-3.525362735886957,-2.5870944499489408,-2.288601685796701,8.992563538715798,5.043745777679174,-1.7907635105618185,-1.5637061395833067,-3.157638639521038,-3.083530777257263,-3.525362735886957,4.310433939320735,-3.157638639521038,-0.0121624518428967,5.404291022952844,-3.525362735886957,7.042395793817111,-3.525362735886957,0.0915410560836274,7.728758113645495,3.320514919521405,-2.033709581329118,-1.5954548278172451,-1.7907635105618185,-2.7268562618894387,0.0009956318689259,-2.5870944499489408,-2.678066145339008,0.017203441044984,3.985004781485546,-3.083530777257263,-1.8513881078684589,-3.420002442450884,-2.033709581329118,-2.631546172994118,-1.9613889546331964,-3.420002442450884,-2.0590273764929017,-3.776676529248841,-3.420002442450884,-3.420002442450884,-0.1241675023704835,-1.4599093767115132,-3.420002442450884,1.133872470204288,0.2016663154475366,2.276753423984015,-2.4644922281909745,1.4170708163824175,-2.355293015801521,-2.5870944499489408,-1.5954548278172451,-0.2377925189647264,-1.7152559865741612,-2.5445348717619978,4.6429954753977976,-2.2568530076433984,-0.8322402568452474,-1.1899898272359335,-1.8724415082010468,-2.678066145339008,5.401875420529899,-0.1504354272195406,-2.288601685796701,-2.4644922281909745,7.2395346648405345,5.040872333911622,-0.7809469699764927,-3.420002442450884,-3.083530777257263,-3.157638639521038,-1.3531414298113833,0.5039471733702268,5.985968500545388,-0.3850513595877703,-2.832216666436272,3.3936599153309768,-1.679537916731248,-3.643145493766218,-3.157638639521038,9.30702750723347,-1.474094007679326,-2.009016980933863,2.5878254636642013,-1.087860353038555,-1.1478783507540011,0.4215961416011702,-3.083530777257263,3.393440159259814,4.48240902822112,-4.113147623016829,-3.420002442450884,-1.1174191494548582,-1.9849194409691984,0.6124647515161215,-1.830768829169121,0.0734682761127138,-4.113147623016829,-3.237681218989652,-2.503712910575049,-2.355293015801521,-0.7119541080133495,-3.525362735886957,0.8468919130218567,5.397145182590863,-1.679537916731248,-0.424272068894898,-2.9499995632039298,-3.776676529248841,-0.1891999676640291,-1.137621852690746,0.1180521800700017,-1.3531414298113833,0.3754847916671298,2.223320070252356,-3.420002442450884,-2.8893750149168174,0.4860005308951468,-3.420002442450884,-1.6972374875649874,5.889239645022919,-3.525362735886957,-1.5482019578550323,1.511587658736933,-2.7781495036454644,2.305539530511987,-0.935097625994231,-3.776676529248841,-3.525362735886957,-0.634993076753763,-1.233952940991714,3.1102899277518388,4.490879597773207,8.66118728697554,1.992534077109782,-2.4267519286981343,5.64058223567345,-3.014538001008275,-2.2568530076433984,-3.083530777257263,3.2817101955763115,-1.1792945404069912,5.853235608684152,-2.5445348717619978,-0.8863074697613056,-1.57945449159113,7.64762093266677,-1.3787838538490198,0.7388786721607874,-2.1116710822583107,5.357119285396733,-2.167240902525108,-0.5809258619812124,-3.157638639521038,-2.355293015801521,-1.4321298203219734,-3.324692444464393,-0.6106016266044659,-1.5329344903862472,-3.420002442450884,-0.4547312732868233,-2.832216666436272,-2.5870944499489408,-1.6282446398875514,-0.6166439403302351,-2.1116710822583107,2.3191451824796148,-0.3898706455592079,0.9927938751341752,-1.7907635105618185,-1.8939477041713204,4.274115099715328,5.166042944545912,4.5796405801117
CRR1012743,0,2.3237775168775867,0.2790946355995329,6.634889500721741,5.2402003309616525,3.724932767818409,-3.4805525871260667,4.2385463041352365,-2.0942592260053425,2.3464289919131205,-4.10916007988401,-0.4078605440399985,-3.0105494578797893,6.12025974189683,-1.2613502914759906,-3.097560759111909,-1.6999675271095054,-3.2982312525540625,5.836917399155508,-2.5776856683761022,-1.8711157413577797,-3.623653225638829,-3.8860170285686753,1.7094355766333178,3.152764514576252,-1.4179193276035449,6.012556479708924,-1.2398440893385911,-3.991377322004748,-3.053109036066732,6.908872124376666,-0.6955425959156492,-0.5187231296146864,1.5371673288533558,2.638717334070539,-0.8607278556837659,2.172636772756712,4.842342294524952,1.0339619118599894,-3.623653225638829,2.229431502739259,0.8199010786047415,-3.991377322004748,2.4995125850686457,-3.991377322004748,4.665459641202631,6.274410421711199,1.6298261585549878,3.4493541644688803,-0.5396298129769821,-2.2567780966796094,2.3992339131520195,2.614068721758712,-3.053109036066732,-3.144080731456799,-0.4488111450728073,-3.2441640897632555,-3.549545363375054,-2.31740269398625,-0.8902866550126893,-2.4997241674469093,3.99983678460798,2.966012103757712,-3.8860170285686753,5.201633800520769,-4.2426911153666325,-3.8860170285686753,-3.8860170285686753,-0.5901820884882748,-1.9259239628293043,-3.8860170285686753,0.6678578840864967,-0.2643482706702547,1.8107388378662237,0.174424016462502,0.9510562302646264,-2.821307601919312,-2.359962290289112,-2.061469413935036,2.298129866494519,-2.181270572691953,-3.0105494578797893,1.8505532753641292,-2.722867593761189,-1.2982548429630385,-1.6560044133537246,3.352477813764471,4.398737565128428,4.787801772893721,-0.6164500133373318,-2.754616271914492,4.6464961793412645,5.287968514151113,5.342671936818464,2.1227941617899244,-3.8860170285686753,3.013300773611302,0.9422947247356256,7.177943882977594,4.359312945262884,5.076680160751097,4.982788322876496,-3.2982312525540625,-2.237360018363983,-2.14555250284904,-4.10916007988401,-3.623653225638829,5.551950818067287,-1.940108593797117,5.3612124221860125,4.255345524452183,4.727465679530762,-1.6138929368717922,-0.044418444516621,-3.549545363375054,1.0281053798330242,4.4802117289605405,-4.579162209134621,-3.8860170285686753,5.683979832288373,6.07986099407967,4.121547820324921,3.861405084501881,-0.3925463100050774,-4.579162209134621,-3.7036958051074422,0.3096780580361944,-2.821307601919312,-1.1779686941311407,-3.991377322004748,0.3808773269040654,-1.9839112036623368,-2.14555250284904,-0.8902866550126893,6.598392807668934,-4.2426911153666325,4.015136161341671,-1.6036364388085371,-0.3479624060477894,-1.8191560159291744,5.751352229562721,-4.396841319004888,-3.8860170285686753,3.0175274076498426,3.73360704595496,-3.8860170285686753,-2.1632520736827785,1.9069945859150292,-3.991377322004748,-2.0142165439728235,1.045573072619142,4.658828240020468,-2.9305068143087656,-1.4011122121120223,0.551915261686164,-3.991377322004748,-1.1010076628715544,-1.6999675271095054,-0.031625093602285,3.060187438714272,8.499797688235365,-1.1581660694493396,2.040373527133771,3.9325721324110288,6.957612491904825,-2.722867593761189,-3.549545363375054,2.8156956094585204,1.4563152329675135,-2.404414033097108,-3.0105494578797893,-1.3523220558790967,-2.0454690777089213,4.366009982794198,-0.7418666636875181,0.272864086042996,-2.5776856683761022,2.996623551651248,7.397342317311581,-1.0469404480990037,-3.623653225638829,-2.821307601919312,-1.8981444064397648,0.4126260243420679,4.87653311496779,0.8395973282277793,-3.8860170285686753,-0.9207458594046144,-3.2982312525540625,4.798551272596046,-2.0942592260053425,0.0379325872524355,-2.5776856683761022,-2.525041962610693,-0.8558852316769991,0.5267792890163838,-2.2567780966796094,-2.359962290289112,-0.452031759565402,5.274710843066345,4.113625993993908
CRR1012734,0,1.7669342594114084,3.842176374461325,-1.9852069928958564,5.372557024995195,-2.239441013127628,-3.1689761647350108,1.873156471701436,-1.7826828036142863,-2.785984336720853,-3.797583657492954,-0.0962841216489425,-2.6989730354887334,3.9536740847163103,-0.9497738690849346,3.983969802788916,-1.3883911047184494,-2.9866548301630065,5.965978189812734,-2.266109245985046,1.2681684516003766,-0.3240680367286708,3.4546449597455218,-0.4834000619082165,2.346062857359555,4.957284455411884,6.676478318287875,4.835165375006115,-3.6798008996136926,-2.741532613675676,-2.443039849523436,-0.3839661735245932,-2.2935082051581537,2.6520940670644157,-1.718144303310042,-3.312076803247773,3.1510711152125417,4.031546893409946,-3.479130608191129,-3.312076803247773,-0.1666006155696319,-3.479130608191129,-3.6798008996136926,2.9265467219692103,-3.6798008996136926,5.899876111706707,-2.9866548301630065,-2.6189303919177096,-2.1881477450558537,4.097570481755774,-1.9452016742885532,-2.881294425616174,3.9562519593956975,-2.741532613675676,-2.832504309065743,4.199067718814246,-2.9325876673722,1.4481212719611407,-2.005826271595194,-3.5744406061776197,-2.1881477450558537,-1.1765471515590833,2.743443845307578,-3.5744406061776197,8.446468453505206,-3.931114692975576,-3.5744406061776197,-3.5744406061776197,-0.2786056660972189,-1.6143475404382484,-3.5744406061776197,0.9794343064775528,0.0472281517208013,2.12231526025728,-2.6189303919177096,1.2626326526556826,-2.509731179528256,-2.741532613675676,-1.7498929915439805,-0.3922306826914617,2.532580286020978,-2.6989730354887334,-2.741532613675676,-2.411291171370133,-0.9866784205719829,-1.3444279909626689,-2.026879671927782,-2.832504309065743,7.615817270271954,-0.304873590946276,-2.443039849523436,4.314716761318655,6.850175293680105,8.97520839616961,3.709005623954638,2.699188836466772,-3.2379689409839982,-3.312076803247773,2.494908484214781,5.890834514594251,6.888037683154159,5.972484281748788,-2.9866548301630065,-1.9257835959729277,4.906335532953404,-3.797583657492954,-3.312076803247773,4.267050319070557,-1.6285321714060612,-2.163455144660598,2.045233366435214,-1.242298516765291,-1.3023165144807365,3.12135631335506,-3.2379689409839982,-2.832504309065743,6.113162469648598,-4.267585786743564,0.8395670985643878,-1.2718573131815936,-2.1393576046959337,0.4580265877893861,3.792634454968817,-0.0809698876140214,-4.267585786743564,-3.3921193827163867,-2.658151074301784,-2.509731179528256,-0.8663922717400847,-3.6798008996136926,0.6924537492951214,-1.6723347812712808,-1.8339760804579837,-0.5787102326216333,-3.104437726930665,5.739699066694585,3.312293307624926,-1.2920600164174814,-0.0363859836567335,-1.5075795935381189,0.2210466279403943,-4.0852648966138325,-3.5744406061776197,-3.0438131786435525,4.934799055856191,-3.5744406061776197,-1.8516756512917223,-1.9852069928958564,-3.6798008996136926,-1.7026401215817677,8.808390327595957,6.437881413981674,1.6588027743010607,-1.089535789720966,-3.931114692975576,-3.6798008996136926,-0.7894312404804984,3.945032855755568,1.7688481355753778,8.232326410303626,4.612188847715816,-0.8465896470582838,-2.5811900924248694,2.2696813588273965,-3.1689761647350108,-2.411291171370133,-3.2379689409839982,3.1272720318495764,-1.3337327041337264,-2.0928376107060527,-0.0658866463127268,-1.0407456334880407,3.568384796567029,-3.479130608191129,-1.5332220175757552,0.584440508434052,-2.266109245985046,0.4996992827425667,-2.321679066251843,-0.7353640257079477,-3.312076803247773,-2.509731179528256,-1.5865679840487088,-3.479130608191129,-0.7650397903312013,-1.6873726541129823,-3.5744406061776197,-0.6091694370135586,-2.9866548301630065,7.011853870884541,-1.7826828036142863,-0.7710821040569704,-2.266109245985046,-2.2134655402196373,-0.5443088092859432,0.8383557114074399,-1.9452016742885532,-2.048385867898056,-0.1404553371743461,6.421633243473493,4.425202416384964
CRR1012732,1,1.2351534436416287,0.172788966542637,-2.361878817003704,5.41470716469754,4.406003901754983,-3.5456479888428585,2.0463321934722414,-2.1593546277221343,1.2396177367204897,-4.1742554816008015,4.091392184625657,-3.075644859596581,6.045371541177532,5.532438838826923,0.3529506899477294,-1.7650629288262971,1.7242685767097463,4.446619321546197,4.39253457078565,-1.9362111430745712,5.745471946607302,3.678278300630154,-3.614640765091846,5.824835161763734,-1.4830147293203368,7.603967817999167,0.8803942138643164,0.6758172670556083,-3.118204437783524,6.446148208308681,4.543096685150146,-2.6701800292660014,3.6750658374179226,-2.09481612741789,-3.688748627355621,3.425769096159546,5.461333785943473,-3.855802432298977,-3.688748627355621,-0.5432724396774797,-1.5532189756669312,-4.05647272372154,1.7111513711190705,0.5216665904899286,4.123970415948161,2.275422242956568,-2.9956022160255573,5.736105875002027,6.40711716401537,6.078829546293341,-3.2579662497240216,3.801478543358302,-3.118204437783524,-3.20917613317359,-0.5139065467895991,-3.3092594914800477,-1.1911043636682754,-2.382498095703042,0.7655971483266192,-2.564819569163701,3.3259950711768367,1.7632782300810554,-3.951112430285467,-2.590137364327485,1.891850114306535,-3.951112430285467,-3.951112430285467,-0.6552774902050666,-1.991019364546096,-3.951112430285467,0.6027624823697049,-0.3294436723870463,1.7456434361494315,-2.9956022160255573,0.8859608285478348,-2.886403003636104,-3.118204437783524,-2.126564815651828,-0.7689025067993094,2.4843947101073383,4.16392815459045,-1.0719158606258834,-2.787962995477981,1.491303288896335,0.5193808752613175,1.8570280657029827,-3.20917613317359,5.972607029181467,4.684252831791667,-0.3510661352313392,6.123296634178534,6.886161867093181,4.258629261309285,5.84353991722736,3.604999847514288,-3.614640765091846,-3.688748627355621,4.159192644470012,6.608913370807273,6.266373314782849,5.420579192220672,0.2565588470075411,-2.3024554200807748,-2.2106479045658314,1.255087658321676,-3.688748627355621,3.5219546588850936,-2.005203995513909,2.9451753726124545,3.2645666290974327,4.217145204327283,-1.6789883385885842,3.0564861854783407,-3.614640765091846,-3.20917613317359,4.417253874525048,-3.363326654270854,1.1064044624342853,-1.6485291372894413,6.4629247085338095,0.0813547636815384,5.408369822852945,-0.457641711721869,-4.644257610851412,-3.7687912068242335,-3.034822898409632,4.0899121804955785,4.07707985924516,1.1952165909081314,0.3157819251872736,-2.0490066053791285,-2.2106479045658314,-0.9553820567294812,-3.4811095510385126,-4.307786517083424,3.489384508939576,-1.668731840525329,-0.4130578077645813,-1.8842514176459664,-0.1556251961674534,-4.461936720721679,-0.8069620654043099,-0.4791479156213051,5.918495708320145,-3.951112430285467,-2.2283474753995702,0.6379263940999436,0.5663168632306783,-2.079311945689615,6.90883411635411,4.187800713452478,-2.9956022160255573,-1.466207613828814,0.6560537783273769,0.9316875074544186,-1.166103064588346,5.231052779214836,1.687951736765418,2.666288550364807,5.333461048807303,-1.2232614711661316,-2.957861916532717,-2.142825331235403,-3.5456479888428585,-2.787962995477981,2.8577041030466392,2.7506002077417286,-1.710404528241574,-2.4695094348139004,-3.075644859596581,-1.4174174575958884,4.894547627773282,-3.855802432298977,-1.9098938416836029,0.2077686843262043,-2.642781070092893,-3.5456479888428585,4.840341191929135,-1.1120358498157954,-3.688748627355621,-2.886403003636104,-1.9632398081565563,-3.855802432298977,-1.1417116144390491,-2.06404447822083,-3.951112430285467,0.2108888115650958,-3.363326654270854,6.837012183404261,-2.1593546277221343,-1.1477539281648184,-2.642781070092893,-2.590137364327485,-0.9209806333937908,0.461683887299592,-2.321873498396401,-0.4668020805611137,-0.5171271612821938,5.876690064256093,4.048530592277116
CRR1012487,1,-1.767876740921759,-3.5443672275311204,-2.050443612235848,4.532315769144019,-2.997824286712191,-3.234212784075002,-3.234212784075002,-1.847919422954278,-2.8512209560608444,-3.862820276832945,-0.1615207409889338,-2.7642096548287247,-2.3046776324676195,-1.015010488424926,-2.8512209560608444,-1.4536277240584408,-3.051891449502998,1.614686263952564,5.378434698023472,-1.6247759383067149,-3.377313422587765,-3.63967722551761,-3.3032055603239896,3.279609291257265,-1.1715795245524805,7.304477187958827,7.347625032234707,-3.745037518953684,2.8422041386425487,-2.508276468863428,-0.4492027928645847,1.764798345853622,-0.8183002200587854,-1.7833809226500332,-3.377313422587765,5.284923848641438,3.5313629706206284,-3.5443672275311204,-3.377313422587765,-0.2318372349096233,1.1966026973088828,-0.5041849226299431,4.103677202688632,-3.745037518953684,3.668327595862106,0.4938860819110527,2.5709208555251064,7.594756454864827,0.6230006796947184,-2.0104382936285448,-2.946531044956165,7.243877291123363,-2.8067692330156677,-2.8977409284057347,6.141911842835555,-2.997824286712191,-3.3032055603239896,-2.0710628909351856,-3.63967722551761,-2.253384364395845,3.638121217724836,-0.2655104477482263,-3.63967722551761,1.1190700655534398,-3.996351312315568,-3.63967722551761,-3.63967722551761,-0.3438422854372102,-1.67958415977824,-3.63967722551761,0.9141976871375612,-0.0180084676191901,2.057078640917288,-2.684167011257701,1.197396033315691,-2.574967798868248,-2.8067692330156677,-1.815129610883972,-0.457467302031453,6.762733419588839,-2.7642096548287247,3.8537493768347,4.416684129090031,6.211809520765355,2.303120154860434,4.525911848251151,3.483187434696375,8.615516861983636,-0.3701102102862674,-2.508276468863428,5.563011966130492,6.036983006429143,3.4838323879585817,2.741459747180598,0.8667750096083777,3.0131838064183816,0.3306127257723594,7.597034134728399,5.115522484424114,5.362430838124957,4.011631137521158,1.2029318322603852,-1.9910202153129184,-1.8992126997979748,-3.862820276832945,0.9225834803380306,5.190805304151242,-1.6937687907460526,3.6303552655172666,-2.3313458653250376,3.849621058563237,-1.367553133820728,0.2019213585344434,2.4189765758077764,-2.8977409284057347,1.1561113366100555,-4.332822406083555,-3.63967722551761,7.10116839937632,7.660978333357176,0.3927899684493947,3.782574923794413,-0.1462065069540128,-4.332822406083555,-3.457356002056378,-2.723387693641776,2.22622210428596,6.208411889505835,-3.745037518953684,0.62721712995513,0.0932171618619887,3.4255924930500354,-0.6439468519616246,5.718632775383606,-3.996351312315568,4.018925945098691,-1.3572966357574725,-0.1016226029967248,-1.57281621287811,0.1558100086004029,0.7547699538481855,-3.63967722551761,2.7056062000582006,4.500169734092479,-3.63967722551761,-1.9169122706317137,2.934280234841238,-3.745037518953684,-1.767876740921759,1.2919128756702063,4.288654726716308,-2.684167011257701,-1.1547724090609577,-3.996351312315568,-3.745037518953684,-0.8546678598204898,3.239264973670867,3.721569131856081,2.2840416748563066,7.912188067588471,-0.9118262663982752,-2.6464267117648608,-1.8313901264675465,-3.234212784075002,-2.476527790710125,-3.3032055603239896,3.062035412509585,-1.3989693234737175,-2.158074230046044,-2.7642096548287247,-1.1059822528280323,3.0674275824240778,-3.5443672275311204,-1.5984586369157463,4.075355168963524,-2.3313458653250376,-3.234212784075002,8.434767639140949,-0.800600645047939,-3.377313422587765,-2.574967798868248,-1.6518046033887002,-3.5443672275311204,-0.8302764096711927,-1.7526092734529737,-3.63967722551761,-0.6744060563535499,-3.051891449502998,6.016705019639106,-1.847919422954278,-0.836318723396962,-2.3313458653250376,4.368220501778358,-0.6095454286259345,0.7731190920674486,-2.0104382936285448,-2.113622487238047,-0.2056919565143375,-1.3779159187085084,4.359965797044972
CRR1012741,1,-1.5891836274871132,1.6253749049043655,-1.871750498801202,7.662257038685811,-2.8191311732775453,-3.055519670640356,-3.055519670640356,-1.6692263095196322,-2.6725278426261987,4.672483893932608,0.0171723724457119,2.815657381020078,-2.125984519032974,-0.8363173749902802,1.6129369337668538,-1.2749346106237949,-2.873198336068352,4.390597242546686,-2.1526527518903915,1.9124387362303148,-3.198620309153119,4.866449947522279,2.2421294802586464,-1.5294644106227209,-0.9928864111178346,5.582189260226664,6.182771702702567,-3.566344405519038,-2.6280761195810216,-2.329583355428782,-0.2705096794299388,-2.1800517110635,-1.8317451801938989,-1.6046878092153876,-3.198620309153119,-3.124512446889344,-3.566344405519038,4.359613969173789,-3.198620309153119,-0.0531441214749775,3.359248571554606,-3.566344405519038,3.81307756119472,-3.566344405519038,5.69919716210757,2.2864942242225763,0.3891615321822843,8.460935552695355,-1.636436497449326,-1.8317451801938989,-2.76783793152152,-0.0399860377631549,-2.6280761195810216,-2.7190478149710886,-0.0237782285870969,-2.8191311732775453,-3.124512446889344,-1.89236977750054,-3.460984112082965,-2.0746912509611994,5.445407295248441,-2.002370624265277,5.272350184926985,4.685085425829307,-3.8176581988809217,-3.460984112082965,-3.460984112082965,-0.1651491720025645,-1.500891046343594,-3.460984112082965,1.092890800572207,0.1606846458154556,2.235771754351934,-2.5054738978230557,1.376089146750337,-2.396274685433602,-2.6280761195810216,-1.636436497449326,-0.2787741885968072,-1.756237656206242,-2.585516541394079,7.077648676770105,-2.297834677275479,1.1541344245622744,-1.2309714968680143,2.0508284368070204,-2.7190478149710886,-0.7663587961757695,-0.1914170968516216,-2.329583355428782,-2.5054738978230557,8.540667822957847,5.90397911317019,-0.8219286396085735,-3.460984112082965,-3.124512446889344,4.32173778004714,-1.394123099443464,7.524059122590988,9.30665469997261,7.2597008530625,1.8343267554768632,-1.8123271018782727,-1.7205195863633291,-3.6841271633983,-3.198620309153119,3.849430349013679,-1.515075677311407,-2.049998650565944,-2.1526527518903915,3.5927724627493247,-1.188860020386082,0.3806144719690892,-3.124512446889344,-2.7190478149710886,7.207997189228596,-4.15412929264891,-3.460984112082965,-1.158400819086939,-2.0259011106012794,0.5714830818840406,-1.871750498801202,0.032486606480633,-4.15412929264891,-3.2786628886217324,-0.8363173749902802,-2.396274685433602,-0.7529357776454303,-3.566344405519038,0.8059102433897759,-1.5588782871766265,-1.7205195863633291,-0.4652537385269788,-2.9909812328360106,4.478315298917517,-0.2301816372961099,-1.1786035223228268,0.0770705104379208,-1.394123099443464,0.3345031220350487,-3.9718084025191778,-3.460984112082965,-2.930356684548898,7.401721385143212,-3.460984112082965,-1.7382191571970682,1.6980691986278167,-3.566344405519038,-1.5891836274871132,1.4706059891048522,6.815822073083382,2.237448762951053,-0.976079295626312,-3.8176581988809217,-3.566344405519038,-0.675974746385844,-1.2749346106237949,-2.467733598330215,4.803789185831921,4.736332339612073,6.001139688504719,-2.467733598330215,3.807376370762015,-3.055519670640356,-2.297834677275479,6.041665600879968,3.2407285259442307,-1.220276210039072,-1.9793811166113984,-2.585516541394079,-0.9272891393933864,-1.6204361612232108,-3.3656741140964748,-1.4197655234811009,0.6978970025287066,-2.1526527518903915,6.005886164709449,-2.2082225721571884,-0.6219075316132932,-3.198620309153119,-2.396274685433602,-1.4731114899540545,-3.3656741140964748,-0.6515832962365469,-1.573916160018328,-3.460984112082965,-0.4957129429189043,-2.873198336068352,-2.6280761195810216,-1.6692263095196322,-0.6576256099623162,-2.1526527518903915,-2.100009046124983,-0.4308523151912888,0.9518122055020942,-1.8317451801938989,-1.9349293738034012,6.24265929066534,-1.1992228052738627,4.538658910479619
CRR1012738,1,1.2852320389442866,2.01949497443727,6.500874685253772,3.9125280652285306,4.168172723804852,-3.5594785213283857,2.170619932641749,-2.173185160207661,3.634456371648323,-4.188086014086329,4.144039360469664,-3.0894753920821083,6.77157779175394,-1.3402762256783094,3.129621779939149,-1.7788934613118244,-3.377157186756381,2.780526655508083,5.2289611029470775,5.351771409266156,-3.702579159841149,3.809070115322776,-3.628471297577373,5.941597917595835,-1.496845261805864,6.31651316363443,4.976312626213286,-4.070303256207067,-3.132034970269051,-2.833542206116811,5.593640925274644,-2.6840105617515286,5.236213383334147,2.5580298022363945,-3.702579159841149,2.600883231724281,-4.070303256207067,1.1755483302950769,-3.702579159841149,3.404655759017654,-3.869632964784504,-4.070303256207067,4.580641303537264,3.805278242234029,4.950003693954085,2.4586266266392727,-0.7952592980579553,7.438721285386169,2.0932432210591645,-2.3357040308819284,-3.271796782209549,4.003236024188628,-3.132034970269051,-3.223006665659118,-0.5277370792751264,-3.3230900239655745,3.105609208217757,-2.396328628188569,-3.964942962770994,-2.5786501016492287,-3.1764866933142284,2.901363128383605,-3.964942962770994,-2.603967896813012,-4.321617049568951,-3.964942962770994,-3.964942962770994,-0.6691080226905939,-2.0048498970316238,-3.964942962770994,0.5889319498841777,-0.3432742048725737,1.7318129036639045,-3.009432748511085,0.8721302960623074,-2.900233536121631,-3.132034970269051,-2.140395348137355,-0.7827330392848365,3.5765259140648946,-3.0894753920821083,-0.6185557471793012,-2.8017935279635084,4.834837354334546,-0.0813213907102837,1.686842223791298,3.3770572270422634,8.782085924693211,4.817807384317964,1.1458372919949262,4.577057907946016,6.890478419162478,7.6406070843945875,2.4855254625347394,-1.384727981661529,0.4393323052895844,-3.702579159841149,3.429179300774852,5.838324385400763,6.508527291432737,5.356220964475092,-3.377157186756381,-2.316285952566302,-2.2244784370513586,-0.3703761331812459,-3.702579159841149,2.4734464854527,-2.019034527999436,2.7624867644770705,2.4747248493171785,3.683127302203403,-1.6928188710741114,5.187300086228439,-3.628471297577373,-3.223006665659118,4.276968923439264,1.286280806727372,-0.9204224298074808,-1.6623596697749683,1.6252954779563378,0.0675242311960111,4.11206744507178,5.013740741126688,-4.658088143336939,5.387363611825457,1.382162577472284,-2.900233536121631,-1.2568946283334597,-4.070303256207067,0.3019513927017465,-2.062837137864656,0.0816089705817923,-0.9692125892150082,-3.49494008352404,1.861055150511161,1.8969802186755225,-1.682562373010856,-0.4268883402501084,-1.8980819501314936,-0.1694557286529805,-2.0778750107063573,-3.964942962770994,-3.4343155352369275,5.58303838895543,-3.964942962770994,-2.242178007885097,-0.3814259687573303,-0.4327192602209043,-2.0931424781751424,0.9666471384168228,4.461666850853929,2.822223355480342,-1.480038146314341,1.5755339687783074,-1.6623596697749683,-1.1799335970738734,4.069426801939106,3.945205347873429,5.197506838690026,3.027702785068328,-1.2370920036516588,-2.9716924490182444,-2.15665586372093,-3.5594785213283857,-2.8017935279635084,0.8585572336132549,2.7367696752562014,-1.7242350607271013,-2.483339967299428,4.86079119206016,-1.4312479900814157,6.072163978429392,-3.869632964784504,-0.4268883402501084,0.1939381518406771,-2.6566116025784208,3.357565472549404,-2.712181422845218,-1.1258663823013226,4.006002660340695,-2.900233536121631,2.354023154581044,-3.869632964784504,-1.155542146924576,-2.0778750107063573,-3.964942962770994,2.105330769384349,-3.377157186756381,6.6177378940097205,-2.173185160207661,-1.1615844606503454,-2.6566116025784208,-2.603967896813012,-0.934811165879318,0.4478533548140649,-2.3357040308819284,-2.4388882244914307,-0.5309576937677211,-1.7031816559618922,4.034700059791589
CRR1090629,0,2.586630202098201,3.0841397983222034,-1.8865230747243784,0.1565504675314519,-2.8339037492007217,-3.070292246563533,-3.070292246563533,-1.6839988854428087,3.3239658489924544,-3.698899739321476,0.0023997965225353,-2.6002891173172555,-2.1407570949561503,-0.8510899509134567,4.673091755183816,-1.2897071865469716,2.8507485064919966,-2.520246473746232,-2.167425327813568,4.503443212258361,-3.213392885076296,-3.475756688006141,6.373504964427112,-1.5442369865458974,-1.007658987041011,-3.5811169814422144,-0.8295837487760572,1.2427402011480957,-2.642848695504198,-2.3443559313519584,-0.2852822553531154,-2.194824286986676,-1.846517756117076,-1.619460385138564,-3.213392885076296,-3.1392850228125204,-3.5811169814422144,7.734094886465099,0.2230711464679121,-0.0679166973981541,-3.3804466900196517,-3.5811169814422144,1.170553460508983,-0.2811754737377757,0.03578681052837,-2.8879709119915287,-2.520246473746232,-2.0894638268843755,-1.6512090733725024,-1.846517756117076,-2.782610507444696,-0.0547586136863314,-2.642848695504198,-2.733820390894265,-0.0385508045102734,-2.8339037492007217,1.4912729825375586,7.2290530906479535,-3.475756688006141,-2.0894638268843755,-2.687300418549375,-2.0171432001884537,-3.475756688006141,1.2656891337285043,-3.832430774804098,-3.475756688006141,-3.475756688006141,-0.179921747925741,-1.5156636222667703,-3.475756688006141,1.0781182246490304,0.145912069892279,2.220999178428757,-2.520246473746232,1.3613165708271604,1.1609101844231655,-2.642848695504198,-1.6512090733725024,-0.2935467645199838,-1.7710102321294188,-2.6002891173172555,-2.642848695504198,-2.312607253198656,-0.8879945024005048,-1.2457440727911908,-1.928195753756304,-2.733820390894265,-0.7811313720989461,-0.2061896727747981,-2.3443559313519584,6.066457659808355,-0.66034984882096,7.803816311909384,-0.8367012155317501,-3.475756688006141,-3.1392850228125204,-3.213392885076296,-1.4088956753666408,0.4481929278149692,7.8497377994999935,-0.4408056051430278,-2.8879709119915287,-1.8270996778014492,5.50622456585625,0.3219752158649252,-3.213392885076296,9.539712779538814,-1.5298482532345834,-2.0647712264891203,4.622762568424626,6.155158696686752,-1.203632596309259,0.3658418960459128,-3.1392850228125204,-2.733820390894265,7.719077729369932,-4.168901868572086,1.5740973320659082,-1.1731733950101155,-2.040673686524456,0.5567105059608639,-1.8865230747243784,0.0177140305574564,-4.168901868572086,-3.293435464544909,-2.559467156130306,-2.4110472613567784,-0.7677083535686069,-3.5811169814422144,0.7911376674665991,-1.573650863099803,-1.7352921622865058,-0.4800263144501555,-3.005753808759187,1.8521174904941773,-0.2449542132192866,-1.1933760982460035,0.0622979345147443,-1.4088956753666408,0.3197305461118722,-3.986580978442354,-3.475756688006141,-2.9451292604720747,0.4302462853398893,-3.475756688006141,-1.7529917331202447,7.396505779057493,-3.5811169814422144,1.1274095153533563,1.4558334131816757,-2.8339037492007217,4.804192028225484,-0.9908518715494884,-3.832430774804098,-3.5811169814422144,-0.6907473223090207,-1.2897071865469716,4.991613808848573,8.522892415188911,-1.347526744059664,-0.7479057288868061,2.929800297214752,-1.667469588956077,-3.070292246563533,-2.312607253198656,-3.1392850228125204,3.225955950021054,-1.2350487859622483,-1.9941536925345744,1.1393618486390975,-0.942061715316563,-1.6352087371463877,8.821994832098712,-1.4345380994042771,0.68312442660553,-2.167425327813568,4.459041268502812,-2.2229951480803654,-0.6366801075364699,-3.213392885076296,-2.4110472613567784,-1.487884065877231,-3.3804466900196517,-0.6663558721597235,-1.5886887359415045,-3.475756688006141,-0.5104855188420808,-2.8879709119915287,-2.642848695504198,-1.6839988854428087,-0.6723981858854926,-2.167425327813568,-2.1147816220481594,-0.4456248911144653,0.9370396295789176,-1.846517756117076,3.0603530342455736,-0.0417714190028683,-1.2139953811970394,4.523886334556442
CRR1090634,0,-0.1103150960730284,-3.766857398312218,4.372926101492012,3.8855137953170513,4.041648517076405,-3.4567029548561004,2.724002261316586,-2.070409593735376,0.7802965937029018,-4.085310447614043,-0.384010911770032,-2.986699825609823,5.377224796264484,6.420199698433024,-3.0737111268419426,1.14846591113288,-3.274381620284096,6.203096811887107,5.763467595832956,-1.847266109087813,3.32669641126406,1.6134569935969474,3.442212043471559,1.3901040422211248,3.6096489109716217,6.519438753649097,3.073590081039794,-3.9675276897347818,2.677705537793873,3.0503744014076712,-0.6716929636456828,-2.5812349952792437,4.593105837730089,-2.0058710934311312,4.090164283564732,0.8669867871402179,3.050175337010077,-3.766857398312218,-3.599803593368863,2.753628018048952,2.232302905396102,-3.9675276897347818,5.468315665057315,-3.9675276897347818,2.6421187802339485,-3.274381620284096,1.6325367924736447,5.299673768803863,-2.03761978166507,-1.127801757007004,0.6617907559578129,3.664871215723576,8.498196490335523,-3.1202310991868325,5.582768677196977,-3.220314457493289,-3.525695731105088,0.5445498753577878,-3.862167396298709,-2.475874535176944,1.9136236205392383,0.4893980566656598,-3.862167396298709,1.566298663496004,1.5724255972698788,-3.862167396298709,-3.862167396298709,-0.5663324562183085,-1.902074330559338,-3.862167396298709,0.6917075163564632,-0.2404986384002882,1.8345884701361896,-2.906657182038799,0.974905862534593,-2.797457969649346,-3.029259403796765,-2.03761978166507,-0.6799574728125513,4.247115705961692,-2.986699825609823,2.951275205411989,3.605087379518443,3.8757085191444425,2.113673774987036,4.342447757020543,2.8664592191803373,4.563522353295361,2.794300027996293,3.3980720674085823,4.570815758261238,4.5200742549990265,4.10960672727405,0.4391893624099886,-0.1633395618246552,4.960093817467365,1.4539878982028414,3.073784538988497,6.279539464798777,4.791755063028068,2.347627149147553,4.32774120461905,-2.2135103860940166,-2.1217028705790733,-4.085310447614043,-0.329943693748619,6.023418916453394,-1.9162589615271504,4.138917587579809,0.4033234502111084,4.538355138761823,0.4117151076126224,6.091383697341257,-3.525695731105088,-3.1202310991868325,-3.3921645170517545,-4.555312576864654,0.3976896326515524,5.341891299923425,3.98379465064317,0.1702997976682966,0.8273419565074862,-0.368696677735111,-4.555312576864654,-3.679846172837476,4.628269058221555,-2.797457969649346,5.583701490962602,-0.1783024337550618,0.4047269591740319,-1.9600615713923704,5.900169252592996,-0.8664370227427229,3.0237491901204074,0.0967372331982258,4.950941858793563,-0.8866397280194263,3.3984937414602,-1.7953063836592082,-0.0666801621806951,-0.1732898921827738,-3.862167396298709,4.317759245261064,2.2295928766494773,-3.862167396298709,-2.139402441412812,1.8322359232763703,-3.9675276897347818,-1.9903669117028573,4.339764955445759,2.8919683963519183,-2.906657182038799,-1.3772625798420557,-0.4411693219788988,-3.9675276897347818,-1.077158030601588,1.7740477659963936,2.469688265733176,1.230353069556743,5.827852621600276,-1.1343164371793732,0.342523252945003,-2.0538802972486447,1.255824428096094,-2.699017961491223,3.419078612926972,2.8395452417284868,-1.621459494254816,-2.380564400827142,-2.986699825609823,1.3473167674736737,-0.1244997303942942,-3.766857398312218,-1.820948807696845,3.227073760398862,1.7451021853207922,5.566792317359771,6.862423100616206,-1.0230908158290373,-3.599803593368863,-2.797457969649346,1.59656470017512,-3.0737111268419426,-1.0527665804522908,1.9531544590554288,-3.862167396298709,-0.8968962271346482,-3.274381620284096,2.170437098940913,-2.070409593735376,-1.05880889417806,-2.5538360361061354,-2.501192330340727,-0.8320355994070328,1.2437760897250836,-2.232928464409643,3.728076484067558,-0.4281821272954357,2.893599528015835,4.137475626263875
CRR1012533,1,1.6925120506394973,-1.4231793506107122,-2.156331653699587,4.301622295831152,4.952346200197735,-3.340100825538741,2.922406822077496,-1.9538074644180168,-2.957108997524584,-3.968708318296685,4.140890004749936,-2.870097696292464,7.827310593932943,-1.1208985298886651,-2.957108997524584,-1.55951576552218,0.8833194651573073,6.477863815537317,3.098609032491203,-1.7306639797704542,-3.483201464051504,-3.74556526698135,3.608155064700691,4.168026901250017,1.2730362099935957,7.719001639821776,-1.0993923277512658,-3.850925560417423,1.7846551644816833,-2.614164510327167,-0.555090834328324,-2.4646328659618844,4.668307766634563,-1.8892689641137723,-3.483201464051504,3.444204064336464,2.8425335630610373,-3.65025526899486,0.6923670232734892,4.975154351201579,3.225538329380778,-3.850925560417423,4.834600723973862,-3.850925560417423,4.248120248188696,4.805486142311672,2.313088534344037,6.95508958656813,0.8949700821510517,3.545271170581333,1.864636868037929,6.68525488325753,-2.9126572744794066,-3.0036289698694736,6.545988270889477,-3.1037123281759302,-3.409093601787729,-2.176950932398925,-3.74556526698135,-2.3592724058595844,-2.2195105287017864,1.3233369478194976,-3.74556526698135,3.778886021478773,-4.102239353779307,-3.74556526698135,-3.74556526698135,-0.4497303269009496,-1.785472201241979,-3.74556526698135,0.808309645673822,-0.1238965090829293,1.9511905994535488,-2.7900550527214403,1.091507991851952,-2.680855840331987,-2.9126572744794066,-1.921017652347711,-0.5633553434951922,5.088420097723508,-0.550984052712984,4.295201728032351,3.624915233536875,3.6724935017225135,1.511928115465098,4.749093976338917,2.7637978205454345,8.864252344838295,-0.4759982517500066,-0.1732215729415916,3.469378552313632,3.847907677741391,3.77282277207428,-1.1065097945069586,1.951526226237464,2.4219492281018637,-3.483201464051504,6.673578214964448,5.141753968531624,4.389955465480332,4.057949453441043,-3.157779490966737,-2.0969082567766577,1.338318501248072,-3.968708318296685,-3.483201464051504,6.325305853819338,-1.799656832209792,4.095611143403653,-2.437233906788777,2.080432846300805,-1.4734411752844672,5.72187740638913,2.534453973737796,-3.0036289698694736,-3.275562387734396,-4.438710447547295,-3.74556526698135,6.63279329019042,2.886434513051326,0.2869019269856555,5.795615236708071,-0.2520945484177521,-4.438710447547295,6.588962168179505,4.594411305488633,-2.680855840331987,4.878253637221185,-3.850925560417423,0.5213290884913907,-1.8434594420750117,2.469840515610209,-0.7498348934253639,5.486123553603258,-4.102239353779307,6.69613731597306,0.3454384274220514,-0.2075106444604641,-1.6787042543418491,0.0499219671366638,0.0015811424283722,-3.74556526698135,3.2172442196437294,6.467828516840076,-3.74556526698135,-2.022800312095453,0.7564621822621767,-3.850925560417423,-1.8737647823854984,1.1860248342064672,4.6692387622015845,-2.7900550527214403,-1.2606604505246968,-4.102239353779307,-3.850925560417423,-0.9605559012842292,3.3499945006848613,2.5452608610607,3.459028023725659,8.764109765502887,-1.0177143078620146,-2.7523147532286,-1.9372781679312856,5.86049759372884,-2.582415832173864,2.970300852762199,2.9561473710458457,-1.504857364937457,-2.263962271509784,-1.0783389215085155,-1.2118702942917714,3.0759763173637955,6.502466978766379,-1.7043466783794858,0.4133158476303213,-2.437233906788777,1.5140092816472663,8.615605607422234,-0.9064886865116782,-3.483201464051504,-2.680855840331987,-1.7576926448524397,3.423166703160613,-0.936164451134932,-1.858497314916713,-3.74556526698135,-0.7802940978172893,-1.2278706330780491,5.28173929485067,-1.9538074644180168,-0.9422067648607012,-2.437233906788777,-2.384590201023368,-0.7154334700896738,0.6672310506037091,-2.116326335092284,-2.2195105287017864,-0.3115799979780768,5.801716659244727,4.254077755581233
CRR1012523,1,3.5566998426760024,1.0081926299144413,-2.007741962793887,6.0578819367351056,2.961220229575498,-3.191511134633041,-3.191511134633041,2.756348445142258,4.777360895718606,-3.820118627390984,-0.118819091546973,-2.7215080053867635,0.4703383480071061,-0.9723088389829652,5.2948915649058765,-1.41092607461648,2.0117613572270354,5.276406442395649,1.9895217454640703,2.044220030488162,-3.334611773145804,1.8146684847099608,4.968052945138063,-1.6654558746154058,2.7248692766113853,7.131167759268473,4.772318673866673,-3.009189800061037,-2.7640675835737065,-2.465574819421467,-0.4065011434226237,-2.3160431750561843,-1.967736644186584,-1.7406792732080725,3.1123267666236734,-3.260503910882029,6.115688396731417,1.0201212005425608,-3.334611773145804,-0.1891355854676625,1.8778109419723956,-3.7023358695117223,3.3137732138823037,4.042279838307268,4.37355553925837,6.54696678472863,2.718018699997755,9.281802779984094,2.435628919163972,-1.967736644186584,-2.9038293955142045,-0.1759775017558398,-2.7640675835737065,-2.855039278963773,5.841294864107775,-2.95512263727023,2.336328062160217,-2.028361241493225,0.4283741503757844,-2.2106827149538844,1.163485511443764,-2.138362088257962,4.16689371259619,8.904997511902598,-3.953649662873607,-3.59697557607565,-3.59697557607565,-0.3011406359952494,-1.636882510336279,-3.59697557607565,0.9568993365795222,0.0246931818227707,2.099780290359249,-2.64146536181574,1.240097682757652,-2.532266149426287,-2.7640675835737065,-1.7724279614420109,-0.4147656525894921,4.323468929795437,-2.7215080053867635,4.343392629781593,-2.433826141268164,2.1868476124099336,-1.3669629608606992,4.274562522073848,-2.855039278963773,7.520561816259778,-0.3274085608443064,-2.465574819421467,-2.64146536181574,4.826520131654554,8.454597996320363,-0.9579201036012586,3.902002894850345,-2.5673574446070324,2.7019716744587634,7.647370160808645,8.08640095970366,6.446541447815786,6.2687769562490825,1.0758512770798447,-1.9483185658709576,1.5689506138441662,-3.820118627390984,-3.334611773145804,4.321723855551773,-1.6510671413040918,-2.1859901145586287,-2.2886442158830764,4.142381627486149,-1.3248514843787669,2.008824497575288,-3.260503910882029,3.8904201837918087,6.22084314981433,1.9992196953265184,0.4495763572771367,4.47661240846665,4.276391790875231,0.4354916178913556,-2.007741962793887,-0.1035048575120519,-4.290120756641595,-3.4146543526144173,-2.6806860441998146,0.5681360880925582,-0.8889272416381153,2.042799575713959,0.6699187793970909,-1.6948697511693114,-1.856511050356014,-0.6012452025196637,-3.1269726968286955,3.086883872705449,1.2812685451975605,-1.3145949863155115,-0.058920953554764,-1.530114563436149,0.1985116580423639,-4.107799866511862,-3.59697557607565,2.455582075097812,0.3090273972703809,-3.59697557607565,-1.874210621189753,5.693227026296101,-3.7023358695117223,-1.725175091479798,1.3346145251121673,-2.95512263727023,2.4351489575539897,-1.1120707596189967,-3.953649662873607,-0.8243887288338764,-0.8119662103785289,4.816054380704155,4.595371509755564,6.94950005907706,5.42756319796958,-0.8691246169563144,0.8939034859338383,5.205304328242548,-3.191511134633041,-2.433826141268164,-3.260503910882029,3.1047370619515458,-1.356267674031757,-2.1153725806040837,3.284844322934528,-1.063280603386071,-1.7564276252158957,-3.50166557808916,-1.5557569874737858,0.5619055385360215,-2.2886442158830764,1.7405605132430524,-2.344214036149874,-0.7578989956059783,-3.334611773145804,-2.532266149426287,-1.6091029539467394,-3.50166557808916,-0.7875747602292319,-1.709907624011013,-3.59697557607565,-0.6317044069115891,-3.009189800061037,8.194600316548835,-1.8052177735123167,-0.793617073955001,-2.2886442158830764,0.7825459534447692,-0.5668437791839738,0.8158207415094094,-0.4879165279269454,-2.0709208377960864,-0.1629903070723767,8.24258333109069,4.402667446486934
CRR1090627,0,-1.9578324822576232,1.710058727127291,4.6705748199312005,5.313389698053768,4.637232883033343,-3.4241685254108662,2.587750700197893,-2.037875164290142,3.3689972769741776,0.3928096273234543,-0.351476482324798,-2.954165396164589,8.39367820307093,6.649853402925613,4.936291547189883,3.921410151980912,-3.241847190838862,6.204617655651948,-2.5213016066609013,-1.814731679642579,0.9291143242175756,3.0515709789509358,4.034323826084682,-1.8981132653932309,2.141116543763611,7.682448143457662,-1.1834600276233906,-3.934993260289548,2.4184079115254264,5.590106966484618,6.92702884868666,-2.548700565834009,6.260016750279072,-1.9733366639858971,-3.567269163923629,0.9342469273562836,-3.934993260289548,2.3809651141892423,-3.567269163923629,-0.4217929762454874,0.6499720188370074,0.8635461147743478,5.294406501756368,1.3644323894215418,4.024358121149167,-3.241847190838862,0.2877749008749113,5.5324646565078615,0.6059324584471186,3.068473937098243,1.845061933773048,4.320140064671102,-2.9967249743515314,-3.0876966697415984,-0.3924270833576067,-3.187780028048055,-0.3638990015517502,-2.2610186322710497,-3.8296329668534743,-2.443340105731709,3.5632588301918915,3.31081807783447,2.986224299618627,5.6248900323840285,-4.186307053651432,-3.8296329668534743,-3.8296329668534743,-0.5337980267730743,-1.869539901114104,-3.1364867862920294,0.7242419458016972,2.831452218329004,1.867122899581424,-2.874122752593565,1.007440291979827,-2.764923540204112,-2.9967249743515314,-1.1083394074203052,-0.647423043367317,4.680775272670653,-2.954165396164589,1.7013801717395134,-2.666483532045989,-1.241870781247838,3.421426289749282,3.002102827864709,-3.0876966697415984,6.753914526746601,-0.5600659516221315,-2.698232210199292,1.6239752926642408,5.864414681549854,5.329012030926428,-1.1905774943790834,-3.8296329668534743,1.7842228075706852,2.982049845581602,5.396834627251379,5.476833432400598,6.305249980204542,6.903425715638512,2.838339122205371,-2.1809759566487825,3.135823024146813,-4.052776018168809,-0.5412330047078009,5.139270584092862,-1.8837245320819167,4.766480304939241,1.1332096773944462,5.39445050711365,-1.5575088751565918,0.0119656171985793,-3.4931613016598537,-3.0876966697415984,4.016563849428423,-4.52277814741942,0.4635604814381951,-1.527049673857449,4.771972900074744,0.2028342271135307,3.9611437747157328,4.959507178332301,-4.52277814741942,-3.647311743392242,3.264267875418448,-2.764923540204112,-1.1215846324159402,-3.934993260289548,0.437261388619266,-1.9275271419471365,6.743592951712743,-0.8339025932974887,2.9217003951979947,1.895909006109396,2.692751908661932,-1.5472523770933366,-0.291578344332589,-1.762771954213974,2.5639557904436385,-4.340457257289687,-3.8296329668534743,-0.8339025932974887,6.057347116884431,1.853264303695654,-2.106868011967578,3.129763547181836,0.5372780553930687,-0.6941406639658071,1.1019571343343424,2.714564609976577,-2.874122752593565,-1.3447281503968216,-4.186307053651432,0.2063740536933509,-1.044623601156354,4.868512180285202,3.72039516336904,5.521718738270682,6.883154810820113,-1.1017820077341394,4.5734484347230255,-2.02134586780341,-3.4241685254108662,-2.666483532045989,-3.4931613016598537,2.872079671173721,-1.5889250648095818,-2.348029971381908,-2.954165396164589,1.296707146833236,4.70126387201543,-3.734322968866985,-1.7884143782516106,0.3292481477581966,-2.5213016066609013,3.90632272455714,-2.5768714269276987,3.1600688966204684,-3.567269163923629,-2.764923540204112,-1.841760344724564,-3.734322968866985,-1.0202321510070569,-1.9425650147888376,-3.8296329668534743,-0.864361797689414,-3.241847190838862,7.578796273811088,-2.037875164290142,1.3487721142979614,-2.5213016066609013,-2.4686579008954928,-0.7995011699617985,0.5831633507315844,-2.200394034964409,4.224569930848458,-0.3956476978502016,7.125659738744875,4.863157235933472
CRR1012581,1,2.931573440470881,3.166190565482926,-1.953390240042271,7.385184973736242,-2.900770914518614,-3.137159411881425,7.394896354904219,-1.7508660507607008,-2.754167583867268,-3.765766904639368,-0.0644673687953566,6.151522428999568,-2.2076242602740423,-0.9179571162313488,-2.754167583867268,-1.3565743518648636,2.6703809677395944,-2.587113639064124,-2.23429249313146,4.060873233064721,-3.280260050394188,2.2582833381144973,1.0504717716747032,-1.6111041518637894,-1.0745261523589034,3.8498985083379913,-0.8964509140939492,0.558363284731318,-2.70971586082209,-2.4112230966698505,-0.3521494206710073,2.725333424389341,4.604372844647165,-1.686327550456456,-3.280260050394188,0.816643819804679,7.484693291047553,3.2841362686192985,-3.280260050394188,-0.134783862716046,6.42810904825608,-3.6479841467601055,4.185173540289224,-3.6479841467601055,4.372868344708774,-2.9548380773094207,-2.587113639064124,8.208300247881334,-1.7180762386903945,-1.9133849214349676,-2.849477672762588,-0.1216257790042234,-2.70971586082209,-0.5076727704609196,-0.1054179698281654,5.0641520682020165,-3.2061521881304125,1.6690437174054562,-3.542623853324033,-2.1563309922022675,-2.0610208578524665,-2.0840103655063458,-3.542623853324033,-2.1816487873660515,-3.8992979401219903,-3.542623853324033,-3.542623853324033,-0.246788913243633,-1.5825307875846626,-3.542623853324033,1.0112510593311386,0.0790449045743871,2.154132013110865,-2.587113639064124,1.2944494055092683,-2.4779144266746704,-2.70971586082209,-1.7180762386903945,-0.3604139298378757,-1.8378773974473104,-2.667156282635148,6.56345962736064,-2.379474418516548,2.900869274223107,-1.3126112381090829,7.052542805662386,-2.800687556212157,-0.8479985374168381,-0.2730568380926901,-2.4112230966698505,-2.587113639064124,8.492383225771231,5.379632366447802,-0.903568380849642,-3.542623853324033,1.8546314701388773,2.806513141554268,7.938187492486192,6.805194894271766,8.24492379981546,6.275423629490901,-2.9548380773094207,-1.8939668431193413,1.4257976058731183,0.1902705340555658,4.649944618383544,5.162440125257971,-1.5967154185524757,-2.1316383918070123,1.28888279082575,6.056955389520799,-1.2704997616271507,3.028817179039808,-3.2061521881304125,4.163177016945832,5.477788118441969,-2.667156282635148,1.249853447554799,-1.2400405603280076,-2.107540851842348,0.4898433406429719,5.438628345135751,-0.0491531347604355,-4.235769033889978,-3.360302629862801,4.418325851495372,-0.2617145623464129,-0.8345755188864988,-3.6479841467601055,0.7242705021487073,3.3530568464501256,-1.8021593276043977,-0.5468934797680474,2.6032750513748573,0.8953084369308058,-0.3118213785371785,-1.2602432635638952,-0.0045692308031476,-1.475762840684533,0.2528633807939803,-0.4699324460393259,-3.542623853324033,-3.0119964257899667,7.313299193762317,-3.542623853324033,-1.8198588984381368,1.5511243597546671,-3.6479841467601055,-1.6708233687281815,1.3889662478637836,-2.900770914518614,-2.587113639064124,-1.0577190368673806,-3.8992979401219903,-3.6479841467601055,-0.7576144876269126,5.86807243809789,4.686671910083744,3.974786296808098,4.759540755377899,-0.814772894204698,-2.549373339571284,-1.7343367542739694,-3.137159411881425,-2.379474418516548,-3.2061521881304125,3.159088784703162,-1.3019159512801404,1.9161082431497956,-1.974009518741608,-1.0089288806344547,-1.7020759024642795,-3.4473138553375438,-1.5014052647221694,0.6162572612876378,-2.23429249313146,7.098169295607534,1.6323933081937267,-0.7035472728543618,-3.280260050394188,-2.4779144266746704,-1.554751231195123,-3.4473138553375438,-0.7332230374776154,-1.6555559012593966,-3.542623853324033,-0.5773526841599727,-2.9548380773094207,6.487150678852549,-1.7508660507607008,1.7148695291224143,-2.23429249313146,-2.1816487873660515,-0.5124920564323573,0.8701724642610257,-1.9133849214349676,-2.0165691150444696,3.828863443150105,-1.2808625465149313,4.45701916923855
CRR1090628,0,1.5748341029258834,0.9593211437291936,1.2473396299732895,4.595702342833299,5.572040141147813,-0.9418446230450952,-1.82273330056714,-2.2501771994520823,-3.253478732558649,-4.2650780533307495,2.052986257971363,-3.166467431326529,7.624027096135049,3.256913972462215,3.352187261530432,-1.855885500556245,0.0980181033078711,3.901064690725289,5.85931806047022,0.1043673307849656,-3.779571199085569,-0.2900827017897348,1.1274099946142253,4.631199547478954,1.1609701907310632,7.211243166023975,6.411150634097309,-4.147295295451488,2.602113116501878,2.287070640284879,5.569659633430772,-2.7610026009959494,6.401150202714649,3.0736451257957333,2.5543898135176883,2.065531225303233,2.2350823602881595,-3.946625004028925,-3.779571199085569,-0.6340950114074277,-3.946625004028925,-3.166467431326529,4.667231003555046,1.5964176744377685,3.563953000034731,-3.454149226000802,-3.0864247877555053,4.914981007520314,2.7240242736555134,-2.412696070126349,-3.3487888214539696,2.8830686323410446,-3.209027009513472,-0.4364391024907052,6.28711236039534,-3.4000820632099957,1.209288767482951,-2.47332066743299,-4.041935002015415,-2.655642140893649,2.863014351641604,1.9013871750132216,-4.041935002015415,-1.9878130119076456,0.4885096593304634,-0.2900827017897348,-4.041935002015415,-0.0529529184121044,-2.081841936276044,-4.041935002015415,0.5119399106397569,-0.4202662441169945,1.6548208644194835,-3.0864247877555053,0.7951382568178867,-2.977225575366052,-0.2046374996777583,-2.217387387381776,-0.8597250785292574,3.4869322557035263,-3.166467431326529,-0.2900827017897348,-2.878785567207929,2.9007992477952147,0.830202230142851,2.681414556375445,2.4374938777838424,-1.3473096861082197,2.051632772546393,1.4503010654091602,4.119837599349505,5.526790846819567,7.264136480444085,4.386643531483282,2.8543528008825065,1.0014881278090573,-3.779571199085569,2.044383080654767,5.702777537604951,5.685600651654844,4.529858004973151,1.168641461143645,-2.3932779918107228,3.0057541190050667,-4.2650780533307495,-3.779571199085569,-2.818160982156178,-2.096026567243857,4.776604452914346,-2.733603641822842,3.795617359656936,-1.7698109103185322,5.041069873721693,-0.4584180080017512,-3.299998704903539,2.469511109617975,0.3623402660451635,0.1477177703160402,5.501527149754416,1.6517951435232912,-0.0094678080484096,3.807230798396809,3.638423379787,-4.73508018258136,4.306932208326047,4.259535024400553,0.5244923764482661,3.3681680834638827,-0.4149328984260783,0.2249593534573256,-2.1398291771090765,7.097864690048357,-1.0462046284594293,4.742745758872775,2.924841619303552,2.2118918134082115,-1.759554412255277,3.464105177604212,-1.9750739893759144,-0.2464477678974014,-4.552759292451628,-4.041935002015415,1.0627956275978785,5.609441521044161,1.7811088993867634,-2.3191700471295182,3.543547205815824,-0.1833147311182924,-2.170134517419563,6.209019246780419,2.870009483578825,3.0088791215427766,-1.557030185558762,-0.1299139565852698,-4.147295295451488,-1.256925636318294,3.8231741745626193,-3.048684488262665,5.347001336290413,7.633690475710826,-1.3140840428960796,-3.048684488262665,-2.233647902965351,0.9937160680620294,-2.878785567207929,1.2207531972541643,2.6597776360117806,-1.801227099971522,-2.5603320065438484,-3.166467431326529,-1.508240029325837,4.596411311313648,-3.946625004028925,-2.000716413413551,0.1169461125962561,-1.3338866675778804,0.3070498044220593,2.625528569362777,-1.2028584215457436,-3.779571199085569,-2.977225575366052,3.0537905069287663,-3.946625004028925,4.0633101257988695,-2.154867049950778,-4.041935002015415,1.908184586771232,0.2808702995256938,4.862421540611145,-1.557030185558762,-1.2385764998947664,0.912480626188984,-2.680959936057433,-1.011803205123739,0.3708613155696441,-2.412696070126349,-2.5158802637358515,-0.607949733012142,4.83519380531409,3.957708020547168
CRR1012518,1,1.0432538151225537,-3.389723350143361,-1.8957997348480888,6.530163511124109,-2.843180409324432,-3.0795689066872427,-3.0795689066872427,-1.693275545566519,0.619259577950717,-3.708176399445186,-0.0068768636011748,2.9307160646000634,-2.1500337550798605,8.279733072110506,3.151173642935891,-1.2989838466706818,2.528679812804925,7.136048065419324,-2.176701987937278,-1.4701320609189557,0.9457814745249852,-3.485033348129851,-2.455415216661234,-1.5535136466696076,-1.0169356471647215,7.9096537284596735,-0.8388604088997673,-3.590393641565925,-2.6521253556279083,-2.3536325914756686,8.21918958466434,-2.204100947110386,8.307368631958592,-1.6287370452622745,-3.222669545200006,-3.1485616829362306,-3.590393641565925,6.07048212028884,-3.222669545200006,-0.0771933575218642,3.0452590220728712,-3.590393641565925,-0.6518218864245837,-0.8749654083270324,7.148297688799094,5.671777657041519,2.470802026518326,-2.0987404870080857,-1.6604857334962126,-1.8557944162407856,-2.7918871675684063,-0.0640352738100416,-2.6521253556279083,-2.7430970510179757,8.614479398511671,3.547941897372269,-3.1485616829362306,-1.9164190135474264,-1.762268393243955,-2.0987404870080857,-2.6965770786730854,-2.026419860312164,-3.485033348129851,8.709286526739774,-3.841707434927808,-3.485033348129851,-3.485033348129851,-0.1891984080494511,-1.5249402823904807,-3.485033348129851,1.0688415645253204,0.136635409768569,2.2117225183050477,-2.529523133869942,1.3520399107034502,-2.4203239214804886,-2.6521253556279083,-1.6604857334962126,-0.3028234246436939,-1.7802868922531287,-2.6095657774409653,-2.6521253556279083,-2.321883913322366,-0.8972711625242149,-1.255020732914901,-1.9374724138800143,-2.7430970510179757,-0.7904080322226562,-0.2154663328985083,-2.3536325914756686,-2.529523133869942,8.364445207188268,4.6474948633971325,-0.8459778756554603,-3.485033348129851,-3.1485616829362306,-3.222669545200006,-1.4181723354903508,0.4389162676912591,7.611562221749835,6.985616572900586,-2.897247572115239,-1.8363763379251596,-1.7445688224102158,-3.708176399445186,1.8271849334511088,7.156195050275864,-1.5391249133582936,-2.0740478866128305,3.174258574119888,6.225692357849765,-1.2129092564329689,0.3565652359222026,-3.1485616829362306,3.4571213595039847,5.883333888244006,-4.178178528695796,2.04041759897206,-1.1824500551338255,-2.049950346648166,0.5474338458371538,5.141191604671188,0.0084373704337462,-4.178178528695796,-3.302712124668619,3.1474933023035083,-2.4203239214804886,-0.776985013692317,1.7961358697581544,0.781861007342889,-1.5829275232235132,-1.7445688224102158,-0.4893029745738655,-3.0150304688828973,-3.841707434927808,-0.2542308733429967,-1.2026527583697135,0.0530212743910341,-1.4181723354903508,0.3104538859881621,-3.995857638566065,-3.485033348129851,-2.954405920595785,0.4209696252161792,-3.485033348129851,-1.762268393243955,6.370983167271089,-3.590393641565925,-1.613232863534,1.4465567530579655,6.61709812420407,0.6831790936204563,-1.0001285316731985,-3.841707434927808,0.0235206117350409,-0.7000239824327308,-1.2989838466706818,6.113908775016684,4.225886757348596,6.9468780319742,-0.7571823890105162,-2.491782834377102,5.8652408643197305,-3.0795689066872427,-2.321883913322366,-3.1485616829362306,3.216679289897344,-1.2443254460859587,6.260756916657667,-2.6095657774409653,-0.9513383754402732,6.780578264052616,-3.389723350143361,-1.4438147595279875,0.6738477664818198,-2.176701987937278,-3.0795689066872427,-2.232271808204076,-0.64595676766018,-3.222669545200006,-2.4203239214804886,-1.497160726000941,-3.389723350143361,-0.6756325322834336,-1.5979653960652147,-3.485033348129851,-0.5197621789657909,-2.897247572115239,-2.6521253556279083,-1.693275545566519,-0.6816748460092028,-2.176701987937278,-2.1240582821718696,-0.4549015512381755,0.9277629694552076,-1.8557944162407856,6.052693268666307,-0.0510480791265784,-1.2232720413207494,4.514609674432732
CRR1012739,1,4.151742251806138,-3.2571170218932464,-1.7631934065979735,5.668371808439752,-2.710574081074317,-2.946962578437128,-2.946962578437128,-1.560669217316404,0.9939704630597292,-3.575570071195071,0.1257294646489401,-2.47695944919085,-2.0174274268297454,-0.7277602827870518,-2.5639707504229707,-1.1663775184205667,1.184462346770336,-2.396916805619827,-2.044095659687163,-1.3375257326688408,-3.0900632169498907,-3.352427019879737,7.992662238054797,-1.4209073184194925,-0.8843293189146064,-3.45778731331581,6.557577239744857,-3.45778731331581,-2.519519027377793,-2.221026263225554,-0.1619525872267106,-2.071494618860271,-1.7231880879906707,-1.4961307170121594,-3.0900632169498907,-3.0159553546861155,-3.45778731331581,-3.2571170218932464,-3.0900632169498907,0.0554129707282506,-3.2571170218932464,-3.45778731331581,-0.5192155581744687,-3.45778731331581,0.159116478654775,-2.764641243865124,-2.396916805619827,-1.9661341587579708,-1.5278794052460978,-1.7231880879906707,-2.659280839318291,0.0685710544400734,-2.519519027377793,-2.61049072276786,0.0847788636161313,-2.710574081074317,-3.0159553546861155,-1.7838126852973115,1.0017124370135495,-1.9661341587579708,-2.5639707504229707,-1.8938135320620488,-3.352427019879737,7.390329981743606,-3.709101106677693,-3.352427019879737,-3.352427019879737,-0.0565920797993362,-1.3923339541403656,-3.352427019879737,1.2014478927754353,0.2692417380186839,2.344328846555162,-2.396916805619827,1.484646238953565,-2.287717593230373,-2.519519027377793,-1.5278794052460978,-0.170217096393579,-1.647680564003014,4.800920738696696,-2.519519027377793,-2.189277585072251,-0.7646648342740999,-1.122414404664786,-1.8048660856298997,-2.61049072276786,-0.6578017039725412,-0.0828600046483933,-2.221026263225554,-2.396916805619827,-0.5370201806945553,5.634292688186118,-0.7133715474053453,-3.352427019879737,-3.0159553546861155,-3.0900632169498907,-1.2855660072402355,0.5715225959413742,6.519815513021633,6.234812363219054,-2.764641243865124,-1.7037700096750443,3.9160729038074975,2.2665215265186607,-3.0900632169498907,-2.1286530000204995,-1.4065185851081785,-1.9414415583627156,-2.044095659687163,-1.020284930467408,3.860307830108516,0.4891715641723175,-3.0159553546861155,-2.61049072276786,8.442672386604052,-4.045572200445681,-1.62966206499384,-1.0498437268837109,-1.9173440183980512,0.6800401740872688,-1.7631934065979735,0.1410436986838613,-4.045572200445681,-3.170105796418504,-2.4361374880039013,-2.287717593230373,-0.6443786854422021,-3.45778731331581,0.914467335593004,-1.450321194973398,-1.611962494160101,-0.3566966463237507,-2.882424140632782,-3.709101106677693,-0.1216245450928818,-1.0700464301195989,0.1856276026411491,-1.2855660072402355,0.4430602142382771,-3.863251310315949,-3.352427019879737,-2.82179959234567,0.5535759534662941,-3.352427019879737,-1.62966206499384,-1.7631934065979735,-3.45778731331581,-1.480626535283885,1.5791630813080804,-2.710574081074317,6.497182959794609,-0.8675222034230836,-3.709101106677693,-3.45778731331581,-0.5674176541826157,-1.1663775184205667,4.893742540504348,3.4849037969537773,-1.224197075933259,-0.6245760607604013,-2.3591765061269867,5.243168615282519,-2.946962578437128,-2.189277585072251,-3.0159553546861155,3.349285618147459,-1.1117191178358437,-1.8708240244081695,9.112914649449182,-0.8187320471901581,-1.5118790690199826,-3.2571170218932464,-1.3112084312778725,0.8064540947319347,-2.044095659687163,7.901435518617396,-2.0996654799539605,-0.513350439410065,-3.0900632169498907,-2.287717593230373,-1.364554397750826,-3.2571170218932464,-0.5430262040333186,-1.4653590678150996,-3.352427019879737,-0.3871558507156759,-2.764641243865124,-2.519519027377793,-1.560669217316404,1.6474823243326322,-2.044095659687163,-1.9914519539217543,-0.3222952229880605,1.0603692977053223,-1.7231880879906707,0.8311467065601111,0.0815582491235366,-1.0906657130706343,4.647216002682846
CRR1012750,1,-1.9515247156693127,0.5204782475645446,-2.2340915869834017,-0.1910180447275713,4.713668618841409,-3.417860758822556,-1.7692032101573951,-2.0315673977018323,4.188094242353067,-4.0464682515805,3.391912779937521,-2.9478576295762786,4.018401546231414,-1.19865846317248,0.6562797854253173,1.3171660928009064,0.7071194610807139,2.280125853263137,4.600214435510888,-1.808423913054269,-3.5609613973353187,1.976976847436927,-3.486853535071544,6.352360698950206,-1.3552274993000346,4.911908554843076,5.850633974115331,-3.928685493701238,1.187308107166424,4.760365089477543,-0.6328507676121387,-2.5423927992456994,8.488586345530672,-1.9670288973975876,-3.5609613973353187,4.165487208817964,-3.928685493701238,4.199110548220615,-3.5609613973353187,-0.4154852096571775,-3.7280152022786734,-3.928685493701238,2.859783403782251,1.9054730438702745,5.388012672245901,6.020336035233462,-2.867814986005255,-2.437032339143399,5.5761944800202095,-2.1940862683760987,-3.13017901970372,-0.4023271259453547,-2.9904172077632216,-3.0813889031532886,-0.3861193167692968,-3.1814722614597453,1.3784792769172438,-2.2547108656827395,2.6610026482881826,-2.437032339143399,-3.0348689308083987,3.88974255704356,-3.823325200265165,7.048956243967037,1.942490671578153,-3.823325200265165,-3.823325200265165,-0.5274902601847643,-1.8632321345257936,-3.823325200265165,0.7305497123900072,-0.2016564423667442,1.873430666169734,-2.867814986005255,1.0137480585681369,-2.758615773615802,-2.9904172077632216,-1.998777585631526,-0.6411152767790073,4.156764836659235,1.682817021610665,-2.9904172077632216,-2.660175765457679,-1.235563014659528,0.619324079756563,-2.275764266015328,4.283669709271852,6.83509853303612,-0.5537581850338216,-2.691924443610982,1.5435829670875516,6.086847940522113,6.099688432178574,4.767636763975776,0.8495016528903298,2.7174141598718964,-3.5609613973353187,6.296730345096265,5.108039735702492,7.287612098088224,5.116306203729376,-3.235539424250552,-2.1746681900604727,-2.082860674545529,-4.0464682515805,-3.5609613973353187,6.351446238989427,-1.8774167654936067,2.0939524540404704,3.991153206531116,7.408168605147456,-1.551201108568282,5.012348813048466,-3.486853535071544,3.2898149100725878,5.30682211992037,1.612140013150501,-3.823325200265165,-1.520741907269139,3.3910300374951508,2.894961056181357,4.557954626239966,-0.3298544817015668,-4.51647038083111,5.692466397797276,1.3729574517939171,5.294283659340174,6.453536058941355,-3.928685493701238,0.4435691552075758,2.480390076889785,3.687869347288277,-0.8275948267091788,7.138256155338493,-4.179999287063121,1.6884873486248206,3.4894931081396634,-0.285270577744279,-1.756464187625664,-0.0278379661471511,-0.025593296394098,-3.823325200265165,-3.292697772731098,0.0826777730808659,-3.823325200265165,-2.100560245379268,3.689617981611717,-3.928685493701238,-1.9515247156693127,1.1082649009226522,-3.1814722614597453,-2.867814986005255,-1.3384203838085116,-4.179999287063121,-3.928685493701238,-1.038315834568044,4.339930150158705,5.559991213672051,4.152512429705456,6.334228762716924,-1.0954742411458294,-2.830074686512415,-2.015038101215101,-3.417860758822556,-2.660175765457679,-3.486853535071544,2.878387437762031,-1.5826172982212718,-2.341722204793598,-2.9478576295762786,-1.2896302275755862,-1.9827772494054108,-3.7280152022786734,-1.7821066116633006,0.3355559143465065,-2.5149938400725915,7.248584732362389,5.673664713500429,-0.9842486197954932,-3.5609613973353187,-2.758615773615802,-1.142305534562582,-3.7280152022786734,6.626991912002016,-1.936257248200528,-3.823325200265165,-0.8580540311011042,-3.235539424250552,-2.9904172077632216,-2.0315673977018323,-1.019966698144516,-2.5149938400725915,-2.4623501343071825,-0.7931934033734886,0.5894711173198943,-2.1940862683760987,-2.297270461985601,-0.3893399312618916,5.63563731791701,4.176317822297419
CRR1012766,0,0.583654021069135,-3.3535031749113804,-1.859579559616108,6.178800294079602,-2.806960234092451,-3.0433487314552616,-3.0433487314552616,-1.657055370334538,2.247606954069955,-3.671956224213205,0.0293433116308062,-2.573345602208984,-2.1138135798478794,7.647108896178211,-2.6603569034411043,-1.2627636714387005,-2.861027396883258,-2.493302958637961,-2.140481812705297,-1.4339118856869746,-3.1864493699680247,-3.4488131728978706,3.3762104606597667,7.515738552269005,-0.9807154719327402,5.697391929363957,-0.8026402336677864,-3.5541734663339435,-2.6159051803959272,-2.3174124162436875,-0.2583387402448444,-2.167880771878405,-1.8195742410088045,-1.5925168700302932,-3.1864493699680247,-3.1123415077042496,-3.5541734663339435,3.069446770440266,-3.1864493699680247,-0.0409731822898832,6.293810899461231,-3.5541734663339435,7.072783465219862,-3.5541734663339435,5.329079362948578,6.176993442060029,-2.493302958637961,7.650574705113848,-1.6242655582642316,-1.8195742410088045,-2.755666992336425,-0.0278150985780605,-2.6159051803959272,-2.7068768757859942,-0.0116072894020025,-2.806960234092451,-3.1123415077042496,-1.880198838315445,1.4755357671382563,-2.062520311776105,7.256656027776524,-1.9901996850801829,-3.4488131728978706,7.1419020864864615,-3.8054872596958274,-3.4488131728978706,-3.4488131728978706,-0.1529782328174701,-1.4887201071584997,-3.4488131728978706,1.1050617397573017,0.17285558500055,2.2479426935370284,-2.493302958637961,1.3882600859354313,-2.3841037462485075,-2.6159051803959272,-1.6242655582642316,-0.2666032494117129,-1.7440667170211477,-2.573345602208984,-2.6159051803959272,-2.285663738090385,-0.8610509872922338,-1.21880055768292,-1.9012522386480333,-2.7068768757859942,-0.7541878569906751,-0.1792461576665273,-2.3174124162436875,-2.493302958637961,7.929975288764982,4.626394144334099,-0.8097577004234793,4.969882772212671,-3.1123415077042496,4.61267169460637,5.928699276713265,5.302247837511484,3.427449441058879,-0.4138620900347567,-2.861027396883258,-1.8001561626931784,0.5024285841470945,-3.671956224213205,3.955950742035222,8.037653374032534,-1.5029047381263123,-2.0378277113808494,-2.140481812705297,8.081356713902487,-1.1766890812009876,0.3927854111541836,-3.1123415077042496,6.25620924584206,3.540151363355088,-4.141958353463815,-3.4488131728978706,-1.1462298799018449,-2.013730171416185,0.583654021069135,7.4450385117462465,0.0446575456657273,-4.141958353463815,-3.266491949436638,-2.5325236410220358,-2.3841037462485075,-0.7407648384603359,-3.5541734663339435,0.8180811825748702,-1.546707347991532,-1.7083486471782348,-0.4530827993418845,-2.978810293650916,-3.8054872596958274,4.270314668899355,-1.1664325831377325,0.0892414496230153,-1.3819521602583698,0.3466740612201431,-3.9596374633340834,-3.4488131728978706,4.4719945071189455,5.704383255904721,-3.4488131728978706,-1.7260482180119738,7.716848052202036,-3.5541734663339435,-1.5770126883020188,1.4827769282899466,4.94977464693045,-2.493302958637961,-0.9639083564412176,-3.8054872596958274,-3.5541734663339435,-0.6638038072007497,-1.2627636714387005,5.166520547434323,0.2300139958696135,8.93817637951631,-0.7209622137785351,1.0554291166261538,-1.6405260738478065,-3.0433487314552616,-2.285663738090385,-3.1123415077042496,3.252899465129325,-1.2081052708539777,-1.967210177426304,-2.573345602208984,-0.915118200208292,-1.6082652220381164,-3.3535031749113804,-1.4075945842960065,0.7100679417138007,-2.140481812705297,4.116770942554592,-2.1960516329720945,-0.6097365924281988,-3.1864493699680247,-2.3841037462485075,-1.46094055076896,-3.3535031749113804,-0.6394123570514525,-1.5617452208332336,-3.4488131728978706,-0.4835420037338097,-2.861027396883258,-2.6159051803959272,-1.657055370334538,-0.6454546707772217,-2.140481812705297,-2.0878381069398886,-0.4186813760061944,0.9639831446871886,-1.8195742410088045,-1.922758434618307,-0.0148279038945973,3.97463386244329,4.550829849664713
CRR1012735,1,2.175103599360042,-3.5869459709575224,-2.09302235566225,5.008115121687291,4.902332154834205,-3.276791527501404,-3.276791527501404,-1.89049816638068,-2.893799699487247,-3.905399020259347,6.117778355308809,-2.8067883982551267,8.419532468247976,5.087155906958675,1.6417271541011902,-1.4962064674848428,1.6648495712992657,5.684966486735533,4.677766660551625,-1.6673546817331169,-3.419892166014167,2.906118153597635,-3.345784303750392,5.104779137101525,-1.2141582679788825,7.656806844635903,-1.0360830297139283,2.1150148548731726,3.5209987330323536,-2.55085521228983,-0.4917815362909865,-2.401323567924547,7.317973461235593,-1.8259596660764352,-0.8257876477790073,2.600008781692312,1.603986826493212,1.4163882146869682,-3.419892166014167,-0.2744159783360254,3.709527112251541,-3.7876162623800855,4.246075983289906,-3.7876162623800855,2.7354542287214354,4.310348684134101,-2.726745754684103,8.63228245969543,2.0785347667281973,-2.0530170370549468,-2.9891097883825672,3.879591764376194,-2.8493479764420693,-2.9403196718321363,-0.2450500854481447,-3.040403030138593,-3.345784303750392,-2.113641634361588,-3.6822559689440126,-2.295963107822247,-0.6569667960591032,1.465236519499347,-3.6822559689440126,7.347301385190805,-4.03893005574197,-3.6822559689440126,-3.6822559689440126,-0.3864210288636123,-1.7221629032046415,-3.6822559689440126,0.8716189437111594,-0.060587211045592,2.0144998974908863,-2.726745754684103,1.154817289889289,-2.6175465422946496,-2.8493479764420693,-1.8577083543103736,-0.500046045457855,3.5156263876312908,-2.8067883982551267,3.153141649998059,-2.519106534136527,1.8997334561903865,0.1972418861028864,1.7696384941106538,-2.9403196718321363,8.616616257952536,-0.4126889537126693,-2.55085521228983,4.061271889716903,7.225509214564116,2.080422153247029,1.5217487291237934,-3.6822559689440126,-3.345784303750392,2.281321379817822,3.366649591532722,6.172690388034427,6.435703663485175,5.3520371094701975,-0.5643079741682012,-2.0335989587393204,-1.9417914432243768,-3.905399020259347,-3.419892166014167,5.6951718718559246,-1.7363475341724546,3.732194424427299,3.145154559524902,3.476256029943728,-1.41013187724713,4.890294240972961,-3.345784303750392,-2.9403196718321363,4.991460224566214,-4.375401149509957,0.5518485646407534,3.596922927304265,-2.247172967462327,0.3502112250229928,4.172200849098511,3.031427008639985,-4.375401149509957,6.398010821207352,-2.7659664370681774,-2.6175465422946496,-0.974207634506478,1.1898812632142537,0.584638386528728,-1.780150144037674,3.1453712677276866,-0.6865255953880266,-3.2122530896970583,-4.03893005574197,2.133065886410125,-1.3998753791838745,-0.1442013464231268,-1.615394956304512,0.1132312651740011,-4.193080259380226,-3.6822559689440126,2.375930214886146,5.444244168335704,-3.6822559689440126,-1.959491014058116,4.61762462684955,-3.7876162623800855,-1.8104554843481608,1.2493341322438043,4.40936944327124,-2.726745754684103,-1.1973511524873597,-4.03893005574197,-3.7876162623800855,-0.8972466032468919,4.108603475350228,1.843194978157899,2.5222997976670816,4.136091850173968,-0.9544050098246772,-2.6890054551912628,-1.8739688698939485,-3.276791527501404,-2.519106534136527,-3.345784303750392,3.019456669083183,-1.4415480669001195,-2.200652973472446,-2.8067883982551267,-1.148560996254434,1.7983809627333116,-3.5869459709575224,-1.6410373803421487,0.4766251456676585,0.7389894029236111,0.7905230518313828,-2.4294944290182365,-0.843179388474341,0.6245062081854996,-2.6175465422946496,-1.6943833468151022,-3.5869459709575224,-0.8728551530975948,-1.7951880168793757,-3.6822559689440126,-0.716984799779952,-3.0944701929294,7.878150139116777,-1.89049816638068,-0.878897466823364,-2.373924608751439,-2.32128090298603,-0.6521241720523365,0.7305403486410464,-2.0530170370549468,-2.156201230664449,-0.2482706999407395,5.91142459419088,4.317387053618571
CRR1012757,1,-1.913989620233152,-3.6904801068425135,-2.196556491547241,5.28203955608648,5.14327229866068,-3.3803256633863947,5.046737236114648,-1.994032302265671,-2.997333835372238,-4.008933156144338,5.441189038494003,-2.9103225341401178,0.6184851632315749,2.05193834816984,1.939751868133867,-1.5997406033698338,-3.198004328814391,6.229916376912974,2.7214856105430827,4.992194888063479,-0.4679762596401339,2.374570982965765,-0.1967329307466611,-1.1611233677363189,-1.317692403863873,7.297795553254226,-1.1396171655989191,-3.8911503982650766,-2.9528821123270603,5.786159010106101,-0.5953156721759776,-2.504857703809538,-2.156551172939938,2.4844399011267644,-3.523426301899158,4.814822695096291,-3.8911503982650766,-3.6904801068425135,-3.523426301899158,-0.3779501142210163,-3.6904801068425135,-3.8911503982650766,-0.1534829492914101,2.112460066047274,5.045335530477307,-3.198004328814391,2.0041680721864576,8.336256334048946,3.2118038799830764,-2.156551172939938,-3.0926439242675583,2.579646886737744,6.886348908095496,-0.7317908288094188,-0.3485842213331357,-3.143937166023584,-3.449318439635382,-2.217175770246578,-3.785790104829004,-2.3994972437072377,3.418654542251048,0.5631947016084707,-3.785790104829004,4.920334073301978,-4.142464191626961,-3.785790104829004,-3.785790104829004,-0.4899551647486032,-1.8256970390896328,-3.785790104829004,0.7680848078261684,-0.1641213469305831,1.910965761605895,-2.830279890569094,1.0512831540042982,-2.7210806781796406,-2.9528821123270603,-1.961242490195365,-0.6035801813428461,0.7028442873770459,5.557154231872363,2.7681413020478103,-2.622640670021518,-1.198027919223367,-1.555777489614053,3.8672283099264018,-3.0438538077171278,-1.0911647889218083,-0.5162230895976603,-1.7843118343466458,-2.830279890569094,7.287561162027478,5.020751766441061,4.546083045296445,2.8148943906220314,3.0307246959119225,-1.4439861063720028,2.270054705898479,6.697769110460071,7.65943893105069,5.20230431132758,2.3566753201167314,-2.1371330946243114,-2.045325579109368,-4.008933156144338,-3.523426301899158,3.125357409216372,-1.8398816700574456,2.1130087629030223,2.9902586854392474,4.384110543098233,-1.513666013132121,1.7284427760015206,-3.449318439635382,-3.0438538077171278,-3.3157872255820493,-4.4789352853949485,-0.770257105937622,-1.4832068118329778,7.3407235413496466,0.2466770891380018,4.420791510039451,-0.2923193862654057,-4.4789352853949485,-3.603468881367771,-2.8695005729531684,2.142732647831918,-1.0777417703914691,-3.8911503982650766,0.4811042506437371,1.008344197230002,0.5074033434626661,-0.7900597312730177,-3.3157872255820493,-4.142464191626961,4.686487399584097,-1.5034095150688656,-0.2477354823081178,-1.7189290921895028,0.00969712928901,-0.1587880012396669,-3.785790104829004,0.4129125027493693,5.587839898206196,-3.785790104829004,-2.063025149943107,1.4696177711481695,-3.8911503982650766,-1.913989620233152,1.1457999963588137,5.80109250296588,-2.830279890569094,-1.3008852883723507,1.265345145382679,-3.8911503982650766,-1.0007807391318828,4.193204266712277,-2.792539591076254,1.7648391981050302,-0.8001100661164182,-1.0579391457096683,-2.792539591076254,-1.9775030057789396,5.5432908424778695,-2.622640670021518,-3.449318439635382,2.915922533198192,-1.5450822027851108,-2.3041871093574366,3.480895569531924,-1.2520951321394251,3.4045824537720653,-3.6904801068425135,-1.7445715162271396,0.3730910097826677,1.3593740938818697,-3.3803256633863947,8.161459292347963,-0.946713524359332,2.688715688119033,-2.7210806781796406,-1.7979174827000932,-3.6904801068425135,-0.9763892889825856,-1.8987221527643667,-3.785790104829004,-0.8205189356649429,0.96779810352074,6.414788101489364,-1.994032302265671,-0.982431602708355,-2.4774587446364302,-2.4248150388710217,-0.7556583079373276,0.6270062127560554,-2.156551172939938,-2.25973536654944,-0.3518048358257306,6.761232127768278,4.21385291773358
CRR1012768,1,-1.7099362544436527,-3.4864267410530143,-1.9925031257577417,5.357737345675276,-2.939883800234085,4.4569023898085325,3.610744254074415,-1.7899789364761718,2.624030414752996,3.833075078345908,-0.1035802545108276,-2.706269168350618,-2.2467371459895134,-0.9570700019468196,-2.7932804695827382,-1.3956872375803344,-2.993950963024892,1.1923300003042925,2.5032161557115504,-1.5668354518286085,-3.3193729361096587,0.7489946275646157,-3.2452650738458835,6.947644462754812,-1.1136390380743744,4.990851315977464,-0.9355637998094204,-3.6870970324755774,-2.748828746537561,-2.450335982385321,-0.3912623063864783,-2.300804338020039,6.474281041567679,-1.725440436171927,-3.3193729361096587,-3.2452650738458835,7.655564967999656,4.37872449711975,-3.3193729361096587,4.543596348268676,0.238169021342484,-3.6870970324755774,-0.7485252773342365,-3.6870970324755774,6.675043049348115,-2.993950963024892,-2.626226524779595,-2.1954438779177385,0.8443048049765959,-1.9524978071504384,-2.888590558478059,-0.1607386647196944,-2.748828746537561,-2.839800441927628,3.034058675308156,-0.8344676965768931,-3.2452650738458835,-2.0131224044570795,-3.5817367390395045,-2.1954438779177385,2.55857675911132,2.869363398224597,-3.5817367390395045,8.852799271808813,0.425594482558602,-3.5817367390395045,-3.5817367390395045,-0.285901798959104,-1.6216436733001336,-3.5817367390395045,0.9721381736156676,0.039932018858916,2.115019127395394,-2.626226524779595,1.2553365197937971,-2.517027312390141,-2.748828746537561,-1.7571891244058655,-0.3995268155533468,2.563733624836152,-2.706269168350618,-2.748828746537561,-2.4185873042320187,-0.9939745534338678,-1.351724123824554,3.257095096620915,-2.839800441927628,7.827407182124488,-0.3121697238081612,-2.450335982385321,-2.626226524779595,7.2823128572778915,4.834793985721432,-0.9426812665651132,-3.5817367390395045,2.7472689032607893,-3.3193729361096587,3.029495521515989,0.3422128767816063,6.770822430251989,4.7292171816225,-2.993950963024892,-1.9330797288348125,-1.841272213319869,-3.804879790354839,-3.3193729361096587,-2.3579627191802675,-1.6358283042679462,0.6949274077563281,5.145164172815882,3.429835870386406,-1.3096126473426215,2.3900331798241803,-3.2452650738458835,-2.839800441927628,4.449646592238225,-4.274881919605449,-3.5817367390395045,-1.2791534460434786,-2.146653737557819,0.4507304549275009,5.919418786035462,-0.0882660204759065,-4.274881919605449,-3.399415515578272,-2.665447207163669,-2.517027312390141,-0.87368840460197,-3.6870970324755774,0.6851576164332362,4.640438889363987,-1.841272213319869,-0.5860063654835185,-3.11173385979255,0.2069860952950157,3.631882284303013,-1.2993561492793664,-0.0436821165186186,-1.5148757264000037,0.2137504950785092,-4.092561029475717,-3.5817367390395045,-3.0511093115054377,0.3242662343065262,-3.5817367390395045,2.89922564818638,2.8369524112217333,-3.6870970324755774,-1.7099362544436527,1.3498533621483126,5.493400275498784,-2.626226524779595,-1.0968319225828511,-3.938410825837461,-3.6870970324755774,-0.7967273733423836,-1.3956872375803344,3.728811420833816,-1.2208845492402556,4.204397699576477,-0.853885779920169,-2.588486225286754,1.177010552031546,-3.176272297596896,-2.4185873042320187,-3.2452650738458835,3.119975898987691,-1.3410288369956114,-2.100133743567937,-2.706269168350618,-1.048041766349926,-1.7411887881797503,6.78164528715796,2.8421573676531025,0.5771443755721668,-2.273405378846931,4.231448529292646,-2.3289751991137284,-0.7426601585698328,-3.3193729361096587,-2.517027312390141,1.8484837071547124,-3.4864267410530143,-0.7723359231930864,-1.6946687869748676,-3.5817367390395045,-0.6164655698754438,-2.993950963024892,4.373335534926946,-1.7899789364761718,-0.7783782369188557,-2.273405378846931,-2.2207616730815225,-0.5516049421478283,0.8310595785455547,-1.9524978071504384,-2.055682000759941,-0.1477514700362313,7.569186197667346,4.417906283523079
CRR1090699,1,1.865880910418519,-3.9348614594008646,-2.440937844105592,3.72413654964382,2.130189630407414,-3.6247070159447454,4.065059324003499,-2.2384136548240225,0.1863887670595194,-4.253314508702689,7.134606300385877,-3.154703886698469,5.0252659536063735,-1.4055047202946702,2.1318773945140124,-1.844121955928185,2.334577302908897,4.661006654370903,1.84644125365221,-2.0152701701764597,-3.767807654457509,3.4134902269005107,3.4841902418298822,4.803435025597039,-1.562073756422225,5.800625115858004,-1.3839985181572707,-4.135531750823428,-3.1972634648854115,5.354573900467168,-0.8396970247343288,-2.749239056367889,4.667606453865033,-2.1738751545197776,-3.767807654457509,3.16306147199667,-4.135531750823428,1.939556602686483,4.70859405506704,3.1847723619076267,-0.8112975525171574,-4.135531750823428,3.293789027555936,-1.3221231229498205,6.212803205072775,3.789864532876611,-3.074661243127445,1.775563745814309,4.356865490015102,-2.400932525498289,-3.337025276825909,4.082833808020332,-3.1972634648854115,-3.288235160275479,0.3265353949452618,-3.388318518581935,-0.5770162735013513,-2.4615571228049298,2.777761488524516,-2.6438785962655893,5.11460386902062,3.9433953992024007,-4.030171457387355,3.382469853903165,-0.6026587024707635,-4.030171457387355,-4.030171457387355,-0.7343365173069545,-2.070078391647984,-4.030171457387355,0.523703455267817,-0.4085026994889344,1.6665844090475437,-3.074661243127445,0.8069018014459469,-2.965462030737992,-3.1972634648854115,-2.205623842753716,-0.8479615339011973,2.461156876285336,-3.154703886698469,1.371602626548044,-2.867022022579869,2.6554377731131584,-1.8001588421724044,3.848587986417149,0.8912662724836891,7.848748371796541,2.16259795051597,-2.898770700733172,2.3091270885252286,6.128072585911744,2.715062894451948,6.572125205384874,2.375715942505864,-3.6936997921937342,1.369797571922605,2.316514984899127,6.069924741657156,7.6775833233867665,4.815747776206599,-3.442385681372742,-2.3815144471826626,1.2520145373953997,-4.253314508702689,-3.767807654457509,0.5131213461612444,-2.0842630226157968,3.805247612283394,5.608983899636569,5.067423658110923,-1.758047365690472,4.731595956260772,-3.6936997921937342,1.6300053867525022,4.662182393962086,-1.1287517534125016,2.689081216140988,-1.7275881643913291,5.104796607781708,0.0022957365796505,5.059873230116632,-0.536700738823757,-4.7233166379533,3.022374568228725,1.0672509790082303,2.997673303628281,6.47381953251552,0.7164963082375466,0.2367228980853857,3.520592933714344,3.623890551219186,-1.0344410838313691,1.6010383316044694,0.5849470792578844,-0.7993689826005,-1.747790867627217,-0.4921168348664691,-1.9633104447478544,-0.2346842232693412,-0.1062218415662441,-4.030171457387355,-3.4995440298532885,7.111868020222016,-4.030171457387355,-2.307406502501458,-0.2102656970053665,0.9520623759066236,1.820303402178702,7.043071160549381,4.597200613405423,1.826616192116849,-1.545266640930702,-1.562073756422225,-1.3769313519330793,-1.245162091690234,4.158848945404337,1.88710619691828,2.373400743860718,3.646300189931015,-1.3023204982680197,3.413256144502712,-2.2218843583372907,4.9713206682238935,-1.4055047202946702,3.7478704997468006,2.671541180639841,-1.789463555343462,-2.548568461915788,0.84959357670343,-1.4964764846977765,4.267120913379942,-0.6289760090565352,-1.988952868785491,0.1287096572243163,-2.721840097194782,6.228573037101718,2.2713460166931663,-1.1910948769176832,-3.767807654457509,-2.965462030737992,-2.0422988352584444,-3.9348614594008646,-1.220770641540937,-2.143103505322718,-4.030171457387355,2.288794659964683,-3.442385681372742,5.907464282677332,-2.2384136548240225,-1.2268129552667062,-2.721840097194782,-2.669196391429373,-1.0000396604956787,0.3826248601977041,-2.400932525498289,8.00021753830912,-0.5961861883840819,6.067621862864855,3.969471565175229
CRR1090658,1,5.814000746364684,3.666210553931113,-2.030471538721656,5.282530729705531,-2.9778522131979988,-3.214240710560809,-3.214240710560809,-1.8279473494400855,-2.831248882546652,1.4301488680686312,-0.1415486674747416,-2.744237581314532,-2.2847055589534278,-0.9950384149107336,3.982893865174548,-1.4336556505442486,4.7500063924851625,5.090450756637058,-2.311373791810845,1.849196523553855,-3.3573413490735726,-3.6197051520034185,6.910066364640896,-1.6881854505431744,-1.1516074510382883,3.937138922388785,9.070476642123218,-3.7250654454394914,-2.786797159501475,-2.4883043953492354,-0.4292307193503923,-2.338772750983953,-1.9904662201143524,-1.763408849135841,-3.3573413490735726,-3.283233486809797,5.635491856474217,3.8182056802232256,-3.3573413490735726,-0.2118651613954311,3.2003092148561176,0.87787784557845,6.402007781988209,3.164976131652656,2.944430425018713,6.30220953610125,1.524292865830872,5.912281842134808,-1.7951575373697797,-1.9904662201143524,-2.926558971441973,1.0474984437031176,-2.786797159501475,-2.877768854891542,-0.1824992685075505,-2.9778522131979988,4.042854688867594,4.337610218373719,4.408878424867279,-2.233412290881653,4.605206749801538,-2.1610916641857307,-3.6197051520034185,7.450403300683658,-3.9763792388013752,-3.6197051520034185,-3.6197051520034185,-0.3238702119230179,-1.6596120862640475,-3.6197051520034185,0.9341697606517536,0.001963605895002,2.0770507144314805,-2.664194937743509,1.2173681068298834,2.2330698810764957,-2.786797159501475,-1.7951575373697797,-0.4374952285172607,5.935881123402527,6.751130512377547,4.295860052052365,-2.4565557171959327,-1.0319429663977815,-1.3896925367884678,3.944220072453436,2.485978543656889,-0.925079836096223,-0.3501381367720751,-2.4883043953492354,3.8255935766144513,6.419071494064529,6.830970739953715,-0.9806496795290272,-3.6197051520034185,-3.283233486809797,4.170906163593671,3.759800228008387,5.67066362006487,5.316012147041051,3.510071052228019,2.4706973474904523,-1.9710481417987264,3.266415828897341,3.323994255683572,2.3082849774786403,7.471501864305086,-1.6737967172318602,-2.2087196904863973,-2.311373791810845,8.184732035280524,-1.3475810603065357,0.2218934320486357,-3.283233486809797,2.8426980882957125,7.386547379877093,3.369628115816459,1.0361561673135975,-1.3171218590073928,0.5819959584813008,0.412762041963587,1.9735161395337348,-0.1262344334398205,-4.312850332569363,-3.437383928542186,6.255956891902932,-2.5549957253540554,-0.911656817565884,-3.7250654454394914,0.6471892034693223,-1.71759932709708,-1.8792406262837824,-0.6239747784474324,-3.149702272756464,1.941743421763381,2.807428348505946,-1.3373245622432803,-0.0816505294825326,-1.5528441393639176,0.1757820821145952,-4.130529442439631,-3.6197051520034185,1.629419980860048,6.104199085965299,-3.6197051520034185,-1.8969401971175217,6.930977879042906,-3.7250654454394914,-1.747904667407567,1.311884949184399,4.079500997231158,3.703463567262183,-1.1348003355467653,-3.9763792388013752,-3.7250654454394914,-0.8346957863062976,6.330110398212788,4.666562301285552,7.191470250679928,7.791229883233215,3.1742073127981065,1.635702723973755,4.433416767626815,-3.214240710560809,-2.4565557171959327,-3.283233486809797,3.082007486023777,-1.3789972499595256,3.502998204879564,-2.744237581314532,-1.08601017931384,-1.7791572011436645,3.5813145792180467,-1.5784865634015544,0.539175962608253,-2.311373791810845,6.187390638300926,-2.3669436120776424,-0.7806285715337469,-3.3573413490735726,-2.5549957253540554,-1.631832529874508,-3.5243951540169283,-0.8103043361570005,-1.7326371999387815,-3.6197051520034185,-0.6544339828393577,-3.0319193759888057,8.949401761282475,-1.8279473494400855,2.52103910212895,-2.311373791810845,-2.2587300860454365,-0.5895733551117422,0.7930911655816406,-1.9904662201143524,-2.093650413723855,-0.1857198830001452,7.152203542578823,4.379937870559165
CRR1090672,1,0.2274874429226688,-3.5442262404312546,-2.050302625135982,4.793316364998663,5.3726682179940815,-3.234071796975136,5.21398432255955,-1.8477784358544125,-2.851079968960979,1.267216939986018,2.0761728136933453,4.027432822032108,8.65708875038936,-1.0148695013250602,-2.851079968960979,-1.4534867369585749,-3.051750462403132,4.448655062372953,5.396282066096696,-1.624634951206849,-3.377172435487899,-1.611389727965599,-3.303064573224124,3.372216632387328,-1.1714385374526146,8.350883962240312,-0.9933632991876606,-3.7448965318538177,1.2310684264142309,-2.508135481763562,-0.4490618057647187,-2.358603837398279,-2.010297306528679,2.348420174380511,3.9721063186475543,4.398263395370068,5.1063828829268205,-3.5442262404312546,-3.377172435487899,-0.2316962478097574,2.3373201613764416,-1.3571556486576066,4.526791660652029,-3.7448965318538177,3.870563857894891,2.3638548844982226,3.680591558299644,8.024042662286629,-1.814988623784106,-2.010297306528679,-2.9463900578563,2.111763758565712,-2.8066282459158014,-2.8975999413058684,9.418312217527603,-2.997683299612325,-0.381441623471189,-2.07092190383532,1.9873631991039225,-2.2532433772959792,4.241266107015014,0.9016266389183952,4.4328667271198725,4.465527702622788,1.0332906147377496,-3.6395362384177448,-3.6395362384177448,-0.3437012983373444,-1.679443172678374,-3.6395362384177448,0.9143386742374272,1.4578861979778404,2.0572196280171537,-2.684026024157835,1.1975370204155569,-2.5748268117683817,-2.8066282459158014,-1.814988623784106,-0.4573263149315872,-1.934789782541022,-2.764068667728859,4.05976054388882,0.7817091334498789,2.5629972828207603,3.148306746148626,5.165297024952264,-2.8975999413058684,8.38487942812012,-0.3699692231864016,2.6284210392956293,2.164391190876758,5.386566746801669,-1.4534867369585749,-1.0004807659433537,-1.044283382205159,3.3705931089886385,-1.6936278036461867,6.232592797060423,3.918143519715942,4.501418496135175,4.527756993908353,1.1362182650112864,0.2190840324793778,-1.8990717126981087,-3.8626792897330793,-3.377172435487899,7.55172911692201,-1.6936278036461867,3.1040496967093025,-2.331204878225172,3.9230391078437385,-1.367412146720862,4.716687760582817,-3.303064573224124,-2.8975999413058684,4.117683976236576,-4.3326814189836895,1.029545292077725,6.9565263322186,0.2063450072428979,0.3929309555492605,3.1723667171107466,-0.1460655198541469,-4.3326814189836895,5.900954441580594,5.080563143729377,1.6324351630596303,6.572969599033134,0.7424884212581364,0.6273581170549958,3.60211453824739,2.426569856328374,0.0493412656981902,-3.1695333591707904,-3.9962103252157015,1.545610441224862,-1.3571556486576066,-0.101481615896859,-1.572675225778244,0.1559509957002689,0.7171706139148721,-3.6395362384177448,-3.108908810883678,3.9877139974231137,1.5263899515020711,-1.916771283531848,4.780835635460441,-3.7448965318538177,-1.7677357538218932,5.092572765820078,2.7382086007815207,0.2399616166291543,-1.1546314219610918,-3.9962103252157015,1.4808479315870613,-0.854526872720624,2.084700251339517,1.8674180013605024,-1.2786840486184958,7.500283785136456,-0.9116852792984094,-2.646285724664995,3.6817825860310007,-3.234071796975136,-2.476386803610259,-3.303064573224124,3.062176399609451,-1.3988283363738518,1.7559058479374243,-2.764068667728859,-1.1058412657281662,-1.7989882875579908,-0.0784920989935132,-1.5983176498158806,0.5193448761939264,1.744956833547656,5.2166098199147015,5.166945731091207,5.816724271920384,-3.377172435487899,-2.5748268117683817,-1.6516636162888343,-3.5442262404312546,-0.8301354225713268,-1.7524682863531078,2.0853532059781066,-0.6742650692536842,-1.3988283363738518,5.978544646545672,-1.8477784358544125,-0.8361777362970961,-2.331204878225172,-2.2785611724597628,-0.6094044415260688,0.7732600791673143,-2.010297306528679,-2.1134815001381813,1.5263899515020711,-1.3777749316086427,4.360106784144838
CRR1090675,0,-0.1852151513879208,-3.61626373684312,5.5344406137940325,4.456343628697421,4.727266650608559,-3.306109293387001,1.8598175593931956,-1.9198159322662771,-1.824505782764973,-3.9347167861449446,-0.2334172503009331,-2.836106164140724,9.043564114587111,-1.0869069977369252,-2.923117465372844,-1.52552423337044,-3.1237879588149973,5.445595901219428,-2.4032423746370366,-1.696672447618714,-3.449209931899764,1.9774314610123365,-3.375102069635989,4.563953456146385,-1.2434760338644797,6.140944785986252,6.070049222064145,-3.816934028265683,3.716995103137937,5.348244027536702,-0.5210993021765838,-2.4306413338101445,-2.082334802940544,-1.8552774319620329,1.3660949730736318,0.5788837337180411,4.377170272702488,0.2957574867684965,-3.449209931899764,-0.3037337442216225,-3.61626373684312,2.504631088951889,7.00791359627309,-3.816934028265683,3.1814719173118853,7.613566083281388,-2.7560635205697,4.580822543026013,-1.887026120195971,-2.082334802940544,-3.0184275542681647,6.162822805201493,-2.8786657423276667,-2.9696374377177337,7.082819098459304,-3.06972079602419,-3.375102069635989,-2.142959400247185,-3.7115737348296096,-2.325280873707844,0.660400589245295,1.234343258773705,4.553405483291818,7.282085266012966,-4.068247821627566,-3.7115737348296096,-3.7115737348296096,-0.4157387947492094,-1.7514806690902391,-3.7115737348296096,0.8423011778255621,-0.0899049769311893,1.985182131605289,-2.7560635205697,1.1254995240036918,-2.646864308180247,-2.8786657423276667,-1.887026120195971,-0.5293638113434523,4.23589072560959,-2.836106164140724,0.4780790375018454,4.966306713596091,-1.1238115492239733,2.2858708889280983,2.483645653872695,-2.9696374377177337,6.40298278786943,-0.4420067195982665,0.936653959778016,3.54838451402808,5.331434150890004,-1.52552423337044,-1.0725182623552183,-0.1619582905759185,3.754194051867664,1.347214613862173,1.721272533419291,4.173076074891496,3.615416057661706,2.5232270748001326,-3.1237879588149973,-2.062916724624918,-1.9711092091099744,-3.9347167861449446,-3.449209931899764,5.441876775153232,-1.7656653000580518,5.001217134657361,3.07152294182049,6.332047603326018,-1.439449643132727,7.228453648211126,-3.375102069635989,-2.9696374377177337,2.3923242460784357,-4.404718915395555,-0.0635182231505967,6.819565354533156,3.597904333985298,0.3208934591373955,1.9395089578555489,-0.218103016266012,-4.404718915395555,-3.529252511368377,4.255912395454816,2.681680518367828,6.318685427957754,-3.816934028265683,0.5553206206431308,1.4463294895111614,-1.9711092091099744,-0.7158433612736239,7.002815366947064,-4.068247821627566,5.722723855875654,-1.4291931450694717,4.586665110390794,-1.6447127221901092,0.0839134992884037,0.5951884422999024,-3.7115737348296096,0.5108688593473192,2.959444041855062,2.57925239321244,-1.988808779943713,3.5906511121358977,-3.816934028265683,-1.8397732502337585,1.220016366358207,2.963742948452065,-2.7560635205697,-1.2266689183729569,0.0771490995049104,-3.816934028265683,-0.9265643691324892,1.3943697511941826,2.8184268775309027,-1.350721545030361,8.296539752500275,-0.9837227757102744,-2.71832322107686,5.126685948348191,-3.306109293387001,1.0574125533678047,4.731798673815625,2.9901389031975856,-1.470865832785717,-2.229970739358043,-2.836106164140724,-1.1778787621400313,-1.1778787621400313,1.978783726253207,-1.6703551462277455,0.4473073797820615,-2.4032423746370366,3.007920397108112,-2.458812194903833,-0.8724971543599382,-3.449209931899764,-2.646864308180247,2.6786649355934444,-3.61626373684312,-0.902172918983192,-1.824505782764973,-3.7115737348296096,-0.7463025656655492,-3.1237879588149973,5.415578661463393,-1.9198159322662771,-0.9082152327089612,-2.4032423746370366,-2.350598668871628,-0.6814419379379338,0.7012225827554492,-2.082334802940544,-2.1855189965500466,-0.2775884658263368,-1.4498124280205078,4.288069287732974
CRR1090716,1,3.013585119748394,2.0124208605988243,-2.05852237025927,7.153742270826627,4.165348408087674,-3.242291542098424,-0.4865111867617093,-1.8559981809777,4.858131562110359,6.539102369936101,-0.169599499012356,3.967343196388764,-2.312756390491041,-1.023089246448348,2.549093397365561,-1.4617064820818628,1.212054436326515,6.214000913688303,-2.33942462334846,-1.632854696330137,-3.385392180611187,4.105006826171402,-3.311284318347412,-1.7162362820807886,-1.1796582825759026,7.438781040539746,6.0891435567073255,-1.0376880437382137,-2.8148479910390893,-2.5163552268868496,-0.4572815508880066,-2.366823582521567,5.012392041495599,-1.7914596806734555,-3.385392180611187,3.5726158546479745,8.254299934932014,5.440098320448177,6.735138826378841,-0.2399159929330454,2.5948543151822934,-3.753116276977106,5.666491852007923,0.8542714657024938,-0.1362124850065212,4.64042447878789,-2.692245769281123,-2.261463122419267,6.9906327078453225,-2.018517051651967,-2.9546098029795878,-0.2267579092212227,-2.8148479910390893,2.9731149058264226,7.040913395418163,3.355307477065611,1.839525490799773,-2.079141648958608,-3.6477559835410327,-2.261463122419267,6.1255069820610295,-2.189142495723345,-3.6477559835410327,-2.2867809175830507,-4.00443007033899,-3.6477559835410327,-3.6477559835410327,-0.3519210434606323,-1.687662917801662,0.3811588089478006,0.9061189291141392,-0.0260872256426122,2.0489998828938663,-2.692245769281123,1.1893172752922692,1.276592956495094,-2.8148479910390893,-1.823208368907394,-0.4655460600548751,-1.94300952766431,-2.7722884128521468,6.585932192676591,-2.484606548733547,3.6675934658907177,-1.4177433683260825,5.363472696441549,-2.905819686429157,7.099389391212665,-0.3781889683096895,-2.5163552268868496,-2.692245769281123,-0.8323491443558515,7.445501009650151,-1.0087005110666416,-3.6477559835410327,3.2705415112977976,-3.385392180611187,-1.580894970901532,0.2761936322800779,5.467985954075934,-0.612804900677919,-3.05997020752642,-1.999098973336341,-1.9072914578213969,-3.870899034856367,3.3137276197594474,5.080182239178854,-1.7018475487694746,-2.2367705220240115,2.898166227226914,6.125746160654519,3.643216795967275,0.1938426005110214,-3.311284318347412,5.733522758026056,7.026555125985566,1.0527224004352012,2.150728432650747,-1.345172690545007,-2.212672982059347,0.3847112104259726,-2.05852237025927,-0.1542852649774348,-4.340901164106978,-3.4654347600798,4.412403084344357,-1.8898997211591324,-0.9397076491034982,3.6023095899662527,0.619138371931708,-1.7456501586346942,-1.9072914578213969,3.7939142516051,-3.1777531042940783,3.855641895744225,6.109813227212508,-1.3653753937808948,-0.1097013610201469,-1.580894970901532,0.1477312505769809,-4.158580273977246,2.7478374520017605,-3.117128556006966,0.2582469898049979,-3.6477559835410327,-1.924991028655136,5.691503168679798,0.189541518796624,-1.7759554989451811,1.2838341176467842,-3.005903044735613,-2.692245769281123,-1.1628511670843795,-4.00443007033899,2.307561122116629,-0.8627466178439119,-1.4617064820818628,6.681990275360207,5.824546573037209,6.057839448716899,7.1823190858983,-2.654505469788283,3.626860167155136,-3.242291542098424,-2.484606548733547,-3.311284318347412,3.053956654486163,-1.4070480814971398,5.832288863709313,-2.7722884128521468,-1.1140610108514544,-1.8072080326812787,3.4248335395921043,-1.6065373949391688,0.5111251310706385,-2.33942462334846,4.545089151607082,-2.3949944436152566,-0.8086794030713611,-3.385392180611187,-2.5830465568916696,-1.6598833614121222,-3.5524459855545425,-0.8383551676946148,-1.7606880314763955,-3.6477559835410327,-0.6824848143769721,-3.05997020752642,-2.8148479910390893,-1.8559981809777,-0.8443974814203841,-2.33942462334846,-2.2867809175830507,-0.6176241866493566,0.7650403340440264,-2.018517051651967,2.975510116546003,7.169031839906734,-1.3859946767319304,4.35188703902155
CRR1012754,1,-2.0397427119726856,-3.8162331985820472,-2.3223095832867746,3.484299180435316,2.976211437949309,-3.506078755125929,-3.506078755125929,-2.1197853940052047,1.0258023161070882,-0.3910843349059684,-0.4333867120398606,-3.0360756258796515,6.280439096564148,5.916226938829678,1.9337368461504,2.094315235753713,-3.3237574205539246,5.668246157237306,5.634338409355756,-1.8966419093576417,-3.649179393638692,4.435381483610505,6.704529352968796,5.35019146468304,-1.4434454956034073,6.569515933334916,-1.265370257338453,-4.01690349000461,2.1729542210644426,7.679978856934328,-0.7210687639155113,-2.630610795549072,6.813117689112356,-2.05524689370096,-3.649179393638692,5.182575916641591,4.9901482007538105,1.2924615014992686,-3.649179393638692,3.7728708641232407,3.039844121350269,-4.01690349000461,5.011113103224531,-4.01690349000461,4.362250715018452,5.867784041453022,1.171100645912938,6.54499378850497,1.6257890783260147,-2.282304264679472,3.081286256607603,3.1396175474431303,-3.078635204066594,-3.169606899456661,1.5740812765783667,1.7289424348196225,-3.5750715313749164,1.6772004755807368,-3.9115431965685374,0.71146492719625,1.8054825114186317,-2.4529297087508497,-3.9115431965685374,-2.5505681306105554,1.5624047470139188,-3.9115431965685374,-3.9115431965685374,-0.615708256488137,-1.9514501308291663,-3.9115431965685374,0.6423317160866346,-0.2898744386701169,1.7852126698663613,-2.956032982308628,0.9255300622647644,-2.8468337699191744,-3.078635204066594,-2.0869955819348984,-0.7293332730823797,2.464160825602817,-3.0360756258796515,2.593640780410786,1.435562343674741,-1.323781010962901,1.605104172337072,4.846992892407344,3.027321079379388,5.584710688563971,-0.6419761813371943,2.8127679003556327,2.7940939007414456,3.999998740295213,2.0873913703429245,-1.272487724094146,-3.9115431965685374,3.725978447395231,1.858649049847218,5.259555262280045,4.428290099162247,4.898526542506743,4.460575979418095,-3.3237574205539246,-2.262886186363845,-2.171078670848902,-4.134686247883872,2.535443661692923,4.363627388275329,-1.9656347617969796,5.342563226233296,-2.603211836375964,6.596154492350756,-1.6394191048716549,-0.0699446125164833,-3.5750715313749164,-3.169606899456661,1.6250013665939702,-4.604688377134482,-0.4211166202008315,-1.6089599035725115,-2.476460195086852,0.120923997398468,1.1992370581973832,-0.4180724780049395,-4.604688377134482,-3.729221973107305,4.332473510455577,4.244276324826165,6.426266992823078,-4.01690349000461,0.3553511589042032,-2.009437371662199,3.6518630595861694,-0.9158128230125514,5.569844690732083,-4.268217283366495,4.935527116288873,-0.14108570937723,-0.3734885740476516,-1.8446821839290368,-0.1160559624505237,-4.422367487004751,0.9183672780739012,2.968427703459492,-0.0055402232225065,0.6774956278168732,-2.1887782416826407,5.457489801743095,-4.01690349000461,-2.0397427119726856,1.0200469046192795,4.1683206342121775,-2.956032982308628,-1.4266383801118845,0.0435373366362311,-4.01690349000461,-1.1265338308714166,3.442689167894132,2.822570728383732,-1.5506910067692885,7.313130034605482,-1.183692237449202,-2.918292682815788,-2.1032560975184733,-3.506078755125929,-2.748393761761052,5.958137351460668,2.790169441458658,-1.6708352945246443,-1.7367932478096753,-3.0360756258796515,1.533466557767881,-2.0709952457087835,-3.8162331985820472,-1.870324607966673,0.2473379180431338,-2.603211836375964,9.1077004815238,-2.6587816566427613,-1.0724666160988658,-3.649179393638692,-2.8468337699191744,4.455150633985308,-3.8162331985820472,-1.1021423807221191,-2.0244752445039005,-3.9115431965685374,-0.9462720274044768,0.6037003037754045,3.619471136583764,-2.1197853940052047,-1.1081846944478886,-2.603211836375964,-2.5505681306105554,-0.8814113996768613,0.5012531210165216,-2.282304264679472,-2.385488458288974,-0.4775579275652643,4.1636018871008895,4.088099825994046
CRR1090709,1,-0.3468536599621586,1.642010408628409,-2.260167982845801,3.5733286789400687,4.405385330543182,-3.443937154684955,1.9094981840608647,2.882330240996026,3.220980608004605,-4.072544647442898,2.9514344027361803,-2.9739340254386777,5.192967727517645,3.0089513346627283,2.9103156063482785,-1.6633520946683935,2.261176436311107,5.485329033690208,3.644581582183283,-1.141353261690029,-3.5870377931977178,2.627568769841042,2.719235958097354,1.3390989155759805,5.894466695468365,8.01032060319732,-0.5100815472595124,-3.261615820112951,-3.01649360362562,5.011152323852764,-0.6589271634745375,-2.568469195108098,-1.0044940960270932,-1.9931052932599864,-3.5870377931977178,-2.819783464658946,2.7969869213195686,-3.7540915981410734,4.219437863406329,5.138967535013885,-1.0521221393441988,-3.954761889563637,3.383618517080295,2.161863583180559,4.8241777704002144,-3.261615820112951,-2.893891381867654,-2.4631087350057976,2.3368050318901563,-2.2201626642384977,-3.156255415566118,4.549726520877098,7.768832783290371,3.927299204058994,3.896724116434125,-3.207548657322144,0.3552890531161483,-2.2807872615451386,-0.0427410619108004,-2.4631087350057976,2.044999243648929,0.4047896954475236,-3.849401596127564,5.681961744103943,-4.206075682925521,-3.849401596127564,-3.849401596127564,-0.553566656047163,-1.889308530388193,-3.849401596127564,0.7044733165276085,-0.2277328382291429,1.8473542703073351,-2.893891381867654,0.987671662705738,-2.7846921694782005,-3.01649360362562,0.40194474339623,-0.667191672641406,3.119446784097852,-2.9739340254386777,-3.01649360362562,-2.686252161320078,-1.2616394105219269,0.3788889677607945,3.632039424506078,-3.1074652990156872,8.041249834494863,-0.5798345808962203,-2.718000839473381,-2.200744585922872,4.168101716594422,5.818045117237244,3.545703951665423,2.806808659592682,-3.5129299309339426,-3.5870377931977178,7.905819994392453,6.48276416342395,6.726844739364594,5.350118468616915,-1.1821752506547292,-2.200744585922872,-2.1089370704079275,-4.072544647442898,-3.5870377931977178,2.105396971797549,-1.903493161356005,3.4748226714600103,4.805322969643097,3.244167130565637,-1.5772775044306806,3.733538539057649,-3.5129299309339426,-3.1074652990156872,-0.5171990145217908,-4.542546776693509,1.754190158644402,3.702518682245,5.564938281799554,0.1830655978394418,5.150116974472179,-0.3559308775639657,-4.542546776693509,-3.667080372666331,0.944732705931442,2.640409056274964,4.334998575229876,-3.954761889563637,0.4174927593451771,-0.0652139167527579,-2.1089370704079275,-0.8536712225715775,-0.5100815472595124,2.8720221070747187,1.9515055953109668,-1.5670210063674257,-0.3113469736066778,-1.7825405834880628,-0.0539143620095498,-4.360225886563776,-3.849401596127564,2.429117831792626,4.643701800171336,-3.849401596127564,-2.126636641241667,2.7841779630604715,-3.954761889563637,-1.977601111531712,6.25440913772594,2.0526831452986705,2.6425331657001387,-1.3644967796709104,-0.3528959740530246,-3.954761889563637,-1.0643922304304427,4.09940547836956,-2.8561510823748137,2.394374883481412,3.98173718800094,-1.1215506370082282,-1.3813038951624337,-2.0411144970774995,3.549994488429032,-2.686252161320078,-3.5129299309339426,2.852311041899632,-1.608693694083671,-2.367798600655997,-2.9739340254386777,-1.315706623437985,3.485317323715712,0.1056789370772049,-1.8081830075256995,0.3094795184841077,-2.54107023593499,9.21350697262528,6.314484756157556,-1.0103250156578918,-3.5870377931977178,-2.7846921694782005,0.7657169405176757,-3.7540915981410734,-1.0400007802811455,-1.9623336440629269,-3.849401596127564,1.8709081870392248,-3.261615820112951,7.671553528561638,0.502163856836805,-1.0460430940069148,-2.54107023593499,-2.4884265301695816,-0.8192697992358874,0.5633947214574955,-2.2201626642384977,6.216372859539303,-0.4154163271242903,6.313096456216198,4.15024142643502
CRR1090652,1,2.87103539968954,-3.641653230321112,-2.14772961502584,6.089760063444275,-3.0951102895021823,-3.331498786864993,4.070138062634047,-1.9452054257442697,-1.0289148938700676,-3.960106279622937,-0.2588067437789255,3.0418196716548875,8.155255207861085,-1.1122964912149174,-2.948506958850836,3.806837640254668,0.1258675749485779,5.903090490243427,5.763938062646319,0.2776144015487181,-3.474599425377756,-3.736963228307602,-3.4004915631139814,5.8122587564431365,-1.268865527342472,6.762905268413082,7.086442461876208,-3.8423235217436753,4.850015186056911,-2.60556247165342,-0.5464887956545763,-2.456030827288137,8.266892084992811,-1.8806669254400248,-3.474599425377756,4.764098581587255,-3.8423235217436753,2.817537816862685,-3.474599425377756,5.185079549986464,0.7335300772391823,-3.8423235217436753,6.878280245650557,-3.8423235217436753,5.876985199031846,7.356016821906205,2.2479781068448266,-2.3506703671858364,3.2239516006872204,-2.107724296418536,-3.043817047746157,-0.3159651539877922,-2.904055235805659,-2.995026931195726,6.794341338685358,-3.0951102895021823,-3.4004915631139814,0.2520188552957084,1.0062262730014664,1.855513184243489,4.154664662621941,3.166782031287028,-3.736963228307602,5.707798834478104,0.0195729210111198,-3.736963228307602,-3.736963228307602,-0.4411282882272018,-1.7768701625682315,0.1425346267392969,0.8169116843475699,3.63941773499406,1.9597926381272963,-2.7814530140476923,1.1001100305256997,-2.67225380165824,-2.904055235805659,-1.9124156136739636,-0.5547533048214446,2.8229332580207425,-2.861495657618716,4.42589313667417,4.6193547379923645,-1.1492010427019654,2.8092461324973867,4.497334407921437,-2.995026931195726,3.0363439564114176,-0.4673962130762588,-2.60556247165342,-2.7814530140476923,7.025433912065614,4.112982420852887,-1.0979077558332109,-3.736963228307602,5.21351573967906,3.983762625191904,-1.6701022156681016,5.466511643850555,4.820179178997197,5.532662401213938,-3.1491774522929896,1.680911382173188,-1.9964987025879664,-3.960106279622937,2.8249137368064834,6.420738095176699,-1.791054793536044,-2.325977766790581,-0.4865906588586537,5.983176242910505,-1.4648391366107194,0.104635355744452,-3.4004915631139814,4.743688452734573,4.503683635596736,1.5722920881719655,-3.736963228307602,-1.4343799353115765,2.491545779230354,0.2955039656594032,6.6851434837572254,6.151743655794205,4.050914600396091,-3.55464200484637,5.057526311110808,-2.67225380165824,-1.0289148938700676,-3.8423235217436753,0.5299311271651385,-0.7820548451052051,-1.9964987025879664,-0.7412328547516162,6.45029426213526,-4.093637315105559,5.692446414655221,-1.4545826385474645,-0.1989086057867164,-1.6701022156681016,0.0585240058104113,1.6932572178866148,-0.1646195342678439,2.354797044640584,0.1690397450384285,-3.736963228307602,-0.6102046046259127,5.131166485479041,-3.8423235217436753,-1.8651627437117504,1.1946268728802147,-3.0951102895021823,-2.7814530140476923,-1.2520584118509492,-4.093637315105559,-3.8423235217436753,-0.9519538626104812,-1.5509137268484323,-2.743712714554852,2.1266659529743133,8.510524754502754,-1.0091122691882668,-2.743712714554852,4.639861838714271,-3.331498786864993,-2.5738137935001166,8.164938175280884,2.964749409719593,3.989864788715949,-2.255360232836036,-2.861495657618716,-1.2032682556180236,5.479575879510947,3.969737651022296,3.54758129957221,0.4219178863040692,-2.428631868115029,1.0303238241657269,-2.484201688381826,-0.8978866478379306,-3.474599425377756,-2.67225380165824,-1.7490906061786915,-3.641653230321112,-0.927562412461184,-1.8498952762429648,-3.736963228307602,-0.7716920591435414,0.4061695298319616,-2.904055235805659,-1.9452054257442697,-0.9336047261869536,-2.428631868115029,3.967756560776865,-0.7068314314159262,0.6758330892774569,-2.107724296418536,-2.2109084900280385,-0.302977959304329,-1.4752019214985,4.262679794254981
CRR1090707,1,1.0250347264386446,-3.7774930904531496,-2.283569475157877,3.8626282649361743,5.680230971535598,-3.4673386469970318,0.7060211427447302,-2.081045285876307,2.226167670875973,-4.095946139754974,3.5850349894164064,-2.997335517750754,8.501270422298752,-1.2481363513469552,0.7773384823136413,-1.6867535869804695,-3.285017312425027,-0.1256566790299176,-2.5644717282470664,-1.857901801228744,3.4013972330183178,2.630884106345846,-3.536331423246019,-1.941283386979396,0.7906340245423515,6.9809107470390055,6.059881978600038,-3.9781633818757127,1.0295023436318282,-2.741402331785457,7.05488006695028,-2.5918706874201742,2.2243699175908818,-2.016506785572062,-3.610439285509794,4.66458281065612,3.928422553156437,-3.7774930904531496,-0.8572700895482581,-0.4649630978316523,1.4354626188645547,-3.9781633818757127,4.57486652074875,-3.9781633818757127,4.555644317581163,-3.285017312425027,-2.91729287417973,6.454269048663592,-0.1990392213723316,1.0220451876349652,-3.1796569078781944,4.768197389058304,6.762713762756492,-3.1308667913277635,-0.4355972049437718,-3.23095014963422,-3.536331423246019,0.273499244360741,1.874036882064704,-2.486510227317874,1.716688247290275,1.1897899572475548,-3.87280308843964,2.932031138753459,-4.229477175237597,-3.87280308843964,-3.87280308843964,-0.5769681483592394,-1.912710022700269,-3.87280308843964,1.3742189942491618,-0.2511343305412191,1.823952777995259,-2.224146078234948,0.964270170393662,-2.8080936617902768,-3.0398950959376965,-2.048255473806001,-0.6905931649534822,4.036170133938819,-2.997335517750754,1.8791324344588485,-2.709653653632154,-1.285040902834003,1.239182711967096,3.163695148193456,3.3791071113418925,6.38949611943269,-0.6032360732082964,-2.741402331785457,3.8960664225193766,6.175803931656285,2.3698072102836862,2.874311846930205,2.509349284579302,1.1203449048861172,-3.610439285509794,-1.805942075800139,6.449228311810983,5.717025958011313,6.134555874653435,1.1821660322337697,-2.224146078234948,-2.132338562720004,-4.095946139754974,-3.610439285509794,5.05262270609263,-1.926894653668081,4.275409204019346,2.9800715311473325,3.8477453342575703,-1.6006789967427568,-0.0312045043875855,-3.536331423246019,-1.8186810983318704,4.658724839472956,-4.565948269005585,-0.9713833844647862,-1.570219795443614,-2.4377200869579543,0.1596641055273657,5.062229639751525,-0.3793323698760419,-4.565948269005585,7.074859686106909,0.590801556270139,0.5532384555764606,-1.1647547540021053,-0.8475139155547303,0.3940912670331009,-1.970697263533301,-2.132338562720004,-0.8770727148836537,1.6661027508899624,1.7929293255062388,6.80646437479894,-0.540600506833867,-0.334748465918754,4.947717121301898,-0.0773158543216261,-3.6904818649784072,-3.87280308843964,3.087352871235439,5.835846933245681,-3.87280308843964,-2.150038133553743,1.0787876791691038,-3.9781633818757127,-2.001002603843788,1.058787012748177,5.220034708211484,-2.91729287417973,-1.3878982719829869,-4.229477175237597,-3.9781633818757127,-1.087793722742519,2.8785302736118297,1.851433401317622,-1.511950898640391,6.6485617693616845,-1.1449521293203042,-0.3060932118007374,-2.064515989389576,-3.4673386469970318,-2.709653653632154,-3.536331423246019,2.828909549587556,-1.632095186395747,-2.391200092968073,-2.997335517750754,-1.3391081157500613,4.351465657592606,-3.7774930904531496,-1.831584499837776,0.2860780261720315,0.463177633912845,3.020851268193393,7.691471069291821,-1.033726507969968,-3.610439285509794,-2.8080936617902768,-1.8849304663107291,-3.7774930904531496,-1.0634022725932215,-1.9857351363750029,-3.87280308843964,3.273336972847196,-3.285017312425027,6.664122102249225,-2.081045285876307,-1.069444586318991,-2.5644717282470664,-2.511828022481658,-0.8426712915479637,0.5399932291454193,-2.243564156550574,2.503581668949695,-0.4388178194363666,5.858897205178162,4.126839934122944
CRR1090729,0,2.4646841162952464,-3.472610380957885,-1.9786867656626128,5.464223906742103,4.426507551809501,-3.162455937501767,-3.162455937501767,-1.7761625763810427,-2.779464109487609,-3.79106343025971,2.615814059938142,-2.692452808255489,8.035646027582299,9.371028126404855,-2.779464109487609,-0.6887238092847918,0.1886157703743465,-2.6124101646844657,3.2051579990014893,-1.5530190917334796,-3.3055565760145296,-3.5679203789443754,-3.2314487137507544,-1.636400677484131,-1.0998226779792453,7.513909352436644,-0.9217474397142912,-3.6732806723804488,-2.735012386442432,-2.4365196222901924,-0.3774459462913493,-2.28698797792491,0.1058434881229327,2.830339724836444,-0.7953335317026019,-1.53977386849223,-3.6732806723804488,-3.472610380957885,-3.3055565760145296,-0.160080388336388,-1.3487186774961002,-0.928864906469984,7.371344153125788,0.7706747239138304,3.4241740503117475,-2.9801346029297626,-2.6124101646844657,-2.18162751782261,0.7939015739241904,-1.938681447055309,0.1932777832628137,4.910072499485695,-2.735012386442432,-2.825984081832499,9.307079034611878,-2.926067440138956,-3.2314487137507544,-1.99930604436195,-0.0240686390752303,-2.18162751782261,3.856362227915605,-1.0830155624877222,-3.5679203789443754,2.19538608130926,-3.924594465742332,-3.5679203789443754,-3.5679203789443754,-0.272085438863975,-1.6078273132050045,-3.5679203789443754,0.9859545337107968,0.0537483789540452,2.128835487490523,-2.6124101646844657,1.2691528798889264,-2.5032109522950123,3.677304638421202,-1.7433727643107364,-0.3857104554582178,3.3830839439494182,-2.692452808255489,3.117938570622863,-2.4047709441368896,5.726244303262581,2.209110563649205,2.5532537790790077,1.46120751087905,5.793524042846792,-0.2983533637130321,-2.4365196222901924,2.248593371656991,4.251472834502218,1.827521707410794,-0.928864906469984,-3.5679203789443754,3.341231922950673,-1.2855397891842373,4.4760620529212325,3.691334486611758,5.28999115624001,-0.5329692960812615,-2.9801346029297626,-1.9192633687396832,-1.82745585322474,-3.79106343025971,-1.3272124769004825,6.391274204346417,0.0590817246449612,3.605422727550233,-2.259589018751802,5.143751480420931,-1.2957962872474924,5.94670641379652,-3.2314487137507544,-2.825984081832499,3.8960142266733375,-4.26106555951032,-3.5679203789443754,6.857941826668729,4.179847157272667,0.46454681502263,-1.2855397891842373,-0.0744496603807775,-4.26106555951032,-3.385599155483143,1.4767922416933406,-2.5032109522950123,-0.8598720445068408,-3.6732806723804488,0.6989739765283653,1.051150731938573,-1.82745585322474,-0.5721900053883895,4.600620726486791,-3.924594465742332,1.9543382270840404,-1.2855397891842373,-0.0298657564234896,-1.5010593663048748,0.2275668551736382,-4.078744669380588,-3.5679203789443754,1.3209218731601988,5.781745058428895,-3.5679203789443754,-1.8451554240584789,4.2703420699401775,-3.6732806723804488,-1.6961198943485236,5.8313840927119935,5.8755118753596,-2.6124101646844657,-1.0830155624877222,-3.924594465742332,-3.6732806723804488,-0.7829110132472545,3.140405877784274,0.5494874887840107,3.0518841280268143,8.40883143744551,3.1345292693096782,-2.5746698651916256,2.016325534531784,2.232381668757716,-2.4047709441368896,-3.2314487137507544,3.13379225908282,-1.3272124769004825,3.988191898855379,-2.692452808255489,-1.034225406254797,-1.7273724280846214,-3.472610380957885,-1.5267017903425113,2.740176066210142,-2.259589018751802,1.6070967825733846,6.943127232360222,-0.7288437984747038,-3.3055565760145296,-0.9146802734900998,-1.580047756815465,-3.472610380957885,-0.7585195630979573,-1.6808524268797385,-3.5679203789443754,-0.6026492097803147,-2.9801346029297626,-2.735012386442432,-1.7761625763810427,-0.7645618768237266,-2.259589018751802,-2.2069453129863934,-0.5377885820526993,0.8448759386406838,-1.938681447055309,0.9538662198457948,0.9341070702991512,4.605371060588027,4.431722643618208
CRR1090662,0,-1.8588938606865344,-3.635384347295896,-2.141460732000624,5.884842432708785,4.239214686050665,-3.325229903839777,4.350098191876612,-1.9389365427190537,-2.94223807582562,-3.953837396597721,-0.2525378607537095,-2.8552267745935,4.725854724591296,-1.1060276081897016,-2.94223807582562,-1.5446448438232163,-3.1429085692677736,4.501158691760608,6.859980675891738,-1.7157930580714904,3.682309044341265,2.0300963903898235,2.9739630801416985,2.884297318186918,2.41477601859327,8.187695561143784,-1.084521406052302,-3.8360546387184593,-2.897786352780443,-2.599293588628204,-0.5402199126293602,-2.449761944262921,4.79862302632887,1.3101448038095458,-3.468330542352541,3.3386674505997123,5.851786725875497,0.8603749366121789,-3.468330542352541,5.830441733602478,-3.635384347295896,0.1570340085623207,4.688266406961724,-3.8360546387184593,3.4151305071764897,7.052824511148698,-2.082037335077694,7.614099183802597,-1.9061467306487476,-2.1014554133933205,-3.037548164720941,5.357498991562278,-2.897786352780443,-2.98875804817051,-0.2934884617865184,-3.0888414064769667,-3.3942226800887654,-2.162080010699961,-3.7306943452823855,-2.3444014841606204,4.066923552160805,-0.6673053297946411,5.565216035141354,5.227766583065774,-4.087368432080343,-3.7306943452823855,-3.7306943452823855,-0.4348594052019859,-1.7706012795430155,-3.7306943452823855,0.8231805673727857,-0.1090255873839657,1.9660615211525123,-2.7751841310224767,1.1063789135509154,-2.665984918633024,-2.897786352780443,-1.9061467306487476,-0.5484844217962286,-2.025947889405664,-2.8552267745935,3.1383181074643223,-2.5675449104749006,-1.1429321596767497,2.5365042070560424,3.483219228871841,-0.2838883886719132,7.772879548364727,-0.4611273300510429,2.0300963903898235,6.22918099253754,6.843989258482449,4.685615174797055,3.217240725255812,2.182806665763289,2.404435555970888,4.280857749720378,7.1102835873789445,4.628532236315063,4.747548096413163,3.4250121654853274,2.0116656177576577,-2.082037335077694,1.896205092239281,-3.953837396597721,-3.468330542352541,6.939026196969329,-1.7847859105108284,3.265619112511727,-2.422362985089813,3.4744932990816526,-1.4585702535855034,6.066407946661456,-3.3942226800887654,-2.98875804817051,3.7982803757646826,-4.423839525848331,-3.7306943452823855,-1.4281110522863605,-1.0774542398281106,0.301772848684619,4.4815465326601736,-0.2372236267187883,-4.423839525848331,-3.548373121821154,4.604447252836472,-0.0074154161399401,-1.0226460108448516,-3.8360546387184593,3.052855332506937,-1.828588520376048,1.52052942421598,-0.7349639717264003,3.782794658342072,-1.0774542398281106,5.328053400699227,-1.448313755522248,5.676443602834675,-1.6638333326428856,0.0647928888356273,-0.1753482266481172,-3.7306943452823855,1.7851488418412764,6.133956819573165,-3.7306943452823855,-2.0079293903964897,1.4249047306000804,-3.8360546387184593,-1.8588938606865344,1.2008957559054307,3.672486616506265,-2.7751841310224767,-1.2457895288257332,-4.087368432080343,-3.8360546387184593,-0.9456849795852654,2.8748721777527155,3.808862485083908,3.735531212079259,9.16962487405845,-1.0028433861630508,1.2997415891839443,-1.9224072462323225,1.412136130109498,1.8315225727345192,-3.3942226800887654,2.971018292744809,-1.4899864432384933,-2.24909134981082,0.0848158038197783,-1.1969993725928076,4.241493771258119,3.877479599220947,-1.689475756680522,0.428186769329285,3.504634571256545,0.383450876917632,8.243656074197325,1.5825096436136177,-3.468330542352541,-2.665984918633024,-1.7428217231534755,-3.635384347295896,-0.9212935294359684,-1.8436263932177492,-3.7306943452823855,-0.7654231761183256,-3.1429085692677736,6.4461334541787805,-1.9389365427190537,-0.9273358431617374,-2.422362985089813,-2.3697192793244044,-0.7005625483907102,0.6821019723026729,-2.1014554133933205,-2.204639607002823,-0.2967090762791132,4.835363198260049,4.268948677280197
CRR1090712,0,4.556727851536268,-3.29930819241309,-1.8053845771178167,0.2376889651380135,-2.7527652515941603,-2.9891537489569715,-2.9891537489569715,-1.6028603878362473,-2.6061619209428137,5.654565027833435,0.0835382941290967,-2.519150619710694,-2.059618597349589,-0.7699514533068954,-2.6061619209428137,-1.20856868894041,2.5450246132465346,-2.4391079761396703,-2.086286830207007,-1.3797169031886842,-3.132254387469734,-3.39461819039958,2.5761313202175056,-1.463098488939336,-0.92652048943445,-3.499978483835653,-0.7484452511694958,0.2270505674988405,-2.5617101978976367,-2.263217433745397,-0.204143757746554,-2.1136857893801144,9.84452162934286,-1.5383218875320026,-3.132254387469734,-3.058146525205959,-3.499978483835653,6.703257466907638,-3.132254387469734,0.0132218002084072,-3.29930819241309,-3.499978483835653,5.199274749652501,-3.499978483835653,0.1169253081349315,-2.8068324143849672,-2.4391079761396703,-2.0083253292778145,-1.570070575765941,-1.765379258510514,-2.701472009838134,0.02637988392023,-2.5617101978976367,-2.652681893287704,0.0425876930962878,-2.7527652515941603,-3.058146525205959,3.1452547436930023,-3.39461819039958,2.690334704351475,8.02645968615643,-1.9360047025818925,-3.39461819039958,9.686285573861268,-3.7512922771975368,-3.39461819039958,-3.39461819039958,-0.0987832503191795,-1.434525124660209,2.3438857267561564,1.159256722255592,0.2270505674988405,2.3021376760353185,-2.4391079761396703,1.4424550684337218,-2.329908763750217,-2.5617101978976367,-1.570070575765941,-0.2124082669134223,6.71279547380976,-2.519150619710694,-2.5617101978976367,-2.2314687555920942,-0.8068560047939434,-1.1646055751846294,-1.8470572561497427,-2.652681893287704,-0.6999928744923847,-0.1250511751682367,-2.263217433745397,4.587318064012646,-0.5792113512143987,5.921358658781539,-0.7555627179251887,-3.39461819039958,3.623423444269832,4.165772726847633,-1.3277571777600792,0.5293314254215307,0.3804370058289672,-0.3596671075364663,-2.8068324143849672,-1.745961180194888,-1.6541536646799442,-3.6177612417149145,2.901752213513208,6.045688391998822,-1.448709755628022,-1.9836327288825588,-2.086286830207007,3.214729055465218,-1.122494098702697,2.980404632837671,-3.058146525205959,6.9173545658455,8.64822150751595,-4.087763370965525,-3.39461819039958,-1.0920348974035543,-1.9595351889178945,0.6378490035674255,-1.8053845771178167,0.0988525281640178,-4.087763370965525,-3.2122969669383474,-2.4783286585237447,-2.329908763750217,-0.6865698559620454,-3.499978483835653,0.8722761650731606,-1.4925123654932415,-1.6541536646799442,-0.3988878168435941,-2.9246153111526256,-3.7512922771975368,-0.1638157156127252,-1.112237600639442,0.1434364321213058,-1.3277571777600792,0.4008690437184337,-3.905442480835793,-3.39461819039958,-2.863990762865513,0.5113847829464507,-0.9097133739429272,-1.6718532355136833,5.424069217599693,-3.499978483835653,-1.5228177058037284,1.5369719107882371,-2.7527652515941603,-2.4391079761396703,-0.9097133739429272,-3.7512922771975368,-3.499978483835653,-0.609608824702459,-1.20856868894041,7.597432681984524,4.286201893243566,7.109449591359003,-0.6667672312802446,-2.40136767664683,-1.586331091349516,-2.9891537489569715,-2.2314687555920942,-3.058146525205959,3.307094447627616,-1.153910288355687,-1.9130151949280128,-2.519150619710694,-0.8609232177100016,-1.554070239539826,-3.29930819241309,-1.353399601797716,0.7642629242120913,-2.086286830207007,8.055237671126376,-2.141856650473804,-0.5555416099299084,-3.132254387469734,-2.329908763750217,-1.4067455682706695,-3.29930819241309,-0.585217374553162,-1.507550238334943,-3.39461819039958,-0.4293470212355192,-2.8068324143849672,-2.5617101978976367,-1.6028603878362473,-0.5912596882789313,-2.086286830207007,-2.033643124441598,-0.364486393507904,1.018178127185479,-1.765379258510514,-1.8685634521200165,0.039367078603693,-1.132856883590478,4.605024832163003
CRR1090703,0,4.603192433980931,1.897340848144451,-2.1236276735930653,5.667321120554956,2.936639266270863,-3.307396845432219,4.537495665126796,-1.9211034843114956,-2.0264639629322976,3.675464573941137,-0.2347048023461512,5.397678849245458,-2.377861693824837,-1.0881945497821433,1.6512418295765077,-1.5268117854156582,3.450309105523001,4.080805988149422,-2.404529926682254,-1.697959999663932,-3.450497483944982,-3.712861286874828,-1.9211034843114956,-1.781341585414584,-1.2447635859096975,4.142913922919931,-1.066688347644744,2.5963274576743216,2.8796331546285217,-2.581460530220645,-0.5223868542218019,-2.4319288858553625,-2.083622354985762,-1.856564984007251,-3.450497483944982,1.217284770761608,-3.818221580310901,4.965019161550873,-3.450497483944982,-0.3050212962668406,-3.617551288888338,-1.410277993878802,3.610439436878943,1.6596334871345109,3.691050580049626,4.084920881615826,1.062893216554203,-2.326568425753062,-1.888313672241189,-2.083622354985762,-0.454766671928272,-0.2918632125550181,7.424073344582749,-2.970924989762952,4.8031291843673705,0.8721042122059067,2.18264087459282,4.756441334236057,0.3914316392057405,1.7295544323069738,6.309171453814117,-2.2542477990571403,-3.712861286874828,-2.351886220916846,-4.069535373672784,-3.712861286874828,-3.712861286874828,-0.4170263467944276,-1.7527682211354572,-3.712861286874828,0.841013625780344,2.521547442767112,1.9838945795600709,-2.757351072614918,5.743461780155314,-2.648151860225465,-2.8799532943728847,-1.888313672241189,-0.5306513633886705,4.617952132901474,-2.837393716185942,5.511005166780359,-2.5497118520673423,-1.125099101269191,1.395503507808661,3.462779438762898,1.6605615614384517,4.305366973978735,-0.4432942716434846,-2.581460530220645,2.9657303709846263,6.810426260051235,4.442211601513158,-1.0738058144004368,-3.712861286874828,1.9332900820088836,2.534018375972626,5.727906033506788,3.1994814464339583,5.633946657222896,-0.6779102040117143,-3.1250755108602157,-2.064204276670136,-1.972396761155192,1.7076717212490151,2.955364964085871,2.766874482599059,0.6914139811857506,-2.301875825357807,0.2071279278870337,7.302968504750403,-1.440737195177945,0.1287372971772261,-3.376389621681207,4.670935645829887,6.4170265017721695,-4.406006467440773,3.608457537573917,-1.410277993878802,-2.2777782853931425,0.3196059070921774,2.6897170431666835,-0.2193905683112302,-4.406006467440773,-3.5305400634135955,5.182519734790531,-2.648151860225465,1.866866546660564,2.931186831642465,0.5540330685979127,4.957703139724595,2.775429377399578,3.854172104192124,3.4988410385007587,3.014568440373237,3.119090280850524,-1.43048069711469,-0.1748066643539422,-1.6460002742353277,0.0826259472431857,1.558082893156569,-3.712861286874828,-3.1822338593407613,0.1931416864712028,1.5944138309574831,0.6962920395202059,3.5984886904932725,-3.818221580310901,1.1058040895327563,1.218728814312989,-3.0710083480694084,-2.757351072614918,-1.227956470418175,-4.069535373672784,2.468394836003459,-0.2347048023461512,-1.5268117854156582,4.936865802177177,4.378580453744832,4.43210613079543,4.088036915294884,-2.719610773122078,1.3253871872265697,-3.307396845432219,-2.5497118520673423,-3.376389621681207,2.988851351152368,-1.4721533848309352,7.769656577443861,-2.837393716185942,-1.1791663141852495,-1.8723133360150737,-3.617551288888338,0.1026488622273366,4.266338613389674,-2.404529926682254,5.609805270255524,-2.460099746949052,-0.8737847064051565,-3.450497483944982,-2.648151860225465,-1.7249886647459174,-3.617551288888338,-0.90346047102841,-1.8257933348101911,-3.712861286874828,-0.7475901177107673,-3.1250755108602157,-2.8799532943728847,-0.169009547005683,-0.9095027847541792,-2.404529926682254,-2.351886220916846,-0.682729489983152,0.699935030710231,-2.083622354985762,-2.186806548595265,-0.2788760178715549,-1.4510999800657258,4.286781735687756
CRR1090718,1,4.43055441260159,0.4321219314247434,-1.993222085149814,0.0498514571060164,-2.940602759626157,-3.1769912569889684,3.811666565114269,-1.7906978958682442,0.6858401989271657,-3.805598749746912,-0.1042992139029002,3.3270959644903457,6.370600665967459,-0.9577889613388924,1.8634172411042016,-1.396406196972407,3.3647105848321024,8.585665905041173,-2.2741243382390035,-1.5675544112206812,-3.320091895501731,5.307016033979445,2.3272543522320817,-1.650935996971333,1.7731847441805997,7.996646816293732,5.483296111619055,1.6843690113470062,0.5051979091987734,-2.451054941777394,6.289580465936155,3.4439691120462577,-1.953216766542511,-1.7261593955639996,-3.320091895501731,5.53824238968016,7.011087266294571,1.3048793944051411,-3.320091895501731,-0.1746157078235897,4.912408081511601,-3.68781599186765,1.5486237605628768,0.3093626404973752,4.998836418768348,2.8214475738331566,5.879652553804623,-2.1961628373098114,-1.7579080837979382,-1.953216766542511,-2.889309517870132,-0.161457624111767,-2.7495477059296336,-2.8405194013197006,-0.145249814935709,-2.940602759626157,3.028238348979972,0.9881210634928288,-3.582455698431577,-2.1961628373098114,9.355240738605811,-2.123842210613889,-3.582455698431577,6.82652730841469,-3.9391297852295337,-3.582455698431577,-3.582455698431577,-0.2866207583511765,-1.622362632692206,-3.582455698431577,0.971419214223595,0.0392130594668435,2.114300168003321,-2.6269454841716677,1.254617560401725,-2.517746271782214,-2.7495477059296336,-1.7579080837979382,-0.4002457749454193,-1.8777092425548545,1.598201635898821,-2.7495477059296336,-2.419306263624091,2.307527685262585,2.516963994671828,4.209395645430687,-2.8405194013197006,7.858617244449634,-0.3128886832002337,-2.451054941777394,-2.6269454841716677,7.959558498108576,5.150717461595528,-0.9434002259571856,-3.582455698431577,1.6193487787508316,-3.320091895501731,5.782456121309191,6.268725522582631,7.811497276161387,-0.5475046155684632,-2.994669922416964,-1.9337986882268847,1.29273964003875,1.780710649810147,4.08432613116226,5.371828459033501,-1.636547263660019,-2.171470236914556,-2.2741243382390035,6.924930434206944,-1.310331606734694,2.80509479833871,-3.245984033237956,5.730691937708202,7.648086287781358,-4.275600878997522,0.1646907109781452,-1.2798724054355513,-2.1473726969498914,0.4500114955354284,3.99732326551174,-0.0889849798679791,-4.275600878997522,-3.4001344749703444,-2.6661661665557417,2.577905389363192,-0.8744073639940424,1.4268433860046768,0.6844386570411638,6.161330475466192,-1.841991172711941,-0.586725324875591,2.4827218911453675,2.226285217865512,2.967765129059292,-1.300075108671439,-0.0444010759106911,-1.5155946857920763,0.2130315356864366,-4.09327998886779,-3.582455698431577,-3.05182827089751,0.3235472749144538,-3.582455698431577,-1.85969074354568,4.8797300543725495,-3.68781599186765,-1.7106552138357254,1.34913440275624,-2.940602759626157,1.366302206132988,-1.0975508819749238,-3.9391297852295337,1.1216524535293595,-0.7974463327344561,-1.396406196972407,5.939168961768059,4.167468033366494,4.301139417806989,-0.8546047393122416,-2.589205184678827,0.5511076089970864,-3.1769912569889684,-2.419306263624091,-3.245984033237956,3.1192569395956187,-1.341747796387684,2.381635657021019,-2.706988127742691,-1.0487607257419984,-1.741907747571823,-3.4871457004450868,-1.541237109829713,0.5764254161800944,-2.2741243382390035,7.785275506666747,-2.329694158505801,-0.7433791179619054,-3.320091895501731,-2.517746271782214,-1.5945830763026665,-3.4871457004450868,-0.7730548825851589,-1.69538774636694,-3.582455698431577,-0.6171845292675163,-2.994669922416964,-2.7495477059296336,-1.7906978958682442,-0.7790971963109281,-2.2741243382390035,-2.221480632473595,-0.5523239015399009,0.8303406191534821,-1.953216766542511,5.76215129452651,5.694157187164401,3.0903344549627323,4.417187324131007
CRR1090660,1,-1.7410410180442095,-3.517531504653572,-2.0236078893582987,6.159646587131348,-2.970988563834642,-3.2073770611974526,4.009037364268452,-1.8210837000767288,1.720841017399776,-3.835984553955396,-0.1346850181113847,2.883629785931848,-2.2778419095900704,8.039515155040291,-2.8243852331832957,-1.4267920011808914,-3.0250557266254487,-2.657331288380152,-2.304510142447488,-1.5979402154291655,2.740134268532009,3.238553044790645,1.7304472391129355,-1.6813218011798174,0.3687056027521269,8.332521305804004,-0.9666685634099772,-3.7182017960761344,6.141412916019787,-2.4814407459858785,-0.4223670699870354,0.1152567127060778,4.4226944429594655,-1.756545199772484,-3.350477699710216,-3.2763698374464405,6.5885313712779485,-2.8243852331832957,-3.350477699710216,-0.2050015120320742,2.4212014967966056,-3.7182017960761344,7.260050814001389,-3.7182017960761344,5.326999621902564,6.12312440245009,3.93834336570906,8.960851840891072,-1.7882938880064223,-1.9836025707509957,-2.919695322078616,5.518864833082956,-2.779933510138118,-2.870905205528185,-0.1756356191441935,0.707307754913477,-3.2763698374464405,1.412351955930128,-3.6128415026400615,-2.226548641518296,0.5918491466036503,-2.154228014822374,-3.6128415026400615,-2.2518664366820795,-0.3547468876935055,-3.6128415026400615,-3.6128415026400615,-0.317006562559661,-1.6527484369006906,-3.6128415026400615,0.9410334100151104,0.008827255258359,2.0839143637948374,-2.657331288380152,1.2242317561932403,-2.5481320759906985,-2.779933510138118,-1.7882938880064223,-0.4306315791539038,6.875259023690282,-2.737373931951175,4.780236661379778,-2.449692067832576,-1.0250793170344248,3.620323067050324,4.7670167943359605,-2.870905205528185,7.263352921714826,-0.3432744874087182,1.008200052191359,4.491195092790263,4.220598230651111,3.571178947497778,-0.9737860301656702,-3.6128415026400615,4.209040172855278,2.8971171775172078,-1.5459804900005607,4.839704495711357,5.643101011334221,4.759647564232806,5.17833843440209,-1.0478939913303829,-1.8723769769204257,-3.835984553955396,1.5542255887025296,6.867656211132666,-1.6669330678685037,-2.2018560411230403,-2.304510142447488,4.702429324404991,-1.3407174109431783,0.2287570814119926,-3.2763698374464405,-2.870905205528185,1.3056765171702711,-4.305986683206006,-2.514230547303508,-1.3102582096440358,4.052722471167126,0.419625691326944,5.13650848073643,-0.1193707840764636,-4.305986683206006,-3.430520279178829,4.308329219674906,-2.5481320759906985,-0.904793168202527,-3.7182017960761344,0.6540528528326791,-1.710735677733723,-1.8723769769204257,-0.6171111290840754,5.586597688671312,0.3981194868768715,4.731566497278359,-1.3304609128799234,-0.0747868801191757,-1.5459804900005607,0.1826457314779522,1.372132058357507,0.9045877908760838,-3.0822140751059948,0.2931614707059692,0.5707322237997863,-1.8900765477541648,7.258638791842538,-3.7182017960761344,-1.7410410180442095,1.3187485985477556,4.396453105182782,-2.657331288380152,-1.1279366861834084,0.2201363387396739,-3.7182017960761344,-0.8278321369429406,-1.4267920011808914,4.131293125856479,3.189773460442499,7.31694726028863,-0.8849905435207261,-2.619590988887312,4.8759090615578655,-3.2073770611974526,-2.449692067832576,-3.2763698374464405,3.088871135387134,-1.3721336005961686,-2.1312385071684945,-2.737373931951175,-1.079146529950483,4.489318976406077,6.274341888916726,-1.5716229140381974,3.307235528008411,3.4109154538813256,3.0871493295300096,-2.360079962714285,-0.7737649221703898,-3.350477699710216,-2.5481320759906985,-1.624968880511151,-3.517531504653572,-0.8034406867936434,-1.7257735505754246,-3.6128415026400615,-0.6475703334760008,-3.0250557266254487,9.379936336248107,-1.8210837000767288,-0.8094830005194127,-2.304510142447488,-1.558719512532292,-0.5827097057483854,0.7999548149449976,-1.9836025707509957,-2.086786764360498,-0.1788562336367883,-1.3510801958309593,4.386801519922522
CRR1090622,1,1.168179565571922,-3.8375936456421833,-2.3436700303469107,7.143519051003699,3.241052677662687,-3.527439202186065,0.3069812527045285,-2.141145841065341,-0.1952359777242588,-3.462900764381719,-0.4547471590999967,-3.057436072939788,7.123925408915531,5.9543508959006735,0.4340073786178701,-1.7468541421695036,-0.1351717397576067,0.2038596664282605,4.9718330548662655,-1.9180023564177775,-3.670539840698828,3.1626561240375377,2.666420492481463,3.813567940099156,3.5350366898013825,6.12462401149956,4.813142756807251,-4.038263937064746,-2.0159827373270085,7.469374253278378,7.55449276071874,-2.651971242609208,4.490899519907046,-2.0766073407610963,-3.670539840698828,3.5392539411600805,5.031713202277761,-3.8375936456421833,-3.670539840698828,5.596528254900744,0.5002893013745762,0.3978277229754466,2.8151502589441044,-4.038263937064746,5.451135903017962,7.472075971772404,1.6765661588842933,7.195321581413641,-2.1083560289950345,-2.303664711739608,-3.239757463067228,6.3865714405398,-3.09999565112673,-3.1909673465167976,5.990639405782448,-3.291050704823254,-3.5964319784350525,-2.3642893090462485,-0.229137527757904,-2.546610782506908,1.3684072418712512,0.4835224419191292,4.05448295810521,3.328881089752484,-4.289577730426631,-3.9329036436286735,-3.9329036436286735,-0.637068703548273,-1.9728105778893024,-3.9329036436286735,0.6209712690264985,-0.3112348857302529,1.7638522228062252,-2.977393429368764,0.9041696152046282,-2.8681942169793104,-3.09999565112673,-2.1083560289950345,-0.7506937201425159,-0.0089540278075627,-3.057436072939788,0.9269067762388744,3.596393398129945,4.196210389872284,2.8209989128698365,5.201503556931463,-3.1909673465167976,-1.2382783277214782,-0.6633366283973301,0.4835224419191292,3.92812782005085,3.50500718859797,3.550338773572036,5.053590932171081,0.507389922756089,1.0313366248663518,2.9480949001008754,7.06008281474274,6.470405228753184,5.18661246299475,1.3390677578487014,-3.3451178676140607,-2.2842466334239813,1.2466281981926572,-4.156046694944008,-3.670539840698828,4.11767017932573,-1.9869952088571152,6.174754646955852,-2.6245722834361005,4.67515149445994,-1.6607795519317907,5.040445770466731,-3.5964319784350525,-3.1909673465167976,-3.462900764381719,0.099563550338332,2.9548509908891734,-1.6303203506326478,4.340022500363916,0.099563550338332,4.5183186712746295,-0.4394329250650757,-4.626048824194618,5.555202819438971,3.4623247467415537,-2.8681942169793104,0.94837999361624,0.5669040489258133,0.3339907118440671,-2.030797818722335,-0.1578484474001262,-0.9371732700726876,0.343760503167159,-4.289577730426631,4.392981753808437,-1.6505230538685356,5.076566235793469,-1.866042630989173,-0.1374164095106598,1.191058347681347,-3.9329036436286735,2.338838649944189,1.944269762684562,0.514440480587054,-2.2101386887427767,2.0675186498081817,-4.038263937064746,-2.0611031590328217,0.9986864575591436,2.955258987630027,-0.4006799410785837,-1.4479988271720206,-3.462900764381719,-4.038263937064746,-1.1478942779315526,2.256589758082165,2.02861503226022,2.927128901241807,6.815690231192329,-1.205052684509338,1.3266709049999428,-2.1246165445786094,6.270619832544884,2.018257611913405,-3.5964319784350525,2.768808994398522,-1.6921957415847806,-2.4513006481571065,-3.057436072939788,-1.399208670939095,3.743660720763526,4.476033962795042,-1.8916850550268096,0.2259774709829977,3.3047287579450537,-0.1763674943099516,3.0938763435526724,-1.093827063159002,0.7944821927847818,-2.8681942169793104,-1.9450310214997628,-3.8375936456421833,-1.1235028277822554,-2.045835691564037,-3.9329036436286735,-0.967632474464613,0.7693912712409606,7.73873151251544,-2.141145841065341,-1.1295451415080249,-2.6245722834361005,-2.5719285776706915,-0.9027718467369974,0.4798926739563856,-2.303664711739608,-2.40684890534911,-0.4989183746254004,-1.6711423368195717,4.06673937893391
CRR1090684,1,1.1708530959367347,1.6032070987420413,1.8733900089114104,6.175927870050078,4.041107696841295,-3.2694411292519487,0.62645118801414,-1.8831477681312248,1.9352965643247215,-3.898048622009892,4.044222271102669,-2.799438000005672,5.790880896556598,-1.0502388336018726,0.8810723921131653,-1.4888560692353874,-0.037321358334594,7.090469436699263,-2.366574210501984,0.3681437322297116,-1.7579846643928925,1.2318476077092055,0.5591989628902088,5.51236886188974,1.3018261855211204,9.06676857585738,3.567031615824624,-0.0062307728757336,-2.841997578192614,3.4406745571165915,-0.4844311380415312,-2.393973169675092,-2.045666638805492,-1.81860926782698,-3.4125417677647114,3.5555107510850417,4.855675574237119,-1.141210598004979,-3.4125417677647114,4.298247863440755,-3.579595572708067,-3.78026586413063,4.855833433663566,-3.78026586413063,4.9219097796486775,6.216254332254174,4.472496489646957,-2.288612709572792,-1.1572109367912566,-2.045666638805492,-2.981759390133112,-0.2539074963747473,-2.1488508324149938,-2.932969273582681,6.778710930625466,-3.033052631889137,-3.3384339055009367,1.0957770707222596,-3.674905570694557,-2.288612709572792,6.766703601784973,2.297883716244047,-3.674905570694557,4.306757385000657,-4.0315796574925145,-3.674905570694557,-3.674905570694557,-0.379070630614157,-1.7148125049551863,-3.674905570694557,0.8789693419606147,-0.0532368127961367,2.0218502957403413,-2.719395356434648,1.1621676881387444,-2.610196144045194,-2.841997578192614,-1.8503579560609185,-0.4926956472083996,1.3914777511185303,-2.799438000005672,-2.841997578192614,-2.5117561358870715,-1.0871433850889207,-0.3939962797169368,6.211159116002364,-2.932969273582681,-0.980280254787362,-0.4053385554632139,-2.5435048140403747,4.152652260260725,6.937812103395116,4.059913707289973,-1.0358500982201662,-3.674905570694557,1.3410468981438977,3.758286045606008,5.057461514711141,5.271987953456171,6.45692597702839,-0.6399544878314437,-3.0871197946799445,-2.026248560489865,-1.9344410449749216,-3.898048622009892,-3.4125417677647114,6.569904711838043,-1.7289971359229992,4.216273587896627,-2.366574210501984,1.7778461577288784,3.059921875513543,4.057023152133122,-3.3384339055009367,1.609310881617965,5.301986357226108,-4.368050751260503,0.6425805695104193,5.687277968486497,4.538257341211129,0.3575616232724481,6.651485452236826,-0.1814348521309594,-4.368050751260503,3.31884190329164,4.244448620695333,-2.610196144045194,-0.9668572362570228,-3.78026586413063,0.5919887847781834,-1.7727997457882188,-1.9344410449749216,-0.6791751971385712,0.1092821086802483,3.141828312092992,7.028035728564412,-1.3925249809344191,-0.1368509481736716,1.36334290340684,0.1205816634234562,-4.1857298611307705,-3.674905570694557,3.029751854729528,5.742365666712468,-3.674905570694557,-1.9521406158086607,2.586965724012086,-3.78026586413063,-1.8031050860987057,1.2566845304932597,3.704974084163643,0.9461359841368632,-1.1900007542379043,-4.0315796574925145,1.757940697554344,-0.8898962049974365,4.573830847222644,2.405483190184392,3.7090818885281873,7.796068180808865,-0.947054611575222,-2.6816550569418074,-1.866618471644493,-3.2694411292519487,-2.5117561358870715,-3.3384339055009367,3.0268070673326384,-1.4341976686506643,-2.1933025752229907,-2.799438000005672,-1.141210598004979,-1.8343576198348035,5.073809955280527,-1.6336869820926934,0.483975543917114,2.468419330020203,-3.2694411292519487,-1.7289971359229992,-0.8358289902248857,-3.4125417677647114,-2.610196144045194,-1.6870329485656468,-3.579595572708067,-0.8655047548481394,-1.7878376186299203,-3.674905570694557,4.054915669795408,-3.0871197946799445,7.098554486882199,-1.8831477681312248,-0.8715470685739085,-2.366574210501984,-2.3139305047365752,-0.6447737738028814,0.7378907468905018,-2.045666638805492,3.063244926273068,-0.2409203016912842,4.45891463067547,4.324737451868026
CRR1090673,1,-1.698433755778395,-3.4749242423877567,-1.981000627092484,4.575603373144472,-2.928381301568827,-3.164769798931638,3.741516404778312,-1.778476437810914,-2.7817779709174806,1.453644293631924,-0.0920777558455699,3.563219320301704,8.490697331903203,9.75633770520326,-2.7817779709174806,-1.384184738915077,-2.982448464359634,5.36992138254598,4.678240554958338,-1.555332953163351,-0.2818342782285729,-3.570234240374247,-3.233762575180626,-1.6387145389140028,-1.1021365394091165,7.8332425943774044,1.5632064947780084,-3.67559453381032,1.3365189380295162,-2.438833483720064,8.624334511263207,-2.2893018393547813,-1.9409953084851808,-1.7139379375066697,-3.307870437444401,2.6081227295224805,5.081592733954999,-3.4749242423877567,-3.307870437444401,-0.1623942497662595,3.1258098673929204,2.6527367783482525,6.138136266692497,-3.67559453381032,3.2876983457280997,6.698685779285081,1.0409160371741075,2.981129771004645,-1.7456866257406078,-1.9409953084851808,-2.877088059812801,3.6767018853487774,-2.7373262478723035,-2.8282979432623705,6.8858137119675,-2.928381301568827,-3.233762575180626,0.7419042936471193,-3.570234240374247,-2.183941379252481,3.906236141924161,-2.111620752556559,2.5583781492421664,3.37923663388004,-3.926908327172204,-3.570234240374247,-3.570234240374247,-0.2743993002938463,-1.610141174634876,-3.570234240374247,0.9836406722809252,0.0514345175241738,2.126521626060652,-2.614724026114337,1.9599861910887864,-2.505524813724884,-2.7373262478723035,-1.7456866257406078,-0.3880243168880891,5.859287853291091,7.675264577992767,4.349556219472765,-2.407084805566761,-0.98247205476861,2.9480257029638897,5.229184173114448,-2.8282979432623705,6.735283869203465,-0.3006672251429034,-2.438833483720064,-2.614724026114337,3.5721167415509933,-1.384184738915077,-0.9311787678998557,-2.877088059812801,4.819032666765302,2.90488826551157,7.108135149516627,4.874687288593886,3.286436250485394,3.5329213365873824,3.4076046480412057,-1.9215772301695544,-1.829769714654611,-3.793377291689581,1.8485272881169053,4.388480514501197,-1.6243258056026888,4.086006315149163,-2.2619028801816734,3.763440156591773,-1.298110148677364,0.2713643436778074,-3.233762575180626,-2.8282979432623705,4.662576090790167,-4.263379420940192,-3.570234240374247,-1.2676509473782211,-2.1351512388925613,0.4622329535927587,2.833006780212847,4.550233523467359,-4.263379420940192,-3.3879130169130143,5.054878185620774,-2.505524813724884,-0.8621859059367122,-3.67559453381032,0.696660115098494,-1.6681284154679084,-1.829769714654611,1.554917519057207,-3.1002313611272925,-3.926908327172204,4.824065892071177,-1.2878536506141087,-0.032179617853361,-1.503373227734746,0.2252529937437669,1.008589990810123,-3.570234240374247,1.6501195955168886,6.412358197569243,2.5635955523591707,-1.84746928548835,3.682809425098014,-3.67559453381032,-1.698433755778395,1.3613558608135703,4.148893601422979,-2.614724026114337,-1.0853294239175937,-3.926908327172204,-3.67559453381032,-0.7852248746771259,3.663796630264244,3.1478102657997127,-1.2093820505749977,5.851272263117397,2.6669158263956723,-2.576983726621497,3.7728018164214,-3.164769798931638,-2.407084805566761,-3.233762575180626,3.1314783976529488,-1.3295263383303535,4.556459270648699,-2.694766669685361,-0.343392166489793,0.5073012374317771,-3.4749242423877567,-1.5290156517723827,0.5886468742374246,-2.2619028801816734,-0.9169941349199712,0.0933254570394496,-0.7311576599045752,-3.307870437444401,-2.505524813724884,-1.5823616182453362,-3.4749242423877567,-0.7608334245278288,-1.68316628830961,-3.570234240374247,-0.6049630712101861,-2.982448464359634,5.490652394665382,-1.778476437810914,-0.7668757382535979,-2.2619028801816734,-2.209259174416265,-0.5401024434825705,0.8425620772108123,-1.9409953084851808,-2.044179502094683,-0.1362489713709737,3.098500140677395,4.429408782188337
CRR1090720,1,1.362010467187717,0.8281553750468723,-2.0934685401682365,3.9822992324385167,-3.04084921464458,-3.2772377120073903,1.5799860458195805,-1.8909443508866663,-2.894245883993233,-3.905845204765334,5.034159233424406,-2.8072345827611134,7.336908112873623,-1.058035416357315,0.5799757517623298,-1.4966526519908294,0.7900768673253963,6.860688018305089,-2.374370793257426,0.8148808441318691,-1.13325882627244,3.1714393581956384,0.866953343751482,-1.7511824519897552,-1.214604452484869,8.108374124473006,6.251826536149773,-0.5046502397667239,-2.849794160948056,2.82874395818339,-0.4922277207969733,-2.4017697524305337,5.326547658239352,-1.8264058505824217,-3.420338350520153,-3.3462304882563783,-3.788062446886072,0.8774686875298581,-3.420338350520153,1.3836811683630883,0.2951066299713327,-3.788062446886072,5.448852717937204,-3.788062446886072,4.045711627273324,-3.0949163774353865,0.0061753506659356,7.1794820672502,1.1832906662303104,-2.0534632215609334,-2.989555972888554,4.768092792756012,-2.849794160948056,-2.940765856338123,-0.2454962699541312,-3.04084921464458,-3.3462304882563783,-2.1140878188675742,-3.6827021534499993,-2.2964092923282338,3.505708584559528,2.136785134858415,-3.6827021534499993,5.924060582118742,-4.0393762402479565,-3.6827021534499993,-3.6827021534499993,-0.3868672133695989,-1.7226090877106284,-3.6827021534499993,0.8711727592051728,-0.0610333955515787,2.0140537129849,-2.7271919391900896,1.1543711053833023,-2.617992726800636,-2.849794160948056,-1.8581545388163605,-0.5004922299638416,3.475965475349882,-2.8072345827611134,4.711507514005355,1.1863675916874523,-1.0949399678443628,0.2800120043184778,1.358136995641933,-2.940765856338123,4.825569376197168,-0.4131351382186559,-2.5513013967958167,3.8994231517867015,6.922771384363116,4.341044812688201,5.032060390297357,2.635542983339881,2.463625108503553,-3.420338350520153,5.759319205018501,4.591499858943344,6.12673642121819,5.635054615475084,1.0232159537234176,-2.034045143245307,1.219603278621469,-3.905845204765334,-1.0726342136471805,5.167297428322891,-1.7367937186784412,1.9816442588976075,-2.374370793257426,4.155086959989044,-1.4105780617531165,0.1588964306020549,-3.3462304882563783,-2.940765856338123,5.035665060603831,-4.375847334015944,-3.6827021534499993,-1.3801188604539736,3.115459451135688,0.3497650405170061,5.140590428738293,-0.1892314348864014,-4.375847334015944,-3.5003809299887667,-2.766412621574164,-2.617992726800636,-0.9746538190124648,-3.788062446886072,0.5841922020227414,-1.7805963285436608,-1.9422376277303637,-0.6869717798940134,-3.212699274203045,-4.0393762402479565,4.784962603238146,-1.4003215636898612,-0.1446475309291135,-1.615841140810499,0.1127850806680144,-4.193526443886212,-3.6827021534499993,0.4730490682507067,3.4040337827348184,-3.6827021534499993,-1.9599371985641023,4.06945910079429,-3.788062446886072,-1.810901668854148,1.248887947737818,4.781130454865727,-2.7271919391900896,-1.1977973369933463,-4.0393762402479565,-3.788062446886072,-0.8976927877528784,1.6879338839819886,4.913965431839456,2.794575857497782,8.091541954698721,-0.9548511943306638,-2.689451639697249,3.444989547504536,-3.2772377120073903,-2.519552718642513,4.417517990280815,3.0190104845771963,-1.4419942514061064,-2.2010991579784323,-2.8072345827611134,-1.1490071807604207,3.7848954599222586,-3.587392155463509,-1.6414835648481354,0.476178961161672,0.0405767756924468,-3.2772377120073903,8.338517338566483,-0.8436255729803277,-3.420338350520153,-2.617992726800636,-1.6948295313210888,-3.587392155463509,-0.8733013376035812,-1.7956342013853623,-3.6827021534499993,-0.7174309842859387,-3.0949163774353865,7.46969037137653,-1.8909443508866663,-0.8793436513293504,-2.374370793257426,-2.3217270874920173,-0.6525703565583232,0.7300941641350599,-2.0534632215609334,-2.156647415170436,-0.2487168844467261,6.580518655559905,4.316940869112584
CRR1090646,1,-1.6295785123211894,-3.406068998930551,-1.9121453836352784,2.8828010888547,2.6631961721068,-3.0959145554744323,-3.0959145554744323,-1.7096211943537083,-2.712922727460275,-3.724522048232376,-0.0232225123883643,-2.6259114262281558,-2.16637940386705,-0.8767122598243564,-2.712922727460275,-1.3153294954578711,0.0308447056330485,1.959055227612832,-2.193047636724468,-1.4864777097061452,-3.2390151939871954,-3.501378996917041,-3.16490733172342,3.16175170163004,-1.0332812959519109,5.591278834376968,-0.855206057686957,-3.606739290353114,4.47246337971835,6.425276057745439,-0.3109045642640151,-2.220446595897576,9.81170190873759,-1.6450826940494638,-3.2390151939871954,3.85732250605172,1.144931151598083,-3.406068998930551,-3.2390151939871954,-0.0935390063090538,-3.406068998930551,-3.606739290353114,2.7920382856282977,-3.606739290353114,1.80589612091527,-2.9135932209024284,-2.545868782657132,2.504479435405209,-1.6768313822834022,1.193629911354375,-2.808232816355596,3.99026447780554,3.2336861766183698,-2.759442699805165,-0.0641731134211731,-2.859526058111621,-3.16490733172342,1.476731119249759,-3.501378996917041,-2.1150861357952757,-2.712922727460275,-2.042765509099353,5.07893721749579,5.89880257341936,-0.0170686471926879,-3.501378996917041,-3.501378996917041,-0.2055440568366407,-1.5412859311776703,-3.501378996917041,1.0524959157381308,0.1202897609813793,2.1953768695178577,-2.545868782657132,1.3356942619162606,-2.436669570267678,-2.668471004415098,-1.6768313822834022,-0.3191690734308835,-1.7966325410403186,-2.6259114262281558,-2.668471004415098,2.2441830181499767,-0.9136168113114046,1.5025653224532365,0.9576067020431164,-2.759442699805165,4.261980391174795,-0.2318119816856978,-0.8623235244426499,1.3108033747175387,-0.6859721577318599,-0.1136065680174612,-0.8623235244426499,-3.501378996917041,5.074646980599233,3.4186980337314314,0.5346280236297843,0.4225706189040695,2.580837918027614,-0.4664279140539275,-0.0232225123883643,-1.852721986712349,-1.7609144711974054,-3.724522048232376,-3.2390151939871954,2.5307455367125984,-1.555470562145483,3.1488980542597025,-2.193047636724468,7.04071834983581,-1.2292549052201585,3.420671588739529,-3.16490733172342,-2.759442699805165,1.598485443104279,-4.194524177482986,-3.501378996917041,-1.1987957039210153,-2.066295995435356,0.5310881970499642,0.6062088249518165,-0.0079082783534433,-4.194524177482986,-3.3190577734558087,3.6172832973326585,-2.436669570267678,4.552569658109051,-3.606739290353114,0.7655153585556995,-1.5992731720107027,3.2436200331191647,-0.5056486233610551,-3.031376117670087,-3.858053083714998,1.7685369053993631,-1.218998407156903,0.0366756256038446,-1.4345179842775404,0.2941082372009724,-0.4568584639535276,-3.501378996917041,-2.9707515693829745,0.4046239764289895,-3.501378996917041,-1.7786140420311445,5.499940598038822,-3.606739290353114,-1.6295785123211894,1.430211104270776,-2.859526058111621,-2.545868782657132,-1.016474180460388,-3.858053083714998,-3.606739290353114,-0.7163696312199204,-1.3153294954578711,2.9305940032624447,-1.1405268071177923,5.605774269482055,-0.7735280377977057,-2.5081284831642914,5.253379225836547,-3.0959145554744323,-2.3382295621095555,-3.16490733172342,3.2003336411101544,-1.260671094873148,-2.019776001445474,-2.6259114262281558,-0.9676840242274628,-1.6608310460572873,0.9506380328888984,-1.4601604083151771,0.6575021176946302,-2.193047636724468,-3.0959145554744323,8.903674465874701,-0.6623024164473696,2.380268689766091,-2.436669570267678,-1.5135063747881308,-3.406068998930551,-0.6919781810706231,-1.6143110448524045,-3.501378996917041,-0.5361078277529805,1.9825857248252725,-2.668471004415098,-1.7096211943537083,-0.6980204947963925,-2.193047636724468,-2.1404039309590592,-0.471247200025365,0.911417320668018,-1.8721400650279756,-1.9753242586374773,-0.0673937279137681,4.468944800079073,4.498264025645542
CRR1090704,0,0.7312522953579947,-2.8985632448719616,3.3321491775150225,4.80237026318707,3.0477802802588907,5.483254250413434,1.834533842785148,-2.330579462167866,0.1175476316020035,-4.345480316046533,-0.6441807802025217,-3.2468696940423123,5.491851579331693,4.24769872183558,-3.3338809952744324,2.754131726276729,1.1769776121419315,-3.166827050471289,2.7798002774785657,-2.1074359775203027,0.3155950255236405,1.0158093614031056,-3.7858655995375776,5.2166933100316895,-0.0653504544487912,6.772290429739209,-1.4761643255011143,-2.330579462167866,-3.2894292722292557,5.030520288710815,-0.9318628320781726,-2.841404863711733,4.413597169896747,3.6019306096471064,-3.859973461801353,2.2785824150765386,-4.227697558167272,0.8949405853307586,-3.859973461801353,1.4444773624991047,-4.0270272667447085,-4.227697558167272,4.167200220397203,-4.227697558167272,5.029396943143002,4.495133556839211,-3.166827050471289,6.7766530764629005,1.840725813001118,2.562522434193311,-2.7360444036094327,2.508607940990862,2.4333020844859097,-2.14825796092945,-0.6851313812353305,-3.480484325925779,-3.7858655995375776,-2.553722930148773,1.7559565898722496,-2.7360444036094327,1.7007066366709798,3.075096090864398,3.4961083750112403,3.181638542339884,0.6651524947195139,-4.122337264731199,-1.2774297646307282,-0.8265023246507981,0.7234214019000935,-4.122337264731199,0.4315376479239733,-0.5006685068327779,1.5744186017037003,2.5433444556009803,0.7147359941021031,-3.057627838081836,-3.2894292722292557,-2.29778965009756,-0.9401273412450408,0.8092528364566185,-3.2468696940423123,1.6515909760441243,-2.959187829923713,2.931073588404209,-1.892324649516248,2.309957537541742,0.8164419399257208,5.483415879636327,2.58842742285104,-2.29778965009756,2.6334296595833453,5.2246800413366525,3.216548870409225,6.647016924678594,1.7223639067737675,1.7604258710295784,2.4244461489007656,3.953927430922374,5.087721068239722,4.651973693865489,6.080133735804223,-3.534551488716586,-2.4736802545265064,-2.3818727390115626,-4.345480316046533,0.236930408397514,2.960712957788344,2.402397097908016,4.657987126524863,4.135927745751272,4.510928838018231,0.1146616267961588,4.401432242444538,-3.7858655995375776,-3.3804009676193223,3.222379790712463,-4.815482445297143,1.840725813001118,-1.8197539717351727,3.807579131477273,-0.0898700707641931,4.130002572494334,3.139447468649959,0.0853340125618096,-3.940016041269966,1.8045867665745452,3.3287862706562303,6.73576317724079,-4.227697558167272,0.1445570907415422,-2.22023143982486,1.5364458509697672,-1.1266068911752125,2.38254753498426,-4.479011351529155,3.524874098630878,0.6329735969003158,2.174401666916114,-2.055476252091698,4.716908440218681,-4.633161555167411,0.0271246282597225,-0.7013391904113886,5.780377991304741,-4.122337264731199,-2.399572309845302,-1.0312967204617958,-0.8117961783424761,-2.250536780135347,4.931417470411924,4.007189443793795,-3.166827050471289,-1.6374324482745457,0.7218478374774239,0.4188256126049415,-1.3373278990340778,3.2377647095322177,2.3112437113483506,1.6466065420795115,4.098709483026204,-1.394486305611863,-3.129086750978449,3.0990581898358114,3.913975379935998,-2.959187829923713,-3.7858655995375776,5.964719064084545,-1.8816293626873055,2.8167208660197107,-3.2468696940423123,-1.58864229204162,2.871043102056249,4.35698589865858,-2.0811186761293343,0.0365438498804727,-2.814005904538625,2.147135738920277,4.815273326839723,2.1505377455905537,3.5347544754079845,-3.057627838081836,-2.134464642602288,-4.0270272667447085,6.804228513898551,2.1065661423370354,-4.122337264731199,-0.2595064614750184,-0.1113762752142656,5.94314808266263,-2.330579462167866,-1.3189787626105496,-2.814005904538625,-2.7613621987732166,3.0542210324636145,0.2904590528538605,-2.493098332842133,4.212180308406711,-0.6883519957279254,5.35199481283856,3.877305757831385
CRR1090666,1,-2.0118581855205626,1.2969986642139837,-2.294425056834652,4.939722265603843,4.559713738528821,-3.478194228673805,3.8661789030636617,-2.0919008675530817,3.199727179188733,-4.106801721431749,4.311507420979464,-3.008191099427528,7.169730965507916,6.128573658313301,-3.095202400659648,-1.6976091686572443,-3.295872894101801,7.087330268096969,4.577596889394531,-1.8687573829055184,-3.621294867186568,0.2876449641080117,2.570594054868625,5.467970909271378,3.2994510331474696,7.1661875229517,4.108337484244846,-3.9890189635524873,-3.050750677614471,6.480827606927515,2.616427080210973,-2.602726269096949,6.888308768518006,-2.027362367248837,-3.621294867186568,2.95902261425848,3.2234371516345184,-3.788348672129924,-3.621294867186568,4.550150912797554,1.4832494972363022,-3.9890189635524873,4.36235352147366,1.494391673686086,4.932629198865453,-3.295872894101801,3.2020734179014605,8.03489388953078,2.9383188340254427,-2.254419738227348,-3.190512489554969,4.599148094853986,4.854593906732375,-3.141722373004538,3.72173169569604,-3.2418057313109947,-3.5471870049227934,-2.315044335533989,-3.8836586701164144,-2.4973658089946484,1.6175975485935778,0.2968616189297779,-3.8836586701164144,5.179454982336966,-4.240332756914371,-3.8836586701164144,-3.8836586701164144,-0.587823730036014,-1.9235656043770435,-3.8836586701164144,0.6702162425387577,-0.2619899122179937,1.8130971963184843,-2.9281484558565047,0.9534145887168876,-2.818949243467052,-3.050750677614471,-2.0591110554827754,-0.7014487466302567,-1.4857652154978784,0.05597754125721,4.737460011028282,-2.7205092353089286,-1.2958964845107777,-0.2098948030491062,5.106581508982758,-3.141722373004538,6.5878302532307655,-0.614091654885071,-0.5026659277425698,5.1593255724260345,2.3483943458423155,5.306721862724854,3.465441530149993,2.713757848578904,2.815593336754044,-3.621294867186568,6.703938363775913,5.148174852405025,4.534551613049654,3.572331618787795,0.8204494818445224,-2.235001659911722,3.2933580973233694,-4.106801721431749,-0.2408251021458652,4.082579107139016,-1.937750235344856,3.930254194350565,-2.575327309923841,2.2863683890921607,-1.6115345784195314,3.0350345508842964,-3.5471870049227934,-3.141722373004538,3.007151890171585,-4.576803850682359,-3.8836586701164144,3.691821413106503,7.634859117432012,0.1488085238505911,3.3002100464654887,1.814103738923132,-4.576803850682359,-3.701337446655182,3.7316376706971073,1.2661566997161062,-1.1756103356788796,-3.9890189635524873,0.3832356853563263,-1.981552845210076,3.6150983168665065,-0.8879282965604283,1.1108452556020931,0.6575042072197259,4.673214666824966,-1.6012780803562765,-0.3456040475955285,-1.8167976574769136,-0.0881714359984005,-3.701337446655182,-3.8836586701164144,2.553130521729938,3.126831688123563,-3.8836586701164144,-2.1608937152305177,0.6271988583804574,-3.9890189635524873,-2.0118581855205626,1.0479314310714027,1.0479314310714027,2.765064781580449,-1.3987538536597612,-4.240332756914371,-3.9890189635524873,-1.098649304419293,2.30378176434516,-2.8904081563636645,4.497850246215735,4.7197469144842135,-1.1558077109970788,1.755405496934471,2.9271430849948863,-3.478194228673805,0.3562262262167878,-3.5471870049227934,2.8180539679107817,-1.6429507680725213,-2.402055674644848,-3.008191099427528,-1.3499636974268356,-2.04311071925666,4.889816801915757,-1.84244008151455,0.2752224444952571,2.825643672582909,1.8241138324514303,7.619192236553375,-1.0445820896467426,2.4755671213791257,-2.818949243467052,-1.895786047987504,-3.788348672129924,-1.0742578542699963,-1.9965907180517772,-3.8836586701164144,3.755019154724625,-3.295872894101801,6.456415910442323,-2.0919008675530817,-1.0803001679957656,-2.575327309923841,-2.522683604158432,-0.8535268732247382,0.5291376474686449,-2.254419738227348,-2.3576039318368505,-0.4496734011131412,5.210752443410185,4.115984352446169
CRR1090624,1,3.4236606072099365,1.5892100765773818,-2.012286477146812,7.419746190123744,-0.2205273480547303,-3.196055648985966,3.628461606208992,-1.8097622878652424,2.809639150322526,-0.585987091537193,0.5697835437958513,0.1120500250582197,3.089816960474017,0.4928225051288586,-1.52208029874677,-1.4154705889694048,1.9812220633770248,1.8907159769960005,-2.293188730236001,1.3401203464684437,3.019084309930685,2.337595981577902,-3.2650484252349536,3.7570539996587335,-1.1334223894634443,6.117754120917358,2.759434907786179,2.8142293223013404,-2.7686120979266318,2.6472941831908354,0.2821014816321357,-2.320587689409109,-1.9722811585395088,-1.7452237875609973,-3.339156287498729,-1.3397587836194724,3.3092286995293785,-3.5062100924420845,-3.339156287498729,-0.1936800998205874,-3.5062100924420845,-3.706880383864648,3.1247113143302534,1.4223584435775962,6.130797472504354,1.2613863070961755,0.6889373781190763,5.892989197248576,-1.776972475794936,-1.9722811585395088,-2.9083739098671293,4.554758620504412,-2.7686120979266318,-2.8595837933166983,4.212150300810499,-2.959667151623155,-3.2650484252349536,-2.0329057558461496,4.011407750316271,-2.215227229306809,8.497182470081805,4.060099105091301,-3.6015200904285747,5.759580369607807,-3.958194177226531,-3.6015200904285747,-3.6015200904285747,-0.3056851503481743,-1.6414270246892038,-3.6015200904285747,0.9523548222265972,0.0201486674698457,2.095235776006324,-2.646009876168665,1.235553168404727,-2.536810663779212,-2.7686120979266318,-1.776972475794936,-0.4193101669424171,4.182118506627664,5.01840817880172,6.593231105967418,-2.438370655621089,-1.013757904822938,2.105588180966819,2.799399589379162,-2.8595837933166983,3.0230742074859984,-0.3319530751972314,-2.470119333774392,4.052731545560549,8.272488778104742,5.663420096930564,-0.9624646179541836,4.039562159708954,-3.2650484252349536,0.7344606319239101,1.8348165827296377,6.56033715153843,7.912265003254999,6.160182979932992,-3.013734314413962,-1.9528630802238829,-1.861055564708939,1.1434100553279791,-3.339156287498729,1.949109212505459,-1.6556116556570166,-2.190534628911553,-2.293188730236001,-0.5762309175436654,-1.3293959987316917,0.2400784936234793,-3.2650484252349536,-2.8595837933166983,4.640655140791362,1.9998584579970693,1.922335960016239,-1.298936797432549,1.497124093202406,0.4309471035384307,7.296124231119026,2.271158926322071,-4.29466527099452,1.9467754891773927,-2.6852305585527394,-2.536810663779212,0.8316728545746751,1.5436441082822987,0.665374265044166,4.151929768434308,-1.861055564708939,-0.6057897168725888,-3.1315172111816203,2.1395561753959305,0.5790001986176174,-1.3191395006684368,-0.0634654679076889,-0.8415120238113831,0.193967143689439,-4.112344380864787,-3.6015200904285747,1.492228122650126,6.953988519231648,-3.6015200904285747,-1.878755135542678,2.064212323517304,-3.706880383864648,-1.729719605832723,2.0232171841041806,6.757958905495305,-2.646009876168665,-1.1166152739719215,-3.958194177226531,2.454324720298908,-0.8165107247314539,5.920646475975889,5.546517255565085,0.9005073588149518,3.235166742269007,-0.8736691313092393,-2.608269576675825,4.063106060934315,-3.196055648985966,-2.438370655621089,-3.2650484252349536,3.100192547598621,-1.3608121883846818,-2.119917094957008,-2.7260525197396888,-1.0678251177389964,6.887332535548595,0.6001810200561446,-1.5603015018267106,0.5573610241830966,-2.293188730236001,2.3949300031675707,-2.3487585505027986,-0.7624435099589032,-3.339156287498729,-2.536810663779212,-1.6136474682996642,-3.5062100924420845,-0.7921192745821568,-1.7144521383639375,-3.6015200904285747,-0.636248921264514,-3.013734314413962,7.491557355070157,-1.8097622878652424,-0.7981615883079258,-2.293188730236001,-2.2405450244705927,-0.5713882935368987,0.8112762271564843,-1.9722811585395088,-0.657083005996982,-0.1675348214253015,8.760101967740727,4.398122932134009
CRR1090678,0,4.447301334984343,0.6147896733528013,-2.100039833598632,7.069188978288398,4.089438414816856,-2.5906624915438408,3.2565460348354964,5.1516231164556645,2.026435605230695,-3.9124164981957295,-0.2111169623517182,-2.813805876191509,6.187323834474746,-1.0646067097877103,-0.9042640811832742,0.7002232274480829,2.214450191380096,5.639043497368975,2.603404190663545,-1.6743721596694991,-3.426909643950549,-3.689273446880395,-3.352801781686774,7.135247563535777,-1.2211757459152648,8.509007941006974,3.902888947729178,1.7134019440028934,-2.856365454378452,3.650781595463493,-0.498799014227369,-2.4083410458609293,4.230080744509494,-1.8329771440128173,-3.426909643950549,-3.352801781686774,3.691478971575537,2.1426070362702245,-3.426909643950549,2.9998261885511845,0.1393659930889598,-3.794633740316468,4.133730023603483,0.8346847053761267,6.283308971830382,2.767494211833485,0.509429160697978,5.128200099261605,5.258140504031879,-2.060034514991329,-2.996127266318949,6.505358171625416,-2.856365454378452,-2.947337149768519,-0.252067563384527,-3.047420508074975,-3.352801781686774,-1.1243259355707165,2.0976219406232817,-2.3029805857586294,6.998816598752098,1.8874309527798525,-3.689273446880395,-2.328298380922413,0.8390137163720103,-3.689273446880395,-3.689273446880395,-0.3934385067999945,-1.7291803811410242,-3.689273446880395,0.864601465774777,-0.0676046889819744,2.007482419554504,-2.7337632326204853,1.1477998119529067,-2.624564020231032,-2.856365454378452,-1.864725832246756,-0.5070635233942374,3.3591109635811067,-2.813805876191509,3.497625575046096,-2.5261240120729096,4.240283068804784,0.943509925597922,5.948774122282517,-2.947337149768519,8.852389762767416,-0.4197064316490518,1.5959566902526985,1.9833603056585485,6.700119841522274,5.412855912098533,-1.0502179744060038,2.3888254114741865,1.6559255151104766,1.686002970065029,1.402017762535438,6.523518674279572,6.604150631213518,8.074550360666642,-3.101487670865782,-2.0406164366757027,-1.9488089211607595,-0.0104462781129109,0.6414579197237251,-2.4654994270211583,-1.7433650121088369,-2.2782879853633737,-2.380942086687821,2.452331762962232,1.114745614248304,0.1523251371716592,-3.352801781686774,-2.947337149768519,-3.2192705676334405,-4.38241862744634,1.8964739683680885,-1.3866901538843692,-2.2541904453987094,0.3431937470866104,4.924790339862383,-0.1958027283167971,-4.38241862744634,4.530427731633566,-0.6935430733244091,1.6130339508993383,-0.2880779985495752,2.16865771331935,1.2749668216146304,5.58797563056747,-1.9488089211607595,-0.6935430733244091,5.113758122410805,-4.045947533678352,0.5243325657563218,-1.406892857120257,-0.1512188243595092,-1.6224124342408943,0.1062137872376186,-3.101487670865782,-3.689273446880395,2.308171176877313,7.9657483594122676,-3.689273446880395,-1.9665084919944984,2.27943211822206,0.7948564333060032,-1.8174729622845436,1.242316654307422,5.5463817332765775,-2.7337632326204853,-1.204368630423742,-4.045947533678352,1.9874783622392016,-0.9042640811832742,6.5379970551621325,4.632535264495333,1.3618618033312877,6.345889280369735,-0.9614224877610597,-2.696022933127645,-1.8809863478303308,-3.2838090054377864,-2.5261240120729096,3.1153390754015238,3.0124391911468007,-1.448565544836502,-2.2076704514088283,-2.813805876191509,-1.1555784741908166,-1.848725496020641,4.378187220758819,-1.648054858278531,3.831825943543204,-2.380942086687821,1.940501621646061,5.013832837174065,-0.8501968664107233,-3.426909643950549,-2.624564020231032,-1.7014008247514845,-3.5939634488939047,-0.8798726310339771,-1.8022054948157584,-3.689273446880395,-0.7240022777163343,-3.101487670865782,-2.856365454378452,-1.8975156443170624,-0.8859149447597463,-2.380942086687821,2.981997718883921,-0.6591416499887188,0.723522870704664,-2.060034514991329,-2.1632187086008314,-0.2552881778771219,5.698658656818969,4.310369575682188
CRR1090730,0,2.6455838572318253,0.6134629960821935,-2.0655992879947864,6.301434836795407,-3.012979962471129,-3.2493684598339407,4.424473291397183,-1.8630750987132163,2.267815335189259,-3.877975952591884,-0.1766764167478725,-2.7793653305876638,-2.319833308226558,-1.0301661641838646,2.5815346928430496,-1.4687833998173794,1.4938217023334828,-2.006175891071857,-2.346501541083976,0.1017032480421727,-3.3924690983467034,-3.654832901276549,-3.318361236082928,-1.7233131998163052,-1.186735200311419,6.956447035917528,4.215331045959237,-1.203829630748452,3.3151437227670657,-2.523432144622366,-0.4643584686235232,-2.373900500257084,9.377978752995327,-1.7985365984089718,-3.3924690983467034,-3.318361236082928,1.2563483285775867,4.550274230077338,2.716435010580992,-0.2469929106685619,2.680928322247696,-3.760193194712622,-0.8216214395712813,0.8064649373885279,6.462456725194444,3.0522719066651387,-2.69932268701664,6.292669536774047,-1.8302852866429105,-1.3324469849059115,-2.961686720715104,4.220588401201427,-2.821924908774606,-2.912896604164673,6.696308416907319,1.7314933517537097,0.1910483443840935,2.218409020073464,1.636457860407016,-2.2685400401547837,2.5617712038023317,-2.196219413458861,-3.654832901276549,5.942032377925429,-4.0115069880745065,-3.654832901276549,-3.654832901276549,-0.3589979611961488,-1.6947398355371783,-3.654832901276549,0.8990420113786228,-0.0331641433781287,2.0419229651583497,-2.69932268701664,1.1822403575567526,-2.590123474627186,-2.821924908774606,-1.1371382673732484,-0.4726229777903916,4.373620263491805,-2.7793653305876638,2.3868473667491616,-2.4916834664690635,-1.0670707156709127,-1.4248202860615986,4.35678551332032,-2.912896604164673,7.227858086632259,-0.385265886045206,-2.523432144622366,4.110903801568501,-0.8394260620913678,6.703168207186256,5.276452725212282,3.98268874268722,5.851289632555178,-3.3924690983467034,5.081622326178604,0.2691167145445615,7.963622864615572,-0.6198818184134356,2.181728690453182,-2.006175891071857,-1.9143683755569132,-0.0493370017518394,0.8799128418762234,4.507110898764754,-1.708924466504991,-2.243847439759528,4.670664955585245,6.87102859431797,-1.3827088095796662,0.1867656827755049,4.462358222061312,4.286602958334505,2.290585712567628,2.351518263253292,2.8255163651472133,-1.3522496082805235,5.221849265619115,5.221514154331199,6.797357704504243,-0.1613621827129514,-4.347978081842494,-3.4725116778153167,3.093924648561796,5.170137064586623,-0.9467845668390148,-3.760193194712622,0.6120614541961915,-1.7527270763702107,-1.9143683755569132,-0.6591025277205632,-3.184830022029595,2.972412511651411,4.770286860359776,-1.3724523115164111,-0.1167782787556634,-1.5879718886370484,0.1406543328414644,2.364731080805756,1.0953010722647658,1.2188345530390683,6.188945108905447,1.4077601444106451,-1.9320679463906525,3.413848043516577,0.7854606651082134,-1.7830324166806977,1.276757199911268,5.256047669306857,2.918286453154872,-1.1699280848198963,-4.0115069880745065,1.5762737262752244,-0.8698235355794284,-1.4687833998173794,6.014940953411639,5.280489510240023,8.001965774120988,5.745861332689243,-2.6615823875237994,-1.846545802226485,-3.2493684598339407,-2.4916834664690635,4.069788486140919,3.0468797367506464,-1.4141249992326563,4.456012795206744,-2.7793653305876638,-1.1211379285869707,-1.8142849504167955,-3.559522903290059,-1.6136143126746851,0.5040482133351222,-2.346501541083976,3.819483407293025,8.307925923819159,2.1711652120056057,-3.3924690983467034,-2.590123474627186,-1.6669602791476388,-3.559522903290059,-0.8454320854301313,-1.7677649492119123,-3.654832901276549,-0.6895617321124886,-3.0670471252619365,-2.821924908774606,-1.8630750987132163,-0.8514743991559004,-2.346501541083976,-2.2938578353185672,-0.6247011043848731,0.7579634163085099,-2.025593969387484,-2.1287781629969857,-0.220847632273276,-1.393071594467447,4.344810121286034
CRR1090688,1,-1.4678446778686127,-3.244335164477974,-1.7504115491827013,0.2926619930731291,-2.697792223659045,8.64406412577248,-2.934180721021856,-1.5478873599011316,-2.5511888930076982,-3.5627882137797986,0.1385113220642125,-2.464177591775578,2.9214627734293988,4.41200018463211,-2.5511888930076982,-1.1535956610052944,-2.7518593864498517,-2.3841349482045544,-2.031313802271891,-1.3247438752535683,-3.0772813595346182,-3.339645162464464,1.9126262760553696,-1.4081254610042202,1.71276967843647,7.033600239670055,-0.6934722232343801,-3.4450054559005374,-2.5067371699625207,-2.208244405810281,-0.1491707298114381,-2.0587127614449985,-1.7104062305753982,-1.483348859596887,-3.0772813595346182,-3.003173497270843,-3.4450054559005374,-3.244335164477974,-3.0772813595346182,0.068194828143523,2.393694120907773,-3.4450054559005374,-0.5064337007591962,-3.4450054559005374,0.8650454867792475,-2.7518593864498517,-2.3841349482045544,5.433520692870797,-1.5150975478308253,-1.7104062305753982,-2.646498981903019,0.0813529118553458,-2.5067371699625207,-2.597708865352588,0.0975607210314038,-2.697792223659045,-3.003173497270843,-1.771030827882039,-3.339645162464464,-1.9533523013426983,-2.5511888930076982,-1.8810316746467768,-3.339645162464464,6.585122314924388,-3.696319249262421,-3.339645162464464,-3.339645162464464,-0.0438102223840637,-1.3795520967250934,-3.339645162464464,1.2142297501907078,0.2820235954339564,2.3571107039704344,-2.3841349482045544,1.4974280963688376,-2.274935735815101,-2.5067371699625207,-1.5150975478308253,-0.1574352389783066,-1.6348987065877416,5.438309012362476,-2.5067371699625207,-2.1764957276569783,-0.7518829768588275,-1.1096325472495137,2.8959393462618794,-2.597708865352588,0.0481272664351156,-0.0700781472331208,-2.208244405810281,-2.3841349482045544,2.875760620127094,5.173979677475594,-0.700589689990073,-3.339645162464464,-3.003173497270843,-3.0772813595346182,-1.2727841498249637,2.293712855050267,1.1444847177219342,1.323791950517527,-2.7518593864498517,-1.690988152259772,-1.5991806367448285,-3.5627882137797986,-3.0772813595346182,-2.115871142605227,-1.393736727692906,-1.928659700947443,-2.031313802271891,-1.0075030730521355,4.679702440069019,0.5019534215875899,-3.003173497270843,-2.597708865352588,-2.8696422832175097,-4.03279034303041,-3.339645162464464,-1.0370618694684384,-1.9045621609827788,0.6928220315025413,3.3237409313074626,0.1538255560991336,-4.03279034303041,2.647307234190233,-2.423355630588629,-2.274935735815101,-0.6315968280269296,-3.4450054559005374,0.9272491930082764,-1.4375393375581258,2.659785559255012,-0.3439147889084783,-2.8696422832175097,-3.696319249262421,-0.1088426876776093,-1.0572645727043262,0.1984094600564215,-1.2727841498249637,0.4558420716535494,-3.850469452900677,-3.339645162464464,3.5109026448666403,0.5663578108815666,-3.339645162464464,-1.616880207578567,-1.7504115491827013,-3.4450054559005374,-1.4678446778686127,1.5919449387233529,-2.697792223659045,-2.3841349482045544,-0.8547403460078111,-3.696319249262421,-3.4450054559005374,-0.5546357967673433,-1.1535956610052944,-2.346394648711714,2.8349719319065616,0.9480688202127032,-0.6117942033451289,-2.346394648711714,-1.5313580634144,-2.2410342071279103,-2.1764957276569783,-3.003173497270843,3.362067475562732,-1.0989372604205714,-1.8580421669928973,9.437097072640682,-0.8059501897748858,-1.49909721160471,-3.244335164477974,-1.2984265738626002,0.8192359521472072,-2.031313802271891,-1.2855231723566949,-2.086883622538688,6.687305032656942,-3.0772813595346182,-2.274935735815101,-1.3517725403355538,-3.244335164477974,-0.5302443466180461,-1.4525772103998271,-3.339645162464464,-0.3743739933004036,-2.7518593864498517,2.8071102733323747,-1.5478873599011316,-0.5362866603438154,-2.031313802271891,-1.9786700965064823,-0.3095133655727881,1.0731511551205948,-1.7104062305753982,-1.8135904241849008,0.0943401065388089,6.331113565658596,4.659997860098119
CRR1090683,1,-1.6177781765807853,-3.394268663190146,-1.900345047894874,5.05534442236855,-2.847725722371217,-3.084114219734028,-3.084114219734028,-1.697820858613304,-2.7011223917198706,2.6472820929460914,-0.01142217664796,3.447733421990792,-2.1545790681266457,-0.8649119240839521,-2.7011223917198706,-1.3035291597174667,-2.901792885162024,-2.534068446916727,-2.1812473009840634,-1.474677373965741,-3.227214858246791,2.337598697518241,-0.1018062322770569,-1.5580589597163927,-1.0214809602115065,7.685155093187912,9.688115620399648,-3.5949389546127097,4.103894283546104,-2.358177904522454,-0.2991042285236107,1.7209978019824237,3.924148492048303,-1.6332823583090594,-3.227214858246791,-3.153106995983016,6.618536105259238,2.585305498672233,-3.227214858246791,-0.0817386705686494,0.741623112834428,3.1089283701646746,9.637041634154048,-3.5949389546127097,6.290438977474388,7.271758860729632,2.727025443902244,5.294030107695105,-1.6650310465429978,-1.860339729287571,-2.7964324806151915,-0.0685805868568268,-2.656670668674693,-2.7476423640647605,8.160635869999316,-2.847725722371217,-3.153106995983016,3.948802870046141,-3.489578661176637,-2.1032858000548718,3.597658821452697,-2.030965173358949,-3.489578661176637,-2.128603595218655,-3.8462527479745936,-3.489578661176637,-3.489578661176637,-0.1937437210962363,-1.529485595437266,-3.489578661176637,1.064296251478535,0.1320900967217837,2.2071772052582617,-2.534068446916727,1.347494597656665,-2.4248692345272738,-2.656670668674693,-1.6650310465429978,-0.3073687376904792,-1.7848322052999142,-2.6141110904877505,4.172322820865666,-2.326429226369151,-0.9018164755710002,3.146365897136681,5.983600784808068,3.4389571589488925,6.1532431802631375,-0.2200116459452934,-2.358177904522454,4.271568148361476,6.875821643736226,-1.3035291597174667,-0.8505231887022455,-3.489578661176637,-3.153106995983016,-3.227214858246791,3.6823833356092655,4.223578481606928,6.053955156172954,-0.4546275783135232,-2.901792885162024,-1.8409216509719448,-1.749114135457001,-3.7127217124919714,-3.227214858246791,8.208801441101633,-1.5436702264050786,-2.078593199659616,-2.1812473009840634,4.618560999200172,-1.2174545694797538,0.3520199228754174,-3.153106995983016,2.3095119993464954,4.523298990753172,-4.182723841742582,1.8137242568346876,-1.186995368180611,5.181671777660472,0.5428885327903685,3.3691944376861804,0.0038920573869611,-4.182723841742582,-3.3072574377154043,5.079749469041108,2.9153171669975646,-0.7815303267391022,-3.5949389546127097,1.6053957936102716,3.28988659977973,-1.749114135457001,4.73784829211994,-3.0195757819296825,-3.8462527479745936,7.187647397254166,-1.2071980714164987,0.048475961344249,-1.422717648537136,0.3059085729413768,2.3352388144310727,-3.489578661176637,4.105303727047919,6.521792217092201,-3.489578661176637,-1.76681370629074,7.523442634636964,-3.5949389546127097,-1.6177781765807853,1.4420114400111803,5.434836091630826,-2.534068446916727,-1.0046738447199837,-3.8462527479745936,-3.5949389546127097,-0.704569295479516,5.253663850215951,2.506373796183798,-0.4355793851570519,-1.361348717230159,4.778997313466621,-2.496328147423887,2.6381615085888948,-3.084114219734028,-2.326429226369151,-3.153106995983016,3.212133976850559,-1.248870759132744,4.109019150307075,-2.6141110904877505,-0.9558836884870584,-1.6490307103168829,-3.394268663190146,-1.4483600725747727,0.6693024534350345,-2.1812473009840634,2.5843851120491403,-2.2368171212508607,-0.6505020807069651,-3.227214858246791,-2.4248692345272738,-1.501706039047726,-3.394268663190146,-0.6801778453302187,-1.602510709112,3.5516560109320685,-0.5243074920125761,-2.901792885162024,7.211612265850245,-1.697820858613304,-0.6862201590559879,-2.1812473009840634,-2.128603595218655,-0.4594468642849607,0.9232176564084222,-1.860339729287571,-1.9635239228970731,5.202372235164129,-1.2278173543675346,4.510064361385946
CRR1090697,1,2.149298301859781,2.12855520015437,-2.1755094904023378,6.77572660241801,-3.122890164878681,-3.359278662241492,3.7105941340184234,-1.972985301120768,-2.9762868342273348,-3.987886154999435,7.318031090584641,3.151969918653669,6.675124702142674,1.36159701000261,4.979615532638641,-1.5786936022249307,2.334676589419304,-2.809232889424191,-2.456411743491528,-1.7498418164732048,-3.5023793007542547,-3.7647431036841006,-3.42827143849048,4.687077220719491,-1.2966454027189704,5.79167831576183,5.385845264100622,-3.870103397120174,4.075882667552714,2.157905132781708,-0.5742686710310745,-2.483810702664635,7.630124038314666,-1.9084468008165236,-3.5023793007542547,5.616721052495845,3.9881056129910726,4.627610225657236,-3.5023793007542547,4.67487566017141,4.613140042791951,-3.870103397120174,2.545900186570754,-3.870103397120174,6.560120275487855,4.9416790531600645,-0.1923994096443422,7.397797012292636,4.725282420072382,-2.1355041717950347,-3.071596923122655,-0.3437450293642907,-2.931835111182157,-3.0228068065722247,5.434251166795707,6.277477777572105,0.6172815559917804,3.594467888532072,-3.7647431036841006,-2.378450242562335,4.1502379028967535,3.345134361024157,-3.7647431036841006,7.248973642560522,-4.121417190482058,-3.7647431036841006,-3.7647431036841006,-0.4689081636037002,-1.8046500379447297,-3.7647431036841006,0.7891318089710713,-0.1430743457856801,1.932012762750798,-2.809232889424191,1.072330155149201,-2.0068868413022005,-2.931835111182157,-1.9401954890504616,-0.582533180197943,1.5164261142039053,6.566966594147873,3.951359286439851,-2.601593668876615,-1.176980918078464,-1.5347304884691502,4.023300603762475,-3.0228068065722247,5.4480921486921705,-0.4951760884527574,-2.633342347029917,4.858284490499729,6.090066778234959,8.485931814537343,-1.1256876312097095,2.215658501122068,3.5413835309372668,4.06583948480856,6.139482175288953,6.625627777029733,6.761000318017498,5.855769272262688,-3.176957327669488,-2.1160860934794083,4.7014494871832495,1.4436475662788677,3.8607524036910665,3.0249020890704386,-1.8188346689125423,0.2956979413470764,0.3972581381664622,7.605720081696337,-1.4926190119872178,0.0768554803679535,-3.42827143849048,5.770052759053063,5.53300156747501,-4.457888284250046,-3.7647431036841006,-1.4621598106880749,-2.329660102202415,0.2677240902829046,5.04332505138148,-0.2712723851205029,-4.457888284250046,-3.5824218802228684,3.376816676365529,-2.700033677034737,1.939703822179486,-3.870103397120174,0.50215125178864,3.6875413326914255,-2.024278577964465,3.82459072050015,-3.294740224437146,3.5688006511759527,3.960761519967359,-1.482362513923963,-0.2266884811632149,-1.6978820910446,0.0307441304339129,-4.275567394120314,1.444741060088282,-3.2341156761500343,0.8344070301011515,1.3029004577253926,-2.041978148798204,3.9041897671860384,-3.870103397120174,-1.892942619088249,1.1668469975037163,-3.122890164878681,4.543552550178054,-1.2798382872274476,-4.121417190482058,-3.870103397120174,-0.9797337379869796,4.0815319567979245,-2.7714925899313507,7.571619778196573,5.029018655734551,5.125995881437558,-2.7714925899313507,1.4927502787623472,-3.359278662241492,-2.601593668876615,-3.42827143849048,2.936969534343095,-1.5240352016402077,4.49009582371464,-2.8892755329952147,0.9465852961199924,-1.9241951528243464,1.3977525511781546,-1.7235245150822367,0.3941380109275707,-2.456411743491528,7.011064574187764,-2.5119815637583245,-0.9256665232144292,-3.5023793007542547,-2.700033677034737,-1.77687048155519,-3.6694331056976095,-0.9553422878376826,-1.877675151619464,-3.7647431036841006,-0.79947193452004,-3.176957327669488,6.371622446842884,-1.972985301120768,-0.9613846015634518,-2.456411743491528,-2.4037680377261186,-0.7346113067924246,0.6480532139009585,-2.1355041717950347,-2.238688365404537,-0.3307578346808275,-0.4397090110430658,4.234899918878482
CRR1090702,1,-2.022729627214142,0.5457634545747689,-2.305296498528231,5.062205501627003,3.2932762139729204,-3.489065670367385,-3.489065670367385,-2.102772309246661,-3.1060738423532275,-4.117673163125328,-0.416373627281317,2.770386985063917,6.798153435891091,5.475918290767334,-3.1060738423532275,1.721511455818221,0.6294280404465281,5.583052904033078,4.960389669829516,1.470508896137488,1.70314883937856,3.158188939154433,0.2517722209903871,3.6933864211888623,-1.4264324108448634,7.25403755832314,5.6995729414332725,-3.999890405246066,0.8486593894990749,3.660431116839654,-0.7040556791569677,-2.613597710790528,7.416012752224589,-1.345086784632434,4.160371620137401,4.102256390068342,-3.999890405246066,1.6776219279743334,-3.632166308880148,-0.4866901212020062,1.1437183622914038,-3.999890405246066,4.448021937829975,-1.1732365523768242,4.975428398997055,4.226056600526983,3.3115484012085235,7.039324576835526,2.9625612544758497,-2.265291179920928,-3.2013839312485484,3.0633457784795795,-3.0616221193080504,-3.1525938146981174,4.610183558502153,-3.252677173004574,-3.5580584466163727,-2.3259157772275683,-3.894530111809993,-2.508237250688228,4.113567289352525,1.8005459289430104,-3.894530111809993,5.144972488714584,-1.7427696759904192,-3.894530111809993,-3.894530111809993,-0.5986951717295933,-1.9344370460706224,-3.894530111809993,0.6593448008451784,-0.2728613539115732,1.8022257546249048,-2.939019897550084,0.9425431470233082,-2.8298206851606307,-3.0616221193080504,-2.0699824971763547,-0.7123201883238359,1.935589290766666,8.532084709593365,6.524165439121662,-2.731380677002508,-1.306767926204357,-1.6645174965950431,5.50447630218662,-3.1525938146981174,6.499496721252648,-0.6249630965786502,0.8727569406633353,-1.1864817773724592,6.793719626118591,4.16739629857811,5.422112330718058,-3.894530111809993,2.84575081559502,1.7705095414617835,4.649419849298373,6.304836311068664,6.19220157005648,6.2743228835225,-2.613597710790528,-2.245873101605301,-2.1540655860903577,-4.117673163125328,-2.171765156924097,3.510355465024676,-1.9486216770384357,4.558826311205282,-2.5861987516174203,4.722144358455315,-1.6224060201131107,-0.0529315277579394,-3.5580584466163727,-3.1525938146981174,-3.42452723256304,-4.5876752923759385,-3.894530111809993,5.59728109529316,2.439457747184154,0.1379370821570119,5.706362755675936,-0.4010593932463958,-4.5876752923759385,5.605173914749903,-0.5913150649766329,-1.6538222097661008,5.757373834029682,-3.999890405246066,0.3723642436627471,2.1423837029817365,3.3606353452467186,-0.8987997382540077,3.985364792544848,-4.251204198607951,2.041948132249849,-1.6121495220498556,-0.3564754892891078,-1.827669099170493,-0.09904287769198,0.1964735825934078,0.1164308777069392,3.3949418829176814,4.084532773999364,-3.894530111809993,0.2612211098907124,2.1428613719639373,-3.999890405246066,-2.022729627214142,5.649404937901446,5.450583878597654,-2.939019897550084,-1.4096252953533406,3.3337111928026912,-3.999890405246066,-1.1095207461128729,2.735095310168484,2.3100256548011004,2.914065597849405,7.328067789791773,-1.166679152690658,-2.901279598057244,2.934396388792206,-3.489065670367385,-2.731380677002508,5.526052978226691,2.8071825262172023,-1.6538222097661008,-2.4129271163384267,-3.0190625411211074,0.3453547845232084,4.727993595234072,5.494774193316008,-1.8533115232081296,0.2643510028016777,0.1727838122727624,2.288791700701547,8.487454103157763,-1.055453531340322,3.2128933639407125,-2.8298206851606307,3.567912555735022,-3.799220113823504,-1.0851292959635757,-2.007462159745357,-3.894530111809993,-0.9292589426459328,-1.893051841327636,6.133073920652855,-2.102772309246661,-1.091171609689345,-2.5861987516174203,2.317673106007511,-0.8643983149183175,0.5182662057750654,-2.265291179920928,-2.3684753735304303,-0.4605448428067206,5.86042062913585,4.10511291075259
CRR1090671,1,3.8671083749085593,2.130165652324267,-2.083321162945722,5.83919104296891,4.844556412390614,1.074112989397417,3.696791865902975,-1.880796973664152,-2.8840985067707186,-3.8956978275428193,5.188764981744418,-2.797087205538599,8.792916515830033,-1.0478880391348,-2.8840985067707186,-1.486505274768315,3.0764372127158266,6.403597541992758,-2.364223416034912,-1.657653489016589,-3.410190973297639,-3.672554776227485,-3.336083111033864,-1.741035074767241,-1.2044570752623545,7.227610002258095,8.939574134800223,0.964112096201822,3.5728129453835824,-2.541154019573302,-0.4820803435744586,-0.2983879984581005,6.49467869854361,-1.8162584733599076,-3.410190973297639,5.322806607350848,-3.7779150696635577,2.863844927176647,-3.410190973297639,-0.2647147856194974,0.164742726110172,-3.7779150696635577,6.214140607104862,-3.7779150696635577,4.459738348610339,6.773981547429468,-2.717044561967575,7.151360928988897,-0.1403310736773949,-2.043315844338419,1.672644185763387,4.611139452302255,-2.839646783725541,-2.9306184791156085,6.542641826635005,2.781068225816813,-3.336083111033864,-2.10394044164506,-3.672554776227485,-2.286261915105719,3.701821425097143,2.149897234068878,8.463449564762422,3.303230915016939,-0.3620136898387623,-3.672554776227485,-3.672554776227485,-0.3767198361470844,-1.712461710488114,-3.672554776227485,0.8813201364276871,-0.0508860183290642,2.024201090207414,-2.717044561967575,1.164518482605817,-2.6078453495781218,-2.839646783725541,-1.8480071615938456,-0.4903448527413271,6.022786668909731,-2.797087205538599,-2.839646783725541,-2.509405341419999,-1.084792590621848,-1.4425421610125342,-2.1249938419776475,2.739589848078516,6.057826608685196,-0.4029877609961414,3.620052658321792,-2.717044561967575,5.770005811156666,4.800600930019003,6.67623179298007,-3.672554776227485,1.428528432973111,-3.410190973297639,4.121689604216486,0.251394839593626,7.684388336109927,2.820288938848956,-3.084769000212872,-2.0238977660227926,-0.4299643466149709,1.6177284287059326,-1.4978048274686226,5.65822974900387,-1.7266463414559268,-2.261569314710464,-2.364223416034912,5.721121302922273,-1.4004306845306018,7.17047699107685,-3.336083111033864,1.4514072150825357,-3.2025518969805304,-4.36569995679343,-3.672554776227485,-1.3699714832314591,3.5626299961672614,0.3599124177395206,4.772710676048994,-0.1790840576638869,-4.36569995679343,5.282581621000744,5.761758801304631,3.0700879850520986,-0.9645064417899504,-3.7779150696635577,0.5943395792452559,3.443025351583664,-1.932090250507849,-0.6768244026714989,7.78590194325196,-4.029228863025441,3.001752060972436,-1.3901741864673467,-0.1345001537065989,-1.6056937635879842,0.1229324578905288,1.0583646327048508,0.2474344385343769,-3.141927348693418,6.3485004559638085,-3.672554776227485,-1.949789821341588,3.337213429969414,-3.7779150696635577,-1.800754291631633,1.2590353249603323,5.0967327602283925,-2.717044561967575,-1.187649959770832,-1.698475472425736,-2.8840985067707186,-0.887545410530364,-1.486505274768315,-2.679304262474735,2.9504454724696183,7.150284811516557,3.829629711481192,-2.679304262474735,-1.8642676771774207,-3.2670903347848763,-2.509405341419999,2.953365957744876,3.029157861799711,-1.431846874183592,-2.1909517807559182,2.3138952340840784,1.9086813532084173,-1.8320068253677309,3.2154038774684564,5.134256608572212,0.4863263383841865,-2.364223416034912,2.677979842912571,0.883423186580238,-0.8334781957578132,-3.410190973297639,-2.6078453495781218,-1.684682154098574,3.033082321082498,-0.8631539603810667,-1.785486824162848,-3.672554776227485,-0.7072836070634241,-3.084769000212872,-2.839646783725541,-1.880796973664152,-0.869196274106836,-2.364223416034912,-2.311579710269503,-0.6424229793358087,0.7402415413575744,-2.043315844338419,-2.1465000379479213,-0.2385695072242117,-1.4107934694183828,4.327088246335098
CRR1090693,1,-1.7663385407644308,1.4206493233315003,-2.04890541207852,5.423792141649704,5.462429122694577,-3.2326745839176736,-3.2326745839176736,-1.84638122279695,1.6819378427560023,-3.861282076675617,-0.1599825408316058,-0.016470267461862,-2.3031394323102914,-1.013472288267598,6.773362206805997,-1.452089523901113,-3.0503532493456698,-2.682628811100373,-2.329807665167709,-1.6232377381493868,-3.3757752224304367,-3.6381390253602826,4.674632229232572,-1.7066193239000385,-1.1700413243951524,7.519254554157735,-0.9919660861301984,-3.743499318796355,4.001212621520331,-2.5067382687060995,-0.4476645927072565,-2.357206624340817,7.475992019551532,-1.7818427224927051,-3.3757752224304367,-3.301667360166661,6.0191902016824725,6.616172398664661,-3.3757752224304367,-0.2302990347522952,0.3764386044960379,-3.743499318796355,8.41582418484316,3.274004603916386,4.30358134950962,7.629566532604963,-2.682628811100373,-2.251846164238517,-1.8135914107266435,-2.0089000934712167,-2.944992844798837,-0.2171409510404726,-2.805231032858339,-2.896202728248406,-0.2009331418644146,5.228750832542001,0.9630211593125908,4.769906719243287,-3.6381390253602826,-2.251846164238517,4.572907368783611,-2.179525537542595,-3.6381390253602826,0.2818501894015793,-3.9948131121582393,-3.6381390253602826,-3.6381390253602826,-0.3423040852798822,-1.6780459596209116,-3.6381390253602826,0.9157358872948894,-0.016470267461862,2.0586168410746164,-2.682628811100373,3.0847294168328947,-2.5734295987109195,-2.805231032858339,-0.6324583219412273,-0.4559291018741249,-1.93339256948356,-2.7626714546713966,3.656100396493096,-2.4749895905527968,-1.050376839754646,3.1413262355960843,5.964876368051152,-2.896202728248406,6.862203047474559,-0.3685720101289392,0.0356248417070254,-2.682628811100373,-0.8227321861751011,7.997499293851529,-0.9990835528858912,-3.6381390253602826,6.831199963387068,2.089357982425651,-1.571278012720782,4.228504599883463,0.8300633284924308,-0.6031879424971689,-3.0503532493456698,-1.9894820151555903,4.407447256086271,-3.861282076675617,1.5413928164610484,7.048640580630925,-1.6922305905887245,4.714743400936069,-2.329807665167709,7.752594206534923,-1.3660149336633995,0.2034595586917715,-3.301667360166661,3.5741534446169845,5.813449971098271,-4.331284205926227,-0.8531296596631617,-1.3355557323642568,-2.203056023878597,0.3943281686067229,-2.04890541207852,-0.1446683067966846,-4.331284205926227,-3.45581780189905,4.147247314638663,-2.5734295987109195,5.107620974335497,-3.743499318796355,0.6287553301124581,5.519157155591247,-1.897674499640647,3.104975434040142,-3.168136146113328,1.0458403595383865,-0.4073365505734277,-1.3557584356001444,-0.1000844028393967,-1.571278012720782,0.1573482087577311,1.6193543570861653,-3.6381390253602826,1.0120025453929986,5.695248492123628,-3.6381390253602826,3.3737940743356445,7.786741985812541,-3.743499318796355,-1.7663385407644308,1.2934510758275344,-2.996286086554863,7.003175443910495,-1.1532342089036296,-3.9948131121582393,-3.743499318796355,-0.8531296596631617,2.149369670959839,5.220853037681428,7.340546882869419,6.729533271164881,6.119569027680198,4.359118523934003,-1.8298519263102184,-3.2326745839176736,-2.4749895905527968,-3.301667360166661,3.063573612666913,-1.3974311233163896,4.721462245951458,-2.7626714546713966,-1.1044440526707042,3.8166946592062896,-3.5428290273737923,-1.5969204367584189,0.5207420892513888,-2.329807665167709,7.102866741844231,-2.3853774854345065,-0.799062444890611,-3.3757752224304367,-2.5734295987109195,-1.650266403231372,-3.5428290273737923,-0.8287382095138647,-1.7510710732956456,-3.6381390253602826,-0.6728678561962218,-3.0503532493456698,-0.5747500098725372,2.010833219845177,-0.8347805232396338,-2.329807665167709,-0.7477691563510129,-0.6080072284686066,0.7746572922247765,-2.0089000934712167,-2.112084287080719,4.194428557232096,4.5532666233259125,4.3615039972023
CRR1012755,1,4.30926065524227,1.437145243064659,-2.1765263364000567,6.993348712032004,1.626045769063024,-3.3602955082392105,-3.3602955082392105,-1.974002147118487,3.313253940422051,4.769113976981715,-0.2876034651531426,-2.8902923789929336,3.620337084062673,4.5269868451898105,0.7047333558649649,-1.5797104482226496,1.1395128435734243,-2.81024973542191,-2.457428589489246,1.319362208783413,1.272488524419578,4.866686641522152,-3.4292882844881984,-1.8342402482215756,0.241571271916287,7.046484038115152,-1.1195870104517351,2.9213466606804603,1.801818911435399,-2.6343591930276364,3.8402275499057454,-2.484827548662354,-2.1365210177927536,-1.909463646814242,-3.5033961467519736,-3.4292882844881984,6.058888002191207,6.472610866687781,-3.5033961467519736,4.034974492559715,2.1247766843691758,-3.871120243117893,2.4532365010261423,3.611496834756996,6.821826993393152,4.330263490510458,-2.81024973542191,-2.379467088560053,-1.9412123350481805,-2.1365210177927536,-1.8786919976171823,-0.3447618753620095,-2.932851957179876,-3.023823652569943,4.71601129691958,4.584195322833318,1.8853227430033392,3.44357830840238,4.435953079767778,-2.379467088560053,6.657976667328891,2.224702102099584,-3.76575994968182,5.553773576501071,2.6662130504976664,-3.76575994968182,0.5463785843395467,-0.4699250096014191,-1.8056668839424488,-3.76575994968182,0.7881149629733525,-0.1440911917833988,1.9309959167530792,-2.81024973542191,1.0713133091514824,-2.7010505230324564,-2.932851957179876,-0.1073416515042012,-0.5835500261956619,-2.061013493805097,2.8806285677653123,1.907561324364525,-2.6026105148743337,-1.1779977640761827,-1.535747334466869,1.7548986560180626,-1.909463646814242,8.528565133262648,-0.4961929344504762,-2.6343591930276364,-2.81024973542191,4.705177857637891,3.948915525013566,-1.1267044772074282,-3.76575994968182,4.849392450274973,3.5271196677756804,-1.6988989370423186,6.41623574150107,7.623559822451092,-0.7308088668187057,-3.1779741736672067,-2.1171029394771272,-2.0252954239621834,1.6766557694999826,3.64796720354312,2.357607672690222,-1.8198515149102612,2.299417639895125,5.151414686543476,9.32136464019461,-1.4936358579849367,2.312797308862048,-3.4292882844881984,5.531801443737725,3.106780575618253,2.857771931136972,3.7977501216818017,-1.4631766566857938,-2.330676948200134,0.2667072442851859,-2.1765263364000567,-0.2722892311182217,-4.458905130247764,-3.583438726220587,0.7538503697331174,-2.7010505230324564,-1.0577116152442851,2.021748746638302,0.5011344057909213,-1.863654124775481,-2.0252954239621834,-0.7700295761258336,-3.295757070434865,-4.122434036479776,5.7394396628900965,-1.4833793599216814,-0.2277053271609337,-1.6988989370423186,0.0297272844361941,2.1352306997375408,2.199871842524477,-3.2351325221477527,6.14162797877316,-3.76575994968182,-2.0429949947959227,2.2019220738830865,1.498998643680636,-1.893959465085968,1.1658301515059977,-3.1239070108764,2.3698029457309238,-1.2808551332251663,-4.122434036479776,4.558574383512164,-0.9807505839846986,-1.5797104482226496,5.207893600668895,2.3150861631353217,4.7717435434402535,2.5250661783602304,-2.7725094359290696,-0.1822429556681555,-3.3602955082392105,-2.6026105148743337,-3.4292882844881984,2.935952688345376,-1.5250520476379266,2.388246530863336,-2.8902923789929336,-1.232064976992241,2.4105210385769804,3.115649356016104,-1.7245413610799554,0.3931211649298519,-2.457428589489246,3.583211608402804,-2.5129984097560434,-0.926683369212148,-3.5033961467519736,-2.7010505230324564,-1.777887327552909,-3.670449951695329,-0.9563591338354014,-1.8786919976171823,-3.76575994968182,-0.8004887805177587,-3.1779741736672067,-2.932851957179876,-1.974002147118487,0.3962412921687436,-2.457428589489246,-2.404784883723837,-0.7356281527901434,0.6470363679032397,-2.1365210177927536,1.0609505222811486,-0.3317746806785464,7.0751004934946895,4.233883072880764
CRR1090737,0,1.1208675238931716,2.6022769453188013,-1.824644605977838,5.97976455985686,-2.7720252804541814,-3.008413777816992,-3.008413777816992,-1.6221204166962684,3.3123531854992274,3.2257341450946533,0.0642782652690758,-2.5384106485707147,-2.078878626209609,6.266063702068028,1.0991746997525087,-1.227828717800431,2.6196855086628803,5.381308279323793,-2.105546859067028,-1.398976932048705,3.466092680768428,3.2265183563470137,-3.07740655406598,-1.482358517799357,-0.9457805182944709,5.790703615807357,5.134772879164521,-3.519238512695674,-2.5809702267576577,-2.282477462605418,-0.223403786606575,-2.1329458182401355,-1.784639287370535,-1.5575819163920237,-3.1515144163297557,-3.07740655406598,-3.519238512695674,2.0431488469776795,-3.1515144163297557,-0.0060382286516136,1.266397457770171,-3.519238512695674,3.987106816310778,-3.519238512695674,5.667307730052187,4.186321996170788,-2.4583680049996914,10.719525659399125,-1.589330604625962,2.2865633608220484,-2.720732038698156,0.007119855060209,-2.5809702267576577,-2.6719419221477247,0.0233276642362669,-2.7720252804541814,-3.07740655406598,-1.845263884677176,-3.4138782192596007,-2.027585358137835,-2.625421949802835,-1.9552647314419132,-3.4138782192596007,-0.7058298848220664,-3.770552306057558,-3.4138782192596007,-3.4138782192596007,-0.1180432791792006,-1.4537851535202302,-3.4138782192596007,1.139996693395571,0.2077905386388195,2.282877647175298,-2.4583680049996914,1.4231950395737007,-2.349168792610238,-2.5809702267576577,1.301040848610756,-0.2316682957734434,-1.7091317633828782,-2.5384106485707147,4.09731632829384,-2.2507287844521158,-0.8261160336539644,-1.1838656040446502,-1.866317285009764,-2.6719419221477247,7.661023887532233,-0.1443112040282576,-2.282477462605418,-2.4583680049996914,7.889380446535513,5.357117630884792,-0.7748227467852097,-3.4138782192596007,2.0154654184687697,1.670005548969821,-1.3470172066201005,6.952743686732008,8.37282107300505,6.800805717066624,-2.8260924432449883,-1.7652212090549089,-1.6734136935399653,-3.637021270574936,-3.1515144163297557,4.314887612162349,-1.4679697844880428,-2.00289275774258,-2.105546859067028,5.901072388664962,-1.141754127562718,0.4277203647924532,-3.07740655406598,2.793098856030732,6.147581705224099,-4.107023399825546,-3.4138782192596007,-1.1112949262635752,-1.9787952177779156,0.6185889747074045,6.344454385627344,0.0795924993039968,-4.107023399825546,-3.2315569957983685,-2.497588687383766,-2.349168792610238,-0.7058298848220664,-3.519238512695674,0.8530161362131398,-1.5117723943532626,-1.6734136935399653,-0.4181478457036151,-2.9438753400126467,2.177852759047098,4.78321789531888,-1.1314976294994628,0.1241764032612848,-1.3470172066201005,0.3816090148584127,-3.924702509695814,-3.4138782192596007,-2.8832507917255343,0.4921247540864297,-3.4138782192596007,-1.691113264373704,3.544568175941195,-3.519238512695674,-1.542077734663749,1.5177118819282165,5.970144516284985,-2.4583680049996914,-0.928973402802948,-3.770552306057558,-3.519238512695674,-0.6288688535624801,5.923550848689248,5.7599828731157405,4.070600778390699,5.014569186761202,-0.6860272601402655,-2.4206277055068512,3.6882898658525054,-3.008413777816992,-2.2507287844521158,-3.07740655406598,3.2878344187675945,-1.173170317215708,-1.932275223788034,-0.4281981805470156,-0.8801832465700226,-1.5733302683998471,-3.318568221273111,-1.372659630657737,0.7450028953520704,-2.105546859067028,1.6823209754082034,-2.161116679333825,-0.5748016387899294,-3.1515144163297557,-2.349168792610238,-1.4260055971306904,-3.318568221273111,-0.6044774034131829,-1.5268102671949642,-3.4138782192596007,-0.4486070500955403,-2.8260924432449883,0.7132541980455546,-1.6221204166962684,-0.6105197171389521,-2.105546859067028,-1.0343338999422589,-0.3837464223679249,0.998918098325458,-1.784639287370535,4.505475972130289,0.0201070497436722,-1.1521169124504989,4.585764803302983
CRR1090657,1,4.746911568040972,1.4363767393445264,3.031831555296752,5.959649183619267,-3.106917001492661,3.981754287917933,2.6521497395096563,-1.957012137734748,0.7966482625176589,-0.6220113166163911,-0.2706134557694037,2.6764211834333658,-2.4137703472480894,-0.4309560951092108,-2.9603136708413147,-1.5627204388389109,3.066868051971233,3.2346472444613017,-2.440438580105507,-1.7338686530871847,-3.4864061373682347,6.091562797341298,-3.4122982751044595,-1.8172502388378369,-1.2806722393329502,7.691348395780682,6.655581805172065,-3.8541302337341534,3.785456387046956,6.547007668838829,-0.5582955076450544,-2.467837539278615,-2.119531008409014,-1.8924736374305031,-3.4864061373682347,-3.4122982751044595,4.46509748322016,3.2037654833703613,-3.4864061373682347,-0.3409299496900932,-3.6534599423115903,2.655464293411571,6.912788738925685,-3.8541302337341534,4.11210732137663,-3.160984164283468,-2.793259726038171,5.978837253512181,1.2224292984243934,-2.119531008409014,-3.055623759736635,6.548688267770332,6.615621734438118,-3.006833643186204,4.578615759900063,-3.106917001492661,-3.4122982751044595,0.3253699486221054,-3.748769940298081,-2.362477079176315,-2.9603136708413147,1.5055935491720942,6.682852527264879,5.404214704861933,2.529749487622109,-3.748769940298081,-3.748769940298081,-0.4529350002176801,-1.7886768745587096,-3.748769940298081,0.8051049723570916,-0.1271011823996599,1.9479859261368184,-2.793259726038171,1.088303318535221,-2.684060513648717,-2.915861947796137,-1.9242223256644413,-0.5665600168119229,-2.044023484421358,-2.8733023696091946,3.651970805543765,4.806872437879321,-1.1610077546924438,2.875027650631837,3.545741220687036,-3.006833643186204,7.839576346338554,-0.4792029250667372,3.5713578564193083,0.1098503305990423,4.709307987052008,3.6516042590192463,3.913789900572932,3.0553990246477647,5.292486838701266,2.82574586736573,5.127213951309298,5.966553029941786,4.18100251924238,5.8669802051660005,-3.160984164283468,-2.1001129300933883,-2.008305414578445,2.7588042379913134,1.9002023049073788,6.183186444312935,-1.8028615055265225,2.3173361544480384,-2.440438580105507,4.694774711382429,-1.4766458486011975,6.613626696117035,-3.4122982751044595,1.8354759731780783,5.854906976125312,2.5633257830318152,4.304606432259572,-1.4461866473020548,6.089590252386314,0.283697253668925,4.407566154504283,-0.2552992217344826,-4.441915120864025,-3.566448716836848,7.124528153554483,-2.684060513648717,3.061811429137882,-3.8541302337341534,0.5181244151746601,2.301904471156283,-2.008305414578445,-0.7530395667420945,-3.278767061051126,1.654805945910349,4.155710547588726,3.6027713223965825,-0.2107153177771946,-1.6819089276585797,0.0467172938199332,-4.259594230734293,-3.748769940298081,2.14452836354039,0.1572330330479503,-3.748769940298081,-2.026004985412184,4.933698373643916,-3.8541302337341534,-1.876969455702229,1.1828201608897366,3.644983342246555,-0.6397108921493762,-1.2638651238414274,-4.105444027096038,2.3863599609551933,-0.9637605746009597,4.760026110735147,5.8117885883697245,3.611459252335678,-0.9273929348392552,-1.020918981178745,-2.7555194265453307,-1.9404828412480164,4.525023971288909,-2.5856205054905947,-3.4122982751044595,2.952942697729115,2.9561324930893886,-2.267166944826514,-2.8733023696091946,-1.215074967608502,-1.9082219894383263,-3.6534599423115903,-1.7075513516962164,0.4101111743135909,-2.440438580105507,3.4904430349194757,-2.4960084003723044,-0.9096933598284088,-3.4864061373682347,-2.684060513648717,-1.76089731816917,-3.6534599423115903,-0.9393691244516624,-1.861701988233444,-3.748769940298081,-0.7834987711340199,-3.160984164283468,-2.915861947796137,-1.957012137734748,-0.9454114381774316,-2.440438580105507,-2.3877948743400985,-0.7186381434064043,0.6640263772869787,-2.119531008409014,-2.222715202018517,-0.3147846712948073,5.042044966625145,4.250873082264503
CRR1090664,1,-0.9831362992651528,-3.5958746357161973,-2.1019510204209246,3.922434599236531,4.6001092187060975,-3.2857201922600785,-0.3806435473139649,-1.8994268311393547,-1.3303324439034383,-3.914327685018022,-0.2130281491740105,-2.815717063013801,8.414360455572767,-1.0665178966100026,-2.902728364245921,-1.5051351322435174,-3.1033988576880747,4.249183572154555,7.56629933518033,-1.6762833464917914,-3.4288208307728416,3.447362857113988,0.7443807915979059,3.753763525236279,-1.223086932737557,6.205215879212921,-1.0450116944726031,-3.79654492713876,3.288331013369844,6.539501737019574,-0.5007102010496614,-0.5644260100209979,5.555466381126682,-1.83488833083511,3.428125328962386,-3.3547129685090664,-3.79654492713876,-3.5958746357161973,-3.4288208307728416,3.9161947929326457,-3.5958746357161973,-3.79654492713876,4.797648235022001,-3.79654492713876,3.2584780502765724,7.525021395947294,-2.735674419442778,5.505967176673974,1.4849631101725769,-2.0619457018136216,-2.998038453141242,-0.2701865593828774,6.705477714275361,-2.949248336590811,-0.2539787502068194,-3.049331694897268,-3.3547129685090664,-2.1225702991202624,0.5312579604742417,-2.304891772580921,2.7980183006641437,1.8157696060755604,-3.691184633702688,5.570569025411627,-4.047858720500644,-3.691184633702688,-3.691184633702688,-0.3953496936222869,-1.7310915679633163,-3.691184633702688,0.8626902789524846,-0.0695158758042667,2.0055712327322115,-2.735674419442778,1.1458886251306144,-2.6264752070533244,-2.858276641200744,-1.8666370190690484,-0.5089747102165296,5.354491336947156,4.296745372472945,-2.858276641200744,4.02723216015836,4.4538988538416975,2.085226538190049,3.769073497189941,1.8702639400641128,5.512612390433386,-0.421617618471344,3.3357728945351792,-2.735674419442778,3.1984046766904384,2.7333581917909746,4.952498229901306,-3.691184633702688,4.692383732796936,-3.4288208307728416,4.910935768868286,3.960789096975605,5.110944869797092,3.514597011271935,-3.1033988576880747,-2.042527623497995,-1.950720107983052,-3.914327685018022,-0.996559317795492,6.155857543518035,-1.7452761989311292,4.906553753867218,-2.382853273510114,5.616516356023705,0.5910196933152922,6.640622809151693,-3.3547129685090664,0.9890910433270848,3.924505912299349,2.201009917270437,1.3340088248675022,7.194023522727915,-2.256101632221002,0.3412825602643181,2.6044483070525533,6.782828385903998,-4.384329814268632,-3.508863410241455,4.601962601658626,-2.6264752070533244,-0.9831362992651528,-3.79654492713876,0.5757097217700533,2.9598683130237124,-1.950720107983052,-0.6954542601467014,4.649985113947061,-4.047858720500644,2.6277814836493505,3.775498484865228,1.6366895447976313,-1.6243236210631866,0.1043026004153263,-4.2020089241389,-3.691184633702688,-3.1605572061686207,3.773666982523857,1.5818129351194694,-1.9684196788167905,6.25096378420904,-3.79654492713876,-1.819384149106836,1.2404054674851297,-3.049331694897268,-2.735674419442778,-1.2062798172460345,-4.047858720500644,2.3960425399350638,-0.9061752680055666,2.0421546496695497,2.969388518699818,-1.3303324439034383,8.426824993260642,-0.963333674583352,-2.697934119949937,-1.8828975346526236,-3.2857201922600785,-2.5280351988952017,1.8718000386646545,3.010528004324508,-1.4504767316587943,-2.2095816382311204,-2.815717063013801,-1.157489661013109,-1.8506366828429333,-3.5958746357161973,-1.6499660451008231,0.4676964809089839,-2.382853273510114,1.850076919300876,9.182284522371784,2.144208733601941,-3.4288208307728416,-1.9333283713207872,-1.7033120115737768,-3.5958746357161973,-0.8817838178562694,-1.8041166816380505,-3.691184633702688,-0.7259134645386266,-3.1033988576880747,4.9990855334790005,-1.8994268311393547,-0.8878261315820386,-2.382853273510114,-2.330209567744705,-0.6610528368110112,0.7216116838823716,-2.0619457018136216,-2.165129895423124,-0.2571993646994143,-1.4294233268935852,4.308458388859896
CRR1090655,1,1.8867846504905508,-3.8950787578361945,3.5518227084331637,3.4613153985201714,4.454618765062224,7.598552713191862,1.114341873790609,-2.198630953259352,-3.2019324863659184,-4.213531807138019,-0.5122322712940078,-3.114921185133799,8.1815168550597,-1.36572201873,-3.2019324863659184,-1.8043392543635148,-3.402602979808072,2.7808572807993155,4.291940491833038,-1.9754874686117887,2.0359581979693844,-3.2972425752612398,2.159785486708329,3.1476822798122246,0.7263208227894016,5.556564699859295,4.982631072913551,-4.095749049258758,-3.1574807633207413,6.941855129019406,-0.7999143231696586,-2.709456354803219,-2.361149823933619,2.0941086618102958,-3.728024952892839,-3.653917090629064,-0.5184242411585226,0.2143018934210272,-3.728024952892839,-0.5825487652146972,-3.8950787578361945,-4.095749049258758,3.7301596668745263,-4.095749049258758,2.843502676716313,5.582214905096663,-0.5246547905209601,-2.6040958947009187,1.894601552338516,-0.2107568927761848,-3.2972425752612398,2.12240608088352,-3.1574807633207413,-3.2484524587108083,5.595395282748136,-3.348535817017265,0.0803439748919744,-2.42177442124026,-3.9903887558226847,-2.6040958947009187,1.806274719057564,1.587072359721143,-3.9903887558226847,-2.6294136898647027,2.702189143976578,-3.9903887558226847,-3.9903887558226847,-0.6945538157422843,-2.030295690083314,-3.9903887558226847,0.5634861568324874,-0.3687199979242641,1.7063671106122142,-3.034878541562775,0.8466845030106172,-2.9256793291733216,-3.1574807633207413,-2.1658411411890457,-0.808178832336527,3.610211659712696,-3.114921185133799,-3.1574807633207413,3.468141363582674,-1.402626570217048,0.6898869212070874,1.9854524154630604,-3.2484524587108083,-1.2957634399154891,4.839274677147206,-2.8589879991685017,-3.034878541562775,1.158265847787347,-1.8043392543635148,4.071789877279252,-0.6653546631816498,2.5581148417147594,-3.728024952892839,0.6578389387849415,5.10698246571089,4.027707735364152,-0.9554376729595708,-3.402602979808072,-2.3417317456179925,-2.2499242301030487,-0.3166248887553765,-1.5924953012041487,2.921356546423022,-2.044480321051126,6.093616731646253,-2.6820573956301117,5.967253487762126,-1.7182646641258017,3.9143869568058816,-3.653917090629064,-3.2484524587108083,1.5342650609125623,-3.9903887558226847,-3.9903887558226847,4.941927403595402,-2.555305754340999,2.3382600622110465,2.8732036294659835,-0.4969180372590868,-4.6835339363886295,6.230189602267463,2.4457596157538712,-2.9256793291733216,-1.28234042138515,-1.7931659562622675,0.276505599650056,-2.088282930916346,4.202954180712686,-0.9946583822666986,1.9839276375387969,-2.044480321051126,4.958039248921071,1.912788881881222,3.2802004506050584,-1.923527743183184,-0.194901521704671,-4.501213046258897,-3.9903887558226847,0.8004287936653314,3.1629738207557807,-3.9903887558226847,-2.267623800936788,1.0517432182548387,-4.095749049258758,-2.118588271226833,0.9412013453651324,-2.655389162772693,2.699705904564137,-1.5054839393660315,1.756451214681659,-4.095749049258758,-1.2053793901255638,2.3446634992234734,-2.997138242069935,-1.6295365660234358,4.546879535416781,-1.262537796703349,-2.997138242069935,-2.1821016567726206,3.1134246077098457,-2.827239321015199,1.0658550622664766,2.711323882204511,-1.7496808537787918,-2.5087857603511177,-3.114921185133799,-1.4566937831331062,1.3661955282852898,0.5760386226409965,1.1834965436742029,0.1684923587889866,-0.2291905936154954,2.9030627404794016,8.541059233580752,-1.151312175353013,1.3403938105453954,-2.9256793291733216,-2.0025161336937742,-0.1487901717706304,3.400654497966424,-2.103320803758048,-3.9903887558226847,3.1284354948608257,0.0385260366661486,6.147844755766851,-2.198630953259352,-1.187030253702036,-2.6820573956301117,-2.6294136898647027,-0.9602569589310086,0.4224075617623745,-2.361149823933619,-2.464334017543121,-0.5564034868194114,4.45182023569301,4.009254266739898
CRR1090621,1,-1.7570143134835656,-3.533504800092927,-2.039581184797654,6.001732785012068,6.278174608885037,-3.2233503566368085,-3.2233503566368085,-1.8370569955160845,1.7908328624955403,6.3450826187922775,-0.1506583135507403,5.492080151191112,-2.293815205029426,-1.0041480609867324,1.8179205822095823,-1.442765296620247,-3.041029022064804,-2.6733045838195078,-2.320483437886844,1.3042172644045087,-3.366450995149571,1.8675314271731995,2.4611347002762565,-1.6972950966191729,0.9187242962604782,8.088041671612784,-0.9826418588493327,-3.7341750915154894,5.005519224463564,-2.4974140414252344,-0.4383403654263909,-2.3478823970599514,-1.999575866190351,-1.7725184952118396,-3.366450995149571,-3.292343132885796,-3.7341750915154894,6.153880702369156,-3.366450995149571,-0.2209748074714297,-3.533504800092927,3.1621799225422205,8.447189302459277,2.178724916879252,-0.1172712995449055,6.209193125937805,-2.6733045838195078,-2.2425219369576515,-1.8042671834457784,-1.999575866190351,3.510843539473545,-0.207816723759607,-2.7959068055774736,-2.886878500967541,-0.1916089145835491,3.633671542008832,-3.292343132885796,4.209999592470595,-3.628814798079417,-2.2425219369576515,5.750793663116845,-2.170201310261729,-3.628814798079417,6.13559257837709,-3.985488884877374,-3.628814798079417,-3.628814798079417,-0.3329798579990165,-1.6687217323400465,-3.628814798079417,0.925060114575755,-0.0071460401809964,2.067941068355481,-2.6733045838195078,1.2082584607538849,-2.564105371430054,-2.7959068055774736,-1.8042671834457784,-0.4466048745932595,6.176716081171769,-2.753347227390531,-2.7959068055774736,-2.465665363271931,-1.0410526124737804,-1.3988021828644666,-2.08125386382958,7.772164302993036,-0.9341894821722216,-0.3592477828480737,-2.4974140414252344,-2.6733045838195078,-0.8134079588942357,4.482931285630647,-0.9897593256050258,-3.628814798079417,5.8543407087287935,1.1469397053496142,-1.5619537854399164,0.2951348177416937,6.373275501303076,-0.5938637152163033,-3.041029022064804,-1.980157787874725,-1.8883502723597811,-1.90604984319352,2.939261116143548,8.343465823047213,3.939459159670736,-2.217829336562396,3.188138118768324,6.274470734556064,-1.3566907063825342,0.2127837859726371,-3.292343132885796,4.99841395490593,6.738184620736358,-4.321959978645363,-3.628814798079417,-1.3262315050833913,-2.1937317965977314,0.4036523958875883,-2.039581184797654,-0.1353440795158192,-4.321959978645363,7.800357424452061,4.891531411430861,4.937623596288211,0.9941933256853704,-1.0485998169699515,0.6380795573933237,6.043520232868589,5.046678444629992,-0.6330844245234309,5.877649893281948,-3.985488884877374,-0.3980123232925621,-1.346434208319279,-0.0907601755585311,-1.5619537854399164,0.1666724360385967,0.250683056967482,2.0716267820022325,-3.09818737054535,0.2771881752666137,-3.628814798079417,-1.90604984319352,5.78609573979054,-3.7341750915154894,-1.7570143134835656,1.3027753031084,-2.9869618592739973,2.86099585432311,-1.143909981622764,-3.985488884877374,-3.7341750915154894,-0.8438054323822962,-1.442765296620247,6.684831487577258,4.01063307203909,7.856496947874453,-0.9009638389600816,-2.635564284326667,-1.8205276990293529,-3.2233503566368085,-2.465665363271931,-3.292343132885796,3.0728978399477787,-1.388106896035524,-2.1472118026078504,-2.753347227390531,-1.0951198253898389,-1.788266847219663,-3.533504800092927,-1.587596209477553,0.5300663165322543,-2.320483437886844,6.68048246922518,2.7441616397303505,-0.7897382176097455,-3.366450995149571,-2.564105371430054,-1.6409421759505065,-3.533504800092927,-0.8194139822329991,-1.7417468460147802,-3.628814798079417,-0.6635436289153563,-3.041029022064804,-2.102760059799853,0.9037827165812148,-0.8254562959587682,-2.320483437886844,-2.267839732121435,-0.5986830011877411,0.783981519505642,-1.999575866190351,-2.102760059799853,5.570300834078542,-1.367053491270315,4.370828224483166
CRR1090694,1,0.3122908180277913,-3.6631319147003776,3.98751081942133,4.92470429844386,3.720855726227271,-3.352977471244259,1.6159081494070069,-1.966684110123535,-1.0774222469842851,-3.9815849640022014,-0.280285428158191,-2.882974341997982,8.118175604559799,-1.133775175594183,-2.969985643230102,-1.572392411227698,-3.170656136672255,2.104050258814436,3.917287688405765,-1.743540625475972,-3.496078109757022,4.309645714220139,-3.4219702474932467,3.161239939138828,-1.2903442117217376,7.157840200129717,6.658058864750112,-3.8638022061229407,3.1939022515379216,7.658494743641363,-0.5679674800338417,-2.477509511667402,9.141005886964304,-1.9021456098192904,1.9657945770703944,2.3570066186210665,5.451756449690428,1.116753425783459,-3.496078109757022,3.015322728580712,-3.6631319147003776,-3.8638022061229407,4.0066161338721065,-3.8638022061229407,2.062825263354682,1.3389805237087176,-0.1156083447163187,-2.3721490515651023,0.8936098782860431,-2.129202980797802,-3.0652957321254224,5.262961079548434,-2.9255339201849244,-3.0165056155749914,-0.3212360291909997,-3.116588973881448,-3.4219702474932467,0.8285623230421509,1.201599609320573,-2.3721490515651023,3.543917732418448,1.7321453497611166,-0.0255475253072684,6.474491261607441,2.064010097609495,-3.758441912686868,-0.9135344125863974,-0.4626069726064674,-1.7983488469474969,-3.758441912686868,0.7954329999683043,4.084620104792116,1.938313953748031,-2.802931698426958,1.078631346146434,-2.6937324860375047,-2.9255339201849244,-1.9338942980532288,-0.5762319892007101,3.335956896230754,4.222127100605457,-1.6066814768672932,4.661048243548727,-1.1706797270812312,3.549428869419321,4.156246867124149,0.5014151162633935,5.741920786671104,-0.4888748974555245,4.185764523766414,1.3749988224653875,3.1889166228119663,-0.3244566436835946,1.4477581759202751,-0.5476001788687733,3.355349451336144,2.4833901758834807,2.249877756405958,4.292769543394644,3.9139416494100905,4.740707500637886,-3.170656136672255,-2.1097849024821755,-2.017977386967232,-3.9815849640022014,0.3524299842753282,3.375011647989083,-1.8125334779153095,2.774763363732494,-2.4501105524942943,5.647857901953713,-1.486317820989985,3.5744483755102583,-3.4219702474932467,-3.0165056155749914,-3.2884390334399134,-4.4515870932528125,1.1288931801498503,-1.455858619690842,5.75609635836617,0.2740252812801376,2.849826584424664,5.535833114347766,-4.4515870932528125,-3.576120689225635,5.147515737487639,0.534751535604802,5.492961624435197,-1.6066814768672932,0.5084524427858729,2.1989466592626683,3.935584525757777,-0.7627115391308817,4.517187142402436,2.927167317813645,2.997557813397479,3.200954601348443,-0.2203872901659819,-1.6915809000473672,0.0370453214311458,-4.26926620312308,1.1512654775706896,-3.227814485152801,4.963288844417765,2.8099148609670097,-2.035676957800971,3.077815366740427,-3.8638022061229407,-1.886641428091016,1.1731481885009492,2.4751821954977324,-2.802931698426958,-1.2735370962302146,-0.7044426366672828,1.2561834159611378,-0.9734325469897468,4.239151963250795,2.578381822001396,-1.3975897228876188,8.329617421147178,-1.0305909535675324,-2.765191398934118,4.404813437737002,-3.352977471244259,-2.595292477879382,1.0189975110786933,2.943270725340328,-1.5177340106429749,-2.2768389172153007,-2.882974341997982,-1.2247469399972892,0.230540170916443,-3.6631319147003776,-1.7172233240850037,0.4004392019248036,-2.4501105524942943,2.735309930192537,9.034403775124206,-0.9193653322171962,-3.496078109757022,-2.6937324860375047,3.784935361672758,-3.6631319147003776,5.69614375202667,-1.8713739606222308,-2.2323871744073043,0.8723940395449785,2.566989744406588,6.854743072967901,-1.966684110123535,-0.955083410566219,-2.4501105524942943,-2.3974668467288858,-0.7283101157951917,0.6543544048981913,-2.129202980797802,-2.2323871744073043,-0.3244566436835946,5.314494729651482,4.241201109875716
CRR1090785,1,-1.7513915399564095,1.3617815364453072,-2.0339584112704983,4.94374125914138,-2.9813390857468414,-3.217727583109653,-3.217727583109653,5.659653038398681,2.265683939322786,-3.846335075867596,-0.1450355400235844,-2.747724453863375,8.01098754909889,-0.9985252874595764,2.6642927230033577,-1.4371425230930912,-3.0354062485376483,6.93919082039768,-2.314860664359688,0.3546167588690707,-3.3608282216224152,-3.623192024552261,4.975726608792837,-1.691672323092017,-1.155094323587131,-3.7285523179883344,-0.977019085322177,-3.7285523179883344,3.882408256237485,-2.4917912678980785,-0.4327175918992351,-2.3422596235327955,-1.9939530926631952,-1.766895721684684,-3.3608282216224152,4.92227559420648,5.318900822460825,4.193706518950896,6.597138693401456,-0.2153520339442738,-3.527882026565771,-3.7285523179883344,-0.7899805628469933,1.907028406910772,4.416866184711035,-3.0354062485376483,-2.6676818102923514,7.281755945691791,-1.798644409918622,-1.9939530926631952,-2.930045843990816,-0.2021939502324511,-2.7902840320503177,5.022708954562973,-0.1859861410563931,-2.9813390857468414,-0.8506051773104877,-2.054577689969836,-3.623192024552261,-2.236899163430496,-2.8347357550954952,-2.1645785367345733,-3.623192024552261,-2.262216958594279,-3.979866111350218,-3.623192024552261,-3.623192024552261,-0.3273570844718608,-1.6630989588128904,-3.623192024552261,0.9306828881029108,-0.0015232666538405,2.073563841882637,-2.6676818102923514,1.2138812342810406,-2.558482597902898,-2.7902840320503177,-1.798644409918622,-0.4409821010661035,7.329820608998495,-2.747724453863375,-2.7902840320503177,-2.4600425897447757,-1.0354298389466243,4.888061574601605,-2.075631090302424,-2.881255727440385,-0.928566708645066,-0.3536250093209179,-2.4917912678980785,5.425732689478681,8.22759271189972,7.00359156854482,-0.98413655207787,-3.623192024552261,4.655132655594453,4.514260283913453,3.1404599127676214,5.89158228692376,7.631755732163354,6.275361385040799,-3.0354062485376483,-1.974535014347569,-1.8827274988326252,-3.846335075867596,-3.3608282216224152,-2.399418004693024,-1.677283589780703,4.012399675747655,3.430391704372024,7.078390639970467,-1.3510679328553783,5.207348986358732,-3.28672035935864,4.176231371943724,6.455472973934105,-1.2072800676777995,4.255870334816617,-1.3206087315562354,-2.1881090230705755,6.142306509615742,2.973951680064903,-0.1297213059886633,-4.316337205118207,7.0753517817567655,-2.706902492676426,-2.558482597902898,-0.9151436901147268,-3.7285523179883344,0.6437023309204796,1.7839777558784673,-1.8827274988326252,-0.627461650996275,2.3506155924080585,3.3006314365774867,1.073643368211829,-1.3408114347921232,-0.0851374020313753,-1.5563310119127605,0.1722952095657524,-4.134016314988474,3.8707911537585855,-3.0925645970181943,3.7900526778135823,-3.623192024552261,-1.9004270696663643,7.6433346151959345,-3.7285523179883344,-1.7513915399564095,1.308398076635556,-2.9813390857468414,-2.6676818102923514,-1.138287208095608,-3.979866111350218,3.844748308877795,-0.8381826588551403,4.128625321168601,4.208582033161781,5.259641781064469,6.223299806571611,-0.8953410654329257,-2.629941510799511,-1.814904925502197,-3.217727583109653,-2.4600425897447757,-3.28672035935864,3.0785206134749346,-1.3824841225083682,-2.1415890290806945,-2.747724453863375,-1.0894970518626828,-1.782644073692507,-3.527882026565771,-1.5819734359503972,0.5356890900594101,-2.314860664359688,5.649482445196206,-2.370430484626485,-0.7841154440825896,-3.3608282216224152,-2.558482597902898,-1.6353194024233506,-3.527882026565771,-0.8137912087058431,-1.736124072487624,-3.623192024552261,-0.6579208553882004,-3.0354062485376483,8.822489046075095,-1.8314342219889288,-0.8198335224316124,-2.314860664359688,-2.262216958594279,-0.593060227660585,0.7896042930327979,-1.9939530926631952,-2.0971372862726976,-0.189206755548988,3.5920459556504247,4.376450998010322
CRR1090832,1,-1.7636926322072004,0.6766454172183141,-2.046259503521289,5.816708494834433,1.534988889600736,-3.2300286753604435,2.3738093533468523,-1.8437353142397197,-2.847036847346286,-3.8586361681183865,-0.1573366322743753,-2.760025546114166,5.484241980711178,-1.0108263797103674,0.6658636419056454,-1.449443615343882,1.6083660745105874,4.150724409345624,-2.3271617566104785,-1.6205918295921562,4.04329388232317,2.830027332993062,-3.299021451609431,5.40099174330998,-1.1673954158379218,7.629422732093136,-0.989320177572968,-1.3131072004324145,-2.8025851243011086,-2.5040923601488694,5.910931703246653,-2.3545607157835864,-2.006254184913986,-1.7791968139354748,-3.373129313873206,2.150788585505628,-3.740853410239125,-3.540183118816562,-3.373129313873206,-0.2276531261950647,1.8803500703206109,-3.740853410239125,2.8284699428684594,0.4786521053969662,4.369070829570435,-3.047707340788439,2.039887890192161,8.187347381526257,0.8531412754029974,-2.006254184913986,-2.9423469362416066,3.812256164412356,-2.8025851243011086,-2.893556819691176,4.736579813201213,-2.9936401779976323,-3.299021451609431,-2.066878782220627,-3.635493116803052,-2.2492002556812865,3.7973436588767866,0.5171183849915647,7.267546529594187,6.070784626566385,-3.9921672036010087,-3.635493116803052,-3.635493116803052,-0.3396581767226516,-1.675400051063681,-3.635493116803052,0.91838179585212,-0.0138243589046315,2.0612627496318465,-2.6799829025431423,1.2015801420302497,-2.570783690153689,-2.8025851243011086,-1.810945502169413,-0.4532831933168944,-1.9307466609263293,-2.760025546114166,7.764922126212449,-2.472343681995566,-1.0477309311974154,-1.4054805015881016,5.881432493648699,-2.893556819691176,8.662884111348239,-0.3659261015717087,-2.5040923601488694,-2.6799829025431423,4.065705064960962,4.032411572456695,-0.9964376443286608,-3.635493116803052,-0.3929026871905383,-3.373129313873206,2.354968934978352,5.925811938087597,5.2625698988063885,4.326711555760192,1.3590108089154551,-1.98683610659836,-1.8950285910834164,-0.2681992178490632,-3.373129313873206,2.1489452670226648,-1.689584682031494,-2.224507655286031,2.4028530209767727,2.2241508613905885,-1.3633690251061692,3.4256677105259574,-3.299021451609431,-2.893556819691176,4.168266551568926,-4.328638297368998,2.6411483762999906,-1.3329098238070265,-2.2004101153213664,0.3969740771639533,4.539658368920246,-0.1420223982394542,-4.328638297368998,-3.45317189334182,4.895245887555071,-2.570783690153689,2.76708521323846,0.3934216756857812,0.6314012386696887,3.0993343294050484,-1.8950285910834164,-0.6397627432470661,-3.1654902375560976,0.6658636419056454,0.2884564990180586,-1.3531125270429138,-0.0974384942821662,-1.5686321041635514,0.1599941173149616,-4.146317407239264,-3.635493116803052,3.2654369388466526,7.201942322878347,-3.635493116803052,-1.9127281619171557,-2.046259503521289,-3.740853410239125,-1.7636926322072004,1.296096984384765,4.7380124450975,3.0588193888041206,-1.150588300346399,-3.9921672036010087,2.3539674326462765,-0.8504837511059312,2.678052933099232,3.066710921724225,2.649385038335032,1.486085083180105,-0.9076421576837168,-2.642242603050302,2.4161233578347745,-3.2300286753604435,-2.472343681995566,1.7806052942922568,3.066219521224144,-1.394785214759159,-2.1538901213314854,-2.760025546114166,-1.1017981441134734,3.1031312015416592,0.2231271540940706,-1.594274528201188,0.5233879978086193,-2.3271617566104785,5.9036164865995655,-2.382731576877276,-0.7964165363333805,-3.373129313873206,-2.570783690153689,-1.6476204946741415,-3.540183118816562,-0.826092300956634,-1.7484251647384152,-3.635493116803052,-0.6702219476389913,-3.047707340788439,8.23061641305515,-1.8437353142397197,0.9716730918097918,-2.3271617566104785,-2.27451805084507,-0.605361319911376,0.777303200782007,-2.006254184913986,-2.1094383785234885,-0.201507847799779,5.114237347886765,4.364149905759531
CRR1090760,1,3.7557856359265696,3.774410479769575,-1.7985963550775668,0.2444771871782639,-2.74597702955391,-2.982365526916721,-2.982365526916721,-1.5960721657959969,5.524883733886666,-3.610973019674664,0.090326516169347,-2.512362397670444,-2.0528303753093384,-0.7631632312666449,2.768723202855329,-1.2017804669001595,4.435253582204607,-2.43231975409942,-2.0794986081667566,-1.3729286811484336,-3.125466165429484,-3.3878299683593296,6.577314964659546,-1.4563102668990855,-0.9197322673941994,7.0335680370059945,-0.7416570291292454,-3.4931902617954025,-2.5549219758573862,-2.2564292117051465,-0.1973555357063035,-2.106897567339864,-1.7585910364702635,-1.5315336654917522,-3.125466165429484,-3.051358303165709,-3.4931902617954025,6.961680252438331,-3.125466165429484,0.0200100222486577,-3.2925199703728394,-3.4931902617954025,5.142474862599079,1.5452020941245963,0.1237135301751819,-2.800044192344717,-2.43231975409942,-2.001537107237564,-1.5632823537256908,-1.7585910364702635,-2.694683787797884,0.0331681059604804,-2.5549219758573862,-2.6458936712474537,0.0493759151365384,-2.74597702955391,2.914054141837612,-1.8192156337769043,-3.3878299683593296,-2.001537107237564,-2.599373698902564,-1.9292164805416416,-3.3878299683593296,9.108817057080431,-3.7445040551572863,-3.3878299683593296,-3.3878299683593296,-0.0919950282789291,-1.427736902619959,-3.3878299683593296,1.1660449442958425,0.2338387895390909,2.3089258980755694,-2.43231975409942,1.4492432904739725,-2.3231205417099665,-2.5549219758573862,-1.5632823537256908,-0.2056200448731719,-1.683083512482607,-2.512362397670444,-2.5549219758573862,-2.224680533551844,-0.800067782753693,-1.1578173531443792,1.916467479808612,-2.6458936712474537,-0.6932046524521341,-0.1182629531279863,-2.2564292117051465,-2.43231975409942,5.969479083282546,7.517845074348562,-0.7487744958849383,-3.3878299683593296,-3.051358303165709,-3.125466165429484,-1.320968955719829,0.5361196474617811,4.487971230031448,-0.3528788854962159,-2.800044192344717,-1.7391729581546376,4.578477202740846,-0.7631632312666449,-3.125466165429484,-2.1640559485000925,-1.4419215335877715,-1.9768445068423084,1.8194660107564409,-1.055687878947001,-1.1157058766624468,0.4537686156927245,-3.051358303165709,5.80218324002836,7.203171941416569,-4.080975148925274,-3.3878299683593296,1.2371408645347843,-1.952746966877644,0.6446372256076758,-1.7985963550775668,0.1056407502042683,-4.080975148925274,-3.205508744898097,-2.4715404364834943,-2.3231205417099665,-0.679781633921795,-3.4931902617954025,0.8790643871134112,-1.485724143452991,-1.647365442639694,-0.3920995948033436,-2.917827089112375,4.350656155008776,-0.1570274935724748,-1.1054493785991917,0.1502246541615562,-1.320968955719829,0.407657265758684,-3.8986542587955424,-3.3878299683593296,-2.857202540825263,2.9713958231362105,-3.3878299683593296,-1.6650650134734328,8.123930820987471,-3.4931902617954025,2.5920659474373555,1.5437601328284876,-2.74597702955391,-2.43231975409942,-0.9029251519026764,-3.7445040551572863,-3.4931902617954025,-0.6028206026622086,-1.2017804669001595,-2.39457945460658,7.648598443624065,3.790713516931923,-0.6599790092399941,1.7373217910721244,3.7802855739631696,-2.982365526916721,-2.224680533551844,-3.051358303165709,3.313882669667866,-1.147122066315437,-1.9062269728877628,-2.512362397670444,-0.854134995669751,-1.5472820174995756,-3.2925199703728394,-1.3466113797574657,0.7710511462523417,-2.0794986081667566,0.5241910770708156,-2.135068428433553,-0.548753387889658,-3.125466165429484,-2.3231205417099665,-1.399957346230419,-3.2925199703728394,-0.5784291525129115,-1.5007620162946926,-3.3878299683593296,-0.4225587991952689,-2.800044192344717,7.741983637470708,-1.5960721657959969,1.1909942628250405,-2.0794986081667566,-2.026854902401348,-0.3576981714676536,1.0249663492257295,-1.7585910364702635,-1.861775230079766,0.0461553006439434,-1.1260686615502271,4.611813054203254
CRR1090806,1,2.113474347326243,1.2669000832014043,-2.206459349204027,5.678424058016243,-3.1538400236803708,-3.390228521043181,1.4711317472927927,-2.0039351599224577,2.022605971560306,-4.018836013801125,-0.3175364779571135,3.250429987504672,5.306280385037158,6.505635388761973,-1.9086250104211533,-1.6096434610266204,-3.207907186471177,5.545954334439205,-2.487361602293217,-0.0919268466150208,3.495824998989755,2.300579953479013,1.904079497468312,4.973905393603861,-1.32759526152066,7.283566517050428,5.332740970087977,-3.901053255921864,2.735474170855161,6.257961065790783,-0.6052185298327643,-2.5147605614663244,5.212529225615056,-1.939396659618213,-3.533329159555944,3.1062434331884496,7.350516766667976,3.531691281393989,4.175114510456541,6.185197976989284,4.338537976751,-3.901053255921864,4.986014023659419,0.0544526817794589,5.063952537515218,7.420103971233577,-2.8401827482258803,3.957155754189383,2.492535279525106,-2.166454030596724,0.1203201040545298,6.720174301864042,-2.962784969983847,-3.053756665373914,-0.3584870789899223,-3.1538400236803708,-3.459221297292169,1.7153115055586716,-3.79569296248579,-2.4094001013640245,6.439374316240915,2.427674645572081,-3.79569296248579,-2.434717896527808,-4.152367049283747,-3.79569296248579,-0.0919268466150208,-0.4998580224053898,-1.8355998967464195,-3.79569296248579,0.7581819501693817,-0.1740242045873697,1.9010629039491085,2.286523952458866,1.0413802963475116,-2.7309835358364274,-2.962784969983847,-1.9711453478521517,-0.6134830389996326,2.97578230049772,-2.920225391796904,-2.962784969983847,-2.6325435276783047,-1.2079307768801535,4.204788662678083,6.321241297954483,-0.5072930003401164,8.196110866697856,-0.5261259472544468,2.523993615989917,6.0872837135228695,6.827094728137843,4.549950426736744,-1.1566374900113991,-3.79569296248579,3.3323197142373147,2.9707271426853192,6.188625754555619,5.481256780978006,7.312777881669983,6.0511058297781215,-3.207907186471177,-2.1470359522810982,-2.0552284367661544,-4.018836013801125,2.242653175294034,4.401017445280396,-1.849784527714232,5.55531129119127,-2.487361602293217,5.769560806475909,3.3130400567466927,0.0459056215662639,-3.459221297292169,4.759410394387427,6.603165432272041,1.9087539633777963,2.548185475157479,-1.4931096694897643,6.995852557493435,0.2367742314812152,5.22749621864272,-0.3022222439221925,-4.488838143051735,3.9403500918741767,4.442683393276398,-0.3175364779571135,-1.0876446280482557,-3.901053255921864,0.4712013929869504,-1.893587137579452,1.9369988621435144,-0.7999625889298043,3.781938871142479,-0.0772566575846213,7.55785955409275,-1.5133123727256523,-0.2576383399649045,-1.7288319498462896,-0.0002057283677765,2.56318662855743,-3.79569296248579,-3.265065534951724,5.815888283301233,2.503254288048623,-2.0729280075998937,4.99487851697769,-3.901053255921864,-1.923892477889939,1.135897138702027,-3.1538400236803708,-2.8401827482258803,-1.3107881460291373,-4.152367049283747,3.2630631917545645,-1.0106835967886694,5.0265092838008485,3.6799843534376153,2.010042240715874,6.579376220501025,-1.0678420033664549,-2.10929563854326,5.4348989157156256,-3.390228521043181,-2.6325435276783047,-3.459221297292169,2.906019675541405,-1.554985060441897,6.067251806092853,-2.920225391796904,-1.2619979897962117,5.938035765485043,1.6123732769839387,-1.7544743738839264,0.3631881521258811,-2.487361602293217,3.7023992781848887,2.2180201984489867,-0.9566163820161186,-3.533329159555944,-2.7309835358364274,-1.80782034035688,-3.7003829644993,-0.9862921466393724,-1.9086250104211533,-3.79569296248579,-0.8304217933217296,-1.142452857031515,7.565148681118242,-2.0039351599224577,-0.9923344603651416,-2.487361602293217,-2.434717896527808,-0.7655611655941142,0.6171033550992688,-2.166454030596724,-2.269638224206227,-0.3617076934825172,0.8054672221870831,4.203950060076793
CRR1090818,1,4.093690268803698,4.932620772929719,-2.107521980169231,7.129956582002125,-3.054902654645574,-3.2912911520083847,3.4136119472280466,-1.904997790887661,5.002623812871564,-3.919898644766328,-0.2185991089223168,5.646153710231755,-2.3617560004010025,-1.0720888563583089,2.565878477796208,-1.5107060919918238,4.019881365466395,5.874231815427337,-2.38842423325842,1.6859009307239703,-3.434391790521148,-3.6967555934509937,3.392819118952916,-1.7652358919907496,0.6470478543787159,6.532090691025855,-1.0505826542209096,2.8060324554651306,-2.8638476009490503,-2.56535483679681,-0.5062811607979675,-2.415823192431528,7.189497332766547,-1.8404592905834165,4.995363220543293,3.5667121697780964,7.966988441270327,4.446701688601793,-3.434391790521148,3.646151038637463,-3.6014455954645035,-3.8021158868870666,2.92889999402708,3.125003974545766,5.912332052620854,7.64631387077244,-2.741245379191084,7.447102192822003,2.9318127459794123,-2.067516661561928,-3.0036094128895483,-0.2757575191311837,-2.8638476009490503,-2.9548192963391173,-0.2595497099551256,-3.054902654645574,3.942499820931924,3.730743407863036,-3.6967555934509937,-2.310462732329228,3.727765619947653,-2.238142105633306,-3.6967555934509937,5.425101230674878,-4.05342968024895,-3.6967555934509937,-3.6967555934509937,-0.4009206533705932,-1.7366625277116228,-3.6967555934509937,0.8571193192041784,-0.075086835552573,2.0000002729839053,-2.741245379191084,1.1403176653823082,-2.6320461668016306,-2.8638476009490503,-1.872207978817355,-0.5145456699648361,5.046103959583757,-2.821288022762108,3.954837981359177,-2.533606158643508,-1.108993407845357,2.7587553890097154,-2.1491946592011564,-2.9548192963391173,-1.0021302775437984,-0.4271885782196503,-2.56535483679681,-2.741245379191084,-0.8813487542658123,7.364714320785351,-1.0577001209766024,-3.6967555934509937,2.8027286531006683,2.4431269630876065,8.322194799955684,6.910713216774539,7.935297555612794,3.5988417862409414,-3.108969817436381,-2.048098583246301,0.2885159108934656,2.2134969036564387,2.413822438987677,3.4785790878083773,-1.7508471586794356,-2.2857701319339725,-2.38842423325842,5.450046421934936,0.8358419212096382,3.4730542118848864,-3.3602839282573727,-2.9548192963391173,8.152072804413255,-4.3899007740169385,3.1962900586905016,-1.394172300454968,-2.261672591969308,0.3357116005160118,5.319123861315819,-0.2032848748873958,-4.3899007740169385,-3.514434369989761,3.962225078113188,-2.6320461668016306,-0.9887072590134588,-3.8021158868870666,0.5701387620217471,7.366192726448408,-1.9562910677313576,-0.7010252198950077,-3.2267527142040398,3.7928780547821943,3.158861933219652,-1.4143750036908556,-0.1587009709301078,-1.6298945808114929,0.0987316406670201,-4.207579883887206,2.13101086687748,2.9620233767498303,0.209247379895037,-3.6967555934509937,-1.973990638565097,5.709001524962896,1.7863782184041366,3.26491752941759,1.2348345077368237,5.647903859440823,2.696164043716334,-1.2118507769943407,-4.05342968024895,2.2559661305400627,-0.9117462277538728,-1.5107060919918238,5.731400171166839,6.20587959773238,3.593671706704563,6.367070016651546,1.86852881161025,4.640830349146215,-3.2912911520083847,-2.533606158643508,-3.3602839282573727,3.004957044576202,-1.4560476914071008,7.555478204159011,2.4288006925122274,-1.1630606207614151,-1.85620764259124,-3.6014455954645035,-1.6555370048491296,0.4621255211606777,-2.38842423325842,4.873559216668821,-2.4439940535252176,-0.8576790129813221,-3.434391790521148,1.3271229405551772,-1.708882971322083,-3.6014455954645035,-0.8873547776045756,-1.8096876413863567,-3.6967555934509937,-0.7314844242869328,-3.108969817436381,-2.8638476009490503,-1.904997790887661,0.4239043095580123,-2.38842423325842,-2.335780527493012,-0.6666237965593176,0.7160407241340655,-2.067516661561928,-2.17070085517143,2.874125371691711,5.543316322976152,4.30288742911159
CRR1090805,1,4.02810177735047,4.465975713514342,-1.9483523141919457,4.2512038939964985,-2.8957329886682888,-3.1321214860310995,-3.1321214860310995,-1.7458281249103758,2.6083129772251823,-3.760728978789043,-0.0594294429450316,-2.662118356784822,-2.2025863344237173,-0.9129191903810236,1.3497491653630096,-1.3515364260145386,3.9151624922062047,8.687774468767694,-2.229254567281135,-1.5226846402628127,4.703746355485389,-3.5375859274737085,7.498394687486351,-1.6060662260134644,-1.0694882265085783,1.3050231303042876,-0.8914129882436242,-3.642946220909781,-2.704677934971765,-2.406185170819525,-0.3471114948206825,-2.256653526454243,-1.9083469955846424,-1.681289624606131,-3.275222124543862,-3.2011142622800874,-3.642946220909781,-3.4422759294872183,3.6182766504029353,-0.1297459368657211,-3.4422759294872183,-3.642946220909781,-0.7043744657684404,-2.662118356784822,-0.0260424289391969,-2.949800151459096,-2.582075713213799,-1.2152000111030707,-1.7130383128400697,-1.9083469955846424,-2.844439746912263,-0.1165878531538984,-2.704677934971765,-2.795649630361832,-0.1003800439778404,-2.8957329886682888,3.880472841230156,-1.9689715928912837,2.480518555451244,-2.1512930663519425,-2.749129658016942,-2.0789724396560207,-3.5375859274737085,3.247095356182366,-3.894260014271665,-3.5375859274737085,-3.5375859274737085,-0.2417509873933079,-1.5774928617343376,-3.5375859274737085,1.0162889851814634,0.0840828304247121,2.1591699389611905,-2.582075713213799,1.2994873313595934,-2.4728765008243454,-2.704677934971765,-1.7130383128400697,-0.3553760039875508,-1.8328394715969856,-1.9689715928912837,-2.704677934971765,-2.3744364926662227,-0.9498237418680716,-1.3075733122587578,-1.9900249932238712,-2.795649630361832,5.74620734649715,-0.2680189122423651,-2.406185170819525,-2.582075713213799,0.7691762496558038,5.555566730640903,-0.8985304549993172,-3.5375859274737085,-3.2011142622800874,3.669086057371436,-1.4707249148342076,0.3863636883474023,0.2374692687548388,-0.5026348446105947,-2.949800151459096,-1.888928917269016,-0.3595340137904331,1.3676868657815355,-3.275222124543862,-2.3138119076144714,-1.5916774927021504,-2.1266004659566877,5.62723192941198,-1.2054438380613797,-1.2654618357768257,0.3040126565783457,-3.2011142622800874,-2.795649630361832,8.819782475034351,1.508414523331851,3.4022472469106986,-1.2350026344776823,-2.102502925992023,0.494881266493297,2.018467642883012,-0.0441152089101105,-4.230731108039653,-3.355264704012476,-2.621296395597873,-2.4728765008243454,-0.8295375930361739,-3.642946220909781,0.7293084279990323,-1.63548010256737,-1.7971214017540726,-0.5418555539177223,-3.067583048226754,3.241651931549279,-0.3067834526868536,-1.2552053377135703,0.0004686950471773,-1.4707249148342076,0.2579013066443052,-4.048410217909921,-3.5375859274737085,-3.0069584999396417,0.3684170458723224,-3.5375859274737085,-1.814820972587812,-1.9483523141919457,-3.642946220909781,-1.665785442877857,1.394004173714109,-2.8957329886682888,8.113973628967411,1.7989881608180571,-3.894260014271665,-3.642946220909781,-0.7525765617765876,-1.3515364260145386,-2.5443354137209586,4.955804254168212,0.7501280552034589,6.310207195074273,1.86958385295702,-0.0971697685537097,-3.1321214860310995,-2.3744364926662227,-3.2011142622800874,3.164126710553487,-1.2968780254298156,-2.055982932002141,-2.662118356784822,-1.0038909547841297,-1.6970379766139545,-3.4422759294872183,-1.4963673388718444,0.6212951871379628,-2.229254567281135,7.685140304707804,-2.2848243875479324,1.5462978407557135,-3.275222124543862,-2.4728765008243454,-1.5497133053447978,-3.4422759294872183,-0.7281851116272905,-1.6505179754090715,-3.5375859274737085,-0.5723147583096477,-2.949800151459096,-2.704677934971765,-1.7458281249103758,1.1182753918433077,-2.229254567281135,-2.1766108615157265,-0.5074541305820324,0.8752103901113506,-1.9083469955846424,4.634011553438886,-0.1036006584704353,-1.2758246206646062,4.462057095088875
CRR1090764,1,3.246616939454252,1.6310752515145737,-2.1531139835169437,-0.1100404412611125,-3.1004946579932864,6.641784745145476,0.9508314848291164,-1.9505897942353732,2.9081881531241227,-3.9654906481140406,-0.2641911122700293,2.883573137173655,6.561322479470681,3.809257572071029,1.04846995268931,-1.5562980953395362,3.164004703272606,6.8822601608035,-2.4340162366061326,3.383255246647024,2.294566217993024,2.4642263339604797,3.867908958660089,-1.810827895338462,2.963289500511277,9.244299435651444,-1.096174657568622,1.2535104252491949,-0.6332885486500017,3.4260762069314312,-0.55187316414568,-2.4614151957792405,5.274770037759152,-1.8860512939311287,-3.4799837938688603,6.109865713867108,0.3717976254013122,3.75950571024826,-3.4799837938688603,-0.3345076061907187,5.682263093366684,-3.847707890234779,1.2148849346371318,-0.053470092682771,5.3435606970278,0.0949499055389508,3.3334592688722977,-2.35605473567694,0.9868065866402208,-2.11310866490964,-3.0492014162372607,5.405838737669875,-2.9094396042967627,-3.0004112996868297,1.8290436974240996,1.290699305174259,1.747414242579924,2.965978659929944,-3.742347596798706,-2.35605473567694,5.3187944690495295,1.1159112324014973,-3.742347596798706,-2.381372530840724,-4.099021683596663,-3.742347596798706,1.987750192670375,-0.4465126567183056,-1.7822545310593352,-3.742347596798706,0.811527315856466,0.5724683149216929,1.9544082696361929,-2.7868373825387964,1.0947256620345958,-2.677638170149343,-2.9094396042967627,-1.917799982165067,-0.5601376733125483,1.643062485768167,-2.86688002610982,4.941171261997844,-2.5791981619912203,-1.1545854111930691,-1.5123349815837557,-2.194786662548869,-3.0004112996868297,5.024886103553864,-0.4727805815673628,-0.0190686676562598,-2.7868373825387964,4.781064206830107,5.127891970783582,-1.1032921243243148,-3.742347596798706,3.98782519932825,2.844924900737844,-1.6754865841592053,0.1816020190224047,5.01225290471113,5.043770890893343,1.919916204605832,-2.093690586594014,-1.3087360659576752,1.055092493340158,1.7507118547742948,1.5306499720234508,-1.796439162027148,-0.6155889731170165,4.732770818614812,5.320418410944145,-1.470223505101823,0.0992509872533481,-3.405875931605085,1.903097307913669,5.060683972492494,-4.435492777364651,1.146494655305868,1.542882540334387,1.908032108164728,0.2901195971682993,5.665693434175856,-0.2488768782351082,-4.435492777364651,-3.560026373337473,1.8852715240881757,-2.677638170149343,-1.0342992623611715,-2.260744601327139,0.5245467586740347,3.325652033031396,0.6836939472173943,-0.74661722324272,1.4120974108789726,2.54588064521219,3.097555017417667,-1.459967007038568,-0.2042929742778202,-1.6754865841592053,0.0531396373193075,-4.253171887234919,1.9192210360042885,-3.2117201692646398,0.1636553765473247,-3.742347596798706,-2.0195826419128093,4.09623028462508,-3.847707890234779,-1.8705471122028543,1.189242504389111,-3.1004946579932864,4.119608579899685,-1.2574427803420531,-4.099021683596663,-3.847707890234779,-0.9573382311015852,-1.5562980953395362,4.052144012621556,4.24809182098065,4.240817578365419,-1.0144966376793707,-2.749097083045956,2.9296833511960068,2.3953774616091823,-2.5791981619912203,-3.405875931605085,2.959365041228489,-1.5016396947548132,3.255611951899065,1.6273577751489905,-1.2086526241091275,-1.901799645938952,-3.647037598812216,2.813860418909221,4.749443732397089,-2.4340162366061326,4.76321625878323,-2.4895860568729296,-0.9032710163290344,-3.4799837938688603,-2.677638170149343,-1.7544749746697956,-3.647037598812216,-0.932946780952288,-1.8552796447340687,-3.742347596798706,-0.7770764276346454,-3.1545618207840933,6.981340605365586,-1.9505897942353732,-0.9389890946780572,-2.4340162366061326,-2.381372530840724,-0.71221579990703,0.6704487207863531,-2.11310866490964,1.3452467507813568,-0.3083623277954329,-1.4805862899896038,4.257295425763877
CRR1090823,1,-1.9307729077346067,-3.707263394343968,-2.213339779048696,5.177596813648313,6.522368720799489,-3.3971089508878496,3.222607305308053,-2.010815589767126,0.1014154817250031,-4.025716443645793,3.0135031002737955,-2.927105821641572,7.982900740643443,6.773254411385477,-3.0141171228736923,-1.6165238908712884,-3.2147876163158458,2.9388891492940843,5.264656443900543,-1.7876721051195623,-3.5402095894006123,0.0560468785666644,-3.466101727136837,1.6501783360929774,-1.334475691365328,7.870587902425717,6.555541965577086,-3.907933685766531,0.7680033695939474,3.258758976297245,-0.6120989596774323,-2.521640991310993,6.7259517916064615,-1.9462770894628807,-3.5402095894006123,5.66414212642586,5.077370237864842,-3.707263394343968,-3.5402095894006123,4.737083544194556,1.1041797860733045,-3.907933685766531,6.01322782967195,-3.907933685766531,2.4200008797111643,-3.2147876163158458,0.3437289404699223,7.370152907106792,1.4785958255575478,-2.1733344604413927,-3.109427211769013,5.031178831381396,-2.969665399828515,-3.060637095218582,6.50415480052955,-3.160720453525039,-3.466101727136837,-2.233959057748033,-3.802573392330458,-2.416280531208693,1.530143410598746,-0.7115328480610557,-3.802573392330458,-2.4415983263724765,-4.159247479128415,-3.802573392330458,-3.802573392330458,-0.5067384522500579,-1.842480326591088,-3.802573392330458,0.7513015203247138,-0.1809046344320379,1.8941824741044404,-2.847063178070549,1.0344998665028435,-2.7378639656810955,-2.969665399828515,-1.9780257776968195,-0.6203634688443007,5.90874630705989,-2.927105821641572,2.0103604022015515,0.229893801636547,4.921306712655337,3.082525198134699,3.8940916901066807,3.5224418059590503,-1.107948076423263,-0.5330063770991151,-2.6711726356762755,3.165710388276241,4.103529754120368,2.652623174156318,2.53495805646835,1.457001156298158,0.9371257040997564,1.5615297241208772,2.5946875440100308,4.527516839602798,4.418527140555341,3.522837036844381,-0.1755712887411217,-2.1539163821257663,-2.0621088666108225,-4.025716443645793,-0.050721092104778,3.5051633325332667,-1.8566649575589005,5.294708257579367,-2.494242032137885,3.091486561549251,-1.5304493006335755,5.507682710367845,-3.466101727136837,-3.060637095218582,-3.332570513083504,-4.495718572896403,-3.802573392330458,-1.4999900993344326,3.498572414877101,0.229893801636547,1.9512662885416336,2.4318353373114814,-4.495718572896403,5.927475019966184,2.441591512218773,1.93914492808662,-1.0945250578929238,-3.907933685766531,0.4643209631422823,-1.90046756742412,2.1222150268562663,-0.8068430187744723,3.127919375578202,-4.159247479128415,7.401528800105415,-1.5201928025703202,0.4286283816806066,1.6398423268513436,-0.0070861582124447,-0.2645187698095725,-3.802573392330458,3.1449773584497125,5.217306407192827,-0.318263042606105,-2.079808437444562,3.324315418176776,-3.907933685766531,-1.9307729077346067,1.1290167088573586,4.223856207010954,-2.847063178070549,-1.3176685758738054,-1.627823443571596,-3.907933685766531,-1.0175640266333374,3.48566901005872,-0.1862665772859181,1.499734005449275,6.948649923866097,-1.074722433211123,-2.8093228785777087,-1.9942862932803944,5.054114030538583,-2.6394239575229728,-3.466101727136837,2.899139245696737,-1.5618654902865654,-2.3209703968588915,-2.927105821641572,-1.26887841964088,-1.9620254414707043,-3.707263394343968,-1.7613548037285944,0.3563077222812129,2.006767583987036,8.615562061252957,-2.549811852404682,-0.9634968118607868,-3.5402095894006123,-2.7378639656810955,-1.814700770201548,-3.707263394343968,-0.9931725764840404,-1.9155054402658211,-3.802573392330458,1.174158363885219,-0.0093358778452352,7.321963296097849,-2.010815589767126,-0.9992148902098096,-2.494242032137885,-2.4415983263724765,-0.7724415954387823,0.6102229252546008,-2.1733344604413927,-2.2765186540508946,-0.3685881233271852,4.02617951505181,4.197069630232125
CRR1090853,0,2.179154707886628,-3.70340589278582,5.078831460866103,6.034250626390126,-3.156862951966891,4.659574193150034,2.503534721168273,-2.006958088208978,0.8571454285447055,-4.021858942087645,4.120347349204624,-2.9232483200834243,7.318426424867069,-1.1740491536796258,-3.0102596213155444,-1.6126663893131403,1.6557481668219771,2.8878918420553,-2.490384530579737,-1.7838146035614146,-3.5363520878424644,-3.79871589077231,-3.4622442255786896,1.7534662074927283,-1.33061818980718,7.108715896505982,6.673854759705624,-3.904076184208384,-2.9658078982703677,-1.974168276138672,-0.6082414581192843,-2.517783489752845,6.988859464093293,-1.942419587904733,2.45357127847165,4.561915053942662,2.9607693738623717,2.4883969021588674,-3.5363520878424644,-0.3908759001643232,2.6664932749755663,-3.904076184208384,5.216410195063467,-3.904076184208384,4.267866372996191,2.490255293320519,-2.843205676512401,7.552168529562511,-1.974168276138672,-2.1694769588832443,0.8609404994412442,-0.3777178164525006,-2.9658078982703677,-3.0567795936604343,-0.3615100072764425,-3.156862951966891,-3.4622442255786896,1.781766375082875,-2.1500588805676184,-2.4124230296505447,3.681146241523384,2.4539564123089344,-3.79871589077231,9.078464382442046,-4.155389977570267,-3.79871589077231,-3.79871589077231,-0.5028809506919101,1.6480194895166889,-2.11231856682978,0.7551590218828614,-0.1770471328738899,1.8980399756625883,-2.843205676512401,1.0383573680609912,-0.9422475696073048,-2.9658078982703677,-1.974168276138672,-0.6165059672861528,2.485416274031835,-2.9232483200834243,-2.9658078982703677,-2.635566455964825,4.047480925509587,1.9752123500030128,4.917293372296224,-3.0567795936604343,6.21102877365509,1.734671605862348,2.7162910554735222,-2.843205676512401,7.860895044881262,3.509020834091414,2.5629299537542347,3.033235676953042,3.74307130534016,4.315786336082851,3.3201083599112,5.717414572977279,6.255712344410944,5.198528265992164,1.9979475841079384,-2.1500588805676184,-2.0582513650526746,-4.021858942087645,1.955757704538544,5.898778169392047,-1.8528074560007524,4.153193491787855,2.649855000763233,3.846584157025028,-1.5265917990754276,0.0428826932797437,-3.4622442255786896,3.438053325595848,-3.3287130115253563,-0.8542788063407176,0.5782962272056545,-1.4961325977762847,4.907043970531605,0.2337513031946949,5.394598390403511,-0.3052451722087126,-4.491861071338255,-3.616394667311078,2.071708333603956,-2.734006464122948,5.840712966074205,-3.904076184208384,3.069048382077062,-1.896610065865972,-2.0582513650526746,-0.8029855172163245,-2.317112895300744,-3.4622442255786896,4.889398812824666,1.5588113448346428,-0.2606612682514246,-1.7318548781328098,-0.0032286566542967,-4.309540181208523,-3.79871589077231,1.549341577187288,4.1836301717185895,-3.79871589077231,-2.075950935886414,3.893395449737981,-3.904076184208384,-1.9269154061764588,1.1328742104155065,5.408397286050824,1.303584604017219,-1.3138110743156577,0.1212733239895514,0.1448038204768956,-1.0137065250751895,3.718911650664789,4.315307552185069,0.417844333674564,7.517808188162983,-1.070864931652975,-2.8054653770195603,-1.9904287917222463,-3.3932514493297017,1.1198021290380225,3.2245066397998365,2.902996747254885,3.0160445235575697,-2.317112895300744,-2.9232483200834243,-1.265020918082732,4.920566804790313,-3.70340589278582,-1.7574973021704463,3.7989794388260334,-2.490384530579737,0.7862496083084243,7.856069917900061,3.622698987993626,-3.5363520878424644,-2.734006464122948,-1.8108432686434,-3.70340589278582,6.07578359558266,-1.9116479387076732,-3.79871589077231,-0.8334447216082498,-3.210930114757698,-0.0610482248678958,-2.006958088208978,-0.9953573886516616,-2.490384530579737,-2.437740824814328,-0.7685840938806344,0.6140804268127487,-1.476329974401673,-2.2726611524927467,-0.3647306217690374,-1.5369545839632084,4.200927131790273
CRR1090772,1,-0.2705616057738671,1.2247051102800426,-2.095768666695752,-0.0526951244399213,-3.043149341172095,-3.279537838534906,3.617896376055096,-1.893244477414182,-2.896546010520749,-3.90814533129285,-0.206845795448838,3.0811874369889827,-2.350002686927524,4.9541587262040006,3.312043108314541,-1.498952778518345,-3.097216503962902,7.845733597852833,-2.3766709197849414,1.1512776428489788,-3.422638477047669,-3.685002279977515,2.908861837123143,-1.7534825785172707,3.718422376219259,8.23046737053697,7.474093612044946,0.7693430395338066,3.4508422916368686,-2.553601523323332,5.642301015494539,-2.404069878958049,0.7809038616675743,-1.8287059771099372,-3.422638477047669,-3.348530614783894,4.49172471811221,5.6932375100524055,1.2053448632838326,-0.2771622893695274,-3.5896922819910246,-3.790362573413588,6.405634812931619,2.639713044709652,5.042190484332219,-3.097216503962902,-2.729492065717605,-2.2987094188557493,-1.860454665343876,-2.055763348088449,-2.991856099416069,-0.2640042056577047,-2.8520942874755715,-2.9430659828656385,-0.2477963964816468,-1.6308802898697454,-3.348530614783894,3.451319808557239,-0.0421687120069656,-2.2987094188557493,6.4729549338320185,-2.226388792159827,-3.685002279977515,5.801845987600883,-4.041676366775472,-3.685002279977515,-3.685002279977515,-0.3891673398971144,-1.724909214238144,-3.685002279977515,7.4365128164058625,-0.0633335220790941,2.011753586457384,-2.729492065717605,1.152070978855787,-2.620292853328152,-2.8520942874755715,-1.860454665343876,-0.5027923564913571,6.0285085046338,-2.8095347092886285,4.258352488575354,-2.521852845170029,-1.097240094371878,-1.4549896647625642,-2.137441345727677,-2.9430659828656385,9.184154712881735,-0.4154352647461714,0.4060014144258867,2.913232234671205,-0.8695954407923334,5.453410352643994,-1.0459468075031235,-3.685002279977515,4.182024589818973,-3.422638477047669,6.7427087164488215,0.238947335843596,6.85086082084374,-0.650051197114401,-3.097216503962902,-2.0363452697728226,-1.944537754257879,1.7582788654732266,0.3754387650536624,7.788558541790639,-1.7390938452059566,-2.2740168184604936,-2.3766709197849414,7.1966665280439095,-1.4128781882806318,0.1565963040745394,-3.348530614783894,4.456767925263176,6.950673265883196,-4.37814746054346,1.591067487850151,6.554248116252721,-2.2499192784958293,0.3474649139894907,4.2998672280109975,-0.1915315614139168,-4.37814746054346,-3.5026810565162823,4.307737544768732,-2.620292853328152,-0.9769539455399804,-3.790362573413588,0.5818920754952259,4.175566506334457,3.978872979666923,-0.6892719064215288,-3.2149994007305605,2.1876767367731307,2.218721358282976,-1.4026216902173767,-0.1469476574566289,-1.618141267338014,0.110484954140499,0.9878245731779798,1.3725146127422376,-3.154374852443448,0.221000693368516,2.2598926365544774,-1.9622373250916176,7.331833095020021,0.5832936173812279,-1.813201795381663,1.2465878212103023,-3.043149341172095,6.781641350657388,-1.2000974635208617,-4.041676366775472,1.4967792815525254,-0.899992914280394,5.8571690123312585,4.8654689370624284,4.781779437316322,-1.556772336031037,6.674552771213223,-2.691751766224765,-1.8767151809274507,-3.279537838534906,-2.521852845170029,4.374967244391395,3.016710358049681,-1.444294377933622,6.431931980462759,-2.8095347092886285,-1.1513073072879365,4.278873236749384,5.25192503604929,-1.6437836913756507,0.4738788346341566,-2.3766709197849414,4.739371622240991,-2.4322407400517387,-0.8459256995078431,-3.422638477047669,-2.620292853328152,-1.697129657848604,-3.5896922819910246,-0.8756014641310967,-1.797934327912878,-3.685002279977515,-0.7197311108134541,-3.097216503962902,-2.8520942874755715,-1.893244477414182,-0.881643777856866,-2.3766709197849414,-2.324027214019533,-0.6548704830858386,0.7277940376075444,-2.055763348088449,2.7692504450075246,-0.2510170109742416,-1.4232409731684126,4.314640742585069
CRR1090812,1,-1.785607200311592,0.3426242344754514,-2.068174071625681,6.620148623307317,-3.015554746102024,-3.2519432434648348,4.697311635199882,-1.865649882344111,1.4215071290605177,-3.880550736222778,-0.1792512003787669,-2.781940114218558,-2.322408091857453,-1.0327409478147591,-2.868951415450678,0.7370394944583525,1.024721560737294,7.6514589135710915,-2.3490763247148707,-1.642506397696548,-3.395043881977598,-3.657407684907444,-3.3209360197138227,-1.7258879834471998,-1.1893099839423136,7.665509571850753,8.860765657469251,-3.7627679783435166,2.8696706577022915,-2.5260069282532607,-0.4669332522544177,-2.376475283887978,7.094038365610811,-1.8011113820398663,-3.395043881977598,4.823658796206875,-3.7627679783435166,2.8749246102281134,-3.395043881977598,-0.2495676942994565,1.9380449202945491,-3.7627679783435166,5.46024506033193,-3.7627679783435166,5.705634606730744,4.654528988523459,-2.701897470647534,7.978853139660851,3.695415958058775,-2.028168753018378,-2.9642615043459983,2.525914127604097,-2.8244996924055004,-2.915471387795568,-0.2202018014115758,-3.015554746102024,-3.3209360197138227,0.0214194838600401,-3.657407684907444,-2.271114823785678,6.493351922440081,3.4936054505438627,-3.657407684907444,6.145030260331643,-4.014081771705401,-3.657407684907444,-3.657407684907444,-0.3615727448270434,-1.6973146191680728,-3.657407684907444,0.8964672277477282,-0.0357389270090231,2.0393481815274552,-2.701897470647534,1.179665573925858,-2.5926982582580806,-2.8244996924055004,-1.8328600702738047,-0.4751977614212861,5.5964115438737645,-2.781940114218558,3.923290068339527,-2.494258250099958,4.81979449871075,-1.427395069692493,-2.1098467506576064,-2.915471387795568,6.897736164734789,-0.3878406696761005,-2.5260069282532607,-2.701897470647534,7.3880433446752996,3.541969887255196,-1.0183522124330524,-3.657407684907444,3.361171150955768,2.9532863625041053,5.053737147863934,4.92774117606774,6.165301557711809,4.420285804279192,-3.069621908892831,-2.0087506747027515,-1.916943159187808,-3.880550736222778,-3.395043881977598,6.284355828936906,-1.7114992501358857,3.357584346542914,1.123393086504329,5.330461908296324,-1.385283593210561,0.1841908991446103,-3.3209360197138227,1.6906497830521547,1.5432948638009507,-4.3505528654733885,-3.657407684907444,-1.354824391911418,-2.222324683425758,0.3750595090595617,5.065333189749635,-0.1639369663438459,-4.3505528654733885,-3.475086461446211,1.9071107300800847,3.0764682864452206,6.656882030984083,-3.7627679783435166,0.609486670565297,3.553261048646386,3.5376275880077346,-0.6616773113514578,1.146611376221255,-4.014081771705401,2.6063694613312705,-1.3750270951473056,-0.1193530623865579,-1.590546672267943,0.13807954921057,1.5726288515959364,-3.657407684907444,-3.126780257373377,4.298015404708736,-3.657407684907444,-1.934642730021547,4.219684081131589,-3.7627679783435166,-1.785607200311592,1.2741824162803732,5.029458768608,-2.701897470647534,-1.1725028684507903,-4.014081771705401,0.9295965508215748,-0.8723983192103228,4.733857406365623,4.557542634379036,1.891666407771877,8.123577628599177,0.9675631479866702,-2.664157171154694,4.004023275317936,-3.2519432434648348,-2.494258250099958,5.055087097856951,3.044304953119752,-1.4166997828635508,-2.175804689435877,-2.781940114218558,0.1969842500589463,-1.8168597340476895,-3.562097686920953,3.605218917471322,5.0123329053144845,-2.3490763247148707,2.4302737244844077,8.43359660645649,-0.8183311044377721,-3.395043881977598,-2.5926982582580806,-1.6695350627785333,-3.562097686920953,-0.8480068690610257,-1.7703397328428068,-3.657407684907444,-0.6921365157433832,-3.069621908892831,-2.8244996924055004,-1.865649882344111,-0.854049182786795,-2.3490763247148707,-2.2964326189494617,-0.6272758880157676,0.7553886326776155,-2.028168753018378,-2.13135294662788,-0.2234224159041705,-1.3956463780983417,4.34223533765514
CRR1090742,1,-2.0416403044442277,1.3554457771178066,-2.3242071757583163,6.451467935747962,3.401509432228007,-3.5079763475974706,3.460559071566786,-2.1216829864767464,-3.124984519583313,-4.136583840355414,4.289039658086403,-3.037973218351193,7.609207238747176,2.652948310056148,1.955288998340517,-1.7273912875809092,0.929168268737917,7.748917683020219,4.191018958882324,6.003898357885208,-3.651076986110233,-3.913440789040079,0.3235581024872783,6.817596080774325,-1.4453430880749487,7.628015709553874,-1.267267849809995,-4.018801082476152,-3.080532796538136,4.091056368220054,5.24404517924473,-2.632508388020613,3.132682160950383,3.877666722398736,1.2581769358147377,2.554566450963645,-4.018801082476152,2.048077886848814,-3.651076986110233,3.644238969093608,0.8690364286708411,-0.1157088851690123,4.261429093797903,2.3884433211568625,4.002635307994368,-3.3256550130254663,-2.9579305747801694,5.8449380634333234,4.415587820442006,-2.284201857151013,-3.2202946084786337,4.686546240154776,-3.080532796538136,4.259963479105716,3.2057072958426285,-3.27158785023466,-3.576969123846458,-2.344826454457654,-3.913440789040079,-2.5271479279183136,5.3835889089002,3.1892211638893038,-3.913440789040079,5.663011836230261,-4.270114875838036,-3.913440789040079,-3.913440789040079,-0.6176058489596785,-1.953347723300708,-3.913440789040079,0.640434123615093,-0.2917720311416584,1.7833150773948196,-2.9579305747801694,0.9236324697932228,-2.848731362390716,-3.080532796538136,-2.08889317440644,-0.7312308655539214,2.578797049012695,0.473571412022463,2.6826109143795507,-2.057144486172501,-1.3256786034344423,3.4531287748132797,3.8995018295559696,-3.1715044919282027,-1.2188154731328835,-0.6438737738087357,-2.782040032385896,2.7736658213222007,5.522358447367103,8.086203294445056,-1.2743853165656878,2.711153508874494,0.3742731936370883,2.773416413664715,6.123027255591735,7.024669490369278,6.761231107561287,5.224240865112902,2.6310444334117244,-2.264783778835387,-2.172976263320443,-4.136583840355414,-3.651076986110233,4.340253497235322,-1.967532354268521,2.918510778685273,3.7560524629033214,4.031616590592581,-1.6413166973431963,4.519759912891572,-3.576969123846458,-3.1715044919282027,5.540909859887186,-4.606585969606024,-3.913440789040079,-1.6108574960440534,4.756402817853436,0.1190264049269264,6.649314530073755,-0.4199700704764812,-4.606585969606024,-3.7311195655788474,1.5228958841181337,-2.848731362390716,5.212776570490249,-4.018801082476152,0.3534535664326616,-2.011334964133741,3.680435056574088,-0.9177104154840928,2.0225090534250563,2.184181958394696,5.0942671909911885,-1.631060199279941,-0.3753861665191932,5.250769871503759,-0.1179535549220653,0.4458268840886334,-1.4798292581990482,1.170442979189343,5.830861441259971,-3.913440789040079,-2.1906758341541823,3.375484906849298,-4.018801082476152,-2.0416403044442277,6.455632406676622,4.757672484993351,-2.9579305747801694,-1.428535972583426,1.796984234959307,-4.018801082476152,-1.1284314233429582,4.835750617719838,0.1083311161914794,5.5844346450263895,5.6759776472384535,-1.1855898299207437,-2.920190275287329,-2.105153689990015,-3.5079763475974706,-2.7502913542325933,-3.576969123846458,2.788271848987117,-1.6727328869961862,-2.4318377935685125,-3.037973218351193,-1.3797458163505003,-2.072892838180325,5.364014028558664,-1.872222200438215,0.2454403255715923,0.1809018065173543,-3.5079763475974706,-2.660679249114303,-1.0743642085704077,-3.651076986110233,-2.848731362390716,-1.9255681669111684,-3.818130791053589,4.688238599190942,-2.026372836975442,-3.913440789040079,-0.9481696198760184,-3.3256550130254663,7.094794844024852,-2.1216829864767464,-1.1100822869194302,0.5455449099200786,-2.552465723082097,-0.883308992148403,0.4993555285449801,-2.284201857151013,1.7291732574678065,-0.4794555200368059,6.725753225189984,4.086202233522505
CRR1090784,1,1.6042947764259263,-3.637931314906286,-2.1440076996110133,2.3314717006036387,-3.0913883740873564,-3.327776871450167,2.622169665597072,-1.9414835103294437,0.6079613533045166,-3.956384364208111,-0.2550848283640994,-2.8577737422038902,-2.398241719842785,-1.1085745758000916,-2.94478504343601,-1.5471918114336063,-3.145455536878164,-2.7777310986328665,5.3828083576144055,-1.7183400256818802,-3.4708775099629303,4.347489337333665,-3.396769647699155,6.269084544945521,-1.2651436119276458,7.390463355094207,-1.087068373662692,-3.838601606328849,1.0134264527321255,4.08050990928836,-0.5427668802397501,1.9962069150117283,-2.1040023810037103,-1.8769450100251988,-3.4708775099629303,7.895201293745009,5.036605629364257,3.135147244649384,0.9544281130252648,-0.3254013222847888,0.4287599289577867,2.690652793799831,5.165340849687757,-3.838601606328849,5.07360001337135,-3.145455536878164,-2.7777310986328665,3.7275921589045375,3.436106705319469,-2.1040023810037103,-3.0400951323313308,4.754521068246596,-2.900333320390833,-2.9913050157809,-0.2960354293969082,-3.0913883740873564,-3.396769647699155,-0.6241822647440717,-3.733241312892776,-2.34694845177101,5.269457694553315,-2.2746278250750884,-3.733241312892776,6.704202235126995,-4.089915399690733,-3.733241312892776,-3.733241312892776,-0.4374063728123757,-1.7731482471534052,-3.733241312892776,0.8206335997623958,-0.1115725549943556,1.9635145535421223,-2.7777310986328665,1.1038319459405257,-0.0344134784187224,-2.900333320390833,-1.9086936982591367,-0.5510313894066184,6.803758181858959,-2.8577737422038902,0.0689648711730194,2.310339193225397,-1.1454791272871394,2.467265865208709,2.92937839944112,-2.9913050157809,6.887732751640253,-0.4636742976614328,-2.601840556238593,3.978216138111285,6.931914181254317,-1.5471918114336063,-1.094185840418385,-3.733241312892776,2.403187008792651,2.2127007241482586,5.674159434365087,5.592049425686789,6.034149564732243,4.777166926631352,-1.7050948024406307,-0.0051430975466367,-1.9927767871731403,-3.956384364208111,-3.4708775099629303,4.805437360558381,-1.787332878121218,4.235768468907743,2.9283556430262774,6.143160771338355,2.4537880218730237,3.87889577956612,-3.396769647699155,-2.9913050157809,5.517701430119388,-4.426386493458721,2.476553232553486,-1.4306580198967505,2.981169908440536,0.2992258810742293,4.480463575070542,-0.2397705943291783,-4.426386493458721,-3.550920089431544,-2.816951781016941,1.997505616484532,-1.0251929784552416,2.555729871200053,0.5336530425799646,-1.8311354879864377,-1.9927767871731403,-0.7375109393367901,-3.263238433645822,-4.089915399690733,7.104331666749105,-1.450860723132638,-0.1951866903718903,-1.666380300253275,0.0622459212252375,2.788555327313281,-3.733241312892776,-3.2026138853587094,7.261603622835468,-3.733241312892776,-2.0104763580068794,4.732446036079486,-3.838601606328849,-1.8614408282969248,1.198348788295041,6.586721820670674,-2.7777310986328665,-1.2483364964361232,-4.089915399690733,0.7141028113229514,-0.9482319471956552,4.670601993482144,5.41845047986468,-1.372389123093527,7.911939483450008,-1.0053903537734408,-2.7399907991400263,-1.924954213842712,-3.327776871450167,-2.5700918780852904,4.119584500168271,2.9684713251344195,-1.4925334108488832,4.253193619950679,-2.8577737422038902,-1.1995463402031976,4.900736863087612,3.8408016935086446,-1.692022724290912,0.4256398017188952,-2.4249099527002027,2.974596543338957,-2.480479772967,-0.8941647324231046,-3.4708775099629303,-2.668531886243413,-1.7453686907638657,-3.637931314906286,-0.9238404970463582,-1.8461733608281392,-3.733241312892776,-0.7679701437287155,-3.145455536878164,6.72558805861548,-1.9414835103294437,-0.9298828107721274,-2.4249099527002027,-2.372266246934794,-0.7031095160011,0.6795550046922829,-2.1040023810037103,-2.2071865746132127,-0.299256043889503,-1.471480006083674,4.266401709669808
CRR1090770,1,-1.724728232874222,1.407415601900204,-2.007295104188311,5.117872643564276,5.250800405723867,-3.191064276027465,-3.191064276027465,-1.804770914906741,-2.8080724480133075,-3.819671768785408,-0.1183722329413969,6.737927233649568,-2.2615291244200826,-0.9718619803773892,-2.8080724480133075,-1.410479216010904,-3.008742941455461,6.151600428761346,-2.2881973572775003,3.0617370374269868,-3.334164914540228,3.555424856920544,-3.2600570522764527,-1.6650090160098296,-1.1284310165049436,4.821504902856641,-0.9503557782399896,-3.701889010906146,4.356717328554549,-2.4651279608158907,-0.4060542848170476,1.9922149546792003,-1.967289785581008,-1.7402324146024966,3.8605013728090407,-3.2600570522764527,4.159236453491455,4.131004393888432,-3.334164914540228,-0.1886887268620863,2.9981563054070963,-3.701889010906146,6.273255263498466,-3.701889010906146,3.784099067097898,5.99498207018384,-2.641018503210164,-2.210235856348308,-1.7719811028364347,-1.967289785581008,-2.9033825369086284,-0.1755306431502638,-2.7636207249681304,-2.8545924203581974,8.029184001645897,-2.954675778664654,-3.2600570522764527,5.683802026514624,-3.5965287174700737,-2.210235856348308,4.946836915307292,-2.137915229652386,-3.5965287174700737,6.006716233503896,-3.9532028042680314,-3.5965287174700737,-3.5965287174700737,-0.3006937773896733,-1.6364356517307028,-3.5965287174700737,0.9573461951850982,0.0251400404283467,2.100227148964825,-2.641018503210164,1.240544541363228,-2.5318192908207107,-2.7636207249681304,-1.7719811028364347,-0.414318793983916,3.210519859604331,6.776797951171744,7.879687193737447,-2.433379282662588,4.966514994512326,3.8451415176760593,6.265144767357884,1.274075947361902,-0.9019034015628784,-0.3269617022387303,-2.4651279608158907,-2.641018503210164,3.512531419854421,3.2955016030805213,-0.9574732449956824,-3.5965287174700737,2.4093297148521766,4.415752651274212,-1.529667704830573,0.327420898351037,7.063482489217394,5.17036226638368,-3.008742941455461,-1.9478717072653813,-1.856064191750438,-3.819671768785408,3.731381219679105,6.309912462993392,-1.6506202826985157,-2.1855432559530525,-2.2881973572775003,6.0974942709330096,-1.3244046257731907,0.2450698665819803,-3.2600570522764527,4.822740887828486,7.99200116786853,-4.2896738980360185,-3.5965287174700737,-1.2939454244740478,1.8748992751990363,0.4359384764969317,4.574051009199415,-0.1030579989064758,-4.2896738980360185,-3.414207494008841,5.141595584356934,3.285496414993456,-0.8884803830325392,-3.701889010906146,0.6703656380026669,4.75663652758834,3.038102643021733,3.723996246128293,0.9187147828738682,-3.9532028042680314,-0.3657262426832189,-1.3141481277099356,-0.0584740949491879,-1.529667704830573,0.19895851664794,1.4220727595048717,-3.5965287174700737,-3.065901289936007,5.67407656548306,2.201955698721706,-1.873763762584177,7.035755868014976,-3.701889010906146,-1.724728232874222,1.3350613837177434,-2.954675778664654,-2.641018503210164,-1.1116239010134208,-3.9532028042680314,-3.701889010906146,-0.8115193517729529,4.011943008562784,7.304049371081415,4.196808633434002,6.117006251230527,5.671153606879164,-2.603278203717324,5.617582528459854,-3.191064276027465,-2.433379282662588,-3.2600570522764527,3.105183920557122,-1.3558208154261808,-2.114925721998507,-2.721061146781188,-1.0628337447804952,-1.7559807666103198,-3.5012187194835835,-1.5553101288682096,0.5623523971415976,-2.2881973572775003,8.514907020221333,-2.3437671775442976,-0.757452137000402,-3.334164914540228,-2.5318192908207107,-1.6086560953411633,-3.5012187194835835,-0.7871279016236558,-1.7094607654054368,-3.5965287174700737,-0.631257548306013,-3.008742941455461,-2.7636207249681304,-1.804770914906741,-0.7931702153494249,-2.2881973572775003,-2.235553651512092,-0.5663969205783976,0.8162676001149853,-1.967289785581008,-2.0704739791905102,4.378552560830259,7.044111331668844,4.403114305092509
CRR1090847,1,-2.159543902470773,-3.936034389080135,0.2563695956105424,3.887282267005417,5.851632288942034,-3.625879945624016,0.3253624652659921,-2.239586584503292,-3.2428881176098585,-4.254487438381959,3.4270704253338384,-3.155876816377739,8.12795849786917,-1.4066776499739402,-3.2428881176098585,3.283738927966038,-3.443558611052012,4.999843395522216,5.535002707113865,-2.016443099855729,1.1627209692083915,-1.1081846988185933,-3.694872721873004,4.699053145049783,-1.5632466861014946,6.190863951373371,7.290399201821,-4.136704680502698,3.0119881879057546,3.811874603962514,2.682581397365129,2.0863101896883443,6.941458517116913,-2.175048084199048,2.075230971600189,3.403737588962876,4.105171865635976,0.8081051104709168,-3.768980584136779,2.837460143858372,-3.936034389080135,-1.1634473713841615,4.457611925748283,-4.136704680502698,4.24677710299517,-3.443558611052012,-3.075834172806715,6.920203742909781,1.5044118433848812,-2.402105455177559,-3.3381982065051794,4.669234459660543,-3.198436394564681,-3.2894080899547484,6.828333148149884,-3.389491448261205,-3.694872721873004,-2.4627300524842,-1.4511294059571596,-2.6450515259448597,4.439425831849881,2.6769818696620247,0.2313335181457042,4.828073878939264,0.0795275098955712,-4.031344387066625,-4.031344387066625,-0.7355094469862244,-2.071251321327254,-4.031344387066625,0.5225305255885472,-0.4096756291682042,1.665411479368274,-3.075834172806715,0.8057288717666771,-2.9666349604172617,-3.198436394564681,-2.2067967724329858,-0.8491344635804672,4.801474728745524,2.386692234625464,-0.8449936712573596,4.462578177821674,-1.443582201460988,2.2720049248522773,2.43852389565209,3.4395612770000925,5.477764354497105,1.3713310038166635,1.473171818204006,3.6099299675761607,5.866002361612709,3.4667478536040544,3.7685708530326094,-1.8121426856183496,3.4027928557808296,1.843584349405383,4.005356381028442,4.758374629336297,4.007359289143019,3.865950086274754,-3.443558611052012,-2.3826873768619325,-2.290879861346989,-4.254487438381959,-3.768980584136779,3.1033850908457774,-2.0854359522950667,4.241377466833428,2.5356072999472183,4.651632392844359,-1.759220295369742,2.678201828331764,-3.694872721873004,-3.2894080899547484,2.787796235746223,-4.72448956763257,1.1933244500793756,-1.728761094070599,4.39596585997979,0.0011228069003805,4.074202645770452,-0.5378736685030269,-4.72448956763257,-3.849023163605392,3.362531904273143,-2.9666349604172617,4.335628383516794,-4.136704680502698,0.2355499684061158,-2.1292385621602863,-2.290879861346989,-1.0356140135106389,4.178669257971226,-4.388018473864582,2.9444413041777997,3.1776979692552376,-0.4932897645457391,-1.964483374427124,-0.2358571529486112,-4.542168677502838,-4.031344387066625,-0.5593798724024629,4.804184165353953,2.095086024822561,-2.308579432180728,3.185216247452886,-4.136704680502698,-2.159543902470773,0.9002457141211921,3.690622601342876,-3.075834172806715,-1.5464395706099718,-1.1864368869661543,-4.136704680502698,-1.246335021369504,3.829841254843119,0.6245169322503912,0.4505256052034069,3.944974259920327,-1.3034934279472894,-3.038093873313875,-2.2230572880165607,2.9257703233589103,-1.670492197267376,0.121267114727992,2.670368250960571,3.790938073973417,-2.549741391595058,-0.7429444249209509,-1.4976494143770462,-2.190796436206871,1.0926176042433955,0.389900984800999,0.1275367275450464,-2.723013026874052,0.9088664570412364,-2.7785828471408487,-1.1922678065969532,4.652546980581191,-2.9666349604172617,2.3040624150481133,-3.936034389080135,5.2305992308271705,-2.144276435001988,-4.031344387066625,-1.0660732179025645,1.5308725309502809,6.297794447523578,-2.239586584503292,-1.227985884945976,-2.723013026874052,-2.670369321108643,-1.001212590174949,0.3814519305184343,-2.402105455177559,-2.5052896487870613,-0.5973591180633516,4.735079066739954,3.9682986354959584
CRR1090740,1,-0.0800681579513587,-0.547091129445123,-2.184699590047814,4.464231680055514,3.199233216076153,-3.368468761886968,-3.368468761886968,-1.982175400766244,-2.9854769338728104,-3.9970762546449112,-0.2957767188009,-2.898465632640691,5.609753250811621,-1.149266466236892,-2.9854769338728104,-1.5878837018704068,0.948128751925608,5.836683515536802,4.264318553830736,0.1734549845478983,-3.511569400399731,2.563244451021366,-3.437461538135956,4.935331836655392,-1.3058355023644463,8.218788268999875,5.42370486027293,-3.87929349676565,3.2029729362092447,7.958487172052722,-0.5834587706765506,-2.493000802310111,-2.144694271440511,-1.9176369004619995,2.946767346896085,7.151384380434176,4.517059776546752,0.6180417869519478,-3.511569400399731,-0.3660932127215894,1.5722195021675085,-3.87929349676565,2.2809735210295727,-3.87929349676565,5.665308102990228,3.4309573083629803,-2.818422989069667,8.074230310875548,2.1121688336781346,-2.144694271440511,-3.0807870227681318,5.674382158678363,-2.9410252108276334,-3.0319969062177003,5.237929839627327,-3.132080264524157,-3.437461538135956,-2.205318868747152,-3.7739332033295767,-2.387640342207811,6.039944878117252,2.1492505083804296,-3.7739332033295767,4.977697499461128,1.2041769128372233,-3.7739332033295767,-3.7739332033295767,-0.4780982632491763,-1.8138401375902056,-3.7739332033295767,0.7799417093255953,-0.1522644454311561,1.922822663105322,-2.818422989069667,1.0631400555037251,-2.7092237766802136,-2.9410252108276334,-1.9493855886959377,-0.591723279843419,5.410287040698839,-2.898465632640691,-2.247878465050013,1.9792721610013249,-1.18617101772394,0.8232028311245404,3.5550272920238406,-3.0319969062177003,7.2177202850483955,-0.5043661880982334,-2.642532446675394,-2.818422989069667,6.97955796891866,4.151005366350163,-1.1348777308551854,2.7899203260254253,2.021514465937173,1.3908507820245086,6.524556262728888,5.13365006697002,6.204028824977903,5.697368452354531,2.6372260374215246,-2.1252761931248845,-2.033468677609941,-3.9970762546449112,-3.511569400399731,2.3902213558055,-1.8280247685580189,5.039176051762695,-2.465601843137004,5.269996330550911,-1.501809111632694,4.614742566308089,-3.437461538135956,1.7790243893459785,3.908086308421381,-4.4670783838955215,-3.7739332033295767,6.14194523923728,7.152226273664177,0.2585339906374287,5.477623884656484,2.687845427332209,-4.4670783838955215,5.089793703617005,-0.065253072897854,3.817017926370837,-1.065884868892042,-3.87929349676565,0.4929611521431639,-1.8718273784232384,3.3109615740822957,-0.7782028297735907,3.5355448654853308,1.9096445708138257,5.021162415079293,-1.4915526135694386,-0.2358785808086909,-1.707072190690076,0.0215540307884369,-0.8086620341655161,-3.7739332033295767,1.363039024562578,4.479552825539026,-0.4346131544615255,-2.05116824844368,2.670831784480359,-3.87929349676565,-1.9021327187337247,6.757104450723475,4.81918145446355,-0.3019686886654147,-1.2890283868729235,-1.88686525126494,-3.87929349676565,-0.9889238376324558,2.845337685700812,2.4694547004065805,3.8710798317896726,7.684238361610024,-1.046082244210241,-2.780682689576827,4.022534040580849,7.351685256184138,-0.5391859505629313,3.4070481926580287,2.927779434697619,-1.5332253012856838,-2.29233020785801,-2.898465632640691,-1.2402382306399982,3.573364498704247,-3.6786232053430874,-1.7327146147277128,0.3849479112820947,-0.4275459877378836,2.4294097068612115,-2.5211716634038006,-0.9348566228599052,-3.511569400399731,-2.7092237766802136,-1.7860605812006662,-3.6786232053430874,-0.9645323874831586,-1.88686525126494,-3.7739332033295767,2.709783585017195,2.5406992127809938,7.465584463202623,-1.982175400766244,-0.970574701208928,-2.465601843137004,-2.4129581373715947,-0.7438014064379006,0.6388631142554824,-2.144694271440511,2.090263998413121,-0.3399479343263036,6.360791046316475,4.225709819233006
CRR1090774,1,2.175312263405232,1.480752325379886,-2.2875412969453044,4.289609798954889,3.9834853055357526,-3.4713104687844587,2.8827103544076143,-2.0850171076637345,4.479496073526929,2.376282378420492,-0.3986184256983904,-3.0013073395381813,7.830311392708721,-1.2521081731343824,-3.088318640770301,-1.6907254087678971,2.223093515213018,1.0358779902168669,5.388449295424705,1.6055273007554525,-3.614411107297221,3.1988628794441576,-3.540303245033446,-1.9452552087668231,-1.4086772092619368,7.116362909641293,4.87403279935462,0.5275003578335115,4.04541162990779,-2.745374153572884,-0.6863004775740411,-2.5958425092076016,-2.2475359783380013,-2.0204786073594896,-3.614411107297221,6.340696224356766,2.809583290472609,4.157918930060084,-3.614411107297221,4.933175443681714,-3.781464912240577,-3.98213520366314,1.848114534168784,2.178131814132082,5.555842639762333,3.942055534382519,-2.921264695967157,5.939582895023397,-2.052227295593428,-2.2475359783380013,-3.183628729665622,-0.4557768359072571,-3.043866917725124,-3.134838613115191,-0.4395690267311991,1.502198368565516,2.698019954225832,-0.9975783405674836,2.717362917015511,-2.490482049105301,7.167420911115422,4.161412270393922,-3.876774910227067,7.271571039034463,-4.233448997025024,-3.876774910227067,-3.876774910227067,-0.5809399701466668,-1.9166818444876963,-3.876774910227067,0.6771000024281049,-0.2551061523286466,1.8199809562078315,-2.921264695967157,0.9602983486062344,-2.812065483577704,-3.043866917725124,-0.3157307708028355,-0.6945649867409095,4.925174082426583,-3.0013073395381813,-1.460862953352606,2.842236246575651,-1.2890127246214305,2.082680845910451,1.7282895988503275,-3.134838613115191,7.194671739144257,-0.6072078949957238,-0.8040835029423595,3.122828024211433,6.088670842527823,6.814313091934168,5.232372021408949,3.704534900571794,5.10100068877278,3.010775663480367,4.555773007557397,0.0471747055940436,6.82814704572111,6.476983391750454,0.807204474671602,-2.228117900022375,-2.136310384507431,1.382799638401549,1.3775885792431073,4.024748526641953,-1.9308664754555087,0.1662743926972016,4.1805372256768365,5.310172002498478,-1.6046508185301844,5.439255922489077,-3.540303245033446,1.8884141988293697,6.564098349687755,1.650268393886529,0.2175676853303662,-1.5741916172310413,5.294822633642585,5.248550087641905,3.54571633053829,-0.3833041916634693,-4.569920090793012,6.283513315994675,3.1191723813241525,4.930006532211681,7.995307211727464,-2.1189186478451667,0.3901194452456735,2.3847147779127686,2.9058685599807714,-0.8810445366710811,-3.406772030980113,1.8122302856148795,1.653445521235966,-1.5943943204669293,-0.3387202877061813,2.848256734342736,-0.0812876761090534,0.8470648232425118,-3.876774910227067,-3.3461474826930004,0.0292280631189634,1.4873282062242683,-2.1540099553411705,4.010882194442989,-3.98213520366314,-2.0049744256312154,1.05481519096075,6.538803462903903,-2.921264695967157,-1.3918700937704145,1.1231344339853016,-0.6821936959587013,-1.0917655445299463,5.220349970033076,5.31533838966412,5.424208230155834,6.041648514773785,-1.1489239511077318,-2.8835243964743174,-2.068487811177003,-3.4713104687844587,-2.713625475419581,4.362182764087319,2.8249377278001284,3.5117982916732067,-2.3951719147555,-3.0013073395381813,-1.3430799375374889,-2.036226959367313,3.5365904266764456,2.778148509647828,0.2821062043846041,-2.5684435500344938,4.24107240068428,-2.624013370301291,-1.0376983297573956,3.497099471993443,0.8417219789271699,-1.8889022880981563,-3.781464912240577,-1.0673740943806491,-1.9897069581624305,-3.876774910227067,-0.9115037410630064,-3.2889891342124544,5.763604102555417,-2.0850171076637345,-1.0734164081064184,-2.5684435500344938,-2.515799844269085,-0.8466431133353911,0.5360214073579919,-2.2475359783380013,-2.350720171947504,-0.442789641223794,7.457335236902206,4.122868112335516
CRR1090796,0,-1.813051801405722,3.270738324303301,-2.095618672719811,6.3118321282584375,1.249619661519607,-3.2793878445589653,-3.2793878445589653,-1.893094483438241,0.8015323865210726,-0.2704116117979263,-0.206695801472897,-2.809384715312688,3.983613360639599,-1.0601855489088892,0.3004192183428853,-1.498802784542404,2.8710714368836405,-2.729342071741664,-2.3765209258090008,2.920714237033528,5.72530369055109,-3.6848522860015738,4.518613976418621,-1.75333258454133,2.5989066748436707,9.254451743988058,6.279126115059505,1.841395156556253,-2.8519442934996304,-2.553451529347391,-0.4943778533485478,-2.403919884982108,-2.055613354112508,-1.8285559831339968,-3.422488483071728,-3.3483806208079527,5.26175488794097,4.379215992408249,-3.422488483071728,-0.2770122953935865,4.563151416124607,-3.790212579437647,3.3413948888068665,0.637953015539535,4.9456675910808094,5.5995912011691065,2.792118079967032,8.058631954556585,-0.9768039515640392,2.4563225386415133,-2.9917061054401284,-0.2638542116817638,-2.8519442934996304,-2.9429159888896974,-0.2476464025057059,-3.042999347196154,2.7881100585818506,-2.1162379514191487,-3.6848522860015738,3.265002170918744,6.498996118801499,-2.226238798183886,6.635512979525882,-2.323877220043592,-4.041526372799531,-3.6848522860015738,-3.6848522860015738,-0.3890173459211734,-1.7247592202622029,-3.6848522860015738,0.8690226266535981,-0.0631835281031532,2.0119035804333247,2.6826465619586477,1.152220972831728,0.6352969715519645,-2.8519442934996304,-1.860304671367935,-0.5026423625154162,-1.980105830124851,-2.809384715312688,4.32337820892561,-2.521702851194088,-1.0970901003959372,2.778175174041221,5.521759149769721,-2.9429159888896974,7.703434963855121,-0.4152852707702306,-2.553451529347391,-2.729342071741664,8.153142962405214,5.592060034413369,-1.045796813527183,-3.6848522860015738,4.650001348974715,4.951720662791732,6.649889570628226,6.237661084039252,6.203895192812774,5.953821008305839,2.794576593797684,-2.036195275796881,0.7648310205126082,-1.0176259405287396,-1.5101023372427116,5.776260368560645,-1.7389438512300155,-2.273866824484553,5.324642042401653,6.418311651721673,-1.412728194304691,2.606344418289406,-3.3483806208079527,3.01341377058193,6.635559115475349,-4.377997466567519,2.297569521501668,-1.382268993005548,1.0704585756299407,0.3476149079654316,4.253519911210377,-0.1913815674379759,-4.377997466567519,-3.502531062540341,-2.7685627541257385,-2.6201428593522107,5.800310856577775,-3.790212579437647,0.5820420694711669,5.28606070234222,-1.9443877602819384,-0.6891219124455878,-3.2148494067546194,2.664983765176782,6.455592934322759,-1.402471696241436,-0.146797663480688,-1.6179912733620732,0.1106349481164398,-4.195676576437787,1.680186721945908,-3.1542248584675074,0.221150687344457,3.00325133341389,-1.962087331115677,5.736346507738961,-3.790212579437647,-1.813051801405722,1.2467378151862434,6.696970822009076,4.670290453932632,-1.1999474695449208,-4.041526372799531,-3.790212579437647,-0.8998429203044529,7.536426599507226,5.211925364811594,5.717609447907865,3.0725431137185013,-0.9570013268822384,-2.691601772248824,-1.8765651869515096,-3.2793878445589653,-2.521702851194088,-3.3483806208079527,3.016860352025622,-1.4441443839576809,-2.203249290530007,1.6584364557514233,-1.1511573133119954,5.6312145341189765,-3.589542288015084,-1.6436336973997097,3.0156307932852733,-2.3765209258090008,5.522441455990993,-2.4320907460757977,-0.8457757055319022,-3.422488483071728,-2.6201428593522107,-1.6969796638726633,-3.589542288015084,-0.8754514701551558,-1.7977843339369368,1.889578524216032,-0.7195811168375131,-3.097066509986961,-2.8519442934996304,-1.893094483438241,-0.881493783880925,-2.3765209258090008,-2.323877220043592,-0.6547204891098977,0.7279440315834853,-2.055613354112508,-2.1587975477220103,1.054846810428641,-1.4230909791924715,4.314790736561009
CRR1090807,0,-1.928615373157215,-3.7051058597665767,5.279813829105886,4.869462085672794,4.798723916680865,-3.394951416310458,1.9172675286487475,-2.008658055189734,0.7471232365868286,-4.023558909068401,-0.3222593732243901,-2.924948287064181,7.04046025148566,7.468735237432314,0.5511495952113017,2.3766960403963684,-3.212630081738454,6.158996239168629,5.621786692061739,-1.7855145705421709,-3.538052054823221,-3.8004158577530665,1.6760457025486444,4.0135778180598045,2.6814655064070925,7.899234446508615,-1.1542429185229826,-3.90577615118914,-2.9675078652511235,-2.669015101098884,-0.6099414251000408,-2.5194834567336013,2.964390414218474,-1.9441195548854893,-3.538052054823221,2.8537346650094717,-3.90577615118914,-3.7051058597665767,-3.538052054823221,-0.3925758671450795,0.6492674487611151,-3.90577615118914,4.202209390952621,-0.6223639440697915,4.83796589080924,-3.212630081738454,0.3801044312931254,-2.414122996631301,1.5794795050059824,-2.171176925864001,-0.8455074745506697,5.119516736119132,-2.9675078652511235,2.031464625397553,7.543830934167521,-3.158562918947647,-3.463944192559446,-2.231801523170642,-3.8004158577530665,-2.414122996631301,3.1172877540644364,1.479735548352598,-3.8004158577530665,3.0092834829617265,-4.157089944551024,-3.8004158577530665,-3.107269677191621,-0.5045809176726664,-1.840322792013696,-3.8004158577530665,0.7534590549021052,-0.1787470998546462,1.896340008681832,-2.844905643493157,1.0366574010802347,-2.735706431103704,-2.9675078652511235,-1.975868243119428,-0.6182059342669092,3.880588846955697,-2.924948287064181,2.0107231412136573,-2.637266422945581,4.947823560866839,2.151265824547984,2.8968632754860493,2.16521593445323,6.60663502635798,-0.5308488425217235,1.736128705409441,4.643344056009766,6.836230543305355,2.772982943374935,-1.1613603852786756,2.5577709726136524,1.3958667943060152,-3.538052054823221,1.4746308920930298,5.30642692539861,5.3602909964269605,4.5275500010377465,-3.212630081738454,-2.1517588475483747,-2.0599513320334317,-4.023558909068401,-0.7277244504683592,5.5846822189797125,2.3849673861128378,6.382555771712921,-2.492084497560493,4.528226427598458,4.186562996778707,0.0411827262989873,0.5511495952113017,2.8027126307612096,4.0664577318470405,-4.493561038319012,-3.8004158577530665,-1.497832564757041,7.582237177607732,0.2320513362139386,4.874462609842411,2.8650110530485065,-4.493561038319012,-3.6180946342918334,-2.190979545317046,0.4537754338220203,3.8628019087954617,-3.90577615118914,0.4664784977196738,-1.898310032846728,2.6906091238781755,-0.8046854841970807,4.674327017817676,-4.157089944551024,6.898908833613672,-1.5180352679929288,-0.262361235232181,-1.7335548451135665,-0.0049286236350531,-1.6256659089942047,-3.8004158577530665,0.0106792733349052,4.587031047064925,-3.8004158577530665,-1.3845039008786055,1.2208276286498163,-3.90577615118914,-1.928615373157215,1.1311742434347505,-3.158562918947647,-2.844905643493157,-1.315511041296414,-0.5270537718412236,-3.90577615118914,-1.015406492055946,5.594491543725842,2.9896793800125563,0.6135918469889401,7.929288560080788,-1.0725648986337313,-2.807165344000317,-1.9921287587030028,5.769901992311687,-2.637266422945581,2.579365642021089,2.9012967802741287,2.468299570107471,-2.3188128622815,-2.924948287064181,-1.266720885063488,1.9553243621649592,-3.7051058597665767,-1.066050218461362,0.3584652568586046,-2.492084497560493,-3.394951416310458,3.1940654265747472,2.0202583743078315,-1.066050218461362,0.2668980663296892,1.4497591439622142,-3.7051058597665767,7.388352403579119,1.913974802613456,-3.8004158577530665,-0.8351446885890061,0.8761423429456712,-2.9675078652511235,-2.008658055189734,-0.997057355632418,-2.492084497560493,-2.439440791795085,-0.7702840608613907,0.6123804598319924,-2.171176925864001,-2.2743611194735034,-0.3664305887497937,4.514952864544097,4.199227164809517
CRR1090771,1,2.3830059764262006,2.397735332594912,-1.9610640485279036,5.104147983381917,-2.9084447230042465,-3.1448332203670577,-3.1448332203670577,-1.7585398592463335,1.1646214060606908,3.4540377168365857,-0.0721411772809894,3.504322694710841,-2.215298068759675,-0.9256309247169816,1.9534045426086435,-1.3642481603504963,2.1765480922941887,-2.5947874475497565,-2.2419663016170928,3.096610201272304,-3.2879338588798204,2.2780575533159806,-1.2279117454390287,-1.6187779603494223,-1.082199960844536,8.17046239850583,7.352145576273213,-3.655657955245739,4.838560033511777,-2.418896905155484,-0.3598232291566402,2.3001771977563905,-1.9210587299206003,-1.694001358942089,-3.2879338588798204,3.891255305673028,-3.655657955245739,4.071189432322428,-3.2879338588798204,-0.1424576712016789,2.5373837475821848,-3.655657955245739,7.119539063593294,0.0925359061608827,-0.0387541632751546,-2.962511885795053,-2.5947874475497565,-2.1640048006879007,1.369681278618999,-1.9210587299206003,3.430520189890557,-0.1292995874898562,-2.717389669307723,-2.80836136469779,-0.1130917783137982,-2.9084447230042465,1.1318315838350717,4.428354067960465,-3.550297661809666,-2.1640048006879007,2.478942254448982,-2.0916841739919785,4.847839687269315,9.01884055124068,-3.906971748607624,-3.550297661809666,-3.550297661809666,-0.2544627217292657,-1.5902045960702955,-3.550297661809666,1.0035772508455056,0.0713710960887543,2.1464582046252323,-2.5947874475497565,1.2867755970236356,0.729140411791945,-2.717389669307723,-1.7257500471760272,-0.3680877383235086,6.499554064125822,-2.6748300911207803,2.577878712977237,-2.3871482270021804,-0.9625354762040296,1.4918343122678568,4.255989628273699,4.193663641441769,1.3264232299462244,-0.280730646578323,-2.418896905155484,-2.5947874475497565,8.255807226442078,4.586745230069197,-0.9112421893352748,-3.550297661809666,-3.213825996616045,-3.2879338588798204,-1.4834366491701656,6.57990106343665,6.030085873183561,4.551499291028509,-2.962511885795053,3.0517453449184764,0.7067305110201417,-3.7734407131250007,-3.2879338588798204,6.781105706402746,-1.6043892270381082,-2.139312200292645,-0.5747699935303836,5.83077877005433,-1.2781735701127834,0.291300922242388,-3.213825996616045,4.495032176501911,7.092178039644417,-4.243442842375611,-3.550297661809666,7.381209603724034,-2.1152146603279807,0.4821695321573392,2.8385978250714308,-0.0568269432460683,-4.243442842375611,-3.3679764383484336,3.1911648798148766,-2.485588235160303,-0.8422493273721318,-3.655657955245739,0.7165966936630744,4.577813451339979,-1.8098331360900304,-0.5545672882536802,-3.080294782562712,-3.906971748607624,-0.3194951870228114,-1.2679170720495283,-0.0122430392887804,-1.4834366491701656,0.2451895723083475,-4.06112195224588,-3.550297661809666,-3.0196702342755994,6.3955670722993965,-3.550297661809666,-1.8275327069237692,7.008716274433815,-3.655657955245739,-1.6784971772138144,1.3812924393781507,-2.9084447230042465,3.2359657218451168,-1.0653928453530133,-3.906971748607624,1.9311722561646116,-0.7652882961125453,4.3668723277669725,5.503246539629791,3.955192614029868,7.36669607335427,3.681566047686144,-2.5570471480569164,4.305477547985093,-3.1448332203670577,-2.3871482270021804,-3.213825996616045,3.1514149762175294,-1.3095897597657733,-2.0686946663381,-2.6748300911207803,-1.0166026891200877,5.7375016265313885,-3.454987663823176,-1.509079073207802,0.6085834528020051,-2.2419663016170928,2.469752347011315,-2.29753612188389,-0.7112210813399946,-3.2879338588798204,-2.485588235160303,-1.5624250396807555,-3.454987663823176,-0.7408968459632482,-1.6632297097450293,-3.550297661809666,-0.5850264926456055,-2.962511885795053,-2.717389669307723,-1.7585398592463335,-0.7469391596890174,-2.2419663016170928,-2.189322595851684,-0.5201658649179901,0.8624986557753929,-1.9210587299206003,-2.0242429235301027,5.7607182781028055,-1.288536355000564,4.4493453607529165
CRR1090781,1,4.089122795462824,3.8792533033996217,-2.074148635790717,-0.0310750935348868,-3.0215293102670606,-3.257917807629872,-3.257917807629872,-1.871624446509148,1.5741209887077912,-3.886525300387815,-0.1852257645438036,-2.7879146783835944,-2.328382656022489,-1.0387155119797955,1.9261090866574344,0.6352608038382628,5.303252657881324,6.481778086037647,-2.355050888879907,-1.6484809618615843,-3.4010184461426345,-3.66338224907248,-0.955333914634946,-1.7318625476122365,-1.1952845481073502,8.919155085289313,5.79355054070895,2.975968574807579,-2.830474256570537,-2.5319814924182977,-0.4729078164194544,-2.3824498480530147,-2.0341433171834145,-1.8070859462049031,-3.4010184461426345,-3.3269105838788597,-3.7687425425085537,2.827339288466928,-3.4010184461426345,-0.2555422584644931,4.481991354229958,-3.7687425425085537,3.355733499554346,-3.7687425425085537,5.88479884869176,-3.0755964730578675,-2.7078720348125707,-2.277089387950715,-1.838834634438841,-2.0341433171834145,-2.970236068511035,3.702934470279218,-2.830474256570537,-2.9214459519606044,-0.2261763655766124,2.5095681782530206,3.223147395502931,3.1138066621694827,2.1807397159325355,-2.277089387950715,5.01541745788248,3.3224425671816085,-3.66338224907248,5.971138302117532,-4.0200563358704375,-3.66338224907248,-2.5002328142649946,-0.36754730899208,-1.7032891833331094,-3.66338224907248,0.8904926635826916,-0.0417134911740598,2.033373617362418,-2.7078720348125707,1.1736910097608213,-2.5986728224231173,-2.830474256570537,1.8411339561981503,-0.4811723255863227,-1.9586357931957576,-2.7879146783835944,-2.830474256570537,-2.5002328142649946,4.035098539717495,-1.4333696338575297,-2.115821314822643,-2.9214459519606044,8.20468518851372,-0.3938152338411371,-2.5319814924182977,2.612507081530837,7.988803903250464,6.008335167234891,-1.024326776598089,-3.66338224907248,3.3762761025444434,2.903569437941363,3.4092072740606567,0.2605673667486304,8.247099144512237,6.006922042607113,1.6664317942268494,-2.014725238867788,0.8988784567831607,1.75449236140831,-3.4010184461426345,3.9249394292774,-1.7174738143009225,3.614692437265264,1.1776482764373837,4.507480291026716,0.5964747798777807,0.1782163349795737,-3.3269105838788597,4.203721252012542,4.689264433806025,0.1070752381188269,2.3962061317558163,-1.3607989560764546,-2.228299247590795,0.369084944894525,-2.074148635790717,-0.1699115305088825,-4.356527429638426,-3.481061025611248,4.827177451755635,-2.5986728224231173,6.007477436888136,-2.05394593663646,0.6035121064002602,-1.761276424166142,-1.9229177233528445,-0.6676518755164943,-3.193379369825526,1.9974907315333863,1.6789500124637082,-1.3810016593123424,-0.1253276265515945,-1.5965212364329795,0.1321049850455334,-4.174206539508694,-3.66338224907248,-3.132754821538414,0.2426207242735503,-3.66338224907248,-1.940617294186584,4.954775820458464,0.9154419821118897,-1.7915817644766288,1.2682078521153366,-3.0215293102670606,2.592749600017508,-1.1784774326158274,-0.7841856794128967,3.1820700058428426,-0.8783728833753597,-1.4773327476133105,-2.6701317353197305,4.959645345111349,3.792492439577413,-0.935531289953145,-2.6701317353197305,2.100552154682932,-3.257917807629872,-2.5002328142649946,-3.3269105838788597,3.0383303889547157,-1.4226743470285874,-2.1817792536009137,-2.7879146783835944,-1.129687276382902,-1.8228342982127264,5.7208085847763614,4.366960228612086,4.810692651689752,-2.355050888879907,5.719664958684874,7.570607432032102,1.8548715458685,-3.4010184461426345,-2.5986728224231173,-1.67550962694357,-3.56807225108599,-0.8539814332260623,-1.7763142970078436,-3.66338224907248,-0.6981110799084197,-3.0755964730578675,7.541329852222693,-1.871624446509148,0.4829200837279003,-2.355050888879907,-2.3024071831144983,-0.6332504521808042,0.7494140685125787,-2.0341433171834145,-2.137327510792917,-0.2293969800692072,6.992254970649132,4.336260773490102
CRR1090789,1,1.2151885851027755,-3.588830656353445,-2.0949070410581725,6.305100487107598,4.392124041313637,-3.278676212897327,4.583152248968831,-1.8923828517766024,-2.2025376588683683,-3.90728370565527,-0.2059841698112585,5.040682402153424,6.825326144425137,7.080790773230779,-2.895684384883169,3.69336622388504,-3.0963548783253225,6.021637585476966,3.390482078571855,-1.6692393671290395,2.4770646715765503,-3.6841406543399353,-3.3476689891463143,-1.7526209528796912,-1.2160429533748052,8.364006369440856,-1.037967715109851,-3.789500947776008,2.665345929773356,-2.5527398976857523,-0.4936662216869093,-2.4032082533204697,7.066855593120234,-1.827844351472358,4.695901179389753,3.925323036856108,6.204485035392666,0.337631250891623,-3.421776851410089,-0.276300663731948,2.545945018871201,-1.2160429533748052,6.113261899501227,-3.789500947776008,4.225273387970399,-3.0963548783253225,-2.7286304400800256,8.569276256307633,-1.8595930397062963,-0.7502856781190587,-2.99099447377849,3.1426194676033967,-2.851232661837992,-2.942204357228059,7.456997129560959,2.347023264426981,-3.3476689891463143,2.545945018871201,-3.6841406543399353,1.7906458637081095,5.162181607730441,0.4621616784604455,-3.6841406543399353,5.503277034458316,-4.0408147411378925,-3.6841406543399353,-3.6841406543399353,-0.3883057142595348,-1.7240475886005644,-3.6841406543399353,2.7555271577482374,-0.0624718964415147,2.012615212094964,-2.7286304400800256,1.1529326044933663,-2.619431227690572,-2.851232661837992,-1.8595930397062963,-0.5019307308537776,5.107586578164037,8.213197232956789,6.680547411053911,-2.520991219532449,3.2169907503486024,3.789494455293989,6.643370031892708,-2.942204357228059,7.941916834154634,-0.4145736391085921,-2.5527398976857523,-2.7286304400800256,4.364965067627244,4.127749801155568,-1.045085181865544,-3.6841406543399353,2.564286996426743,2.4617582503589555,6.982941222745377,6.523131592347125,4.211516792072603,3.887742857163096,-3.0963548783253225,1.343677477618581,-1.9436761286202997,-3.90728370565527,2.057577666077143,5.416717617242566,-1.7382322195683773,5.787145595041456,-2.375809294147362,5.426067942440245,-1.4120165626430523,5.875304092218091,-3.3476689891463143,-2.942204357228059,6.706113457431853,0.915009479445317,-3.6841406543399353,5.993798462392973,-2.2490576528582498,0.34832653962707,3.372205030417869,-0.1906699357763375,-4.37728583490588,-3.5018194308787027,2.333963828585017,-2.619431227690572,-0.9760923199024008,-3.789500947776008,0.5827537011328054,5.625173896902003,-1.9436761286202997,-0.6884102807839493,-3.214137775092981,-4.0408147411378925,3.983951055679487,-1.4017600645797972,-0.1460860318190495,3.657081930458476,0.1113465797780783,1.3872741245652305,-3.6841406543399353,2.230440853833657,6.153536237548165,2.838538209123219,-1.9613756994540383,4.472998469069994,-3.789500947776008,-1.812340169744084,1.2474494468478818,5.401903530592676,-2.7286304400800256,-1.1992358378832824,-0.8991312886428144,-3.789500947776008,-0.8991312886428144,4.142779218061524,3.768259798045796,3.0463980076061663,7.417298624192023,3.290336258558017,-2.690890140587185,4.092560145846622,-3.278676212897327,-2.520991219532449,3.902660881838844,3.0175719836872603,-1.4434327522960424,-2.2025376588683683,-2.8086730836510494,-1.1504456816503568,-1.8435927034801811,-3.588830656353445,-1.6429220657380714,2.9119110490796944,1.1537253116170376,3.101444992929881,-2.431379114414159,-0.8450640738702637,-3.421776851410089,-2.619431227690572,-1.6962680322110248,-3.588830656353445,-0.8747398384935173,-1.7970727022752984,-3.6841406543399353,-0.7188694851758747,-3.0963548783253225,7.913566875688258,-1.8923828517766024,-0.8807821522192866,-2.375809294147362,-2.3231655883819533,-0.6540088574482593,0.7286556632451238,-2.054901722450869,-2.158085916060372,-0.2501553853366622,3.447395972844727,4.315502368222647
CRR1090840,0,2.37726039355795,-3.628643024004948,-2.134719408709675,6.687144997709536,4.313588163775462,-3.3184885805488293,2.816497612866553,5.155684427527123,1.662373231038821,2.751477697796316,-0.2457965374627611,2.523700934348923,6.788558698495616,-1.0992862848987532,-2.935496752534672,-1.537903520532268,-3.136167245976825,4.4593306416863,2.742189705358601,-1.7090517347805418,2.738450218307693,-3.723953021991438,-3.387481356797817,1.3233336026083236,-1.2558553210263077,5.72538650245923,-1.0777800827613535,-3.829313315427511,-2.8910450294894945,-2.592552265337255,-0.5334785893384117,-2.4430206209719723,8.862791280847693,-1.8676567191238604,2.975298984879021,-3.387481356797817,-3.829313315427511,2.6904870615868064,-3.461589219061592,-0.3161130313834504,0.6505433714525685,-3.829313315427511,3.7632186733447495,-3.829313315427511,4.768166485407932,5.390755119191565,-2.768442807731528,5.792133248397467,0.9692260596363848,-2.094714090102372,-3.0308068414299925,-0.3029549476716279,-2.8910450294894945,-2.982016724879561,5.658538719033442,3.155812222509297,-3.387481356797817,4.811942154613159,1.017492799743208,0.3703895735659956,-2.935496752534672,0.4926072024554366,2.342153072754681,2.9401988663277647,-4.080627108789395,-3.723953021991438,-3.723953021991438,-0.4281180819110373,-1.763859956252067,-3.723953021991438,0.8299218906637341,-0.1022842640930172,1.9728028444434609,-2.768442807731528,1.113120236841864,-2.6592435953420748,-2.8910450294894945,-1.8994054073577988,-0.54174309850528,5.176184966377101,2.666621162609112,4.95239344853006,-2.560803587183952,-1.136190836385801,3.691340490971109,4.9256339178014255,-2.982016724879561,6.947225801604641,-0.4543860067600945,2.897184285386741,-2.768442807731528,3.420610000649006,4.199682898785978,-1.0848975495170463,-3.723953021991438,6.6566048675693485,1.3499680238583809,-1.657092009351937,4.333675840231702,5.851847572596578,3.664372838824528,-3.136167245976825,-2.0752960117867456,-1.983488496271802,-0.2457965374627611,3.413164421710043,4.747738585774053,-1.7780445872198798,3.3707776269817726,-2.4156216617988644,6.415829199184767,-1.4518289302945548,3.870828757550605,-3.387481356797817,1.934830093709528,3.816772715578596,-4.417098202557383,0.1133444803462191,-0.7282226484354518,-2.2888700205097523,0.3085141719755676,4.384668246967022,2.751169483894379,-4.417098202557383,-3.5416317985302053,6.178311785840975,-2.6592435953420748,-1.015904687553903,-0.8116042486788515,0.5429413334813029,3.955758618901149,3.0954061084149407,1.588265259589523,6.112890465284021,-4.080627108789395,5.805537019453274,-1.4415724322312995,-0.185898399470552,-1.657092009351937,0.0715342121265759,-4.23477731242765,-3.723953021991438,-3.193325594457371,4.099370730342947,0.7736299755904306,-2.001188067105541,6.662409195639156,-3.829313315427511,-1.8521525373955865,1.2076370791963793,3.859597800235032,-2.768442807731528,-1.239048205534785,0.2833781996066686,1.0244493494155835,-0.938943656294317,2.9180101335659394,2.8594542029355785,1.4822470666157053,6.879903556245595,-0.9961020628721023,-2.730702508238688,5.270291888533261,-3.3184885805488293,-2.560803587183952,5.294934245647226,2.977759616035758,-1.483245119947545,-2.2423500265198717,-2.848485451302552,-1.1902580493018593,-1.883405071131684,6.037046882365249,-1.6827344333895735,0.4349280926202336,-2.4156216617988644,5.245154200128442,-2.4711914820656617,3.515116367900497,-3.461589219061592,-2.6592435953420748,-1.7360803998625272,-3.628643024004948,-0.9145522061450198,-1.836885069926801,1.6714890643637317,-0.7586818528273771,0.3225989113613488,2.3139159027059697,-1.932195219428105,-0.920594519870789,-2.4156216617988644,5.040473177375781,-0.6938212250997617,0.6888432955936212,-2.094714090102372,-2.1978982837118743,1.973138471227376,4.138696128747625,4.275690000571146
CRR1090790,1,-1.5200188099985337,3.4852685721411474,-1.8025856813126224,0.2404878609432081,-2.749966355788965,-2.9863548531517767,-2.9863548531517767,-1.6000614920310527,-2.6033630251376194,-3.61496234590972,0.0863371899342916,-2.5163517239054998,-1.3636727841422398,-0.7671525575017006,2.3447510093384194,-1.2057697931352154,-2.8040335185797725,-2.436309080334476,-2.083487934401812,-1.3769180073834897,-3.1294554916645394,-3.391819294594385,3.8994261130504633,-1.4602995931341411,-0.9237215936292552,-3.497179588030458,-0.7456463553643011,-3.497179588030458,-2.558911302092442,-2.260418537940202,-0.2013448619413592,-2.11088689357492,-1.7625803627053194,-1.535522991726808,-3.1294554916645394,-3.055347629400764,-3.497179588030458,-3.296509296607895,4.138765992107517,0.016020696013602,-3.296509296607895,-3.497179588030458,9.122247684492084,0.2190966721058918,0.1197242039401262,-2.8040335185797725,-2.436309080334476,-0.2054685787851199,-1.5672716799607465,-1.7625803627053194,-2.69867311403294,0.0291787797254248,-2.558911302092442,-2.649882997482509,0.0453865889014826,8.869440994697252,-3.055347629400764,-1.82320496001196,-3.391819294594385,-2.00552643347262,-2.6033630251376194,-1.9332058067766973,-3.391819294594385,7.2846961334220195,-3.748493381392342,-3.391819294594385,-3.391819294594385,-0.0959843545139848,-1.4317262288550143,-3.391819294594385,1.1620556180607866,0.2298494633040352,2.3049365718405133,-2.436309080334476,1.4452539642389166,-2.327109867945022,-2.558911302092442,-1.5672716799607465,-0.2096093711082276,-1.6870728387176626,-2.5163517239054998,-2.558911302092442,-2.2286698597868995,-0.8040571089887485,-1.1618066793794346,-1.844258360344548,-2.649882997482509,-0.6971939786871899,-0.1222522793630419,-2.260418537940202,-2.436309080334476,-0.5764124554092039,6.7459950209753625,-0.752763822119994,-3.391819294594385,-3.055347629400764,-3.1294554916645394,-1.3249582819548846,0.5321303212267254,0.3832359016341619,-0.3568682117312716,-2.8040335185797725,-1.7431622843896932,-1.6513547688747496,-3.61496234590972,-3.1294554916645394,-2.168045274735148,-1.4459108598228272,-1.980833833077364,4.454299271364751,-1.0596772051820569,-1.1196952028975025,0.449779289457669,-3.055347629400764,6.310259736394632,9.00386955567265,-4.08496447516033,-3.391819294594385,-1.0892360015983595,-1.9567362931127,0.6406478993726202,-1.8025856813126224,0.1016514239692125,-4.08496447516033,-3.2094980711331527,-2.47552976271855,-2.327109867945022,-0.6837709601568507,-3.497179588030458,0.8750750608783554,-1.4897134696880467,-1.6513547688747496,-0.3960889210383993,-2.921816415347431,4.038411462082289,-0.1610168198075304,-1.1094387048342471,0.1462353279265005,-1.3249582819548846,0.4036679395236284,-3.902643585030598,-3.391819294594385,-2.8611918670603185,0.5141836787516455,-3.391819294594385,-1.6690543397084885,6.173238109914287,-3.497179588030458,-1.5200188099985337,1.5397708065934317,-2.749966355788965,2.890445456041939,3.198479756351553,-3.748493381392342,-3.497179588030458,-0.6068099288972645,-1.2057697931352154,-2.3985687808416354,6.636870576608841,-1.2635893506479074,6.463714742115462,-2.3985687808416354,-1.5835321955443211,-2.9863548531517767,-2.2286698597868995,-3.055347629400764,3.3098933434328104,-1.1511113925504923,4.763253593793601,-2.5163517239054998,-0.8581243219048067,-1.5512713437346313,-3.296509296607895,-1.3506007059925214,0.7670618200172861,-2.083487934401812,9.545557623643294,-2.139057754668609,-0.5527427141247137,-3.1294554916645394,-2.327109867945022,-1.4039466724654748,-3.296509296607895,-0.5824184787479671,-1.5047513425297483,-3.391819294594385,-0.4265481254303245,-2.8040335185797725,-2.558911302092442,-1.6000614920310527,-0.5884607924737365,-2.083487934401812,-2.0308442286364032,-0.3616874977027091,1.0209770229906738,-1.7625803627053194,-1.8657645563148215,7.607274037624987,-1.1300579877852832,4.607823727968198
CRR1090738,0,3.184356467929748,1.3078913828660332,1.9464085899656525,4.829100900269801,-3.1128487240157416,-3.349237221378553,-1.7806223590194126,-1.9629438602578289,1.5981018984826418,-3.977844714136496,-0.2765451782924845,-2.8792340921322754,-2.41970206977117,-1.1300349257284767,1.8242711687965616,-1.5686521613619917,1.9965983341622957,-0.002849362595481,-2.4463703026285883,-1.7398003756102656,4.647437760082479,-3.754701662821162,-3.4182299976275403,7.600589736014806,-1.2866039618560312,8.305139017714838,5.237903495783738,1.095762894773725,2.795233164382576,6.975919858323947,-0.5642272301681353,-2.473769261801696,-2.1254627309320955,3.2773908921847434,-3.4923378598913155,3.4455719667477656,3.168924967287769,2.840256845630601,-3.4923378598913155,-0.3468616722131741,1.7998051168292233,-3.860061956257234,4.403869838292957,1.0752088118212777,5.773726737925692,-3.166915886806549,0.1081291404350188,7.045361590321898,2.7435784896693205,-2.1254627309320955,-1.8377807565194968,4.761328855676789,-2.921793670319218,1.4191836366757262,-0.3174957793252934,-3.1128487240157416,-3.4182299976275403,0.7451060297333254,-3.754701662821162,-2.368408801699396,1.0509554002849455,-2.2960881750034736,-3.754701662821162,-2.39372659686318,-4.111375749619119,-3.754701662821162,-3.754701662821162,-0.4588667227407609,-1.7946085970817909,-3.754701662821162,0.7991732498340106,-0.1330329049227408,1.9420542036137372,-2.799191448561252,1.0823715960121405,-2.6899922361717983,-2.921793670319218,-1.9301540481875223,-0.5724917393350036,6.305137854898865,-2.8792340921322754,2.362071079665383,1.85256791879834,-1.1669394772155248,2.3585359456414787,1.7099752494115008,0.6347950115073164,4.083639653526599,3.2541631193390512,1.9799312817839283,3.0843444202954298,8.109864103575795,3.93393491194301,3.772659894464361,3.1959195183062272,1.9708403101417091,2.9975667156590293,4.374825045703832,6.768268383638109,6.425741156563166,6.634445539880937,1.4225753866385007,-2.106044652616469,-2.0142371371015253,-3.977844714136496,-3.4923378598913155,-2.5309276429619243,-1.8087932280496035,1.7514405590546684,-2.4463703026285883,3.3884398954741504,0.2742131296676718,5.866076091822547,-3.4182299976275403,-3.012765365709285,0.3528861590476962,-4.447846843387106,1.649773908550071,-1.4521183698251356,7.248055960714172,0.2777655311458441,6.564634877443526,-0.2612309442575635,-4.447846843387106,-3.5723804393599288,-2.838412130945326,1.6755187833730556,5.3629510824182125,-3.860061956257234,0.5121926926515792,-1.8525958379148229,-2.0142371371015253,-0.7589712892651754,5.596007162178104,-4.111375749619119,0.9199926044742563,-1.4723210730610234,-0.2166470403002755,-1.6878406501816607,0.0407855712968522,-0.2521537266557564,1.309156405156617,-3.2240742352870946,4.803785011388065,-3.061555482259716,-2.0319367079352646,4.240400713226593,-3.860061956257234,-1.8829011782253096,1.1768884383666558,5.122985164667195,-2.799191448561252,-1.2697968463645084,-4.111375749619119,0.4994896287539259,-0.9696922971240406,5.221027679986416,7.81156918547174,3.3194131550716808,-1.6264717188746838,-1.026850703701826,-2.7614511490684115,-1.9464145637710968,-3.349237221378553,-2.591552228013676,1.8786563546935693,2.9470109752060343,-1.5139937607772684,-2.2730986673495948,-2.8792340921322754,-1.2210066901315828,4.9124256255911805,4.422081557684424,-1.7134830742192977,4.730916299170801,3.002926159909298,0.8220670692233633,-2.5019401228953853,-0.9156250823514898,-3.4923378598913155,-2.6899922361717983,-1.7668290406922509,-3.659391664834671,-0.9453008469747436,-1.8676337107565248,-3.754701662821162,-0.7894304936571007,-3.166915886806549,-2.921793670319218,-1.9629438602578289,-0.9513431607005126,0.4994896287539259,0.3228338149848625,-0.7245698659294854,0.6580946547638977,-2.1254627309320955,0.49093037560246,-0.3207163938178883,6.075944343647564,4.244941359741421
CRR1090777,1,1.937517719943065,1.0878771985158084,-2.220727003080713,5.792852182487281,5.2230437405715975,-3.404496174919867,-3.404496174919867,-2.0182028137991432,0.2810430780409257,0.1973706052356307,-0.3318041318337991,2.8031531122876663,7.372668290804141,4.916064226714439,-1.7558386262547063,0.9174252200509794,-1.1998926765596567,6.605192205718449,5.741624291539397,-1.79505932915158,-3.54759681343263,3.3847744914600995,0.0273368859751811,5.565671831001558,4.043719864400761,8.475346257889566,7.146846929018833,-0.4849265237214411,3.416537261979382,-2.678559859708293,8.036390455059069,-2.5290282153430104,-2.18072168447341,-1.9536643134948983,-3.54759681343263,5.25632261085145,-3.915320909798549,2.6110090365900573,1.3467911973865112,-0.4021206257544885,2.97855857695123,-3.915320909798549,7.080169746045343,-0.9307640467028924,4.510875000984719,5.181748997517504,-2.854450402102566,4.5538462686227135,1.476282179074749,-2.18072168447341,1.7583818950342087,2.571853404429717,-2.9770526238605326,-3.0680243192506,-0.3727547328666077,-3.168107677557056,-3.473488951168855,1.3199361103969167,0.9436275919872676,-2.42366775524071,3.218238817470578,-2.351347128544788,6.32893692162274,-2.448985550404494,-4.166634703160432,-3.809960616362476,-3.809960616362476,-0.5141256762820754,-1.849867550623105,-3.809960616362476,0.7439142962926961,-0.1882918584640553,1.8867952500724228,-2.854450402102566,1.027112642470826,-2.745251189713113,-2.9770526238605326,-1.9854130017288367,-0.6277506928763181,5.282067081007371,-2.93449304567359,4.509559820202007,3.4126034039215485,-1.2221984307568392,4.498630749675173,4.44617745118765,2.8071729488570494,6.240495615753013,-0.5403936011311326,0.3887419912158972,5.699385450545713,6.12681463413702,4.376279071664163,-1.1709051438880844,-3.809960616362476,3.694539069996452,2.337650617514597,7.287501948645384,4.383548198915822,4.727542876759597,3.738382593496893,2.168416696264707,1.3080312080323269,-2.06949609064284,-2.586186596503239,2.295276949468644,6.332321339976343,-1.8640521815909177,5.566027778291158,3.8061239794915767,5.595648442860393,-1.537836524665593,0.0316379676895782,-3.473488951168855,5.743201209205643,4.807799630339186,-4.503105796928421,2.8927345813090293,-1.50737732336645,4.140821767417508,0.2225065776045297,3.076160364538284,-0.316489897798878,-4.503105796928421,-3.6276393929012434,2.50031923576504,1.962723843165712,5.888307252267541,1.8918178623050788,0.4569337391102648,-1.9078547914561372,2.6630017282209484,-0.8142302428064898,7.268008165894655,2.099206693449557,5.249624631121891,-1.5275800266023378,-0.27190599384159,-1.7430996037229751,-0.014473382244462,-4.320784906798688,1.4853502511973522,1.0005944156392108,5.981139805692756,-3.809960616362476,-2.087195661476579,5.069927351591307,-3.915320909798549,-1.938160131766624,1.1216294848253412,-3.168107677557056,3.486179430551374,-1.3250557999058228,-4.166634703160432,2.667624944948156,-1.0249512506653549,4.666033510622246,4.320332037110398,4.917718379500141,7.271684425189201,3.6295966939479314,-2.816710102609726,-2.001673517312412,-3.404496174919867,-2.64681118155499,6.043914435727404,2.89175202166472,-1.5692527143185828,-2.328357620890909,-2.93449304567359,-1.2762656436728972,-1.9694126655027215,-3.714650618375985,-1.7687420277606118,0.3489204982491955,2.6370262418989845,5.8730403468118535,8.468958923312261,-0.970884035892804,-3.54759681343263,-2.745251189713113,-1.8220879942335653,-3.714650618375985,-1.000559800516058,-1.922892664297839,-3.809960616362476,-0.8446894471984151,-3.222174840347863,-2.9770526238605326,-2.0182028137991432,-1.006602114241827,-2.5016292561699025,-2.448985550404494,-0.7798288194707997,0.6028357012225833,-2.18072168447341,6.580318079477606,3.3742115443117218,4.796486099096014,4.189682406200108
CRR1090820,1,1.6014567106960418,-3.883715557172653,2.4704945533407288,2.832877400369348,5.015120052964862,-3.5735611137165346,2.382965533629953,3.260187420058412,-3.1905692857023773,-4.202168606474478,-0.5008690706304666,-3.103557984470257,8.266009039805713,5.178017519971764,-3.1905692857023773,-1.7929760536999737,1.5416330505407387,4.077462622530389,3.1910919898309458,-1.964124267948248,-3.7166617522292977,-1.339970082684752,2.9879395853418536,3.854968787344396,-1.5109278541940132,6.198289058493106,5.77660943021614,-1.3689576153563243,-3.1461175626572,5.73592316583848,-0.7885511225061174,-2.698093154139678,7.532402792702314,-2.122729252291566,-3.7166617522292977,-3.6425538899655225,4.137150612421877,-3.883715557172653,-3.7166617522292977,3.5518815336369047,-0.9733448517400882,-4.0843858485952165,2.2071810728585763,-4.0843858485952165,3.373926235433152,-3.391239779144531,1.2520810723926303,7.032131130568473,1.2520810723926303,-2.3497866232700773,-3.285879374597698,4.2354917465294655,6.990177124377273,-3.237089258047267,4.687964001691841,-3.337172616353724,-3.6425538899655225,-2.4104112205767185,-3.979025555159144,-2.5927326940373776,4.519797979308324,1.882897626287373,-3.979025555159144,4.395541602464998,0.5470994451355162,-3.979025555159144,-3.979025555159144,-0.6831906150787429,-2.0189324894197727,-3.979025555159144,0.5748493574960286,-0.3573567972607228,1.7177303112757552,-3.023515340899234,0.8580477036741584,-2.9143161285097805,7.5793033045078815,-2.154477940525505,3.841411960907928,2.065029446813842,-3.103557984470257,-3.1461175626572,-2.815876120351658,-1.3912633695535068,-1.749012939944193,1.319289821390893,1.922512289893311,5.037072513354433,-0.7094585399278002,-2.8476247985049605,1.2867666300159115,4.652386780705941,-1.7929760536999737,4.612642112306915,0.8200633399427186,0.1609275501641427,-3.7166617522292977,5.258227349554609,3.858368940856677,3.387923155617709,4.275761371511602,-3.391239779144531,-2.330368544954452,-2.2385610294395075,-1.4941207387024904,-3.7166617522292977,4.4412581819307295,-2.033117120387585,5.957440124770331,-2.67069419496657,2.349266311239018,-1.7069014634622606,2.867703024113069,-3.6425538899655225,-3.237089258047267,2.7060840500511856,-4.672170735725088,-3.979025555159144,-1.6764422621631176,2.833097495010448,0.0534416388078619,4.939060316120385,-0.4855548365955456,-4.672170735725088,4.5084072145069,3.383998354737217,-2.9143161285097805,3.18862741680658,-4.0843858485952165,0.2878688003135971,-2.076919730252805,-2.2385610294395075,-0.9832951816031574,4.246475542945249,0.1119781392442579,3.2366535042237565,2.1190467315034787,-0.4409709326382576,3.850364142819636,6.366764781155053,-4.489849845595356,-3.979025555159144,0.8651595470494791,3.3344594643835666,-3.979025555159144,-2.256260600273247,-0.1288799108938942,-4.0843858485952165,-2.107225070563292,0.9525645460286736,1.8164221141076065,-1.0451705789382668,-1.4941207387024904,-2.45297081687958,-4.0843858485952165,-1.1940161894620225,3.3135818793901333,-2.9857750414063937,-1.6181733653598946,8.162288945567813,-1.251174596039808,-2.9857750414063937,-2.1707384561090795,5.195042945853394,-2.815876120351658,3.437230653424129,2.722687082868052,-1.7383176531152509,-2.4974225596875765,2.866852322234565,-1.4453305824695648,1.8145956295926924,2.466374756685392,-1.9378069665572797,0.1798555594525278,-2.67069419496657,-3.5735611137165346,-2.726264015233367,2.881426452803856,3.537079253768717,-2.9143161285097805,-1.9911529330302329,-3.883715557172653,-1.1696247393127257,1.0422179312437398,-3.979025555159144,1.5527796626769037,0.2836523500531857,6.337403737409002,-2.187267752595811,-1.1756670530384947,-2.67069419496657,-2.6180504892011616,-0.9488937582674672,0.4337707624259156,-2.3497866232700773,-2.45297081687958,-0.5450402861558703,5.020171944542997,4.02061746740344
CRR1090779,1,-2.01415011798235,1.4696898400339746,-2.296716989296439,4.456696707838169,2.91688650867761,-3.4804861611355933,4.201072868706506,-2.094192800014869,-3.0974943331214355,4.50681051091486,-0.407794118049525,-3.010483031889316,6.511554133436424,-1.261283865485517,4.717821873719979,-1.699901101119032,-3.298164826563589,5.396317657149086,3.5594649552937097,5.176258922123149,-3.623586799648356,-3.885950602578202,2.735719327980258,6.9363544817626295,2.870979788996933,6.870331948092031,3.774161717540233,0.2603517302221789,1.6371070446369618,3.699430046323484,6.907806089236051,-2.605018201558736,1.4515854867405005,-2.0296542997106246,-3.623586799648356,-3.5494789373845808,2.411893098096576,4.069542635401747,-0.8509995197150881,5.590345569530896,0.0260704428519433,0.709167267760408,4.402280152707178,4.211230209898626,4.6427738250491215,2.119907829744049,1.242761991433996,5.922300767377739,2.978268676471198,-2.256711670689136,-3.1928044220167564,0.282261839172106,-3.0530426100762584,-3.144014305466325,5.805628030695307,-3.244097663772782,1.942404612547445,-2.3173362679957767,-3.885950602578202,-2.4996577414564363,-1.4880571479596658,-2.427337114760514,-3.885950602578202,7.815510062011774,-4.242624689376159,-3.885950602578202,-3.885950602578202,-0.5901156624978015,-1.9258575368388309,-3.885950602578202,8.018018507953926,-0.2642818446797813,1.810805263856697,-2.930440388318292,0.9511226562551,-2.8212411759288387,-3.0530426100762584,-2.061402987944563,-0.7037406790920442,2.752091491894563,-3.010483031889316,-3.0530426100762584,2.880699837731021,-1.2981884169725653,-1.6559379873632514,-1.6452427005343089,-1.100941236881081,-1.1913252866710065,-0.6163835873468584,3.500022461662782,3.639256013675313,8.333884871539547,4.718078617839104,-1.2468951301038105,-3.885950602578202,3.70580820005778,4.910930811664671,1.209023852208707,5.96005413131784,6.940590747130671,6.343451672713809,0.3907135442176309,-2.2372935923735096,-2.145486076858566,-1.6241892957690998,-1.151584963286497,3.59244318360341,-1.940042167806644,3.4796071994600157,3.81967016863686,5.631048600596722,-1.613826510881319,-0.0443520185261476,-3.5494789373845808,2.7888612851362296,5.729919542086013,0.2698006191225043,3.2122577347497776,-1.583367309582176,2.3104915292916384,0.1465165913888036,-1.076549786731784,-0.3924798840146039,-4.5790957831441474,-3.703629379116969,-2.9696610707023665,5.476919997554889,-0.2071234338107177,-3.9913108960142742,0.3809437528945388,4.686031758901399,2.7013218949583484,-0.8902202290222158,-3.4159477233312474,2.175970412840174,1.829758449532888,-1.6035700128180637,-0.3478959800573161,-1.819089589938701,-0.090463368460188,-0.1294144532594798,2.0139447564857416,-3.355323175044135,0.0200523707678289,-3.885950602578202,3.628738161236852,3.985434905352149,-3.9913108960142742,-2.01415011798235,1.0456394986096154,6.148782486657299,5.953017762034801,-1.4010457861215488,-4.242624689376159,1.4233047139013657,-1.100941236881081,5.2830031168257,5.446198239775863,4.374643661783616,4.45864755659908,-1.1580996434588664,-2.892700088825452,3.1503717789593484,-3.4804861611355933,-2.722801167770716,4.667032353324029,2.815762035448994,0.8998710997996376,-2.404347607106635,-3.010483031889316,-1.3522556298886232,-2.045402651718448,2.9048193231683173,-1.8447320139763377,0.2729305120334696,-2.5776192423856283,-2.787339647241648,-2.6331890626524257,-1.0468740221085302,2.415200100914554,1.7839283273008697,-1.8980779804492915,-3.790640604591712,-1.076549786731784,-1.998882650513565,-3.885950602578202,-0.9206794334141412,-3.298164826563589,-3.0530426100762584,-2.094192800014869,0.0993209017662573,-2.5776192423856283,-2.52497553662022,-0.8558188056865257,0.5268457150068573,-2.256711670689136,-2.3598958642986383,-0.4519653335749287,-1.6241892957690998,4.113692419984381
CRR1090783,0,2.129404523178604,3.0567778907122065,-2.277811957135779,6.7136203692092575,1.4008105989570647,4.418516166540448,4.5335219135136375,-2.075287767854209,-3.0785893009607754,-4.090188621732876,-0.3888890858888648,-2.991577999728656,4.772398651682501,6.203749418878631,3.959555170020397,3.03950698999248,2.175585268017433,6.84115984287154,2.892903516116773,4.979535695639992,5.511042029340452,3.6465525618149695,2.886623695517058,-1.9355258689572976,-0.705800773638218,8.311030868265423,-0.0693136665464748,1.1261024229082153,-3.0341375779155983,-2.7356448137633587,-0.6765711377645156,-2.586113169398076,0.969234352408952,2.139305594112299,-3.604681767487696,5.443210532280762,-3.972405863853615,3.6443677237186174,-3.604681767487696,-0.4592055798095543,-0.2779883963351991,-3.972405863853615,0.3670589631672245,2.7463366506485816,5.601092819685051,0.663399090928337,-2.911535356157632,5.501748487423306,-2.0424979557839027,-2.237806638528476,-3.1738993898560963,3.326788501153806,-3.0341375779155983,-3.1251092733056653,3.683613673741319,-3.225192631612122,-3.5305739052239207,-2.2984312358351167,-3.8670455704175417,-2.480752709295776,4.784151901198263,2.3495585346613392,-3.8670455704175417,5.087316093409536,-4.223719657215499,-3.8670455704175417,0.6783726323981979,-0.5712106303371411,-1.9069525046781708,-3.8670455704175417,6.331881869258227,-0.2453768125191211,1.829710296017357,-2.911535356157632,0.97002768841576,-2.802336143768178,-3.0341375779155983,-2.0424979557839027,-0.684835646931384,0.9580610519891752,4.034107619492805,0.9287429917101246,-2.703896135610056,-1.279283384811905,2.2809932880098684,2.7077492940353576,-3.1251092733056653,7.200559073022035,0.6011567834351718,-2.7356448137633587,-0.0211643247568987,7.236717969037661,6.702195410739948,4.25793231916038,-3.8670455704175417,2.380221314117666,4.022935983240981,3.447505263240096,7.547883515530717,6.445478697348469,3.954675745872965,-3.279259794402929,-2.218388560212849,1.9822772152950063,1.7254308421335496,-3.604681767487696,2.1001242892463465,-1.9211371356459837,4.136315488883079,5.037799717500865,5.792749276546268,-1.5949214787206587,1.6882349036561677,-3.5305739052239207,0.9120759395027102,1.614424347556736,-0.2086272722399234,2.694831394696544,0.4477703413028574,2.6288220356748315,0.1654216235494638,5.338561627385688,-0.3735748518539437,-4.560190750983487,-3.684724346956309,0.5049287536573633,-2.802336143768178,-1.1589972359800071,0.6371967191064826,0.399848785055199,3.17226215006036,-2.1265810446979057,-0.8713151968615556,0.3641562035935232,2.4031844355382264,3.8509265616019,-1.5846649806574036,-0.3289909478966557,-1.8001845577780409,-0.0715583362995279,-4.377869860853754,-0.0042147671613613,0.1795063629352449,4.933066376652198,-3.8670455704175417,-2.144280615531645,3.3073704153261634,-0.8320944875544278,-1.99524508582169,1.0645445307702754,4.794072790153719,5.254701996330641,-1.3821407539608883,-4.223719657215499,0.619339102105105,-1.0820362047204206,-1.6809960689583718,2.903741855787016,4.773459997568212,4.80296970734894,-1.139194611298206,-2.873795056664792,2.060944559064517,-3.4615811289749328,-2.703896135610056,5.21836429797,2.834667067609654,-1.6263376683736488,-2.3854425749459747,-2.991577999728656,-1.333350597727963,-2.0264976195577877,5.041187208713676,-1.8258269818156776,4.61206985256399,-2.5587142102249683,6.95196241897169,8.353793483349657,-1.02796898994787,-3.604681767487696,-2.802336143768178,-1.879172948288631,2.3642209728336674,-1.0576447545711236,-1.9799776183529043,-3.8670455704175417,-0.901774401253481,-3.279259794402929,6.1782086055031264,-2.075287767854209,-1.0636870682968929,3.818931062400102,-2.50607050445956,-0.8369137735258655,0.5457507471675175,-2.237806638528476,-2.340990832137978,-0.4330603014142685,-1.6052842636084397,4.132597452145042
CRR1090787,1,1.1528881976256025,1.8426785372021208,-2.2631638902691207,5.530111074333246,3.74770263682323,-3.4469330621082745,2.801237422398262,4.236776175902364,0.1065071259460512,-4.075540554866218,5.727184494660138,-2.976929932861997,-0.5491824567175225,5.406902446666405,5.039359629454983,-1.6663480020917134,0.2217423853693026,-2.896887289290974,3.2792990085167486,5.830241856846431,-3.5900337006210377,2.6106299564919118,2.2603973331553213,4.391987092059502,-1.3842998025857531,8.859576471113648,-1.2062245643207992,-3.957757796986957,2.2909273971638773,7.342351691277454,-0.6619230708978573,-2.571465102531418,7.658469849090378,0.7161067188145042,-3.5900337006210377,4.933445834718093,-3.957757796986957,2.7114560258041185,-3.5900337006210377,-0.4445575129428959,2.5626974588960345,-3.957757796986957,3.7934763225919528,3.5785446593678985,5.860314877824504,-1.0923894369336915,2.7254618569538045,6.719353224074369,4.300547296150915,-2.2231585716618176,-3.159251322989438,4.50856084230341,-3.01948951104894,4.729569681181176,3.2154317249840467,-3.210544564745464,-3.5159258383572625,3.6748564169013274,-3.852397503550883,-2.466104642429117,-3.063941234094117,3.003009297168526,-3.852397503550883,3.185155214724641,-4.20907159034884,-3.852397503550883,-3.852397503550883,-0.5565625634704829,-1.8923044378115124,-3.852397503550883,0.7014774091042887,-0.2307287456524628,1.8443583628840157,-2.896887289290974,0.9846757552824184,-2.7876880769015204,-3.01948951104894,-2.0278498889172445,-0.6701875800647258,0.5271240259695358,3.005535082551463,4.828034357188272,-2.6892480687433977,3.535433491487934,3.163312918733678,3.149574452492403,-3.110461206439007,-1.157772187643688,-0.5828304883195401,-2.7209967468967005,-0.7704894420107249,5.398890854948228,7.654801608551573,-1.213342031076492,2.0977220852357634,1.3711943275790788,3.006375595311934,6.679483352370838,0.0715521122702273,7.0512492303352445,4.771637103844818,-3.2646117275362703,-2.2037404933461917,-2.1119329778312474,-4.075540554866218,0.9996307759957336,2.6503905453652408,-1.9064890687793248,2.516473557312917,-2.54406614335831,3.9838912345141098,-1.5802734118540005,2.5640059314369616,-3.5159258383572625,-3.110461206439007,3.0074252437738997,2.5521675821044463,2.4879598037062056,-1.5498142105548576,6.121965809713839,0.180069690416122,5.7403556814065215,-0.3589267849872855,-4.545542684116828,-3.670076280089651,0.1657837336788756,2.1573960051530023,6.242873019512103,0.5949466206648442,0.4144968519218573,2.373741834641113,5.2643771628686,-0.8566671299948974,3.5141720603024758,1.273942610135827,7.133621767476537,-1.5700169137907451,-0.3143428810299976,5.626959864201392,-0.0569102694328696,2.208124584156949,0.6737274967437763,3.8450850547473774,7.542681173880853,-3.852397503550883,-2.1296325486649867,2.5859919446728106,-3.063941234094117,-1.980597018955032,1.0791925976369336,6.161985209192336,3.769872982708248,-1.3674926870942303,-4.20907159034884,-3.957757796986957,-1.0673881378537626,2.5515057687138505,4.1879829433330125,6.504816198296444,3.203603353617892,-1.124546544431548,-2.8591469897981336,-2.044110404500819,-3.4469330621082745,-2.6892480687433977,3.15881448560491,2.849315134476312,-1.6116896015069906,-2.3707945080793165,2.44654974698353,-1.3187025308613047,-2.011849552691129,3.1306487613236285,-1.8111789149490196,0.306483611060788,-2.54406614335831,3.356792814596879,7.475552090373616,-1.0133209230812117,-3.5900337006210377,-2.7876880769015204,-1.8645248814219728,-3.757087505564393,-1.0429966877044654,-1.9653295514862463,-3.852397503550883,-0.8871263343868226,-3.2646117275362703,6.516449670830967,-2.060639700987551,-1.0490390014302349,-2.54406614335831,-2.491422437592901,-0.8222657066592072,0.5603988140341758,-2.2231585716618176,-2.32634276527132,-0.4184122345476103,5.167022464649898,4.1472455190117
CRR1090775,1,3.53757114856039,-3.446806598028793,-1.9528829827335208,5.289125923166996,-2.900263657209864,-3.136652154572675,2.673289186576276,-1.750358793451951,0.3658964281779656,-3.765259647330618,-0.0639601114866065,4.563490806890295,6.496694987906955,-0.9174498589225986,2.7996506515479544,-1.3560670945561133,2.555955690647339,6.997194180511634,-2.23378523582271,-1.5272153088043874,-3.279752793085437,3.469456013410627,-3.2056449308216624,-1.6105968945550393,-1.0740188950501532,9.026230475826596,-0.8959436567851993,1.3690646338388528,-2.70920860351334,-2.4107158393611003,-0.3516421633622573,2.152959444737721,-1.9128776641262173,-1.685820293147706,-3.279752793085437,2.392775604897309,-3.647476889451356,2.464234568514557,-3.279752793085437,-0.134276605407296,-3.446806598028793,-0.932048656212464,5.134127525598735,-3.647476889451356,6.242123602312158,3.888944085422015,-2.5866063817553737,-2.1558237348935174,-1.7175689813816444,-1.9128776641262173,-2.848970415453838,-0.1211185216954734,-2.70920860351334,-2.800180298903407,-0.1049107125194153,2.6118898845298726,-3.2056449308216624,1.496131878086114,2.8136417856382203,-2.1558237348935174,6.774954339179903,-2.083503108197596,-3.5421165960152834,5.001755474373754,-3.89879068281324,-3.5421165960152834,-3.5421165960152834,-0.2462816559348829,-1.5820235302759125,-3.5421165960152834,1.011758316639889,0.0795521618831373,2.154639270419616,-2.5866063817553737,1.2949566628180185,-2.4774071693659203,-2.70920860351334,-1.7175689813816444,-0.3599066725291256,0.9576910965392036,-2.666649025326397,-2.70920860351334,-2.3789671612077976,-0.9543544104096466,1.2370049139049684,5.907868399533505,-2.800180298903407,5.376478133424184,-0.27254958078394,-2.4107158393611003,4.253857105070691,6.4689400271926125,3.9650224848126223,-0.903061123540892,-3.5421165960152834,4.730758479366642,-3.279752793085437,-1.4752555833757828,6.354434972020611,8.003955337155768,7.187734980912776,-2.9543308200006706,-1.8934595858105912,-1.801652070295648,-3.765259647330618,0.7806887055258255,7.970362770379768,-1.596208161243725,-2.131131134498262,-1.2395333030192577,5.732716546330919,-1.2699925043184004,0.2994819880367708,-3.2056449308216624,3.6458408670759344,6.8802936938049655,-4.235261776581228,3.3698278895789566,7.448063847630325,-2.107033594533598,0.4903505979517221,4.324680344675176,-0.0486458774516855,-4.235261776581228,-3.359795372554051,-2.625827064139448,3.7650837200928366,-0.8340682615777488,1.9785420096845987,0.7247777594574573,3.672238641745032,-1.801652070295648,3.5280956123666587,-3.072113716768329,0.2511209184699398,-0.3113141212284284,-1.2597360062551453,-0.0040619734943974,-1.4752555833757828,0.2533706381027303,1.620379058846972,2.0768319503831143,-3.0114891684812166,0.3638863773307474,1.413708475672484,-1.8193516411293864,5.277783202166884,-3.647476889451356,-1.6703161114194318,1.3894735051725338,6.508218764094889,-2.5866063817553737,-1.0572117795586302,-3.89879068281324,-3.647476889451356,-0.7571072303181625,5.717716453999385,5.893155723720444,3.961171035764334,7.077846847143797,4.65327025781662,-2.548866082262533,4.99883018414796,-3.136652154572675,-2.3789671612077976,5.787443775991059,3.159596042011912,1.904618784273716,-2.060513600543717,-2.666649025326397,-1.0084216233257048,-1.7015686451555292,-3.446806598028793,-1.5008980074134193,0.6167645185963879,-2.23378523582271,3.99573756287624,-2.2893550560895077,-0.7030400155456118,-3.279752793085437,-2.4774071693659203,-1.554243973886373,-3.446806598028793,-0.7327157801688653,-1.6550486439506464,-3.5421165960152834,-0.5768454268512226,-2.9543308200006706,-2.70920860351334,-1.750358793451951,-0.7387580938946345,-2.23378523582271,-2.1811415300573014,-0.5119847991236072,0.8706797215697758,-1.9128776641262173,-2.0160618577357194,6.183103164106234,-1.2803552892061811,4.4575264265473
CRR1090815,0,3.57578101466602,1.9886634436161128,-2.0138339214088234,4.752216305354315,-2.9612145958851666,4.973900861140302,5.480573184468653,-1.811309732127253,3.692122651239913,-3.826210586005921,-0.1249110501619094,-2.7275999640017004,-2.268067941640595,-0.9784007975979016,-2.8146112652338204,-1.4170180332314164,-2.3221351336711207,5.563799503239609,-2.2947361744980133,-1.5881662474796905,-3.3407037317607404,-3.6030675346905854,-3.266595869496965,6.39069738256863,-1.134969833725456,-3.70842782812666,8.253496697211977,1.554835689650185,-2.770159542188643,-2.471666778036404,-0.4125931020375602,-2.3221351336711207,-1.9738286028015204,-1.746771231823009,-3.3407037317607404,-3.266595869496965,7.600266296741333,6.350711812997103,-3.3407037317607404,-0.195227544082599,-3.507757536704096,-3.70842782812666,5.305002906777982,-3.70842782812666,5.600407337467571,-3.015281758675973,-2.6475573204306766,6.49789087849092,3.8764559398159455,-1.9738286028015204,-2.909921354129141,-0.1820694603707764,-2.770159542188643,-2.8611312375787104,-0.1658616511947183,4.720101919471109,-3.266595869496965,-2.034453200108161,2.291333305085906,-2.2167746735688207,2.951148731893937,5.893396699622304,-3.6030675346905854,8.399843542938816,-3.959741621488544,-3.6030675346905854,-3.6030675346905854,-0.3072325946101858,-1.6429744689512151,4.231797715590679,0.9508073779645858,0.0186012232078341,2.093688331744312,-2.6475573204306766,1.2340057241427154,-2.538358108041223,-2.770159542188643,-1.7785199200569477,-0.4208576112044287,8.04135425764634,-2.7275999640017004,6.31726530212226,-2.4399180998831005,-1.0153053490849495,-1.3730549194756356,-2.055506600440749,-2.8611312375787104,6.562513015373636,-0.3335005194592429,-2.471666778036404,6.292678142238097,-0.787660695505405,5.319402081011474,7.302559787147677,-3.6030675346905854,3.8110213039920766,3.906923050588824,4.717816759853761,6.880654025985848,6.3105366514676975,-0.5681164518274726,-3.015281758675973,2.6925654060646544,-1.8626030089709509,-0.6173874959780008,4.025058912080229,6.540229877923198,-1.6571590999190282,-2.192082073173565,4.784106083858465,-1.2709254452782577,2.8175766504000843,0.2385310493614679,-3.266595869496965,6.177617415342426,6.51046011882314,-4.296212715256532,1.911165346139938,-1.3004842416945606,2.515908337119764,0.4293996592764191,-2.0138339214088234,-0.1095968161269884,-4.296212715256532,-3.4207463112293537,3.759829511900976,-2.538358108041223,-0.8950192002530518,-3.70842782812666,0.6638268207821544,-1.7009617097842478,4.638212040401878,-0.6073371611346003,3.839891737956017,-3.959741621488544,-0.3722650599037315,-1.320686944930448,4.051468474967183,-1.5362065220510857,0.1924196994274273,3.617304303498421,-3.6030675346905854,-3.0724401071565195,0.3029354386554444,-3.6030675346905854,4.446612918286012,7.596248685977645,1.0937678580735035,-1.7312670500947347,1.3285225664972309,-2.9612145958851666,-2.6475573204306766,-1.118162718233933,-3.959741621488544,-3.70842782812666,2.391888906656213,6.78346126066277,-2.6098170209378364,3.704266910583942,8.434357214475417,-0.8752165755712509,-2.6098170209378364,-1.794780435640522,-3.1976030932479778,-2.4399180998831005,-3.266595869496965,3.0986451033366094,7.293710530805719,5.312738690154233,-2.7275999640017004,1.9591493833263192,-1.7625195838308323,2.9417052506667574,6.327361753392429,0.555813579921085,-2.2947361744980133,2.573213453568213,-2.35030599476481,5.32631277486045,-3.3407037317607404,-2.538358108041223,-1.6151949125616758,-3.507757536704096,-0.7936667188441683,-1.715999582625949,-3.6030675346905854,-0.6377963655265255,-3.015281758675973,-2.770159542188643,-1.811309732127253,-0.7997090325699374,-2.2947361744980133,-2.2420924687326043,-0.5729357377989102,0.8097287828944728,-1.9738286028015204,-2.0770127964110228,5.508930070108893,-1.3413062278814842,4.3965754878719965
CRR1090825,0,3.5906717243655555,2.46322006170371,-1.8336483620222384,5.856777214567497,-2.7810290364985817,-3.017417533861393,-3.017417533861393,-1.631124172740669,-2.634425705847235,-3.646025026619336,0.0552745092246755,7.31484659279095,-2.0878823822540102,-0.7982152382113166,-1.9412789798324344,-1.2368324738448315,2.2695004611449185,-2.467371761044092,-2.114550615111428,-1.4079806880931054,-3.160518172374156,-3.4228819753040014,1.915615190485015,-1.4913622738437573,-0.9547842743388713,-3.5282422687400743,-0.7767090360739172,3.2125375108012046,-2.589973982802058,-2.2914812186498184,-0.2324075426509753,-2.141949574284536,-1.7936430434149355,-1.566585672436424,-3.160518172374156,-3.0864103101103804,-3.5282422687400743,5.4035277063901495,-3.160518172374156,-0.015041984696014,-3.327571977317511,-3.5282422687400743,6.687788463834057,-3.5282422687400743,0.08866152323051,-2.8350961992893886,-2.467371761044092,8.089014962989955,-1.5983343606703624,-1.7936430434149355,-2.729735794742556,-0.0018839009841914,-2.589973982802058,-2.680945678192125,0.0143239081918666,-2.7810290364985817,-3.0864103101103804,4.865549926517207,-3.4228819753040014,-2.036589114182236,8.37808249770992,-1.9642684874863137,-3.4228819753040014,8.46421542920148,-3.779556062101958,-3.4228819753040014,-3.4228819753040014,-0.1270470352236009,-1.4627889095646305,-3.4228819753040014,1.1309929373511705,0.1987867825944192,2.2738738911308976,-2.467371761044092,1.4141912835293002,0.1771643197501264,-2.589973982802058,-1.5983343606703624,-0.2406720518178437,-1.7181355194272785,-2.5474144046151155,5.84067483696862,-2.259732540496516,-0.8351197896983646,-1.1928693600890508,-1.875321041054164,-2.680945678192125,-0.728256659396806,-0.153314960072658,-2.2914812186498184,-2.467371761044092,9.006595386919336,4.11848077258523,-0.7838265028296101,-3.4228819753040014,-3.0864103101103804,4.832268899689911,-1.3560209626645008,0.5010676405171094,6.86617205369584,-0.3879308924408876,-2.8350961992893886,-1.7742249650993092,1.935587323481978,1.1722358950346086,5.056274999211809,8.07319233659043,-1.4769735405324431,-2.01189651378698,-2.114550615111428,-1.0907398858916726,-1.1507578836071186,0.4187166087480529,-3.0864103101103804,6.159943664422944,7.952311581335749,-4.116027155869946,-3.4228819753040014,-1.1202986823079757,-1.987798973822316,0.609585218663004,-1.8336483620222384,0.0705887432595966,-4.116027155869946,-3.240560751842769,-2.506592443428166,-2.3581725486546383,-0.7148336408664668,-3.5282422687400743,0.8440123801687394,-1.520776150397663,-1.6824174495843656,-0.4271516017480153,-2.952879096057047,-3.779556062101958,-0.1920795005171465,-1.1405013855438633,0.1151726472168844,-1.3560209626645008,0.3726052588140123,-3.933706265740214,-3.4228819753040014,-2.892254547769934,0.4831209980420294,-3.4228819753040014,-1.7001170204181046,7.975025621891394,-3.5282422687400743,-1.5510814907081496,1.5087081258838155,-2.7810290364985817,-2.467371761044092,-0.9379771588473484,-3.779556062101958,-3.5282422687400743,-0.6378726096068804,-1.2368324738448315,6.184620479877404,2.33979614688704,6.383211231335706,6.043601361482561,-2.4296314615512515,0.0175341836159974,-3.017417533861393,-2.259732540496516,-3.0864103101103804,3.2788306627231942,-1.1821740732601085,-1.9412789798324344,-2.5474144046151155,-0.8891870026144229,-1.5823340244442474,-3.327571977317511,-1.3816633867021373,0.73599913930767,-2.114550615111428,6.46117607966999,-2.1701204353782253,-0.5838053948343298,-3.160518172374156,-2.3581725486546383,-1.4350093531750907,-3.327571977317511,-0.6134811594575833,-1.5358140232393644,-3.4228819753040014,-0.4576108061399406,-2.8350961992893886,-2.589973982802058,-1.631124172740669,-0.6195234731833527,-2.114550615111428,-2.0619069093460194,-0.3927501784123253,0.9899143422810578,-1.7936430434149355,-1.8968272370244377,0.0111032936992717,-1.1611206684948991,4.576761047258582
CRR1090819,1,-0.1987426946486866,1.7072419336875937,-1.983675859136308,5.825301686558134,1.8333630446137184,-3.167445030975462,-3.167445030975462,-1.7811516698547385,3.321961182760984,3.91302896977816,-0.0947529878893942,3.5295878850046685,-2.23790987936808,-0.9482427353253864,2.7925275191486767,-1.3868599709589011,-2.985123696403458,5.682038910669855,-1.212057282618822,1.9839165970054744,-3.310545669488225,-3.572909472418071,1.094294123288465,-1.6413897709578271,-1.1048117714529408,4.899116975464255,-0.9267365331879868,-3.678269765854144,3.3959389078073445,-2.4415087157638884,-0.382435039765045,2.9643596702500186,-1.943670540529005,-1.7166131695504938,-3.310545669488225,-3.23643780722445,3.399882204619351,5.237219953896078,5.697526323797026,-0.1650694818100837,0.0161477016642716,1.055975259720586,3.410507712341311,2.1591344739938707,5.594897111049823,6.181472641630391,-2.6173992581581613,-2.186616611296305,0.2600683689616645,-1.943670540529005,-2.8797632918566256,5.620994593300001,-2.740001479916128,-2.830973175306194,-0.135703588922203,-2.9310565336126517,-3.23643780722445,-2.004295137835646,-3.572909472418071,-2.186616611296305,6.445278821069367,-2.1142959846003837,-3.572909472418071,7.981612645416427,-3.929583559216028,-3.572909472418071,-3.572909472418071,-0.2770745323376705,-1.6128164066787,-3.572909472418071,0.9809654402371012,0.0487592854803495,2.123846394016828,-2.6173992581581613,1.2641637864152309,-2.508200045768708,-2.740001479916128,-1.7483618577844322,-0.3906995489319134,4.819081242469271,-2.697441901729185,3.4101367924564405,-2.409760037610585,2.534111419780526,3.074776903741292,3.5454288302531003,-2.830973175306194,-0.8782841565108757,-0.3033424571867277,-2.4415087157638884,-2.6173992581581613,9.46019349622606,5.662238578663785,-0.9338539999436798,-3.572909472418071,0.9618362707347016,4.92685067767752,6.546171213757543,8.999678917379258,6.466373653104578,6.324316530049541,-2.985123696403458,-1.9242524622133788,-1.8324449466984356,-3.7960525237334055,-3.310545669488225,6.313002566604665,-1.627001037646513,2.381889095507041,1.352891900677275,4.337825864952493,-1.3007853807211882,2.9214473311555103,-3.23643780722445,4.3233435666262805,7.414071346911479,-4.266054652984016,3.064870670514917,-1.2703261794220453,-2.137826470936385,0.4595577215489344,4.059295837923604,-0.0794387538544731,-4.266054652984016,-3.3905882489568384,2.507479288460878,-2.508200045768708,-0.8648611379805364,-3.678269765854144,0.6939848830546695,6.402682765413041,-1.8324449466984356,3.1687892245972584,-3.1029065931711166,1.7323815177988773,3.449421713056986,-1.2905288826579329,-0.0348548498971852,-1.5060484597785704,0.2225777616999426,-4.083733762854283,-3.572909472418071,-3.042282044884004,8.214305307682057,-3.572909472418071,-1.8501445175321745,5.551478777640059,-3.678269765854144,-1.7011089878222192,1.358680628769746,-2.9310565336126517,-2.6173992581581613,-1.0880046559614178,-3.929583559216028,2.403946927376116,-0.7879001067209502,6.139730295226037,5.531401495136952,3.278908176350822,5.153667059001204,4.764580726007537,-1.332201570374178,6.0331399243586326,-3.167445030975462,-2.409760037610585,-3.23643780722445,3.1288031656091246,-1.332201570374178,5.8568374847239255,-2.697441901729185,-1.039214499728493,5.351398795456937,-3.477599474431581,-1.531690883816207,0.5859716421936003,-2.264578112225497,2.7737769698684107,-2.320147932492295,-0.7338328919483994,-3.310545669488225,0.7889124804504947,-1.5850368502891603,-3.477599474431581,-0.7635086565716531,-1.685841520353434,-3.572909472418071,-0.6076383032540102,-2.985123696403458,-2.740001479916128,-1.7811516698547385,-0.7695509702974223,-2.264578112225497,4.660166611225908,-0.542777675526395,0.8398868451669881,-1.943670540529005,-2.0468547341385075,4.637212933291969,-1.311148165608969,4.426733550144513
CRR1090778,1,3.28209253195174,2.7076454952166085,-2.426710921216864,5.637950816838658,3.792864004529169,-3.6104800930560175,-0.0880501405421127,2.6425778609740584,-3.2274882650418606,-4.239087585813961,-0.5377880499699501,-3.140476963809741,6.516368320277793,4.402486533336953,1.2560268669787482,3.0971955758391254,3.162751494458313,3.6582993201989455,2.5707766951092745,-0.8804522316109593,2.931029459561868,-4.015944534498627,-3.679472869305006,2.158256153455457,-1.5478468335334967,6.717057435775136,3.8767296161474274,-0.5439800198344648,-3.1830365419966835,5.556255308244864,-0.8254701018456008,-2.7350121334791613,7.109217188960816,-2.1596482316310497,-3.753580731568781,3.174428024102442,1.1692021451439798,-3.9206345365121367,-3.753580731568781,3.39524715102638,-3.9206345365121367,-4.1213048279347,3.688144083743581,-0.2640922342729465,4.078737114812502,3.083585461701202,-3.060434320238717,3.654481988626901,1.9839820959813423,-2.386705602609561,-3.322798353937181,2.898387061832519,-3.1830365419966835,-3.2740082373867505,4.929386082327335,-3.374091595693207,0.5608241975458979,-2.447330199916202,-4.015944534498627,-2.6296516733768613,1.9834861872208491,-0.1039234890684816,-4.015944534498627,1.4696799386482773,-3.679472869305006,-4.015944534498627,-4.015944534498627,-0.7201095944182264,-2.055851468759256,-4.015944534498627,0.5379303781565452,-0.3942757766002062,1.680811331936272,-3.060434320238717,0.821128724334675,-2.951235107849264,-3.1830365419966835,-2.191396919864988,-0.8337346110124692,2.317333097195461,-3.140476963809741,-3.1830365419966835,1.990406630031214,-1.42818234889299,3.0807748456537625,1.6958041164225075,1.6102347013406333,4.937693502895034,5.0358434935419725,0.3535013432868499,-3.060434320238717,1.664908442337152,6.23980223587399,4.010942357027493,3.318643879635009,1.2268581326919754,1.99874614361576,3.877625539754544,3.9103672150294737,4.122968609239317,-0.0570399050016922,0.7132096489402998,-2.367287524293934,-2.275480008778991,1.0887860951146666,-3.753580731568781,3.174126455946208,-2.070036099727069,-2.6049590729816057,3.161225009658049,4.5415821334932005,-1.743820442801744,4.749324743090348,2.777295359939405,-3.2740082373867505,1.984973176335057,3.8784460985258695,0.804335047237442,6.159916540750051,6.335905960526754,0.0165226594683785,3.863950369856215,-0.5224738159350291,-4.709089715064572,5.000396382138868,-3.099655002622792,-2.951235107849264,1.3509636328540895,1.608070978910928,0.2509498209741138,-2.1138387095922884,-2.275480008778991,-1.0202141609426407,5.273297435259847,3.5308164800004387,3.635173642157095,2.7915463247580377,3.6853440999812097,-1.9490835218591265,0.8454150723317504,-4.526768824934839,-4.015944534498627,1.7903925345015137,2.349148400640657,-4.015944534498627,-2.29317957961273,3.0635747890243,-4.1213048279347,-2.144144049902775,0.9156455666891904,5.890975114873441,4.45570521036787,-1.5310397180419737,-0.3472697366798032,-4.1213048279347,-1.230935168801506,2.855559613884217,-3.022694020745877,5.133921704248645,5.944828312557311,-1.2880935753792913,-3.022694020745877,1.0753466749172065,2.6855223126959338,0.2495463120111903,-3.679472869305006,2.6857681035285688,-1.775236632454734,-2.53434153902706,-3.140476963809741,-1.4822495618090483,-2.175396583638873,-3.9206345365121367,-1.9747259458967628,4.705166613592272,-2.7076131743060534,8.928243311155098,7.911594049277376,2.1003869990702877,-3.753580731568781,2.7972782628375623,-2.0280719123697164,-3.9206345365121367,-1.2065437186522088,-2.12887658243399,-4.015944534498627,-1.050673365334566,-3.428158758484014,8.166524777791459,-2.224186731935294,0.8744026087627206,-2.7076131743060534,-2.654969468540645,-0.9858127376069508,0.3968517830864322,-2.386705602609561,-2.489889796219064,-0.5819592654953538,1.0171023674743382,3.983698488063956
CRR1090773,1,-1.8895534962638696,-3.666043982873231,4.052962875047808,4.147839675774952,5.2168505482183765,-3.355889539417112,-3.355889539417112,-1.9695961782963884,-2.972897711402955,-3.984497032175056,-0.2831974963310443,-2.8858864101708352,7.345341084801715,-1.1366872437670366,3.37464978839862,-1.5753044794005513,-3.1735682048451084,-2.8058437665998115,4.807328485726578,0.3262996267706292,2.467943670249124,3.244433040209018,-3.4248823156661,6.146023986493362,-1.293256279894591,8.159745580848034,4.722445873942371,-3.866714274295794,2.173008979503494,-2.629953224205538,-0.5708795482066951,-2.480421579840256,-2.1321150489706557,-1.905057677992144,-3.4989901779298758,2.884514921092528,2.6458539870652227,3.938033426305223,-3.4989901779298758,-0.3535139902517339,-3.666043982873231,-3.866714274295794,6.8360184786233145,-1.7598757103773637,5.338209242982565,4.725996368959611,-2.8058437665998115,7.1858018121174405,-1.9368063662260824,-2.1321150489706557,-3.068207800298276,2.448038554532492,-2.928445988357778,-3.019417683747845,5.309170447621268,-3.119501042054301,-3.4248823156661,-1.499592674050619,2.313990054828664,-2.375061119737955,-2.0385890259738244,3.633137127590573,-3.761353980859721,0.1304643580692309,-4.118028067657678,-3.761353980859721,0.5427091393734752,-0.4655190407793206,-1.8012609151203502,-3.761353980859721,0.7925209317954508,-0.1396852229613006,1.9354018855751776,-2.8058437665998115,1.0757192779735807,-2.696644554210358,-2.928445988357778,-1.9368063662260824,-0.5791440573735634,3.450053141562128,-2.8858864101708352,3.1597103141576426,1.2859326437400402,-1.1735917952540844,-1.5313413656447707,4.210075017601999,-3.019417683747845,6.874081108709987,-0.4917869656283778,1.1586249595689435,-2.8058437665998115,6.0925105625578775,5.095418893835881,-1.12229850838533,3.138165495213848,4.452730115645545,1.955671727127448,-1.6944929682202206,4.45392097861989,8.334933048188136,-0.7264028979966074,0.5318394674319487,-2.112696970655029,-2.0208894551400856,-3.984497032175056,0.742888308664303,5.620918855194335,-1.815445546088163,4.056913378025751,-2.453022620667148,6.343700045916563,-1.4892298891628384,5.259251437890273,-3.4248823156661,6.4656054083006085,3.735074458197774,-4.454499161425666,-0.2291302783096312,-1.4587706878636957,6.490391206086383,0.2711132131072843,7.246679542644581,3.451823053525976,-4.454499161425666,6.053212922564728,0.4522520317769957,-2.696644554210358,6.3626556953656,-3.866714274295794,0.5055403746130195,-1.8592481559533829,3.288072458176371,-0.7656236073037351,-3.291351101612767,0.9678002025792056,1.65029007992589,-1.478973391099583,-0.2232993583388353,-1.6944929682202206,2.0057142392922205,-4.2721782712959335,-1.310350710331624,1.246609098051639,6.585990127837596,-3.761353980859721,-2.0385890259738244,3.2427997942269315,-3.866714274295794,-1.8895534962638696,1.170236120328096,-3.119501042054301,1.303767511148867,-1.2764491644030682,-4.118028067657678,-0.2709274044920152,-0.9763446151626004,5.433383325092955,6.1517947326884,2.110761814251497,7.554181395022372,-1.0335030217403858,-2.7681034671069717,-1.953066881809657,-3.355889539417112,1.7201159371145565,-3.4248823156661,2.9403586571674745,-1.5206460788158285,-2.279750985388154,-2.8858864101708352,-1.2276590081701426,-1.920806029999967,-3.666043982873231,-1.720135392257857,0.3975271337519502,-0.0236863149553064,3.9652976848717554,-2.508592440933945,-0.9222774003900496,-3.4989901779298758,-2.696644554210358,-1.7734813587308107,-3.666043982873231,-0.9519531650133032,-1.874286028795084,-3.761353980859721,-0.7960828116956604,0.5180840927418899,6.368908514304748,-1.9695961782963884,-0.9579954787390724,-2.453022620667148,-2.400378914901739,-0.7312221839680451,0.6514423367253379,-2.1321150489706557,-2.2352992425801577,-0.3273687118564479,5.774843363052994,4.238289041702862
CRR1090834,0,-0.923219840733854,5.392724335583598,-2.0286115433592866,2.86831363535382,-2.9759922178356297,5.342235371788223,-3.2123807151984405,-1.8260873540777167,-2.829388887184284,-3.840988207956384,-0.1396886721123727,-2.7423775859521635,-2.2828455635910583,4.267030514176272,2.666660072892761,-1.4317956551818796,3.881908122004514,-2.66233494238114,-2.309513796448476,3.903037596000308,-3.355481353711204,-3.6178451566410494,-3.2813734914474284,2.172724454202012,-1.1497474556759193,7.665982074932693,-0.9716722174109652,-1.466084720821475,-2.784937164139106,-2.486444399986867,5.200339121584674,1.274004616482254,-1.988606224751984,1.5179512921759182,0.8752735479117832,-3.2813734914474284,-3.7232054500771214,0.3139785153009617,-3.355481353711204,0.483141981414302,-3.5225351586545592,-3.7232054500771214,-0.0914865731993604,1.691410159838518,4.840741870885277,-2.336912755621584,-2.66233494238114,6.02509347918233,2.755472636350932,-1.988606224751984,-2.924698976079604,2.3286200297683224,-2.784937164139106,-2.875908859529173,1.97388582166565,-2.9759922178356297,0.1617867064054504,-2.0492308220586244,-3.6178451566410494,-2.231552295519284,5.772060984101593,-2.1592316688233617,-3.6178451566410494,6.127172075242455,-3.974519243439006,-2.924698976079604,-3.6178451566410494,-0.322010216560649,-1.6577520909016783,-3.6178451566410494,5.794731772134826,0.0038236012573711,2.078910709793849,-2.66233494238114,1.2192281021922524,-2.5531357299916864,-2.784937164139106,-1.7932975420074104,-0.4356352331548919,-1.9130987007643268,-2.7423775859521635,4.124381239861674,-2.454695721833564,-1.030082971035413,-1.387832541426099,3.602087667858956,-2.875908859529173,-0.923219840733854,-0.3482781414097061,-2.486444399986867,-2.66233494238114,8.403032613817423,7.001502625249115,0.3333966004039155,-3.6178451566410494,-3.2813734914474284,-3.355481353711204,2.8921135235162194,9.074020032799307,8.15321673344203,7.246192959301092,-3.0300593806264366,-1.9691881464363568,1.1236006650935964,1.3630159928597996,-3.355481353711204,-2.3940711367818124,-1.6719367218694914,-2.206859695124028,-2.309513796448476,1.9723932840862823,-1.3457210649441669,0.2237534274110046,-3.2813734914474284,1.3065037833950772,5.467768643090267,2.6785252472717382,2.7340851361331118,3.632930291247278,-2.182762155159364,0.4146220373259559,6.43299086383328,-0.1243744380774515,-4.310990337206994,-3.435523933179817,3.862693947359753,-2.5531357299916864,3.406445940371032,-3.7232054500771214,0.6490491988316912,-1.715739331734711,-1.8773806309214136,2.854189974156048,-3.147842277394095,4.844889849403516,-0.3870426818541946,-1.3354645668809115,-0.0797905341201636,-1.5509841440015488,0.1776420774769642,-4.128669447077263,-1.1842336258000186,-3.0872177291069827,6.719258788289411,-3.6178451566410494,-1.895080201755153,-2.0286115433592866,1.0916830626913023,-1.746044672045198,1.3137449445467675,6.749934004019034,-2.66233494238114,-1.1329403401843965,-3.974519243439006,1.9656491596614465,-0.8328357909439287,4.336033422700068,3.5366119396290543,5.519126507056373,1.2770031194335556,-0.889994197521714,-2.6245946428883,5.03058480169263,-3.2123807151984405,-2.454695721833564,-3.2813734914474284,3.083867481386146,-1.3771372545971563,-2.136242161169483,-2.7423775859521635,-1.084150183951471,1.483238052559546,-3.5225351586545592,-1.5766265680391855,0.5410359579706219,-2.309513796448476,5.339457306415473,-2.3650836167152733,-0.7787685761713778,-3.355481353711204,2.37611427565505,-1.629972534512139,-3.5225351586545592,-0.8084443407946315,-1.7307772045764127,-3.6178451566410494,-0.6525739874769887,-3.0300593806264366,-2.784937164139106,-0.4998971618652381,-0.8144866545204007,-2.309513796448476,-2.2568700906830674,-0.5877133597493734,0.7949511609440096,-1.988606224751984,-2.091790418361486,-0.1838598876377763,7.547994366225084,4.381797865921533
CRR1090739,1,-1.67302630120762,-3.449516787816981,-1.9555931725217088,6.370587337698744,5.803846423937714,-3.139362344360863,-3.139362344360863,-1.753068983240139,-2.756370516346706,-3.767969837118806,3.865760268226732,-2.6693592151145857,8.221193518027281,8.250430977748687,-2.756370516346706,-1.3587772843443018,1.2754527959325972,-2.589316571543562,5.656470841724378,1.418015858444449,-3.282462982873626,-3.544826785803472,-3.2083551206098506,-1.6133070843432276,-1.0767290848383415,9.224306272656737,4.401718004238,-3.650187079239545,-2.7119187933015283,-2.4134260291492886,8.153613126875843,-2.263894384784006,-1.9155878539144056,-1.6885304829358945,-3.282462982873626,1.036048728109378,-3.650187079239545,-3.449516787816981,-3.282462982873626,-0.1369867951954843,1.856045178096928,-3.650187079239545,4.440995881297949,-3.650187079239545,4.977192730869479,3.3655231210227448,-2.589316571543562,7.931963674155368,0.3346710692434274,-1.9155878539144056,-2.8516806052420263,-0.1238287114836616,-2.7119187933015283,-2.8028904886915957,6.848176991664645,-2.902973846998052,-3.2083551206098506,-1.9762124512210464,-3.544826785803472,-2.158533924681706,-2.756370516346706,2.335145390862862,-3.544826785803472,3.5168485771675995,-3.901500872601429,-3.544826785803472,-3.544826785803472,-0.2489918457230711,-1.5847337200641007,-3.544826785803472,1.0090481268517004,0.0768419720949488,2.1519290806314277,-2.589316571543562,1.2922464730298302,-2.4801173591541086,-2.7119187933015283,-1.7202791711698326,-0.362616862317314,5.905048036852476,-2.6693592151145857,-2.7119187933015283,-2.381677350995986,5.967155733790467,0.7373775412145079,2.9290619136372227,3.48035391183504,-0.8502014698962763,-0.2752597705721284,-2.4134260291492886,3.878859055508688,7.085709665682936,2.71780728544373,-0.9057713133290805,-3.544826785803472,-3.2083551206098506,2.0928138934726914,5.183467764158048,4.951549266309259,7.339987894825515,5.713672981472325,3.5658673388100084,-1.8961697755987796,-1.804362260083836,-3.767969837118806,-3.282462982873626,2.829514374151357,-1.5989183510319136,2.433043812855467,-2.236495425610898,4.985951679517883,-1.2727026941065889,5.741323819721056,-3.2083551206098506,-2.8028904886915957,3.41171665925486,-4.237971966369416,-3.544826785803472,6.949496328525418,-2.109743784321786,0.4876404081635338,5.51958367344506,-0.0513560672398738,-4.237971966369416,-3.362505562342239,-0.1369867951954843,-2.4801173591541086,-0.8367784513659371,-3.650187079239545,0.722067569669269,2.373527294865108,-1.804362260083836,-0.5490964122474856,-3.0748239065565173,-3.901500872601429,2.1006181189089035,-1.2624461960433335,-0.0067721632825858,-1.4779657731639708,0.250660448314542,-4.055651076239684,-3.544826785803472,-0.6883584646384663,6.526213495370097,-3.544826785803472,-1.822061830917575,3.273439328866356,-3.650187079239545,-1.67302630120762,1.3867633153843455,4.234554531985167,-2.589316571543562,-1.0599219693468185,-3.901500872601429,-3.650187079239545,-0.7598174201063508,5.814138466616947,4.424321394723904,2.227235202497785,7.450437761571949,-0.8169758266841362,-2.551576272050722,-0.1369867951954843,-3.139362344360863,-2.381677350995986,-3.2083551206098506,3.156885852223724,-1.3041188837595787,-2.0632237903319046,-2.6693592151145857,-1.011131813113893,4.061359679164576,4.59086969873097,-1.5036081972016075,0.6140543288081998,-1.543348515321114,8.484398083458615,-2.292065245877696,-0.7057502053338,-3.282462982873626,-2.4801173591541086,-1.5569541636745612,-3.449516787816981,-0.7354259699570537,-1.6577588337388347,-3.544826785803472,-0.5795556166394109,-2.957041009788859,6.720617725714394,-1.753068983240139,-0.7414682836828228,-2.236495425610898,-2.1838517198454896,-0.5146949889117955,0.8679695317815875,-1.9155878539144056,-2.018772047523908,-0.1108415168001985,-1.2830654789943694,4.454816236759111
CRR1090833,0,2.2335127433022275,3.710943422094543,-1.702704590517921,0.3403689517379097,-2.650085264994264,-2.886473762357075,-2.886473762357075,-1.500180401236351,-2.503481934342917,-3.5150812551150183,0.186218280728993,-2.416470633110797,-1.9569386107496924,-0.667271466706999,-0.0415656343507352,-1.1058887023405135,1.601411944676343,-2.336427989539774,-1.9836068436071104,-1.277036916588788,-3.029574400869838,-3.291938203799684,-2.955466538606063,-1.3604185023394395,-0.8238405028345535,-3.3972984972357567,-0.6457652645695995,-3.3972984972357567,-2.4590302112977405,-2.1605374471455008,-0.1014637711466576,-2.0110058027802182,-1.6626992719106175,-1.4356419009321064,-3.029574400869838,-2.955466538606063,-3.3972984972357567,-3.1966282058131936,-3.029574400869838,0.1159017868083036,-3.1966282058131936,-3.3972984972357567,-0.4587267420944158,-3.3972984972357567,0.2196052947348278,-2.7041524277850706,-2.336427989539774,-1.9056453426779176,-1.4673905891660448,-1.6626992719106175,-2.5987920232382384,0.1290598705201262,-2.4590302112977405,-2.5500019066878075,0.1452676796961842,-2.650085264994264,-2.2623200723310664,-1.7233238692172586,-3.291938203799684,-1.9056453426779176,-2.503481934342917,-1.833324715981996,-3.291938203799684,-0.989354910803658,-3.6486122905976406,-3.291938203799684,-3.291938203799684,0.0038967362807166,-1.331845138060313,-3.291938203799684,1.2619367088554885,0.3297305540987368,2.404817662635215,-2.336427989539774,1.545135055033618,-2.2272287771503207,-2.4590302112977405,-1.4673905891660448,-0.109728280313526,-1.5871917479229611,-2.416470633110797,-2.4590302112977405,-2.128788768992198,-0.7041760181940471,-1.0619255885847332,-1.7443772695498465,-2.5500019066878075,-0.5973128878924884,-0.0223711885683404,-2.1605374471455008,-2.336427989539774,-0.4765313646145024,6.447815919872078,-0.6528827313252925,-3.291938203799684,-2.955466538606063,-3.029574400869838,-1.225077191160183,0.632011412021427,1.9738539813753715,-0.25698712093657,-2.7041524277850706,-1.6432811935949916,-1.551473678080048,-0.0035382416540098,-3.029574400869838,-2.0681641839404468,-1.3460297690281255,-1.8809527422826624,-1.9836068436071104,-0.9597961143873552,-1.0198141121028008,0.5496603802523705,-2.955466538606063,-2.5500019066878075,-2.821935324552729,3.5990757532139157,1.4012408778281389,-0.989354910803658,-1.8568552023179985,0.7405289901673218,-1.702704590517921,0.201532514763914,-3.985083384365629,-3.1096169803384512,-2.3756486719238485,-2.2272287771503207,-0.5838898693621493,-3.3972984972357567,0.9749561516730568,-1.389832378893345,-1.551473678080048,-0.2962078302436977,-2.821935324552729,3.940503874710834,-0.0611357290128289,-1.0095576140395457,0.246116418721202,-1.225077191160183,0.50354903031833,-3.8027624942358966,-3.291938203799684,-2.761310776265617,0.6140647695463471,-3.291938203799684,-1.569173248913787,-1.702704590517921,0.3767365940191399,-1.420137719203832,1.639651897388133,-2.650085264994264,0.4313407253427624,3.828989097077204,-3.6486122905976406,2.7889079090174573,-0.506928838102563,-1.1058887023405135,-2.298687690046934,5.632902375383399,-1.163708259853206,-0.5640872446803482,-2.298687690046934,-1.4836511047496197,-2.886473762357075,-2.128788768992198,-2.955466538606063,3.409774434227512,-1.051230301755791,-1.810335208328117,-2.416470633110797,-0.7582432311101053,-1.4513902529399296,-3.1966282058131936,-1.2507196151978195,0.8669429108119877,-1.9836068436071104,-2.886473762357075,-2.039176663873908,-0.4528616233300122,-3.029574400869838,-2.2272287771503207,-1.3040655816707734,-3.1966282058131936,-0.4825373879532657,-1.4048702517350469,-3.291938203799684,-0.326667034635623,-2.7041524277850706,-2.4590302112977405,-1.500180401236351,2.0523061041898507,1.0175157649230826,-1.9309631378417016,-0.2618064069080076,1.1208581137853753,-1.6626992719106175,-1.7658834655201203,0.1420470652035894,0.2285206578628852,4.7077048187629
CRR1090756,1,2.33899420806389,2.780469751712237,-1.9578742156620577,0.0851993265937728,-2.905254890138401,-3.141643387501212,7.416200672755477,-1.755350026380488,0.7756974725972882,0.4565804015084987,-0.0689513444151439,-2.6716402582549343,-2.212108235893829,-0.922441091851136,1.2843988152059629,-1.3610583274846508,0.9593444061821677,-2.591597614683911,-2.2387764687512477,1.3432393143175267,-3.284744026013975,-3.5471078289438207,4.713021018473831,-1.6155881274835766,4.79095669705545,-3.6524681223798936,4.626522058245051,2.837409809572602,-2.7141998364418773,-2.4157070722896377,-0.3566333962907945,-2.266175427924355,-1.9178688970547544,-1.6908115260762433,-3.284744026013975,-3.2106361637502,-3.6524681223798936,-3.4517978309573305,-3.284744026013975,-0.1392678383358333,-3.4517978309573305,-3.6524681223798936,1.471493648031125,5.028276796429534,-0.0355643304093091,-2.959322052929208,-2.591597614683911,-1.467668037262016,-1.7225602143101817,-1.9178688970547544,-2.8539616483823758,-0.1261097546240106,-2.7141998364418773,-2.8051715318319443,-0.1099019454479526,-2.905254890138401,0.0252358650959376,2.725012179457413,3.0404401886377963,-2.1608149678220547,0.121566968875003,-2.088494341126133,-3.5471078289438207,8.458415780158997,-3.9037819157417775,-3.5471078289438207,-3.5471078289438207,-0.2512728888634203,-1.5870147632044498,-3.5471078289438207,1.0067670837113512,0.0745609289546,2.149648037491078,-2.591597614683911,1.2899654298894812,-2.4823984022944576,-2.7141998364418773,-1.7225602143101817,-0.3648979054576631,-1.8423613730670976,-2.6716402582549343,-2.7141998364418773,-2.383958394136335,-0.959345643338184,-1.31709521372887,-1.9995468946939836,-2.8051715318319443,-0.8524825130366253,-0.2775408137124773,-2.4157070722896377,-2.591597614683911,-0.7317009897586393,6.853151075097437,-0.9080523564694294,-3.5471078289438207,-0.7870997623266289,-3.284744026013975,7.881072230721968,0.3768417868772901,0.2279473672847266,-0.5121567460807069,-2.959322052929208,-1.8984508187391285,4.196420029717094,1.515485216743374,-0.3202657550593668,2.5736270582639733,-1.6011993941722626,-2.1361223674267995,6.15374733152493,4.433803169919812,-1.274983737246938,0.2944907551082334,-3.2106361637502,7.263276488741428,8.338695567052659,1.6797115466422845,2.810385760496325,-1.2445245359477948,-2.112024827462135,0.4853593650231848,-1.9578742156620577,-0.0536371103802227,-4.2402530095097655,-3.364786605482588,0.695654767134185,-2.4823984022944576,-0.839059494506286,2.3604294886661377,0.71978652652892,-1.6450020040374822,-1.8066433032241849,-0.5513774553878346,-3.0771049496968663,3.773019967773568,-0.3163053541569658,-1.2647272391836826,-0.0090532064229348,-1.48024681630432,0.2483794051741929,-4.057932119380033,-3.5471078289438207,-3.016480401409754,0.3588951444022101,-3.5471078289438207,-1.824342874057924,3.107042693818717,1.4661885958717908,-1.675307344347969,1.3844822722439964,-2.905254890138401,6.170084289448405,-1.0622030124871675,-3.9037819157417775,3.2897937112152094,-0.7620984632466998,-1.3610583274846508,2.8468153205973903,5.423525606175102,-1.418877884997343,5.849710110142955,0.1113104692337975,4.680105323507543,-3.141643387501212,-2.383958394136335,-3.2106361637502,3.154604809083375,-1.3063999268999278,-2.0655048334722537,-2.6716402582549343,-1.0134128562542422,-1.7065598780840667,-3.4517978309573305,-1.5058892403419566,0.6117732856678507,-2.2387764687512477,7.3490144927507055,-2.2943462890180446,-0.7080312484741491,-3.284744026013975,-2.4823984022944576,-1.55923520681491,-3.4517978309573305,-0.7377070130974027,-1.6600398768791838,-3.5471078289438207,-0.58183665977976,-2.959322052929208,-2.7141998364418773,5.041994638313646,1.7279389209022755,-2.2387764687512477,-2.1861327629858387,-0.5169760320521446,0.8656884886412384,-1.9178688970547544,1.0419309954415898,7.039439214190954,-1.2853465221347184,4.452535193618763
CRR1090935,1,1.1796381838373398,-2.7121816690043734,3.873926834041712,4.920747404869337,3.792650268367515,-3.788320223033331,3.062228250257413,-2.4020268619126077,-3.4053283950191737,-4.4169277157912745,3.8322528036274512,-3.318317093787054,6.469894380169972,1.851692475677372,3.642820129217224,-2.00773516301677,0.8418664056015045,4.905130406022014,2.1522005155121726,0.5836547592896212,-3.931420861546094,2.891947423541935,-0.4005471499907168,6.405699000899977,1.3866976013792454,7.104047740697694,2.297543669196751,0.6377219796738435,2.800146312584112,5.2152734102697895,0.890099103753482,-2.9128522634564744,5.642599084628392,3.032276881956496,-3.931420861546094,2.7775066371890613,1.8383398691537,2.9989971709984,-3.931420861546094,2.8360092421874463,-4.09847466648945,-4.299144957912013,2.887921923312307,0.58869255323498,4.169835679446444,5.948930364440765,1.207989419459459,0.0518473739476815,6.562591650445459,4.753525222749291,3.317191088634247,4.06063818136503,3.770369055062408,-3.451848367364064,2.3874071067678857,-3.5519317256705203,-0.0349035498642685,-2.625170329893515,-4.19378466447594,-2.807491803354174,4.220842099029675,3.9430241997867337,-4.19378466447594,3.952168917963171,0.2605606550353813,-4.19378466447594,-4.19378466447594,-0.8979497243955397,-2.233691598736569,-4.19378466447594,0.3600902481792321,-0.5721159065775193,1.502971201958959,-3.2382744502160303,0.6432885943573619,-3.129075237826577,-3.3608766719739966,-2.369237049842301,-1.0115747409897822,1.639853803295276,3.1328105209736163,1.5918829757969513,-3.0306352296684542,3.8791798009045104,1.2381870956356764,2.3164716790254,-3.451848367364064,5.724904721902952,-0.9242176492445966,-3.062383907821757,4.390953019968046,6.455919531178688,4.229974582588919,5.62472017525954,3.029217216136998,-3.857312999282319,-3.931420861546094,2.370914769339919,6.479989649061912,6.611742582911192,2.121571340665031,-0.905384702330266,-2.545127654271248,-2.453320138756304,0.0939293182012272,-3.931420861546094,3.9257905343728408,-2.247876229704382,2.349261501752385,3.880800142776154,4.020624353509319,4.950627557599705,4.928334328662999,-3.857312999282319,-3.451848367364064,5.58760104851305,-1.628837153166261,1.2751170110813337,3.5567419698849845,3.451993554802342,-0.1613174705089345,6.194802467556485,-0.7003139459123421,0.297094397533548,4.6752739334496844,1.5317573084869307,2.5523904212028707,2.609718595354153,-4.299144957912013,2.1553523304023616,-2.291678839569601,4.726014223468912,-1.198054290919954,3.5444399868030487,-4.550458751273897,3.248588888011688,-1.9114040747158016,-0.6557300419550542,6.083881706199371,2.601695374263048,-4.704608954912152,-4.19378466447594,1.297627340280033,5.18678581399252,3.78074618034452,-2.4710197095900432,1.2240899460048502,0.6472458610339238,-2.321984179880088,0.737805436711877,4.731481559831837,-0.7859446738679525,-1.7088798480192868,-4.550458751273897,0.4582671264969709,-1.4087752987788191,4.503425435007678,-3.20053415072319,3.0335853069431784,5.559122154681806,-1.4659337053566044,-3.20053415072319,-2.385497565425876,-0.2122375590837516,1.849795841642233,-3.857312999282319,2.507927973551256,-1.953076762432047,-2.7121816690043734,-3.318317093787054,-1.6600896917863617,4.83351989735608,5.215175031873622,-2.152566075874076,-0.0349035498642685,-2.8854533042833665,1.354510915130028,2.084359458505993,-1.3547080840062684,1.002497987583142,-3.129075237826577,-2.205912042347029,-4.09847466648945,3.740941676750333,-2.306716712411303,-4.19378466447594,1.9774963133869876,-3.605998888461327,4.772186519991768,-2.4020268619126077,-1.3904261623552912,-2.8854533042833665,-2.832809598517958,-1.163652867584264,0.219011653109119,-2.564545732586874,-2.6677299261963765,-0.7597993954726668,7.3383020077403645,3.805858358086643
CRR1090883,1,-2.257683462294924,-4.034173948904286,4.202485486693202,4.148231039100588,2.127798429646738,-3.724019505448167,3.19209935785538,-2.3377261443274437,-3.3410276774340097,-4.352626998206111,3.768330837161773,-3.25401637620189,6.407818014558748,5.54945707354269,0.8291540661340429,-1.9434344454316064,-3.5416981708761632,3.939480763144204,2.586382172852773,-0.1405018632874653,-3.86712014396093,2.6490713958975096,-0.318388815802804,4.15774046836855,-1.6613862459256457,6.451207394786985,6.070923360536173,-0.9682391501114525,-0.5239880473660663,4.430575145137852,3.0789663431032404,-2.8485515458713104,6.836115871309834,-2.273187644023199,-3.86712014396093,1.3016125396496463,4.431532724450339,2.470656626873049,-3.86712014396093,-0.7216439562827887,-0.8485746559131555,0.0722171635939433,2.5048845669712163,-4.234844240326849,4.42838842951852,6.4750227054329,0.461585335003789,5.037424867368948,1.8232377771002808,-2.50024501500171,2.6136305125096486,5.676465951420835,-3.2965759543888327,-3.3875476497789,-0.6922780633949079,-3.4876310080853563,-3.793012281697155,-1.296272485185508,-4.129483946890776,-2.74319108576901,-3.3410276774340097,2.1189437038759023,-4.129483946890776,3.748062916243145,-0.6451735971664228,-4.129483946890776,-4.129483946890776,-0.8336490068103756,-2.169390881151405,-4.129483946890776,0.4243909657643959,-0.5078151889923554,1.5672719195441227,-3.1739737326308664,0.7075893119425257,-3.064774520241413,-3.2965759543888327,-2.304936332257137,-0.9472740234046184,4.777259749646514,3.956000825830023,-2.3377261443274437,2.960424209997161,-1.5417217612851393,1.737548527503543,2.098630505504538,3.6311515716268334,4.833059510588307,3.648390463958467,-2.998083190236593,4.796978433910231,5.346198859970861,1.1058916305350135,6.491919444581286,1.4219220551053977,3.400135311722225,0.2649632324750203,5.065558029664498,5.221450802007815,4.984585786328009,5.153268105782481,-0.8868935172782622,1.6122343735263025,-0.5684398074665443,-4.352626998206111,-3.86712014396093,3.2766174355633058,-2.183575512119218,5.175145904556329,-2.821152586698203,3.6797306505334655,-1.857359855193893,-0.2878853628387219,-3.793012281697155,-3.3875476497789,3.1909086452733275,-4.822629127456721,-4.129483946890776,4.733761993587007,4.903783062114323,-0.0970167529237705,3.722953139246339,4.387467216122949,-4.822629127456721,3.58483448058164,2.425017098279511,0.4994007852478812,-1.4214356124532417,-4.234844240326849,0.1374104085819647,-2.227378121984437,-1.6958724160497451,-1.13375357333479,4.710602009024605,-4.486158033688733,5.8086735272752215,0.0479735527186773,-0.5914293243698902,3.0401719530968263,2.4892530392986703,-2.560869612308351,-1.5048172097980912,0.8121564900062423,6.996452631248512,-1.5048172097980912,-2.4067189920048797,1.939865143501624,-4.234844240326849,-2.257683462294924,0.8021061542970411,4.094570321928967,2.376597025212536,-1.6445791304341228,-4.486158033688733,-4.234844240326849,-1.3444745811936551,2.902431976480256,0.589012942263461,0.9703804931305442,4.207862618087212,-1.4016329877714406,-3.136233433138026,-2.321196847840712,3.2535092293778143,-2.273187644023199,-3.793012281697155,2.57222869113642,-1.888776044846883,-2.647880951419209,-3.25401637620189,-1.5957889742011977,4.883500445703125,1.0919503861224389,-2.088265358288912,0.0293971677208953,1.2022662054166775,7.43098319143723,-0.5741378282565067,-1.2904073664211042,2.722333701878117,-3.064774520241413,-2.1416113247618656,1.051173387439622,-1.320083131044358,-2.242415994826139,-4.129483946890776,-1.1642127777267153,-1.0660949314030308,5.784328103463628,-2.3377261443274437,-1.3261254447701272,-2.821152586698203,-2.768508880932794,-1.0993521499991,3.718042188896153,-2.50024501500171,-2.6034292086112125,0.1745791733424204,5.512143213334963,3.870159075671807
CRR1090949,1,2.4981138677811483,-3.457721688213833,-1.96379807291856,0.7724226234421903,4.60152397565995,-3.147567244757714,0.3787919857416882,-1.7612738836369903,1.1510764657606136,4.135421671267791,-0.0748752016716462,4.489087051800993,-2.218032093150332,-0.9283649491076384,-2.764575416743557,-1.3669821847411532,-2.9652459101857103,3.696465624755185,-2.2447003260077496,-1.5381303989894273,-3.290667883270477,-3.553031686200323,-3.216560021006702,-1.621511984740079,-1.084933985235193,6.57896697581724,-0.9068587469702388,-3.658391979636396,4.998676867629904,-2.4216309295461405,-0.362557253547297,-2.272099285180857,10.251816046573463,-1.6967353833327457,-3.290667883270477,-3.216560021006702,2.5855569301158785,5.773417212637494,-3.290667883270477,-0.1451916955923357,-3.457721688213833,-3.658391979636396,4.913202996637972,-3.658391979636396,5.799153410179647,-2.9652459101857103,-1.1371197293258617,1.5697391197537338,-1.728484071566684,-1.9237927543112567,-2.8598855056388777,-0.132033611880513,-2.72012369369838,-2.8110953890884467,6.268581986857415,-1.230645769829685,-3.216560021006702,3.3809739658760583,-3.553031686200323,-2.166738825078557,-2.764575416743557,-2.0944181983826358,-3.553031686200323,8.770087503101763,-3.90970577299828,-3.553031686200323,-3.553031686200323,-0.2571967461199226,-1.592938620460952,-3.553031686200323,1.000843226454849,0.0686370716980976,2.143724180234576,-2.5975214719404134,1.2840415726329788,-2.48832225955096,-2.72012369369838,-1.728484071566684,-0.3708217627141654,-1.8482852303236004,-2.677564115511437,4.159052303199148,-2.3898822513928373,-0.9652695005946864,-0.3026591167513746,2.4369297397909038,-2.8110953890884467,6.61543010133067,-0.2834646709689797,-2.4216309295461405,-2.5975214719404134,5.897063470104576,-0.6738351165407395,-0.9139762137259316,-3.553031686200323,5.312955491810174,4.106043338338316,-1.4861706735608222,5.268964146521324,6.237229175735165,5.092095271837241,-2.9652459101857103,0.9987357441596992,-1.8125671604806872,-3.7761747375156576,-1.0035883590227637,7.393380773403432,-1.607123251428765,-1.4488992880257063,4.1318422080393935,7.532631880358498,-1.2809075945034405,5.486304819103895,-3.216560021006702,4.691563070709522,6.246126150602924,-4.246176866766268,3.263044806403931,-1.2504483932042971,-2.117948684718637,0.4794355077666824,6.110685383627118,-0.0595609676367251,-4.246176866766268,-3.3707104627390905,3.439797766975818,-2.48832225955096,-0.8449833517627885,1.5685465137828336,0.7138626692724176,4.163516197760511,-1.8125671604806872,-0.5573013126443369,-3.0830288069533687,-3.90970577299828,2.3077525429655483,-1.270651096440185,-0.0149770636794372,-1.4861706735608222,0.2424555479176907,-4.063855976636535,-1.1734873668829808,-3.0224042586662563,0.3529712871457078,-3.553031686200323,-1.8302667313144263,4.860220201825994,-3.658391979636396,-1.6812312016044717,1.378558414987494,2.812061248938961,-2.5975214719404134,-1.06812686974367,1.6208536132965643,1.9416725025720305,-0.7680223205032022,4.14254238785611,5.703120998108195,-1.192179496401074,5.286590770286268,-0.8251807270809877,-2.559781172447573,4.296368132700247,-3.147567244757714,-2.3898822513928373,-3.216560021006702,3.148680951826873,-1.31232378415643,-2.071428690728756,-2.677564115511437,-1.0193367135107445,3.656898112864462,1.7572122610964105,-1.511813097598459,0.6058494284113483,-2.2447003260077496,5.7974685483481885,-2.300270146274547,-0.7139551057306514,-3.290667883270477,-2.48832225955096,-1.5651590640714126,-3.457721688213833,-0.7436308703539051,-1.665963734135686,1.4968223338717266,-0.5877605170362623,1.058118591348031,-2.72012369369838,-1.7612738836369903,-0.7496731840796742,-2.2447003260077496,-2.192056620242341,-0.522899889308647,0.8597646313847361,-1.9237927543112567,-2.02697694792076,-0.1190464171970498,0.5245037916057009,4.44661133636226
CRR1090958,1,1.426780217993495,-3.8316598669188897,-2.337736251623617,5.814302593833056,2.208160036347894,-3.521505423462771,2.2832265290477896,-1.4420650484487267,-3.1385135954486136,-4.150112916220714,2.808808151714244,-3.051502294216494,4.589981298108345,-1.3023031278126953,-1.2597435194325457,5.180671109056092,1.8463366786203368,5.140859796010104,4.758680577651649,-1.912068577694484,-3.664606061975534,2.2077268546232656,4.224995643840527,5.313606690327456,0.1437628658092792,5.603304775199155,-1.2807969256752956,-4.032330158341453,-3.094061872403437,7.23282948734432,8.240610440696443,-2.6460374638859143,-2.297730933016314,2.144227654840261,-0.486553705985381,1.2923023051267146,4.244966637368616,3.419941164442549,2.681568428510851,2.89522552789576,-3.8316598669188897,0.4168335829243296,6.2539883207414055,-4.032330158341453,5.22827854096617,2.2210689935220302,-2.9714596506454702,4.661834761694747,1.818592150161638,5.1297510186404125,-3.2338236843439345,3.996231462210578,-3.094061872403437,1.052516713951197,-0.4897639814095119,-3.28511692609996,0.3100290266219775,-2.358355530322955,-3.92696986490538,-2.540677003783614,4.9457396020485325,1.526638394612336,-3.2338236843439345,4.7913973491484505,0.6013172983470255,-3.92696986490538,-3.92696986490538,-0.6311349248249793,-1.966876799166009,-3.92696986490538,0.6269050477497922,-0.3053011070069591,1.769786001529519,-2.9714596506454702,0.910103393927922,-2.862260438256017,-3.094061872403437,-2.102422250271741,-0.7447599414192222,6.430770959973836,-3.051502294216494,-3.094061872403437,-2.763820430097894,-1.3392076792997432,-0.436543288537674,-2.3794089306555426,3.834006543337416,-1.2323445489981844,-0.6574028496740365,-2.795569108251197,-2.9714596506454702,4.518381549719607,2.566479360330023,1.2792302237017632,2.672898637030545,1.7761437274362313,-1.952890561103631,5.53380032390012,5.565942555906617,4.526386558109896,4.988352943789428,-3.339184088890767,-2.278312854700688,0.9708679499729044,-4.150112916220714,-3.664606061975534,5.504349722382676,-1.9810614301338216,4.0839187921381095,4.762627218856091,3.430456778126915,-1.654845773208497,6.034095679357362,-3.590498199711759,-3.185033567793504,2.207293485170907,-4.620115045471325,0.3743868938033176,-1.6243865719093542,3.917660780345,0.1054973290616256,5.349549428919136,-0.4334991463417819,-4.620115045471325,6.640964995296604,2.38076221515261,2.486814910656803,-1.2189215304678451,-0.6612123778004537,0.3399244905673608,-0.1382470305708595,0.782558354426972,-0.9312394913493938,3.879317425177985,-4.283643951703336,2.9208210750296675,-1.6445892751452418,0.4271695919879064,5.091844739756267,2.26865727099765,-4.437794155341592,-3.92696986490538,-3.396342437371313,5.666656170372588,-3.92696986490538,-2.204204910019483,0.1740172731499716,-4.032330158341453,-2.055169380309528,1.0046202362824372,6.116164580226717,3.0746379913712114,-1.4420650484487267,-1.409275231002079,-3.339184088890767,-1.141960499208259,2.3634855495100733,-1.3169019251025609,1.2400972264372112,6.55290430763869,-1.1991189057860443,1.6111495017197943,-2.118682765855316,1.8954821453909827,-2.763820430097894,0.292535869684491,2.774742773121816,3.3022870364561645,-0.4929845959021066,-3.051502294216494,-1.3932748922158014,-2.086421914045626,-3.8316598669188897,-1.885751276303516,4.168443893522256,-2.6186385047128065,7.35930140066456,8.471918723787176,-1.087893284435708,-3.664606061975534,-2.862260438256017,-1.9390972427764688,-3.8316598669188897,-1.1175690490589618,-2.039901912840743,-3.92696986490538,-0.9616986957413192,-3.339184088890767,2.224057256138515,0.7662092167224428,-1.123611362784731,-2.6186385047128065,-2.565994798947398,-0.8968380680137038,0.4858264526796793,-2.297730933016314,2.3534239778021333,-0.4929845959021066,-1.6652085580962777,4.072673157657204
CRR1090956,1,-1.925928669817068,1.1207888653974136,-2.2084955411311564,4.321429241310007,4.29634199426912,-3.3922647129703103,3.553170300931097,-2.0059713518495865,1.8277293606796168,-4.020872205728254,1.2673923375956686,-2.9222615837240333,3.260166784722108,5.659359914671175,4.026874700503439,-1.6116796529537492,-3.2099433783983065,6.750416868521397,3.6625289764797095,-1.7828278672020232,-3.5353653514830734,-3.7977291544129193,5.14480820096805,-1.8662094529526752,1.98054017842414,7.214200198739615,3.5283396459745107,-3.903089447848992,-2.964821161910976,3.5408970379137976,-0.607254721759893,-2.5167967533934537,-2.1684902225238534,-1.9414328515453416,3.298162068343613,2.512550697714597,-3.903089447848992,-3.702419156426429,0.5892830466496229,4.081636028790279,2.889377455949361,-3.903089447848992,0.8899402715051217,-1.217514173303454,2.5074486458492946,2.558376509757194,2.338699167272508,5.690468201219763,-1.97318153977928,-2.1684902225238534,-3.104582973851474,1.42801553005497,-2.964821161910976,3.733821228068181,-0.3605232709170511,-3.1558762156074995,-3.461257489219298,-2.229114819830494,-3.7977291544129193,-2.4114362932911533,2.5820523453612365,-2.3391156665952315,-3.7977291544129193,-2.436754088454937,-4.1544032412108765,-3.7977291544129193,-3.7977291544129193,-0.5018942143325188,-1.8376360886735483,-3.7977291544129193,0.7561457582422528,-0.1760603965144986,1.8990267120219797,-2.8422189401530096,1.0393441044203826,-2.733019727763556,-2.964821161910976,-1.97318153977928,-0.6155192309267614,2.8143098831103446,-2.9222615837240333,2.8048567404921214,2.754776735476738,-1.2099669688072825,2.078322546797408,4.416734006889684,-3.055792857301043,-1.103103838505724,7.195253940109444,-2.666328397758736,5.219800866289656,1.1886114607774938,6.052777473439763,-1.158673681938528,1.1237085754581249,0.2865631056277131,-3.5353653514830734,4.2056987699206125,3.6019115485399,1.8707695130067192,1.8441759236193929,-3.2099433783983065,-2.149072144208227,6.3734143188225785,-4.020872205728254,-3.5353653514830734,1.8226697185526075,-1.851820719641361,3.944757670061014,-2.489397794220346,1.9238912449224013,4.675008456669196,4.00611214994418,-3.461257489219298,-3.055792857301043,2.4702281233004557,-4.490874334978864,-3.7977291544129193,-1.495145861416893,2.473635281609171,0.2347380395540862,4.073808943736578,-0.3042584358493213,-4.490874334978864,0.947200991343635,3.321580808252154,-2.733019727763556,1.833480634578905,-3.903089447848992,0.4691652010598215,-1.8956233295065807,0.149659033464556,-0.8019987808569331,-3.327726275165965,1.5719762175347771,4.0600590631829885,-1.5153485646527811,4.912723534167314,-1.7308681417734184,-0.0022419202949054,-4.308553444849132,-3.7977291544129193,2.3855926580986213,3.485442312701089,-3.7977291544129193,-2.0749641995270225,-2.2084955411311564,-3.903089447848992,-1.925928669817068,1.133860946774898,2.2890435770468422,1.6058467317955103,-1.312824337956266,-4.1544032412108765,-3.903089447848992,-1.0127197887157984,1.9093791169824743,-2.8044786406601694,6.109628890438696,3.9381391664153913,-1.0698781952935836,4.134415614926102,-1.989442055362855,2.8605366004841413,-2.634579719605433,-3.461257489219298,2.9039834836142764,-1.5570212523690263,-2.3161261589413527,2.937336019122492,-1.2640341817233407,-1.957181203553165,2.117931684674524,-1.7565105658110551,0.3611519601987521,1.016077912922266,5.55976980943826,6.304353126303248,-0.9586525739432477,1.508554391706929,-2.733019727763556,-1.8098565322840088,-3.702419156426429,4.34415749237418,-1.9106612023482823,-3.7977291544129193,-0.139310856235301,-3.2099433783983065,0.3797283451965342,2.881365395082724,-0.9943706522922704,-2.489397794220346,-2.436754088454937,-0.7675973575212431,0.61506716317214,-2.1684902225238534,4.545441928126692,-0.363743885409646,2.3048274446769224,4.201913868149664
CRR1090968,1,-0.9704142834140674,1.178020024593997,-2.20255767559113,5.0502332409169775,5.224379640270457,-3.386326847430284,-0.0636930735267531,-2.00003348630956,-3.003335019416127,-4.014934340188227,5.073970091789827,-2.9163237181840067,7.735943938369247,-1.167124551780208,3.181749732521906,-1.6057417874137228,-3.20400551285828,2.921648822893865,3.2489182191108767,-1.7768900016619968,-3.529427485943047,-3.7917912888728926,2.4628044616106552,5.457479293299441,-1.3236935879077625,8.248426640984228,-1.1456183496428085,-3.8971515823089655,-2.9588832963709493,4.497093044776843,-0.6013168562198664,-2.510858887853427,-2.1625523569838268,-1.9354949860053152,-3.529427485943047,-1.7123514971910878,4.360635182139626,-3.6964812908864015,2.974167986798036,5.0705486749287,2.271061258979256,-3.8971515823089655,4.531038153142401,-1.167124551780208,3.964487668706794,6.7074711438840176,-1.4309390990736437,7.639407888717812,0.4624000027021946,-2.1625523569838268,-3.0986451083114472,5.062043553331453,-2.9588832963709493,-3.0498549917610163,6.169009887463718,-3.149938350067473,-3.455319623679272,-2.223176954290468,-3.7917912888728926,-2.4054984277511267,4.423375468918725,1.766577990721551,-3.7917912888728926,1.078813375959083,-4.14846537567085,-3.7917912888728926,-3.7917912888728926,-0.4959563487924921,-1.8316982231335217,-3.7917912888728926,0.7620836237822793,-0.170122530974472,1.904964577562006,-2.836281074612983,1.0452819699604092,-2.7270818622235296,-2.9588832963709493,-1.9672436742392536,-0.609581365386735,4.45814771212762,-2.9163237181840067,4.321813030047827,-2.628641854065407,3.4416621311945894,0.963519572758622,5.344383725017796,1.089492348372021,6.580503429886459,-0.5222242736415493,-2.6603905322187096,3.295613320020443,3.7902321159205568,5.2906455276800255,1.3404695051534368,-0.3013647125051866,3.138701479035768,-3.529427485943047,7.912459723624712,5.312586387597787,6.7738356957131,3.1318353412360382,-3.20400551285828,-2.1431342786682004,-2.051326763153257,-4.014934340188227,-3.529427485943047,0.9990262606151236,-1.8458828541013343,4.174724034873163,-2.483459928680319,2.1661144798788774,-1.5196671971760096,6.229894989943411,-3.455319623679272,-3.0498549917610163,4.395005161040766,-4.484936469438837,-0.8473542044412998,6.436766047157593,5.942624512665449,0.2406759050941127,3.785431044340573,-0.2983205703092947,-4.484936469438837,5.255274929063942,2.4220144933837324,-2.7270818622235296,3.219240341368498,0.0411865525068429,0.475103066599848,-1.889685463966554,-2.051326763153257,-0.7960609153169066,1.8801544691476024,-1.0317832222557008,-0.5609888140860378,-1.5094106991127545,-0.2537366663520068,7.027516886033229,1.1654412425629452,-4.302615579309105,-3.7917912888728926,3.8842166440856394,4.00648353091232,-3.7917912888728926,-2.069026333986996,1.0171337509444318,-3.8971515823089655,-1.9199908042770408,1.1397988123149243,2.247508592417694,1.445711948907379,-1.3068864724162397,-4.14846537567085,1.4220549319320863,-1.0067819231757718,2.826678638963429,-2.7985407751201428,4.083249973316528,7.25464555495571,-1.0639403297535572,-2.7985407751201428,-1.9835041898228285,3.9498271784788033,-2.628641854065407,-3.455319623679272,2.909921349154303,-1.5510833868289997,-2.3101882934013256,-2.9163237181840067,-1.258096316183314,2.28032916586709,-3.6964812908864015,-1.7505727002710283,0.3670898257387788,1.246457185228505,8.673983162173005,-2.5390297489471165,-0.952714708403221,-3.529427485943047,-2.7270818622235296,-1.803918666743982,-3.6964812908864015,-0.9823904730264744,-1.904723336808256,-3.7917912888728926,1.9537707261941253,-3.20400551285828,3.1664649741858533,-2.00003348630956,-0.988432786752244,-2.483459928680319,-2.4308162229149106,-0.7616594919812165,0.6210050287121666,-2.1625523569838268,-2.265736550593329,-0.3578060198696196,4.49573513474414,4.207851733689691
CRR1090884,1,-2.036172555237558,-3.81266304184692,-2.3187394265516468,4.223026119408796,4.033889562315824,6.974759264258764,-3.5025085983908006,-2.116215237270077,0.887815522294257,-4.131116091148744,-0.4298165553047326,-3.0325054691445232,6.807304579687624,-1.2833063027407248,-3.1195167703766438,2.1769798549176453,-3.320187263818797,4.434340818156546,6.7695481970441165,-1.8930717526225136,4.627411642169581,-3.9079730398334096,-3.571501374639789,4.466363431960846,-1.4398753388682792,5.621589675501775,-1.2618001006033253,-4.0133333332694825,2.9838540906325752,3.984850487166534,-0.7174986071803834,-2.627040638813944,-2.2787341079443437,1.975904302164564,-3.645609236903564,4.080228557870052,4.639941324615566,0.4512946332953031,-3.645609236903564,0.3319118564997926,-3.81266304184692,-0.3526269211991403,4.205152064989532,-4.0133333332694825,3.67405036496004,4.245432271043659,-1.213347723926214,0.3742312871845701,1.6557787978898,-2.2787341079443437,-3.214826859271964,3.8644407786304127,-3.0750650473314662,-3.166036742721533,7.17393979084362,-3.26612010102799,-3.571501374639789,-2.339358705250984,-3.9079730398334096,-2.521680178711644,-0.2392982420145858,2.7415275133122816,-3.9079730398334096,6.742579535301469,2.379883524047847,-3.9079730398334096,-3.9079730398334096,3.18459867780578,-1.947879974094039,-3.9079730398334096,0.6459018728217625,-0.2863042819349889,1.7887828266014894,-2.9524628255735,0.9291002189998924,-2.8432636131840465,-3.0750650473314662,-2.0834254251997706,-0.7257631163472519,1.835028154388329,3.470533588536072,-3.0750650473314662,2.376532189700401,-1.3202108542277728,-1.677960424618459,-2.3604121055835723,1.961886691163851,6.542430885776453,-0.6384060246020661,3.618096110165372,3.985671658500931,4.291544116973956,2.2969866855777488,6.160467472754267,1.2052168546236324,0.6830962420611556,2.3950101728698576,1.197970446190383,5.973031702377841,4.475549607155426,5.859658424825102,-3.320187263818797,-2.2593160296287174,-2.167508514113773,-4.131116091148744,-3.645609236903564,3.375061017455769,-1.9620646050618515,6.2323143634163785,-2.599641679640836,4.181568782954239,3.737422660553704,4.627450920238661,-3.571501374639789,-3.166036742721533,3.528406488721053,-4.601118220399354,0.3631200620681508,4.967368007585821,0.3347895562445962,0.1244941541335959,5.228804902585319,-0.4145023212698115,-4.601118220399354,-3.725651816372177,3.064443754351215,2.8834711189970306,7.098030497568522,0.4148322617076994,0.3589213156393313,-2.005867214927071,2.313012669529384,-0.9122426662774236,3.5359226720705093,-4.264647126631367,4.517804371386801,2.858216677133088,-0.3699184173125237,-1.8411120271939088,-0.1124858057153957,-0.3816144563917205,-3.9079730398334096,-0.526980297459565,4.472894292681599,-3.9079730398334096,-2.185208084947513,1.316695797312591,-4.0133333332694825,-2.036172555237558,1.0236170613544076,2.176068693127551,-2.9524628255735,-1.4230682233767564,1.2545226150288458,1.7303796366197737,-1.1229636741362885,3.688015376354576,3.534751985916168,-1.5471208500341604,5.548099776945215,-1.180122080714074,-2.91472252608066,5.190271084829582,0.0660833941101735,-2.744823605025924,3.251627860148018,2.793739598193786,-1.667265137789517,-2.4263700443618426,-3.0325054691445232,-1.374278067143831,-2.067425088973656,3.05464714248479,-1.8667544512315453,0.2509080747782618,-2.599641679640836,2.560344614575072,-2.655211499907633,1.9908258278986168,-3.645609236903564,-2.8432636131840465,2.739194394956028,-3.81266304184692,-1.0985722239869915,-2.0209050877687726,-3.9079730398334096,-0.9427018706693489,-0.0039841657779479,5.97969812191195,-2.116215237270077,-1.1046145377127607,-2.599641679640836,-2.546997973875428,-0.8778412429417334,0.5048232777516496,-2.2787341079443437,-2.381918301553846,-0.4739877708301363,-1.6462117330243071,4.091669982729174
CRR1090861,1,-2.042086309710422,-3.818576796319784,-2.324653181024511,5.378529136891603,3.333334231703173,-3.508422352863665,-2.81527583896972,-2.122128991742941,-1.1412999470645002,-4.137029845621608,-0.435730309777597,-3.0384192236173875,5.157097552317288,5.465654122141578,2.858046763826279,0.6462840466735837,0.3374595452175198,5.675983303890405,1.2347678093037584,0.9318718723250184,-3.651522991376428,2.165586634705176,-0.2200217489280557,5.716056249465254,-1.4457890933411437,7.980538267005468,-1.2677138550761895,0.6710787047744611,0.1871003437490777,5.204709026525594,4.836255695174117,-2.632954393286808,3.990741316846119,-2.057590491438696,3.3997315141401545,4.250906010509482,4.147850407289482,2.0589024926323303,5.036747771305206,6.9458945110326,2.530878193503662,-4.019247087742347,4.978887451012962,2.2345795058868774,5.04755422616313,-3.3261010182916606,-2.958376580046364,7.724754365727513,5.585577607265616,2.7021763935059195,-3.2207406137448285,4.403144682676769,-3.0809788018043305,-3.171950497194397,1.6575044999165316,-3.272033855500854,0.136155543864452,-2.345272459723849,-3.913886794306274,-2.527593933184508,3.072492806981823,1.4851784843854972,-3.913886794306274,5.874086891629897,2.3672558316606773,-3.913886794306274,-3.913886794306274,-0.6180518542258733,-1.953793728566903,-3.913886794306274,0.6399881183488982,-0.292218036407853,1.782869072128625,-0.0179951301556057,0.923186464527028,-2.8491773676569108,-3.0809788018043305,-2.089339179672635,-0.731676870820116,1.9179936888443456,-3.0384192236173875,2.8242637026613515,-1.912408523823916,-1.3261246087006369,0.8482851575874992,3.43469873791032,-2.4788037928245883,2.152219300439845,-0.6443197790749303,0.6357687028952075,-2.958376580046364,7.760754079048485,4.275133608485418,5.749105568709719,2.90503527315704,0.1771169000971277,3.3565632623266843,5.497823845320186,7.915013154135036,6.485142202127514,6.587297249450471,-2.026818842241637,-2.2652297841015816,0.8999202730289116,-4.137029845621608,-3.651522991376428,1.7036093190223565,-1.967978359534716,3.349861198712684,4.399178852124097,4.323484669133354,1.5963089393698766,4.039780985048265,-3.577415129112653,-1.153878727689082,4.836128936395942,-4.607031974872219,0.7476617440235167,-1.611303501310248,2.90656415845752,0.1185803996607318,5.376075736412213,-0.4204160757426757,-4.607031974872219,5.401532054302467,-2.9975972624304386,1.3508717990561816,7.241192472015279,-1.3038188545034546,0.353007561166467,1.459536054007006,2.963201072429259,-0.9181564207502876,5.725906612650342,2.4165448731860306,2.6076155984364107,-0.0637411500410245,-0.3758321717853879,-1.847025781666773,-0.11839956018826,-4.424711084742486,-0.588852701665239,4.193771025430292,4.7333848424114375,-3.913886794306274,-2.191121839420377,1.5566998016017244,-0.0939810339242852,-2.042086309710422,6.072256505338132,4.394704571731375,0.955182950831178,-1.4289819778496209,1.2254328524766342,-2.057590491438696,-1.1288774286091527,4.711369253102896,0.8063942166096341,4.7660692966966165,4.732260338656271,-1.1860358351869384,-2.920636280553524,-2.1055996952562097,4.487669053962073,-2.750737359498788,-3.577415129112653,2.787825843720922,-1.6731788922623807,-2.432283798834707,-3.0384192236173875,-1.380191821616695,-2.0733388434465194,4.59179845733039,-1.8726682057044095,0.2449943203053976,-2.6055554341137004,0.0218507768036877,5.518810821657519,-1.074810213836602,-2.690112774447037,-2.8491773676569108,-1.9260141721773631,-3.818576796319784,-1.1044859784598555,-2.026818842241637,-3.913886794306274,-0.948615625142213,-3.3261010182916606,6.874638216483638,-2.122128991742941,-1.110528292185625,-2.6055554341137004,-2.552911728348292,-0.8837549974145976,0.4989095232787854,-2.284647862417208,-2.38783205602671,-0.4799015253030005,6.739305840272842,4.08575622825631
CRR1090860,1,3.7974121521238433,-0.8013606600875635,-1.8367937838984851,0.2062797583573453,-2.7841744583748285,-3.020562955737639,-3.020562955737639,-1.6342695946169157,-0.2071534923100506,-3.649170448495583,0.0521290873484286,4.737284938171091,-2.091027804130257,-0.8013606600875635,-2.637571127723482,-1.2399778957210783,1.4150031283296156,-2.4705171829203385,-2.1176960369876747,-1.4111261099693522,-3.1636635942504023,-3.426027397180248,7.02819463874436,-1.494507695720004,1.8114758406000235,-3.531387690616321,-0.779854457950164,0.1902794178642921,6.019288230975805,-2.294626640526065,0.6309594131021592,-2.1450949961607826,-1.796788465291182,-1.5697310943126708,-3.1636635942504023,-3.089555731986627,-3.531387690616321,-3.330717399193758,7.851247149322795,-0.0181874065722608,-3.330717399193758,5.32576149591367,6.529917769425131,-3.531387690616321,0.0855161013542634,1.4567725405596377,-2.4705171829203385,-2.039734536058482,1.8541240089254163,-1.796788465291182,-2.732881216618803,-0.0050293228604381,-2.593119404678305,-2.684091100068372,0.0111784863156197,-2.7841744583748285,2.058767544611162,-1.857413062597823,3.163996890747818,-2.039734536058482,-2.637571127723482,-1.9674139093625604,-3.426027397180248,9.224277685710112,-3.782701483978205,-3.426027397180248,-3.426027397180248,-0.1301924570998477,-1.4659343314408773,-3.426027397180248,1.127847515474924,0.1956413607181724,2.2707284692546503,-2.4705171829203385,1.4110458616530537,-2.361317970530885,-2.593119404678305,-1.6014797825466092,-0.2438174736940904,-1.7212809413035253,-2.5505598264913623,-2.593119404678305,-2.2628779623727624,-0.8382652115746114,-1.1960147819652975,-1.8784664629304109,1.3910211640265715,1.894049470936037,-0.1564603819489048,-2.294626640526065,-2.4705171829203385,7.419977880000354,4.984157480997998,-0.7869719247058568,-3.426027397180248,-3.089555731986627,-3.1636635942504023,-1.3591663845407476,0.4979222186408626,0.3490277990482991,-0.3910763143171344,-2.8382416211656354,5.378115600410246,-1.6855628714606123,0.544262554109722,-3.1636635942504023,5.306662196048957,-1.48011896240869,-2.015041935663227,-2.1176960369876747,-1.0938853077679194,-1.1539033054833654,0.415571186871806,-3.089555731986627,-2.684091100068372,7.810029958053042,-4.119172577746193,-3.426027397180248,0.8616865854969191,-1.9909443956985624,0.6064397967867573,-1.8367937838984851,3.956965779088342,-4.119172577746193,-3.243706173719016,-2.509737865304413,-2.361317970530885,-0.7179790627427136,-0.6916617578885432,0.8408669582924926,3.756018718656872,0.1003311862614407,2.5822922719125776,-2.956024517933294,-3.782701483978205,-0.1952249223933933,-1.14364680742011,0.1120272253406376,-1.3591663845407476,0.3694598369377655,-3.936851687616461,-3.426027397180248,-2.8953999696461814,0.4799755761657826,-3.426027397180248,-1.7032624422943514,4.768199908194054,-3.531387690616321,-1.5542269125843964,1.505562704007569,5.640509886273799,4.459375084561373,1.0375772475295304,-3.782701483978205,-1.0101154403057866,-0.6410180314831273,-1.2399778957210783,-2.4327768834274983,4.432688535982059,4.338011800590488,5.879712059742989,-2.4327768834274983,-1.617740298130184,-3.020562955737639,-2.2628779623727624,-3.089555731986627,3.2756852408469475,-1.1853194951363553,-1.9444244017086811,-2.5505598264913623,-0.8923324244906696,-1.5854794463204942,-3.330717399193758,-1.384808808578384,0.7328537174314231,-2.1176960369876747,5.6482392155441605,-2.173265857254472,-0.5869508167105766,-3.1636635942504023,-2.361317970530885,-1.4381547750513377,-3.330717399193758,-0.6166265813338301,-1.5389594451156112,-0.2732932893445106,-0.4607562280161875,-2.8382416211656354,0.367210117304975,-1.6342695946169157,-0.6226688950595994,-2.1176960369876747,-2.065052331222266,-0.3958956002885721,0.986768920404811,-1.796788465291182,3.844979142493565,7.698108119585468,4.496449187188176,4.573615625382336
CRR1090874,0,4.506574180659554,2.1656931467103564,-2.0775400614890693,7.371112714423162,3.7632198339809295,-3.261309233328224,5.318293885127499,-1.8750158722074997,3.46747752493473,2.861182245777695,-0.1886171902421553,6.330338823636982,4.048258719710303,-1.0421069376781475,-2.878317405314066,-1.4807241733116625,3.924379434328165,8.719715050433294,-2.358442314578259,-1.6518723875599364,-3.4044098718409863,3.643774485102489,2.233121684293111,-1.735253973310588,3.254290620246532,-3.772133968206905,8.732929318709402,2.6195947936032584,-2.833865682268889,-2.535372918116649,-0.476299242117806,-2.3858412737513666,-2.0375347428817663,-1.810477371903255,1.712199604021751,5.830771656960966,-3.772133968206905,5.61247489879724,-3.4044098718409863,-0.2589336841628448,-3.571463676784342,-3.772133968206905,4.372768738220883,-0.1229219349016871,4.932587191859365,4.575664832126448,-2.7112634605109225,-2.280480813649066,-1.8422260601371927,-2.0375347428817663,-2.9736274942093868,-0.2457756004510222,-2.833865682268889,-2.924837377658956,-0.2295677912749641,0.6209403079063351,1.4021285400300154,2.4927424615619422,3.7891010138790615,3.899638855349666,7.619929009093408,-2.2081601869531444,-3.666773674770832,-2.30579860881285,-4.023447761568789,-3.666773674770832,-3.666773674770832,-0.3709387346904318,-1.7066806090314612,2.9775347587283805,0.8871012378843399,-0.0451049168724115,2.029982191664067,-2.7112634605109225,1.1702995840624697,-2.602064248121469,0.8892042880368904,-1.8422260601371927,-0.4845637512846746,7.409636641517454,-2.7913061040819462,-2.833865682268889,-2.5036242399633464,2.3763321102393262,4.752936983769809,-2.119212740520995,-1.6126516846630627,8.933330317913828,-0.3972066595394889,-2.535372918116649,5.272254537534868,7.150563637806242,5.158519673082686,-1.0277182022964408,-3.666773674770832,4.371155157983486,0.8263450297820006,-1.5999126621313315,6.799294688363098,5.968034729040588,-0.6318225919077183,-3.07898789875622,-2.01811666456614,3.4523744101118754,1.3740654743210998,2.6299652568764804,1.9485398258483595,-1.720865239999274,6.9522074620398975,-2.358442314578259,5.471209035230218,-1.3946495830739492,5.695134907800127,-3.330302009577211,5.252730997190699,7.754871869922776,-4.359918855336778,3.057537422153338,-1.3641903817748064,-2.2316906732891466,0.3656935191961734,-2.0775400614890693,4.325357733529814,-4.359918855336778,-2.7913061040819462,4.901946783571247,-2.602064248121469,-0.9587253403332976,2.2131985018955014,0.6001206807019086,4.098114635727452,-1.9263091490511963,4.029527870445511,1.893136437165896,2.9850545659580274,6.766369069327292,-1.384393085010694,-0.1287190522499463,-1.5999126621313315,2.0072346484218304,-4.1775979652070445,1.7945105285535206,-3.1361462472367654,0.2392292985751985,-3.666773674770832,1.9843090179143263,6.027261643708388,-3.772133968206905,-1.7949731901749806,1.264816426416985,-3.0249207359654124,-0.4241832451583184,-1.181868858314179,-4.023447761568789,2.721785734138142,0.4952275670797308,-1.4807241733116625,6.470265060459838,5.558867017412756,5.566421479545759,5.951147561419568,-2.6735231610180823,5.371731940365064,-3.261309233328224,-2.5036242399633464,-3.330302009577211,3.0349389632563635,-1.4260657727269392,6.9575714969424105,-2.7913061040819462,-1.1330787020812538,-1.8262257239110784,6.901619036164356,-1.625555086168968,0.4921074398408391,-2.358442314578259,7.271464525952873,-2.414012134845056,-0.8276970943011606,-3.4044098718409863,-2.602064248121469,-1.6789010526419217,-3.571463676784342,-0.8573728589244142,-1.7797057227061952,-3.666773674770832,-0.7015025056067714,-3.07898789875622,-2.833865682268889,-1.8750158722074997,1.3290843472770686,-2.358442314578259,-2.30579860881285,-0.636641877879156,0.7460226428142269,-2.0375347428817663,-2.1407189364912687,5.985040242967165,-1.40501236796173,4.332869347791752
CRR1090868,1,-2.2116617275357067,-3.988152214145068,2.1426771260604385,4.6879990357034105,3.64732550912514,6.904844297714899,2.612334707401121,-2.2917044095682257,-3.295005942674792,-4.306605263446893,3.7183361905974097,-3.2079946414426725,6.715176234027796,5.466998868380176,2.983343998413081,-1.8974127106723888,-2.397064888189028,-3.127951997871649,4.852149798818293,-2.0685609249206625,-3.8210984092017126,1.021268417481735,4.189923432034812,4.924049809540281,2.3087878568844387,7.227555572901244,-1.437289272901474,-4.188822505567631,-3.250554219629615,6.07255480565301,4.652832380494457,-2.802529811112093,5.675309658495048,-0.0725012226146254,-0.7729211257428359,-3.7469905469379374,4.293731009519247,-1.931701776311984,-3.8210984092017126,4.013535946382804,-3.988152214145068,-4.188822505567631,-1.2502507504262903,-4.188822505567631,3.516437748079941,2.162254885195158,1.906499213859668,7.399871770149085,5.18255681586235,-2.4542232802424926,-3.390316031570113,3.332914268266015,-3.250554219629615,-3.341525915019682,2.9563714089623274,-2.2917044095682257,-3.7469905469379374,-2.5148478775491334,-4.083462212131559,-2.6971693510097925,4.51972317282058,1.994178035806632,-4.083462212131559,4.793219954764106,-1.667550255257097,-4.083462212131559,-4.083462212131559,-0.787627272051158,-2.1233691463921875,-4.083462212131559,0.4704127005236135,-0.4617934542331378,1.6132936543033405,-3.127951997871649,0.7536110467017435,-3.0187527854821954,-3.250554219629615,-2.2589145974979195,-0.9012522886454007,2.5416628713567,0.2655225943059159,1.572527605683301,-2.9203127773240727,1.2843792263954463,-1.853449596916608,2.4017815271867278,-3.341525915019682,-1.3888368962243631,-0.8138951969002151,-2.9520614554773754,4.306804286167145,5.107469054525315,-1.8974127106723888,5.405022915466503,2.6386841214749923,1.3996715997235718,-3.8210984092017126,-2.0166011994920576,4.211035327252609,5.175418674496302,5.033597914484572,-0.4944050380492159,-2.4348052019268662,-2.342997686411923,-4.306605263446893,-3.8210984092017126,2.7297605852046307,-2.1375537773600004,4.668200130721786,2.842327431302928,2.200296748713686,-1.8113381204346757,3.989190347816285,-3.7469905469379374,-3.341525915019682,2.15836987643879,-4.776607392697503,0.5742984429530353,4.469327756912553,-2.648379210649873,-0.050995018164553,3.277148538534961,-0.5899914935679604,-4.776607392697503,-3.901140988670326,-3.167172680255723,-3.0187527854821954,-1.375413877694024,-0.0688845822752379,0.1834321433411822,-2.18135638722522,1.669743152199343,-1.0877318385755723,1.8551268506428369,-4.440136298929516,3.782951395860055,1.786397518865702,-0.5454075896106725,3.9768231981417914,4.332537539165811,-4.594286502567771,-4.083462212131559,2.20513756991567,4.051355202988216,-4.083462212131559,-2.3606972572456617,0.9663918079404912,-4.188822505567631,-0.6494769431282852,0.8481278890562587,3.344750140775303,5.294845210585255,-1.5985573956749055,-1.6324589416034612,-4.188822505567631,-1.2984528464344376,3.3427276548108056,1.0558574346513494,-1.7226100223323093,6.584155407120833,-1.355611253012223,-0.4779663126068485,2.7480577630114182,2.792800401825191,-2.9203127773240727,-3.7469905469379374,2.618250425895637,-0.079773981679239,-2.6018592166599914,5.999766576269272,-1.54976723944198,3.5406663745087705,-0.1674491455912382,-2.0422436235296946,0.075418902480113,0.2985624475443227,1.0016599463336742,-2.8307006722057824,-1.2443856316618869,2.374874074350028,-3.0187527854821954,-2.095589590002648,-3.988152214145068,3.967876721800768,-2.196394260066921,-4.083462212131559,1.6885997761696985,0.5893646410239362,6.681460764389748,-2.2917044095682257,-1.2801037100109096,-2.775130851938985,-2.7224871461735765,-1.0533304152398824,0.3293341054535006,-2.4542232802424926,-2.557407473851995,-0.6494769431282852,7.283142159284577,3.9161808104310247
CRR1090906,0,2.903573708786013,1.450416412625415,-1.9736463989084332,5.445831652180704,-2.9210270733847765,-3.1574155707475877,4.665348287410555,-1.7711222096268635,3.0845469269467216,-3.7860230635055303,-0.0847235276615194,-2.68741244150131,-2.227880419140205,-0.9382132750975116,-2.77442374273343,5.77045445067398,3.706874004880584,6.730781022301447,-2.2545486519976228,-1.5479787249793002,2.1448924903776483,-3.562880012190196,-3.226408346996575,7.08221902316351,-1.094782311225066,7.219730087121513,-0.916707072960112,1.1591819430649883,6.479723797428241,-2.431479255536013,-0.3724055795371702,-2.28194761117073,-1.9336410803011304,-1.7065837093226188,-3.3005162092603504,-3.226408346996575,-3.668240305626269,3.9088225100201193,-3.3005162092603504,-0.1550400215822089,-3.467570014203706,-3.668240305626269,-0.7296685504849282,-3.668240305626269,7.489286540606383,-2.9750942361755834,-2.6073697979302866,8.347141655770036,-1.7383323975565572,-1.9336410803011304,-2.869733831628751,5.916248090660802,-2.729972019688253,-2.82094371507832,-0.1256741286943282,4.562157085771616,2.859065409254213,4.3323305068409335,0.702610834319621,-2.1765871510684303,-2.77442374273343,-2.1042665243725085,-3.562880012190196,-2.201904946232214,-3.919554098988153,-3.562880012190196,-3.562880012190196,-0.2670450721097958,-1.602786946450825,-3.562880012190196,0.9909949004649756,0.0587887457082244,2.1338758542447027,-2.6073697979302866,1.2741932466431056,-2.498170585540833,-2.729972019688253,-1.7383323975565572,-0.3806700887040387,5.54704116155664,-2.68741244150131,-2.729972019688253,-2.3997305773827105,-0.9751178265845596,-1.3328673969752456,-2.015319077940359,-2.82094371507832,8.655996289820798,-0.2933129969588528,-2.431479255536013,6.038134650558031,7.005769826322814,5.609424142677806,-0.923824539715805,-3.562880012190196,6.0383781965894014,-3.3005162092603504,6.087621147151487,5.54593491780497,7.654597989739291,-0.5279289293270826,-2.9750942361755834,-1.914223001985504,-1.8224154864705604,-0.4361213885085067,-3.3005162092603504,0.5247735954401542,-1.6169715774186382,-2.151894550673175,4.36983901601137,6.835320074760631,-1.2907559204933132,1.923573304760239,-3.226408346996575,4.78451880388485,5.340525508015918,-0.2895179262783529,3.9089362950801343,-1.2602967191941703,-2.1277970107085107,0.4695871817768091,-1.9736463989084332,-0.0694092936265983,-4.256025192756141,-3.380558788728964,-2.646590480314361,-2.498170585540833,-0.8548316777526617,-3.668240305626269,0.7040143432825444,-1.6607741872838575,-1.8224154864705604,3.67662007184316,-3.092877132943242,-3.919554098988153,-0.3320775374033413,-1.280499422430058,-0.0248253896693103,-1.4960189995506954,0.2326072219278174,-4.073704302626409,2.1415669136733904,-3.032252584656129,0.3431229611558345,-3.562880012190196,-1.8401150573042997,6.865683120842537,-3.668240305626269,0.6683217618208687,1.368710088997621,-2.9210270733847765,-2.6073697979302866,-1.077975195733543,-3.919554098988153,3.004633946414052,-0.7778706464930754,-1.3768305107310264,-2.5696294984374464,3.619774006400284,8.897091491712564,-0.8350290530708607,-2.5696294984374464,1.5060222026106516,-3.1574155707475877,-2.3997305773827105,-3.226408346996575,3.1388326258369994,-1.322172110146303,5.076741179135297,-2.68741244150131,-1.0291850395006177,-1.722332061330442,5.57198021882771,-1.521661423588332,0.5960011024214752,-2.2545486519976228,5.306684886376164,-2.31011847226442,-0.7238034317205246,-3.3005162092603504,-2.498170585540833,-1.5750073900612855,-3.467570014203706,-0.7534791963437781,-1.6758120601255593,-3.562880012190196,-0.5976088430261355,-2.9750942361755834,-2.729972019688253,-1.7711222096268635,-0.7595215100695474,-2.2545486519976228,-2.201904946232214,-0.5327482152985201,0.849916305394863,-1.9336410803011304,4.120429584515499,4.126672145863613,-1.301118705381094,4.4367630103723865
CRR1090941,0,4.359211369896836,3.0077581598062317,-1.856946139995546,6.201613229590396,-2.804326814471889,-3.0407153118347,-3.0407153118347,-1.6544219507139764,3.544258894166717,-3.6693228045926434,0.0319767312513679,-2.570712182588423,-2.1111801602273177,-0.8215130161846241,-2.657723483820543,-1.260130251818139,0.1754890046211117,-2.490669539017399,-2.1378483930847354,-1.431278466066413,-3.183815950347463,-3.446179753277309,-3.109708088083688,-1.5146600518170648,-0.9780820523121786,6.712397529069615,-0.8000068140472247,-2.858393977262696,-2.613271760775365,-2.314778996623126,-0.2557053206242827,-2.1652473522578437,-1.816940821388243,4.167340738610335,-3.183815950347463,-3.109708088083688,-3.551540046713382,6.932856514997825,1.419813066403001,-0.0383397626693215,-3.3508697552908187,-3.551540046713382,7.404893627531507,4.650757513168264,7.713690771829938,4.176090732981822,-2.490669539017399,-2.0598868921555438,-1.6216321386436698,-1.816940821388243,-2.7530335727158635,-0.0251816789574988,-2.613271760775365,-2.7042434561654325,-0.0089738697814409,6.336527030987449,-3.109708088083688,-1.877565418694884,3.8185484260541385,-2.0598868921555438,-2.657723483820543,-1.987566265459621,4.58780098205642,10.074055054908566,-3.8028538400752656,-3.446179753277309,-3.446179753277309,-0.1503448131969084,-1.486086687537938,-3.446179753277309,1.1076951593778632,0.1754890046211117,2.2505761131575897,-2.490669539017399,1.390893505555993,-2.3814703266279458,-2.613271760775365,-1.6216321386436698,-0.2639698297911512,4.704286158925895,-2.570712182588423,-2.613271760775365,-2.283030318469823,-0.8584175676716722,-1.2161671380623582,-1.8986188190274715,-2.7042434561654325,-0.7515544373701134,-0.1766127380459656,-2.314778996623126,-2.490669539017399,-0.6307729140921274,5.613684505578516,-0.8071242808029176,-3.446179753277309,-3.109708088083688,1.0058372765286308,-1.3793187406378082,0.4777698625438019,0.3288754429512382,-0.4112286704141952,-2.858393977262696,-1.7975227430726166,-1.7057152275576732,0.8686361584430901,-3.183815950347463,7.280006471119988,-1.5002713185057508,-2.035194291760288,-2.1378483930847354,7.706376244518465,-1.1740556615804258,0.3954188307747452,-3.109708088083688,6.164557582342868,-2.9761768740303545,4.065998777298746,3.2207750416984267,-1.1435964602812831,-2.0110967517956237,0.5862874406896966,-1.856946139995546,0.047290965286289,-4.139324933843255,-3.2638585298160763,6.524104264892773,-2.3814703266279458,-0.7381314188397743,-3.551540046713382,0.8207146021954319,-1.5440739283709703,-1.7057152275576732,-0.4504493797213228,-2.9761768740303545,-3.8028538400752656,-0.215377278490454,-1.163799163517171,0.091874869243577,-1.3793187406378082,0.3493074808407047,3.053003605654514,-3.446179753277309,3.7788629443675066,0.4598232200687219,-3.446179753277309,-1.723414798391412,4.303743978520762,-3.551540046713382,-1.5743792686814573,1.4854103479105083,-2.804326814471889,-2.490669539017399,-0.961274936820656,-3.8028538400752656,-3.551540046713382,-0.661170387580188,7.353891659101393,-2.452929239524559,4.032553073422509,7.282739222611629,-0.7183287941579735,-1.2269780518290334,4.135639819473245,-3.0407153118347,-2.283030318469823,-3.109708088083688,3.255532884749887,-1.205471851233416,-1.964576757805742,-2.570712182588423,-0.9124847805877304,-1.6056318024175549,-3.3508697552908187,-1.4049611646754447,0.7127013613343626,-2.1378483930847354,8.820813822523498,-2.1934182133515328,-0.6071031728076374,-3.183815950347463,-2.3814703266279458,-1.4583071311483984,-3.3508697552908187,-0.6367789374308909,-1.559111801212672,-3.446179753277309,-0.4809085841132482,-2.858393977262696,8.929020820870814,-1.6544219507139764,-0.64282125115666,-2.1378483930847354,-2.085204687319327,-0.4160479563856327,0.9666165643077502,-1.816940821388243,4.7872682652290255,-0.0121944842740357,-1.1844184464682068,4.553463269285275
CRR1090899,0,2.0182427007259034,1.0794429923339028,-1.9203622187697449,6.1504924402727,-2.867742893246088,-3.1041313906088988,2.8799714721183047,-1.717838029488175,3.8204141189917618,-3.732738883366842,-0.0314393475228308,2.667100697454013,-2.174596239001517,-0.884929094958823,-2.721139562594741,-1.3235463305923378,2.331043831137844,7.58502649436071,-2.2012644718589343,-1.4946945448406117,-3.247232029121662,-3.5095958320515077,5.3253797759260575,-1.5780761305912636,5.885211788944398,7.601744978356661,-0.8634228928214235,-3.6149561254875806,-1.983541093771944,-2.3781950753973247,-0.3191213993984816,3.731911708919253,-1.8803569001624416,-1.6532995291839303,-3.247232029121662,-3.1731241668578867,-3.6149561254875806,2.3990284421813004,-3.247232029121662,-0.1017558414435203,3.4777077275377013,-3.6149561254875806,0.7445954595235795,-0.1084003837206877,6.022623120103325,3.582809620727653,-2.554085617791598,8.390095023109062,-1.6850482174178687,-1.8803569001624416,-2.8164496514900623,5.089912402224336,-2.6766878395495644,-2.767659534939632,-0.0723899485556396,-2.867742893246088,-3.1731241668578867,-1.9409814974690824,-1.6225278799868708,-2.1233029709297417,6.159723138308504,-2.05098234423382,-3.5095958320515077,9.108944664334963,-3.866269918849465,-3.5095958320515077,-3.5095958320515077,-0.2137608919711071,-1.5495027663121368,-3.5095958320515077,1.0442790806036644,0.1120729258469129,2.1871600343833912,-2.554085617791598,1.327477426781794,-2.4448864054021446,-2.6766878395495644,-1.6850482174178687,-0.32738590856535,4.630134448251593,-2.6341282613626213,-2.6766878395495644,-2.346446397244022,-0.921833646445871,-1.279583216836557,5.966853622603583,-2.767659534939632,-0.8149705161443123,-0.2400288168201643,-2.3781950753973247,5.655473170688402,9.05375127647753,6.126049490379092,-0.8705403595771164,-3.5095958320515077,-3.1731241668578867,-3.247232029121662,6.582416982084896,6.637862822689261,8.757484302412132,-0.4746447491883939,-2.921810056036895,-1.8609388218468157,1.2795592066905344,-3.732738883366842,-3.247232029121662,6.452969620516799,-1.5636873972799497,-2.0986103705344865,-2.2012644718589343,4.743838125687947,-1.2374717403546247,0.3320027520005465,3.86590854237789,3.477523004160774,6.092243941152661,-4.2027410126174525,-0.3068513078103808,-1.2070125390554818,-2.074512830569822,0.5228713619154978,5.798195876256817,-0.0161251134879097,-4.2027410126174525,-3.327274608590275,1.331434693458356,-2.4448864054021446,-0.801547497613973,3.3227871420644197,0.757298523421233,5.083704185989722,-1.769131306331872,-0.5138654584955216,3.029120698330698,2.7797466161986537,2.7010022489912093,-1.2272152422913696,0.028458790469378,-1.4427348194120069,0.285891402066506,-1.2478345252424057,-3.5095958320515077,-2.978968404517441,6.928562721742172,-3.5095958320515077,-1.786830877165611,4.97853723217851,0.8078903081534691,-1.637795347455656,1.4219942691363094,6.347426846181035,0.479386251551803,-1.0246910155948543,-3.866269918849465,2.615523104245601,-0.7245864663543868,6.068921063387221,4.402385794105242,2.133018214456378,4.142852890322909,3.8955330241904647,3.0587609416023698,5.771704139050319,-3.1041313906088988,-2.346446397244022,7.084919661325537,3.192116805975688,-1.2688879300076148,7.431087492155303,-2.6341282613626213,-0.9759008593619292,-1.6690478811917535,-3.414285834065017,-1.4683772434496436,0.6492852825601637,-2.2012644718589343,5.318544639049957,-2.256834292125732,-0.670519251581836,-3.247232029121662,-2.4448864054021446,-1.521723209922597,-3.414285834065017,-0.7001950162050896,-1.6225278799868708,-3.5095958320515077,-0.5443246628874469,-2.921810056036895,8.31720216824928,-1.717838029488175,-0.0130902099769686,-2.2012644718589343,-2.1486207660935257,-0.4794640351598316,0.9032004855335516,-1.8803569001624416,-1.983541093771944,5.0578320961738426,-1.2478345252424057,4.490047190511076
CRR1090857,1,0.8869537080155472,-3.382106018880416,-1.888182403585143,7.239445647178782,4.974233484167706,-3.071951575424297,-3.071951575424297,-1.6856582143035732,-2.68895974741014,5.745700367667952,0.0007404676617709,5.45919578368396,7.372086046175685,-0.8527492797742211,-0.4917359781543203,-1.2913665154077358,-2.889630240852293,-2.5219058026069963,-2.1690846566743325,-1.46251472965601,-3.21505221393706,-3.477416016866905,1.0637468604692342,-1.5458963154066618,-1.0093183159017758,7.173406561609116,-0.8312430776368216,-3.582776310302979,-2.6445080243649626,-2.346015260212723,8.424573490239203,-2.1964836158474403,8.540442556814401,-1.6211197139993283,-3.21505221393706,-3.140944351673285,-3.582776310302979,4.210854089730422,-3.21505221393706,-0.0695760262589185,-3.382106018880416,-3.582776310302979,6.417079243933992,-3.582776310302979,0.0341274816676055,8.364737811274809,5.964034076233394,-2.0911231557451404,-1.652868402233267,-1.84817708497784,-2.7842698363054605,-0.0564179425470958,-2.6445080243649626,-2.7354797197550296,-0.0402101333710378,4.028953959930085,-3.140944351673285,2.3100926794532155,-3.477416016866905,-2.0911231557451404,4.650754119449314,-2.018802529049218,7.9510992254439055,-2.116440950908924,-3.834090103664863,-3.477416016866905,-3.477416016866905,-0.1815810767865054,-1.517322951127535,-3.477416016866905,1.076458895788266,0.1442527410315147,2.219339849567993,-2.5219058026069963,1.359657241966396,-0.5870461478576362,-2.6445080243649626,-1.652868402233267,-0.2952060933807482,-1.7726695609901832,-2.60194844617802,6.235562569754265,-2.31426658205942,-0.8896538312612693,4.028844039622319,-1.9298550826170688,2.591933073525494,-0.7827907009597105,-0.2078490016355625,-2.346015260212723,-2.5219058026069963,6.452370610187996,2.1566570525144377,-0.8383605443925146,-3.477416016866905,5.368532009862759,-0.1523819242258711,-1.410555004227405,0.4465335989542048,6.4069071035084,-0.4424649340037922,-2.889630240852293,-1.8287590066622137,-1.73695149114727,-3.700559068182241,2.505005790636336,8.885012870043079,-1.531507582095348,5.003650464247412,2.557584837044539,4.813025128144816,-1.205291925170023,5.593292404254854,-3.140944351673285,3.709331707684535,6.421700003253717,-4.170561197432851,-3.477416016866905,-1.17483272387088,-2.0423330153852204,0.5550511771000995,-1.888182403585143,0.0160547016966918,-4.170561197432851,-3.2950947934056734,6.060209682299592,-2.412706590217543,-0.7693676824293713,-3.582776310302979,0.7894783386058347,5.904368319965013,-1.73695149114727,-0.4816856433109199,6.406376902427475,-3.834090103664863,-0.2466135420800509,-1.1950354271067678,0.0606386056539799,-1.410555004227405,0.3180712172511079,-3.988240307303119,1.0312412907687731,-2.946788589332839,0.428586956479125,4.038906467290136,-1.7546510619810092,6.059805909906428,-3.582776310302979,-1.605615532271054,1.4541740843209112,-2.835563078061486,-2.5219058026069963,-0.9925112004102528,-3.834090103664863,-3.582776310302979,-0.692406651169785,-1.2913665154077358,3.937757093952482,0.7061577095729418,7.183003392350967,4.487919201921938,-2.484165503114156,4.712936387452988,-3.071951575424297,-2.31426658205942,-3.140944351673285,3.2242966211602897,-1.236708114823013,5.9536309444703255,-2.60194844617802,-0.9437210441773272,-1.6368680660071515,-3.382106018880416,-1.4361974282650418,0.6814650977447655,-2.1690846566743325,5.694077571495631,-2.2246544769411294,-0.6383394363972342,-3.21505221393706,-2.412706590217543,-1.4895433947379952,-3.382106018880416,-0.6680152010204878,-1.590348064802269,-3.477416016866905,-0.5121448477028452,-2.889630240852293,-2.6445080243649626,-1.6856582143035732,-0.6740575147462571,-2.1690846566743325,-2.116440950908924,-0.4472842199752297,0.9353803007181531,-1.84817708497784,-1.9513612785873424,4.302885071879238,-1.2156547100578037,4.522227005695678
CRR1090909,1,3.553078663133838,-3.653970983984988,-2.1600473686897157,-0.1169738264338845,4.567848218064462,-3.343816540528869,4.629429446470669,-1.9575231794081451,1.011180105547936,6.339986799072631,-0.2711244974428011,3.543190333337319,7.202926089656333,-1.1246142448787932,2.5163983904375504,-1.5632314805123082,1.7769664605863489,5.578271375073397,0.7811636793744006,-1.7343796947605823,4.93880000561546,3.0901934584006923,4.087007756093515,-1.817761280511234,-1.2811832810063477,8.81148835600721,3.599175841834009,0.0529252020943175,-2.9163729894695347,-2.617880225317295,-0.558806549318452,5.857737354968107,8.75351893640122,-1.8929846791039004,-3.486917179041632,-3.412809316777857,-3.854641275407551,5.419568506707218,-3.486917179041632,-0.3414409913634907,-3.653970983984988,-3.854641275407551,4.111673383677921,2.1856112189411148,4.818261060253839,7.397892196752129,-2.7937707677115684,7.797875779662311,-1.924733367337839,-2.120042050082412,-3.0561348014100327,-0.328282907651668,-2.9163729894695347,-3.0073446848596017,5.244045004871207,-3.1074280431660584,-3.412809316777857,4.0238906993548085,1.041536567516538,-2.362988120849712,3.382575389420034,-2.2906674941537903,-3.749280981971478,-2.388305916013496,2.296669755157422,-3.749280981971478,2.2760997881752174,-0.4534460418910776,-1.7891879162321072,-3.749280981971478,0.8045939306836939,-0.1276122240730574,1.9474748844634209,-2.7937707677115684,1.087792276861824,1.636129100595395,-2.9163729894695347,-1.924733367337839,-0.5670710584853204,6.751699512881952,-2.873813411282592,-2.9163729894695347,-2.5861315471639923,-1.161518796365841,3.841468127526432,5.861643950797747,-3.0073446848596017,-1.0546556660642827,-0.4797139667401347,-2.617880225317295,5.177579799918343,6.363752113695291,3.99268491871964,-1.1102255094970868,-3.749280981971478,6.757137067259752,6.400056327891897,6.775683876488953,0.1746686338496328,7.485173836317303,-0.7143298991083642,-3.1614952059568653,-2.100623971766786,0.1667320845688422,-0.554699767703112,3.915532804254344,5.277014352554823,-1.80337254719992,5.344815666143796,3.383693689718513,6.53849370884333,-1.477156890274595,5.838369906832417,-3.412809316777857,4.308284543012552,6.012237699236279,1.0645260853637073,2.518297005012446,-1.446697688975452,-2.3141979804897925,0.2831862119955274,-2.1600473686897157,-0.2558102634078801,-4.442426162537423,6.604547437516641,-1.1246142448787932,-2.684571555322115,-1.0412326475339435,-3.854641275407551,0.5176133735012627,5.268346046055203,1.9122876508315163,-0.7535506084154919,6.166380146595573,-4.105955068769435,5.279847215638447,-1.46690039221134,-0.2112263594505921,-1.6824199693319772,0.0462062521465357,0.4096001326401934,0.2616800075454549,-3.2186535544374117,0.1567219913745527,1.5389840588260673,-2.0265160270855813,6.7436953382715705,-3.854641275407551,-1.8774804973756265,1.182309119216339,-3.1074280431660584,2.460111553420735,-1.264376165514825,2.535597173166606,1.350583458049842,-0.9642716162743572,-1.5632314805123082,-2.756030468218728,3.1516490736782266,6.933896352572636,5.826297547689424,-2.756030468218728,-1.9409938829214135,-3.343816540528869,-2.5861315471639923,-3.412809316777857,2.9524316560557176,-1.5085730799275852,6.384331680054447,-2.873813411282592,-1.2155860092818993,-1.908733031111724,-3.653970983984988,-1.708062393369614,0.4096001326401934,-2.4409496217789046,6.03913036283338,-2.496519442045701,-0.9102044015018064,-3.486917179041632,-2.684571555322115,-1.7614083598425676,-3.653970983984988,-0.93988016612506,-1.862213029906841,-3.749280981971478,-0.7840098128074173,-3.1614952059568653,-2.9163729894695347,-1.9575231794081451,-0.9459224798508292,-2.4409496217789046,-2.388305916013496,-0.7191491850798019,0.6635153356135811,-2.120042050082412,-2.2232262436919146,3.752682730816577,-1.4875196751623758,4.250362040591106
CRR1090947,1,1.5543397749440602,-3.613038426339029,-2.1191148110437568,4.98952965554409,2.603747299004376,-3.30288398288291,1.9793026751778653,-1.916590621762187,-2.9198921548687533,-3.931491475640854,-0.2301919397968428,-2.8328808536366337,-2.3733488312755284,-1.083681687232835,2.8231101267639858,-1.5222989228663495,2.270535345640893,4.379228399366216,4.714136405393544,1.0278480416148352,-3.4459846213956737,3.174087048725609,-3.3718767591318985,5.241923042493259,-1.2402507233603894,7.372508223814009,7.602449064579448,-1.4465871175164176,3.5385877013975056,-2.576947667671337,-0.5178739916724935,-2.427416023306054,5.566559718489457,-1.8520521214579424,-3.4459846213956737,4.908362257487643,-3.813708717761593,4.469109218730962,-3.4459846213956737,-0.3005084337175322,-0.948340357708328,-3.813708717761593,4.554105344703379,1.8058844565050047,5.261191461354185,4.794987221207857,-2.75283821006561,7.513449713685471,4.226807531685802,-2.0791094924364537,-3.015202243764074,-0.2873503500057096,-2.875440431823576,-2.9664121272136432,7.089398996605503,-3.0664954855201,-3.3718767591318985,0.1460435106408705,2.266476486715323,-2.322055563203754,6.201149020618476,0.5821090442221314,5.95585149176283,8.479031635373305,-4.065022511123477,-3.70834842432552,-3.70834842432552,-0.4125134842451192,-1.7482553585861489,-3.70834842432552,0.8455264883296524,-0.086679666427099,1.9884074421093791,-2.75283821006561,1.1287248345077825,-2.6436389976761565,-2.875440431823576,-0.4199484621798457,-0.5261385008393619,6.46707084377244,-2.8328808536366337,-2.875440431823576,-2.545198989518034,-1.1205862387198828,-0.7851887360774881,3.6434494460171294,-2.9664121272136432,7.347110072834606,-0.4387814090941762,1.9385089099902235,-2.75283821006561,7.160499889328503,3.8225586644705287,-1.0692929518511285,3.30951407913012,4.694643303216077,2.167703276884807,3.983671629498955,6.0987033174814265,6.381542003652193,7.441528412027024,3.9406753113533073,-1.3665444258685189,-1.967883898605884,-3.931491475640854,-3.4459846213956737,5.341304630412926,-1.7624399895539615,3.362713473969299,4.409856625678388,5.159893927442739,-0.743077255161459,3.419664252397585,-3.3718767591318985,2.3577576704206,5.305293566596776,0.5543294808868096,3.044153571723229,-1.405765131329494,-2.273265422843834,0.3241187696414858,6.170639496714688,-0.2148777057619217,-4.401493604891464,-3.526027200864287,4.682780553882813,4.99969450522055,4.518490466619817,2.304875619458343,0.5585459311472211,5.148367483297052,1.7305980806523595,-0.7126180507695336,-3.238345545078565,-4.065022511123477,3.9804713341722806,-1.4259678345653817,-0.1702938018046337,-1.6414874116860187,0.087138809792494,1.4191786331066314,-3.70834842432552,-3.177720996791453,0.1976545490205112,0.9588551713810166,-1.9855834694396228,3.611514506809953,1.768949606114161,-1.836547939729668,1.2232416768622976,7.464470615636453,-2.75283821006561,-1.2234436078688666,-4.065022511123477,2.2302406384488758,-0.9233390586283988,4.885433369624938,3.786079791820393,-1.3474962345262704,8.688644188228041,0.9588551713810166,-2.7150979105727697,3.3001547595670786,-3.30288398288291,-2.545198989518034,-3.3718767591318985,2.993364213701676,-1.467640522281627,3.838940266824988,1.894506139117352,-1.174653451635941,-1.8678004734657656,-3.613038426339029,-1.6671298357236557,0.4505326902861518,-2.400017064132946,3.858995252723846,7.424435515521859,-0.869271843855848,-3.4459846213956737,-2.6436389976761565,-1.7204758021966091,-3.613038426339029,-0.8989476084791015,-1.8212804722608824,-3.70834842432552,-0.743077255161459,-3.120562648310907,-2.875440431823576,0.3893219612138465,-0.9049899222048708,-2.400017064132946,-2.3473733583675376,-0.6782166274338435,0.7044478932595396,-2.0791094924364537,-2.182293686045956,3.954211416545493,7.04289202704183,4.291294598237063
CRR1090886,1,2.43384596451848,2.3319149308733844,-2.0485795159186906,5.783984801476886,5.515256234798945,-3.232348687757845,-3.232348687757845,4.575349782705233,-0.4765683324211299,-3.860956180515788,-0.1596566446717766,5.895999079472293,7.688580737601715,-1.0131463921077688,1.1446640885104666,-1.4517636277412835,1.5495706878154856,2.0430398476353253,-2.32948176900788,0.9792836474177572,3.5569219786221216,3.723941422822077,-3.3013414640068324,-1.706293427740209,-1.1697154282353233,7.989272602142812,6.26940544702641,1.9926795568615163,-0.7039581529795769,-2.506412372546271,-0.4473386965474274,-2.356880728180988,6.990822020071539,-1.7815168263328762,-3.375449326270608,1.9174673448732555,7.1621032463158905,2.768734772696103,-3.375449326270608,-0.2299731385924661,1.2510291229041206,-3.0500273531858406,7.325938816122933,-3.7431734226365263,4.9678650170401095,-3.0500273531858406,-2.682302914940544,7.995416408132542,3.661171099216471,-2.0085741973113875,-2.944666948639008,6.167486111538165,-2.80490513669851,-2.895876832088577,-0.2006072457045855,-2.9959601903950337,-3.3013414640068324,3.410745028112022,1.8063326942041649,-2.251520268078688,6.775521570565592,3.179139787647288,-3.637813129200453,-2.2768380632424714,-0.0002289168404902,-3.637813129200453,-3.637813129200453,-0.341978189120053,-1.6777200634610825,-3.637813129200453,0.9160617834547186,-0.0161443713020329,2.058942737234445,-2.682302914940544,1.1992601296328484,-2.5731037025510903,-2.80490513669851,-1.8132655145668144,-0.4556032057142958,3.764514434183285,-2.7623455585115675,-2.80490513669851,-2.474663694392968,-1.0500509435948169,1.376812199447552,-2.090252194950616,-2.895876832088577,-0.943187813293258,-0.3682461139691101,-2.506412372546271,-2.682302914940544,-0.8224062900152722,5.374854487680262,-0.998757656726062,-3.637813129200453,4.021922117007383,4.447363619492226,-1.5709521165609528,0.2861364866206573,2.9795878514498204,6.665494975526693,2.76011402968078,0.2123325150647956,0.5396443704089998,0.0102423824785596,3.34114391065256,7.190768276146531,-1.6919046944288954,4.290446743168996,-2.32948176900788,4.903250827019904,-1.3656890375035706,6.050038107137224,-3.3013414640068324,4.541272492994808,4.222369929045317,-4.330958309766398,-0.3644510432886101,-1.3352298362044277,-2.202730127718768,0.394654064766552,5.641827399950931,-0.1443424106368555,-4.330958309766398,-3.455491905739221,4.797907669653672,-2.5731037025510903,-0.929764794762919,-3.7431734226365263,0.6290812262722872,-1.735707304294115,-1.8973486034808176,-0.6420827556444674,-3.167810249953499,-3.99448721599841,2.9549553975443703,-1.3554325394403153,-0.0997585066795676,-1.5709521165609528,0.1576741049175601,2.1679220740012104,-3.637813129200453,3.3564847530180586,0.2681898441455773,-3.637813129200453,-1.9150481743145569,6.864997815943399,0.0902850861456858,-1.7660126446046018,1.2937769719873635,-2.9959601903950337,-2.682302914940544,-1.1529083127438005,-3.99448721599841,-0.2366176808696336,-0.8528037635033325,5.928870132394525,4.636184853607996,4.078823829716935,7.07239379482458,3.055260679360532,-2.6445626154477035,-1.8295260301503893,-3.232348687757845,-2.474663694392968,-3.3013414640068324,3.0638995088267422,-1.3971052271565605,8.653022288268849,-2.7623455585115675,-1.1041181565108749,-1.7972651783406994,6.726439779293574,-1.5965945405985895,0.5210679854112179,-2.32948176900788,1.4534780802153795,-2.3850515892746773,-0.7987365487307818,-3.375449326270608,-2.5731037025510903,-1.649940507071543,-3.542503131213963,-0.8284123133540354,-1.7507451771358165,-3.637813129200453,-0.6725419600363928,-3.0500273531858406,7.157703249031535,-1.846055326637121,-0.8344546270798047,-2.32948176900788,-2.2768380632424714,-0.6076813323087773,0.7749831883846057,-2.0085741973113875,-2.11175839092089,-0.2038278601971803,6.356390256349876,4.361829893362129
CRR1090893,0,4.518231011628371,2.338347177311309,-1.934911380908232,0.1081621613475986,-2.8822920553845752,6.772834294742547,4.7344827012008,-1.7323871916266622,3.3818066648511205,4.732304616017872,-0.0459885096613181,-2.648677423501109,-2.189145401140004,-0.8994782570973102,-0.8569186487171606,-1.3380954927308248,3.051207750331605,-2.5686347799300853,-2.215813633997421,-1.5092437069790992,-3.261781191260149,2.267646363895925,2.681622159602505,4.763431755286967,3.809921226720968,9.437407050353332,-0.8779720549599106,-1.9555306596075697,5.599894474419848,-2.392744237535812,-0.3336705615369688,-2.2432125931705293,-1.8949060623009288,-1.6678486913224175,2.8045038238437363,-3.187673328996374,-3.629505287626068,5.459543687395568,-3.261781191260149,-0.1163050035820075,7.103937955229777,3.532717709104933,-0.690933532484727,-0.5086119952986132,-0.0126014956554833,-2.936359218175382,-2.5686347799300853,-2.137852133068229,-1.699597379556356,-1.8949060623009288,-2.830998813628549,-0.1031469198701848,-2.691237001688052,-2.7822086970781186,-0.0869391106941268,-2.8822920553845752,-3.187673328996374,4.624587815327375,2.795181418606905,-2.137852133068229,-2.7356887247332287,-2.065531506372307,2.192222602556956,8.846022984513722,-3.880819080987952,-3.524144994189995,-3.524144994189995,-0.2283100541095945,-1.564051928450624,-3.524144994189995,1.029729918465177,0.0975237637084257,2.172610872244904,-2.5686347799300853,1.312928264643307,1.733348388256453,-2.691237001688052,-0.2136039078012723,-0.3419350707038373,-1.819398538313272,-2.648677423501109,-2.691237001688052,-2.360995559382509,-0.9363828085843582,-1.2941323789750443,-1.9765840599401576,-2.7822086970781186,8.00835950492062,-0.2545779789586516,-2.392744237535812,-2.5686347799300853,-0.7087381550048135,5.659644042760032,-0.8850895217156036,-3.524144994189995,-3.187673328996374,-3.261781191260149,-1.457283981550494,0.3998046216311159,6.547850505889997,-0.4891939113268813,-2.936359218175382,-1.8754879839853027,3.4624194670668604,0.7243482764327921,-3.261781191260149,-2.300370974330758,-1.5782365594184369,-2.1131595326729737,4.215038054024946,-1.192002904777666,5.967485075368916,0.3174535898620592,-3.187673328996374,6.702966345912169,8.638537868009635,-4.21729017475594,0.8752283033905238,-1.221561701193969,-2.0890619927083094,0.5083221997770105,-1.934911380908232,-0.0306742756263969,-4.21729017475594,-3.3418237707287624,3.7894733142564334,-2.459435567540632,-0.8160966597524604,-3.629505287626068,0.7427493612827459,-1.6220391692836564,-1.783680468470359,-0.5284146206340088,-3.054142114943041,2.8535998450092706,-0.29334251940314,-1.2417644044298568,0.0139096283308909,-1.457283981550494,0.2713422399280188,-4.034969284626207,-3.524144994189995,-2.993517566655928,0.3818579791560358,-3.524144994189995,-1.8013800393040982,8.275494576853676,-3.629505287626068,1.4608285668075736,1.4074451069978222,-2.8822920553845752,4.262903027811722,-1.0392401777333418,-3.880819080987952,-3.629505287626068,2.132543879922476,-1.3380954927308248,-2.530894480437245,4.223277118880562,7.434206441717922,6.312484687668982,2.286395023031352,-1.7158578951399308,-3.1186805527473864,-2.360995559382509,-3.187673328996374,3.1775676438372007,-1.283437092146102,-2.0425419987184283,-2.648677423501109,-0.9904500215004164,-1.683597043330241,-3.4288349962035047,-1.4829264055881308,0.6347361204216765,-2.215813633997421,5.355798636005305,-2.271383454264219,-0.6850684137203232,-3.261781191260149,-2.459435567540632,-1.5362723720610845,-3.4288349962035047,-0.7147441783435768,-1.637077042125358,-3.524144994189995,-0.5588738250259342,-2.936359218175382,-2.691237001688052,-1.7323871916266622,-0.7207864920693461,-2.215813633997421,-2.163169928232013,-0.4940131972983187,0.8886513233950643,-1.8949060623009288,2.704758412878239,7.512041825603069,-1.262383687380893,4.475498028372588
CRR1090877,1,1.4756178866617595,-0.1907073507195215,-2.0919003138054646,4.586004896973219,4.33537997227677,-3.2756694856446185,4.2218691283091285,-1.8893761245238947,1.4499455319072263,-3.904276978402562,4.72637631837397,2.102073687359931,7.075617356946207,3.856826733747943,-2.892677657630461,-1.4950844256280575,0.3004131783049611,7.443004540057538,-2.372802566894654,-0.3138400281332385,-3.4187701241573816,1.3915347704618088,2.3237383118660717,-1.7496142256269835,1.8069750193667635,7.996805547099547,-1.034960987857143,-3.7864942205233,2.374710883640255,-2.549733170433045,-0.4906594944342012,-1.7070546232854786,-2.051894995198161,-1.8248376242196505,4.040124030007192,4.203515882633878,8.587913395548233,-3.585823929100737,-3.4187701241573816,-0.2732939364792401,3.0014738004170365,-3.7864942205233,5.129234212563108,-3.7864942205233,4.422660786501343,4.854800507540718,-0.572074878938523,7.43320867889277,2.836239884161869,-2.051894995198161,-2.987987746525782,4.23055459435598,-2.848225934585284,-2.939197629975351,7.029090849537814,-3.039280988281808,-3.3446622618936064,-2.1125195925048024,-0.1200897876629957,-2.294841065965461,5.410578554357174,1.7767460176592969,5.474389166328911,3.875710147304976,-4.037808013885185,-3.6811339270872274,-3.6811339270872274,-0.3852989870068269,-1.7210408613478565,-3.6811339270872274,0.8727409855679447,-0.0594651691888068,2.0156219393476715,-2.7256237128273177,1.1559393317460744,-2.6164245004378643,-2.848225934585284,-1.8565863124535884,-0.4989240036010697,5.567597893070292,-2.805666356398341,3.145409298640564,2.886941987135737,-1.0933717414815909,2.180789254359289,5.454782577538828,1.1971101941859827,9.40775587515992,-0.411566911855884,0.8935750720367118,2.825245864679749,6.9704130369355655,3.765682518240729,-1.042078454612836,-3.6811339270872274,0.6120595212044424,2.092794313688096,7.973785504724702,5.109650554643946,6.462273628082597,6.389500321107536,2.4083623648272114,-2.032476916882535,-1.940669401367592,-3.904276978402562,0.7033876127248967,5.049974383037681,-1.7352254923156694,3.4195510894519563,-2.372802566894654,4.528281322720255,-1.4090098353903444,3.13625691400566,-3.3446622618936064,1.2872875321099246,4.012710279010838,-4.374279107653172,-3.6811339270872274,6.47562080869728,3.4140942755897585,0.351333266879778,2.431217941728868,1.5648349696280075,-4.374279107653172,-3.498812703625995,-1.3987533373270893,-2.6164245004378643,4.201858007349596,0.1255266071295357,0.5857604283855133,-1.779028102180889,1.820938285133436,-0.6854035535312414,1.7206401568481715,-4.037808013885185,3.744221961133819,-1.3987533373270893,-0.1430793045663416,-1.6142729144477266,0.1143533070307863,0.333443702769093,-3.6811339270872274,1.345372729290678,0.2248690462588034,-3.6811339270872274,-1.9583689722013309,4.082140452291236,-3.7864942205233,-1.809333442491376,1.2504561741005895,5.783179774431974,-2.7256237128273177,-1.1962291106305742,-3.3446622618936064,-3.7864942205233,-0.8961245613901065,3.561518925388621,4.477494826481573,2.858739007005355,8.575348424357045,-0.953282967967892,-2.6878834133344776,3.691987253993925,-3.2756694856446185,-2.5179844922797416,-3.3446622618936064,3.020578710939968,-1.4404260250433345,-2.199530931615661,-2.805666356398341,-1.1474389543976489,4.992753273827978,-3.585823929100737,-1.6399153384853633,0.4777471875244439,2.813222876486354,3.913748461137328,5.096820247739712,2.465621508709612,-3.4187701241573816,-2.6164245004378643,-1.6932613049583167,-3.585823929100737,-0.8717331112408094,-1.7940659750225905,-3.6811339270872274,-0.7158627579231667,-3.093348151072614,7.014320993354354,-1.8893761245238947,-0.8777754249665786,-2.372802566894654,-2.3201588611292454,-0.6510021301955513,0.7316623904978317,-2.051894995198161,-2.155079188807664,-0.2471486580839542,5.8675035832818585,4.318509095475356
CRR1090967,0,4.318597890878428,3.309593486954876,-1.9831980322268907,6.955199287544752,-2.930578706703234,-3.1669672040660446,-3.1669672040660446,-1.7806738429453208,4.627470137254504,-3.795574696823988,-0.0942751609799767,-2.696964074819768,-2.2374320524586624,7.812285651223623,-2.783975376051888,-1.3863821440494837,2.867236166579519,-2.616921431248744,-2.26410028531608,-1.5575303582977578,-3.310067842578808,-3.5724316455086536,6.215721615956324,-1.6409119440484097,-1.1043339445435234,5.970514362417712,5.744857976418421,1.4288245002359552,-2.73952365300671,-2.441030888854471,-0.3819572128556275,-2.291499244489188,-1.943192713619588,-1.716135342641076,-3.310067842578808,-3.2359599803150325,-3.677791938944727,4.331014868874686,-3.310067842578808,-0.1645916549006661,3.651007903795438,-3.677791938944727,5.231230886020671,-3.677791938944727,4.89224445321985,8.461970101662278,-2.616921431248744,7.792240040217735,-1.7478840308750143,-1.943192713619588,-2.879285464947208,-0.1514335711888435,-2.73952365300671,-2.830495348396777,5.181663980789457,-2.930578706703234,-3.2359599803150325,-2.0038173109262285,1.2117192127322856,-2.186138784386888,7.012963178213181,-2.113818157690966,5.75191375325806,4.935032390554912,-3.9291057323066094,-3.5724316455086536,-3.5724316455086536,-0.2765967054282531,-1.6123385797692826,-3.5724316455086536,0.9814432671465184,0.049237112389767,2.1243242209262454,-2.616921431248744,1.2646416133246483,-2.5077222188592905,-2.73952365300671,-0.3860809296993882,-0.390221722022496,6.380786484226312,-2.696964074819768,5.596146792429826,-2.409282210701168,-0.9846694599030168,-1.342419030293703,6.961639278189269,-2.830495348396777,-0.8778063296014582,-0.3028646302773101,-2.441030888854471,-2.616921431248744,9.056346598333192,7.455554840755885,-0.9333761730342622,-3.5724316455086536,-3.2359599803150325,-3.310067842578808,5.256558455761596,7.126383057062295,6.312676064347469,6.90084065217135,-2.9846458694940408,-1.923774635303961,1.004337086535871,-3.795574696823988,2.456808270749995,5.068639513357685,-1.6265232107370955,-2.1614461839916324,3.4906145195938474,-1.2402895560963247,2.248242586552245,2.7124465096294306,-3.2359599803150325,1.337275744748904,6.940759694308973,2.41150264021832,2.5421331031561785,-1.2698483525126276,-2.137348644026968,0.4600355484583518,5.003292570472497,-0.0789609269450556,-4.265576826074598,-3.390110422047421,4.068266284870479,-2.5077222188592905,-0.864383311071119,0.779133807455715,0.6944627099640872,-1.670325820602315,-1.8319671197890175,-0.5767012719526676,-3.102428766261699,2.904846365439128,-0.3416291707217986,-1.2900510557485154,-0.0343770229877677,-1.505570632869153,0.2230555886093602,-4.083255935944867,-3.5724316455086536,-3.0418042179745868,0.3335713278373772,-3.5724316455086536,-1.8496666906227568,3.73878474024898,-3.677791938944727,2.63454542978168,1.3591584556791636,6.6360133622797095,-2.616921431248744,-1.0875268290520006,-3.9291057323066094,2.9697500919116706,0.6558589183797044,-1.3863821440494837,2.999009386855188,5.036463230484747,8.061030166888703,3.2070336154477133,2.321969194267839,-1.7641445464585894,-3.1669672040660446,-2.409282210701168,5.00536534439592,3.129280992518542,-1.3317237434647606,-2.0908286500370865,-2.696964074819768,-1.0387366728190752,-1.7318836946488996,-3.477121647522164,-1.5312130569067894,0.5864494691030178,-2.26410028531608,6.158246942722969,-2.319670105582877,-0.7333550650389818,-3.310067842578808,-2.5077222188592905,-1.5845590233797429,-3.477121647522164,-0.7630308296622355,-1.6853636934440166,-3.5724316455086536,-0.6071604763445928,-2.9846458694940408,-2.73952365300671,-1.7806738429453208,0.1214333998695644,-2.26410028531608,-2.2114565795506715,-0.5422998486169774,0.8403646720764055,-1.943192713619588,7.686404407182427,5.503163171129682,6.896504070476033,4.42721137705393
CRR1090928,1,2.645715417369828,-3.9420831886910976,-2.448159573395825,3.7631774688140633,4.377809575425855,-3.6319287452349793,2.305078286264387,4.103211856765782,-3.248936917220822,-3.3442470061161425,-0.5592367021489112,-3.161925615988702,6.254641875260063,5.738395348803964,-3.248936917220822,1.6087581822061234,-3.449607410662975,5.108747939468648,5.6374210647747045,-2.0224918994666923,-3.775029383747742,2.4067360732045024,-3.700921521483967,5.338324021533752,-1.5692954857124577,4.75524553982778,5.269018710228338,-4.142753480113661,-3.2044851941756445,6.308615594056209,6.542637491873702,-2.7564607856581222,7.702688161402414,1.835848734672425,-3.775029383747742,-0.842811972409222,5.038453331809738,-3.9420831886910976,-3.775029383747742,-0.6295531960696007,2.048014977826583,-4.142753480113661,1.467936357386856,-4.142753480113661,3.4189438228306765,6.281982939518263,0.4099509375381395,5.13058033473148,-2.212845572043949,3.957776608888096,-3.3442470061161425,2.837423594127254,-3.2044851941756445,-3.2954568895657115,-0.60018730318172,-3.395540247872168,0.9571107390409196,-2.468778852095163,0.5757431888029497,-2.6511003255558223,-0.2087537467082331,2.323907294351639,-4.037393186677588,4.679893989961229,1.934376732186097,-4.037393186677588,-4.037393186677588,-0.7415582465971875,-1.3841530812233125,-4.037393186677588,0.516481725977584,-0.4157244287791674,1.6593626797573109,-3.081882972417678,0.7996800721557139,-2.9726837600282248,-3.2044851941756445,-2.212845572043949,-0.8551832631914303,4.979044852698821,-3.161925615988702,0.5269530256255811,4.557351463325866,2.172401358768674,3.486950151223903,4.102278748866349,3.761209932519365,6.739099743260105,4.247664162092822,-2.905992430023405,3.824023678016159,4.856479477029466,1.68488187716128,5.7325838302319365,-4.037393186677588,4.770166465916933,-3.775029383747742,-1.9705321740380872,4.117162475182686,5.288378796731114,4.74259294599204,-3.449607410662975,-2.388736176472896,-2.296928660957952,-1.6037816558365572,-3.775029383747742,0.8285996330027219,4.054966574753252,4.567992015842799,3.060484462817237,4.911580421425928,-1.765269094980705,5.287005745757345,-3.700921521483967,-3.2954568895657115,4.385751027200294,-4.730538367243533,-0.9554851251374296,4.445703331383694,-1.072122017513527,-0.0049259927105825,4.125406167386611,3.189540833271189,-4.730538367243533,6.052156909016351,3.475113123196317,-2.9726837600282248,6.040415352627231,-4.142753480113661,0.2295011687951526,-1.442140330465002,5.535683708668586,-1.041662813121602,6.60145097527764,-1.1924856865771176,4.229899716631178,3.931132048683855,-0.4993385641567021,-1.9705321740380872,-0.2419059525595742,-0.1334043126221263,-4.037393186677588,-1.0121040137926784,-0.1313902133315571,1.225295012591992,-2.314628231791691,3.4383974629569227,-4.142753480113661,-2.165592702081736,4.701404375517998,3.463244852033561,-3.081882972417678,-1.5524883702209349,0.0195936236048192,-4.142753480113661,-1.252383820980467,2.5548270944409714,1.3580488996775817,0.5677750193125031,8.202741630649898,-1.3095422275582524,-3.044142672924838,-2.229106087627524,4.181607579642495,1.0427661825070889,-3.700921521483967,2.664319451349608,3.267120761129557,-2.555790191206021,-3.161925615988702,1.344343797211153,4.0936059725646174,4.621228120505774,0.9226483353298528,3.741067513396049,-2.729061826485015,7.448664606340606,6.858358468108815,3.616479158581007,3.3762133756519632,-2.9726837600282248,-2.0495205645486774,-3.9420831886910976,-1.22799237083117,0.7144693957344639,-4.037393186677588,-1.072122017513527,3.590927869415438,4.290282634889889,-2.245635384114256,-1.2340346845569392,-2.729061826485015,-2.676418120719606,-1.0072613897859115,0.3754031309074712,-2.408154254788522,2.9352110665005795,-0.6034079176743148,5.281404893675536,3.9622498358849954
CRR1090867,1,-1.5873303678847277,0.9228938071953016,-1.869897239198817,5.6221916311356335,-2.81727791367516,-3.0536664110379705,5.537122812919485,-1.6673730499172468,-2.670674583023813,4.429876589978045,0.0190256320480972,5.085597682319881,6.592024423871389,7.234224698587619,-2.670674583023813,-1.2730813510214096,-2.8713450764659667,3.885973724765533,-2.150799492288006,-1.4442295652696835,-3.1967670495507337,-3.4591308524805795,3.1399209895510127,-1.5276111510203354,-0.9910331515154492,7.2844034922233565,6.9695683184773625,-1.043218895606118,-2.626222859978636,-2.3277300958263965,-0.2686564198275533,-2.178198451461114,1.313245269413892,-1.602834549613002,-3.1967670495507337,-3.1226591872869585,-3.5644911459166524,5.072121022980407,-3.1967670495507337,-0.0512908618725921,3.2540663344708034,1.8421800330193452,4.9224696850893945,-3.5644911459166524,6.014525175650467,-2.8713450764659667,-2.50362063822067,8.599081110373998,-1.6345832378469405,-1.8298919205915136,-2.765984671919134,-0.0381327781607694,-2.626222859978636,-2.717194555368703,7.848380918482144,-2.81727791367516,-1.4576525819982218,-1.8905165178981544,-3.4591308524805795,-2.072837991358814,5.683442465576929,-2.000517364662892,-3.4591308524805795,6.199719345720293,-3.815804939278536,-3.4591308524805795,-3.4591308524805795,-0.163295912400179,-1.4990377867412086,-3.4591308524805795,1.0947440601745926,0.1625379054178412,2.2376250139543195,-2.50362063822067,1.3779424063527224,-2.3944214258312164,-2.626222859978636,-1.6345832378469405,-0.2769209289944218,6.434728516763883,9.906294657366765,5.436578963335116,-2.2959814176730937,-0.8713686668749429,-1.2291182372656289,-1.9115699182307424,-2.717194555368703,7.780297428576703,-0.1895638372492361,-2.3277300958263965,4.669098303518688,-0.6437240132953981,4.316646857807781,-0.8200753800061882,-3.4591308524805795,-3.1226591872869585,-3.1967670495507337,7.685143405244101,0.4648187633405313,7.513737265699275,0.2689673628655599,-2.8713450764659667,-1.8104738422758877,-1.7186663267609434,-1.043218895606118,-3.1967670495507337,-2.2353568326213424,-1.5132224177090212,-2.0481453909635583,3.0790069741834465,-1.126988763068251,-1.1870067607836967,3.87637074415613,-3.1226591872869585,-2.717194555368703,7.139918957182978,-4.152276033046524,-2.765984671919134,-1.1565475594845536,-2.024047850998894,0.573336341486426,4.1385644771177645,0.0343398660830183,-4.152276033046524,-3.276809629019347,6.51093800429426,-2.3944214258312164,-0.7510825180430449,-3.5644911459166524,0.8077635029921613,-1.557025027574241,-1.7186663267609434,3.5125357541233826,-2.989127973233625,-3.815804939278536,-0.2283283776937245,-1.1767502627204414,0.0789237700403063,-1.3922698398410789,0.3363563816374342,-3.969955142916792,-3.4591308524805795,-2.9285034249465127,0.4468721208654513,-3.4591308524805795,-1.7363658975946827,5.251222919239226,-3.5644911459166524,-1.5873303678847277,1.4724592487072377,5.593734660907149,-2.50362063822067,-0.281078938797304,-3.815804939278536,-3.5644911459166524,-0.6741214867834586,-1.2730813510214096,-2.4658803387278296,2.946426132740314,7.879655868568509,4.5467012402325455,-2.4658803387278296,5.541078905507655,-3.0536664110379705,-2.2959814176730937,4.452704232058196,3.242581785546616,-1.2184229504366864,7.138271584369545,-2.583663281791693,-0.925435879791001,-1.6185829016208255,3.2858681775556264,-1.4179122638787154,0.6997502621310919,-2.150799492288006,2.388461329983373,-2.2063693125548034,-0.6200542720109078,-3.1967670495507337,-2.3944214258312164,-1.471258230351669,-3.3638208544940893,-0.6497300366341614,-1.5720629004159423,-3.4591308524805795,-0.4938596833165187,-2.8713450764659667,6.652644478352306,-1.6673730499172468,-0.6557723503599306,-2.150799492288006,-2.098155786522597,-0.4289990555889033,0.9536654651044796,-1.8298919205915136,-1.933076114201016,3.5954895040399277,4.482305007130475,4.540512170082004
CRR1090940,1,2.4725608722992902,-3.7442248530441153,-2.2503012377488427,4.391146913984311,5.41321145738885,-3.434070409587997,4.104316811942072,-2.047777048467273,2.4250036199469704,-4.06267790234594,4.686140250432563,-2.96406728034172,7.341618106874685,6.054829227158877,-1.2745873397209266,-1.6534853495714357,-1.3546300345739524,-2.884024636770696,4.065609770001917,-1.824633563819709,-3.57717104810076,1.2443489171988165,-3.5030631858369845,1.7110944519034283,2.162867641063309,6.716140461762971,6.2673485839849885,-3.9448951444666784,1.909218995643813,4.792483902174979,-0.6490604183775794,-2.55860245001114,-2.21029591914154,1.0819028788404386,-3.57717104810076,4.0451149586905,6.681161316031472,-3.7442248530441153,-3.57717104810076,5.139123638863224,-0.0599029879841056,-3.9448951444666784,2.3794615996773563,-3.9448951444666784,4.4619848044084005,-3.2517490750159928,-2.884024636770696,4.388479819003115,5.037370661017938,-2.21029591914154,-3.14638867046916,5.066395683073568,-3.006626858528662,-3.097598553918729,3.7899530663372074,-3.197681912225186,-3.5030631858369845,-2.2709205164481805,1.3969051224396414,-2.45324198990884,-3.0510785815738397,2.291689642802361,1.904107163458876,6.214919180729442,-4.196208937828562,-3.8395348510306055,-3.8395348510306055,-0.543699910950205,-1.8794417852912344,-3.8395348510306055,0.7143400616245665,-0.217866093132185,1.8572210154042932,-2.884024636770696,0.9975384078026964,-2.7748254243812425,-3.006626858528662,-2.0149872363969665,-0.6573249275444478,4.845168781866184,-2.96406728034172,-1.2745873397209266,-2.67638541622312,-1.2517726654249688,0.5171720013020115,1.892509095381336,-3.097598553918729,-1.1449095351234102,-0.5699678357992621,2.552715217985392,3.2279534877794296,5.769539371772007,6.36730187004771,5.91341846731922,1.361167697677789,3.9866668311797615,-0.2841887323963363,6.366755349303286,5.248387268725781,5.916100134344678,4.379412017103168,-3.2517490750159928,-2.1908778408259133,-2.099070325310969,-4.06267790234594,-3.57717104810076,4.057833968989315,-1.8936264162590477,5.838579671328239,-2.531203490838032,3.875229865554903,-1.5674107593337228,4.404008657425555,-3.5030631858369845,-3.097598553918729,4.302817426403131,-4.53268003159655,-0.2956831111614604,4.463769810831492,5.637067862678541,3.743507091230182,5.008742670733955,-0.3460641324670075,-4.53268003159655,5.484453583357427,2.991553345177407,-2.7748254243812425,6.007972767203823,-3.9448951444666784,0.4273595044421351,-1.937429026124267,-2.099070325310969,-0.8438044774746195,3.5437069886729997,1.7830355754327103,5.304877371045039,-1.5571542612704674,-0.3014802285097196,-1.7726738383911047,-0.0440476169125917,-4.350359141466818,-3.8395348510306055,1.2154342696428038,3.4881122740280497,1.8768327457163452,-2.116769896144709,1.446707944406619,-3.9448951444666784,-1.967734366434754,1.0920552501572116,4.826179788776155,1.4637680669807187,-1.3546300345739524,-0.3552245013062522,-3.9448951444666784,-1.054525485333485,3.998648724170174,-2.846284337277856,1.5217553240704909,6.182462360631123,-1.11168389191127,-2.846284337277856,4.284673010374081,6.257508890309866,-0.2394885559764776,-3.5030631858369845,2.86217778699659,-1.5988269489867126,-2.3579318555590385,-2.96406728034172,-1.3058398783410268,1.4262573341444496,5.612336937530462,-1.7983162624287414,4.434310082266107,-2.531203490838032,1.972801036162802,-2.586773311104829,0.7206359899492519,-3.57717104810076,-2.7748254243812425,-1.8516622289016949,-3.7442248530441153,-1.0301340351841874,-1.9524668989659688,-3.8395348510306055,-0.8742636818665448,-3.2517490750159928,6.095517195820837,-2.047777048467273,-1.0361763489099567,-2.531203490838032,-2.4785597850726235,-0.8094030541389294,0.5732614665544535,-2.21029591914154,-2.313480112751042,-0.4055495820273324,2.834771986169315,4.160108171531978
CRR1090919,1,-1.946713512300969,0.3771810897080492,3.826211943144412,5.851840797920285,4.413339040146174,7.592035599078282,2.2804567624187926,-2.026756194333488,-3.030057727440054,-4.041657048212155,4.12540863084183,-2.9430464262079346,8.22463881606868,8.283276660119979,1.071833146364527,0.3711387754346349,2.16441222423374,7.641373603683737,4.704659266596579,3.012574199311192,-3.556150193966974,1.3324607933419923,2.133687841460067,4.74368880073316,-1.35041629593169,7.614701537712693,6.222653074653127,-0.6488303321837814,-2.985606004394877,6.399899077056268,-0.6280395642437943,-2.537581595877355,-2.1892750650077546,-1.962217694029243,-3.556150193966974,-3.4820423317031994,-3.923874290332893,-3.7232039989103294,-3.556150193966974,3.1187980862706084,0.4774079659736054,-3.923874290332893,3.735294856161629,-3.923874290332893,4.485632478379597,2.713527135040556,-2.863003782636911,3.7495533065854,-1.9939663822631812,5.306527890677085,-3.125367816335375,6.209293168225583,-2.985606004394877,-3.076577699784944,6.67774023417849,-3.1766610580914008,-3.4820423317031994,-2.2498996623143954,-3.818513996896821,-2.4322211357750545,4.601593443308721,-2.3599005090791327,4.32946686765106,6.200128925117879,-4.175188083694778,-3.818513996896821,-3.818513996896821,-0.5226790568164201,-1.8584209311574496,-3.818513996896821,0.7353609157583516,-0.1968452389983998,1.8782418695380785,-2.863003782636911,1.0185592619364814,-2.7538045702474574,-2.985606004394877,-1.9939663822631812,-0.6363040734106628,3.938535145992625,-2.9430464262079346,0.8335377940760904,3.1964780345535377,-1.2307518112911835,1.1691918062002953,4.191378677195902,1.0778301657469904,7.564407838523907,-0.5489469816654771,-2.687113240242638,0.9936683747377594,4.072889553033631,4.832158586245916,-1.1794585244224292,1.6989369076020155,2.515473862097328,-3.556150193966974,-1.75165298425732,5.216041395365425,6.0493132895356405,5.301658938580481,-0.2631678782625512,-2.169856986692128,1.1159579506243602,-4.041657048212155,-0.1756804289262713,4.816993421694825,-1.8726055621252624,4.509065126899512,4.748419286796821,2.8479317626912604,2.189313909218265,0.0230845871552338,-3.4820423317031994,-3.076577699784944,4.147446156814542,-4.511659177462765,-0.1098338664650976,-1.5159307039007948,0.2791563886425456,0.2139531970701849,5.861552966632698,-0.3250432783332225,-4.511659177462765,6.175981594075972,3.889804860312682,-2.7538045702474574,4.711830312161102,-3.230728220882208,0.4483803585759202,-1.916408171990482,-2.0780494711771844,-0.8227836233408344,1.0193519690601525,0.9871430662092864,1.811261071629636,-1.5361334071366823,-0.2804593743759346,-1.75165298425732,-0.0230267627788067,-4.329338287333033,-3.818513996896821,3.530714829004688,4.691773418607394,-3.818513996896821,-2.095749042010924,-1.5361334071366823,-3.923874290332893,-1.946713512300969,1.113076104290997,2.0485184774974985,2.300021637179984,-1.3336091804401673,-2.2498996623143954,0.1667575074476387,-1.0335046311996996,0.4299792737259667,-2.8252634831440706,2.440682988680801,5.933776503756004,-1.0906630377774849,-2.8252634831440706,4.039738186064305,5.260165514117475,-2.6553645620893347,-3.4820423317031994,2.883198641130375,-1.5778060948529276,-2.336911001425253,-2.9430464262079346,-1.284819024207242,-1.9779660460370665,-3.7232039989103294,-1.7772954082949564,0.3403671177148509,0.2791563886425456,5.181868483317451,3.006509636660817,2.9201103214478907,-3.556150193966974,-2.7538045702474574,-1.83064137476791,-3.7232039989103294,-1.0091131810504024,-1.9314460448321835,-3.818513996896821,2.673420764930882,-3.230728220882208,7.228413796259081,-2.026756194333488,-1.0151554947761716,-2.510182636704247,-2.4575389309388385,-0.7883822000051444,0.5942823206882387,-2.1892750650077546,-2.292459258617257,-0.3845287278935473,6.49451500274107,4.181129025665763
CRR1090936,1,-1.2957711306120587,-3.765408643935247,-2.2714850286399746,5.293007049841515,4.673644268398009,7.680615393530068,-3.4552542004791285,-2.0689608393584047,-3.072262372464971,-4.083861693237072,-0.3825621573930605,-2.9852510712328515,7.466766413939005,-1.2360519048290526,0.6188863437687447,-1.6746691404625675,0.5337285374440589,6.114119662154745,5.027677421195511,1.439594737271012,-3.598354838991892,3.788400390845744,-3.5242469767281164,4.682101309520193,0.2031647471819151,6.663133698990537,5.382203080146053,-3.9660789353578094,3.1365096453188244,-2.7293178852675544,-0.6702442092687114,-2.579786240902272,5.853928163114955,-2.00442233905416,-3.598354838991892,6.382270263118008,4.566766636849548,4.813134359851874,1.666324662191859,-0.4528786513137501,3.09334554183514,-2.174321317979207,3.104926117365682,-0.3168669020525922,5.025024679857818,2.69378240324855,-2.905208427661828,5.140157166044703,-2.0361710272880984,-2.2314797100326715,-3.167572461360292,-0.4397205676019274,-3.027810649419794,-3.118782344809861,5.847080440031807,2.683766580530066,1.02962850133961,3.4051285751525606,-3.8607186419217374,-2.4744257807999714,5.1925447789459565,3.176482706006446,-3.8607186419217374,5.741607762452584,-4.217392728719695,-3.8607186419217374,-3.8607186419217374,-0.5648837018413368,-1.9006255761823665,-3.8607186419217374,0.6931562707334347,-0.2390498840233168,1.836037224513161,4.066459408555094,0.9763546169115644,-2.7960092152723743,-3.027810649419794,-2.0361710272880984,-0.6785087184355797,4.979888494188861,-2.9852510712328515,3.9794349114568384,-2.697569207114252,-0.5798093509441169,-0.0674811274365142,3.5365957667494565,2.739421931842088,5.068979472658506,-0.591151626690394,3.569630717613264,4.236523047796116,4.979714797636351,4.937039368764822,5.190905319132326,3.09334554183514,3.266491402124524,1.885482555010192,-1.7938576292822368,5.478294347795476,6.4921978662200965,5.139565143530702,-3.2729328659071246,0.5287780324067404,-2.120254116202102,-4.083861693237072,1.8943884662349264,5.347497479875769,-1.9148102071501796,2.8619091553424494,2.220127470895404,5.989302840852558,-1.5885945502248544,6.537304603359864,-3.5242469767281164,0.9547104857590052,1.654319716191116,-4.553863822487682,-3.8607186419217374,-1.5581353489257117,5.275262496285781,0.1717485520452681,5.296450994127301,-0.3672479233581395,-4.553863822487682,6.526907638574603,5.466887077390681,3.767991519234185,6.688077971813893,-3.9660789353578094,0.4061757135510033,-1.958612817015399,6.782654537107868,-0.8649882683657513,3.96827310945654,-4.217392728719695,4.004927859558469,-1.5783380521615993,-0.3226640194008516,3.7710989212266224,-0.0652314078037236,-4.37154293235795,-3.8607186419217374,1.4603362213729596,0.0452843314242934,-3.8607186419217374,-2.1379536870358407,2.928025852732957,-3.9660789353578094,-1.9889181573258856,1.0708714592660795,-3.2188657031163177,1.9249489983511536,-1.3758138254650842,-4.217392728719695,-3.9660789353578094,-1.0757092762246163,2.744577281734824,3.3233018082161023,1.3142985195960226,6.53544893020719,-1.1328676828024018,-2.867468128168988,3.3570162184758683,-3.4552542004791285,-2.697569207114252,-3.5242469767281164,2.840993996105458,-1.6200107398778445,-2.3791156464501704,2.5012724468673597,-1.3270236692321589,2.784370330186687,-3.765408643935247,-1.8195000533198733,0.2981624726899339,-2.552387281729164,4.301053959443182,-2.6079571019959613,-1.0216420614520658,-3.598354838991892,-2.7960092152723743,-1.872846019792827,4.199693094779189,-1.051317826075319,-1.9736506898571005,-3.8607186419217374,-0.8954474727576767,-3.2729328659071246,-3.027810649419794,-2.0689608393584047,-1.0573601398010886,-2.552387281729164,-2.4997435759637554,-0.8305868450300613,0.5520776756633218,-2.2314797100326715,-2.334663903642174,-0.4267333729184643,6.10117731825714,4.138924380640846
CRR1090950,1,-1.940487711830678,0.1156061975299844,-2.223054583144767,4.351764647630722,6.457276937554814,-3.406823754983921,3.739632081946034,-2.020530393863197,2.799750841096734,-4.035431247741864,5.645800482268172,-2.9368206257376435,5.279829544389321,4.59356911917661,4.483707545394541,-1.6262386949673595,-3.2245024204119166,5.0452249550522845,-2.5039568362339564,3.674659384162221,-3.549924393496684,2.3361781037666214,0.1077010183353321,4.401633399739925,-1.3441904954613997,6.4413611485051305,-1.1661152571964457,-3.9176484898626023,4.019882702436895,4.17876066779078,-0.6218137637735036,-2.531355795407064,-2.183049264537464,-1.9559918935589524,-0.1284232338828828,4.087679281177407,4.566927456506555,-3.71697819844004,-3.549924393496684,-0.4044482058185425,2.6494904342352563,-3.9176484898626023,4.815907553392592,-3.9176484898626023,4.816873616046768,-3.2245024204119166,0.3083717065824762,5.395807663199322,-0.7121978174562099,-2.183049264537464,-3.1191420158650844,2.624500995419822,-2.9793802039245865,-3.070351899314653,5.087686134748955,-3.17043525762111,1.4860271801235068,-2.2436738618441043,-3.81228819642653,-2.425995335304764,3.097263466495393,0.528914469770763,-3.81228819642653,1.739117805569644,-4.168962283224487,-3.81228819642653,-3.81228819642653,-0.5164532563461293,-1.852195130687159,-3.81228819642653,0.7415867162286423,-0.1906194385281092,1.884467670008369,-2.85677798216662,1.024785062406772,-2.7475787697771668,-2.9793802039245865,-1.9877405817928908,-0.630078272940372,5.313885651736456,-2.9368206257376435,-2.9793802039245865,-2.649138761619044,-1.224526010820893,-1.5822755812115792,4.621043011214875,-3.070351899314653,7.044483249550684,-0.5427211811951864,-2.680887439772347,3.81310973569374,5.466848361608625,3.1433024138783447,-1.1732327239521383,2.4205506741864515,-0.6681378315453727,2.3275943601120703,3.648315178729445,6.186834755192038,5.9454661330927765,5.547280197517682,-3.2245024204119166,-2.1636311862218376,0.0957248277667192,-4.035431247741864,-1.5930864949782544,5.036075498805249,-1.8663797616549715,4.6023828864444205,4.88338385273434,4.750105780204858,-1.5401641047296468,0.0293103876255243,-3.475816531232909,-3.070351899314653,-3.3422853171795754,-0.5934142915563322,3.939443153680129,-1.509704903430504,6.502657789686218,0.2201789975404757,4.187187021192239,-0.3188174778629318,-4.505433376992475,-3.629966972965297,2.482606736917864,5.775280404782185,4.535631909615764,-3.9176484898626023,0.4546061590462109,-1.9101823715201915,-2.0718236707068938,-0.8165578228705437,-3.3422853171795754,1.7218895017443852,4.936205174324684,2.818657009295531,-0.2742335739056439,-1.7454271837870292,-0.016800962308516,1.6970981483006131,-3.81228819642653,1.6666806781640098,6.584074871958033,2.9301186323292177,-2.089523241540633,3.3395086995464656,-3.9176484898626023,-1.940487711830678,4.789207378411398,2.493620064055416,1.0795615766967737,-1.3273833799698769,-4.168962283224487,-0.9558198752615245,-1.0272788307294087,3.6615740310822895,1.4441629764523365,0.7520580158766393,7.112212001091166,-1.0844372373071942,-2.81903768267378,3.618061163108472,-3.406823754983921,-2.649138761619044,-2.7826700649579124,2.889424441600666,-1.571580294382637,-2.330685200954963,-2.9368206257376435,-1.2785932237369513,0.4013178162101871,-3.71697819844004,-1.7710696078246655,4.696830500304063,0.939574385985522,3.83128853835621,7.598323434288046,-0.973211615956858,-3.549924393496684,-2.7475787697771668,-1.8244155742976191,-3.71697819844004,-1.0028873805801115,1.7075694480835633,-3.81228819642653,-0.8470170272624691,-3.2245024204119166,5.356269388411619,-2.020530393863197,-1.008929694305881,-2.5039568362339564,-2.451313130468548,-0.7821563995348537,0.6005081211585294,-2.183049264537464,-2.2862334581469663,-0.3783029274232567,6.841660160422811,4.187354826136054
CRR1090946,1,-0.6722560801828468,-3.8427035693012823,4.290214732312978,4.303107867534026,4.406441975835521,-3.532549125845164,4.023633536262251,-2.14625576472444,-3.1495572978310067,-4.161156618603108,5.105207081875107,-3.062545996598887,6.572870627522299,7.351858842117382,1.835292976237944,2.6539324782614666,-3.35022779127316,5.303823471943579,5.728508375462021,2.7826869829378897,-3.675649764357927,3.1011187915065146,-1.740790767727356,5.4446465295743725,-1.4699158663226426,5.676375579901158,-1.2918406280576886,-4.043373860723846,2.4955674087917763,5.697932351763993,-0.7475391346347469,-2.657081166268308,4.083634624552186,-2.081717264420196,-3.675649764357927,1.7570624734652311,5.094369701288611,1.7074313374246022,-3.675649764357927,-0.5301735766797855,0.1629735707675785,-4.043373860723846,4.019791810448935,1.5009329376901066,4.082649305722501,3.33299297238604,-2.9825033530278637,4.433828100718852,2.3816730111879343,-2.308774635398707,-3.244867386726328,2.6775140018735213,-3.1051055747858296,-3.1960772701758966,6.322187928418607,-3.296160628482353,-3.601541902094152,-2.369399232705348,1.3451881716044995,-2.551720706166007,5.26358673894888,2.271780978158489,3.6546530883374735,5.9441564141336425,1.461051711403998,-3.938013567287773,-3.938013567287773,-0.6421786272073724,-1.977920501548402,-3.938013567287773,0.615861345367399,-0.3163448093893524,1.758742299147126,-2.9825033530278637,0.8990596915455289,-2.87330414063841,-3.1051055747858296,-2.113465952654134,-0.7558036438016152,2.135028971422927,-3.062545996598887,1.361301309585357,3.3639416288742536,2.4335962833648868,1.247133112354834,3.276194470943532,-3.1960772701758966,5.961925704724051,3.134406334947951,0.5617941252667139,3.4820841826298032,7.626199792085226,3.619039493520856,3.275900006866455,1.7067243738087805,2.725883121336935,1.5052675781629683,3.01279920307252,5.290321881588497,6.700624460003273,4.765524402506034,-0.5235728930841252,-2.2893565570830807,-2.197549041568137,-4.161156618603108,-3.675649764357927,5.9629989298682045,-1.992105132516215,4.090635209256907,3.819121115142304,4.493881139943996,-1.66588947559089,5.83893323002215,-3.601541902094152,0.475994137454234,3.6730352242980273,0.1662793587927955,1.9819529834877083,-1.635430274291747,3.248885454638718,0.0944536266792326,3.057017721636269,-0.444542848724175,-4.631158747853718,6.3923593234877165,3.276783139098002,0.5209721316723848,4.729457967057142,-0.884014291268188,0.3288807881849677,-2.0359077423814345,3.104270606402222,-0.9422831937317868,-3.4680106880408186,-4.294687654085729,3.1369476323723178,-1.6556329775276348,-0.3999589447668871,-1.8711525546482723,-0.1425263331697591,-4.448837857723985,-3.938013567287773,-3.407386139753706,6.103310339672432,-0.4598570827590961,0.3606294856229703,3.2466135869478414,-4.043373860723846,-2.066213082691921,0.9935765339000442,3.487342320933273,0.8870930551189441,-1.4531087508311198,-4.294687654085729,1.507859372248006,-1.153004201590652,3.313613065215925,2.8906965065204133,0.6469519317929618,7.987108286309072,-1.2101626081684376,-2.944763053535023,-2.129726468237709,5.291676350068358,-2.774864132480287,-3.601541902094152,2.7636990707394227,-1.69730566524388,-2.4564105718162064,-3.062545996598887,-1.4043185945981944,3.342957073631439,2.558457721284136,-1.8967949786859089,0.2208675473238984,-2.6296822070951995,7.14875625000629,6.528117464803106,-1.0989369868181014,-3.675649764357927,-2.87330414063841,-1.9501409451588625,-3.8427035693012823,-1.1286127514413549,-1.3577985861783075,-3.938013567287773,-0.9727423981237122,1.589824965489638,4.203290736133568,-2.14625576472444,-1.134655065167124,-2.6296822070951995,-2.577038501329791,-0.9078817703960969,0.4747827502972861,-2.308774635398707,-2.411958829008209,-0.5040282982844998,7.092509748134567,4.061629455274811
CRR1090922,1,1.86204969267232,0.4757553607353085,-1.874647237356553,4.317339163864051,7.222752537149385,-3.058416409195707,-3.058416409195707,-1.6721230480749831,3.581196620952415,-3.6870239019536495,0.0142756338903609,-2.58841327994943,-2.1288812575883247,-0.8392141135456311,-2.67542458118155,-1.277831349179146,-2.876095074623703,-2.508370636378406,-2.1555494904457424,-1.44897956342742,-3.20151704770847,-3.463880850638316,4.887822302425862,-1.532361149178072,-0.9957831496731856,7.863346570381072,-0.8177079114082317,-3.569241144074389,4.332668626732884,-2.332480093984133,-0.2734064179852897,-2.1829484496188503,3.078877255672384,-1.607584547770739,-3.20151704770847,-3.127409185444695,-3.569241144074389,4.119975175313698,-3.20151704770847,-0.0560408600303285,4.191507795136806,-3.569241144074389,-0.630669388933048,-1.741115895752419,2.1036980104789027,-2.876095074623703,-2.508370636378406,-2.0775879895165503,4.071840883948122,-1.83464191874925,-2.7707346700768705,4.992370669765699,-2.6309728581363725,-2.7219445535264395,-0.0266749671424478,-2.822027911832896,-3.127409185444695,4.609270711315578,0.6696824567903475,-2.0775879895165503,-2.67542458118155,-2.005267362820628,-3.463880850638316,-2.102905784680334,-3.820554937436273,-3.463880850638316,-3.463880850638316,-0.1680459105579153,-1.503787784898945,-3.463880850638316,1.0899940620168562,0.1577879072601046,2.2328750157965827,-2.508370636378406,1.373192408194986,-2.399171423988953,-2.6309728581363725,-1.6393332360046768,-0.2816709271521582,-1.7591343947615932,-2.58841327994943,5.88352017190259,-2.30073141583083,-0.8761186650326793,-1.2338682354233654,-1.9163199163884783,-2.7219445535264395,-0.7692555347311205,-0.1943138354069725,-2.332480093984133,3.592981852656612,8.188174793249685,4.146078454385094,-0.8248253781639246,-3.463880850638316,-3.127409185444695,-3.20151704770847,6.895236803753687,6.904564381856432,6.170456478459858,-0.4289297677752022,5.562534683419322,-1.815223840433624,0.872099871714169,-3.6870239019536495,3.061440022279921,9.146280625788863,-1.5179724158667578,-2.0528953891212947,-2.1555494904457424,-1.1317387612259873,-1.1917567589414328,5.743172130548995,-3.127409185444695,4.423250629841322,6.382060331341092,-4.157026031204261,-3.463880850638316,-1.16129755764229,-2.0287978491566303,0.5685863433286896,5.190425305084545,0.0295898679252819,-4.157026031204261,-3.2815596271770837,-2.547591318762481,-2.399171423988953,-0.7558325162007813,-3.569241144074389,0.8030135048344249,-1.5617750257319774,-1.7234163249186802,-0.4681504770823298,-2.993877971391361,-0.3111467428025782,-0.2330783758514611,-1.181500260878178,0.0741737718825699,-1.3970198379988152,0.3316063834796977,-3.9747051410745287,-3.463880850638316,2.92803426610637,0.442122122707715,-3.463880850638316,-1.741115895752419,7.785670642325685,-3.569241144074389,-1.592080366042464,1.4677092505495013,6.805712020862877,-2.508370636378406,-0.9789760341816628,-3.820554937436273,-3.569241144074389,-0.678871484941195,-1.277831349179146,-2.470630336885566,2.567763490907572,9.363474096581058,4.753879521833229,2.127850127668384,-1.6555937515882515,-3.058416409195707,-2.30073141583083,6.5987599807472135,3.23783178738888,-1.223172948594423,-1.982277855166749,-2.58841327994943,-0.9301858779487374,5.282356438064862,5.516692093968431,-1.4226622620364515,0.6950002639733556,-2.1555494904457424,6.942734790908836,-2.21111931071254,-0.6248042701686441,-3.20151704770847,-2.399171423988953,-1.4760082285094054,-3.3685708526518257,-0.654480034791898,-1.576812898573679,-3.463880850638316,-0.4986096814742551,-2.876095074623703,5.830578057389024,-1.6721230480749831,-0.6605223485176671,-2.1555494904457424,-2.102905784680334,-0.4337490537466397,0.9489154669467432,-1.83464191874925,-1.9378261123587524,2.8299060493558086,-1.2021195438292138,4.535762171924267
CRR1090921,1,-2.175165883725394,-3.951656370334756,0.402716938192936,3.904943014238919,5.02360406149378,5.174786608669921,5.39614900409785,-2.255208565757913,2.9476982844857043,-4.27010941963658,2.796781582819175,-3.17149879763236,7.157179401371663,4.454176739081855,0.6388597391364842,1.6291002746234489,-3.459180592306633,5.919447034013255,4.2856767900232144,0.5582018376688451,-0.4360504016209689,-4.046966368321246,-3.7104947031276247,5.17183608226738,-1.5788686673561156,6.943591813084405,4.807154098402969,-4.152326661757319,1.564698824739091,4.402545374834863,5.337358923828895,-2.76603396730178,5.783937738743592,2.2408901955600107,-3.7846025653914,0.6069920008858962,4.020494299317967,-0.9202077446395563,-3.7846025653914,5.003672625133893,-3.951656370334756,-4.152326661757319,5.504917066141003,0.9421027614851472,3.321245128327084,-3.459180592306633,-3.091456154061336,1.678575604641625,1.987076631115421,-2.41772743643218,-3.3538201877598004,2.629611190171578,-3.2140583758193024,-3.305030071209369,-0.6097604848253778,-3.405113429515826,-3.7104947031276247,-2.4783520337388207,-4.046966368321246,-2.6606735071994803,-3.25851009886448,2.43000399764736,-4.046966368321246,3.42257177416639,1.1028490015112746,-4.046966368321246,-4.046966368321246,-0.7511314282408454,-2.086873302581875,-4.046966368321246,0.5069085443339261,-0.4252976104228252,1.6497894981136527,-3.091456154061336,0.7901068905120558,-2.9822569416718827,-3.2140583758193024,-2.2224187536876068,-0.8647564448350883,3.363015688413724,-3.17149879763236,-3.2140583758193024,-2.88381693351376,-1.4592041827156093,0.398033088990202,0.9311437478455542,4.6319013982539445,-1.3523410524140504,-0.7773993530899025,0.9475375573972616,6.0956778070065045,4.15386889060945,5.195955353746545,5.489187660234008,-0.9742749610365382,3.67216147347598,0.6697432102908403,1.581371918359169,5.018068736692341,5.364384459057961,2.167639734102946,-3.459180592306633,-2.398309358116553,-2.30650184260161,-4.27010941963658,-3.7846025653914,4.973904978943832,-2.101057933549688,3.1412933008763786,-2.7386350081286728,5.288788055979613,-1.774842276624363,4.81350242233342,0.4791586319734138,-3.305030071209369,2.314679476205299,-4.740111548887191,-4.046966368321246,4.57670870789936,4.882122531200651,-0.0144991743542404,4.564407094688294,5.28195471966152,-4.740111548887191,6.319101594271765,4.151891085328967,1.2809078101790727,4.385973271084561,-2.88381693351376,1.1063232377392265,-2.1448605434149077,-2.30650184260161,-1.05123599476526,3.5935393467763643,-0.8361246345031514,-0.816163893534391,2.582394887760211,-0.50891174580036,5.423009477037204,-0.2514791342032322,-3.17149879763236,-4.046966368321246,-2.8231923484620087,-0.1409633949752151,0.0507040172181202,-2.324201413435349,3.3260292240628817,-4.152326661757319,-2.175165883725394,0.8846237328665713,2.407601069489948,-3.091456154061336,-1.5620615518645928,0.9032089709042016,-4.152326661757319,-1.261957002624125,3.7564666894495815,-3.053715854568496,2.279181108413671,6.489475711335619,-1.3191154092019104,-3.053715854568496,3.634130634140048,0.4189397733238431,-2.88381693351376,2.995317805368749,2.65474626970595,1.0156266773659486,-2.565363372849679,-3.17149879763236,-1.5132713956316677,2.232303247178199,1.335690155853718,-2.005747779719382,0.1119147462904254,-2.7386350081286728,4.989637472838218,5.3336884534921385,3.172380804625542,1.979863327452282,-2.9822569416718827,-2.0590937461923358,-3.951656370334756,-1.237565552474828,-2.159898416256609,-4.046966368321246,1.8622009414907876,-3.459180592306633,3.903604561713606,-2.255208565757913,-1.2436078662005972,-2.7386350081286728,-2.685991302363264,-1.0168345714295697,0.3658299492638132,-2.41772743643218,-2.5209116300416823,-0.6129810993179727,-1.7852050615121438,3.9526766542413374
CRR1090916,1,1.5972898993330402,0.1340762409393969,-2.0699276602640637,4.2783542702734,5.325354963163057,-3.253696832103217,-3.253696832103217,-1.8674034709824932,1.6024901190060628,-2.090546938963401,-0.1810047890171494,-2.78369370285694,6.96360206217821,-1.0344945364531417,-0.4244140207791808,-1.4731117720866562,-3.0713754975312133,7.954003827966873,-2.3508299133532526,3.832370650058464,4.33809627574846,1.861497332154056,3.7912650738058074,6.092663829416333,3.2579481023437107,8.436295079391142,8.60186619745092,-3.764521566981899,-2.8262532810438827,4.19622635436771,-0.4686868408928001,-2.3782288725263605,-2.02992234165676,1.1611183081902428,-3.3967974706159803,4.158220595244263,5.945419466652878,-0.5864698662611185,-3.3967974706159803,-0.2513212829378387,2.0959458346108377,2.2084372920010797,5.526269462931216,2.9311377774001124,5.086566898781608,3.95977554946648,2.201052992655456,-2.272868412424061,-1.8346136589121875,-2.02992234165676,-2.9660150929843807,-0.2381631992260162,-2.8262532810438827,-2.9172249764339497,-0.2219553900499581,-3.0173083347404064,-3.322689608352205,-2.090546938963401,-3.659161273545826,-2.272868412424061,3.6881364284879976,2.98904377482299,-3.659161273545826,6.5481847722453415,-4.015835360343783,-3.659161273545826,-3.659161273545826,-0.3633263334654257,-1.6990682078064552,-3.659161273545826,0.8947136391093459,-0.0374925156474055,2.037594592889073,-2.7036510592859164,1.1779119852874758,-2.594451846896463,-2.8262532810438827,-1.8346136589121875,-0.4769513500596684,2.2168904276645005,-2.78369370285694,-2.8262532810438827,2.363315331940635,-1.0713990879401896,0.580723622787376,3.080173356180212,2.93880065012471,7.390583221159547,-0.3895942583144829,-2.5277605168916435,4.801671184626218,7.555800800704627,5.92318193693386,-1.020105801071435,-3.659161273545826,2.861163262762621,2.3064705186604706,5.087203253761675,4.496141407455207,5.753530014694626,3.0839531858545985,-3.0713754975312133,-2.010504263341134,4.3683132579693975,-3.8823043248611606,-3.3967974706159803,8.254540332859785,-1.713252838774268,4.510965785204687,-2.3508299133532526,4.704552345257657,-1.387037181848943,0.1824373105062281,-3.322689608352205,-2.9172249764339497,3.5636946749255114,-4.352306454111772,0.2997433559511084,-1.3565779805498004,4.6701087127506575,0.3733059204211792,3.7882382961784034,-0.1656905549822283,-4.352306454111772,-3.476840050084593,2.654747029574104,-2.594451846896463,-0.9511129391082916,-1.802864970678249,0.6077330819269146,-1.7570554486394878,3.868738294189497,-0.6634308999898401,2.277845093047928,-0.2987878169574838,5.252474522966732,-1.376780683785688,-0.1211066510249403,5.737225037133172,0.1363259605721876,2.2374409980377217,-3.659161273545826,-0.7468125002332399,0.2468416998002046,-3.659161273545826,-1.9363963186599291,3.066830294301526,-3.764521566981899,-1.7873607889499743,1.2724288276419908,4.126640745886784,2.045951653003943,-1.1742564570891731,-4.015835360343783,-1.2255497427047952,-0.8741519078487053,-1.4731117720866562,-0.6938901043817655,4.530691838095253,7.361993819226573,-0.9313103144264908,-2.665910759793076,4.157334320361198,2.2650925292182995,-2.4960118387383403,5.199802369505269,3.042551364481369,-1.4184533715019332,-2.1775582780742595,3.151640481565474,-1.1254663008562475,-1.818613322686072,-3.563851275559336,-1.6179426849439622,0.4997198410658451,2.893059268932237,4.5316901742841065,-2.40639973362005,-0.8200846930761545,-3.3967974706159803,-2.594451846896463,-1.6712886514169156,-3.563851275559336,-0.8497604576994081,-1.7720933214811891,-3.659161273545826,-0.6938901043817655,-3.0713754975312133,-2.8262532810438827,-1.8674034709824932,-0.8558027714251774,-2.3508299133532526,-2.298186207587844,-0.6290294766541501,0.753635044039233,-2.02992234165676,-2.1331065352662626,-0.225176004542553,5.33912184435081,4.340481749016757
CRR1090917,0,-1.6400511317897737,1.2417365919641183,-1.9226180031038624,6.133018635659553,-2.869998677580205,-3.1063871749430167,3.1474403058641145,-1.7200938138222923,1.9926645888850056,3.6072964684970814,-0.0336951318569485,3.0332086492086057,2.876707792523349,-0.8871848792929407,-2.723395346928859,-1.3258021149264554,-2.9240658403710125,-2.556341402125716,-2.203520256193052,-1.4969503291747297,-3.2494878134557794,-3.5118516163856253,-3.175379951192004,7.00239357879278,-1.0437539154204951,6.92841381538561,-0.8656786771555411,0.4355365714918498,4.474923302181473,-2.380450859731442,-0.3213771837325991,-2.23091921536616,-1.8826126844965596,-1.655555313518048,-3.2494878134557794,-3.175379951192004,5.826721646658675,5.260570767523779,-3.2494878134557794,-0.1040116257776378,4.094533774383557,-3.617211909821698,6.929529831499554,0.6808268767708171,4.251677767456582,7.0301401198060764,-2.556341402125716,-2.12555875526386,4.407502575004265,-1.8826126844965596,5.249101107739725,7.113936925190097,-2.678943623883682,-2.769915319273749,-0.0746457328897572,1.7445995564932408,0.9117947169618908,5.168648192984367,-3.5118516163856253,-2.12555875526386,-2.723395346928859,-2.053238128567937,-3.5118516163856253,7.7639789560506145,-3.868525703183582,-3.5118516163856253,-3.5118516163856253,-0.2160166763052248,-1.5517585506462543,1.4703822169083534,1.0420232962695468,0.1098171415127953,2.184904250049273,-2.556341402125716,1.3252216424476766,-2.447142189736262,-2.678943623883682,-1.6873040017519862,-0.3296416928994676,8.546618847892436,-2.63638404569674,5.072811290521527,-2.3487021815781395,-0.9240894307799884,-1.2818390011706746,-1.964290682135788,-2.769915319273749,8.977807986226486,-0.2422846011542819,-2.380450859731442,5.284455059120848,-0.6964447772004438,4.063012829633993,-0.872796143911234,-3.5118516163856253,-3.175379951192004,-3.2494878134557794,5.283092516709502,5.67889610603151,6.480862021186773,-0.4769005335225115,-2.9240658403710125,-1.863194606180933,-1.7713870906659894,-3.73499466770096,3.172007832395474,4.562234903718506,-1.5659431816140672,-2.100866154868604,4.128461846476646,5.342982554923543,-1.2397275246887425,0.3297469676664289,-3.175379951192004,5.623612336162378,5.6552242857417845,-4.20499679695157,-3.5118516163856253,-1.2092683233895996,-2.07676861490394,0.5206155775813802,-1.9226180031038624,7.731580647760178,-4.20499679695157,-3.3295303929243927,4.621264070190221,-2.447142189736262,-0.8038032819480907,-3.617211909821698,0.7550427390871154,-1.6097457914792868,6.061559192007083,-0.5161212428296391,7.051482831362626,-3.868525703183582,6.101415316182397,-1.2294710266254871,0.0262030061352605,-1.4449906037461246,0.2836356177323884,3.342500887981101,-3.5118516163856253,-2.9812241888515585,0.3941513569604056,-3.5118516163856253,1.6097265835975314,6.183354366609991,-3.617211909821698,-1.6400511317897737,1.419738484802192,-2.869998677580205,-2.556341402125716,-1.026946799928972,-3.868525703183582,-3.617211909821698,-0.7268422506885044,-1.3258021149264554,4.6455168253763786,3.3668847155869037,9.386801550321383,5.016675085091849,-2.5186011026328754,4.051658454977996,-3.1063871749430167,-2.3487021815781395,-3.175379951192004,3.1898610216415704,-1.2711437143417323,4.472268343000965,-2.63638404569674,-0.9781566436960468,-1.6713036655258713,-3.416541618399135,-1.4706330277837611,0.6470294982260462,-2.203520256193052,5.211410210322919,-2.259090076459849,-0.6727750359159538,-3.2494878134557794,-2.447142189736262,-1.5239789942567148,-3.416541618399135,-0.7024508005392073,-1.6247836643209883,-3.5118516163856253,-0.5465804472215645,-2.9240658403710125,-2.678943623883682,-1.7200938138222923,-0.7084931142649764,-2.203520256193052,-2.1508765504276437,-0.4817198194939491,0.9009447011994338,-1.8826126844965596,-1.9857968781060615,4.501952881025345,-1.250090309576523,4.487791406176958
CRR1090854,0,2.698042294875376,1.268943581149944,-2.1735650759316143,4.330661585900863,4.334625609994479,-3.357334247770768,4.0606851655868,4.935079390656233,0.9539108893987092,0.7804941143352222,-0.2846422046847003,-2.887331118524491,8.131167401468531,6.688871853685902,-2.9743424197566117,4.635608966665344,1.4455919807495916,4.326988487191251,5.078734319308445,-1.7478974020024811,2.3508814950456327,2.604013345535391,-3.426327024019756,4.600075142287247,-1.294700988248247,8.33601185983251,5.750927767685866,-0.242339827550808,4.36247520723389,-2.6313979325591945,-0.572324256560351,0.5679326773907429,6.263444173494272,-1.9065023863458,-3.5004348862835317,5.323992566895359,-3.86815898264945,2.283152047915523,-3.5004348862835317,-0.3549586986053897,2.6659505815566567,-1.6586662910387604,3.375907569564005,-3.86815898264945,4.3470255874082415,5.370204972038891,-2.8072884749534674,6.0575878232637015,2.9741662711629573,0.7436535459126115,-3.069652508651932,3.8403991303770937,-2.9298906967114338,-3.0208623921015008,-0.325592805717509,-3.1209457504079574,-3.426327024019756,1.8146624263304505,0.0830825564472657,-2.376505828091611,3.0995387283332034,-2.3041852013956894,-3.762798689213377,7.409210688738258,-4.119472776011334,-1.0415051297802078,-3.762798689213377,-0.4669637491329766,-1.8027056234740064,-3.762798689213377,0.791076223441795,-0.1411299313149565,1.9339571772215216,-2.8072884749534674,1.0742745696199247,-2.698089262564014,-2.9298906967114338,0.4085049450110488,-0.5805887657272195,-2.0580522333366544,5.019583537127933,-2.9298906967114338,-2.599649254405892,-1.1750365036077404,3.779306724880757,3.037369381317994,-0.9295872275081092,6.936959062725435,-0.4932316739820339,1.4672378472900032,2.9225607598452226,6.535144949212022,3.7604645016842833,5.631010578981757,-3.762798689213377,4.024996189799325,2.5346768907149944,6.285583427114481,6.633051119964056,6.455935463567298,5.012130698592688,-3.1750129131987643,-2.114141679008685,-2.022334163493741,0.5887667637509915,-3.5004348862835317,6.059802134692712,-1.816890254441819,-2.351813227696356,2.901608333690051,4.953046620614308,-1.4906745975164943,0.078799894838677,-3.426327024019756,3.717401986221207,-3.2927958099664227,-4.455943869779322,2.225659353891351,5.853164778207647,4.376406365668718,0.2696685047536282,4.298623084817902,5.705246966619214,-4.455943869779322,7.065017190908292,2.2321577521334217,-2.698089262564014,-1.0547503547758426,-3.86815898264945,0.5040956662593635,-1.8606928643070384,4.659202315641059,-0.7670683156573911,2.589131603560784,-0.5124261197644285,4.979997023167644,-1.480418099453239,-0.2247440666924913,-1.6959376765738765,0.0326885449046366,1.0845310696252728,-2.8072884749534674,-3.2321712616793103,0.1432042841326537,1.7001833073736574,-0.3096435053273734,5.195739422458059,-3.86815898264945,-1.890998204617525,1.1687914119744398,-3.1209457504079574,-2.8072884749534674,-1.2778938727567242,-0.6808906276732186,1.0061875989840376,-0.9777893235162562,-1.5767491877542072,2.7513192363808927,2.9411233519411053,6.705239018810817,-1.0349477300940415,-2.7695481754606277,-1.9545115901633128,4.014824349562191,-2.599649254405892,4.545496964648779,2.9389139488138185,2.092844140481447,-2.2811956937418105,-2.887331118524491,2.6597967160022096,-1.9222507383536231,3.1533195080857275,1.0687079549364062,0.3960824253982943,-2.454467329020804,-0.7872710209340945,8.151920493226672,-0.9237221087437056,-3.5004348862835317,-2.698089262564014,1.9979920464588323,-3.667488691226887,-0.953397873366959,-1.87573073714874,-3.762798689213377,-0.7975275200493165,-3.1750129131987643,7.562314583951596,-1.9710408866500444,-0.9594401870927284,-2.454467329020804,-2.401823623255395,-0.7326668923217009,0.6499976283716821,-2.1335597573243112,-2.2367439509338136,1.0813864129952453,-1.501037382404275,4.236844333349206
CRR1090918,1,1.1615325325315422,0.2467244028178513,-2.1530240675036967,4.926039560617713,3.9552248775128014,-3.3367932393428505,-0.5642057671021841,-1.9504998782221268,-2.953801411328693,-3.965400732100794,-0.2641011962567827,4.289060628872601,7.418895933470472,-1.117590943692775,0.8010351227631398,-1.5562081793262896,2.527593895649722,6.464837425827637,4.680534915648729,1.7759961141555207,1.5894924715219945,1.7291703118836506,-3.4057860155918385,2.037866366636728,-1.2741599798203291,7.538859822319123,-1.0960847415553754,-3.847617974221533,1.7711690734460386,4.5644099911684,-0.5517832481324334,-2.461325279765994,-2.1130187488963936,-1.885961377917882,4.011020460038169,2.604078191822938,7.422214079433374,3.479868287363997,-3.4798938778556137,-0.3344176901774721,4.990464157506213,-3.847617974221533,5.774873975644678,-3.847617974221533,4.830784403751055,-3.1544719047708467,-2.78674746652555,-2.355964819663693,2.755118448744265,3.1860822337663133,4.864701086181782,3.9774919134849456,-2.909349688283516,-3.000321383673583,6.302180409522547,0.6521894985803368,-3.4057860155918385,-2.1736433462030345,-3.74225768078546,-2.355964819663693,3.1604830583851835,2.140505454975317,-3.74225768078546,6.42661065291135,-4.098931767583417,-3.74225768078546,-3.74225768078546,-0.446422740705059,-1.7821646150460886,-3.74225768078546,0.8116172318697126,-0.1205889228870388,1.9544981856494392,-2.78674746652555,1.0948155780478424,-2.6775482541360964,-2.909349688283516,-1.9177100661518205,-0.5600477572993018,-2.0375112249087364,4.240429760194851,6.018361616094083,-2.5791082459779737,-1.1544954951798228,2.6371846634837977,6.32999971108401,-3.000321383673583,4.886796837469143,-0.4726906655541161,1.908122024177975,-2.78674746652555,5.739038692879579,5.081859230945545,-1.1032022083110682,1.937230108134298,5.121752039590908,3.350147771993701,5.848487786763419,6.554782328902463,5.91423978575646,4.8178780513412764,-3.1544719047708467,-0.756577642072874,-2.0017931550658234,-3.965400732100794,1.0860540725188417,6.928712283945087,-1.7963492460139012,3.8953603626577338,5.643830702771404,5.399352070716969,-1.4701335890885765,7.031131150675586,-3.4057860155918385,-3.000321383673583,3.490906888904926,-4.435402861351404,1.9884892485918484,7.5832223328809345,-2.307174679303774,0.290209513181546,4.737480833997392,2.9873254149172563,-4.435402861351404,-3.559936457324227,3.670866372488268,-2.6775482541360964,3.789078316444755,-1.2912544102573622,0.5246366746872813,4.449923333468616,5.454265702361777,-0.7465273072294735,-3.272254801538505,-4.098931767583417,2.1926345201271333,-1.4598770910253214,-0.2042030582645736,-1.675396668145959,0.0532295533325542,0.1856367131710547,-3.74225768078546,-3.2116302532513927,6.493146901169254,2.54038083176748,-2.0194927258995627,4.12323532875289,-3.847617974221533,-1.870457196189608,1.1893324204023576,4.726583250111546,-2.0936006705807677,-1.2573528643288066,2.151592042970201,1.580750308111046,-0.9572483150883384,-1.5562081793262896,1.9897862656264824,3.140382899434464,6.778233475377963,-1.014406721666124,-2.7490071670327096,4.830027573320908,-3.3367932393428505,-2.5791082459779737,1.505816479843077,2.959454957241736,-1.5015497787415666,-2.2606546853138925,-2.8667901100965736,-1.208562708095881,2.932301713556219,5.1266320932793725,-1.7010390921835954,0.4166234338262118,-2.433926320592886,4.363108219975759,9.023045822236488,-0.9031811003157878,-3.4798938778556137,-2.6775482541360964,-1.754385058656549,-3.646947682798969,-0.9328568649390414,-1.8551897287208223,-3.74225768078546,-0.7769865116213988,-3.1544719047708467,6.313030081882456,-1.9504998782221268,-0.9388991786648108,-2.433926320592886,-2.381282614827477,-0.7121258838937834,0.6705386367995997,-2.1130187488963936,-2.216202942505896,-0.3082724117821863,6.004550669737795,4.257385341777124
CRR1090932,0,4.431390160533908,2.7088465070420717,-1.8080495062225883,0.2350240360332424,-2.7554301806989314,-2.9918186780617426,6.0736795426790735,-1.6055253169410184,3.257382734368496,-3.6204261708196857,0.0808733650243257,-2.521815548815465,-2.06228352645436,-0.7726163824116664,-0.3432838434847661,-1.2112336180451813,3.3071292379127364,-2.441772905244441,-2.0889517593117777,-1.3823818322934551,-3.1349193165745053,-3.397283119504351,9.360582525458694,-1.465763418044107,-0.929185418539221,-3.502643412940424,-0.7511101802742669,2.3791280523883853,-2.564375127002408,-2.2658823628501685,-0.2068086868513251,-2.116350718484885,-1.7680441876152853,-1.5409868166367735,-3.1349193165745053,-3.06081145431073,-3.502643412940424,7.2747353405459805,-3.1349193165745053,0.0105568711036362,-3.301973121517861,-3.502643412940424,-0.5640716577990831,-3.502643412940424,0.1142603790301603,-2.8094973434897383,-2.441772905244441,-2.0109902583825856,-1.572735504870712,-1.7680441876152853,-2.7041369389429057,0.0237149548154588,-2.564375127002408,-0.3817501206129695,0.0399227639915169,-2.7554301806989314,-3.06081145431073,-1.828668784921926,2.5637202252755613,-2.0109902583825856,-2.6088268500475853,-1.9386696316866636,5.4153499592747885,8.497046340296269,-3.753957206302308,-3.397283119504351,-3.397283119504351,-0.1014481794239506,-1.4371900537649802,-3.397283119504351,1.156591793150821,0.2243856383940694,2.299472746930548,-2.441772905244441,1.4397901393289507,3.0722752298485165,-2.564375127002408,0.3914397148301692,-0.2150731960181934,-1.6925366636276284,-2.521815548815465,-2.564375127002408,-2.2341336846968654,-0.8095209338987144,-1.1672705042894005,-1.8497221852545136,-2.6553468223924748,-0.7026578035971557,-0.1277161042730077,-2.2658823628501685,-2.441772905244441,-0.5818762803191698,5.148495529154525,-0.7582276470299598,-3.397283119504351,-3.06081145431073,-3.1349193165745053,-1.3304221068648503,0.5266664963167598,0.377772076724196,-0.3623320366412375,-2.8094973434897383,-1.748626109299659,3.32100313694217,0.9772132739396552,-3.1349193165745053,-2.173509099645114,-1.451374684732793,-1.98629765798733,5.945363397410873,-1.0651410300920223,-1.1251590278074683,0.4443154645477031,-3.06081145431073,7.144935665606796,7.534206260173305,2.6500870642720598,0.4739159330722055,-1.0946998265083252,-1.9622001180226656,0.6351840744626543,-1.8080495062225883,0.0961875990592467,-4.090428300070296,-3.2149618960431185,-2.480993587628516,-2.332573692854988,-0.6892347850668166,0.5345405524376601,0.8696112359683896,-1.4951772945980126,-1.6568185937847153,-0.401552745948365,-2.9272802402573967,-3.753957206302308,-0.1664806447174962,-1.114902529744213,0.1407715030165347,-1.3304221068648503,0.3982041146136625,-3.908107409940564,2.711517924469285,-2.8666556919702844,0.5087198538416797,-3.397283119504351,-1.6745181646184544,-1.8080495062225883,-0.3817501206129695,-1.5254826349084991,1.534306981683466,-2.7554301806989314,7.827899604655141,-0.9123783030476982,-3.753957206302308,-3.502643412940424,2.2559055760504125,-1.2112336180451813,-2.4040326057516013,3.637631306857649,-1.2690531755578731,-0.6694321603850156,4.378830358435669,-1.588996020454287,-2.9918186780617426,-2.2341336846968654,-3.06081145431073,3.3044295185228445,-1.1565752174604582,0.7037040185510003,-2.521815548815465,-0.8635881468147726,-1.5567351686445972,-3.301973121517861,-1.356064530902487,0.7615979951073203,-2.0889517593117777,9.454214494820311,-2.144521579578575,-0.5582065390346795,-3.1349193165745053,-2.332573692854988,-1.4094104973754409,-3.301973121517861,-0.587882303657933,-1.5102151674397142,-3.397283119504351,-0.4320119503402904,-2.8094973434897383,-2.564375127002408,-1.6055253169410184,-0.5939246173837024,-2.0889517593117777,-2.036308053546369,-0.367151322612675,1.015513198080708,-1.7680441876152853,-1.871228381224788,0.036702149498922,-1.1355218126952489,4.6023599030582325
CRR1090944,0,1.7493779390732196,-0.9368133422894682,-2.0422050449149007,5.247418999041533,-2.989585719391244,4.075532065973847,3.064852576718068,-1.839680855633331,0.8458961790108153,-3.854581709511998,-0.1532821736679868,-2.7559710875077776,8.157228398328147,5.742055440650803,-2.8429823887398977,-1.4453891567374937,-1.6573593543949148,8.537941031656212,-2.3231072980040905,-1.6165373709857678,-2.675928443936754,1.1221495501530798,3.649531982722548,5.280574537500777,5.011292076269352,8.012144580263177,8.158590647554268,-3.736798951632737,-2.79853066569472,-2.500037901542481,-0.4409642255436375,-2.350506257177198,6.0133927390295465,-1.7751423553290864,-3.3690748552668177,-3.2949669930030425,-3.736798951632737,-3.5361286602101734,-3.3690748552668177,4.964600681908924,-3.5361286602101734,-3.736798951632737,5.740082751543136,-3.736798951632737,4.223095760435603,1.1426280811471332,2.4351313660383425,7.242321896715048,2.8231287796145303,-2.0021997263075977,-2.938292477635218,6.052210368909337,8.457436154253195,-2.889502361084787,4.135399879737948,-2.989585719391244,-3.2949669930030425,-2.0628243236142385,1.4937131012347904,-2.245145797074898,-2.8429823887398977,-1.4796782223770892,-3.631438658196664,4.58453932702604,-3.98811274499462,-3.631438658196664,-3.631438658196664,-0.3356037181162631,-1.6713455924572929,-3.631438658196664,0.9224362544585084,-0.0097699002982431,2.065317208238235,-2.675928443936754,1.205634600636638,-2.5667292315473005,-2.79853066569472,-1.8068910435630248,-0.449228734710506,2.706446459923767,-2.7559710875077776,4.337571123603856,1.1774863816206609,-1.0436764725910268,-1.4014260429817131,1.580228912532826,-2.889502361084787,6.90764440811436,-0.3618716429653203,-2.500037901542481,2.398763722039253,6.916906784322356,6.495086440327308,2.388125323885642,1.672858789971278,1.59966796935511,-3.3690748552668177,3.488194981441095,4.34350504013519,6.415185737346819,4.660857449369434,-3.0436528821820508,-1.9827816479919715,2.210943671702996,-3.854581709511998,-0.7190898848840773,6.9499636790571335,0.7123647896330457,1.542446641300224,0.0966595571494757,-0.1228846983317712,-1.3593145664997808,0.2101599258553905,-3.2949669930030425,-2.889502361084787,-3.161435778949709,-4.324583838762609,-0.0151318431521233,7.540666338988006,4.949815941886087,0.4010285357703417,4.200097219213952,-0.1379679396330657,-4.324583838762609,6.80379804418734,1.9490436076585216,1.115229107428238,-0.9233903237591292,-3.736798951632737,0.635455697276077,-1.7293328332903253,-1.890974132477028,-0.6357082846406776,3.6988334847722526,-0.1228846983317712,1.5160538302466962,-1.3490580684365256,-0.0933840356757778,-1.564577645557163,0.16404857592135,-4.142262948632876,-3.631438658196664,3.908437100572569,4.169705133593827,-3.631438658196664,-1.9086737033107668,-2.0422050449149007,-3.736798951632737,-1.7596381736008122,1.3001514429911534,4.809303361489946,-2.675928443936754,-1.1465338417400106,-3.98811274499462,-3.736798951632737,-0.8464292924995428,3.4465635980340683,4.521966652680404,2.9204964554234185,6.505853393903078,-0.9035876990773282,2.140623330104593,-1.8231515591465997,3.479418718396343,-2.4682892233891778,-3.2949669930030425,3.070273979830532,-1.3907307561527706,-2.149835662725097,-2.7559710875077776,-1.0977436855070852,5.8851630799168895,-3.5361286602101734,-1.5902200695947997,0.5274424564150078,1.3507951750973148,-3.225974216754055,-2.3786771182708875,3.8726204509995488,-3.3690748552668177,-2.5667292315473005,-1.643566036067753,-3.5361286602101734,-0.8220378423502457,0.9182168390048177,-3.631438658196664,-0.6661674890326029,-3.0436528821820508,7.9665664897878,-1.839680855633331,-0.8280801560760149,-2.3231072980040905,-2.270463592238681,-0.6013068613049875,0.7813576593883954,-2.0021997263075977,-2.1053839199171,-0.1974533891933904,-1.3696773513875615,4.368204364365919
CRR1090939,1,2.205651596708691,2.5817216151592097,-1.965905525681756,5.389435196124699,-2.913286200158099,-3.14967469752091,3.0643985946307835,-1.7633813364001858,3.0689240914944174,-3.778282190278853,-0.0769826544348417,1.9179695263559864,-2.220139545913528,-0.930472401870834,2.506315784628503,-1.3690896375043486,2.849095094746133,1.5794801466942912,-2.246807778770945,-1.5402378517526227,-3.2927753360336727,-3.5551391389635185,5.941054638275312,-1.6236194375032744,3.0340604066520256,8.512950227881982,-0.9089661997334344,-3.660499432399592,-2.722231146461575,-2.4237383823093355,-0.3646647063104924,-2.274206737944053,-1.9259002070744529,-1.6988428360959411,4.348455151391608,-3.218667473769897,3.3350609828084457,-3.4598291409770283,-3.2927753360336727,-0.1472991483555312,-3.4598291409770283,-3.660499432399592,0.0824450733964448,0.9579137800485912,3.810165562592777,6.609910357948316,-2.599628924703609,7.864455581885514,2.6757339358600034,-1.9259002070744529,-2.861992958402073,-0.1341410646437085,-2.722231146461575,-2.813202841851642,6.22722907541722,-2.913286200158099,-3.218667473769897,-1.9865248043810928,1.9103841550306613,-2.168846277841753,4.3849441666071005,-2.096525651145831,-3.5551391389635185,7.727872924398931,-3.9118132257614753,-3.5551391389635185,-3.5551391389635185,-0.259304198883118,-1.5950460732241476,-3.5551391389635185,0.9987357736916536,0.0665296189349021,2.1416167274713804,-2.599628924703609,1.2819341198697831,-2.4904297123141554,-2.722231146461575,-1.7305915243298795,-0.3729292154773609,-1.850392683086796,-2.6796715682746326,5.362491218582555,-2.3919897041560327,-0.9673769533578818,-1.325126523748568,4.718552721393717,-2.813202841851642,-0.8605138230563232,-0.2855721237321752,-2.4237383823093355,-2.599628924703609,8.02341100490657,2.849095094746133,-0.9160836664891272,2.9386127039158865,-3.218667473769897,-3.2927753360336727,0.0172045550762399,7.578469304474155,7.696450730245706,7.807233492310038,-2.9673533629489057,-1.9064821287588265,-1.814674613243883,-3.778282190278853,-3.2927753360336727,2.046239409462125,-1.6092307041919605,-2.1441536774464973,-2.246807778770945,-1.22299704955119,-1.2830150472666355,0.2864594450885357,-3.218667473769897,1.7814349493282475,8.479825222837169,-4.248284319529463,3.000784583921696,1.6748973975398616,2.4452831544733367,0.4773280550034869,7.668060169949425,-0.0616684203999206,-4.248284319529463,-3.372817915502286,2.3594423692100737,-2.4904297123141554,-0.847090804525984,1.737158165321317,0.7117552165092222,-1.65303331405718,-1.814674613243883,-0.5594087654075324,-3.085136259716564,1.6499638568412875,-0.3243366641766635,-1.2727585492033804,-0.0170845164426326,-1.488278126324018,0.2403480951544952,-4.065963429399731,-3.5551391389635185,-3.024511711429452,0.3508638343825123,-3.5551391389635185,-1.8323741840776215,-1.965905525681756,1.8265978449252225,-1.6833386543676667,7.74407859802525,6.65149821050393,0.5719932783416369,-1.0702343225068656,-3.9118132257614753,2.493176224462912,-0.7701297732663976,6.611395059261378,0.403765490533416,-1.1942869491642696,1.497275701937416,-0.827288179844183,-2.5618886252107687,-1.7468520399134544,-3.14967469752091,-2.3919897041560327,4.671378844881841,3.146573499063677,-1.3144312369196256,-2.073536143491952,-2.6796715682746326,-1.02144416627394,5.2255541312121085,-3.4598291409770283,-1.5139205503616544,0.6037419756481528,-2.246807778770945,2.4403154343960805,-2.3023775990377424,-0.7160625584938469,-3.2927753360336727,-2.4904297123141554,-1.567266516834608,-3.4598291409770283,-0.7457383231171004,-1.6680711868988816,-3.5551391389635185,-0.5898679697994579,-2.9673533629489057,6.938862683102999,3.047718089547117,-0.7517806368428697,-2.246807778770945,0.7834559638946873,-0.5250073420718424,0.8576571786215408,-1.9259002070744529,-2.029084400683955,-0.1211538699602453,2.1955249279548563,4.444503883599065
CRR1090907,0,1.1843120647307832,1.952992726784093,-2.1695223108552786,6.005731894059569,-3.1169029853316217,-3.353291482694433,3.418871810175862,5.2463770419035,0.1691384698194727,4.104585720762199,-0.2805994396083647,2.388855309740032,3.1983587862884937,5.475084107821587,-2.970299654680276,-1.5727064226778715,1.7168684657586146,2.565601041830498,-2.4504245639444684,-1.7438546369261456,1.2179758320786362,2.6458091615182884,-0.986169076895268,7.562171335208523,0.8403942096482108,8.289177940959188,6.65353320927556,1.698271142100239,4.35574630271812,-2.627355167482859,-0.5682814914840153,-2.477823523117576,-2.1295169922479755,-1.902459621269464,-3.496392121207196,6.172500425443704,-3.8641162175731143,5.052328013807832,-3.496392121207196,-0.3509159335290541,2.756251022108791,-3.8641162175731143,-0.9255444624317736,-3.8641162175731143,5.476392126944814,7.896971807185163,1.7016783003928315,-2.372463063015276,-1.9342083095034024,-2.1295169922479755,-3.065609743575596,4.895340960893489,-2.925847931635098,-3.016819627025165,6.090927927538258,-3.1169029853316217,-3.4222842589434204,-2.1901415895546164,-3.7587559241370414,-2.372463063015276,1.0806935734005,4.458680614134956,-3.7587559241370414,6.222754917931347,-4.115430010934999,-3.7587559241370414,1.0403329709648206,-0.4629209840566411,-1.7986628583976707,-3.7587559241370414,0.7951189885181306,5.279535921892477,1.937999942297857,-2.803245709877132,1.0783173346962602,-2.6940464974876783,-2.925847931635098,-1.9342083095034024,-0.5765460006508839,5.247873809410727,-2.8832883534481555,-2.925847931635098,-2.595606489329556,5.360957276446047,2.6250864949096866,3.7962053045126063,-3.016819627025165,3.954401218646523,2.894621103681101,-2.627355167482859,4.01727362245884,7.121513208741715,3.5810394791040765,-1.1197004516626503,-3.7587559241370414,4.89146153270045,4.81576033427818,5.835878395507876,6.358751705346468,8.082894143058816,-0.7238048412739277,3.667433942805322,-2.110098913932349,-2.018291398417406,-3.981898975452376,-3.496392121207196,6.121645222056047,-1.8128474893654836,1.6644284332849897,2.760094337988632,5.977659180085855,-1.4866318324401586,6.631737856524092,-3.4222842589434204,4.375944223319226,5.080054891050663,-4.451901104702987,0.0208759389094584,-1.4561726311410157,6.256288892151086,6.1916227563345645,7.150893970534345,-0.2652852055734435,-4.451901104702987,-3.576434700675809,3.06691924598257,2.9515215527181105,-1.0507075896995068,1.178589588538584,0.5081384313356991,5.167733021675183,4.770205723275431,2.4470112296554585,-2.595606489329556,-4.115430010934999,2.1718944888896794,-1.4763753343769035,-0.2207013016161556,-1.6918949114975408,0.0367313099809722,1.698271142100239,2.1389452486499545,2.0888362583269107,0.1472470492089894,3.5517922357362792,1.543551473642692,6.676921362527555,0.5772247982154435,-1.8869554395411896,1.1728341770507755,4.7398231314767285,-2.803245709877132,-1.2738511076803885,-4.115430010934999,2.486185377963704,-0.9737465584399206,5.242785490480292,4.206787649689394,2.3330043488111447,6.818826498654446,-1.030904965017706,-2.7655054103842915,3.788005090362024,-3.353291482694433,1.4626784088761733,4.772535392054377,2.9429567138901542,-1.5180480220931485,-2.277152928665475,-2.8832883534481555,-1.2250609514474629,-1.9182079732772876,-3.663445926150551,-1.7175373355351775,0.4001251904746298,-2.4504245639444684,3.508348715385494,7.2109840009954995,-0.91967934366737,-3.496392121207196,-2.6940464974876783,-1.770883302008131,-3.663445926150551,-0.9493551082906236,-1.8716879720724044,1.6266541584298315,-0.7934847549729808,-3.1709701481224286,-2.925847931635098,-1.966998121573709,-0.9553974220163928,-2.4504245639444684,3.74717429891544,-0.7286241272453654,0.6540403934480176,-2.1295169922479755,-2.232701185857478,-0.3247706551337683,6.791057701035832,4.240887098425541
CRR1090866,1,-1.700748929611714,-3.477239416221076,-1.9833158009258027,5.395972141445498,5.502610495413999,7.588197545120756,-3.1670849727649566,-1.7807916116442328,-0.3299589845950517,-3.7956924655229,-0.0943929296788888,-2.69708184351868,1.9718444827577848,7.009974252522457,1.9064194603829736,-1.3864999127483957,-2.9847636381929528,6.346415709277412,3.823661173907698,1.3356819610436574,-3.31018561127772,0.0597577413300279,-3.2360777490139445,-1.6410297127473217,-1.1044517132424354,8.930084003379445,8.281387389541987,-3.6779097076436384,-0.4724590352372456,-2.441148657553383,8.389914734765048,-2.2916170131881,-1.9433104823185,-1.716253111339988,1.8082671830623176,-3.2360777490139445,-3.6779097076436384,1.4591928561557554,-3.31018561127772,-0.1647094235995782,-3.477239416221076,-3.6779097076436384,6.171729364759864,-3.6779097076436384,4.649411287538936,-2.9847636381929528,-2.617039199947656,-2.1862565530858,-1.7480017995739268,-1.9433104823185,-2.87940323364612,4.141233203286445,-2.739641421705622,-2.830613117095689,8.28302004760565,-2.930696475402146,-3.2360777490139445,-0.864501079770031,-3.5725494142075656,-2.1862565530858,4.55538460853707,-2.113935926389878,2.66967185514065,7.499388495099872,-3.9292235010055214,-3.5725494142075656,-3.5725494142075656,-0.2767144741271651,-1.6124563484681949,-3.5725494142075656,0.9813254984476064,0.049119343690855,2.1242064522273334,-2.617039199947656,4.228185028033969,-2.5078399875582025,-2.739641421705622,-1.7480017995739268,-0.390339490721408,5.230632420301982,2.77448747490097,-2.739641421705622,-2.40939997940008,3.4930619511000933,3.7686731705908456,4.978579328625021,1.345968605602767,5.553559163354377,-0.3029823989762223,-2.441148657553383,-2.617039199947656,5.005661615412939,5.880766508594776,-0.9334939417331742,-3.5725494142075656,1.951306636237248,-3.31018561127772,-1.5056884015680647,5.675816652059812,5.165831421210634,4.926111140998718,3.4669336372076214,-1.923892404002873,-1.8320848884879295,-3.7956924655229,-3.31018561127772,5.315570649791204,-1.6266409794360075,4.30900850360662,-2.2642180540149925,3.553696619482812,-1.3004253225106828,6.351855788680996,-3.2360777490139445,-2.13746641272588,-2.40939997940008,0.21163826516724,-3.5725494142075656,6.917878002099782,-2.13746641272588,0.4599177797594398,5.57196961694693,-0.0790786956439676,-4.26569459477351,3.0491205163508943,2.386906341929952,-2.5078399875582025,5.237878394874119,-3.6779097076436384,0.6943449412651751,-1.670443589301227,1.7455685894425723,-0.5768190406515794,-3.102546534960611,-3.9292235010055214,4.65236248759739,-1.2901688244474274,-0.0344947916866798,-1.5056884015680647,0.2229378199104481,-4.083373704643779,-3.5725494142075656,3.419177300391661,5.604190808546515,2.399730318582482,-1.8497844593216688,3.853878604676579,-3.6779097076436384,-1.700748929611714,1.3590406869802516,3.87927082348313,-2.617039199947656,-1.0876445977509126,-3.9292235010055214,-3.6779097076436384,-0.7875400485104447,3.0961849668440764,5.491699036130159,3.821818761056911,4.410479288762651,-0.8446984550882302,-2.579298900454816,4.603727690724447,-3.1670849727649566,-2.40939997940008,-3.2360777490139445,3.12916322381963,-1.3318415121636726,-2.0909464187359985,3.1885582867509736,-1.0388544415179872,-1.7320014633478116,2.95920046973093,-1.5313308256057017,0.5863317004041059,-2.2642180540149925,5.315736258403184,5.290413496720124,6.920759616464015,-3.31018561127772,-2.5078399875582025,-1.584676792078655,-3.477239416221076,-0.7631485983611475,-1.6854814621429286,-3.5725494142075656,-0.6072782450435049,-2.9847636381929528,-2.739641421705622,-1.7807916116442328,-0.7691909120869167,-2.2642180540149925,-2.2115743482495835,-0.5424176173158894,0.8402469033774935,-1.9433104823185,-2.046494675928002,-0.1385641452042924,6.360368719111368,4.427093608355017
CRR1090960,0,2.6758957991214727,2.734376964289069,-2.139104821306416,5.3070273111753306,3.739601898841877,-3.3228739931455697,-3.3228739931455697,-1.9365806320248455,4.9553497636156925,0.553865892429801,-0.2501819500595018,-2.8528708638992923,6.12984635882442,7.158793648742687,-2.9398821651314124,-1.5422889331290086,-3.140552658573566,-2.7728282203282686,2.123862050935422,-1.7134371473772827,-3.4659746316583324,1.4822380285708816,-3.3918667693945577,8.608205055985604,1.852897694847724,6.928857742031446,5.261228570470258,-3.833698728024252,4.230655962347058,-2.596937677933996,-0.5378640019351524,1.2104407700687407,-2.0990995026991124,-1.872042131720601,-3.4659746316583324,5.822834075785137,-3.833698728024252,5.393977140214649,-3.4659746316583324,-0.3204984439801911,2.6994416873447946,-3.833698728024252,5.514002353709199,-1.648898642906374,4.658789628987421,5.669607498778984,-2.7728282203282686,-2.3420455734664127,-1.90379081995454,-2.0990995026991124,-3.0351922540267333,-0.3073403602683685,-2.895430442086236,-2.9864021374763023,-0.2911325510923105,-3.086485495782759,-3.3918667693945577,-2.159724100005753,-3.0351922540267333,-2.3420455734664127,-2.9398821651314124,-2.269724946770491,-3.7283384345881783,8.0792466887739,-4.085012521386135,-3.7283384345881783,-3.7283384345881783,-0.432503494507778,-1.7682453688488076,-3.7283384345881783,0.8255364780669935,-0.106669676689758,1.96841743184672,-2.7728282203282686,1.1087348242451234,-2.663629007938816,-2.895430442086236,-1.90379081995454,-0.5461285111020209,2.4786386407021546,-2.8528708638992923,-2.895430442086236,1.6552367850954175,5.69284416127914,3.3488200109450195,4.619723794295797,2.02041541208624,7.4301561336489295,-0.4587714193568352,3.159008036659529,5.550181813629192,6.608363570653781,4.746529636600829,-1.0892829621137872,-3.7283384345881783,5.652046463477071,5.016370726728879,-0.9683303679709868,0.1956111812329322,7.256118042143913,4.32172498896795,-3.140552658573566,-2.0796814243834865,-1.9878739088685429,-3.951481485903513,3.28016474930442,5.994811587818812,-1.7824299998166204,-0.7326080610321926,1.8963988399445768,6.755847624172832,-1.4562143428912957,3.369869902739801,1.874516128854693,5.981477413933764,6.419981708544383,-4.421483615154124,-3.7283384345881783,-1.4257551415921528,-2.293255433106493,0.3041287593788268,4.841634942648462,2.879930062523353,-4.421483615154124,-3.546017211126946,3.053398006081074,4.440089292158124,-1.020290100150644,-3.833698728024252,0.5385559208845622,4.958798042893442,2.101193251254477,-0.7326080610321926,-3.2583355553412243,2.7937523665251502,5.474733601599417,-1.4459578448280406,2.46361297736286,-1.661477421948678,0.0671487995298351,-4.239162725024391,3.928753305551005,1.6570716479786944,0.1776645387578522,2.3972178513750424,-2.005573479702281,5.919880604873977,-3.833698728024252,-1.856537949992327,1.2032516665996384,-3.086485495782759,0.2753497958641409,1.9538778689661709,0.0603843997463417,-3.833698728024252,-0.9433290688910576,-1.5422889331290086,5.7361303970855095,3.26044168488267,6.470581563033286,-1.000487475468843,2.083399187559555,3.1737991076215857,-3.3228739931455697,2.313817231590173,-3.3918667693945577,2.9733742034390174,2.149955420015269,4.651152687792369,-2.8528708638992923,2.219172230217281,-1.8877904837284245,-3.633028436601689,-1.6871198459863146,0.4305426800234928,-2.4200070743956053,3.929792659354552,-2.475576894662402,-0.889261854118507,-3.4659746316583324,-2.663629007938816,2.921679850900121,-3.633028436601689,-0.9189376187417606,-1.8412704825235413,-3.7283384345881783,-0.7630672654241177,-3.140552658573566,-2.895430442086236,-1.9365806320248455,-0.9249799324675296,-2.4200070743956053,-2.3673633686301963,-0.6982066376965024,0.6844578829968806,-2.0990995026991124,1.10157204005426,-0.2943531655849054,-1.4665771277790762,4.271304587974405
CRR1090920,1,3.3763484888019817,-0.0561959201634211,-2.044908256156233,4.406753941755112,4.359611160838536,-3.228677427995388,3.750094006131513,-1.8423840668746632,-2.84568559998123,-3.8572849207533295,-0.1559853849093191,3.643518423635189,8.490128524856217,-1.0094751323453113,1.911814527833039,-1.448092367978826,1.2425790223178947,4.096733667405949,1.627509523113893,2.784547280823241,-3.37177806650815,-3.634141869437996,2.17998666835922,-1.7026221679777518,-1.1660441684728655,5.517083238259859,7.250687803582352,-3.739502162874069,2.29969157013196,-2.5027411127838133,-0.4436674367849698,-2.3532094684185303,-2.00490293754893,-1.7778455665704187,-3.37177806650815,6.007875017594138,-3.739502162874069,2.1673700997594896,-1.1660441684728655,-0.2263018788300086,-3.5388318714515057,3.310521765493763,5.20785375402284,-0.0845264251843046,3.61051212721338,-3.046356093423383,-2.678631655178086,5.539034469058991,-1.809594254804357,-2.00490293754893,-2.9409956888765505,-0.213143795118186,-2.8012338769360525,-2.89220557232612,-0.1969359859421279,-2.992288930632576,-3.297670204244375,-2.065527534855571,-3.634141869437996,-2.2478490083162304,3.68373233051764,3.3037525683987448,-3.634141869437996,7.761440712136631,-3.9908159562359526,-3.634141869437996,-3.634141869437996,-0.3383069293575955,-1.6740488036986252,-3.634141869437996,0.919733043217176,-0.0124731115395753,2.0626139969969026,-2.678631655178086,1.2029313893953058,-2.569432442788633,-2.8012338769360525,-1.809594254804357,-0.4519319459518383,6.381680805631924,-2.75867429874911,4.692808490825556,-2.47099243463051,-1.0463796838323594,3.164689004552106,3.9449218965189887,-2.89220557232612,1.4385268281110406,-0.3645748542066527,-2.5027411127838133,-2.678631655178086,6.978265782824657,4.479941434044342,-0.9950863969636048,-3.634141869437996,6.4597822080786935,-3.37177806650815,4.041402134029926,5.607985825223336,5.596606788507767,3.6774752376228017,-3.046356093423383,-1.985484859233304,-1.89367734371836,-3.8572849207533295,3.7375969677238574,6.9786004054423465,-1.6882334346664378,5.428229994808428,2.99442646999241,7.35758908753576,-1.362017777741113,6.825479136032497,3.060418191560347,4.103210714114034,4.087204744068478,-4.3272870500039415,2.040553031188526,-1.3315585764419702,1.9605675176007875,0.3983253245290095,4.239301644476504,6.503925566634261,-4.3272870500039415,8.152002101810227,5.776390721032486,-2.569432442788633,-0.9260935350004614,-3.739502162874069,0.6327524860347448,4.056690698520686,-1.89367734371836,-0.6384114958820098,-3.164138990191041,1.133145183035333,3.5066260822398974,-1.351761279677858,-0.0960872469171102,-1.5672808567984953,0.1613453646800177,1.7631134540249151,-1.9477445454954656,-3.103514441903929,0.2718611039080347,3.5679214697782338,2.4922885424511905,7.992683330920242,-3.739502162874069,-1.7623413848421443,1.297448231749821,-2.992288930632576,3.260931358414288,-1.149237052981343,-3.9908159562359526,-3.739502162874069,-0.8491325037408751,3.5599926377668263,3.968556973045669,5.353577813711561,7.208315249236447,-0.9062909103186604,-2.640891355685246,5.756282228559605,-3.228677427995388,-2.47099243463051,3.946861959411725,3.0675707685892,-1.393433967394103,-2.1525388739664293,0.1944975705313588,-1.1004468967484176,-1.793593918578242,-3.5388318714515057,-1.592923280836132,1.2178864101086209,-2.3258105092454224,5.560351633181544,-2.38138032951222,-0.7950652889683243,-3.37177806650815,-2.569432442788633,-1.6462692473090854,-3.5388318714515057,-0.824741053591578,-1.7470739173733592,-3.634141869437996,-0.6688707002739354,-3.046356093423383,-2.8012338769360525,-1.8423840668746632,-0.8307833673173473,-1.6326635989556382,-2.273166803480014,-0.6040100725463198,0.7786544481470632,-2.00490293754893,1.01408582516963,3.151669741000275,-1.3723805626288936,4.365501153124588
