feature,p_value,u_stat,cohens_d,cohens_d_raw,log2_fc,ad_mean,control_mean,direction,p_adj
g__Pyramidobacter,0.6070705773639357,3665.0,0.025355164586838664,0.025355164586838664,0.0,-1.459504364486246,-1.511249491741957,up,0.6790719714233792
g__Alistipes,0.027774899532919617,4603.0,0.3483492125603984,0.3483492125603984,0.3043966272310551,5.850599097654425,4.737702918624173,up,0.21800916704620776
g__Prevotella,0.4895712435200428,4082.0,0.21375894923241917,0.21375894923241917,0.0,-0.8912331157002504,-1.6696524990568171,up,0.5736510794960793
g__Porphyromonas,0.7183192725577139,3968.0,0.25926323934156104,0.25926323934156104,0.0,-1.933202410437049,-2.2643533329336347,up,0.7755590799107978
g__Parabacteroides,0.4147449125407816,4125.0,0.07319802144275041,0.07319802144275041,0.0518149362875817,4.887561172012177,4.715137435586016,up,0.5069690036394306
g__Phocaeicola,0.7379035886430696,3959.0,0.12829546134834882,0.12829546134834882,0.06236579181132839,6.736139978041692,6.451149839147688,up,0.7922580940565099
g__Collinsella,0.4932199620204014,4080.0,0.17429609692556616,0.17429609692556616,0.25165650400602096,3.7013908348949034,3.1089145753110667,up,0.5772233618778907
g__Methanobrevibacter,0.4504109237838483,3582.0,0.086994401314651,0.086994401314651,0.0,-0.8760139449353915,-1.0273771942221603,up,0.5382550418385864
g__Bacteroides,0.9803528730016953,3852.0,0.0717024894766406,0.0717024894766406,0.024228790442566303,7.44988629044506,7.32581675783916,up,0.9844462044129758
g__Gemmiger,0.6254192581915899,4012.0,0.18461859928714675,0.18461859928714675,0.3881628627476505,3.4323481498662853,2.6226640780414296,up,0.694749799515369
g__Oscillospiraceae_unclassified,0.4434864698541091,4108.0,0.18507645123508393,0.18507645123508393,0.41334879747304487,2.6363067457736733,1.979545799519866,up,0.5332924799995662
g__Odoribacter,0.003415259566984686,4854.0,0.4585571930885945,0.4585571930885945,2.490989461594865,1.922501132805482,0.3419826375944556,up,0.21800916704620776
g__Phascolarctobacterium,0.6860917541925545,3703.0,0.006658032657881372,-0.006658032657881372,-0.013186260934484276,2.7566229269850457,2.781934010228143,down,0.7491716998107122
g__Vescimonas,0.03262142480563661,4581.0,0.377232505960379,0.377232505960379,0.0,1.1977692869737389,-0.16588938849253612,up,0.21800916704620776
g__Ruthenibacterium,0.8676917940820186,3785.0,0.06488511903201619,0.06488511903201619,0.055755348244000524,4.177722674551886,4.019347680510482,up,0.9043548276347799
g__GGB9715,0.07888815727222974,4450.0,0.29786788251937685,0.29786788251937685,0.6583374506800208,2.618953728625182,1.6593901411225935,up,0.21800916704620776
g__Ruminococcus,0.8517611815276797,3778.0,0.016510611476747972,0.016510611476747972,0.012075896766100902,5.87011350851172,5.821183531002468,up,0.8925863361978517
g__GGB9480,0.03954344679156015,3132.0,0.12822344566406665,-0.12822344566406665,0.0,-0.06677860388000235,0.1633168059084012,down,0.21800916704620776
g__Blautia,0.29627548842774787,3482.0,0.11651765065915647,-0.11651765065915647,-0.02906945256178152,6.801647444531072,6.940086671831863,down,0.39530793324201585
g__Evtepia,0.4968831959752986,4078.0,0.17386413880094434,0.17386413880094434,0.4023195481489727,2.0200857047522582,1.528479236654461,up,0.5808039301679675
g__Anaerobutyricum,0.3637283680454466,4157.0,0.2555471324637601,0.2555471324637601,0.18092635266177814,5.51070237553736,4.8611911315465415,up,0.4585933028305631
g__Butyricimonas,0.018572374933173992,4656.0,0.4435831076171543,0.4435831076171543,0.0,0.9927722553211543,-0.35965474995078256,up,0.21800916704620776
g__Faecalibacterium,0.3471389464548502,4168.0,0.3354487453283593,0.3354487453283593,0.2609995970989046,6.51652870597356,5.438105204748697,up,0.44526355531942124
g__Hungatella,0.3412277324083528,3514.0,0.08666579470178323,-0.08666579470178323,0.0,-0.9900785146649874,-0.6718427481387605,down,0.4400282554649268
g__Desulfovibrio,0.3441752392362152,3516.0,0.12175930295370652,0.12175930295370652,0.0,-1.0186051518331847,-1.338647707150824,up,0.4426424868251858
g__Mediterraneibacter,0.3471389464548502,3518.0,0.11618263360978566,-0.11618263360978566,-0.03394347891216845,6.286732586187853,6.436399505643045,down,0.44526355531942124
g__Christensenella,0.6111272638217942,3667.0,0.060601364577513216,-0.060601364577513216,0.0,-0.29006421269055777,-0.11998544915734925,down,0.6820236981398677
g__GGB9760,0.279200158517397,4217.0,0.2972616095852181,0.2972616095852181,0.84465340181968,1.4937051115328082,0.8317615825747844,up,0.37670484220720324
g__Lentihominibacter,0.3353813582524481,4176.0,0.19669729542428463,0.19669729542428463,1.177172626060957,1.0844968361645535,0.4795832636913323,up,0.4342353521384321
g__Clostridium,0.473333339550432,4091.0,0.1623441178802684,0.1623441178802684,0.058025075051962416,5.4167916460593695,5.203251797358118,up,0.5573398686016102
g__GGB3518,0.13529969479510248,3327.0,0.2231904703786895,-0.2231904703786895,-0.018736819333273504,3.956370791323108,4.008088769875464,down,0.238385176543752
g__Ligilactobacillus,0.4383332856248051,4111.0,0.13933399857475348,0.13933399857475348,0.0,-0.3528323227415571,-0.8248292339769953,up,0.5290798253087359
g__Eggerthella,0.09429695798259378,3265.0,0.2470287135352704,-0.2470287135352704,-0.3769654575481416,2.454027262746595,3.1868182326419507,down,0.21800916704620776
g__Holdemanella,0.7053642013849462,3712.0,0.13071477540953666,0.13071477540953666,0.22189257987431413,1.707447990990093,1.4640339961965805,up,0.7667348720139189
g__Dorea,0.5381171107943973,3630.0,0.04062461809250776,0.04062461809250776,0.032366937144817545,4.774337009958126,4.668417116389751,up,0.6170067468226582
g__Anaerotruncus,0.2715494739920127,4223.0,0.22131926728891219,0.22131926728891219,0.0,0.41538636672046086,-0.24263360668977899,up,0.3705398496174698
g__Raoultibacter,0.8540334412764802,3779.0,0.08439190834864302,0.08439190834864302,0.0,-0.474489192625275,-0.7151769130945933,up,0.8939936567007334
g__GGB1215,0.1001386628758888,3275.0,0.253969086699911,-0.253969086699911,-0.022425159620994325,3.6887248224473965,3.74651006722334,down,0.21800916704620776
g__Candidatus_Cibionibacter,0.5210433741188695,4065.0,0.18509573967082668,0.18509573967082668,0.23638191745048087,4.160565058254,3.531785098473518,up,0.6024564013249428
g__Streptococcus,0.03844527095133511,3128.0,0.3435343636681693,-0.3435343636681693,-0.20088233834152877,4.810917038804291,5.529673349314546,down,0.21800916704620776
g__Erysipelatoclostridium,0.033818781015353065,3110.0,0.34361376609111643,-0.34361376609111643,-0.6134540566072009,2.0449020112525593,3.128531802530724,down,0.21800916704620776
g__GGB3433,0.07360779539964395,3225.0,0.13318565637429436,-0.13318565637429436,0.0,-0.4388502234036087,-0.22810685984924417,down,0.21800916704620776
g__Bilophila,0.8268515266939099,3767.0,0.007120232711819464,0.007120232711819464,0.0157171788451601,1.921049557922168,1.9002346208983394,up,0.8741001853621334
g__Coprococcus,0.3516148586125657,4165.0,0.1719817530435345,0.1719817530435345,0.17366777279927995,4.014572444736348,3.559263086198556,up,0.4486120609884459
g__Gordonibacter,0.06601870977334973,4478.0,0.2968943364043209,0.2968943364043209,0.0,0.8388080893000714,-0.03742920006397075,up,0.21800916704620776
g__Escherichia,0.5889662849631285,3656.0,0.07589695079071568,-0.07589695079071568,-0.10203360472935417,3.4964577610953507,3.7526966686691123,down,0.660356137685932
g__Eubacteriaceae_unclassified,0.9711105609074834,3830.0,0.061858883759796375,0.061858883759796375,0.7849186931941962,0.5001763493173471,0.2902946831131539,up,0.9772053970638065
g__Diplocloster,0.7032131834559386,3711.0,0.15163622927401627,0.15163622927401627,0.0,-2.0388250396126306,-2.236214976148606,up,0.7652614055255802
g__GGB3653,0.6754714402933121,3698.0,0.03214389193186405,0.03214389193186405,0.14257617673383877,0.9531728838388605,0.8634793840202287,up,0.7426326006424757
g__GGB9176,0.35011884305234764,3520.0,0.11572532086763046,0.11572532086763046,0.0,-1.837762748774462,-1.948203789200433,up,0.4478913923089872
g__Wujia,0.3140358387544807,4191.0,0.2555483147549104,0.2555483147549104,2.2282569635596112,0.8900892594178501,0.18995965686468316,up,0.4138390094271376
g__Corynebacterium,0.9664907817104391,3828.0,0.08947751129329337,0.08947751129329337,0.0,-2.398478695157377,-2.591136039947976,up,0.9759016962259213
g__Romboutsia,0.7887036414054023,3936.0,0.00031526863083600486,-0.00031526863083600486,-0.0005506532464991398,2.342279020863362,2.343173201328748,down,0.8402357730143931
g__GGB3345,0.2297882232463765,3428.0,0.09726999222707546,-0.09726999222707546,-0.22131733095332873,1.047320639876154,1.220963883519498,down,0.32556151806040384
g__Limosilactobacillus,0.3140358387544807,4191.0,0.24770497207159056,0.24770497207159056,0.0,0.6168399583415273,-0.14579772457048912,up,0.4138390094271376
g__Agathobaculum,0.014649825698882919,3000.0,0.2542137930876906,-0.2542137930876906,-0.15146957742356074,4.448691247235102,4.941162669513637,down,0.21800916704620776
g__Bifidobacterium,0.32673350969105197,3504.0,0.1279534956405701,-0.1279534956405701,-0.10705211133187781,5.50738972153206,5.931597948804413,down,0.42648254589252643
g__GGB4659,0.06105962332664942,3196.0,0.22029643492113513,-0.22029643492113513,0.0,-0.2755344998336447,-0.19468283610030984,down,0.21800916704620776
g__Roseburia,0.5229265895240746,4064.0,0.10074550965070254,0.10074550965070254,0.06814656864218199,5.866792370667991,5.596114054595061,up,0.6039080181538532
g__Intestinimonas,0.729177556568831,3963.0,0.1060807504692788,0.1060807504692788,0.0,-0.09046717421672766,-0.35412162596132507,up,0.7846407264197041
g__Candidatus_Nanosynsacchari,0.399985445061832,3552.0,0.16160573604336337,-0.16160573604336337,0.0,-0.48228765070617113,-0.05268813047687276,down,0.49205370607350685
g__Segatella,0.9688005404321776,3829.0,0.13677333039802986,0.13677333039802986,1.7896298958052874,0.7796201057146638,0.22550218321535745,up,0.9759016962259213
g__GGB41458,0.8882523319279683,3892.0,0.13203770085200617,0.13203770085200617,0.3024825054232788,0.7961312252856353,0.6455477184496032,up,0.9198048905432782
g__Lachnoclostridium,0.3983652271975089,3551.0,0.07155899468003861,-0.07155899468003861,-0.42741966549208565,0.7583973903139968,1.019912630202067,down,0.4919478158716349
g__Lachnospiraceae_unclassified,0.1133440373440132,3296.0,0.2325239303963187,-0.2325239303963187,-0.1858121966801133,5.037031380887179,5.729407355748678,down,0.21800916704620776
g__Faecalibacillus,0.8245952321570127,3766.0,0.017283483712033722,0.017283483712033722,0.04431681572246461,2.211278059343208,2.1443845323459714,up,0.8726739420627571
g__GGB1456,0.9295860094299646,3812.0,0.28623518931078124,0.28623518931078124,0.0,-3.5532201998926896,-3.9575979507497334,up,0.9483157381459448
g__GGB9237,0.7118313383427577,3971.0,0.17579093190727235,0.17579093190727235,0.0,-1.6474588094602327,-1.9127446586829073,up,0.7720200084393832
g__Anaerofustis,0.9295860094299646,3812.0,0.1418069995964065,0.1418069995964065,0.0,-2.318621565012662,-2.6608611284312707,up,0.9483157381459448
g__Faecalicatena,0.11467010241723609,3298.0,0.2296600286256164,-0.2296600286256164,-0.3117353358184491,2.805008187638386,3.481575520185634,down,0.21800916704620776
g__Lachnospira,0.009634433026793367,2949.0,0.34948135491041804,-0.34948135491041804,-0.5419221902069106,2.3616208471664732,3.4383098266119956,down,0.21800916704620776
g__Eubacterium,0.4434864698541091,4108.0,0.10769004143257654,0.10769004143257654,0.07991760396562649,4.6514281685217345,4.400770519201204,up,0.5332924799995662
g__GGB9545,0.7075175768592604,3973.0,0.3265643384624068,0.3265643384624068,0.0,-1.0856843803599219,-1.381379769756764,up,0.7682075721654724
g__Coprobacillus,0.15783138193896173,3355.0,0.11915900362117748,-0.11915900362117748,0.0,-1.4705862718557858,-1.1572383283492886,down,0.25338177703987036
g__Candidatus_Saccharibacteria_unclassified,0.007721548735381545,2923.0,0.4668436056581483,-0.4668436056581483,-1.0903575740532687,1.001202771843466,2.131829065323905,down,0.21800916704620776
g__Candidatus_Nanoperiomorbus,0.9364965338197832,3815.0,0.05313663082589929,0.05313663082589929,0.0,-2.176751349606315,-2.2616413773518973,up,0.952335798662401
g__Anaerostipes,0.2253235248756229,3424.0,0.07482101390628072,-0.07482101390628072,-0.04703387230959889,5.220999260751906,5.394016096269115,down,0.32065270847684796
g__Fusicatenibacter,0.5400313806932946,3631.0,0.008804976064167361,0.008804976064167361,0.006321479253187043,4.819364964433158,4.798294075199236,up,0.6177291179868601
g__GGB2998,0.20085129741137542,4285.0,0.3276491154291465,0.3276491154291465,0.0,-2.2029848861507006,-2.919033510549878,up,0.29910053886957144
g__GGB12798,0.31543044299074807,3496.0,0.0893942306573053,-0.0893942306573053,0.0,-2.425722679083409,-2.218277449579615,down,0.4151081889974004
g__Enterococcus,0.8905417457709865,3795.0,0.01929844501329683,0.01929844501329683,0.0,-0.8433743390617108,-0.9232444213541262,up,0.9211840423996657
g__Provencibacterium,0.9526388096249886,3822.0,0.2311809791293711,0.2311809791293711,0.0,-1.970854079327147,-2.2746204260644673,up,0.9656886563321802
g__Lactobacillus,0.14146764416600616,4351.0,0.36769176311595886,0.36769176311595886,0.0,0.38926723288256565,-0.6494889202508549,up,0.24389224675214682
g__Holdemania,0.4264439899969249,4118.0,0.16516654527204985,0.16516654527204985,0.4504927299243897,1.3345874547606027,0.9766415876272266,up,0.5179786848194972
g__GGB3429,0.5191636568575981,3620.0,0.1331605165699938,0.1331605165699938,0.0,-0.9855463005193199,-1.114127708691887,up,0.6010053404296142
g__GGB3061,0.840418698465276,3773.0,0.21378467276244098,0.21378467276244098,0.0,-1.0762468677630406,-1.3635089688470932,up,0.8826231309209557
g__Acidaminococcus,0.28178265060301066,3471.0,0.09585043359058078,-0.09585043359058078,0.0,-0.2100391954754069,-0.06643965593043365,down,0.37912574808405075
g__Congzhengia,0.12218290420673283,3309.0,0.1127302941801329,-0.1127302941801329,0.0,-0.34439463014335353,-0.2698122730909894,down,0.2243128890207576
g__Coprobacter,0.5889662849631285,4030.0,0.22462905109152714,0.22462905109152714,0.0,-0.09123776883162296,-0.46797320756515753,up,0.660356137685932
g__Oscillibacter,0.008630729912694052,4750.0,0.4101182170715098,0.4101182170715098,1.0021719982903552,3.251563883406651,1.6233361449838228,up,0.21800916704620776
g__Dysosmobacter,0.4486740918451758,4105.0,0.14550532763258475,0.14550532763258475,0.4904967499031222,1.5807740796404626,1.1251633348141328,up,0.5381851326122932
g__Simiaoa,0.9157813944678134,3806.0,0.03946896169553407,0.03946896169553407,0.17929144870913793,1.1727215947152727,1.0356733911974183,up,0.9382126746304968
g__Enterocloster,0.8608574155628158,3782.0,0.13960364162644165,-0.13960364162644165,-0.23002035458334022,2.7596509099303894,3.2366606996699736,down,0.898204808862721
g__Emergencia,0.270288454191977,3462.0,0.03368459631341761,-0.03368459631341761,0.0,-2.0562431812437603,-2.0033651854479553,down,0.3698684109995475
g__Brotolimicola,0.6315881922117235,3677.0,0.04503179411946642,-0.04503179411946642,-0.053714026971078806,2.735512982592286,2.839280590355661,down,0.699985991829122
g__Intestinibacter,0.11940766100016498,3305.0,0.19474618474371952,-0.19474618474371952,-1.4445984355890675,0.3357657231300528,0.9139108211629537,down,0.2217570847145921
g__Parascardovia,0.8768196165248646,3789.0,0.20228773675425632,0.20228773675425632,0.0,-3.1097111649134113,-3.4760130811519465,up,0.9099249957895574
g__Jilunia,0.5457945588135373,3634.0,0.3159948553483911,0.3159948553483911,0.0,-2.9996604350988516,-3.5024454316765827,up,0.6213661131107964
g__Megamonas,0.40978967770556185,4128.0,0.4003755693060403,0.4003755693060403,0.0,-1.0307529647770284,-2.2624807493079175,up,0.5015491984131686
g__Varibaculum,0.10255466306859409,3279.0,0.1656902901215707,-0.1656902901215707,0.0,-0.05487309931269821,-0.010419902399899254,down,0.21800916704620776
g__Fumia,0.8974153898208029,3798.0,0.20751586703118463,0.20751586703118463,0.0,-3.976231803462171,-4.372855690927575,up,0.9253093301260583
g__Actinomyces,0.059086436803802586,3191.0,0.25868013549569824,-0.25868013549569824,-1.0867150965779204,0.6772037884653067,1.4383123841130334,down,0.21800916704620776
g__GGB2848,0.3112588160956995,3493.0,0.012686754030038157,0.012686754030038157,0.0,-3.207775901292445,-3.2252514774031367,up,0.4118720510097152
g__Wansuia,0.42813085652804783,4117.0,0.14740129858392792,0.14740129858392792,0.0,-1.502896590657072,-1.8932726443080052,up,0.5187177380100529
g__Bianquea,0.36833743737163716,3532.0,0.052850414305450344,0.052850414305450344,0.0,-2.397129074165897,-2.477348617081237,up,0.4631903460804117
g__GGB88417,0.06774373476323782,3212.0,0.2134065765042378,-0.2134065765042378,0.0,-2.8966762368732897,-2.814391163035514,down,0.21800916704620776
g__GGB3632,0.0066624394770311264,2906.0,0.185560223735519,-0.185560223735519,0.0,-0.17433106239250443,0.08620248731336991,down,0.21800916704620776
g__Flavonifractor,0.399985445061832,3552.0,0.07734025272548693,-0.07734025272548693,-0.08299255786935893,3.4085557516462206,3.610386122740356,down,0.49205370607350685
g__Paraprevotella,0.15444885094078656,3351.0,0.09718634885086266,-0.09718634885086266,-0.41449933177922593,0.6933868841119492,0.9241710383133447,down,0.25286213295973387
g__Olsenella,0.9134829788956396,3805.0,0.006030478464755678,0.006030478464755678,0.0,-1.7683088649697212,-1.7830937942345093,up,0.9368556777159971
g__Clostridiaceae_unclassified,0.1120300827405705,3294.0,0.10545938861240557,-0.10545938861240557,-0.08497309757256208,4.4727784213614,4.74413277510443,down,0.21800916704620776
g__Candidatus_Nanosynbacter,0.17375000963371545,3373.0,0.08405692192242495,-0.08405692192242495,0.0,-1.8856829275799172,-1.7940325503201675,down,0.26872589914410655
g__Parasutterella,0.18119825962979708,3381.0,0.2049115287840542,-0.2049115287840542,-1.0223213770445163,0.6903557258959487,1.4022399336432165,down,0.27537555412932824
g__GGB4456,0.7576595264348832,3950.0,0.16230340273206356,0.16230340273206356,0.0,-1.019096772769128,-1.3645936819963171,up,0.8107546879091854
g__Lancefieldella,0.24473194311253998,3441.0,0.0931171435047314,-0.0931171435047314,0.0,-1.4741242625284914,-1.3000299560994673,down,0.34319552372341616
g__Neobittarella,0.840418698465276,3773.0,0.020206170747199288,0.020206170747199288,0.0,-2.253385369740756,-2.3068928353202782,up,0.8826231309209557
g__Schaalia,0.23660267119924383,3434.0,0.20816024222873117,-0.20816024222873117,0.0,-0.1877546234755662,0.3899319965827006,down,0.3332529570917607
g__Mogibacterium,0.1308116681410012,3321.0,0.22380998469547142,-0.22380998469547142,0.0,-0.661427315552272,-0.22432844524832993,down,0.235656975190343
g__Ndongobacter,0.1001386628758888,3275.0,0.25396909201835544,-0.25396909201835544,0.0,-1.5397062261438605,-1.4819209805839961,down,0.21800916704620776
g__Eubacteriales_Family_XIII_Incertae_Sedis_unclassified,0.03658581458801461,3121.0,0.3119940860798572,-0.3119940860798572,0.0,-2.3645793329362625,-1.600843803174827,down,0.21800916704620776
g__GGB31184,0.1001386628758888,3275.0,0.2539690933712392,-0.2539690933712392,0.0,-1.7652564690318933,-1.7074712232726184,down,0.21800916704620776
g__GGB4683,0.382381436477942,3541.0,0.09117760054117603,0.09117760054117603,0.0,-0.06614840374579282,-0.31817442110148886,up,0.47649085737277225
g__GGB3256,0.35311491686654994,3522.0,0.015365916084700544,-0.015365916084700544,0.0,-0.5126324699114548,-0.46189978030626266,down,0.4499292053319484
g__GGB4699,0.1308116681410012,3321.0,0.0654937125601342,0.0654937125601342,0.0,-1.421407027587883,-1.5282379763963951,up,0.235656975190343
g__Prevotellamassilia,0.08982301953978712,3257.0,0.19630053974601616,-0.19630053974601616,-0.01662643526419755,4.45922022258011,4.510908071535614,down,0.21800916704620776
g__GGB9342,0.9942208996776973,3846.0,0.17425774109665465,0.17425774109665465,1.070710921136529,0.5731388927829935,0.27286245133291986,up,0.995255468772055
g__Pseudoruminococcus,0.07267950407139409,3223.0,0.12789261003071886,-0.12789261003071886,0.0,-2.4772188911141866,-2.306908840274327,down,0.21800916704620776
g__GGB9699,0.5381171107943973,4056.0,0.12821326721237516,0.12821326721237516,2.1885506685073404,0.5054373979435469,0.11087866147679665,up,0.6170067468226582
g__GGB4578,0.04702714170000007,3157.0,0.15382077067143987,-0.15382077067143987,0.0,-0.5590210434624523,-0.2916898527513742,down,0.21800916704620776
g__GGB9634,0.6860917541925545,3703.0,0.055755910862024735,0.055755910862024735,0.34424182806693565,0.5207831090362727,0.41023222635167345,up,0.7491716998107122
g__GGB9730,0.9595632695919319,3861.0,0.053033766885301134,0.053033766885301134,0.11241124835626323,1.8175711108584935,1.6813272570199485,up,0.9716840687867774
g__Turicibacter,0.5323948096100658,3627.0,0.04790984608116508,0.04790984608116508,0.0,-0.5997171858225837,-0.7234816135246998,up,0.6119041897788331
g__Sutterella,0.5438701148216087,4053.0,0.1980623691043315,0.1980623691043315,0.0,0.13696318757548107,-0.44408131998998324,up,0.6213661131107964
g__GGB27106,0.1438355392821305,3338.0,0.1693989308539209,-0.1693989308539209,-0.025610276488356388,2.3763248924799045,2.418885319682329,down,0.24664846486525766
g__Klebsiella,0.8722535791390225,3787.0,0.012348972492187834,-0.012348972492187834,-0.03245923389438204,2.0749620816899745,2.1221758487183684,down,0.9071437223045833
g__GGB9365,0.526703477382442,4062.0,0.20503076501615544,0.20503076501615544,0.0,0.3523464151123732,-0.13540533355769452,up,0.6068128685531847
g__Oliverpabstia,0.9341924681584535,3814.0,0.06997859244598117,0.06997859244598117,0.4571431232096437,0.6387950371249603,0.46531573738016363,up,0.952005460136051
g__GGB4717,0.4048698163833925,3555.0,0.07987393446994297,0.07987393446994297,0.0,-1.3962908470501707,-1.4734191696928585,up,0.4974262622743596
g__Anaerotignum,0.8178351107884206,3923.0,0.04210861897392336,0.04210861897392336,0.10266030360005554,1.7815020266641435,1.6591379225100074,up,0.8674281990942234
g__GGB9767,0.8882523319279683,3892.0,0.19747319246159387,0.19747319246159387,0.0,-0.025918097344973374,-0.29358650386415314,up,0.9198048905432782
g__GGB51441,0.7139916931612236,3716.0,0.06647868549779758,-0.06647868549779758,0.0,-1.2466223653522737,-1.0449763571595774,down,0.7726209323071958
g__GGB74463,0.1604048879597516,3358.0,0.06569432107647198,0.06569432107647198,0.0,-2.388161601866243,-2.443488217764776,up,0.25338177703987036
g__GGB9547,0.2715494739920127,3463.0,0.041412600302513015,0.041412600302513015,0.02939521418572827,0.8237247080354928,0.8071109731908492,up,0.3705398496174698
g__GGB9770,0.08818999857094488,3254.0,0.032360754542360565,-0.032360754542360565,0.0,-0.2799653589717386,-0.23630863497442076,down,0.21800916704620776
g__Qingrenia,0.4697655759222146,3593.0,0.1823962179299811,0.1823962179299811,0.0,-1.0608750423016662,-1.1918379950174693,up,0.554496299432111
g__Anaeromassilibacillus,0.5457945588135373,4052.0,0.1784865305485675,0.1784865305485675,0.0,-0.4562603807992083,-0.8531431187072771,up,0.6213661131107964
g__GGB2982,0.12429722531719543,4374.0,0.3508489440166895,0.3508489440166895,0.0,-1.0525361428528786,-1.888993941963278,up,0.22732686455350193
g__GGB9707,0.2530552682899847,4238.0,0.2989479945401028,0.2989479945401028,0.0,-1.5468447067847058,-2.473043810876172,up,0.3522998091099353
g__Eubacteriales_unclassified,0.9988441702336037,3842.0,0.06903393776872534,0.06903393776872534,0.1285880715064068,1.9186893167039074,1.7550754477441806,up,0.9988441702336037
g__Ligaoa,0.15277837509615536,3349.0,0.01646277336572093,0.01646277336572093,0.0,-1.4889839959183702,-1.5044348652079378,up,0.25286213295973387
g__Tyzzerella,0.2264338482769519,3425.0,0.08735485759223162,-0.08735485759223162,-0.3176160442109812,0.9787892836205938,1.2198352023554893,down,0.32175681247035115
g__Massilioclostridium,0.5593594725157676,3641.0,0.14545967417642663,0.14545967417642663,0.0,-3.267020728933393,-3.519712028407653,up,0.6353055638254644
g__Hydrogeniiclostridium,0.31823183790362364,3498.0,0.04300157059863702,-0.04300157059863702,0.0,-2.1925278103445174,-2.1175785803365788,down,0.417652152883064
g__GGB9614,0.8178351107884206,3923.0,0.15271066726711036,0.15271066726711036,0.0,-1.5690407082204225,-1.9314462780603447,up,0.8674281990942234
g__Slackia,0.2677784757519288,3460.0,0.049716250334032076,-0.049716250334032076,0.0,-1.2661657187919901,-1.1744718840511743,down,0.3685306061135272
g__GGB9524,0.42813085652804783,4117.0,0.3216614068110165,0.3216614068110165,0.0,-2.310475017890826,-3.0122105196249485,up,0.5187177380100529
g__Haemophilus,0.006048662466381312,2895.0,0.332699729052132,-0.332699729052132,0.0,-0.25901906780399736,0.41058805288559846,down,0.21800916704620776
g__Lacrimispora,0.7032131834559386,3975.0,0.125695089148205,0.125695089148205,0.0,-0.12764983665923985,-0.5356847929720496,up,0.7652614055255802
g__GGB4657,0.1595435519401528,3357.0,0.05953851472808731,-0.05953851472808731,-0.017846779698849714,1.7381343008196886,1.7597693372614986,down,0.25338177703987036
g__GGB9561,0.9203803194130806,3808.0,0.11268862679920072,0.11268862679920072,0.0,-1.6209081139441377,-1.8962003017803633,up,0.9409201565094405
g__GGB4651,0.4164044972400347,3562.0,0.1424536728508244,0.1424536728508244,0.1698435892891001,0.7416431924659582,0.6592755955737564,up,0.5083516831788241
g__Pseudoflavonifractor,0.526703477382442,3624.0,0.029858072339987204,0.029858072339987204,0.0,-1.9179542419217843,-2.001179598782144,up,0.6068128685531847
g__GGB33586,0.9180805143365501,3879.0,0.20050409326791568,0.20050409326791568,0.0,-2.0214277581845477,-2.3733289056503546,up,0.9395675050976183
g__GGB9239,0.3003131524696929,3485.0,0.17105017907702544,0.17105017907702544,0.0,-1.239272741649222,-1.3531356314524337,up,0.3995867948490244
g__GGB9537,0.6213211248883355,3672.0,0.109637782464918,0.109637782464918,0.0,-0.8161307870286744,-0.9095263642658187,up,0.6909952857139638
g__Massiliimalia,0.027570200395938806,4604.0,0.36163880647654306,0.36163880647654306,0.0,-2.2353994168581353,-3.2023293451371213,up,0.21800916704620776
g__GGB9743,0.10377993362804876,3281.0,0.05158365846228382,-0.05158365846228382,0.0,-0.39060151127895637,-0.36592782544234936,down,0.21800916704620776
g__GGB35068,0.36067578647309806,3527.0,0.06268564657615767,-0.06268564657615767,0.0,-1.7201905577904022,-1.5998704688451706,down,0.45534134722719205
g__Jingyaoa,0.8585815767565479,3781.0,0.21389655272063343,0.21389655272063343,0.0,-1.510516840682962,-1.8163791826659474,up,0.8968029064492932
g__GGB2653,0.33392990399572364,3509.0,0.00017023907490991208,0.00017023907490991208,0.0,-1.318234309118063,-1.3185910705191914,up,0.4341088751944407
g__Clostridia_unclassified,0.1604048879597516,3358.0,0.1677855260046313,-0.1677855260046313,-8.066764352710969,0.002003454827958752,0.5371772269361167,down,0.25338177703987036
g__GGB52130,0.36988183697717403,4153.0,0.24444148732219548,0.24444148732219548,0.0,-1.9818054417529534,-2.5657910074997923,up,0.46391959214086237
g__GGB9091,0.11268555040941082,3295.0,0.25774321587581295,-0.25774321587581295,-0.12152456432417938,0.6575181809527805,0.7153034258120703,down,0.21800916704620776
g__Veillonella,0.3441752392362152,3516.0,0.11200545158650967,-0.11200545158650967,-0.5891060468186984,0.8760696615353626,1.3178841402610146,down,0.4426424868251858
g__Lawsonibacter,0.33392990399572364,4177.0,0.1846902724100352,0.1846902724100352,1.3888075697540285,0.7294087155579565,0.278546824398406,up,0.4341088751944407
g__GGB9765,0.15361188657070604,3350.0,0.07900188364839074,-0.07900188364839074,0.0,-2.0301274544131633,-1.954165718662005,down,0.25286213295973387
g__Bacteria_unclassified,0.380804973559531,4146.0,0.18306561260856583,0.18306561260856583,0.9148205692365905,0.8131263964602816,0.43129023751689044,up,0.47514187362421384
g__Anaerovorax,0.06906169377249158,3215.0,0.09908688239537587,-0.09908688239537587,0.0,-3.4200327281381986,-3.284572035128059,down,0.21800916704620776
g__GGB9616,0.9526388096249886,3864.0,0.04060414932327983,0.04060414932327983,0.0,-1.5112629185970425,-1.6126497093077596,up,0.9656886563321802
g__Colidextribacter,0.3140358387544807,3495.0,0.06949712662787724,-0.06949712662787724,0.0,-2.358378129659425,-2.2771829976423104,down,0.4138390094271376
g__GGB4552,0.3353813582524481,3510.0,0.057483047820945085,-0.057483047820945085,-0.2664250472786528,0.5349760639092513,0.6434818206444434,down,0.4342353521384321
g__GGB9501,0.027570200395938806,3082.0,0.19020083177953936,-0.19020083177953936,0.0,-1.4930020331953675,-1.2388197859258014,down,0.21800916704620776
g__Enterobacter,0.840418698465276,3913.0,0.18478851273677294,0.18478851273677294,0.0,-1.1154669775460262,-1.7612159706223578,up,0.8826231309209557
g__Luoshenia,0.5730859397919583,4038.0,0.23159210785752166,0.23159210785752166,0.0,-3.3819841797771826,-3.8315782816005486,up,0.6485984400939575
g__GGB3444,0.354619016113478,3523.0,0.143536110141975,-0.143536110141975,0.0,-1.8915767628074036,-1.648416168517506,down,0.45124800727667436
g__Anaerofilum,0.16653291311315033,3365.0,0.045894092520269554,-0.045894092520269554,0.0,-3.658998038835938,-3.5982866047100353,down,0.26007250392021203
g__GGB3304,0.7753547108460846,3744.0,0.06464652185663639,0.06464652185663639,0.0,-0.3933764694343073,-0.5834375564563262,up,0.828768035371037
g__GGB3321,0.51541475369472,4068.0,0.19935795267702155,0.19935795267702155,0.0,-0.30354301790573723,-0.586093119198852,up,0.5988272862974887
g__Lactonifactor,0.07645098466516617,3231.0,0.14251378449259544,-0.14251378449259544,0.0,-3.0155262506674805,-2.6675378116840376,down,0.21800916704620776
g__GGB9646,0.831368388817229,3769.0,0.10577405389940235,0.10577405389940235,0.0,-2.128246171167271,-2.302535732425535,up,0.877910417170334
g__GGB9491,0.51541475369472,3618.0,0.034941487292644735,-0.034941487292644735,0.0,-2.777060440390699,-2.6963386602732116,down,0.5988272862974887
g__GGB74505,0.03262142480563661,3105.0,0.40033756994071545,-0.40033756994071545,0.0,-2.38474767288957,-1.980018098276128,down,0.21800916704620776
g__Youxingia,0.5849772003018324,3654.0,0.06725989374687191,0.06725989374687191,0.0,-3.099085733950456,-3.1928352591828983,up,0.6597280969406363
g__GGB36267,0.9688005404321776,3857.0,0.16619666928745325,0.16619666928745325,0.0,-2.036713384941067,-2.2609240760092897,up,0.9759016962259213
g__Granulicatella,0.00283020453263481,2812.0,0.3933824082696572,-0.3933824082696572,0.0,-0.9421629581977313,0.13817929615301047,down,0.21800916704620776
g__GGB3005,0.3839618941349211,3542.0,0.07113785675038284,0.07113785675038284,0.0,-2.8261161026720725,-2.981726924500629,up,0.47784132232573623
g__GGB3892,0.46267484299863215,3589.0,0.06414734445682625,0.06414734445682625,0.0,-1.504642717665314,-1.5311920198782714,up,0.5488202206716204
g__GGB9719,0.5005608796472654,3610.0,0.029219199243963774,-0.029219199243963774,0.0,-0.6389155271692443,-0.5649455311257092,down,0.5843926774522685
g__Gehongia,0.6860917541925545,3703.0,0.0647767837233354,0.0647767837233354,0.0,-4.2220550727077155,-4.307363103635744,up,0.7491716998107122
g__Lachnotalea,0.6398534511962908,4005.0,0.21625766453876463,0.21625766453876463,0.0,-3.144177642758239,-3.5206507192431555,up,0.7067038117690376
g__GGB1266,0.3281646693961259,3505.0,0.1232137331557512,0.1232137331557512,0.05659282583898468,1.9570022247488452,1.8817207815918393,up,0.4277702059066031
g__GGB3619,0.7576595264348832,3736.0,0.09945605317111508,0.09945605317111508,0.0,-0.6351483332150484,-0.8904099767359399,up,0.8107546879091854
g__Akkermansia,0.18597226010362622,4300.0,0.2925398661353421,0.2925398661353421,1.611296425634461,1.7809076286221983,0.582898366438674,up,0.2808560662789457
g__GGB3109,0.9042967407195746,3801.0,0.04975043259191374,-0.04975043259191374,-0.08600609442019208,2.235544093609597,2.3728684093463053,down,0.9284241884442164
g__GGB9512,0.21983022296431887,3419.0,0.05268209805689611,-0.05268209805689611,-0.05371005129392444,1.274797061013186,1.3231509412104057,down,0.3151664299428834
g__Oxalobacter,0.6030259612486291,3663.0,0.12672811800734018,0.12672811800734018,0.0,-1.3622936460323571,-1.6556272616460563,up,0.6753329158570212
g__GGB6612,0.19780804967207244,3398.0,0.1364067343526509,-0.1364067343526509,-0.0419741602710729,1.6768293290126912,1.7263320871424288,down,0.29548345308157403
g__GGB6606,0.10439691634849585,3282.0,0.10614751857950208,-0.10614751857950208,-0.10435259492068362,0.8139265618262699,0.8749807183989337,down,0.21800916704620776
g__Barnesiella,0.036068827318457106,4567.0,0.4724758741037099,0.4724758741037099,0.0,-0.15489209434018036,-2.077317956464949,up,0.21800916704620776
g__GGB3363,0.9895978231553754,3838.0,0.1905333611950643,0.1905333611950643,0.0,0.3430861038929595,-0.23225744459239575,up,0.9926935410588854
g__Megasphaera,0.6172347050603704,3670.0,0.0646802066708269,0.0646802066708269,2.3822656852354616,0.22031043844381237,0.04225729038797145,up,0.6872451229954586
g__Jutongia,0.25911993881345174,3453.0,0.038784943458592916,-0.038784943458592916,0.0,-0.7094557956803824,-0.6211867831807978,down,0.35866673545113753
g__GGB9747,0.9780419991977409,3833.0,0.13810370034290864,0.13810370034290864,0.3853153557253683,1.0973027752205466,0.8401077628210611,up,0.9831519364976246
g__GGB9559,0.06267719746833793,3200.0,0.2528361086821062,-0.2528361086821062,0.0,-1.4812064036225225,-1.1087942762124006,down,0.21800916704620776
g__Hydrogenoanaerobacterium,0.8699721457430225,3900.0,0.13909224341817755,0.13909224341817755,0.0,-0.5637729526297351,-0.8733216100861755,up,0.9057502210008523
g__Phocea,0.15361188657070604,3350.0,0.11060160496134952,-0.11060160496134952,0.0,-2.1808457746479646,-1.8892573076550683,down,0.25286213295973387
g__Neglectibacter,0.10626535627595016,3285.0,0.08070143238765666,-0.08070143238765666,-0.13683411199805387,0.4377042224200664,0.48125129183077425,down,0.21800916704620776
g__Candidatus_Gastranaerophilales_unclassified,0.24238954529093604,3439.0,0.08770597009148895,0.08770597009148895,0.0,-1.8931548370289162,-1.9519244944451457,up,0.3404069234596795
g__GGB9766,0.9919093274613004,3839.0,0.17300148297899154,0.17300148297899154,1.4742487628518273,0.3445603551592064,0.1240144260674974,up,0.9939758052268448
g__GGB9359,0.5869701730575173,4031.0,0.366620352195614,0.366620352195614,0.0,-0.888947186393006,-1.5721605935382577,up,0.660356137685932
g__Actinobaculum,0.40814578766126575,3557.0,0.12174415691346668,-0.12174415691346668,0.0,-2.0929278334178596,-1.8200676012956554,down,0.5001735639874365
g__Propionibacterium,0.874536075623867,3788.0,0.08748880565921616,0.08748880565921616,0.0,-2.489010995948887,-2.669667604965172,up,0.9085353183047086
g__Dialister,0.26903145554701025,3461.0,0.04014332351020686,-0.04014332351020686,-0.32389719419003504,0.7361574511885953,0.9214536256925828,down,0.36972608605174834
g__Turicimonas,0.13379065356947706,3325.0,0.17752793439170605,-0.17752793439170605,0.0,-0.4299414448579015,-0.3355214655009821,down,0.2370287453661822
g__GGB33469,0.8997083423754283,3887.0,0.1895784351716967,0.1895784351716967,0.0,-1.3021238127337946,-1.6446966630133308,up,0.9256892249894781
g__Zhenpiania,0.9688005404321776,3857.0,0.0670772478918764,0.0670772478918764,0.0,-0.021558109249921263,-0.19447778252633155,up,0.9759016962259213
g__GGB58233,0.12009679795095178,3306.0,0.2134949461276234,-0.2134949461276234,0.0,-3.3984278486315214,-3.0678929736986844,down,0.22260716691486632
g__GGB9531,0.9020021323267332,3800.0,0.21128162636125905,0.21128162636125905,0.0,-1.2280502913347264,-1.551752772281011,up,0.9270577471135869
g__Faecalimonas,0.2297882232463765,3428.0,0.05755222712212082,-0.05755222712212082,-0.4369533931710761,0.44955964676312654,0.6085880204114101,down,0.32556151806040384
g__GGB3819,0.04066813505703245,3136.0,0.17748488709961316,-0.17748488709961316,0.0,-0.009063279461556295,0.19980414490218978,down,0.21800916704620776
g__Anaeroglobus,0.2566820959909729,3451.0,0.15896475056782183,-0.15896475056782183,0.0,-1.2478386566425959,-1.1201682723701374,down,0.3568326247735779
g__Staphylococcus,0.1519483092397985,3348.0,0.15754877401393655,-0.15754877401393655,0.0,-0.8707471712663065,-0.78115715098548,down,0.25286213295973387
g__Arachnia,0.1315515471077555,3322.0,0.10479067018023241,-0.10479067018023241,0.0,-2.893633213471401,-2.7763271367225344,down,0.23566590003288787
g__Fusobacterium,0.08088308306526154,3240.0,0.22710327821323412,-0.22710327821323412,0.0,-0.7434478697820079,-0.12392280028948285,down,0.21800916704620776
g__Lacticaseibacillus,0.5400313806932946,3631.0,0.011930876348999598,0.011930876348999598,0.0,-0.863250478423575,-0.8812211744312508,up,0.6177291179868601
g__GGB9759,0.2187431941159773,3418.0,0.0010033960023222571,0.0010033960023222571,0.0,-0.9365992783941177,-0.9382903037000515,up,0.3140760488650301
g__GGB3740,0.5889662849631285,3656.0,0.032024407685235776,0.032024407685235776,0.0,-0.25667865752342006,-0.34185493093380287,up,0.660356137685932
g__Leuconostoc,0.08038055136746912,3239.0,0.13973798370700893,-0.13973798370700893,0.0,-2.3127602556470452,-2.027561269327504,down,0.21800916704620776
g__Lactococcus,0.3919239896628194,3547.0,0.02283183682975773,-0.02283183682975773,0.0,-0.569943164872398,-0.5231148798191013,down,0.485239225296824
g__Amedibacillus,0.013406235932796903,2989.0,0.27633865653775663,-0.27633865653775663,0.0,-0.5453015170144728,-0.18086355351224304,down,0.21800916704620776
g__GGB3828,0.15868571895838213,3356.0,0.11777175332784964,-0.11777175332784964,0.0,-2.807877299611354,-2.6646712032644313,down,0.25338177703987036
g__GGB12785,0.08088308306526154,3240.0,0.26846701993518,-0.26846701993518,0.0,-3.088652331265288,-2.346323508956523,down,0.21800916704620776
g__Gardnerella,0.16653291311315033,3365.0,0.03665459175132534,0.03665459175132534,0.0,-3.767254143859824,-3.8052220284968654,up,0.26007250392021203
g__Gemella,0.0779058088418575,3234.0,0.19627455657081233,-0.19627455657081233,0.0,-1.3876763468948177,-0.9367887660115841,down,0.21800916704620776
g__GGB3278,0.059086436803802586,3191.0,0.11244942586872238,-0.11244942586872238,0.0,-2.0383333363555187,-1.6962683546435904,down,0.21800916704620776
g__GGB4684,0.2753566824692715,3466.0,0.011941135015581488,0.011941135015581488,0.08440681675664623,0.37207046209078626,0.3509265363824145,up,0.373088913430196
g__Adlercreutzia,0.5042529460673103,3612.0,0.08384007756668412,-0.08384007756668412,-0.2669611696351232,1.382437901611666,1.663446937726148,down,0.587989495899094
g__GGB9635,0.835890827789005,3915.0,0.24743663575482439,0.24743663575482439,0.0,-0.9742851194253487,-1.6987337635223807,up,0.8817181758037531
g__GGB9758,0.05241617240957175,4513.0,0.3887526608866773,0.3887526608866773,0.0,0.5720586890833678,-0.8593971533145004,up,0.21800916704620776
g__GGB9708,0.8043559093422237,3757.0,0.07974568782543176,0.07974568782543176,0.0,-1.1707601934088345,-1.4461501883623378,up,0.855016999764883
g__Mesosutterella,0.04734973414325949,3158.0,0.0685462889381029,-0.0685462889381029,0.0,-0.41361541562690335,-0.3039651038020469,down,0.21800916704620776
g__GGB4642,0.20808477057598496,3408.0,0.10013313313038347,-0.10013313313038347,-0.1988118454455521,0.6240005931612811,0.7161983753136906,down,0.30375955886812983
g__Allisonella,0.036068827318457106,3119.0,0.21992185460565544,-0.21992185460565544,0.0,-2.357027682208691,-1.7540592550265985,down,0.21800916704620776
g__GGB51647,0.6797119631908801,3700.0,0.02719489774186915,0.02719489774186915,0.30929124341574593,0.6273914726193383,0.5063288456063528,up,0.745590545712231
g__Rothia,0.11072817171986546,3292.0,0.1649147152395443,-0.1649147152395443,0.0,-1.0780819853283614,-0.5679728630483721,down,0.21800916704620776
g__GGB13493,0.4697655759222146,4093.0,0.2591471493290252,0.2591471493290252,0.0,-2.8293056796918985,-3.485268290350112,up,0.554496299432111
g__GGB9627,0.6691299570201464,3695.0,0.14908273287137294,0.14908273287137294,0.0,-1.3699733577966424,-1.6617002390783033,up,0.7365023096720605
g__GGB9618,0.5323948096100658,3627.0,0.10435628219152701,0.10435628219152701,0.0,-2.9299860782906633,-3.0994012129858164,up,0.6119041897788331
g__GGB3486,0.25911993881345174,3453.0,0.041721338930147914,0.041721338930147914,0.0,-1.1247269369286783,-1.1640589087831423,up,0.35866673545113753
g__GGB13404,0.46798728278491775,4094.0,0.19572483973598012,0.19572483973598012,0.0,-2.2670906137555016,-2.628829320707812,up,0.5544381355161218
g__GGB9784,0.48231760966488,3600.0,0.024981825489162415,0.024981825489162415,0.0,-0.01994043466019411,-0.03376026670512996,up,0.5665317954793829
g__GGB9509,0.1345435385774889,3326.0,0.06904128618524842,-0.06904128618524842,0.0,-1.3947999260305906,-1.3437256161552154,down,0.2374878607551272
g__GGB13489,0.5191636568575981,3620.0,0.05172826096710131,0.05172826096710131,0.0,-0.39861267796170674,-0.44624574190684124,up,0.6010053404296142
g__GGB51959,0.8997083423754283,3799.0,0.08820751010273105,0.08820751010273105,0.0,-2.672690364907143,-2.8637448823391742,up,0.9256892249894781
g__GGB9347,0.399985445061832,3552.0,0.10746163293105197,0.10746163293105197,0.0,-2.242647806146071,-2.4440422234564863,up,0.49205370607350685
g__Cetobacterium,0.11467010241723609,3298.0,0.26113999224472434,-0.26113999224472434,-0.01098182940678778,7.562455369081416,7.6202406138532215,down,0.21800916704620776
g__GGB4599,0.35612715458001565,3524.0,0.004048816505300079,0.004048816505300079,0.018242138883640607,0.5089643453238769,0.5025692686450046,up,0.4519714019867745
g__GGB9595,0.3368368691711272,4175.0,0.3946929362867421,0.3946929362867421,1.3183400053794738,0.8301420276039682,0.33288368877156765,up,0.4355336937400865
g__GGB4569,0.3486268718143575,3519.0,0.08570435609654198,0.08570435609654198,0.05407880744603879,2.0334325409972176,1.9586210878925525,up,0.446576632071121
g__GGB9813,0.9364965338197832,3815.0,0.2597190585509918,0.2597190585509918,0.0,-1.1003134398930485,-1.6845028363081305,up,0.952335798662401
g__GGB9593,0.5191636568575981,3620.0,0.09102188498153706,0.09102188498153706,0.0,-2.5579090473637356,-2.7869088863596136,up,0.6010053404296142
g__Senegalimassilia,0.5457945588135373,3634.0,0.030349715223652384,0.030349715223652384,0.03430530393106273,1.5605302890579256,1.5238607286433532,up,0.6213661131107964
g__GGB9424,0.25065730575056744,3446.0,0.017164660256850997,-0.017164660256850997,-0.010379005977875673,1.3892009054406835,1.3992311012975842,down,0.34946714222035635
g__GGB9602,0.6797119631908801,3986.0,0.14620230793481864,0.14620230793481864,1.2177471988071278,0.4655115986155021,0.20014837677956263,up,0.745590545712231
g__GGB2958,0.4065058324491163,3556.0,0.14359889341608068,0.14359889341608068,0.10084350527192111,1.2144954980022125,1.1325020304018607,up,0.4987992484898595
g__GGB9597,0.8494901516730615,3777.0,0.2476873306078064,0.2476873306078064,0.0,-0.39537190221067264,-0.6483444577307308,up,0.8911772365425138
g__Eisenbergiella,0.19083860709461598,3391.0,0.14247511949830366,-0.14247511949830366,0.0,-0.5570984420515593,-0.1336014687173034,down,0.28730319252741876
g__GGB1672,0.11467010241723609,3298.0,0.2611399922919104,-0.2611399922919104,-0.027315902196580897,3.02313824221594,3.0809234869958804,down,0.21800916704620776
g__Zhenhengia,0.1947986759877689,3395.0,0.02508350111193844,0.02508350111193844,0.0,-1.7815558757004226,-1.8037753029194517,up,0.29189458925270045
g__Cloacibacillus,0.0699519806207335,3217.0,0.015248644263648877,-0.015248644263648877,0.0,-3.003854691866371,-2.9742697286129762,down,0.21800916704620776
g__GGB9790,0.2578990196851567,3452.0,0.04556310608459977,0.04556310608459977,0.04109249393194857,0.9827058383502503,0.9551101557571873,up,0.3580070085672738
g__GGB3612,0.7161543431442259,3969.0,0.21236982260782938,0.21236982260782938,0.0,-1.4472805933779842,-1.8045425620039952,up,0.7740904248367925
g__GGB9502,0.2753566824692715,4220.0,0.3433694740957583,0.3433694740957583,0.0,0.06592145159719712,-0.305411490997562,up,0.373088913430196
g__GGB9608,0.21658073108879372,3416.0,0.02654683500440071,-0.02654683500440071,0.0,-1.6284158225214884,-1.5993554305213986,down,0.3119021905799694
g__GGB52283,0.1595435519401528,3357.0,0.19002518347459474,-0.19002518347459474,-0.14418678570710142,0.4297482830857425,0.4749180738697461,down,0.25338177703987036
g__Citrobacter,0.2412242782835592,3438.0,0.168842058675856,-0.168842058675856,0.0,-0.7656097203494737,-0.4422472222560961,down,0.33926572472044436
g__GGB53380,0.17192419602190856,3371.0,0.005075895397514372,-0.005075895397514372,0.0,-0.10924031374648145,-0.10727133073527972,down,0.2663302360274976
g__GGB9819,0.2231145544377331,3422.0,0.08356068367455713,-0.08356068367455713,0.0,-0.724756229759906,-0.6900201901833419,down,0.3184513373428772
g__GGB9786,0.04966037637988728,3165.0,0.16693997973252883,-0.16693997973252883,0.0,-0.7188878168221481,-0.5805831796362889,down,0.21800916704620776
g__GGB3593,0.30302521224486034,3487.0,0.09078557876144759,0.09078557876144759,0.0,-3.797995405044043,-3.8675643553242542,up,0.4026384726236956
g__GGB49418,0.6151959200329282,3669.0,0.12407982763203507,0.12407982763203507,0.0,-1.7436977963712705,-1.823738843848292,up,0.6857688007783047
g__Solobacterium,0.13379065356947706,3325.0,0.2552701612076418,-0.2552701612076418,0.0,-1.94347750231292,-1.420341777883838,down,0.2370287453661822
g__GGB9534,0.6336502464901651,4008.0,0.1884453635078201,0.1884453635078201,0.0,-2.180894976313226,-2.6294169420604434,up,0.7014632187842794
g__GGB2980,0.4383332856248051,3575.0,0.12707324554344088,0.12707324554344088,0.0,-2.5082325030147405,-2.7241372013823244,up,0.5290798253087359
g__GGB9444,0.23660267119924383,3434.0,0.14441626131093055,0.14441626131093055,0.0,-1.0723591679691398,-1.223773406831765,up,0.3332529570917607
g__GGB45656,0.08552156400182814,3249.0,0.2504227067530894,-0.2504227067530894,0.0,-1.16195467392597,-1.0273388536893042,down,0.21800916704620776
g__Dielma,0.6607112852409756,3691.0,0.2311423597174255,0.2311423597174255,0.0,-1.8202021080047337,-2.071879606034538,up,0.7280690222243053
g__Mammaliicoccus,0.13990576495256538,3333.0,0.263415470420968,-0.263415470420968,-2.747815199562152,0.016494389918621143,0.11079267659723807,down,0.24294105755301065
g__Atopobium,0.8951232935970244,3797.0,0.263512652476017,0.263512652476017,0.0,-2.687444819051143,-2.935805318913517,up,0.9249286879058405
g__Negativibacillus,0.006102277272246881,2896.0,0.39441752523129436,-0.39441752523129436,0.0,-1.0375730852235472,-0.32823215072016637,down,0.21800916704620776
g__GGB9253,0.6903574457962895,3705.0,0.1810398060904588,0.1810398060904588,0.0,-1.960819489462667,-2.1565311470559676,up,0.7529749011973136
g__GGB9590,0.9526388096249886,3864.0,0.17928359264123936,0.17928359264123936,0.0,-2.7181759486961643,-3.0116394547706524,up,0.9656886563321802
g__Peptostreptococcus,0.15783138193896173,3355.0,0.04756319657448642,-0.04756319657448642,0.0,-2.977143525049662,-2.895343630254044,down,0.25338177703987036
g__GGB2652,0.6315881922117235,3677.0,0.20044747953083702,0.20044747953083702,0.0,-3.60086079505331,-3.8357041514794084,up,0.699985991829122
g__GGB3616,0.11467010241723609,3298.0,0.07515632202088564,-0.07515632202088564,0.0,-1.9788561583397555,-1.9104052470167228,down,0.21800916704620776
g__GGB9773,0.09148029603150189,3260.0,0.12217937342074169,-0.12217937342074169,0.0,-2.6868397650290397,-2.6495732129944622,down,0.21800916704620776
g__GGB58067,0.10943823720290921,3290.0,0.13146288686699267,-0.13146288686699267,0.0,-3.564365227343995,-3.500273746047146,down,0.21800916704620776
g__GGB1495,0.10255466306859409,3279.0,0.11370404708714568,-0.11370404708714568,-0.035051035243602834,3.531123867838421,3.6179650347828285,down,0.21800916704620776
g__GGB1505,0.1604048879597516,3358.0,0.17037355606831672,-0.17037355606831672,0.0,-0.4640289543374775,-0.36339569731532645,down,0.25338177703987036
g__Bacteroidales_unclassified,0.033818781015353065,3110.0,0.3614064180672325,-0.3614064180672325,0.0,-1.2641162455895456,-1.060489020911564,down,0.21800916704620776
g__GGB4603,0.16742252448523254,3366.0,0.05663350360581528,-0.05663350360581528,0.0,-1.208760951081765,-1.1214618225458248,down,0.2606156449106694
g__GGB51269,0.031232691059829263,3099.0,0.20211334266499115,-0.20211334266499115,0.0,-1.8191772399735253,-1.5421006741911425,down,0.21800916704620776
g__GGB3491,0.0699519806207335,3217.0,0.3034800075230338,-0.3034800075230338,0.0,-0.5498762891897284,-0.2983135283004153,down,0.21800916704620776
g__GGB1123,0.039822114432301194,3133.0,0.338102721585606,-0.338102721585606,-0.026783353180568178,3.9741865731960657,4.048655688427916,down,0.21800916704620776
g__GGB3490,0.008630729912694052,2936.0,0.5193518095214026,-0.5193518095214026,-0.7640565125025677,0.41650477080168313,0.7073329817681971,down,0.21800916704620776
g__GGB32900,0.09544291105736223,3267.0,0.21615825442865977,-0.21615825442865977,-0.07663876613035771,1.4277189575176519,1.5056127839576954,down,0.21800916704620776
g__GGB28369,0.039822114432301194,3133.0,0.33810272157872984,-0.33810272157872984,-0.028622058476711496,3.716504789763691,3.790973904993743,down,0.21800916704620776
g__GGB3496,0.039822114432301194,3133.0,0.3381027215746004,-0.3381027215746004,-0.029631807867209613,3.5885988915549105,3.6630680067838832,down,0.21800916704620776
g__GGB3730,0.013083690111271019,2986.0,0.3509300058615669,-0.3509300058615669,-0.33607029155030393,0.5537580826054744,0.6990163219833884,down,0.21800916704620776
g__GGB4604,0.03309593864048275,3107.0,0.12867956574337894,-0.12867956574337894,-0.2223663246584831,0.6960697342751266,0.8120666671784575,down,0.21800916704620776
g__GGB9667,0.22421709506220588,3423.0,0.02760877278752691,-0.02760877278752691,0.0,-1.0925570957888167,-1.0685506589814937,down,0.31955088214791416
g__GGB9529,0.007655301669480737,2922.0,0.3933397114462011,-0.3933397114462011,0.0,-2.0659132024665428,-1.782292079744997,down,0.21800916704620776
g__GGB1663,0.14623370852878328,3341.0,0.057445709855253116,0.057445709855253116,0.03414608035086963,2.073466065981594,2.02496694237802,up,0.24942699929909487
g__Bittarella,0.02578573653820093,3073.0,0.22701281441979754,-0.22701281441979754,0.0,-2.78451831773239,-2.2844040690838137,down,0.21800916704620776
g__Fournierella,0.04299899471703094,3144.0,0.10982578443701237,-0.10982578443701237,0.0,-1.4348526645160546,-1.355985218846747,down,0.21800916704620776
g__Candidatus_Borkfalkia,0.04513017823509273,3151.0,0.19323401746470975,-0.19323401746470975,0.0,-1.072929463250932,-0.9905611549443327,down,0.21800916704620776
g__GGB31234,0.23204401955018572,3430.0,0.010792961730467981,-0.010792961730467981,0.0,-3.792438394379625,-3.783093313446034,down,0.3282740394224686
g__GGB3002,0.11008171159812104,3291.0,0.2194124036281226,-0.2194124036281226,-0.3003280050446421,0.2668105427369526,0.3285569999514439,down,0.21800916704620776
g__GGB3000,0.06308708139551314,3201.0,0.19472431458550923,-0.19472431458550923,-0.1444625979746899,0.5725878266269002,0.6328921162156917,down,0.21800916704620776
g__GGB45495,0.0363265371194196,3120.0,0.15193801365184473,-0.15193801365184473,0.0,-2.4307473822689416,-2.329340273101033,down,0.21800916704620776
g__GGB3537,0.028188231953687318,3085.0,0.0668597603895974,-0.0668597603895974,0.0,-1.4487637197093686,-1.3625725882665065,down,0.21800916704620776
g__GGB45613,0.4486740918451758,3581.0,0.03267079997101942,-0.03267079997101942,0.0,-2.6860324168133336,-2.6486166977047545,down,0.5381851326122932
g__GGB34228,0.15029848513441194,3346.0,0.0614128109579093,0.0614128109579093,0.0,-2.257375194242697,-2.311605398158898,up,0.2514559003466162
g__Guopingia,0.2922743125583731,4207.0,0.32525569320935893,0.32525569320935893,0.0,-2.9200858542116572,-3.4456761953218646,up,0.39105408717824053
g__Cuneatibacter,0.032152749747424145,3103.0,0.19373900534461194,-0.19373900534461194,0.0,-3.0282513092450536,-2.640202292090316,down,0.21800916704620776
g__GGB38744,0.09148029603150189,3260.0,0.15714255550038264,-0.15714255550038264,0.0,-3.719307334287169,-3.5227796012727244,down,0.21800916704620776
g__GGB3353,0.08447263172824392,3247.0,0.2621072211716318,-0.2621072211716318,0.0,-2.3787409974693494,-2.2855034414931756,down,0.21800916704620776
g__GGB3603,0.06066067797905514,3195.0,0.22162997911987362,-0.22162997911987362,-0.1646451646780636,0.4644850786099295,0.5206368458913793,down,0.21800916704620776
g__GGB9064,0.039822114432301194,3133.0,0.33810272009487796,-0.33810272009487796,0.0,-0.19581737388976606,-0.12134825904763472,down,0.21800916704620776
g__GGB9781,0.840418698465276,3773.0,0.16325890334884544,0.16325890334884544,0.0,-2.857471527486281,-3.1088520803852475,up,0.8826231309209557
g__Saccharomyces,0.039822114432301194,3133.0,0.1325417579136704,-0.1325417579136704,0.0,-1.2822314105649282,-1.187088857780294,down,0.21800916704620776
g__GGB6470,0.16742252448523254,3366.0,0.08362102727099385,-0.08362102727099385,0.0,-1.1608623337530606,-1.1334282596390168,down,0.2606156449106694
g__Comamonas,0.0983566170030757,3272.0,0.12850566661864884,-0.12850566661864884,0.0,-0.5232482957590869,-0.43299590229787266,down,0.21800916704620776
g__GGB9532,0.031460561789046035,3100.0,0.3140493593249831,-0.3140493593249831,0.0,-3.940782713832769,-3.548892209853168,down,0.21800916704620776
g__GGB52002,0.056413154203665106,3184.0,0.35853435400199696,-0.35853435400199696,0.0,-2.546510632919755,-2.4527722637369718,down,0.21800916704620776
g__Yeguia,0.057166472010423,3186.0,0.09178200513922817,-0.09178200513922817,0.0,-3.338981111587832,-3.2579719912142058,down,0.21800916704620776
g__GGB4585,0.3903236074758828,3546.0,0.0019826467644804575,0.0019826467644804575,0.012723902186507721,0.36434016636200867,0.3611409832051782,up,0.48388055462860724
g__Enorma,0.8585815767565479,3781.0,0.1909891166857728,0.1909891166857728,0.0,-2.2974071987417637,-2.6311700286397035,up,0.8968029064492932
g__GGB3340,0.04575520146426336,3153.0,0.21097116767580107,-0.21097116767580107,-0.5542618963532764,0.24355696742754893,0.35764323469552,down,0.21800916704620776
g__GGB3626,0.0387173557512328,3129.0,0.16815389634026928,-0.16815389634026928,0.0,-2.528312278654331,-2.3935049321383866,down,0.21800916704620776
g__Catenibacterium,0.09092516107482758,3259.0,0.04322893031736731,0.04322893031736731,0.0,-0.8903327281792179,-0.9379647623716789,up,0.21800916704620776
g__GGB4605,0.1271605894862276,3316.0,0.15868879543216452,-0.15868879543216452,0.0,-1.1863830246267861,-0.9301346091805341,down,0.23212236638662423
g__GGB3277,0.4697655759222146,3593.0,0.07793531892383496,0.07793531892383496,0.6885556619377087,0.5521064211872522,0.34256807736162903,up,0.554496299432111
g__GGB74802,0.03033531587377867,3095.0,0.3871352774079673,-0.3871352774079673,0.0,-1.3694971241762994,-1.2356390840013611,down,0.21800916704620776
g__Anaerosacchariphilus,0.270288454191977,3462.0,0.023754733432445125,0.023754733432445125,0.0,-3.6956906396189053,-3.7454777751559374,up,0.3698684109995475
g__Sellimonas,0.20496191073761916,3405.0,0.026498562260039257,-0.026498562260039257,0.0,-1.9204740232984536,-1.8343400294809815,down,0.3014883151828588
g__GGB3511,0.03581267785666972,3118.0,0.07345272596710815,-0.07345272596710815,0.0,-3.575597764676237,-3.4801126093031187,down,0.21800916704620776
g__GGB4549,0.1391298176228856,3332.0,0.03708295641351416,0.03708295641351416,0.0,-1.3761864263555625,-1.423512847874745,up,0.24246899375582598
g__GGB3175,0.24946429189434427,3445.0,0.03697265358011427,0.03697265358011427,0.0,-1.7369738625457989,-1.8243827992881045,up,0.3488148965150569
g__GGB33665,0.2028990217870278,3403.0,0.027038157721286298,0.027038157721286298,0.0,-0.2779938020140826,-0.2915012764909072,up,0.2993694155814735
g__GGB4706,0.13990576495256538,3333.0,0.17338074547188365,-0.17338074547188365,-0.018703251303974697,3.282959604592459,3.32579731695099,down,0.24294105755301065
g__GGB4588,0.7139916931612236,3716.0,0.17813066038989486,0.17813066038989486,0.39371231772429244,0.6686903267888569,0.5089859842295698,up,0.7726209323071958
g__GGB1096,0.38872720338896016,3545.0,0.025770146305705934,0.025770146305705934,0.00347869117528753,3.796708266560587,3.7875645011710297,up,0.48252331569055446
g__GGB4596,0.01351530217849307,2990.0,0.35914816001904826,-0.35914816001904826,0.0,-0.750797958217625,-0.2766171053222541,down,0.21800916704620776
g__GGB9290,0.5711152665155557,3647.0,0.2071885056722016,0.2071885056722016,0.0,-1.2298842951745408,-1.3901134481999662,up,0.6471294303745165
g__GGB33512,0.39352834639586354,3548.0,0.06625195224086021,0.06625195224086021,0.0,-0.8075116937933142,-0.8745870773474896,up,0.4865993177799752
g__GGB9198,0.567183624950061,3645.0,0.13174410937321013,0.13174410937321013,0.0,-1.6656871415673635,-1.7318626704470543,up,0.6434323669834419
g__Faecalitalea,0.4383332856248051,3575.0,0.11714846657653388,0.11714846657653388,0.0,-3.449612530736421,-3.5865960950758122,up,0.5290798253087359
g__GGB39037,0.4247610057779011,3567.0,0.08287318198127891,0.08287318198127891,0.0986981320132586,0.6386173492934857,0.5963889862576264,up,0.5165867099346914
g__GGB3352,0.10626535627595016,3285.0,0.15022853882750473,-0.15022853882750473,-0.22165709498564512,0.2660734483951589,0.31026084616010585,down,0.21800916704620776
g__Longicatena,0.4538959872343159,3584.0,0.040203881232354355,0.040203881232354355,0.0,-0.677735031287151,-0.7404415855907406,up,0.541075513902617
g__GGB9302,0.09092516107482758,3259.0,0.0898930236297864,-0.0898930236297864,0.0,-2.1555577230555407,-1.9938457912193481,down,0.21800916704620776
g__GGB45620,0.15613316733688348,3353.0,0.07523437553174686,0.07523437553174686,0.0,-2.3845757550374524,-2.42642978568812,up,0.25286213295973387
g__GGB4583,0.21658073108879372,3416.0,0.052431102446349825,-0.052431102446349825,-0.07575895999401915,0.33854267201611404,0.3567953100051952,down,0.3119021905799694
g__GGB9061,0.09486854816985604,3266.0,0.19058910888793762,-0.19058910888793762,0.0,-1.6809807527255212,-1.5472078980566433,down,0.21800916704620776
g__GGB45432,0.6502481188690616,4000.0,0.28999750528114915,0.28999750528114915,0.0,-0.24971824547802995,-0.5031082689844828,up,0.7173608834312354
g__Weissella,0.11872162626710614,3304.0,0.029714392785291487,-0.029714392785291487,0.0,-1.0843101300298394,-1.027563385101889,down,0.22133760555999243
g__Angelakisella,0.15029848513441194,3346.0,0.2293127634469301,-0.2293127634469301,0.0,-0.9356503920846823,-0.8845649511533002,down,0.2514559003466162
g__GGB9619,0.027774899532919617,3083.0,0.34228274379567225,-0.34228274379567225,0.0,-1.758117597391386,-1.4516873515159465,down,0.21800916704620776
g__GGB9062,0.5869701730575173,3655.0,0.13245252096844756,0.13245252096844756,0.0,-1.8946459947066165,-1.9805803496957577,up,0.660356137685932
g__GGB9611,0.25065730575056744,3446.0,0.07648517632332452,0.07648517632332452,0.0,-3.2495502090760553,-3.29309755150693,up,0.34946714222035635
g__GGB4644,0.8245952321570127,3766.0,0.2794264252877272,0.2794264252877272,0.0,0.005846164895674147,-0.3272193569664581,up,0.8726739420627571
g__GGB6613,0.03899107498382641,3130.0,0.11218138762366552,-0.11218138762366552,0.0,-0.3869242604497857,-0.2648490645486356,down,0.21800916704620776
g__GGB4676,0.4877523477710959,3603.0,0.1378993216288426,0.1378993216288426,0.5179697788930306,0.4582143010312629,0.3199957418565823,up,0.5722167787265783
g__GGB4567,0.7226559064659313,3720.0,0.25650581153414403,0.25650581153414403,0.0,-0.3879774566296749,-0.6925899811425623,up,0.7784938208513167
g__GGB9345,0.37143025404870944,3534.0,0.09131748386072912,0.09131748386072912,0.0,-2.041284711006902,-2.2546826961766286,up,0.4640466290842318
g__GGB9249,0.6860917541925545,3703.0,0.23351521443608558,0.23351521443608558,0.0,-0.7050564361001388,-0.8845649511533002,up,0.7491716998107122
g__GGB9199,0.059869266151166486,3193.0,0.14646762824298476,-0.14646762824298476,-0.05598571409184378,1.1751283705292521,1.2216271907914322,down,0.21800916704620776
g__GGB4584,0.37143025404870944,3534.0,0.10650038061084666,0.10650038061084666,0.0,-0.38047899289632153,-0.4427322366671525,up,0.4640466290842318
g__GGB3126,0.11467010241723609,3298.0,0.26013070913740327,-0.26013070913740327,-0.022910195356347637,3.610021699787003,3.667806944563293,down,0.21800916704620776
g__Victivallis,0.21336595210971931,3413.0,0.057625921960241897,0.057625921960241897,0.0,-1.280366738455199,-1.318396741514908,up,0.3091235631469126
g__GGB4682,0.4609115327477751,3588.0,0.20287978890834749,0.20287978890834749,0.2798612679192173,1.1443772158816303,0.9425894320577525,up,0.5487585328011876
g__Frisingicoccus,0.029676904627787024,3092.0,0.2027057924500738,-0.2027057924500738,0.0,-1.3912621368010603,-1.1329039369059068,down,0.21800916704620776
g__GGB10692,0.2936039853641773,3480.0,0.09424821102423675,0.09424821102423675,0.0,-2.736659752009029,-2.7941068475723805,up,0.3922875471115813
g__GGB2970,0.5829873784619286,3653.0,0.17462929225329923,0.17462929225329923,0.0,-0.9804494550061125,-1.082886826081546,up,0.6582557019722715
g__GGB9453,0.4400471773957273,3576.0,0.021963556961671713,-0.021963556961671713,0.0,-1.6221319358800883,-1.597254977142381,down,0.5304829381637715
g__GGB9293,0.4504109237838483,3582.0,0.15600454899346908,0.15600454899346908,0.0,-1.0828872138763068,-1.2755116815651018,up,0.5382550418385864
g__GGB3189,0.2187431941159773,3418.0,0.05852908261339627,-0.05852908261339627,-0.029940653306061816,0.8807566815985612,0.8992262603832553,down,0.3140760488650301
g__GGB2996,0.30438732963633797,3488.0,0.06549556263826568,0.06549556263826568,0.0,-2.5777119767378665,-2.6440289987925105,up,0.40389049808297534
g__GGB58485,0.9664907817104391,3828.0,0.1648415643606097,0.1648415643606097,0.0,-3.2362721443974793,-3.518758328342998,up,0.9759016962259213
g__GGB42378,0.10752564418731263,3287.0,0.01766065394527385,-0.01766065394527385,0.0,-1.024083086150022,-1.0165658562407198,down,0.21800916704620776
g__GGB9296,0.279200158517397,3469.0,0.046298677838184345,0.046298677838184345,0.0,-2.037129914501737,-2.0859744489387713,up,0.37670484220720324
g__GGB9186,0.7226559064659313,3720.0,0.2172372815895548,0.2172372815895548,0.0,-1.1372254921656328,-1.2957178295666816,up,0.7784938208513167
g__GGB38239,0.3057535062676603,3489.0,0.03584251157286043,0.03584251157286043,0.0,-0.7321713210890114,-0.7627522757202486,up,0.4051444532086628
g__Monoglobus,0.09486854816985604,3266.0,0.04936918032331576,-0.04936918032331576,-0.1474809435206539,0.36554956934552946,0.40489504720770764,down,0.21800916704620776
g__GGB2987,0.4504109237838483,3582.0,0.18390817831433723,0.18390817831433723,0.0,-3.330483023469626,-3.5757247533436876,up,0.5382550418385864
g__GGB9240,0.13304103191180877,3324.0,0.11167360339576204,-0.11167360339576204,0.0,-2.066678931541734,-1.9836148652918295,down,0.2365720382609243
g__GGB9787,0.1173588305101672,3302.0,0.024718549393958848,-0.024718549393958848,0.0,-1.2266906284226453,-1.2021060335543199,down,0.22007640341282816
g__GGB9788,0.052769470894823124,3174.0,0.06033283829498787,-0.06033283829498787,0.0,-3.452901754541673,-3.387717208593176,down,0.21800916704620776
g__GGB9522,0.044206149724937124,3148.0,0.09228560557622048,-0.09228560557622048,0.0,-1.1880242230602722,-1.1117571698953028,down,0.21800916704620776
g__GGB51884,0.6398534511962908,3681.0,0.1396471262398169,0.1396471262398169,0.0,-1.4345621437114926,-1.5977632563380981,up,0.7067038117690376
g__GGB3287,0.11467010241723609,3298.0,0.26013071013393957,-0.26013071013393957,0.0,-0.018679420728734946,0.03910582421518318,down,0.21800916704620776
g__GGB45491,0.38554634335320803,3543.0,0.12289454651378877,0.12289454651378877,0.0,-1.554769990853997,-1.6274278278410041,up,0.47919325879300534
g__GGB9818,0.09372813188527303,3264.0,0.09215012706364065,-0.09215012706364065,0.0,-2.0922386278356786,-2.034941875492099,down,0.21800916704620776
g__Acinetobacter,0.1391298176228856,3332.0,0.24749351830865746,-0.24749351830865746,0.0,-1.2781569667495487,-1.1333281943065687,down,0.24246899375582598
g__GGB9301,0.7887036414054023,3750.0,0.23121538490974872,0.23121538490974872,0.0,-3.4050195476380747,-3.690256461657105,up,0.8402357730143931
g__Kluyvera,0.2091333517618883,3409.0,0.006154124124578692,0.006154124124578692,0.0,-2.8845127595578046,-2.896561229459519,up,0.30436654220111425
g__GGB6574,0.2728145171920605,3464.0,0.15135672662110602,0.15135672662110602,0.1436109009141893,1.1513583809432963,1.0422678406393129,up,0.3712129639869338
g__GGB1331,0.06308708139551314,3201.0,0.09207204439731445,-0.09207204439731445,0.0,-2.379578853938778,-2.30133263502602,down,0.21800916704620776
g__GGB4257,0.07693344445518047,3232.0,0.01709749862797718,-0.01709749862797718,0.0,-0.7316510860696572,-0.7155347019689742,down,0.21800916704620776
g__GGB3818,0.0132979482733648,2988.0,0.26089380433433434,-0.26089380433433434,0.0,-0.16796549322299195,0.14316816755573242,down,0.21800916704620776
g__Peptoniphilus,0.18597226010362622,3386.0,0.045710820693907556,-0.045710820693907556,0.0,-2.610367798494896,-2.571412297741257,down,0.2808560662789457
g__Finegoldia,0.08552156400182814,3249.0,0.2754756400120161,-0.2754756400120161,0.0,-1.3307136837861397,-1.2365827542232044,down,0.21800916704620776
g__GGB4386,0.04299899471703094,3144.0,0.31762056931066907,-0.31762056931066907,-0.7696725939815451,0.47373205839410915,0.8076576535931165,down,0.21800916704620776
g__GGB1339,0.08818999857094488,3254.0,0.2506852008420849,-0.2506852008420849,-0.018997293138388518,4.359505770264578,4.4172910150384554,down,0.21800916704620776
g__Intestinibacillus,0.20187326671282935,3402.0,0.07227999134147223,0.07227999134147223,0.0,-4.3153794273443475,-4.426466415909878,up,0.2993694155814735
g__Paraeggerthella,0.1755902710348991,3375.0,0.17403061817054896,0.17403061817054896,0.0,-1.3000580574793994,-1.490336728027173,up,0.2702685451769167
g__Butyricicoccus,0.8974153898208029,3798.0,0.15931748281562416,0.15931748281562416,0.0,-1.2669518302579115,-1.6691908504211377,up,0.9253093301260583
g__GGB58158,0.10943823720290921,3290.0,0.1257393732820104,-0.1257393732820104,0.0,-4.07813567558773,-3.972168557535753,down,0.21800916704620776
g__Abiotrophia,0.05206485381052493,3172.0,0.26147028870121974,-0.26147028870121974,0.0,-2.6167285814149084,-2.3409208246792526,down,0.21800916704620776
g__GGB9354,0.1001386628758888,3275.0,0.2277606507449443,-0.2277606507449443,-0.02145572545927512,3.7069086355763488,3.762449669147636,down,0.21800916704620776
g__GGB36331,0.020225660928596168,3041.0,0.2582903039052744,-0.2582903039052744,-0.5667212067319949,0.6590607142777869,0.9761701134480278,down,0.21800916704620776
g__GGB6572,0.06601870977334973,3208.0,0.34274375552145575,-0.34274375552145575,-0.09963451701147129,1.3618208449265021,1.4591937328331004,down,0.21800916704620776
g__GGB9423,0.003290112725460471,2828.0,0.5170418324406728,-0.5170418324406728,0.0,-3.8871917580795996,-3.502610519268835,down,0.21800916704620776
g__GGB1385,0.1001386628758888,3275.0,0.15132924239140955,-0.15132924239140955,-0.03991427437194798,1.595277193241183,1.6400290855137947,down,0.21800916704620776
g__GGB4964,0.04702714170000007,3157.0,0.3039932439449773,-0.3039932439449773,0.0,-2.4353738611613376,-2.1837636261121935,down,0.21800916704620776
g__GGB6648,0.15528927545579307,3352.0,0.09874906545142155,-0.09874906545142155,0.0,-1.0407301168547796,-0.9920268326718595,down,0.25286213295973387
g__GGB9712,0.5477223738077563,3635.0,0.09472243800791325,0.09472243800791325,2.2080955197067973,0.1872419630285937,0.04052287042210356,up,0.6228237867648483
g__Oribacterium,0.011476699302199104,2970.0,0.31946725133464776,-0.31946725133464776,0.0,-1.6430601852011264,-1.3548947705267023,down,0.21800916704620776
g__Scardovia,0.7313558291013476,3962.0,0.22644817652104712,0.22644817652104712,0.0,-1.8865487994188908,-2.329901314564592,up,0.7861053716150798
g__GGB9370,0.048328696453953254,3161.0,0.3315855593612826,-0.3315855593612826,0.0,-0.5657612726821436,-0.4912921580172096,down,0.21800916704620776
g__GGB3510,0.03817481309483211,3127.0,0.2030410422687447,-0.2030410422687447,0.0,-1.3098599519300722,-1.0425799567884901,down,0.21800916704620776
g__GGB1661,0.04932460409933931,3164.0,0.05035394930988067,-0.05035394930988067,0.0,-3.623805320813991,-3.5758912603391044,down,0.21800916704620776
g__GGB1689,0.20704000679057366,3407.0,0.07311825637711152,-0.07311825637711152,-0.008707951852552284,3.714128000406563,3.7366138697883575,down,0.30375955886812983
g__GGB13017,0.11400555189919293,3297.0,0.2588647795353038,-0.2588647795353038,-0.014332722137081678,5.787669712830896,5.845454957603133,down,0.21800916704620776
g__GGB1526,0.0849957892676986,3248.0,0.05158106456501699,-0.05158106456501699,-0.08494249798827007,0.41220011164878384,0.4371981795051477,down,0.21800916704620776
g__GGB3343,0.5829873784619286,3653.0,0.21495727256313416,0.21495727256313416,0.0,-0.6474991160648215,-0.8330071468060427,up,0.6582557019722715
g__GGB1543,0.11872162626710614,3304.0,0.11576739320061578,-0.11576739320061578,-0.019041522424213576,2.6279367339738773,2.6628516677143477,down,0.22133760555999243
g__GGB1548,0.11400555189919293,3297.0,0.2588647795499888,-0.2588647795499888,-0.020391186050902153,4.059534295093053,4.1173195398676885,down,0.21800916704620776
g__GGB4554,0.1755902710348991,3375.0,0.05387815450192044,-0.05387815450192044,-0.008283751567686359,3.188416667784433,3.2067767669711658,down,0.2702685451769167
g__Baileyella,0.06818073634927958,3213.0,0.21854597162268397,-0.21854597162268397,-0.03197996195664109,2.79283836495826,2.855437965367475,down,0.21800916704620776
g__Kineothrix,0.2779149667689156,3468.0,0.1167711338079081,0.1167711338079081,0.0,-0.5181149934936724,-0.6143283302236313,up,0.37602559498128946
g__GGB3328,0.2091333517618883,3409.0,0.047794458786946534,-0.047794458786946534,-0.03233394131910183,0.923475273620514,0.9444060438882903,down,0.30436654220111425
g__GGB9690,0.42140670483599874,3565.0,0.2314089516628933,0.2314089516628933,0.0,-0.8127425888140208,-1.1283639890238226,up,0.5131560127243427
g__GGB4704,0.17011277759158194,3369.0,0.013011758669245642,-0.013011758669245642,-0.009484617297144502,0.8986094239496278,0.9045365559730099,down,0.2639491807146804
g__GGB13147,0.11400555189919293,3297.0,0.25886477967777577,-0.25886477967777577,-0.04190060507358117,1.9608721060631584,2.0186573508586627,down,0.21800916704620776
g__GGB24147,0.11467010241723609,3298.0,0.2260092905312509,-0.2260092905312509,-0.0861441089985149,0.9065052458207712,0.9622818232729946,down,0.21800916704620776
g__GGB3289,0.1947986759877689,3395.0,0.04885627339386743,0.04885627339386743,0.0,-0.8376265566838847,-0.876383220891325,up,0.29189458925270045
g__GGB9258,0.16213809726386896,3360.0,0.04924389451383511,-0.04924389451383511,0.0,-0.564607886733678,-0.5400292797249752,down,0.2548641332807875
g__GGB4591,0.3003131524696929,3485.0,0.07376163774649289,0.07376163774649289,0.05395893014452092,0.9481557411295529,0.9133482953575163,up,0.3995867948490244
g__GGB9783,0.20808477057598496,3408.0,0.020847146239520258,-0.020847146239520258,0.0,-0.4954534312251506,-0.4879573315249222,down,0.30375955886812983
g__GGB6649,0.7909346245966395,3751.0,0.3216193677238284,0.3216193677238284,0.0,-3.170204917235323,-3.5503588521217853,up,0.8416804301570434
g__GGB9737,0.12861138964506902,3318.0,0.08592323864657726,-0.08592323864657726,0.0,-0.9202790550275185,-0.8721469785280037,down,0.233883094212772
g__GGB9527,0.3253064106545429,3503.0,0.17081708774960058,0.17081708774960058,0.0,-2.655586281473619,-2.859634694355756,up,0.425196694360965
g__GGB2983,0.026963891990769342,3079.0,0.1654120884586428,-0.1654120884586428,0.0,-1.3869937057105146,-1.2442127090945516,down,0.21800916704620776
g__Mitsuokella,0.09429695798259378,3265.0,0.022761705860474275,-0.022761705860474275,0.0,-0.7505016010492511,-0.7375979089300464,down,0.21800916704620776
g__Fenollaria,0.7842468870508424,3748.0,0.21024289726758402,0.21024289726758402,0.0,-1.6260654832879722,-1.8163370315096214,up,0.8373424032662713
g__GGB4723,0.3353813582524481,3510.0,0.047091452172449935,0.047091452172449935,0.0,-0.10999054959061767,-0.12985993366277906,up,0.4342353521384321
g__GGB9094,0.11400555189919293,3297.0,0.2588647808997148,-0.2588647808997148,0.0,-0.27873541447762307,-0.22095016948256108,down,0.21800916704620776
g__GGB3588,0.6090974180609721,3666.0,0.12524514613552873,0.12524514613552873,0.0,-0.8145346009278882,-0.9488882210301861,up,0.6805478701215506
g__GGB1549,0.017308886627513387,3021.0,0.24013852749824202,-0.24013852749824202,0.0,-0.785175883299012,-0.5979078858104913,down,0.21800916704620776
g__GGB9189,0.2728145171920605,3464.0,0.051783124764218376,-0.051783124764218376,0.0,-3.5005871174018393,-3.466849425283389,down,0.3712129639869338
g__Amedibacterium,0.026963891990769342,3079.0,0.16117285183897745,-0.16117285183897745,0.0,-0.9163531022461169,-0.7423465269873418,down,0.21800916704620776
g__GGB9739,0.04966037637988728,3165.0,0.1841704705843163,-0.1841704705843163,-0.03014974322608615,2.5928922147844706,2.6476491880366413,down,0.21800916704620776
g__GGB9469,0.18119825962979708,3381.0,0.1814099313624341,-0.1814099313624341,0.0,-0.05516866322467085,0.1112688454670214,down,0.27537555412932824
g__GGB3680,0.06186403497906669,3198.0,0.3454455075961888,-0.3454455075961888,0.0,-0.28694339444815137,-0.19010513524855968,down,0.21800916704620776
g__GGB12788,0.19881869438129618,3399.0,0.011059488343389788,0.011059488343389788,0.0,-1.4119337334268947,-1.4183356230356339,up,0.29653268836404173
g__GGB3550,0.055668118342977226,3182.0,0.1104569442555693,-0.1104569442555693,0.0,-2.025679745984039,-1.8411492920966321,down,0.21800916704620776
g__Cryptobacterium,0.06687664307948006,3210.0,0.040642952635408236,-0.040642952635408236,0.0,-3.276005142185949,-3.2439202436512917,down,0.21800916704620776
g__GGB4698,0.1173588305101672,3302.0,0.1178134936579861,-0.1178134936579861,-0.03311276291567672,2.5721224750028786,2.6318405809560117,down,0.22007640341282816
g__GGB4664,0.05348204023863777,3176.0,0.3232745805142092,-0.3232745805142092,0.0,-0.30356427476709896,-0.13936084193017614,down,0.21800916704620776
g__GGB4579,0.08291877569214715,3244.0,0.13954040438138487,-0.13954040438138487,-0.08239957856057839,1.538027325429498,1.6284288810647176,down,0.21800916704620776
g__GGB9762,0.006720923724863,2907.0,0.5135816756908743,-0.5135816756908743,-0.08180396717974792,2.8145208799475956,2.9787216554779543,down,0.21800916704620776
g__Terrisporobacter,0.0931620612629382,3263.0,0.2365122836180202,-0.2365122836180202,0.0,-0.1298989885407278,-0.022445471860710258,down,0.21800916704620776
g__GGB3118,0.07501839122890709,3228.0,0.11384567938621715,-0.11384567938621715,-0.10738883199039088,0.8112009063669403,0.8738878210970723,down,0.21800916704620776
g__GGB9288,0.16831570118678008,3367.0,0.0032696813128848317,-0.0032696813128848317,0.0,-0.6589832753156154,-0.6564937055608897,down,0.26158272139205563
g__GGB3733,0.044206149724937124,3148.0,0.13932586567467953,-0.13932586567467953,-0.09093960954072554,0.9514829843768143,1.013389911189892,down,0.21800916704620776
g__GGB9603,0.08552156400182814,3249.0,0.19091151939541082,-0.19091151939541082,-0.09545804385403894,1.1160613300702003,1.19240501863923,down,0.21800916704620776
g__Acetivibrio,0.08138816268891237,3241.0,0.21571281831948058,-0.21571281831948058,0.0,-0.8557464552751082,-0.7637247902120076,down,0.21800916704620776
g__Muribaculum,0.12078904533682253,3307.0,0.141311833747976,-0.141311833747976,-0.050491629012221546,1.1718866454370684,1.213626637363786,down,0.22303082843382585
g__GGB9636,0.06391349692826644,3203.0,0.04902219802807992,-0.04902219802807992,-0.0582665603445663,0.8353932007802907,0.8698230630622794,down,0.21800916704620776
g__GGB3288,0.2922743125583731,3479.0,0.053755591018998225,0.053755591018998225,0.0,-2.6164395511150493,-2.6973844997996856,up,0.39105408717824053
g__GGB3649,0.01930861301284707,3035.0,0.4060457279484713,-0.4060457279484713,-0.1587211288341032,1.1066344312615963,1.2353328752836337,down,0.21800916704620776
g__GGB9434,0.05102269576607085,3169.0,0.16643701576811798,-0.16643701576811798,0.0,-0.3548945531542944,-0.2678601810912236,down,0.21800916704620776
g__GGB1662,0.15868571895838213,3356.0,0.06421042666661134,-0.06421042666661134,-0.05819747262764097,0.5891593501725185,0.6134115645608672,down,0.25338177703987036
g__GGB4750,0.06146073951755952,3197.0,0.09864154589497676,-0.09864154589497676,-0.07582205037451513,0.8102823244079974,0.8540063044580769,down,0.21800916704620776
g__GGB9082,0.03954344679156015,3132.0,0.3394597123852249,-0.3394597123852249,-0.13890782799796092,0.736798201778164,0.8112673168603608,down,0.21800916704620776
g__Sanguibacteroides,0.10073836664182417,3276.0,0.12362078873525961,-0.12362078873525961,0.0,-3.2053329002435493,-3.0978524835167804,down,0.21800916704620776
g__GGB47687,0.10563961918332188,3284.0,0.14967568133052647,-0.14967568133052647,-0.30114199615292975,0.4179260901520589,0.5149348174804471,down,0.21800916704620776
g__GGB9691,0.32104948144564405,3500.0,0.09322738995230215,0.09322738995230215,0.0,-0.4683133160730705,-0.5615367087547748,up,0.4202035389805573
g__GGB1148,0.04932460409933931,3164.0,0.18855859611229414,-0.18855859611229414,-1.335007272793193,0.06342866494346866,0.16001577672011053,down,0.21800916704620776
g__GGB3478,0.03954344679156015,3132.0,0.3394597113697302,-0.3394597113697302,0.0,-0.23653546483581073,-0.16206635001012978,down,0.21800916704620776
g__Thermophilibacter,0.15783138193896173,3355.0,0.02866811496239157,0.02866811496239157,0.0,-0.2671173642262369,-0.2819609572290107,up,0.25338177703987036
g__Bacilliculturomica,0.03954344679156015,3132.0,0.3394597107085279,-0.3394597107085279,0.0,-0.5766506716908774,-0.5021815570322173,down,0.21800916704620776
g__GGB9697,0.13007502088442482,3320.0,0.08247906627424041,-0.08247906627424041,0.0,-1.0173951186806984,-0.975485734041403,down,0.23565380431415572
g__GGB4566,0.14463155514395457,3339.0,0.10131844382284302,-0.10131844382284302,-0.025484950954497595,1.7915564484369781,1.8234851511834829,down,0.24713242637386199
g__GGB9563,0.4538959872343159,3584.0,0.1246786459194678,0.1246786459194678,0.20624101020095134,0.46337013703095564,0.4016458748292734,up,0.541075513902617
g__Massilimicrobiota,0.05241617240957175,3173.0,0.2550515656745633,-0.2550515656745633,0.0,-0.8542825488438788,-0.5006679644314714,down,0.21800916704620776
g__Extibacter,0.1081602119272543,3288.0,0.25619876980115674,-0.25619876980115674,0.0,-0.17283009358189244,-0.1150448486092743,down,0.21800916704620776
g__GGB45599,0.1081602119272543,3288.0,0.25619877022440773,-0.25619877022440773,0.0,-0.4539974691622509,-0.39621222412440543,down,0.21800916704620776
g__GGB42389,0.14703986110758432,3342.0,0.018604936345660503,-0.018604936345660503,0.0,-4.406982180276317,-4.391869114098591,down,0.24991580633479882
g__GGB4653,0.17651583594423648,3376.0,0.07417995954474634,-0.07417995954474634,-0.07740198953614104,0.7042598928265483,0.7430760722926323,down,0.2708265297900407
g__GGB3003,0.043599043511343284,3146.0,0.3339087426842774,-0.3339087426842774,-0.05424657529547548,1.9435150160229786,2.0179841312143423,down,0.21800916704620776
g__Methanosphaera,0.031460561789046035,3100.0,0.3806771035367942,-0.3806771035367942,-0.07128716282990712,1.7566923238914947,1.8456752050399303,down,0.21800916704620776
g__GGB9445,0.043599043511343284,3146.0,0.33390874260042325,-0.33390874260042325,-0.06896608582647674,1.5208744813901292,1.5953435965569809,down,0.21800916704620776
g__GGB9059,0.06601870977334973,3208.0,0.1380210314901791,-0.1380210314901791,-0.05914210399821435,1.0606788987598403,1.1050641154047327,down,0.21800916704620776
g__GGB9063,0.057928138252778025,3188.0,0.1296064340939808,-0.1296064340939808,0.0,-2.886705955858048,-2.7570803039928884,down,0.21800916704620776
g__GGB52106,0.4180679940513017,3563.0,0.1272427777992278,0.1272427777992278,0.0,-2.347904221241117,-2.4287566929209925,up,0.5097356277279496
g__Longibaculum,0.04299899471703094,3144.0,0.23095761783132945,-0.23095761783132945,0.0,-1.902363344724251,-1.6534790475739938,down,0.21800916704620776
g__Murimonas,0.059086436803802586,3191.0,0.12266616760629784,-0.12266616760629784,0.0,-2.4768354702563222,-2.411109082327523,down,0.21800916704620776
g__GGB3883,0.11600834464679521,3300.0,0.22356539182647162,-0.22356539182647162,0.0,-1.1136013383554333,-1.0232255564344996,down,0.21925349224011198
g__GGB9642,0.35763933042016416,3525.0,0.05224556415720919,-0.05224556415720919,-0.010014010944615872,2.98098064642984,3.0017441582715585,down,0.45329253737048475
g__GGB3737,0.09894779661744443,3273.0,0.16482582467270726,-0.16482582467270726,-0.04145713150735864,1.622689586291352,1.6699954549561906,down,0.21800916704620776
g__GGB32387,0.28438129927131384,3473.0,0.10827974674848678,0.10827974674848678,0.0,-1.0136952568207076,-1.1380533917121916,up,0.38208772332263113
g__GGB9184,0.10943823720290921,3290.0,0.2565481365250389,-0.2565481365250389,-0.029947528449989432,2.754959131141821,2.8127443759242903,down,0.21800916704620776
g__Neisseria,0.16300998454796545,3361.0,0.06800672607650433,-0.06800672607650433,0.0,-2.7810539249529764,-2.759015552391634,down,0.2554000083634247
g__Aggregatibacter,0.01744544875465963,3022.0,0.3723128912356533,-0.3723128912356533,-1.2194143241138173,0.0935480286774203,0.21782861433036124,down,0.21800916704620776
g__GGB51111,0.0392664361558849,3131.0,0.3787569609935476,-0.3787569609935476,0.0,-0.5061990157057555,-0.41628312776134646,down,0.21800916704620776
g__Paeniclostridium,0.0664465358963171,3209.0,0.09912477242410847,-0.09912477242410847,0.0,-3.8972115135061327,-3.819630044399018,down,0.21800916704620776
g__Enteroscipio,0.02881816574428014,3088.0,0.38538488183588604,-0.38538488183588604,-0.07968503922366792,1.5736675461555045,1.66303188306644,down,0.21800916704620776
g__GGB55957,0.026566111558420646,3077.0,0.3442385674226632,-0.3442385674226632,0.0,-2.6007601216655103,-2.21868148690756,down,0.21800916704620776
g__Robinsoniella,0.057166472010423,3186.0,0.42760322188254707,-0.42760322188254707,0.0,-0.5478717092115487,-0.40311534345473465,down,0.21800916704620776
g__Parvimonas,0.11668205297781543,3301.0,0.1297898097162242,-0.1297898097162242,0.0,-3.336876630047015,-3.1861043294152434,down,0.22007640341282816
g__Tropheryma,0.11137762597041358,3293.0,0.23701365674903938,-0.23701365674903938,0.0,-2.577823280731895,-2.4624227769308664,down,0.21800916704620776
g__GGB3600,0.07839573072779646,3235.0,0.08173739465225237,-0.08173739465225237,-0.03660060893368395,1.4071744738467769,1.443330634508538,down,0.21800916704620776
g__GGB88421,0.1001386628758888,3275.0,0.24714353036150302,-0.24714353036150302,0.0,-1.9480737222767754,-1.8612924862006133,down,0.21800916704620776
g__Pauljensenia,0.7422793843417149,3729.0,0.12354763859826248,0.12354763859826248,0.0,-2.7286953408017873,-2.8567291242260664,up,0.7960677455258971
g__GGB96534,0.06862005316605162,3214.0,0.32507764217702056,-0.32507764217702056,0.0,-0.44677559915960113,-0.37230648443038467,down,0.21800916704620776
g__GGB12761,0.06730903985532953,3211.0,0.20604775590373084,-0.20604775590373084,-0.22980961516445636,0.33297599670287337,0.39047435395265084,down,0.21800916704620776
g__GGB4277,0.18119825962979708,3381.0,0.0029430910397129193,-0.0029430910397129193,0.0,-3.520353684947599,-3.516716723904938,down,0.27537555412932824
g__GGB49434,0.1315515471077555,3322.0,0.09740753925053963,-0.09740753925053963,0.0,-1.8935089555946059,-1.8636319133016266,down,0.23566590003288787
g__Peptidiphaga,0.1438355392821305,3338.0,0.06402183761070904,-0.06402183761070904,0.0,-2.1905507679269025,-2.1487449704234605,down,0.24664846486525766
g__GGB3385,0.09486854816985604,3266.0,0.2520990355879909,-0.2520990355879909,0.0,-1.1278513845900098,-1.0700661392962079,down,0.21800916704620776
g__Firmicutes_unclassified,0.06066067797905514,3195.0,0.22411851441858943,-0.22411851441858943,-0.33201757431589873,0.5949708296561577,0.7489329229922026,down,0.21800916704620776
g__Paratractidigestivibacter,0.06349917839177681,3202.0,0.027460622148142762,-0.027460622148142762,0.0,-0.43383232562774515,-0.40916377181563546,down,0.21800916704620776
g__GGB8965,0.023384873156141895,3060.0,0.40732259044839986,-0.40732259044839986,-0.0783217253481414,1.809564108355299,1.9105181256847665,down,0.21800916704620776
g__GGB51960,0.08765100802169243,3253.0,0.31868987651852015,-0.31868987651852015,0.0,-0.07860502963415789,0.025917459371522112,down,0.21800916704620776
g__GGB9364,0.010047371327293551,2954.0,0.4123693038186823,-0.4123693038186823,-0.1282944378557505,2.072263998057918,2.264986177692467,down,0.21800916704620776
g__GGB1379,0.04702714170000007,3157.0,0.3320817536166592,-0.3320817536166592,-0.0527920317759095,1.9980765981841677,2.0725457133780063,down,0.21800916704620776
g__GGB9252,0.51541475369472,3618.0,0.01577249169433723,0.01577249169433723,0.0,-0.31160767747069473,-0.32336007170742403,up,0.5988272862974887
g__Catenibacillus,0.3168291093546528,3497.0,0.08898963110833691,0.08898963110833691,0.0,-2.873225280320908,-2.9696915307285003,up,0.4163792393431366
g__Massilistercora,0.12218290420673283,3309.0,0.0007348604275006755,0.0007348604275006755,0.0,-1.443124245208648,-1.4437654915864164,up,0.2243128890207576
g__GGB45497,0.07988055893920333,3238.0,0.28516416416644114,-0.28516416416644114,0.0,-1.3535093564530203,-1.2745329988624547,down,0.21800916704620776
g__GGB45596,0.027164703206825975,3080.0,0.37656633571022835,-0.37656633571022835,0.0,-0.2655230001811794,-0.17967410211429444,down,0.21800916704620776
g__Christensenellaceae_unclassified,0.0664465358963171,3209.0,0.31732747337988637,-0.31732747337988637,0.0,-0.6195768331677683,-0.5478042965394512,down,0.21800916704620776
g__GGB9782,0.10134092890181201,3277.0,0.008860835524673153,-0.008860835524673153,0.0,-2.1285551892255556,-2.123453631844809,down,0.21800916704620776
g__GGB79394,0.04702714170000007,3157.0,0.3320817512442807,-0.3320817512442807,0.0,-0.8667687743722664,-0.7922996599085927,down,0.21800916704620776
g__GGB3534,0.02134338068210493,3048.0,0.1950933813757821,-0.1950933813757821,0.0,-3.3611616221712364,-3.1809043997519018,down,0.21800916704620776
g__GGB74511,0.0704006440104662,3218.0,0.2371289325730379,-0.2371289325730379,-0.063630683277471,1.344825120417308,1.405466689977369,down,0.21800916704620776
g__GGB3441,0.17466833109431446,3374.0,0.14104094212314075,-0.14104094212314075,-0.09795333568796946,0.5251488195133381,0.5620426668203187,down,0.26971257546184674
g__Bariatricus,0.18025447379693638,3380.0,0.1520970875765895,-0.1520970875765895,0.0,-0.6347960358246258,-0.5730713271117887,down,0.2752457203057981
g__Brevundimonas,0.06516986661351057,3206.0,0.32595538168832494,-0.32595538168832494,-0.1317040579788389,0.7790715460849774,0.8535406611736218,down,0.21800916704620776
g__GGB3276,0.1345435385774889,3326.0,0.0228758737549163,0.0228758737549163,0.0,-0.6260311398923853,-0.6388461008843057,up,0.2374878607551272
g__Ralstonia,0.056788773712304064,3185.0,0.14253653409068165,-0.14253653409068165,0.0,-2.9061338847027307,-2.828935148751096,down,0.21800916704620776
g__Methylorubrum,0.06516986661351057,3206.0,0.32595537694372595,-0.32595537694372595,0.0,-1.7709380023112216,-1.6964688889856652,down,0.21800916704620776
g__GGB41904,0.09372813188527303,3264.0,0.06591989769299983,-0.06591989769299983,0.0,-2.4559109959768253,-2.4264297856881196,down,0.21800916704620776
g__GGB6601,0.11072817171986546,3292.0,0.2571203310779924,-0.2571203310779924,-0.03507277730280772,2.348181515953479,2.4059667607413457,down,0.21800916704620776
g__Marvinbryantia,0.14304288722884304,3337.0,0.21947179029305397,-0.21947179029305397,-0.21881823429687655,0.31051574001724674,0.36137197689296763,down,0.2461668291845206
g__Feifania,0.47154759723520256,3594.0,0.22994984514904734,0.22994984514904734,0.0,-3.8520429337544453,-4.0358657139982,up,0.5559176330150305
g__GGB4802,0.11072817171986546,3292.0,0.25712033246988963,-0.25712033246988963,0.0,-0.32902533753060814,-0.27124009252402687,down,0.21800916704620776
g__Candidatus_Soleaferrea,0.14463155514395457,3339.0,0.09180253182925953,-0.09180253182925953,0.0,-3.8540233075196055,-3.823724979040997,down,0.24713242637386199
g__GGB9724,0.0421120183526546,3141.0,0.36263445812549827,-0.36263445812549827,0.0,-1.3965701027397497,-1.2238383574437972,down,0.21800916704620776
g__GGB6133,0.04966037637988728,3165.0,0.33133544644278967,-0.33133544644278967,-0.36057835453181286,0.2622701349113211,0.33673924989892523,down,0.21800916704620776
g__GGB42639,0.08447263172824392,3247.0,0.23454379573657894,-0.23454379573657894,0.0,-0.7697407926774357,-0.7126322645863137,down,0.21800916704620776
g__Burkholderia,0.0699519806207335,3217.0,0.06518694304518931,-0.06518694304518931,0.0,-0.9506122537584146,-0.9136158156361832,down,0.21800916704620776
g__Methanoculleus,0.06349917839177681,3202.0,0.3267277009789021,-0.3267277009789021,0.0,-2.3831159168569798,-2.3086468051463487,down,0.21800916704620776
g__Merdimonas,0.10377993362804876,3281.0,0.033200814312151224,-0.033200814312151224,0.0,-0.8745853155127905,-0.8353634398612216,down,0.21800916704620776
g__Rubneribacter,0.11467010241723609,3298.0,0.09059786322397821,-0.09059786322397821,-0.027200305227320018,1.6173411262359894,1.6481234466768084,down,0.21800916704620776
g__GGB79118,0.06730903985532953,3211.0,0.3155693111438886,-0.3155693111438886,0.0,-1.7181889692072978,-1.641293046613961,down,0.21800916704620776
g__GGB3606,0.11600834464679521,3300.0,0.036640345767763254,-0.036640345767763254,0.0,-1.1294328107821643,-1.1128486950545322,down,0.21925349224011198
g__Anaerococcus,0.0931620612629382,3263.0,0.05248867611612859,-0.05248867611612859,0.0,-2.039841171130786,-2.0114961186740934,down,0.21800916704620776
g__Lawsonella,0.11137762597041358,3293.0,0.018220095829843914,-0.018220095829843914,0.0,-1.8596424134762999,-1.852000112958473,down,0.21800916704620776
g__Coriobacteriaceae_unclassified,0.08818999857094488,3254.0,0.25085844533294444,-0.25085844533294444,-0.05807675454186601,1.4067548169434327,1.4645400617565485,down,0.21800916704620776
g__Lachnoanaerobaculum,0.07221896432573473,3222.0,0.1568288828637584,-0.1568288828637584,0.0,-0.2967185883231743,-0.24601276665112065,down,0.21800916704620776
g__GGB3887,0.08818999857094488,3254.0,0.25088146285524743,-0.25088146285524743,0.0,-0.9266018410372305,-0.8688165958385999,down,0.21800916704620776
g__Kocuria,0.08818999857094488,3254.0,0.2508814800802877,-0.2508814800802877,0.0,-2.8168007999898057,-2.759015552391634,down,0.21800916704620776
g__Morganella,0.1081602119272543,3288.0,0.1034619748245839,-0.1034619748245839,-0.10668719920308596,1.0065405072519098,1.0837954026630303,down,0.21800916704620776
g__GGB1380,0.06950566673369535,3216.0,0.32489424828229424,-0.32489424828229424,-0.0362136788731653,2.9296516477350347,3.0041207629556177,down,0.21800916704620776
g__Acidovorax,0.06950566673369535,3216.0,0.324894247841286,-0.324894247841286,-0.1822334520500218,0.5531018083051626,0.6275709233559479,down,0.21800916704620776
g__Moraxella,0.13682185219143805,3329.0,0.1342101777682659,-0.1342101777682659,0.0,-0.9978840269012307,-0.9491063348371677,down,0.24062636528000625
g__Denitrificimonas,0.06950566673369535,3216.0,0.3248942371851905,-0.3248942371851905,0.0,-2.5788603978870266,-2.504391286939062,down,0.21800916704620776
g__Vagococcus,0.06950566673369535,3216.0,0.32489422542392987,-0.32489422542392987,0.0,-3.2994059820649873,-3.224936875645354,down,0.21800916704620776
g__GGB3364,0.09659998934960741,3269.0,0.2526443436720079,-0.2526443436720079,-0.016135533536122033,5.137800805991654,5.195586050764366,down,0.21800916704620776
g__GGB3678,0.09659998934960741,3269.0,0.2526443436993174,-0.2526443436993174,-0.023379571882259427,3.53696867513228,3.594753919908918,down,0.21800916704620776
g__Bradyrhizobium,0.11137762597041358,3293.0,0.04196881657202442,-0.04196881657202442,0.0,-2.250012548514599,-2.2252666522816975,down,0.21800916704620776
g__Alloscardovia,0.013083690111271019,2986.0,0.4373421290500084,-0.4373421290500084,0.0,-2.5226886271569464,-2.1819776804341275,down,0.21800916704620776
g__GGB1455,0.1793143448386909,3379.0,0.1275618439822434,-0.1275618439822434,0.0,-2.248114987252429,-2.2142886666049773,down,0.27424546857682136
g__GGB9621,0.056413154203665106,3184.0,0.33816308530078776,-0.33816308530078776,0.0,-0.7760022651094741,-0.6186498505795262,down,0.21800916704620776
g__Luxibacter,0.01930861301284707,3035.0,0.48154001325676504,-0.48154001325676504,0.0,-0.10984561020946622,0.035689275249546584,down,0.21800916704620776
g__GGB9200,0.07645098466516617,3231.0,0.167407649146565,-0.167407649146565,0.0,-0.5318309767866087,-0.47238302550582145,down,0.21800916704620776
g__GGB9495,0.08343413359946922,3245.0,0.10863072225531566,-0.10863072225531566,0.0,-0.014422050053319523,0.024574859153933235,down,0.21800916704620776
g__GGB9357,0.09092516107482758,3259.0,0.15277975908298158,-0.15277975908298158,-0.07380758351049395,1.6356734687182701,1.721531231098252,down,0.21800916704620776
g__GGB2977,0.319638628626962,3499.0,0.06537632423332174,-0.06537632423332174,0.0,-1.4855085543353133,-1.433749571162204,down,0.4189269219879257
g__GGB87445,0.2640436255158207,3457.0,0.08783376285347458,0.08783376285347458,0.6475333833440747,0.17574854049178576,0.11219274023602731,up,0.36443323923417437
g__GGB3032,0.04270159742719003,3143.0,0.33508996489050275,-0.33508996489050275,0.0,-0.5730076806778043,-0.4985385660170377,down,0.21800916704620776
g__GGB9701,0.46267484299863215,3589.0,0.1046205152542047,0.1046205152542047,0.3590549170099994,0.42380835864643834,0.330432851221343,up,0.5488202206716204
g__GGB9076,0.04299899471703094,3144.0,0.3345409676543248,-0.3345409676543248,-0.04183817358507664,2.530844863612489,2.605313978824553,down,0.21800916704620776
g__GGB9589,0.04299899471703094,3144.0,0.3345409673668167,-0.3345409673668167,-0.09463302862181763,1.0984655636190186,1.1729346787484898,down,0.21800916704620776
g__GGB3139,0.04299899471703094,3144.0,0.3345409672121767,-0.3345409672121767,-0.13566493294437199,0.7552722319220109,0.8297413470070587,down,0.21800916704620776
g__GGB9774,0.028188231953687318,3085.0,0.2646806476919947,-0.2646806476919947,-0.19976426648173568,0.638169865071944,0.7329449026834041,down,0.21800916704620776
g__GGB9640,0.23660267119924383,3434.0,0.06273547553533983,0.06273547553533983,0.0,-3.7851970853072188,-3.8462702551144856,up,0.3332529570917607
g__GGB25442,0.04299899471703094,3144.0,0.3345409658522117,-0.3345409658522117,0.0,-0.5130249803102154,-0.4385558656158449,down,0.21800916704620776
g__GGB3722,0.04124057286245998,3138.0,0.33686735800976414,-0.33686735800976414,-0.013876868502776267,7.704933753635916,7.779402868873735,down,0.21800916704620776
g__GGB9278,0.059086436803802586,3191.0,0.35917310798832514,-0.35917310798832514,-0.045740933972019115,2.906220014817495,2.999838555051011,down,0.21800916704620776
g__GGB9425,0.06516986661351057,3206.0,0.16417513551039178,-0.16417513551039178,-0.3503638766212258,0.32702314016378026,0.4169159599811033,down,0.21800916704620776
g__GGB3052,0.1133440373440132,3296.0,0.3056923183337191,-0.3056923183337191,-0.04357889223676449,2.5728159494180214,2.6517176120173183,down,0.21800916704620776
g__GGB1093,0.06146073951755952,3197.0,0.27311894575878093,-0.27311894575878093,-0.025238438268805147,3.6214585758784374,3.6853695978202503,down,0.21800916704620776
g__GGB3351,0.09486854816985604,3266.0,0.29102070894671145,-0.29102070894671145,0.0,-0.010113223140305265,0.0985075154484095,down,0.21800916704620776
g__GGB9275,0.04124057286245998,3138.0,0.336867357969157,-0.336867357969157,-0.03146538643572354,3.3773264621933863,3.451795577420244,down,0.21800916704620776
g__GGB9711,0.059086436803802586,3191.0,0.3223211235517464,-0.3223211235517464,-0.037170302995080624,2.7573173138084743,2.8292812666382683,down,0.21800916704620776
g__GGB9197,0.04124057286245998,3138.0,0.3368673579196653,-0.3368673579196653,-0.04093065623247846,2.5877766052244984,2.662245720437997,down,0.21800916704620776
g__GGB9511,0.04124057286245998,3138.0,0.3368673578819188,-0.3368673578819188,-0.047189305822723966,2.239675430403397,2.3141445456067067,down,0.21800916704620776
g__GGB9623,0.04544178418745671,3152.0,0.2589913129479122,-0.2589913129479122,0.0,-1.6891252119350066,-1.5796640068936116,down,0.21800916704620776
g__Faecalicoccus,0.08658099968360784,3251.0,0.1118526234553051,-0.1118526234553051,-0.029222824326934883,1.7700075531200712,1.8062259034991703,down,0.21800916704620776
g__GGB9637,0.06146073951755952,3197.0,0.3061917803172238,-0.3061917803172238,-0.0729018589227065,1.3116912565238572,1.3796765091459096,down,0.21800916704620776
g__Mobilibacterium,0.06026389505675866,3194.0,0.16874259165621644,-0.16874259165621644,-0.06943351642583905,1.0262724014560263,1.07687233780904,down,0.21800916704620776
g__Lactiplantibacillus,0.10316585203846788,3280.0,0.03793221816232495,-0.03793221816232495,0.0,-3.0196108265095187,-2.979979705979807,down,0.21800916704620776
g__GGB9291,0.04124057286245998,3138.0,0.3368673574571194,-0.3368673574571194,-0.1317040579788389,0.7790715460849774,0.8535406611736218,down,0.21800916704620776
g__GGB3528,0.04124057286245998,3138.0,0.33686735714298904,-0.33686735714298904,-0.2940727364862985,0.3293684663672744,0.4038375813711263,down,0.21800916704620776
g__GGB9628,0.054565948193949186,3179.0,0.32097876062630815,-0.32097876062630815,0.0,-0.6234156091814176,-0.5496399477204211,down,0.21800916704620776
g__GGB9238,0.17837786644662468,3378.0,0.026086743728337105,0.026086743728337105,0.0,-1.8912652558657657,-1.9059770617649736,up,0.2732476234421225
g__GGB3152,0.04124057286245998,3138.0,0.3368673531099268,-0.3368673531099268,0.0,-1.4022869416229469,-1.3278178277077308,down,0.21800916704620776
g__GGB9243,0.04124057286245998,3138.0,0.3368673390410759,-0.3368673390410759,0.0,-2.7557910014254174,-2.6813218913077757,down,0.21800916704620776
g__GGB4602,0.03817481309483211,3127.0,0.3532732054840238,-0.3532732054840238,0.0,-0.03279982311320975,0.11913326836012171,down,0.21800916704620776
g__GGB87334,0.16300998454796545,3361.0,0.06113032778291903,0.06113032778291903,0.0,-1.1874276740540448,-1.228472122828411,up,0.2554000083634247
g__GGB4272,0.11400555189919293,3297.0,0.2604197653467241,-0.2604197653467241,-0.01679747871257492,4.934199117430852,4.991984362203786,down,0.21800916704620776
g__GGB33247,0.11400555189919293,3297.0,0.26041976539561235,-0.26041976539561235,-0.028669801360194133,2.879018337722629,2.936803582503843,down,0.21800916704620776
g__GGB3169,0.11400555189919293,3297.0,0.2604197654105223,-0.2604197654105223,-0.03119988482598532,2.6432241388144773,2.701009383598217,down,0.21800916704620776
g__GGB6565,0.11400555189919293,3297.0,0.2604197654491284,-0.2604197654491284,-0.03725609152450156,2.2088922756625946,2.2666775204528737,down,0.21800916704620776
g__GGB47174,0.2028990217870278,3403.0,0.16759374143149247,-0.16759374143149247,-0.026044688740213495,2.1151082724945325,2.1536386487604773,down,0.2993694155814735
g__GGB9266,0.3516148586125657,3521.0,0.09515818569628008,0.09515818569628008,0.0,-0.6732128933538661,-0.7191402108868291,up,0.4486120609884459
g__GGB4586,0.1821457086087368,3382.0,0.09027390057816743,-0.09027390057816743,-0.5875324316101266,0.08111928112206249,0.1218958664248672,down,0.27637881968707384
g__GGB9542,0.053124757441819735,3175.0,0.3762847117700396,-0.3762847117700396,-0.1960285282204144,0.618297468650697,0.7082848222815504,down,0.21800916704620776
g__GGB3627,0.270288454191977,3462.0,0.05427995635726372,0.05427995635726372,0.0,-2.184492864067711,-2.2142886666049773,up,0.3698684109995475
g__Macrococcus,0.11400555189919293,3297.0,0.26041981373109296,-0.26041981373109296,0.0,-3.881510232009424,-3.823724979040997,down,0.21800916704620776
g__GGB3738,0.3382964358380882,3512.0,0.15326839311910895,0.15326839311910895,0.0,-3.80020841764623,-3.92908527247707,up,0.4368337869479743
g__Leclercia,0.1120300827405705,3294.0,0.06980948140064243,-0.06980948140064243,0.0,-0.7872304960787325,-0.7546962758824988,down,0.21800916704620776
g__GGB4658,0.15868571895838213,3356.0,0.13320272302123015,-0.13320272302123015,-0.038677132956095144,1.3549364132333979,1.3917521200636958,down,0.25338177703987036
g__Pseudoramibacter,0.08291877569214715,3244.0,0.2940892742130202,-0.2940892742130202,0.0,-2.926000012705389,-2.7619352733144877,down,0.21800916704620776
g__Selenomonas,0.13304103191180877,3324.0,0.2017840392099242,-0.2017840392099242,0.0,-2.0110874048705614,-1.9294779189706044,down,0.2365720382609243
g__Dysgonomonas,0.07645098466516617,3231.0,0.32294246706884827,-0.32294246706884827,-0.36250895669854843,0.26069160266810665,0.33516071765531513,down,0.21800916704620776
g__Campylobacter,0.2677784757519288,3460.0,0.04891538347981724,-0.04891538347981724,0.0,-2.2142582467834795,-2.1909338121773367,down,0.3685306061135272
g__Proteus,0.1133440373440132,3296.0,0.005748255471855642,0.005748255471855642,0.0,-1.2496123565147856,-1.2544454198659647,up,0.21800916704620776
g__Hallella,0.07645098466516617,3231.0,0.3229424657608983,-0.3229424657608983,0.0,-0.8864738435100872,-0.8120047290618222,down,0.21800916704620776
g__Eggerthellaceae_unclassified,0.05947678286326965,3192.0,0.3831504629287609,-0.3831504629287609,0.0,-1.594658798916874,-1.4773227799780666,down,0.21800916704620776
g__GGB9271,0.06105962332664942,3196.0,0.3523460701704534,-0.3523460701704534,-0.04626676258197126,2.768637452879162,2.8588658234435664,down,0.21800916704620776
g__GGB3303,0.09203815196156913,3261.0,0.03382253223355545,-0.03382253223355545,-0.012688093770023163,1.5959227217897634,1.6100203108433986,down,0.21800916704620776
g__GGB9117,0.04482037573951536,3150.0,0.3335630487057372,-0.3335630487057372,-0.2046724932740518,0.48856328873991867,0.563032403778225,down,0.21800916704620776
g__Butyrivibrio,0.12429722531719543,3312.0,0.036623419860011185,0.036623419860011185,0.0,-0.09395102451987526,-0.1138948087604755,up,0.22732686455350193
g__GGB44238,0.019458883569791828,3036.0,0.4290538721351953,-0.4290538721351953,0.0,-0.5061990157057555,-0.4003563376230343,down,0.21800916704620776
g__GGB29535,0.06516986661351057,3206.0,0.34775539626514407,-0.34775539626514407,0.0,-3.093053958081729,-2.9835529053954057,down,0.21800916704620776
g__Duodenibacillus,0.10255466306859409,3279.0,0.25431242169922835,-0.25431242169922835,-0.2549026030507646,0.2990100651081449,0.3567953100051952,down,0.21800916704620776
g__GGB3548,0.06433004548439036,3204.0,0.2903660781551896,-0.2903660781551896,-0.057872155320027895,2.1382616279138653,2.2257792895869177,down,0.21800916704620776
g__Bacillus,0.12078904533682253,3307.0,0.03699092671164885,-0.03699092671164885,0.0,-2.949655004670047,-2.925896567462159,down,0.22303082843382585
g__Diaphorobacter,0.04899073871113987,3163.0,0.3315018677095955,-0.3315018677095955,-1.090048546914722,0.0659712290694365,0.14044034400273922,down,0.21800916704620776
g__GGB4255,0.039822114432301194,3133.0,0.33990199612339606,-0.33990199612339606,-0.018009562222329398,5.928352894796522,6.00282201003362,down,0.21800916704620776
g__GGB3306,0.11533769722762999,3299.0,0.15842980609630347,-0.15842980609630347,-0.09020558344213836,1.287301678299007,1.3703607841316214,down,0.21884588704729796
g__GGB9075,0.07988055893920333,3238.0,0.24796893826940217,-0.24796893826940217,0.0,-2.0960337104255973,-1.9617812172953617,down,0.21800916704620776
g__Levilactobacillus,0.039822114432301194,3133.0,0.339901995985844,-0.339901995985844,-0.047534062737221404,2.223164323410304,2.2976334386130373,down,0.21800916704620776
g__GGB4672,0.039822114432301194,3133.0,0.33990199586902287,-0.33990199586902287,-0.06484882557023268,1.6197624816986478,1.6942315968721953,down,0.21800916704620776
g__GGB3146,0.08982301953978712,3257.0,0.09637459350275142,-0.09637459350275142,-0.07220247219752494,0.6169148514109759,0.6485751956401533,down,0.21800916704620776
g__GGB9328,0.039822114432301194,3133.0,0.3399019953133715,-0.3399019953133715,-0.21185565899464096,0.47079632437623464,0.545265439410962,down,0.21800916704620776
g__GGB9095,0.059869266151166486,3193.0,0.12815926497755778,-0.12815926497755778,0.0,-0.5602360247405209,-0.5168877033491217,down,0.21800916704620776
g__Alkaliflexus,0.039822114432301194,3133.0,0.33990199293418927,-0.33990199293418927,0.0,-0.8964739258446458,-0.8220048114043175,down,0.21800916704620776
g__Companilactobacillus,0.07988055893920333,3238.0,0.0532686294326309,-0.0532686294326309,0.0,-0.4522639308411593,-0.42495021447830345,down,0.21800916704620776
g__Clostridioides,0.09544291105736223,3267.0,0.15469200889877335,-0.15469200889877335,0.0,-0.7310436601193855,-0.6437011333581668,down,0.21800916704620776
g__GGB3817,0.36067578647309806,3527.0,0.11463205888391154,0.11463205888391154,0.0,-2.5745585142259624,-2.717819348422865,up,0.45534134722719205
g__GGB9466,0.15528927545579307,3352.0,0.13872417851571336,-0.13872417851571336,-0.0823387023419951,0.6521227536625347,0.6904238304677304,down,0.25286213295973387
g__Sneathia,0.13304103191180877,3324.0,0.12243257762811798,-0.12243257762811798,-0.0895685980147186,0.5716634492424799,0.6082796117211178,down,0.2365720382609243
g__Ezakiella,0.35612715458001565,3524.0,0.06177540625633026,0.06177540625633026,0.0,-2.7352181458567952,-2.787145305281249,up,0.4519714019867745
g__GGB3640,0.11268555040941082,3295.0,0.2577970810906001,-0.2577970810906001,0.0,-0.8134591960350893,-0.7556739508821282,down,0.21800916704620776
g__GGB1420,0.21443369609507645,3414.0,0.050863517521258235,-0.050863517521258235,0.0,-1.1523446116827125,-1.1299147771159292,down,0.310203331794682
g__GGB1550,0.11940766100016498,3305.0,0.15189513556802545,-0.15189513556802545,0.0,-2.1207771855210855,-2.0114746007976207,down,0.2217570847145921
g__GGB4260,0.07938309712535119,3237.0,0.2826635820700845,-0.2826635820700845,-0.09399038754312031,1.0215561095975252,1.0903254553066553,down,0.21800916704620776
g__GGB9412,0.24827525202021272,3444.0,0.08253613296013455,0.08253613296013455,0.0,-0.9848465890558715,-1.0325617485269012,up,0.3476576309220446
g__Gallibacter,0.1133440373440132,3296.0,0.2578349765415521,-0.2578349765415521,-0.012246151293781185,6.778714488890483,6.836499733662393,down,0.21800916704620776
g__GGB3176,0.1133440373440132,3296.0,0.25783497654618026,-0.25783497654618026,-0.01594319402997519,5.200130767369741,5.257916012142389,down,0.21800916704620776
g__GGB3185,0.46267484299863215,3589.0,0.17806169273853398,0.17806169273853398,0.0,-1.9745831136128875,-2.1189785231642744,up,0.5488202206716204
g__GGB4266,0.1133440373440132,3296.0,0.25783497660681065,-0.25783497660681065,-0.029802470248658834,2.768508061664978,2.8262933064473033,down,0.21800916704620776
g__GGB1246,0.1133440373440132,3296.0,0.25783497668110306,-0.25783497668110306,-0.04072880814364977,2.0181111250901775,2.075896369884359,down,0.21800916704620776
g__GGB12985,0.1133440373440132,3296.0,0.2578349767394208,-0.2578349767394208,-0.049034023546338276,1.6714473688310696,1.7292326136345577,down,0.21800916704620776
g__GGB9695,0.09544291105736223,3267.0,0.018125367662011265,-0.018125367662011265,0.0,-1.2347248385819556,-1.2254954297181224,down,0.21800916704620776
g__GGB9533,0.2640436255158207,3457.0,0.09274760777137396,0.09274760777137396,0.0,-3.987480397477102,-4.046868030356332,up,0.36443323923417437
g__GGB2732,0.1604048879597516,3358.0,0.11202998808807224,-0.11202998808807224,0.0,-2.330299232134235,-2.2976702407614336,down,0.25338177703987036
g__GGB38987,0.15698053377667825,3354.0,0.03649376314066671,0.03649376314066671,0.0,-2.970075883606984,-2.990816986539053,up,0.25338177703987036
g__GGB48168,0.08240600034393473,3243.0,0.12949766929040332,-0.12949766929040332,0.0,-0.6345579717422548,-0.5938487386063558,down,0.21800916704620776
g__GGB9523,0.10316585203846788,3280.0,0.06872404769045015,-0.06872404769045015,0.0,-3.2550250877066698,-3.20177207948677,down,0.21800916704620776
g__GGB6123,0.13835718820958753,3331.0,0.1908277212951378,-0.1908277212951378,-0.05156283042063832,1.2470909198317905,1.2924688227153518,down,0.24199930010476947
g__GGB9476,0.09659998934960741,3269.0,0.25293203815677534,-0.25293203815677534,-0.1350228353036359,0.5889830816402855,0.6467683265057874,down,0.21800916704620776
g__GGB3569,0.09659998934960741,3269.0,0.2529320389657739,-0.2529320389657739,0.0,-0.22051792198314676,-0.16273267700071606,down,0.21800916704620776
g__GGB9225,0.19083860709461598,3391.0,0.08966702231680759,0.08966702231680759,0.0,-2.0301356292111117,-2.083260453321361,up,0.28730319252741876
g__Raoultella,0.10879774012075728,3289.0,0.26268748378466533,-0.26268748378466533,0.0,-1.4994323441327224,-1.2362238305044253,down,0.21800916704620776
g__GGB1496,0.1133440373440132,3296.0,0.26190136409267256,-0.26190136409267256,-0.02597572614571343,3.180593716708265,3.2383789614870073,down,0.21800916704620776
g__Microbacterium,0.1133440373440132,3296.0,0.2619013643085588,-0.2619013643085588,-0.06162384348200617,1.3241414687998663,1.3819267136165472,down,0.21800916704620776
g__GGB73496,0.1133440373440132,3296.0,0.2619013649601461,-0.2619013649601461,-0.9957651530481891,0.05812598740143999,0.11591123233262739,down,0.21800916704620776
g__Candidatus_Nanogingivalis,0.1133440373440132,3296.0,0.2619013660042751,-0.2619013660042751,0.0,-0.7076336815342041,-0.649848436419527,down,0.21800916704620776
g__GGB12794,0.06186403497906669,3198.0,0.2894783361487888,-0.2894783361487888,0.0,-1.5983509960820306,-1.5199601463947483,down,0.21800916704620776
g__GGB51139,0.0971827219495195,3270.0,0.2531665701673079,-0.2531665701673079,0.0,-0.7814198452116168,-0.723634600070677,down,0.21800916704620776
g__GGB3142,0.14866235548838747,3344.0,0.0038917989678998828,0.0038917989678998828,0.00568307887525415,0.7674340314743795,0.7644168940576579,up,0.2514559003466162
g__Culturomica,0.0960200552505211,3268.0,0.2524971255162007,-0.2524971255162007,-0.03183703591462796,2.58975157153999,2.647536816324391,down,0.21800916704620776
g__Pediococcus,0.15613316733688348,3353.0,0.19060158857407944,-0.19060158857407944,0.0,-0.7975063253378777,-0.6735549230993859,down,0.25286213295973387
g__Latilactobacillus,0.18501009657574352,3385.0,0.06866927088803265,0.06866927088803265,0.0,-1.4424683447510296,-1.4819209805839961,up,0.28028301245018156
g__Melissococcus,0.0960200552505211,3268.0,0.25249712602386487,-0.25249712602386487,-0.11736887151075494,0.6817937788482629,0.7395790237054525,down,0.21800916704620776
g__GGB28640,0.19579804609320417,3396.0,0.09057914323159827,0.09057914323159827,0.0,-0.4187962859205286,-0.47733776344930384,up,0.2929358014644828
g__GGB9641,0.15029848513441194,3346.0,0.14321715274776803,-0.14321715274776803,0.0,-0.2062105663357314,-0.16788732732367562,down,0.2514559003466162
g__GGB3057,0.16126973406262146,3359.0,0.13063086835482787,-0.13063086835482787,-0.323010784247645,0.1424025056287785,0.17813676695200914,down,0.25391404937519124
g__GGB9457,0.13758786898308065,3330.0,0.21259906672354234,-0.21259906672354234,0.0,-0.8480531600769617,-0.7984358061560876,down,0.2415319889812474
g__Hafnia,0.1938030527779645,3394.0,0.09014285990484121,-0.09014285990484121,-0.0393023953563691,1.5258186975132633,1.5679569424287187,down,0.2913102137068779
g__Pluralibacter,0.2028990217870278,3403.0,0.021274765837614888,-0.021274765837614888,-0.09161621657941671,0.13221975881915674,0.14088851445898304,down,0.2993694155814735
g__Obesumbacterium,0.07645098466516617,3231.0,0.21284197972485955,-0.21284197972485955,-0.1236518261040176,0.6407910412801157,0.6981348854808102,down,0.21800916704620776
g__Pseudocitrobacter,0.1315515471077555,3322.0,0.029563929614244023,0.029563929614244023,0.053626906655364945,0.42675707725082845,0.41118515278728657,up,0.23566590003288787
g__GGB9513,0.15029848513441194,3346.0,0.1628158219011052,-0.1628158219011052,-0.14273436105926715,0.4052263811831063,0.4473681228605633,down,0.2514559003466162
g__Lelliottia,0.11008171159812104,3291.0,0.2567153353796125,-0.2567153353796125,0.0,-0.13200810101438554,-0.07422285604980336,down,0.21800916704620776
g__GGB70856,0.10626535627595016,3285.0,0.25584210598098417,-0.25584210598098417,-0.09495207297692682,0.8494091850473392,0.9071944298913387,down,0.21800916704620776
g__GGB9574,0.07314244489199265,3224.0,0.1497945963142759,-0.1497945963142759,0.0,-1.764348385308111,-1.7133510465366955,down,0.21800916704620776
g__GGB1095,0.14146764416600616,3335.0,0.016339043580265784,-0.016339043580265784,-0.004819572781298493,2.211521374141783,2.2189216986661346,down,0.24389224675214682
g__GGB9210,0.36988183697717403,3533.0,0.10927788074346056,0.10927788074346056,0.0,-0.9215534631293034,-0.9846483985713254,up,0.46391959214086237
g__Atlantibacter,0.2028990217870278,3403.0,0.0468981461200067,0.0468981461200067,0.0,-1.6929728973951164,-1.7195925808663803,up,0.2993694155814735
g__GGB2731,0.06950566673369535,3216.0,0.3249825163299035,-0.3249825163299035,-0.02400938855094266,4.43762754117603,4.51209665641015,down,0.21800916704620776
g__Peptacetobacter,0.12861138964506902,3318.0,0.09127394383797068,-0.09127394383797068,-0.0133021872160805,3.4757388633200006,3.507934674660615,down,0.233883094212772
g__Phytobacter,0.09544291105736223,3267.0,0.13605480211759133,-0.13605480211759133,0.0,-0.1773143035727392,-0.13389547447498246,down,0.21800916704620776
g__Shuttleworthia,0.09544291105736223,3267.0,0.1784349415320925,-0.1784349415320925,0.0,-4.19989342069305,-4.108235147440074,down,0.21800916704620776
g__GGB2964,0.056413154203665106,3184.0,0.3285963822479827,-0.3285963822479827,0.0,-2.5521921650296084,-2.4777230539687496,down,0.21800916704620776
g__Paraclostridium,0.10134092890181201,3277.0,0.15826821902647234,-0.15826821902647234,-0.02782904794588046,2.2119789674056083,2.255061400822562,down,0.21800916704620776
g__GGB4617,0.1133440373440132,3296.0,0.20449104402193802,-0.20449104402193802,-0.02974925551378792,2.382198745912649,2.431831109551658,down,0.21800916704620776
g__Caniella,0.06186403497906669,3198.0,0.3751398935017111,-0.3751398935017111,0.0,-0.3551516406121062,-0.13322902826405675,down,0.21800916704620776
g__GGB1551,0.07988055893920333,3238.0,0.27576023113010534,-0.27576023113010534,-0.02477515614781947,3.744637544288885,3.809498899377269,down,0.21800916704620776
g__GGB4700,0.21658073108879372,3416.0,0.010929120410864088,0.010929120410864088,0.007536414750468221,1.5538508238150823,1.5457549128252994,up,0.3119021905799694
g__GGB4597,0.14947871219369385,3345.0,0.20244224511328732,-0.20244224511328732,-0.0750228228649659,0.8778213099679663,0.9246773923660243,down,0.2514559003466162
g__GGB3124,0.359155541715114,3526.0,0.031550543647322085,-0.031550543647322085,0.0,-1.7425783213636439,-1.725453250778588,down,0.4546153041183416
g__GGB4689,0.37143025404870944,3534.0,0.11843210674011748,0.11843210674011748,0.7297500420814851,0.2114676712750184,0.127516778003968,up,0.4640466290842318
g__Herbaspirillum,0.08818999857094488,3254.0,0.25057454135881363,-0.25057454135881363,0.0,-2.422896737901241,-2.365111491223309,down,0.21800916704620776
g__GGB4711,0.09659998934960741,3269.0,0.2530304304612819,-0.2530304304612819,-0.0254949620018686,3.2411124716400677,3.2988977164183972,down,0.21800916704620776
g__GGB4541,0.13007502088442482,3320.0,0.15881352604634064,-0.15881352604634064,-0.043591422306950074,1.3701516384537458,1.4121829380243822,down,0.23565380431415572
g__Epilithonimonas,0.13304103191180877,3324.0,0.20213766459801522,-0.20213766459801522,-0.15191944148309613,0.4383903743783849,0.48707217319215396,down,0.2365720382609243
g__GGB4559,0.15613316733688348,3353.0,0.1427148550068472,-0.1427148550068472,-0.02309317155371119,3.7010581771666415,3.7607775804916965,down,0.25286213295973387
g__GGB4703,0.15528927545579307,3352.0,0.10775361130863854,-0.10775361130863854,-0.0691276165526232,1.356753308770187,1.423345640445165,down,0.25286213295973387
g__GGB4611,0.04734973414325949,3158.0,0.3450521014352721,-0.3450521014352721,-0.01754601006434871,6.08595510924747,6.160424224484695,down,0.21800916704620776
g__GGB3623,0.07360779539964395,3225.0,0.2408615634323648,-0.2408615634323648,-0.1612768572056335,0.8017558193514932,0.8965846359931847,down,0.21800916704620776
g__GGB9285,0.07176081704736395,3221.0,0.3021931371475182,-0.3021931371475182,-0.024496089262309326,3.8296122886303867,3.895191965248313,down,0.21800916704620776
g__GGB1528,0.07085166548535729,3219.0,0.3078340102338905,-0.3078340102338905,-0.02754467399126511,3.4829733779345697,3.550110966051588,down,0.21800916704620776
g__GGB9548,0.04734973414325949,3158.0,0.3450521013034518,-0.3450521013034518,-0.04430036224103037,2.388133079143649,2.46260219435174,down,0.21800916704620776
g__GGB1523,0.04734973414325949,3158.0,0.3450521012680429,-0.3450521012680429,-0.04900252829197654,2.1554390803553747,2.22990819555564,down,0.21800916704620776
g__GGB9778,0.049998063609564956,3166.0,0.38551192259300743,-0.38551192259300743,0.0,-0.4539974691622509,-0.3527334492998588,down,0.21800916704620776
g__GGB9775,0.36833743737163716,3532.0,0.04500225843307697,0.04500225843307697,0.0,-0.9169873143721713,-0.9405100424349707,up,0.4631903460804117
g__GGB1525,0.04734973414325949,3158.0,0.34505210106476225,-0.34505210106476225,-0.07631884614569688,1.3708223221081548,1.4452914372634933,down,0.21800916704620776
g__GGB79087,0.15277837509615536,3349.0,0.07250529557565896,-0.07250529557565896,0.0,-0.3003278027857826,-0.2727008415109784,down,0.25286213295973387
g__Salmonella,0.04734973414325949,3158.0,0.3450521008041744,-0.3450521008041744,-0.12227126123458622,0.8419624253593269,0.916431540457073,down,0.21800916704620776
g__GGB6126,0.04734973414325949,3158.0,0.3450521007533209,-0.3450521007533209,-0.13404092011009677,0.7648600328933111,0.8393291479798181,down,0.21800916704620776
g__GGB1521,0.036068827318457106,3119.0,0.38116492367798344,-0.38116492367798344,-0.33072534455905217,0.5170835099809786,0.6503077611944255,down,0.21800916704620776
g__GGB6518,0.06950566673369535,3216.0,0.24296817076029348,-0.24296817076029348,0.0,-1.043601149056678,-0.9729732964448262,down,0.21800916704620776
g__GGB9551,0.10563961918332188,3284.0,0.08053633830433274,-0.08053633830433274,-0.14185225169180063,0.2597680646801656,0.28660749379776806,down,0.21800916704620776
g__GGB34231,0.04734973414325949,3158.0,0.34505210007839465,-0.34505210007839465,-0.9552190899740439,0.07931747051340296,0.1537865854507448,down,0.21800916704620776
g__GGB3004,0.0699519806207335,3217.0,0.26456294699785077,-0.26456294699785077,0.0,-0.49054624084549336,-0.42833431223531904,down,0.21800916704620776
g__Tetragenococcus,0.018572374933173992,3030.0,0.41403521326410103,-0.41403521326410103,0.0,-1.0658147526207746,-0.9747480720437951,down,0.21800916704620776
g__GGB9454,0.051715506934812985,3171.0,0.3824454620950191,-0.3824454620950191,0.0,-3.093053958081729,-2.9870118338618092,down,0.21800916704620776
g__GGB6512,0.07176081704736395,3221.0,0.25740322442278396,-0.25740322442278396,0.0,-1.7562844357678848,-1.6964688889856652,down,0.21800916704620776
g__GGB33539,0.07176081704736395,3221.0,0.1913860996956832,-0.1913860996956832,0.0,-3.277028702809461,-3.224936875645354,down,0.21800916704620776
g__GGB4661,0.1120300827405705,3294.0,0.2574825361344968,-0.2574825361344968,-0.12405532537025396,0.6435319392777581,0.7013171841382815,down,0.21800916704620776
g__Furfurilactobacillus,0.11872162626710614,3304.0,0.14725362707899048,-0.14725362707899048,-0.06478989224860146,0.894780002168884,0.9358795773914736,down,0.22133760555999243
g__GGB4580,0.08818999857094488,3254.0,0.2508006200947239,-0.2508006200947239,0.0,-0.05722808920142232,0.0005571557492635149,down,0.21800916704620776
g__GGB1627,0.1173588305101672,3302.0,0.0020542182918465487,0.0020542182918465487,0.0,-0.7090379661173517,-0.7102115809397376,up,0.22007640341282816
g__Loigolactobacillus,0.08818999857094488,3254.0,0.2508006235600243,-0.2508006235600243,0.0,-1.3638155905704403,-1.3060303451376964,down,0.21800916704620776
g__GGB1538,0.05947678286326965,3192.0,0.26780254220991734,-0.26780254220991734,-0.03879929759294235,3.1428465397920364,3.228515888277439,down,0.21800916704620776
g__GGB1568,0.058698219593400776,3190.0,0.32816430260743545,-0.32816430260743545,-0.04003134052408069,2.646740421037388,2.721209536252288,down,0.21800916704620776
g__GGB70869,0.04670640014578903,3156.0,0.37974251772949336,-0.37974251772949336,0.0,-3.3565643305455333,-3.2279839741074903,down,0.21800916704620776
g__GGB51110,0.07741838296627643,3233.0,0.3170464354363248,-0.3170464354363248,0.0,-1.3242847580397457,-1.2470962364955096,down,0.21800916704620776
g__GGB4571,0.14866235548838747,3344.0,0.11882488168213293,-0.11882488168213293,-0.022635155028982234,2.234730222538645,2.270068503680101,down,0.2514559003466162
g__GGB3475,0.11400555189919293,3297.0,0.25877104530774275,-0.25877104530774275,-0.10145141057741487,0.7931840434062405,0.8509692882544208,down,0.21800916704620776
g__GGB2657,0.15528927545579307,3352.0,0.1056120560300778,-0.1056120560300778,-0.09117003902791006,0.5003426477678159,0.53298187329162,down,0.25286213295973387
g__GGB3034,0.04575520146426336,3153.0,0.24058127500193427,-0.24058127500193427,0.0,-0.9268796730814749,-0.7766193926968823,down,0.21800916704620776
g__Tsuneonella,0.11400555189919293,3297.0,0.2587710468585344,-0.2587710468585344,0.0,-0.6666443403479569,-0.6088590952470533,down,0.21800916704620776
g__GGB9289,0.11400555189919293,3297.0,0.25877104845708593,-0.25877104845708593,0.0,-1.2496232403788796,-1.1918379950174693,down,0.21800916704620776
g__Drancourtella,0.11072817171986546,3292.0,0.0036922714981224816,-0.0036922714981224816,0.0,-0.6366349020586904,-0.6340797762189105,down,0.21800916704620776
g__GGB9694,0.2028990217870278,3403.0,0.007820901254863153,0.007820901254863153,0.0,-3.925615895988897,-3.92908527247707,up,0.2993694155814735
g__GGB32451,0.10563961918332188,3284.0,0.2558185814019845,-0.2558185814019845,-0.02077630197293134,3.9837525036260804,4.041537748400945,down,0.21800916704620776
g__Fructilactobacillus,0.0995418090535975,3274.0,0.2490981901590271,-0.2490981901590271,0.0,-0.7883314346738818,-0.6266633680272528,down,0.21800916704620776
g__GGB1527,0.08189579889575963,3242.0,0.14624947282719084,-0.14624947282719084,-0.019392491019204365,3.4101174215108636,3.4562651707198238,down,0.21800916704620776
g__GGB1110,0.11008171159812104,3291.0,0.263285555188669,-0.263285555188669,-0.01983569017822928,4.174026388478059,4.231811633252377,down,0.21800916704620776
g__GGB32024,0.11008171159812104,3291.0,0.2632855551916361,-0.2632855551916361,-0.02076756793621738,3.9854400088192943,4.043225253594153,down,0.21800916704620776
g__GGB4671,0.11008171159812104,3291.0,0.26328555521469577,-0.26328555521469577,-0.02634030657122339,3.136173116328068,3.1939583611071294,down,0.21800916704620776
g__GGB1582,0.11008171159812104,3291.0,0.26328555522433505,-0.26328555522433505,-0.028254372685542695,2.9217710357858597,2.979556280566678,down,0.21800916704620776
g__GGB4558,0.48051337265230964,3599.0,0.125771998673282,0.125771998673282,0.026482649178618086,2.9026193188938936,2.8498238037973107,up,0.5651025238282663
g__GGB3480,0.2753566824692715,3466.0,0.13520867031569422,0.13520867031569422,0.0,-3.2358337879402335,-3.3537220997940427,up,0.373088913430196
g__GGB9350,0.2896271184799316,3477.0,0.024185526741565586,0.024185526741565586,0.005053685540972989,2.4403646246949333,2.431831109551658,up,0.38859314920180504
g__GGB4694,0.11008171159812104,3291.0,0.26328555526154873,-0.26328555526154873,-0.03482942670048288,2.3647883252033024,2.4225735699909023,down,0.21800916704620776
g__GGB4686,0.11008171159812104,3291.0,0.26328555528378006,-0.26328555528378006,-0.03848278969196432,2.13756749517412,2.1953527399657715,down,0.21800916704620776
g__GGB3517,0.11008171159812104,3291.0,0.2632855552888481,-0.2632855552888481,-0.039304183845648516,2.092297393126748,2.150082637919323,down,0.21800916704620776
g__GGB13283,0.15613316733688348,3353.0,0.16717521912634162,-0.16717521912634162,-0.03530349967502122,1.640954220768392,1.681604565023447,down,0.25286213295973387
g__GGB9267,0.11008171159812104,3291.0,0.263285555411622,-0.263285555411622,-0.05988553889977779,1.3634043765154977,1.4211896213304471,down,0.21800916704620776
g__GGB1562,0.11008171159812104,3291.0,0.263285555440068,-0.263285555440068,-0.06518939385515869,1.250160077093308,1.3079453219134414,down,0.21800916704620776
g__GGB74703,0.11008171159812104,3291.0,0.26328555550707455,-0.26328555550707455,-0.07910497812988193,1.0252429545304211,1.083028199362766,down,0.21800916704620776
g__GGB9282,0.15029848513441194,3346.0,0.12537552830283977,-0.12537552830283977,-0.049491270008401214,1.0291983254493906,1.0651172730635774,down,0.2514559003466162
g__GGB74700,0.11008171159812104,3291.0,0.26328555569861334,-0.26328555569861334,-0.13919122968883524,0.5705068058976915,0.6282920507649425,down,0.21800916704620776
g__Gallalistipes,0.15361188657070604,3350.0,0.23094614291387744,-0.23094614291387744,-0.1806122628678348,0.38231574270556173,0.43330319378881077,down,0.25286213295973387
g__GGB3755,0.11008171159812104,3291.0,0.2632855558975112,-0.2632855558975112,-0.3012550017491071,0.24884280795697875,0.30662805286047706,down,0.21800916704620776
g__GGB4550,0.15613316733688348,3353.0,0.11999488320985552,-0.11999488320985552,0.0,-0.4626886115128853,-0.4292185184135466,down,0.25286213295973387
g__GGB9343,0.21124198674667316,3411.0,0.058618042523254185,-0.058618042523254185,0.0,-2.648462638372177,-2.629803904506139,down,0.30697098376178183
g__GGB35456,0.09659998934960741,3269.0,0.25266567923974925,-0.25266567923974925,-0.03077532857317903,2.680084055776332,2.737869300559638,down,0.21800916704620776
g__Plesiomonas,0.17651583594423648,3376.0,0.044869017141115006,0.044869017141115006,0.0,-1.000925735734492,-1.0264455222576323,up,0.2708265297900407
g__Coriobacteriales_unclassified,0.09659998934960741,3269.0,0.2526656796953156,-0.2526656796953156,-0.10250352603919338,0.7847530802747529,0.8425383251235803,down,0.21800916704620776
g__GGB3012,0.09659998934960741,3269.0,0.2526656800623683,-0.2526656800623683,-0.2863390281110341,0.26320857730227226,0.32099382220389094,down,0.21800916704620776
g__Pseudoxanthomonas,0.09659998934960741,3269.0,0.2530063504136657,-0.2530063504136657,-0.018086265002072,4.580548735388413,4.638333980161865,down,0.21800916704620776
g__Hydrogenophaga,0.09659998934960741,3269.0,0.25300635043917413,-0.25300635043917413,-0.024040895220876737,3.438882368345963,3.4966676131231065,down,0.21800916704620776
g__Hoeflea,0.09659998934960741,3269.0,0.25300635045505177,-0.25300635045505177,-0.02676686179832838,3.085737628833819,3.1435228736132608,down,0.21800916704620776
g__Hyphomicrobium,0.09659998934960741,3269.0,0.2530063505034364,-0.2530063505034364,-0.03376371740368131,2.4403346288595937,2.498119873646038,down,0.21800916704620776
g__Reyranella,0.09659998934960741,3269.0,0.2530063505327821,-0.2530063505327821,-0.037625681883046394,2.1869133690440505,2.2446986138347422,down,0.21800916704620776
g__Roseicella,0.09659998934960741,3269.0,0.2530063505247764,-0.2530063505247764,-0.03658507373881335,2.2499316376797736,2.3077168824693066,down,0.21800916704620776
g__Bosea,0.09659998934960741,3269.0,0.2530063505815899,-0.2530063505815899,-0.043896241181051426,1.8704252990597354,1.9282105438574915,down,0.21800916704620776
g__Glutamicibacter,0.09659998934960741,3269.0,0.25300635077476036,-0.25300635077476036,-0.07127129200207072,1.1410516542720481,1.1988368990977625,down,0.21800916704620776
g__Aeromicrobium,0.09659998934960741,3269.0,0.25300635137142535,-0.25300635137142535,-0.3906694278405722,0.18580370012968608,0.24358894504175901,down,0.21800916704620776
g__Nakamurella,0.09659998934960741,3269.0,0.2530063515056383,-0.2530063515056383,-1.0204840513672913,0.05617856719258257,0.11396381212408083,down,0.21800916704620776
g__Stenotrophomonas,0.09659998934960741,3269.0,0.2530063516328324,-0.2530063516328324,0.0,-0.052870784021549835,0.004914460928357874,down,0.21800916704620776
g__Afipia,0.09659998934960741,3269.0,0.25300635212304434,-0.25300635212304434,0.0,-0.38803950549825766,-0.3302542604773991,down,0.21800916704620776
g__Deinococcus,0.09659998934960741,3269.0,0.25300635203375166,-0.25300635203375166,0.0,-0.3347724794572323,-0.27698723444929757,down,0.21800916704620776
g__Alicycliphilus,0.09659998934960741,3269.0,0.25300635299951324,-0.25300635299951324,0.0,-0.799602162648553,-0.7418169175008387,down,0.21800916704620776
g__Pedobacter,0.09659998934960741,3269.0,0.25300635472478616,-0.25300635472478616,0.0,-1.308899841557569,-1.251114596160147,down,0.21800916704620776
g__Ottowia,0.09659998934960741,3269.0,0.253006360514646,-0.253006360514646,0.0,-2.158745270390518,-2.1009600241551003,down,0.21800916704620776
g__Planctomyces,0.09659998934960741,3269.0,0.2530063680993597,-0.2530063680993597,0.0,-2.7183607915667034,-2.6605755442335113,down,0.21800916704620776
g__Sphingomonas,0.09659998934960741,3269.0,0.25300639759543847,-0.25300639759543847,0.0,-3.699189007182075,-3.6414037555797645,down,0.21800916704620776
g__Levyella,0.09372813188527303,3264.0,0.25189594051089426,-0.25189594051089426,0.0,-0.037768016484830705,0.020017228462406056,down,0.21800916704620776
g__Lapidilactobacillus,0.09776826163953689,3271.0,0.03539315963691183,-0.03539315963691183,-0.005740197350365737,4.0198531486977975,4.035879207987898,down,0.21800916704620776
g__GGB3609,0.09092516107482758,3259.0,0.051128858546791306,-0.051128858546791306,-0.02709177398333799,1.1192978642751472,1.1405152894540287,down,0.21800916704620776
g__Lentilactobacillus,0.08982301953978712,3257.0,0.25099694417664153,-0.25099694417664153,-0.019273859495861956,4.296537166088338,4.354322410862357,down,0.21800916704620776
g__GGB9580,0.1308116681410012,3321.0,0.02115887223244369,0.02115887223244369,0.027403747041673327,0.573829326801687,0.563032403778225,up,0.235656975190343
g__GGB3451,0.08982301953978712,3257.0,0.25099694417774,-0.25099694417774,-0.01956467838420917,4.2322438024279245,4.290029047202098,down,0.21800916704620776
g__GGB3583,0.08982301953978712,3257.0,0.2509969444876601,-0.2509969444876601,-0.06238920456124104,1.3075481679091463,1.3653334127265797,down,0.21800916704620776
g__GGB42689,0.01650903580753187,3015.0,0.132940028703266,-0.132940028703266,0.0,-4.704639500466755,-4.598894185865028,down,0.21800916704620776
g__GGB3446,0.13835718820958753,3331.0,0.07431162936076595,-0.07431162936076595,0.0,-2.263478225231794,-2.2327786867808443,down,0.24199930010476947
g__Cellulosilyticum,0.08982301953978712,3257.0,0.25099694582838444,-0.25099694582838444,0.0,-0.32046608462134485,-0.26268083961676536,down,0.21800916704620776
g__GGB3538,0.08982301953978712,3257.0,0.25099694675845946,-0.25099694675845946,0.0,-0.7635622293995904,-0.7057769842651856,down,0.21800916704620776
g__Candidatus_Kuenenia,0.08343413359946922,3245.0,0.07343116257682761,-0.07343116257682761,0.0,-2.4291020775088086,-2.3993126839188075,down,0.21800916704620776
g__Cronobacter,0.10316585203846788,3280.0,0.25483310374382806,-0.25483310374382806,0.0,-3.0060426565391274,-2.948257408352111,down,0.21800916704620776
g__GGB4669,0.06862005316605162,3214.0,0.006386727458776588,0.006386727458776588,0.0,-1.9060951051399682,-1.9106168203044003,up,0.21800916704620776
g__Ellagibacter,0.11400555189919293,3297.0,0.2590126709722159,-0.2590126709722159,-0.02368883749210171,3.4904172273457545,3.5482024721226257,down,0.21800916704620776
g__Bulleidia,0.09203815196156913,3261.0,0.2516441932108216,-0.2516441932108216,0.0,-2.333949291306861,-2.27616404479116,down,0.21800916704620776
g__GGB4269,0.10752564418731263,3287.0,0.2643847544077571,-0.2643847544077571,-0.013144428779032226,6.313495028132818,6.3712802729048414,down,0.21800916704620776
g__GGB9303,0.16126973406262146,3359.0,0.014257846366993508,-0.014257846366993508,0.0,-0.01278977114214311,-0.006014609126049281,down,0.25391404937519124
g__GGB4745,0.22201589855352322,3421.0,0.018957367409119498,-0.018957367409119498,-0.013171305518911845,0.7369821612996027,0.7437413605335145,down,0.31735407787294106
g__GGB1219,0.20808477057598496,3408.0,0.0568460782826997,-0.0568460782826997,-0.009778006667698147,2.6278076525075535,2.645678367599494,down,0.30375955886812983
g__GGB4548,0.10752564418731263,3287.0,0.26438475442989023,-0.26438475442989023,-0.022758885835947734,3.6342135394082207,3.6919987841844017,down,0.21800916704620776
g__Marseilla,0.15277837509615536,3349.0,0.1639741441397171,-0.1639741441397171,-0.020467436774763818,2.855215073289385,2.896010553018014,down,0.25286213295973387
g__GGB9211,0.10752564418731263,3287.0,0.2643847544672536,-0.2643847544672536,-0.030671760251348313,2.689230675487731,2.7470159202709308,down,0.21800916704620776
g__GGB1102,0.10752564418731263,3287.0,0.26438475447699095,-0.26438475447699095,-0.03243586825394565,2.5414100149141814,2.5991952596992105,down,0.21800916704620776
g__GGB1221,0.14703986110758432,3342.0,0.1075150320493008,-0.1075150320493008,-0.022911441118180612,2.0472271100820585,2.079998659219494,down,0.24991580633479882
g__GGB3254,0.10752564418731263,3287.0,0.2643847545391603,-0.2643847545391603,-0.04296686526032336,1.9115013906459999,1.9692866354427077,down,0.21800916704620776
g__GGB4598,0.10752564418731263,3287.0,0.26438475469433403,-0.26438475469433403,-0.07143245609107148,1.1384131303485332,1.196198375174391,down,0.21800916704620776
g__GGB6566,0.10752564418731263,3287.0,0.26438475483686846,-0.26438475483686846,-0.10896110371298577,0.7365742071063436,0.794359451958977,down,0.21800916704620776
g__GGB9262,0.10752564418731263,3287.0,0.26438475499418634,-0.26438475499418634,-0.18381643118994168,0.42525195320632914,0.48303719808851525,down,0.21800916704620776
g__GGB34797,0.1081602119272543,3288.0,0.25603744114003946,-0.25603744114003946,-0.021840098991897563,3.788309772125541,3.846095016901085,down,0.21800916704620776
g__GGB3677,0.21336595210971931,3413.0,0.0335097200634274,-0.0335097200634274,0.0,-1.6499965606892089,-1.6376754775818272,down,0.3091235631469126
g__Uruburuella,0.09776826163953689,3271.0,0.25340208205804926,-0.25340208205804926,-0.06880451145912675,1.18297975565871,1.2407650004822082,down,0.21800916704620776
g__GGB3033,0.09776826163953689,3271.0,0.25340208436710504,-0.25340208436710504,0.0,-0.8322390889304392,-0.774453843770251,down,0.21800916704620776
g__Soonwooa,0.09776826163953689,3271.0,0.253402090220199,-0.253402090220199,0.0,-1.9944422729900053,-1.93665702697636,down,0.21800916704620776
g__GGB3267,0.14068503790559056,3334.0,0.21181935461471588,-0.21181935461471588,-0.015319766326538913,4.529765491339822,4.578122699114915,down,0.24385406570302365
g__Leminorella,0.08189579889575963,3242.0,0.24734941202045826,-0.24734941202045826,-0.020080832428701546,4.122719732374464,4.180504977148921,down,0.21800916704620776
g__Nakaseomyces,0.08189579889575963,3242.0,0.2473494149691081,-0.2473494149691081,0.0,-0.8369896912395215,-0.7792044460774834,down,0.21800916704620776
g__GGB41473,0.051715506934812985,3171.0,0.3308292596605834,-0.3308292596605834,0.0,-0.030683420296415506,0.04378569460596987,down,0.21800916704620776
g__GGB9530,0.051715506934812985,3171.0,0.3308292589485424,-0.3308292589485424,0.0,-0.5478717092115487,-0.47340259453645445,down,0.21800916704620776
g__GGB85099,0.051715506934812985,3171.0,0.3308292569730864,-0.3308292569730864,0.0,-1.299429572473963,-1.2249604584294556,down,0.21800916704620776
g__GGB4715,0.11400555189919293,3297.0,0.2614524243518663,-0.2614524243518663,-0.0161375758971777,5.1371469262823775,5.1949321710550915,down,0.21800916704620776
g__GGB9261,0.1595435519401528,3357.0,0.09022042570537117,-0.09022042570537117,-0.027766947902300824,1.4896587571285853,1.518607282495192,down,0.25338177703987036
g__GGB9710,0.12148441135988697,3308.0,0.1299756222888552,-0.1299756222888552,0.0,-3.1268422745776943,-3.030759738476562,down,0.22388506461343155
g__GGB9088,0.14146764416600616,3335.0,0.1610295288493161,-0.1610295288493161,-0.028734134343265036,2.0140528773028525,2.054568875562451,down,0.24389224675214682
g__GGB9673,0.11400555189919293,3297.0,0.26145242442897354,-0.26145242442897354,-0.033453276594974574,2.4632465625739814,2.521031807360092,down,0.21800916704620776
g__GGB9172,0.11400555189919293,3297.0,0.26145242449251443,-0.26145242449251443,-0.04335865457043162,1.8939705711906436,1.9517558159877944,down,0.21800916704620776
g__GGB4713,0.11400555189919293,3297.0,0.2614524245173124,-0.2614524245173124,-0.047201756199473206,1.737438322555941,1.7952235673574002,down,0.21800916704620776
g__GGB9606,0.11400555189919293,3297.0,0.2614524245278642,-0.2614524245278642,-0.04885634876557897,1.6776297686918056,1.735415013495098,down,0.21800916704620776
g__GGB9696,0.11400555189919293,3297.0,0.26145242457525925,-0.26145242457525925,-0.05653566089919253,1.4458783998966724,1.5036636447081997,down,0.21800916704620776
g__GGB9263,0.11400555189919293,3297.0,0.26145242460998586,-0.26145242460998586,-0.06251988177908634,1.3047556500685378,1.3625408948860986,down,0.21800916704620776
g__GGB35597,0.11400555189919293,3297.0,0.26145242660337187,-0.26145242660337187,0.0,-0.8417629695383622,-0.7839777243744565,down,0.21800916704620776
g__GGB9539,0.22201589855352322,3421.0,0.04532435790412384,-0.04532435790412384,0.0,-0.9042649789759243,-0.8898700028201203,down,0.31735407787294106
g__GGB9543,0.11400555189919293,3297.0,0.2614524287143048,-0.2614524287143048,0.0,-1.5019659052543286,-1.4441806597236546,down,0.21800916704620776
g__GGB9297,0.11400555189919293,3297.0,0.2614524295303312,-0.2614524295303312,0.0,-1.6732375914084534,-1.6154523457359975,down,0.21800916704620776
g__GGB33516,0.11400555189919293,3297.0,0.26145243324730594,-0.26145243324730594,0.0,-2.2138050274407703,-2.156019781122501,down,0.21800916704620776
g__GGB1350,0.11072817171986546,3292.0,0.2571180081034423,-0.2571180081034423,-0.3048155324962378,0.24562219336023516,0.3034074382641585,down,0.21800916704620776
g__GGB4250,0.15444885094078656,3351.0,0.1806661556389019,-0.1806661556389019,0.0,-3.1748504586783524,-3.1305787984795517,down,0.25286213295973387
g__GGB4243,0.06516986661351057,3206.0,0.32593158090265684,-0.32593158090265684,-0.015585945978235281,6.85597990171584,6.930449016953465,down,0.21800916704620776
g__GGB1552,0.06516986661351057,3206.0,0.325931580767086,-0.325931580767086,-0.05669334398385031,1.858050512782102,1.9325196279693087,down,0.21800916704620776
g__Caulobacter,0.06516986661351057,3206.0,0.3259315757611826,-0.3259315757611826,0.0,-1.7709380023112216,-1.6964688889856652,down,0.21800916704620776
g__GGB42184,0.15528927545579307,3352.0,0.06769235853693152,-0.06769235853693152,-0.019706085357880394,1.7524438871056156,1.7765451266412544,down,0.25286213295973387
g__GGB9620,0.15783138193896173,3355.0,0.10701049890070602,-0.10701049890070602,0.0,-0.6324650822530112,-0.600859053219987,down,0.25338177703987036
g__Dellaglioa,0.08088308306526154,3240.0,0.3177927148653201,-0.3177927148653201,0.0,-0.6926105438112341,-0.6181414292238002,down,0.21800916704620776
g__GGB3400,0.08604996458824507,3250.0,0.30872234387777997,-0.30872234387777997,-0.06412959355826445,1.8598871208110246,1.9444264419270898,down,0.21800916704620776
g__GGB48159,0.08604996458824507,3250.0,0.31288562457919705,-0.31288562457919705,-0.4111116148521648,0.326161053358318,0.4336996070550119,down,0.21800916704620776
g__Berryella,0.08818999857094488,3254.0,0.2505045140116135,-0.2505045140116135,0.0,-0.4283550401861013,-0.3705697951549934,down,0.21800916704620776
g__GGB6608,0.1001386628758888,3275.0,0.2657936099495669,-0.2657936099495669,-0.017788679631122784,4.657657700798592,4.715442945571915,down,0.21800916704620776
g__GGB4641,0.1001386628758888,3275.0,0.2657936099520542,-0.2657936099520542,-0.01885579332959632,4.39243674509237,4.45022198986618,down,0.21800916704620776
g__GGB4754,0.1001386628758888,3275.0,0.26579361003478935,-0.26579361003478935,-0.03700704187391657,2.2239504317936936,2.281735676583695,down,0.21800916704620776
g__GGB4710,0.1001386628758888,3275.0,0.26579361005533414,-0.26579361005533414,-0.04058801109541245,2.025211100262049,2.0829963450560713,down,0.21800916704620776
g__GGB9060,0.20808477057598496,3408.0,0.0041049580585152505,0.0041049580585152505,0.0,-1.5707745401639148,-1.5724349699062086,up,0.30375955886812983
g__GGB4609,0.1001386628758888,3275.0,0.26579361039810634,-0.26579361039810634,-0.12527182640999587,0.637010177172568,0.6947954220336725,down,0.21800916704620776
g__GGB9260,0.1001386628758888,3275.0,0.26579361041623134,-0.26579361041623134,-0.13305781540630224,0.5980947617848336,0.6558800066494852,down,0.21800916704620776
g__GGB6020,0.1001386628758888,3275.0,0.2657936107578002,-0.2657936107578002,-1.0204840513672913,0.05617856719258257,0.11396381212408083,down,0.21800916704620776
g__GGB4774,0.14947871219369385,3345.0,0.06420014290221543,-0.06420014290221543,0.0,-4.202842071336621,-4.180399065838953,down,0.2514559003466162
g__GGB532,0.1050168087023585,3283.0,0.2648450653106682,-0.2648450653106682,-0.013718655610599033,6.048023120303936,6.105808365076052,down,0.21800916704620776
g__GGB3637,0.1050168087023585,3283.0,0.2648450653379982,-0.2648450653379982,-0.024261534690043766,3.407347163727265,3.4651324085045827,down,0.21800916704620776
g__GGB6611,0.1050168087023585,3283.0,0.26484506537023184,-0.26484506537023184,-0.030919851423529134,2.667422957737845,2.725208202521298,down,0.21800916704620776
g__GGB9299,0.20496191073761916,3405.0,0.16343071418466926,-0.16343071418466926,-0.029167642311420237,1.8653499898551964,1.9034464549203163,down,0.3014883151828588
g__GGB6521,0.1050168087023585,3283.0,0.264845065398352,-0.264845065398352,-0.035927304542941275,2.2916486888494885,2.3494339336382932,down,0.21800916704620776
g__GGB6132,0.1050168087023585,3283.0,0.26484506565392896,-0.26484506565392896,-0.08567937493852792,0.9443986448480362,1.0021838896854858,down,0.21800916704620776
g__GGB6038,0.1050168087023585,3283.0,0.26484506579629263,-0.26484506579629263,-0.13281743637694063,0.5992279063564273,0.6570131512209735,down,0.21800916704620776
g__GGB6529,0.1050168087023585,3283.0,0.26484506581943623,-0.26484506581943623,-0.14341790635219134,0.5528696648246537,0.6106549096936049,down,0.21800916704620776
g__GGB52930,0.1050168087023585,3283.0,0.2648450660192245,-0.2648450660192245,-0.3327129807862598,0.22278270213259405,0.28056794703957155,down,0.21800916704620776
g__Puniceicoccaceae_unclassified,0.1050168087023585,3283.0,0.26484506618388626,-0.26484506618388626,-2.3271248319243836,0.01438144017135291,0.07216668510967103,down,0.21800916704620776
g__GGB9768,0.28048938585664285,3470.0,0.13163049908264157,-0.13163049908264157,0.0,-0.4695668665832772,-0.4393366478966149,down,0.3779142705799586
g__GGB9224,0.1050168087023585,3283.0,0.2648450666336598,-0.2648450666336598,0.0,-0.4002720731887706,-0.3424868281648456,down,0.21800916704620776
g__GGB9474,0.1050168087023585,3283.0,0.2648450748785963,-0.2648450748785963,0.0,-2.377434384411588,-2.3196491378183772,down,0.21800916704620776
g__GGB9525,0.1050168087023585,3283.0,0.26484507761288617,-0.26484507761288617,0.0,-2.6287486862288585,-2.5709634391152214,down,0.21800916704620776
g__GGB1239,0.1081602119272543,3288.0,0.256373918362949,-0.256373918362949,-0.010757688099566488,7.720623033214527,7.778408277986319,down,0.21800916704620776
g__GGB1146,0.1081602119272543,3288.0,0.25637391836298395,-0.25637391836298395,-0.010859036284539315,7.648296906565677,7.706082151337474,down,0.21800916704620776
g__GGB6012,0.1081602119272543,3288.0,0.2563739183835167,-0.2563739183835167,-0.020955135065806936,3.9495094015731853,4.007294646348159,down,0.21800916704620776
g__GGB13727,0.1081602119272543,3288.0,0.25637391854628194,-0.25637391854628194,-0.04602759484088655,1.7824893877424284,1.8402746325425774,down,0.21800916704620776
g__GGB1154,0.11400555189919293,3297.0,0.2602442911862765,-0.2602442911862765,-0.23143454598705404,0.33209578870274836,0.38988103359571974,down,0.21800916704620776
g__Mediterranea,0.11400555189919293,3297.0,0.2589918210085331,-0.2589918210085331,-0.0990029202677892,0.8134986843837765,0.8712839292304192,down,0.21800916704620776
g__GGB31460,0.1050168087023585,3283.0,0.2645846379085231,-0.2645846379085231,-0.01527667937683067,5.428266160551852,5.486051405324313,down,0.21800916704620776
g__GGB4702,0.1050168087023585,3283.0,0.2645846379181279,-0.2645846379181279,-0.019754652411752827,4.191267109980057,4.249052354754332,down,0.21800916704620776
g__GGB9264,0.1050168087023585,3283.0,0.2645846380360253,-0.2645846380360253,-0.04282598815051641,1.9178834210823712,1.9756686658789198,down,0.21800916704620776
g__GGB3325,0.1050168087023585,3283.0,0.2645846380786293,-0.2645846380786293,-0.050043801679502474,1.6371447747083805,1.694930019512978,down,0.21800916704620776
g__GGB9109,0.1050168087023585,3283.0,0.26458463809897814,-0.26458463809897814,-0.05360259038753222,1.5265560156202904,1.5843412604287321,down,0.21800916704620776
g__Methanomassiliicoccaceae_unclassified,0.1050168087023585,3283.0,0.2645846399905118,-0.2645846399905118,0.0,-0.8465591413436746,-0.7887738961778832,down,0.21800916704620776
g__Yanshouia,0.1050168087023585,3283.0,0.26458464252024105,-0.26458464252024105,0.0,-1.6408023226408137,-1.5830170769971044,down,0.21800916704620776
g__GGB9102,0.1050168087023585,3283.0,0.2645846456522891,-0.2645846456522891,0.0,-2.158745270390518,-2.1009600241551003,down,0.21800916704620776
g__Veillonellaceae_unclassified,0.06730903985532953,3211.0,0.108992318909013,-0.108992318909013,0.0,-0.7681187846415665,-0.7113994317683848,down,0.21800916704620776
g__Providencia,0.07741838296627643,3233.0,0.3228600845997277,-0.3228600845997277,-0.09049140591156316,1.1504079972270551,1.2248771123620177,down,0.21800916704620776
g__GGB1691,0.10255466306859409,3279.0,0.25469464518812807,-0.25469464518812807,-0.021983520492638863,3.7634071221011576,3.8211923668767973,down,0.21800916704620776
g__Alterileibacterium,0.10439691634849585,3282.0,0.255222392918993,-0.255222392918993,-0.06039193287771524,1.3517331566222257,1.4095184014376834,down,0.21800916704620776
g__Mobiluncus,0.10439691634849585,3282.0,0.2552223937481763,-0.2552223937481763,-10.129977511563368,5.161520083037813e-05,0.05783686014155304,down,0.21800916704620776
g__GGB34900,0.08818999857094488,3254.0,0.33509405612238846,-0.33509405612238846,0.0,-1.413412523542222,-1.3201638302361127,down,0.21800916704620776
g__Leptogranulimonas,0.06559315618514616,3207.0,0.32577065241279485,-0.32577065241279485,0.0,-0.11443277400595114,-0.039963659132880955,down,0.21800916704620776
g__Geobacillus,0.06559315618514616,3207.0,0.3257706512003616,-0.3257706512003616,0.0,-0.9219205889155391,-0.8474514744957687,down,0.21800916704620776
g__Methanothrix,0.0983566170030757,3272.0,0.2535901963239064,-0.2535901963239064,0.0,-1.3966054080391221,-1.3388201625843437,down,0.21800916704620776
g__GGB9334,0.1081602119272543,3288.0,0.26399866361431223,-0.26399866361431223,-0.04486920975676456,1.829245871175103,1.8870311159739541,down,0.21800916704620776
g__GGB3323,0.1081602119272543,3288.0,0.2639986638681958,-0.2639986638681958,-0.09804856211122347,0.8216917205067945,0.8794769653528258,down,0.21800916704620776
g__GGB48169,0.1081602119272543,3288.0,0.26399866391976606,-0.26399866391976606,-0.11437296760660073,0.7003893556249537,0.7581746004805685,down,0.21800916704620776
g__GGB45540,0.1081602119272543,3288.0,0.2639986645655137,-0.2639986645655137,0.0,-0.18764517863839572,-0.12985993366277906,down,0.21800916704620776
g__GGB9575,0.08552156400182814,3249.0,0.2494380113824373,-0.2494380113824373,0.0,-1.8273882347558073,-1.7696029889332272,down,0.21800916704620776
g__GGB70521,0.11268555040941082,3295.0,0.2577177963609605,-0.2577177963609605,0.0,-2.176763769426305,-2.1189785231642744,down,0.21800916704620776
g__Succinatimonas,0.11137762597041358,3293.0,0.25730566221384693,-0.25730566221384693,0.0,-0.7904696799158907,-0.7326844347715943,down,0.21800916704620776
g__Chryseobacterium,0.11268555040941082,3295.0,0.2577913806310329,-0.2577913806310329,-0.03293227267339568,2.502669861945189,2.560455106730745,down,0.21800916704620776
g__Kaistella,0.11268555040941082,3295.0,0.2577913810688389,-0.2577913810688389,-0.11389365519697944,0.7034552751843797,0.7612405200397377,down,0.21800916704620776
g__GGB1567,0.1081602119272543,3288.0,0.2643253375442122,-0.2643253375442122,-0.017738361673428175,4.670951582071996,4.728736826845298,down,0.21800916704620776
g__GGB1566,0.1081602119272543,3288.0,0.2643253375724774,-0.2643253375724774,-0.025813998445654296,3.2007004385815154,3.258485683360118,down,0.21800916704620776
g__GGB9270,0.1081602119272543,3288.0,0.2643253376196551,-0.2643253376196551,-0.034692458550536154,2.3742378217656905,2.432023066553141,down,0.21800916704620776
g__GGB9582,0.1081602119272543,3288.0,0.2643253376245847,-0.2643253376245847,-0.0355364388090121,2.3171697281087758,2.3749549728971506,down,0.21800916704620776
g__GGB35551,0.1081602119272543,3288.0,0.2643253496765046,-0.2643253496765046,0.0,-2.6005778250701157,-2.542792578021532,down,0.21800916704620776
g__Pseudomonas,0.09659998934960741,3269.0,0.25298284617138483,-0.25298284617138483,0.0,-1.2353372851639586,-1.1775520398109132,down,0.21800916704620776
g__Edwardsiella,0.07938309712535119,3237.0,0.3201840766022034,-0.3201840766022034,-0.25577845770357277,0.3839013438219605,0.45837045883823735,down,0.21800916704620776
g__GGB36599,0.052769470894823124,3174.0,0.3300452767844953,-0.3300452767844953,-0.03301706232775641,3.2168681639086745,3.291337279133598,down,0.21800916704620776
g__GGB34476,0.051715506934812985,3171.0,0.3307701414073261,-0.3307701414073261,-0.041537408693406074,2.5494372671936865,2.6239063824062283,down,0.21800916704620776
g__Pygmaiobacter,0.051715506934812985,3171.0,0.3307701409142991,-0.3307701409142991,-0.1756241548960176,0.5752601487769466,0.649729263831834,down,0.21800916704620776
g__GGB3576,0.051715506934812985,3171.0,0.3307701402074795,-0.3307701402074795,0.0,-0.2287734599019817,-0.1543043450731129,down,0.21800916704620776
