sample_id,label,o__Synergistales,o__Bacteroidales,o__Coriobacteriales,o__Methanobacteriales,o__Eubacteriales,o__Acidaminococcales,o__OFGB3012,o__Desulfovibrionales,o__Lactobacillales,o__Eggerthellales,o__Erysipelotrichales,o__Enterobacterales,o__OFGB2875,o__Corynebacteriales,o__Bifidobacteriales,o__OFGB9120,o__Candidatus_Saccharimonadales,o__OFGB15212,o__OFGB618,o__OFGB82363,o__Candidatus_Saccharibacteria_unclassified,o__Candidatus_Nanoperiomorbales,o__OFGB1226,o__OFGB1262,o__Selenomonadales,o__Actinomycetales,o__OFGB1126,o__Candidatus_Nanosynbacterales,o__Burkholderiales,o__Firmicutes_unclassified,o__OFGB1776,o__OFGB14936,o__OFGB31455,o__OFGB2982,o__OFGB1765,o__OFGB1779,o__OFGB3069,o__OFGB9238,o__OFGB3041,o__OFGB1217,o__OFGB75721,o__Pasteurellales,o__OFGB10318,o__OFGB3048,o__OFGB9119,o__OFGB3038,o__OFGB2918,o__OFGB1011,o__Clostridia_unclassified,o__OFGB3047,o__OFGB2840,o__Veillonellales,o__OFGB38642,o__Bacteria_unclassified,o__OFGB3023,o__OFGB1354,o__OFGB1359,o__OFGB9491,o__OFGB2915,o__OFGB1227,o__OFGB1538,o__OFGB3057,o__OFGB4405,o__Verrucomicrobiales,o__OFGB1292,o__OFGB2404,o__OFGB10055,o__OFGB1380,o__OFGB3062,o__Candidatus_Gastranaerophilales,o__OFGB77988,o__Propionibacteriales,o__OFGB45628,o__Bacillales,o__Fusobacteriales,o__Candidatus_Nanogingivales,o__OFGB4806,o__Micrococcales,o__OFGB4605,o__OFGB3072,o__OFGB2984,o__OFGB1201,o__OFGB45503,o__OFGB72924,o__OFGB52309,o__OFGB16911,o__OFGB2997,o__OFGB2930,o__OFGB3625,o__OFGB629,o__OFGB1474,o__OFGB1425,o__OFGB544,o__OFGB9583,o__OFGB28369,o__OFGB1473,o__OFGB668,o__Candidatus_Borkfalkiales,o__OFGB3009,o__OFGB1374,o__OFGB2834,o__Saccharomycetales,o__OFGB2345,o__OFGB11257,o__OFGB28775,o__OFGB1325,o__OFGB79270,o__OFGB529,o__OFGB2949,o__OFGB3054,o__OFGB2890,o__OFGB2960,o__OFGB24517,o__OFGB79237,o__OFGB10312,o__OFGB10309,o__OFGB10477,o__OFGB73223,o__OFGB4616,o__Victivallales,o__OFGB3172,o__OFGB1211,o__OFGB2952,o__OFGB30287,o__OFGB9272,o__OFGB79291,o__OFGB32970,o__OFGB1347,o__Moraxellales,o__OFGB2959,o__Tissierellales,o__OFGB3004,o__OFGB12107,o__OFGB1872,o__OFGB9989,o__OFGB79245,o__OFGB667,o__OFGB10341,o__OFGB83839,o__OFGB79152,o__Elusimicrobiales,o__OFGB10021,o__OFGB4559,o__OFGB1780,o__OFGB2881,o__OFGB4355,o__OFGB58251,o__OFGB1298,o__OFGB79363,o__OFGB1787,o__OFGB2837,o__OFGB1670,o__OFGB45555,o__OFGB40183,o__OFGB73062,o__OFGB30328,o__OFGB2880,o__Neisseriales,o__OFGB67123,o__OFGB2801,o__OFGB38791,o__OFGB77241,o__OFGB72939,o__Caulobacterales,o__Hyphomicrobiales,o__OFGB2403,o__OFGB1814,o__OFGB2165,o__Methanomicrobiales,o__Pseudomonadales,o__OFGB79294,o__OFGB1249,o__OFGB1311,o__OFGB3070,o__OFGB2942,o__OFGB1258,o__OFGB2941,o__OFGB9714,o__OFGB2889,o__OFGB2950,o__OFGB2917,o__OFGB2921,o__OFGB2936,o__OFGB3040,o__Campylobacterales,o__OFGB2937,o__OFGB4648,o__OFGB2846,o__OFGB7869,o__OFGB1260,o__OFGB1355,o__OFGB79015,o__OFGB78291,o__OFGB8294,o__Marinilabiliales,o__OFGB5194,o__Tissierellia_unclassified,o__OFGB602,o__OFGB1705,o__OFGB2992,o__Aeromonadales,o__Puniceicoccales,o__OFGB9718,o__OFGB2906,o__OFGB77566,o__OFGB2898,o__OFGB1207,o__OFGB9115,o__OFGB1303,o__OFGB73902,o__Flavobacteriales,o__OFGB10314,o__OFGB72899,o__OFGB78857,o__OFGB2947,o__OFGB3071,o__OFGB2378,o__OFGB3043,o__OFGB11739,o__OFGB78645,o__OFGB658,o__OFGB1012,o__Sphingomonadales,o__OFGB540,o__OFGB2985,o__OFGB1777,o__OFGB79211,o__OFGB2945,o__OFGB9512,o__OFGB8140,o__OFGB2983,o__Xanthomonadales,o__Rhodospirillales,o__Nakamurellales,o__Deinococcales,o__Sphingobacteriales,o__Planctomycetales,o__Candidatus_Brocadiales,o__OFGB10325,o__OFGB536,o__OFGB1337,o__OFGB51922,o__OFGB1778,o__OFGB2932,o__OFGB2839,o__OFGB2873,o__OFGB9977,o__OFGB58291,o__OFGB9828,o__OFGB3039,o__OFGB2954,o__OFGB1402,o__OFGB1362
CRR1012468,1,34.46394,46.87025000000002,1.71536,1.64545,11.505590000000003,0.68787,0.57857,0.45747,0.52766,0.5485300000000001,0.43418999999999996,0.10622,0.07737,0.05501,0.06219,0.03903,0.03307,0.02982,0.02853,0.0193,0.047369999999999995,0.01765,0.01667,0.00976,0.00477,0.01062,0.00313,0.00213,0.00142,0.00104,0.0,0.0,0.0,0.0,0.0,0.0,0.0,0.0,0.0,0.0,0.0,0.0,0.0,0.0,0.0,0.0,0.0,0.0,0.0,0.0,0.0,0.0,0.0,0.0,0.0,0.0,0.0,0.0,0.0,0.0,0.0,0.0,0.0,0.0,0.0,0.0,0.0,0.0,0.0,0.0,0.0,0.0,0.0,0.0,0.0,0.0,0.0,0.0,0.0,0.0,0.0,0.0,0.0,0.0,0.0,0.0,0.0,0.0,0.0,0.0,0.0,0.0,0.0,0.0,0.0,0.0,0.0,0.0,0.0,0.0,0.0,0.0,0.0,0.0,0.0,0.0,0.0,0.0,0.0,0.0,0.0,0.0,0.0,0.0,0.0,0.0,0.0,0.0,0.0,0.0,0.0,0.0,0.0,0.0,0.0,0.0,0.0,0.0,0.0,0.0,0.0,0.0,0.0,0.0,0.0,0.0,0.0,0.0,0.0,0.0,0.0,0.0,0.0,0.0,0.0,0.0,0.0,0.0,0.0,0.0,0.0,0.0,0.0,0.0,0.0,0.0,0.0,0.0,0.0,0.0,0.0,0.0,0.0,0.0,0.0,0.0,0.0,0.0,0.0,0.0,0.0,0.0,0.0,0.0,0.0,0.0,0.0,0.0,0.0,0.0,0.0,0.0,0.0,0.0,0.0,0.0,0.0,0.0,0.0,0.0,0.0,0.0,0.0,0.0,0.0,0.0,0.0,0.0,0.0,0.0,0.0,0.0,0.0,0.0,0.0,0.0,0.0,0.0,0.0,0.0,0.0,0.0,0.0,0.0,0.0,0.0,0.0,0.0,0.0,0.0,0.0,0.0,0.0,0.0,0.0,0.0,0.0,0.0,0.0,0.0,0.0,0.0,0.0,0.0,0.0,0.0,0.0,0.0,0.0,0.0,0.0,0.0,0.0,0.0,0.0,0.0,0.0,0.0,0.0,0.0,0.0,0.0,0.0
CRR1012436,1,0.0,23.558069999999997,1.24281,0.0,51.53103,0.55467,0.0,0.02697,0.18853999999999999,1.02006,0.7528600000000001,0.16899999999999998,0.0,0.0,0.51418,0.0,0.01606,0.18477,0.0,0.06533,0.032799999999999996,0.0,0.02623,0.0,0.0,0.0008799999999999999,0.0,0.00673,0.21570999999999999,0.0,6.73696,5.78396,5.50475,0.74188,0.41213999999999995,0.08543,0.14205,0.07115,0.07048,0.05302,0.03001,0.02693,0.0266,0.02628,0.02439,0.03812,0.02004,0.01267,0.01019,0.01018,0.00936,0.01778,0.00817,0.00807,0.00667,0.00413,0.00397,0.00297,0.00228,0.00112,0.00099,0.0006,0.0,0.0,0.0,0.0,0.0,0.0,0.0,0.0,0.0,0.0,0.0,0.0,0.0,0.0,0.0,0.0,0.0,0.0,0.0,0.0,0.0,0.0,0.0,0.0,0.0,0.0,0.0,0.0,0.0,0.0,0.0,0.0,0.0,0.0,0.0,0.0,0.0,0.0,0.0,0.0,0.0,0.0,0.0,0.0,0.0,0.0,0.0,0.0,0.0,0.0,0.0,0.0,0.0,0.0,0.0,0.0,0.0,0.0,0.0,0.0,0.0,0.0,0.0,0.0,0.0,0.0,0.0,0.0,0.0,0.0,0.0,0.0,0.0,0.0,0.0,0.0,0.0,0.0,0.0,0.0,0.0,0.0,0.0,0.0,0.0,0.0,0.0,0.0,0.0,0.0,0.0,0.0,0.0,0.0,0.0,0.0,0.0,0.0,0.0,0.0,0.0,0.0,0.0,0.0,0.0,0.0,0.0,0.0,0.0,0.0,0.0,0.0,0.0,0.0,0.0,0.0,0.0,0.0,0.0,0.0,0.0,0.0,0.0,0.0,0.0,0.0,0.0,0.0,0.0,0.0,0.0,0.0,0.0,0.0,0.0,0.0,0.0,0.0,0.0,0.0,0.0,0.0,0.0,0.0,0.0,0.0,0.0,0.0,0.0,0.0,0.0,0.0,0.0,0.0,0.0,0.0,0.0,0.0,0.0,0.0,0.0,0.0,0.0,0.0,0.0,0.0,0.0,0.0,0.0,0.0,0.0,0.0,0.0,0.0,0.0,0.0,0.0,0.0,0.0,0.0,0.0,0.0,0.0,0.0,0.0,0.0,0.0,0.0,0.0,0.0,0.0
CRR1012470,1,0.00833,49.71763999999999,0.05968,0.0,38.859799999999964,1.77537,0.27094,0.772,0.17424999999999996,0.16562000000000002,0.31930000000000003,0.28034,0.0,0.0,0.11784,0.0,0.01666,0.0,0.0,0.0,0.04005,0.0,0.0,0.0,0.84027,0.00768,0.0,0.0,0.46022,0.29632,0.0,0.0,0.0,0.0,0.0,0.0,0.0,0.0,0.0,0.06826,0.0,0.0,0.0,0.03008,0.0,0.00119,0.0,0.03278,0.01338,0.01733,0.0,0.42965000000000003,0.0114,0.00999,0.0,0.0,0.0,0.0,0.0,0.0,0.0,0.0,3.96859,0.61748,0.3211,0.0883,0.07019,0.06072,0.04711,0.01396,0.0096,0.00517,0.00141,0.0,0.0,0.0,0.0,0.0,0.0,0.0,0.0,0.0,0.0,0.0,0.0,0.0,0.0,0.0,0.0,0.0,0.0,0.0,0.0,0.0,0.0,0.0,0.0,0.0,0.0,0.0,0.0,0.0,0.0,0.0,0.0,0.0,0.0,0.0,0.0,0.0,0.0,0.0,0.0,0.0,0.0,0.0,0.0,0.0,0.0,0.0,0.0,0.0,0.0,0.0,0.0,0.0,0.0,0.0,0.0,0.0,0.0,0.0,0.0,0.0,0.0,0.0,0.0,0.0,0.0,0.0,0.0,0.0,0.0,0.0,0.0,0.0,0.0,0.0,0.0,0.0,0.0,0.0,0.0,0.0,0.0,0.0,0.0,0.0,0.0,0.0,0.0,0.0,0.0,0.0,0.0,0.0,0.0,0.0,0.0,0.0,0.0,0.0,0.0,0.0,0.0,0.0,0.0,0.0,0.0,0.0,0.0,0.0,0.0,0.0,0.0,0.0,0.0,0.0,0.0,0.0,0.0,0.0,0.0,0.0,0.0,0.0,0.0,0.0,0.0,0.0,0.0,0.0,0.0,0.0,0.0,0.0,0.0,0.0,0.0,0.0,0.0,0.0,0.0,0.0,0.0,0.0,0.0,0.0,0.0,0.0,0.0,0.0,0.0,0.0,0.0,0.0,0.0,0.0,0.0,0.0,0.0,0.0,0.0,0.0,0.0,0.0,0.0,0.0,0.0,0.0,0.0,0.0,0.0,0.0,0.0,0.0,0.0,0.0,0.0,0.0,0.0,0.0,0.0
CRR1012605,0,0.16888,39.82234999999999,0.0285,0.0,36.77883999999999,0.0,0.0,0.06006,0.21638999999999997,1.33896,2.54014,1.8274099999999998,0.0,0.0,15.28534,0.0,0.01642,0.0,0.0,0.0,0.0057,0.0,0.0,0.0,0.0,0.0096,0.0,0.0,0.2121,0.0,0.0,0.0,0.0,0.0,0.0,0.0,0.0,0.0,0.0,0.0,0.0,0.0,0.0,0.0,0.0,0.0,0.0,0.0,0.0,0.0,0.0,1.4709899999999998,0.0,0.0,0.0,0.0,0.0,0.0,0.0,0.0,0.0,0.0,0.0,0.0,0.21596,0.0,0.0,0.0,0.0,0.0,0.0,0.00045,0.0,0.00189,0.0,0.0,0.0,0.0,0.0,0.0,0.0,0.0,0.0,0.0,0.0,0.0,0.0,0.0,0.0,0.0,0.0,0.0,0.0,0.0,0.0,0.0,0.0,0.0,0.0,0.0,0.0,0.0,0.0,0.0,0.0,0.0,0.0,0.0,0.0,0.0,0.0,0.0,0.0,0.0,0.0,0.0,0.0,0.0,0.0,0.0,0.0,0.0,0.0,0.0,0.0,0.0,0.0,0.0,0.0,0.0,0.0,0.0,0.0,0.0,0.0,0.0,0.0,0.0,0.0,0.0,0.0,0.0,0.0,0.0,0.0,0.0,0.0,0.0,0.0,0.0,0.0,0.0,0.0,0.0,0.0,0.0,0.0,0.0,0.0,0.0,0.0,0.0,0.0,0.0,0.0,0.0,0.0,0.0,0.0,0.0,0.0,0.0,0.0,0.0,0.0,0.0,0.0,0.0,0.0,0.0,0.0,0.0,0.0,0.0,0.0,0.0,0.0,0.0,0.0,0.0,0.0,0.0,0.0,0.0,0.0,0.0,0.0,0.0,0.0,0.0,0.0,0.0,0.0,0.0,0.0,0.0,0.0,0.0,0.0,0.0,0.0,0.0,0.0,0.0,0.0,0.0,0.0,0.0,0.0,0.0,0.0,0.0,0.0,0.0,0.0,0.0,0.0,0.0,0.0,0.0,0.0,0.0,0.0,0.0,0.0,0.0,0.0,0.0,0.0,0.0,0.0,0.0,0.0,0.0,0.0,0.0,0.0,0.0,0.0,0.0,0.0,0.0,0.0
CRR1012358,0,0.0,6.10752,1.24359,0.0,56.02291999999997,12.67255,0.0,1.23365,9.751779999999997,1.2078700000000002,0.79924,1.27171,0.0,0.0,7.85531,0.0,0.02851,0.0,0.0,0.0,0.17706999999999998,0.0,0.0,0.0,0.0,0.03308,0.0,0.0,0.06183,0.0,0.0,0.0,0.0,0.0,0.0,0.0,0.0,0.0,0.0,0.0,0.0,0.00849,0.0,0.0,0.0,0.0,0.0,0.0,0.03847,0.0,0.0,0.23502,0.0,0.0,0.0,0.0,0.0,0.0,0.0,0.0,0.0,0.0,0.0,0.0,0.023280000000000002,0.0,0.0,0.0,0.0,0.0,0.0,0.0,0.0,0.00053,1.21414,0.013380000000000001,0.0,0.0,0.0,0.0,0.0,0.0,0.0,0.0,0.0,0.0,0.0,0.0,0.0,0.0,0.0,0.0,0.0,0.0,0.0,0.0,0.0,0.0,0.0,0.0,0.0,0.0,0.0,0.0,0.0,0.0,0.0,0.0,0.0,0.0,0.0,0.0,0.0,0.0,0.0,0.0,0.0,0.0,0.0,0.0,0.0,0.0,0.0,0.0,0.0,0.0,0.0,0.0,0.0,0.0,0.0,0.0,0.0,0.0,0.0,0.0,0.0,0.0,0.0,0.0,0.0,0.0,0.0,0.0,0.0,0.0,0.0,0.0,0.0,0.0,0.0,0.0,0.0,0.0,0.0,0.0,0.0,0.0,0.0,0.0,0.0,0.0,0.0,0.0,0.0,0.0,0.0,0.0,0.0,0.0,0.0,0.0,0.0,0.0,0.0,0.0,0.0,0.0,0.0,0.0,0.0,0.0,0.0,0.0,0.0,0.0,0.0,0.0,0.0,0.0,0.0,0.0,0.0,0.0,0.0,0.0,0.0,0.0,0.0,0.0,0.0,0.0,0.0,0.0,0.0,0.0,0.0,0.0,0.0,0.0,0.0,0.0,0.0,0.0,0.0,0.0,0.0,0.0,0.0,0.0,0.0,0.0,0.0,0.0,0.0,0.0,0.0,0.0,0.0,0.0,0.0,0.0,0.0,0.0,0.0,0.0,0.0,0.0,0.0,0.0,0.0,0.0,0.0,0.0,0.0,0.0,0.0,0.0,0.0,0.0,0.0,0.0,0.0
CRR1012480,1,0.0,33.76884999999999,0.9062,0.0,48.61671,0.01775,0.0,0.07537,1.2489499999999996,0.46892,0.21381,0.17637000000000003,0.0,0.0,0.18367,0.04309,0.01812,0.0,0.0,0.0,0.04353,0.0,0.00253,0.0,0.77964,0.010029999999999999,0.0,0.0,0.46915,0.00395,1.79524,0.0,0.0,0.01767,0.0,0.0,0.0,0.0,0.0,0.01652,0.0,0.51199,0.0,0.0,0.0,0.0,0.0,0.0,0.00893,0.04084,0.0,7.82007,0.08801,0.02973,0.0,0.00169,0.0,0.00296,0.0,0.0,0.0,0.0,0.0,2.51989,0.05253,0.0,0.0,0.0,0.0,0.0,0.0,0.0,0.0,0.0,0.0,0.0,0.02032,0.01729,0.00536,0.00406,0.00028,0.0,0.0,0.0,0.0,0.0,0.0,0.0,0.0,0.0,0.0,0.0,0.0,0.0,0.0,0.0,0.0,0.0,0.0,0.0,0.0,0.0,0.0,0.0,0.0,0.0,0.0,0.0,0.0,0.0,0.0,0.0,0.0,0.0,0.0,0.0,0.0,0.0,0.0,0.0,0.0,0.0,0.0,0.0,0.0,0.0,0.0,0.0,0.0,0.0,0.0,0.0,0.0,0.0,0.0,0.0,0.0,0.0,0.0,0.0,0.0,0.0,0.0,0.0,0.0,0.0,0.0,0.0,0.0,0.0,0.0,0.0,0.0,0.0,0.0,0.0,0.0,0.0,0.0,0.0,0.0,0.0,0.0,0.0,0.0,0.0,0.0,0.0,0.0,0.0,0.0,0.0,0.0,0.0,0.0,0.0,0.0,0.0,0.0,0.0,0.0,0.0,0.0,0.0,0.0,0.0,0.0,0.0,0.0,0.0,0.0,0.0,0.0,0.0,0.0,0.0,0.0,0.0,0.0,0.0,0.0,0.0,0.0,0.0,0.0,0.0,0.0,0.0,0.0,0.0,0.0,0.0,0.0,0.0,0.0,0.0,0.0,0.0,0.0,0.0,0.0,0.0,0.0,0.0,0.0,0.0,0.0,0.0,0.0,0.0,0.0,0.0,0.0,0.0,0.0,0.0,0.0,0.0,0.0,0.0,0.0,0.0,0.0,0.0,0.0,0.0,0.0,0.0,0.0,0.0,0.0,0.0,0.0
CRR1012371,1,0.02971,17.241530000000008,0.53532,0.0,51.45303999999998,1.36797,0.0,1.0737900000000002,0.60757,1.64178,2.7831999999999995,0.31986000000000003,0.0,0.0,0.40058,0.0,0.00693,0.0,0.0,0.0,0.04173,0.0,0.00012,0.03916,0.0,0.01948,0.0,0.0,0.26334,0.28062000000000004,0.71471,2.05979,0.0,0.02124,7.753959999999999,0.0,0.00058,0.0,0.0,0.0,0.0,0.01798,0.0,0.03005,0.0,0.01392,0.0,0.00082,0.00041,0.01427,0.0,0.01828,0.49585,0.0245,0.02047,0.26247,0.03284,0.0097,0.0,0.00989,0.0,0.01129,0.0,0.00063,0.0,0.0,0.0,0.0,0.56488,0.0,0.14653,0.0,0.00052,0.04034,9.33366,0.0,0.0,0.00395,0.0,0.03709,0.0,0.17702,0.02413,0.02115,0.01448,0.00916,0.00527,0.00182,0.00065,0.0,0.0,0.0,0.0,0.0,0.0,0.0,0.0,0.0,0.0,0.0,0.0,0.0,0.0,0.0,0.0,0.0,0.0,0.0,0.0,0.0,0.0,0.0,0.0,0.0,0.0,0.0,0.0,0.0,0.0,0.0,0.0,0.0,0.0,0.0,0.0,0.0,0.0,0.0,0.0,0.0,0.0,0.0,0.0,0.0,0.0,0.0,0.0,0.0,0.0,0.0,0.0,0.0,0.0,0.0,0.0,0.0,0.0,0.0,0.0,0.0,0.0,0.0,0.0,0.0,0.0,0.0,0.0,0.0,0.0,0.0,0.0,0.0,0.0,0.0,0.0,0.0,0.0,0.0,0.0,0.0,0.0,0.0,0.0,0.0,0.0,0.0,0.0,0.0,0.0,0.0,0.0,0.0,0.0,0.0,0.0,0.0,0.0,0.0,0.0,0.0,0.0,0.0,0.0,0.0,0.0,0.0,0.0,0.0,0.0,0.0,0.0,0.0,0.0,0.0,0.0,0.0,0.0,0.0,0.0,0.0,0.0,0.0,0.0,0.0,0.0,0.0,0.0,0.0,0.0,0.0,0.0,0.0,0.0,0.0,0.0,0.0,0.0,0.0,0.0,0.0,0.0,0.0,0.0,0.0,0.0,0.0,0.0,0.0,0.0,0.0,0.0,0.0,0.0,0.0,0.0,0.0,0.0,0.0,0.0,0.0,0.0,0.0,0.0
CRR1012349,0,0.00958,10.720159999999998,0.0052,0.0,72.07361999999993,0.0,0.0218,0.32854999999999995,0.41496999999999995,1.19381,0.56135,0.01816,0.0,0.0,0.0,0.0,0.00302,0.0,0.0,0.0,0.041319999999999996,0.0,0.0,0.0,0.00668,0.01017,0.00287,0.02188,0.16643,0.1026,4.47303,0.0,0.0,0.0,0.80728,0.0,0.0,0.00823,0.0,0.0,0.02477,0.0,0.0,0.01947,0.0,0.12169999999999999,0.0,0.01963,0.43423,0.00213,0.0,2.2257499999999997,0.0,0.02309,0.10884,2.84697,0.0,0.0,0.39487,0.06011,0.0,0.01999,0.0,0.0,0.0,0.0,0.0,0.0,0.0,0.0,0.0,0.0,0.01557,0.00054,0.0,0.0,0.0,0.00167,0.0,0.021070000000000002,0.0,0.0,0.0,0.0,0.0,0.0,0.00109,0.0,0.0,1.13661,0.31393,0.2816,0.25951,0.21093,0.20056,0.14565,0.05511,0.02681,0.01886,0.00779,0.00401,0.00337,0.00308,0.0,0.0,0.0,0.0,0.0,0.0,0.0,0.0,0.0,0.0,0.0,0.0,0.0,0.0,0.0,0.0,0.0,0.0,0.0,0.0,0.0,0.0,0.0,0.0,0.0,0.0,0.0,0.0,0.0,0.0,0.0,0.0,0.0,0.0,0.0,0.0,0.0,0.0,0.0,0.0,0.0,0.0,0.0,0.0,0.0,0.0,0.0,0.0,0.0,0.0,0.0,0.0,0.0,0.0,0.0,0.0,0.0,0.0,0.0,0.0,0.0,0.0,0.0,0.0,0.0,0.0,0.0,0.0,0.0,0.0,0.0,0.0,0.0,0.0,0.0,0.0,0.0,0.0,0.0,0.0,0.0,0.0,0.0,0.0,0.0,0.0,0.0,0.0,0.0,0.0,0.0,0.0,0.0,0.0,0.0,0.0,0.0,0.0,0.0,0.0,0.0,0.0,0.0,0.0,0.0,0.0,0.0,0.0,0.0,0.0,0.0,0.0,0.0,0.0,0.0,0.0,0.0,0.0,0.0,0.0,0.0,0.0,0.0,0.0,0.0,0.0,0.0,0.0,0.0,0.0,0.0,0.0,0.0,0.0,0.0,0.0,0.0,0.0,0.0,0.0,0.0,0.0,0.0,0.0,0.0,0.0,0.0,0.0,0.0,0.0
CRR1012663,0,0.0,16.417749999999998,0.49668,0.0,63.33702,0.29654,0.0,2.56512,0.35856,0.08579,0.5187700000000001,0.19893,0.0,0.0,0.62584,0.01433,0.01472,0.0,0.0,0.0,0.08628000000000001,0.01254,0.0,0.0,0.0,0.020430000000000004,0.0,0.0,0.76246,0.01258,0.03016,0.0,0.0,0.0,1.3363099999999999,0.0,0.0,0.0,0.0,0.00249,0.0,0.0,0.0,0.00095,0.0,0.0,0.0,0.0005,0.03487,0.0,0.0,0.55759,1.88088,0.0355,0.0,0.0,0.0,0.00943,0.0,0.01021,0.0,0.01451,0.0,0.0,0.0982,0.0,0.0,0.0,0.0,0.0,0.0,0.0,0.0,0.00513,0.0,0.00509,10.15252,0.0,0.0,0.0,0.0,0.0,0.0,0.0,0.0,0.0,0.0,0.0,0.0,0.0,0.0,0.0,0.0,0.0,0.0,0.0,0.0,0.0,0.0,0.0,0.0,0.0,0.0,0.00124,0.0001,0.0,0.0,0.0,0.0,0.0,0.0,0.0,0.0,0.0,0.0,0.0,0.0,0.0,0.0,0.0,0.0,0.0,0.0,0.0,0.0,0.0,0.0,0.0,0.0,0.0,0.0,0.0,0.0,0.0,0.0,0.0,0.0,0.0,0.0,0.0,0.0,0.0,0.0,0.0,0.0,0.0,0.0,0.0,0.0,0.0,0.0,0.0,0.0,0.0,0.0,0.0,0.0,0.0,0.0,0.0,0.0,0.0,0.0,0.0,0.0,0.0,0.0,0.0,0.0,0.0,0.0,0.0,0.0,0.0,0.0,0.0,0.0,0.0,0.0,0.0,0.0,0.0,0.0,0.0,0.0,0.0,0.0,0.0,0.0,0.0,0.0,0.0,0.0,0.0,0.0,0.0,0.0,0.0,0.0,0.0,0.0,0.0,0.0,0.0,0.0,0.0,0.0,0.0,0.0,0.0,0.0,0.0,0.0,0.0,0.0,0.0,0.0,0.0,0.0,0.0,0.0,0.0,0.0,0.0,0.0,0.0,0.0,0.0,0.0,0.0,0.0,0.0,0.0,0.0,0.0,0.0,0.0,0.0,0.0,0.0,0.0,0.0,0.0,0.0,0.0,0.0,0.0,0.0,0.0,0.0,0.0,0.0,0.0
CRR1012336,1,0.0,31.227889999999995,0.0446,0.0,42.40166,0.53888,0.0,0.47435000000000005,0.12488999999999999,0.05011999999999999,0.50865,4.4836100000000005,0.05069,0.0,0.68367,0.0,0.0049,0.09341,0.0,0.0,0.00557,0.0,0.01158,0.0,0.0,0.01043,0.00046,0.0,0.15034000000000003,0.0,1.79704,0.40243,0.0,0.24074,6.85346,0.0,0.0,0.0,0.0,0.0751,0.04097,0.0,0.0,0.02203,0.0,0.05682,0.0,0.00767,0.02553,0.01376,0.0,0.99204,4.410299999999999,0.00869,0.03752,0.0,0.02592,0.00127,0.01615,0.00031,0.0,0.0,0.0,0.0,0.0,0.0,0.0,0.0,0.0,0.0,0.07264,0.0,0.0,0.0,0.0,0.0,0.0,0.0,0.01978,0.00031,0.0,0.0,0.0,1.25961,0.0,0.0,0.0,0.0,0.0,0.0,0.0,0.0,0.0,0.00713,0.0,0.0,0.0,0.0,0.0,0.01534,0.00104,0.0,0.0,0.0,0.0,1.91515,0.39441,0.28035,0.05713,0.0374,0.02317,0.00981,0.00684,0.00631,0.0,0.0,0.0,0.0,0.0,0.0,0.0,0.0,0.0,0.0,0.0,0.0,0.0,0.0,0.0,0.0,0.0,0.0,0.0,0.0,0.0,0.0,0.0,0.0,0.0,0.0,0.0,0.0,0.0,0.0,0.0,0.0,0.0,0.0,0.0,0.0,0.0,0.0,0.0,0.0,0.0,0.0,0.0,0.0,0.0,0.0,0.0,0.0,0.0,0.0,0.0,0.0,0.0,0.0,0.0,0.0,0.0,0.0,0.0,0.0,0.0,0.0,0.0,0.0,0.0,0.0,0.0,0.0,0.0,0.0,0.0,0.0,0.0,0.0,0.0,0.0,0.0,0.0,0.0,0.0,0.0,0.0,0.0,0.0,0.0,0.0,0.0,0.0,0.0,0.0,0.0,0.0,0.0,0.0,0.0,0.0,0.0,0.0,0.0,0.0,0.0,0.0,0.0,0.0,0.0,0.0,0.0,0.0,0.0,0.0,0.0,0.0,0.0,0.0,0.0,0.0,0.0,0.0,0.0,0.0,0.0,0.0,0.0,0.0,0.0,0.0,0.0,0.0,0.0,0.0,0.0,0.0,0.0,0.0,0.0,0.0,0.0,0.0,0.0
CRR1012459,1,0.02569,25.36833,0.43823,0.0,47.80006999999999,0.55267,0.0,0.18507,0.8337500000000001,1.6926400000000001,4.01813,2.03924,0.0,0.0,0.81226,0.0,0.0,0.0,0.0,0.0,0.0,0.0,0.06334000000000001,0.01814,0.0,0.0,0.0,0.0,0.57907,0.05431,0.12994,0.83751,0.0,0.74194,0.93523,0.0,0.13202,0.0,0.0,0.20848,0.00683,0.0,0.0,0.03438,0.0,0.10011,0.01072,0.05591,0.00296,0.0,0.0,0.0,0.02895,0.02088,0.03133,2.0456,0.11721000000000001,0.0,0.01728,0.0,0.02317,0.01423,0.0,1.88378,0.116,1.39618,0.0,0.0,0.88621,0.0,0.0,0.0,0.00073,0.0,0.0,0.0,0.0,0.0,0.0,0.03182,0.0,0.0,0.0,0.00051,0.0,0.0,0.0,0.01981,0.0,0.0,0.06588,0.0,0.0,0.0,0.0,0.0,0.0,0.01363,9e-05,0.0,0.02611,0.0,0.0,0.0,0.0,0.29889,0.0,0.0,0.0,0.00162,0.23299,0.0,0.0,0.00081,3.01579,0.70053,0.41533,0.34745,0.17928,0.1433,0.08982,0.07598,0.03258,0.01457,0.01424,0.00675,0.00566,0.00476,0.0021,0.00115,0.0,0.0,0.0,0.0,0.0,0.0,0.0,0.0,0.0,0.0,0.0,0.0,0.0,0.0,0.0,0.0,0.0,0.0,0.0,0.0,0.0,0.0,0.0,0.0,0.0,0.0,0.0,0.0,0.0,0.0,0.0,0.0,0.0,0.0,0.0,0.0,0.0,0.0,0.0,0.0,0.0,0.0,0.0,0.0,0.0,0.0,0.0,0.0,0.0,0.0,0.0,0.0,0.0,0.0,0.0,0.0,0.0,0.0,0.0,0.0,0.0,0.0,0.0,0.0,0.0,0.0,0.0,0.0,0.0,0.0,0.0,0.0,0.0,0.0,0.0,0.0,0.0,0.0,0.0,0.0,0.0,0.0,0.0,0.0,0.0,0.0,0.0,0.0,0.0,0.0,0.0,0.0,0.0,0.0,0.0,0.0,0.0,0.0,0.0,0.0,0.0,0.0,0.0,0.0,0.0,0.0,0.0,0.0,0.0,0.0,0.0,0.0,0.0,0.0,0.0,0.0,0.0,0.0,0.0,0.0,0.0,0.0,0.0
CRR1012463,1,0.0,22.41021,17.89221,0.0,47.338379999999994,0.20512000000000002,0.0,0.16629,0.41692,0.62241,0.07306000000000001,7.07434,0.0,0.0,2.4493,0.0,0.0,0.0,0.0,0.0,0.0,0.0,0.0,0.0,0.08918,0.00201,0.0,0.0,0.44281,0.0,0.0,0.08893,0.0,0.0,0.00406,0.0,0.0,0.0,0.0,0.0,0.0,0.0,0.0,0.0,0.0,0.0,0.0,0.0,0.0,0.0,0.0,0.00076,0.0,0.0,0.0,0.0,0.0,0.0,0.0,0.0,0.0,0.0,0.0,0.0,0.14645,0.0,0.0,0.0,0.0,0.0,0.0,0.0,0.0,0.0,0.51672,0.0,0.0,0.00612,0.0,0.0,0.0,0.0,0.0,0.02887,0.0,0.0,0.0,0.0,0.0,0.0,0.0,0.0,0.0,0.0,0.0,0.0,0.0,0.0,0.0,0.0,0.0,0.01614,0.0,0.0,0.0,0.0,0.0,0.0,0.0,0.0,0.0,0.0,0.0,0.0,0.0,0.0,0.0,0.0,0.0,0.0,0.0,0.0,0.0,0.0,0.0,0.0,0.0,0.0,0.0,0.0,0.00971,0.0,0.0,0.0,0.0,0.0,0.0,0.0,0.0,0.0,0.0,0.0,0.0,0.0,0.0,0.0,0.0,0.0,0.0,0.0,0.0,0.0,0.0,0.0,0.0,0.0,0.0,0.0,0.0,0.0,0.0,0.0,0.0,0.0,0.0,0.0,0.0,0.0,0.0,0.0,0.0,0.0,0.0,0.0,0.0,0.0,0.0,0.0,0.0,0.0,0.0,0.0,0.0,0.0,0.0,0.0,0.0,0.0,0.0,0.0,0.0,0.0,0.0,0.0,0.0,0.0,0.0,0.0,0.0,0.0,0.0,0.0,0.0,0.0,0.0,0.0,0.0,0.0,0.0,0.0,0.0,0.0,0.0,0.0,0.0,0.0,0.0,0.0,0.0,0.0,0.0,0.0,0.0,0.0,0.0,0.0,0.0,0.0,0.0,0.0,0.0,0.0,0.0,0.0,0.0,0.0,0.0,0.0,0.0,0.0,0.0,0.0,0.0,0.0,0.0,0.0,0.0,0.0,0.0,0.0,0.0,0.0,0.0
CRR1012474,1,0.0,55.15805999999999,0.26252,0.0,18.333470000000002,0.66072,0.0,0.26614999999999994,1.07834,0.05411,0.8575799999999999,17.99459,0.0,0.0,0.0,0.0,0.0,0.0,0.0,0.0,0.0,0.0,0.0,0.0,0.0,0.00268,0.0,0.0,0.02908,0.0,0.0,0.0,0.0,0.0,0.0,0.0,0.0,0.0,0.0,0.0,0.0,0.0,0.0,0.0,0.0,0.0,0.0,0.0,0.0,0.0141,0.0,0.7511599999999999,0.0,0.04215,0.0,0.0,0.0,0.0,0.0,0.0,0.0,0.0,0.0,0.0,0.09788,0.0,0.0,0.0,0.0,0.0,0.0,0.0,0.0,0.0,2.545,0.0,0.0,0.00607,0.0,0.0,0.0,0.0,0.0,0.0,0.0,0.0,0.0,0.0,0.0,1.83561,0.0,0.0,0.0,0.0,0.0,0.0,0.0,0.0,0.0,0.0,0.0,0.0,0.0,0.0,0.0,0.0,0.0,0.0,0.0,0.0,0.0,0.0,0.0,0.0,0.0,0.0,0.0,0.0,0.0,0.0,0.0,0.0,0.0,0.0,0.0,0.0,0.0,0.0,0.0,0.0,0.0,0.01078,0.0,0.0,0.0,0.0,0.0,0.0,0.0,0.0,0.0,0.0,0.0,0.0,0.0,0.0,0.0,0.0,0.0,0.0,0.0,0.0,0.0,0.0,0.0,0.0,0.0,0.0,0.0,0.0,0.0,0.0,0.0,0.0,0.0,0.0,0.0,0.0,0.0,0.0,0.0,0.0,0.0,0.0,0.0,0.0,0.0,0.0,0.0,0.0,0.0,0.0,0.0,0.0,0.0,0.0,0.0,0.0,0.0,0.0,0.0,0.0,0.0,0.0,0.0,0.0,0.0,0.0,0.0,0.0,0.0,0.0,0.0,0.0,0.0,0.0,0.0,0.0,0.0,0.0,0.0,0.0,0.0,0.0,0.0,0.0,0.0,0.0,0.0,0.0,0.0,0.0,0.0,0.0,0.0,0.0,0.0,0.0,0.0,0.0,0.0,0.0,0.0,0.0,0.0,0.0,0.0,0.0,0.0,0.0,0.0,0.0,0.0,0.0,0.0,0.0,0.0,0.0,0.0,0.0,0.0,0.0,0.0
CRR1012564,0,0.0,21.596479999999996,0.19690000000000002,0.0,54.42686000000002,0.04901,0.0,0.01422,7.300900000000001,0.30793,0.77194,0.0,0.0,0.0,0.06519,0.33288,0.0,0.0,0.0,0.0,0.03304,0.0,0.0,0.0,0.0,0.11019,0.0,0.0,0.58514,0.13284,0.21574,0.7798,0.0,0.0,1.5587199999999999,0.0,0.0,0.0,0.0,0.0,0.0,0.00562,0.0,0.03343,0.0,0.0,0.0,0.0011,0.00523,0.0,0.0,10.56503,0.07801999999999999,0.02622,0.0,0.0,0.0,0.0,0.0,0.0,0.0,0.0,0.0,0.2251,0.20562,0.04115,0.0,0.0,0.02796,0.0,0.0,0.00101,0.0,0.0,0.00084,0.02213,0.0,0.0443,0.0101,0.0,0.0,0.0,0.0,0.0,0.0,0.0,0.0,0.0,0.0,0.0,0.0,0.0,0.0,0.0,0.0,0.0,0.0,0.0,0.0,0.0,0.0,0.0,0.0,0.0,0.0,0.0,0.0,0.0,0.0,0.0,0.0,0.0,0.0,0.0,0.0,0.0,0.00022,0.0,0.0,0.0,0.0,0.0,0.0,0.0,0.0,0.00471,0.0,0.0,0.0,0.0,0.0,0.0,0.19492,0.01708,0.01143,0.00094,0.00011,0.0,0.0,0.0,0.0,0.0,0.0,0.0,0.0,0.0,0.0,0.0,0.0,0.0,0.0,0.0,0.0,0.0,0.0,0.0,0.0,0.0,0.0,0.0,0.0,0.0,0.0,0.0,0.0,0.0,0.0,0.0,0.0,0.0,0.0,0.0,0.0,0.0,0.0,0.0,0.0,0.0,0.0,0.0,0.0,0.0,0.0,0.0,0.0,0.0,0.0,0.0,0.0,0.0,0.0,0.0,0.0,0.0,0.0,0.0,0.0,0.0,0.0,0.0,0.0,0.0,0.0,0.0,0.0,0.0,0.0,0.0,0.0,0.0,0.0,0.0,0.0,0.0,0.0,0.0,0.0,0.0,0.0,0.0,0.0,0.0,0.0,0.0,0.0,0.0,0.0,0.0,0.0,0.0,0.0,0.0,0.0,0.0,0.0,0.0,0.0,0.0,0.0,0.0,0.0,0.0,0.0,0.0,0.0,0.0,0.0,0.0,0.0,0.0,0.0,0.0,0.0
CRR1012471,1,0.00471,34.505250000000004,0.19299,0.0,50.24806,0.10500999999999999,0.0,0.34898,1.74254,0.0317,0.20157,0.48218,0.0,0.0,0.86385,0.0,0.00062,0.00608,8e-05,0.0,0.0,0.0,0.012820000000000002,0.00887,0.00738,0.00272,0.0,0.0,0.43302999999999997,0.03107,2.00568,0.0,0.0,0.20555,1.4705300000000001,0.0,0.02522,0.0,0.0,0.0,0.01901,0.01075,0.0,0.004,0.0,0.00979,0.0,0.00435,0.0,0.00105,0.00367,2.63042,0.27581,0.00272,0.00843,0.15568,0.04916,0.00262,0.0,0.0,0.0,0.0,0.0,0.0,0.0,0.0,0.0,0.0,0.76506,0.0,0.0,0.0,0.0,0.0,0.0,0.0,1.69802,0.0,0.00721,0.037360000000000004,0.59028,0.0,0.0,0.10788,0.0,0.0007,0.0,0.0,0.00669,0.0,0.0,0.0,0.0,0.0,0.0,0.0,0.0,0.0,0.0,0.0,0.0,0.0,0.0,0.0,0.0,0.0,0.0,0.0,0.08215,0.04994,0.0,0.02752,0.0,0.00779,0.0,0.0,0.00301,0.0,0.0,0.00396,0.0,0.0,0.0,0.0,0.01081,0.0,0.01454,0.02752,0.0,0.0,0.0,0.0,0.0,0.0,0.06061,0.0,0.0,0.19946,0.06718,0.04549,0.03446,0.02648,0.00748,0.00402,0.00043,0.0,0.0,0.0,0.0,0.0,0.0,0.0,0.0,0.0,0.0,0.0,0.0,0.0,0.0,0.0,0.0,0.0,0.0,0.0,0.0,0.0,0.0,0.0,0.0,0.0,0.0,0.0,0.0,0.0,0.0,0.0,0.0,0.0,0.0,0.0,0.0,0.0,0.0,0.0,0.0,0.0,0.0,0.0,0.0,0.0,0.0,0.0,0.0,0.0,0.0,0.0,0.0,0.0,0.0,0.0,0.0,0.0,0.0,0.0,0.0,0.0,0.0,0.0,0.0,0.0,0.0,0.0,0.0,0.0,0.0,0.0,0.0,0.0,0.0,0.0,0.0,0.0,0.0,0.0,0.0,0.0,0.0,0.0,0.0,0.0,0.0,0.0,0.0,0.0,0.0,0.0,0.0,0.0,0.0,0.0,0.0,0.0,0.0,0.0,0.0,0.0,0.0,0.0,0.0,0.0,0.0,0.0,0.0
CRR1012380,0,0.0,2.55536,21.98427,0.0,51.56169999999999,0.01649,0.0,0.08767,2.5667500000000008,1.7953100000000002,2.7591499999999995,0.8511700000000001,0.0,0.01465,2.59033,0.0,0.0061,0.0,0.0,0.0,0.37983,0.00506,0.0,0.0,3.04054,0.5768999999999999,0.0,0.00058,0.057139999999999996,0.11843,0.00367,0.0,0.0,0.0,0.0,0.0,0.0,0.0,0.0,0.01869,0.0,0.01555,0.0,0.12427,0.0,0.0,0.0,0.0005,0.12228,0.0176,0.0,3.7519299999999998,0.0,0.09131,0.0,0.0,0.0,0.00121,0.0,0.01371,0.0,0.0,0.0,1.40032,0.12626,0.0,0.0,0.19993,0.0,0.0,0.0,0.00502,0.0,0.01113,3.05302,0.03743,0.0,0.02721,0.0,0.0,0.0,0.0,0.0,0.0,0.0,0.0,0.0,0.0,0.0,0.0,0.0,0.0,0.0,0.0,0.0,0.0,0.0,0.0,0.0,0.0,0.0,0.0,0.0,0.0,0.00497,0.0,0.0,0.0,0.0,0.0,0.0,0.0,0.0,0.0,0.0,0.0,0.0,0.0,0.0,0.0,0.0,0.0,0.0,0.0,0.0,0.0,0.0,0.0,0.0,0.0,0.0,0.0,0.0,0.0,0.0,0.0,0.0,0.0,0.0,0.0,0.0,0.0,0.0,0.0,0.0,0.00666,0.0,0.0,0.0,0.0,0.0,0.0,0.0,0.0,0.0,0.0,0.0,0.0,0.0,0.0,0.0,0.0,0.0,0.0,0.0,0.0,0.0,0.0,0.0,0.0,0.0,0.0,0.0,0.0,0.0,0.0,0.0,0.0,0.0,0.0,0.0,0.0,0.0,0.0,0.0,0.0,0.0,0.0,0.0,0.0,0.0,0.0,0.0,0.0,0.0,0.0,0.0,0.0,0.0,0.0,0.0,0.0,0.0,0.0,0.0,0.0,0.0,0.0,0.0,0.0,0.0,0.0,0.0,0.0,0.0,0.0,0.0,0.0,0.0,0.0,0.0,0.0,0.0,0.0,0.0,0.0,0.0,0.0,0.0,0.0,0.0,0.0,0.0,0.0,0.0,0.0,0.0,0.0,0.0,0.0,0.0,0.0,0.0,0.0,0.0,0.0,0.0,0.0,0.0,0.0,0.0,0.0,0.0
CRR1012687,0,0.019889999999999998,19.121129999999997,0.05158000000000001,7.28497,35.13605999999998,0.42383,0.0,1.0367,0.09135000000000001,0.08899,0.63808,9.0973,0.0,0.0,0.11908,0.0,0.00608,0.0,0.0,0.0,0.00349,0.0,0.033,0.04719,0.0,0.0,0.0,0.0,0.18478,0.46242,5.967499999999999,1.921,2.1131,0.22157,2.4267399999999997,0.0,0.45907,0.00142,0.0,0.0,0.0,0.05043,1.46054,0.0,0.0,0.00863,0.00117,0.00378,0.0,0.00434,0.0,0.96821,1.52893,0.00646,0.01878,1.77047,0.0,0.00869,0.00959,0.0,0.0,0.02381,0.0,0.0,0.0,0.0,0.22501,0.0,1.49929,0.0,0.03429,0.0,0.0,0.0,0.0,0.0,3.20435,0.0,0.03594,0.08465,0.1037,0.04617,0.03513,0.09749,0.00433,0.0,0.0045,0.00944,0.0,0.0,0.03109,0.0,0.0,0.0,0.0,0.05952,0.06032,0.0,0.0,0.0,0.0,0.0,0.0,0.0,0.0,0.0,0.0,0.0,0.0,0.01114,0.0,0.03737,0.0,0.02496,0.0,0.0,0.32827,0.0,0.0,0.00204,0.0,0.0,0.21916,0.0,0.00043,0.00109,0.0,0.01919,0.0,0.0,0.0,0.0,0.0,0.0,0.1209,0.0,0.01085,0.0,0.0,0.0625,0.0,0.0,0.0,0.0,0.0,0.0,0.39297,0.20773,0.17729,0.01019,0.01019,0.00681,0.00156,0.0,0.0,0.0,0.0,0.0,0.0,0.0,0.0,0.0,0.0,0.0,0.0,0.0,0.0,0.0,0.0,0.0,0.0,0.0,0.0,0.0,0.0,0.0,0.0,0.0,0.0,0.0,0.0,0.0,0.0,0.0,0.0,0.0,0.0,0.0,0.0,0.0,0.0,0.0,0.0,0.0,0.0,0.0,0.0,0.0,0.0,0.0,0.0,0.0,0.0,0.0,0.0,0.0,0.0,0.0,0.0,0.0,0.0,0.0,0.0,0.0,0.0,0.0,0.0,0.0,0.0,0.0,0.0,0.0,0.0,0.0,0.0,0.0,0.0,0.0,0.0,0.0,0.0,0.0,0.0,0.0,0.0,0.0,0.0,0.0,0.0,0.0,0.0,0.0,0.0,0.0,0.0,0.0,0.0,0.0,0.0,0.0,0.0,0.0,0.0
CRR1012452,1,0.0,6.2106699999999995,4.213550000000001,0.0,47.45372999999999,1.11042,0.0,1.01703,0.39929,0.46489,6.09089,0.36097,0.0,0.01021,23.931220000000003,0.0,0.0266,0.0,0.0,0.0,0.04936,0.0,0.0,0.12075,0.34574,0.06182,0.0,0.0,0.049389999999999996,0.0,0.0,0.02216,0.0,0.0,0.33228,0.0,0.0,0.0,0.0,0.0,0.0,0.0098,0.0,0.0,0.0,0.0,0.0,0.02316,0.01224,0.0,0.0,5.8021,0.0,0.00368,0.04026,0.48578,0.0,0.0,0.0,0.01456,0.0,0.07384,0.0,1.05182,0.15494,0.0,0.0,0.02885,0.0,0.0,0.0,0.01414,0.0,0.00396,0.0,0.00275,0.0,0.00265,0.0,0.0,0.0,0.0,0.0,0.0,0.0,0.0,0.0,0.0,0.0,0.0,0.0,0.0,0.0,0.0,0.0,0.0,0.0,0.0,0.0,0.0,0.0,0.0,0.0,0.0,0.0,0.0,0.0,0.0,0.0,0.0,0.0,0.0,0.00208,0.0,0.0,0.0,0.0,0.0,0.0,0.0,0.0,0.0,0.0,0.0,0.0,0.0,0.0,0.0,0.0,0.0,0.0,0.0,0.0,0.0,0.0,0.0,0.0,0.0,0.0,0.0,0.0,0.0,0.0,0.0,0.0,0.0,0.0,0.0,0.0,0.0,0.0,0.0,0.0,0.00242,0.0,0.0,0.0,0.0,0.0,0.0,0.0,0.0,0.0,0.0,0.0,0.0,0.0,0.0,0.0,0.0,0.0,0.0,0.0,0.0,0.0,0.0,0.0,0.0,0.0,0.0,0.0,0.0,0.0,0.0,0.0,0.0,0.0,0.0,0.0,0.0,0.0,0.0,0.0,0.0,0.0,0.0,0.0,0.0,0.0,0.0,0.0,0.0,0.0,0.0,0.0,0.0,0.0,0.0,0.0,0.0,0.0,0.0,0.0,0.0,0.0,0.0,0.0,0.0,0.0,0.0,0.0,0.0,0.0,0.0,0.0,0.0,0.0,0.0,0.0,0.0,0.0,0.0,0.0,0.0,0.0,0.0,0.0,0.0,0.0,0.0,0.0,0.0,0.0,0.0,0.0,0.0,0.0,0.0,0.0,0.0,0.0,0.0,0.0
CRR1012578,0,0.01649,10.66225,0.19417,0.18937,41.90960999999999,1.83966,1.58836,0.02624,0.32403,0.30239000000000005,0.7205399999999998,37.995900000000006,0.0,0.0,0.01894,0.0,0.0,0.07227,0.0,0.0,0.01208,0.0,0.03454,0.01744,0.0,0.0,0.0,0.0,0.07416,0.06324,0.00099,0.0,0.0,0.10107,0.05572,0.0,0.05651,0.0,0.0,0.1334,0.02286,0.00647,0.0,0.10112,0.24922,0.08057,0.04937,0.05618,0.00423,0.01619,0.0,0.22566000000000003,0.0,0.07753,0.0556,0.0,0.00786,0.0,0.0,0.03406,0.0,0.0,0.0,0.28616,0.0,0.0,0.0,0.0,0.54794,0.0,0.51477,0.0,0.00682,0.0,0.0,0.0,0.0,0.0084,0.0,0.0,0.0,0.0,0.01074,0.0,0.0,0.0,0.02232,0.0,0.0,0.0,0.0327,0.09054,0.0,0.39341,0.0,0.0,0.0,0.0,0.0,0.0,0.00593,0.0,0.0,0.0,0.0,0.0,0.0,0.40802,0.0,0.0,0.0,0.0,0.0,0.0,0.0,0.0,0.24456,0.0,0.0,0.0,0.0,0.0,0.00288,0.0,0.0,0.0,0.0033,0.0,0.0,0.0,0.0,0.0,0.0,0.0,0.0,0.0,0.00984,0.0,0.0,0.0,0.0,0.0,0.0,0.0,0.0,0.0,0.0,0.0,0.0,0.0,0.0,0.0,0.0,0.0,0.01367,0.00166,0.0,0.0,0.0,0.0,0.0,0.0,0.0,0.0,0.0,0.0,0.0,0.0,0.0,0.0,0.0,0.0,0.0,0.0,0.0,0.0,0.0,0.0,0.0,0.0,0.0,0.0,0.0,0.0,0.0,0.0,0.0,0.0,0.0,0.0,0.0,0.0,0.0,0.0,0.0,0.0,0.0,0.0,0.0,0.0,0.0,0.0,0.0,0.0,0.0,0.0,0.0,0.0,0.0,0.0,0.0,0.0,0.0,0.0,0.0,0.0,0.0,0.0,0.0,0.0,0.0,0.0,0.0,0.0,0.0,0.0,0.0,0.0,0.0,0.0,0.0,0.0,0.0,0.0,0.0,0.0,0.0,0.0,0.0,0.0,0.0,0.0,0.0,0.0,0.0,0.0,0.0,0.0,0.0,0.0,0.0,0.0,0.0
CRR1012617,0,0.0,0.0,0.0,0.0,87.86950999999999,0.0,0.0,0.0,0.6228899999999999,0.25004,1.6909399999999999,0.05591,0.0,0.0,6.30136,0.0,0.00953,0.0,0.0,0.0,0.00129,0.0,0.0,0.0,0.0,0.02225,0.0,0.00284,0.56363,0.0,0.0,0.0,0.0,0.0,0.0,0.0,0.0,0.0,0.0,0.0,0.0,0.0286,0.0,0.0,0.0,0.0,0.0,0.0,0.0,0.0,0.0,2.5453,0.0,0.0,0.0,0.0,0.0,0.0,0.0,0.0,0.0,0.0,0.0,0.0,0.02599,0.0,0.0,0.0,0.0,0.0,0.0,0.0,0.0,0.00481,0.0,0.0,0.0,0.00511,0.0,0.0,0.0,0.0,0.0,0.0,0.0,0.0,0.0,0.0,0.0,0.0,0.0,0.0,0.0,0.0,0.0,0.0,0.0,0.0,0.0,0.0,0.0,0.0,0.0,0.0,0.0,0.0,0.0,0.0,0.0,0.0,0.0,0.0,0.0,0.0,0.0,0.0,0.0,0.0,0.0,0.0,0.0,0.0,0.0,0.0,0.0,0.0,0.0,0.0,0.0,0.0,0.0,0.0,0.0,0.0,0.0,0.0,0.0,0.0,0.0,0.0,0.0,0.0,0.0,0.0,0.0,0.0,0.0,0.0,0.0,0.0,0.0,0.0,0.0,0.0,0.0,0.0,0.0,0.0,0.0,0.0,0.0,0.0,0.0,0.0,0.0,0.0,0.0,0.0,0.0,0.0,0.0,0.0,0.0,0.0,0.0,0.0,0.0,0.0,0.0,0.0,0.0,0.0,0.0,0.0,0.0,0.0,0.0,0.0,0.0,0.0,0.0,0.0,0.0,0.0,0.0,0.0,0.0,0.0,0.0,0.0,0.0,0.0,0.0,0.0,0.0,0.0,0.0,0.0,0.0,0.0,0.0,0.0,0.0,0.0,0.0,0.0,0.0,0.0,0.0,0.0,0.0,0.0,0.0,0.0,0.0,0.0,0.0,0.0,0.0,0.0,0.0,0.0,0.0,0.0,0.0,0.0,0.0,0.0,0.0,0.0,0.0,0.0,0.0,0.0,0.0,0.0,0.0,0.0,0.0,0.0,0.0,0.0,0.0
CRR1012467,1,0.0,29.788739999999997,0.07514,0.0,63.97108999999999,0.0,0.0,0.02045,0.6985899999999999,0.32686000000000004,1.26064,0.02658,0.0,0.0,0.56406,0.0,0.0,0.0,0.0,0.0,0.0,0.0,0.0,0.0,0.0,0.0,0.00406,0.0,0.63172,0.08388999999999999,0.0,0.0,0.0,0.0,0.0,0.0,0.0,0.0,0.0,0.04093,0.04141,0.01941,0.0,0.00605,0.0,0.02581,0.0,0.0,0.0,0.02655,0.0,1.49014,0.33259,0.04941,0.03319,0.0,0.0,0.00217,0.00455,0.0,0.0,0.0,0.0,0.07281,0.06495,0.0,0.0,0.14155,0.0,0.0,0.0,0.0,0.0,0.0,0.0,0.0,0.0,0.00258,0.0,0.0,0.0,0.0,0.0,0.0,0.0,0.0,0.07814,0.0,0.0,0.0,0.0,0.0,0.0,0.0,0.0,0.0,0.0,0.01609,0.0,0.0,0.0,0.0,0.0,0.0,0.0,0.0,0.0,0.0,0.0,0.0,0.0,0.0,0.0,0.0,0.0,0.0,0.0,0.0,0.0,0.0,0.0,0.0,0.0,0.0,0.0,0.0,0.0,0.0,0.0,0.02134,0.0,0.0,0.0,0.0,0.0,0.0,0.0,0.0,0.0,0.0,0.0,0.0,0.0,0.0,0.0,0.0,0.0,0.0,0.0,0.0,0.0,0.0,0.0,0.0,0.0,0.0,0.07624,0.00232,0.0,0.0,0.0,0.0,0.0,0.0,0.0,0.0,0.0,0.0,0.0,0.0,0.0,0.0,0.0,0.0,0.0,0.0,0.0,0.0,0.0,0.0,0.0,0.0,0.0,0.0,0.0,0.0,0.0,0.0,0.0,0.0,0.0,0.0,0.0,0.0,0.0,0.0,0.0,0.0,0.0,0.0,0.0,0.0,0.0,0.0,0.0,0.0,0.0,0.0,0.0,0.0,0.0,0.0,0.0,0.0,0.0,0.0,0.0,0.0,0.0,0.0,0.0,0.0,0.0,0.0,0.0,0.0,0.0,0.0,0.0,0.0,0.0,0.0,0.0,0.0,0.0,0.0,0.0,0.0,0.0,0.0,0.0,0.0,0.0,0.0,0.0,0.0,0.0,0.0,0.0,0.0,0.0,0.0,0.0
CRR1012666,0,0.0,5.910329999999999,0.55254,0.0,78.17309000000002,0.16946,0.0,0.32016,1.5181799999999996,2.65069,0.8615,0.05233,0.0,0.00537,0.14647,0.0,0.00184,0.14968,0.0,0.0,0.056889999999999996,0.00457,0.0,0.0,0.0,0.01567,0.0,0.0,0.0696,0.0,0.0,0.0,0.0,0.0,0.83435,0.0,0.0,0.0,0.0,0.0,0.0,1.29021,0.0,0.0,0.0,0.0,0.0,0.0,0.0,0.0,0.0,0.04257,0.0,0.00512,0.0,0.0,0.0,0.01276,0.0,0.0,0.0,0.0,0.0,0.00051,0.00061,0.0,0.0,0.16738,0.0,0.0,0.0,0.0,0.0,0.03876,0.0,0.0,6.94215,0.0043,0.0,0.0,0.0,0.0,0.0,0.0,0.0,0.0,0.0,0.0,0.0,0.0,0.0,0.0,0.0,0.0,0.0,0.0,0.0,0.0,0.0,0.0,0.0,0.0,0.0,0.0,0.0,0.0,0.0,0.0,0.0,0.0,0.0,0.0,0.0,0.0,0.0,0.0,0.0,0.0,0.0,0.0,0.0,0.0,0.0,0.0,0.0,0.0,0.0,0.0,0.0,0.0,0.00294,0.0,0.0,0.0,0.0,0.0,0.0,0.0,0.0,0.0,0.0,0.0,0.0,0.0,0.0,0.0,0.0,0.0,0.0,0.0,0.0,0.0,0.0,0.0,0.0,0.0,0.0,0.0,0.0,0.0,0.0,0.0,0.0,0.0,0.0,0.0,0.0,0.0,0.0,0.0,0.0,0.0,0.0,0.0,0.0,0.0,0.0,0.0,0.0,0.0,0.0,0.0,0.0,0.0,0.0,0.0,0.0,0.0,0.0,0.0,0.0,0.0,0.0,0.0,0.0,0.0,0.0,0.0,0.0,0.0,0.0,0.0,0.0,0.0,0.0,0.0,0.0,0.0,0.0,0.0,0.0,0.0,0.0,0.0,0.0,0.0,0.0,0.0,0.0,0.0,0.0,0.0,0.0,0.0,0.0,0.0,0.0,0.0,0.0,0.0,0.0,0.0,0.0,0.0,0.0,0.0,0.0,0.0,0.0,0.0,0.0,0.0,0.0,0.0,0.0,0.0,0.0,0.0,0.0,0.0,0.0,0.0,0.0
CRR1012541,0,0.0967,6.7475,2.01547,0.0,69.50515999999999,0.42299,0.46845,2.63115,0.33304999999999996,2.43077,0.34653999999999996,0.27678,0.0,0.00488,0.65646,0.0,0.06092,0.0,0.0,0.0,0.14859,0.0,0.05159,0.0,0.0,0.20248,0.0,0.0,2.00746,0.0,0.0,0.0,0.0,0.0,0.0,0.0,0.00342,0.0,0.0,0.61188,0.0,0.02019,0.0,0.0,0.0,0.34037,0.0,0.04826,0.09148,0.0,0.0,0.38247,0.0,0.0,0.0,0.0,0.0,0.0,0.0,0.0,0.0,0.0,0.0,9.14609,0.12438,0.74224,0.0,0.0,0.0,0.0,0.0,0.0027,0.00851,0.00399,0.0,0.01857,0.0,0.03139,0.0,0.0,0.0,0.0,0.0,0.0,0.0,0.0,0.0,0.0,0.0,0.0,0.0,0.0,0.0,0.0,0.0,0.0,0.0,0.0,0.0,0.0,0.0,0.0,0.0,0.0,0.0,0.0,0.0,0.0,0.0,0.0,0.0,0.0,0.0,0.0,0.0,0.0,0.0,0.0,0.0,0.0,0.0,0.0,0.0,0.0,0.0,0.0,0.0,0.0,0.0,0.0,0.0,0.01712,0.0,0.0,0.0,0.0,0.0,0.0,0.0,0.0,0.0,0.0,0.0,0.0,0.0,0.0,0.0,0.0,0.0,0.0,0.0,0.0,0.0,0.0,0.0,0.0,0.0,0.0,0.0,0.0,0.0,0.0,0.0,0.0,0.0,0.0,0.0,0.0,0.0,0.0,0.0,0.0,0.0,0.0,0.0,0.0,0.0,0.0,0.0,0.0,0.0,0.0,0.0,0.0,0.0,0.0,0.0,0.0,0.0,0.0,0.0,0.0,0.0,0.0,0.0,0.0,0.0,0.0,0.0,0.0,0.0,0.0,0.0,0.0,0.0,0.0,0.0,0.0,0.0,0.0,0.0,0.0,0.0,0.0,0.0,0.0,0.0,0.0,0.0,0.0,0.0,0.0,0.0,0.0,0.0,0.0,0.0,0.0,0.0,0.0,0.0,0.0,0.0,0.0,0.0,0.0,0.0,0.0,0.0,0.0,0.0,0.0,0.0,0.0,0.0,0.0,0.0,0.0,0.0,0.0,0.0,0.0,0.0
CRR1012698,0,0.0,51.63301,3.7122800000000002,0.0,18.598539999999993,0.13396,0.0,0.0821,1.8710499999999999,0.06534999999999999,1.24061,0.6111,0.0,0.0,10.979470000000001,0.0,0.00141,0.0,0.0,0.0,0.13918,0.0,0.0,0.0,0.0,0.17199,0.0,0.0,0.19072,0.0,0.0,0.0,0.0,0.0,0.0,0.0,0.0,0.0,0.0,0.0,0.0,0.0,0.0,0.0,0.0,0.0,0.0,0.0,0.21127,0.0,0.0,10.074420000000002,0.0,0.0,0.0,0.0,0.0,0.0,0.0,0.0,0.0,0.0,0.0,0.0,0.22093,0.0,0.0,0.0,0.0,0.0,0.0,0.0,0.0,0.0,0.02055,0.0,0.0,0.03851,0.0,0.0,0.0,0.0,0.0,0.0,0.0,0.0,0.0,0.0,0.0,0.0,0.0,0.0,0.0,0.0,0.0,0.0,0.0,0.0,0.0,0.0,0.0,0.0,0.0,0.0,0.0,0.0,0.0,0.0,0.0,0.0,0.0,0.0,0.0,0.0,0.0,0.0,0.0,0.0,0.0,0.0,0.0,0.0,0.0,0.0,0.0,0.0,0.0,0.0,0.0,0.0,0.0,0.0,0.0,0.00357,0.0,0.0,0.0,0.0,0.0,0.0,0.0,0.0,0.0,0.0,0.0,0.0,0.0,0.0,0.0,0.0,0.0,0.0,0.0,0.0,0.0,0.0,0.0,0.0,0.0,0.0,0.0,0.0,0.0,0.0,0.0,0.0,0.0,0.0,0.0,0.0,0.0,0.0,0.0,0.0,0.0,0.0,0.0,0.0,0.0,0.0,0.0,0.0,0.0,0.0,0.0,0.0,0.0,0.0,0.0,0.0,0.0,0.0,0.0,0.0,0.0,0.0,0.0,0.0,0.0,0.0,0.0,0.0,0.0,0.0,0.0,0.0,0.0,0.0,0.0,0.0,0.0,0.0,0.0,0.0,0.0,0.0,0.0,0.0,0.0,0.0,0.0,0.0,0.0,0.0,0.0,0.0,0.0,0.0,0.0,0.0,0.0,0.0,0.0,0.0,0.0,0.0,0.0,0.0,0.0,0.0,0.0,0.0,0.0,0.0,0.0,0.0,0.0,0.0,0.0,0.0,0.0,0.0,0.0
CRR1012709,0,0.0,0.5222600000000001,0.14083999999999997,0.0,54.33885,5.44625,0.0,0.0,6.895179999999998,1.69783,12.245989999999999,16.02864,0.0,0.0014,0.09617,0.0,0.10877,0.0,0.0,0.0,0.36377000000000004,0.01769,0.0,0.0,0.0,0.44917000000000007,0.0,0.05090000000000001,0.0,0.0,0.0,0.0,0.0,0.0,0.0,0.0,0.0,0.0,0.0,0.0,0.0,0.01067,0.0,0.0,0.0,0.0,0.0,0.0,0.0,0.0,0.0,0.050069999999999996,0.0,0.0,0.0,0.0,0.0,0.0,0.0,0.0,0.0,0.0,0.0,0.0,0.03217,0.0,0.0,0.10428,0.0,0.0,0.0,0.052199999999999996,0.0,1.10862,0.12658,0.03536,0.0,0.03584,0.0,0.0,0.0,0.0,0.0,0.0,0.0,0.0,0.0,0.0,0.0,0.0,0.0,0.0,0.0,0.0,0.0,0.0,0.0,0.0,0.0,0.0,0.0,0.0,0.0,0.0,0.0,0.0,0.0,0.0,0.0,0.0,0.0,0.0,0.0,0.0,0.0,0.0,0.0,0.0,0.0,0.0,0.0,0.0,0.0,0.0,0.0,0.0,0.0,0.0,0.0,0.0,0.03735,0.0,0.0,0.0,0.0,0.0,0.0,0.0,0.0,0.0,0.0,0.0,0.0,0.0,0.0,0.0,0.0,0.0,0.0,0.0,0.0,0.0,0.0,0.0,0.0,0.0,0.0,0.0,0.00312,0.0,0.0,0.0,0.0,0.0,0.0,0.0,0.0,0.0,0.0,0.0,0.0,0.0,0.0,0.0,0.0,0.0,0.0,0.0,0.0,0.0,0.0,0.0,0.0,0.0,0.0,0.0,0.0,0.0,0.0,0.0,0.0,0.0,0.0,0.0,0.0,0.0,0.0,0.0,0.0,0.0,0.0,0.0,0.0,0.0,0.0,0.0,0.0,0.0,0.0,0.0,0.0,0.0,0.0,0.0,0.0,0.0,0.0,0.0,0.0,0.0,0.0,0.0,0.0,0.0,0.0,0.0,0.0,0.0,0.0,0.0,0.0,0.0,0.0,0.0,0.0,0.0,0.0,0.0,0.0,0.0,0.0,0.0,0.0,0.0,0.0,0.0,0.0,0.0,0.0,0.0,0.0,0.0,0.0
CRR1012579,1,0.0,12.50968,1.5540199999999997,0.0,59.87037,0.0,0.0,0.07048,1.4525400000000002,0.26044,0.8198500000000001,3.35621,0.0,0.02012,15.040299999999998,0.0,0.17532,0.0,0.01058,0.0,0.45685999999999993,0.02354,0.0,0.0,0.0,0.09931999999999998,0.0,0.04214,0.83361,0.0,0.0,0.0,0.0,0.0,0.0,0.0,0.0,0.0,0.0,0.0,0.0,0.05267,0.0,0.0,0.0,0.0,0.0,0.0,0.0,0.0,0.0,2.9984699999999997,0.0,0.0,0.0,0.0,0.0,0.0,0.0,0.0,0.0,0.0,0.0,0.0,0.29922,0.0,0.0,0.0,0.0,0.0,0.0,0.02157,0.0,0.00516,0.0030299999999999997,0.0,0.0,0.00994,0.0,0.0,0.0,0.0,0.0,0.0,0.0,0.0,0.0,0.0,0.0,0.0,0.0,0.0,0.0,0.0,0.0,0.0,0.0,0.0,0.0,0.0,0.0,0.00337,0.0,0.0,0.0,0.0,0.0,0.0,0.0,0.0,0.0,0.0,0.0,0.0,0.0,0.0,0.0,0.0,0.0,0.0,0.0,0.0,0.0,0.0,0.0,0.0,0.0,0.0,0.0,0.0,0.0,0.0,0.0,0.0,0.0,0.0,0.0,0.0,0.0,0.0,0.0,0.0,0.0,0.0,0.0,0.01122,0.0,0.0,0.0,0.0,0.0,0.0,0.0,0.0,0.0,0.0,0.0,0.0,0.0,0.0,0.0,0.0,0.0,0.0,0.0,0.0,0.0,0.0,0.0,0.0,0.0,0.0,0.0,0.0,0.0,0.0,0.0,0.0,0.0,0.0,0.0,0.0,0.0,0.0,0.0,0.0,0.0,0.0,0.0,0.0,0.0,0.0,0.0,0.0,0.0,0.0,0.0,0.0,0.0,0.0,0.0,0.0,0.0,0.0,0.0,0.0,0.0,0.0,0.0,0.0,0.0,0.0,0.0,0.0,0.0,0.0,0.0,0.0,0.0,0.0,0.0,0.0,0.0,0.0,0.0,0.0,0.0,0.0,0.0,0.0,0.0,0.0,0.0,0.0,0.0,0.0,0.0,0.0,0.0,0.0,0.0,0.0,0.0,0.0,0.0,0.0,0.0,0.0,0.0,0.0,0.0,0.0,0.0
CRR1090639,0,0.00217,18.682969999999994,2.69312,0.0,27.170339999999996,0.64693,0.0,0.06207,0.15034000000000003,1.0936899999999998,0.05371,44.15265,0.0,0.00673,0.01696,0.0,0.00916,0.0,0.0,0.0,0.012979999999999998,0.0,0.0,0.00086,0.0,0.14457,0.0,0.0,0.02413,2.21489,0.0,0.0,0.0,0.0,0.0,0.0,0.03294,0.0,0.0,0.0,0.0,0.0,0.0,0.00018,0.0,0.0,0.0,0.05169,0.0167,0.01342,0.0,0.02531,0.09025999999999999,0.00306,0.02957,0.02407,0.0,0.00824,0.0,0.01298,0.0,0.03484,0.0,0.0,0.02068,0.0,0.0,0.0,0.0,0.0,0.0513,0.0,0.00148,0.0,0.0,0.0,0.83944,0.01891,0.0,0.022670000000000003,0.0,0.0,0.0,0.0,0.0,0.0,0.0,0.0,0.0,1.30243,0.0,0.0,0.0,0.0,0.0,0.0,0.0,0.0,0.0,0.0,0.0,0.0,0.0,0.0,0.0,0.0,0.0,0.0,0.0,0.0,0.0,0.0,0.0,0.0,0.0,0.0,0.0,0.0,0.0,0.0,0.0,0.0,0.0,0.0,0.0,0.007,0.0,0.00173,0.0,0.0,0.0,0.0,0.0,0.0,0.0,0.14651,0.0,0.0,0.0,0.0,0.0,0.0,0.00855,0.0,0.0,0.0,0.0,0.0,0.0,0.0,0.0,0.0,0.0,0.0,0.0,0.0,0.0,0.0,0.0,0.07901,0.01431,0.00451,0.0,0.0,0.0,0.0,0.0,0.0,0.0,0.0,0.0,0.0,0.0,0.0,0.0,0.0,0.0,0.0,0.0,0.0,0.0,0.0,0.0,0.0,0.0,0.0,0.0,0.0,0.0,0.0,0.0,0.0,0.0,0.0,0.0,0.0,0.0,0.0,0.0,0.0,0.0,0.0,0.0,0.0,0.0,0.0,0.0,0.0,0.0,0.0,0.0,0.0,0.0,0.0,0.0,0.0,0.0,0.0,0.0,0.0,0.0,0.0,0.0,0.0,0.0,0.0,0.0,0.0,0.0,0.0,0.0,0.0,0.0,0.0,0.0,0.0,0.0,0.0,0.0,0.0,0.0,0.0,0.0,0.0,0.0,0.0,0.0,0.0,0.0,0.0,0.0,0.0,0.0
CRR1012749,1,0.0,26.736019999999996,0.7068300000000001,0.0,48.47782999999999,0.2356,0.0,0.08241,1.81214,2.11834,1.6847999999999999,5.19207,0.0,0.0,0.63663,0.0,0.01653,0.0,0.0,0.0,0.00265,0.0,0.0,0.0,0.0,0.02502,0.0,0.0,0.58596,0.05482,0.0,0.0,0.0,0.0,0.0,0.0,0.0,0.00265,0.0,0.0,0.0,0.0,0.0,0.0,0.0,0.1778,0.0,0.0,0.01787,0.0011,0.0,0.0,0.11189,0.00912,0.01616,0.0,0.0,0.00806,0.01917,0.09085,0.0,0.0,0.0,0.85892,0.16367,0.0,0.0,0.0,0.0,0.0,0.0,0.00194,0.0,0.00049,0.0,0.0,10.09084,0.0,0.0,0.0,0.0,0.0,0.0,0.0,0.0,0.0,0.0,0.0,0.0,0.0,0.0,0.0,0.0,0.0,0.0,0.0,0.0,0.0,0.0,0.0,0.0,0.0,0.0,0.0,0.01193,0.0,0.0,0.0,0.0,0.0,0.0,0.0,0.0,0.0,0.0,0.0,0.0,0.0,0.0,0.0,0.0,0.0,0.0,0.0,0.0,0.0,0.0,0.0,0.0,0.0,0.0,0.0,0.0,0.0,0.0,0.0,0.0,0.0,0.0,0.0,0.0,0.0,0.0,0.0,0.0,0.0,0.0,0.0,0.0,0.0,0.0,0.0,0.0,0.0,0.0,0.0,0.0,0.0,0.0,0.0,0.0,0.0,0.04987,0.0,0.0,0.0,0.0,0.0,0.0,0.0,0.0,0.0,0.0,0.0,0.0,0.0,0.0,0.0,0.0,0.0,0.0,0.0,0.0,0.0,0.0,0.0,0.0,0.0,0.0,0.0,0.0,0.0,0.0,0.0,0.0,0.0,0.0,0.0,0.0,0.0,0.0,0.0,0.0,0.0,0.0,0.0,0.0,0.0,0.0,0.0,0.0,0.0,0.0,0.0,0.0,0.0,0.0,0.0,0.0,0.0,0.0,0.0,0.0,0.0,0.0,0.0,0.0,0.0,0.0,0.0,0.0,0.0,0.0,0.0,0.0,0.0,0.0,0.0,0.0,0.0,0.0,0.0,0.0,0.0,0.0,0.0,0.0,0.0,0.0,0.0,0.0,0.0,0.0
CRR1090623,0,0.0,1.48476,0.89585,0.0,81.46990000000005,0.44107,0.0,0.0,5.09653,0.47341,1.1560499999999998,0.61232,0.0,0.00428,3.01138,0.0,0.02283,0.0,0.0,0.0,0.01271,0.0,0.0,0.0,0.0,0.02005,0.0,0.0,0.03778,0.0,0.0,0.0,0.0,0.0,0.0,0.0,0.0,0.0,0.0,0.0,0.0,0.85652,0.0,0.00845,0.0,0.0,0.0,0.0,0.37749,0.0,0.0,2.8247299999999997,0.0093,0.0,0.0,0.0,0.0,0.0,0.0,0.0,0.0,0.0,0.0,0.0,1.15086,0.0,0.0,0.0,0.0,0.0,0.0,0.0,0.0,0.0,0.0,0.0,0.0,0.02219,0.0,0.0,0.0,0.0,0.0,0.0,0.0,0.0,0.0,0.0,0.0,0.0,0.0,0.0,0.0,0.0,0.0,0.0,0.0,0.0,0.0,0.0,0.0,0.0,0.0,0.0,0.0,0.0,0.0,0.0,0.0,0.0,0.0,0.0,0.0,0.0,0.0,0.0,0.0,0.0,0.0,0.0,0.0,0.0,0.0,0.0,0.0,0.0,0.0,0.0,0.0,0.0,0.0,0.0,0.0,0.0,0.0,0.0,0.0,0.0,0.0,0.0,0.0,0.0,0.0,0.0,0.0,0.0,0.0,0.0,0.0,0.0,0.0,0.0,0.0,0.0,0.0,0.0,0.0,0.0,0.0,0.0,0.0,0.0,0.0,0.01063,0.00083,0.0,0.0,0.0,0.0,0.0,0.0,0.0,0.0,0.0,0.0,0.0,0.0,0.0,0.0,0.0,0.0,0.0,0.0,0.0,0.0,0.0,0.0,0.0,0.0,0.0,0.0,0.0,0.0,0.0,0.0,0.0,0.0,0.0,0.0,0.0,0.0,0.0,0.0,0.0,0.0,0.0,0.0,0.0,0.0,0.0,0.0,0.0,0.0,0.0,0.0,0.0,0.0,0.0,0.0,0.0,0.0,0.0,0.0,0.0,0.0,0.0,0.0,0.0,0.0,0.0,0.0,0.0,0.0,0.0,0.0,0.0,0.0,0.0,0.0,0.0,0.0,0.0,0.0,0.0,0.0,0.0,0.0,0.0,0.0,0.0,0.0,0.0,0.0
CRR1012584,1,0.0,41.68489,0.16563,0.0,34.86643999999998,1.04908,0.0,0.17769,0.32996,0.56918,0.6504999999999999,0.10556,0.0,0.0,0.0,0.0,0.00094,0.0,0.0,0.0,0.02182,0.0,0.21461,0.03088,0.0,0.01871,0.0058,0.0,0.14876,0.0,5.19523,0.0,0.75393,0.0,0.0,0.0,0.0,0.0,0.0,0.03533,0.02729,0.0,0.0,0.0,0.0,0.16577,0.04759,0.08739,0.04525,0.00036,0.0,0.0,0.0,0.01517,0.04762,0.0,0.0,0.00248,0.0,0.00884,0.0,0.0,0.0,0.0,0.12988,0.0,0.0,0.0,0.0,0.0,0.0,0.0,0.012270000000000001,0.00984,0.0,0.0,13.29822,0.00092,0.0,0.0,0.0,0.0,0.0,0.0,0.0,0.0,0.0,0.0,0.0,0.0,0.0,0.0,0.0,0.0,0.0,0.0,0.0,0.0,0.00265,0.0,0.0,0.0,0.0,0.0,0.0,0.0,0.0,0.0,0.0,0.0,0.0,0.0,0.0,0.0,0.0,0.0,0.0,0.0,0.0,0.0,0.0,0.0,0.0,0.0,0.0,0.0,0.0,0.0,0.0,0.01929,0.0,0.0,0.0,0.0,0.0,0.0,0.0,0.0,0.0,0.0,0.0,0.0,0.0,0.0,0.0,0.0,0.0,0.0,0.0,0.0,0.0,0.0,0.0,0.0,0.0,0.0,0.0,0.0,0.0,0.0,0.0,0.0,0.0,0.0,0.0,0.05076,0.00349,0.0,0.0,0.0,0.0,0.0,0.0,0.0,0.0,0.0,0.0,0.0,0.0,0.0,0.0,0.0,0.0,0.0,0.0,0.0,0.0,0.0,0.0,0.0,0.0,0.0,0.0,0.0,0.0,0.0,0.0,0.0,0.0,0.0,0.0,0.0,0.0,0.0,0.0,0.0,0.0,0.0,0.0,0.0,0.0,0.0,0.0,0.0,0.0,0.0,0.0,0.0,0.0,0.0,0.0,0.0,0.0,0.0,0.0,0.0,0.0,0.0,0.0,0.0,0.0,0.0,0.0,0.0,0.0,0.0,0.0,0.0,0.0,0.0,0.0,0.0,0.0,0.0,0.0,0.0,0.0,0.0,0.0,0.0,0.0,0.0,0.0
CRR1012720,0,0.0,15.228199999999998,0.03371,0.0,38.2954,0.46013,0.0,0.00241,0.39640999999999993,0.45944999999999997,0.7820600000000001,0.32152,0.0,0.0,2.03678,0.0,0.00515,0.0,0.0,0.0,0.07039000000000001,0.0,0.0,0.0,0.0,8e-05,0.00836,0.0,0.11212,0.13206,0.0,0.0,0.0,0.0,0.60823,0.0,0.0,0.0,0.0,0.0,0.047,0.0,0.0,0.0,0.0,0.09317,0.0,0.0,0.02783,0.0043,0.0,0.0,0.0,0.02917,0.00333,0.0,0.0,0.00271,0.0,0.01611,0.0,2.33617,0.0,0.03469,0.02272,0.01275,0.0,0.0,4.12714,0.0,0.0,0.00317,0.0,0.01051,0.0,0.00068,33.68085,0.01414,0.0,0.0,0.0,0.0,0.0,0.0,0.0,0.0,0.0,0.0,0.0,0.0,0.03525,0.0,0.0,0.02751,0.0,0.0,0.0,0.0,0.00106,0.00603,0.00304,0.0,0.0,0.0,0.0,0.02808,0.0,0.0,0.0,0.23836,0.0,0.2291,0.0,0.0,0.0,0.0,0.0,0.0,0.0,0.00379,0.0,0.0,0.0,0.0,0.0,0.0,0.0,0.0,0.0,0.0,0.00253,0.0,0.0,0.0,0.0,0.0,0.0,0.0,0.0,0.0,0.0,0.0,0.0,0.0,0.0,0.0,0.0,0.0,0.0,0.0,0.0,0.0,0.0,0.0,0.0,0.0,0.0,0.0,0.0,0.0,0.0,0.0,0.0,0.0,0.0,0.0,0.0,0.00634,0.0,0.0,0.0,0.0,0.0,0.0,0.0,0.0,0.0,0.0,0.0,0.0,0.0,0.0,0.0,0.0,0.0,0.0,0.0,0.0,0.0,0.0,0.0,0.0,0.0,0.0,0.0,0.0,0.0,0.0,0.0,0.0,0.0,0.0,0.0,0.0,0.0,0.0,0.0,0.0,0.0,0.0,0.0,0.0,0.0,0.0,0.0,0.0,0.0,0.0,0.0,0.0,0.0,0.0,0.0,0.0,0.0,0.0,0.0,0.0,0.0,0.0,0.0,0.0,0.0,0.0,0.0,0.0,0.0,0.0,0.0,0.0,0.0,0.0,0.0,0.0,0.0,0.0,0.0,0.0,0.0,0.0,0.0,0.0,0.0
CRR1090637,0,0.0,27.321619999999996,4.58523,0.0,65.12091000000001,0.07387,0.0,0.80821,0.36537000000000003,0.18899,0.30739999999999995,0.0,0.0,0.0,0.00228,0.0,0.0,0.0,0.0,0.0,0.08721999999999999,0.0104,0.0,0.0,0.0,0.30460999999999994,0.0,0.0,0.00378,0.0,0.0,0.0,0.0,0.0,0.0,0.0,0.0,0.0,0.0,0.0,0.0,0.0,0.0,0.0,0.0,0.0,0.0,0.0,0.0,0.0,0.0,0.010360000000000001,0.0,0.0,0.0,0.0,0.0,0.0,0.0,0.0,0.0,0.0,0.0,0.0,0.38615,0.0,0.0,0.0,0.0,0.0,0.0,0.0,0.0,0.0,0.04103,0.37017,0.0,0.01193,0.0,0.0,0.0,0.0,0.0,0.0,0.0,0.0,0.0,0.0,0.0,0.0,0.0,0.0,0.0,0.0,0.0,0.0,0.0,0.0,0.0,0.0,0.0,0.0,0.0,0.0,0.0,0.0,0.0,0.0,0.0,0.0,0.0,0.0,0.0,0.0,0.0,0.0,0.0,0.0,0.0,0.0,0.0,0.0,0.0,0.0,0.0,0.0,0.0,0.0,0.0,0.0,0.0,0.0,0.0,0.0,0.0,0.0,0.0,0.0,0.0,0.0,0.0,0.0,0.0,0.0,0.0,0.0,0.0,0.0,0.0,0.0,0.0,0.0,0.0,0.0,0.0,0.0,0.0,0.0,0.0,0.0,0.0,0.0,0.0,0.0,0.0,0.0,0.0,0.0,0.00045,0.0,0.0,0.0,0.0,0.0,0.0,0.0,0.0,0.0,0.0,0.0,0.0,0.0,0.0,0.0,0.0,0.0,0.0,0.0,0.0,0.0,0.0,0.0,0.0,0.0,0.0,0.0,0.0,0.0,0.0,0.0,0.0,0.0,0.0,0.0,0.0,0.0,0.0,0.0,0.0,0.0,0.0,0.0,0.0,0.0,0.0,0.0,0.0,0.0,0.0,0.0,0.0,0.0,0.0,0.0,0.0,0.0,0.0,0.0,0.0,0.0,0.0,0.0,0.0,0.0,0.0,0.0,0.0,0.0,0.0,0.0,0.0,0.0,0.0,0.0,0.0,0.0,0.0,0.0,0.0,0.0,0.0,0.0,0.0
CRR1090631,0,0.01098,32.88708,0.13298,0.0,50.191340000000004,6.17079,0.0,0.44945,0.16904,0.02433,0.10394999999999999,0.07802,0.0,0.0,1.9465,0.0,0.0015,0.0,0.0,0.0,0.0,0.0,0.0,0.0,0.64971,0.0,0.0,0.0,0.60604,0.0,0.02739,0.0,0.0,0.0,0.0,0.0,0.0,0.0,0.0,0.0,0.0,0.0,0.0,0.16273,0.0,0.0,0.0,0.0,0.03115,0.0,0.0,0.22053,0.0087,0.0,0.0,0.0,0.0,0.0,0.0,0.0,0.0,0.0,0.0,0.51645,0.16354,0.0,0.0,0.0,0.0,0.0,0.0,0.0,0.0,0.0,0.0,0.00013,5.44747,0.00021,0.0,0.0,0.0,0.0,0.0,0.0,0.0,0.0,0.0,0.0,0.0,0.0,0.0,0.0,0.0,0.0,0.0,0.0,0.0,0.0,0.0,0.0,0.0,0.0,0.0,0.0,0.0,0.0,0.0,0.0,0.0,0.0,0.0,0.0,0.0,0.0,0.0,0.0,0.0,0.0,0.0,0.0,0.0,0.0,0.0,0.0,0.0,0.0,0.0,0.0,0.0,0.0,0.0,0.0,0.0,0.0,0.0,0.0,0.0,0.0,0.0,0.0,0.0,0.0,0.0,0.0,0.0,0.0,0.0,0.0,0.0,0.0,0.0,0.0,0.0,0.0,0.0,0.0,0.0,0.0,0.0,0.0,0.0,0.0,0.0,0.0,0.0,0.0,0.0,0.0,0.0,0.0,0.0,0.0,0.0,0.0,0.0,0.0,0.0,0.0,0.0,0.0,0.0,0.0,0.0,0.0,0.0,0.0,0.0,0.0,0.0,0.0,0.0,0.0,0.0,0.0,0.0,0.0,0.0,0.0,0.0,0.0,0.0,0.0,0.0,0.0,0.0,0.0,0.0,0.0,0.0,0.0,0.0,0.0,0.0,0.0,0.0,0.0,0.0,0.0,0.0,0.0,0.0,0.0,0.0,0.0,0.0,0.0,0.0,0.0,0.0,0.0,0.0,0.0,0.0,0.0,0.0,0.0,0.0,0.0,0.0,0.0,0.0,0.0,0.0,0.0,0.0,0.0,0.0,0.0,0.0,0.0,0.0,0.0,0.0
CRR1012545,1,0.0,14.493389999999998,0.82998,0.0,74.94798000000003,0.1698,0.0,0.14127,0.24402,0.62203,0.14748,1.08334,0.0,0.0,0.0482,0.0,0.00325,0.0,0.0,0.0,0.0,0.0,0.0,0.0,0.13395,0.0,0.0,0.0,0.00708,0.0,0.0,0.0,0.0,0.0,0.0,0.0,0.0,0.0,0.0,0.0,0.0,0.0,0.0,0.0,0.0,0.0,0.0,0.0,0.00013,0.0,0.0,0.34034000000000003,0.0,0.04163,0.0,0.0,0.0,0.0,0.0,0.0,0.0,0.0,0.0,0.0,0.33443,0.0,0.0,0.0,0.0,0.0,0.0,0.0,0.0,0.0,0.0,0.0,6.41109,0.0,0.0,0.0,0.0,0.0,0.0,0.0,0.0,0.0,0.0,0.0,0.0,0.0,0.00059,0.0,0.0,0.0,0.0,0.0,0.0,0.0,0.0,0.0,0.0,0.0,0.0,0.0,0.0,0.0,0.0,0.0,0.0,0.0,0.0,0.0,0.0,0.0,0.0,0.0,0.0,0.0,0.0,0.0,0.0,0.0,0.0,0.0,0.0,0.0,0.0,0.0,0.0,0.0,0.0,0.0,0.0,0.0,0.0,0.0,0.0,0.0,0.0,0.0,0.0,0.0,0.0,0.0,0.0,0.0,0.0,0.0,0.0,0.0,0.0,0.0,0.0,0.0,0.0,0.0,0.0,0.0,0.0,0.0,0.0,0.0,0.0,0.0,0.0,0.0,0.0,0.0,0.0,0.0,0.0,0.0,0.0,0.0,0.0,0.0,0.0,0.0,0.0,0.0,0.0,0.0,0.0,0.0,0.0,0.0,0.0,0.0,0.0,0.0,0.0,0.0,0.0,0.0,0.0,0.0,0.0,0.0,0.0,0.0,0.0,0.0,0.0,0.0,0.0,0.0,0.0,0.0,0.0,0.0,0.0,0.0,0.0,0.0,0.0,0.0,0.0,0.0,0.0,0.0,0.0,0.0,0.0,0.0,0.0,0.0,0.0,0.0,0.0,0.0,0.0,0.0,0.0,0.0,0.0,0.0,0.0,0.0,0.0,0.0,0.0,0.0,0.0,0.0,0.0,0.0,0.0,0.0,0.0,0.0,0.0,0.0,0.0
CRR1090632,0,0.0,12.010409999999998,7.81589,0.0,44.29133999999999,2.94957,0.0,0.20743,0.3875,0.09704,0.9281699999999999,1.47444,0.0,0.0,2.18718,0.0,0.01264,0.0,0.0,0.0,0.05663,0.0,0.0,0.0,0.0,0.028489999999999998,0.0,0.0,0.22099,0.0,0.0,0.0,0.0,0.0,0.0,0.0,0.0,0.0,0.0,0.0,0.0,0.0,0.0,0.0,0.0,0.0,0.0,0.0,0.05462,0.0,0.0,0.13563,0.0,0.0,0.0,0.0,0.0,0.0,0.0,0.0,0.0,0.0,0.0,0.0,0.03069,0.0,0.0,4.67118,0.0,0.0,0.0,0.0,0.0,0.0,22.41533,0.018619999999999998,0.0,0.00051,0.0,0.0,0.0,0.0,0.0,0.0,0.0,0.0,0.0,0.0,0.0,0.0,0.0,0.0,0.0,0.0,0.0,0.0,0.0,0.0,0.0,0.0,0.0,0.0,0.0,0.0,0.0,0.0,0.0,0.0,0.0,0.0,0.0,0.0,0.0,0.0,0.0,0.0,0.0,0.0,0.0,0.0,0.0,0.0,0.0,0.0,0.0,0.0,0.0,0.0,0.0,0.0,0.00169,0.0,0.0,0.0,0.0,0.0,0.0,0.0,0.0,0.0,0.0,0.0,0.0,0.0,0.0,0.00402,0.0,0.0,0.0,0.0,0.0,0.0,0.0,0.0,0.0,0.0,0.0,0.0,0.0,0.0,0.0,0.0,0.0,0.0,0.0,0.0,0.0,0.0,0.0,0.0,0.0,0.0,0.0,0.0,0.0,0.0,0.0,0.0,0.0,0.0,0.0,0.0,0.0,0.0,0.0,0.0,0.0,0.0,0.0,0.0,0.0,0.0,0.0,0.0,0.0,0.0,0.0,0.0,0.0,0.0,0.0,0.0,0.0,0.0,0.0,0.0,0.0,0.0,0.0,0.0,0.0,0.0,0.0,0.0,0.0,0.0,0.0,0.0,0.0,0.0,0.0,0.0,0.0,0.0,0.0,0.0,0.0,0.0,0.0,0.0,0.0,0.0,0.0,0.0,0.0,0.0,0.0,0.0,0.0,0.0,0.0,0.0,0.0,0.0,0.0,0.0,0.0,0.0,0.0,0.0,0.0,0.0,0.0
CRR1090653,0,0.0,16.84148,9.16529,0.0,35.47391,1.12565,0.0,0.18587,0.04973,1.04051,0.18115,0.18949,0.0,0.0024,20.89809,0.0,0.00199,0.0,0.0,0.0,0.01507,0.0,0.0,0.0,0.0,0.10690000000000001,0.0,0.0,3.6532800000000005,0.0,0.0,5.60258,0.0,0.0,0.0,0.0,0.0,0.0,0.0,0.0,0.0,0.00312,0.0,0.0,0.0,0.06076,0.0,0.0,0.02757,0.0,0.0,5.16326,0.00572,0.01293,0.0,0.0,0.0,0.0,0.0,0.0,0.0,0.0,0.0,0.0,0.16834,0.0,0.0,0.00788,0.0,0.0,0.0,0.01202,0.0,0.0,0.0,0.0,0.0,0.00501,0.0,0.0,0.0,0.0,0.0,0.0,0.0,0.0,0.0,0.0,0.0,0.0,0.0,0.0,0.0,0.0,0.0,0.0,0.0,0.0,0.0,0.0,0.0,0.0,0.0,0.0,0.0,0.0,0.0,0.0,0.0,0.0,0.0,0.0,0.0,0.0,0.0,0.0,0.0,0.0,0.0,0.0,0.0,0.0,0.0,0.0,0.0,0.0,0.0,0.0,0.0,0.0,0.0,0.0,0.0,0.0,0.0,0.0,0.0,0.0,0.0,0.0,0.0,0.0,0.0,0.0,0.0,0.0,0.0,0.0,0.0,0.0,0.0,0.0,0.0,0.0,0.0,0.0,0.0,0.0,0.0,0.0,0.0,0.0,0.0,0.0,0.0,0.0,0.0,0.0,0.0,0.0,0.0,0.0,0.0,0.0,0.0,0.0,0.0,0.0,0.0,0.0,0.0,0.0,0.0,0.0,0.0,0.0,0.0,0.0,0.0,0.0,0.0,0.0,0.0,0.0,0.0,0.0,0.0,0.0,0.0,0.0,0.0,0.0,0.0,0.0,0.0,0.0,0.0,0.0,0.0,0.0,0.0,0.0,0.0,0.0,0.0,0.0,0.0,0.0,0.0,0.0,0.0,0.0,0.0,0.0,0.0,0.0,0.0,0.0,0.0,0.0,0.0,0.0,0.0,0.0,0.0,0.0,0.0,0.0,0.0,0.0,0.0,0.0,0.0,0.0,0.0,0.0,0.0,0.0,0.0,0.0,0.0,0.0,0.0
CRR1012491,1,0.0,14.11853,0.0198,0.0,64.71221999999999,0.0,0.0,0.12835,0.90785,0.09037999999999999,0.62018,1.0287,0.0,0.0,0.0,0.0,0.00604,0.0,0.0,0.0,0.00012,0.00187,0.0,0.0,0.06182,0.03224,0.0,0.0,1.09414,0.00466,0.0,0.0,0.0,0.0,0.0,0.0,0.0,0.0,0.0,0.0,0.0,0.10801,0.0,0.0,0.0,0.0,0.0,0.01284,0.07988,0.0,0.0,10.96899,0.0,0.11474,0.0,0.0,0.0,0.0,0.0,0.0,0.0,0.06186,0.0,4.23283,0.31667,0.0,0.0,1.04993,0.0,0.0,0.0,0.0,0.0,0.0,0.0,0.0,0.0,0.0,0.0,0.0,0.0,0.0,0.0,0.0,0.0,0.0,0.0,0.0,0.0,0.0,0.0,0.0,0.0,0.0,0.0,0.0,0.0,0.0,0.0,0.0,0.0,0.0,0.0,0.0,0.0068,0.0,0.0,0.0,0.0,0.0,0.0,0.0,0.0,0.0,0.0,0.0,0.0,0.0,0.0,0.0,0.0,0.0,0.0,0.0,0.0,0.0,0.0,0.0,0.0,0.0,0.0,0.0,0.0,0.0,0.0,0.0,0.0,0.0,0.0,0.0,0.0,0.0,0.0,0.0,0.0,0.0,0.0,0.22057,0.0,0.0,0.0,0.0,0.0,0.0,0.0,0.0,0.0,0.0,0.0,0.0,0.0,0.0,0.0,0.0,0.0,0.0,0.0,0.0,0.0,0.0,0.0,0.0,0.0,0.0,0.0,0.0,0.0,0.0,0.0,0.0,0.0,0.0,0.0,0.0,0.0,0.0,0.0,0.0,0.0,0.0,0.0,0.0,0.0,0.0,0.0,0.0,0.0,0.0,0.0,0.0,0.0,0.0,0.0,0.0,0.0,0.0,0.0,0.0,0.0,0.0,0.0,0.0,0.0,0.0,0.0,0.0,0.0,0.0,0.0,0.0,0.0,0.0,0.0,0.0,0.0,0.0,0.0,0.0,0.0,0.0,0.0,0.0,0.0,0.0,0.0,0.0,0.0,0.0,0.0,0.0,0.0,0.0,0.0,0.0,0.0,0.0,0.0,0.0,0.0,0.0,0.0,0.0,0.0
CRR1012746,1,0.0,7.436249999999999,0.03358,0.0,45.00668999999998,0.0,0.0,0.0,3.76065,1.20608,3.419,0.05006,0.0,0.0181,36.95859000000001,0.0,0.0398,0.0,0.0,0.0,0.0363,0.00151,0.0,0.0,0.0,0.61946,0.0,0.0,0.07483999999999999,0.0,0.0,0.0,0.0,0.0,0.0,0.0,0.0,0.0,0.0,0.0,0.0,0.01703,0.0,0.0,0.0,0.0,0.0,0.0,0.39129,0.0,0.0,0.44643,0.0,0.0,0.0,0.0,0.0,0.0,0.0,0.0,0.0,0.0,0.0,0.0,0.41927,0.0,0.0,0.0,0.0,0.0,0.0,0.0002,0.0,0.00252,0.0425,0.0,0.0,0.00985,0.0,0.0,0.0,0.0,0.0,0.0,0.0,0.0,0.0,0.0,0.0,0.0,0.0,0.0,0.0,0.0,0.0,0.0,0.0,0.0,0.0,0.0,0.0,0.0,0.0,0.0,0.0,0.0,0.0,0.0,0.0,0.0,0.0,0.0,0.0,0.0,0.0,0.0,0.0,0.0,0.0,0.0,0.0,0.0,0.0,0.0,0.0,0.0,0.0,0.0,0.0,0.0,0.0,0.0,0.0,0.00927,0.0,0.0,0.0,0.0,0.0,0.0,0.0,0.0,0.0,0.0,0.0,0.0,0.0,0.0,0.0,0.0,0.0,0.0,0.0,0.0,0.0,0.0,0.0,0.00071,0.0,0.0,0.0,0.0,0.0,0.0,0.0,0.0,0.0,0.0,0.0,0.0,0.0,0.0,0.0,0.0,0.0,0.0,0.0,0.0,0.0,0.0,0.0,0.0,0.0,0.0,0.0,0.0,0.0,0.0,0.0,0.0,0.0,0.0,0.0,0.0,0.0,0.0,0.0,0.0,0.0,0.0,0.0,0.0,0.0,0.0,0.0,0.0,0.0,0.0,0.0,0.0,0.0,0.0,0.0,0.0,0.0,0.0,0.0,0.0,0.0,0.0,0.0,0.0,0.0,0.0,0.0,0.0,0.0,0.0,0.0,0.0,0.0,0.0,0.0,0.0,0.0,0.0,0.0,0.0,0.0,0.0,0.0,0.0,0.0,0.0,0.0,0.0,0.0,0.0,0.0,0.0,0.0,0.0,0.0
CRR1090630,0,0.0,31.94473,0.45288,0.0,35.88845999999999,8.26281,0.0,0.34193,0.57229,0.89518,1.34261,13.32086,0.0,0.0,2.34236,0.0,0.0,0.0,0.0,0.0,0.0,0.0,0.0,0.0,0.0,0.00747,0.0,0.0,1.0819,0.04145,0.0,0.0,0.0,0.0,0.0,0.0,0.0,0.0,0.0,0.0,0.0,0.0,0.0,0.0,0.0,0.0,0.0,0.0,0.0,0.03377,0.0,1.16575,0.0,0.0,0.0,0.0,0.0,0.0,0.0,0.0,0.0,0.0,0.0,0.0,0.2203,0.0,0.0,0.0,0.0,0.0,0.0,0.0,0.0,0.0,0.01174,0.0,0.0,0.0,0.0,0.0,0.0,0.0,0.0,0.0,0.0,0.0,0.0,0.0,0.0,1.38493,0.0,0.0,0.0,0.0,0.0,0.0,0.0,0.0,0.0,0.0,0.0,0.0,0.0,0.0,0.0,0.0,0.0,0.0,0.0,0.0,0.0,0.0,0.0,0.0,0.0,0.0,0.0,0.0,0.0,0.0,0.0,0.0,0.0,0.0,0.0,0.0,0.0,0.0,0.68821,0.0,0.0,0.0,0.0,0.0,0.0,0.0,0.0,0.0,0.0,0.0,0.0,0.0,0.0,0.0,0.0,0.0,0.0,0.0,0.0,0.0,0.0,0.0,0.0,0.0,0.0,0.0,0.0,0.0,0.0,0.0,0.0,0.0,0.0,0.0,0.0,0.0,0.0,0.0,0.0,0.00037,0.0,0.0,0.0,0.0,0.0,0.0,0.0,0.0,0.0,0.0,0.0,0.0,0.0,0.0,0.0,0.0,0.0,0.0,0.0,0.0,0.0,0.0,0.0,0.0,0.0,0.0,0.0,0.0,0.0,0.0,0.0,0.0,0.0,0.0,0.0,0.0,0.0,0.0,0.0,0.0,0.0,0.0,0.0,0.0,0.0,0.0,0.0,0.0,0.0,0.0,0.0,0.0,0.0,0.0,0.0,0.0,0.0,0.0,0.0,0.0,0.0,0.0,0.0,0.0,0.0,0.0,0.0,0.0,0.0,0.0,0.0,0.0,0.0,0.0,0.0,0.0,0.0,0.0,0.0,0.0,0.0,0.0,0.0
CRR1012495,1,0.0,3.7896799999999997,0.11551,0.0,75.13408000000004,0.13594,0.00408,8.727580000000001,0.6663100000000001,0.19344,0.7264599999999999,3.60985,0.0,0.0,0.08768000000000001,0.0,0.00873,0.0,0.0005,0.0,0.0384,0.0,0.0,0.0,0.0,0.03737,0.0,0.0,0.11632,0.4372,0.0,0.0,0.0,0.0,0.0,0.00095,0.0,0.0,0.0,0.0,0.0,0.00723,0.0,0.0,0.0,0.0,0.0,0.0,0.0,0.0,0.0,5.177569999999999,0.00611,0.0,0.0,0.0,0.0,0.0,0.0,0.0,0.0,0.0,0.0,0.0,0.08703,0.0,0.0,0.82611,0.0,0.0,0.0,0.0,0.0,0.0,0.0,0.0,0.0,0.01552,0.0,0.0,0.0,0.0,0.0,0.0,0.0,0.0,0.0,0.0,0.0,0.0,0.0,0.0,0.0,0.0,0.0,0.0,0.03707,0.0,0.0,0.0,0.0,0.0,0.0,0.0,0.00847,0.0,0.0,0.0,0.0,0.0,0.0,0.0,0.0,0.0,0.0,0.0,0.0,0.0,0.0,0.0,0.0,0.0,0.0,0.0,0.0,0.0,0.0,0.0,0.0,0.0,0.0,0.0,0.0,0.0,0.0,0.0,0.0,0.0,0.0,0.0,0.0,0.0,0.0,0.0,0.0,0.0,0.0,0.0,0.0,0.0,0.0,0.0,0.0,0.0,0.0,0.0,0.0,0.0,0.0,0.0,0.0,0.0,0.0,0.0,0.00484,0.0,0.0,0.0,0.0,0.0,0.0,0.0,0.0,0.0,0.0,0.0,0.0,0.0,0.0,0.0,0.0,0.0,0.0,0.0,0.0,0.0,0.0,0.0,0.0,0.0,0.0,0.0,0.0,0.0,0.0,0.0,0.0,0.0,0.0,0.0,0.0,0.0,0.0,0.0,0.0,0.0,0.0,0.0,0.0,0.0,0.0,0.0,0.0,0.0,0.0,0.0,0.0,0.0,0.0,0.0,0.0,0.0,0.0,0.0,0.0,0.0,0.0,0.0,0.0,0.0,0.0,0.0,0.0,0.0,0.0,0.0,0.0,0.0,0.0,0.0,0.0,0.0,0.0,0.0,0.0,0.0,0.0,0.0,0.0,0.0,0.0,0.0,0.0
CRR1090650,0,0.00045,18.430939999999996,0.06475,0.0,70.79573999999998,1.1136899999999998,1.39118,0.18456,0.34774,0.12801,0.08796,1.00313,0.0,0.0,0.49015,0.0,0.00037,0.0,0.0,0.0,0.00273,0.0,0.0,0.0,0.0,0.00754,0.0,0.0,1.03913,0.43889,0.0,0.0,0.0,0.0,0.1825,0.0,0.0,0.0,0.0,0.0,0.0,0.00671,0.0,0.21004,0.0,0.16302,0.0,0.0,0.16279,0.0,0.0,1.80505,1.64475,0.0,0.0,0.0,0.0,0.0,0.0,0.0,0.0,0.02256,0.0,0.14361,0.09392,0.0,0.0,0.0168,0.0,0.0,0.0,0.00121,0.0,0.0,0.0,0.0,0.0,0.0,0.0,0.0,0.0,0.0,0.0,0.0,0.0,0.0,0.0,0.0,0.0,0.0,0.0,0.01732,0.0,0.0,0.0,0.0,0.0,0.0,0.0,0.0,0.0,0.0,0.0,0.0,0.0,0.0,0.0,0.0,0.0,0.0,0.00271,0.0,0.0,0.0,0.0,0.0,0.0,0.0,0.0,0.0,0.0,0.0,0.0,0.0,0.0,0.0,0.0,0.0,0.0,0.0,0.0,0.0,0.0,0.0,0.0,0.0,0.0,0.0,0.0,0.0,0.0,0.0,0.0,0.0,0.0,0.0,0.0,0.0,0.0,0.0,0.0,0.0,0.0,0.0,0.0,0.0,0.0,0.0,0.0,0.0,0.0,0.0,0.0,0.0,0.0,0.0,0.0,0.0,0.0,0.0,0.0,0.0,0.0,0.0,0.0,0.0,0.0,0.0,0.0,0.0,0.0,0.0,0.0,0.0,0.0,0.0,0.0,0.0,0.0,0.0,0.0,0.0,0.0,0.0,0.0,0.0,0.0,0.0,0.0,0.0,0.0,0.0,0.0,0.0,0.0,0.0,0.0,0.0,0.0,0.0,0.0,0.0,0.0,0.0,0.0,0.0,0.0,0.0,0.0,0.0,0.0,0.0,0.0,0.0,0.0,0.0,0.0,0.0,0.0,0.0,0.0,0.0,0.0,0.0,0.0,0.0,0.0,0.0,0.0,0.0,0.0,0.0,0.0,0.0,0.0,0.0,0.0,0.0,0.0,0.0,0.0,0.0,0.0
CRR1090659,0,0.0005,51.920989999999996,0.16474,0.0,35.58280999999999,3.15879,0.0,0.2751,0.42677999999999994,0.05629000000000001,0.18292,0.2148,0.0,0.0,1.87567,0.0,0.0,0.0,0.0,0.0,0.0,0.0,0.0,0.0,0.0,0.00076,0.0,0.0,2.69787,0.0,0.0,0.0824,0.0,0.0,0.14229999999999998,0.0,0.0,0.0,0.0,0.0,0.0,0.82836,0.0,0.0,0.0,0.00067,0.0,0.0,0.18714,0.0,0.0,2.03729,0.0,0.0,0.0,0.03861,0.0,0.03414,0.0,0.0,0.0,0.00766,0.0,0.0,0.08114,0.0,0.0,0.0,0.0,0.0,0.0,0.0,0.0,0.0,0.0,0.0,0.0,0.0,0.0,0.0,0.0,0.0,0.0,0.0,0.0,0.0,0.0,0.0,0.0,0.0,0.0,0.0,0.0,0.0,0.0,0.0,0.0,0.0,0.0,0.0,0.0,0.0,0.0,0.0,0.0,0.0,0.0,0.0,0.0,0.0,0.0,0.00233,0.0,0.0,0.0,0.0,0.0,0.0,0.0,0.0,0.0,0.0,0.0,0.0,0.0,0.0,0.0,0.0,0.0,0.0,0.0,0.0,0.0,0.0,0.0,0.0,0.0,0.0,0.0,0.0,0.0,0.0,0.0,0.0,0.0,0.0,0.0,0.0,0.0,0.0,0.0,0.0,0.0,0.0,0.0,0.0,0.0,0.0,0.0,0.0,0.0,0.0,0.0,0.0,0.0,0.0,0.0,0.0,0.0,0.0,0.0,0.0,0.0,0.0,0.0,0.0,0.0,0.0,0.0,0.0,0.0,0.0,0.0,0.0,0.0,0.0,0.0,0.0,0.0,0.0,0.0,0.0,0.0,0.0,0.0,0.0,0.0,0.0,0.0,0.0,0.0,0.0,0.0,0.0,0.0,0.0,0.0,0.0,0.0,0.0,0.0,0.0,0.0,0.0,0.0,0.0,0.0,0.0,0.0,0.0,0.0,0.0,0.0,0.0,0.0,0.0,0.0,0.0,0.0,0.0,0.0,0.0,0.0,0.0,0.0,0.0,0.0,0.0,0.0,0.0,0.0,0.0,0.0,0.0,0.0,0.0,0.0,0.0,0.0,0.0,0.0,0.0,0.0
CRR1012707,0,0.0,1.8572899999999999,1.98758,0.0,55.83947999999997,0.01711,0.0,0.0024,1.99038,0.9617400000000002,5.10635,21.61197,0.0,0.00089,0.15376,0.0,0.0,0.10735,0.0,0.0,0.07398,0.0,0.0024000000000000002,0.0,0.0,0.18505,0.0,0.0,0.04294,0.01843,0.45035,0.0,0.0,0.0,0.40456,0.0,0.08925000000000001,0.0,0.0,0.0,0.00013,0.0,0.0,0.00889,0.0,0.0,0.0,0.0,0.0,0.00553,0.0,0.05262,3.12563,0.0043,0.00515,0.0,0.09015,0.0,0.0,0.0,0.0,0.04551,0.0,0.0,0.0,0.0,0.0,0.0,0.19926,0.0,0.53395,0.0,0.0,0.0002,0.0,0.01449,4.0641,0.00902,0.0,0.03855,0.0,0.0,0.05124,0.20105,0.0,0.0,0.00315,0.0,0.0,0.0,0.0,0.0,0.0,0.0,0.0,0.0,0.02966,0.0,0.0,0.0,0.0,0.0,0.0,0.0,0.0,0.0,0.0,0.0,0.0,0.05876,0.0,0.00638,0.0,0.04467,0.0,0.0,0.0,0.0,0.0,0.0,0.0,0.0,0.0,0.0,0.0,0.00279,0.01175,0.0,0.0,0.0,0.00268,0.0,0.0,0.0,0.34709,0.0,0.0,0.0,0.0,0.0,0.0,0.0,0.0012,0.0,0.0,0.0,0.08138,0.0,0.0,0.0,0.0,0.0,0.0,0.0,0.0,0.0,0.0,0.0,0.0,0.02979,0.0,0.0,0.0,0.0,0.0,0.0,0.0,0.0,0.0,0.0,0.02498,0.00275,0.0,0.0,0.0,0.0,0.0,0.0,0.0,0.0,0.0,0.0,0.0,0.0,0.0,0.0,0.0,0.0,0.0,0.0,0.0,0.0,0.0,0.0,0.0,0.0,0.0,0.0,0.0,0.0,0.0,0.0,0.0,0.0,0.0,0.0,0.0,0.0,0.0,0.0,0.0,0.0,0.0,0.0,0.0,0.0,0.0,0.0,0.0,0.0,0.0,0.0,0.0,0.0,0.0,0.0,0.0,0.0,0.0,0.0,0.0,0.0,0.0,0.0,0.0,0.0,0.0,0.0,0.0,0.0,0.0,0.0,0.0,0.0,0.0,0.0,0.0,0.0,0.0,0.0,0.0,0.0,0.0
CRR1090654,0,0.01436,35.7546,2.8318999999999996,0.0,34.480219999999996,0.17850000000000002,0.0,0.05058,5.10879,0.21332,0.64515,1.31297,0.0,0.0,1.8633000000000002,0.0,0.00075,0.0,0.0,0.0,0.014419999999999999,0.0,0.00591,0.0,0.0021,0.08626999999999999,0.0,0.0,0.28177,0.0,0.86654,1.25849,0.0,0.0,0.0,0.0,0.0,0.0,0.0,0.0,0.0,0.02527,0.0,0.00786,0.0,0.0,0.0,0.00537,0.0,0.0,0.0,11.281600000000001,0.03586,0.07707,0.0,0.37752,0.00822,0.0,0.0,0.0,0.0,0.0,0.0,0.0,0.01593,0.0,0.0,0.0,0.33518,0.0,0.0,0.0,0.0,0.00368,0.0,0.0,0.00439,0.04934,0.04873,0.026940000000000002,0.0,0.0,0.02083,0.0,0.0,0.01056,0.00327,0.0,0.0,0.0,0.0,0.0,0.0,0.0,0.0,0.0,1.10613,0.0,0.0,0.0,0.0,0.0,0.0,0.0,0.0,0.0,0.0,0.0,0.0,0.0,0.0,0.0,0.0,0.01416,0.0,0.0,0.0405,0.0,0.0,0.0,0.0,0.0,0.0,0.0,0.02669,0.01215,0.0,0.01068,0.0,0.0,0.0,0.0,0.0,0.0,0.12424,0.0,0.024,0.0,0.0,0.0,0.0,0.0,0.04341,0.0,0.0,0.0,0.0,0.0,0.0,0.0,0.06128,0.0,0.85872,0.0,0.0,0.0,0.0,0.0,0.0,0.0,0.35104,0.0,0.0,0.0,0.0,0.0,0.0,0.0,0.0,0.0,0.0,0.0,0.01038,0.00901,0.0,0.0,0.0,0.0,0.0,0.0,0.0,0.0,0.0,0.0,0.0,0.0,0.0,0.0,0.0,0.0,0.0,0.0,0.0,0.0,0.0,0.0,0.0,0.0,0.0,0.0,0.0,0.0,0.0,0.0,0.0,0.0,0.0,0.0,0.0,0.0,0.0,0.0,0.0,0.0,0.0,0.0,0.0,0.0,0.0,0.0,0.0,0.0,0.0,0.0,0.0,0.0,0.0,0.0,0.0,0.0,0.0,0.0,0.0,0.0,0.0,0.0,0.0,0.0,0.0,0.0,0.0,0.0,0.0,0.0,0.0,0.0,0.0,0.0,0.0,0.0,0.0,0.0,0.0
CRR1012576,1,0.0,60.332440000000005,0.19877999999999998,0.0,32.115770000000005,0.0,0.0,0.24652,0.9287499999999999,0.051219999999999995,1.1095000000000002,1.73176,0.0,0.0,0.28194,0.0,0.00416,0.0,0.0,0.0,0.069,0.0,0.0,0.0,0.0,0.021920000000000002,0.0,0.0,0.26726,0.0,0.0,0.0,0.0,0.0,0.0,0.0,0.0,0.0,0.0,0.0,0.0,0.00448,0.0,0.0,0.0,0.0,0.0,0.0,0.04123,0.0,0.0,2.51973,0.0,0.0,0.0,0.0,0.0,0.0,0.0,0.0,0.0,0.0,0.0,0.0,0.03341,0.0,0.0,0.0,0.0,0.0,0.0,0.0,0.0,0.0223,0.00322,0.0,0.0,0.01314,0.0,0.0,0.0,0.0,0.0,0.0,0.0,0.0,0.0,0.0,0.0,0.0,0.0,0.0,0.0,0.0,0.0,0.0,0.0,0.0,0.0,0.0,0.0,0.0,0.0,0.0,0.0,0.0,0.0,0.0,0.0,0.0,0.0,0.0,0.0,0.0,0.0,0.0,0.0,0.0,0.0,0.0,0.0,0.0,0.0,0.0,0.0,0.0,0.0,0.0,0.0,0.0,0.0,0.0,0.0,0.0,0.0,0.0,0.0,0.0,0.0,0.0,0.0,0.0,0.0,0.0,0.0,0.0,0.0,0.0,0.0,0.0,0.0,0.0,0.0,0.0,0.0,0.0,0.0,0.0,0.0,0.0,0.0,0.0,0.0,0.0,0.00347,0.0,0.0,0.0,0.0,0.0,0.0,0.0,0.0,0.0,0.0,0.0,0.0,0.0,0.0,0.0,0.0,0.0,0.0,0.0,0.0,0.0,0.0,0.0,0.0,0.0,0.0,0.0,0.0,0.0,0.0,0.0,0.0,0.0,0.0,0.0,0.0,0.0,0.0,0.0,0.0,0.0,0.0,0.0,0.0,0.0,0.0,0.0,0.0,0.0,0.0,0.0,0.0,0.0,0.0,0.0,0.0,0.0,0.0,0.0,0.0,0.0,0.0,0.0,0.0,0.0,0.0,0.0,0.0,0.0,0.0,0.0,0.0,0.0,0.0,0.0,0.0,0.0,0.0,0.0,0.0,0.0,0.0,0.0,0.0,0.0,0.0,0.0,0.0
CRR1012527,1,0.0,67.26782000000001,0.26782,0.0,24.871150000000007,3.47389,0.0,0.0,1.1192,0.03428,0.44511999999999996,0.32749,0.0,0.0,0.01533,0.0,0.0,0.0,0.0,0.0,0.0,0.0,0.0,0.0,0.0,0.0,0.0,0.0,0.73717,0.0,0.0,0.0,0.0,0.0,0.0,0.0,0.0,0.0,0.0,0.0,0.0,0.00236,0.0,0.0,0.0,0.0,0.0,0.0,0.0,0.0,0.0,0.50042,0.0,0.0,0.0,0.0,0.0,0.0,0.0,0.0,0.0,0.0,0.0,0.0,0.43046,0.0,0.0,0.50336,0.0,0.0,0.0,0.0,0.0,0.0,0.0041,0.0,0.0,0.0,0.0,0.0,0.0,0.0,0.0,0.0,0.0,0.0,0.0,0.0,0.0,0.0,0.0,0.0,0.0,0.0,0.0,0.0,0.0,0.0,0.0,0.0,0.0,0.0,0.0,0.0,0.0,0.0,0.0,0.0,0.0,0.0,0.0,0.0,0.0,0.0,0.0,0.0,0.0,0.0,0.0,0.0,0.0,0.0,0.0,0.0,0.0,0.0,0.0,0.0,0.0,0.0,0.0,0.0,0.0,0.0,0.0,0.0,0.0,0.0,0.0,0.0,0.0,0.0,0.0,0.0,0.0,0.0,0.0,0.0,0.0,0.0,0.0,0.0,0.0,0.0,0.0,0.0,0.0,0.0,0.0,0.0,0.0,0.0,0.0,0.0,0.0,0.0,0.0,0.0,0.0,0.0,0.0,0.0,0.0,0.0,0.0,0.0,0.0,0.0,0.0,0.0,0.0,0.0,0.0,0.0,0.0,0.0,0.0,0.0,0.0,0.0,0.0,0.0,0.0,0.0,0.0,0.0,0.0,0.0,0.0,0.0,0.0,0.0,0.0,0.0,0.0,0.0,0.0,0.0,0.0,0.0,0.0,0.0,0.0,0.0,0.0,0.0,0.0,0.0,0.0,0.0,0.0,0.0,0.0,0.0,0.0,0.0,0.0,0.0,0.0,0.0,0.0,0.0,0.0,0.0,0.0,0.0,0.0,0.0,0.0,0.0,0.0,0.0,0.0,0.0,0.0,0.0,0.0,0.0,0.0,0.0,0.0,0.0,0.0
CRR1012743,0,0.009139999999999999,23.13126,0.4758,0.05426,60.12648999999999,1.29297,0.0,0.07828,0.63247,0.53815,0.3950800000000001,1.10134,0.0,0.0,0.44227,0.0,0.0,0.0,0.0,0.0,0.02488,0.0,0.15990000000000001,0.0691,0.0,0.03768,0.0,0.0,0.0639,0.0458,0.0,0.2667,0.0,0.07349,0.7799,0.0,0.01051,0.0,0.0,0.0,0.0,0.0,0.0,0.03409,0.0,0.055220000000000005,0.0,0.0,0.00625,0.00299,0.0,0.21602,2.47556,0.0,0.03226,0.05191,0.00255,0.0,0.0,0.0,0.0,0.00922,0.0,0.01133,0.12432,0.0,0.0,0.0,0.73258,0.0,0.2693,0.0,0.00411,0.01024,0.0,0.0,3.9744,0.0,0.0,0.0262,0.05837,0.01363,0.07782,0.0,0.00969,0.0,0.0038,0.0,0.0,0.0,0.0,0.0,0.0,0.0,0.0,0.0,0.0,0.0,0.0,0.16946,0.0,0.0,0.0,0.0,0.0,0.0,0.0,0.18046,0.0,0.23312,0.0,0.0,0.0004,0.0,0.0,0.0,0.06426,0.0,0.0,0.0,0.0,0.0,0.00569,0.00161,0.0,0.00832,0.0,0.0,0.0,0.00219,0.0,0.0,0.0,0.0,0.15203,0.01045,0.0,0.0,0.0,0.0,0.0,0.0,0.03423,0.0,0.0,0.0,0.0,0.0,0.0,0.0,0.0,0.0,0.00358,0.0,0.0,0.0,0.0,0.0,0.0,0.0,0.0,0.0,0.0,0.0,0.0,0.0,0.0,0.0,0.0,0.0,0.02266,0.0,0.0,0.07552,0.4239,0.28662,0.14287,0.09335,0.06487,0.01063,0.00228,0.00031,0.0,0.0,0.0,0.0,0.0,0.0,0.0,0.0,0.0,0.0,0.0,0.0,0.0,0.0,0.0,0.0,0.0,0.0,0.0,0.0,0.0,0.0,0.0,0.0,0.0,0.0,0.0,0.0,0.0,0.0,0.0,0.0,0.0,0.0,0.0,0.0,0.0,0.0,0.0,0.0,0.0,0.0,0.0,0.0,0.0,0.0,0.0,0.0,0.0,0.0,0.0,0.0,0.0,0.0,0.0,0.0,0.0,0.0,0.0,0.0,0.0,0.0,0.0,0.0,0.0,0.0,0.0,0.0,0.0,0.0,0.0
CRR1012734,0,0.0,1.1108200000000001,1.36763,0.0,31.339249999999996,0.0,0.0,0.0,29.682989999999997,0.37341,13.05696,0.00294,0.0,0.01316,20.86103,0.0,0.00413,0.0,0.0,0.0,0.01044,0.0,0.0,0.0,0.0,0.02101,0.0,0.0,0.0,0.0,0.0,0.0,0.0,0.0,0.9673900000000001,0.0,0.0,0.0,0.0,0.0,0.0,0.25366,0.0,0.00078,0.0,0.0,0.0,0.0,0.0,0.0,0.0,0.29547,0.0,0.0,0.0,0.00084,0.0,0.0,0.0,0.0,0.0,0.0,0.0,0.0253,0.01726,0.0,0.0,0.0,0.0,0.0,0.0,0.0,0.0,0.00836,0.0,0.0,0.0,0.55693,0.0302,0.0,0.0,0.0,0.0,0.0,0.0,0.0,0.0,0.0,0.0,0.0,0.0,0.0,0.0,0.0,0.0,0.0,0.0,0.0,0.0,0.0,0.0,0.0,0.0,0.0,0.0,0.0,0.0,0.0,0.0,0.0,0.0,0.0,0.0,0.0,0.0,0.0,0.0,0.0,0.0,0.0,0.0,0.0,0.0,0.0,0.0,0.0,0.0,0.0,0.0,0.0,0.0,0.0,0.0,0.0,0.0,0.0,0.0,0.0,0.0,0.0,0.0,0.0,0.0,0.0,0.0,0.0,0.0,0.0,0.0,0.0,0.0,0.0,0.0,0.0,0.0,0.0,0.0,0.0,0.0,0.0,0.0,0.0,0.0,0.0,0.0,0.0,0.0,0.0,0.0,0.0,0.0,0.0,0.0,0.0,0.0,0.0,0.0,0.0,0.0,0.0,0.0,0.0,0.0,0.0,0.0,0.0,0.0,0.0,0.0,0.0,0.0,0.0,0.0,0.0,0.0,0.0,0.0,0.0,0.0,0.0,0.0,0.0,0.0,0.0,0.0,0.0,0.0,0.0,0.0,0.0,0.0,0.0,0.0,0.0,0.0,0.0,0.0,0.0,0.0,0.0,0.0,0.0,0.0,0.0,0.0,0.0,0.0,0.0,0.0,0.0,0.0,0.0,0.0,0.0,0.0,0.0,0.0,0.0,0.0,0.0,0.0,0.0,0.0,0.0,0.0,0.0,0.0,0.0,0.0,0.0,0.0,0.0,0.0
CRR1012732,1,0.0,5.851610000000001,0.95208,0.0,71.01114999999999,0.0253,0.0,0.0,0.64066,1.4364999999999999,3.7119999999999997,0.00163,0.0,0.0089,1.63648,0.0,0.00786,0.47372,0.00184,0.0,0.02413,0.0,0.00556,0.0,0.16722,0.06817,0.00157,0.00111,0.04416,0.0,0.0,0.0,0.0,0.0,5.090110000000001,0.0,0.11428,0.0,0.0,0.0,0.0,0.0,0.0,0.00483,0.0,0.017939999999999998,0.0,0.00183,0.0,0.01736,0.0,0.67393,1.72243,0.00437,0.02264,0.16416,0.16309,0.00703,0.01513,0.0,0.0,0.00204,0.14443,0.10256,0.0,0.0,0.0,0.0,0.27286,0.0,0.0,0.0,0.0,0.02119,0.0,9e-05,0.32889,0.0,0.01725,0.02527,0.0,0.0,0.0,0.00904,0.0,0.0,0.11855,0.01659,0.00615,0.0,0.0,0.01388,0.0,0.0,0.0,0.0,0.0,0.0,0.0,0.0,0.0,0.0,0.0,0.08631,0.0,0.0,0.0,0.0,0.0,0.0,0.0,0.10745,0.0,0.0,4.42046,0.0,0.0,0.0,0.0,0.0,0.0,0.0,0.09495,0.0,0.02963,0.00243,0.02429,0.00756,0.0,0.0,0.0,0.0,0.0,0.0,0.0,0.0,0.0,0.0,0.0,0.0,0.0,0.0,0.0,0.0,0.00038,0.0,0.0,0.0,0.0,0.0,0.0,0.0,0.00597,0.0,0.0,0.0,0.0,0.0,0.0,0.0,0.00979,0.0,0.0,0.0,0.0,0.0,0.0,0.0,0.0,0.0,0.00476,0.0,0.0,0.0,0.0,0.0,0.0,0.0,0.0,0.0,0.0,0.0,0.02742,0.009,0.0,0.0,0.0,0.0,0.0,0.0,0.0,0.0,0.0,0.0,0.0,0.0,0.0,0.0,0.0,0.0,0.0,0.0,0.0,0.0,0.0,0.0,0.0,0.0,0.0,0.0,0.0,0.0,0.0,0.0,0.0,0.0,0.0,0.0,0.0,0.0,0.0,0.0,0.0,0.0,0.0,0.0,0.0,0.0,0.0,0.0,0.0,0.0,0.0,0.0,0.0,0.0,0.0,0.0,0.0,0.0,0.0,0.0,0.0,0.0,0.0,0.0,0.0,0.0,0.0,0.0,0.0,0.0,0.0
CRR1012487,1,0.0,27.45876,0.0,0.0,45.366029999999995,0.03142,0.0,0.01543,0.08073,0.30751,0.61661,1.24551,0.0,0.0,3.6865,0.0,0.0,0.0,0.0,0.0,0.0,0.0,0.0,0.0,0.0,0.0,0.00139,0.0,0.09137,0.0,0.0,0.0,0.0,0.0,10.93378,0.0,0.0,0.0,0.0,0.15769,0.0,0.0,0.0,0.0,0.0,0.05506,0.0,0.0,0.00265,0.0,0.0,0.0,0.0,0.01905,0.00322,0.0,0.01142,0.0,0.0,0.0,0.0,0.0,0.0,0.00084,0.35988,0.71869,0.0,0.0,0.0,0.0,0.0,0.0,0.0,0.0,0.0,0.0,8.76669,0.0,0.0,0.0,0.0,0.0,0.0,0.0,0.0,0.0,0.0,0.0,0.0,0.0,0.0,0.0,0.0,0.0,0.0,0.0,0.0,0.0,0.0,0.0,0.0,0.0,0.0,0.0,0.0,0.0,0.0,0.0,0.0,0.0,0.0,0.0,0.0,0.0,0.0,0.0,0.0,0.0,0.0,0.0,0.0,0.0,0.0,0.0,0.0,0.0,0.06974,0.0,0.0,0.0,0.0,0.0,0.0,0.0,0.0,0.0,0.0,0.0,0.0,0.0,0.0,0.0,0.0,0.0,0.0,0.0,0.0,0.0,0.0,0.0,0.0,0.0,0.0,0.0,0.0,0.0,0.0,0.0,0.0,0.0,0.0,0.0,0.0,0.0,0.0,0.0,0.0,0.0,0.0,0.0,0.0,0.0,0.0,0.0,0.0,0.0,0.0,0.0,0.0,0.0,0.0,0.0,0.0,0.0,0.0,0.0,0.0,0.0,0.0,0.0,0.0,0.0,0.0,0.0,0.0,0.0,0.0,0.0,0.0,0.0,0.0,0.0,0.0,0.0,0.0,0.0,0.0,0.0,0.0,0.0,0.0,0.0,0.0,0.0,0.0,0.0,0.0,0.0,0.0,0.0,0.0,0.0,0.0,0.0,0.0,0.0,0.0,0.0,0.0,0.0,0.0,0.0,0.0,0.0,0.0,0.0,0.0,0.0,0.0,0.0,0.0,0.0,0.0,0.0,0.0,0.0,0.0,0.0,0.0,0.0,0.0,0.0,0.0
CRR1012741,1,0.0,1.19107,0.0083,0.0,72.64000999999996,0.01567,0.0,0.00069,1.19443,8.279819999999999,1.57712,0.7847500000000001,0.0,0.0,8.400739999999999,0.0,0.0,0.0,0.0,0.0,0.02928,0.0,0.0,0.0,0.0,0.01938,0.0,0.0,0.31032,0.0,0.0,0.0,0.0,0.0,0.0,0.0,0.0,0.0,0.0,0.0,0.0,0.0,0.0,0.0,0.0,0.0,0.0,0.0,0.11994,0.0,0.0,0.01499,0.0,0.0,0.0,0.0,0.0,0.0,0.0,0.0,0.0,0.0,0.0,0.0,0.07171,0.0,0.0,5.20154,0.0,0.0,0.0,0.0,0.0,0.0,0.0,0.0,0.0,0.14027,0.0,0.0,0.0,0.0,0.0,0.0,0.0,0.0,0.0,0.0,0.0,0.0,0.0,0.0,0.0,0.0,0.0,0.0,0.0,0.0,0.0,0.0,0.0,0.0,0.0,0.0,0.0,0.0,0.0,0.0,0.0,0.0,0.0,0.0,0.0,0.0,0.0,0.0,0.0,0.0,0.0,0.0,0.0,0.0,0.0,0.0,0.0,0.0,0.0,0.0,0.0,0.0,0.0,0.0,0.0,0.0,0.0,0.0,0.0,0.0,0.0,0.0,0.0,0.0,0.0,0.0,0.0,0.0,0.0,0.0,0.0,0.0,0.0,0.0,0.0,0.0,0.0,0.0,0.0,0.0,0.0,0.0,0.0,0.0,0.0,0.0,0.0,0.0,0.0,0.0,0.0,0.0,0.0,0.0,0.0,0.0,0.0,0.0,0.0,0.0,0.0,0.0,0.0,0.0,0.0,0.0,0.0,0.0,0.0,0.0,0.0,0.0,0.0,0.0,0.0,0.0,0.0,0.0,0.0,0.0,0.0,0.0,0.0,0.0,0.0,0.0,0.0,0.0,0.0,0.0,0.0,0.0,0.0,0.0,0.0,0.0,0.0,0.0,0.0,0.0,0.0,0.0,0.0,0.0,0.0,0.0,0.0,0.0,0.0,0.0,0.0,0.0,0.0,0.0,0.0,0.0,0.0,0.0,0.0,0.0,0.0,0.0,0.0,0.0,0.0,0.0,0.0,0.0,0.0,0.0,0.0,0.0,0.0,0.0,0.0
CRR1012738,1,0.0,10.457989999999997,0.02826,0.0,60.13765000000002,0.03081,0.0,0.0105,9.743930000000002,1.79744,0.24863999999999997,2.27339,0.0006,0.0,0.05115,0.0,0.00105,0.1293,0.0,0.0,0.01003,0.0,0.00493,0.0,0.0,0.06653,0.0,0.0,0.01675,0.0,1.83845,0.79927,0.0,0.0,1.75909,0.15697,0.04215,0.0,0.0,0.0,0.14478,0.0,0.01841,0.03403,0.02544,0.11739000000000001,0.0,0.00829,0.0,0.0,0.0,0.0,0.38134,0.00243,0.02775,0.0,0.08153,0.0,0.01384,0.0,0.0,0.01376,0.0,0.49543,0.0,0.0,0.04568,0.0,1.77708,0.71531,0.0,0.03734,0.0,0.00182,0.0,0.00954,0.0,0.02469,0.07314,0.00958,3.87797,0.0,0.07965,0.0,0.0,0.0,0.0,0.027,0.0,0.0,0.56639,0.0,0.0,0.0,0.0,0.0,0.0,0.0,0.0,0.0,0.00853,0.0,0.0,0.0,0.0,0.0,0.0,0.0,0.00695,0.01664,0.0,0.27845,0.0,0.0,0.0,0.0,0.44048,0.0,0.0,0.0,0.0,0.0,0.01249,0.0,0.0,0.0,0.0,0.0,0.0,0.00756,0.0,0.0,0.0,0.0,0.91944,0.0,0.0,0.0,0.0,0.0,0.0,0.0,0.0,0.0,0.0,0.0,0.0,0.0,0.0,0.0,0.0,0.01449,0.00368,0.0,0.0,0.0,0.0,0.0,0.0,0.0,0.0066,0.0,0.0,0.0,0.0,0.0,0.0,0.0,0.0,0.0,0.0702,0.0,0.0,0.0,0.0,0.0,0.0,0.0,0.0,0.0,0.0,0.0,0.0,0.0,0.0,0.0,0.0,0.0,0.0,0.0,0.0,0.0,0.0,0.0,0.0,0.0,0.0,0.0,0.0,0.0,0.0,0.0,0.0,0.0,0.0,0.0,0.0,0.0,0.0,0.0,0.0,0.0,0.0,0.0,0.0,0.0,0.0,0.0,0.0,0.0,0.0,0.0,0.0,0.0,0.0,0.0,0.0,0.0,0.0,0.0,0.0,0.0,0.0,0.0,0.0,0.0,0.0,0.0,0.0,0.0,0.0,0.0,0.0,0.0,0.0,0.0,0.0,0.0,0.0,0.0,0.0,0.0,0.0
CRR1090629,0,1.65102,23.260499999999993,0.03476,0.0,29.490109999999998,0.0,0.0,0.0,13.084560000000002,0.31485,5.28778,4.65524,0.0,0.0,0.21582,0.0,0.0078,0.0,0.0,0.0,0.02607,0.0,0.0,0.0,0.0165,0.05489,0.0,0.0,0.0,0.0,0.0,0.0,0.0,0.0,0.0,0.0,0.0,0.0,0.0,0.0,0.0,0.0,0.0,0.0,0.0,0.0,0.0,0.0,0.0,0.0,0.0,21.48707,0.0,0.0,0.0,0.0,0.0,0.0,0.0,0.0,0.0,0.0,0.0,0.0,0.0,0.0,0.0,0.0,0.0,0.0,0.0,0.0,0.0,0.0,0.17139,0.0,0.0,0.0103,0.0,0.0,0.0,0.0,0.0,0.0,0.0,0.0,0.0,0.0,0.0,0.0,0.0,0.0,0.0,0.0,0.0,0.0,0.0,0.0,0.0,0.0,0.0,0.0,0.0,0.0,0.0,0.0,0.0,0.0,0.0,0.0,0.0,0.0,0.0,0.0,0.0,0.0,0.0,0.0,0.0,0.0,0.0,0.0,0.0,0.0,0.0,0.0,0.0,0.0,0.0,0.0,0.0,0.0,0.0,0.22747,0.0,0.0,0.0,0.0,0.0,0.0,0.0,0.0,0.0,0.0,0.0,0.0,0.0,0.0,0.0,0.0,0.0,0.0,0.0,0.0,0.0,0.0,0.0,0.0,0.0,0.0,0.0,0.0,0.0,0.0,0.0,0.0,0.0,0.0,0.0,0.0,0.0,0.0,0.0,0.0,0.0,0.0,0.0,0.0,0.0,0.0,0.0,0.0,0.0,0.0,0.00381,0.0,0.0,0.0,0.0,0.0,0.0,0.0,0.0,0.0,0.0,0.0,0.0,0.0,0.0,0.0,0.0,0.0,0.0,0.0,0.0,0.0,0.0,0.0,0.0,0.0,0.0,0.0,0.0,0.0,0.0,0.0,0.0,0.0,0.0,0.0,0.0,0.0,0.0,0.0,0.0,0.0,0.0,0.0,0.0,0.0,0.0,0.0,0.0,0.0,0.0,0.0,0.0,0.0,0.0,0.0,0.0,0.0,0.0,0.0,0.0,0.0,0.0,0.0,0.0,0.0,0.0,0.0,0.0
CRR1090634,0,0.00011,50.23556,0.06064,0.27883,28.83165,5.07193,0.0,0.27079000000000003,1.425,0.37871,0.24136000000000002,1.57526,0.0,0.0,0.042910000000000004,0.0,0.00354,0.0,0.0,0.0,0.00457,0.0,0.00946,0.0,0.0,0.0,0.0,0.0,1.25468,0.0624,0.68429,0.0,0.0,0.34697,1.06206,0.0,0.01677,0.0,0.0,0.08749,0.0,0.10565,0.0,0.00645,0.0,0.012790000000000001,0.0,0.07113,0.01018,0.0,0.0,0.23989,0.05072,0.01969,0.01174,0.33615,0.0,0.0,0.03073,0.0,0.0,0.00886,0.0,0.23499,0.0,0.0,0.0,0.0,0.0,0.0,0.0,0.0,0.0,0.0,0.0,0.0,2.27301,0.00262,0.0,0.0,0.0,0.0,0.0,0.0,0.0,0.0,0.0,0.0,0.00603,3.91217,0.0,0.0,0.0,0.0,0.0,0.00825,0.0,0.0,0.0,0.0,0.0145,0.0,0.0,0.0,0.0,0.06465,0.0,0.0,0.0,0.0,0.0,0.0,0.0,0.0,0.0,0.0,0.06176,0.0,0.0,0.0,0.0,0.0,0.0,0.0024,0.05537,0.0,0.0,0.00447,0.0,0.0,0.0,0.0,0.0,0.0,0.0,0.0,0.0,0.0,0.12083,0.0,0.0,0.0,0.0,0.0,0.0,0.0,0.0,0.05528,0.0,0.0,0.0,0.0,0.0,0.0,0.0,0.0,0.0,0.0,0.0,0.0,0.0,0.0,0.0,0.0,0.0,0.0,0.0,0.0,0.0,0.0,0.0,0.0,0.0,0.0,0.0,0.0,0.0,0.0,0.0,0.0,0.0,0.0,0.0,0.0,0.0,0.29837,0.02265,0.00795,0.00294,0.00286,0.0,0.0,0.0,0.0,0.0,0.0,0.0,0.0,0.0,0.0,0.0,0.0,0.0,0.0,0.0,0.0,0.0,0.0,0.0,0.0,0.0,0.0,0.0,0.0,0.0,0.0,0.0,0.0,0.0,0.0,0.0,0.0,0.0,0.0,0.0,0.0,0.0,0.0,0.0,0.0,0.0,0.0,0.0,0.0,0.0,0.0,0.0,0.0,0.0,0.0,0.0,0.0,0.0,0.0,0.0,0.0,0.0,0.0,0.0,0.0,0.0,0.0,0.0
CRR1012533,1,0.13673,35.940020000000004,0.7096,0.36296,48.451319999999996,0.26113000000000003,0.0,0.36308999999999997,0.31931,0.19208,0.33544999999999997,0.09273999999999999,0.0,0.0,0.25199,0.0,0.0,0.0,0.0,0.0,0.0115,0.0,0.0,0.0,0.00122,0.00576,0.0,0.0,0.18041,0.0,0.0,0.0,0.0,0.0,0.0,0.0,0.0,0.0,0.0,0.07942,0.0,0.00756,0.0,0.06368,0.0,0.0,0.0,0.00178,0.0,0.00581,0.0,0.08617,0.0,0.0096,0.0,0.00534,0.0,0.00112,0.0,0.0,0.0,0.0,0.0,0.22546,0.11661,0.0,0.0,0.10437,0.0,0.0,0.0,0.0,0.0,0.0,0.0,0.0,11.67775,0.0,0.0,0.0,0.0,0.0,0.0,0.0,0.0,0.0,0.0,0.0,0.0,0.0,0.0,0.0,0.0,0.0,0.0,0.0,0.0,0.0,0.0,0.0,0.0,0.0,0.0,0.0,0.0,0.0,0.0,0.0,0.0,0.0,0.0,0.0,0.0,0.0,0.0,0.0,0.0,0.0,0.0,0.0,0.0,0.0,0.0,0.0,0.0,0.0,0.0,0.0,0.0,0.0,0.0,0.0,0.0,0.0,0.0,0.0,0.0,0.0,0.0,0.0,0.0,0.0,0.0,0.0,0.0,0.0,0.0,0.0,0.0,0.0,0.0,0.0,0.0,0.0,0.0,0.0,0.0,0.0,0.0,0.0,0.0,0.0,0.0,0.0,0.0,0.0,0.0,0.0,0.0,0.0,0.0,0.0,0.0,0.0,0.0,0.0,0.0,0.0,0.0,0.0,0.0,0.0,0.0,0.0,0.0,0.0,0.0,0.0,0.0,0.0,0.0,0.0,0.0,0.0,0.0,0.0,0.0,0.0,0.0,0.0,0.0,0.0,0.0,0.0,0.0,0.0,0.0,0.0,0.0,0.0,0.0,0.0,0.0,0.0,0.0,0.0,0.0,0.0,0.0,0.0,0.0,0.0,0.0,0.0,0.0,0.0,0.0,0.0,0.0,0.0,0.0,0.0,0.0,0.0,0.0,0.0,0.0,0.0,0.0,0.0,0.0,0.0,0.0,0.0,0.0,0.0,0.0,0.0,0.0,0.0,0.0,0.0,0.0
CRR1012523,1,0.0,2.3836199999999996,6.933949999999999,0.0,53.67977999999999,1.27183,0.0,0.00583,15.292949999999998,0.21737999999999996,0.09894,0.0104,0.0,0.0,18.71854,0.0,0.00286,0.0,0.0,0.0,0.07880999999999999,0.0,0.0,0.0,0.0,0.038180000000000006,0.0,0.00191,0.1177,0.0,0.0,0.0,0.0,0.0,0.0,0.0,0.0,0.0,0.0,0.0,0.0,0.02783,0.0,0.0,0.0,0.0,0.0,0.0,0.0272,0.0,0.0,0.5590700000000001,0.0,0.0,0.0,0.0,0.0,7e-05,0.0,0.0,0.0,0.0,0.0,0.0,0.33247,0.0,0.0,0.10786,0.0,0.0,0.0,0.0,0.0,0.01765,0.01588,0.01347,0.0,0.045829999999999996,0.0,0.0,0.0,0.0,0.0,0.0,0.0,0.0,0.0,0.0,0.0,0.0,0.0,0.0,0.0,0.0,0.0,0.0,0.0,0.0,0.0,0.0,0.0,0.0,0.0,0.0,0.0,0.0,0.0,0.0,0.0,0.0,0.0,0.0,0.0,0.0,0.0,0.0,0.0,0.0,0.0,0.0,0.0,0.0,0.0,0.0,0.0,0.0,0.0,0.0,0.0,0.0,0.0,0.0,0.0,0.0,0.0,0.0,0.0,0.0,0.0,0.0,0.0,0.0,0.0,0.0,0.0,0.0,0.0,0.0,0.0,0.0,0.0,0.0,0.0,0.0,0.0,0.0,0.0,0.0,0.0,0.0,0.0,0.0,0.0,0.0,0.0,0.0,0.0,0.0,0.0,0.0,0.0,0.0,0.0,0.0,0.0,0.0,0.0,0.0,0.0,0.0,0.0,0.0,0.0,0.0,0.0,0.0,0.0,0.0,0.0,0.0,0.0,0.0,0.0,0.0,0.0,0.0,0.0,0.0,0.0,0.0,0.0,0.0,0.0,0.0,0.0,0.0,0.0,0.0,0.0,0.0,0.0,0.0,0.0,0.0,0.0,0.0,0.0,0.0,0.0,0.0,0.0,0.0,0.0,0.0,0.0,0.0,0.0,0.0,0.0,0.0,0.0,0.0,0.0,0.0,0.0,0.0,0.0,0.0,0.0,0.0,0.0,0.0,0.0,0.0,0.0,0.0,0.0,0.0,0.0,0.0,0.0,0.0,0.0
CRR1090627,0,0.0,30.318279999999994,2.9864200000000003,0.0,42.45805999999998,0.00239,0.0,0.06023,3.38665,0.34754,0.08675000000000001,0.5044700000000001,0.0,0.00064,5.510479999999999,0.0,0.00366,0.1503,0.0,0.0,0.00283,0.0,0.0,0.0,0.0,0.058249999999999996,0.0,0.0,0.10509,0.1162,0.0,0.0,0.0,0.05113,0.0,0.0,0.0,0.0,0.0,0.0,0.0,0.01959,0.0,0.0,0.0,0.00027,0.0,0.0,0.08197,0.0,0.0,11.518930000000001,0.61647,0.07048,0.0,0.21657,0.03032,0.0008,0.0,0.0,0.0,0.05694,0.0,1.20462,0.0,0.0,0.0,0.0,0.0,0.0,0.0,0.0,0.00014,0.013049999999999999,0.0,0.0,0.0,0.019459999999999998,0.0,0.0,0.0,0.0,0.0,0.0,0.0,0.0,0.0,0.0,0.0,0.0,0.0,0.0,0.0,0.0,0.0,0.0,0.0,0.0,0.0,0.0,0.0,0.0,0.0,0.0,0.0,0.0,0.0,0.0,0.0,0.0,0.0,0.0,0.0,0.0,0.0,0.0,0.0,0.0,0.0,0.0,0.0,0.0,0.0,0.0,0.0,0.0,0.0,0.0,0.0,0.0,0.0,0.00099,0.0,0.0,0.0,0.0,0.0,0.0,0.0,0.0,0.0,0.0,0.0,0.0,0.0,0.0,0.0,0.0,0.0,0.0,0.0,0.0,0.0,0.0,0.0,0.0,0.0,0.0,0.0,0.0,0.0,0.0,0.0,0.0,0.0,0.0,0.0,0.0,0.0,0.0,0.0,0.0,0.0,0.0,0.0,0.0,0.0,0.0,0.0,0.0,0.0,0.0,0.0,0.0,0.0,0.0,0.0,0.0,0.0,0.0,0.0,0.0,0.0,0.0,0.0,0.0,0.0,0.0,0.0,0.0,0.0,0.0,0.0,0.0,0.0,0.0,0.0,0.0,0.0,0.0,0.0,0.0,0.0,0.0,0.0,0.0,0.0,0.0,0.0,0.0,0.0,0.0,0.0,0.0,0.0,0.0,0.0,0.0,0.0,0.0,0.0,0.0,0.0,0.0,0.0,0.0,0.0,0.0,0.0,0.0,0.0,0.0,0.0,0.0,0.0,0.0,0.0,0.0,0.0,0.0,0.0,0.0,0.0
CRR1012581,1,0.0,1.82096,0.00846,0.0,66.10407000000005,0.0,0.0,0.14334,0.6826800000000002,0.30407999999999996,0.23656999999999997,2.0903,0.0,0.0,0.00373,0.0,0.00603,0.0,0.0,0.0,0.03302,0.0,0.0,0.0,0.0,0.06946999999999999,0.0,0.0,0.0,0.0,0.0,0.0,0.0,0.0,0.0,0.0,0.0,0.0,0.0,0.0,0.0,0.0,0.0,0.0,0.0,0.0,0.0,0.0,0.0286,0.0,0.0,28.18173,0.0,0.0,0.0,0.0,0.0,0.0,0.0,0.0,0.0,0.05534,0.0,0.17265,0.0,0.0,0.0,0.0,0.0,0.0,0.0,0.0,0.0,0.0,0.03172,0.00012,0.00884,0.00423,0.0,0.0,0.0,0.0,0.0,0.0,0.0,0.0,0.0,0.0,0.0,0.0,0.0,0.0,0.0,0.0,0.0,0.0,0.0,0.0,0.0,0.0,0.0,0.0,0.0,0.0,0.0,0.0,0.0,0.0,0.0,0.0,0.0,0.0,0.0,0.0,0.0,0.0,0.0,0.0,0.0,0.0,0.0,0.0,0.0,0.0,0.0,0.0,0.0,0.0,0.0,0.0,0.0,0.0,0.0,0.00224,0.0,0.0,0.0,0.0,0.0,0.0,0.0,0.0,0.0,0.0,0.0,0.0,0.0,0.0,0.0,0.0,0.0,0.0,0.0,0.0,0.0,0.0,0.0,0.0,0.0,0.0,0.0,0.0,0.0,0.0,0.01185,0.0,0.0,0.0,0.0,0.0,0.0,0.0,0.0,0.0,0.0,0.0,0.0,0.0,0.0,0.0,0.0,0.0,0.0,0.0,0.0,0.0,0.0,0.0,0.0,0.0,0.0,0.0,0.0,0.0,0.0,0.0,0.0,0.0,0.0,0.0,0.0,0.0,0.0,0.0,0.0,0.0,0.0,0.0,0.0,0.0,0.0,0.0,0.0,0.0,0.0,0.0,0.0,0.0,0.0,0.0,0.0,0.0,0.0,0.0,0.0,0.0,0.0,0.0,0.0,0.0,0.0,0.0,0.0,0.0,0.0,0.0,0.0,0.0,0.0,0.0,0.0,0.0,0.0,0.0,0.0,0.0,0.0,0.0,0.0,0.0,0.0,0.0,0.0
CRR1090628,0,0.00134,41.379920000000006,0.6458300000000001,0.0,38.17028999999998,1.83163,0.0,0.47807,5.43974,0.45967,1.4930999999999999,0.16719,0.0,0.0,0.07324,0.3342,0.0033,0.0,0.0,0.0,0.01563,0.0,0.01879,0.0,0.0,0.030660000000000003,0.0,0.0,0.47387999999999997,0.25157,0.6840900000000001,0.07549,0.26536,0.9925,0.31003,0.0,0.0,0.0,0.0,0.0,0.0,0.01446,0.0,0.06488000000000001,0.0,0.04655,0.0,0.01214,0.0,0.00018,0.0027,0.14859,0.06257,0.00653,0.06034,0.88196,0.03673,0.0,0.0,0.0,0.0,0.00277,0.0,1.71532,0.12479,0.0,0.0,0.0,0.97388,0.0,0.0,0.0,0.0,0.01584,0.0006,0.00409,0.03932,0.056999999999999995,0.03894,0.07571,0.0,0.0,0.01018,0.05297,0.0,0.0,0.0,0.04075,0.0086,0.0,0.0,0.0,0.0,0.0,0.0,0.0,0.0,0.0,0.0,0.0,0.0,0.0,0.0,0.0,0.0,0.24423,0.0,0.0,0.0,0.00537,0.01536,0.04645,0.0,0.0,0.0,0.0,0.01499,0.0,0.0,0.0,0.0,0.0,0.02843,0.0,0.00225,0.01307,0.00071,0.00785,0.0,0.0,0.0,0.0,0.0,0.00448,0.20283,0.0,0.0,0.0,0.0,0.0,0.0,0.02174,0.0068,0.0,0.02505,0.0,0.0,0.0,0.0,0.0,0.20431,0.0,0.0,0.0,0.0,0.0,0.0,0.0,0.0,0.0,0.0,0.0,0.0,0.0,0.0,0.0,0.0,0.0,0.0,0.0,0.0,0.0,0.0,0.0,0.0,0.0,0.0,0.0,0.0,0.0,0.0,0.0,0.0,0.0,0.0,0.0,0.0,0.0,0.01061,0.0,1.00846,0.02464,0.00866,0.00781,0.00199,0.0,0.0,0.0,0.0,0.0,0.0,0.0,0.0,0.0,0.0,0.0,0.0,0.0,0.0,0.0,0.0,0.0,0.0,0.0,0.0,0.0,0.0,0.0,0.0,0.0,0.0,0.0,0.0,0.0,0.0,0.0,0.0,0.0,0.0,0.0,0.0,0.0,0.0,0.0,0.0,0.0,0.0,0.0,0.0,0.0,0.0,0.0,0.0,0.0,0.0,0.0,0.0,0.0,0.0,0.0,0.0,0.0,0.0
CRR1012518,1,0.0,31.0385,0.40097,0.0,37.83268999999999,0.47394,0.0,0.03797,0.49585000000000007,0.73746,2.05905,7.1017399999999995,0.0,0.00056,12.45391,0.0,0.01255,0.0,0.0,0.0,0.01889,0.0032,0.0,0.0,0.0,0.04209,0.0,0.0,0.09195,0.0,0.0,0.0,0.0,0.0,0.0,0.0,0.0,0.0,0.0,0.0,0.0,0.0,0.0,0.0,0.0,0.0,0.0,0.0,0.0,0.0,0.0,0.00014,0.0,0.0,0.0,0.0,0.0,0.0,0.0,0.0,0.0,0.0,0.0,6.6122,0.5751,0.0,0.0,0.0,0.0,0.0,0.0,0.0,0.0,0.01124,0.0,0.0,0.0,0.0,0.0,0.0,0.0,0.0,0.0,0.0,0.0,0.0,0.0,0.0,0.0,0.0,0.0,0.0,0.0,0.0,0.0,0.0,0.0,0.0,0.0,0.0,0.0,0.0,0.0,0.0,0.0,0.0,0.0,0.0,0.0,0.0,0.0,0.0,0.0,0.0,0.0,0.0,0.0,0.0,0.0,0.0,0.0,0.0,0.0,0.0,0.0,0.0,0.0,0.0,0.0,0.0,0.0,0.0,0.0,0.0,0.0,0.0,0.0,0.0,0.0,0.0,0.0,0.0,0.0,0.0,0.0,0.0,0.0,0.0,0.0,0.0,0.0,0.0,0.0,0.0,0.0,0.0,0.0,0.0,0.0,0.0,0.0,0.0,0.0,0.0,0.0,0.0,0.0,0.0,0.0,0.0,0.0,0.0,0.0,0.0,0.0,0.0,0.0,0.0,0.0,0.0,0.0,0.0,0.0,0.0,0.0,0.0,0.0,0.0,0.0,0.0,0.0,0.0,0.0,0.0,0.0,0.0,0.0,0.0,0.0,0.0,0.0,0.0,0.0,0.0,0.0,0.0,0.0,0.0,0.0,0.0,0.0,0.0,0.0,0.0,0.0,0.0,0.0,0.0,0.0,0.0,0.0,0.0,0.0,0.0,0.0,0.0,0.0,0.0,0.0,0.0,0.0,0.0,0.0,0.0,0.0,0.0,0.0,0.0,0.0,0.0,0.0,0.0,0.0,0.0,0.0,0.0,0.0,0.0,0.0,0.0,0.0,0.0,0.0
CRR1012739,1,0.0,6.511480000000001,0.00163,0.0,9.02047,0.0,0.0,0.0,60.32617,0.19065,0.00142,4.000710000000001,0.0,0.0,14.192870000000001,0.0,0.00028,0.0,0.0,0.0,0.09078,0.0,0.0,0.0,0.17375,0.058660000000000004,0.0,0.0,0.00485,0.0,0.0,0.0,0.0,0.0,0.0,0.0,0.0,0.0,0.0,0.0,0.0,0.0,0.0,0.0,0.0,0.0,0.0,0.0,0.0,0.0,0.0,5.15589,0.0,0.0,0.0,0.0,0.0,0.0,0.0,0.0,0.0,0.0,0.0,0.0,0.27039,0.0,0.0,0.0,0.0,0.0,0.0,0.0,0.0,0.0,0.0,0.0,0.0,0.0,0.0,0.0,0.0,0.0,0.0,0.0,0.0,0.0,0.0,0.0,0.0,0.0,0.0,0.0,0.0,0.0,0.0,0.0,0.0,0.0,0.0,0.0,0.0,0.0,0.0,0.0,0.0,0.0,0.0,0.0,0.0,0.0,0.0,0.0,0.0,0.0,0.0,0.0,0.0,0.0,0.0,0.0,0.0,0.0,0.0,0.0,0.0,0.0,0.0,0.0,0.0,0.0,0.0,0.0,0.0,0.0,0.0,0.0,0.0,0.0,0.0,0.0,0.0,0.0,0.0,0.0,0.0,0.0,0.0,0.0,0.0,0.0,0.0,0.0,0.0,0.0,0.0,0.0,0.0,0.0,0.0,0.0,0.0,0.0,0.0,0.0,0.0,0.0,0.0,0.0,0.0,0.0,0.0,0.0,0.0,0.0,0.0,0.0,0.0,0.0,0.0,0.0,0.0,0.0,0.0,0.0,0.0,0.0,0.0,0.0,0.0,0.0,0.0,0.0,0.0,0.0,0.0,0.0,0.0,0.0,0.0,0.0,0.0,0.0,0.0,0.0,0.0,0.0,0.0,0.0,0.0,0.0,0.0,0.0,0.0,0.0,0.0,0.0,0.0,0.0,0.0,0.0,0.0,0.0,0.0,0.0,0.0,0.0,0.0,0.0,0.0,0.0,0.0,0.0,0.0,0.0,0.0,0.0,0.0,0.0,0.0,0.0,0.0,0.0,0.0,0.0,0.0,0.0,0.0,0.0,0.0,0.0,0.0,0.0,0.0
CRR1012750,1,0.0,38.26024999999999,0.66592,0.0,25.751509999999996,0.94193,0.0,0.32071,3.2511399999999995,2.7444900000000003,0.38946,5.43052,0.0,0.0,2.63808,0.0,0.0,0.24278,0.02984,0.10675,0.0,0.0,0.01463,0.01072,0.01231,0.10835,0.01131,0.0,0.11066000000000001,0.00854,0.0,0.0,0.0,0.94248,2.78919,0.0,0.60734,0.0,0.0,0.0,0.0,0.0,0.0,0.0,0.0,0.2536,0.0,0.0,0.0,0.0,0.0,0.61604,0.26719,0.00425,0.00073,0.0,0.0,0.0,0.0,0.26516,0.0,0.11026,1.08407,11.11645,0.0,0.0,0.0,0.0,0.0,0.0,0.0,0.0,0.00046,0.0,0.00841,0.01147,0.66598,0.0,0.0,0.00089,0.0,0.0,0.0,0.0,0.0,0.0,0.0,0.0,0.0,0.0,0.0,0.0,0.0,0.0,0.0,0.0,0.0,0.0,0.00647,0.0,0.0,0.0,0.0,0.0,0.0,0.0,0.0,0.0,0.0,0.0,0.01018,0.0,0.0,0.0,0.0,0.0,0.0,0.0,0.0,0.0,0.0,0.0,0.09181,0.0,0.0,0.0,0.0,0.0,0.0,0.0,0.01324,0.0,0.0,0.0,0.0,0.0,0.02956,0.0,0.0,0.0,0.0,0.0,0.0,0.0,0.0,0.0,0.0,0.0,0.0,0.0,0.0,0.0,0.0,0.0,0.0,0.0,0.0,0.0,0.0,0.0,0.0,0.0,0.0,0.0,0.0,0.0,0.0,0.0,0.0,0.0,0.0,0.0,0.0,0.0,0.0,0.0,0.0,0.0,0.0,0.0,0.0,0.0,0.0,0.0,0.0,0.0,0.0,0.0,0.0,0.0,0.0,0.0,0.0,0.0,0.0,0.04918,0.00428,0.00143,0.0,0.0,0.0,0.0,0.0,0.0,0.0,0.0,0.0,0.0,0.0,0.0,0.0,0.0,0.0,0.0,0.0,0.0,0.0,0.0,0.0,0.0,0.0,0.0,0.0,0.0,0.0,0.0,0.0,0.0,0.0,0.0,0.0,0.0,0.0,0.0,0.0,0.0,0.0,0.0,0.0,0.0,0.0,0.0,0.0,0.0,0.0,0.0,0.0,0.0,0.0,0.0,0.0,0.0,0.0
CRR1012766,0,0.0,34.570589999999996,0.08374,0.0,46.529250000000005,0.75754,0.0,0.0,5.539960000000001,3.16523,1.0758999999999999,0.13895000000000002,0.0,0.0,6.81882,0.0,0.0,0.0,0.0,0.0,0.00282,0.0,0.0,0.0,0.0,0.00688,0.0,0.0,0.07733,0.0,0.0,0.0,0.0,0.0,0.0,0.0,0.0,0.0,0.0,0.0,0.0,0.0,0.0,0.0,0.0,0.0,0.0,0.0,0.1585,0.0,0.0,0.07564,0.0,0.0,0.0,0.0,0.0,0.0,0.0,0.0,0.0,0.0,0.0,0.0,0.50763,0.0,0.0,0.0,0.0,0.0,0.0,0.0,0.0,0.0,0.46221,0.0,0.0,0.0,0.0,0.0,0.0,0.0,0.0,0.0,0.0,0.0,0.0,0.0,0.0,0.0,0.0,0.0,0.0,0.0,0.0,0.0,0.0,0.0,0.0,0.0,0.0,0.0,0.0,0.0,0.0,0.0,0.0,0.0,0.0,0.0,0.0,0.0,0.0,0.0,0.0,0.0,0.0,0.0,0.0,0.0,0.0,0.0,0.0,0.0,0.0,0.0,0.0,0.0,0.0,0.0,0.015560000000000001,0.0,0.0,0.0,0.0,0.0,0.0,0.0,0.0,0.0,0.0,0.0,0.0,0.0,0.0,0.0,0.0,0.0,0.0,0.0,0.0,0.0,0.0,0.0,0.0,0.0,0.0,0.0,0.0,0.0,0.0,0.0,0.0,0.0,0.0,0.0,0.0,0.0,0.0,0.0,0.0,0.0,0.0,0.0,0.0,0.0,0.0,0.0,0.0,0.0,0.0,0.0,0.0,0.0,0.0,0.0,0.0,0.0,0.0,0.0,0.0,0.0,0.0,0.0,0.0,0.0,0.0,0.0,0.01347,0.0,0.0,0.0,0.0,0.0,0.0,0.0,0.0,0.0,0.0,0.0,0.0,0.0,0.0,0.0,0.0,0.0,0.0,0.0,0.0,0.0,0.0,0.0,0.0,0.0,0.0,0.0,0.0,0.0,0.0,0.0,0.0,0.0,0.0,0.0,0.0,0.0,0.0,0.0,0.0,0.0,0.0,0.0,0.0,0.0,0.0,0.0,0.0,0.0,0.0,0.0,0.0,0.0,0.0
CRR1012735,1,0.0,19.145199999999996,1.6493,0.0,56.050740000000026,0.14795,0.0,0.0,0.05441,1.68849,0.22173000000000004,0.11489999999999999,0.0,0.01458,10.426020000000001,0.0,0.00345,0.05188,0.0,0.0,0.02536,0.00153,0.0,0.0,0.0,0.018430000000000002,0.0,0.0,0.14752,0.0,0.0,7.03571,0.0,0.0,0.0,0.0,0.0,0.0,0.0,0.0,0.00371,0.0,0.0,0.00784,0.0,0.0,0.0,0.0,0.01945,0.00479,0.0,0.09273999999999999,0.03033,0.00242,0.0,0.0,0.0,0.00186,0.0,0.0,0.0,0.0,0.0,2.9944,0.0,0.0,0.0,0.0,0.0,0.0,0.0,0.0,0.0,0.00713,0.0,0.0,0.0,0.0,0.01775,0.0,0.0,0.0,0.0,0.0,0.0,0.0,0.0,0.0,0.0,0.0,0.0,0.0,0.0,0.0,0.0,0.0,0.0,0.0,0.0,0.0,0.0,0.0,0.0,0.0,0.0,0.0,0.0,0.0,0.0,0.0,0.0,0.0,0.0,0.0,0.0,0.0,0.0,0.0,0.0,0.0,0.0,0.0,0.0,0.0,0.0,0.0,0.0,0.0,0.0,0.0,0.0,0.0,0.0,0.0,0.0,0.0,0.0,0.0,0.0,0.0,0.0,0.0,0.0,0.0,0.0,0.0,0.0,0.0,0.0,0.0,0.0,0.0,0.0,0.0,0.0,0.0,0.0,0.0,0.0,0.0,0.0,0.0,0.0,0.0,0.0,0.0,0.0,0.0,0.0,0.0,0.0,0.0,0.0,0.0,0.0,0.0,0.0,0.0,0.0,0.0,0.0,0.0,0.0,0.0,0.0,0.0,0.0,0.0,0.0,0.0,0.0,0.0,0.0,0.0,0.0,0.0,0.0,0.0,0.0,0.0204,0.0,0.0,0.0,0.0,0.0,0.0,0.0,0.0,0.0,0.0,0.0,0.0,0.0,0.0,0.0,0.0,0.0,0.0,0.0,0.0,0.0,0.0,0.0,0.0,0.0,0.0,0.0,0.0,0.0,0.0,0.0,0.0,0.0,0.0,0.0,0.0,0.0,0.0,0.0,0.0,0.0,0.0,0.0,0.0,0.0,0.0,0.0,0.0,0.0,0.0,0.0,0.0,0.0
CRR1012757,1,0.0,5.194219999999999,3.1955899999999997,0.0,58.33428000000001,0.0,0.0,0.03375,1.4260199999999998,0.74416,1.05975,1.1436,0.0,0.0,9.806339999999999,0.0,0.00102,0.07857,0.0,0.0,0.0,0.0,0.01516,0.0,0.5709,0.31174,0.0,0.0,0.02525,0.0,3.52168,0.0,0.0,0.50741,0.0,0.0,0.0,0.0,0.0,0.0,0.03242,0.0,0.0,0.02643,0.0,0.00116,0.0,0.00037,0.00052,0.0,0.0,0.08164,0.8208300000000001,0.0,0.0,1.10132,0.45683,0.0,0.0,0.0,0.0,0.01639,0.0,0.0,0.0,0.0,0.0,0.0,0.0,0.0,0.54135,0.00188,0.00033,0.0,0.0,0.0,7.71961,0.00913,0.0,0.00193,0.0,0.0,0.36654,0.0,0.0,0.00185,0.0,0.0,0.0,0.13934,0.0,0.0,0.0,0.0,0.0,0.0,0.0,0.0,0.0,0.0,0.0,0.0,0.0,0.0,0.0,0.87924,0.0,0.44887,0.0,0.00131,0.0,0.0,0.0,0.0,0.0,0.0,0.55828,0.04486,0.0,0.0,0.0,0.0,0.0,0.0,0.0,0.0,0.0,0.0,0.0,0.0,0.0,0.0,0.0,0.0,0.58654,0.0,0.0,0.0,0.0,0.0,0.0,0.19062,0.0,0.0,0.00056,0.0,0.0,0.0,0.0,0.0,0.0,0.0,0.0,0.0,0.0,0.0,0.0,0.0,0.0,0.0,0.0,0.0,0.0,0.0,0.0,0.0,0.0,0.0,0.0,0.0,0.0,0.0,0.0,0.0,0.0,0.0,0.0,0.0,0.0,0.0,0.0,0.0,0.0,0.0,0.0,0.0,0.0,0.0,0.0,0.0,0.0,0.0,0.0,0.0,0.0,0.0,0.0,0.0,0.0,0.0,0.00046,0.0,0.0,0.0,0.0,0.0,0.0,0.0,0.0,0.0,0.0,0.0,0.0,0.0,0.0,0.0,0.0,0.0,0.0,0.0,0.0,0.0,0.0,0.0,0.0,0.0,0.0,0.0,0.0,0.0,0.0,0.0,0.0,0.0,0.0,0.0,0.0,0.0,0.0,0.0,0.0,0.0,0.0,0.0,0.0,0.0,0.0,0.0,0.0,0.0,0.0,0.0,0.0
CRR1012768,1,0.0,0.33734,3.48384,0.0,53.17135,0.0,0.0,0.0,0.25894,2.13808,0.59227,0.12365,0.0,0.01091,35.167500000000004,0.0,0.0,0.0,0.0,0.0,0.0,0.0,0.0,0.03322,0.0,0.0,0.0,0.0,0.0122,0.00282,0.0,0.0,0.0,0.0,0.0,0.0,2.63909,0.0,0.0,0.0,0.01842,0.0,0.0,0.0,0.0,0.026879999999999998,0.0,0.0,0.0,0.0,0.0,0.15492,0.0,0.0,0.01141,0.1907,0.0,0.0,0.0,0.0,0.0,0.05264,0.0,1.16478,0.00583,0.0,0.0,0.0,0.0,0.0,0.0,0.00323,0.00022,0.00664,0.0,0.0,0.0,0.00221,0.0,0.17956,0.0,0.0,0.0,0.0,0.0,0.0,0.0,0.0,0.0,0.0,0.0,0.0,0.0,0.0,0.0,0.0,0.0,0.0,0.00874,0.0,0.0,0.0,0.0,0.0,0.0,0.0,0.0,0.0,0.0,0.10626,0.0,0.0,0.0,0.0,0.0,0.0,0.0,0.0,0.0,0.0,0.0,0.0,0.0,0.0,0.0,0.0,0.0,0.0,0.0,0.0,0.0,0.0,0.0,0.0,0.0,0.0,0.0,0.0,0.0,0.0,0.0,0.0,0.0,0.0,0.0,0.0,0.0,0.0,0.0,0.0,0.0,0.0,0.0,0.00233,0.0,0.0,0.0,0.0,0.0,0.0,0.0,0.0,0.0,0.0,0.0,0.0,0.0,0.0,0.0,0.0,0.0,0.0,0.0,0.0,0.0,0.0,0.0,0.0,0.0,0.0,0.07291,0.0,0.0,0.0,0.0,0.0,0.0,0.0,0.0,0.0,0.0,0.0,0.0,0.0,0.0,0.0,0.0,0.0,0.0,0.0,0.0,0.01667,0.00389,0.00057,0.0,0.0,0.0,0.0,0.0,0.0,0.0,0.0,0.0,0.0,0.0,0.0,0.0,0.0,0.0,0.0,0.0,0.0,0.0,0.0,0.0,0.0,0.0,0.0,0.0,0.0,0.0,0.0,0.0,0.0,0.0,0.0,0.0,0.0,0.0,0.0,0.0,0.0,0.0,0.0,0.0,0.0,0.0,0.0,0.0,0.0,0.0,0.0,0.0
CRR1090699,1,0.00481,4.412170000000001,1.36688,0.00299,64.37304999999995,0.1245,0.0,0.224,0.8293200000000002,0.85495,3.6354800000000003,13.77556,0.0,0.00708,0.11383,0.0,0.04141,0.09628,0.02484,0.0,0.058850000000000006,0.0,0.00805,0.01994,0.0,0.14702,0.0086,0.0,0.037239999999999995,0.0,0.0,0.0,0.0,0.0,0.12168,0.0,0.51833,0.0,0.0,0.0,0.06455,0.0,0.0,0.06051,0.0,0.07787000000000001,0.0,0.0,0.01107,0.0,0.0,0.22206,0.59527,0.0,0.0,0.0,0.02629,0.0,0.00708,0.0,0.0,0.06792,0.0,0.29948,0.0,0.0,0.0,0.0,0.35177,0.0,0.0,0.0,0.0,0.0,0.00653,0.0033,0.02727,0.02328,0.00824,0.07464,1.52243,0.0,0.08329,0.02123,0.0,0.0022,0.0,0.0,0.0,0.11669,0.0,0.0,0.0,0.0,0.0,0.0,0.0,0.0,0.0,0.0173,0.00571,0.0,0.00144,0.0,0.0,0.0,0.0,0.0,0.0,0.0,0.0,0.0,0.0,0.0,0.0,0.0,0.63537,0.0,0.0,0.02808,0.0,0.0,0.06539,0.0,0.0,0.0,0.0,0.18732,0.0,0.0,0.0,0.0,0.0,0.0,0.37251,0.0,0.0,0.0,0.0,0.0,0.0,0.0,0.0,0.0,0.0,0.0,0.0,0.0,0.0,0.0,0.0,0.0,2.54888,0.0,0.0,0.0,0.0,0.0,0.0,0.0,0.0,0.0,0.0,0.0,0.0,0.0,0.0,0.0,0.0,0.0,0.0,0.0,0.0,0.0,0.0,0.08189,0.0,0.0,0.0,0.0,0.0,0.0,0.0,0.0,0.0,0.0,0.0,0.0,0.0,0.0,1.56241,0.0,0.0,0.0,0.0,0.0,0.01386,0.0,0.0,0.0,0.0,0.0,0.0,0.0,0.0,0.0,0.0,0.0,0.0,0.0,0.0,0.0,0.0,0.0,0.0,0.0,0.0,0.0,0.0,0.0,0.0,0.0,0.0,0.0,0.0,0.0,0.0,0.0,0.0,0.0,0.0,0.0,0.0,0.0,0.0,0.0,0.0,0.0,0.0,0.0,0.0,0.0,0.0,0.0,0.0,0.0,0.0,0.0,0.0,0.0,0.0,0.0,0.0
CRR1090658,1,0.0,26.780009999999997,2.6000400000000004,0.0,44.981120000000004,1.0186,0.0,0.97256,9.202760000000001,0.20503,0.28672000000000003,1.6920099999999998,0.0,0.0,6.731,0.0,0.00526,0.0,0.0,0.0,0.6346400000000001,0.0,0.0,0.0,1.59576,0.7627800000000001,0.0,0.0,0.0,0.0,0.0,0.0,0.0,0.0,0.0,0.0,0.0,0.0,0.0,0.0,0.0,0.0,0.0,0.0,0.0,0.0,0.0,0.0,0.12089,0.0,0.0,2.16676,0.0,0.0,0.0,0.0,0.0,0.0,0.0,0.0,0.0,0.0,0.0,0.0,0.15718,0.0,0.0,0.0,0.0,0.0,0.0,0.0004,0.0,0.006149999999999999,0.00816,0.05425,0.0,0.01722,0.0,0.0,0.0,0.0,0.0,0.0,0.0,0.0,0.0,0.0,0.0,0.0,0.0,0.0,0.0,0.0,0.0,0.0,0.0,0.0,0.0,0.0,0.0,0.0,0.0,0.0,0.0,0.0,0.0,0.0,0.0,0.0,0.0,0.0,0.0,0.0,0.0,0.0,0.0,0.0,0.0,0.0,0.0,0.0,0.0,0.0,0.0,0.0,0.0,0.0,0.0,0.0,0.0,0.0,0.0,0.0,0.0,0.0,0.0,0.0,0.0,0.0,0.0,0.0,0.0,0.0,0.0,0.0,0.0,0.0,0.0,0.0,0.0,0.0,0.0,0.0,0.0,0.0,0.0,0.0,0.0,0.0,0.0,0.0,0.0,0.0,0.0,0.0,0.0,0.0,0.0,0.0,0.0,0.0,0.0,0.0,0.0,0.0,0.0,0.0,0.0,0.0,0.0,0.0,0.0,0.0,0.0,0.0,0.0,0.0,0.0,0.0,0.0,0.0,0.0,0.0,0.0,0.0,0.00064,0.0,0.0,0.0,0.0,0.0,0.0,0.0,0.0,0.0,0.0,0.0,0.0,0.0,0.0,0.0,0.0,0.0,0.0,0.0,0.0,0.0,0.0,0.0,0.0,0.0,0.0,0.0,0.0,0.0,0.0,0.0,0.0,0.0,0.0,0.0,0.0,0.0,0.0,0.0,0.0,0.0,0.0,0.0,0.0,0.0,0.0,0.0,0.0,0.0,0.0,0.0,0.0,0.0,0.0,0.0,0.0
CRR1090672,1,0.0,58.099500000000006,0.00102,0.0,35.24459000000004,0.05944,0.0,0.30624,0.00497,0.06935,0.37422,0.35087,0.0,0.0,0.6621,0.0,0.00533,0.0,0.0,0.0,0.02354,0.0,0.0,0.0,0.0,0.03437,0.0,0.0,0.80002,0.05748,0.0,0.548,0.0,0.0,0.0,0.0,0.0,0.0,0.0,0.00416,0.0,0.0,0.0,0.02401,0.0,0.00676,0.0,0.02637,0.00035,0.01571,0.0,2.65423,0.00339,0.04435,0.0,0.0,0.00761,0.0,0.0,0.0,0.0,0.00378,0.0,0.0,0.07561,0.0,0.0,0.08613,0.0,0.0,0.0,0.0,0.0,0.0,0.0,0.0,0.33387,0.0,0.0,0.0,0.0,0.0,0.0,0.0,0.0,0.0,0.0,0.0,0.0,0.0,0.0,0.0,0.0,0.0,0.0,0.0,0.0,0.0,0.0,0.0,0.0,0.0,0.0,0.0,0.01532,0.0,0.0,0.0,0.0,0.0,0.0,0.0,0.0,0.0,0.0,0.0,0.0,0.0,0.0,0.0,0.0,0.0,0.0,0.0,0.0,0.0,0.0,0.0551,0.0,0.0,0.0,0.0,0.0,0.0,0.0,0.0,0.0,0.0,0.0,0.0,0.0,0.0,0.0,0.0,0.0,0.0,0.0,0.0,0.0,0.0,0.0,0.0,0.0,0.0,0.0,0.0,0.0,0.0,0.0,0.0,0.0,0.0,0.0,0.0,0.0,0.0,0.0,0.0,0.0,0.0,0.0,0.0,0.0,0.0,0.0,0.0,0.0,0.0,0.0,0.0,0.0,0.0,0.0,0.0,0.0,0.0,0.0,0.0,0.0,0.0,0.0,0.0,0.0,0.0,0.0,0.0,0.0,0.0,0.0,0.0,0.0,0.0,0.0,0.0,0.00222,0.0,0.0,0.0,0.0,0.0,0.0,0.0,0.0,0.0,0.0,0.0,0.0,0.0,0.0,0.0,0.0,0.0,0.0,0.0,0.0,0.0,0.0,0.0,0.0,0.0,0.0,0.0,0.0,0.0,0.0,0.0,0.0,0.0,0.0,0.0,0.0,0.0,0.0,0.0,0.0,0.0,0.0,0.0,0.0,0.0,0.0,0.0,0.0
CRR1090675,0,0.0,49.97202999999999,0.00352,0.0,33.060419999999986,4.14397,0.0,0.14428,0.00033,0.25954,0.16094,0.04369,0.0,0.0,7.10533,0.0,0.00192,0.0,0.0,0.0,0.01386,0.0,0.00119,0.0,0.0,0.0,0.0,0.0,0.29645,0.0,0.0,0.0,0.0,0.0,2.82797,0.0,0.0,0.0,0.0,0.29358,0.0,0.0,0.0,0.01472,0.0,0.01139,0.0,0.00522,0.00787,0.0,0.0,0.00802,0.43013,0.02012,0.0298,0.0,0.0,0.00552,0.0,0.0,0.0,0.0,0.0,0.0,0.34465,0.0,0.0,0.00148,0.0,0.0,0.0,0.0,0.00147,0.0,0.0,0.0,0.0,0.0,0.0,0.0,0.0,0.0,0.0,0.0,0.0,0.0,0.0,0.0,0.0,0.0,0.0,0.0,0.0,0.0,0.0,0.0,0.0,0.0,0.0,0.0,0.00496,0.0,0.0,0.0,0.0,0.0,0.0,0.0,0.0,0.0,0.0,0.21734,0.0,0.0,0.0,0.0,0.0,0.0,0.0,0.0,0.0,0.0,0.0,0.0,0.0,0.0,0.02651,0.05843,0.0,0.0,0.0,0.0,0.0,0.0,0.0,0.0,0.0,0.0,0.0,0.0,0.0,0.0,0.0,0.0,0.0,0.0,0.0,0.0,0.0,0.0,0.0,0.0,0.0,0.0,0.0,0.0,0.0,0.0,0.0,0.0,0.0,0.0,0.0,0.0,0.0,0.0,0.0,0.0,0.0,0.0,0.0,0.0,0.48337,0.0,0.0,0.0,0.0,0.0,0.0,0.0,0.0,0.0,0.0,0.0,0.0,0.0,0.0,0.0,0.0,0.0,0.0,0.0,0.0,0.0,0.0,0.0,0.0,0.0,0.0,0.0,0.0,0.0,0.0,0.0,0.0,0.0,0.0,0.0,0.0,0.0,0.0,0.0,0.0,0.0,0.0,0.0,0.0,0.0,0.0,0.0,0.0,0.0,0.0,0.0,0.0,0.0,0.0,0.0,0.0,0.0,0.0,0.0,0.0,0.0,0.0,0.0,0.0,0.0,0.0,0.0,0.0,0.0,0.0,0.0,0.0,0.0,0.0,0.0,0.0,0.0,0.0,0.0,0.0
CRR1090716,1,0.0,6.640760000000001,0.00485,0.0,68.36661,0.19883,0.0,0.15829,16.50704,1.84488,1.13587,0.62937,0.0,0.0,0.0,0.0,0.01649,0.0,0.0,0.0,0.13935,0.0,0.0,0.0,0.0,0.09475,0.0,0.0,0.14764999999999998,0.0,0.0,0.0,0.0,0.0,0.0,0.0,0.0,0.0,0.0,0.0,0.0,0.0,0.0,0.0,0.0,0.0,0.0,0.0,0.0,0.0,0.0,0.00938,0.0,0.0,0.0,0.0,0.0,0.0,0.0,0.0,0.0,0.0,0.0,0.28842,0.07216,0.0,0.0,0.68251,0.0,0.0,0.0,0.0,0.0,0.0516,2.8827000000000003,0.0055,0.0,0.10098,0.0,0.0,0.0,0.0,0.0,0.01951,0.0,0.0,0.0,0.0,0.0,0.0,0.0,0.0,0.0,0.0,0.0,0.0,0.0,0.0,0.0,0.0,0.0,0.0,0.0,0.0,0.0,0.0,0.0,0.0,0.0,0.0,0.0,0.0,0.0,0.0,0.0,0.0,0.0,0.0,0.0,0.0,0.0,0.0,0.0,0.0,0.0,0.0,0.0,0.0,0.0,0.0,0.0,0.0,0.0,0.0,0.0,0.0,0.0,0.0,0.0,0.0,0.0,0.0,0.0,0.0,0.0,0.0,0.0,0.0,0.0,0.0,0.0,0.0,0.0,0.00246,0.0,0.0,0.0,0.0,0.0,0.0,0.0,0.0,0.0,0.0,0.0,0.0,0.0,0.0,0.0,0.0,0.0,0.0,0.0,0.0,0.0,0.0,0.0,0.0,0.0,0.0,0.0,0.0,0.0,0.0,0.0,0.0,0.0,0.0,0.0,0.0,0.0,0.0,0.0,0.0,0.0,0.0,0.0,0.0,0.0,0.0,0.0,0.0,0.0,0.0,0.0,0.0,0.0,0.0,0.0,0.0,0.0,0.0,0.0,0.0,0.0,0.0,0.0,0.0,0.0,0.0,0.0,0.0,0.0,0.0,0.0,0.0,0.0,0.0,0.0,0.0,0.0,0.0,0.0,0.0,0.0,0.0,0.0,0.0,0.0,0.0,0.0,0.0,0.0,0.0,0.0,0.0,0.0,0.0,0.0,0.0,0.0,0.0,0.0
CRR1012754,1,0.11753,15.708990000000002,0.16068,0.0,30.560930000000006,0.88324,0.0,0.38228,1.8800199999999998,1.52001,0.23259,29.367019999999997,0.0,0.0,0.0,0.0,0.00164,0.0,0.0,0.0,0.0,0.0,0.00998,0.0,0.0,0.0,0.0,0.0,0.11084,0.33542,2.29398,0.75126,0.0,0.78189,0.84659,0.0,0.09461,0.0,0.0,0.0105,0.0,0.0,0.0,0.0,0.0,0.04273,0.0,0.04162,0.01603,0.00794,0.0,2.24017,5.41077,0.01244,0.21507,1.13297,0.0,0.00615,0.0,0.02062,0.0,0.04092,0.0,2.27317,0.16067,0.0,0.0,0.0,1.78672,0.0,0.0,0.0,0.00392,0.0,0.0,0.0,0.0,0.0,0.0,0.02124,0.0,0.0,0.0,0.0,0.0,0.0,0.0,0.0,0.0,0.0,0.0,0.0,0.0,0.0,0.0,0.0,0.0,0.0,0.0,0.01025,0.0,0.0,0.00208,0.0,0.0,0.0,0.0,0.0,0.0,0.37179999999999996,0.0,0.0,0.0,0.0,0.0,0.0,0.0,0.0,0.0,0.0,0.0,0.05873,0.0,0.0,0.0,0.0,0.0,0.0,0.0,0.01684,0.0,0.0,0.0,0.0,0.0,0.0,0.0,0.0,0.0,0.0,0.0,0.0,0.0,0.0,0.0,0.0,0.0,0.0,0.0,0.0,0.0,0.0,0.0,0.0,0.0,0.00616,0.0,0.0,0.0,0.0,0.0,0.0,0.0,0.0,0.0,0.0,0.0,0.0,0.0,0.0,0.03769,0.0,0.0,0.0,0.0,0.0,0.0,0.0,0.0,0.0,0.00353,0.0,0.0,0.0,0.0,0.0,0.0,0.0,0.0,0.00547,0.0,0.0,0.0,0.0,0.0,0.0,0.00152,0.00274,0.0,0.0,0.0,0.0,0.0,0.0,0.0,0.0,0.0,0.0,0.0,0.0,0.0,0.0,0.0,0.0,0.0,0.0,0.0,0.0,0.0,0.0,0.0,0.0,0.0,0.0,0.0,0.0,0.0,0.0,0.0,0.0,0.0,0.0,0.0,0.0,0.0,0.0,0.0,0.0,0.0,0.0,0.0,0.0,0.0,0.0,0.0,0.0,0.0,0.0,0.0,0.0,0.0,0.0,0.0
CRR1090709,1,0.0,3.3887799999999997,1.47186,0.00117,55.44938,0.04534,0.0,0.00604,1.4121400000000002,0.13011999999999999,3.5285599999999997,27.11033,0.0,0.00949,2.6699,0.0,0.01357,0.02764,0.0,0.0,0.00841,0.0,0.00018,0.0,0.0,0.03726,0.0,0.0,0.30785,0.00716,0.31205,0.0,0.0,0.0,0.38168,0.0,0.07659,0.0,0.0,0.0,0.0,0.85247,0.0,0.00259,0.0,0.0,0.0,0.0,0.0,0.00064,0.0,0.07884,0.35242,0.00343,0.00505,0.06483,0.05238,0.00413,0.0,0.0,0.0,0.0,0.0,0.00086,0.0,0.0,0.0,0.0,0.01546,0.0,0.0,0.0,0.0,0.01954,0.00388,0.0,1.29745,0.04283,0.0,0.01661,0.0,0.0,0.04007,0.0,0.0,0.0,0.01239,0.0,0.0,0.41094,0.0,0.0,0.0,0.0,0.0,0.0,0.19601,0.0,0.0,0.0,0.0,0.0,0.0,0.0,0.0,0.0,0.0,0.0,0.0,0.0,0.0,0.0,0.0,0.0,0.0,0.0,0.0,0.0,0.0,0.0,0.0,0.0,0.0,0.0,0.0,0.0,0.0,0.0,0.0,0.0,0.0,0.0,0.0,0.0,0.03562,0.0,0.0,0.0,0.0,0.0,0.0,0.0,0.0,0.0,0.0,0.0,0.0,0.09549,0.0,0.0,0.00058,0.0,0.0,0.0,0.0,0.0,0.0,0.0,0.0,0.0,0.0,0.0,0.0,0.0,0.0,0.0,0.0,0.0,0.0,0.0,0.0,0.0,0.0,0.0,0.0,0.0,0.0,0.0,0.0,0.0,0.0,0.0,0.0,0.0,0.0,0.0,0.0,0.0,0.0,0.0,0.0,0.0,0.0,0.0,0.0,0.0,0.0,0.0,0.0,0.0,0.0,0.0,0.0,0.0,0.0,0.0,0.0,0.0,0.0,0.0,0.0,0.0,0.0,0.0,0.0,0.0,0.0,0.0,0.0,0.0,0.0,0.0,0.0,0.0,0.0,0.0,0.0,0.0,0.0,0.0,0.0,0.0,0.0,0.0,0.0,0.0,0.0,0.0,0.0,0.0,0.0,0.0,0.0,0.0,0.0,0.0,0.0,0.0,0.0,0.0,0.0,0.0,0.0
CRR1090652,1,0.0,38.10459999999999,0.02817,0.0,42.56038000000001,3.28542,0.60472,1.78954,0.16688,1.4843,0.5142100000000001,0.0069,0.0,0.0,0.63209,0.0,0.0,0.0,0.0,0.0,0.03705,0.0,0.01598,0.0,0.0,0.00812,0.0,0.0,0.53204,0.09445,0.0,0.0,0.0,0.0,0.0,0.0,0.0,0.0,0.0,0.21285,0.00024,0.0,0.0,0.0,0.0,0.15551,0.0,0.0,0.11273,0.0,0.0,0.00195,0.0,0.03483,0.0,0.0,0.0,0.00405,0.02606,0.23537,0.0,0.2405,0.0,8.16919,0.21726,0.0,0.0,0.21102,0.0,0.0,0.0,0.0,0.0,0.0,0.0,0.01011,0.0,0.0,0.0,0.0,0.0,0.0,0.0,0.0,0.0,0.0,0.0,0.0,0.0,0.0,0.0,0.0,0.0,0.0,0.0,0.0,0.0,0.0,0.0,0.0,0.00328,0.0,0.0,0.0,0.0,0.36658,0.0,0.0,0.0,0.0,0.0,0.0,0.0,0.0,0.0,0.0,0.0,0.0,0.0,0.0,0.0,0.0,0.0,0.0,0.0,0.0,0.0,0.0,0.0,0.0,0.0,0.0004,0.0,0.0,0.0,0.11342,0.0,0.0,0.0,0.0,0.0,0.0,0.0,0.0,0.0,0.0,0.0,0.0,0.0,0.0,0.0,0.0,0.0,0.0,0.0,0.0,0.0,0.0,0.0,0.0,0.01981,0.0,0.0,0.0,0.0,0.0,0.0,0.0,0.0,0.0,0.0,0.0,0.0,0.0,0.0,0.0,0.0,0.0,0.0,0.0,0.0,0.0,0.0,0.0,0.0,0.0,0.0,0.0,0.0,0.0,0.0,0.0,0.0,0.0,0.0,0.0,0.0,0.0,0.0,0.0,0.0,0.0,0.0,0.0,0.0,0.0,0.0,0.0,0.0,0.0,0.0,0.0,0.0,0.0,0.0,0.0,0.0,0.0,0.0,0.0,0.0,0.0,0.0,0.0,0.0,0.0,0.0,0.0,0.0,0.0,0.0,0.0,0.0,0.0,0.0,0.0,0.0,0.0,0.0,0.0,0.0,0.0,0.0,0.0,0.0,0.0,0.0,0.0,0.0,0.0,0.0,0.0,0.0
CRR1090707,1,0.00422,36.26567,1.9807799999999998,0.00219,40.28181000000001,0.22108,0.0,0.06684,0.17751999999999998,0.7872999999999999,0.7893600000000001,2.3360100000000004,0.0,0.00416,0.08274999999999999,0.0,0.00091,0.0,0.0,0.0,0.00888,0.0,0.00483,0.00928,0.0,0.01581,0.0,0.0,0.08535000000000001,0.0,3.04815,0.0,0.0,0.80403,3.58107,0.0,0.0,0.0,0.0,0.0,0.0,0.0053,0.0,0.0,0.00885,0.024030000000000003,0.0,0.0,0.0,0.0,0.0,0.00177,0.06,0.0083,0.00683,0.36883,0.00903,0.00269,0.0,0.0,0.01127,0.00587,0.0,0.02223,0.03409,0.0,0.0,0.08834,0.0,0.0,0.33859,0.0,0.0,0.00666,0.0,0.0,5.26346,0.01444,0.01069,0.0,0.0,0.0,0.0,0.0,0.0,0.00259,0.01992,0.0,0.0,0.0,0.0,0.0,0.0,0.0,0.0,0.0,1.75784,0.0,0.0,0.0,0.0,0.0,0.0,0.0,0.0,0.38903,0.0,0.894,0.0,0.0,0.0,0.0,0.0,0.0,0.0,0.0,0.0,0.0,0.0,0.0,0.0,0.0,0.0,0.0,0.0,0.0,0.0,0.0,0.0,0.0,0.0,0.0,0.0,0.0,0.0,0.0,0.0,0.0,0.0,0.0,0.0,0.0,0.0,0.0,0.0,0.0,0.0,0.0,0.0,0.0,0.0,0.0,0.08559,0.0,0.0,0.0,0.0,0.0,0.0,0.0,0.0,0.0,0.0,0.0,0.0,0.0,0.0,0.0,0.0,0.0,0.0,0.0,0.0,0.0,0.0,0.0,0.0,0.0,0.0,0.0,0.0,0.0,0.0,0.0,0.0,0.0,0.0,0.0,0.0,0.0,0.0,0.0,0.0,0.0,0.0,0.0,0.0,0.0,0.0,0.0,0.0,0.0,0.0,0.0,0.0,0.00171,0.0,0.0,0.0,0.0,0.0,0.0,0.0,0.0,0.0,0.0,0.0,0.0,0.0,0.0,0.0,0.0,0.0,0.0,0.0,0.0,0.0,0.0,0.0,0.0,0.0,0.0,0.0,0.0,0.0,0.0,0.0,0.0,0.0,0.0,0.0,0.0,0.0,0.0,0.0,0.0,0.0,0.0,0.0,0.0,0.0,0.0,0.0
CRR1090729,0,0.0,81.28296000000003,0.17725,0.0,11.701660000000002,0.1892,0.0,0.010190000000000001,0.23477,0.014879999999999999,1.26067,1.76873,0.0,0.0,0.40486,0.0,0.0,0.0,0.0,0.0,0.02084,0.0,0.0,0.0,0.0,0.00567,0.0,0.0,0.07638999999999999,0.00089,0.0,0.0,0.0,0.0,0.0,0.0,0.0,0.0,0.0,0.0,0.0,0.0,0.0,0.03004,0.0,0.0,0.0,0.0,0.00049,0.0,0.0,0.0008,0.0,0.01614,0.0,0.07007,0.0,0.0,0.0,0.0,0.0,0.0,0.0,0.00197,0.01331,0.0,0.0,0.0,0.0,0.0,0.0,0.0,0.0,0.0,0.30377,0.0,1.83595,0.0,0.0,0.0,0.0,0.0,0.0,0.0,0.0,0.0,0.0,0.0,0.0,0.0,0.0,0.0,0.0,0.0,0.0,0.0,0.12438,0.0,0.0,0.0,0.0,0.0,0.0,0.0,0.0,0.0,0.0,0.04164,0.0,0.0,0.0,0.0,0.0,0.0,0.0,0.0,0.0,0.0,0.0,0.0,0.0,0.0,0.0,0.0,0.0,0.0,0.0,0.0,0.0,0.0,0.0,0.0,0.0,0.0,0.0,0.0,0.0,0.0,0.0,0.0,0.0,0.0,0.0,0.0,0.0,0.0,0.0,0.0,0.0,0.0,0.0,0.0,0.0,0.0,0.0,0.0,0.0,0.0,0.0,0.0,0.0,0.0,0.0,0.0,0.0,0.0,0.0,0.0,0.0,0.0,0.0,0.0,0.0,0.0,0.0,0.0,0.0,0.0,0.0,0.0,0.0,0.0,0.0,0.0,0.0,0.0,0.0,0.0,0.0,0.0,0.0,0.0,0.0,0.0,0.0,0.0,0.0,0.0,0.0,0.0,0.4125,0.0,0.0,0.0,0.0,0.0,0.0,0.0,0.0,0.0,0.0,0.0,0.0,0.0,0.0,0.0,0.0,0.0,0.0,0.0,0.0,0.0,0.0,0.0,0.0,0.0,0.0,0.0,0.0,0.0,0.0,0.0,0.0,0.0,0.0,0.0,0.0,0.0,0.0,0.0,0.0,0.0,0.0,0.0,0.0,0.0,0.0,0.0,0.0,0.0,0.0,0.0,0.0
CRR1090662,0,0.0,35.06107000000001,0.26252,0.0,49.56699000000003,2.41098,0.0,0.20839,0.37637000000000004,0.14724,0.09003,0.00306,0.0,0.0,1.11044,0.0,0.0,0.0,0.0,0.0,0.0007,0.0,0.0,0.0,0.0,0.00631,0.0,0.0,0.70371,0.0,0.0,1.01028,0.0,0.0,0.0,0.0,0.0,0.0,0.0,0.0,0.0,0.02333,0.0,0.00773,0.0,0.0,0.0,0.01588,0.15078,0.01217,0.0,0.07794,0.00333,0.02635,0.0,0.0,0.03795,0.00842,0.0,0.0,0.0,0.0,0.0,0.25305,0.18984,0.0,0.0,0.05662,0.0,0.0,0.0,0.0,0.0,0.0,0.0,0.0,7.93168,0.00071,0.0,0.0,0.0,0.0,0.0,0.0,0.0,0.0,0.0,0.0,0.0,0.0,0.1847,0.0,0.0,0.04416,0.0,0.0,0.0,0.0,0.0,0.0,0.0,0.0,0.0,0.0,0.0,0.0,0.0,0.0,0.0,0.0,0.0,0.0,0.0,0.0,0.0,0.0,0.0,0.0,0.0,0.0,0.0,0.0,0.0,0.0,0.0,0.0,0.0,0.0,0.0,0.0,0.00275,0.0,0.0,0.0,0.0,0.0,0.0,0.0,0.0,0.0,0.0,0.0,0.01009,0.0,0.0,0.0,0.0,0.0,0.0,0.0,0.0,0.0,0.0,0.0,0.0,0.0,0.0,0.0,0.0,0.0,0.0,0.0,0.0,0.0,0.0,0.0,0.0,0.0,0.0,0.0,0.0,0.0,0.0,0.0,0.0,0.0,0.0,0.0,0.0,0.0,0.0,0.0,0.0,0.0,0.0,0.0,0.0,0.0,0.0,0.0,0.0,0.0,0.0,0.0,0.0,0.0,0.00446,0.0,0.0,0.0,0.0,0.0,0.0,0.0,0.0,0.0,0.0,0.0,0.0,0.0,0.0,0.0,0.0,0.0,0.0,0.0,0.0,0.0,0.0,0.0,0.0,0.0,0.0,0.0,0.0,0.0,0.0,0.0,0.0,0.0,0.0,0.0,0.0,0.0,0.0,0.0,0.0,0.0,0.0,0.0,0.0,0.0,0.0,0.0,0.0,0.0,0.0,0.0,0.0,0.0,0.0,0.0,0.0
CRR1090712,0,0.0,5.91635,0.0,0.0,25.00761,0.0,0.0,0.0,1.80932,3.0780999999999996,2.7265699999999997,4.722969999999999,0.0,0.0,23.98475,0.0,0.0,0.0,0.0,0.0,0.14197,0.0,0.0,0.0,0.0,0.02029,0.0,0.00815,0.0,0.0,0.0,0.0,0.0,0.0,0.0,0.0,0.0,0.0,0.0,0.0,0.0,0.0,0.0,0.0,0.0,0.0,0.0,0.0,0.09603,0.0,0.0,4.07989,0.0,0.0,0.0,0.0,0.0,0.0,0.0,0.0,0.0,0.0,0.0,28.09676,0.31121,0.0,0.0,0.0,0.0,0.0,0.0,0.0,0.0,0.0,0.0,0.0,0.0,0.0,0.0,0.0,0.0,0.0,0.0,0.0,0.0,0.0,0.0,0.0,0.0,0.0,0.0,0.0,0.0,0.0,0.0,0.0,0.0,0.0,0.0,0.0,0.0,0.0,0.0,0.0,0.0,0.0,0.0,0.0,0.0,0.0,0.0,0.0,0.0,0.0,0.0,0.0,0.0,0.0,0.0,0.0,0.0,0.0,0.0,0.0,0.0,0.0,0.0,0.0,0.0,0.0,0.0,0.0,0.0,0.0,0.0,0.0,0.0,0.0,0.0,0.0,0.0,0.0,0.0,0.0,0.0,0.0,0.0,0.0,0.0,0.0,0.0,0.0,0.0,0.0,0.0,0.0,0.0,0.0,0.0,0.0,0.0,0.0,0.0,0.0,0.0,0.0,0.0,0.0,0.0,0.0,0.0,0.0,0.0,0.0,0.0,0.0,0.0,0.0,0.0,0.0,0.0,0.0,0.0,0.0,0.0,0.0,0.0,0.0,0.0,0.0,0.0,0.0,0.0,0.0,0.0,0.0,0.0,0.0,0.0,0.0,0.0,0.0,0.0,0.0,0.0,0.0,0.0,0.0,0.0,0.0,0.0,0.0,0.0,0.0,0.0,0.0,0.0,0.0,0.0,0.0,0.0,0.0,0.0,0.0,0.0,0.0,0.0,0.0,0.0,0.0,0.0,0.0,0.0,0.0,0.0,0.0,0.0,0.0,0.0,0.0,0.0,0.0,0.0,0.0,0.0,0.0,0.0,0.0,0.0,0.0,0.0,0.0,0.0
CRR1090703,0,0.01302,2.3683800000000006,0.49666000000000005,0.0,28.86063,0.12176,0.0,0.369,0.8240199999999999,0.41633,2.3177000000000003,0.55944,0.0,0.0,0.0193,0.0,0.07561,0.0,0.0,0.0,0.2937599999999999,0.00656,0.0,0.0,0.0,0.12433,0.0,0.00139,0.07084,0.0,0.0,0.0,0.0,0.0,0.0,0.0,0.0,0.0,0.0,0.0,0.0,0.0,0.0,0.0,0.0,0.0,0.0,0.0,0.02582,0.0,0.0,0.00358,0.0,0.00827,0.0,0.0,0.0,0.04261,0.0,0.0,0.0,0.02138,0.0,0.0,0.00771,0.0,0.0,0.11776,0.0,0.0,0.0,0.0082,0.0,0.00873,62.7656,0.00241,0.0,0.045040000000000004,0.0,0.0,0.0,0.0,0.0,0.0,0.0,0.0,0.0,0.0,0.0,0.0,0.0,0.0,0.0,0.0,0.0,0.0,0.0,0.0,0.0,0.0,0.0,0.0,0.0,0.0,0.0,0.0,0.0,0.0,0.0,0.0,0.0,0.0,0.0,0.0,0.0,0.0,0.0,0.0,0.0,0.0,0.0,0.0,0.0,0.0,0.0,0.0,0.0,0.0,0.0,0.0,0.00384,0.0,0.0,0.0,0.0,0.0,0.0,0.0,0.0,0.0,0.0,0.0,0.0,0.0,0.0,0.0,0.0,0.0,0.0,0.0,0.0,0.0,0.0,0.0,0.0,0.0,0.0,0.0,0.0,0.0,0.0,0.0,0.0,0.0,0.0,0.0,0.0,0.0,0.0,0.0,0.0,0.0,0.0,0.0,0.0,0.0,0.0,0.0,0.0,0.0,0.0,0.0,0.0,0.0,0.0,0.0,0.0,0.0,0.0,0.0,0.0,0.0,0.0,0.0,0.0,0.0,0.0,0.0,0.0,0.0,0.0,0.0,0.0,0.0,0.0,0.0,0.00038,0.0,0.0,0.0,0.0,0.0,0.0,0.0,0.0,0.0,0.0,0.0,0.0,0.0,0.0,0.0,0.0,0.0,0.0,0.0,0.0,0.0,0.0,0.0,0.0,0.0,0.0,0.0,0.0,0.0,0.0,0.0,0.0,0.0,0.0,0.0,0.0,0.0,0.0,0.0,0.0,0.0,0.0,0.0,0.0,0.0,0.0
CRR1090718,1,0.0,3.7433499999999995,0.046490000000000004,0.0,77.02122999999997,0.03021,0.0,0.0,0.5435999999999999,1.04535,1.62282,4.896129999999999,0.0,0.00812,9.92403,0.0,0.00212,0.0,0.0,0.0,0.16401,0.0022,0.0,0.0,0.00889,0.30774,0.0,0.0,0.0,0.0,0.0,0.0,0.0,0.0,0.0,0.0,0.0,0.0,0.0,0.0,0.0,0.01059,0.0,0.0,0.0,0.0,0.0,0.0,0.0,0.0,0.0,0.05484,0.0,0.02228,0.0,0.0,0.0,0.03231,0.0,0.0,0.0,0.0,0.0,0.0,0.00312,0.0,0.0,0.49314,0.0,0.0,0.0,0.0,0.0,0.00044,0.0,0.0,0.0,0.01666,0.0,0.0,0.0,0.0,0.0,0.0,0.0,0.0,0.0,0.0,0.0,0.0,0.0,0.0,0.0,0.0,0.0,0.0,0.0,0.0,0.0,0.0,0.0,0.0,0.0,0.0,0.0,0.0,0.0,0.0,0.0,0.0,0.0,0.0,0.0,0.0,0.0,0.0,0.0,0.0,0.0,0.0,0.0,0.0,0.0,0.0,0.0,0.0,0.0,0.0,0.0,0.0,0.0,0.0,0.0,0.00039,0.0,0.0,0.0,0.0,0.0,0.0,0.0,0.0,0.0,0.0,0.0,0.0,0.0,0.0,0.0,0.0,0.0,0.0,0.0,0.0,0.0,0.0,0.0,0.0,0.0,0.0,0.0,0.0,0.0,0.0,0.0,0.0,0.0,0.0,0.0,0.0,0.0,0.0,0.0,0.0,0.0,0.0,0.0,0.0,0.0,0.0,0.0,0.0,0.0,0.0,0.0,0.0,0.0,0.0,0.0,0.0,0.0,0.0,0.0,0.0,0.0,0.0,0.0,0.0,0.0,0.0,0.0,0.0,0.0,0.0,0.0,0.0,0.0,0.0,0.0,0.0,0.0,0.0,0.0,0.0,0.0,0.0,0.0,0.0,0.0,0.0,0.0,0.0,0.0,0.0,0.0,0.0,0.0,0.0,0.0,0.0,0.0,0.0,0.0,0.0,0.0,0.0,0.0,0.0,0.0,0.0,0.0,0.0,0.0,0.0,0.0,0.0,0.0,0.0,0.0,0.0,0.0,0.0,0.0
CRR1090660,1,0.0,20.256339999999998,0.00795,0.0,76.50005000000007,0.84576,0.0,0.13775,0.13113,0.49182,0.18759,0.38666,0.0,0.0,0.0,0.0,0.00015,0.0,0.0,0.0,0.0,0.0,0.0,0.0,0.0,0.0,0.0,0.0,0.0,0.0,0.0,0.0,0.0,0.0,0.26458,0.0,0.0,0.0,0.0,0.0,0.00017,0.00268,0.0,0.0,0.0,0.001,0.0,0.00508,0.03359,0.0,0.0,0.01046,0.0,0.06923,0.0,0.0,0.0,0.0,0.0,0.0,0.0,0.19523,0.0,0.15444,0.24299,0.0,0.0,0.0,0.0,0.0,0.0,0.0,0.0,0.0,0.0,0.0,0.0,0.00276,0.0,0.0,0.0,0.0,0.0,0.0,0.0,0.0,0.0,0.0,0.0,0.0,0.0,0.0,0.0,0.0,0.0,0.0,0.0,0.0,0.0,0.0,0.0,0.0,0.0,0.0,0.0,0.0,0.0,0.0,0.0,0.0,0.0,0.0,0.0,0.0,0.0,0.0,0.0,0.0,0.0,0.0,0.0,0.0,0.0,0.0,0.0,0.0,0.0,0.0,0.0,0.0,0.0,0.0,0.0,0.0,0.0,0.0,0.0,0.0,0.0,0.0,0.0,0.0,0.0,0.0,0.0,0.0,0.0,0.0,0.0,0.0,0.0,0.0,0.0,0.0,0.0,0.0,0.0,0.0,0.0,0.0,0.0,0.00124,0.0,0.0,0.0,0.0,0.0,0.0,0.0,0.0,0.0,0.0,0.0,0.0,0.0,0.0,0.0,0.0,0.0,0.0,0.0,0.0,0.0,0.0,0.0,0.0,0.0,0.0,0.0,0.0,0.0,0.0,0.0,0.0,0.0,0.0,0.0,0.0,0.0,0.0,0.0,0.0,0.0,0.00087,0.0,0.0,0.0,0.07042,0.0,0.0,0.0,0.0,0.0,0.0,0.0,0.0,0.0,0.0,0.0,0.0,0.0,0.0,0.0,0.0,0.0,0.0,0.0,0.0,0.0,0.0,0.0,0.0,0.0,0.0,0.0,0.0,0.0,0.0,0.0,0.0,0.0,0.0,0.0,0.0,0.0,0.0,0.0,0.0,0.0,0.0,0.0,0.0,0.0
CRR1090622,1,0.0,18.47299,0.0,0.0,61.177459999999996,4.4904,0.0,2.53378,0.27841,0.27784,0.10705999999999999,0.02524,0.0,0.0,0.07295,0.00823,0.04901,0.01989,0.0,0.0,0.02754,0.00589,0.01315,0.0,0.0,0.02159,0.0,0.0,0.22063,0.24359,0.25333,0.00847,0.05476,0.00334,2.2921300000000002,0.05275,0.0,0.0,0.0,0.09309,0.00565,0.08896,0.0,0.17072,0.06257,0.00386,0.0,0.00414,0.04868,0.00729,0.0,0.12252,4.5254,0.04287,0.17448,0.0,0.00288,0.01086,0.00994,0.0,0.0,0.0,0.0,0.22771,0.0,0.00772,0.0,0.00687,0.13109,0.00515,0.0,0.0,0.0,0.0,0.0,0.05016,0.05632,0.0,0.0,0.014249999999999999,0.2378,0.01456,0.0,0.13105,0.02005,0.0,0.0,0.0,0.0,0.0,0.0,0.05062,0.0,0.0,0.0,0.0,0.0,0.0,0.0,0.0,0.00026,0.0,0.0,0.0,0.0,0.76306,0.0,0.0,0.0,0.04844,0.00349,0.00507,0.0,0.0,0.0369,0.00572,0.0043,0.0,0.0,0.0,0.0,0.0,0.0,0.0,0.01598,0.0,0.0,0.0,0.0,0.0,0.00878,0.0,0.0,0.0,0.0,0.0,0.0,1.96608,0.0,0.08187,0.0,0.0,0.0,0.0,0.0,0.0,0.0,0.0,0.00219,0.0,0.0,0.0,0.0,0.0,0.0,0.0,0.0,0.00029,0.0,0.0,0.00874,0.0,0.0,0.0,0.0,0.0,0.0,0.0,0.0,0.0,0.0,0.0,0.0,0.0,0.0,0.0,0.0,0.0,0.0,0.0,0.0,0.0,0.0,0.0,0.0,0.0,0.0,0.0,0.0,0.00022,0.0,0.0,0.0,0.0,0.0,0.0,0.0,0.0,0.0,0.0,0.0,0.0,0.0,0.0,0.0,0.0,0.0,0.0,0.00565,0.0052,0.0,0.0,0.0,0.0,0.0,0.0,0.0,0.0,0.0,0.0,0.0,0.0,0.0,0.0,0.0,0.0,0.0,0.0,0.0,0.0,0.0,0.0,0.0,0.0,0.0,0.0,0.0,0.0,0.0,0.0,0.0,0.0,0.0,0.0,0.0,0.0,0.0,0.0,0.0,0.0,0.0,0.0,0.0
CRR1090684,1,0.0,16.956609999999998,0.1726,0.0,52.81638999999999,0.98775,0.0,0.1375,1.34998,0.57584,0.21356000000000003,25.20502,0.0,0.0,0.66848,0.0,0.00375,0.02018,0.0,0.0,0.0178,0.00229,0.0,0.0,0.0,0.00858,0.0,0.0,0.09922,0.0,0.0,0.0,0.0,0.0,0.0,0.0,0.0,0.0,0.0,0.0,0.0,0.00725,0.0,0.01438,0.0,0.0,0.0,0.0,0.08456,0.00683,0.0,0.00861,0.07043,0.00133,0.0,0.0,0.0,0.0,0.0,0.0,0.0,0.0,0.0,0.0,0.0,0.0,0.0,0.0,0.0,0.0,0.00771,0.0,0.0,0.0,0.0,0.0,0.00035,0.04565,0.05334,0.0,0.0,0.0,0.0,0.0,0.0,0.0,0.0,0.0,0.0,0.0,0.32491,0.0,0.0,0.0,0.0,0.0,0.0,0.0,0.0,0.00744,0.0,0.0,0.0,0.0,0.0,0.0,0.0,0.0,0.0,0.0,0.0,0.0,0.0,0.0,0.0,0.0,0.0,0.0,0.0,0.0,0.0,0.0,0.0,0.0,0.0,0.0,0.0,0.0,0.0,0.0,0.0,0.0,0.0,0.0,0.00293,0.0,0.0,0.0,0.0,0.0,0.0,0.0,0.06134,0.0,0.0,0.0,0.0,0.06746,0.0,0.0,0.0,0.0,0.0,0.0,0.0,0.0,0.0,0.0,0.0,0.0,0.0,0.0,0.0,0.0,0.0,0.0,0.0,0.0,0.0,0.0,0.0,0.0,0.0,0.0,0.0,0.0,0.0,0.0,0.0,0.0,0.0,0.0,0.0,0.0,0.0,0.0,0.0,0.0,0.0,0.0,0.0,0.0,0.0,0.0,0.0,0.0,0.0,0.0,0.0,0.0,0.0,0.0,0.0,0.0,0.0,0.0,0.0,0.0,0.0,0.0,0.0,0.0,0.0,0.0,0.0,0.0,0.0,0.0,0.0,0.0,0.0,0.0,0.0,0.0,0.0,0.0,0.0,0.0,0.0,0.0,0.0,0.0,0.0,0.0,0.0,0.0,0.0,0.0,0.0,0.0,0.0,0.0,0.0,0.0,0.0,0.0,0.0,0.0,0.0,0.0,0.0,0.0,0.0
CRR1090673,1,0.0,75.21563999999998,0.03937,0.0,17.113120000000006,1.44114,0.0,0.27849,0.0,0.04136,0.1459,0.25098,0.0,0.0,0.14311000000000001,0.0,0.0,0.0,0.0,0.0,0.0,0.0,0.0,0.0,3.82674,0.0,0.0,0.0,1.2949699999999997,0.0,0.0,0.0,0.0,0.0,0.0,0.0,0.0,0.0,0.0,0.0,0.0,0.0,0.0,0.0,0.0,0.01558,0.0,0.0,0.03244,0.01583,0.0,0.0,0.0,0.03387,0.0,0.0,0.0,0.0,0.0,0.0,0.0,0.0,0.0,0.0,0.07727,0.0,0.0,0.00666,0.0,0.0,0.0,0.0,0.0,0.0,0.01261,0.0,0.00195,0.0,0.0,0.0,0.0,0.0,0.0,0.01247,0.0,0.0,0.0,0.0,0.0,0.0,0.0,0.0,0.0,0.0,0.0,0.0,0.0,0.0,0.0,0.0,0.0,0.0,0.0,0.0,0.0,0.0,0.0,0.0,0.0,0.0,0.0,0.0,0.0,0.0,0.0,0.0,0.0,0.0,0.0,0.0,0.0,0.0,0.0,0.0,0.0,0.0,0.0,0.0,0.0,0.0,0.0,0.0,0.0,0.0,0.0,0.0,0.0,0.0,0.0,0.0,0.0,0.0,0.0,0.0,0.0,0.0,0.0,0.0,0.0,0.0,0.0,0.0,0.0,0.0,0.0,0.0,0.0,0.0,0.0,0.0,0.0,0.0,0.0,0.0,0.00046,0.0,0.0,0.0,0.0,0.0,0.0,0.0,0.0,0.0,0.0,0.0,0.0,0.0,0.0,0.0,0.0,0.0,0.0,0.0,0.0,0.0,0.0,0.0,0.0,0.0,0.0,0.0,0.0,0.0,0.0,0.0,0.0,0.0,0.0,0.0,0.0,0.0,0.0,0.0,0.0,0.0,0.0,0.0,0.0,0.0,0.0,0.0,0.0,0.0,0.0,0.0,0.0,0.0,0.0,0.0,0.0,0.0,0.0,0.0,0.0,0.0,0.0,0.0,0.0,0.0,0.0,0.0,0.0,0.0,0.0,0.0,0.0,0.0,0.0,0.0,0.0,0.0,0.0,0.0,0.0,0.0,0.0,0.0,0.0,0.0,0.0,0.0,0.0
CRR1090720,1,0.0,16.263180000000002,1.43295,0.0,58.839770000000016,0.0,0.0,0.00033,0.61878,0.31806999999999996,0.496,0.68502,0.0,0.0,3.46166,0.0,0.0,0.0,0.0,0.0,0.00776,0.0,0.0,0.0,0.0,0.03592,0.0,0.0,0.0,0.0,0.0,0.0,0.0,0.0,2.5425100000000005,0.0,0.0,0.0,0.0,0.00651,0.0,0.0,0.0,0.01106,0.15621,0.0,0.0,0.0,0.0,0.0,0.0,1.14496,0.03364,0.00263,0.0,0.0,0.0,0.0,0.0,0.0,0.0,0.0,0.0,0.40892,0.0623,0.0,0.46542,0.45352,0.0,0.0,0.0,0.00672,0.0,0.0,0.0,0.0,8.31228,0.0,0.0,0.0,0.0,0.0,0.0,0.0,0.0,0.0,0.0,0.0,0.0,0.0,0.0,0.0,0.0,0.0,0.0,0.0,0.0,0.0,0.0,0.0,0.00818,0.0,0.0,0.0,0.0,3.88017,0.0,0.0,0.0,0.0,0.0,0.0,0.0,0.0,0.0,0.0,0.0,0.0,0.0,0.0,0.0,0.0,0.0,0.0,0.0,0.0,0.0,0.0,0.00521,0.0,0.0,0.0,0.0,0.0,0.0,0.0,0.0,0.0,0.0,0.27693,0.0,0.0,0.0,0.0,0.0,0.0,0.0,0.0,0.0,0.0,0.0,0.0,0.0,0.0,0.0,0.0,0.0,0.0,0.0,0.0,0.0,0.0,0.0,0.0,0.0,0.0,0.0,0.0,0.0,0.0,0.0,0.0,0.0,0.0,0.0,0.0,0.0,0.0,0.0,0.0,0.0,0.0,0.0,0.0,0.0,0.0,0.0,0.0,0.0,0.0,0.0,0.0,0.0,0.0,0.0,0.0,0.0,0.0,0.0,0.0,0.0,0.0,0.0,0.0,0.0,0.0,0.0,0.05209,0.0,0.0,0.01131,0.0,0.0,0.0,0.0,0.0,0.0,0.0,0.0,0.0,0.0,0.0,0.0,0.0,0.0,0.0,0.0,0.0,0.0,0.0,0.0,0.0,0.0,0.0,0.0,0.0,0.0,0.0,0.0,0.0,0.0,0.0,0.0,0.0,0.0,0.0,0.0,0.0,0.0,0.0,0.0,0.0,0.0
CRR1090646,1,0.02066,7.8310900000000006,0.14469,0.0,7.421379999999997,1.37353,0.0,0.06174,0.00148,0.6583600000000001,0.0,34.88489,0.0,0.0,2.8588999999999998,0.0,0.0,0.0,0.0,0.0,0.0,0.0,0.03853,0.0,0.0,0.00171,0.0,0.0,0.27021,0.0,0.0,0.0,0.0,0.0,0.0,0.0,0.0,0.0,0.0,0.01564,0.01792,0.0,0.0,0.0,0.0,0.01524,0.0,0.0007,0.05062,0.0,0.0,0.37107999999999997,1.02344,0.00745,0.0,0.0,0.0,0.0,0.0,0.0,0.0,0.0,0.0,30.253,0.31704,0.0,0.0,0.0,0.0,0.0,0.0,0.0,0.0,0.0,0.0,0.0,12.20161,0.0,0.0,0.0,0.0,0.0,0.0,0.00186,0.0,0.0,0.0,0.0,0.0,0.0,0.0,0.0,0.0,0.0,0.0,0.0,0.0,0.0,0.0,0.0,0.00276,0.0,0.0,0.0,0.0,0.0,0.0,0.0,0.0,0.0,0.0,0.0,0.0,0.0,0.0,0.0,0.0,0.0,0.0,0.024,0.0,0.0,0.0,0.0,0.0,0.0,0.0,0.0,0.0,0.0,0.0,0.0,0.0,0.0,0.0,0.0,0.0,0.11306,0.01121,0.0,0.0,0.0,0.0,0.0,0.0,0.0,0.0,0.0,0.0,0.0,0.0,0.0,0.0,0.0,0.0,0.0,0.0,0.0,0.0,0.0,0.0,0.0,0.0,0.0,0.0,0.0,0.0,0.0,0.0,0.0,0.0,0.0,0.0,0.0,0.0,0.0,0.0,0.0,0.0,0.0,0.0,0.0,0.0,0.0,0.0,0.0,0.0,0.0,0.0,0.0,0.0,0.0,0.0,0.0,0.0,0.0,0.0,0.0,0.0,0.0,0.0,0.0,0.0,0.00621,0.0,0.0,0.0,0.0,0.0,0.0,0.0,0.0,0.0,0.0,0.0,0.0,0.0,0.0,0.0,0.0,0.0,0.0,0.0,0.0,0.0,0.0,0.0,0.0,0.0,0.0,0.0,0.0,0.0,0.0,0.0,0.0,0.0,0.0,0.0,0.0,0.0,0.0,0.0,0.0,0.0,0.0,0.0,0.0,0.0,0.0,0.0,0.0,0.0
CRR1090704,0,0.0,6.0224,0.68063,0.0,36.73536999999998,0.27637,0.0,0.05284,0.4667800000000001,1.0473999999999999,0.80415,1.44336,0.05874,0.0,0.2575,1.07049,0.01944,0.0,0.0,0.0,0.01443,0.0,0.01251,0.0,0.0,0.033560000000000006,0.02819,0.0,0.22965,0.04846,0.90338,1.73208,7.21418,0.07399,23.13652,0.0,0.8071400000000001,0.00141,0.05313,0.0,0.10578,0.00289,0.0,0.12542,0.0,0.05901000000000001,0.02371,0.016460000000000002,0.03485,0.00848,0.0,0.75958,0.5521699999999999,0.01275,0.0594,0.24617,0.12151,0.00706,0.00245,0.01128,0.0,0.05182,0.0,0.25473,0.06842,0.0,0.0,0.0,0.02495,0.0,0.05127,0.04297,0.0,0.0,0.0,0.0,0.38065,0.0,0.03652,0.34457999999999994,1.71545,0.0,0.0,0.0,0.0,0.0,0.08192,0.0,0.00959,0.0,0.0,0.0,0.0,0.0,0.0,0.0,0.0,0.0,0.0,0.01338,0.0,0.0,0.0,0.0,0.0,0.02039,0.0,0.0,0.0,0.19561,0.01772,0.12738,0.0,0.0,0.0,1.30304,1.14674,0.0,0.0,0.00718,0.0,0.0,0.0,0.0,0.01394,0.01226,0.0,0.19056,0.0,0.00512,0.0,0.00126,0.0,0.0,0.0,0.0,0.0,0.0,0.0,0.0,0.0,0.0,0.0,0.0,0.0,0.0,1.2015,0.0,0.0,0.07525,0.0,0.0,0.04919,0.0,0.0,0.0,0.0,0.0,0.0,0.0,0.0115,0.0,0.0,0.0,0.0,0.0,0.0,0.0,0.0,0.0,0.0,0.0,0.01094,0.01984,0.0,0.0,0.0,0.0,0.0,0.0,0.0,0.0,0.0,0.03422,0.0,0.0,0.0,0.0,0.0,0.0,0.0,0.0,0.0,0.0,0.0,0.0,0.0,0.0,0.0,0.0,0.0,0.01048,0.0,0.0,0.0,0.0,0.0,0.0,0.0,0.0,0.0,4.39907,2.14429,0.28757,0.22259,0.02383,0.00774,0.00603,0.00528,0.00018,0.0,0.0,0.0,0.0,0.0,0.0,0.0,0.0,0.0,0.0,0.0,0.0,0.0,0.0,0.0,0.0,0.0,0.0,0.0,0.0,0.0,0.0,0.0,0.0,0.0,0.0,0.0,0.0,0.0,0.0,0.0,0.0,0.0
CRR1090666,1,0.0,36.859359999999995,0.5739099999999999,0.0,45.28317999999998,0.60672,0.0,0.10145,0.8178899999999999,0.76271,0.17844,0.04203,0.0,0.0,0.71528,0.02742,0.0,0.0,0.0,0.0,0.0,0.0,0.0029,0.0,0.00257,0.0,0.0,0.0,0.67013,0.0,0.31412,0.40964,0.07927000000000001,0.0,0.5982500000000001,0.0,0.0,0.0,0.0,0.0,0.02889,0.09689,0.00923,0.01731,0.0,0.0,0.0,0.00147,0.0,0.00132,0.0,0.20667999999999997,1.6099400000000001,0.00197,0.0,0.00745,0.012060000000000001,0.0,0.0,0.0,0.0,0.0,0.0,2.38329,0.04538,0.0,0.0,0.07873,0.17919,0.0,0.0,0.0,0.0,0.0,0.0,0.0,4.94989,0.00469,0.02295,0.0,0.0,0.0,0.02246,0.0248,0.0,0.0,0.0,0.0,0.0,0.0,0.0,0.0,0.0,0.0,0.0,0.0,0.0,0.0,0.0,0.0,0.0,0.0,0.0,0.0,0.0,0.01281,0.0,0.0,0.0,0.0,0.00081,0.00031,0.0,0.0,0.20334,0.0,0.0,0.0,0.0,0.0,0.0,0.0,0.0,0.0,0.0066,0.0,0.03485,0.00127,0.0,0.0,0.0,0.0,0.4035,0.0,0.0,0.0,0.0,0.0,0.0,0.0,0.0,0.0,0.0048,0.10817,0.00661,0.0,0.0,0.0,0.0,0.0,0.0,0.07552,0.0,0.0,0.0,0.0,0.0,0.0,0.0,0.0,0.02344,0.0,0.0,0.0,0.0,0.0,0.0,0.0,0.0,0.0,0.0,0.0,1.3518,0.0,0.0,0.0,0.0,0.0,0.0,0.0,0.0,0.0,0.00521,0.0,0.0,0.0,0.0,0.0,0.0,0.0,0.0,0.0,0.0,0.0,0.0,0.0,0.0,0.0,0.0,0.0,0.0,0.0,0.0,0.0,0.0,0.0,0.0,0.0,0.0,0.01117,0.0,0.0,0.0,0.0,0.0,0.0,0.0,0.0,0.0,0.0,0.0,0.0,0.0,0.0,0.0,0.0,0.0,0.0,0.0,0.0,0.0,0.0,0.0,0.0,0.0,0.0,0.0,0.0,0.0,0.0,0.0,0.0,0.0,0.0,0.0,0.0,0.0,0.0,0.0,0.0,0.0,0.0,0.0
CRR1090624,1,0.0,1.0859299999999996,11.683150000000001,0.0,68.55126999999999,0.00647,0.0,0.0,1.0782899999999997,0.5737,3.2789200000000003,0.13907000000000003,0.0,0.00176,12.75984,0.0,0.01253,0.0,0.0,0.0,0.11898,0.0011,0.0,0.0,0.27705,0.15003999999999998,0.0,0.0,0.0,0.0,0.00379,0.01601,0.0,0.0,0.01729,0.0,0.0,0.0,0.0,0.0,0.0,0.0,0.0,0.0,0.0,0.0,0.0,0.0,0.00382,0.0,0.0,0.00628,0.02587,0.01505,0.0,0.0,0.0,0.0,0.0,0.0,0.0,0.0,0.0,0.0,0.10658,0.0,0.0,0.03143,0.0,0.0,0.00079,0.0,0.0,0.00465,0.01609,0.01354,0.0,0.01557,0.0,0.0,0.0,0.0,0.0,0.0,0.0,0.0,0.0,0.0,0.0,0.0,0.0,0.0,0.0,0.0,0.0,0.0,0.0,0.0,0.0,0.0,0.0,0.0,0.0,0.0,0.0,0.00033,0.0,0.0,0.0,0.0,0.0,0.0,0.0,0.0,0.0,0.0,0.0,0.0,0.0,0.0,0.0,0.0,0.0,0.0,0.0,0.0,0.0,0.0,0.0,0.0,0.00252,0.0,0.0,0.0,0.0,0.0,0.0,0.0,0.0,0.0,0.0,0.0,0.0,0.0,0.0,0.0,0.0,0.0,0.0,0.0,0.0,0.0,0.0,0.0,0.0,0.0,0.0,0.0,0.0,0.0,0.0,0.0,0.0,0.0,0.0,0.0,0.0,0.0,0.0,0.0,0.0,0.0,0.0,0.0,0.0,0.0,0.0,0.0,0.0,0.0,0.0,0.0,0.0,0.0,0.0,0.0,0.0,0.0,0.0,0.0,0.0,0.0,0.0,0.0,0.0,0.0,0.0,0.0,0.0,0.0,0.0,0.0,0.0,0.0,0.0,0.0,0.0,0.0,0.0,0.0,0.0,0.0,0.0,0.0,0.0,0.0,0.0,0.0,0.0,0.0,0.00225,0.0,0.0,0.0,0.0,0.0,0.0,0.0,0.0,0.0,0.0,0.0,0.0,0.0,0.0,0.0,0.0,0.0,0.0,0.0,0.0,0.0,0.0,0.0,0.0,0.0,0.0,0.0,0.0,0.0,0.0,0.0,0.0
CRR1090678,0,0.0,7.05714,0.6337700000000001,0.0,87.11573999999999,0.03185,0.0,0.011689999999999999,0.51936,2.7482100000000003,0.5501800000000001,0.14606,0.0,0.0,0.0,0.0,0.01333,0.05688,0.0,0.0,0.22705000000000003,0.01325,0.0,0.0,0.0,0.05681,0.0,0.00934,0.00942,0.00403,0.0,0.0,0.0,0.0,0.06725,0.0,0.0,0.0,0.0,0.0,0.0,0.0,0.0,0.0,0.0,0.0,0.0,0.00987,0.0108,0.0,0.0,0.00015,0.07704,0.00514,0.0,0.0,0.0,0.0,0.0,0.0,0.0,0.01612,0.0,0.1375,0.0,0.00262,0.0,0.1173,0.0,0.0,0.03874,0.00034,0.0,0.00091,0.0,0.0,0.30108,0.0,0.0,0.0,0.0,0.0,0.0,0.0,0.0,0.0,0.0,0.0,0.0,0.0,0.0,0.0,0.0,0.00716,0.0,0.0,0.0,0.0,0.0,0.0,0.0,0.0,0.0,0.0,0.0,0.0,0.0,0.0,0.0,0.0,0.0,0.0,0.0,0.0,0.0,0.0,0.0,0.0,0.0,0.0,0.0,0.0,0.0,0.0,0.0,0.0,0.0,0.0,0.0,0.0,0.00389,0.0,0.0,0.0,0.0,0.0,0.0,0.0,0.0,0.0,0.0,0.0,0.0,0.0,0.0,0.0,0.0,0.0,0.0,0.0,0.0,0.0,0.0,0.0,0.0,0.0,0.0,0.0,0.0,0.0,0.0,0.0,0.0,0.0,0.0,0.0,0.0,0.0,0.0,0.0,0.0,0.0,0.0,0.0,0.0,0.0,0.0,0.0,0.0,0.0,0.0,0.0,0.0,0.0,0.0,0.0,0.0,0.0,0.0,0.0,0.0,0.0,0.0,0.0,0.0,0.0,0.0,0.0,0.0,0.0,0.0,0.0,0.0,0.0,0.0,0.0,0.0,0.0,0.0,0.0,0.0,0.0,0.0,0.0,0.0,0.0,0.0,0.0,0.0,0.0,0.0,0.0,0.0,0.0,0.0,0.0,0.0,0.0,0.0,0.0,0.0,0.0,0.0,0.0,0.0,0.0,0.0,0.0,0.0,0.0,0.0,0.0,0.0,0.0,0.0,0.0,0.0,0.0,0.0,0.0,0.0,0.0,0.0
CRR1090730,0,0.0,10.349529999999998,0.21386,0.0,49.40752000000001,0.04091,0.0,0.04265,2.1343300000000003,0.9829400000000001,0.8641099999999999,0.35438,0.0,0.00129,2.1434199999999994,0.0,0.03261,0.0,0.0,0.0,0.043399999999999994,0.0,0.0,0.0,0.0,0.04206000000000001,0.0,0.0,0.31009000000000003,0.0,0.0,0.0,0.0,0.0,0.0,0.0,0.0,0.0,0.0,0.0,0.0,0.0,0.0,0.0,0.0,0.0,0.0,0.0,0.0,0.0,0.0,0.00197,0.0,0.0,0.0,0.0,0.0,0.0,0.0,0.0,0.0,2.20074,0.0,22.85857,0.05104,0.0,0.0,0.0,0.0,0.0,0.0,0.0,0.0,0.00899,0.0,0.0203,7.84027,0.03777,0.0,0.0,0.0,0.0,0.0,0.0,0.0,0.0,0.0,0.0,0.01728,0.0,0.0,0.0,0.0,0.0,0.0,0.0,0.0,0.0,0.0,0.0,0.0,0.0,0.0,0.0,0.0,0.0,0.0,0.0,0.0,0.0,0.0,0.0,0.0,0.0,0.0,0.0,0.0,0.0,0.0,0.0,0.0,0.0,0.0,0.0,0.0,0.0,0.0,0.0,0.0,0.0,0.0,0.0,0.0,0.0,0.0,0.0,0.0,0.0,0.0,0.0,0.0,0.0,0.0,0.0,0.0,0.0,0.0,0.0,0.0,0.0,0.0,0.0,0.0,0.0,0.0,0.0,0.0,0.0,0.0,0.0,0.0,0.0,0.0,0.0,0.0,0.0,0.0,0.0,0.0,0.0,0.0,0.0,0.0,0.0,0.0,0.0,0.0,0.0,0.0,0.0,0.0,0.0,0.0,0.0,0.0,0.0,0.0,0.0,0.0,0.0,0.0,0.0,0.0,0.0,0.0,0.0,0.0,0.0,0.0,0.0,0.0,0.0,0.0,0.0,0.0,0.0,0.0,0.0,0.0,0.0,0.0,0.0,0.0,0.0,0.0,0.0,0.0,0.0,0.0,0.0,0.0,0.0,0.0,0.0,0.0,0.0,0.0,0.0,0.0,0.0,0.0,0.0,0.0,0.0,0.0,0.0,0.0,0.0,0.0,0.0,0.0,0.0,0.0,0.0,0.0,0.0,0.0,0.0,0.0,0.0,0.0,0.0,0.0
CRR1090688,1,0.0,64.39127,0.80562,0.0,2.7447699999999995,0.022,0.00274,0.00446,19.07926,0.00743,0.00154,0.67534,0.0,0.0,2.24271,0.0,0.0,0.0,0.0,0.0,0.0,0.0,0.0,0.0,0.32448,0.0,0.0,0.0,1.67477,0.0,0.0,0.0,0.0,0.0,0.0,0.0,0.0,0.0,0.0,0.0,0.0,0.00782,0.0,0.0,0.0,0.0,0.0,0.0,0.0,0.0,0.0,8.01581,0.0,0.0,0.0,0.0,0.0,0.0,0.0,0.0,0.0,0.0,0.0,0.0,0.0,0.0,0.0,0.0,0.0,0.0,0.0,0.0,0.0,0.0,0.0,0.0,0.0,0.0,0.0,0.0,0.0,0.0,0.0,0.0,0.0,0.0,0.0,0.0,0.0,0.0,0.0,0.0,0.0,0.0,0.0,0.0,0.0,0.0,0.0,0.0,0.0,0.0,0.0,0.0,0.0,0.0,0.0,0.0,0.0,0.0,0.0,0.0,0.0,0.0,0.0,0.0,0.0,0.0,0.0,0.0,0.0,0.0,0.0,0.0,0.0,0.0,0.0,0.0,0.0,0.0,0.0,0.0,0.0,0.0,0.0,0.0,0.0,0.0,0.0,0.0,0.0,0.0,0.0,0.0,0.0,0.0,0.0,0.0,0.0,0.0,0.0,0.0,0.0,0.0,0.0,0.0,0.0,0.0,0.0,0.0,0.0,0.0,0.0,0.0,0.0,0.0,0.0,0.0,0.0,0.0,0.0,0.0,0.0,0.0,0.0,0.0,0.0,0.0,0.0,0.0,0.0,0.0,0.0,0.0,0.0,0.0,0.0,0.0,0.0,0.0,0.0,0.0,0.0,0.0,0.0,0.0,0.0,0.0,0.0,0.0,0.0,0.0,0.0,0.0,0.0,0.0,0.0,0.0,0.0,0.0,0.0,0.0,0.0,0.0,0.0,0.0,0.0,0.0,0.0,0.0,0.0,0.0,0.0,0.0,0.0,0.0,0.0,0.0,0.0,0.0,0.0,0.0,0.0,0.0,0.0,0.0,0.0,0.0,0.0,0.0,0.0,0.0,0.0,0.0,0.0,0.0,0.0,0.0,0.0,0.0,0.0,0.0,0.0
CRR1090683,1,0.00425,66.66408,0.22268,0.0,29.21778000000001,2.35809,0.0,0.26338,0.00106,0.037059999999999996,0.91303,0.02172,0.0,0.0,0.0,0.0,0.01005,0.0,0.0,0.0,0.0,0.0,0.0,0.0,0.0,0.0,0.0,0.0,0.01262,0.0,0.0,0.0,0.0,0.0,0.0,0.0,0.0,0.0,0.0,0.0,0.0,0.0,0.0,0.0,0.0,0.0,0.0,0.0,0.0,0.0,0.0,0.00148,0.0,0.0381,0.0,0.0,0.0,0.00527,0.0,0.0,0.0,0.05818,0.0,0.08293,0.02292,0.0,0.0,0.0,0.0,0.0,0.0,0.0,0.0,0.0,0.0,0.0,0.0,0.0,0.0,0.0,0.0,0.0,0.0,0.0,0.0,0.0,0.0,0.0,0.0,0.0,0.0,0.0,0.0,0.00816,0.0,0.0,0.0,0.0,0.0,0.0,0.0,0.0,0.0,0.0,0.05714,0.0,0.0,0.0,0.0,0.0,0.0,0.0,0.0,0.0,0.0,0.0,0.0,0.0,0.0,0.0,0.0,0.0,0.0,0.0,0.0,0.0,0.0,0.0,0.0,0.0,0.0,0.0,0.0,0.0,0.0,0.0,0.0,0.0,0.0,0.0,0.0,0.0,0.0,0.0,0.0,0.0,0.0,0.0,0.0,0.0,0.0,0.0,0.0,0.0,0.0,0.0,0.0,0.0,0.0,0.0,0.0,0.0,0.0,0.0,0.0,0.0,0.0,0.0,0.0,0.0,0.0,0.0,0.0,0.0,0.0,0.0,0.0,0.0,0.0,0.0,0.0,0.0,0.0,0.0,0.0,0.0,0.0,0.0,0.0,0.0,0.0,0.0,0.0,0.0,0.0,0.0,0.0,0.0,0.0,0.0,0.0,0.0,0.0,0.0,0.0,0.0,0.0,0.0,0.0,0.0,0.0,0.0,0.0,0.0,0.0,0.0,0.0,0.0,0.0,0.0,0.0,0.0,0.0,0.0,0.0,0.0,0.0,0.0,0.0,0.0,0.0,0.0,0.0,0.0,0.0,0.0,0.0,0.0,0.0,0.0,0.0,0.0,0.0,0.0,0.0,0.0,0.0,0.0,0.0,0.0,0.0,0.0,0.0
CRR1090697,1,0.0,5.462469999999999,8.00628,0.0,49.39532,0.30865000000000004,0.0,0.06317,18.483849999999997,0.5745,1.22869,2.46628,0.0,0.0,3.24938,0.0,0.0,0.0,0.0051,0.0,0.02718,0.0,0.03106,0.0,1.53453,0.20947,0.0,0.0,0.14582,0.12889,0.0,3.11626,0.0,0.0,0.0,0.0,0.0,0.0,0.0,0.0,0.0,0.0,0.0,0.0,0.0,0.0,0.0,0.0,0.12582,0.0,0.0,0.64705,0.01867,0.00999,0.0,0.00058,0.0,0.00859,0.0,0.0,0.0,0.0,0.0,4.44323,0.0096,0.0,0.0,0.0,0.0,0.0,0.0,0.0,0.0,0.00131,0.21814999999999998,0.0,0.0,0.07654,0.0,0.0,0.0,0.0,0.0,0.0,0.0,0.0,0.0,0.0,0.0,0.0,0.0,0.0,0.0,0.0,0.0,0.0,0.0,0.0,0.0,0.0,0.0,0.0,0.0,0.0,0.0,0.0,0.0,0.0,0.0,0.0,0.0,0.0,0.0,0.0,0.0,0.0,0.0,0.0,0.0,0.0,0.0,0.0,0.0,0.0,0.0,0.0,0.0,0.0,0.0,0.0,0.00355,0.0,0.0,0.0,0.0,0.0,0.0,0.0,0.0,0.0,0.0,0.0,0.0,0.0,0.0,0.0,0.0,0.0,0.0,0.0,0.0,0.0,0.0,0.0,0.0,0.0,0.0,0.0,0.0,0.0,0.0,0.0,0.0,0.0,0.0,0.0,0.0,0.0,0.0,0.0,0.0,0.0,0.0,0.0,0.0,0.0,0.0,0.0,0.0,0.0,0.0,0.0,0.0,0.0,0.0,0.0,0.0,0.0,0.0,0.0,0.0,0.0,0.0,0.0,0.0,0.0,0.0,0.0,0.0,0.0,0.0,0.0,0.0,0.0,0.0,0.0,0.0,0.0,0.0,0.0,0.0,0.0,0.0,0.0,0.0,0.0,0.0,0.0,0.0,0.0,0.0,0.0,0.0,0.0,0.0,0.0,0.0,0.0,0.0,0.0,0.0,0.0,0.0,0.0,0.0,0.0,0.0,0.0,0.0,0.0,0.0,0.0,0.0,0.0,0.0,0.0,0.0,0.0,0.0,0.0,0.0,0.0,0.0
CRR1090702,1,0.0,11.296970000000002,0.90458,0.0,41.08148999999999,0.16815,0.0,0.07894999999999999,0.26854999999999996,0.35424,1.31847,0.02423,0.0,0.00113,5.52447,0.0,0.0,0.0,0.0,0.03536,0.0,0.0,0.00034,0.03207,12.46755,0.01982,0.0,0.0,0.08759000000000002,0.01374,7.000900000000001,0.0,0.0,0.0,1.4405400000000002,0.0,0.01533,0.0,0.0,0.0,0.06105,0.0,0.0,0.00064,0.0,0.019020000000000002,0.00139,0.00588,0.01443,0.09104,0.0,0.16061999999999999,0.10474,0.0,0.08707,1.07456,0.0,0.00313,0.0,0.02299,0.0,0.0194,0.0,4.08392,0.04621,0.0,0.0,0.0,0.0,0.0,0.0,0.0,0.00137,0.0,0.00739,0.0,11.92335,0.0,0.01194,0.02247,0.0,0.0,0.0,0.0,0.0,0.0,0.0,0.0,0.0,0.0,0.0,0.0,0.0,0.0,0.0,0.0,0.0,0.0,0.0,0.0,0.0,0.0,0.0,0.0,0.0,0.01405,0.0,0.0,0.0,0.0,0.0,0.0069,0.00709,0.0,0.0,0.0,0.00435,0.0,0.0,0.0,0.0,0.0,0.0,0.0,0.00771,0.00662,0.0,0.00021,0.0,0.00373,0.0,0.0,0.0,0.0,0.00999,0.0,0.0,0.0,0.0,0.0,0.0,0.0,0.0,0.0,0.0,0.0,0.0,0.0,0.0,0.0,0.0,0.0,0.0,0.00245,0.0,0.00205,0.0,0.0,0.0,0.0,0.00283,0.0,0.0,0.0,0.0,0.0,0.0,0.0,0.0,0.0,0.0,0.00598,0.0,0.00957,0.0,0.0,0.0,0.0,0.0,0.0,0.0,0.0,0.0,0.0,0.0,0.0,0.0,0.0,0.0,0.0,0.0,0.0,0.0,0.0,0.0,0.00913,0.0,0.0,0.0,0.0,0.0,0.0,0.0,0.0,0.0,0.0,0.0,0.0,0.0,0.0,0.0,0.0,0.0,0.0,0.0,0.0,0.0,0.0,0.0,0.0,0.0,0.0078,0.00249,0.0,0.0,0.0,0.0,0.0,0.0,0.0,0.0,0.0,0.0,0.0,0.0,0.0,0.0,0.0,0.0,0.0,0.0,0.0,0.0,0.0,0.0,0.0,0.0,0.0,0.0,0.0,0.0,0.0,0.0
CRR1090671,1,0.04085,48.609300000000005,0.01091,0.0,34.91396999999999,1.72125,0.0,0.62552,0.5116499999999999,0.60473,0.3896300000000001,0.02864,0.0,0.0,0.05352,0.0,0.0,0.0,0.0,0.0,0.09417,0.0,0.0,0.0,0.0,0.06767,0.0,0.0,9.32332,0.0,0.0,0.95755,0.0,0.0,0.0,0.0,0.0,0.0,0.0,0.0,0.0,0.0,0.0,0.0,0.0,0.42233,0.0,0.07347,0.0,0.0,0.0,0.008480000000000001,0.0,0.0022,0.0,0.0,0.0,0.0,0.0,0.0,0.0,0.03459,0.0,1.3018,0.09968,0.0,0.0,0.09535,0.0,0.0,0.0,0.0,0.00096,0.0,0.0,0.0,0.00476,0.00036,0.0,0.0,0.0,0.0,0.0,0.0,0.0,0.0,0.0,0.0,0.0,0.0,0.0,0.0,0.0,0.0,0.0,0.0,0.0,0.0,0.0,0.0,0.0,0.0,0.0,0.0,0.0,0.0,0.0,0.0,0.0,0.0,0.0,0.0,0.0,0.0,0.0,0.0,0.0,0.0,0.0,0.0,0.0,0.0,0.0,0.0,0.0,0.0,0.0,0.0,0.0,0.0,0.0,0.0,0.0,0.00338,0.0,0.0,0.0,0.0,0.0,0.0,0.0,0.0,0.0,0.0,0.0,0.0,0.0,0.0,0.0,0.0,0.0,0.0,0.0,0.0,0.0,0.0,0.0,0.0,0.0,0.0,0.0,0.0,0.0,0.0,0.0,0.0,0.0,0.0,0.0,0.0,0.0,0.0,0.0,0.0,0.0,0.0,0.0,0.0,0.0,0.0,0.0,0.0,0.0,0.0,0.0,0.0,0.0,0.0,0.0,0.0,0.0,0.0,0.0,0.0,0.0,0.0,0.0,0.0,0.0,0.0,0.0,0.0,0.0,0.0,0.0,0.0,0.0,0.0,0.0,0.0,0.0,0.0,0.0,0.0,0.0,0.0,0.0,0.0,0.0,0.0,0.0,0.0,0.0,0.0,0.0,0.0,0.0,0.0,0.0,0.0,0.0,0.0,0.0,0.0,0.0,0.0,0.0,0.0,0.0,0.0,0.0,0.0,0.0,0.0,0.0,0.0,0.0,0.0,0.0,0.0,0.0,0.0,0.0
CRR1090693,1,1.33587,28.7237,0.19665000000000002,0.0,32.744240000000005,3.91267,0.0,0.16847,17.68503,0.35658,3.64854,2.31063,0.0,0.06859,2.09615,0.0,0.00081,0.0,0.0,0.0,0.0,0.0,0.0,0.0,0.0,0.01907,0.0,0.0,0.48935,0.0,0.0,0.0,0.0,0.0,0.0,0.0,0.0,0.0,0.0,0.0,0.0,0.0,0.0,0.0,0.0,0.03896,0.0,0.00197,0.01536,0.0,0.0,2.6792899999999995,0.0,0.04398,0.0,0.0,0.0,0.0,0.0,0.0,0.0,0.00126,0.0,3.35565,0.04029,0.0,0.0,0.0,0.0,0.0,0.0,0.00568,0.0,0.0,0.055760000000000004,0.0,0.0,0.00541,0.0,0.0,0.0,0.0,0.0,0.0,0.0,0.0,0.0,0.0,0.0,0.0,0.0,0.0,0.0,0.0,0.0,0.0,0.0,0.0,0.0,0.0,0.0,0.0,0.0,0.0,0.0,0.0,0.0,0.0,0.0,0.0,0.0,0.0,0.0,0.0,0.0,0.0,0.0,0.0,0.0,0.0,0.0,0.0,0.0,0.0,0.0,0.0,0.0,0.0,0.0,0.0,0.0,0.0,0.0,0.0,0.0,0.0,0.0,0.0,0.0,0.0,0.0,0.0,0.0,0.0,0.0,0.0,0.0,0.0,0.0,0.0,0.0,0.0,0.0,0.0,0.0,0.0,0.0,0.0,0.0,0.0,0.0,0.0,0.0,0.0,0.0,0.0,0.0,0.0,0.0,0.0,0.0,0.0,0.0,0.0,0.0,0.0,0.0,0.0,0.0,0.0,0.0,0.0,0.0,0.0,0.0,0.0,0.0,0.0,0.0,0.0,0.0,0.0,0.0,0.0,0.0,0.0,0.0,0.0,0.0,0.0,0.0,0.0,0.0,0.0,0.0,0.0,0.0,0.0,0.0,0.0,0.0,0.0,0.0,0.0,0.0,0.0,0.0,0.0,0.0,0.0,0.0,0.0,0.0,0.0,0.0,0.0,0.0,0.0,0.0,0.0,0.0,0.0,0.0,0.0,0.0,0.0,0.0,0.0,0.0,0.0,0.0,0.0,0.0,0.0,0.0,0.0,0.0,0.0,0.0,0.0,0.0,0.0,0.0
CRR1012755,1,0.00273,1.5150800000000002,2.6851700000000003,0.0,72.76271999999999,0.16407,1.1955,0.00459,0.44178999999999996,4.06439,3.2288200000000002,0.7418199999999999,0.0,0.0187,0.5843700000000001,0.0,0.09633,0.0,0.0,0.0,0.43865,0.01872,0.20737,0.19291,0.0385,0.41353999999999985,0.0,0.00907,0.03261,0.0,0.0,0.0,0.0,0.0,0.0,0.0,0.0,0.0,0.01026,0.0,0.04704,0.00275,0.0,0.0,0.0,0.03359,0.0,0.0,0.07349,0.0,0.0,0.00284,0.0,0.0,0.0,0.0,0.0,0.0,0.0,0.0,0.0,0.0,0.0,0.0,0.0018,0.0,0.0,0.0,0.0,0.0,0.0,0.01182,0.01167,0.17374,0.01495,0.03813999999999999,0.0,0.0,0.0,0.12625,0.0,0.45786,0.0,0.0,0.0,0.0,0.0,0.0,0.0,0.0,0.0,0.0,0.0,0.0,0.0,0.0,0.0,0.0,0.0,0.0,0.0,0.0,0.0,0.0,0.0,0.0,0.0,0.0,0.0,10.12888,0.0,0.0,0.0,0.0,0.0,0.0,0.0,0.0,0.0,0.0,0.0,0.0,0.0,0.0,0.0,0.0,0.0,0.0,0.0,0.0,0.0,0.0,0.0,0.0,0.0,0.0,0.0,0.0,0.0,0.0,0.0,0.0,0.0,0.0,0.0,0.0074,0.0,0.0,0.0,0.0,0.0,0.0,0.0,0.0,0.0,0.0,0.0,0.0,0.0,0.0,0.0,0.0,0.0,0.0,0.0,0.0,0.0,0.0,0.0,0.0,0.0,0.0,0.0,0.0,0.0,0.0,0.0,0.0,0.0,0.0,0.0,0.0,0.0,0.0,0.0,0.0,0.0,0.0,0.0,0.0,0.0,0.0,0.0,0.0,0.0,0.0,0.0,0.0,0.0,0.0,0.0,0.0,0.0,0.0,0.0,0.0,0.0,0.0,0.0,0.0,0.0,0.0,0.0,0.0,0.0,0.0,0.0,0.0,0.0,0.0,0.0,0.0,0.0,0.0,0.0,0.0,0.0,0.0,0.0,0.0,0.0,0.0,0.0,0.0,0.0,0.0,0.0,0.0,0.0,0.0,0.0,0.0,0.0,0.0,0.0,0.0,0.0,0.0,0.0,0.0,0.0,0.0,0.0
CRR1090737,0,0.0,1.56101,0.0,0.0,95.19451,0.09993,0.0,0.0,0.50954,0.56254,0.63137,0.14567000000000002,0.0,0.0,0.01263,0.0,0.0,0.0,0.0,0.0,0.00466,0.0,0.0,0.0,0.0,0.03016,0.0,0.0,0.03419,0.0,0.0,0.99056,0.0,0.0,0.0,0.0,0.0,0.0,0.0,0.0,0.0,0.0,0.0,0.0,0.0,0.0,0.0,0.0,0.00807,0.0,0.0,0.0,0.0,0.0,0.0,0.0,0.0,0.0,0.0,0.0,0.0,0.0,0.0,0.0,0.06073,0.0,0.0,0.13967,0.0,0.0,0.0,0.0,0.0,0.00134,0.0,0.0,0.0,0.01341,0.0,0.0,0.0,0.0,0.0,0.0,0.0,0.0,0.0,0.0,0.0,0.0,0.0,0.0,0.0,0.0,0.0,0.0,0.0,0.0,0.0,0.0,0.0,0.0,0.0,0.0,0.0,0.0,0.0,0.0,0.0,0.0,0.0,0.0,0.0,0.0,0.0,0.0,0.0,0.0,0.0,0.0,0.0,0.0,0.0,0.0,0.0,0.0,0.0,0.0,0.0,0.0,0.0,0.0,0.0,0.0,0.0,0.0,0.0,0.0,0.0,0.0,0.0,0.0,0.0,0.0,0.0,0.0,0.0,0.0,0.0,0.0,0.0,0.0,0.0,0.0,0.0,0.0,0.0,0.0,0.0,0.0,0.0,0.0,0.0,0.0,0.0,0.0,0.0,0.0,0.0,0.0,0.0,0.0,0.0,0.0,0.0,0.0,0.0,0.0,0.0,0.0,0.0,0.0,0.0,0.0,0.0,0.0,0.0,0.0,0.0,0.0,0.0,0.0,0.0,0.0,0.0,0.0,0.0,0.0,0.0,0.0,0.0,0.0,0.0,0.0,0.0,0.0,0.0,0.0,0.0,0.0,0.0,0.0,0.0,0.0,0.0,0.0,0.0,0.0,0.0,0.0,0.0,0.0,0.0,0.0,0.0,0.0,0.0,0.0,0.0,0.0,0.0,0.0,0.0,0.0,0.0,0.0,0.0,0.0,0.0,0.0,0.0,0.0,0.0,0.0,0.0,0.0,0.0,0.0,0.0,0.0,0.0,0.0,0.0
CRR1090657,1,0.0,14.40925,0.33377,0.0,43.64089000000001,0.0,0.0,2.63745,0.22472,1.69361,0.15825,0.15434,0.0,0.0,31.77723,0.0,0.15722,0.0,0.0,0.0,0.27653,0.00097,0.0,0.0,0.0,0.15134000000000003,0.0,0.0,1.69577,0.00364,0.0,0.0,0.0,0.0,0.04248,0.0,0.0,0.0,0.0,0.2598,0.0,0.0,0.0,0.04121,0.0,0.00545,0.0,0.07552,0.03583,0.04798,0.0,0.11384,1.48037,0.03764,0.0,0.0,0.0,0.0,0.0,0.0,0.0,0.12277,0.0,0.0,0.22736,0.0,0.0,0.11105,0.0,0.0,0.0,0.00394,0.0,0.00023,0.0,0.02756,0.0,0.01111,0.0,0.0,0.0,0.0,0.0,0.0,0.0,0.0,0.0,0.0,0.0,0.0,0.0,0.0,0.0,0.0,0.0,0.0,0.0,0.0,0.0,0.0,0.0,0.0,0.0,0.0,0.0,0.0,0.0,0.0,0.0,0.0,0.0,0.0,0.0,0.0,0.0,0.0,0.0,0.0,0.0,0.0,0.0,0.0,0.0,0.0,0.0,0.0,0.0,0.0,0.0,0.0,0.0,0.0,0.0,0.0,0.0,0.04082,0.0,0.0,0.0,0.0,0.0,0.0,0.0,0.0,0.0,0.0,0.0,0.0,0.0,0.0,0.0,0.0,0.0,0.0,0.0,0.0,0.0,0.0,0.0,0.0,0.0,0.0,0.0,0.0,0.0,0.0,0.0,0.0,0.0,0.0,0.0,0.0,0.0,0.0,0.0,0.0,0.0,0.0,0.0,0.0,0.0,0.0,0.0,0.0,0.0,0.0,0.0,0.0,0.0,0.0,0.0,0.0,0.0,0.0,0.0,0.0,0.0,0.0,0.0,0.0,0.0,0.0,0.0,0.0,0.0,0.0,0.0,0.0,0.0,0.0,0.0,0.0,0.0,0.0,0.0,0.0,0.0,0.0,0.0,0.0,0.0,0.0,0.0,0.0,0.0,0.0,0.0,0.0,0.0,0.0,0.0,0.0,0.0,0.0,0.0,0.0,0.0,0.0,0.0,0.0,0.0,0.0,0.0,0.0,0.0,0.0,0.0,0.0,0.0,0.0,0.0,0.0,0.0
CRR1090664,1,0.0,44.119310000000006,0.0,0.0,22.99518,3.71627,0.0,1.34848,0.04015,0.18758999999999998,0.03191,0.01836,0.0,0.00179,1.2797800000000001,0.00857,0.00761,0.02135,0.0,0.0,0.02276,0.0,0.04012,0.0,0.14726,0.00476,0.0,0.0,0.58093,0.0,0.0,0.0,0.0,0.0,3.33344,0.0,0.0,0.0,0.0,0.11247,0.0,0.0,0.0,0.04205,0.0,0.04811,0.0,0.05633,0.0,0.03924,0.0,0.066,1.38708,0.01613,0.0,0.0,0.0,0.0,0.0,0.0,0.0,0.08845,0.0,0.51849,0.0,0.12273,0.0,0.0,0.0,0.0,0.0,0.0,0.00145,0.0,0.0,0.01811,19.4916,0.0,0.0,0.0,0.0,0.0,0.0,0.0,0.0,0.0,0.0,0.0,0.0,0.0,0.0,0.0,0.0,0.0,0.0,0.0,0.0,0.0,0.01436,0.0,0.01125,0.0,0.0,0.0,0.0,0.0,0.0,0.0,0.0,0.0,0.0,0.0,0.0,0.0,0.0,0.0,0.0,0.0,0.0,0.0,0.0,0.0,0.0,0.0,0.0,0.0,0.0,0.0,0.0,0.0,0.0,0.0,0.0,0.0,0.0,0.0,0.0,0.0,0.0,0.0,0.0,0.0,0.0,0.0,0.0,0.01017,0.0,0.0,0.0,0.0,0.0,0.0,0.0,0.0,0.0,0.0,0.0,0.0,0.0,0.0,0.0,0.0,0.0,0.0,0.0,0.0,0.0,0.0,0.0,0.0,0.0,0.0,0.0,0.0,0.0,0.0,0.0,0.0,0.0,0.0,0.0,0.0,0.0,0.0,0.0,0.0,0.0,0.0,0.0,0.0,0.0,0.0,0.0,0.0,0.0,0.0,0.0,0.0,0.0,0.0,0.0,0.0,0.0,0.05029,0.0,0.0,0.0,0.0,0.0,0.0,0.0,0.0,0.0,0.0,0.0,0.0,0.0,0.0,0.0,0.0,0.0,0.0,0.0,0.0,0.0,0.0,0.0,0.0,0.0,0.0,0.0,0.0,0.0,0.0,0.0,0.0,0.0,0.0,0.0,0.0,0.0,0.0,0.0,0.0,0.0,0.0,0.0,0.0,0.0,0.0,0.0,0.0,0.0
CRR1090655,1,0.00233,29.268579999999993,0.46736,0.0,35.53846000000001,0.71829,0.0,0.49804000000000004,0.1991,0.32181,0.08696999999999999,0.05856,0.0,0.0,0.10683000000000001,0.0,0.0,0.01932,0.0,0.0,0.01829,0.0,0.00244,0.0,0.0,0.01376,0.0,0.0,0.17027,0.01268,0.32468,1.9322,0.2816,0.19697,0.77765,0.03062,0.58577,0.00035,0.0,0.08673,0.01033,0.00559,0.00358,0.04061,0.00903,0.02285,0.02786,0.01929,0.0,0.01385,0.0,5.42018,2.79759,0.00539,0.00747,0.02465,0.10589,0.0,0.07281,0.0,0.0,0.0,0.0,0.0,0.0,0.0,0.0,0.00069,0.64681,0.0,0.0,0.00231,0.00022,0.0,0.0,5e-05,13.84553,0.00035,0.00253,0.49944999999999995,0.00342,0.05007,0.0,0.00887,0.01016,0.0,0.06568,0.0,0.23551,0.0,0.00121,0.00344,0.0,0.0,0.0,0.0,0.0,0.0,0.0,0.00291,0.01352,0.0,0.0,0.0,0.0,0.35821,0.0,1.73457,0.0,0.20689,0.00083,0.04203,0.0,0.0,0.0033,0.11878,0.12012,0.0,0.0,0.00442,0.0,0.0,0.21808,0.00754,0.0,0.00139,0.01102,0.14056,0.0,0.0,0.0,0.0,0.0,0.0,0.13851,0.0,0.0,0.0,0.0,0.0,0.0,0.0,0.0,0.01297,0.00013,0.0,0.0,0.0,0.16987,0.0,0.0,0.0,0.0487,0.0,0.0,0.00415,0.0,0.0,0.0,0.0,0.0066,0.0,0.0,0.0,0.0,0.0,0.0,0.0,0.0,0.0,0.11216,0.0,0.0,0.0017,0.0,0.0,0.0,0.0,0.0,0.0,0.0,0.0,0.0,0.0,0.0,0.0,0.0,0.0,0.0,0.0,0.0,0.0,0.0,0.0,0.0,0.0,0.0,0.00641,0.0,0.27831,0.0,0.0,0.0,0.0,0.0,0.00459,0.0,0.0,0.00076,0.02888,0.0,0.01721,0.0,0.0,0.0,0.0,0.0,0.03435,0.0,0.00138,0.0,0.0,0.0,0.31512,0.05209,0.05161,0.01896,0.01328,0.00858,0.00622,0.00033,0.0,0.0,0.0,0.0,0.0,0.0,0.0,0.0,0.0,0.0,0.0,0.0,0.0,0.0,0.0,0.0,0.0,0.0,0.0,0.0,0.0,0.0
CRR1090621,1,0.02641,54.8032,0.35265,0.0,29.132850000000005,0.94554,0.0,0.34817,0.6680499999999999,1.56347,4.31302,1.5538,0.0,0.0,4.683109999999999,0.0,0.0,0.0,0.0,0.0,0.00066,0.0,0.0,0.0,0.0,0.00028,0.0,0.0,0.6085,0.06076,0.0,0.0,0.0,0.0,0.0,0.0,0.0,0.0,0.0,0.0,0.0,0.00472,0.0,0.0,0.0,0.0,0.0,0.0,0.01952,0.01018,0.0,0.04119,0.0,0.0,0.0,0.0,0.0,0.0,0.0,0.0,0.0,0.0,0.0,0.0,0.14204,0.0,0.0,0.0,0.0,0.0,0.0,0.0,0.00822,0.0,0.6756500000000001,0.0,0.02929,0.0,0.0,0.0,0.0,0.0,0.0,0.0,0.0,0.0,0.0,0.0,0.0,0.0,0.0,0.0,0.0,0.0,0.0,0.0,0.0,0.0,0.0,0.0,0.0,0.0,0.0,0.0,0.0,0.0,0.0,0.0,0.0,0.0,0.0,0.0,0.0,0.0,0.0,0.0,0.0,0.0,0.0,0.0,0.0,0.0,0.0,0.0,0.0,0.0,0.0,0.0,0.0,0.0,0.008150000000000001,0.0,0.0,0.0,0.0,0.0,0.0,0.0,0.0,0.0,0.0,0.0,0.0,0.0,0.0,0.0,0.0,0.0,0.0,0.0,0.0,0.0,0.0,0.0,0.0,0.0,0.0,0.0,0.0,0.0,0.0,0.0,0.0,0.0,0.0,0.0,0.0,0.0,0.0,0.0,0.0,0.0,0.0,0.0,0.0,0.0,0.0,0.0,0.0,0.0,0.0,0.0,0.0,0.0,0.00057,0.0,0.0,0.0,0.0,0.0,0.0,0.0,0.0,0.0,0.0,0.0,0.0,0.0,0.0,0.0,0.0,0.0,0.0,0.0,0.0,0.0,0.0,0.0,0.0,0.0,0.0,0.0,0.0,0.0,0.0,0.0,0.0,0.0,0.0,0.0,0.0,0.0,0.0,0.0,0.0,0.0,0.0,0.0,0.0,0.0,0.0,0.0,0.0,0.0,0.0,0.0,0.0,0.0,0.0,0.0,0.0,0.0,0.0,0.0,0.0,0.0,0.0,0.0,0.0,0.0,0.0,0.0,0.0
CRR1090694,1,0.0,23.076470000000004,0.43581,0.0,25.334310000000002,0.59843,0.0,1.8498299999999999,0.00228,0.43742,0.08750999999999999,0.034390000000000004,0.0,0.0,2.79458,0.0,0.00663,0.0,0.0,0.0,0.01349,0.00269,0.0,0.0,0.14618,0.00807,0.0,0.0,0.037540000000000004,0.23088,0.11205,0.0,0.0,0.0,0.9809399999999999,0.0,0.0,0.0,0.0,0.22673,0.0,0.0,0.0,0.00367,0.0,0.0,0.0,0.14096,0.02569,0.0,0.0,0.01531,4.54238,0.0746,0.09441,0.0,0.0,0.00837,0.0,0.02111,0.0,0.10554,0.0,20.0046,0.17548,0.0,0.0,0.02024,0.0,0.0,0.0,0.0,0.0017,0.0,0.0,0.0,17.9818,0.04004,0.0,0.00281,0.0,0.0,0.0,0.0,0.0,0.0,0.0,0.0,0.0,0.0,0.0,0.0,0.0,0.0,0.0,0.0,0.0,0.0,0.0,0.0,0.0,0.0,0.0,0.0,0.00023,0.27634,0.0,0.0,0.0,0.0,0.0,0.0,0.0231,0.0,0.0,0.0,0.0,0.0,0.0,0.0,0.0,0.0,0.0,0.0,0.0,0.0,0.0,0.0,0.0,0.0,0.0,0.0,0.0,0.0,0.0,0.0,0.01073,0.0,0.0,0.0,0.0,0.0,0.0,0.0,0.0,0.0,0.0,0.0,0.0,0.0,0.0,0.0,0.0,0.0,0.0,0.0,0.0,0.0,0.0,0.0,0.0,0.0,0.0,0.0,0.0,0.0,0.0,0.0,0.0,0.0,0.0,0.0,0.0,0.0,0.0,0.0,0.0,0.0,0.0,0.0,0.01467,0.0,0.0,0.0,0.0,0.0,0.0,0.0,0.0,0.0,0.0,0.0,0.0,0.0,0.0,0.0,0.0,0.0,0.0,0.0,0.0,0.0,0.0,0.0,0.0,0.0,0.0,0.0,0.0,0.0,0.0,0.0,0.0,0.0,0.0,0.0,0.0,0.0,0.0,0.0,0.0,0.0,0.0,0.0,0.0,0.0,0.0,0.0,0.0,0.0,0.0,0.0,0.0,0.0,0.0,0.0,0.0,0.0,0.0,0.0,0.0,0.0,0.0,0.0,0.0,0.0,0.0,0.0,0.0,0.0,0.0,0.0,0.0
CRR1090785,1,0.0,24.105319999999992,0.068,0.0,53.40073999999999,0.0,0.0,0.0,7.593470000000001,0.12597,1.07453,0.53818,0.0,0.00663,5.8721499999999995,0.0,0.13207,0.0,0.0,0.0,0.10622000000000001,0.0,0.0,0.0,0.00063,0.01232,0.0,0.00443,0.15381999999999998,0.0,0.0,0.0,0.0,0.0,0.0,0.0,0.0,0.0,0.0,0.0,0.0,0.0,0.0,0.0,0.0,0.00116,0.0,0.0,0.17101,0.0,0.0,4.65795,0.0,0.24852,0.0,0.64062,0.0,0.0,0.0,0.0,0.0,0.02107,0.0,0.0,0.15702,0.0,0.0,0.0,0.0,0.0,0.0,0.00584,0.0,0.00903,0.0,0.00534,0.0,0.06599000000000001,0.0,0.0,0.0,0.0,0.0,0.0,0.0,0.0,0.0,0.0,0.0,0.0,0.0,0.0,0.0,0.0,0.0,0.0,0.0,0.0,0.0,0.0,0.0,0.0,0.0,0.0,0.0,0.0,0.0,0.0,0.0,0.0,0.0,0.0,0.0,0.0,0.0,0.0,0.0,0.0,0.0,0.0,0.0,0.0,0.0,0.0,0.0,0.0,0.0,0.0,0.0,0.0,0.0,0.0,0.0,0.0,0.0,0.0,0.0,0.0,0.0,0.0,0.0,0.0,0.0,0.0,0.0,0.0,0.0,0.0,0.0,0.0,0.0,0.0,0.0,0.0,0.0,0.0,0.0,0.0,0.0,0.0,0.0,0.0,0.0,0.0,0.23976,0.0,0.0,0.0,0.0,0.0,0.0,0.04797,0.0,0.0,0.0,0.0,0.0,0.0,0.0,0.0,0.0,0.0,0.0,0.0,0.0,0.0,0.0,0.0,0.0,0.0,0.0,0.0,0.0,0.0,0.0,0.0,0.0,0.0,0.0,0.0,0.0,0.0,0.0,0.0,0.0,0.0,0.0,0.0,0.0,0.0,0.0,0.0,0.0,0.0,0.0,0.0,0.0,0.0,0.0,0.0,0.0,0.0,0.00012,0.0,0.0,0.0,0.0,0.0,0.0,0.0,0.0,0.47778,0.04601,0.00513,0.00347,0.00131,0.00032,0.0,0.0,0.0,0.0,0.0,0.0,0.0,0.0,0.0,0.0,0.0,0.0,0.0,0.0,0.0,0.0
CRR1090832,1,0.00145,2.4774,0.33536,0.0,74.26947,0.0,0.0,0.84921,2.12798,0.49635999999999997,0.22846000000000002,0.69463,0.0,0.0,10.00266,0.0,0.0266,0.0,0.00246,0.0,0.03805,0.00681,0.0,0.0,0.0,0.06810000000000001,0.0,0.00377,2.72701,0.0,0.0,0.00251,0.0,0.0,0.0,0.0,0.0,0.0,0.0,0.0,0.0,0.0,0.0,0.0,0.0,0.0,0.0,0.0,0.0,0.0,0.0,0.9108599999999999,0.0,0.0,0.0,0.0,0.0,0.0,0.0,0.0,0.0,0.0,0.0,0.0,0.02124,0.0,0.0,4.68366,0.0,0.0,0.0,0.0,0.0,0.0037199999999999998,0.0,0.00217,0.0,0.00369,0.0,0.0,0.0,0.0,0.0,0.0,0.0,0.0,0.0,0.0,0.0,0.0,0.0,0.0,0.0,0.0,0.0,0.0,0.0,0.0,0.0,0.0,0.0,0.0,0.0,0.0,0.0,0.0,0.0,0.0,0.0,0.0,0.0,0.0,0.0,0.0,0.0,0.0,0.0,0.0,0.0,0.0,0.0,0.0,0.0,0.0,0.0,0.0,0.0,0.0,0.0,0.0,0.006670000000000001,0.0,0.0,0.0,0.0,0.0,0.0,0.0,0.0,0.0,0.0,0.0,0.00099,0.0,0.0,0.00103,0.0,0.0,0.0,0.0,0.0,0.0,0.0,0.0,0.0,0.0,0.0,0.0,0.0,0.0,0.0,0.0,0.0,0.0,0.0,0.0,0.0,0.0,0.0,0.0,0.0,0.0,0.0,0.0,0.0,0.0,0.0,0.0,0.0,0.0,0.0,0.0,0.0,0.0,0.0,0.0,0.0,0.0,0.0,0.0,0.0,0.0,0.0,0.0,0.0,0.0,0.0077,0.0,0.0,0.0,0.0,0.0,0.0,0.0,0.0,0.0,0.0,0.0,0.0,0.0,0.0,0.0,0.0,0.0,0.0,0.0,0.0,0.0,0.0,0.0,0.0,0.0,0.0,0.0,0.0,0.0,0.0,0.0,0.0,0.0,0.0,0.0,0.0,0.0,0.0,0.0,0.0,0.0,0.0,0.0,0.0,0.0,0.0,0.0,0.0,0.0,0.0,0.0,0.0,0.0,0.0,0.0,0.0
CRR1090760,1,0.0,1.1936099999999998,0.01354,0.0,17.570120000000003,0.0,0.0,0.0,12.619919999999999,0.43927,2.0564299999999998,6.07341,0.0,0.0,57.51618,0.0,0.0,0.0,0.0,0.0,0.0633,0.0,0.0,0.0,0.0,0.19676,0.0,0.0,0.05204,0.0,0.0,0.0,0.0,0.0,0.0,0.0,0.0,0.0,0.0,0.0,0.0,0.0,0.0,0.0,0.0,0.0,0.0,0.0,0.0,0.0,0.0,2.02264,0.0,0.0,0.0,0.0,0.0,0.0,0.0,0.0,0.0,0.0,0.0,0.0,0.06487,0.0,0.0,0.0,0.0,0.0,0.0,0.0,0.0,0.00316,0.0,0.0,0.0,0.11475,0.0,0.0,0.0,0.0,0.0,0.0,0.0,0.0,0.0,0.0,0.0,0.0,0.0,0.0,0.0,0.0,0.0,0.0,0.0,0.0,0.0,0.0,0.0,0.0,0.0,0.0,0.0,0.0,0.0,0.0,0.0,0.0,0.0,0.0,0.0,0.0,0.0,0.0,0.0,0.0,0.0,0.0,0.0,0.0,0.0,0.0,0.0,0.0,0.0,0.0,0.0,0.0,0.0,0.0,0.0,0.0,0.0,0.0,0.0,0.0,0.0,0.0,0.0,0.0,0.0,0.0,0.0,0.0,0.0,0.0,0.0,0.0,0.0,0.0,0.0,0.0,0.0,0.0,0.0,0.0,0.0,0.0,0.0,0.0,0.0,0.0,0.0,0.0,0.0,0.0,0.0,0.0,0.0,0.0,0.0,0.0,0.0,0.0,0.0,0.0,0.0,0.0,0.0,0.0,0.0,0.0,0.0,0.0,0.0,0.0,0.0,0.0,0.0,0.0,0.0,0.0,0.0,0.0,0.0,0.0,0.0,0.0,0.0,0.0,0.0,0.0,0.0,0.0,0.0,0.0,0.0,0.0,0.0,0.0,0.0,0.0,0.0,0.0,0.0,0.0,0.0,0.0,0.0,0.0,0.0,0.0,0.0,0.0,0.0,0.0,0.0,0.0,0.0,0.0,0.0,0.0,0.0,0.0,0.0,0.0,0.0,0.0,0.0,0.0,0.0,0.0,0.0,0.0,0.0,0.0,0.0,0.0,0.0,0.0,0.0
CRR1090806,1,0.00014,6.645669999999999,0.00498,0.0,81.85977000000003,3.71475,0.0,0.18917,0.43302,0.43370000000000003,0.35234,0.11728000000000001,0.0,0.0,0.00221,0.0,0.02845,0.0,0.0,0.0,0.08283,0.00143,0.03621,0.0,0.0,0.01453,0.0,0.0,0.4212,0.0,0.0,3.19229,0.0,0.0,0.0,0.0,0.0518,0.0,0.0,0.0,0.0,0.0,0.0,0.0,0.0,0.01904,0.0,0.02777,0.04341,0.0,0.0,0.03762,1.16203,0.14912,0.0,0.0,0.0,0.0,0.0,0.0,0.0,0.00625,0.0,0.4085,0.51023,0.0,0.0,0.0,0.0,0.0,0.0,0.00022,0.0,0.00419,0.01055,0.01501,0.02045,0.00206,0.0,0.00014,0.0,0.0,0.0,0.0,0.0,0.0,0.0,0.0,0.0,0.0,0.0,0.0,0.0,0.0,0.0,0.0,0.0,0.0,0.0,0.0,0.0,0.0,0.0,0.0,0.0,0.0,0.0,0.0,0.0,0.0,0.0,0.0,0.0,0.0,0.0,0.0,0.0,0.0,0.0,0.0,0.0,0.0,0.0,0.0,0.0,0.0,0.0,0.0,0.0,0.0,0.0,0.0,0.0,0.0,0.0,0.0,0.0,0.0,0.0,0.0,0.0,0.0,0.0,0.0,0.0,0.00166,0.0,0.0,0.0,0.0,0.0,0.0,0.0,0.0,0.0,0.0,0.0,0.0,0.0,0.0,0.0,0.0,0.0,0.0,0.0,0.0,0.0,0.0,0.0,0.0,0.0,0.0,0.0,0.0,0.0,0.0,0.0,0.0,0.0,0.0,0.0,0.0,0.0,0.0,0.0,0.0,0.0,0.0,0.0,0.0,0.0,0.0,0.0,0.0,0.0,0.0,0.0,0.0,0.0,0.0,0.0,0.0,0.0,0.0,0.0,0.0,0.0,0.0,0.0,0.0,0.0,0.0,0.0,0.0,0.0,0.0,0.0,0.0,0.0,0.0,0.0,0.0,0.0,0.0,0.0,0.0,0.0,0.0,0.0,0.0,0.0,0.0,0.0,0.0,0.0,0.0,0.0,0.0,0.0,0.0,0.0,0.0,0.0,0.0,0.0,0.0,0.0,0.0,0.0,0.0,0.0,0.0,0.0
CRR1090818,1,0.0,8.518150000000002,1.06254,0.0,67.79311000000001,4.21894,0.0,0.10598,5.747389999999999,0.64434,4.274830000000001,0.26364,0.0,0.0151,1.03803,0.0,0.04927,0.0,0.0,0.0,0.15242,0.0,0.0,0.0,0.0,0.34364999999999996,0.0,0.0,0.42738,0.0,0.0,0.0,0.0,0.0,0.0,0.0,0.0,0.0,0.0,0.0,0.0,0.00385,0.0,0.0,0.0,0.0,0.0,0.0,0.0232,0.0,0.0,0.63648,0.0,0.03181,0.0,0.0,0.0,0.0,0.0,0.0,0.0,0.0,0.0,2.67184,0.2089,0.0,0.0,1.39445,0.0,0.0,0.0,0.0026899999999999997,0.00065,0.03379,0.2347,0.0,0.0,0.09745,0.0,0.0,0.0,0.0,0.0,0.0,0.0,0.0,0.0,0.0,0.0,0.0,0.0,0.0,0.0,0.0,0.0,0.0,0.0,0.0,0.0,0.0,0.0,0.0,0.0,0.0,0.0,0.0,0.0,0.0,0.0,0.0,0.0,0.0,0.0,0.0,0.0,0.0,0.0,0.0,0.0,0.0,0.0,0.0,0.0,0.0,0.0,0.0,0.0,0.0,0.0,0.0,0.0,0.0,0.0,0.0,0.0,0.0,0.0,0.0,0.0,0.0,0.0,0.0,0.0,0.0,0.0,0.0,0.0,0.0,0.0,0.0,0.0,0.0,0.0,0.0,0.0,0.0,0.0,0.0,0.0,0.0,0.0,0.0,0.0,0.0,0.00543,0.0,0.0,0.0,0.0,0.0,0.0,0.0,0.0,0.0,0.0,0.0,0.0,0.0,0.0,0.0,0.0,0.0,0.0,0.0,0.0,0.0,0.0,0.0,0.0,0.0,0.0,0.0,0.0,0.0,0.0,0.0,0.0,0.0,0.0,0.0,0.0,0.0,0.0,0.0,0.0,0.0,0.0,0.0,0.0,0.0,0.0,0.0,0.0,0.0,0.0,0.0,0.0,0.0,0.0,0.0,0.0,0.0,0.0,0.0,0.0,0.0,0.0,0.0,0.0,0.0,0.0,0.0,0.0,0.0,0.0,0.0,0.0,0.0,0.0,0.0,0.0,0.0,0.0,0.0,0.0,0.0,0.0,0.0,0.0,0.0,0.0,0.0,0.0
CRR1090805,1,0.0,0.00364,0.00349,0.0,32.31457000000002,0.0,0.0,0.0,33.80713,0.0,1.55265,6.49381,0.0,0.03392,18.67673,0.0,0.05163,0.0,0.0,0.0,0.11573,0.0,0.0,0.0,0.00024,0.42188,0.0,0.016300000000000002,0.00807,0.0,0.0,0.0,0.0,0.0,0.0,0.0,0.0,0.0,0.0,0.0,0.0,0.0,0.0,0.0,0.0,0.0,0.0,0.0,0.06742,0.0,0.0,6.2428300000000005,0.0,0.0,0.0,0.0,0.0,0.0,0.0,0.0,0.0,0.0,0.0,0.0,0.00244,0.0,0.0,0.00121,0.0,0.0,0.0,0.029379999999999996,0.0,0.07886,0.0,0.00777,0.0,0.051390000000000005,0.0,0.0,0.0,0.0,0.0,0.0,0.0,0.0,0.0,0.0,0.0,0.0,0.0,0.0,0.0,0.0,0.0,0.0,0.0,0.0,0.0,0.0,0.0,0.01039,0.0,0.0,0.0,0.0,0.0,0.0,0.0,0.0,0.0,0.0,0.0,0.0,0.0,0.0,0.0,0.0,0.0,0.0,0.0,0.0,0.0,0.0,0.0,0.0,0.0,0.0,0.0,0.0,0.0,0.0,0.0,0.0,0.0,0.0,0.0,0.0,0.0,0.0,0.0,0.0,0.0,0.0,0.0,0.0041600000000000005,0.0,0.0,0.0,0.0,0.0,0.0,0.0,0.0,0.0,0.0,0.0,0.0,0.0,0.0,0.0,0.0,0.0,0.0,0.0,0.0,0.0,0.0,0.0,0.0,0.0,0.00398,0.0,0.0,0.0,0.0,0.0,0.0,0.0,0.0,0.0,0.0,0.0,0.0,0.0,0.0,0.0,0.0,0.0,0.0,0.0,0.0,0.0,0.0,0.0,0.0,0.0,0.0,0.0,0.0,0.0,0.0,0.0,0.0,0.0,0.0,0.0,0.0,0.0,0.0,0.0,0.0,0.0,0.0,0.0,0.0,0.0,0.0,0.0,0.0,0.0,0.0,0.0,0.0,0.0,0.0,0.0,0.0,0.0,0.0,0.0,0.0,0.0,0.0,0.0,0.0,0.0,0.0004,0.0,0.0,0.0,0.0,0.0,0.0,0.0,0.0,0.0,0.0,0.0,0.0,0.0,0.0,0.0
CRR1090764,1,0.00737,4.341179999999999,0.11009,0.0,84.48277000000003,0.00232,0.52189,0.0139,0.8255300000000002,0.14615999999999998,0.5870799999999999,0.53301,0.0,0.0,5.332770000000001,0.0,0.00664,0.0,0.0,0.0,0.056979999999999996,0.00034,0.01364,0.0,0.0,0.13693999999999998,0.0,0.0,0.0,0.0,0.0,0.0,0.0,0.0,0.0,0.0,0.0,0.0,0.0,0.0,0.0,0.04085,0.0,0.0,0.0,0.03471,0.0,0.00207,0.03629,0.0,0.0,1.7697299999999998,0.06489,0.0,0.11923,0.0,0.0,0.0,0.0,0.0,0.0,0.19716,0.0,0.41215,0.0395,0.0,0.0,0.0,0.0,0.0,0.0,0.01206,0.0,0.0,0.0,0.0,0.0,0.02691,0.12588,0.0,0.0,0.0,0.0,0.0,0.0,0.0,0.0,0.0,0.0,0.0,0.0,0.0,0.0,0.0,0.0,0.0,0.0,0.0,0.0,0.0,0.0,0.0,0.0,0.0,0.0,0.0,0.0,0.0,0.0,0.0,0.0,0.0,0.0,0.0,0.0,0.0,0.0,0.0,0.0,0.0,0.0,0.0,0.0,0.0,0.0,0.0,0.0,0.0,0.0,0.0,0.0,0.0,0.0,0.0,0.0,0.0,0.0,0.0,0.0,0.0,0.0,0.0,0.0,0.0,0.0,0.0,0.0,0.0,0.0,0.0,0.0,0.0,0.0,0.0,0.0,0.0,0.0,0.0,0.0,0.0,0.0,0.0,0.0,0.0,0.0,0.0,0.0,0.0,0.0,0.0,0.0,0.0,0.0,0.0,0.0,0.0,0.0,0.0,0.0,0.0,0.0,0.0,0.0,0.0,0.0,0.0,0.0,0.0,0.0,0.0,0.0,0.0,0.0,0.0,0.0,0.0,0.0,0.0,0.0,0.0,0.0,0.0,0.0,0.0,0.0,0.0,0.0,0.0,0.0,0.0,0.0,0.0,0.0,0.0,0.0,0.0,0.0,0.0,0.0,0.0,0.0,0.0,0.0,0.0,0.0,0.0,0.0,0.0,0.0,0.0,0.0,0.0,0.0,0.0,0.0,0.0,0.0,0.0,0.0,0.0,0.0,0.0,0.0,0.0,0.0,0.0,0.0,0.0,0.0,0.0,0.0,0.0,0.0
CRR1090823,1,0.0,32.42486,0.14550000000000002,0.25954,40.26204000000003,0.43868999999999997,0.0,0.19461,0.07765,0.0159,0.1771,16.35906,0.0,0.0,0.00758,0.0,0.0,0.01098,0.0,0.0,0.0,0.0,0.02614,0.0,0.0,0.0,0.0,0.0,0.08479,0.0,1.59945,0.0,0.0,0.99118,0.0,0.0,0.0,0.0,0.0,0.00282,0.01187,0.0,0.0,0.00228,0.0,0.00068,0.0,0.0,0.01068,0.01558,0.0,0.0,0.07413,0.04888,0.0,0.0,0.18839,0.03986,0.0,0.0,0.0,0.0,0.0,1.86832,0.0,0.03233,0.0,0.0,0.0,0.0,0.01155,0.0,0.0,0.0,0.0,0.0,0.0,0.0,0.00706,0.0,0.0,0.0,0.0,0.0,0.0,0.0,0.0,0.0,0.00264,2.01569,0.0,0.0,0.0,0.0,0.0,0.0,0.9998,0.0,0.0,0.0,0.0006,0.0,0.0,0.0,0.0,0.0,0.0,0.0,0.0,0.13241,0.0,0.0,0.0,0.0,0.0,0.0,0.0,0.0,0.0,0.0,0.0,0.0,0.02736,0.0,0.00144,0.0,0.01466,0.00174,0.0,0.0,0.0,0.0,0.0,0.0,0.16417,0.0,0.0,0.0,0.0,0.0,0.0,0.0,0.0,0.0,0.0,0.0,0.0,0.0,0.0,0.0,0.0,0.0,0.0,0.0,0.0,0.0,0.0,0.0,0.0,0.0,0.0,0.0,0.0,0.0,0.0,0.0,0.0,0.0,0.0,0.0,0.0,0.0,0.75556,0.0,0.0,0.0,0.0,0.0,0.0,0.0,0.0,0.0,0.0,0.0,0.0,0.0,0.49441,0.0,0.0,0.0,0.0,0.0,0.0,0.0,0.0,0.0,0.0,0.0,0.0,0.0,0.0,0.0,0.0,0.0,0.0,0.0,0.0,0.0,0.0,0.0,0.0,0.0,0.0,0.0,0.0,0.0,0.0,0.0,0.0,0.0,0.0,0.0,0.0,0.0,0.0,0.0,0.0,0.0,0.0,0.0,0.0,0.0,0.0,0.0,0.0,0.0,0.0,0.0,0.0,0.0,0.0,0.0,0.0,0.0,0.0,0.0,0.0,0.0,0.0,0.0,0.0,0.0,0.0
CRR1090853,0,0.0,14.707780000000003,0.07107,0.0,37.193409999999986,0.02693,0.0,0.01772,0.14743,0.55165,0.6626700000000001,0.016669999999999997,0.0,0.0,25.8621,0.0,0.00398,0.0,0.0,0.0,0.02231,0.0,0.0,0.0,0.0,0.01195,0.0,0.0,0.08357,0.00333,4.33291,0.0,0.00076,0.0,5.67669,0.0,0.17598,0.0,0.0,0.0,0.01843,0.0,0.0,0.19764,0.0,0.050589999999999996,0.0,0.03376,0.16713,0.0,0.0,0.26166,0.029480000000000003,0.17647,0.0,0.0,0.0,0.00483,0.0,0.0,0.0,0.03609,0.0,2.42078,0.03591,0.0,0.0,0.34523,0.0,0.0,0.0,0.0,0.0,0.0,0.0,0.00095,5.76209,7e-05,0.0,0.01524,0.0,0.0,0.0,0.19008,0.0,0.0,0.0,0.0,0.0,0.0,0.02313,0.00514,0.0,0.04804,0.0,0.0,0.0,0.00159,0.0,0.0,0.01141,0.0,0.0,0.0,0.0,0.53355,0.0,0.0,0.0,0.0,0.0,0.0,0.0,0.0,0.0,0.0,0.0,0.0,0.0,0.0,0.0,0.0,0.0,0.0,0.0,0.0,0.0,0.0,0.0,0.0,0.0,0.0,0.0,0.0,0.0,0.04556,0.0,0.0,0.0,0.0,0.0,0.0,0.0,0.0,0.0,0.0,0.0,0.0,0.0,0.0,0.0,0.0,0.0,0.00261,0.0,0.0,0.0,0.0,0.0,0.0,0.0,0.0,0.0,0.0,0.0,0.0,0.0,0.0,0.0,0.0,0.0,0.013,0.0,0.0,0.0,0.0,0.0,0.0,0.0,0.0,0.0,0.0,0.0,0.0,0.0,0.0,0.0,0.0,0.0,0.0,0.0,0.0,0.0,0.0,0.0,0.0,0.0,0.0,0.0,0.0,0.0,0.0,0.0,0.0,0.0,0.0,0.0,0.0,0.0,0.0,0.0,0.0,0.0,0.0,0.0,0.0,0.0,0.0,0.0,0.0,0.0,0.0,0.0,0.0,0.0,0.0,0.0,0.0,0.0,0.0,0.0,0.0,0.0,0.0,0.0,0.0,0.0,0.0,0.00067,0.0,0.0,0.0,0.0,0.0,0.0,0.0,0.0,0.0,0.0,0.0,0.0,0.0,0.0
CRR1090772,1,0.0,16.903770000000005,3.3991100000000003,0.0,63.419039999999974,0.04603,0.0,0.14797,1.0661099999999997,0.70776,1.80499,0.48413000000000006,0.0,0.00924,3.29023,0.0,0.00978,0.0,0.0,0.0,0.022539999999999998,0.00543,0.0,0.0,0.0,0.08629,0.0,0.00126,7.24455,0.0,0.0,0.0,0.0,0.0,0.0,0.0,0.0,0.0,0.0,0.0,0.0,0.08208,0.0,0.0,0.0,0.0,0.0,0.00299,0.0,0.0,0.0,0.48767999999999995,0.0,0.0,0.0,0.0,0.0,0.0,0.0,0.0,0.0,0.0,0.0,0.00435,0.59961,0.0,0.0,0.14122,0.0,0.0,0.0,0.00064,0.00798,0.00402,0.0,0.0,0.0,0.02117,0.0,0.0,0.0,0.0,0.0,0.0,0.0,0.0,0.0,0.0,0.0,0.0,0.0,0.0,0.0,0.0,0.0,0.0,0.0,0.0,0.0,0.0,0.0,0.0,0.0,0.0,0.0,0.0,0.0,0.0,0.0,0.0,0.0,0.0,0.0,0.0,0.0,0.0,0.0,0.0,0.0,0.0,0.0,0.0,0.0,0.0,0.0,0.0,0.0,0.0,0.0,0.0,0.0,0.0,0.0,0.0,0.0,0.0,0.0,0.0,0.0,0.0,0.0,0.0,0.0,0.0,0.0,0.0,0.0,0.0,0.0,0.0,0.0,0.0,0.0,0.0,0.0,0.0,0.0,0.0,0.0,0.0,0.0,0.0,0.0,0.0,0.0,0.0,0.0,0.0,0.0,0.0,0.0,0.0,0.0,0.0,0.0,0.0,0.0,0.0,0.0,0.0,0.0,0.0,0.0,0.0,0.0,0.0,0.0,0.0,0.0,0.0,0.0,0.0,0.0,0.0,0.0,0.0,0.0,0.0,0.0,0.0,0.0,0.0,0.0,0.0,0.0,0.0,0.0,0.0,0.0,0.0,0.0,0.0,0.0,0.0,0.0,0.0,0.0,0.0,0.0,0.0,0.0,0.0,0.0,0.0,0.0,0.0,0.0,0.0,0.0,0.0,0.0,0.0,0.0,0.0,0.0,0.0,0.0,0.0,0.0,0.0,0.0,0.0,0.0,0.0,0.0,0.0,0.0,0.0,0.0,0.0,0.0,0.0,0.0
CRR1090812,1,0.024399999999999998,29.496539999999996,0.11814999999999999,0.0,49.28334000000003,0.20361,0.0,0.01305,0.09459,0.23498000000000002,0.6319300000000001,6.91863,0.0,0.0,1.15289,0.0,0.0,0.0,0.0,0.0,0.00491,0.0,0.0,0.0,0.0,0.01314,0.00117,0.0,0.0,0.00405,0.0,0.0,0.0,0.0,0.0,0.0,0.0,0.0,0.0,0.0,0.0,0.0,0.0,0.00249,0.0,0.00523,0.0,0.0,0.050600000000000006,0.02338,0.0,0.03823,0.0,0.0,0.0,0.0,0.0,0.00511,0.0,0.0,0.0,0.13848,0.0,2.33488,0.10624,0.0,0.0,0.18241,0.0,0.0,0.0,0.0,0.0,0.0035,0.0,0.0,8.91307,0.0,0.0,0.0,0.0,0.0,0.0,0.0,0.0,0.0,0.0,0.0,0.0,0.0,0.0,0.0,0.0,0.0,0.0,0.0,0.0,0.0,0.0,0.0,0.0,0.0,0.0,0.0,0.0,0.0,0.0,0.0,0.0,0.0,0.0,0.0,0.0,0.0,0.0,0.0,0.0,0.0,0.0,0.0,0.0,0.0,0.0,0.0,0.0,0.0,0.0,0.0,0.0,0.0,0.0,0.0,0.0,0.0,0.0,0.0,0.0,0.0,0.0,0.0,0.0,0.0,0.0,0.0,0.0,0.0,0.0,0.0,0.0,0.0,0.0,0.0,0.0,0.0,0.0,0.0,0.0,0.0,0.0,0.0,0.0,0.0,0.0,0.0,0.0,0.0,0.0,0.0,0.0,0.0,0.0,0.0,0.0,0.0,0.0,0.0,0.0,0.0,0.0,0.0,0.0,0.0,0.0,0.0,0.0,0.0,0.0,0.0,0.0,0.0,0.0,0.0,0.0,0.0,0.0,0.0,0.0,0.0,0.0,0.0,0.0,0.0,0.0,0.0,0.0,0.0,0.0,0.0,0.0,0.0,0.0,0.0,0.0,0.0,0.0,0.0,0.0,0.0,0.0,0.0,0.0,0.0,0.0,0.0,0.0,0.0,0.0,0.0,0.0,0.0,0.0,0.0,0.0,0.0,0.0,0.0,0.0,0.00099,0.0,0.0,0.0,0.0,0.0,0.0,0.0,0.0,0.0,0.0,0.0,0.0,0.0,0.0,0.0
CRR1090742,1,0.0,13.791329999999999,2.3293699999999995,0.0,48.47472999999999,0.05527,0.0,0.01148,12.93717,2.57131,1.9747800000000002,10.23466,0.0,0.0,1.8663400000000003,0.01862,0.0,0.0,0.0,0.0,0.0,0.0,0.00207,0.0,0.00402,0.09009,0.0,0.0,0.10595,0.0,0.0,2.01816,0.0,0.0,0.27204,0.0,0.0,0.0,0.0,0.00032,0.0,0.0,0.0,0.13479,0.0,0.030350000000000002,0.0,9e-05,0.04009,0.0,0.0,0.0232,0.20873,0.07911,0.0,0.12695,0.0,0.01398,0.0,0.0,0.0,0.0,0.0,0.05742,0.02677,0.0,0.0,0.0,0.75418,0.0,0.47746,0.0,0.0017100000000000001,0.0,0.0,0.0,0.0,0.022449999999999998,0.0666,0.0,0.0,0.08195,0.0,0.0,0.0,0.05363,0.0,0.23573,0.0,0.0,0.0,0.0,0.0,0.0,0.0,0.0,0.0,0.0,0.0,0.0,0.0,0.0,0.0,0.0,0.0,0.0,0.0,0.32716,0.0,0.08505,0.0,0.0,0.0,0.0,0.0,0.0,0.0,0.0,0.0,0.0,0.0,0.0,0.0,0.0,0.0,0.0,0.0,0.04273,0.0,0.0,0.0,0.0,0.0,0.00067,0.35141,0.0,0.0,0.0,0.0,0.0,0.0,0.0,0.0,0.0,0.0,0.0,0.0,0.0,0.0,0.0,0.0,0.0,0.0,0.0,0.0,0.0,0.0,0.0,0.0,0.0,0.0,0.0,0.0,0.0,0.0,0.0,0.0,0.0,0.0,0.0,0.0,0.0,0.0,0.0,0.0,0.0,0.0,0.0,0.0,0.0,0.0,0.0,0.0,0.0,0.0,0.0,0.0,0.0,0.0,0.0,0.0,0.0,0.0,0.0,0.0,0.0,0.0,0.0,0.0,0.0,0.0,0.0,0.0,0.0,0.0,0.0,0.0,0.0,0.0,0.0,0.0,0.0,0.0,0.0,0.0,0.0,0.0,0.0,0.0,0.0,0.0,0.0,0.0,0.0,0.0,0.0,0.0,0.0,0.0,0.0,0.0,0.0,0.0,0.0,0.0,0.0,0.0,0.0,0.0,0.0,0.0,0.0,0.0,0.0,0.0,0.0,0.0,0.0,0.0,0.0,0.0,0.0,0.0
CRR1090784,1,0.0,20.84899,0.09121,0.0,66.71369000000003,0.0,0.0,0.0,0.01009,1.73699,2.18613,0.047189999999999996,0.0,0.00089,4.12074,0.0,0.02488,0.11941,0.0,0.0,0.04916,0.0034,0.01116,0.0,0.0,0.00245,0.0,0.00243,0.03267,0.0,0.0,0.0,0.0,0.0,0.0,0.00899,0.0,0.0,0.0,0.02107,0.0,0.0,0.0,0.02082,0.0,0.17053000000000001,0.0,0.0,0.01911,0.0,0.0,3.44848,0.12372,0.02465,0.0,0.0,0.0,0.01899,0.0,0.08695,0.0,0.0,0.0,0.0,0.0,0.0,0.0,0.0,0.0,0.0,0.0,0.0,0.0,0.0,0.0,0.0,0.0,0.0,0.0,0.0,0.0,0.0,0.0,0.00523,0.0,0.0,0.0,0.0,0.0,0.0,0.04994,0.0,0.0,0.0,0.0,0.0,0.0,0.0,0.0,0.0,0.0,0.0,0.0,0.0,0.0,0.0,0.0,0.0,0.0,0.0,0.0,0.0,0.0,0.0,0.0,0.0,0.0,0.0,0.0,0.0,0.0,0.0,0.0,0.0,0.0,0.0,0.0,0.0,0.0,0.0,0.0,0.0,0.0,0.0,0.0,0.0,0.0,0.0,0.0,0.0,0.0,0.0,0.0,0.0,0.0,0.0,0.0,0.0,0.0,0.0,0.0,0.0,0.0,0.0,0.0,0.0,0.0,0.0,0.0,0.0,0.0,0.0,0.0,0.0,0.0,0.0,0.0,0.0,0.0,0.0,0.0,0.0,0.0,0.0,0.0,0.0,0.0,0.0,0.0,0.0,0.0,0.0,0.0,0.0,0.0,0.0,0.0,0.0,0.0,0.0,0.0,0.0,0.0,0.0,0.0,0.0,0.0,0.0,0.0,0.0,0.0,0.0,0.0,0.0,0.0,0.0,0.0,0.0,0.0,0.0,0.0,0.0,0.0,0.0,0.0,0.0,0.0,0.0,0.0,0.0,0.0,0.0,0.0,0.0,0.0,0.0,0.0,0.0,0.0,0.0,0.0,0.0,0.0,0.0,0.0,0.0,0.0,0.0,0.0,0.0,0.0,0.0,0.0,0.0,0.0,0.0,0.0,0.0,0.0,0.0,0.0,0.0,0.0
CRR1090770,1,0.00017,44.22121,3.8932900000000004,0.0,28.944820000000004,0.732,0.0,0.31181,0.5992200000000001,2.8056,3.2542899999999997,9.181,0.0,0.0,2.39818,0.0,0.0,0.0,0.0,0.0,0.0,0.0,0.0,0.0,1.59974,0.0,0.0,0.0,0.99022,0.0,0.0,0.0,0.0,0.0,0.0,0.0,0.0,0.0,0.0,0.0,0.0,0.0,0.0,0.0,0.0,0.0,0.0,0.0,0.1581,0.0,0.0,0.17792,0.0,0.08528,0.0,0.0,0.0,0.0,0.0,0.0,0.0,0.0,0.0,0.0,0.50189,0.0,0.0,0.13081,0.0,0.0,0.0,0.0,0.0,0.013,0.0,0.0,0.0,0.00145,0.0,0.0,0.0,0.0,0.0,0.0,0.0,0.0,0.0,0.0,0.0,0.0,0.0,0.0,0.0,0.0,0.0,0.0,0.0,0.0,0.0,0.0,0.0,0.0,0.0,0.0,0.0,0.0,0.0,0.0,0.0,0.0,0.0,0.0,0.0,0.0,0.0,0.0,0.0,0.0,0.0,0.0,0.0,0.0,0.0,0.0,0.0,0.0,0.0,0.0,0.0,0.0,0.0,0.0,0.0,0.0,0.0,0.0,0.0,0.0,0.0,0.0,0.0,0.0,0.0,0.0,0.0,0.0,0.0,0.0,0.0,0.0,0.0,0.0,0.0,0.0,0.0,0.0,0.0,0.0,0.0,0.0,0.0,0.0,0.0,0.0,0.0,0.0,0.0,0.0,0.0,0.0,0.0,0.0,0.0,0.0,0.0,0.0,0.0,0.0,0.0,0.0,0.0,0.0,0.0,0.0,0.0,0.0,0.0,0.0,0.0,0.0,0.0,0.0,0.0,0.0,0.0,0.0,0.0,0.0,0.0,0.0,0.0,0.0,0.0,0.0,0.0,0.0,0.0,0.0,0.0,0.0,0.0,0.0,0.0,0.0,0.0,0.0,0.0,0.0,0.0,0.0,0.0,0.0,0.0,0.0,0.0,0.0,0.0,0.0,0.0,0.0,0.0,0.0,0.0,0.0,0.0,0.0,0.0,0.0,0.0,0.0,0.0,0.0,0.0,0.0,0.0,0.0,0.0,0.0,0.0,0.0,0.0,0.0,0.0
CRR1090847,1,0.0,30.659899999999997,0.48785,4.32169,28.809189999999987,0.09831,0.0,0.0813,0.09725,0.46341,0.234,0.00699,0.27852,0.0,0.47723,0.00727,0.00929,0.04868,0.02207,0.11979,0.0,0.0,0.02911,0.0,0.03064,0.00066,0.00026,0.0,0.27161,0.29828,3.85962,0.0,1.86092,0.44196,7.18826,0.0,0.09187,0.0,0.16777,0.24425,0.29535,0.0,1.09454,0.12046,0.35993,0.09727,0.04513,0.01229,0.0178,0.00838,0.0,2.69936,0.17785,0.02732,0.02821,1.74407,0.08141,0.00343,0.01093,0.03705,0.0,0.02947,0.0,2.91339,0.0,0.0,0.0,0.01553,1.26704,0.0,0.2992,0.0,0.00039,0.0,0.0,0.0,0.0,0.0,0.00416,0.24105000000000001,0.0,0.0,0.0,0.0015,0.0,0.0,0.0,0.00046,0.0,0.0,0.0,0.0,0.0,0.0,0.0,0.0,0.0,0.0,0.0,0.0,0.01715,0.0,0.00798,0.0,0.0,0.0,0.0,0.0,0.0,0.6689,0.04123,1.14735,0.0,0.0,0.0,1.18062,0.99094,0.01201,0.0,0.00112,0.0,0.0,0.19014,0.0,0.01438,0.00175,0.00362,0.20553,0.0,0.00888,0.0,0.0,0.0,0.0,0.0,0.12478,0.0,0.0,0.0,0.0,0.0,0.0,0.0,0.00437,0.0,0.0,0.0,0.0,0.0,0.24958,0.0,0.22037,0.0,0.0,0.0,0.0,0.0,0.0,0.0,0.0,0.0,0.0,0.0,0.0,0.0,0.0,0.0,0.0,0.0,0.0,0.0,0.0,0.0,0.01184,0.0,0.0,0.0,0.0,0.0,0.0,0.00066,0.0,0.00223,0.0,0.00292,0.07729,0.0,0.0,0.0,0.0,0.0,0.0,0.18463,0.0,0.0,0.0,0.0,0.0,0.0,0.0,0.00495,0.0,0.0,0.0,0.0,0.07139,0.0,0.0,0.0,1.53328,0.0,0.0,0.0,0.0,0.0,0.0,0.013,0.0,0.0,0.0,0.0,0.0,0.0,0.0,0.56434,0.0,0.0,0.0,0.0,0.0,0.0,0.0,0.0,0.0,0.0,0.0,0.0,0.0,0.0,0.06158,0.0328,0.00742,0.0,0.0,0.0,0.0,0.0,0.0,0.0,0.0,0.0,0.0,0.0
CRR1090740,1,0.20645,10.554480000000002,1.26016,0.0,74.44306,0.07037,0.43751,0.03747,0.25437000000000004,0.35692999999999997,2.22246,0.21816,0.0,0.0,2.16113,0.0,0.0,0.0,0.0,0.0,0.00201,0.0,0.00495,0.0,0.0,0.00838,0.0837,0.0,0.11195,0.0,0.0,0.0,0.0,0.0,0.0,0.0,0.0,0.0,0.0,0.01576,0.0,0.0,0.0,0.0,0.0,0.10636999999999999,0.0,0.03041,0.00875,0.01632,0.0,0.05524,6.22725,0.00496,0.0,0.0,0.0,0.02701,0.0,0.02067,0.0,0.02029,0.0,0.0,0.1216,0.0,0.0,0.59594,0.0,0.0,0.0,0.0047,0.0,0.0,0.0,0.0,0.0,0.0147,0.0,0.0,0.0,0.0,0.0,0.0,0.0,0.0,0.0,0.0,0.0,0.0,0.0,0.0,0.0,0.0,0.0,0.0,0.0,0.0,0.00058,0.0,0.0,0.0,0.0,0.0,0.0,0.0,0.0,0.0,0.0,0.0,0.0,0.0,0.0,0.0,0.0,0.0,0.0,0.0,0.0,0.0,0.0,0.0,0.0,0.0,0.0,0.0,0.0,0.08162,0.0,0.0,0.0,0.0,0.21427,0.0,0.0,0.0,0.0,0.0,0.0,0.0,0.0,0.0,0.0,0.0,0.0,0.0,0.0,0.0,0.0,0.0,0.0,0.0,0.0,0.0,0.0,0.0,0.0,0.0,0.0,0.0,0.0,0.0,0.0,0.0,0.0,0.0,0.0,0.0,0.0,0.0,0.0,0.0,0.0,0.0,0.0,0.0,0.0,0.0,0.0,0.0,0.0,0.0,0.0,0.0,0.0,0.0,0.0,0.0,0.0,0.0,0.0,0.0,0.0,0.0,0.0,0.0,0.0,0.0,0.0,0.0,0.0,0.0,0.0,0.0,0.0,0.0,0.0,0.0,0.0,0.0,0.0,0.0,0.0,0.0,0.0,0.0,0.0,0.0,0.0,0.0,0.0,0.0,0.0,0.0,0.0,0.0,0.0,0.0,0.0,0.0,0.0,0.0,0.0,0.0,0.0,0.0,0.0,0.0,0.0,0.0,0.0,0.0,0.0,0.0,0.0,0.0,0.0,0.0,0.0,0.0,0.0,0.0,0.0
CRR1090774,1,0.0,17.336970000000004,4.67757,0.0,57.149069999999995,0.12435,0.0,0.05461,3.1103399999999994,0.83593,2.5400299999999993,3.62576,0.0,0.0212,5.49124,0.0,0.003,0.0,0.0,0.0,0.05803,0.0031,0.03718,0.05702,0.0,0.22654,0.0,0.0,0.08247,0.0,0.0,0.0,0.0,0.0,0.0,0.0,0.48925,0.0,0.0,0.0414,0.07969,0.0,0.0,0.25392,0.0,0.02554,0.0,0.00108,0.049,0.02011,0.0,0.0,0.0,0.01937,0.0,2.73149,0.0,0.014,0.0,0.0,0.0,0.31111,0.0,0.0,0.11585,0.0,0.0,0.0,0.0,0.0,0.04165,0.11425,0.01064,0.06036,0.0,0.01257,0.0,0.02025,0.0,0.0066,0.0,0.0,0.0,0.0,0.0,0.0,0.0,0.0,0.0,0.0,0.0,0.0,0.0,0.0,0.0,0.0,0.0,0.0,0.0,0.0,0.0,0.0,0.0,0.0,0.0,0.0,0.0,0.0,0.0,0.0,0.0,0.0,0.0,0.0,0.0,0.0,0.0,0.0,0.0,0.0,0.0,0.0,0.0,0.0,0.0,0.04319,0.0,0.0,0.0,0.0,0.00284,0.0,0.0,0.0,0.0,0.08087,0.0,0.0,0.0,0.0,0.0,0.0,0.0,0.0,0.0,0.00472,0.0,0.0,0.0,0.0,0.0,0.0,0.0,5e-05,0.0,0.0,0.0,0.0,0.0,0.0,0.0,0.0,0.0,0.0,0.0,0.0,0.0,0.0,0.0,0.0,0.0,0.0,0.0,0.0,0.0,0.0,0.0,0.0,0.0,0.0,0.0,0.0,0.0,0.0,0.0,0.0,0.0,0.0,0.0,0.0,0.0,0.0,0.0,0.0,0.0,0.0,0.0,0.0,0.0,0.0,0.0,0.0,0.0,0.0,0.0,0.01523,0.0,0.0,0.0,0.0,0.0,0.0,0.0,0.0,0.0,0.0,0.0,0.0,0.0,0.0,0.0,0.0,0.0,0.0,0.0,0.0,0.0,0.0,0.0,0.0,0.00059,0.0,0.0,0.0,0.0,0.0,0.0,0.0,0.0,0.0,0.0,0.0,0.0,0.0,0.0,0.0,0.0,0.0,0.0,0.0,0.0,0.0,0.0
CRR1090796,0,0.0,2.2683800000000005,0.0052,0.0,87.01340999999995,0.53846,0.0,0.0,2.12065,0.39292000000000005,2.1281600000000003,0.6128300000000001,0.0,0.0,2.2726599999999997,0.0,0.01982,0.0,0.0,0.0,0.00779,0.0,0.0,0.0,0.0,0.17865,0.0,0.0,1.51722,0.0,0.0,0.0,0.0,0.0,0.0,0.0,0.0,0.0,0.0,0.0,0.0,0.02679,0.0,0.0,0.0,0.0,0.0,0.0,0.2817,0.0,0.0,0.20606000000000002,0.0,0.03205,0.0,0.0,0.0,0.0,0.0,0.0,0.0,0.13405,0.0,0.0,0.15072,0.0,0.0,0.0,0.0,0.0,0.0,0.02049,0.0,0.02686,0.0,0.0,0.0,0.03134,0.0,0.0,0.0,0.0,0.0,0.0,0.0,0.0,0.0,0.0,0.0,0.0,0.0,0.0,0.0,0.0,0.0,0.0,0.0,0.0,0.0,0.0,0.0,0.0,0.0,0.0,0.01318,0.0,0.0,0.0,0.0,0.0,0.0,0.0,0.0,0.0,0.0,0.0,0.0,0.0,0.0,0.0,0.0,0.0,0.0,0.0,0.0,0.0,0.0,0.0,0.0,0.0,0.0,0.0,0.0,0.0,0.0,0.0,0.0,0.0,0.0,0.0,0.0,0.0,0.0,0.0,0.0,0.0,0.0,0.0,0.0,0.0,0.0,0.0,0.0,0.0,0.0,0.0,0.0,0.0,0.0,0.0,0.0,0.0,0.0,0.0,0.0,0.0,0.0,0.0,0.0,0.0,0.0,0.0,0.0,0.0,0.0,0.0,0.0,0.0,0.0,0.0,0.0,0.0,0.0,0.0,0.0,0.0,0.0,0.0,0.0,0.0,0.0,0.0,0.0,0.0,0.0,0.0,0.0,0.0,0.0,0.0,0.0,0.0,0.0,0.0,0.0,0.0,0.0,0.0,0.0,0.0,0.0,0.0,0.0,0.0,0.0,0.0,0.0,0.0,0.0,0.0,0.0,0.0,0.0,0.0,0.0,0.0,0.0,0.0,0.0,0.0,0.0,0.0,0.0,0.0,0.0,0.0,0.0,0.00069,0.0,0.0,0.0,0.0,0.0,0.0,0.0,0.0,0.0,0.0,0.0,0.0,0.0,0.0,0.0
CRR1090807,0,0.0,25.350489999999997,0.21261,0.0,54.788929999999986,0.16674,0.0,0.02453,0.07913,0.19451,0.04212,0.45714,0.0,0.0,0.14291,0.0,0.0,0.04369,0.0,0.0,0.0,0.0,0.00271,0.01239,0.0,0.0,0.00397,0.0,0.10296,0.02408,0.9897,0.7658,0.0,0.02599,9.437859999999999,0.0,0.01516,0.0,0.0,0.0,0.00077,0.03266,0.0,0.0,0.0,0.03172,0.0,0.01269,0.0,0.0065,0.0,0.01195,0.0642,0.01922,0.00953,0.0,0.19986,0.0,0.0,0.00476,0.0,0.00086,0.0,0.04334,0.0,0.0,0.0,0.0,0.0,0.0,0.0,0.0,0.00298,0.0,0.0,0.0,0.05453,0.0,0.0,0.00074,0.0,0.0,0.0,0.0,0.0,0.0,0.0,0.0,0.0,0.0,0.0,0.0,0.0,0.0,0.0,0.0,0.0,0.0,0.0,0.0,0.0,0.0,0.0,0.0,0.0,6.2569,0.0,0.0,0.0,0.0,0.0,0.02627,0.0,0.0,0.0,0.0,0.0,0.0,0.0,0.0,0.0,0.0,0.0,0.0,0.0,0.00182,0.14529,0.0,0.0,0.0,0.0,0.0,0.0,0.0,0.16292,0.02639,0.0,0.0,0.0,0.0,0.0,0.0,0.0,0.0,0.0,0.0,0.0,0.0,0.0,0.0,0.0,0.0,0.0,0.0,0.0,0.0,0.0,0.0,0.0,0.0,0.0,0.0,0.0,0.0,0.0,0.0,0.0,0.0,0.0,0.0,0.0,0.0,0.0,0.0,0.0,0.0,0.0,0.0,0.0,0.0,0.0,0.0,0.0,0.0,0.0,0.0,0.0,0.0,0.0,0.0,0.0,0.0,0.0,0.0,0.0,0.0,0.0,0.0,0.0,0.0,0.0,0.0,0.0,0.0,0.0,0.0,0.0,0.0,0.0,0.0,0.0,0.0,0.0,0.0,0.0,0.0,0.0,0.0,0.0,0.0,0.0,0.0,0.0,0.0,0.0,0.0,0.0,0.0,0.0,0.0,0.0,0.0,0.0,0.0,0.0,0.0,0.0,0.00064,0.0,0.0,0.0,0.0,0.0,0.0,0.0,0.0,0.0,0.0,0.0,0.0,0.0,0.0,0.0
CRR1090771,1,0.0,39.80052,2.60433,0.0,28.60862,0.29113,0.0,0.04234,1.6221899999999998,0.53017,0.35221,0.02058,0.0,0.0,24.95712,0.0,0.0,0.0,0.0,0.0,0.03088,0.0,0.0,0.0,0.0,0.05064,0.0,0.0,0.26681,0.0,0.0,0.0,0.0,0.0,0.0,0.0,0.0,0.0,0.0,0.0,0.0,0.0,0.0,0.0,0.0,0.0,0.0,0.0,0.0,0.0,0.0,0.29835999999999996,0.0,0.00774,0.0,0.0,0.0,0.0,0.0,0.0,0.0,0.0,0.0,0.0,0.12903,0.0,0.0,0.0,0.0,0.0,0.0,0.00161,0.00305,0.00367,0.37903,0.0,0.0,0.0,0.0,0.0,0.0,0.0,0.0,0.0,0.0,0.0,0.0,0.0,0.0,0.0,0.0,0.0,0.0,0.0,0.0,0.0,0.0,0.0,0.0,0.0,0.0,0.0,0.0,0.0,0.0,0.0,0.0,0.0,0.0,0.0,0.0,0.0,0.0,0.0,0.0,0.0,0.0,0.0,0.0,0.0,0.0,0.0,0.0,0.0,0.0,0.0,0.0,0.0,0.0,0.0,0.0,0.0,0.0,0.0,0.0,0.0,0.0,0.0,0.0,0.0,0.0,0.0,0.0,0.0,0.0,0.0,0.0,0.0,0.0,0.0,0.0,0.0,0.0,0.0,0.0,0.0,0.0,0.0,0.0,0.0,0.0,0.0,0.0,0.0,0.0,0.0,0.0,0.0,0.0,0.0,0.0,0.0,0.0,0.0,0.0,0.0,0.0,0.0,0.0,0.0,0.0,0.0,0.0,0.0,0.0,0.0,0.0,0.0,0.0,0.0,0.0,0.0,0.0,0.0,0.0,0.0,0.0,0.0,0.0,0.0,0.0,0.0,0.0,0.0,0.0,0.0,0.0,0.0,0.0,0.0,0.0,0.0,0.0,0.0,0.0,0.0,0.0,0.0,0.0,0.0,0.0,0.0,0.0,0.0,0.0,0.0,0.0,0.0,0.0,0.0,0.0,0.0,0.0,0.0,0.0,0.0,0.0,0.0,0.0,0.0,0.0,0.0,0.0,0.0,0.0,0.0,0.0,0.0,0.0,0.0,0.0,0.0,0.0
CRR1090781,1,0.05974,1.2859,2.1878499999999996,0.0,75.25727999999998,0.0,0.0,0.24402000000000001,1.27313,0.28258,0.24991,0.5986899999999999,0.0,0.00502,1.10699,0.0,0.02141,0.0,0.0,0.0,0.18023,0.00091,0.0,0.0,0.0,0.6697400000000001,0.0,0.0,0.01246,0.00368,0.0,0.0,0.0,0.0,0.0,0.0,0.0,0.0,0.0,0.0,0.0,0.0,0.0,0.0,0.0,0.0,0.0,0.0,0.08102999999999999,0.0,0.0,11.90146,0.0,0.0,0.0,0.0,0.0,0.0,0.0,0.0,0.0,0.003,0.0,0.0,0.01593,0.0,0.0,0.56108,0.0,0.0,0.0,0.01258,0.00248,0.00613,0.0,0.00217,3.78295,0.01437,0.0,0.0,0.0,0.0,0.0,0.0,0.0,0.0,0.0,0.0,0.0,0.0,0.0,0.0,0.0,0.0,0.0,0.0,0.0,0.0,0.0,0.0,0.0,0.0,0.0,0.0,0.0,0.08149,0.0,0.0,0.0,0.0,0.0,0.0,0.0,0.0,0.0,0.0,0.0,0.0,0.0,0.0,0.0,0.0,0.0,0.0,0.0,0.0,0.0,0.0,0.00759,0.0,0.00088,0.0,0.0,0.0,0.0,0.0,0.0,0.0,0.0,0.0,0.0,0.0,0.0,0.0,0.0,0.0,0.0,0.0,0.0,0.0,0.0,0.0,0.05789,0.0,0.0,0.0,0.0,0.01583,0.0,0.0,0.0,0.0,0.0,0.0,0.0,0.0,0.0,0.0,0.0,0.0,0.0,0.01302,0.0,0.0,0.0,0.0,0.0,0.0,0.0,0.0,0.0,0.0,0.0,0.0,0.0,0.0,0.0,0.0,0.0,0.0,0.0,0.0,0.0,0.0,0.0,0.0,0.0,0.0,0.0,0.0,0.0,0.0,0.0,0.0,0.0,0.0,0.0,0.0,0.0,0.0,0.00066,0.0,0.0,0.0,0.0,0.0,0.0,0.0,0.0,0.0,0.0,0.0,0.0,0.0,0.0,0.0,0.0,0.0,0.0,0.0,0.0,0.0,0.0,0.0,0.0,0.0,0.0,0.0,0.0,0.0,0.0,0.0,0.0,0.0,0.0,0.0,0.0,0.0,0.0,0.0,0.0,0.0,0.0
CRR1090789,1,0.04496,19.274289999999997,2.3532399999999996,0.0,61.751900000000006,1.79638,0.0,0.04414,0.1665,0.13049,0.50537,0.05576,0.0,0.0,0.58441,0.0,0.0,0.0,0.0,0.0,0.013229999999999999,0.0,0.00096,0.0,7.34377,0.0,0.0,0.0,0.39159999999999995,0.07998,0.0,0.0,0.0,0.0,0.0,0.0,0.0,0.0,0.0,0.0,0.0,0.0,0.0,0.0,0.0,0.0,0.0,0.0,0.02334,0.01628,0.0,0.21796,0.0,0.08805,0.0,0.0,0.0,0.0,0.0,0.0,0.0,0.0,0.0,2.33383,0.12533,0.0,0.0,0.61578,0.0,0.0,0.07713,0.0,0.0,0.0,0.84592,0.00497,0.0,0.0,0.0,0.0,0.0,0.0,0.0,0.0,0.0,0.0,0.0,0.0,0.0,1.11201,0.0,0.0,0.0,0.0,0.0,0.0,0.0,0.0,0.0,0.0,0.0,0.0,0.0,0.0,0.0,0.0,0.0,0.0,0.0,0.0,0.0,0.0,0.0,0.0,0.0,0.0,0.0,0.0,0.0,0.0,0.0,0.0,0.0,0.0,0.0,0.0,0.0,0.0,0.0,0.0,0.0,0.0,0.0,0.0,0.0,0.0,0.0,0.0,0.0,0.0,0.0,0.0,0.0,0.0,0.0,0.0,0.0,0.0,0.0,0.0,0.0,0.0,0.0,0.0,0.0,0.0,0.0,0.0,0.0,0.0,0.0,0.0,0.0,0.0,0.0,0.0,0.0,0.0,0.0,0.0,0.0,0.0,0.0,0.0,0.0,0.0,0.0,0.0,0.0,0.0,0.0,0.0,0.0,0.0,0.0,0.0,0.0,0.0,0.0,0.0,0.0,0.0,0.0,0.0,0.0,0.0,0.0,0.0,0.0,0.0,0.0,0.0,0.0,0.0,0.0,0.0,0.0,0.0,0.0,0.0,0.0,0.0,0.0,0.0,0.0,0.0,0.0,0.0,0.0,0.0,0.0,0.0,0.0,0.0,0.0,0.0,0.0,0.0,0.0,0.0,0.0,0.0,0.0,0.0,0.0,0.0,0.0,0.00238,0.0,0.0,0.0,0.0,0.0,0.0,0.0,0.0,0.0,0.0,0.0,0.0,0.0,0.0,0.0
CRR1090840,0,0.04558,22.345980000000004,0.73162,0.0,29.235109999999985,0.4544,0.0,0.99878,0.17287999999999995,0.07271999999999999,0.18483,21.760479999999998,0.0,0.0,0.43699,0.0,0.00232,0.0,0.0,0.0,0.03146,0.0,0.0,0.0,0.02981,0.00735,0.03523,0.0,0.11725999999999999,0.858,0.0,0.00052,0.0,0.0,0.0,0.0,0.0,0.0,0.0,0.0,0.0268,0.0,0.0,0.0,0.0,0.02626,0.0,0.03754,0.00799,0.00331,0.0,0.04059,0.0,0.08306,0.0,7.06725,0.0,0.0,0.0,0.0,0.0,0.0,0.0,14.6327,0.40283,0.0,0.0,0.07186,0.0,0.0,0.0,0.00158,0.02848,0.0,0.0,0.0,0.0,0.0,0.0,0.0,0.0,0.0,0.0,0.0,0.0,0.0,0.0,0.0,0.0,0.0,0.0,0.0,0.0,0.0,0.0,0.0,0.0,0.0,0.0,0.0,0.0,0.0,0.0,0.0,0.01102,0.0,0.0,0.0,0.0,0.0,0.0,0.0,0.0,0.0,0.0,0.0,0.0,0.0,0.0,0.0,0.0,0.0,0.0,0.0,0.0,0.0,0.0,0.0,0.0,0.0,0.0,0.0,0.0,0.0,0.0,0.0,0.0,0.0,0.0,0.0,0.0,0.0,0.0,0.0,0.0,0.0,0.0,0.0,0.0,0.0,0.0,0.0,0.0,0.0,0.0,0.0,0.0,0.0,0.0,0.0,0.0,0.0,0.0,0.0,0.0,0.0,0.0,0.0,0.0,0.0,0.0,0.0,0.0,0.0,0.0,0.0,0.0,0.0,0.0,0.0,0.0,0.0,0.0,0.0,0.0,0.0,0.0,0.0,0.0,0.0,0.0,0.0,0.0,0.0,0.0,0.0,0.0,0.00592,0.0,0.0,0.0,0.0,0.0,0.0,0.0,0.0,0.0,0.0,0.03151,0.0,0.0,0.0,0.0,0.0,0.0,0.0,0.0,0.0,0.0,0.0,0.0,0.0,0.0,0.0,0.0,0.0,0.0,0.0,0.0,0.0,0.0,0.0,0.0,0.0,0.0,0.0,0.0,0.0,0.0,0.0,0.0,0.0,0.0,0.0,0.0,0.0,0.0,0.0,0.0,0.0,0.0,0.0,0.0
CRR1090790,1,0.0,13.60964,0.01959,0.0,32.40664999999999,0.0,0.0,0.0,9.74585,0.0,0.9336799999999998,26.919950000000004,0.0,0.0,15.235349999999999,0.0,0.0,0.0,0.0,0.0,0.0,0.0,0.0,0.0,0.0,0.18356,0.0,0.0,0.0,0.0,0.0,0.0,0.0,0.0,0.0,0.0,0.0,0.0,0.0,0.0,0.0,0.0,0.0,0.0,0.0,0.0,0.0,0.0,0.0,0.0,0.0,0.79583,0.0,0.0,0.0,0.0,0.0,0.0,0.0,0.0,0.0,0.0,0.0,0.0,0.0,0.0,0.0,0.0,0.0,0.0,0.0,0.0,0.0,0.0,0.0,0.0,0.0,0.08431,0.0,0.0,0.0,0.0,0.0,0.0,0.0,0.0,0.0,0.0,0.0,0.0,0.0,0.0,0.0,0.0,0.0,0.0,0.0,0.0,0.0,0.0,0.0,0.0385,0.0,0.0,0.0,0.0,0.0,0.0,0.0,0.0,0.0,0.0,0.0,0.0,0.0,0.0,0.0,0.0,0.0,0.0,0.0,0.0,0.0,0.0,0.0,0.0,0.0,0.0,0.0,0.0,0.01184,0.0,0.0,0.0,0.0,0.0,0.0,0.0,0.0,0.0,0.0,0.0,0.0,0.0,0.0,0.0,0.0,0.0,0.0,0.0,0.0,0.0,0.0,0.0,0.0,0.0,0.0,0.0,0.0,0.0,0.0,0.0,0.0,0.0,0.0,0.0,0.0,0.0,0.0,0.0,0.0,0.0,0.0,0.0,0.0,0.0,0.0,0.0,0.0,0.0,0.0,0.0,0.0,0.0,0.0,0.0,0.0,0.0,0.0,0.0,0.0,0.0,0.0,0.0,0.0,0.0,0.0,0.0,0.0135,0.0,0.0,0.0,0.0,0.0,0.0,0.0,0.0,0.0,0.0,0.0,0.0,0.0,0.0,0.0,0.0,0.0,0.0,0.0,0.0,0.0,0.0,0.0,0.0,0.0,0.0,0.0,0.0,0.0,0.0,0.0,0.0,0.0,0.0,0.0,0.0,0.0,0.0,0.00173,0.0,0.0,0.0,0.0,0.0,0.0,0.0,0.0,0.0,0.0,0.0,0.0,0.0,0.0,0.0
CRR1090738,0,0.0,10.95128,0.9311099999999999,0.0,53.16625000000001,0.0,0.0,0.0,1.02103,9.61301,0.93133,10.693629999999999,0.0,0.0,2.54705,0.0,0.01112,0.0,0.0,0.0,0.05625,0.0,0.00518,0.0,0.0,0.04662,0.0,0.0,0.16182,0.0,0.0,2.73136,0.0,0.0,0.44448000000000004,0.0,0.0,0.0,0.0,0.01362,0.0,0.0,0.0,0.05662,0.0,0.010799999999999999,0.0,0.01547,0.0428,0.0,0.0,3.31079,2.28676,0.02259,0.0,0.0,0.0,0.00023,0.0,0.09632,0.0,0.00295,0.0,0.0,0.23591,0.0,0.0,0.29044,0.0,0.0,0.0,0.0,0.0,0.0,0.0,0.0,0.0,0.0,0.0,0.0,0.0,0.0,0.0,0.0,0.0,0.0,0.0,0.0,0.0,0.0,0.0,0.05869,0.0,0.0,0.0,0.0,0.0,0.0,0.0,0.0,0.0,0.0,0.0,0.0,0.0,0.24459,0.0,0.0,0.0,0.0,0.0,0.0,0.0,0.0,0.0,0.0,0.0,0.0,0.0,0.0,0.0,0.0,0.0,0.0,0.0,0.0,0.0,0.0,0.0,0.0,0.0,0.0,0.0,0.0,0.0,0.0,0.0,0.0,0.0,0.0,0.0,0.0,0.0,0.0,0.0,0.0,0.0,0.0,0.0,0.0,0.0,0.0,0.0,0.0,0.0,0.0,0.0,0.0,0.0,0.0,0.0,0.0,0.0,0.0,0.0,0.0,0.0,0.0,0.0,0.0,0.0,0.0,0.0,0.0,0.0,0.0,0.0,0.0,0.0,0.0,0.0,0.0,0.0,0.0,0.0,0.0,0.0,0.0,0.0,0.0,0.0,0.0,0.0,0.0,0.0,0.0,0.0,0.0,0.0,0.0,0.0,0.0,0.0,0.0,0.0,0.0,0.0,0.0,0.0,0.0,0.0,0.0,0.0,0.0,0.0,0.0,0.0,0.0,0.0,0.0,0.0,0.0,0.0,0.0,0.0,0.0,0.0,0.0,0.0,0.0,0.0,0.0,0.0,0.0,0.0,0.0,0.0,0.0,0.0,0.0,0.0,0.0,0.0,0.0,0.0,0.0,0.0,0.0,0.0,0.0,0.0,0.0,0.0
CRR1090777,1,0.0,37.160289999999996,0.27547000000000005,0.0,39.27675,0.40181,0.0,0.02882,2.8574100000000002,3.0550800000000002,0.9115599999999999,2.89334,0.0,0.0,0.22455000000000003,0.0,0.04073,0.0,0.0,0.0,0.08856,0.01127,0.0,0.0,0.0,0.01329,0.0,0.0,1.27967,0.00565,0.0,0.0,0.0,0.0,0.0,0.0,0.0,0.0,0.0,0.0685,0.0,0.12876,0.0,0.04399,0.0,0.0238,0.0,0.00333,0.02338,0.0158,0.0,0.00232,0.0,0.20293,0.0,0.0,0.0,0.01246,0.0,0.0,0.0,0.02236,0.0,0.0,0.12865,0.0,0.0,0.0,0.0,0.0,0.0,0.0,0.0,0.00767,0.0,0.0,10.75568,0.01842,0.0,0.0,0.0,0.0,0.0,0.0,0.0,0.0,0.0,0.0,0.01772,0.0,0.0,0.0,0.0,0.0,0.0,0.0,0.0,0.0,0.0,0.0,0.0,0.0,0.0,0.0,0.0,0.0,0.0,0.0,0.0,0.0,0.0,0.0,0.0,0.0,0.0,0.0,0.0,0.0,0.0,0.0,0.0,0.0,0.0,0.0,0.0,0.0,0.0,0.0,0.0,0.0,0.0,0.0,0.0,0.0,0.0,0.0,0.0,0.0,0.0,0.0,0.0,0.0,0.0,0.0,0.0,0.0,0.0,0.0,0.0,0.0,0.0,0.0,0.0,0.0,0.0,0.0,0.0,0.0,0.0,0.0,0.0,0.0,0.0,0.0,0.0,0.0,0.0,0.0,0.0,0.0,0.0,0.0,0.0,0.0,0.0,0.0,0.0,0.0,0.0,0.0,0.0,0.0,0.0,0.0,0.0,0.0,0.0,0.0,0.0,0.0,0.0,0.0,0.0,0.0,0.0,0.0,0.0,0.0,0.0,0.0,0.0,0.0,0.0,0.0,0.0,0.0,0.0,0.0,0.0,0.0,0.0,0.0,0.0,0.0,0.0,0.0,0.0,0.0,0.0,0.0,0.0,0.0,0.0,0.0,0.0,0.0,0.0,0.0,0.0,0.0,0.0,0.0,0.0,0.0,0.0,0.0,0.0,0.0,0.0,0.0,0.0,0.0,0.0,0.0,0.0,0.0,0.0,0.0,0.0,0.0,0.0,0.0,0.0
CRR1090820,1,0.00855,40.84900000000001,0.42712000000000006,1.02293,33.50206999999997,0.14898,0.0,0.34445000000000003,0.09533,0.19286,0.31506,0.0,0.0,0.0,0.32739999999999997,0.0,0.0,0.05612,0.0,0.05431,0.01326,0.0,0.11311,0.04994,0.0,0.05357999999999999,0.0,0.0,0.05491,0.11282,0.0,0.0,0.0,0.0,1.90037,0.0,0.1365,0.02312,0.0,0.0,0.09187,0.0,0.0,0.00786,0.0,0.01822,0.0,0.04496,0.0,0.0,0.0,0.05858,0.82817,0.00122,0.0423,5.23226,0.05834,0.0,0.01158,0.0,0.0,0.0,0.0,4.99253,0.0,0.0,0.0,0.0,2.2129,0.0,0.12567,0.0,0.00094,0.0,0.0,0.0,0.0,0.00299,0.00236,0.04187,0.0,0.13707,0.0,0.0,0.04185,0.00336,0.0,0.00983,0.0,0.0,0.0,0.0,0.0,0.0,0.0,0.0,0.68305,0.0,0.0,0.00596,0.00053,0.0,0.0,0.0,0.0,0.00418,0.0,0.0,0.15081,0.19266000000000003,0.01284,0.0,0.0,0.0,0.0,0.0,0.7894,0.04655,0.0,0.0,0.00028,0.00745,0.01147,0.0,0.0,0.02101,0.04436,0.01596,0.0,0.0,0.0,0.0,0.0,0.0,0.22918,0.0,0.07329,0.0,0.0,0.0,0.0,0.00255,0.0,0.0,0.0,0.0,0.0,0.0,0.48265,0.01471,0.0,0.0,0.31942,0.0,0.0,0.0,0.0,0.0,0.0,0.0,0.0,0.0,0.0,0.0,0.0,0.0,0.0,0.0,0.0,0.0,1.5039500000000001,0.0,0.009,0.0,0.08869,0.0,0.0,0.07642,0.0,0.0,0.0,0.0,0.0,0.00108,0.0,0.0,0.0,0.0,0.0,0.0,0.0,0.0,0.0,0.0,0.0,0.0,0.0,0.0,0.0,0.0,0.0,0.0,0.0,0.0,0.0,0.0,0.0,0.0,0.01071,0.0,0.0,0.0,0.0,0.0,0.0,0.0,0.0,0.0,0.0,0.0,0.0,0.0,0.0,0.0,0.0,0.0,0.0,0.0,0.0,0.0,0.0,0.0,0.0,0.0,0.0,0.0,0.0,0.0,0.0,0.0,0.0,0.0,0.85313,0.35237,0.14685,0.03223,0.02596,0.01788,0.00209,0.00188,0.00091,0.0,0.0
CRR1090779,1,0.0,7.455159999999999,10.9532,0.0,47.704640000000005,0.02029,0.53262,0.0,1.72755,4.5304,1.68952,0.00233,0.0,0.01135,23.791610000000002,0.0,0.06049,0.0,0.0,0.0,0.06570000000000001,0.01764,0.0,0.0,0.0,0.26375000000000004,0.0,0.00364,0.01298,0.0,0.0,0.0,0.0,0.0,0.12387,0.0,0.0,0.0,0.0,0.04342,0.02726,0.043,0.0,0.0,0.0,0.0037400000000000003,0.0,0.08066,0.33068,0.0,0.0,0.03756,0.10319,0.0,0.04678,0.0,0.0,0.0,0.00747,0.0654,0.0,0.05034,0.0,0.0104,0.05686,0.0,0.0,0.0,0.0,0.0,0.0,0.0473,0.00292,0.01606,0.0,0.00319,0.0,0.02537,0.0,0.01112,0.0,0.0,0.0,0.0,0.0,0.0,0.0,0.0,0.0,0.0,0.0,0.0,0.0,0.0,0.0,0.0,0.0,0.0,0.0,0.0,0.0,0.0,0.0,0.0,0.0,0.0,0.0,0.0,0.0,0.0,0.0,0.0,0.0,0.0,0.0,0.0,0.0,0.0,0.0,0.0,0.0,0.0,0.0,0.0,0.0,0.0,0.0,0.0,0.0,0.00267,0.0,0.00276,0.0,0.0,0.0,0.00599,0.00915,0.0,0.0,0.0,0.0,0.0,0.0,0.0,0.0,0.0,0.0,0.0,0.0,0.0,0.0,0.0,0.0,0.0,0.0,0.0,0.0,0.0,0.0,0.0,0.0,0.0,0.0,0.0,0.0,0.0,0.0,0.0,0.0,0.0,0.0,0.0,0.0,0.0,0.0,0.0,0.0,0.0,0.0,0.0,0.0,0.0,0.0,0.0,0.0,0.0,0.0,0.0,0.0,0.0,0.0,0.0,0.0,0.0,0.0,0.0,0.0,0.0,0.0,0.0,0.0,0.0,0.0,0.0,0.0,0.0,0.0,0.0,0.0,0.0,0.0,0.0,0.0,0.0,0.0,0.0,0.0,0.0,0.0,0.0,0.0,0.0,0.0,0.0,0.0,0.0,0.0,0.0,0.0,0.0,0.0,0.0,0.0,0.0,0.0,0.0,0.0,0.0,0.0,0.0,0.0,0.0,0.0,0.0,0.0,0.0,0.0,0.0,0.0,0.0,0.0,0.0,0.0
CRR1090783,0,0.030400000000000003,2.5103999999999997,4.22678,0.0,59.29633,0.01539,0.0,0.05078,3.559349999999999,0.5598100000000001,0.6033000000000001,2.5933599999999997,0.0,0.00242,14.667589999999999,0.0,0.03538,0.0,0.0,0.0,0.03616,0.00337,0.0,0.0,0.13502,0.17824000000000004,0.0,0.0,0.06667,0.04994,0.0,0.0,0.0,0.0,0.0,0.0,0.0,0.0,0.0,0.0,0.0,0.00118,0.0,0.0203,0.0,0.0,0.0,0.0,0.13352,0.02221,0.0,0.40768,0.0,0.02339,0.0,0.10909,0.0,0.0,0.0,0.0,0.0,0.19489,0.0,0.0063,0.01877,0.0,0.0,0.16689,0.0,0.0,0.0,0.0623,0.01088,0.00921,0.0,0.00194,10.14878,0.02708,0.0,0.0,0.0,0.0,0.0,0.0,0.0,0.0,0.0,0.0,0.0,0.0,0.0,0.0,0.0,0.0,0.0,0.0,0.0,0.0,0.0,0.0,0.0,0.0,0.0,0.0,0.0,0.00081,0.0,0.0,0.0,0.0,0.0,0.0,0.0,0.0,0.0,0.0,0.0,0.0,0.0,0.0,0.0,0.0,0.0,0.0,0.0,0.0,0.0,0.0,0.0,0.0,0.01196,0.0,0.0,0.0,0.0,0.0,0.00229,0.0,0.0,0.0,0.0,0.0,0.0,0.0,0.0,0.0,0.0,0.0,0.0,0.0,0.0,0.0,0.0,0.0,0.0,0.0,0.0,0.0,0.0,0.0,0.0,0.0,0.0,0.0,0.0,0.0,0.0,0.0,0.0,0.0,0.0,0.0,0.0,0.0,0.0,0.0,0.0,0.0,0.0,0.0,0.0,0.0,0.0,0.0,0.0,0.0,0.0,0.0,0.0,0.0,0.0,0.0,0.0,0.0,0.0,0.0,0.0,0.0,0.0,0.0,0.0,0.0,0.0,0.0,0.0,0.0,0.0,0.0,0.0,0.0,0.0,0.0,0.0,0.0,0.0,0.0,0.0,0.0,0.0,0.0,0.0,0.0,0.0,0.0,0.0,0.0,0.0,0.0,0.0,0.0,0.0,0.0,0.0,0.0,0.0,0.0,0.0,0.0,0.0,0.0,0.0,0.0,0.0,0.0,0.0,0.0,0.0,0.0,0.0,0.0,0.0,0.0,0.0
CRR1090787,1,0.01777,8.208969999999999,0.49701,0.0,61.87145000000002,0.00099,0.0,0.010239999999999999,11.24491,0.82388,1.88508,1.19757,0.0,0.0,0.21865,0.0,0.02835,0.0,0.0,0.0,0.022690000000000002,0.00023,0.00585,0.0,0.04757,0.08719,0.0,0.00051,0.03879,0.0,0.0,0.0,0.0,0.0,0.00229,0.0,0.0,0.0,0.0,0.0,0.0,0.0,0.0,0.00482,0.0,0.0,0.0,0.0,0.04761,0.0,0.0,0.08489000000000001,3.63738,0.0557,0.0,0.0,0.0,0.00217,0.0,0.0,0.0,0.0,0.0,4.98973,0.04946,0.0,0.0,0.0,0.0,0.0,0.65434,0.00363,0.0,0.0,0.05335,0.03023,4.15563,0.00922,0.0,0.0,0.0,0.0,0.0,0.01054,0.0,0.0,0.0,0.0,0.0,0.0,0.0,0.0,0.0,0.0,0.0,0.0,0.0,0.0,0.0,0.0,0.0,0.0,0.0,0.0,0.0,0.0,0.0,0.0,0.0,0.0,0.0,0.0,0.0,0.0,0.0,0.0,0.0,0.0,0.0,0.0,0.0,0.0,0.0,0.0,0.0,0.0,0.0,0.0,0.0,0.0,0.0,0.0,0.0,0.0,0.0,0.0,0.0,0.0,0.0,0.0,0.0,0.0,0.0,0.0,0.0,0.0,0.0,0.0,0.0,0.0,0.0,0.0,0.0,0.0,0.0,0.0,0.0,0.0,0.0,0.0,0.0,0.0,0.0,0.0,0.0,0.0,0.0,0.0,0.0,0.0,0.0,0.0,0.0,0.0,0.0,0.0,0.0,0.0,0.0,0.0,0.0,0.0,0.0,0.0,0.0,0.0,0.0,0.0,0.0,0.0,0.0,0.0,0.0,0.0,0.0,0.0,0.0,0.0,0.0,0.0,0.0,0.0,0.0,0.0,0.0,0.0,0.0,0.0,0.0,0.0,0.0,0.0,0.0,0.0,0.0,0.0,0.0,0.0,0.0,0.0,0.0,0.0,0.0,0.0,0.0,0.0,0.0,0.0,0.0,0.0,0.0,0.0,0.0,0.0,0.0,0.0,0.0,0.00125,0.0,0.0,0.0,0.0,0.0,0.0,0.0,0.0,0.0,0.0,0.0,0.0,0.0,0.0,0.0
CRR1090775,1,0.0,26.1224,0.00544,0.0,56.01695000000002,0.08438,0.0,0.0,0.32536,0.68159,1.47323,0.09389,0.0,0.0,0.25676,0.0,0.05021,0.0,0.0,0.0,0.09238,0.0028,0.0,0.0,0.0,0.05953,0.0,0.0,14.32941,0.10923,0.0,0.0,0.0,0.0,0.0,0.0,0.0,0.0,0.0,0.0,0.0,0.0,0.0,0.0104,0.0,0.0,0.0,0.0,0.0,0.0,0.0,0.0,0.0,0.00595,0.0,0.0,0.0,0.0,0.0,0.0,0.0,0.0,0.0,0.0,0.25601,0.0,0.0,0.0,0.0,0.0,0.0,0.0,0.0005,0.00305,0.0,0.0,0.0,0.00222,0.0,0.0,0.0,0.0,0.0,0.0,0.0,0.0,0.0,0.0,0.0,0.0,0.0,0.0,0.0,0.0,0.0,0.0,0.0,0.0,0.0,0.0,0.0,0.0,0.0,0.0,0.0,0.0,0.0,0.0,0.0,0.0,0.0,0.0,0.0,0.0,0.0,0.0,0.0,0.0,0.0,0.0,0.0,0.0,0.0,0.0,0.0,0.0,0.0,0.0,0.0,0.0,0.0,0.0,0.0,0.0,0.0,0.0116,0.0,0.0,0.0,0.0,0.0,0.0,0.0,0.0,0.0,0.00668,0.0,0.0,0.0,0.0,0.0,0.0,0.0,0.0,0.0,0.0,0.0,0.0,0.0,0.0,0.0,0.0,0.0,0.0,0.0,0.0,0.0,0.0,0.0,0.0,0.0,0.0,0.0,0.0,0.0,0.0,0.0,0.0,0.0,0.0,0.0,0.0,0.0,0.0,0.0,0.0,0.0,0.0,0.0,0.0,0.0,0.0,0.0,0.0,0.0,0.0,0.0,0.0,0.0,0.0,0.0,0.0,0.0,0.0,0.0,0.0,0.0,0.0,0.0,0.0,0.0,0.0,0.0,0.0,0.0,0.0,0.0,0.0,0.0,0.0,0.0,0.0,0.0,0.0,0.0,0.0,0.0,0.0,0.0,0.0,0.0,0.0,0.0,0.0,0.0,0.0,0.0,0.0,0.0,0.0,0.0,0.0,0.0,0.0,0.0,0.0,0.0,0.0,0.0,0.0,0.0,0.0,0.0
CRR1090815,0,0.0,24.813320000000004,0.48823,0.0,40.03383999999999,4.99978,2.07431,0.12148,0.8070900000000001,2.39295,2.09796,0.02406,0.0,0.0,18.238949999999996,0.0,0.01241,0.0,0.0,0.0,0.06638000000000001,0.0,0.0,0.0,0.0,0.15170999999999998,0.0,0.0,0.37753,0.0,0.0,0.0,0.0,0.0,0.0,0.0,0.0,0.0,0.0,0.0,0.0,0.0,0.0,0.0,0.0,0.0,0.0,0.0,0.09131,0.0,0.0,0.38181,0.0,0.0,0.0,0.0,0.0,0.0,0.0,0.0,0.0,0.0,0.0,0.0,0.0,0.02975,0.0,0.0,0.0,0.0,0.0,0.0,0.0,0.00558,0.00449,0.00425,0.0,0.0,0.0,0.0,0.0,0.0,0.0,0.0,0.0,0.0,0.0,0.0,0.0,0.0,0.0,0.0,0.0,0.0,0.0,0.0,0.0,0.0,0.0,0.0,0.0,0.0,0.0,0.0,0.0,0.0,0.0,0.0,0.0,0.0,0.0,0.0,0.0,0.0,0.0,0.0,0.0,0.0,0.0,0.0,0.0,0.0,0.0,0.0,0.0,0.0,0.0,0.0,0.0,0.0,0.0,0.0,0.0,0.0,0.0,2.70011,0.0,0.0,0.0,0.0,0.0,0.0,0.0,0.0,0.0,0.0,0.0,0.0,0.0,0.0,0.0,0.0,0.0,0.0,0.0,0.0,0.0,0.0,0.0,0.0,0.0,0.0,0.0,0.00083,0.0,0.0,0.0,0.0,0.0,0.0,0.0,0.08191,0.0,0.0,0.0,0.0,0.0,0.0,0.0,0.0,0.0,0.0,0.0,0.0,0.0,0.0,0.0,0.0,0.0,0.0,0.0,0.0,0.0,0.0,0.0,0.0,0.0,0.0,0.0,0.0,0.0,0.0,0.0,0.0,0.0,0.0,0.0,0.0,0.0,0.0,0.0,0.0,0.0,0.0,0.0,0.0,0.0,0.0,0.0,0.0,0.0,0.0,0.0,0.0,0.0,0.0,0.0,0.0,0.0,0.0,0.0,0.0,0.0,0.0,0.0,0.0,0.0,0.0,0.0,0.0,0.0,0.0,0.0,0.0,0.0,0.0,0.0,0.0,0.0,0.0,0.0,0.0,0.0
CRR1090825,0,0.0,15.518859999999998,0.0,0.0,50.55367,0.0,0.0,0.0,0.50166,0.7438,1.08217,0.98076,0.0,0.0,14.311530000000001,0.0,0.0,0.0,0.0,0.0,0.060669999999999995,0.0,0.0,0.0,0.0,0.057280000000000005,0.0,0.0,0.24155,0.0,0.0,0.0,0.0,0.0,0.0,0.0,0.0,0.0,0.0,0.0,0.0,0.0,0.0,0.0,0.0,0.0,0.0,0.0,0.19237,0.0,0.0,14.934069999999998,0.0,0.0,0.0,0.0,0.0,0.0,0.0,0.0,0.0,0.0,0.0,0.0,0.00156,0.0,0.0,0.0,0.0,0.0,0.0,0.0,0.0,0.0,0.81886,0.0,0.0,0.0,0.0,0.0,0.0,0.0,0.0,0.0,0.0,0.0,0.0,0.0,0.0,0.0,0.0,0.0,0.0,0.0,0.0,0.0,0.0,0.0,0.0,0.0,0.0,0.0,0.0,0.0,0.0,0.0,0.0,0.0,0.0,0.0,0.0,0.0,0.0,0.0,0.0,0.0,0.0,0.0,0.0,0.0,0.0,0.0,0.0,0.0,0.0,0.0,0.0,0.0,0.0,0.0,0.0,0.0,0.0,0.0,0.0,0.0,0.0,0.0,0.0,0.0,0.0,0.0,0.0,0.0,0.0,0.0,0.0,0.0,0.0,0.0,0.0,0.0,0.0,0.0,0.0,0.0,0.0,0.0,0.0,0.0,0.0,0.0,0.0,0.0,0.00121,0.0,0.0,0.0,0.0,0.0,0.0,0.0,0.0,0.0,0.0,0.0,0.0,0.0,0.0,0.0,0.0,0.0,0.0,0.0,0.0,0.0,0.0,0.0,0.0,0.0,0.0,0.0,0.0,0.0,0.0,0.0,0.0,0.0,0.0,0.0,0.0,0.0,0.0,0.0,0.0,0.0,0.0,0.0,0.0,0.0,0.0,0.0,0.0,0.0,0.0,0.0,0.0,0.0,0.0,0.0,0.0,0.0,0.0,0.0,0.0,0.0,0.0,0.0,0.0,0.0,0.0,0.0,0.0,0.0,0.0,0.0,0.0,0.0,0.0,0.0,0.0,0.0,0.0,0.0,0.0,0.0,0.0,0.0,0.0,0.0,0.0,0.0,0.0
CRR1090819,1,0.0,2.58405,0.016399999999999998,0.0,74.38410000000002,0.86148,0.0,0.02186,1.9269500000000004,0.58138,9.27285,0.02853,0.0,0.00396,8.93008,0.0,0.03817,0.0,0.0,0.0,0.027309999999999997,0.0,0.0,0.0,0.0,0.01987,0.0,0.0,0.12194,0.0,0.0,0.0,0.0,0.0,0.0,0.0,0.0,0.0,0.0,0.0,0.0,0.0,0.0,0.0,0.0,0.0,0.0,0.0,0.24568,0.0,0.0,0.00579,0.0,0.03855,0.0,0.0,0.0,0.0,0.0,0.0,0.0,0.0,0.08778,0.0,0.74272,0.0,0.0,0.04804,0.0,0.0,0.0,0.00062,0.0,0.00178,0.0,0.0,0.0,0.01007,0.0,0.0,0.0,0.0,0.0,0.0,0.0,0.0,0.0,0.0,0.0,0.0,0.0,0.0,0.0,0.0,0.0,0.0,0.0,0.0,0.0,0.0,0.0,0.0,0.0,0.0,0.0,0.0,0.0,0.0,0.0,0.0,0.0,0.0,0.0,0.0,0.0,0.0,0.0,0.0,0.0,0.0,0.0,0.0,0.0,0.0,0.0,0.0,0.0,0.0,0.0,0.0,0.0,0.0,0.0,0.0,0.0,0.0,0.0,0.0,0.0,0.0,0.0,0.0,0.0,0.0,0.0,0.0,0.0,0.0,0.0,0.0,0.0,0.0,0.0,0.0,0.0,0.0,0.0,0.0,0.0,0.0,0.0,0.0,0.0,0.0,0.0,0.0,0.0,0.0,0.0,0.0,0.0,0.0,0.0,0.0,0.0,0.0,0.0,0.0,0.0,0.0,0.0,0.0,0.0,0.0,0.0,0.0,0.0,0.0,0.0,0.0,0.0,0.0,0.0,0.0,0.0,0.0,0.0,0.0,0.0,0.0,0.0,0.0,0.0,0.0,0.0,0.0,0.0,0.0,0.0,0.0,0.0,0.0,0.0,0.0,0.0,0.0,0.0,0.0,0.0,0.0,0.0,0.0,0.0,0.0,0.0,0.0,0.0,0.0,0.0,0.0,0.0,0.0,0.0,0.0,0.0,0.0,0.0,0.0,0.0,0.0,0.0,0.0,0.0,0.0,0.0,0.0,0.0,0.0,0.0,0.0,0.0,0.0,0.0
CRR1090778,1,0.11957,16.727149999999998,0.04239,0.09262,35.33946999999998,0.11234,0.0,0.24709,2.5126199999999996,0.5301,1.31099,20.91993,0.00615,0.0,0.29605,0.0,0.0062,0.0,0.0,0.09916,0.0985,0.00054,0.0,0.10638,0.0,0.20847999999999997,0.0,0.0,0.10615000000000001,0.0614,0.06817,0.12495,0.0,0.37736,1.92386,0.0,0.0,0.00287,0.0,0.0203,0.0,0.0,0.0,0.0243,0.0,0.01998,0.00147,0.00395,0.02047,0.0,0.0,0.0,1.4311099999999999,0.0604,0.07869,0.74825,0.02023,0.0,0.0,0.0,0.0,0.12573,0.0,3.39287,0.00813,0.0,0.0,0.0,0.0,0.0,0.0,0.0027,0.0,0.04567,0.0,0.13411,7.56894,0.11013999999999999,0.00452,0.24932,0.0,0.0,0.10379,0.11878,0.0,0.0,0.10606,0.0,0.10195,0.0,0.0,0.0,0.0,0.0,0.0,0.0,0.1459,0.0,0.0,0.0,0.0,0.0,0.0,0.0,0.0,1.03968,0.0,1.47951,0.0,0.11005,0.0,0.0,0.0,0.0,0.0,0.0,0.1533,0.10519,0.0,0.0,0.00395,0.00155,0.15171,0.0,0.0,0.0,0.0,0.09993,0.0,0.0,0.0,0.0,0.23697,0.0,0.39374,0.0,0.05279,0.0,0.0,0.0,0.0,0.0,0.0,0.0,0.0,0.0,0.0,0.0,0.0,0.0,0.0,0.0,0.0,0.0,0.0,0.0,0.0,0.0,0.0,0.0,0.0,0.0,0.0,0.0,0.0,0.0,0.0,0.0,0.0,0.0,0.0,0.0,0.0,0.0,0.0,0.06266,0.0,0.0,0.0,0.0,0.0,0.0,0.0,0.0,0.0,0.0,0.0,0.0,0.0,0.0,0.0167,0.0,0.0,0.0,0.0,0.0,0.0,0.0,0.0,0.0,0.0,0.0,0.0,0.0,0.0,0.0,0.0,0.0,0.00399,0.0,0.0,0.0,0.0,0.0,0.0,0.0,0.0,0.0,0.0,0.0,0.0,0.0,0.0,0.0,0.0,0.0,0.0,0.0,0.0,0.0,0.0,0.0,0.0,0.0,0.0,0.0,0.0,0.0,0.0,0.0,0.0,0.0,0.0,0.0,0.0,0.0,0.0,0.0,0.0,0.0,0.0,0.0,0.0
CRR1090773,1,0.00866,28.367720000000006,0.69261,0.0,63.796090000000014,0.24265,0.0,0.00338,1.1302699999999999,2.0863400000000003,1.6435099999999998,0.1134,0.0,0.0,0.013470000000000001,0.0,0.00171,0.0,0.0,0.0,0.00164,0.0,0.0,0.0,0.0,0.04833,0.0,0.0,0.01513,0.0,0.0,0.0,0.0,0.0,0.0,0.0,0.0,0.0,0.0,0.00778,0.0,0.0,0.0,0.05319,0.0,0.1038,0.0,0.00685,0.01669,0.00527,0.0,0.0,0.0,0.0,0.0754,0.0,0.0,0.0,0.0,0.00761,0.0,0.05158,0.0,0.0,0.08608,0.0,0.0,1.21177,0.16586,0.0,0.0,0.01043,0.0,0.01834,0.0,0.0,0.0,0.00566,0.0,0.0,0.0,0.0,0.0,0.0,0.0,0.0,0.0,0.00741,0.0,0.0,0.0,0.0,0.0,0.0,0.0,0.0,0.0,0.0,0.0,0.0,0.0,0.0,0.0,0.0,0.0,0.0,0.0,0.0,0.0,0.0,0.0,0.0,0.0,0.0,0.0,0.0,0.0,0.0,0.0,0.0,0.0,0.0,0.0,0.0,0.0,0.0,0.0,0.0,0.0,0.0,0.0,0.0,0.0,0.0,0.0,0.0,0.0,0.0,0.0,0.0,0.0,0.0,0.0,0.0,0.0,0.0,0.0,0.0,0.0,0.0,0.0,0.0,0.0,0.0,0.0,0.0,0.0,0.0,0.0,0.0,0.0,0.0,0.0,0.0,0.0,0.0,0.0,0.0,0.0,0.0,0.0,0.0,0.0,0.0,0.0,0.0,0.0,0.0,0.0,0.0,0.0,0.0,0.0,0.0,0.0,0.0,0.0,0.0,0.0,0.0,0.0,0.0,0.0,0.0,0.0,0.0,0.00135,0.0,0.0,0.0,0.0,0.0,0.0,0.0,0.0,0.0,0.0,0.0,0.0,0.0,0.0,0.0,0.0,0.0,0.0,0.0,0.0,0.0,0.0,0.0,0.0,0.0,0.0,0.0,0.0,0.0,0.0,0.0,0.0,0.0,0.0,0.0,0.0,0.0,0.0,0.0,0.0,0.0,0.0,0.0,0.0,0.0,0.0,0.0,0.0,0.0,0.0,0.0,0.0,0.0,0.0,0.0,0.0
CRR1090834,0,0.0,1.8782699999999999,4.174639999999999,0.0,61.53415,0.09502,0.0,0.10706,8.753420000000002,0.08197,1.63587,6.298730000000001,0.0,0.00535,11.16108,0.0,0.02868,0.0,0.01108,0.0,0.026269999999999998,0.0,0.0,0.0,0.0,0.48201999999999995,0.0,0.0,2.62175,0.00108,0.0,0.0,0.0,0.0,0.0,0.0,0.0,0.0,0.0,0.0,0.0,0.0,0.0,0.0085,0.0,0.0,0.0,0.0,0.0,0.0,0.0,0.46921,0.0,0.0401,0.0,0.0,0.0,0.00647,0.0,0.0,0.0,0.0,0.0,0.0,0.28506,0.0,0.0,0.00684,0.0,0.0,0.0,0.00168,0.0,0.00352,0.00113,0.02713,0.0,0.23979999999999999,0.0,0.0,0.0,0.0,0.0,0.0,0.0,0.0,0.0,0.0,0.0,0.0,0.0,0.0,0.0,0.0,0.0,0.0,0.0,0.0,0.0,0.0,0.0,0.0,0.0,0.0,0.0,0.0,0.0,0.0,0.0,0.0,0.0,0.0,0.0,0.0,0.0,0.0,0.0,0.0,0.0,0.0,0.0,0.0,0.0,0.0,0.0,0.0,0.0,0.0,0.0,0.0,0.00724,0.0,0.0,0.0,0.0,0.0,0.0,0.0,0.0,0.0,0.0,0.0,0.0,0.0,0.0,0.0,0.0,0.0,0.0,0.0,0.0,0.0,0.0,0.0,0.0,0.0,0.0,0.0,0.0,0.0,0.0,0.0,0.0,0.0,0.0,0.0,0.0,0.0,0.0,0.0,0.0,0.0,0.0,0.0,0.0,0.0,0.0,0.0,0.0,0.0,0.0,0.0,0.0,0.0,0.0,0.0,0.0,0.0,0.0,0.0,0.0,0.0,0.0,0.0,0.0,0.0,0.00685,0.0,0.0,0.0,0.0,0.0,0.0,0.0,0.0,0.0,0.0,0.0,0.0,0.0,0.0,0.0,0.0,0.0,0.0,0.0,0.0,0.0,0.0,0.0,0.0,0.0,0.0,0.0,0.0,0.0,0.0,0.0,0.0,0.0,0.0,0.0,0.0,0.0,0.0,0.0,0.0,0.0,0.0,0.0,0.0,0.0,0.0,0.0,0.0,0.0,0.0,0.0,0.0,0.0,0.0,0.0,0.0
CRR1090739,1,0.0,36.12298,0.14491,0.0,54.13185000000001,0.05013,0.0,0.00151,0.33146,0.14452,0.46006,8.457609999999999,0.0,0.0,0.059629999999999996,0.0,0.0,0.0,0.01626,0.0,0.0,0.0,0.0,0.0,0.0,0.0062,0.0,0.0,0.02072,0.0,0.0,0.0,0.0,0.0,0.0,0.0,0.0,0.0,0.0,0.0,0.0,0.0,0.0,0.0,0.0,0.0,0.0,0.0,0.01404,0.0,0.0,0.03274,0.0,0.00362,0.0,0.0,0.0,0.0,0.0,0.0,0.0,0.0,0.0,0.0,0.00151,0.0,0.0,0.0,0.0,0.0,0.0,0.0,0.0,0.0,0.0,0.0,0.0,0.0,0.0,0.0,0.0,0.0,0.0,0.0,0.0,0.0,0.0,0.0,0.0,0.0,0.0,0.0,0.0,0.0,0.0,0.0,0.0,0.0,0.0,0.0,0.0,0.0,0.0,0.0,0.0,0.0,0.0,0.0,0.0,0.0,0.0,0.0,0.0,0.0,0.0,0.0,0.0,0.0,0.0,0.0,0.0,0.0,0.0,0.0,0.0,0.0,0.0,0.0,0.0,0.0,0.0,0.0,0.0,0.0,0.0,0.0,0.0,0.0,0.0,0.0,0.0,0.0,0.0,0.0,0.0,0.0,0.0,0.0,0.0,0.0,0.0,0.0,0.0,0.0,0.0,0.0,0.0,0.0,0.0,0.0,0.0,0.0,0.0,0.0,0.0,0.0,0.0,0.0,0.0,0.0,0.0,0.0,0.0,0.0,0.0,0.0,0.0,0.0,0.0,0.0,0.0,0.0,0.0,0.0,0.0,0.0,0.0,0.0,0.0,0.0,0.0,0.0,0.0,0.0,0.0,0.0,0.00025,0.0,0.0,0.0,0.0,0.0,0.0,0.0,0.0,0.0,0.0,0.0,0.0,0.0,0.0,0.0,0.0,0.0,0.0,0.0,0.0,0.0,0.0,0.0,0.0,0.0,0.0,0.0,0.0,0.0,0.0,0.0,0.0,0.0,0.0,0.0,0.0,0.0,0.0,0.0,0.0,0.0,0.0,0.0,0.0,0.0,0.0,0.0,0.0,0.0,0.0,0.0,0.0,0.0,0.0,0.0,0.0
CRR1090833,0,0.0,0.0,0.0072499999999999995,0.0,0.00968,0.0,0.0,0.0,22.149679999999996,0.0,0.0,0.0,0.0,0.06607,77.30861,0.0,0.00546,0.0,0.0,0.0,0.03527,0.0,0.0,0.0,0.0,0.11087000000000001,0.0,0.0,0.0,0.0,0.0,0.0,0.0,0.0,0.0,0.0,0.0,0.0,0.0,0.0,0.0,0.0,0.0,0.0,0.0,0.0,0.0,0.0,0.0,0.0,0.0,0.0,0.0,0.0,0.0,0.0,0.0,0.0,0.0,0.0,0.0,0.0,0.0,0.0,0.0,0.0,0.0,0.0,0.0,0.0,0.0,0.12689,0.0,0.0,0.0,0.04917,0.0,0.06918,0.0,0.0,0.0,0.0,0.0,0.0,0.0,0.0,0.0,0.0,0.0,0.0,0.0,0.0,0.0,0.0,0.0,0.0,0.0,0.0,0.0,0.0,0.0,0.06188,0.0,0.0,0.0,0.0,0.0,0.0,0.0,0.0,0.0,0.0,0.0,0.0,0.0,0.0,0.0,0.0,0.0,0.0,0.0,0.0,0.0,0.0,0.0,0.0,0.0,0.0,0.0,0.0,0.0,0.0,0.0,0.0,0.0,0.0,0.0,0.0,0.0,0.0,0.0,0.0,0.0,0.0,0.0,0.0,0.0,0.0,0.0,0.0,0.0,0.0,0.0,0.0,0.0,0.0,0.0,0.0,0.0,0.0,0.0,0.0,0.0,0.0,0.0,0.0,0.0,0.0,0.0,0.0,0.0,0.0,0.0,0.0,0.0,0.0,0.0,0.0,0.0,0.0,0.0,0.0,0.0,0.0,0.0,0.0,0.0,0.0,0.0,0.0,0.0,0.0,0.0,0.0,0.0,0.0,0.0,0.0,0.0,0.0,0.0,0.0,0.0,0.0,0.0,0.0,0.0,0.0,0.0,0.0,0.0,0.0,0.0,0.0,0.0,0.0,0.0,0.0,0.0,0.0,0.0,0.0,0.0,0.0,0.0,0.0,0.0,0.0,0.0,0.0,0.0,0.0,0.0,0.0,0.0,0.0,0.0,0.0,0.0,0.0,0.0,0.0,0.0,0.0,0.0,0.0,0.0,0.0,0.0,0.0,0.0,0.0,0.0
CRR1090756,1,0.0,2.51806,0.02289,0.0,34.30641999999999,0.0,0.0,0.00348,16.44308,0.28492999999999996,2.76242,3.43912,0.0,0.0077,33.30478,0.0,0.02884,0.0,0.00586,0.0,0.12530999999999998,0.0,0.0,0.0,0.0,0.22715000000000002,0.0,0.00088,0.00814,0.0,0.0,0.0,0.0,0.0,0.0,0.0,0.0,0.0,0.0,0.0,0.0,0.209,0.0,0.0,0.0,0.0,0.0,0.0,0.0,0.0,0.0,5.695339999999999,0.0,0.0,0.0,0.0,0.0,0.0,0.0,0.0,0.0,0.0,0.0,0.0,0.18707,0.0,0.0,0.0,0.0,0.0,0.0,0.01896,0.0,0.00894,0.26864,0.00931,0.0,0.07552,0.0,0.0,0.0,0.0,0.0,0.0,0.0,0.0,0.0,0.0,0.0,0.0,0.0,0.0,0.0,0.0,0.0,0.0,0.0,0.0,0.0,0.0,0.0,0.0,0.0,0.0,0.0,0.0,0.0,0.0,0.0,0.0,0.0,0.0,0.0,0.0,0.0,0.0,0.0,0.0,0.0,0.0,0.0,0.0,0.0,0.0,0.0,0.0,0.0,0.0,0.0,0.0,0.00029,0.0,0.0,0.0,0.0,0.0,0.0,0.0,0.0,0.0,0.0,0.0,0.0,0.0,0.0,0.0,0.0,0.0,0.0,0.0,0.0,0.0,0.0,0.0,0.0,0.0,0.0,0.0,0.0,0.0,0.0,0.0,0.0,0.0,0.0,0.0,0.0,0.0,0.0,0.0,0.0,0.0,0.0,0.0,0.0,0.0,0.0,0.0,0.0,0.0,0.0,0.0,0.0,0.0,0.0,0.0,0.0,0.0,0.0,0.0,0.0,0.0,0.0,0.0,0.0,0.0,0.0,0.0,0.0,0.0,0.0,0.0,0.0,0.0,0.0,0.0,0.0,0.0,0.0,0.0,0.0,0.0,0.0,0.0,0.0,0.0,0.0,0.0,0.0,0.0,0.0,0.0,0.0,0.0,0.0,0.0,0.0,0.0,0.0,0.0,0.0,0.0,0.0,0.0,0.0,0.0,0.0,0.0,0.0,0.0,0.0,0.0,0.0,0.0,0.0,0.0,0.0,0.0,0.0,0.0,0.0,0.03115,0.00672
