sample_id,label,o__Synergistales,o__Bacteroidales,o__Coriobacteriales,o__Eubacteriales,o__Acidaminococcales,o__Desulfovibrionales,o__Lactobacillales,o__Eggerthellales,o__Erysipelotrichales,o__Enterobacterales,o__Bifidobacteriales,o__Candidatus_Saccharimonadales,o__OFGB15212,o__Candidatus_Saccharibacteria_unclassified,o__OFGB1226,o__OFGB1262,o__Selenomonadales,o__OFGB1126,o__Actinomycetales,o__Burkholderiales,o__OFGB1776,o__OFGB14936,o__OFGB2982,o__OFGB1765,o__OFGB3069,o__OFGB1217,o__OFGB75721,o__Pasteurellales,o__OFGB3048,o__OFGB3038,o__OFGB1011,o__Clostridia_unclassified,o__OFGB3047,o__Veillonellales,o__Bacteria_unclassified,o__OFGB3023,o__OFGB1354,o__OFGB2915,o__OFGB1227,o__OFGB3057,o__Verrucomicrobiales,o__OFGB1292,o__Firmicutes_unclassified,o__OFGB1380,o__OFGB3062,o__OFGB38642,o__OFGB77988,o__Propionibacteriales,o__OFGB45628,o__Candidatus_Nanogingivales,o__Bacillales,o__OFGB4806,o__Micrococcales,o__OFGB4605,o__OFGB1359,o__OFGB45503,o__OFGB72924,o__OFGB2997,o__OFGB3072,o__OFGB1325,o__OFGB2960,o__OFGB10477,o__OFGB32970,o__OFGB9989,o__Corynebacteriales,o__Fusobacteriales
CRR1012336,1,-4.711635338527974,8.178321733580544,1.7274853739427865,8.599529971887309,2.7169510428373784,4.109568715884096,2.7188162404939655,1.699712239693083,2.948342899816585,6.355807074351763,4.475098615043454,-0.4631415046408607,2.484621676789702,-0.3349816582730907,0.3969027506148233,-2.896346567902021,-4.1726394330327095,-2.82890530227332,0.29230954843480417,0.6476413059597714,5.156615832936795,3.9451444387733985,3.43134078320137,5.501549419231267,-2.3202560446022598,2.2664438299360423,-4.7857432007917495,-2.5800093027564652,1.0400284351879119,1.8917261706628117,-0.015060101748630237,1.1874775050047484,0.5693891096070349,4.8473866989877825,0.10979622061917585,1.5724973966376645,-3.290250741339695,0.7295433256950117,-3.2235593890879564,-3.713107410671604,-3.4188680718325295,-3.2398199046715312,-2.8620575022624255,-3.1165873022613515,-1.0892023742246608,6.3393212631950995,2.233139005504085,-4.865785780260363,-5.153467297157668,-5.74125218428754,-4.35496082316015,-3.7953454637958193,-5.404781090519553,0.9322946010845733,0.2218088985948089,-0.42509887995680806,5.086180698137404,-2.6593460309982757,-3.2235593890879564,5.505174497415526,0.23102555360534696,-4.259650734264829,-3.0880139379822245,-1.6705214194371905,-4.865785780260363,-1.5792529112783311
CRR1012349,0,-4.040803858348077,7.70860180895915,0.2671133948324434,9.769586765246451,-3.7894897475270852,1.5754462004493583,4.609744282058031,5.681091870117254,4.948799347097223,1.517676128694048,-1.8278321963641386,-0.27628838548634654,-0.26968770167284045,2.339801396685866,-4.194954300080465,-2.2255150877221235,0.5175727525329069,-0.3272331853709724,-0.7556067656432776,3.7170398701191187,7.024276060355121,-2.728618513337006,-0.8687215636768056,-0.6735094076709285,-1.6494245644223626,-3.2141260887342122,-4.114911720611852,-1.9091778225765679,1.587329574534508,2.7245631808038104,1.595513763396906,4.692029097886057,-0.6254232233160176,6.326303966513001,1.757854377711576,3.308333664848118,6.572465299864138,4.597011347074739,1.7703357103353754,1.613686903529103,-2.748036591652632,-2.568988424491634,3.2312954432989627,-2.445755822081454,-0.4183708940447634,-3.245874766887515,-2.310414510902197,-4.194954300080465,1.3638007422828073,-5.070420704107643,-1.9977312042243558,-3.124513983615922,-0.8687215636768056,-3.7894897475270852,-2.213954267994129,0.24573260022308943,-2.748036591652632,-1.2953674620015396,0.007246016270426084,-3.183354449006841,-3.245874766887515,-3.588819254084932,-2.417182457802327,-0.9996899392572931,-4.194954300080465,-0.9084214310984339
CRR1012358,0,-3.3856540470946874,7.9908806390728895,6.399362198329569,10.186022736160123,7.923253066560824,6.391337095113331,7.906708815086737,6.3702183181601875,5.957265837524733,6.421722291831918,8.241847894025307,2.623859467699804,0.3854621095805492,4.4501496964505565,-3.539804488827076,-1.570365276468734,-2.8466581415994225,-3.539804488827076,2.7725334344461476,3.397993246455498,-1.4295927531255825,-2.073468702083616,-0.21357175242341603,-0.01835959641753894,-0.994274753168973,-2.5589762774808227,-3.4597619093584626,1.412493573369501,-3.1343399362736957,-2.7288751985355586,-2.5907249556341254,2.9234832806313142,-3.7221257122883085,4.733275178598973,-1.4921130970733578,-1.734253090159398,-1.964269449906408,-2.4693641723625324,-3.6268157143018183,-2.3871261192383173,-2.0928867803992426,2.4211991884264523,-1.5360762108291386,-1.7906060108280646,0.2367789172086262,-2.5907249556341254,-1.6552646996488078,-3.539804488827076,-3.8274860057243814,1.8331547617854005,-1.3612735224890593,-2.4693641723625324,-4.078799799086266,-3.1343399362736957,-1.5588044567407395,0.900882411476479,-2.0928867803992426,-1.3333647395649886,-3.3856540470946874,-2.5282046377534515,-2.5907249556341254,-2.933669442831542,-1.7620326465489375,-0.34454012800390366,-3.539804488827076,-0.2532716198450442
CRR1012371,1,-4.725487055065256,7.6790309577584805,4.148739587134782,8.762296275857617,5.154854721487687,4.899201224185175,4.1961788490432435,4.973037434569139,5.861864016844546,3.6153425019289145,3.926685050419838,-0.1303686190710601,-0.9543708983900194,1.6649918502969325,-4.186491149569991,1.6014273735130495,-4.186491149569991,-4.879637496797645,0.903159856644973,3.5072175266050487,4.505648419449785,5.564130868185303,0.9896577543789498,-1.3581926043881076,-2.3341077611395415,-3.8988092854513914,-4.799594917329031,0.8230315879023233,1.3366342176061174,0.5670982153872953,-3.930557963604694,-2.9578263220842604,0.5919309917935671,0.8395791247935774,1.1324446749294277,0.9527319578555098,3.5039083434643925,-3.809197180333101,0.22529570904295776,0.35768894031608023,-2.5282637475692984,-3.253671621208813,3.5707729946193174,-3.1304390187986333,4.270384872682234,4.140045015130922,2.9210017396295016,-4.879637496797645,-2.7201547218018765,-5.755103900824822,1.140979577344577,-3.809197180333101,-0.6925128424734004,-4.474172944244264,1.4254188409264084,1.1172274370782729,0.9854114635175331,-0.4041980651742834,-4.725487055065256,-3.86803764572402,-3.930557963604694,-4.273502450802111,-3.1018656545195062,-1.6843731359744722,-4.879637496797645,-1.593104627815613
CRR1012380,0,-4.59271277048571,5.90572870631282,8.042829752786988,8.913964969925965,0.8692999805124498,2.540125604617796,5.914632541591778,5.069693111588918,5.947164980255283,4.813157711599526,5.926086397619899,-0.12516537455063112,-0.8215966138104724,3.85653658965188,-4.746863212218098,-2.7774239998597556,6.086336248114144,-4.746863212218098,4.3860363378583465,2.1097725306742294,-0.6332624728089041,-3.280527425474638,-1.4206304758144377,-1.2254183198085606,-2.2013334765599946,0.9945344646945871,-4.666820632749484,0.810606482932772,2.8890024564992633,-3.9359339219265803,-2.6266011426833042,2.8728593357170897,0.9344447456025853,3.436625571116964,2.58080614960008,-2.9413118135504197,-3.1713281732974297,-3.6764228957535536,0.6846713387448298,-3.594184842629339,5.311001898861525,2.9048891116081568,2.642493166217503,3.3645131436605773,-0.9702798061823955,-3.797783679025147,-2.8623234230398293,-0.4795011291651481,-5.034544729115403,1.689018362464652,0.47619001214884016,-3.6764228957535536,0.7825642152418043,-4.341398659664717,-2.765863180131761,-0.30617631191454264,-3.2999455037902643,-2.5404234629560105,-4.59271277048571,-3.735263361144473,-3.797783679025147,-4.140728166222564,-2.9690913699399593,-1.551598851394925,0.7509861801656756,-1.460330343236066
CRR1012436,1,-4.293113249555038,8.213064676260233,5.491275582721273,9.146957841573714,4.68451870129799,1.6608704996667938,3.605455545305727,5.257944005266815,4.9900246464794655,3.4937930218949105,4.608718757705709,1.1424770735525973,3.5852571677156067,1.85657387724621,1.6330491564985423,-2.477824478929085,-3.7541173440597735,-4.447263691287427,-1.7616878990661962,3.740080272277542,7.181509422404366,7.028989207009986,4.97533286396321,4.387508456503812,2.5544355353891803,2.336814561554292,1.76767602159183,1.6593862693441699,1.6349535562289166,1.398691610303316,0.9053823610330392,0.6875522158555075,0.6865703797528908,1.244219594517387,0.4542988534807627,0.2637652337273675,-0.21557721000665234,-0.8096791543666708,-1.520525866599955,-2.1446800982920062,-3.0003459828595935,-2.8212978156985953,-2.4435354132894895,-2.6980652132884155,-0.6706802852517246,-3.4981841580944764,-2.5627239021091586,-4.447263691287427,-4.734945208184732,-5.322730095314604,-3.936438734187214,-3.3768233748228833,-4.986259001546617,-4.041799138734047,-2.4662636592010903,-0.006576790983871968,-3.0003459828595935,-2.2408239420253397,-4.293113249555038,-3.4356638402138024,-3.4981841580944764,-3.841128645291893,-2.6694918490092885,-1.2519993304642545,-4.447263691287427,-1.1607308223053951
CRR1012452,1,-4.289054318546075,7.098583424476084,6.680557796649447,9.06588267915975,-1.0146100170394194,5.294846184053181,4.193220599358695,4.437657183155321,7.084753781074174,4.2589991424799285,8.33639712163321,1.6511155093633465,-0.5179381618708386,1.7052618725351585,-4.443204760278464,3.1639265831771337,4.21589133760017,-4.443204760278464,2.247635852545215,2.2699522663935294,-2.3329930245769703,1.468493156208013,-1.116972023874804,-0.9217598678689267,-1.8976750246203609,-3.4623765489322107,-4.363162180809851,0.6525866856969023,-4.037740207725084,-3.6322754699869466,1.5126309468388783,0.874913575070409,-4.6255259837396965,2.624823599993463,-0.32688293082895314,2.065562712511795,4.555960136537312,-3.37276444381392,-4.530215985753206,2.6721048813651707,5.328481565907696,3.413242235665462,-2.4394764822805266,1.7323142862366077,-0.6666213542427617,-3.4941252270855134,-2.5586649711001956,1.0192119573568568,-4.730886277175769,-0.6181947621415899,-0.2535516596647914,-3.37276444381392,-0.9985238801503595,-4.037740207725084,-2.4622047281921273,-0.0025178599749088944,-2.9962870518506306,-2.2367650110163764,-4.289054318546075,-3.431604909204839,-3.4941252270855134,-3.83706971428293,-2.6654329180003256,-1.2479403994552913,0.693571931787188,-1.1566718912964322
CRR1012459,1,1.409866657077281,8.296241228915585,-3.6081914116338303,8.922688690753704,-4.2441796554784545,3.3669470140458255,4.8896984394126966,5.596278235400378,6.462336741344474,5.7840237509962735,4.863585328139916,-4.831965431493067,-0.7243776096242098,-4.649644208031835,1.4180078146294195,1.0618842922625933,-3.9564978608041814,-4.649644208031835,-5.055108482808402,2.23381671342363,-2.5394324723303416,4.8941980461087695,4.773033219561842,-1.1281993156222978,3.0149353622900743,3.503607955919121,0.0850895302869105,-2.363867730527937,1.7012398449262944,2.770034424493217,2.187508098890066,-0.7510458558173242,-4.831965431493067,-4.495493766299447,1.2025566098666336,1.6083409502188526,5.787211266088786,1.0133146112258702,-4.736655433506577,0.8191172611920914,5.70480051761006,2.917355034031357,2.1584732159509588,-2.900445730032823,4.950718785011994,-3.7005646748388847,-2.7651044188535665,-4.649644208031835,-2.1509457657904845,-5.525110612059012,-4.138819250931622,-3.5792038915672912,-5.1886395182910245,-4.2441796554784545,0.883084642015322,-0.2089573077282799,-2.5095795151224296,-2.4432044587697477,-4.495493766299447,3.8638404551223693,-3.7005646748388847,4.192838227268595,-0.10281124805414056,-1.4543798472086624,-4.649644208031835,-1.363111339049803
CRR1012463,1,-2.9240040642744733,9.739899240483881,9.527375245666546,10.494864477576472,0.6555373370722257,4.848987796789078,5.768148901198872,6.16885358382172,4.026535566823771,8.59948397604296,7.53881209255768,-3.2604757294680944,0.8471120924007632,-3.078154506006862,-3.078154506006862,-1.1087152936485198,4.225911344408554,-3.078154506006862,0.43338931591012353,-0.6072356240138187,-0.9679427703053685,4.223104088623925,0.24807823039679816,1.1364375423320794,-0.5326247703487589,-2.0973262946606086,-2.9981119265382485,-0.7923780285029641,-2.6726899534534816,-2.2672252157153445,-2.129074972813912,-2.9981119265382485,-3.2604757294680944,-0.5391821700349249,-1.0304631142531437,-1.2726031073391837,-1.5026194670861939,-2.0077141895423183,-3.165165731481604,-1.9254761364181032,-1.6312367975790285,4.721938618044466,-1.0744262280089245,-1.3289560280078503,0.6984289000288403,-2.129074972813912,-1.1936147168285935,-3.078154506006862,-3.3658360229041673,-3.9536209100340396,-2.567329548906649,-2.0077141895423183,1.5468166569520003,-2.6726899534534816,-1.0971544739205255,1.362532394296693,3.0980575412265434,-0.8717147567447746,-2.9240040642744733,-2.0665546549332374,-2.129074972813912,-2.472019460011328,-1.3003826637287235,0.11710985481631048,-3.078154506006862,0.20837836297516976
CRR1012467,1,-3.6867972887095424,9.27194697595957,3.291814361129499,10.028943279911829,-3.4354831778885506,1.9556148160632496,5.521525337723282,4.761993264623681,6.11183612722953,2.252620376700154,5.307621948648628,-4.023268953903163,0.08431886796569417,-3.840947730441931,-3.840947730441931,-1.871508518083589,-3.1478013832142775,0.37364431789701025,-4.246412005218498,5.420907577812979,-1.7307359947404375,-2.374611943698471,-0.5147149940382709,-0.3195028380323939,-1.2954179947838278,2.6843246126003346,2.695983719625179,1.93824972198573,0.7725196082245029,-1.0077359550117817,-2.8918681972489804,-3.7609051509733176,2.2514910711072535,6.279086673977044,2.872614154534368,2.4747099483976664,-2.265412691521263,0.4875885745937082,-3.927958955916673,-2.6882693608531723,3.2603146294328846,3.146079064309082,3.3130147074230654,3.9251143319172,-0.06436432440622882,4.779371820114809,-1.9564079412636628,-3.840947730441931,-4.128629247339236,-4.716414134469108,-3.330122773341718,-2.7705074139773873,-0.07974924265395729,-3.4354831778885506,-1.8599476983555943,0.599739169861624,-2.3940300220140975,3.330963410559506,-3.6867972887095424,-2.8293478793683065,-2.8918681972489804,-3.234812684446397,-2.0631758881637925,-0.6456833696187586,-3.840947730441931,-0.5544148614598992
CRR1012468,1,10.02018924006041,10.17251551263619,7.020472820346456,8.875410039159204,6.095231252207571,5.700468719766297,5.783005326223458,5.658140027550029,4.970019983810992,4.240269826688369,3.7049516274764467,3.0733839407702637,2.9699367234427196,3.142880666551684,2.388368113514176,1.8530498214235758,1.1371037366172834,0.7157904472536166,0.6565626150027064,-0.0745856472116245,-1.1284399036405917,-1.7723158525986253,0.087581097061575,0.282793253067452,-0.6931219036839821,-2.257823427995832,-3.1586090598734717,-0.9528751618381872,-2.833187086788705,-2.4277223490505677,-2.2895721061491345,-3.1586090598734717,-3.420972862803317,-3.0845011976096965,-1.190960247588367,-1.433100240674407,-1.6631166004214173,-2.1682113228775415,-3.3256628648168274,-2.0859732697533264,-1.7917339309142517,-1.6126857637532535,-1.2349233613441477,-1.4894531613430735,0.537931766693617,-2.2895721061491345,-1.3541118501638167,-3.238651639342085,-3.5263331562393905,-4.114118043369262,-2.727826682241872,-2.1682113228775415,-3.7776469496012743,-2.833187086788705,-1.2576516072557484,1.2020352609614697,-1.7917339309142517,-1.0322118900799977,-3.0845011976096965,-2.2270517882684606,-2.2895721061491345,-2.6325165933465513,-1.4608797970639467,-0.043387278518912706,-3.238651639342085,0.04788122963994673
CRR1012470,1,0.6551835138458273,9.33143064706442,2.425915105720118,9.102193008422747,6.0170841766095124,3.766054261421474,3.6958110958767953,0.23642516487037335,4.301451145696196,4.171323198253895,3.304647818665257,1.348330688403372,-0.3528224060248592,2.206544567082019,-4.278089004432484,-2.3086497920741422,5.269043314542975,-4.278089004432484,0.5739396058426882,3.803178205241066,-2.167877268730991,-2.8117532176890245,-0.9518562680288243,-0.7566441120229472,-1.7325592687743814,2.758643990605822,-4.198046424963871,-1.9923125269285864,1.9391805480683812,-1.2907265631806777,2.0251386220285985,1.129081107836198,1.3877591551601294,4.459762991606208,0.8369046483327462,-2.4725376057648063,-2.7025539655118163,-3.2076486879679407,-4.365100229907227,-3.1254106348437256,4.9609667251378635,4.307072647069171,4.226759997457561,2.641593180396552,2.3878053404969153,0.9689334098346536,0.7970831545527312,0.17819275352497135,-1.1210901790256655,-5.1535554084596615,-3.7672640473322714,-3.2076486879679407,-4.817084314691674,-3.872624451879104,-2.2970889723461476,0.16259789587107062,-2.831171296004651,-2.071649255170397,-4.123938562700095,-3.26648915335886,-3.329009471239534,-3.671953958436951,-2.500317162154346,-1.0828246436093119,-4.278089004432484,-0.9915561354504525
CRR1012471,1,-0.1712839393474029,8.489145606698132,3.508477619177732,8.480730714507104,2.6159266397566845,4.134042745649482,5.682448694793727,1.7353448154306577,2.4220041166142394,4.457345619921393,5.039222636128119,-2.1990075082598417,0.08403284381829246,-4.53438091870191,-0.4797032506357849,0.4617029389882936,-3.8412345714742564,-4.53438091870191,-0.7203399515345402,3.237176437177975,5.882766565803998,-3.06804513195845,3.6047174452232356,4.104762717094859,-1.988851183043807,-3.5535527073556565,1.2239932931535755,0.6539338952688458,-0.33467748248726126,-3.7234516284103925,-0.2507960005180535,-4.4543383392332965,-1.6721816091996287,4.134042745649482,-0.7203399515345402,0.4108249152690086,3.3268307504728867,-3.463940602237366,-4.621392144176652,-3.381702549113151,-3.0874632102740764,-2.908415043113078,1.7152708580163434,-2.7851824407028984,4.918982393647062,3.8987403546153927,-2.649841129523642,-4.53438091870191,-4.822062435599215,-5.409847322729088,-4.023555961601697,5.7162462768166815,-5.0733762289610995,0.25449709655933167,1.6470133822947897,-0.09369401839835492,2.9600476305913332,-2.3279411694398227,-4.380230476969522,-3.5227810676282854,1.5939411480917123,-0.6190317566237763,0.9559316103758009,2.383488029005935,-4.53438091870191,-1.2478480497198783
CRR1012474,1,-2.665032794441751,10.90154838330168,5.564553083907064,9.78833869373441,-2.4137186836207594,5.554099426654204,6.781890396757388,2.342739848354163,6.748340283186304,9.791622584224736,-0.45206113245781265,-3.001504459635372,1.1060833622334856,-2.8191832361741396,-2.8191832361741396,-0.8497440238157977,-2.1260368889464862,-2.8191832361741396,0.9800426457568163,3.364276470024727,-0.7089715004726462,-1.35284744943068,0.5070495002295203,0.7022616562353975,-0.27365350051603676,-1.8383550248278864,-2.7391406567055263,-0.5334067586702418,-2.4137186836207594,-2.0082539458826223,-1.8701037029811893,-2.7391406567055263,2.64040061839694,6.615844492393752,-0.7714918444204215,-1.0136318375064617,-1.2436481972534716,-1.748742919709596,-2.906194461648882,-1.666504866585381,-1.372265527746306,4.577968053516749,-0.8154549581762022,-1.069984758175128,0.9574001698615624,-1.8701037029811893,-0.9346434469958715,-2.8191832361741396,-3.106864753071445,-3.6946496402013174,-2.3083582790739268,-1.748742919709596,1.79758443546649,-2.4137186836207594,-0.8381832040878031,1.6215036641294154,-1.372265527746306,-0.6127434869120523,-2.665032794441751,-1.807583385100515,-1.8701037029811893,-2.213048190178606,-1.0414113938960012,0.37608112464903287,-2.8191832361741396,0.467349632807892
CRR1012480,1,-4.0952757380782385,8.990180051244037,5.372834520862205,9.346925163831383,0.33213249093789843,2.886392189466297,5.694041347662852,4.712728905620067,3.929070640933725,3.7365669319333943,3.777123539969029,1.4609991764177281,-0.32415958140300233,2.199197802450201,-0.5077977874507491,-2.2799869674522855,5.222815145092835,-4.249426179810627,0.8695634822280648,4.714905417233341,6.056876867059907,-2.7830903930671678,1.4358511622750458,-0.7279812874010904,-1.7038964441525244,1.368554644430232,-4.169383600342014,4.802287964078218,-3.843961627257247,-3.43849688951911,-3.300346646617677,0.7533992763707469,2.2736448660291755,3.4747241622964458,1.956139510657743,-2.4438747811429495,-0.9112885416092908,-3.1789858633460835,-4.33643740528537,-3.096747810221869,6.395953399082909,2.525367307153675,-2.24569790181269,-2.5002277018116157,-0.4728427737749253,3.041433315806086,-2.364886390632359,-4.249426179810627,-4.537107696707933,-5.124892583837805,-3.7386012227104146,1.575588497915672,1.41411117576302,0.24294686402355792,-2.268426147724291,0.19126072049292758,-2.8025084713827937,-2.0429864305485403,-4.0952757380782385,-3.237826328737003,-3.300346646617677,-3.6432911338150937,-2.471654337532489,-1.054161818987455,-4.249426179810627,-0.9628933108285957
CRR1012487,1,-3.0241536590048543,9.8506984923077,-2.136851304339238,10.356451988503997,0.7729379832301884,2.3714186222134668,4.026215204003137,5.291516252947202,6.059341682809743,6.762405313011862,7.847537726814347,-3.360625324198475,0.7469624976703826,-3.1783041007372423,-3.1783041007372423,-1.2088648883789006,-2.485157753509589,-0.035591231557440206,-3.5837683755138094,-0.7073852187441995,-1.0680923650357492,-1.7119683139937827,0.14792863566641745,7.614327399518458,-0.6327743650791396,4.695736030409167,-3.098261521268629,-0.8925276232333448,-2.772839548183862,3.6435284508881773,-2.2292245675442923,0.6096646270914952,-3.360625324198475,-3.0241536590048543,2.58217205617957,0.804486339969733,-1.6027690618165746,-2.107863784272699,-3.2653153262119847,-2.0256257311484838,-0.5392483187396498,5.5208755921843045,-1.174575822739305,-1.429105622738231,0.5982793052984596,-2.2292245675442923,-1.2937643115589743,-3.1783041007372423,-3.4659856176345483,-4.05377050476442,-2.6674791436370295,8.713819540460085,-3.7172994109964317,-2.772839548183862,-1.197304068650906,1.2623827995663124,-1.731386392309409,-0.9718643514751553,-3.0241536590048543,-2.166704249663618,-2.2292245675442923,-2.572169054741709,3.8798789920389183,0.016960260085929966,-3.1783041007372423,0.10822876824478922
CRR1012491,1,-3.2769012039498437,8.937600802398538,-2.3895988492842277,10.204370789126115,-3.025587093128852,4.237118312508795,6.193436571239352,3.886380409502099,5.284334785292375,6.31840855264672,-1.0639295419659054,1.180761432915541,0.49421495272539273,-2.737905298454579,-3.431051645682232,-1.4616124333238902,-2.737905298454579,-3.431051645682232,2.76301188824587,6.380081350047833,-1.3208399099807389,-1.9647158589387725,-0.10481890927857229,0.09039324672730464,-0.8855219100241294,-2.450223434335979,-3.351009066213619,4.014948186949561,-3.025587093128852,-2.620122355390715,1.9349227104625033,3.7628829142120184,-3.613372869143465,8.684375913768827,4.1250261044577865,-1.6255002470145543,-1.8555166067615645,-2.3606113292176887,-3.5180628711569746,3.507231173286003,7.732983483508044,5.140217626915177,-1.427323367684295,6.338836178770352,0.34553176035346983,-2.481972112489282,-1.546511856503964,-3.431051645682232,-3.7187331625795377,-4.3065180497094095,-2.9202266885820194,-2.3606113292176887,-3.9700469559414215,-3.025587093128852,-1.4500516135958958,1.0096352546213225,-1.984133937254399,-1.2246118964201451,-3.2769012039498437,-2.419451794608608,-2.481972112489282,-2.824916599686699,-1.6532798034040939,-0.23578728485905998,-3.431051645682232,-0.14451877670020052
CRR1012495,1,-3.1211101197427893,7.46403603080069,1.9934546772149813,10.76282718839709,-2.8697960089217975,8.612391893996175,5.876300773309984,4.8031158760030195,6.125533200664167,7.729569987864394,3.968131607905786,1.704913869925845,0.6500060369324473,3.1862059508174285,-3.2752605614751777,-1.3058213491168358,-2.5821142142475244,-3.2752605614751777,3.1590167347929166,4.294493503264487,-1.1650488257736844,-1.808924774731718,0.05097217492848222,0.24618433093435915,-0.7297308258170748,-2.2944323501289245,-3.1952179820065645,1.5163875386215124,-2.8697960089217975,-2.4643312711836605,-2.3261810282822273,-3.1952179820065645,-3.45758178493641,7.94700117307786,-1.2275691697214597,-1.4697091628074996,-1.6997255225545098,-2.2048202450106342,-3.36227178694992,-2.122582191886419,-1.8283428530473442,4.004401376570032,5.618539245150692,-1.5260620834761662,0.5013228445605243,1.3480752781696965,-1.3907207722969097,-3.2752605614751777,-3.5629420783724832,-4.150726965502355,-2.764435604374965,-2.2048202450106342,2.2802780098179523,-2.8697960089217975,-1.2942605293888412,1.165426338828377,-1.8283428530473442,-1.0688208122130904,-3.1211101197427893,-2.2636607104015534,-2.3261810282822273,-2.669125515479644,-1.4974887191970394,-0.07999620065200534,-3.2752605614751777,0.01127230750685391
CRR1012518,1,-3.0819035395126613,9.920338717240138,5.471041393314665,10.118169169350576,5.738435800465088,3.2141514457270777,5.758716573685025,6.180566918440253,7.207355059264053,8.435961128996619,9.007144977670158,2.107075742395629,0.6892126171625753,2.358035967186454,-3.2360539812450497,-1.2666147688867078,-2.5429076340173964,-3.2360539812450497,2.7857764398560874,-0.7651350992520067,-1.1258422455435566,-1.76971819450159,0.09017875515861015,0.28539091116448717,-0.6905242455869469,-2.2552257698987965,-3.1560114017764365,-0.9502775037411522,-2.8305894286916695,-2.4251246909535324,-2.2869744480520993,-3.1560114017764365,-3.4183752047062823,-2.388757073237665,-1.1883625894913317,-1.4305025825773718,-1.660518942324382,-2.165613664780506,-3.323065206719792,-2.083375611656291,8.374026775382163,5.9318990077433,-1.2323257032471124,-1.4868555032460382,0.5405294247906522,-2.2869744480520993,-1.3515141920667817,-3.2360539812450497,-3.523735498142355,-4.111520385272227,1.9968339222120508,-2.165613664780506,-3.775049291504239,-2.8305894286916695,-1.2550539491587132,1.204632919058505,-1.7891362728172164,-1.0296142319829624,-3.0819035395126613,-2.2244541301714253,-2.2869744480520993,-2.629918935249516,-1.4582821389669114,-0.04078962042187738,-3.2360539812450497,0.05047888773698185
CRR1012523,1,-3.4072329246584405,7.02840130325308,8.09621059909221,10.141572911714483,6.400237770952218,-2.8274150579762263,8.856697412976587,4.633672658298994,3.846539290514205,1.5938314994666407,9.08929543924637,0.302847343500725,0.3638832320167962,3.619065577338362,-3.561383366390829,-1.591944154032487,-2.8682370191631756,-3.561383366390829,2.894337504620703,4.020164698819778,-1.4511716306893356,-2.0950475796473693,-0.23515062998716915,-0.03993847398129208,-1.0158536307327262,-2.5805551550445758,-3.4813407869222157,2.5781402628349737,-3.1559188138374488,-2.7504540760993117,-2.6123038331978785,2.5552426606823513,-3.7437045898520616,5.339868022561194,-1.5136919746371111,-1.755831967723151,-1.985848327470161,-2.4909430499262855,-3.6483945918655714,-2.4087049968020704,-2.1144656579629957,5.058575314466136,-1.5576550883928917,3.932859774540138,0.21520003964487297,-2.6123038331978785,-1.6768435772125607,-3.561383366390829,-3.849064883288135,1.8524906815501068,2.1227614727489574,-2.4909430499262855,2.940154858929038,-3.1559188138374488,-1.5803833343044924,0.879303533912726,-2.1144656579629957,-1.354943617128742,-3.4072329246584405,-2.5497835153172046,-2.6123038331978785,-2.9552483203952953,-1.7836115241126906,-0.36611900556765664,-3.561383366390829,-0.2748504974087974
CRR1012527,1,-2.6870975253172156,11.082089242377815,5.562476196485959,10.09362485922791,8.125191365585541,-2.1072796586350013,6.9925305064857755,3.5067231796918863,6.011343791599583,5.763618603608486,2.7019727824520343,-3.023569190510836,1.0840186313580213,-2.841247967049604,-2.841247967049604,-0.871808754691262,-2.1481016198219502,-2.841247967049604,-3.246712241826171,6.574979613628627,-0.7310362313481106,-1.3749121803061444,0.4849847693540561,0.680196925359933,-0.29571823139150094,-1.8604197557033506,-2.7612053875809903,0.8308227444555537,-2.435783414496224,-2.0303186767580863,-1.8921684338566536,-2.7612053875809903,-3.023569190510836,5.383271277514981,-0.7935565752958857,-1.035696568381926,-1.265712928128936,-1.7708076505850603,-2.9282591925243464,-1.6885695974608452,-1.3943302586217705,6.037015487613497,-0.8375196890516665,6.1934667031137325,0.9353354389860982,-1.8921684338566536,-0.9567081778713358,-2.841247967049604,-3.1289294839469095,-3.7167143710767814,-2.3304230099493912,-1.7708076505850603,-3.3802432773087934,-2.435783414496224,-0.8602479349632673,1.599438933253951,-1.3943302586217705,-0.6348082177875167,-2.6870975253172156,-1.8296481159759794,-1.8921684338566536,-2.2351129210540703,-1.0634761247714657,0.35401639377356847,-2.841247967049604,1.3831480811456602
CRR1012533,1,3.2572566778034333,9.471435275764058,5.534645340283213,9.771039450843018,4.538414823350158,4.582737122898101,4.0879476575550875,4.091400009487461,4.798566601920131,3.512893567654725,4.512483092194336,-4.012636585942864,0.0949512359259939,1.4254407316779836,-3.830315362481631,-1.8608761501232893,-0.8180553716744978,-3.830315362481631,0.7340311796820379,4.135112797122636,-1.7201036267801377,-2.3639795757381714,-0.5040826260779712,-0.3088704700720943,-1.2847856268235283,3.357843914575361,-3.750272783013018,1.005964891032082,3.1369642307196064,-3.019386072190114,-0.4402928919031054,-3.750272783013018,0.7426742756886507,3.439415778025299,1.2448567965035842,-2.024763963813953,0.6583193593118222,-2.7598750460170876,-3.9173265879563735,-2.6776369928928725,4.40123644767305,3.741928722002928,-1.8265870844836938,3.6310359664032172,-0.05373195644592912,-2.881235829288681,-1.945775573303363,-3.830315362481631,-4.1179968793789365,-4.705781766508809,-3.3194904053814183,8.34853428846072,-4.369310672740821,-3.424850809928251,-1.8493153303952947,0.6103715378219237,-2.3833976540537978,-1.623875613219544,-3.6761649207492426,-2.8187155114080067,-2.881235829288681,-3.224180316486098,-2.0525435202034927,-0.6350510016584588,-3.830315362481631,-0.5437824934995995
CRR1012541,0,2.810194703063868,7.02858858074719,5.847188997422544,9.383111837696466,4.2859298379118,6.113757591566398,4.046873928729937,5.99017273992476,4.059049912511057,3.8618042667295756,4.725443062439579,2.3481428292389515,-0.6495611521166399,3.239772135511742,2.1819091567654123,-2.605388538165923,-3.881681403296611,-4.574827750524265,3.417439226644646,4.703870292455637,-2.4646160148227714,-3.1084919637808053,-1.248595014120605,-1.0533828581147278,-0.5317781201152272,4.655117484588988,-4.494785171055652,1.2437687368481865,-4.169363197970885,1.595826797186573,2.1151843618394883,2.7547016698182087,-4.7571489739854975,4.185231518650093,-2.527136358770547,-2.7692763518565866,-2.999292711603597,-3.504387434059721,-4.661838975999007,-3.4221493809355064,7.359663044118385,3.0619226960502246,-2.5710994725263276,-2.825629272525253,-0.7982443444885627,-3.6257482173313145,-2.6902879613459967,-0.7681668903821867,0.3798232539066574,1.1601286803201376,-0.3776274444650783,-3.504387434059721,1.6434386453852916,-4.169363197970885,-2.5938277184379284,-0.13414085022071004,-3.1279100420964316,-2.368388001262178,-4.420677308791877,-3.5632278994506406,-3.6257482173313145,-3.9686927045287312,-2.7970559082461266,-1.3795633897010924,-0.1762734600726478,-1.2882948815422333
CRR1012545,1,-2.9816735254417073,9.257053634418702,5.886295826277953,10.800018482211184,4.812206357386838,4.6282580365521,5.174835272477653,6.0480852014709585,4.671277656964664,6.633816191055108,3.552944106051906,0.8562401100315391,0.7894426312335294,-3.1358239671740957,-3.1358239671740957,-1.166384754815754,4.575051679657828,-3.1358239671740957,-3.541288241950663,1.6348590047505847,-1.0256122314726024,-1.669488180430636,0.19040876922956412,0.3856209252354412,-0.5902942315159929,-2.1549957558278425,-3.0557813877054825,-0.850047489670198,-2.7303594146207155,-2.3248946768825784,-2.1867444339811453,-2.3626349763754186,-3.3181451906353283,5.471543367214077,3.4064061465296605,-1.3302725685064178,-1.560288928253428,-2.065383650709552,-3.222835192648838,-1.9831455975853371,-1.6889062587462624,5.490012673324922,-1.1320956891761584,-1.3866254891750842,0.6407594388616062,-2.1867444339811453,-1.2512841779958275,-3.1358239671740957,-3.4235054840714016,-4.011290371201273,-2.624999010073883,8.44336966519653,-3.674819277433285,-2.7303594146207155,-1.1548239350877592,1.304862933129459,-1.6889062587462624,-0.9293842179120085,-2.9816735254417073,-2.1242241161004713,-2.1867444339811453,-2.5296889211785625,-1.3580521248959576,0.05944039364907656,-3.1358239671740957,0.1507089018079358
CRR1012564,0,-3.916852278905782,8.721436788425994,1.6272070478898892,9.618179428767743,2.634430690418444,1.3970557608640313,7.6381592366787,3.4981493747842682,3.4889024524033205,-1.970943354339265,2.919712413927013,-4.253323944099403,-0.14573612223054552,2.145601717108096,-4.0710027206381705,-2.1015635082798285,-3.377856373410517,-4.0710027206381705,3.444612478863797,1.4544485584684415,2.8407429146082523,5.401443806133322,-0.7447699842345106,6.075285542719869,-1.5254729849800677,-3.0901745092919173,-3.990960141169557,0.4687380111557816,2.2518600328799203,-3.260073430346653,-1.1622833998300004,0.3968176266538781,-4.253323944099403,8.006537674033053,2.008928811606024,-2.2654513219704926,-2.495467681717503,-3.000562404173627,-4.158013946112913,-2.918324351049412,4.158951077813521,4.068436135057494,3.6315517267179187,-2.321804242639159,2.073181250398735,3.0993715348168207,-2.1864629314599022,-1.2476432406803477,-4.358684237535476,1.8393404880382989,-3.5601777635379577,-3.000562404173627,2.533391008765014,1.0549417632047915,-2.090002688551834,0.3696841796653843,-2.624085012210337,-1.8645629713760834,-3.916852278905782,-3.059402869564546,-3.1219231874452205,-2.771720948627836,-2.293230878360032,1.1786478160122134,-4.0710027206381705,-0.7844698516561389
CRR1012576,1,-3.0333473739912793,10.633536449213148,4.918109920414018,9.993364851688854,-2.7820332631702875,5.133354360870779,6.453778793776748,3.562041317094832,6.63757597683387,7.0593649860010395,5.267605517068556,1.0514263326827236,0.7377687826839572,3.8496745788084317,-3.1874978157236677,-1.2180586033653258,-2.4943514684960144,-3.1874978157236677,2.591184305595012,5.214133202098172,-1.0772860800221744,-1.721162028980208,0.13873492067999207,0.33394707668586915,-0.641968080065565,-2.2066696043774146,-3.1074552362550545,1.1255343031194125,-2.7820332631702875,-2.3765685254321505,-2.2384182825307177,-3.1074552362550545,-3.3698190391849003,7.457818266318897,-1.13980642396995,-1.3819464170559899,-1.611962776803,-2.1170574992591242,-3.27450904119841,-2.034819446134909,-1.7405801072958345,3.1347664937328714,-1.1837695377257305,-1.4382993377246565,0.5890855903120342,-2.2384182825307177,-1.3029580265453997,-3.1874978157236677,-3.4751793326209737,-4.062964219750845,2.7304979173214683,-2.1170574992591242,2.201572255037905,-2.7820332631702875,-1.2064977836373314,1.253189084579887,-1.7405801072958345,-0.9810580664615806,-3.0333473739912793,-2.1758979646500434,-2.2384182825307177,-2.5813627697281345,-1.4097259734455296,0.007766545099504593,-3.1874978157236677,0.09903505325836383
CRR1012578,0,1.091644383683053,7.560221285491637,3.557624305568639,8.859693701027616,5.806226292021548,1.5561752089341279,4.069726345454369,4.0006078163534875,4.786856075591765,8.834123779200521,1.230166334085027,-4.706840032508727,2.5692993477258534,0.7804414418320784,1.8310083166609905,1.1476566652620424,-3.831372461819841,-4.524518809047494,-4.9299830838240615,2.595115163653299,-1.7211599937961415,-3.0581830223040347,2.9047035881232484,-1.0030739166379574,2.323307856458614,3.1822423752784124,-4.444476229578881,0.1560663650160234,2.9051981724347353,-3.713589518755977,2.3174510645033544,-0.26890774225388786,1.07328401491346,3.6845611533048284,2.639555200567955,2.3070734441023615,-2.948983770126827,-3.454078492582951,-4.611530034522237,-3.371840439458736,3.945441336347481,-2.898552933458663,2.435827254969813,-2.775320331048483,4.595056033132322,-3.5754392758545444,4.532610440207165,-4.524518809047494,0.20874972756539095,-5.399985213074673,-4.013693851947282,-3.454078492582951,0.41712195880129355,-4.119054256494114,-2.5435187769611582,0.6628653394389694,-3.077601100619661,-2.3180790597854073,-4.370368367315106,-3.51291895797387,-3.5754392758545444,3.7883509190387405,-0.5171872601772717,-1.3292544482243223,-4.524518809047494,-1.237985940065463
CRR1012579,1,-3.445450588326547,8.642744820824525,6.524986323558702,10.212889477166968,-3.1941364775055554,3.4691370030825888,6.474703001417687,4.77618052878845,5.909013436038302,7.3323756601884575,8.832296564155877,4.380420896156816,0.3256655683486894,5.023390913878103,-3.5996010300589356,-1.6301618177005937,-2.9064546828312823,-3.5996010300589356,2.7565049668651964,5.9395736872441605,-1.4893892943574423,-2.133265243315476,-0.2733682936552757,-0.07815613764939863,-1.0540712944008326,-2.6187728187126824,-3.5195584505903224,3.1778540554297345,-3.1941364775055554,-2.7886717397674183,-2.650521496865985,-3.5195584505903224,-3.7819222535201678,7.215293690627958,-1.5519096383052176,-1.7940496313912575,-2.0240659911382677,-2.529160713594392,-3.686612255533678,-2.446922660470177,-2.1526833216311023,4.914987109156111,-1.595872752060998,-1.850402552059924,0.17698237597676653,-2.650521496865985,-1.7150612408806674,1.4340978811608014,-3.887282546956241,-4.475067434086113,0.8547446189091388,-2.529160713594392,1.5103750507646674,-3.1941364775055554,-1.618600997972599,0.8410858702446192,-2.1526833216311023,-1.3931612807968483,-3.445450588326547,-2.5880011789853112,-2.650521496865985,-2.993465984063402,-1.8218291877807973,-0.4043366692357633,2.21552237023754,-0.3130681610769039
CRR1012581,1,-3.021344018021598,7.1450337039292675,1.1981622795925035,10.736357713880247,-2.7700299072006063,4.603134021604187,6.163940819037809,5.355205415350626,5.104158737987795,7.282977465716349,0.954322850806147,1.4346616176636133,0.7497721386536385,3.1163816105796953,-3.175494459753987,-1.2060552473956447,-2.482348112526333,-3.175494459753987,3.4354242112228124,-0.7045755777609436,-1.0652827240524934,-1.709158673010527,0.15073827664967326,0.34595043265555037,-0.6299647240958837,-2.1946662484077337,-3.095451880285373,-0.8897179822500889,-2.7700299072006063,-2.364565169462469,-2.2264149265610365,2.991321311663082,-3.357815683215219,9.884343764970124,-1.1278030680002686,-1.3699430610863086,-1.599959420833319,-2.105054143289443,-3.262505685228729,3.651410566506563,4.78918101475598,-1.5495285841651552,-1.1717661817560492,-1.4262959817549752,0.6010889462817155,-2.2264149265610365,-1.2909546705757184,-3.175494459753987,-3.4631759766512924,-2.482348112526333,-2.6646695026537737,1.817201478302541,1.08011660703962,-2.7700299072006063,-1.1944944276676501,1.2651924405495683,-1.7285767513261532,-0.9690547104918994,-3.021344018021598,-2.163894608680362,-2.2264149265610365,-2.5693594137584532,-1.3977226174758484,0.01976990106918581,-3.175494459753987,3.094861990260004
CRR1012584,1,-4.032818661833255,9.166503799038772,3.736196332096934,9.053613472897107,5.582108815220573,3.806480406048877,3.931782578510405,4.961529658568654,5.104181244635403,3.2857194591115673,-1.8198469998493159,-1.4354353508059987,-0.2617025051580177,1.7092669315169917,3.99218228985934,2.056548674924033,-3.4938227563379893,0.3842978813228684,1.5554980921598494,3.6259468835116544,7.181936122441406,-2.720633316822183,-0.8607363671619828,-0.6655242111561057,-1.6414393679075399,2.1911724107306254,-4.106926524097029,-1.901192626061745,-3.7815045510122625,3.736558519713858,3.0968208073128642,2.4386426188849954,-2.3952110232251265,-4.032818661833255,1.345759746481514,2.4896927896877905,-2.611434064644975,-3.116528787101099,0.8057268344908849,-3.034290733976884,-2.7400513951378094,3.4930508945337024,-2.1832408255677054,-2.4377706255666314,-0.41038569752994064,-3.2378895703726926,-2.302429314387375,-4.186969103565643,1.133597213401895,-5.06243550759282,0.912895667755879,8.121825417203366,-1.456941553714289,-3.7815045510122625,-2.205969071479306,0.2537177967379122,-2.7400513951378094,-1.9805293543035556,-4.032818661833255,-3.1753692524920183,-3.2378895703726926,-3.5808340575701094,-2.4091972612875043,-0.9917047427424703,-4.186969103565643,-0.9004362345836111
CRR1012605,0,5.057132622108195,10.520127809425407,-1.8440120357207606,10.431384132315856,-2.4800002795653846,4.023288282196179,5.305026553621813,7.12759269025606,7.767918694619232,7.431167694368111,9.56259369609017,2.7264443280904094,1.0398017662888601,1.324188934701527,-2.885464832118765,-0.9160256197604231,-2.1923184848911115,-2.885464832118765,-3.290929106895332,-0.4145459501257219,-0.7752530964172716,-1.4191290453753054,0.440767904284895,0.635980060290772,-0.33993509646066206,-1.9046366207725116,-2.8054222526501515,-0.5996883546148671,-2.4800002795653846,-2.0745355418272475,-1.9363852989258146,-2.8054222526501515,-3.0677860555799974,7.154814827426088,-0.8377734403650469,-1.079913433451087,-1.309929793198097,-1.8150245156542213,-2.972476057593507,-1.7327864625300062,-1.4385471236909315,5.303037423789128,-0.8817365541208275,-1.1362663541197535,0.891118573916937,-1.9363852989258146,-1.0009250429404968,-2.885464832118765,-3.1731463490160707,-3.7609312361459426,-2.374639875018552,-1.8150245156542213,-3.4244601423779546,-2.4800002795653846,-0.9044648000324285,1.55522206818479,-1.4385471236909315,-0.6790250828566777,-2.7313143903863764,-1.8738649810451404,-1.9363852989258146,-2.2793297861232316,-1.1076929898406267,0.3097995287044073,-2.885464832118765,0.40106803686326675
CRR1012617,0,-2.6131259671556673,0.6449691972404601,-1.7258236124900515,10.824102611512199,-2.3618118563346755,-2.033308100473453,6.342910414656631,5.56775354667025,6.912972171377954,4.069875898033845,8.794653403320842,2.3005773693659926,1.1579901895195692,-0.2283040729161189,-2.7672764088880557,-0.797837196529714,-2.0741300616604024,-2.7672764088880557,3.1081207152172157,6.380530649232619,-0.6570646731865626,-1.3009406221445963,0.5589563275156041,0.7541684835214812,-0.221746673229953,-1.7864481975418027,-2.6872338294194424,3.399539362529013,-2.3618118563346755,-1.9563471185965384,-1.8181968756951055,-2.6872338294194424,-2.9495976323492883,7.8881364414760595,-0.7195850171343379,-0.9617250102203778,-1.191741369967388,-1.6968360924235122,-2.854287634362798,-1.6145980392992971,-1.3203587004602224,3.303844493707735,-0.7635481308901185,-1.0180779308890442,1.0093069971476463,-1.8181968756951055,-0.8827366197097877,-2.7672764088880557,-3.0549579257853616,-3.6427428129152335,1.616829746114393,-1.6968360924235122,1.6773320649917869,-2.3618118563346755,-0.7862763768017194,1.673410491415499,-1.3203587004602224,-0.5608366596259686,-2.6131259671556673,-1.7556765578144313,-1.8181968756951055,-2.1611413628925225,-0.9895045666099175,0.4279879519351165,-2.7672764088880557,0.5192564600939757
CRR1012663,0,-3.9454421190990403,8.419934834872027,3.2412413277074155,9.768385907764621,4.405998606190432,6.563577029438595,4.5959124995948395,3.16571894001384,4.8868940090538295,3.939240530828849,5.15291123679994,1.4030236093575381,-0.17432596242380374,3.1306068050807943,-4.099592560831429,-2.130153348473087,-3.4064462136037754,-4.099592560831429,1.730820902987623,5.350366537483635,2.1203330357187347,-2.633256774087969,-0.7733598244277688,5.911483852446724,-1.554062825173326,-0.3739007600994124,-4.0195499813628155,-1.8138160833275312,-1.3374766998610685,-3.2886632705399115,-1.9793304912966354,0.6851158862510388,-4.281913784292661,4.990046359429739,2.283349188561601,-2.294041162163751,-2.524057521910761,-3.0291522443668852,1.037184131234223,1.3886545630512246,-2.6526748524035955,3.3008227056420796,-2.0958642828334915,-2.3503940828324175,-0.3230091547957268,6.2533115207292145,-2.2150527716531605,-4.099592560831429,-4.387274077728734,0.34109433947212603,0.3489221679391848,7.9392937187898305,-4.6385878710906185,-3.6941280082780485,-2.118592528745092,0.34109433947212603,-2.6526748524035955,-1.8931528115693415,-3.9454421190990403,-3.0879927097578044,-3.1505130276384783,-3.4934575148358955,-2.3218207185532904,-0.9043282000082564,-4.099592560831429,-0.8130596918493971
CRR1012666,0,-3.512374465283251,7.831341089500775,2.4228961630959907,10.181947824224167,4.279501054439547,4.915705014226886,6.442910896555455,7.029459405563302,5.89993692346002,3.104453965374185,4.133704773092068,-0.24335023095216207,4.155383825713045,3.038908504040975,-3.6665249070156394,-1.6970856946572974,-2.9733785597879856,-3.6665249070156394,1.069671889333461,3.3896487118562746,-1.5563131713141458,-2.2001891202721797,-0.3402921706119794,5.873537121791885,-1.1209951713575363,-2.685696695669386,-3.586482327547026,6.30208526597651,-3.261060354462259,-2.855595616724122,-2.717445373822689,-3.586482327547026,-3.848846130476872,2.898033925268252,0.7800386016617853,-1.8609735083479613,-2.0909898680949714,-2.5960845905510954,-3.7535361324903818,-2.513846537426881,-1.5264602141062342,-1.3474120148012483,-1.662796629017702,4.26715082028129,0.11005849902006279,-2.717445373822689,-1.7819851178373711,-3.6665249070156394,-3.954206423912945,-4.541991311042817,2.51830936984167,7.992250946887691,0.6054991890344494,-3.261060354462259,-1.6855248749293028,0.7741619932879156,-2.2196071985878056,-1.460085157753552,-3.512374465283251,-2.654925055942015,-2.717445373822689,-3.0603898610201057,-1.888753064737501,-0.47126054619246693,0.827712070221866,-0.3799920380336076
CRR1012687,0,-2.7490945116565197,7.590757379068251,1.6736029763335547,8.30558834196526,3.9351160037726025,4.826518978473707,2.352840457106785,1.604707149988542,4.344247239590361,7.001516517294321,2.6655791090875693,-0.3092117154743339,-1.0023588795869112,-0.8643146630321472,0.8254744600587957,1.7399655799576115,-4.234479130766883,-4.927625477994536,-5.333089752771103,3.065204784267529,6.579866930329964,5.4463847349208345,3.2865221391987314,2.1634214424241116,-2.3820957423364333,-3.946797266648283,-4.847582898525923,1.8063698101718026,-4.522160925441156,0.04102808878304411,-0.7844923918132555,-4.847582898525923,-0.64634205674599,-2.456706596001493,-0.2485870946253915,0.8185760512051528,5.364783899199107,0.14650447142309755,-5.014636703469279,-3.7749471084057777,-3.4807077695667026,-3.3016596024057043,4.022257141334433,-3.1784269999955246,5.198530513866304,5.218106995490109,1.4206373414913531,-4.927625477994536,-5.215306994891842,-5.803091882021714,-4.4168005208943235,5.958048112805529,-5.466620788253725,1.4676344562380501,-2.9466254459081997,1.4448390412245278,2.4655333817671483,-0.6101390089012818,-4.773475036262147,-3.916025626920912,1.506651818273558,3.6796200129014887,-3.149853635716398,2.680747330548099,-4.927625477994536,-1.6410926090125046
CRR1012698,0,-3.3416721379206478,10.169280195516244,7.536987992564456,9.088816104860351,4.215127719114218,3.7255244881181313,6.116441643579005,3.4739664251496913,6.435829553625182,5.732847082506231,8.621327928343435,-0.3388237542462175,0.42944401875458893,4.25335453057692,-3.495822579653036,-1.5263833672946943,-2.8026762324253824,-3.495822579653036,4.465022806611552,4.568392854843036,-1.3856108439515429,-2.0294867929095766,-0.1695898432493763,0.025622312756500835,-0.9502928439949333,-2.514994368306783,-3.4157800001844225,-1.2100461021491384,-3.090358027099656,-2.684893289361519,-2.5467430464600858,4.670723407227194,-3.678143803114269,8.535341287371203,-1.4481311878993182,-1.6902711809853581,-1.9202875407323683,-2.4253822631884927,-3.5828338051277786,-2.3431442100642776,-2.048904871225203,4.715432380157291,-1.4920943016550987,-1.7466241016540247,0.2807608263826659,-2.5467430464600858,-1.611282790474768,-3.495822579653036,-3.7835040965503417,-4.371288983680214,-2.9849976225528234,-2.4253822631884927,2.968504420865268,-3.090358027099656,-1.5148225475666997,0.9448643206505187,-2.048904871225203,-1.289382830390949,-3.3416721379206478,-2.484222728579412,-2.5467430464600858,-2.8896875336575025,-1.7180507373748979,-0.3005582188298638,-3.495822579653036,2.3404474162501456
CRR1012707,0,-4.114309429371666,6.007399587932186,6.139622276331758,9.45364086373202,1.384612272739342,-0.5795820419887299,6.141030033303811,4.470006794168253,7.078684787045925,8.525951785840611,3.375979224585064,-4.450781094565286,3.221043704247027,2.848743966746729,-1.3066307296841293,-2.299020658745712,-3.5753135238764004,-4.268459871104054,3.765575238363264,-1.797540989111011,4.654974237442506,-2.802124084360594,-0.942227134700394,-0.7470149786945169,-1.722930135445951,-3.2876316597578006,-3.4952708803053767,-1.9826833936001562,0.7298762397651115,-3.4575305808125365,-3.3193803379111038,-4.1884172916354405,0.2551370126081303,2.508045456503269,-2.220768479350336,0.18394591308382474,-2.6929248321833863,-3.1980195546395103,-4.355471096578796,-3.115781501515295,-2.8215421626762205,-2.6424939955152222,1.4589289560983723,-2.5192613931050425,3.8395596841092714,6.5923403208746505,-2.3839200819257855,-4.268459871104054,-4.556141388001359,1.2184079422246066,-3.064488233443521,6.85489677427011,0.7443935241517112,-3.8629953185506736,3.046424129749293,2.4814696579708384,3.8485028128313763,-0.30764833642572254,-4.114309429371666,-3.2568600200304294,0.398117292021384,-3.6623248251085205,1.0088024280915107,4.394533291590365,-4.268459871104054,-0.9819270021220223
CRR1012709,0,-3.2390510181011627,5.678373138623702,2.8583795779270593,10.32280325246392,-2.987736907280171,-2.6592331514189484,6.994776341402769,6.857313834393648,8.829553727024978,9.102157176847077,3.986325050025423,4.109443152286337,0.5320651385740739,5.205477882070924,-3.393201459833551,-1.4237622474752092,-2.700055112605898,-3.393201459833551,5.351523964798409,-0.9222825778405082,-1.2829897241320578,-1.9268656730900915,-0.06696872342989132,0.12824343257598572,-0.8476717241754483,-2.412373248487298,-3.313158880364938,-1.1074249823296536,-2.987736907280171,-2.582272169542034,-2.444121926640601,-3.313158880364938,-3.5755226832947837,1.2591686768718073,-1.345510068079833,-1.5876500611658733,-1.8176664209128834,-2.3227611433690076,-3.4802126853082935,-2.2405230902447926,-1.9462837514057176,2.8912419346206284,-1.3894731818356139,4.067287180285464,0.3833819462021509,-2.444121926640601,-1.5086616706552831,3.239018216162564,-3.6808829767308566,2.5193985766919944,6.431078867946526,-2.3227611433690076,1.4189812424237236,-2.987736907280171,-1.4122014277472148,1.0474854404700036,-1.9462837514057176,-1.186761710571464,-3.2390510181011627,-2.3816016087599268,-2.444121926640601,-2.787066413838018,-1.615429617555413,-0.1979370990103789,-0.24332010168901094,-0.1066685908515195
CRR1012720,0,-3.9925183489179408,8.296848959045178,-3.1052159942523248,9.212881378326145,4.7982493179142365,-0.45363295155923233,4.64918928887772,4.796770381608974,5.315180620103785,4.4398000098963974,6.2858656679240275,0.30573699353754935,-0.22140219224270424,2.914235002590206,-4.146668790650329,-2.1772295782919873,-3.453522443422676,0.7901986985027616,-3.8589871348646074,-1.6757499086572862,-2.0364570549488357,-2.6803330039068696,-0.8204360542466693,-0.6252238982407924,-1.6011390549922264,-3.165840579304076,2.516887863282147,-1.8608923131464314,-3.741204238096949,-1.5689819474943703,-3.1975892574573788,1.9928548385754732,0.12535530539975936,-3.9925183489179408,2.039881046752239,-0.1302874065331888,-2.5711337517296613,-3.0762284741857857,1.4461804628406367,6.423008374760057,2.2131917233087623,1.7899858576987882,3.549996624968086,-2.397470312651318,6.99208021159232,-3.1975892574573788,-2.2621290014720614,-4.146668790650329,-4.434350307547635,-1.7189220743087428,1.0190674538480367,9.091424965014891,1.3157479269849914,-3.741204238096949,-2.1656687585639927,0.2940181096532256,-2.699751082222496,-1.940229041388242,-3.9925183489179408,2.001797842163293,4.1008988493403695,-3.5405337446547955,-2.368896948372191,-0.9514044298271569,-4.146668790650329,-0.8601359216682977
CRR1012732,1,-4.4652822909302206,6.827668164504011,5.052268205783767,9.342235852555618,1.4247807171181928,-3.8854644242480068,3.8041804454948163,5.17953487545366,6.166090547433836,-1.3174436063994888,5.594279190156023,0.25576293659591043,4.354592747496538,1.3774322012133082,-0.09042555631974883,-2.6499935203042675,3.3132866287520755,-1.3549479995133689,2.101388712311854,-2.1485138506695662,-2.5092209969611163,-3.15309694591915,-1.2931999962589495,4.879737384481454,-2.0739029970045064,-3.6386045213163563,-4.539390153193996,-2.333656255158712,-0.2311771941994363,1.081009179636935,-1.2017076610697142,-4.539390153193996,1.0481450324247217,-4.4652822909302206,-0.3312606505770575,1.3136945751840923,3.2948178800237153,0.9106558518417988,-4.706443958137352,-1.0930738256921193,2.8244243115795475,-2.993466857073778,-2.615704454664672,-2.8702342546635977,3.802935160933365,5.645467680945573,-2.734892943484341,-4.6194327326626095,-4.907114249559915,-4.213968180109229,1.242775316664416,3.98969966609076,-5.158428042921798,1.041788466706619,3.288278513714134,-0.17874583235905456,0.3956355028981808,2.969311130787089,-4.4652822909302206,-3.607832881588985,2.871001941451334,-4.013297686667076,1.3840410645631505,-1.424168371839437,0.38002760540619807,-1.3328998636805778
CRR1012734,0,-3.2102583225808705,6.461854046183491,6.669834879617835,9.796949916604968,-2.9589442117598788,-2.6304404558986563,9.743357617590235,5.371677297730297,8.925423384789184,0.5274099011456945,9.394638389919761,0.8672777169675155,0.5608578340943662,1.794644877814536,-3.364408764313259,-1.394969551954917,-2.6712624170856056,-3.364408764313259,2.3043204113724856,-0.893489882320216,-1.2541970286117656,-1.8980729775697993,-0.038176027909599015,5.934734154492259,-0.818879028655156,-2.3835805529670058,-3.2843661848446457,4.9849950738150115,-0.7994609453118801,-2.5534794740217417,-2.4153292311203085,-3.2843661848446457,-3.5467299877744916,5.1375675949696635,-1.316717372559541,-1.5588573656455809,-0.7253529823156661,-2.2939684478487155,-3.4514199897880014,-2.2117303947245004,2.679804685467543,2.2973919772305242,-1.3606804863153217,-1.6152102863142475,0.4121746417224431,-2.4153292311203085,-1.4798689751349907,-3.364408764313259,-3.6520902812105644,-4.239875168340436,1.5724587248398318,-2.2939684478487155,5.767409685097713,2.856842213473582,-1.3834087322269224,1.076278135990296,-1.9174910558854255,-1.1579690150511717,-3.2102583225808705,-2.3528089132396346,-2.4153292311203085,-2.7582737183177253,-1.5866369220351206,-0.16914440349008655,-3.364408764313259,-0.07787589533122727
CRR1012735,1,-3.534850423620066,8.984215495196155,6.525999579721766,10.056454771024956,4.121282564264426,-2.955032556937852,3.0546639603953745,6.555998102193267,4.508260839855613,3.8684703704673353,8.376468068359326,0.36278244477107896,3.0733415461180718,2.320220074105281,-3.6890008653524546,-1.7195616529941127,-2.995854518124801,-3.6890008653524546,2.038387961849972,4.1183719452284615,-1.5787891296509613,7.983162073164197,-0.3627681289487947,-0.1675559729429176,-1.1434711296943516,-2.7081726540062014,0.4354400883158251,-1.4032243878485569,1.183647031859722,-2.8780715750609374,-2.739921332159504,2.092255259948147,0.690938617041954,3.654208064783902,0.008175766233211933,-1.8834494666847765,-2.1134658264317867,-2.6185605488879107,-3.776012090827197,-2.536322495763696,7.1289073413659185,-2.063034989763623,-1.6852725873545171,-1.9398023873534431,0.08758254068324745,2.536545509739859,-1.8044610761741864,-3.6890008653524546,-3.97668238224976,-4.564467269379632,-1.491777769496345,-2.6185605488879107,-4.227996175611644,2.0007937062975314,-1.708000833266118,0.7516860349511003,-2.2420831569246213,-1.4825611160903673,-3.534850423620066,-2.6774010142788303,-2.739921332159504,-3.082865819356921,-1.9112290230743163,-0.4937365045292823,-3.6890008653524546,-0.40246799637042296
CRR1012738,1,-4.808161844805007,7.100578037819331,0.4589582447733374,8.825640738638674,1.278936079411639,0.2024720302446501,6.922571541329811,5.345215472957065,3.3671028311388334,5.566429979519001,1.6425328082527089,-2.1001129770351143,2.71323205010857,0.1566773755012967,-1.648127887924089,-2.9928730741790535,-4.269165939309742,-4.962312286537395,2.0188466717444453,0.6694950277985877,5.367774867899499,4.5347955747688395,-1.6360795501337355,5.260281661845655,-2.4167825508792924,-3.9814840751911422,2.8263121131130613,-2.676535809033498,1.3783392550087608,2.612501172431449,-0.033853255232707345,-4.882269707068782,-5.144633509998628,-4.808161844805007,-1.2610119379379174,1.17433260735341,-3.3867772476167275,0.4786597209723198,-5.049323512012138,0.4728626033300023,4.056522836106513,-3.336346410948564,-2.958584008539458,-3.213113808538384,5.333823610451047,3.7947881294558945,-3.077772497359127,1.4365582612451975,-5.249993803434701,0.10659025949973827,-1.5500666804088796,-3.891871970072852,0.6813646032835272,2.1434721776458385,-2.981312254451059,2.228738801168913,-3.515394578109562,-2.7558725372753083,0.11077436597854533,-3.950712435463771,3.4803352739521713,3.938961805178685,-3.184540444259257,4.674861552726628,-4.962312286537395,-1.6757794175553637
CRR1012739,1,-2.7370500437602994,8.686250896405644,0.4107886407704332,9.00581496052302,-2.485735932939307,-2.1572321770780847,10.668742165658218,5.172647851430165,2.0287787858356094,8.21640319421761,9.467004140362878,-1.3507567540680234,1.0340661129149376,4.430647562731955,-2.8912004854926874,-0.9217612731343456,5.079826049622512,-2.8912004854926874,3.858729043582205,1.5011872901700192,-0.780988749791194,-1.424864698749228,0.4350322509109724,0.6302444069168495,-0.3456707498345846,-1.9103722741464344,-2.811157906024074,-0.6054240079887898,-2.485735932939307,-2.08027119520117,-1.9421209522997374,-2.811157906024074,-3.07352170895392,8.470103594085236,-0.8435090937389695,-1.0856490868250095,-1.3156654465720197,-1.8207601690281439,-2.9782117109674298,-1.7385221159039288,-1.444282777064854,5.522073926208335,-0.8874722074947502,-1.1420020074936759,0.8853829205430146,-1.9421209522997374,-1.0066606963144193,-2.8912004854926874,-3.1788820023899933,-3.766666889519865,-2.3803755283924746,-1.8207601690281439,-3.430195795751877,-2.485735932939307,-0.910200453406351,1.5494864148108674,-1.444282777064854,-0.6847607362306003,-2.7370500437602994,-1.879600634419063,-1.9421209522997374,-2.285065439497154,-1.113428643214549,0.3040638753304848,-2.8912004854926874,0.39533238348934413
CRR1012741,1,-2.8917624153339587,6.850103534879916,-0.22255337710852455,10.960761011351853,2.5192442557779615,-0.603567343434895,6.739361776570236,5.099199979077664,7.130851871008947,6.432861388877903,8.803571269229657,-3.2282340805275798,0.8793537413412778,-3.045912857066347,-3.045912857066347,-1.0764736447080052,-2.352766509838694,-3.045912857066347,1.565900221531426,5.50510021648237,-0.935701121364854,-1.5795770703228875,0.2803198793373126,0.47553203534318966,-0.5003831214082444,-2.065084645720094,-2.965870277597734,-0.7601363795624495,-2.640448304512967,-2.23498356677483,-2.096833323873397,4.554487811602525,-3.2282340805275798,2.4748795118140317,-0.9982214653126291,-1.2403614583986693,-1.4703778181456795,-1.9754725406018037,-3.1329240825410896,-1.8932344874775886,-1.5989951486385139,4.0401264023174,-1.0421845790684099,8.324206207618415,0.7306705489693547,-2.096833323873397,-1.1613730678880791,-3.045912857066347,-3.333594373963653,-3.921379261093525,-2.5350878999661344,-1.9754725406018037,4.711065330472902,-2.640448304512967,-1.0649128249800108,1.3947740432372078,-1.5989951486385139,-0.8394731078042601,-2.8917624153339587,-2.034313005992723,-2.096833323873397,-2.439777811070814,-1.2681410147882088,0.14935150375682518,-3.045912857066347,0.24062001191568436
CRR1012743,0,-0.17245044087083083,8.163282782173095,4.295098349136367,8.878007023231975,5.294797927781221,-0.6699344358937838,4.551479086838435,2.648295924121891,4.03687849027022,5.134383650371339,4.222021306590791,-4.865629522498653,-0.7580417006297958,1.3441650229476088,-0.3951362169518689,2.3656554832781396,-3.9901619518097675,-4.683308299037421,1.6897253721589616,-2.2123894170443776,-2.5730965633359277,3.716225182620259,2.4272500949588465,3.896920621037812,-0.3547719940017817,-3.7024800876911677,-4.603265719568808,-2.3975318215335233,1.6591048401405608,2.141425959370284,-3.7342287658444704,-0.03731776919435249,-0.7746258280952518,3.4706151667845027,-2.635616907283703,1.6039288268542142,2.075171612466668,-3.6128679825728773,-4.770319524512163,0.35147579947182694,0.5575548349233777,2.9529596384810506,-2.6795800210394836,-2.934109821038409,4.726673301138603,5.944322663133258,-2.7987685098591526,-4.683308299037421,-0.45647619610361945,-5.558774703064598,0.45640238043432413,6.417729823381603,-5.222303609296611,-4.277843746484041,-2.7023082669510843,2.4844992198987614,-3.2363905906095876,-0.5348981558945334,-4.529157857305032,-3.6717084479637965,-3.7342287658444704,2.293038106301228,-2.9055364567592825,3.14956363441708,-4.683308299037421,-1.3967754300553892
CRR1012746,1,-3.1324198800351764,8.399164675134479,2.355925930378912,10.238432736241412,-2.8811057692141846,-2.552602013352962,6.5558377146832765,6.527510415326713,7.660930861597512,3.4400610163284244,9.986192763217097,3.210705643130148,0.6386962766400602,3.0514329910796496,-3.286570321767565,-1.3171311094092228,-2.593423974539911,-3.286570321767565,5.785980325301482,1.4612545124076386,-1.1763585860660715,-1.8202345350241051,0.0396624146360952,0.23487457064197215,-0.741040586109462,-2.3057421104213116,-3.2065277422989515,2.3618152288737813,-2.8811057692141846,-2.4756410314760475,-2.3374907885746143,2.9803122577182757,-3.4688915452287974,5.622167672690801,-1.2388789300138467,-1.481018923099887,-1.7110352828468969,-2.2161300053030213,-3.373581547242307,-2.1338919521788062,-1.8396526133397315,5.565353832364961,-1.2828420437696275,-1.5373718437685533,0.4900130842681372,-2.3374907885746143,-1.4020305325892968,-3.286570321767565,-3.5742518386648703,-4.162036725794742,0.4510976695330644,-2.2161300053030213,-1.522983110457239,-2.8811057692141846,-1.3055702896812285,1.15411657853599,-1.8396526133397315,-1.0801305725054777,-3.1324198800351764,-2.2749704706939404,-2.3374907885746143,-2.680435275772031,-1.5087984794894265,-0.09130596094439247,2.4227506721238354,3.276342806610506
CRR1012749,1,-3.8883714319876073,8.964570015596186,5.331677360882757,9.555178584182144,4.233022628576642,3.1825939663634997,5.91409395228405,6.429275218500707,6.194658585169563,7.325774916967495,5.227075815622908,1.5760640942573023,-0.11725527531237061,-0.2545531458912582,-4.042521873719996,-2.0730826613616538,-3.3493755264923424,-4.042521873719996,1.9905626854103302,5.144138704406992,-1.9323101380185024,-2.576186086976536,-0.7162891373163358,-0.5210769813104588,-1.4969921380618927,-3.0616936623737425,-3.9624792942513825,-1.7567453962160982,-3.6370573211666155,3.9515465000169967,-3.0934423405270453,1.6540105111420702,-1.1338025529118256,-3.8883714319876073,0.9813569914259148,1.5534262356558308,-2.466986834799328,1.7242337386487998,3.2800969723176583,-2.889843504131237,5.526562962590119,3.8687393825035405,-2.0387935957220584,-2.293323395720984,-0.2659384676842937,3.488403423088127,-2.1579820845417275,-0.5664247990036101,-4.330203390617301,-4.917988277747173,-1.9424625074210902,7.9902705370104865,-4.5815171839791855,-3.6370573211666155,-2.061521841633659,0.3981650265835591,-2.5956041652921624,-1.8360821244579084,-3.8883714319876073,-3.0309220226463713,-3.0934423405270453,-3.436386827724462,-2.2647500314418574,-0.8472575128968234,-4.042521873719996,-0.755989004737964
CRR1012750,1,-4.288063448003692,8.919210914634895,4.872364703714115,8.50510093948226,5.219126122301313,4.141732448673287,6.455147031697577,6.244842434963709,4.318890666595138,6.9709853329925275,6.247746331034889,-4.624535113197314,3.8633508442402302,-4.442213889736081,1.0349451095329485,0.7433063253296914,0.8816071086785163,0.7968824593284394,2.9507397997337526,1.8215001193014564,-2.3320021540345874,-2.9758781029926213,5.219709859402644,5.825781999069867,4.7802839265632855,-3.461385678389828,-4.362171310267468,-2.1564374122321834,-4.036749337182701,3.90695338331607,-3.4931343565431305,-4.362171310267468,-4.624535113197314,-4.288063448003692,-0.18188583317558574,-1.943515447494731,-2.866678850815413,-3.3717735732715375,3.951528578108999,3.0740363744271617,7.687376432598523,-2.8162480141472495,0.5159561798687576,-2.6930154117370693,-0.6656304837003789,3.9591551765453943,-2.5576741005578127,-4.442213889736081,-2.405333411749038,0.8109301002183524,-3.931388932635868,4.87245480056828,-4.981209199995271,-4.036749337182701,-2.4612138576497444,-0.0015269894325260886,-2.9952961813082477,-2.235774140473994,-4.288063448003692,-3.4306140386624566,-3.4931343565431305,-3.8360788437405473,-2.6644420474579427,-1.2469495289129087,-4.442213889736081,-1.1556810207540493
CRR1012754,1,2.673963232859265,7.506168985688409,2.986684421977092,8.186183595148188,4.690866576329224,3.808344354517283,1.7108161431848754,5.210224151731401,3.3565468591925742,8.178403056801622,-2.5390173345147757,-1.5980340853246293,-0.9808728398234775,-4.9061394382311025,0.20785271220706833,-2.9367002258727606,-4.212993091003449,-4.9061394382311025,-5.31160371300767,2.559418799999849,5.645313191162743,4.529021408905677,4.568983677680982,4.648486128045141,2.457032791636979,0.25864487855094287,-4.826096858762489,-2.620362960727205,-4.500674885677722,1.4013499907101918,1.635850435231835,0.6817315847234205,-0.020817100282841658,5.611549622332911,0.4281867072132742,3.278233168861511,4.939867394253374,-3.835699121766559,-4.993150663705845,1.6188885553908743,5.636200223988558,2.986622184541293,3.722653090065271,-3.156940960232091,5.395406427617106,6.5030613918105304,-3.0215996490528347,-4.9061394382311025,-0.7266387088237694,-5.78160584225828,-4.39531448113089,-3.835699121766559,-5.445134748490292,-4.500674885677722,-2.925139406144766,-0.4654525379275478,-3.4592217298032693,-2.6996996889690155,0.001599778352513125,-3.894539587157478,-3.9570599050381525,-4.300004392235569,-3.128367595952964,-1.7108750774079302,-4.9061394382311025,-1.6196065692490709
CRR1012755,1,-0.07971856503457966,6.182304216989951,6.808528951625896,10.108466216073323,4.016272955774803,0.43985983499746206,4.867481347935161,7.225998738384062,6.991801899498042,3.3464393825248893,5.280369035042202,3.4837595869461464,0.027837337451382765,4.8935735808141985,4.250484426930495,4.178203548556691,2.566638033029657,-3.897429260956242,4.682674463500713,2.4005987820062877,-1.787217525254749,-2.4310934742127825,-0.5711965245525823,-0.3759843685467053,-1.3518995252981394,-2.916601049609989,-3.817386681487629,-0.07241926281936831,-3.491964708402862,-3.086499970664725,-2.948349727763292,3.213129133040025,-4.079750484417475,-3.7432788192238537,-1.8497378692025244,-2.0918778622885643,-2.3218942220355747,-2.8269889444916987,-3.9844404864309846,-2.7447508913674836,-2.450511552528409,-0.4962334904038108,-1.893700982958305,-2.148230782957231,-0.1208458549205402,-2.948349727763292,-2.012889471777974,1.385772809576705,1.373001244005961,2.543781396401316,3.0012836083902705,-2.8269889444916987,-4.436424571215432,-3.491964708402862,-1.9164292288699059,0.5432576393473125,-2.450511552528409,-1.690989511694155,-3.7432788192238537,-2.885829409882618,-2.948349727763292,-3.2912942149607085,-2.119657418678104,-0.7021649001330699,1.8445033183466506,-0.6108963919742106
CRR1012757,1,-4.012630507704823,6.885064602980054,6.215043524916864,9.534646359867722,-3.7613163968838306,2.1656085209390494,5.866379944496091,3.04538893555185,5.2377804348964405,0.7470970217693611,7.8373931195190165,-1.3335691740070617,3.010618049118028,-4.166780949437211,-4.166780949437211,-2.197341737078869,4.993842163802923,-4.166780949437211,4.10186374270439,1.8754542603393125,6.813321528146957,-2.700445162693751,4.875947456142511,-0.6453360570276738,-1.621251213779108,-3.1859527380909576,2.1254036200495934,-1.8810044719333132,1.9211278330573245,-3.3558516591456935,-2.3476239024160854,-2.0072981744414427,-4.349102172898443,0.11910018095426995,-2.119089557683493,-2.361229550769533,5.650892840110291,-3.0963406329726673,-4.253792174911953,1.443299499514567,-2.7198632410093775,-2.5408150738483792,-2.1630526714392735,-2.417582471438199,-0.3901975434015088,5.356944124235558,-2.2822411602589425,-0.7221000693091066,-2.4620342208338064,-5.042247353464388,-3.655955992336998,7.598147224278524,-4.705776259696401,-3.7613163968838306,-2.185780917350874,4.5507357568200995,-2.7198632410093775,-1.9603412001751235,-0.6958518446121881,-3.1551810983635864,-3.2177014162442603,4.971488729477112,-2.3890091071590724,5.020868967789494,-4.166780949437211,-0.8802480804551793
CRR1012766,0,-2.9313342774914797,10.147353697127885,4.15564109265606,10.475557423308006,6.358000672272799,-2.3515164108092654,5.270755274860872,7.787905332666661,6.7088371305636985,4.628298231453988,8.553698679544032,-3.2678059426851007,0.8397818791837568,0.7646612512819047,-3.085484719223868,-1.1160455068655262,-2.392338371996215,-3.085484719223868,1.6565429973510262,4.076006310784993,-0.9752729835223748,-1.6191489324804085,0.2407480171797918,0.4359601731856688,-0.5399549835657653,-2.104656507877615,-3.005442139755255,-0.7997082417199705,-2.680020166670488,-2.274555428932351,-2.1364051860309177,4.79367892481914,-3.2678059426851007,4.053909575983199,-1.0377933274701503,-1.27993332055619,-1.5099496803032004,-2.0150444027593246,-3.1724959446986105,-1.9328063496351096,-1.6385670107960348,5.957677166816529,-1.0817564412259308,-1.3362862412248568,0.6910986868118338,-2.1364051860309177,-1.2009449300455999,-3.085484719223868,-3.3731662361211736,-3.960951123251046,-2.5746597621236553,-2.0150444027593246,-3.6244800294830575,-2.680020166670488,-1.1044846871375316,1.3552021810796866,-1.6385670107960348,-0.8790449699617808,-2.9313342774914797,-2.0738848681502438,-2.1364051860309177,-2.4793496732283344,-1.3077128769457298,0.1097796415993042,-3.085484719223868,5.863943664349035
CRR1012768,1,-3.282419510003916,5.197930422484759,7.532031761509313,10.210568215785226,-3.031105399182924,-2.7026016433217017,4.933435473375145,7.044502607437975,5.760801710519019,4.194294093134613,9.844716737993148,-3.618891175197537,0.4886966466713206,-3.4365699517363044,-3.4365699517363044,2.8799912055538375,-2.743423604508651,-3.4365699517363044,-3.8420342265128715,1.8782750582943861,-1.3263582160348109,-1.9702341649928448,-0.11033721533264451,0.08487494067323247,7.255028538145354,-2.455741740390051,-3.356527372267691,-1.1507934742324069,-3.031105399182924,2.5132025059962393,-2.487490418543354,-3.356527372267691,-3.618891175197537,4.4197479536505,-1.3888785599825864,1.81132927099668,4.627540611489211,-2.366129635271761,-3.523581177211047,3.340315387275212,6.437126605409646,1.1398561158735134,-1.4328416737383671,-1.687371473737293,0.34001345429939767,-2.487490418543354,-1.5520301625580364,-3.4365699517363044,-2.13728817972597,-4.312036355763482,1.2699510769070372,-2.366129635271761,0.16983165913698334,-3.031105399182924,-1.4555699196499678,1.0041169485672505,-1.9896522433084711,-1.2301302024742171,4.032987530061474,-2.42497010066268,-2.487490418543354,-2.8304349057407707,-1.658798109458166,-0.24130559091313208,-1.8271333726342043,-0.15003708275427283
CRR1090621,1,2.7383693388052697,10.372940175045022,-2.3073296449869694,9.731250584794145,6.306904259171016,4.99159234760428,5.968989629894376,6.819289597767694,7.834020242513581,6.778879795678633,7.8519844259682365,-3.5311036648462064,0.5764841570226511,-0.9508886837367412,-3.348782441384974,-1.3793432290266319,-2.6556360941573205,-3.348782441384974,-1.8083387099603097,2.1740092617035627,-1.2385707056834805,-1.8824466546415142,-0.022549704981313968,0.1726624510245631,-0.803252705726871,-2.3679542300387206,-3.2687398619163606,1.016435429493689,-2.9433178888315936,-2.5378531510934565,-2.3997029081920234,1.2446508385828248,1.7850516296553436,2.830542179680339,-1.3010910496312558,-1.543231042717296,-1.773247402464306,-2.2783421249204303,-3.435793666859716,-2.1961040717962153,-1.9018647329571405,4.420735317488699,-1.3450541633870365,-1.5995839633859623,0.4278009646507281,-2.3997029081920234,-1.4642426522067058,-3.348782441384974,1.571196829943323,-4.224248845412151,-2.837957484284761,2.841872772963561,-3.887777751644163,-2.9433178888315936,-1.3677824092986375,1.091904458918581,-1.9018647329571405,-1.1423426921228865,-3.1946319996525854,-2.3371825903113495,-2.3997029081920234,-2.7426473953894406,-1.5710105991068355,-0.15351808056180158,-3.348782441384974,5.886834071272705
CRR1090622,1,-4.800821449312862,7.65683638110984,-3.913519094647245,8.866432090018922,6.2676865008945954,5.69590469694296,3.4875320067640945,3.4854825678452466,1.9305361140284478,1.0868672006844864,2.148211435389105,1.750461520011365,0.8486542569430419,0.400826252118692,-4.95497189104525,-2.9855326786869076,-4.261825543817596,-4.95497189104525,0.9306674082079989,3.163879086036292,3.3931301460752152,-0.005032320480152762,-0.9355920040217628,5.089876105595983,-2.4094421553871466,2.3920039272521363,-0.4099072780930268,2.3306472189235743,2.9984619471887064,-0.7908956315670161,-0.7208670289586792,1.7437054292230671,-0.1550592812125034,2.6053672909432612,1.616609441992028,3.020247281516014,-3.3794368521245817,0.15500418977835345,-5.041983116519992,-3.802293521456491,3.2865100490292374,-3.329006015456418,3.3539236435500452,-0.2143987201601925,2.7343212700220616,6.275898409088834,-3.0704321018669813,-4.95497189104525,-5.242653407942555,-1.1048259205394766,-4.444146933945037,1.8894868726748641,-5.4939672013044385,-4.549507338491869,-1.083772512080415,-0.5142849907416945,2.7340160895819916,-2.748532141783162,-4.800821449312862,4.495773824332664,-0.5182220036235337,-0.6829477949951609,-3.1772000487671113,-1.759707530222077,-4.95497189104525,-1.6684390220632177
CRR1090623,0,-3.4561369251566973,6.501343485156453,6.000894671563205,10.510007610684802,5.292325276441671,-2.876319058474483,7.736778600672248,5.363083504059068,6.212124029294464,5.620376705046378,7.213275407676533,2.331197148127578,0.31497923151853924,1.0609809697388752,-3.610287366889086,-1.6408481545307438,-2.9171410196614325,-3.610287366889086,2.1968519590990105,2.810791084605562,-1.5000756311875925,-2.143951580145626,-0.28405463048542595,-0.08884247447954892,-1.0647576312309828,-2.6294591555428326,-3.5302447874204725,5.95599935166044,1.3372881364090743,-2.7993580765975685,-2.6612078336961353,5.136665761742567,-3.7926085903503184,7.149289747032774,-1.5625959751353677,-1.804735968221408,-2.034752327968418,-2.5398470504245423,-3.697298592363828,-2.4576089973003272,-2.1633696584612525,6.251386451254215,-1.6065590888911485,-1.8610888888900743,0.16629603914661625,1.4331360941175708,-1.7257475777108175,-3.610287366889086,-3.8979688837863913,-4.485753770916263,-3.099462409788873,-2.5398470504245423,2.3027634246567095,-3.2048228143357056,-1.6292873348027492,0.8303995334144691,-2.1633696584612525,-1.4038476176269985,-3.4561369251566973,-2.5986875158154614,-2.6612078336961353,-3.0041523208935526,-1.8325155246109475,-0.41502300606591347,0.6570747161638636,-0.3237544979070541
CRR1090624,1,-3.470611357184343,6.120929275434337,8.55453903579134,10.323607885206453,1.0558233751467867,-2.8907934905021286,5.6823557043719175,5.529465003770291,7.283916630073325,3.6207727183412923,8.642705268821075,1.7167730280668498,0.3005047994908938,3.6446211319648922,-3.6247617989167313,-1.6553225865583894,4.812845246852332,-3.6247617989167313,4.11328883283384,-1.1538429169236883,0.5210132966575859,1.9618607844327465,-0.29852906251307143,0.5898302494222099,-1.0792320632586283,-2.643933587570478,-3.544719219448118,-1.3389853214128338,-3.219297246363351,-2.813832508625214,-2.675682265723781,0.528897699974521,-3.807083022377964,-3.470611357184343,1.9000252490174299,-1.8192104002490532,-2.0492267599960634,-2.554321482452188,-3.7117730243914737,-2.4720834293279728,-2.177844090488898,3.857543128984925,-1.621033520918794,2.6364101051691766,0.1518216071189707,2.441731251241446,-1.0470749557607724,-3.6247617989167313,-3.912443315814037,1.7942955260476803,0.725514492282668,-2.554321482452188,1.9339932434465414,-3.219297246363351,-1.6437617668303948,0.8159251013868236,-2.177844090488898,-1.418322049654644,-3.470611357184343,-1.920015070313327,-2.675682265723781,-3.0186267529211976,-1.846989956638593,-0.42949743809355895,-0.24603888295373227,-0.3382289299346996
CRR1090627,0,-3.9194999855963917,8.98380398317449,6.699321054808337,9.390358203473639,-3.6681858747754,2.8379291914819103,6.8567309310868225,4.5906383893478235,3.004830005482244,4.912731896619391,7.2985715704251515,0.03722179750165728,3.752391920190243,-0.219964630243187,-4.07365042732878,-2.104211214970438,-3.380504080101127,-4.07365042732878,2.4611052694375517,3.343728089178752,-1.9634386916272866,-2.6073146405853205,2.674130033813685,-0.5522055349192432,-1.528120691670677,-3.092822215982527,-3.993607847860167,1.7147778598270729,-3.6681858747754,-2.569574326847482,-3.1245708941358297,2.555711161645064,-4.255971650790013,8.091505670766303,2.9950876058127442,-2.2680990286611022,4.117672444046902,-3.003210110864236,-4.1606616528035225,2.781756706372104,5.833678066342534,-2.4476845517399486,3.495071468044374,-2.3244519493297684,-0.2970670212930781,5.16376828254808,-2.189110638150512,-4.07365042732878,-3.2263535193213952,-4.9491168313559575,0.5610769104168072,-3.003210110864236,1.4695703221728582,-3.6681858747754,2.151566186838302,0.36703647297477476,-2.626732718900947,-1.8672106780666928,-3.9194999855963917,-3.0620505762551558,-3.1245708941358297,-3.4675153813332464,-2.295878585050642,-0.8783860665056078,-1.706528323612453,-0.7871175583467483
CRR1090628,0,-2.225154466148529,7.987054325868701,3.9013072086246283,7.813977468802054,-4.92576865227959,3.651933010755258,6.073477865992809,3.193860350144553,4.789659810567203,2.601306736109465,1.6741007373344687,-1.3239016559627472,-1.405966606425345,0.23136799609312628,-0.1560271926872495,-3.3617939924746283,-4.638086857605317,-5.33123320483297,0.741041322189345,3.6431299705593703,3.9940251815333006,1.8061760437380003,4.382402857923889,3.2188449125747574,-2.785703469174867,-4.350404993486717,-5.251190625364357,-0.31064923554772417,1.6547152566102525,-4.5203039145414525,-0.02131836086962734,-5.251190625364357,-4.232622027274737,2.4833666812030373,-0.6414171961359366,1.5821710806499785,4.261688578238118,-4.260792888368426,-5.418244430307713,-1.4989767984378823,4.929530776435862,2.308808170582897,3.009897126492352,-3.5820347268339585,4.363463938131436,1.6184617768702703,-3.446693415654702,-5.33123320483297,-5.618914721730276,-1.109279160233624,0.24471423796119937,1.1539091430839892,1.4532221930247649,1.1441978477738952,1.0857697078159343,-0.19739913379265245,1.4519015627060847,-3.1247934555708827,-5.177082763100581,2.9802862499252343,1.3205523126744882,0.18955916404740863,-2.860314322839927,2.794544035525508,-5.33123320483297,-2.0447003358509384
CRR1090629,0,7.150883464138562,9.780998206076955,0.7275517381970539,10.001536537735237,-2.6662095911805217,-2.337705835319299,9.184733422027758,5.490681933290045,7.983298435715832,8.162670469306995,5.116179633759793,1.7958586528769152,0.8535924546737232,2.808391522909208,-3.071674143733902,-1.10223493137556,-2.3785277965062486,-3.071674143733902,3.6143931903470254,-0.6007552617408588,-0.9614624080324086,-1.6053383569904423,0.25455859266975794,0.44977074867563493,-0.5261444080757991,-2.0908459323876487,-2.9916315642652886,-0.7858976662300043,-2.6662095911805217,-2.2607448534423846,-2.122594610540952,-2.9916315642652886,-3.2539953671951345,9.7073222274481,-1.0239827519801838,-1.2661227450662238,-1.4961391048132342,-2.0012338272693584,-3.1586853692086443,-1.9189957741451433,-1.6247564353060686,-1.4457082681450704,-1.0679458657359646,-1.3224756657348904,0.7049092623018002,-2.122594610540952,-1.1871343545556339,-3.071674143733902,-3.3593556606312074,-3.9471405477610797,-2.560849186633689,-2.0012338272693584,2.073878811305184,-2.6662095911805217,-1.0906741116475656,1.3690127565696528,-1.6247564353060686,-0.8652343944718146,-2.9175237020015135,-2.0600742926602775,-2.122594610540952,-2.465539097738368,-1.2939023014557636,0.12359021708927034,-3.071674143733902,4.885676568348802
CRR1090630,0,-3.0101505987996986,9.80733700036,5.764735199511884,10.121355415351438,8.66862801194164,5.483714047605686,4.469550853290724,6.446132825046295,6.851478769348835,9.047338571350604,7.408022256723818,-3.3466222639933196,0.760965557875538,-3.164301040532087,-3.164301040532087,-1.194861828173745,-2.4711546933044337,-3.164301040532087,0.7206916600894364,-0.693382158539044,-1.0540893048305937,-1.6979652537886274,0.16193169587157286,0.35714385187744985,-0.6187713048739842,-2.183472829185834,-3.084258461063474,-0.8785245630281895,-2.758836487978707,-2.3533717502405698,-2.215221507339137,-3.084258461063474,3.168680846921356,6.710227945336883,-1.1166096487783692,-1.3587496418644092,-1.5887660016114193,-2.0938607240675435,-3.2513122660068294,-2.0116226709433285,-1.7173833321042538,5.044098263824895,3.3735958935565207,-1.4151025625330755,0.6122823655036149,-2.215221507339137,-1.2797612513538188,-3.164301040532087,-3.4519825574293925,-4.039767444559264,-2.6534760834318742,-2.0938607240675435,-3.7032963507912764,-2.758836487978707,-1.1833010084457507,1.276385859771468,-1.7173833321042538,-0.9578612912699997,-3.0101505987996986,-2.1527011894584627,-2.215221507339137,-2.558165994536554,-1.3865291982539487,0.030963320291085224,-3.164301040532087,2.112109832480509
CRR1090631,0,1.6898038549043277,9.651925417090144,-2.4782278439812786,10.11517370389457,8.021310557332727,5.401753022957378,4.4214353759905825,2.4854385706210587,3.9376384249814977,3.5990089814937503,6.867470338913061,-0.30080641550969595,0.40558595802834185,-3.519680640379283,-3.519680640379283,-1.5502414280209411,5.770254519356679,-3.519680640379283,-3.92514491515585,5.700674400372115,2.6039063966414293,-2.0533448536358234,-0.1934479039756233,0.0017642520302538138,-0.9741509047211803,-2.53885242903303,-3.43963806091067,-1.2339041628753855,4.385820796002513,-2.708751350087766,-2.570601107186333,2.7325426581592103,-3.7020018638405157,4.689762150223034,-1.4719892486255652,-1.7141292417116052,-1.9441456014586154,-2.4492403239147396,-3.6066918658540255,-2.3670022707905245,5.540706888361747,4.390786019060777,-1.5159523623813458,-1.7704821623802718,0.2569027656564188,-2.570601107186333,-1.635140851201015,-3.519680640379283,-3.807362157276589,-4.395147044406461,-3.0088556832790703,7.896634969424088,-2.26691886235883,-3.114216087825903,-1.5386806082929467,0.9210062599242718,-2.07276293195145,-1.313240891117196,-3.365530198646895,-2.5080807893056587,-2.570601107186333,-2.91354559438375,-1.7419087981011447,-0.3244162795561108,-3.519680640379283,-0.23314777139725154
CRR1090632,0,-3.409639776026854,8.642383255861219,8.141186797435187,9.94741229092218,7.239033508367004,4.58441276617566,5.209334681386982,3.823298352264228,6.0815939727495385,6.545652368070818,6.9399871541979214,1.7864852289656195,0.3614763806483825,3.2861577142270777,-3.5637902177592427,-1.5943510054009007,-2.8706438705315893,-3.5637902177592427,2.456826856382979,4.646604371133275,-1.4535784820577493,-2.097454431015783,-0.23755748135558274,-0.04234532534970567,-1.0182604821011396,-2.5829620064129895,-3.4837476382906294,-1.278013740255345,-3.1583256652058624,-2.7528609274677254,-2.614710684566292,3.250018950211906,-3.7461114412204752,4.150290440571678,-1.5160988260055246,-1.7582388190915648,-1.988255178838575,-2.493349901294699,-3.650801443233985,-2.411111848170484,-2.1168725093314094,2.6735557042255507,-1.5600619397613054,7.698785827762024,0.21279318827645938,-2.614710684566292,-1.6792504285809744,-3.5637902177592427,-3.851471734656548,2.139990595787236,-3.05296526065903,-2.493349901294699,-1.4237255248498375,-3.1583256652058624,-1.582790185672906,0.8768966825443123,-2.1168725093314094,-1.3573504684971556,-3.409639776026854,-2.5521903666856183,-2.614710684566292,-2.957655171763709,-1.7860183754811043,-0.3685258569360703,-3.5637902177592427,0.41588980063008774
CRR1090634,0,-4.290902448932374,8.95088943264893,2.1283928101885485,8.63272176047592,-4.039588338111383,3.8630623403942685,5.630283252202922,4.305126900379385,3.8546457546951203,5.164989915640854,2.127461060763888,-0.36751708517573417,-0.5197862922571377,-0.21579065293672506,-4.445052890664763,-2.475613678306421,-3.7519065434371095,-4.445052890664763,-4.85051716544133,5.4536214382926005,4.896737963954184,-2.978717103921303,4.2175944805961745,5.336321856905272,-1.8995231550066598,2.8398806616911565,-4.36501031119615,2.844442193144335,0.2324363057415524,0.7707865964435312,2.6328653495812957,0.6887811803755549,-4.627374114125995,3.798841489993546,1.34846705715975,0.8313579823478334,4.1859136486425275,1.7935955388265379,-4.532064116139505,0.5499029353336666,3.8278991199028023,-2.8190870150759313,0.38325919330559344,-2.695854412665751,-0.6684694846290606,2.2851676835803847,-2.5605131014864946,-4.445052890664763,-4.732734407562068,-5.32051929469194,-3.93422793356455,6.097216382788919,-0.6684694846290606,-4.039588338111383,-2.4640528585784263,-0.0043659903612079925,-2.9981351822369295,-2.2386131414026758,-4.290902448932374,2.537344266194652,-3.4959733574718124,2.491612066765687,-2.6672810483866245,-1.2497885298415903,-4.445052890664763,-1.1585200216827312
CRR1090637,0,-2.8576981656933502,10.01699405181755,8.231796073851116,10.885289271202778,4.103867235563396,6.496382368535532,5.59780054793142,5.043254546805095,5.478622416967971,-0.9117892411268331,0.6257359294950173,-3.1941698308869713,0.9134179909818865,4.193042237351893,-3.0118486074257387,-1.0424093950673967,-2.3187022601980853,-3.0118486074257387,5.398240144447956,-0.5409297254326957,-0.9016368717242453,-1.545512820682279,0.31438412897792123,0.5095962849837983,-0.46631887176763587,-2.0310203960794855,-2.9318060279571254,-0.726072129921841,-2.6063840548723585,-2.2009193171342214,-2.062769074232788,-2.9318060279571254,-3.1941698308869713,2.1395126891528666,-0.9641572156720206,-1.2062972087580606,-1.436313568505071,-1.941408290961195,-3.098859832900481,-1.85917023783698,-1.5649308989979052,5.7577863379432594,-1.0081203294278014,-1.2626501294267272,0.7647347986099633,-2.062769074232788,-1.1273088182474704,-3.0118486074257387,-3.299530124323044,5.715522802517718,-2.501023650325526,-1.941408290961195,2.280616687161074,-2.6063840548723585,-1.030848575339402,1.428838292877816,-1.5649308989979052,-0.8054088581636514,-2.8576981656933502,-2.0002487563521143,-2.062769074232788,-2.405713561430205,-1.2340767651476003,0.18341575339743374,-3.0118486074257387,0.274684261556293
CRR1090639,0,-3.8719008933708268,8.191020577661908,3.9808699677287005,8.994038049574756,-3.620586782549835,2.2458801664205916,3.666972747409389,4.582564039870908,2.6873081412097113,9.482765941874684,1.6182153512515267,1.0022039045946125,-0.10078473669559013,1.3507674339716471,-4.026051335103215,-1.3634650584639774,-3.3329049878755614,-4.026051335103215,3.4872924783336448,1.9708135987727022,-1.9158395994017217,-2.5597155483597556,-0.6998185986995552,-0.5046064426936782,2.28204544277686,-3.045223123756962,-3.9460087556346015,-1.7402748575993177,-2.927440157544982,-3.215122044811698,2.7326220561341015,1.4531960742385466,1.3841038539866437,2.0185572934995832,-0.09422733636442937,2.1741180522377346,1.968323970941073,-2.9556110186386717,0.11708175107806558,2.3381238698461093,-2.579133626675382,1.8165247694673616,4.313129328839153,-2.2768528571042035,-0.24946792906751308,3.192978799739906,-2.141511545924947,-4.026051335103215,-0.8206001296648678,-4.901517739130393,-3.5152263780030024,5.520092717960326,1.7056688469794343,-3.620586782549835,-2.0450513030168787,0.41463556520033973,-2.579133626675382,-1.819611585841128,0.4644542945910468,-3.014451484029591,-3.0769718019102648,-3.4199162891076815,-2.248279492825077,-0.8307869742800428,0.6939328735070205,-0.7395184661211834
CRR1090646,1,2.1163885071587565,8.04068053641281,4.062782562067116,7.983600833834343,-3.3197554589143854,3.2111210593207016,-0.5197688060294182,5.467022609743441,1.1947592598605312,9.54799810178051,7.046381253107786,-3.907541234928998,0.20004658693985958,-3.7252200114677656,2.739626199860439,-1.7557807991094236,-3.0320736642401123,-3.7252200114677656,-0.3753175323789083,4.672774979483833,-1.6150082757662723,-2.258884224724306,-0.3989872750641057,-0.2037751190582286,-1.1796902758096628,1.8380207801380197,1.9741064517541342,-1.4394435339638678,-3.3197554589143854,1.8121125954471728,-1.2684857624546069,3.0125357957194745,-3.907541234928998,4.559408740473102,1.0964030844412795,-1.9196686128000875,-2.1496849725470977,-2.654779695003222,-3.812231236942508,-2.572541641879007,9.405539670725632,4.84721698782459,-1.7214917334698283,-1.976021533468754,0.05136339456793644,6.019113819733482,-1.8406802222894973,-3.7252200114677656,-4.012901528365071,-4.600686415494943,-3.214395054367553,8.497512227862744,-4.2642153217269545,-3.3197554589143854,-1.744219979381429,0.7154668888357892,-0.29123441988445786,-1.5187802622056783,-3.571069569735377,-2.7136201603941412,-2.776140478274815,-3.119084965472232,-1.9474481691896273,-0.529955650644593,-3.7252200114677656,-0.4386871424857338
CRR1090650,0,-1.9676384595489191,8.65195056894257,3.0014027165707033,9.994452015592614,5.8377544406765285,4.041283698364722,4.607468151994577,3.6829774010958625,3.0760731338310805,5.741749405275978,5.025580481358409,-2.163382988626978,-0.05727343724047837,-0.16482933972644076,-3.9825400356481033,-2.0131008232897614,-3.28939368842045,-3.9825400356481033,0.851091209729119,5.777008118123212,-1.87232829994661,-2.5162042489046437,-0.6563072992444434,4.037619188017146,-1.4370102999900005,-3.00171182430185,-3.90249745617949,0.7344679803333749,4.178167003692414,3.924741907726388,-3.0334605024551533,3.923330041681362,-4.164861259109336,6.3245703766659025,-1.9348486438943853,-2.1769886369804254,-2.4070049967274354,-2.91209971918356,-4.069551261122846,1.947047445509137,3.7979703072155124,3.3733123715911772,4.915117826875815,1.6522479068082492,-0.20595662961240133,6.236212690473562,-2.0980002464698355,-0.9785105433000707,-4.270221552545409,-4.858006439675281,-3.4717150785478905,-2.91209971918356,-4.521535345907293,-3.577075483094723,-2.0015400035617668,0.4581468646554514,-2.53562232722027,-1.7761002863860162,-3.828389593915715,-2.970940184574479,-3.0334605024551533,-3.37640498965257,-2.204768193369965,-0.787275674824931,-3.9825400356481033,-0.6960071666660718
CRR1090652,1,-4.071999398678188,9.135051852265297,1.9255167951223384,9.228612256782013,6.6845089863419975,4.386018475546601,3.7045342015358766,5.805245414155632,4.709071963671112,0.3588159886015195,5.036290998913897,-4.40847106387181,-0.3008832420029518,2.1995275641253325,1.3585971562801324,-2.256710628052235,-3.5330034931829233,-4.226149840410577,0.6815893761730389,4.863977884357232,-2.1159381047090835,-2.7598140536671174,-0.8999171040069169,-0.7047049480010399,-1.680620104752474,3.9478469024281573,-4.146107260941964,-1.9403733629066793,-3.820685287857197,3.604009105442894,-3.2770703072176266,3.3122547896276964,-4.40847106387181,-0.7449113664581131,2.1377382969331795,-2.420598441742899,-2.650614801489909,1.847660785218179,4.048417954162909,4.069979299645798,7.595384249428604,3.9683540031500644,3.135329804690461,3.9392121258720163,-0.44956643437487487,-3.2770703072176266,-2.341610051232309,-4.226149840410577,-4.5138313573078825,0.9007842526077581,-3.7153248833103643,-3.155709523946033,-4.765145150669767,-3.820685287857197,-2.2451498083242405,0.21453705989297786,-2.7792321319827433,-2.0197100911484895,-4.071999398678188,4.4914759885006745,-3.2770703072176266,-3.6200147944150434,-2.4483779981324387,-1.0308854795874045,-4.226149840410577,-0.9396169714285453
CRR1090653,0,-3.6995466490379347,8.570197312604085,8.082824203560422,9.42580283267504,5.985827884980255,4.184759464482707,2.8663203340619408,5.907178215972103,4.15903737721755,4.20404821253369,8.907125005546217,-0.3521533516879089,0.07156950763730177,1.6724179785985391,-3.853697090770323,-1.8842578784119814,-3.16055074354267,-3.853697090770323,3.4081113705323047,6.651231786495799,-1.74348535506883,7.590694444254997,-0.5274643543666635,-0.33225219836078634,-1.3081673551122204,-2.87286887942407,-3.77365451130171,0.09754499319710754,-3.448232538216943,0.7826470621760285,-2.904617557577373,2.2764401879872715,-4.036018314231556,7.509035401274321,1.5192621598421532,-2.0481456921026453,-2.2781620518496553,-2.7832567743057797,-3.9407083162450656,-2.7010187211815646,-2.40677938234249,4.085697703701901,-1.849968812772386,1.0240398758845781,-0.07711368473462125,-2.904617557577373,-1.9691573015920552,1.4462838967509641,-4.141378607667629,-4.7291634947975005,-3.3428721336701104,-2.7832567743057797,0.571147894381288,-3.448232538216943,-1.8726970586839868,0.5869898095332315,-2.40677938234249,-1.647257341508236,-3.6995466490379347,-2.842097239696699,-2.904617557577373,-3.24756204477479,-2.075925248492185,-0.658432729947151,-0.5096597307898669,-0.5671642217882915
CRR1090654,0,1.1965481937787117,8.944012716807958,6.470861074463509,8.972162659998338,0.12541017402426516,1.0939693218350235,6.502164754587666,3.634039076306382,4.24972125496782,5.712148648874085,6.062206011481881,-1.755580315923611,-0.35604082849228774,0.7337608086608773,-4.281307426899913,-2.3118682145415708,-3.5881610796722594,-4.281307426899913,1.3988635211401586,4.173192758866026,5.2966098941240425,5.669769491850685,-0.955074690496253,-0.7598625344903759,-1.73577769124181,-3.3004792155536595,-4.2012648474312995,-1.9955309493960152,0.5938882423586069,-3.4703781366083954,0.21292955033759253,-4.2012648474312995,-4.463628650361145,4.83128981227388,0.5668072841051852,-2.475756028232235,4.465725170877864,-3.210867110435369,-4.368318652374655,-3.128629057311154,-2.8343897184720794,1.3003057533942666,-2.2775791489019754,-2.5321089489009014,4.3467693244499195,2.1117240941604547,-2.3967676377216445,-4.281307426899913,-4.568988943797218,-5.15677383092709,-0.8052103521835272,0.011430873060968358,2.430836736322809,2.4183964821023842,0.6386718444283841,1.5684958832684943,-2.8343897184720794,-0.2831083613149532,-4.127156985167525,-3.2697075758262883,-3.3322278937069627,2.2334035997764747,-2.5035355846217744,3.3543168028401706,-4.281307426899913,-0.9947745579178812
CRR1090655,1,-5.104178557981093,7.526892851598505,3.7021798892346753,7.600639050249119,4.131953437744633,3.7318408922347333,0.8571934775000633,3.329041359969467,1.1659979657282042,1.6251319217419833,2.2263188372751395,-5.440650223174714,0.5162208843416323,0.4614345182515199,-1.684114073855992,-3.2888897873551395,-4.565182652485828,-5.2583289997134814,0.12997974631212783,2.1194282428907796,2.682134488085494,5.12149457951644,2.8381314837665714,2.2102777309202195,-0.6514951844326721,2.0178798962306446,-0.10986765680663392,-0.7239406445626277,1.2590943945419308,0.40520835586016607,-4.309249466520531,-5.178286420244868,0.1833652902348408,6.15296435461407,-0.7603745461449418,-0.4340249370871164,0.759856954926771,1.842933360161334,-5.345340225188224,-4.105650630124723,-3.811411291285648,-3.63236312412465,0.09510600727679196,-2.8159834860820294,4.027132638849064,5.491593661667378,-3.373789210535213,-1.6076723817949785,-3.9590472277031474,-5.440650223174714,-4.747504042613269,7.0907977662287225,-3.494741788403156,-1.5167006073536033,2.217480870768016,-0.8176420994099266,-0.26224514202327803,1.739874517047983,-5.104178557981093,3.4361994572619725,1.293463701777555,2.3435712943289073,-0.045208136819544595,2.4860225762902535,-5.2583289997134814,-1.9717961307314498
CRR1090657,1,-4.253696980922639,7.981187267896285,4.216013760751995,9.053723490084158,-4.002382870101647,6.283129447736305,3.6431199886735257,5.824402496453701,3.4697376890959286,3.4447195891171085,8.772066901997839,3.4632077264413934,-0.48258082424740173,3.9956900308966814,-4.407847422655027,-2.438408210296685,-3.714701075427373,-4.407847422655027,3.218071134009809,5.8414538214467004,-2.2976356869535333,-2.941511635911567,-1.081614686251367,2.154595006727464,-1.8623176869969238,3.965473732061142,-4.327804843186414,-2.1220709451511293,2.124242575217053,0.10117725446350789,2.7299591506011294,1.9843471615475512,2.276345886935482,3.140355582099754,2.0336289448136586,-2.6022960239873485,-2.832312383734359,-3.337407106190483,-4.494858648129769,3.2158743144470114,-2.9609297142271935,3.8320962922283535,-2.4041191446570895,3.115542178680663,-0.6312640166193247,5.705608963020651,-2.5233076334767586,-0.22325762386971573,-4.695528939552332,1.7219270772136364,-3.897022465554814,-3.337407106190483,0.8134072400921704,-4.002382870101647,-2.4268473905686903,0.03283947764852821,-2.9609297142271935,-2.2014076733929393,-4.253696980922639,-3.396247571581402,-3.4587678894620764,-3.801712376659493,-2.6300755803768885,-1.2125830618318543,-4.407847422655027,-1.1213145536729952
CRR1090658,1,-3.7014316396999964,9.153237961324196,6.821109077207451,9.655675330958001,5.884011383211051,5.837758739012734,8.082437324184852,4.280983279045063,4.576523484611836,5.769192485410727,7.772305968687943,0.6179580144233988,0.06968451697524057,5.400590040380893,-3.8555820814323845,-1.8861428690740427,6.332932359487349,-3.8555820814323845,5.560319876829338,-1.3846631994393415,-1.7453703457308913,-2.389246294688925,-0.5293493450287247,-0.33413718902284767,-1.3100523457742816,-2.8747538700861313,-3.775539501963771,-1.569805603928487,-3.4501175288790042,-3.044652791140867,-2.9065025482394344,3.7527080107034725,-4.037903304893617,6.633256955236291,-1.8078906896786666,-2.0500306827647066,-2.280047042511717,-2.785141764967841,-3.942593306907127,-2.702903711843626,-2.408664373004551,4.015218614736615,-1.8518538034344472,-2.106383603433373,-0.07899867539668255,-2.9065025482394344,-1.9710422922541166,-1.9584635132118124,-4.14326359832969,2.9514299629262606,0.7742790667409625,-2.785141764967841,1.5235452688731828,-3.4501175288790042,-1.874582049346048,0.5851048188711703,-2.408664373004551,-1.6491423321702974,-3.7014316396999964,-2.84398223035876,-2.9065025482394344,-3.249447035436851,-2.077810239154246,-0.6603177206092121,-3.8555820814323845,1.0570711498932912
CRR1090659,0,-1.3673078504651235,10.18330830423081,4.430207604214961,9.800669157703304,7.383783451985765,4.942973798388874,5.3821077883026325,3.3563560313472913,4.534888029431383,4.6955464931951,6.86256033805765,-3.6698911434611494,0.43769667840770826,-3.487569919999917,-3.487569919999917,-1.5181307076415749,-2.7944235727722635,-3.487569919999917,-0.9485975840279799,7.226056981898849,-1.3773581842984235,3.73742456822386,-0.16133718359625684,2.9806446064616794,-0.942040184341814,-2.5067417086536636,-3.4075273405313036,6.045286972718946,-3.0821053674465366,-2.6766406297083996,-2.5384903868069664,4.557696130476968,-3.6698911434611494,6.945214902462463,-1.4398785282461988,-1.6820185213322387,2.979350442960989,-2.4171296035353733,-3.574581145474659,1.3618511269021716,-2.0406522115720835,3.7220151891055804,-1.4838416420019793,-1.7383714420009053,0.28901348603578514,-2.5384903868069664,-1.6030301308216486,-3.487569919999917,-3.7752514368972223,-4.363036324027094,-2.976744962899704,-2.4171296035353733,-4.026565230259107,-3.0821053674465366,-1.5065698879135803,0.9531169803036381,-2.0406522115720835,-1.2811301707378295,-3.3334194782675284,-2.4759700689262925,0.17170744059090473,-2.881434874004383,-1.7097980777217785,-0.29230555917674444,-3.487569919999917,-0.20103705101788516
CRR1090660,1,-2.9062424017020496,9.66923931661837,1.268143461601201,10.991134099324752,6.493251838194482,4.678456655419297,4.629205404966255,4.844678340013728,4.925260016520172,3.4572767652744005,-0.6932707397181112,-2.1441031115591165,0.8648737549731871,-3.060392843434438,-3.060392843434438,-1.090953631076096,-2.3672464962067847,-3.060392843434438,-3.465857118211005,-0.5894739614413951,-0.9501811077329447,-1.5940570566909784,0.26583989296922184,5.331159870072511,-0.5148631077763353,-2.079564632088185,-2.980350263965825,0.7388330384965178,-2.654928290881058,-2.249463553142921,1.37832748793575,3.267244613261598,-3.2427140668956707,2.1005746748573264,3.990450502794715,-1.25484144476676,-1.4848578045137701,-1.9899525269698946,-3.1474040689091805,5.027194557867247,4.792821878703856,5.246036497302256,-1.0566645654365008,-1.3111943654354266,0.7161905626012639,-2.1113133102414876,-1.17585305425617,-3.060392843434438,-3.3480743603317435,-3.935859247461616,-2.5495678863342253,-1.9899525269698946,0.7682469226212624,-2.654928290881058,-1.0793928113481015,1.3802940568691169,-1.6134751350066048,-0.8539530941723508,-2.9062424017020496,-2.0487929923608137,-2.1113133102414876,-2.4542577974389044,-1.2826210011562997,0.13487151738873432,-3.060392843434438,0.22614002554759363
CRR1090662,0,-3.684756305637799,9.41789232048651,4.5448295727110155,9.783798238787492,6.762290885599664,4.313913627287438,4.9050750050808745,3.966566211914554,3.4746452519556965,0.09291725136859794,5.987013914973105,-4.02122797083142,0.08635985103743728,-3.8389067473701877,-3.8389067473701877,-1.8694675350118457,-3.1457604001425343,-3.8389067473701877,0.8166379951255526,5.293146039722411,-1.7286950116686945,5.8924851019611255,-0.5126740109665279,-0.3174618549606509,-1.2933770117120849,-2.8580785360239345,-3.7588641679015744,2.1242423930442356,1.0196111782605115,-3.0279774570786704,1.7395627648407892,3.990324124171344,1.473476217940933,3.2839582459077024,2.245970581507008,-2.03335534870251,-2.26337170844952,-2.768466430905644,-3.92591797284493,-2.686228377781429,4.508089400779836,4.220683915378838,-1.8351784693722504,3.0108645841744845,-0.06232334133448571,0.17747463674695257,-1.9543669581919196,-3.8389067473701877,-4.126588264267493,-4.714373151397365,-3.328081790269975,7.953122448648291,-1.3679878653771447,-3.4334421948168075,-1.8579067152838513,0.6017801529333671,-2.3919890389423544,-1.6324669981081006,-3.684756305637799,-2.8273068962965633,-2.8898272141772376,-3.2327717013746544,-2.0611349050920493,-0.6436423865470153,-3.8389067473701877,-0.5523738783881562
CRR1090664,1,-4.110256091751675,9.225533792854945,-3.2229537370860597,8.590198164695712,6.769478272704685,5.755735827860621,2.2343758339041235,3.7832612473910876,2.0119219600346603,1.4591769072496619,5.703445983830295,0.578465701624893,1.6100542609691686,1.6740071302624975,2.1509615014209538,-2.294967321125722,3.541202249230336,-4.264406533484064,-0.22428516276836757,4.84841121690909,-2.1541947977825706,-2.7980707467406045,-0.9381737970804043,-0.7429616410745272,-1.7188767978259611,3.2716890369157503,-4.184363954015451,-1.9786300559801664,2.2878619054077722,2.4224925744006267,2.5802297712925695,-4.184363954015451,2.2186991538562766,2.738657260152271,1.3296834149474397,-2.4588551348163863,-2.6888714945633962,-3.1939662170195207,-4.351417758958807,3.0314399383470705,4.799923257884073,-2.6384406578952326,-2.260678255486127,-2.5152080554850524,-0.48782312744836215,5.7839586137769645,-2.379866744305796,-4.264406533484064,-1.0794338579913079,1.4454667940278274,-3.7535815763838514,8.426741399129174,-4.803401843743254,-3.858941980930684,-2.2834065013977276,0.1762803668194908,-2.817488825056231,-2.0579667842219767,-4.110256091751675,-3.25280668241044,-3.3153270002911137,-3.6582714874885305,-2.486634691205926,-1.0691421726608918,-0.8687818076707219,-0.9778736645020325
CRR1090666,1,-4.209657013346186,8.237576158395258,4.7346681572733305,9.12234144749861,-3.958342902525194,3.0691676622737147,5.1563294483710855,5.086479475546601,2.3548013771098977,1.1616438240280378,5.022275669583052,-4.546128678539807,-0.4385408566709492,-4.363807455078574,-4.363807455078574,-2.3943682427202324,-0.6064924671661824,-4.363807455078574,-4.7692717298551415,4.839120525349945,3.59138210432872,4.464880320467538,-1.0375747186749145,4.843610321971821,-1.8182777194204713,-3.382979243732321,1.8130971129557332,2.636981024724077,1.3008859699813093,-3.552878164787057,-1.1651359361659626,-4.283764875609961,-1.2727665926279637,3.7807732989190073,-0.8723648114724989,-2.5582560564108965,0.45781564083047077,-3.293367138614031,-4.450818680553317,-3.211129085489816,6.2258387600946135,2.2646730765714937,-2.360079177080637,2.8156258734827233,3.638048290986575,5.833553785281627,-2.479267665900306,-4.363807455078574,-4.65148897197588,-5.239273859105752,-3.8529824979783616,6.9567222281299825,-0.004965801203666777,1.5829195358800368,0.10782969066733514,1.561337548778841,1.6604452522193784,-2.1573677058164873,-4.209657013346186,0.9998277187312281,-2.721581063906168,-3.7576724090830407,2.0006547350921573,-1.168543094255402,-4.363807455078574,-1.077274586096543
CRR1090671,1,-3.418998142474964,10.031142444558926,1.629940274898288,9.693273065651672,6.691066515988368,5.678843769863532,5.477901263615616,5.6450425434788745,5.204019742160189,2.5950648114714707,3.220315883575839,-3.755469807668585,0.35211801420027256,3.785362126471287,-3.5731485842073525,-1.6037093718490107,-2.880002236979699,-3.5731485842073525,3.2233009604137233,8.380534533321322,-1.4629368485058591,6.104638405004407,-0.2469158478036926,-0.05170369179781559,-1.0276188485492497,-2.5923203728610993,-3.4931060047387392,-1.287372106703455,-3.1676840316539723,-2.762219293915835,3.5371376268806913,-3.4931060047387392,-3.755469807668585,1.3779709274836704,-1.5254571924536344,-1.7675971855396746,-1.9976135452866846,-2.502708267742809,-3.660159809682095,2.783825091727492,6.41176366710251,3.842225521929759,-1.5694203062094152,3.7978147989826017,0.20343482182834957,-2.624069051014402,-1.6886087950290842,-3.5731485842073525,-0.8005614244661879,-4.44861498823453,-3.0623236271071397,0.8005081551391375,-4.112143894466542,-3.1676840316539723,-1.5921485521210161,0.8675383160962024,-2.126230875779519,-1.3667088349452652,-3.418998142474964,-2.561548733133728,-2.624069051014402,-2.9670135382118192,-1.7953767419292141,-0.3778842233841802,-3.5731485842073525,-0.2866157152253208
CRR1090672,1,-3.6992618958691037,9.92990904944598,-1.0202005621713433,9.425414800442871,1.9676575618532424,4.684365821084397,0.5634165727225274,3.1991628606960676,4.884840572526574,4.8204124972697215,5.455413314575101,0.6333479694327451,0.07185426080613283,1.6519175384406604,-3.853412337601492,-1.8839731252431504,-3.160265990373839,-3.853412337601492,2.497180806264523,5.6446334399736955,-1.7432006018999988,5.266271999623763,-0.5271796011978325,-0.3319674451919553,-1.3078826019433893,0.3855118108048991,-3.773369758132879,-1.5676358600975946,2.138467126891359,0.8710196173410382,2.2322237166506493,-2.0898251262911667,1.714294171126168,5.205657642364591,2.752109423503646,-2.0478609389338143,-2.2778772986808247,-2.7829720211369486,-3.9404235630762345,0.2897207485797885,-2.406494629173659,3.2855852633860207,2.6049242816903497,3.415854496455384,-0.0768289315657902,0.18082666338414968,-1.9688725484232241,-3.853412337601492,-4.141093854498798,-4.7288787416286695,-3.3425873805012793,4.770748408446227,-4.392407647860682,-3.447947785048112,0.9894598975074649,0.5872745627020627,-2.406494629173659,-1.646972588339405,-3.6992618958691037,-2.8418124865278678,-2.9043328044085417,-3.247277291605959,-2.075640495323354,-0.6581479767783199,-3.853412337601492,-0.5668794686194605
CRR1090673,1,-2.9153146889026362,10.971427467622847,3.4169480269553847,9.489421772393165,7.017133665563071,5.373326071898764,-2.0578652795614003,3.4662581520777023,4.726865375673874,5.269317174540333,4.707557485481281,-3.2517863540962573,0.8558014677726002,-3.0694651306350247,-3.0694651306350247,-1.100025918276683,7.993712464270756,-3.0694651306350247,-3.474929405411592,3.238328018884751,-0.9592533949335313,-1.6031293438915653,0.25676760576863517,0.4519797617745122,-0.5239353949769219,-2.0886369192887715,-2.9894225511664114,-0.7836886531311271,-2.6640005780816445,2.489931966320821,-2.120385597442074,3.22333615178956,2.5058507996697736,-2.9153146889026362,3.2664735892418792,-1.2639137319673468,-1.493930091714357,-1.9990248141704812,-3.156476356109767,-1.916786761046266,-1.6225474222071914,4.09124970269939,-1.0657368526370874,1.6400634190270462,0.7071182754006773,-2.120385597442074,-1.1849253414567567,-3.0694651306350247,-3.3571466475323306,-3.9449315346622025,-2.558640173534812,0.41177334331743903,-3.6084604408942145,-2.6640005780816445,-1.0884650985486883,1.37122176966853,2.267269687170925,-0.8630253813729376,-2.9153146889026362,-2.0578652795614003,-2.120385597442074,-2.4633300846394914,-1.2916932883568863,0.1257992301881475,-3.0694651306350247,0.21706773834700696
CRR1090675,0,-3.583098069512362,9.895357254183773,0.33462155686910394,9.464053761569987,7.405570083405014,4.047916395578443,-2.0325017826413463,4.635071372544389,3.1171043261030804,2.8532797841022055,7.944761024481365,-0.2715142230269701,0.18801808716287446,0.4822575517758816,-0.7498860699929443,-1.7678092988864087,-3.0441021640170973,-3.7372485112447507,-4.142712786021318,4.768039109340709,-1.6270367755432573,-2.270912724501291,-0.41101577484109075,5.284348069670565,-1.1917187755866478,4.758310713719718,-3.6572059317761374,-1.451472033740853,1.765367658944216,1.5088963250887297,0.728657959901643,1.1392186139857998,-3.9195697347059832,1.1580989731972586,2.077874889051725,2.4706689357170712,-2.1617134723240827,-2.666808194780207,-3.824259736719493,-2.584570141655992,-2.2903308028169174,4.918689948471818,-1.7335202332468134,-0.5317973058064033,0.03933489479095135,5.140248027660329,-1.8527087220664826,-3.7372485112447507,-0.5385769923321388,-4.612714915271928,-3.226423554144538,-2.666808194780207,-4.2762438215039404,-3.3317839586913705,-1.756248479158414,0.7034383890588041,-2.2903308028169174,-1.5308087619826634,-3.583098069512362,-2.7256486601711263,4.457623486944822,-3.1311134652492174,2.3536825629231033,-0.5419841504215783,-3.7372485112447507,-0.4507156422627189
CRR1090678,0,-3.286700988870242,8.161675383508307,5.774690381872257,10.746004901824744,2.833595004650018,-0.6274422805078769,5.593823505777059,7.291262689164929,5.645189313121353,2.2081211467618425,-1.0737293268863035,1.9625747611846207,3.4135014067452003,4.690383452918548,-3.4408514306026303,-1.4714122182442884,-2.747705083374977,-3.4408514306026303,2.994228326586411,1.6153927186961106,-1.330639694901137,-1.9745156438591707,-0.11461869419897054,3.5809746394610653,-0.8953216949445275,-2.460023219256377,-3.360808851134017,-1.1550749530987328,-3.03538687804925,-2.629922140311113,1.6620574830692303,1.7521037628815612,-3.623172654063863,-2.5245616987273087,1.0096107184144543,-1.6353000319349524,-1.8653163916819626,-2.370411114138087,-3.5278626560773727,2.152618362774084,4.296181537326027,-1.8148855550137988,0.7663240202646149,4.137292376004073,0.3357319754330716,3.716882388280025,-1.5563116414243623,-3.4408514306026303,-3.7285329474999362,-4.316317834629809,-0.7217529500890094,5.079933629990597,-3.9798467408618197,-3.03538687804925,-1.459851398516294,0.9998354697009245,-1.9939337221747968,-1.2344116813405432,-3.286700988870242,-2.429251579529006,-2.49177189740968,-2.834716384607097,-1.663079588324492,-0.24558706977945804,-3.4408514306026303,-0.15431856162059876
CRR1090683,1,1.485557035185285,11.146059584830372,5.44437379248393,10.269629508258028,7.804245277069825,5.612235885381302,0.09690703118314184,3.6511762522750884,6.458453787885291,3.1168715283893342,-0.40764891765888367,2.3462106731748813,1.1504955770324146,-2.7747710213752104,-2.7747710213752104,-0.8053318090168685,-2.081624674147557,-2.7747710213752104,-3.1802352961517775,-0.30385213938216743,-0.664559285673717,-1.3084352346317507,0.5514617150284494,0.7466738710343266,-0.22924128571710756,-1.7939428100289572,-2.694728441906597,-0.4889945438713128,-2.36930646882183,-1.963841731083693,-1.8256914881822601,-2.694728441906597,-2.957092244836443,0.4306801840631369,3.678852313476875,-0.9692196227075325,-1.1992359824545427,-1.7043307049106668,-2.8617822468499527,4.102179683505407,4.456634908388496,3.170647924929088,-0.7710427433772731,-1.025572543376199,1.0018123846604916,-1.8256914881822601,-0.8902312321969423,-2.7747710213752104,-3.0624525382725163,-3.650237425402388,-2.2639460642749976,-1.7043307049106668,-3.3137663316343997,-2.36930646882183,-0.7937709892888739,1.6659158789283444,-1.327853312947377,-0.5683312721131233,-2.620620579642822,-1.763171170301586,-1.8256914881822601,-2.168635975379677,-0.9969991790970721,0.42049333944796186,-2.7747710213752104,0.5117618476068212
CRR1090684,1,-3.5004928148289083,8.891277581668795,4.296855721347498,9.959010126553,6.054195422926202,4.082389711367361,6.362409381588866,5.514595638037841,3.823807377500829,9.276652778768106,5.663772272051255,0.48052166018244735,2.163457813414326,2.0379642564494787,-3.6546432565612967,-1.6852040442029548,-2.9614969093336434,-3.6546432565612967,0.7641957046503443,3.7561054014142257,-1.5444315208598034,-2.188307469817837,-0.32841052015763667,-0.13319836415175978,-1.1091135209031937,-2.6738150452150435,-3.5746006770926835,1.1397672761931483,1.824604152780465,-2.8437139662697795,-2.7055637233683463,3.596227136278036,1.0800904817574486,1.3116901235875027,-0.5560551890449087,-1.8490918578936189,-2.079108217640629,-2.5842029400967528,-3.741654482036039,-2.501964886972538,-2.2077255481334634,-2.028677380972465,-1.6509149785633594,-1.9054447785622852,0.12194014947440535,3.41338510371063,1.2012839940788682,-3.6546432565612967,-3.942324773458602,-4.530109660588474,-3.143818299461084,-1.891056045250971,2.9797694027650197,3.1354523141620954,-1.6736432244749602,0.7860436437422582,-2.2077255481334634,-1.4482035072992094,-3.5004928148289083,-2.6430434054876724,-2.7055637233683463,-3.048508210565763,-1.8768714142831584,0.23376825069212992,-3.6546432565612967,-0.36811038757926506
CRR1090688,1,-2.5228876706405905,10.966724901970224,6.827983105158579,8.052003841946018,-2.2715735598195987,-1.9430698039583765,9.99272809791009,2.141896809910397,2.242941158955318,6.651587205629959,7.851811172799804,-2.8593593358342115,1.248228486034646,-2.677038112372979,-2.677038112372979,-0.7075989000146372,5.918594838992728,-2.677038112372979,-3.082502387149546,7.559802059179467,-0.5668263766714856,-1.2107023256295193,0.6491946240306808,0.844406780036558,-0.1315083767148761,-1.6962099010267258,-2.5969955329043657,2.193055505066723,-2.2715735598195987,-1.8661088220814617,-1.7279585791800287,-2.5969955329043657,-2.8593593358342115,9.125542058183179,-0.629346720619261,-0.8714867137053011,-1.1015030734523112,-1.6065977959084354,-2.7640493378477213,-1.5243597427842204,-1.2301204039451457,-1.0510722367841474,-0.6733098343750417,-0.9278396343739675,1.099545293662723,-1.7279585791800287,-0.7924983231947109,-2.677038112372979,-2.964719629270285,-3.5525045164001567,-2.166213155272766,-1.6065977959084354,-3.2160334226321683,-2.2715735598195987,-0.6960380802866426,1.7636487879305758,-1.2301204039451457,-0.4705983631108918,-2.5228876706405905,-1.6654382612993546,-1.7279585791800287,-2.0709030663774457,-0.8992662700948408,0.5182262484501933,-2.677038112372979,0.6094947566090526
CRR1090693,1,6.207533980276119,9.275229450016134,4.205871311358572,9.279662168423663,7.282171220637623,4.136953629220058,8.790289679621518,4.873457725714087,7.212278302810973,6.7554714298768905,6.658053544041859,-1.200524971630502,0.12205348454123463,-3.8032131138663905,-3.8032131138663905,-1.8337739015080485,-3.1100667666387367,-3.8032131138663905,1.903895489754306,0.3686051195656634,-1.6930013781648972,-2.336877327122931,-0.4769803774627305,-0.2817682214568535,-1.2576833782082875,-2.8223849025201373,-3.7231705343977772,-1.5174366363624927,-3.3977485613130103,2.6727314175694374,-0.3117704702603148,1.7419626704583107,-3.9855343373276226,6.833149350458291,2.7939309236287437,-1.9976617151987124,-2.2276780749457226,-2.7327727974018465,-3.890224339341133,-0.7586922634431691,7.128596707584191,2.7062992379136293,-1.799484835868453,-2.0540146358673788,-0.026629707830688396,-2.85413358067344,-1.9186733246881222,0.7471471865670615,-4.090894630763696,-4.678679517893568,-3.2923881567661777,-2.7327727974018465,0.6984450475710462,-3.3977485613130103,-1.822213081780054,0.6374737864371645,-2.356295405438557,-1.5967733646043032,-3.649062672134002,-2.791613262792766,-2.85413358067344,-3.197078067870857,-2.025441271588252,-0.6079487530432179,-3.8032131138663905,-0.5166802448843586
CRR1090694,1,-4.6001043693004355,8.10566276538689,4.136360607844294,8.190068556844857,0.16084640190152918,5.577989442969759,-1.1166702741120675,4.140048071224954,2.530907312752401,1.5969200664139318,5.9945913450591854,-0.04924094165733803,-0.8289882126251985,0.44699918518954035,-4.7542548110328235,-2.7848155986744816,3.0439929787982685,-4.7542548110328235,0.02346548751338469,1.6845612728841228,2.7780994402013293,-3.287919024289364,-1.4280220746291636,4.518009630219481,-2.2087250753747205,3.482914121741539,-4.67421223156421,-2.468478333528926,-4.348790258479443,-3.9433255207413063,3.0076304019592253,1.3052560540762923,-4.936576034494056,0.7876604552632058,2.3712947476121324,2.6068012398655696,-3.1787197721121556,-3.68381449456828,1.1089011056592555,2.7182442679869645,7.962871765157116,3.2266793159298133,3.501052334520621,1.0668150884219112,-0.9776714049971216,6.4803606218341745,-2.8697150218545553,-4.7542548110328235,-1.410217451052367,-5.629721215060001,-4.243429853932611,7.856269653317017,1.7490331960064571,-4.348790258479443,-2.773254778946487,-0.3135679107292686,-3.3073371026049903,-2.547815061770736,-0.9076612420052228,3.6807862310523314,-3.805175277839873,-4.14811976503729,-2.976482968754685,-1.5589904502096512,-4.7542548110328235,-1.4677219420507919
CRR1090697,1,-3.949782492694587,7.28634477273069,7.6405257757199765,9.469749164017685,4.420167998955957,2.855305622161422,8.404464241376774,5.062976213130658,5.823179955906416,6.516864149668604,6.795695603592808,-4.286254157888208,-0.17866633601935022,1.6277872476556743,2.145396936607899,-2.1344937220686333,6.045455539943766,-4.103932934426975,4.054056647162853,3.6918491007318446,-1.993721198725482,6.75386495951765,-0.7777001980233154,-0.5824880420174383,-1.5584031987688725,-3.123104723080722,-4.023890354958362,-1.8181564569230777,-3.698468381873595,-3.293003644135458,-3.154853401234025,3.5443284306044527,-4.286254157888208,5.179253425516305,-2.0562415426732574,-2.2983815357592974,-1.8352508873601105,-3.0334926179624313,-4.190944159901718,-2.9512545648382167,7.108612984110559,0.97123922455824,3.5684354438603267,-2.3547344564279635,-0.3273495283912732,1.6363940785776006,-2.219393145248707,-4.103932934426975,-4.391614451324281,-4.979399338454153,-1.0204966707832819,-3.0334926179624313,3.0472895969718454,-3.698468381873595,-2.1229329023406387,0.33675396587657963,-2.657015225999142,-1.897493185164888,-3.949782492694587,-3.092333083353351,-3.154853401234025,-3.4977978884314416,-2.326161092148837,-0.9086685736038029,-4.103932934426975,-0.8174000654449436
CRR1090699,1,-0.38892089398910956,6.395552610432668,5.247070816821216,9.103507952145788,2.8646877178111754,3.4520280534046686,4.690039899637045,4.494479329533093,6.229620974380599,7.554791688219484,2.7083391761291997,1.7639044010755516,2.6076426150567085,1.2451589056486945,-0.8058863794618697,1.0331097706519377,-4.079880701763905,0.19214421599056897,2.429011788152427,1.3458024310399652,-2.6628153132900647,-3.3066912622480986,-1.4467943125878981,2.8417766498760653,-2.2274973133334552,-3.792198837645305,-4.692984469522945,-2.4872505714876607,2.14319064339005,0.5286164492895229,-3.823947515798608,0.4446207568571693,-4.955348272452791,3.4078055665163984,-2.72533565723784,-2.9674756503238804,-3.1974920100708903,-0.00234407706687775,-4.860038274466301,-3.6203486794027997,3.742429638799597,-3.1470611734027267,-2.769298770993621,-3.0238285709925465,3.9033595543299096,4.429397085401732,-2.88848725981329,-4.773027048991558,-5.060708565888864,-2.053928568477937,-4.2622020918913455,1.3461692016277307,-0.3402297358075515,0.14938235716050283,1.3095706436487178,2.4627104962510735,1.0957972815286803,-2.5665872997294708,-4.618876607259169,-3.761427197917934,-3.823947515798608,4.494589507628208,-2.99525520671342,3.9606458844685095,-0.00234407706687775,-1.4864941800095264
CRR1090702,1,-4.687944526644629,7.298803510659391,4.7787848294080755,8.585754105626025,3.0961705204987267,2.312388506362446,3.5643511984415794,3.8412887315203075,5.155541334199516,1.1589056206732906,6.588256675918639,-5.02441619183825,-0.9168283699693922,-4.842094968377017,-3.1074952855365847,1.4392350985409836,7.402198629565108,-4.842094968377017,0.9580056156649919,2.343164111202848,4.262790624581712,-3.3757591816335575,-1.5158622319733572,-1.3206500759674802,-2.2965652327189146,-3.861266757030764,2.0830072839124565,-2.5563184908731196,-2.4749728646606903,0.12191282935534868,-0.2571291393649208,0.6406234614335274,2.48261305319418,3.0503554091006446,-2.7944035766232993,2.4380264757067662,4.950980636259923,-3.7716546519124736,-4.9291061938517595,0.936587152941663,6.286126672196334,1.8045103087639498,0.5916253757899647,-3.092896490378006,-1.0655115623413152,2.530545036811398,-2.957555179198749,-4.842094968377017,-1.7138751054495271,-5.7175613724041945,-4.331270011276804,7.357568023129506,-5.381090278636207,0.4512081980574064,-2.8610949362906806,-0.4014080680734623,-3.395177259949184,-2.63565521911493,0.6733462172012963,0.6139364846149336,-0.09716449218629167,-0.5585100501931608,-3.064323126098879,-1.6468306075538448,-1.9064681970624382,-1.5555620993949855
CRR1090703,0,1.7685453821771162,6.94181403091061,5.387464570536107,9.348165748832796,4.004110632650865,5.10170948582557,5.6145992406105805,5.233536952976688,6.941592065471033,5.528995021290563,2.1621638388083886,3.5276472886089563,0.31391628602906824,4.789457198004202,-3.611350312378557,-1.641911100020215,-2.9182039651509033,-3.611350312378557,3.849425973362762,3.462482552042466,-1.5011385766770635,-2.145014525635097,-0.2851175759748969,-0.0899054199690199,-1.065820576720454,-2.6305221010323034,-3.5313077329099434,-1.3255738348746593,-3.2058857598251764,-2.8004210220870394,-2.6622707791856066,2.4532081270076644,-3.793671535839789,0.47742156606177094,1.3146932588436997,-1.8057989137108788,-2.035815273457889,-2.540909995914013,-3.698361537853299,2.264514647990369,-2.1644326039507233,1.244576938261608,-1.6076220343806193,3.9707073935459523,0.16523309365714525,-2.6622707791856066,-1.7268105232002886,1.3061929041815308,-3.8990318292758626,-4.486816716405735,1.368824119022466,-2.540909995914013,2.9337581914082755,-3.2058857598251764,-1.6303502802922203,0.8293365879249981,-2.1644326039507233,-1.4049105631164696,-3.457199870646168,-2.5997504613049323,-2.6622707791856066,-3.0052152663830234,-1.8335784701004185,-0.4160859515553846,-3.611350312378557,-0.324817443396525
CRR1090704,0,-5.461736380865585,5.811629765916491,3.7085094691224456,7.676130176485045,2.8192627755112025,0.12871598524653743,3.3073696305552063,4.063673956728094,3.7902790491580634,4.46142631210116,2.7485419479889246,0.16485503167311014,-1.6906202241903492,-0.3955326551759186,-1.5525760076355852,-3.6464476102396324,-4.922740475370321,0.5364895361701626,0.5250730725787286,2.6340786387040316,4.003665511995363,4.654600504986646,1.5014521777857777,5.277573867975271,0.7291629081099166,-4.635058611251721,1.8588836940799762,-1.7412212357767993,2.02919033340898,0.7997538776113298,-3.973660431425568,0.7485753675727576,-0.6647673109069515,3.8302878765727524,-3.568195430844256,1.281816455548885,2.7035445820760624,-1.9063897071302545,-5.009751776602441,1.1452984045605048,2.7377263885687384,1.4231874085078036,1.0782609449487213,-3.8666883445989626,0.41439605370232785,3.501129725664527,-3.731347033419706,-5.615886822597974,-5.90356833949528,-6.491353226625152,-5.1050618654977615,3.139402545511714,-6.154882132857163,0.7953822859617774,1.2167839853911513,-1.1751999222944194,-4.168969114170141,1.6032653900086848,0.23679280785223802,0.21256681698751279,2.0446969732250566,4.242200640726757,-3.838114980319836,-2.420622461774802,-5.615886822597974,-2.3293539536159424
CRR1090707,1,-0.3330928242719073,8.685740688659884,5.813510380965479,8.78745917977704,-4.180872473557888,-0.3050536048627219,3.4061553031711456,4.895681394300928,4.355141361206522,5.976226371107712,2.642896039449121,-1.867238545597647,-0.6610704277036431,0.2721808995194314,-0.19808148764809494,0.45493358155746144,-3.893190678883615,-4.586337026111268,0.9877146815299817,2.673832474395586,6.249362152210359,-3.1200012393678085,4.916708606023537,6.248200117139806,-2.040807290453165,-3.605508814765015,-4.506294446642655,-0.10522113659050933,-4.180872473557888,1.4063750778933328,-3.6372574929183177,-4.506294446642655,-4.768658249572501,-1.2019483729335985,0.34332755083423505,0.14839671220747716,4.137407857531126,-3.5158967096467246,-4.6733482515860105,-3.4336586565225096,1.328514756458021,1.7560761130667135,-2.582608748113331,2.7082650312838608,-0.8097536200755661,2.3214165878722572,4.051861960169037,-4.586337026111268,-4.874018543008574,-5.4618034301384455,0.12319152355080283,6.79561590815896,0.8970741643733782,0.596380758374981,0.4276244024865813,-0.14565012580771325,-3.139419317683435,1.2187962811600228,-4.43218658437888,4.19072848570795,-3.6372574929183177,-3.9802019801157345,-2.80856518383313,-1.3910726652880958,-0.3474128777048768,-1.2998041571292365
CRR1090709,1,-4.025933051383037,6.436254156630559,5.924327601349089,9.54888627330354,-3.7746189405620445,0.4317295854823485,5.840785348464573,3.4285374236034425,6.244039723954921,8.791435172651044,6.523121854526175,1.241187038195308,1.952589559496748,-0.8598567804112525,-4.180083493115425,-2.2106442807570827,-3.4869371458877714,-4.180083493115425,2.0328548848796903,4.362938208661387,4.376488988679847,-2.713747706371965,-0.8538507567117648,4.5779081184491845,-1.634553757457322,-3.1992552817691715,-4.1000409136468114,5.381463575019271,-0.4150165286991821,-3.3691542028239074,-3.2310039599224742,-4.1000409136468114,-1.812961389399098,2.2226608835185515,-0.13411415268829924,0.25271382006858206,2.8050940177087336,-3.109643176650881,-4.267094718590167,-3.027405123526666,-1.5174972164761868,-2.554117617526593,-2.1763552151174874,-2.430885015116413,1.3715816066069149,4.4981492034036705,-2.2955437039371565,-4.180083493115425,-4.46776501001273,-5.055549897142602,1.6057892087116774,5.801481635708463,2.3590189866256246,-3.7746189405620445,2.591850397968025,2.3239534841230194,-2.7331657846875914,1.1502152606914096,-4.025933051383037,-3.1684836420418003,-3.2310039599224742,-3.573948447119891,-2.4023116508372864,2.206232837648261,0.8835641801385778,-0.893550624133393
CRR1090712,0,-2.902691169232759,8.442042422822897,-2.015388814567143,9.653929267675721,-2.651377058411767,-2.3228733025505446,6.324603214962885,7.788635241662159,7.664627339030552,8.216510683126241,9.841740929834467,-3.23916283442638,0.8684249874424779,4.712183207509468,-3.0568416109651473,-1.0874023986068053,-2.363695263737494,-3.0568416109651473,2.700479969219735,-0.5859227289721041,-0.9466298752636539,-1.5905058242216876,0.2693911254385127,0.46460328144438967,-0.5113118753070444,-2.076013399618894,-2.976799031496534,-0.7710651334612496,-2.651377058411767,-2.24591232067363,-2.107762077772197,4.321228082820833,-3.23916283442638,8.070392745404567,-1.0091502192114292,-1.2512902122974692,-1.4813065720444796,-1.9864012945006038,-3.1438528364398897,-1.9041632413763887,9.99997698531606,5.497035364914991,-1.05311333296721,-1.3076431329661358,0.7197417950705548,-2.107762077772197,-1.172301821786879,-3.0568416109651473,-3.3445231278624528,-3.932308014992325,-2.5460166538649345,-1.9864012945006038,-3.5958369212243366,-2.651377058411767,-1.075841578878811,1.3838452893384074,-1.6099239025373138,-0.85040186170306,-2.902691169232759,-2.045241759891523,-2.107762077772197,-2.4507065649696136,-1.279069768687009,0.13842274985802502,-3.0568416109651473,0.22969125801688434
CRR1090716,1,-3.4245061635487786,8.024675986711722,-2.5372038088831625,10.36588176856974,4.527202633586524,4.29918123914299,8.556869405369364,6.754921958576781,6.256595049922714,5.516776171715341,-1.2115345015648402,2.0375065874493803,0.3466099931264579,4.092857967700147,-3.578656605281167,-1.609217392922825,-2.8855102580535137,-3.578656605281167,3.733561615922496,1.7475984713945607,-1.4684448695796737,-2.1123208185377074,-0.2524238688775072,-0.05721171287163007,-1.0331268696230642,-2.597828393934914,-3.4986140258125538,-1.2928801277772695,-3.173192052727787,-2.7677273149896497,-2.6295770720882166,-3.4986140258125538,-3.7609778287423996,1.4733322184927051,-1.5309652135274492,-1.7731052066134891,-2.003121566360499,-2.5082162888166235,-3.6656678307559094,-2.4259782356924084,4.899170196294232,3.513638321953769,-1.5749283272832297,5.760529623926536,0.19792680075453503,-2.6295770720882166,-1.694116816102899,-3.578656605281167,-3.8663381221784725,0.9395005552338345,3.178274119239093,-2.5082162888166235,3.742420050542858,-3.173192052727787,-1.5976565731948307,0.8620302950223877,2.205679604574188,-1.3722168560190797,-3.4245061635487786,-2.5670567542075426,-2.6295770720882166,-2.9725215592856338,-1.8008847630030287,-0.3833922444579947,-3.578656605281167,7.194031899018921
CRR1090718,1,-3.193038298883964,7.693956520919338,3.1933584781155924,10.715296107317942,2.874393308187149,-2.6132204322017496,5.757937586397179,6.418327346126705,6.850470603063679,7.962420685626068,8.668934677270212,0.2176364453321373,0.5780778577912729,4.566147711663143,-3.3471887406163523,-1.3777495282580103,1.6511473702528132,-3.3471887406163523,5.136756190685573,-0.8762698586233093,-1.236977004914859,-1.8808529538728926,-0.02095600421269243,0.17425615179318457,-0.8016590049582494,-2.366360529270099,-3.267146161147739,1.8261304785345915,-2.941724188062972,-2.536259450324835,-2.398109207423402,-3.267146161147739,-3.529509964077585,3.470640165996006,2.5699097290258197,-1.5416373419486742,-1.7716537016956846,-2.276748424151809,-3.4341999660910947,-2.1945103710275937,-1.900271032188519,0.6040533433510786,-1.343460462618415,5.667013419069652,0.42939466541934973,-2.398109207423402,-1.4626489514380843,-3.3471887406163523,-3.6348702575136578,-4.22265514464353,-1.3547600153187227,-2.276748424151809,2.279230952219504,-2.941724188062972,-1.366188708530016,1.0934981596872024,-1.900271032188519,-1.1407489913542652,-3.193038298883964,-2.335588889542728,-2.398109207423402,-2.7410536946208186,-1.569416898338214,-0.15192437979318,1.5605504759672635,-0.06065587163432071
CRR1090720,1,-3.521301367563811,8.804137026469238,6.405447776252472,10.107570046670102,-3.2699872567428194,-2.941483500881597,5.564267689047854,4.900228725455169,5.341969400209478,5.667405275860831,7.287460762613097,-3.857773032757432,0.24981478911142552,1.186939587880284,-3.6754518092961996,-1.7060125969378577,-2.9823054620685463,-3.6754518092961996,2.6987191949737688,-1.2045329273031564,-1.5652400735947063,-2.20911602255274,-0.3492190728925396,5.896910841950659,-1.1299220736380966,1.0112967123800196,-3.5954092298275864,-1.3896753317923018,1.5412922459343388,-2.8645225190046824,-2.726372276103249,-3.5954092298275864,-3.857773032757432,6.181082221766197,0.10494112501104493,-1.8699004106285215,-2.0999167703755317,-2.6050114928316557,-3.762463034770942,-2.522773439707441,5.151476778931919,3.2699186681971026,-1.6717235312982621,5.2549966110351045,0.10113159673950244,2.6536730788759577,-1.7909120201179314,1.0430454102145692,-3.963133326193505,-4.550918213323377,-3.164626852195987,8.163446459259049,-4.214447119555389,-3.2699872567428194,-1.694451777209863,0.7652350910073553,-2.2285341008683663,-1.4690120600341123,-3.521301367563811,7.401591486914815,-2.726372276103249,-3.069316763300666,-1.8976799670180613,-0.4801874484730272,-3.6754518092961996,-0.3889189403141679
CRR1090729,0,-2.7897466930262476,11.140194594258675,5.047073081312534,9.222917463658908,-2.538432582205256,1.9184942624178476,3.930816625202676,1.518170560154273,7.0077835000412945,7.343841572210645,5.873053243916552,-3.1262183582198686,0.9813694636489891,2.9063861370197532,-2.943897134758636,-0.974457922400294,-2.2507507875309827,-2.943897134758636,1.604701050712467,4.03151512758967,-0.8336853990571427,-1.4775613480151764,0.382335601645024,0.5775477576509009,-0.3983673991005331,-1.9630689234123828,-2.8638545552900223,-0.6581206572547382,3.272041745560951,-2.1329678444671187,-1.9948176015656858,-0.8438377684597305,-3.1262183582198686,-0.35363151097809514,2.6508125843737123,-1.138345736090958,-1.3683620958379683,-1.8734568182940923,-3.0309083602333784,-1.7912187651698774,0.5475455088474395,2.4580275552562907,-0.2470217885602849,-1.1946986567596245,0.8326862712770661,-1.9948176015656858,-1.0593573455803678,-2.943897134758636,-3.2315786516559415,-3.819363538785814,-2.433072177658423,7.384829253084729,-3.4828924450178254,-2.538432582205256,-0.9628971026722996,1.496789765544919,-1.4969794263308027,-0.7374573854965487,-2.7897466930262476,-1.9322972836850114,-1.9948176015656858,-2.3377620887631023,-1.1661252924804977,0.25136722606453643,-2.943897134758636,0.3426357342233957
CRR1090730,0,-3.510622397274346,8.357684749015796,-2.62332004260873,9.953039503743367,2.8600107454737214,2.901663487370378,6.785311137766477,5.852265944714358,5.852695110851101,4.965866411882254,6.817444952038485,2.6332552039557955,0.26049375940089065,2.748411192852126,-3.6647728390067345,-1.6953336266483925,-2.971626491779081,-3.6647728390067345,2.7434796760218645,1.9789040508141882,-1.554561103305241,-2.198437052263275,-0.3385401026030745,-0.1433279465971975,-1.1192431033486316,-2.6839446276604813,-3.584730259538121,-1.3789963615028369,-3.2593082864533542,-2.853843548715217,-2.7156933058137844,-3.584730259538121,-3.847094062467967,-0.17333019540065897,-1.6170814472530164,-1.8592214403390563,-2.0892378000860665,-2.5943325225421905,-3.751784064481477,6.845185157558668,9.18571759180391,3.0812458520838057,-1.6610445610087972,-1.915574361007723,0.11181056702896751,-2.7156933058137844,-1.7802330498284662,-3.6647728390067345,-3.95245435590404,2.159257102061874,1.2910525636663372,8.115664762627741,2.780151350459993,-3.2593082864533542,-1.6837728069203979,0.7759140612968203,-2.217855130578901,-1.4583330897446471,-3.510622397274346,-2.65317298793311,-2.7156933058137844,-3.0586377930112008,-1.8870009967285961,-0.46950847818356206,-0.5967214930190186,-0.37823997002470283
CRR1090737,0,-2.7441035047521023,7.268243430319146,-1.856801150086486,11.378711001590714,4.519625045484666,-2.1642856380698876,6.142837361717134,6.247617346449444,6.363047165301597,4.896498893757608,2.451230047890324,-3.080575169945723,1.0270126519231346,1.4541705732070496,-2.8982539464844903,-0.9288147341261486,-2.205107599256837,-2.8982539464844903,3.117088211816505,3.4470883101863095,-0.7880422107829971,6.8134255434821425,0.4279787899191695,0.6231909459250465,-0.3527242108263875,-1.9174257351382373,-2.818211367015877,-0.6124774689805929,-2.49278939393111,-2.087324656192973,-1.9491744132915403,2.003308598283699,-3.080575169945723,-2.7441035047521023,-0.8505625547307724,-1.0927025478168124,-1.3227189075638226,-1.8278136300199468,-2.9852651719592327,-1.745575576895732,-1.451336238056657,4.0215929151663845,-0.894525668486553,4.854437601643921,0.8783294595512117,-1.9491744132915403,-1.0137141573062223,-2.8982539464844903,-3.1859354633817962,-3.773720350511668,0.20782479219995093,-1.8278136300199468,2.5111558083609764,-2.49278939393111,-0.917253914398154,1.5424329538190644,-1.451336238056657,-0.6918141972224031,-2.7441035047521023,-1.886654095410866,-1.9491744132915403,-2.292118900488957,-1.120482104206352,0.29701041433868186,-2.8982539464844903,0.38827892249754126
CRR1090738,0,-4.081165592927059,7.878818732838691,5.413492632332811,9.438065769515228,-3.8298514821060676,-3.501347726244845,4.078003379675827,7.748965683768972,5.4059822379151745,4.521469651998553,6.419401174438873,0.9868383132505525,-0.3100494362518227,2.587424205145007,-0.684742870741081,-2.265876822301106,-3.542169687431794,-4.235316034659448,2.4201226511879237,3.664577622432975,-2.1251042989579543,6.490647948104365,-0.9090832982557878,4.657431068022501,-1.6897862990013448,1.1896323234988206,-4.155273455190835,-1.94953955715555,2.6144552968852244,0.6550314394283562,1.3169956864844095,2.3346311203595103,-4.41763725812068,6.683035126054168,1.69560035034196,-2.42976463599177,-2.65978099573878,-3.1648757181949043,3.1457689980340273,-0.3401017803146564,-2.7883983262316145,4.041543392217942,-2.2315877566615105,4.249490030291661,-0.45873262862374564,6.312984263024429,-2.3507762454811796,-4.235316034659448,-4.522997551556753,-5.110782438686625,-3.724491077559235,-3.1648757181949043,-4.774311344918637,-3.8298514821060676,-2.2543160025731113,0.20537086564410711,-2.7883983262316145,-2.0288762853973603,-4.081165592927059,4.077676355187087,-3.2862365014664974,-3.629180988663914,-2.4575441923813095,-1.0400516738362755,-4.235316034659448,-0.948783165677416
CRR1090739,1,-2.5320613444753133,10.612916916589768,5.103310124634973,11.024596001604948,4.041816897157282,0.5393069809390529,5.93070440288415,5.1006151708584415,5.129867589001013,9.170019170676671,4.215356068699079,-2.8685330096689343,1.2390548121999232,-2.6862117862077017,-2.6862117862077017,-0.7167725738493599,-1.9930654389800484,-2.6862117862077017,1.9517465720671343,-0.21529290421465883,-0.5760000505062084,-1.219875999464242,0.6400209501959581,0.8352331062018352,-0.14068205054959895,-1.7053835748614488,-2.6061692067390885,-0.4004353087038042,-2.2807472336543215,-1.8752824959161847,-1.7371322530147517,2.7691076696072288,-2.8685330096689343,3.4568986474245214,1.4136713173490452,-0.8806603875400238,-1.110676747287034,-1.6157714697431582,-2.773223011682444,-1.5335334166189432,-1.2392940777798684,0.5393069809390529,-0.6824835082097643,-0.9370133082086904,1.0903716198280002,-1.7371322530147517,-0.8016719970294337,-2.6862117862077017,-2.973893303105007,-3.5616781902348795,-2.175386829107489,-1.6157714697431582,-3.225207096466891,-2.2807472336543215,-0.7052117541213654,1.754475114095853,-1.2392940777798684,-0.4797720369456146,-2.5320613444753133,-1.6746119351340774,-1.7371322530147517,-2.0800767402121685,-0.9084399439295636,0.5090525746154706,-2.6862117862077017,0.6003210827743298
CRR1090740,1,3.982304087200388,7.91655152771138,5.791239810473971,9.865386010922196,2.861406072520476,2.2757864498583076,4.191035734761059,4.529785518786454,6.358615803904722,4.037474573379622,6.330632346462255,-4.343484439172081,-0.23589661730322345,-0.6496193937938631,0.25163343116652886,-2.1917240033525065,-3.468016868483195,3.0794848130740826,0.7780937608110757,3.3702981783219292,-2.0509514800093553,-2.694827428967389,-0.8349304793071887,-0.6397183233013115,-1.6156334800527457,1.4097209251588205,-4.081120636242235,-1.875386738206951,-3.7556986631574683,3.0940732233532677,-3.212083682517898,0.8212995461820044,1.4446371900473218,2.6639331647352833,0.25365159528203607,-2.3556118170431706,-2.5856281767901805,-3.090722899246305,1.6809292129155162,1.6623739931501693,-2.714245507283015,3.452982804738345,-2.157434937712911,5.042385825408442,-0.3845798096751465,7.388935936210218,-2.27662342653258,0.19980836437651814,-4.448844732608154,-5.036629619738026,-3.6503382586106357,-3.090722899246305,1.3400933349713215,-3.7556986631574683,-2.180163183624512,0.2795236845927064,-2.714245507283015,-1.9547234664487612,-4.0070127739784605,-3.149563364637224,-3.212083682517898,-3.555028169715315,-2.38339137343271,-0.9658988548876761,-4.1611632157108485,-0.8746303467288168
CRR1090742,1,-4.119241592696421,7.960833849061105,6.293370139441573,9.328080665699662,-3.8679274818754292,0.9806234152681707,7.938265808813147,6.328328071091998,6.101570353862771,7.757433294273584,6.069063580661224,-4.455713257890042,-0.34812543602118445,-4.273392034428809,-4.273392034428809,-2.3039528220704675,-0.06870105682749993,-4.273392034428809,2.883172877250382,3.001663192722332,-2.163180298727316,6.149958499908251,-0.9471592980251495,4.145966130340979,-1.7278622987707066,-2.5994169550224644,-4.193349454960196,-1.9876155569249117,3.443735028158022,-1.7610879419828467,-3.324312501235859,2.231143944814752,-4.455713257890042,1.684169298648558,2.910856305963317,-2.4678406357611316,3.383810324604348,-3.2029517179642655,-4.360403259903552,-3.120713664840051,2.5904096921004203,1.8272988769337348,-2.269663756430872,-2.524193556429798,5.165648082106244,3.8810585669028517,4.708497402653796,-4.273392034428809,-0.923489555339952,-5.148858438455987,-3.7625670773285966,-3.2029517179642655,1.6419094895447335,2.7387215947137937,-2.292392002342473,0.16729486587474537,-2.826474326000976,-2.066952285166722,-4.119241592696421,-3.261792183355185,-3.324312501235859,-3.6672569884332757,-2.495620192150671,4.401970648896782,-4.273392034428809,-0.9868591654467778
CRR1090756,1,-3.3372656057990597,6.1312971742989015,1.046543739923227,9.751126710226933,-3.085951494978068,0.569025325085325,8.428100001206914,4.600005616281239,7.136647046692568,7.456481100518741,9.654887099429946,2.6837563184474647,0.43385055087617685,3.7934031995149953,-3.491416047531448,-1.5219768351731062,-2.798269700303795,-3.491416047531448,4.5274821073487885,-1.0204971655384052,-1.3812043118299548,-2.0250802607879885,-0.16518331112778833,0.03002884487808876,-0.9458863118733454,-2.510587836185195,-3.411373468062835,4.66432725500659,-3.085951494978068,-2.680486757239931,-2.542336514338498,-3.411373468062835,-3.6737372709926808,7.969168295332712,-1.4437246557777303,-1.6858646488637703,-1.9158810086107803,-2.4209757310669047,-3.5784272730061906,-2.3387376779426896,-2.044498339103615,4.553475881458683,-1.487687769533511,-1.7422175695324367,0.2851673585042539,-2.542336514338498,-1.6068762583531802,2.2332561249315477,-3.7790975644287537,1.5530821045934244,1.5125286029344152,-2.4209757310669047,3.646390525724708,-3.085951494978068,-1.5104160154451118,0.9492708527721065,-2.044498339103615,-1.2849762982693609,-3.3372656057990597,-2.479816196457824,-2.542336514338498,-2.885281001535915,-1.7136442052533098,-0.2961516867082759,1.3632133444099612,-0.20488317854941657
CRR1090760,1,-2.8217402453948135,6.922255970481823,2.4431666378372094,9.610181712281488,-2.5704261345738217,-2.2419223787125993,9.098706780232119,5.922632621382942,7.4641031890831195,8.549193868540854,9.339176689565315,-3.1582119105884345,0.9493759112804231,3.9854036936974655,-2.975890687127202,-1.00645147476886,-2.2827443398995486,-2.975890687127202,5.094440654670339,-0.504971805134159,-0.8656789514257087,-1.5095549003837425,0.35034204927645785,0.545554205282335,-0.4303609514690991,-1.995062475780949,-2.8958481076585887,-0.6901142096233044,-2.5704261345738217,-2.1649613968356847,-2.0268111539342515,-2.8958481076585887,-3.1582119105884345,7.4458878746064965,-0.928199295373484,-1.170339288459524,-1.4003556482065342,-1.9054503706626582,-3.0629019126019443,-1.8232123175384434,-1.5289729786993687,4.009903631734065,-0.9721624091292647,-1.2266922091281904,0.8006927189085,-2.0268111539342515,-1.091350897948934,-2.975890687127202,-3.2635722040245074,-3.8513570911543797,0.9880904222119462,-1.9054503706626582,4.5802742127796705,-2.5704261345738217,-0.9948906550408655,1.4647962131763528,-1.5289729786993687,-0.7694509378651148,-2.8217402453948135,-1.9642908360535776,-2.0268111539342515,-2.3697556411316683,-1.1981188448490636,0.2193736736959704,-2.975890687127202,0.31064218185482956
CRR1090764,1,0.8495914113877613,7.228075171181177,-2.226635675636331,10.187693496949063,-0.30625907960033893,1.4840625389488857,5.5411010934779865,3.836875604371928,5.2003506821365955,5.042980780059052,7.433799773611843,0.7452856701665784,-0.03596876006913813,2.849456542833512,1.4651803513646893,-1.9917961461184213,-3.26808901124911,-3.9612353584767632,3.702405465003883,-1.4903164764837202,-1.8510236227752697,-2.4948995717333036,-0.6350026220731033,-0.4397904660672263,-1.4157056228186604,-2.98040714713051,-3.88119277900815,2.562080515371987,-3.555770805923383,2.399201524372704,-0.4202776527955497,2.4437159155985544,-4.143556581937996,6.330755963233723,-1.9135439667230452,3.6332280932747505,-2.3857003195560953,-2.8907950420122197,-4.048246583951506,4.1361892739623745,4.873561052619862,2.528474366056717,-1.9575070804788257,-2.2120368804777515,-0.1846519524410611,3.0248672217921415,-2.076695569298495,1.3420678912089083,-4.248916875374069,-4.836701762503941,-3.4504104013765504,-2.8907950420122197,2.1446716600729,3.6875027646086083,-1.9802353263904269,0.4794515418267916,-2.51431765004893,-1.754795609214676,-3.8070849167443748,-2.949635507403139,-3.0121558252838128,-3.3551003124812295,-2.183463516198625,-0.7659709976535908,-3.9612353584767632,-0.6747024894947317
CRR1090770,1,-2.4904999104770016,9.977029665476419,7.548466180760619,9.548877730090414,5.877236857317675,5.023850371490769,5.644915388546638,7.2208290420813634,5.536323077697614,8.406347753374344,7.063921738583985,-3.7142739303362386,0.39331389153261903,-3.531952706875006,-3.531952706875006,-1.562513494516664,6.659052738305579,-3.531952706875006,-3.937416981651573,6.179383483983897,-1.4217409711735127,-2.0656169201315464,-0.20571997047134613,-0.010507814465469096,-0.9864229712169033,-2.551124495528753,-3.451910127406393,-1.2461762293711083,-3.126488154321626,-2.721023416583489,-2.582873173682056,4.298007438408047,-3.7142739303362386,4.265336900691932,3.7273963048098944,-1.726401308207328,-1.9564176679543384,-2.4615123904104625,-3.6189639323497484,-2.3792743372862475,-2.0850349984471728,5.499837315593689,-1.5282244288770688,4.155202232684355,0.2446306991606959,-2.582873173682056,-1.6474129176967378,-3.531952706875006,-3.8196342237723115,-4.407419110902183,1.8464057083735965,-2.4615123904104625,-4.070948017134195,-3.126488154321626,-1.5509526747886695,0.9087341934285489,-2.0850349984471728,-1.3255129576129188,-3.3778022651426176,-2.5203528558013817,-2.582873173682056,-2.9258176608794724,-1.7541808645968677,-0.33668834605183373,-3.531952706875006,-0.24541983789297445
CRR1090771,1,-2.996546191693582,10.252668396463534,7.527643140116916,9.91396675304537,-2.74523208087259,3.40844468473734,7.018174589961959,5.935910126689759,5.526940005570289,2.6870321519337783,9.787626847883457,-3.333017856887203,0.7745699649816548,3.0928211450637053,-3.1506966334259703,-1.1812574210676283,-2.457550286198317,-3.1506966334259703,3.5874541964794324,5.233496690242874,-1.040484897724477,-1.6843608466825106,0.17553610297768965,0.37074825898356667,-0.6051668977678674,-2.169868422079717,-3.070654053957357,-0.8649201559220726,-2.74523208087259,-2.339767343134453,-2.20161710023302,-3.070654053957357,-3.333017856887203,5.360678006338702,1.7091141171903204,-1.3451452347582924,-1.5751615945053026,-2.0802563169614268,-3.2377078589007127,-1.9980182638372117,-1.703778924998137,4.522757352907556,-1.146968355428033,-1.4014981554269588,0.6258867726097317,-2.20161710023302,-1.266156844247702,0.13894665777695916,0.777854040074993,-4.026163037453148,0.962904105983223,-2.0802563169614268,-3.6896919436851596,-2.74523208087259,-1.1696966013396337,1.2899902668775847,-1.703778924998137,-0.9442568841638831,-2.996546191693582,-2.139096782352346,-2.20161710023302,-2.5445615874304366,-1.372924791147832,0.04456772739720198,-3.1506966334259703,0.13583623555606128
CRR1090772,1,-3.4433125443834443,8.948081079461243,2.0021911188314205,10.272267009351278,-3.1919984335624525,4.2129556151691805,6.159589586620015,4.770687007462878,6.7073684229579715,5.398299529878245,7.314658814139818,1.4962855582506003,0.32780361229179217,1.9071891535444152,-3.5974629861158327,-1.628023773757491,-2.9043166388881794,-3.5974629861158327,2.3902428496315093,8.102995147716133,-1.4872512504143396,-2.131127199372373,-0.27123024971217297,-0.07601809370629592,-1.05193325045773,-2.6166347747695795,-3.5174204066472194,3.6236404466197083,-3.1919984335624525,-2.7865336958243154,0.311219484826336,-3.5174204066472194,-3.7797842095770653,5.049088744233719,-1.5497715943621149,-1.7919115874481548,-2.021927947195165,-2.527022669651289,-3.684474211590575,-2.444784616527074,0.6861219320680235,5.61222550802026,-1.5937347081178956,4.166265022775241,0.17912041991986913,-2.6483834529228822,-1.712923196937565,-3.5974629861158327,1.292884487971971,-4.47292939014301,0.6072279914854767,-2.527022669651289,2.0928948071735802,-3.1919984335624525,-1.6164629540294964,0.843223914187722,-2.1505452776879994,-1.3910232368537456,-3.4433125443834443,-2.5858631350422083,-2.6483834529228822,-2.9913279401202995,-1.8196911438376946,-0.4021986252926606,1.439487960455029,-0.31093011713380114
CRR1090773,1,1.0838578563491417,9.177994104611205,5.465610192584178,9.980871088314837,4.416763198490795,0.1430188613081798,5.955354943534261,6.560775457005516,6.329732599949663,3.6560645144029396,1.5256081200736316,-0.5383634487784472,0.03700067054032062,-0.5801605749608311,-3.8882659278673044,-1.9188267155089624,-3.195119580639651,-3.8882659278673044,2.2349559457400576,1.6418226566371037,-1.7780541921658113,-2.4219301411238447,-0.5620331914636446,-0.36682103545776756,-1.3427361922092016,0.9766994732712243,-3.808223348398691,-1.6024894503634068,2.8990135328617326,2.477629954301165,0.8493917891001277,1.646438556658632,0.5871735037560566,-3.734115486134916,-1.8405745361135863,3.2479503985676237,-2.3127308889466365,-2.817825611402761,0.9546063072416525,2.8682771246193886,-2.441348219439471,3.3804202198026383,-1.8845376498693671,6.024980501953929,4.03628718185343,-2.939186394674354,-2.003726138689036,1.2698294008278626,-4.17594744476461,-4.763732331894482,-3.3774409707670916,-2.817825611402761,0.6585670321103897,-3.482801375313924,-1.907265895780968,0.5524209724362504,-2.441348219439471,-1.6818261786052173,-3.734115486134916,-2.87666607679368,-2.939186394674354,-3.282130881871771,-2.110494085589166,-0.6930015670441321,-3.8882659278673044,-0.6017330588852727
CRR1090774,1,-4.724278177371136,7.665326956421119,6.347486213518003,8.877332921715759,2.758080602044829,1.9351974489864627,5.968071068814688,4.66189705325941,5.746783805709397,3.0570974683465906,6.545889805218787,-0.9664072470073235,-0.9531620206958994,1.9280302769060913,1.5507514159741498,1.9783825162295303,-4.185282271875871,-4.878428619103524,2.7696737760524868,-2.407509737110481,-2.768216883402031,-3.4120928323600648,-1.5521958826998645,-1.3569837266939875,4.127854037471814,1.6582613142379616,2.313124539655753,-2.592652141599627,3.4719996881631574,1.175226285511054,-1.9880584352800494,1.8268007311426768,0.936197639748445,-4.724278177371136,0.8987059135727609,-3.0728772204358465,5.847582957864786,-3.8079883026389805,-4.965439844578267,3.67512697870479,-3.4315109106756907,2.6872766827328043,-2.874700341105587,-3.1292301411045127,-1.1018452130678222,-3.929349085910574,1.6642818020050458,2.6733694616408212,0.29960092430322843,0.46629346154883927,2.0353070665476083,-3.8079883026389805,0.6282553532771894,-4.472964066550144,-2.897428587017188,-0.4377417187999695,-3.4315109106756907,-2.6719888698414374,-0.17794990482487122,-3.8668287680299,-3.929349085910574,-4.272293573107991,-3.100656776825386,-1.6831642582803519,0.9889816173861818,-1.5918957501214928
CRR1090775,1,-2.9337351564210676,9.515733677857147,-2.046432801755451,10.658499520236015,4.16085385982261,-2.353917289738853,5.510455713847623,6.249951756133997,7.020736000206582,4.267647337276835,5.273665248774349,3.641737663979552,0.8373810002541693,4.000382384813054,-3.0878855981534556,-1.118446385795114,-2.3947392509258023,-3.0878855981534556,3.7512322235583415,9.295592799557227,-0.9776738624519624,-1.6215498114099962,0.23834713825020418,0.43355929425608125,-0.5423558624953528,-2.1070573868072024,-3.0078430186848424,-0.8021091206495581,2.067329267704014,-2.2769563078619384,-2.1388060649605056,-3.0078430186848424,-3.2702068216146882,-2.9337351564210676,1.5089146883055635,-1.2823341994857778,-1.512350559232788,-2.017445281688912,-3.174896823628198,-1.935207228564697,-1.6409678897256224,5.270739958548555,-1.0841573201555184,-1.3386871201544444,0.6886978078822463,-2.1388060649605056,-1.2033458089751876,-3.0878855981534556,-0.9676235286186625,-3.9633520021806334,0.8406650753475076,-2.017445281688912,0.5230306928705348,-2.6824210456000754,-1.1068855660671193,1.352801302150099,-1.6409678897256224,-0.8814458488913685,-2.9337351564210676,-2.0762857470798313,-2.1388060649605056,-2.4817505521579224,-1.3101137558753173,0.10737876266971656,-3.0878855981534556,0.19864727082857592
CRR1090777,1,-4.072618080989733,9.101444350750526,4.2051192574773975,9.161822026673377,4.582619867696626,1.9011901059441618,6.544311426517596,6.6112015852475805,5.401797944996909,6.480835541175608,4.000738927351719,2.2936054514881508,-0.3015019243144964,2.893269898921962,-4.2267685227221214,-2.2573293103637795,-3.533622175494468,-4.2267685227221214,1.1736524076222452,5.740998038625089,-2.116556787020628,-2.760432735978662,-0.9005357863184615,-0.7053236303125845,-1.6812387870640184,2.8134742741006704,-4.146725943253508,3.444590734579883,2.370602865006509,1.7563261122517466,-0.2103871386049811,1.7385214876937194,1.346650473734672,-0.5717922438456972,3.899501619854295,-2.4212171240544436,-2.6512334838014535,-3.156328206257578,-4.313779748196864,1.6939141801318074,-2.779850814294288,3.4437360668776926,0.3182960902301012,-2.47757004472311,-0.4501851166864194,-3.277688989529171,-2.342228733543853,-4.2267685227221214,-4.514450039619427,-5.102234926749299,0.6239571557896111,7.869829793491382,1.5000775636286794,-3.8213039701687412,-2.245768490635785,0.21391837758143342,-2.779850814294288,-2.020328773460034,-4.072618080989733,-3.215168671648497,-3.277688989529171,-3.6206334767265878,-2.448996680443983,-1.0315041618989491,-4.2267685227221214,-0.9402356537400898
CRR1090778,1,-1.8866432908221353,6.537346812974774,0.5765143644424543,7.453976549953247,1.0987414831776756,2.504694403668634,4.784143706764491,2.456100505012565,4.1556013145094655,6.943399332631572,2.6854701198494033,-1.1805089312860848,-1.8932006911532957,1.4690916852235156,-5.818467289560921,1.661959350788035,-5.125320942333268,-5.818467289560921,2.302367519941331,0.11554302054676024,1.216946347375452,1.822855418615119,2.9281413997748422,3.3238780447745087,-3.272937553902818,0.005562651507687395,-5.738424710092308,-3.5326908120570235,0.18541811499556649,-0.28771798485184014,-1.6313426352366767,0.01390216509223337,-6.000788513022154,-5.664316847828532,1.0959308671302357,1.3604578443515387,3.6126789074002907,-4.748026973096377,-5.9054785150356635,1.8290785119342825,5.124373210437289,-0.9094973036063205,1.1123515973155986,-4.069268811561909,-2.041883883525219,4.261147406528021,-3.933927500382653,-2.0118064294188427,-6.1061488064582266,1.8936021200023427,-0.12137546412795333,5.92675007075385,1.5459725014769121,-1.4965462234981293,0.002108416656645377,1.6373113884745187,1.772214803963444,1.6589467331856838,0.44111251102546706,3.941610013110756,-4.869387756367971,2.0273385470639216,-4.040695447282783,2.970632553779753,-5.818467289560921,-2.531934420578889
CRR1090779,1,-4.161832570256051,7.339774816602333,5.0121535438320715,9.179263221405675,1.5075541968725783,-3.582014703573837,5.940240911757968,6.885676151629874,5.9000543726213674,-0.6567056513976178,8.574415955774894,2.5999041018783076,-0.39071641358081444,0.8109510810298955,-4.31598301198844,-2.3465437996300977,-3.622836664760786,-4.31598301198844,3.6870997280949944,-1.8450641299953965,-2.205771276286946,-2.84964722524498,-0.9897502755847796,-0.7945381195789026,-1.7704532763303367,2.268346204859551,1.802846468043084,2.2586261561254624,-3.910518459435059,-1.8172845697470894,2.8876688287913126,4.298577178793201,-4.498304235449672,2.123365695108788,-2.2682916202347214,2.3428818014000177,-2.7404479730677718,0.5083210506379254,-4.402994237463182,2.4162260297999802,0.8392318538690303,2.538018146087878,-2.3122547339905024,-2.566784533989428,-0.5393996059527374,3.087076413452014,-2.4314432228101714,2.3241089985456242,-0.430990311366916,-0.342553013748966,0.9947552161233288,-3.2455426955238957,1.5636167799687035,-3.910518459435059,-2.334982979902103,0.12470388831511531,-2.869065303560606,-2.109543262726352,0.9061713359215606,-3.304383160914815,-3.3669034787954892,-3.709847965992906,-2.5382111697103014,-1.1207186511652671,0.926643790844303,-1.0294501430064078
CRR1090781,1,2.8832694502126186,5.952481777104894,6.483411899741266,9.990570433358338,-3.6146768617906435,4.288097063022859,5.924206465327099,4.417032402782007,4.232259572015926,5.18801157085339,5.802667535085237,1.8571257430230406,-0.09487481593639863,3.890692060530628,-4.020141414344024,-2.0507022019856818,-3.3269950671163704,-4.020141414344024,5.208691873766658,1.315791157135724,-1.9099296786425304,-2.553805627600564,-0.6939086779403638,-0.49869652193448677,-1.4746116786859207,-3.0393132029977705,-3.9400988348754105,-1.7343649368401262,-3.6146768617906435,-3.2092121240525064,-3.0710618811510733,2.364489049208587,-4.202462637805256,8.177683996408698,-1.9724500225903057,-2.214590015676346,-2.444606375423356,-2.9497010978794798,-4.107152639818766,-0.1081200422478228,-2.5732237059161904,1.5614717659501558,0.09618041510548697,5.123131133780433,-0.2435580083083216,-3.0710618811510733,-2.1356016251657555,-4.020141414344024,-0.2984737637497947,-0.43200515061394884,0.5648244146680726,7.031527043299326,1.4584103428006103,-3.6146768617906435,-2.039141382257687,0.4205454859595311,-2.5732237059161904,-1.8137016650819364,-3.8659909726116353,3.1937479503100077,-3.0710618811510733,-3.41400636834849,-2.2423695720658854,-0.8248770535208514,0.40669758937469097,-0.733608545361992
CRR1090783,0,-0.2518323697595096,5.97093510114221,5.8372306989300276,9.131548145936588,-0.32254789308650444,-0.48101823035747815,6.313081820145774,4.470335159746729,4.48856704396503,5.999541294256782,6.461445824915935,1.7088844106817027,-0.7454047325635254,1.512100380706901,-4.6706713309711505,-2.7012321186128085,3.0481606354779633,-4.6706713309711505,3.0287919238175967,2.287299999091363,-2.560459595269657,-3.204335544227691,-1.3444385945674906,-1.1492264385616136,-2.1251415953130475,-3.6898431196248973,-4.590628751502537,-1.6917477576530593,1.1533586100974578,-3.8597420406796332,-3.7215917977782,3.0369889992261387,1.2432803615324204,4.0082988496259775,1.295046303995027,-2.8651199323034726,2.8349109496499474,-3.600231014506607,-4.757682556445893,3.4151730164706504,-0.01671263160588939,1.0749975750496759,2.053560005977638,3.2600726324781166,-0.8940879249354484,-3.7215917977782,-2.7861315417928822,2.2746991465221518,0.5296639697425809,-1.1945742562547648,0.3630275802485865,7.367846499334815,1.417237451523385,-4.26520677841777,-2.689671298884814,-0.22998443066759558,-3.223753622543317,-2.4642315817090634,-4.5165208892387625,-2.067983188735262,-3.7215917977782,-4.064536284975617,-2.892899488693012,-1.4754069701479782,-0.9734946993854838,-1.3841384619891188
CRR1090784,1,-3.3382089610181684,9.26350740089364,3.8342141886326395,10.426376730396367,-3.0868948501971767,-2.758391094335954,1.6325944916205217,6.780958656573916,7.010937783708608,3.1752316552015905,7.644837685234285,2.5351139192344725,4.103612597726945,3.126600410486525,0.6374579078095767,-1.522920190392215,-2.7992130555229036,-3.492359402750557,-3.897823677527124,2.8075068760180923,-1.3821476670490636,-2.0260236160070972,-0.16612666634689702,0.029085489658979988,-0.946829667092454,2.3688998799063836,-3.4123168232819436,-1.2065829252466593,2.356963715334098,4.459960882255431,-2.5432798695576064,2.2712614108292453,-3.6746806262117895,7.466738480604703,2.5258265518896956,-1.686808004082879,-1.9168243638298892,-2.4219190862860134,3.7863828892945794,-2.3396810331617983,-2.0454416943227236,-1.8663935271617254,-1.4886311247526196,-1.7431609247515454,0.2842240032851451,4.139070595969347,-1.6078196135722889,-3.492359402750557,-3.7800409196478624,-4.367825806777734,-2.981534445650344,-2.4219190862860134,-4.031354713009746,-3.0868948501971767,-1.5113593706642205,0.948327497552998,0.9754609445414916,-1.2859196534884696,-3.3382089610181684,-2.4807595516769325,-2.5432798695576064,-2.886224356755023,-1.7145875604724186,-0.29709504192738456,-0.7954840565522059,-0.20582653376852522
CRR1090785,1,-3.4765368512728796,9.23610279760446,3.402229463736185,10.061827822783792,-3.225222740451888,-2.8967189845906653,8.082859017796507,4.018765541247542,6.162360392838138,5.470914833970897,7.860697872033732,4.066053842902377,0.2945793054023571,3.6549318169635554,-3.630687293005268,-1.661248080646926,-2.9375409457776147,-3.630687293005268,1.5041286141376664,-1.159768411012225,-1.5204755573037747,-2.1643515062618084,-0.30445455660160814,-0.10924240059573109,-1.0851575573471652,-2.649859081659015,-3.550644713536655,-1.3449108155013705,-3.225222740451888,-0.6688581515853436,-2.6816077598123176,4.324443791999213,-3.8130085164665006,6.905585179294986,4.698245082687365,-1.82513589433759,5.645158214663855,-2.5602469765407245,-3.7176985184800104,2.2305719896516725,-2.1837695845774348,4.239094943496461,-1.6269590150073305,-1.8814888150062565,0.14589611303043404,-2.6816077598123176,-1.746147503827,-3.630687293005268,-3.9183688099025735,-1.3970965595920393,1.3832741355925813,-2.5602469765407245,3.110814944663247,-3.225222740451888,-1.6496872609189315,0.8099996072982869,-2.1837695845774348,-1.4242475437431807,-3.4765368512728796,-2.6190874419316437,-2.6816077598123176,-3.0245522470097344,-1.8529154507271297,-0.4354229321820957,1.0743265763702174,-0.3441544240232364
CRR1090787,1,1.4552004622648682,7.5892708834306495,4.673400758174433,9.60153498100271,-1.658033392467953,-0.3998602218553856,7.889269023768388,5.16672532735328,5.627577135678243,5.597057022065922,3.965161092787128,1.9223158481719442,-0.31045363721628705,1.0398384856613794,-4.235720235623912,-2.26628102326557,2.4398911270172015,-4.235720235623912,2.520822816862781,2.2110555612972296,-2.125508499922419,-2.7693844488804524,-0.9094874992202523,-0.7142753432143751,-1.690190499965809,-3.254892024277659,-4.155677656155299,-1.9499437581200143,0.15046276328024277,-3.424790945332395,-3.2866407024309616,2.4407316397776726,-4.418041459085145,3.004569305973525,2.5976689631994168,-2.430168836956234,-2.660185196703244,-3.1652799191593686,-4.3227314610986545,-3.0830418660351535,7.092825893556117,2.478853078585952,-2.231991957625975,-2.486521757624901,-0.45913682958821,6.776707735743193,5.06131590866713,-0.1330785097041853,-4.523401752521218,1.986523626570185,-3.7248952785236993,6.9099081348393545,0.7082986546015662,-3.830255683070532,-2.2547202035375755,0.20496666467964278,0.9328663670717285,-2.029280486361825,-4.081569793891524,-3.2241203845502877,-3.2866407024309616,-3.6295851896283784,-2.4579483933457738,-1.04045587480074,-4.235720235623912,-0.9491873666418804
CRR1090789,1,1.2395398093247323,8.965620105835526,6.849627649484752,10.120424833259133,-3.308470863477622,2.516544368163041,4.214468944084855,3.9707702303042534,5.324764468530288,3.1205304023094245,5.470076425532431,-3.896256639492235,0.21133118237662238,1.0030725999504755,-0.9413482562898382,-1.7444962036726608,8.001081247804489,-3.7139354160310027,-4.11939969080757,3.340512576875923,-1.6037236803295094,-2.247599629287543,-0.38770267962734284,-0.19249052362146582,-1.1684056803729,-2.7331072046847495,-3.6338928365623895,-1.428158938527105,-3.308470863477622,-2.9030061257394855,-2.7648558828380523,2.249642265206656,1.889411000780656,4.483785194237453,3.577378470141689,-1.9083840173633246,-2.138400377110335,-2.6434950995664592,-3.800946641505745,-2.561257046442244,6.854739607967934,3.93042389348508,3.4812502387327404,5.5223633911118295,0.06264799000469941,-2.7648558828380523,3.444965945306176,-3.7139354160310027,-4.001616932928308,0.7028934942930171,-3.20311045893079,-2.6434950995664592,-4.252930726290192,-3.308470863477622,-1.7329353839446664,0.7267514842725522,-2.2670177076031695,-1.5074956667689154,-3.5597849742986143,-2.7023355649573784,-2.7648558828380523,-3.107800370035469,-1.9361635737528644,-0.5186710552078304,-3.7139354160310027,-0.427402547048971
CRR1090790,1,-2.5326633220183346,9.64512893050819,3.10161452340513,10.442953789252229,-2.281349211197343,-1.9528454553361203,9.24258651658184,0.39662249989297055,6.961080703505999,10.124671849618213,9.724196061780324,-2.8691349872119556,1.2384528346569021,-2.686813763750723,-2.686813763750723,-0.7173745513923812,-1.9936674165230694,-2.686813763750723,5.339136876415449,-0.21589488175768004,-0.5766020280492297,-1.2204779770072633,0.6394189726529369,0.834631128658814,-0.14128402809262008,-1.7059855524044698,-2.6067711842821097,-0.40103728624682533,-2.281349211197343,-1.8758844734592057,-1.7377342305577728,-2.6067711842821097,-2.8691349872119556,6.805980881666018,-0.6391223719970051,-0.881262365083045,-1.1112787248300553,-1.6163734472861793,-2.7738249892254654,-1.5341353941619644,-1.2398960553228895,-1.0608478881618915,-0.6830854857527856,-0.9376152857517115,1.0897696422849792,-1.7377342305577728,-0.8022739745724549,-2.686813763750723,-2.9744952806480285,-3.562280167777901,-2.17598880665051,-1.6163734472861793,4.5610957694647185,-2.281349211197343,-0.7058137316643865,1.753873136552832,-1.2398960553228895,-0.4803740144886358,-2.5326633220183346,-1.6752139126770986,-1.7377342305577728,-2.0806787177551893,-0.9090419214725848,0.5084505970724493,-2.686813763750723,0.5997191052313087
CRR1090796,0,-3.4089683154044788,6.977111492315817,0.8989489377760418,10.621335784108274,5.5390035065725804,-2.8291504487222645,6.906357792047188,5.223896322019065,6.911892665646651,5.491773985580134,6.978996523615771,2.236981826905142,0.362147841270758,-3.563118757136867,-3.563118757136867,-1.5936795447785252,-2.869972409909214,-3.563118757136867,4.412444235265991,6.574925284929357,-1.4529070214353739,-2.0967829703934076,-0.23688602073320728,-0.041673864727330236,-1.0175890214787642,-2.582290545790614,-3.483076177668254,2.5383189802471446,-3.157654204583487,-2.75218946684535,-2.6140392239439167,4.891132968195206,-3.7454399805980993,4.5572204630998625,2.717587479444695,-1.757567358469189,-1.9875837182161993,-2.4926784406723232,-3.6501299826116096,4.14850315838585,-2.116201048709034,4.265714104449426,-1.55939047913893,-1.8139202791378557,0.21346464889883482,-2.6140392239439167,-1.678578967958599,2.270227260089129,-3.8508002740341727,-4.438585161164045,2.540928487775991,-2.4926784406723232,2.6043960705802562,-3.157654204583487,-1.5821187250505306,0.8775681431666877,-2.116201048709034,-1.35667900787478,-3.4089683154044788,-2.551518906063243,-2.6140392239439167,-2.9569837111413335,-1.7853469148587289,-0.36785439631369476,-3.563118757136867,-0.2765858881548355
CRR1090805,1,-3.1396583630573542,0.8115839544261919,0.7043902607952169,9.835611270320063,-2.8883442522363625,-2.5598404963751404,8.161155670815718,-0.21037254114604925,6.846578885485344,8.200341536458609,8.199466554348428,3.4637031461334318,0.6314577936178822,4.209111580645975,-3.2938088047897427,-1.3243695924314007,-1.9075156936685502,-3.2938088047897427,5.37277925989573,1.6077537399784467,-1.1835970690882496,-1.827473018046283,0.03242393161391705,0.22763608761979423,-0.7482790691316399,-2.3129805934434895,-3.2137662253211294,-1.0080323272858451,-2.8883442522363625,-2.4828795144982254,-2.3447292715967927,3.7305419565941693,-3.4761300282509753,8.258789129513863,-1.2461174130360249,-1.4882574061220648,-1.7182737658690748,-2.223368488325199,-3.380820030264485,-2.141130435200984,-1.8468910963619094,0.4115983255937318,-1.2900805267918054,-0.28977931244171007,0.4827746012459593,-2.3447292715967927,-1.4092690156114747,2.6667652269165947,-3.581490321687048,1.5698704225545843,3.72384500472018,-2.223368488325199,3.3031078307720123,-2.8883442522363625,-1.3128087727034063,1.146878095513812,-1.8468910963619094,-1.0873690555276556,-3.1396583630573542,-2.2822089537161183,-2.3447292715967927,-2.687673758794209,-1.5160369625116044,-0.09854444396657049,0.9008820897269897,-0.0072759358077110585
CRR1090806,1,-3.2802683695542196,7.487564566302769,0.2912736836500363,9.983583687137095,6.90591043269653,3.9284898547393508,4.756627689076327,4.758196823605049,4.502151038329058,3.4504080115241553,-0.5211636666883168,2.033991936620432,-0.20229867915397945,3.0240491289641804,-4.1275652775616045,-2.1581260652032626,-3.434418930333951,-4.1275652775616045,-0.8630805444123639,4.728951553030391,-2.0173535418601114,6.754337579137699,-0.8013325411579446,-0.6061203851520676,2.633233923729093,-3.1467370662153513,-4.047522698092991,-1.841788800057707,-3.7221007250082243,1.098179738446892,2.00980007745287,2.4565336041482726,-4.309886501022837,2.3133795990641985,3.6905951241410357,-2.3220138788939266,-2.5520302386409366,-3.057124961097061,-4.214576503036347,0.5184252522814639,4.698335687078009,4.920705377178579,-2.1238369995636672,-2.378366799562593,-0.3509818715259025,5.743767527253737,-2.2430254883833363,-2.8282835055512705,-4.41524679445891,1.3945604248407497,0.11854453033354824,1.70382665991194,-0.5914501961216682,-3.7221007250082243,-2.146565245475268,0.31312162274195027,-2.6806475691337712,-1.9211255282995174,-3.2802683695542196,-3.11596542648798,-3.178485744368654,-3.521430231566071,-2.349793435283466,-0.9323009167384322,-4.1275652775616045,1.0419696419339024
CRR1090807,0,-4.129072642323226,8.651935574759346,3.8498244147803176,9.438139399994837,-3.8777585315022334,-2.856107995080826,2.811424948282886,3.780520343089606,2.2707086556790883,4.6551756559708695,3.4924010282325892,-4.465544307516846,2.3073052112913426,-4.283223084055614,-4.283223084055614,1.0470756697512207,-3.5900767368279602,-0.0910479140728399,-4.688687358832181,3.1645265302982666,5.427587833042831,5.171107005212921,1.7878978185401773,6.921967850400546,-1.7376933483975108,-3.3023948727093604,-1.7311786682251413,2.016337056643313,-3.8777585315022334,1.987133365958377,1.0710002556456615,-4.203180504587,0.40198815832535134,1.010917252784865,1.4861373747842048,0.7846306941984349,-2.7076880451349457,-3.21278276759107,0.09043365529087653,-1.6206368074163757,2.2992619644546948,-2.657257208466782,1.7115675906325891,-2.5340246060566023,-0.5066396780199116,2.6921891782926926,-2.3986832948773453,-4.283223084055614,-0.3778906998864957,-5.158689488082791,-3.7723981269554008,2.528936976810968,-4.822218394314803,-3.8777585315022334,3.8278030879731384,0.15746381624794134,-2.8363053756277803,-2.076783334793526,-4.129072642323226,7.271626099825728,1.7986135735432167,-3.67708803806008,3.5089177118106707,3.623445249433155,-4.283223084055614,-0.9966902150735819
CRR1090812,1,2.292801924303807,9.38971734132438,-2.6737374657904636,9.894566712751608,4.414425187781202,1.667006929337828,3.6477705511885636,4.557719192471285,5.215390447857475,7.940191840053837,6.148245900415153,-3.8975114856497006,0.2100763362191571,0.6894927500793181,-3.715190262188468,-1.745751049830126,-3.0220439149608147,-0.744777377813963,0.7846177599950374,-1.244271380195425,-1.6049785264869747,-2.2488544754450084,-0.3889575257848081,-0.19374536977893111,-1.169660526530365,-2.734362050842215,-3.635147682719855,-1.4294137846845705,0.010501538543548464,0.7526300851035805,-2.7661107289955176,2.713182561761849,2.2500997482273726,2.7418393382303585,-1.66749887043475,-1.90963886352079,-2.1396552232678,-2.644749945723924,-3.8022014876632104,4.02894469949637,6.853934564868554,3.7639194745756788,0.4969356937160957,4.304475689153329,0.06139314384723405,-2.7661107289955176,-1.8306504730101998,-3.715190262188468,-4.0028717790857735,-4.590656666215645,0.3509817849730866,8.193492805714234,-4.254185572447657,-3.309725709635088,-1.7341902301021315,0.7254966381150869,-2.2682725537606347,-1.5087505129263807,-3.5610398204560796,-2.7035904111148437,-2.7661107289955176,-3.1090552161929343,-1.9374184199103297,-0.5199259013652956,-3.715190262188468,-0.42865739320643625
CRR1090815,0,-2.890464239832386,9.886662388474539,-2.00316188516677,10.274243205263316,-2.6391501290113943,4.568544009530712,6.083736370516617,7.51496099674684,7.413302145600653,2.9493450832327928,9.556137916469789,2.287296975804517,0.8806519168428505,3.9519126443305996,-3.0446146815647745,-1.0751754692064326,-2.351468334337121,-3.0446146815647745,4.552947210882635,5.702444404525029,-0.9344029458632812,-1.578278894821315,0.2816180548388853,0.4768302108447624,-0.4990849459066717,-2.0637864702185214,-2.9645721020961613,-0.7588382040608768,-2.6391501290113943,-2.2336853912732573,-2.095535148371824,4.283054680253403,-3.226935905026007,5.4153360733668405,-0.9969232898110565,-1.2390632828970967,-1.4690796426441068,-1.9741743651002308,-3.131625907039517,-1.891936311976016,-1.597696973136941,-1.418648805975943,-1.0408864035668373,-1.295416203565763,0.7319687244709274,-2.095535148371824,-1.1600748923865063,-3.0446146815647745,-3.33229619846208,-3.9200810855919523,1.48798316284435,-1.9741743651002308,-3.583609991823964,-2.6391501290113943,-1.063614649478438,1.3960722187387804,-1.597696973136941,-0.8381749323026872,-2.890464239832386,-2.03301483049115,-2.095535148371824,-2.438479635569241,-1.2668428392866362,0.15064967925839773,-3.0446146815647745,1.2706470925558613
CRR1090818,1,-4.010757829903008,7.69845523856676,5.61584484894737,9.77152907367283,6.995839969126804,3.311751176467551,7.297001140769379,5.089255913375057,5.608630267524135,4.223085315023185,5.593580743597988,2.5458161570448654,-0.23964167322777227,3.590928607556226,-4.164908271635397,-2.1954690592770554,-3.471761924407744,-4.164908271635397,4.288917377848881,4.59794469656546,-2.054696535933904,-2.6985724848919377,-0.8386755352317374,-0.6434633792258604,-1.6193785359772945,-3.184080060289144,-4.084865692166784,-0.0034260472669204165,-3.759443719082017,-3.35397898134388,-3.215828738442447,1.7926530614419702,-4.34722949509663,5.103777955218801,2.108281487364079,-2.3593568729677195,-2.5893732327147294,-3.094467955170854,-4.25191949711014,-3.0122299020466388,6.539023431120911,3.990356447500579,-2.16117999363746,5.888756129810593,-0.38832486559969537,-3.215828738442447,-2.280368482457129,-3.471761924407744,-1.7822819837869512,-5.040374675662575,2.168665682145015,-3.094467955170854,3.1424041531365585,-3.759443719082017,-2.1839082395490608,0.2757786286681575,-2.717990563207564,-1.95846852237331,-4.010757829903008,-3.153308420561773,-3.215828738442447,-3.5587732256398636,-2.387136429357259,-0.969643910812225,1.3631955289027562,4.106808881742414
CRR1090819,1,-3.38054754511278,7.135824277848776,1.8351628879586377,10.493943041717342,6.037362903742061,2.363369550572548,6.820012127353654,5.644115651229884,8.413557117934943,2.629667231980081,8.375891695657835,2.9207609326265866,0.3905686115624566,2.331296153120029,-3.5346979868451687,-1.5652587744868267,-2.841551639617515,-3.5346979868451687,2.233621347491659,4.0822401845493355,-1.424486251143675,-2.068362200101709,-0.2084652504415086,-0.013253094435631633,-0.9891682511870656,-2.5538697754989155,-3.454655407376555,-1.2489215093412709,-3.1292334342917885,-2.7237686965536514,-2.585618453652218,4.78274093978919,-3.717019210306401,1.0348433721056507,2.930667165852962,-1.7291465881774906,-1.9591629479245007,-2.4642576703806247,-3.621709212319911,-2.38201961725641,-2.087780278417335,5.889030186470302,-1.5309697088472312,3.1507450625429714,0.24188541919053358,-2.585618453652218,-1.6501581976669004,-1.1993245764031002,-3.822379503742474,-4.410164390872346,-0.14467551626664266,-2.4642576703806247,1.5882717799105472,-3.1292334342917885,-1.553697954758832,0.9059889134583863,-2.087780278417335,-1.3282582375830814,-3.38054754511278,-2.5230981357715443,-2.585618453652218,-2.928562940849635,-1.7569261445670301,-0.33943362602199617,0.6549551137685039,-0.2481651178631369
CRR1090820,1,0.6251588619404855,9.028241202600704,4.518624768397495,8.692314493847835,-3.928716930245468,4.321176509625433,3.0365721248503847,3.648972653612785,1.2789449630066694,-2.2341221164999423,4.257406068161899,-4.516502706260081,2.5067198243120665,1.0639795595951047,1.0699946152796396,2.3900498541499404,-3.6410351355711943,-4.334181482798848,2.191579380036991,2.343949301702919,-2.2239697470973545,-2.8678456960553884,-1.007948746395188,-0.812736590389311,1.4532253538137574,-3.353353271452595,2.99960210266778,-2.04840500529495,0.5410141864596717,0.8035741618562044,-3.3851019496058976,-4.254138903330235,-4.516502706260081,2.549620910402565,-2.28649009104513,2.224014655712209,-2.75864644387818,0.928507048076338,-4.4211927082735905,-3.1815031132100895,6.994925641601377,-2.7082156072100165,3.205021196494108,-2.5849830047998363,6.1785263487395,5.198446014737543,3.3128869917186985,-4.334181482798848,-1.582647730039204,-5.209647886826025,-3.8233565256986353,-3.263741166334304,-0.4254990118566791,-0.6621107712936904,-0.38614967435860664,0.10650541750470682,-2.887263774371015,-2.1277417335367605,-4.18003104106646,-0.09046116224398015,-3.3851019496058976,5.150500730651335,2.2715657320323595,3.9137352887305505,-4.334181482798848,-1.0476486138168164
CRR1090823,1,-3.3536210124323245,9.659869821353086,4.285813683228878,9.853177668505003,-3.1023069016113327,4.5766351523369675,3.6578491468125716,2.0719567114455395,4.482352141283486,9.008074491945182,1.3311508087769377,-3.6900926776259455,1.701713041118898,-3.507771454164713,2.569104307951676,-1.538332241806371,-2.8146251069370596,-3.507771454164713,-3.91323572894128,3.0889177277402613,6.683052695124865,-2.0414356674212533,6.204533748579748,0.013673438244824157,-0.9622417185066099,0.34237451634106003,-3.4277288746960997,-1.2219949766608154,0.12981308275604297,-1.0800247378231265,-2.5586919209717625,1.6740104388253902,2.051625642791133,-3.3536210124323245,3.195005912839212,-1.7022200554970348,-1.932236415244045,-2.4373311377001694,-3.5947826796394553,-2.3550930845759543,6.838432506310974,-1.8818055785758812,-1.5040431761667754,-1.7585729761657014,0.26881195187098916,3.6114579059476553,1.7523230415558566,-3.507771454164713,-3.7954529710620184,-4.38323785819189,-2.9969464970645,-2.4373311377001694,-4.046766764423902,1.260082661599502,-0.83362435646094,0.9329154461388419,-2.0608537457368796,-1.3013317049026256,-3.3536210124323245,-2.4961716030910885,-2.5586919209717625,-2.9016364081691792,1.9907602992098332,4.406540072845597,-3.507771454164713,-0.22123858518268116
CRR1090825,0,-2.721268158208551,9.586835399322743,-1.833965803542935,10.768488076585044,-2.469954047387559,-2.1414502915263367,5.628721457403001,6.549762631779234,6.91867085924348,6.826318231571819,9.506811235234949,-3.057739823402172,1.0498479984666858,3.955813876267385,-2.8754185999409394,-0.9059793875825976,-2.182272252713286,-2.8754185999409394,3.941498147529294,-0.40449971794789624,-0.7652068642394461,-1.4090828131974797,0.45081413646272056,0.6460262924685976,-0.3298888642828365,-1.8945903885946862,-2.795376020472326,-0.5896421224370417,-2.469954047387559,-2.064489309649422,-1.9263390667479892,5.19741105159174,-3.057739823402172,9.54867014917918,-0.8277272081872213,-1.0698672012732613,-1.2998835610202715,-1.8049782834763957,-2.962429825415682,-1.7227402303521806,-1.4285008915131059,0.38267633551782676,-0.871690321943002,-1.1262201219419277,0.9011648060947627,-1.9263390667479892,-0.9908788107626711,-2.8754185999409394,-3.163100116838245,-3.750885003968117,-2.3645936428407266,-1.8049782834763957,-3.4144139102001287,-2.469954047387559,-0.8944185678546029,1.5652683003626156,-1.4285008915131059,-0.6689788506788522,-2.721268158208551,-1.863818748867315,-1.9263390667479892,-2.2692835539454057,-1.097646757662801,0.319845760882233,-2.8754185999409394,6.6459035793461325
CRR1090832,1,-0.20863303444709558,7.2168110895773045,5.220712525844311,10.45578563285403,-2.9881411573864716,6.164109845821407,4.911917833633835,5.620413929136064,4.816743575761069,5.963182670001533,8.630409676769359,2.7007145597019586,0.5316608884677733,2.602430036495643,-3.3936057099398518,-1.4241664975815098,-2.7004593627121984,-3.3936057099398518,3.403216343531923,7.330764390063812,-1.2833939742383584,0.34008613313923586,-0.06737297353619191,0.1278391824696851,-0.848075974281749,-2.4127774985935986,-3.3135631304712385,-1.1078292324359542,-2.9881411573864716,-2.5826764196483345,-2.4445261767469013,-3.3135631304712385,-3.5759269334010844,6.230265474667195,-1.3459143181861337,-1.588054311272174,-1.8180706710191838,-2.3231653934753083,-3.480616935414594,-2.240927340351093,-1.9466880015120185,2.4756895412367426,-1.3898774319419145,7.871638474727239,0.38297769609585025,-2.4445261767469013,-1.5090659207615837,-3.3936057099398518,-3.6812872268371573,-4.269072113967029,0.7335270353216817,-2.3231653934753083,0.725429825307613,-2.9881411573864716,-1.4126056778535152,1.0470811903637032,-1.9466880015120185,-1.1871659606777645,-3.2394552682074633,-2.3820058588662274,-2.4445261767469013,-2.7874706639443185,-1.6158338676617134,-0.19834134911667944,-3.3936057099398518,-0.10707284095782016
CRR1090833,0,-2.3308076743352917,0.9272874900608359,0.8531795221336567,2.5985128456461424,-2.0794935635142995,-1.7509898076530774,10.242159077927365,0.5984781475760136,2.435021155260617,-0.38489874976877436,11.583963426628927,2.02589974209891,1.4403084823399452,3.8670887277157595,-2.4849581160676797,-0.515518903709338,-1.7918117688400264,-2.4849581160676797,4.512483844036403,-0.014039234074636909,-0.3747463803661866,-1.0186223293242203,0.84127462033598,1.036486776341857,0.060571619590422995,-1.5041299047214267,-2.4049155365990664,-0.1991816385637823,-2.0794935635142995,-1.6740288257761626,-1.5358785828747297,-2.4049155365990664,-2.6672793395289123,-2.3308076743352917,-0.4372667243139619,-0.6794067174000018,-0.9094230771470122,-1.4145177996031362,-2.571969341542422,-1.3322797464789213,-1.0380404076398464,-0.8589922404788483,-0.4812298380697426,-0.7357596380686684,1.2916252899680223,-1.5358785828747297,-0.6004183268894117,1.7222173347995655,-2.7726396329649856,4.223734617484687,-1.974133158967467,-1.4145177996031362,4.565162738981606,-2.0794935635142995,-0.5039580839813435,1.955728784235875,-1.0380404076398464,-0.2785183668055926,-2.3308076743352917,-1.4733582649940553,-1.5358785828747297,-1.8788230700721464,-0.7071862737895417,0.7103062447554925,4.32094732545046,0.8015747529143518
CRR1090834,0,-3.5092143248300594,6.4936516088939635,7.322217207819564,10.176064894819293,-2.564753589004215,3.634853113977122,7.815916067337147,3.5551769081421156,6.548255118081316,7.898147588304772,8.4702322889878,2.5062443027504804,0.26190183184517724,1.7919546892524825,-3.663364766562448,-1.6939255542041058,-2.9702184193347945,-3.663364766562448,5.188845558368233,7.017042498439003,-1.5531530308609545,-2.197028979818988,-0.33713203015878784,-0.14191987415291088,-1.117835030904345,-2.6825365552161946,-3.5833221870938345,-1.3775882890585502,1.290110458793287,-2.8524354762709305,-2.714285233369498,-3.5833221870938345,-3.8456859900236804,5.279464795610835,-1.6156733748087297,-1.85781336789477,-2.08782972764178,-2.5929244500979043,-3.75037599203719,-2.5106863969736892,-2.2164470581346145,4.802743968309999,-1.6596364885645105,1.0728320297866525,0.11321863947325427,-2.714285233369498,-1.7788249773841798,-3.663364766562448,-3.9510462834597533,2.4506844138891073,0.4085053015514069,-2.5929244500979043,4.617049016020885,-3.2579002140090676,-1.6823647344761112,0.7773221337411071,-2.2164470581346145,-1.4569250173003605,-3.5092143248300594,-2.6517649154888234,-2.714285233369498,-3.057229720566914,-1.8855929242843095,-0.4681004057392754,0.8271408631318142,-0.37683189758041624
CRR1090840,0,2.3021907561775574,8.4554008677823,5.07798298378862,8.752324922705322,4.601699597793087,5.389256264442497,3.635319442943141,2.7693381814104354,3.7021582144017016,4.499439708429953,4.562632041933482,-0.6757110410522592,-0.40542072152105857,1.8503623317464746,-4.330687319928684,-2.3612481075703418,1.8775656412106336,2.0446197253577107,0.47742205699626206,3.2471154225549492,-2.22047558422719,-2.171204544932915,-1.0044545835250236,-0.8092424275191467,-1.7851575842705807,-3.3498591085824305,-4.2506447404600705,-2.044910842424786,-3.9252227673753035,1.7507686028487979,2.1081287639882627,0.5609125024599025,-0.3203300502334737,2.186243463480542,2.902284969572631,-2.525135921261006,7.3459484459352,-3.2602470034641398,-4.417698545403426,-3.178008950339925,8.073735759449216,4.481236367134782,5.22775805976544,2.757441513243042,-0.5541039138929814,-3.3816077867357333,-2.4461475307504155,-1.0598533595039126,1.8319238202210857,-5.206153723955861,-3.819862362828471,-3.2602470034641398,-4.869682630187873,-3.9252227673753035,-2.349687287842347,0.10999958037487134,-2.8837696115008504,-2.124247570666596,-4.176536878196295,-3.319087468855059,-3.3816077867357333,-3.72455227393315,-2.5529154776505454,-1.1354229591055112,-4.330687319928684,-1.044154450946652
CRR1090847,1,-5.102851500545161,7.761141563085452,3.3271002880677965,7.79341432814782,-4.851537389724169,1.9545531256009863,2.133692091344042,3.310882697105785,2.7882106708412944,-0.4991123216309206,3.724405662997031,-0.21465432859278122,1.4416753779907672,-5.257001942277549,0.9274888690099865,-3.287562729919207,0.9787134559533073,-3.7906661555340895,-2.8591081846293167,-1.1766452605264528,5.224958870041771,-3.7906661555340895,3.647626488288448,5.758727897519758,2.0767816431890784,3.054599399149518,3.2445682019090345,-2.9712254647736516,2.347724856262935,1.9996464278348587,0.06519303953184895,0.43560557073322614,-0.317744965755625,0.6672521929280328,0.8640261461801205,0.8960836363759562,5.020383849152657,-0.05208158084521295,1.1686754622583604,0.9397799079600938,5.533479738444756,-3.6310360666887176,3.2544397508280585,0.2991807514169548,4.700845858358235,2.737347606773945,-3.372462153099281,-5.257001942277549,-3.3852011756310123,-6.132468346304727,-4.746176985177336,-4.186561625813005,-5.795997252536739,-1.018077793871158,1.6440626835663654,-0.8163150419739944,-2.0381277174079617,-3.050562193015462,0.42316900576252214,-4.245402091203925,-4.307922409084599,4.4550610955110574,-1.157118838720802,-2.061737581454377,-5.257001942277549,-1.9704690732955177
CRR1090853,0,-4.411730426935858,7.765601751691453,2.5111934896723795,8.728849140232333,1.540769091963351,1.1222221322467885,3.2408816689665287,4.560441968814102,4.743805310294262,1.0611388841880154,8.40429888969782,-0.3711899741515134,-0.6406142702606207,1.3525631943532488,-4.565880868668246,-2.5964416563099038,-3.8727345214405924,-4.565880868668246,0.728259468172233,2.673212786636459,6.621522832145259,-3.099545081924786,-1.2396481322645858,5.974133344260209,3.4178985342121737,-3.5850526573219925,-4.4858382891996325,-2.280104391164348,3.5339753759100323,2.1712821117070327,1.7668048541163541,3.366300134725683,-4.748202092129478,3.8145741328914182,1.0257261486458449,-2.760329470000568,-2.990345829747578,-3.495440552203702,-4.652892094142988,1.8335440028520604,6.039373262736126,1.8285439924492437,-2.5621525906703084,4.091739043290695,-0.7892974626325436,-2.9236544774958393,-2.6813410794899775,-4.565880868668246,-4.853562385565551,-1.8037650076978853,-4.055055911568033,6.906583716542893,-4.411730426935858,-4.1604163161148655,-2.584880836581909,-0.12519396836469082,3.4949732181268867,-2.3594411194061586,0.9714517382466926,4.52708096867651,-3.6168013354752953,-3.959745822672712,-2.7881090263901074,-1.3706165078450734,-4.565880868668246,-1.279347999686214
CRR1090854,0,-0.6182375037167528,8.554543561823218,-3.461777407940272,9.097471954269587,4.4474522334527595,1.3094050135472899,3.6517951371784787,3.936576189723291,3.522339016398333,-1.7100237595202263,7.321497384384375,1.3029066153052193,-0.5779636059306512,1.944338090310798,-4.503230204338276,-0.6355090896287832,4.096830798541801,-3.8100838571106226,1.4569139971462266,1.3306037367788934,-2.393018468636783,-3.0368944175948167,1.4125208588631133,2.101163525064908,3.3470665116461964,-3.522401992992023,-4.423187624869663,-2.217453726834379,0.9808732672353384,2.9996901810974417,0.5444851087038712,1.6119241521288625,2.2804707611953963,4.038133472709041,2.856553986294626,1.075239307872701,-2.9276951654176084,-3.432789887873733,-4.590241429813019,3.7177989476431983,5.34069143490814,2.3138690415352694,3.712856228079212,1.3470530674401129,-0.7266467983025742,-3.554150671145326,-2.618690415160008,-4.503230204338276,-1.074635461099232,-5.378696608365454,-0.6495444072526831,7.229167754640541,-1.4351788583505605,-4.097765651784896,-2.52223017225194,-0.0625433040347214,-3.0563124959104426,-2.296790455076189,-4.3490797626058875,-3.491630353264652,-3.554150671145326,-3.8970951583427427,-2.725458362060138,-1.3079658435151038,-4.503230204338276,-1.2166973353562445
CRR1090857,1,0.24605428713840888,10.318289231690166,-2.336832227219117,9.191335878934476,8.28154758106336,5.977019452088144,3.219313662668625,3.8545668637410344,4.861042738059497,7.532708559694472,5.282458354454354,-3.560606247078354,0.5469815747905034,0.803763477804099,-3.3782850236171216,-1.4088458112587796,-2.685138676389468,-3.3782850236171216,-0.3660250328099883,7.867908995232457,-1.2680732879156282,-1.911949236873662,-0.05205228721346165,0.14315986879241535,-0.8327552879590188,-2.3974568122708684,-3.2982424441485083,-1.092508546113224,-2.9728204710637414,-2.5673557333256043,-2.429205490424171,-0.23557215443731933,-3.560606247078354,0.9805566302577859,3.9456538094108704,-1.5727336249494437,-1.8027499846964539,-2.307844707152578,-3.465296249091864,-2.225606654028363,8.457252326602953,4.62974615724154,-1.3745567456191843,7.115087173253598,0.39829838241858045,-2.429205490424171,-1.4937452344388535,-3.3782850236171216,-3.665966540514427,-4.253751427644299,-2.8674600665169088,-2.307844707152578,-3.917280333876311,-2.9728204710637414,-1.3972849915307852,1.0624018766864332,-1.9313673151892883,-1.1718452743550343,-3.224134581884733,-2.366685172543497,-2.429205490424171,-2.772149977621588,-1.6005131813389832,-0.18302066279394924,-3.3782850236171216,5.507108090875073
CRR1090860,1,-2.8691185056594253,10.178764940847561,7.533483521586605,9.18086265210038,1.6772097668868395,-2.289300638977211,8.687585887858463,2.5348436278799253,6.470693607035526,7.081258019953455,9.457071429829318,-3.2055901708530463,0.9019976510158114,4.037062681622802,-3.0232689473918137,-1.0538297350334718,-2.3301226001641604,-3.0232689473918137,3.840532779137416,5.0309342835369195,-0.9130572116903204,-1.556933160648354,0.30296378901184623,0.4981759450177232,-0.4777392117337108,-2.0424407360455605,-2.9432263679232005,2.0319130669272254,-2.6178043948384335,-2.2123396571002965,-2.0741894141988633,-2.9432263679232005,-3.2055901708530463,7.507335599560555,-0.9755775556380957,-1.2177175487241356,-1.4477339084711458,-1.9528286309272702,-3.110280172866556,-1.8705905778030552,-1.5763512389639804,4.834596945919207,-1.0195406693938762,-1.2740704693928022,0.7533144586438885,-2.0741894141988633,-1.1387291582135455,-3.0232689473918137,-3.310950464289119,-3.8987353514189915,-2.512443990291601,-1.9528286309272702,-3.562264257651003,-2.6178043948384335,-1.0422689153054774,1.417417952911741,-1.5763512389639804,-0.8168291981297264,-2.8691185056594253,-2.0116690963181894,-2.0741894141988633,-2.41713390139628,-1.2454971051136754,0.17199541343135857,-3.0232689473918137,0.26326392159021794
CRR1090861,1,-4.050287239332287,7.36451509722931,6.274551402588312,9.812252820613125,-3.798973128511295,-3.4704693726500726,6.537179177404604,5.381353560622823,5.803032774359173,1.563881653272152,7.064978280950987,0.27478963380388244,-0.2791710826570503,-1.391028530969922,-4.204437681064675,-0.9210249392241834,-3.511291333837022,-4.204437681064675,1.571146864225862,2.8093262372505325,-2.094225945363182,5.8389623095895535,2.7522648145710966,-0.6829927886551385,-1.6589079454065725,-2.3852806340435504,-3.162984884666671,-1.9186612035607777,3.0519755056038393,-0.21854646277560014,0.1628965926755732,2.8836911521070503,2.5382447298305517,3.0302187180591686,0.37541304736786496,2.9877427122373676,-2.6289026421440074,-3.133997364600132,-4.291448906539418,1.3664464598049937,3.5178692066264845,2.7930042790394074,0.17341193645394942,-2.455239203065664,-0.42785427502897333,5.014348576493047,-2.319897891886407,-4.204437681064675,-4.492119197961981,-5.079904085091853,-3.6936127239644625,5.045938711437885,1.9436727629663964,2.1446996465635975,-2.223437648978339,0.23624921923887943,-2.757519972636842,-1.9979979318025882,-4.050287239332287,-3.192837829991051,-3.2553581478717253,-3.598302635069142,-2.426665838786537,-1.0091733202415032,-4.204437681064675,-0.9179048120826437
CRR1090866,1,-2.973760396604771,10.24890366715378,6.622686071520541,9.809482215130858,-2.7224462857837795,2.649223694339126,6.697523412005631,6.38658596139181,4.691388935492935,5.59428742246822,7.858269652757649,-3.3102320617983922,0.7973557600704655,-3.1279108383371597,-3.1279108383371597,-1.1584716259788177,3.036804827310143,-3.1279108383371597,-3.5333751131137268,7.197225136080779,-1.0176991026356663,-1.6615750515937,0.1983218980665002,0.3935340540723774,-0.5823811026790567,-2.1470826269909065,-3.0478682588685464,-0.8421343608332621,-2.7224462857837795,-2.3169815480456424,-2.178831305144209,-3.0478682588685464,-3.3102320617983922,7.960874586619476,4.0309905230000185,-1.3223594396694816,-1.5523757994164917,-2.057470521872616,-3.214922063811902,-1.9752324687484009,-1.6809931299093264,4.866045043133621,-1.1241825603392224,-1.3787123603381481,0.6486725676985424,-2.178831305144209,-1.2433710491588916,-3.1279108383371597,-3.415592355234465,0.4739556175764134,-2.617085881236947,5.552730849129297,-3.666906148596349,-2.7224462857837795,-1.1469108062508233,1.312776061966395,-1.6809931299093264,-0.9214710890750725,-2.973760396604771,-2.1163109872635353,-2.178831305144209,-2.521775792341626,-1.3501389960590213,0.0673535224860128,-3.1279108383371597,0.15862203064487201
CRR1090867,1,-3.036903148321356,9.249418007591906,5.293924612676809,10.093722844756718,-2.7855890375003645,6.596694043259862,4.77205680284038,4.484258701110445,6.23159688081895,2.474217368948975,7.552151510716744,-2.680228632953532,0.7342130083538804,-3.1910535900537447,-3.1910535900537447,-1.2216143776954027,9.992050696332365,-3.1910535900537447,1.1374827149818942,4.032848068240485,-1.0808418543522513,-1.724717803310285,0.13517914634991518,0.3303913023557922,-0.6455238543956417,-2.2102253787074915,-3.1110110105851314,-0.9052771125498471,-2.7855890375003645,-2.3801242997622274,-2.241974056860794,-3.1110110105851314,-3.3733748135149773,8.832322762445397,-1.1433621983000268,-1.3855021913860668,-1.615518551133077,-2.120613273589201,-3.278064815528487,-2.038375220464986,1.399001308379494,5.6268349444732575,-1.1873253120558074,6.612197510113379,0.5855298159819573,-2.241974056860794,-1.3065138008754766,-3.1910535900537447,-3.47873510695105,-4.066519994080923,-2.680228632953532,-2.120613273589201,-3.730048900312934,-2.7855890375003645,-1.2100535579674083,1.24963331024981,-1.7441358816259114,-0.9846138407916575,-3.036903148321356,-2.1794537389801203,-2.241974056860794,-2.5849185440582114,-1.4132817477756063,0.004210770769427676,-3.1910535900537447,2.4036561290786036
CRR1090868,1,0.6115993517269671,7.355342402696422,6.1718666541429625,8.217404628364315,1.0509793800535432,1.495356943113649,5.755691320489409,3.889311544981604,2.645651972908235,3.2043453861148814,4.674953174531406,-0.5369770621885793,-1.0871498954043155,-1.1801600874168527,-0.27475877684450817,-3.0429772814535987,-0.8457529108356987,-5.012416493811941,1.2144478386331983,1.3011298888192004,4.875837304002097,-3.546080707068481,3.175807894266757,2.8566012166591532,0.05333644335536375,-4.0315882824656875,1.2635985692084128,1.1975123517428239,1.1034739686849915,-4.201487203520423,-4.06333696061899,-4.932373914343327,-1.2131906118809845,5.861860935431615,-2.9647251020582224,0.3402295585085252,4.906171446550621,-3.9419761773473967,-5.099427719286683,-1.2747485025113112,4.564034153353433,1.6367822578698035,-3.0086882158140034,-3.263218015812929,1.9693617554006397,5.045819892029521,2.865547693000176,1.1438543644655788,-5.300098010709246,-5.887882897839118,-4.501591536711728,-3.9419761773473967,-5.5514118040711296,-4.6069519412585604,-0.18144129245756155,1.3811725962604813,-1.7415825333871695,-0.8960946643624299,-2.21921004899389,-4.000816642738316,2.827566814836701,4.2414605136730135,-0.048408696079574716,-0.8027627269916485,-3.970963697413936,-1.7258836248299088
CRR1090874,0,-3.4580543884493546,9.244163672770519,2.398652101454232,10.290921851424905,4.447912453254304,4.774194404699103,6.513524201826879,6.43769473921657,6.916907494976852,7.387821755681659,-0.5519356240304619,2.9297850432811945,0.3130617682258819,4.622712197458298,-3.612204830181743,-1.6427656178234014,-2.9190584829540898,-3.612204830181743,5.67071806802787,-1.1412859481887003,-1.5019930944802498,-2.1458690434382834,-0.28597209377808325,-0.09075993777220623,-1.0666750945236405,-2.63137661883549,-3.53216225071313,3.126538241374388,-3.206740277628363,-2.801275539890226,-2.663125296988793,0.6985926509098569,-3.7945260536429757,3.889059773440355,4.625184604897664,-1.8066534315140652,-2.0366697912610756,-2.5417645137171996,-3.6992160556564855,-2.4595264605929845,-2.16528712175391,5.24397956149292,-1.6084765521838058,-1.0732324942098064,0.1643785758539588,-2.663125296988793,-1.727665041003475,0.025379706739012794,0.28976620639765654,-4.487671234208921,-0.09569821916892214,-2.5417645137171996,2.8573021870858835,-3.206740277628363,-1.6312047980954067,0.8284820701218116,-2.16528712175391,-1.405765080919656,-3.4580543884493546,-2.6006049791081187,-2.663125296988793,-3.00606978418621,-1.8344329879036048,-0.4169404693585709,-3.612204830181743,1.8684324334394145
CRR1090877,1,1.485788623599408,8.877226768121163,5.419841230826134,10.062754480390355,4.4071381550849935,-1.8464156897828137,3.990481220515442,4.235663225267446,5.416498895795853,4.160841652574586,5.568980351527048,-4.128796279542952,-0.02120845767409406,1.2584453053506173,-3.9464750560817192,-1.9770358437233773,-3.253328708854066,0.14229682235860852,0.8270287921448158,5.195566964098266,-1.8362633203802259,-2.4801392693382596,-0.6202423196780592,-0.42503016367218216,-1.4009453204236164,2.4392796346800125,-3.866432476613106,1.359312666911039,-3.541010503528339,-3.135545765790202,0.44591271958098744,1.6451319612323716,1.0046444556093035,4.545227706244012,1.7331269019035647,-2.1409236574140413,-2.3709400171610513,-2.8760347396171757,1.4569511357055318,0.7585388132937664,-2.499557347653886,3.2443249015382007,-1.942746778083782,4.127393718524127,-0.1698916500460171,-2.9973955228887688,-2.061935266903451,-3.9464750560817192,0.10530825404181432,-4.821941460108897,-0.8037621869019169,4.649157895283988,-4.485470366340908,-3.541010503528339,-1.9654750239953827,0.4942118442218357,-2.499557347653886,-1.7400353068196321,-3.7923246143493308,-2.934875205008095,-2.9973955228887688,-3.3403400100861855,-2.168703213803581,4.125002119173925,-3.9464750560817192,-0.6599421870996874
CRR1090883,1,-5.08024882717689,7.085590994641433,4.355106199089658,8.360646641802207,5.187786159953165,2.55574352429571,2.9902986268392664,3.149337051171926,3.3250532148757306,6.143746645957496,3.236713413066206,-5.41672049237051,-1.3091326705016528,-5.234399268909278,0.0639164393068141,-3.264960056550936,2.6687642803502887,-5.234399268909278,-5.639863543685845,0.03859863153619951,6.088692842056773,-3.768063482165818,3.9038704100050454,3.35814706972224,0.6759439397671917,1.6731876645174268,1.4350971563983825,-2.94862279140538,2.251745154270662,-0.9191374947886418,-4.285319735716327,-1.022273313004714,-1.4464305410805403,0.8455322633349169,0.4503119820238086,1.7648694537642668,3.4898606245702046,2.5682852368413864,-2.9831089615294792,-4.081720899320519,5.548879325830098,-3.608433393320446,2.0227193022221726,-3.485200790910266,3.7035399876998545,3.198468174291624,1.752935407617092,-0.789790795029435,-1.19134963850024,-6.109865672936455,-4.723574311809065,-1.8613743737362412,-5.7733945791684675,-0.9462271868237259,0.9393851717996029,0.7537247144485136,2.2586378790198283,-3.0279595196471907,-2.595343486911685,-4.222799417835653,-4.285319735716327,1.781909751457142,-0.36943386777074905,3.1796884515238912,-5.234399268909278,-1.947866399927246
CRR1090884,1,-5.000673699762733,7.472765177847318,1.959401489203724,8.278323431802663,2.8162599459207143,1.635271429228271,1.147793170637009,3.5681884294986252,3.874132565698307,1.1311722894521279,5.998207638895278,-1.066052263054793,-1.229557543087496,0.5389063362539728,0.2832535080091731,-3.185384929136779,2.041361263413128,1.757585284016857,-5.560288416271688,3.6120360137690897,-3.044612405793628,5.501299570750167,-1.8285914050914611,4.131286626947,-2.609294405837018,0.9473598645774568,-5.074781562026508,-2.8690476639912235,0.5467319770416197,3.218920326228688,2.1889237850424275,0.9658378477469134,-0.5120387425496367,5.54558693913582,-3.1071327497414027,1.3100220698330838,-3.579289102574453,-0.9907478820168876,0.19703233321456154,-4.0021457719063624,-3.7079064330672877,3.7610987597066377,0.7478075297947013,2.0511804958596116,2.4598973712208902,2.55567816204359,-3.2702843523168528,-5.154824141495121,0.008053597034518151,-6.030290545522298,-4.643999184394908,-4.084383825030577,-5.693819451754311,-1.0412234020859277,3.3698063126836995,-0.7141372411915661,-1.3481632813530426,1.5426198795443813,-5.000673699762733,-2.1507946491470884,4.858987413308905,-4.548689095499587,1.3840373453546333,4.665117078755979,-5.154824141495121,-1.8682912725130894
CRR1090886,1,-3.0356933128833457,9.934702900729086,6.6220384074733625,10.47525146553485,-2.784379202062354,5.392573555365217,6.006277696292635,5.239463285188659,5.339111637384902,1.7191262313388664,-0.8227216508994073,-0.09880289216512331,4.835016729550774,2.766423638239235,-3.189843754615734,-1.2204045422573921,-2.4966974073880808,-3.189843754615734,3.0846026806369142,-0.7189248726226911,-1.0796320189142408,1.0442611074708361,0.13638898178792583,0.3316011377938028,-0.6443140189576312,-2.209015543269481,-3.109801175147121,-0.9040672771118365,-2.784379202062354,-2.378914464324217,-2.2407642214227836,4.713011770615712,-3.3721649780769662,1.8395025926525232,1.642460350571039,-1.384292355948056,-1.6143087156950664,-2.1194034381511906,-3.2768549800904765,-2.0371653850269755,7.256470171195026,-1.5638778790269026,-1.1861154766177968,6.61866273016248,0.5867396514199679,-2.2407642214227836,-1.3053039654374659,-3.189843754615734,-3.4775252715130396,-4.0653101586429115,0.8734670603466548,-2.1194034381511906,-3.7288390648749234,-2.784379202062354,-1.2088437225293978,1.2508431456878208,-1.7429260461879008,-0.9834040053536468,-3.0356933128833457,-2.1782439035421097,-2.2407642214227836,-2.5837087086202004,-1.4120719123375958,0.005420606207438227,-3.189843754615734,3.2358336499201754
CRR1090893,0,-3.5323060800917365,8.282022232914061,-0.9035065761212968,10.176160325876667,-3.2809919692707448,3.444840563161071,6.24965788361911,5.193918719010212,6.691766563967328,5.088524717771165,8.51156128378729,0.5305955522951612,0.2388100765835002,4.173598260533009,-3.686456521824125,-1.717017309465783,-2.9933101745964716,-3.686456521824125,3.565241343134262,7.635845366891141,-1.5762447861226316,-2.2201207350806653,-0.36022378542046507,-0.165011629414588,-1.140926786166022,-2.705628310477872,-3.6064139423555117,3.4652884756256057,-3.2809919692707448,-2.8755272315326077,-2.7373769886311745,-3.6064139423555117,-3.8687777452853576,6.764495451955908,-1.638765130070407,-1.8809051231564469,-2.110921482903457,-2.616016205359581,-3.7734677472988674,3.2361857046285207,-2.2395388133962917,4.982511438179022,-1.6827282438261875,4.533720631272086,0.09012688421157715,-2.7373769886311745,-1.8019167326458567,-3.686456521824125,3.1034515547582613,-4.561922925851302,1.156415713284832,-2.616016205359581,2.508967093913908,-3.2809919692707448,-1.7054564897377884,0.7542303784794299,-2.2395388133962917,-1.4800167725620377,-3.5323060800917365,-2.6748566707505006,-2.7373769886311745,-3.0803214758285913,-1.9086846795459866,-0.49119216100095253,-3.686456521824125,5.728997532417357
CRR1090899,0,-3.0015145880624083,8.040706145828844,-2.1142122333967923,10.890037701027136,3.7544191995231313,1.5030442722538344,6.900270089335104,5.217386650587275,6.611313611516912,5.4901542178454354,9.280732970709707,-0.13524172901490272,0.769601568612828,4.062143507047913,-3.1556650297947972,-1.186225817436455,-2.4625186825671435,-3.1556650297947972,2.9069550488447162,-0.6847461478017539,-1.0454532940933037,-1.6893292430513374,0.17056770660886306,0.36577986261474005,-0.610135294136694,-2.1748368184485436,-3.0756224503261835,6.056821367739876,-2.7502004772414166,-2.3447357395032795,-2.2065854966018468,-3.0756224503261835,-3.3379862532560294,5.611350925111349,-1.107973638041079,-1.350113631127119,-1.580129990874129,-2.0852247133302533,-3.242676255269539,-2.002986660206038,-1.7087473213669635,5.943313717845796,-1.1519367517968595,-1.4064665517957855,0.6209183762409052,-2.2065854966018468,-1.2711252406165288,-3.1556650297947972,-3.4433465466921027,-4.031131433821975,2.4513601158517693,-2.0852247133302533,2.9513561949941316,-2.7502004772414166,-1.1746649977084604,1.285021870508758,-1.7087473213669635,-0.9492252805327096,-3.0015145880624083,-2.1440651787211724,-2.2065854966018468,-2.5495299837992635,-1.3778931875166587,0.03959933102837538,-3.1556650297947972,0.1308678391872348
CRR1090906,0,7.3116717023636655,9.399295782080866,-2.3867282931680704,10.405483157991792,-3.0227165370126947,-2.6942127811514722,5.815608510495487,7.220083339140466,6.268895444084168,5.557220791018234,6.565015997784801,3.861313994243023,0.4970855088415501,3.6009048093945415,-3.428181089566075,-1.458741877207733,-2.7350347423384216,-3.428181089566075,4.2244420730906,5.6290064364449055,-1.3179693538645816,-1.9618453028226155,-0.10194835316241503,0.09326380284346195,-0.8826513539079721,-2.4473528782198217,-3.3481385100974617,-1.1424046120621774,-3.0227165370126947,-2.6172517992745576,-2.4791015563731245,-3.3481385100974617,-3.6105023130273075,7.869738856694633,-1.3804896978123569,-1.622629690898397,-1.8526460506454072,-2.3577407731015314,-3.5151923150408173,-2.2755027199773163,-1.9812633811382414,1.4583999017735403,5.722832149836869,-1.6789826115670634,0.3484023164696271,-2.4791015563731245,-1.5436413003878067,-3.428181089566075,-3.7158626064633804,-0.33714022711546415,1.7036864125215387,-2.3577407731015314,-3.9671763998252643,-3.0227165370126947,-1.4471810574797384,1.0125058107374798,-1.9812633811382414,-1.2217413403039876,-3.2740306478336865,-2.4165812384924505,-2.4791015563731245,-2.8220460435705417,-1.6504092472879366,-0.23291672874290265,1.0261645594019995,4.884075103928492
CRR1090907,0,1.9801676829082455,8.94381927520735,6.535523247006294,9.852466843193197,7.641437353155625,2.811384791953031,3.829085561775887,7.347991575993007,6.0320566561207825,3.578678712059185,7.144691546598554,-0.23465851512008,0.09329744370227785,2.6640497390054754,-3.831969154705347,-1.8625299423470052,-3.138822807477694,-3.831969154705347,2.1164992385142183,-1.3610502727123044,-1.721757419003854,-2.3656333679618875,-0.5057364183016875,5.179267993974969,-1.2864394190472443,-2.851140943359094,-3.751926575236734,0.5848597556186723,-3.426504602151967,-3.02103986441383,-2.882889621512397,4.560225880248641,-4.01429037816658,-1.2417035309248063,2.3695520408801483,-2.0264177560376693,-2.2564341157846797,-2.7615288382408036,3.7958169677640665,-2.6792907851165886,-2.385051446277514,3.532470636332486,-1.8282408767074099,3.973028277244919,-0.05538574866964527,-2.882889621512397,-1.9474293655270791,-3.831969154705347,-1.0911306899185484,-4.7074355587325245,0.9869657675780289,6.955449546965961,-4.370964464964537,-3.426504602151967,-1.8509691226190108,0.6087177455982076,-2.385051446277514,-1.62552940544326,-3.677818712972959,-2.820369303631723,-2.882889621512397,-3.225834108709814,-2.054197312427209,-0.6367047938821748,-3.831969154705347,-0.5454362857233156
CRR1090909,1,-3.4697841598796004,8.972782220468359,2.1302224189866212,10.074600301665182,7.340917353650386,-1.1815890879805366,6.312341107162497,5.0232027288478225,6.192530816409728,5.982155519731637,2.7388044405210095,2.4613221619107026,0.30133199679563616,3.6009385200240076,-3.623934601611989,-1.654495389253647,-2.9307882543843355,-3.623934601611989,2.7919786895754983,-1.1530157196189457,-1.5137228659104953,-2.1575988148685292,-0.2977018652083289,-0.10248970920245186,-1.078404865953886,-2.6431063902657357,-3.543892022143375,-1.338158124108091,-3.2184700490586082,4.828184926751001,-2.6748550684190384,6.3430814847901535,-3.806255825073221,4.074697680513895,3.7844932844246886,-1.8183832029443108,-2.048399562691321,-2.553494285147445,-3.7109458270867313,-2.4712562320232303,8.696544093299476,5.181438870882277,-1.6202063236140516,-1.8747361236129774,0.1526488044237133,-2.6748550684190384,-1.7393948124337206,-3.623934601611989,-3.9116161185092944,1.007551242261964,-1.0982074906356867,-2.553494285147445,-4.162929911871179,-3.2184700490586082,-1.6429345695256523,0.816752298691566,-2.177016893184155,-1.4174948523499016,-3.4697841598796004,-2.612334750538364,-2.6748550684190384,-3.017799555616455,-1.8461627593338505,-0.42867024078881655,-3.623934601611989,3.194987798819748
CRR1090916,1,-3.6260699179607303,9.333817470142368,5.035741534742285,9.87918330400705,3.6563952398579547,2.3513667199655788,6.888171194862297,5.831798522234511,4.547665274892245,4.228309864675581,8.300128653448185,-0.003636953657416681,0.14504623871450636,1.3826573788365204,-3.7802203596931188,-1.8107811473347768,-3.087074012465465,-3.7802203596931188,-4.185684634469686,3.170752373339886,-1.6700086239916254,6.685254685960519,-0.45398762328945874,-0.2587754672835818,-1.2346906240350157,2.05993502233211,-3.7001777802245055,2.954567792735186,0.8577379985817175,-2.9692910694016015,-2.8311408265001683,2.0030902090519453,1.5172616677813462,5.400225987924473,0.27734331317885086,-1.9746689610254406,-2.204685320772451,-2.709780043228575,-3.867231585167861,-2.62754199010436,-2.3333026512652855,3.8539540107526724,-1.7764920816951812,-2.031021881694107,-0.003636953657416681,3.892846044759185,5.433844727524646,-3.7802203596931188,-4.067901876590424,-4.655686763720296,-3.269395402592906,-2.709780043228575,-0.6021681265660089,-3.3747558071397386,-1.7992203276067822,0.6604665406104362,-2.3333026512652855,-1.5737806104310315,-3.6260699179607303,-2.7686205086194944,-2.8311408265001683,-3.174085313697585,-2.0024485174149804,-0.5849559988699464,-3.7802203596931188,-0.4936874907110871
CRR1090917,0,-2.8892059930346803,10.33808157690671,-2.0019036383690643,10.208406484452512,7.316314077963401,4.907438028347545,4.92097145545041,7.442740709673676,6.527217535793578,5.497584168480243,8.050152914207938,-3.2256776582283013,0.8819101636405564,-3.0433564347670687,-3.0433564347670687,-1.0739172224087268,-2.3502100875394154,-3.0433564347670687,2.302955471326757,7.071706366113967,-0.9331446990655753,9.357742531208132,0.2828763016365913,0.4780884576424682,-0.49782669910896593,-2.0625282234208155,-2.9633138552984555,-0.7575799572631711,-2.6378918822136885,-2.2324271444755515,-2.0942769015741183,-2.9633138552984555,-3.2256776582283013,-2.8892059930346803,-0.9956650430133507,-1.2378050360993909,-1.4678213958464008,-1.972916118302525,-3.130367660241811,0.8382057308753512,-1.5964387263392354,4.33783241313532,-1.0396281567691312,-1.294157956768057,0.7332269712686333,-2.0942769015741183,-1.1588166455888005,-3.0433564347670687,-3.331037951664374,-3.9188228387942465,-2.532531477666856,-1.972916118302525,-3.582351745026258,-2.6378918822136885,-1.0623564026807322,1.3973304655364862,-1.5964387263392354,-0.8369166855049814,-2.8892059930346803,-2.0317565836934444,-2.0942769015741183,-2.437221388771535,-1.2655845924889304,0.15190792605610354,-3.0433564347670687,5.1493968209791845
CRR1090918,1,-3.644649396037654,9.373761202531682,6.211887368512471,9.432080496553208,-3.3933352852166623,5.365233114838916,5.0591404806064695,3.9947165687393458,5.1054212331597535,6.464316619923333,6.733214704367459,1.749625868146033,0.1264667606375827,1.8808021202152414,-3.7987998377700425,-1.8293606254117005,4.001566379749035,-3.7987998377700425,4.00864075793202,4.8729422871151025,-1.688588102068549,-2.332464051026583,-0.47256710136638247,-0.2773549453605054,-1.2532701021119395,-2.8179716264237893,-3.7187572583014292,-1.5130233602661447,-3.3933352852166623,-1.4316777340537155,1.6692586437321595,3.1112843915478856,-3.9811210612312746,5.309044610791117,2.398321283037982,-1.9932484391023642,-2.2232647988493746,-2.7283595213054985,-3.8858110632447844,-2.6461214681812835,-2.351882129342209,4.591164192875092,-1.795071559772105,2.4453653994646616,-0.022216431734340347,4.325546610722585,-1.9142600485917742,-3.7987998377700425,-4.086481354667348,-4.67426624179722,-3.2879748806698297,8.784182441790673,-4.337795148029231,-3.3933352852166623,-1.817799805683706,0.6418870625335126,-2.351882129342209,-1.5923600885079552,-3.644649396037654,-2.7871999866964177,-2.849720304577092,-3.192664791774509,-2.021027995491904,-0.60353547694687,-3.7987998377700425,-0.5122669687880107
CRR1090919,1,0.5434148913400721,8.50695930580537,5.597909384033944,8.911616382522109,1.8169215163334291,5.8643415260366645,5.601924868238584,4.044609828410646,3.2421257341171166,4.522931195135305,7.518587597520144,-1.0064394851722245,-0.6075317937350895,-0.696938378374188,-1.0212545702257292,-2.5633591797843724,-3.839652044915061,-2.741040311802198,1.643759975439273,3.6514347157518583,5.38794603799621,-3.0664626053992547,2.9736085552215736,-1.0113534997331777,-1.9872686564846116,2.299872415846411,-4.452755812674101,-2.247021914638817,0.7444639070528501,-3.721869101851197,-3.5837188589497644,-4.452755812674101,-4.715119615603947,6.706900545030546,0.27258618749316854,-2.7272469934750365,-2.957263353222047,-1.5287688997946818,-4.619809617617457,-2.6869731051518015,-3.085880683714881,3.143132567357178,-0.5254668432724918,3.7378530039141693,2.9490372945138525,5.503293458349141,-2.6482586029644466,-4.532798392142714,-4.82047990904002,-5.408264796169892,-4.021973435042502,2.10990401795369,0.09053744750215979,-4.127333839589334,-2.551798360056378,-0.09211149183915962,-3.085880683714881,0.9826427934355988,-4.378647950410326,-3.52119854106909,2.923461911870844,1.537937673043612,-2.755026549864576,2.659632784859388,-2.453358308794845,-1.246265523160683
CRR1090920,1,-3.4495898765079382,9.968364914822557,1.1147569012704421,9.620507780360047,-3.1982757656869465,5.624471048768923,6.111395878198831,3.8166373007821055,4.287214731856833,5.418982842016575,7.651690000728563,1.888633358924963,0.32152628016729834,3.2244288165384183,-3.6037403182403267,-1.6343011058819847,-2.9105939710126734,-3.6037403182403267,2.2984358759314207,-1.1328214362472835,-1.4935285825388334,-2.137404531496867,-0.2775075818366667,-0.08229542583078972,-1.0582105825822237,-2.6229121068940735,-3.5236977387717134,-1.3179638407364291,-3.1982757656869465,-2.7928110279488094,-2.6546607850473762,-3.5236977387717134,-3.786061541701559,8.104885945206615,3.0127693322885425,-1.7981889195726488,-2.0282052793196588,-2.533300001775783,5.5938676947605614,5.444549935312165,-2.1568226098124934,5.604362556296041,-1.6000120402423892,3.8987204027427653,0.17284308779537547,-2.6546607850473762,-1.7192005290620584,1.1087867343730458,2.71642661217648,-4.479206722267504,-3.092915361140114,-2.533300001775783,0.9812255107717697,-3.1982757656869465,-1.6227402861539901,0.8369465820632283,-2.1568226098124934,-1.3973005689782394,-3.4495898765079382,-2.5921404671667023,-2.6546607850473762,-2.997605272244793,-1.8259684759621884,-0.4084759574171544,-3.6037403182403267,-0.31720744925829497
CRR1090921,1,-5.004324006479002,7.63478208900598,-4.117021651813387,7.8874272958363605,-4.7530098956580105,4.02157685633285,4.226279642462362,4.12362662348153,3.028684064010929,3.7053753543273293,4.587480049770275,-5.340795671672623,-1.2332078498037655,-4.1776462368651375,0.3263208255296157,0.3709529792485113,-4.465328100983737,-5.158474448211391,-5.563938722987958,3.6926623136996852,5.223504967213733,-3.692138661467931,3.9177993890594256,4.487599888333724,-2.6129447125532876,-4.1776462368651375,0.686034024100905,-2.8726979707074927,0.9470608922086334,2.75875661131309,-0.3462917459541157,-0.624086093060537,-3.731359359236603,3.8809573053185433,-0.8957962143611751,0.9222195697702317,3.245884268638373,-2.9429022170540873,-1.8876404877866195,-4.005796078622632,4.490108435392215,2.3403013307886704,0.3352709712720716,3.2563151432907635,3.9558304824135457,3.236097363368476,4.1291801736858265,-5.158474448211391,-2.791352344495064,-6.033940852238568,-0.21921747168946645,4.039859150140762,-2.1299539378545287,-0.2693808927674573,-1.8750617063708985,0.46373471211344847,-3.7115567397835574,-1.9263549974689755,-3.5162480570389842,2.266285647940378,3.2396707436341297,3.0114737061032493,-0.2108989449132304,-1.9632100873882181,-5.158474448211391,-1.8719415792293588
CRR1090922,1,-2.289312960590002,11.406657843529224,-1.4020106059243858,10.764693056727834,-2.03799884976901,-1.7094950939077875,5.660734748403391,0.6399728613213034,7.942695515946285,7.782317313103126,-0.07634129860606331,-2.6257846257836226,1.481803196085235,2.7001459175270135,-2.44346340232239,-0.47402418996404827,-1.7503170550947367,-2.44346340232239,1.5077786816450407,0.02745547967065291,-0.3332516666208968,-0.9771276155789306,0.8827693340812697,1.0779814900871467,0.1020663333357128,-1.462635190976137,-2.3634208228537767,-0.15768692481849256,-2.03799884976901,-1.6325341120308727,-1.4943838691294398,-2.3634208228537767,-2.6257846257836226,6.374992536100244,-0.3957720105686721,-0.6379120036547121,-0.8679283634017224,-1.3730230858578465,-2.5304746277971324,-1.2907850327336314,3.9169734805270773,0.9577323682300412,-0.4397351243244528,-0.6942649243233786,1.333120003713312,-1.4943838691294398,-0.5589236131441221,-2.44346340232239,-2.731144919219696,-3.318929806349568,-1.9326384452221772,-1.3730230858578465,0.5269494820521148,-2.03799884976901,-0.46246337023605366,1.9972234979811647,-0.9965456938945567,-0.23702365306030299,-2.289312960590002,-1.4318635512487656,-1.4943838691294398,-1.8373283563268568,-0.6656915600442518,0.7518009585007822,-2.44346340232239,0.8430694666596414
CRR1090928,1,-5.104881327657186,7.968112389961739,3.88980380350452,7.714135182857834,4.878023133345044,2.071153317023099,0.5640124643591335,4.1928141713834055,3.644623248837052,6.126249927010022,3.958514234336153,-2.3594449313106476,1.4879660660052216,1.2417556111966095,-5.259031769389574,1.42682751309424,-4.56588542216192,-5.259031769389574,0.11855711908592229,2.552670052278,4.111397085127021,4.6943468472832075,-1.1079935039094868,4.609793656303924,2.3536328912310602,3.153391657152648,1.972253569478745,-2.973255291885676,0.43188892849920685,1.7700541295710428,-4.309952236196623,-5.17898918992096,-1.5174033770296953,-5.104881327657186,2.0829903450506846,1.27062868404747,-3.6834967304689057,-4.18859145292503,0.07126698441726077,1.556606555846965,6.298728355229196,-3.633065893800742,1.810557206930726,-3.5098332913905623,5.507122528137189,4.904655787882991,-3.3744919802113054,-5.259031769389574,-1.1079935039094868,-6.134498173416751,-4.748206812289361,5.454398661935596,-2.5964454927503358,0.9244279368092929,2.6319232807075865,0.44252434914716704,-3.8121140609617403,-3.052592020127486,-0.24617837413380855,-4.247431918315949,-4.309952236196623,-4.65289672339404,-3.4812599271114353,4.122553502031773,-5.259031769389574,-1.972498900407542
CRR1090932,0,-2.82980719385101,9.311678262767812,-0.9470771575963559,8.254296833879259,-2.5784930830300183,-2.249989327168796,8.257314907364167,0.09947862806029494,8.139770486760382,9.685218755280033,9.974781399503156,0.7049201935319254,0.9413089628242264,4.682496788813302,-2.9839576355833985,-1.0145184232250566,-2.290811288355745,-2.9839576355833985,4.9605328622744995,5.6463542197345085,-0.8737458998819053,-1.5176218488399391,0.3422751008202613,0.5374872568261384,-0.43842789992529574,-2.0031294242371454,-2.9039150561147853,-0.698181158079501,-2.5784930830300183,-2.1730283452918813,-2.034878102390448,-2.9039150561147853,-3.166278859044631,9.636775473279837,-0.9362662438296806,-1.1784062369157207,-1.4084225966627308,-1.913517319118855,-3.070968861058141,-1.8312792659946402,-1.5370399271555653,-1.357991759994567,-0.9802293575854613,-1.234759157584387,0.7926257704523034,-2.034878102390448,-1.0994178464051305,-2.9839576355833985,-3.271639152480704,2.881091324731779,1.9274693540340695,-1.913517319118855,-3.522952945842588,-2.5784930830300183,-1.002957603497062,1.4567292647201562,-1.5370399271555653,-0.7775178863213115,-2.82980719385101,-1.9723577845097742,-2.034878102390448,-2.377822589587865,-1.2061857933052602,0.21130672523977373,-2.9839576355833985,0.30257523339863307
CRR1090935,1,-5.380651435973913,6.565132358397778,5.868264270956741,7.977804811481453,4.4255919277491715,0.008418871795336853,3.3911603968274653,5.191542795282749,5.158897401595312,-0.16882752156156586,4.623222862087681,-0.2482214256102604,1.4571396865676802,0.05244512027086747,0.1373735966032356,-3.5653626653479593,1.6094720842820223,-5.534801877706301,1.5562450427123466,2.1516648042651436,6.37223506047442,-4.068466090962842,1.6000873085223262,3.8150668591774872,-2.9892721420481982,-4.553973666360048,-0.520840449108452,-0.1366408353123485,2.387940839872999,0.48338407693395125,-4.585722344513351,-5.454759298237688,-1.7736033899183279,2.2570635688089458,-0.2851513410559174,0.5113859063704225,3.1387094015847072,-3.771214666395976,-5.621813103181044,-4.382123508117543,4.119260647936798,-3.9088360021174697,-3.531073599708364,1.1892291989037789,3.1189580901174594,3.9719184491318167,4.560543269507777,-0.6532650331897554,-5.129337325152921,-3.152175589857855,-0.6736999713430616,0.5610210218143992,-6.073797187965491,-0.8312974425568861,-3.5538018456199647,1.4191989873672202,3.879959566385973,0.8783821541525595,-5.380651435973913,4.5265990226284245,1.7895765640765013,-4.928666831710768,-3.757030035428163,-2.339537516883129,-1.5520114369993259,-2.24826900872427
CRR1090936,1,2.1966179745254806,8.849063169201944,5.689718093099735,8.875947999422852,2.257367176816363,5.278514061894124,5.686898880059088,4.789815785673305,5.935029336161491,4.358426992677395,8.821537910852415,-4.297133868353924,-0.18954604648506668,-1.7321863570442457,-4.114812644892692,-2.14537343253435,-3.421666297665038,-4.114812644892692,1.1692350916454473,1.8214017657228803,-2.0046009091911983,-2.648476858149232,-0.7885799084890318,-0.5933677524831549,-1.5692829092345888,-3.1339844335464386,-4.034770065424079,-0.23325047925027168,-3.7093480923393116,-3.3038833546011745,3.133215491181077,1.4490673285780054,0.057005588539361954,7.324721128618796,-0.5038963538687012,3.0123442004609835,7.32992509923567,-3.0443723284281483,4.7784151775044785,-2.9621342753039333,5.417512936682769,2.9206009920436813,-2.1110843668947545,-2.3656141668936805,-0.3382292388569897,-3.1657331116997414,3.3346836947944354,-0.08649082076007295,-0.24361326592785731,-4.990279048919869,-3.603987687792479,-3.0443723284281483,-4.653807955151881,-3.016201467334459,-2.1338126128063553,0.325874255410863,-2.667894936464858,-1.9083728956306045,-3.9606622031603034,-3.1032127938190674,-3.1657331116997414,-3.508677598897158,-2.3370408026145535,-0.9195482840695194,-4.114812644892692,-0.82827977591066
CRR1090939,1,-3.1541396214639232,8.667040875633782,2.26005278026083,10.581435675283233,6.67443821025429,2.423970221516048,4.826273587837951,0.4682933428393903,8.526003211320155,2.5048432867020547,8.26086913052126,3.06531243622767,4.409059543065469,3.385857704350384,-3.3082900631963117,-1.3388508508379697,-2.6151437159686584,-3.3082900631963117,3.557425539511872,-0.8373711812032687,-1.1980783274948184,-1.8419542764528523,0.017942673207348242,0.2131548292132253,-0.7627603275382089,-2.3274618518500585,-3.2282474837276984,3.098588258958,-2.9028255106429315,-2.4973607729047944,-2.3592105300033612,-3.2282474837276984,-3.4906112866575443,6.198021253008076,-1.2605986714425939,-1.5027386645286336,-1.732755024275644,-2.237849746731768,-3.395301288671054,-2.155611693607553,-1.8613723547684784,-1.6823241876074801,-1.3045617851983744,3.412330437339017,0.4682933428393903,-2.3592105300033612,-1.4237502740180437,-3.3082900631963117,-3.595971580093617,-4.183756467223489,3.6938642260585617,-2.237849746731768,1.714491709147262,-2.9028255106429315,-1.3272900311099751,1.132396837107243,-1.8613723547684784,-1.1018503139342244,-3.1541396214639232,-2.2966902121226873,-2.3592105300033612,-2.702155017200778,-1.5305182209181734,-0.11302570237313933,2.451661021513767,-0.0217571942142801
CRR1090940,1,-4.096832984099248,8.34476084644453,4.678516405730187,9.197838664975674,-3.8455188732782566,2.3977835469151425,5.83144330874337,3.1352792098075137,4.254337926686149,1.379031237900538,7.169947517608897,-0.8894529094237246,-0.325716827424012,1.8787910740370262,0.41088045291575287,2.0281615301878477,-3.5578370786039835,-2.0915006508358687,1.459993654545601,3.7272115987580636,7.002832799247113,-2.7846476390881776,3.1256273264715726,5.156113786985663,-1.7054536901735342,-3.270155214485384,-4.170940846363024,1.569097842801045,0.4881330805781744,-3.44005413554012,1.9589454197231275,-0.8779585306586004,-4.43330464929287,-4.096832984099248,-0.07659779696025273,2.460146847009217,5.368591047594318,-3.1805431093670933,-4.33799465130638,-3.0983050562428787,-2.8040657174038035,3.6909032121118166,-2.2472551478336995,-2.5017849478326255,-0.47440001979593505,4.198714103912715,-2.366443636653369,-4.250983425831637,-4.538664942728943,-5.126449829858815,0.3624839128347967,-3.1805431093670933,1.189265777170446,-3.8455188732782566,-0.03393135171235093,0.1897034744719177,-2.8040657174038035,-2.0445436765695497,-4.096832984099248,-3.239383574758013,-3.3019038926386868,2.652260032681536,2.600199836760496,-1.0557190650084647,1.2495926212562591,-0.9644505568496055
CRR1090941,0,-3.3769753978732315,8.477495731366448,0.2902411673854669,9.482204180510882,3.908823423192279,6.256836955103229,6.159259643381817,-0.4476895759619264,8.447742318591551,8.622613586778806,9.806787745119022,2.9535077319088834,0.39414075880200516,4.091944060107292,-3.53112583960562,-1.561686627247278,-2.837979492377966,-3.53112583960562,3.6359103719273302,4.320533672266876,-1.4209141039041264,-2.0647900528621603,-0.20489310320195997,-0.009680947196082954,-0.9855961039475171,-2.550297628259367,-3.4510832601370063,-1.2453493621017222,3.900073428820791,-2.7201965493141027,-2.5820463064126695,0.738569966739087,-3.7134470630668526,-1.4942453616185771,-1.483434447851902,-1.7255744409379419,-1.955590800684952,-2.460685523141076,-3.6181370650803624,-2.3784474700168614,-2.0842081311777867,3.868372509683702,-1.5273975616076825,-1.7819273616066083,0.2454575664300821,-2.5820463064126695,-1.6465860504273517,-3.53112583960562,3.486975831372642,3.7987314675092017,2.5924611974150924,-2.460685523141076,-4.070121149864809,-3.12566128705224,-1.5501258075192834,0.9095610606979349,-2.0842081311777867,-1.3246860903435327,-3.3769753978732315,-2.5195259885319956,-2.5820463064126695,-2.9249907936100863,-1.7533539973274817,-0.3358614787824476,-3.53112583960562,-0.2445929706235883
CRR1090944,0,-3.1290715817729393,9.791353918493785,-2.2417692271073233,10.54283240101836,1.3085234923772366,2.114939018888625,6.700252722512383,5.869099075612626,4.984952432440997,-1.1831626572064222,5.348339311358354,0.15076356807797997,3.303637384450903,1.915273350303323,-3.2832220235053278,-1.3137828111469858,-2.5900756762776744,-3.2832220235053278,1.8844153622319908,4.0385158622296515,5.02555034574038,-1.8168862367618681,0.04301071289833224,4.188234253126786,-0.7376922878472248,1.343381792850764,-3.2031794440367145,5.177187487499456,2.7582207932059326,-2.4722927332138105,-2.3341424903123773,-3.2031794440367145,-3.4655432469665604,5.258109115757494,-1.2355306317516097,-1.4776706248376497,-1.7076869845846598,-2.212781707040784,-3.37023324898007,-2.130543653916569,6.17928815025965,-1.657256147916496,-1.2794937455073903,-1.5340235455063163,0.4933613825303743,-2.3341424903123773,-1.3986822343270597,-3.2832220235053278,-3.5709035404026332,-4.158688427532505,-2.772397066405115,-2.212781707040784,0.04301071289833224,0.47409296440706405,-1.3022219914189912,1.157464876798227,-1.8363043150774943,-1.0767822742432407,-3.1290715817729393,-2.2716221724317034,-2.3341424903123773,-2.677086977509794,-1.5054501812271894,-0.0879576626821554,-3.2832220235053278,0.003310845476703878
CRR1090946,1,0.008395367057509092,7.806715841543503,5.648936118279901,8.182848903268223,1.8894193425313737,3.910681331110825,2.9747777494962424,4.5080630880406085,2.441095888877601,6.52757359732783,5.134486028151412,0.5383793536330423,-1.2739993752735812,0.25033918091110213,-5.199265973681206,-3.2298267613228644,-4.506119626453553,-2.572186381296021,-0.09838545825016631,3.383401133340872,-3.0890542379797132,5.2466604753733295,2.4567541192053213,2.014746097887363,-1.9605891228226289,1.9203679990195874,-5.119223394212593,-2.913489496177309,1.0269395972139521,1.4940560299887269,-0.8817795045879522,0.06169394830830254,-4.6884410165809935,4.404498996238563,-0.19644051749983216,-3.3937145750135285,3.5381582034254357,-4.128825657216662,-5.286277199155949,-4.046587604092448,2.6400609946975204,1.887191549911611,1.2103588484068006,1.9186134942193627,4.275959453179505,4.377496666137502,-3.314726184502938,0.43492655345892756,-5.486947490578512,-1.2772942710618704,-1.3852250065138367,5.08454383494844,-5.738261283940396,-4.793801421127826,1.8515773725479463,1.011667056054999,-3.7523482652533726,-0.7200386588126485,-5.045115531948818,-4.187666122607582,-4.250186440488256,1.5912044798949831,-0.6939177712243979,-2.004001612858034,-4.506119626453553,-1.9127331046991747
CRR1090947,1,-0.006441231436363194,8.554730001887906,6.3055931360459825,9.2156020676224,4.056600847712252,3.9443941803872065,3.864907151175133,4.810773378824232,6.790097822794768,3.12060887922824,8.409530641080114,2.3057671982276227,-0.3391469759522681,3.157360553616286,-4.264413574359893,-2.2949743620015512,-3.5712672271322394,-4.264413574359893,2.428081982983716,5.219330778610781,-2.1542018386583996,-2.7980777876164336,-0.9381808379562333,-0.7429686819503561,-1.7188838387017902,-3.28358536301364,-4.18437099489128,-1.9786370968559954,-3.858949021806513,1.0658851794469413,1.200122536494617,1.4293169033892008,-4.446734797821126,2.8659501149990767,-1.523575109573094,-2.4588621756922153,-2.6888785354392253,-3.1939732578953497,3.2101678527837785,-3.1117352047711346,4.828173344993851,2.5617683860714724,-2.260685296361956,2.432207401367352,-0.48783016832419124,-3.3153340411669427,-2.379873785181625,0.6652510025856101,-4.552095091257199,-0.18405689260879662,1.9561749323880204,6.686049142026253,-4.803408884619083,-3.858949021806513,-2.2834135422735566,0.1762733259436618,-2.81749586593206,-2.0579738250978057,-4.110263132627504,-3.252813723286269,-3.3153340411669427,-3.6582785283643595,-2.486641732081755,-1.0691492135367209,0.4330302362696592,-0.9778807053778615
CRR1090949,1,-2.9944553049419467,9.14076263759226,0.7466085076704565,9.480415469460002,-2.7431411941209545,3.6619024830405733,4.463894182869544,6.008683737722501,6.357941080931723,6.019573264412944,9.29461556231224,3.485149522468687,0.7766608517332902,3.8107911003771417,-3.148605746674335,-1.1791665343159927,-2.4554593994466813,-3.148605746674335,-3.554070021450902,4.914192996870109,-1.0383940109728413,-1.682269959930875,0.17762698972932506,0.3728391457352022,-0.6030760110162319,-2.1677775353280815,-3.0685631672057214,-0.8628292691704371,-2.7431411941209545,2.7055089473972602,-2.1995262134813847,4.328148054403072,-3.3309269701355673,-2.9944553049419467,-0.08055440068661888,-1.3430543480066568,-1.573070707753667,-2.078165430209791,-3.235616972149077,-1.9959273770855763,10.47392076263822,4.518472848765003,-1.1448774686763974,-1.3994072686753234,0.6279776593613673,-2.1995262134813847,-1.2640659574960667,-3.148605746674335,-3.4362872635716406,-4.024072150701513,0.7086073908048053,-2.078165430209791,-3.687601056933524,-2.7431411941209545,-1.1676057145879981,1.29208115362922,-1.7016880382465014,-0.9421659974122475,-2.9944553049419467,-2.1370058956007103,-2.1995262134813847,-2.5424707006788014,-1.3708339043961966,0.046658614148837485,-3.148605746674335,0.13792712230769683
CRR1090950,1,-3.97224496230448,8.672115286392097,6.386851524504403,9.373648805317506,-3.7209308514834882,1.9861783058462927,4.891773408627246,4.0696262045609,4.388727315879003,6.4708749593187616,4.179210518645489,3.443014722608558,-0.2011288056292433,-1.4522483063330955,-4.126395404036868,-2.1569561916785265,-3.4332490568092147,-4.126395404036868,0.9895987490519356,3.963443213358962,-2.016183668335375,6.275529709999546,-0.8001626676332085,-0.6049505116273314,2.1047403329499446,-3.1455671926906152,-4.046352824568255,-1.8406189265329707,-3.7209308514834882,3.070539158103635,-3.177315870843918,1.8311659290404991,-0.6554662992118456,0.6329238093989176,-2.07870401228315,-2.3208440053691906,5.568003916622584,-3.055955087572325,-4.213406629511611,1.3324789790657108,-2.679477695609035,3.1216327320369004,-2.122667126038931,-2.3771969260378567,-0.3498119980011663,3.682332236719209,-2.2418556148586,0.6386218304323863,-4.414076920934174,-1.0898427226279035,1.3910558324560016,7.101895003216475,1.225461070672814,-3.7209308514834882,-2.145395371950532,0.31429149626668645,-2.679477695609035,-1.9199556547747811,-3.97224496230448,-3.114795552963244,-3.177315870843918,2.0113299869837995,-2.34862356175873,-0.9311310432136961,-4.126395404036868,-0.8398625350548368
CRR1090956,1,0.3264850673291562,8.167903141052388,3.666572359995908,9.023584941923728,2.428399439924182,3.7865229214980114,7.64013147162262,1.782718799753455,2.15906650721383,8.369336112544573,1.5669979645264225,-3.927706224245931,0.17988159762292666,-3.7453850007846983,-3.7453850007846983,-1.7759457884263563,-3.052238653557045,-3.7453850007846983,-4.150849275561265,5.865194076439897,-1.635173265083205,-2.2790492140412386,2.187300513374419,5.080173187855756,-1.1998552651265955,2.6247996656437262,1.3785773218739175,1.8505631085911283,0.7979081325505238,-2.934455710493181,-2.7963054675917483,-3.665342421316085,-3.927706224245931,6.968397567365932,1.9483454769643955,0.06127585935737979,-2.1698499618640303,-2.6749446843201548,-3.8323962262594407,-2.5927066311959397,-2.298467292356865,-2.1194191251958667,-1.741656722786761,-1.9961865227856868,3.154000363542316,3.5439962979643846,-1.86084521160643,-3.7453850007846983,-4.033066517682004,-4.620851404811876,0.9980951488494152,6.174376056470236,1.4419991477017655,0.41609722358377854,-1.764384968698362,0.6953018995188566,2.392700296662889,-1.538945251522611,-3.59123455905231,-2.733785149711074,-2.7963054675917483,-3.139249954789165,-1.96761315850656,1.325611786833621,-3.7453850007846983,-0.4588521318026667
CRR1090958,1,-4.498015066528643,8.187321224084592,-0.05200951401134395,8.082408425612694,1.313552126705146,1.4732453483357262,4.6920628589674545,4.451163173739044,5.421815330632178,7.02020492154457,4.0923209391921755,-0.5331299730135667,-0.7268989098534064,0.6436470697578274,-4.652165508261032,-0.5196708200018652,-3.9590191610333783,-4.652165508261032,2.0722660489302913,0.7459955341329212,5.2156500212279155,-3.185829721517572,0.8312456822236147,1.472880850428882,0.26415745190871676,-3.6713372969147784,-4.572122928792418,-0.763754001007605,1.2367107880233763,-2.1954312592478726,-3.703085975068081,-2.8604074279205154,-1.2621430376825058,3.9873911312585197,-1.3440601553545581,0.7361432377645776,1.599736711450883,-3.581725191796488,-4.739176733735774,-0.4574746137442991,-3.205247799833198,1.6559312696190438,4.273154242239207,-2.90296703026202,1.1114553053187708,6.329474824403883,4.184327872939383,-4.652165508261032,-4.939847025158337,-5.527631912288209,-2.383483461194167,7.564401856970292,-5.1911608185202205,-0.6238436841284126,-2.671165476174695,1.7414235818113901,1.1836177512026882,2.917846432441503,-4.498015066528643,1.956058348605039,-3.703085975068081,2.2660333635667147,-2.8743936659828933,-1.4569011474378593,-0.7984797111754385,-1.365632639279
CRR1090960,0,-3.675415059566171,8.31006826617669,3.6395167179081476,9.380111484695865,5.38605920860737,2.8717787607440153,5.495544301072927,8.458871637786135,6.302628425425208,4.627840633070231,9.512494097940207,-4.011886724759792,0.09570109710906541,2.392347508949859,-3.8295655012985597,-1.860126288940218,-3.1364191540709063,-3.8295655012985597,-1.4166338685472062,3.569525059220107,-1.7193537655970663,-2.3632297145551,-0.5033327648948998,-0.3081206088890227,-1.2840357656404568,1.3716884949238042,-3.7495229218299464,1.5693494046761098,-3.4241009487451795,2.849403681909122,2.875459746487915,4.7328224365572655,-4.011886724759792,1.7998508973879415,3.065271720773406,2.6381315607285076,-2.2540304623778917,-2.759125184834016,-3.916576726773302,-2.676887131709801,-2.3826477928707264,2.890250817449972,-1.8258372233006224,-2.0803670232995484,-0.05298209526285767,-2.8804859681056096,-1.9450257121202916,-3.8295655012985597,1.6475934979704698,-4.705031905325737,1.2834241428000357,-2.759125184834016,2.5102040763535367,-3.4241009487451795,-1.848565469212223,0.6111213990049951,-2.3826477928707264,-1.6231257520364726,-3.675415059566171,-2.8179656502249353,-2.8804859681056096,-3.223430455303026,-2.0517936590204213,-0.6343011404753873,-3.8295655012985597,1.6952215466356015
CRR1090967,0,-3.547279253182912,8.787901720366904,6.588174234706313,9.795120629525998,8.150650828794397,3.756947012002599,7.342652465463766,2.6876901139873084,6.424319354909177,8.4310494606284,7.9864860866025476,2.230813830288299,0.2238369034923245,4.260810148607732,-3.7014296949153005,-1.7319904825569588,-3.008283347687647,-3.7014296949153005,2.730704552051871,5.675214096821916,-1.5912179592138072,-2.235093908171841,-0.37519695851164064,-0.17998480250576365,-1.1558999592571977,-2.7206014835690473,-3.6213871154466872,-1.415653217411403,-3.2959651423619203,-2.890500404623783,-2.7523501617223505,-3.6213871154466872,-3.883750918376533,6.514949034474311,-1.6537383031615824,-1.8958782962476226,-2.1258946559946326,-2.630989378450757,-3.788440920390043,-2.548751325326542,-2.254511986487467,3.155030624768394,-1.6977014169173632,-1.9522312169162892,0.07515371112040146,-2.7523501617223505,-1.8168899057370325,-3.7014296949153005,-3.9891112118126064,2.1001833673504406,2.191593117311852,-2.630989378450757,2.5935270925712484,-3.2959651423619203,-1.720429662828964,0.7392572053882543,-2.254511986487467,-1.4949899456532134,-3.547279253182912,-2.689829843841676,-2.7523501617223505,-3.095294648919767,-1.9236578526371622,-0.5061653340921283,2.121614538833407,-0.4148968259332689
CRR1090968,1,-3.62704605262507,9.084535113478458,4.3240087057983425,9.666394005484571,6.535744714938219,5.136246571672162,6.08123299460985,5.4061464913296735,2.075782163471895,9.056766193269695,1.8004166859367208,-1.019080633387098,2.949819941448209,1.5450585823182692,-3.7811964943574585,-1.8117572819991166,-3.088050147129805,-3.7811964943574585,-4.186660769134026,3.232717315286592,-0.22109944938136122,5.4631570897018165,-0.45496375795379856,-0.2597516019479216,-1.2356667586993555,-2.8003682830112053,-3.7011539148888453,-1.4954200168535607,1.2856074150447754,2.0560462642636144,-2.832116961164508,-3.7011539148888453,2.8220679294511255,4.823639540550909,0.7917931438128234,0.8567618639173777,-2.2056614554367906,-2.710756177892915,-3.868207719832201,-2.6285181247687,-2.3342787859296252,-2.155230618768627,-1.7774682163595212,-2.0319980163584472,0.6885340731542198,4.475236143717233,6.855790457087431,-3.7811964943574585,-4.068878011254764,-4.656662898384636,-0.7209272882061772,-2.710756177892915,-1.2035096512014993,-3.3757319418040783,-1.800196462271122,0.6594904059460964,-2.3342787859296252,-1.5747567450953712,-3.62704605262507,-2.769596643283834,-2.832116961164508,-3.175061448361925,1.2001227568463912,1.742260766155543,-3.7811964943574585,-0.49466362537542674
