feature,p_value,u_stat,cohens_d,cohens_d_raw,mean_diff,ad_mean,control_mean,direction,p_adj
K00003,0.0011878029613755533,1580.0,0.64269499207164,0.64269499207164,0.20645489037907527,5.364315465961355,5.15786057558228,up,0.007004308942640595
K00012,0.007820012505729959,1501.0,0.40959977943128684,0.40959977943128684,0.14598909702543228,4.949305146720743,4.803316049695311,up,0.023803973252395593
K00016,0.03911651114568102,1420.0,0.35526418148596517,0.35526418148596517,0.1263626276876879,4.905787111787814,4.779424484100126,up,0.07901415077814215
K00031,0.020296073387287956,1455.0,0.5973053207911854,0.5973053207911854,0.09520877108905701,5.193539629559954,5.098330858470897,up,0.047744788021974356
K00048,0.0011278366902231435,1582.0,0.5168646955931139,0.5168646955931139,0.2097919384165472,4.854110016763839,4.6443180783472915,up,0.00686622799834923
K00052,0.0016139135276838994,1568.0,0.42972671146114333,0.42972671146114333,0.15482503312184281,5.007524739315139,4.852699706193296,up,0.00835549720041074
K00053,0.04200321566744913,1416.0,0.4488615683557667,0.4488615683557667,0.0779168070974956,5.489596569078698,5.411679761981202,up,0.08356161664553041
K00057,0.0028457834832734865,1545.0,0.5087376101442855,0.5087376101442855,0.17695135616687452,5.165842952261309,4.988891596094435,up,0.0121895937475721
K00058,0.04748883211082754,1409.0,0.3208522446479351,0.3208522446479351,0.14763747970325092,4.590789508508459,4.443152028805208,up,0.09129797401423717
K00059,0.01767280274862166,1462.0,0.4764271932427242,0.4764271932427242,0.118888132529551,5.859913547498463,5.741025414968912,up,0.04343875815782707
K00067,0.0002577994328329844,1636.0,0.7421972105091905,0.7421972105091905,0.2614661126602771,5.077080287634778,4.815614174974501,up,0.003138946797920134
K00075,0.006268018613311424,1511.0,0.38946816183899524,0.38946816183899524,0.1004428224314351,5.355169124882153,5.254726302450718,up,0.020814253728546776
K00077,0.08469982486753858,1374.0,0.35591980340740026,0.35591980340740026,0.08426158172287668,5.301133243697708,5.216871661974832,up,0.1471337776761073
K00088,6.5121862161638755e-06,1752.0,0.8830274104346073,0.8830274104346073,0.20242400238585034,5.3710780023989,5.16865400001305,up,0.0014272541457092493
K00096,0.015985713501418104,1467.0,0.5456802139588304,0.5456802139588304,0.21245913343778433,4.443866229521502,4.231407096083718,up,0.040503301068140284
K00099,0.003611444720982482,1535.0,0.5825667118537758,0.5825667118537758,0.12316616505781663,5.320972813174788,5.197806648116972,up,0.014050443219206994
K00133,0.003785423694634064,1533.0,0.28681668074118494,0.28681668074118494,0.08264575371548588,5.257570974501622,5.174925220786136,up,0.014470442321057538
K00134,0.004060701463528237,1530.0,0.5607237050473491,0.5607237050473491,0.11657952459454979,5.3943403641819865,5.277760839587437,up,0.01512697570691114
K00145,0.0005493617336653793,1609.0,0.7184361699104523,0.7184361699104523,0.1328249806156645,5.4050511298081245,5.27222614919246,up,0.00460134190936289
K00147,0.0002364670819657711,1639.0,0.5762021032448397,0.5762021032448397,0.2593820454263467,4.935161412327273,4.675779366900926,up,0.0029614686931903715
K00174,0.585607391330863,1214.0,0.03388236323450654,-0.03388236323450654,-0.023567919098201884,4.240882915579982,4.2644508346781835,down,0.6673096981020155
K00175,0.6961752147494252,1193.0,0.045178099567819804,-0.045178099567819804,-0.03615274387609624,4.016642365795254,4.05279510967135,down,0.7603574812254935
K00215,0.009707816320665126,1491.0,0.5630346075839675,0.5630346075839675,0.10369294162748055,5.362933123440995,5.259240181813515,up,0.028056655959724484
K00243,0.00019867593544510684,1645.0,0.8708747533129231,0.8708747533129231,0.2693066957426433,4.973468108924114,4.70416141318147,up,0.0028258087845800914
K00249,0.02510493603849428,1444.0,0.5784432044108473,0.5784432044108473,0.27539341598708944,4.688913689562566,4.413520273575476,up,0.05529814219534335
K00262,1.2478663362949381e-05,1733.0,0.842817001619702,0.842817001619702,0.1736898683644199,5.461288615628272,5.287598747263852,up,0.0016409442322278436
K00266,0.0013858276650424817,1574.0,0.5047497727491356,0.5047497727491356,0.17603248077536904,5.5265178974418,5.350485416666431,up,0.007656988989625477
K00286,8.089753384230276e-05,1675.0,0.7584287084975045,0.7584287084975045,0.2175566147818513,5.282440374725705,5.064883759943854,up,0.0023640057111695137
K00287,0.001784653121254149,1564.0,0.5521655142580104,0.5521655142580104,0.10272522595195888,5.226363822048748,5.123638596096789,up,0.008855920205468703
K00290,0.013580078009279626,1475.0,0.5784654345161934,0.5784654345161934,0.17759735527028564,4.84351438018553,4.665917024915244,up,0.03607636885293476
K00297,0.013580078009279626,1475.0,0.48669237948095256,0.48669237948095256,0.1305596876834496,5.146199608552851,5.015639920869401,up,0.03607636885293476
K00384,0.0008910672785896151,1591.0,0.5595615207876176,0.5595615207876176,0.19819518985126905,5.28545020876808,5.087255018916811,up,0.006134834928509653
K00425,0.6745150126805266,1082.0,0.12969522659798077,-0.12969522659798077,-0.0885469275097952,3.7396704357558503,3.8282173632656455,down,0.742870386662389
K00426,0.7908264291084358,1176.0,0.1067235421161775,-0.1067235421161775,-0.08288372264459554,3.6844660384480448,3.7673497610926403,down,0.83933555631767
K00459,0.02069728943010345,1454.0,0.49842901957573604,0.49842901957573604,0.1715905471579715,5.494005926889347,5.322415379731376,up,0.048515036721187225
K00528,0.0030582661645809656,1542.0,0.580267523223227,0.580267523223227,0.16873473827604624,5.011737654522263,4.843002916246217,up,0.012848626218606931
K00548,0.003875239145369697,1532.0,0.5389114484107651,0.5389114484107651,0.1464334354347745,5.123725037044914,4.97729160161014,up,0.014559827074746148
K00549,0.3307830311305391,1272.0,0.3632202342869279,0.3632202342869279,0.09732912331681831,5.297951568479503,5.200622445162685,up,0.4315274662070029
K00554,0.0860382584306389,1373.0,0.33368079086308344,0.33368079086308344,0.05202593893871921,5.4468496750603626,5.394823736121643,up,0.1490649668462321
K00558,0.06441515401499434,1391.0,0.37848571927377067,0.37848571927377067,0.09999352840509879,5.995074611089939,5.8950810826848405,up,0.11732122926553679
K00560,0.1615537110612313,1330.0,0.28343837351302775,0.28343837351302775,0.04138973331107021,5.230778193867819,5.189388460556748,up,0.2464537471525744
K00566,0.07222114784108914,1384.0,0.3228076106376862,0.3228076106376862,0.11619040332840047,5.007570812499767,4.891380409171367,up,0.12938802372075237
K00567,0.007005508501929239,1506.0,0.3985193993369902,0.3985193993369902,0.1651332234600842,4.742985126015067,4.577851902554983,up,0.022038860478557295
K00571,0.6907360373398129,1194.0,0.061781271654838044,0.061781271654838044,0.023391298881430878,4.947764146006202,4.924372847124771,up,0.7575628766487523
K00600,0.9588681540345622,1147.0,0.02281587613737761,0.02281587613737761,0.002940791656451225,5.594350721529147,5.591409929872696,up,0.9714265196883276
K00602,3.845640915624217e-06,1767.0,0.9922474214732643,0.9922474214732643,0.17277806355124437,5.56593040802838,5.393152344477135,up,0.0010857265442721998
K00604,0.00336408412650825,1538.0,0.3991368954467273,0.3991368954467273,0.11818591688054525,5.2192246312283554,5.10103871434781,up,0.0135698485471115
K00609,1.2064419580102241e-05,1734.0,0.9195212258552814,0.9195212258552814,0.2171266124543676,5.3538925133928945,5.136765900938527,up,0.0016409442322278436
K00610,0.0014958701709081766,1571.0,0.5737197914317141,0.5737197914317141,0.10168778375683463,5.084725370321969,4.983037586565135,up,0.008061759322722345
K00611,0.05829117236196044,1397.0,0.37415882543253653,0.37415882543253653,0.12578125852368327,5.294124635274692,5.168343376751008,up,0.1082667961242627
K00615,0.010130838778996596,1489.0,0.4791312811869253,0.4791312811869253,0.13140490139484928,6.348334672909678,6.216929771514828,up,0.029151100644158694
K00616,0.22131456708414765,1306.0,0.20079939979164127,0.20079939979164127,0.08467865108827244,4.95026547886329,4.865586827775018,up,0.31496607761434436
K00620,0.052658852193250644,1403.0,0.4691991926388515,0.4691991926388515,0.12415160279506932,5.305187448841145,5.1810358460460755,up,0.09963509443758935
K00626,0.07339704944640317,1383.0,0.3273211431617604,0.3273211431617604,0.14475072688026902,4.519762557724695,4.375011830844426,up,0.13113739133426652
K00640,0.0013166667534653344,1576.0,0.6890271321879542,0.6890271321879542,0.10827529928268831,5.658290983040062,5.5500156837573735,up,0.007399217011995362
K00645,0.00021059259383182427,1643.0,0.5866851555078844,0.5866851555078844,0.24073056281741856,5.073572096537733,4.832841533720314,up,0.0028258087845800914
K00648,0.00028092629500860747,1633.0,0.6732202451548355,0.6732202451548355,0.24137352817053248,5.108582017618252,4.867208489447719,up,0.003212331112489729
K00651,0.0032851239490646034,1539.0,0.6017673586494923,0.6017673586494923,0.11961314290535441,5.2084534023257225,5.088840259420368,up,0.013333141953765289
K00655,0.0007597856126408055,1597.0,0.6369897065396186,0.6369897065396186,0.13616642824258385,5.734460076941805,5.598293648699221,up,0.005581665254875191
K00656,0.5359903157875145,1224.0,0.23620095029644148,0.23620095029644148,0.045395882542077715,5.563724732001357,5.518328849459279,up,0.6209931852516137
K00661,0.001829857168005606,1563.0,0.600529480214115,0.600529480214115,0.155177839587747,5.587437314227874,5.432259474640127,up,0.008978590208684224
K00677,0.3271327243786284,1273.0,0.06564769948974945,0.06564769948974945,0.0557158386988883,3.9084700676357502,3.852754228936862,up,0.42922902197885504
K00682,0.061289847044753286,1394.0,0.3058335266190658,0.3058335266190658,0.1487148438234991,4.749151694884276,4.600436851060777,up,0.11256445372046169
K00688,0.11486682777124572,925.0,0.22524541731410458,-0.22524541731410458,-0.031946631162822925,6.482472801576009,6.514419432738832,down,0.18717457065574736
K00700,0.002985882373054269,1543.0,0.6725671857858331,0.6725671857858331,0.13219863614207306,5.876651371180692,5.744452735038619,up,0.012625193956805027
K00703,0.08337828484073294,1375.0,0.34446188881497697,0.34446188881497697,0.06414246722203742,5.616162756926247,5.55202028970421,up,0.14560749610300638
K00705,0.09015634379777672,1370.0,0.43323273093848574,0.43323273093848574,0.07465690531425206,6.03676957544953,5.962112670135278,up,0.15517747656292719
K00759,0.0011574609632606166,1581.0,0.6567954406505102,0.6567954406505102,0.1426802415155226,4.848940524627582,4.7062602831120595,up,0.0069184598485805045
K00760,0.13667768398805388,1342.0,0.2985992830832374,0.2985992830832374,0.035429734215845166,5.566332819534547,5.530903085318702,up,0.21498941919173545
K00761,0.17056385638796134,1326.0,0.22877570228989755,0.22877570228989755,0.06299208298432646,5.24205853845235,5.179066455468024,up,0.25633310988590763
K00762,0.00012008858282937398,1662.0,0.8512084885829971,0.8512084885829971,0.11927332940321911,5.465272247147628,5.345998917744409,up,0.002676550617298759
K00763,0.14665762760353065,1337.0,0.41467473247047804,0.41467473247047804,0.05566859369984378,5.573413222685149,5.517744628985305,up,0.22688797682193274
K00764,6.721583152165681e-05,1681.0,0.83199035397254,0.83199035397254,0.15341037150203718,5.8034116972879035,5.650001325785866,up,0.002266379960281505
K00765,0.0001617702777121964,1652.0,0.6557710769069659,0.6557710769069659,0.17298029004569226,5.538865754098413,5.365885464052721,up,0.0028258087845800914
K00766,0.0024607277691069637,1551.0,0.6359591583852399,0.6359591583852399,0.12699088307634376,5.117496166575417,4.990505283499073,up,0.0110438806019647
K00767,0.003875239145369697,1532.0,0.5555337286668445,0.5555337286668445,0.17771471909870495,5.1391556043587245,4.96144088526002,up,0.014559827074746148
K00768,0.03982191538156266,1419.0,0.40544575144226297,0.40544575144226297,0.10307756563981396,4.977844678310238,4.874767112670424,up,0.08007005921522156
K00773,0.0015343038816006468,1570.0,0.5116995339929066,0.5116995339929066,0.15918057016180143,5.126754986320586,4.967574416158785,up,0.008135522598003429
K00783,0.07579583577277392,1381.0,0.31294690375502604,0.31294690375502604,0.04255498274113734,5.4994699051483,5.4569149224071625,up,0.13414740786163892
K00784,4.1282378109209114e-06,1765.0,0.8301856796200903,0.8301856796200903,0.2250334894117243,5.384162609010524,5.159129119598799,up,0.0010857265442721998
K00788,0.015665823431142572,1468.0,0.46010523931952907,0.46010523931952907,0.16182559580402422,5.173819025548246,5.011993429744222,up,0.03984634006180364
K00789,0.5215286126466974,1052.0,0.18270148722572818,-0.18270148722572818,-0.026076638396455465,6.202223947581017,6.228300585977473,down,0.6085271744724109
K00790,0.06335908346654961,1392.0,0.37050420745778273,0.37050420745778273,0.07454129239272067,5.922549920237265,5.8480086278445444,up,0.11587926948332788
K00791,0.001043117592539037,1585.0,0.45115801218030954,0.45115801218030954,0.0968357000529334,5.365362949676078,5.268527249623145,up,0.006626568281105477
K00793,0.06767084999127158,1388.0,0.4482949647527626,0.4482949647527626,0.11522983630352801,5.044735330630111,4.929505494326583,up,0.12223512051994799
K00794,0.02370436508275311,1447.0,0.5916354482275978,0.5916354482275978,0.11936875571814909,4.996937584996419,4.87756882927827,up,0.053375411102432095
K00797,0.36872682878221996,1262.0,0.24238446640723033,0.24238446640723033,0.08120151453428015,4.683129916266804,4.601928401732524,up,0.4657788471168292
K00799,0.9872489197523009,1142.0,0.05300112774792589,-0.05300112774792589,-0.10810978143598904,0.6629125064847234,0.7710222879207125,down,0.9897485804882062
K00800,0.011026421616064845,1485.0,0.4823813959123596,0.4823813959123596,0.0984113963420139,5.364898885055716,5.266487488713702,up,0.030982359882746304
K00806,0.00028092629500860747,1633.0,0.43077367480439627,0.43077367480439627,0.14911964539010025,5.0678955839469975,4.918775938556897,up,0.003212331112489729
K00817,0.0008014063630398325,1595.0,0.5784625793290205,0.5784625793290205,0.2037126744688269,5.232610754068818,5.028898079599991,up,0.005790381139546043
K00820,0.19727662403917245,1315.0,0.3035768613887976,0.3035768613887976,0.042421125134453064,5.742046867326617,5.699625742192164,up,0.2882430673461242
K00821,0.0009643205101045924,1588.0,0.5665063195357546,0.5665063195357546,0.23279945557189752,5.201944603136009,4.969145147564111,up,0.006469803422385404
K00826,0.0004054643979999189,1620.0,0.7664095563370636,0.7664095563370636,0.11516876821059352,5.455934706763818,5.340765938553225,up,0.004101428333614565
K00831,0.8308093797364009,1110.0,0.029032726468927787,-0.029032726468927787,-0.002905036683102047,5.6360015775365255,5.638906614219628,down,0.872615283029846
K00847,0.007162036385610692,1505.0,0.551739556185745,0.551739556185745,0.21473043578917217,5.164285859563073,4.949555423773901,up,0.022317720016772652
K00850,0.0005060003917408402,1612.0,0.6721175645684829,0.6721175645684829,0.2182475291621282,5.038418901984572,4.820171372822444,up,0.004526466089382346
K00852,0.0001313880724692558,1659.0,0.6257783450876553,0.6257783450876553,0.38241553947740714,4.30360629973279,3.921190760255383,up,0.0026996143015167403
K00854,0.005056320815242631,1520.5,0.4568821119967654,0.4568821119967654,0.28746584315243773,4.520103522167423,4.232637679014985,up,0.018068102913163204
K00857,0.4567924900453638,1038.0,0.18953350526402957,-0.18953350526402957,-0.06204967470212441,4.624213332936368,4.686263007638493,down,0.5490695835554419
K00858,0.014441890574405215,1472.0,0.5323378700661403,0.5323378700661403,0.05926987385431026,5.43260957363281,5.3733396997785,up,0.03783084881542402
K00859,0.003697504000681026,1534.0,0.4504913477346709,0.4504913477346709,0.08051492249463443,5.371409050495443,5.290894128000809,up,0.014300640473222204
K00864,0.004455992492299766,1526.0,0.46843323027562145,0.46843323027562145,0.212206268613631,4.989475905454331,4.7772696368407,up,0.0162767503538172
K00865,0.0008451346696014137,1593.0,0.6302068743799925,0.6302068743799925,0.14917587319729542,5.171030130105257,5.021854256907962,up,0.005943059307624915
K00868,0.09886783377544613,1364.0,0.351126523960709,0.351126523960709,0.15559246886908618,4.521163146061533,4.365570677192447,up,0.16625473326689472
K00873,0.7682166094654258,1180.0,0.11979819413867387,0.11979819413867387,0.014889312393646215,5.873802929447595,5.858913617053949,up,0.8219730198918104
K00874,0.01839015270007226,1460.0,0.4506371534009711,0.4506371534009711,0.16949236378876975,5.091456423863754,4.921964060074984,up,0.04445413750109379
K00876,0.8480864929960742,1113.0,0.08407802802547318,-0.08407802802547318,-0.02134049421639972,4.637788002928154,4.659128497144554,down,0.8844042333781423
K00878,0.020296073387287956,1455.0,0.5472046979283122,0.5472046979283122,0.20759386233943555,4.912289817699568,4.704695955360132,up,0.047744788021974356
K00882,0.0021769339394543345,1556.0,0.45045519731329875,0.45045519731329875,0.26820267713744883,4.574856876437057,4.306654199299608,up,0.010115435089690636
K00891,0.0001064426580593614,1666.0,0.7583814804218544,0.7583814804218544,0.19235356821772243,5.792860191489289,5.600506623271567,up,0.0026085816800690124
K00919,0.0002364670819657711,1639.0,0.7175272375439655,0.7175272375439655,0.15605537979388107,5.408931120508249,5.252875740714368,up,0.0029614686931903715
K00925,0.9061600630456974,1123.0,0.030773591889033662,0.030773591889033662,0.005034484324431432,5.671673528334684,5.666639044010252,up,0.9273155508989043
K00926,0.21579932283996206,1308.0,0.14917365792155296,0.14917365792155296,0.042141001544460543,4.942668830569069,4.900527829024608,up,0.31013782462792366
K00927,0.5359903157875145,1055.0,0.10638999165360513,-0.10638999165360513,-0.012035738933175999,5.820047911255716,5.832083650188892,down,0.6209931852516137
K00929,0.6799056906278642,1083.0,0.10542530337405265,-0.10542530337405265,-0.05490762134389371,4.153927493643429,4.208835114987322,down,0.7469306459278542
K00930,0.0011574609632606166,1581.0,0.705227473716321,0.705227473716321,0.16963612098660708,5.289846819790164,5.1202106988035565,up,0.0069184598485805045
K00931,0.0004658470178907673,1615.0,0.7026876858747907,0.7026876858747907,0.21085896788386638,5.095748062316103,4.8848890944322365,up,0.004344601620754319
K00937,0.0001767182536347103,1649.0,0.7280687313813847,0.7280687313813847,0.17135030924032524,5.6020015350747165,5.430651225834391,up,0.0028258087845800914
K00939,0.05927689100064914,1396.0,0.37725080848996473,0.37725080848996473,0.06806034423030649,5.502248961710289,5.4341886174799825,up,0.10963306844705151
K00941,0.017323413315052112,1463.0,0.481552633337398,0.481552633337398,0.18148457340727742,5.099237764089191,4.917753190681913,up,0.04290073165592002
K00942,0.00019867593544510684,1645.0,0.5364530784359617,0.5364530784359617,0.11362958240810794,5.237079130054265,5.123449547646157,up,0.0028258087845800914
K00945,0.04126514248701665,1417.0,0.4300034061742509,0.4300034061742509,0.05924754897362838,5.406144363489525,5.346896814515897,up,0.08246757199153024
K00948,0.013303077568993281,1476.0,0.48032076881435554,0.48032076881435554,0.05756716774346948,5.861735424597204,5.8041682568537345,up,0.03584743238366018
K00949,0.0014583252158154813,1572.0,0.7408845076521892,0.7408845076521892,0.15160243579438681,5.223105306109346,5.071502870314959,up,0.007957251696254598
K00950,0.0002045527639703117,1644.0,0.6924651933958966,0.6924651933958966,0.2251972834990008,4.906734330502907,4.681537047003906,up,0.0028258087845800914
K00954,0.07458856482836067,1382.0,0.20904447923974723,0.20904447923974723,0.02407759986583624,5.459048133110225,5.434970533244389,up,0.13254589560715443
K00957,0.0005493617336653793,1609.0,0.7302785722236322,0.7302785722236322,0.20521208493572107,4.773083830543244,4.567871745607523,up,0.00460134190936289
K00962,0.13863057157027708,1341.0,0.28154731017172524,0.28154731017172524,0.04196752877193255,5.582816042355666,5.540848513583733,up,0.2175408133829527
K00969,3.247344139304164e-05,1704.0,0.6931139244248764,0.6931139244248764,0.13922662523259355,5.273219052910464,5.13399242767787,up,0.0020334559729452265
K00971,0.5359903157875145,1224.0,0.12247517746879166,0.12247517746879166,0.05091976230389328,4.787888307988925,4.7369685456850315,up,0.6209931852516137
K00973,0.011500058415366747,1483.0,0.521463275491981,0.521463275491981,0.14691544681444046,5.357744779077998,5.2108293322635575,up,0.03203935766145608
K00974,0.000265302338753846,1635.0,0.622230803090177,0.622230803090177,0.21124579340134098,5.213521915066605,5.002276121665264,up,0.0031715688678300687
K00975,0.01199166479817229,1481.0,0.5576199176253815,0.5576199176253815,0.16091793534475318,6.157868186463917,5.996950251119164,up,0.033197977283361185
K00980,0.250406352731413,1296.0,0.15635000754450207,0.15635000754450207,0.06862759176836075,4.486647289542018,4.418019697773658,up,0.34661510930716644
K00981,0.03842174743411881,1421.0,0.31561923481893533,0.31561923481893533,0.04133305664772102,5.4599496615811285,5.4186166049334075,up,0.07784991968546415
K00986,0.08207349595185619,1376.0,0.3333693539302151,0.3333693539302151,0.0719301030939592,7.072351621033948,7.000421517939989,up,0.1437105821260864
K00995,0.04053808422794033,1418.0,0.39682458236451534,0.39682458236451534,0.10787976986455572,5.137911520580974,5.030031750716418,up,0.08126155603619137
K01000,0.05927689100064914,1396.0,0.28923069003612534,0.28923069003612534,0.07635568533986614,5.1623954490196,5.086039763679734,up,0.10963306844705151
K01005,0.3271327243786284,1273.0,0.15915671133941553,0.15915671133941553,0.03208279713304396,6.370478510098421,6.338395712965377,up,0.42922902197885504
K01006,0.6799056906278642,1083.0,0.04906258492190405,-0.04906258492190405,-0.006794310348110066,5.680490199884369,5.687284510232479,down,0.7469306459278542
K01012,0.00240139605001575,1552.0,0.5009249210068395,0.5009249210068395,0.17484576557532616,5.265820550387535,5.090974784812209,up,0.010889088985416245
K01051,0.09886783377544613,1364.0,0.2631436643277348,0.2631436643277348,0.1492753186640341,4.395893808424291,4.246618489760257,up,0.16625473326689472
K01056,0.07106071840061627,1385.0,0.40622408549041156,0.40622408549041156,0.044831401173770935,5.577694144814979,5.532862743641208,up,0.12748273492061446
K01066,0.03876119831142907,1420.5,0.20030471545730788,0.20030471545730788,0.18848329653354812,3.4521321459981786,3.2636488494646305,up,0.07841688581466034
K01069,0.04667008304560424,1410.0,0.4089637864180914,0.4089637864180914,0.09344267933738593,5.149085170527207,5.055642491189821,up,0.08985528434109746
K01077,0.47937989529232317,1236.0,0.12781439930060287,0.12781439930060287,0.05344294457211962,4.408528876669105,4.355085932096985,up,0.569453082483654
K01091,0.00036250978042975647,1624.0,0.6507111729735412,0.6507111729735412,0.16686359810645257,6.133588371084171,5.966724772977718,up,0.0038443577521381435
K01126,0.0005493617336653793,1609.0,0.6315338343770529,0.6315338343770529,0.17660805499220444,5.301089491699706,5.124481436707502,up,0.00460134190936289
K01129,0.019132861763444222,1458.0,0.5473637834432428,0.5473637834432428,0.07559774454470247,5.493576293827671,5.417978549282968,up,0.0459118854360021
K01139,0.00320785557370164,1540.0,0.3726732127780126,0.3726732127780126,0.14341566655814653,5.04876350200906,4.905347835450914,up,0.013182281498180176
K01142,0.007005508501929239,1506.0,0.46957957873428413,0.46957957873428413,0.11407764918232743,5.260754038917732,5.146676389735404,up,0.022038860478557295
K01151,0.030870391955030815,1433.0,0.27812032964786687,0.27812032964786687,0.062168676348581364,5.266848614569922,5.20467993822134,up,0.06536967056500084
K01153,0.33816238131863974,1270.0,0.16357150008044855,0.16357150008044855,0.027258579893438828,6.039660297759852,6.012401717866413,up,0.43854391660158903
K01154,0.8886706468652719,1120.0,0.0022413784788901077,0.0022413784788901077,0.0004433464439976831,6.545405703801304,6.544962357357306,up,0.9136840505299706
K01156,0.43049487574052847,1247.0,0.06992493663751108,0.06992493663751108,0.03504250055182023,4.489285320369,4.45424281981718,up,0.5261159494412592
K01159,0.6907360373398129,1085.0,0.18789952352756997,-0.18789952352756997,-0.059815093323499546,4.900670816798523,4.9604859101220224,down,0.7575628766487523
K01163,0.2443841500868893,1298.0,0.15736776193685648,0.15736776193685648,0.03628261029892155,4.787403189248286,4.751120578949364,up,0.3400689495918089
K01173,0.5605335522622867,1219.0,0.01727216323365436,0.01727216323365436,0.01870152304875905,3.574147720378475,3.555446197329716,up,0.6454480045752251
K01176,0.6372597912186636,1204.0,0.07326013452697167,0.07326013452697167,0.03258372609591831,4.649819771030724,4.617236044934805,up,0.7107689783312491
K01179,0.9120004248603445,1155.0,0.02342096260432205,0.02342096260432205,0.017285715054722317,4.193172937479943,4.175887222425221,up,0.9311184461889387
K01181,0.3927424477521658,1256.0,0.16961177212127174,0.16961177212127174,0.12220699661168277,4.051406826218545,3.9291998296068624,up,0.48860578883074557
K01185,0.33812961530413566,1009.0,0.33232551089537316,-0.33232551089537316,-0.37851695357815673,2.4152808780226622,2.793797831600819,down,0.43854391660158903
K01190,0.0030582661645809656,1542.0,0.5960618104147197,0.5960618104147197,0.24159544708452696,6.359949837293291,6.118354390208764,up,0.012848626218606931
K01193,0.002150196295493338,1556.5,0.42927421956487366,0.42927421956487366,0.38640215411489987,4.526239530408256,4.1398373762933565,up,0.010115435089690636
K01198,0.11657281610621636,1353.0,0.32311480498721606,0.32311480498721606,0.15347026515926743,5.35039414057922,5.1969238754199525,up,0.18948486177957297
K01200,0.01839015270007226,1460.0,0.5617259592748945,0.5617259592748945,0.21817893874864858,4.8522814903866465,4.634102551637998,up,0.04445413750109379
K01206,0.9764890713556766,1144.0,0.02342845078933614,-0.02342845078933614,-0.0064652021614639565,5.743171718266763,5.749636920428227,down,0.9817149303002407
K01209,0.07458856482836067,1382.0,0.42892323657843445,0.42892323657843445,0.12128469378498963,5.701022721313786,5.579738027528796,up,0.13254589560715443
K01218,0.36872682878221996,1262.0,0.13659538325327547,0.13659538325327547,0.0865269881213031,4.443201309728465,4.356674321607162,up,0.4657788471168292
K01223,0.12004444740485856,1351.0,0.4277941350030733,0.4277941350030733,0.3946286284554166,5.02959854766529,4.6349699192098734,up,0.19298098818751713
K01224,0.09737096259358831,1365.0,0.33503021886523066,0.33503021886523066,0.16727462051293518,4.744913218236957,4.577638597724022,up,0.16479126873947056
K01243,0.0006824985211466705,1601.0,0.7207980144949058,0.7207980144949058,0.1515182495717946,5.378073090178446,5.226554840606651,up,0.005217939275045765
K01246,0.8944948624128058,1121.0,0.009798984405439743,-0.009798984405439743,-0.003841586299754951,4.499581773570155,4.50342335986991,down,0.918236334170835
K01258,0.002231170764192506,1555.0,0.527377883416465,0.527377883416465,0.15122066253248967,5.2735066676436295,5.12228600511114,up,0.010294700192677702
K01262,0.0004658470178907673,1615.0,0.5815616051500322,0.5815616051500322,0.20568141448085786,5.143750537167197,4.938069122686339,up,0.004344601620754319
K01265,0.0011278366902231435,1582.0,0.6617174611135225,0.6617174611135225,0.08569216873702867,5.95231863862512,5.866626469888091,up,0.00686622799834923
K01270,0.055415404273290676,1400.0,0.19212442079236666,0.19212442079236666,0.05690725204185654,5.184316700190931,5.127409448149074,up,0.10351030769797903
K01271,0.6637838571328021,1199.0,0.04837065964896508,0.04837065964896508,0.023088350458233542,4.606007971721282,4.5829196212630485,up,0.7341259647852268
K01273,0.28537703656188707,1285.0,0.07369178966547811,0.07369178966547811,0.022052317363669083,4.821151611529047,4.799099294165378,up,0.3842072213950316
K01284,0.6267355763834721,1206.0,0.019455901655000284,-0.019455901655000284,-0.024437028991691534,3.444012319183583,3.4684493481752745,down,0.7026063793216247
K01297,0.5906855003104834,1213.0,0.04643416442935224,0.04643416442935224,0.016871841359483497,4.62294394335825,4.606072101998767,up,0.6725120631240569
K01318,0.5957126474720327,1067.0,0.08452351711170933,-0.08452351711170933,-0.09904245236567055,2.511400415797878,2.6104428681635485,down,0.6748096309468007
K01356,0.33816238131863974,1270.0,0.1773952660204409,0.1773952660204409,0.04429218296633852,5.415207757185603,5.370915574219264,up,0.43854391660158903
K01358,0.5705010290467267,1217.0,0.07240468151109795,0.07240468151109795,0.01176422221449247,6.017637896959652,6.0058736747451595,up,0.6529232838959492
K01372,0.19727662403917245,1315.0,0.20932277100218638,0.20932277100218638,0.10839168246497799,4.589433186615947,4.481041504150969,up,0.2882430673461242
K01406,0.30277297110719215,1002.0,0.21302666906311227,-0.21302666906311227,-0.402996087072358,0.8949095425434358,1.2979056296157938,down,0.40257477958135257
K01421,0.08876637560841014,1371.0,0.31344284943449835,0.31344284943449835,0.11851200834817721,5.522264402425838,5.403752394077661,up,0.15298530003284316
K01424,0.044284790210881136,1413.0,0.30157623584037824,0.30157623584037824,0.11778780286023238,4.864112548701334,4.746324745841101,up,0.08665848084420937
K01426,0.0022866432703706825,1554.0,0.48829203558832845,0.48829203558832845,0.19849260261413537,4.825774702224062,4.627282099609927,up,0.01047712857330121
K01442,0.003785423694634064,1533.0,0.5384506234742455,0.5384506234742455,0.17916723316575034,5.230787778521033,5.0516205453552825,up,0.014470442321057538
K01443,0.002021393179731879,1559.0,0.5387990835743874,0.5387990835743874,0.1367092487996393,5.294191858934523,5.157482610134884,up,0.009665934659445166
K01447,0.0013508389528387164,1575.0,0.5010697541685681,0.5010697541685681,0.16084385428296244,5.653968346177845,5.493124491894883,up,0.007526920436368272
K01448,0.0013166667534653344,1576.0,0.5040985478696978,0.5040985478696978,0.0760351169502913,6.531833099237297,6.455797982287006,up,0.007399217011995362
K01449,0.762594006579379,1098.0,0.16228946791010423,-0.16228946791010423,-0.05032436021918674,5.337418495064989,5.387742855284176,down,0.8172869752664087
K01462,0.021520509383001745,1452.0,0.44523132262058845,0.44523132262058845,0.07056468613138289,5.988103521702413,5.91753883557103,up,0.04982301027930862
K01465,4.195387214423924e-05,1696.0,0.8275063410244757,0.8275063410244757,0.2981035233043654,5.156011999925375,4.857908476621009,up,0.002206773674786984
K01471,0.01276402000012868,1478.0,0.47141669812919357,0.47141669812919357,0.14886848555774268,4.996888225733571,4.848019740175828,up,0.03475090331297974
K01489,0.02463032021326786,1445.0,0.28686679418495326,0.28686679418495326,0.046565129943533456,5.362934329083255,5.3163691991397215,up,0.05489639166177497
K01493,0.06878571056046212,1387.0,0.47134508445667483,0.47134508445667483,0.07770763873985942,5.501152068548551,5.423444429808692,up,0.12407847652538777
K01495,0.0009899519958008497,1587.0,0.6867256719479976,0.6867256719479976,0.14271821302197552,4.993257034416238,4.850538821394262,up,0.006574681184232916
K01507,0.006852059755017802,772.0,0.5797672603072059,-0.5797672603072059,-0.25711392185082094,4.232262517521418,4.489376439372239,down,0.021923256880409758
K01515,0.0019234369876702103,1561.0,0.584933348780895,0.584933348780895,0.14299361478518335,5.114778913086392,4.971785298301208,up,0.009367850514023432
K01519,0.03446975984359024,1427.0,0.3267498770581641,0.3267498770581641,0.041298353469045423,5.657370032949019,5.616071679479973,up,0.07127002231811504
K01520,0.6637838571328021,1199.0,0.020577620919375875,-0.020577620919375875,-0.004544744275992052,5.721068248871876,5.725612993147868,down,0.7341259647852268
K01533,0.00016661547118586195,1651.0,0.4353617189326345,0.4353617189326345,0.24170211301714595,4.926685169035144,4.684983056017998,up,0.0028258087845800914
K01534,0.0007201794419124876,1599.0,0.607732209140595,0.607732209140595,0.21278586895462936,5.316823150551769,5.104037281597139,up,0.005320426775926522
K01537,0.055415404273290676,1400.0,0.3110578806280346,0.3110578806280346,0.1824167267620851,4.49190978934318,4.309493062581095,up,0.10351030769797903
K01552,0.36092907055785173,1264.0,0.16679888030859474,0.16679888030859474,0.08400939876362301,5.473492710921573,5.38948331215795,up,0.4585717176652899
K01585,0.000520086504979793,1611.0,0.6859257482469797,0.6859257482469797,0.24029860647282586,5.383448919184208,5.1431503127113825,up,0.004559425026989519
K01586,3.845640915624217e-06,1767.0,0.7029007776577384,0.7029007776577384,0.20699917923060696,5.12984112253567,4.922841943305063,up,0.0010857265442721998
K01588,0.0003426649098625465,1626.0,0.7518267298287242,0.7518267298287242,0.17691115337362628,5.3450046325013245,5.168093479127698,up,0.0036634500525955173
K01591,0.0002364670819657711,1639.0,0.7179490452757655,0.7179490452757655,0.18167279555663907,5.295412091036782,5.113739295480143,up,0.0029614686931903715
K01607,0.03773750088599792,1422.0,0.336862635399815,0.336862635399815,0.06275737172874596,5.824641667007748,5.761884295279002,up,0.07669986656118588
K01610,0.36092907055785173,1015.0,0.12292286095744381,-0.12292286095744381,-0.01930297372966372,5.740060309424113,5.759363283153776,down,0.4585717176652899
K01619,0.052658852193250644,1403.0,0.5004609440200026,0.5004609440200026,0.07292327576810642,5.44139788293619,5.368474607168084,up,0.09963509443758935
K01620,0.001098914734839474,1583.0,0.6074337504338764,0.6074337504338764,0.2154569334577241,5.012903053219383,4.797446119761659,up,0.006784379701004265
K01624,0.36092907055785173,1264.0,0.28611843082332644,0.28611843082332644,0.05402224648901388,6.183111213850505,6.129088967361491,up,0.4585717176652899
K01626,0.17520773522797595,1324.0,0.2501898074733387,0.2501898074733387,0.07761942672305189,5.144837524340148,5.067218097617096,up,0.26151892375117863
K01649,0.0001313880724692558,1659.0,0.6933347644233774,0.6933347644233774,0.2300999552934142,5.060942138660066,4.830842183366652,up,0.0026996143015167403
K01652,0.001043117592539037,1585.0,0.5170890634648163,0.5170890634648163,0.1953150768951044,5.502123572173279,5.306808495278174,up,0.006626568281105477
K01653,0.030870391955030815,1433.0,0.5027302899924597,0.5027302899924597,0.0962720182228276,5.677098409936782,5.580826391713955,up,0.06536967056500084
K01658,1.5572303601989358e-06,1792.0,0.7381266255286819,0.7381266255286819,0.2206730825821266,4.972769687349144,4.752096604767018,up,0.0010857265442721998
K01662,0.0006125726266865374,1605.0,0.714999783707995,0.714999783707995,0.13545754619520167,5.6000782177732145,5.464620671578013,up,0.004941920270507955
K01670,0.18234950132252514,1321.0,0.2736259407634642,0.2736259407634642,0.13869844534100917,4.61277709393033,4.4740786485893205,up,0.27033776126169173
K01686,0.43049487574052847,1247.0,0.12523879605934843,0.12523879605934843,0.03636347907816173,4.903567614171622,4.86720413509346,up,0.5261159494412592
K01687,0.0001313880724692558,1659.0,0.7556049458284132,0.7556049458284132,0.2755461818776386,5.249774087209735,4.974227905332096,up,0.0026996143015167403
K01689,0.545742379167212,1222.0,0.2517674805730745,0.2517674805730745,0.034696073824918905,5.990186329724422,5.9554902558995035,up,0.6295186215832315
K01695,0.00336408412650825,1538.0,0.638287201791141,0.638287201791141,0.11382720112404865,5.142129072136008,5.028301871011959,up,0.0135698485471115
K01696,0.00015705789190388777,1653.0,0.6809301348175834,0.6809301348175834,0.22078752766093146,4.883216462194741,4.66242893453381,up,0.0028258087845800914
K01703,7.741871780347316e-06,1747.0,0.7465959900233735,0.7465959900233735,0.27014666094024076,5.241478431373455,4.971331770433214,up,0.0014543659130223886
K01704,3.144281793075988e-05,1705.0,0.8593778746323831,0.8593778746323831,0.17919900620088391,5.4218735620669385,5.242674555866055,up,0.0020334559729452265
K01710,0.0004788888489884619,1614.0,0.6428564031804986,0.6428564031804986,0.20412684165044936,5.136951030671604,4.932824189021154,up,0.00440376808685194
K01711,0.8423189083095232,1167.0,0.016514654053216317,0.016514654053216317,0.008821497874111017,4.361748498773258,4.352927000899147,up,0.8811848563460802
K01714,0.012501811743426568,1479.0,0.4606673621825463,0.4606673621825463,0.13457248362067542,5.430262622991596,5.295690139370921,up,0.03417854977672752
K01733,2.947407117363367e-05,1707.0,0.7226904619846485,0.7226904619846485,0.18039082164869846,5.193418686488909,5.01302786484021,up,0.0020334559729452265
K01734,0.5025635023178883,1231.0,0.1783808178419378,0.1783808178419378,0.03480627245081802,5.4819105182448045,5.447104245793986,up,0.5895370254665683
K01735,0.0019718567863027036,1560.0,0.5533915768662525,0.5533915768662525,0.1855871545639296,5.178582115376933,4.992994960813004,up,0.009498137999956247
K01736,0.001784653121254149,1564.0,0.6050590202890167,0.6050590202890167,0.1522311634981488,5.237041049526549,5.0848098860284,up,0.008855920205468703
K01737,0.452347865645516,1242.0,0.18935301965134024,0.18935301965134024,0.057417473169364186,4.6056768961886725,4.548259423019308,up,0.5442245593081917
K01738,1.74397793535814e-05,1723.0,0.7299144151077588,0.7299144151077588,0.24157327415859786,5.430538644740278,5.1889653705816805,up,0.0017641007576891955
K01740,0.0007011037692427487,1600.0,0.6874865126183689,0.6874865126183689,0.20288415705412977,5.986490155004714,5.783605997950584,up,0.005238360548603492
K01752,0.014441890574405215,1472.0,0.4373093662743227,0.4373093662743227,0.14290182211555713,5.712710504920343,5.569808682804786,up,0.03783084881542402
K01754,0.006852059755017802,1507.0,0.5205523534545119,0.5205523534545119,0.13814245870304198,5.142002259861759,5.003859801158717,up,0.021923256880409758
K01755,0.005601166377376896,1516.0,0.6121518745589823,0.6121518745589823,0.08112571777580868,5.532276508865221,5.451150791089412,up,0.019382983648027943
K01756,3.0443323731760213e-05,1706.0,0.6397936095454189,0.6397936095454189,0.14530922219301257,5.342169477464003,5.19686025527099,up,0.0020334559729452265
K01770,0.002711711082515489,1547.0,0.6157850314183371,0.6157850314183371,0.19105262097811337,5.066160779410447,4.875108158432334,up,0.01188633357835956
K01775,0.11318054246514772,1355.0,0.3263478017040787,0.3263478017040787,0.04911322753194103,5.677809274959772,5.628696047427831,up,0.18488498551760155
K01776,0.001740477607259814,1565.0,0.5292522826488094,0.5292522826488094,0.09158387950545333,5.437414804995656,5.345830925490203,up,0.008802800205948676
K01778,0.002021393179731879,1559.0,0.6304326872594156,0.6304326872594156,0.0816831541152192,5.618412764660598,5.536729610545379,up,0.009665934659445166
K01783,0.0008678192389721226,1592.0,0.5161685332356453,0.5161685332356453,0.127776815507894,5.342361634697507,5.214584819189613,up,0.006006222627622849
K01784,0.00435402885957447,1527.0,0.588775122353497,0.588775122353497,0.10780867802062133,5.644794058716259,5.536985380695637,up,0.01603794944072949
K01785,0.055415404273290676,1400.0,0.46074002866854247,0.46074002866854247,0.06690561417010077,5.983774548398029,5.916868934227928,up,0.10351030769797903
K01790,0.013862161720372981,1474.0,0.5706126287585691,0.5706126287585691,0.15789065036514494,5.205871585474041,5.047980935108896,up,0.03667755062835105
K01802,0.8480844573555153,1113.0,0.0733397206202093,0.0733397206202093,0.08727592440333343,3.3608688917579927,3.2735929673546593,up,0.8844042333781423
K01803,0.003444768768362994,1537.0,0.5195834741445775,0.5195834741445775,0.10124074625859514,6.108528325117226,6.007287578858631,up,0.013768604651663638
K01804,0.004254184884651849,1528.0,0.5373822929605931,0.5373822929605931,0.14251787519461256,4.878112834034287,4.735594958839674,up,0.015758459502301918
K01808,0.0012188783864143383,1579.0,0.5856990673523589,0.5856990673523589,0.1473894127827844,5.378756062402933,5.231366649620148,up,0.0071236670139326885
K01809,0.15503546555716077,1333.0,0.2637717683885408,0.2637717683885408,0.05153815162735409,5.367833037690974,5.31629488606362,up,0.2390054363513088
K01810,0.007650629656301501,1502.0,0.5144517685330859,0.5144517685330859,0.09870055580849346,5.471830169413681,5.373129613605188,up,0.023451230764653785
K01811,0.017150624658787052,1463.5,0.4666875616092359,0.4666875616092359,0.30387194681027463,4.554000247316298,4.250128300506024,up,0.042876561646967626
K01812,0.7908264291084358,1176.0,0.06378974674462015,-0.06378974674462015,-0.01597041214283479,4.844695715893826,4.8606661280366605,down,0.83933555631767
K01818,0.8193360303981039,1108.0,0.07001841358426182,-0.07001841358426182,-0.015780667576740903,4.663543600525663,4.679324268102404,down,0.8633228204915918
K01823,0.10662968228005582,1359.0,0.3194532363593034,0.3194532363593034,0.09386828109589906,4.939367876744798,4.845499595648899,up,0.1770429699473149
K01835,0.003444768768362994,1537.0,0.5575894817823797,0.5575894817823797,0.19815364900572163,5.49556058976216,5.297406940756439,up,0.013768604651663638
K01839,0.4612615493545459,1240.0,0.18801330916017575,0.18801330916017575,0.04028852727157162,5.149463014158632,5.109174486887061,up,0.5529251936200801
K01854,0.017323413315052112,1463.0,0.530582434327348,0.530582434327348,0.11777554307277516,5.60913580442931,5.491360261356535,up,0.04290073165592002
K01861,0.0002890577322703799,1632.0,0.6014498562451384,0.6014498562451384,0.17570709773647675,5.975413012018781,5.799705914282304,up,0.003276818258065083
K01866,0.4261989804918326,1031.0,0.08034955896451432,-0.08034955896451432,-0.009458069607482855,5.716043124657015,5.725501194264498,down,0.5223221429140352
K01867,0.24738242055348214,1297.0,0.11145033828503222,0.11145033828503222,0.016177859655682525,5.608311040038139,5.592133180382456,up,0.34279018232647945
K01868,0.014739693669801228,808.0,0.42514314681177656,-0.42514314681177656,-0.05313498454649945,5.895432535854577,5.948567520401077,down,0.03838157856591805
K01869,0.05636056592747642,1399.0,0.36255694072613465,0.36255694072613465,0.05881911882507396,5.515224503046965,5.456405384221891,up,0.10512644566614396
K01870,0.00950226820354573,1492.0,0.45825853664193655,0.45825853664193655,0.09267541153817849,5.446692806640995,5.354017395102817,up,0.027583846992632746
K01872,0.4748142246511402,1237.0,0.1795389866068609,0.1795389866068609,0.023155619718251863,5.8702785814540706,5.847122961735819,up,0.5655622331668926
K01873,0.013580078009279626,1475.0,0.4258550088139335,0.4258550088139335,0.08548241932269995,5.395754133930657,5.310271714607957,up,0.03607636885293476
K01874,0.13094628659419885,934.0,0.230173139049095,-0.230173139049095,-0.022202711779065076,5.905693039938745,5.92789575171781,down,0.2072134378716865
K01875,0.044284790210881136,866.0,0.3920819091139497,-0.3920819091139497,-0.04704865704599648,5.949316057409405,5.996364714455401,down,0.08665848084420937
K01876,0.44353234369727956,1244.0,0.16276508965756004,0.16276508965756004,0.02761506338623576,5.692996741689785,5.665381678303549,up,0.5370580404805917
K01880,0.6163680539073899,1071.0,0.0990442692438663,-0.0990442692438663,-0.012403769745736426,5.565842931270756,5.578246701016492,down,0.6933481530267046
K01881,0.48396942047726743,1235.0,0.2433000740227251,0.2433000740227251,0.03267744125479144,5.635500198784088,5.602822757529297,up,0.5733511602951411
K01883,0.007162036385610692,1505.0,0.516636279330084,0.516636279330084,0.09317477013773345,5.395996663841914,5.302821893704181,up,0.022317720016772652
K01885,0.01839015270007226,1460.0,0.5013004520094564,0.5013004520094564,0.1184776131555152,5.490345170821892,5.371867557666377,up,0.04445413750109379
K01886,0.0010706799796157034,1584.0,0.6030629220911222,0.6030629220911222,0.14830926715074,5.141376143830631,4.993066876679891,up,0.006704496062831666
K01887,0.9882432594532432,1137.0,0.00726986822048609,0.00726986822048609,0.0008345554129940425,5.757094678343498,5.756260122930504,up,0.9897485804882062
K01889,0.5359903157875145,1224.0,0.015608610917985568,0.015608610917985568,0.0020023999502738477,5.578109360871328,5.576106960921054,up,0.6209931852516137
K01890,0.9529985523327025,1148.0,0.027733192323540788,-0.027733192323540788,-0.0032974780529979597,5.652232932716127,5.655530410769125,down,0.9669699817264689
K01892,0.005601166377376896,1516.0,0.37158905609325654,0.37158905609325654,0.10045172078806086,5.295361410114925,5.194909689326864,up,0.019382983648027943
K01893,0.005475741680011545,1517.0,0.4657341987098761,0.4657341987098761,0.09678110154326891,5.287063866675846,5.190282765132577,up,0.01915053273727442
K01912,0.9764890713556766,1144.0,0.08757416588159127,-0.08757416588159127,-0.032307189833326255,4.607656208372569,4.639963398205896,down,0.9817149303002407
K01914,6.122607770161969e-05,1684.0,0.7442213931199224,0.7442213931199224,0.18512278176285335,5.006849113570126,4.821726331807272,up,0.002266379960281505
K01915,0.0028457834832734865,1545.0,0.6759808060380958,0.6759808060380958,0.08082105950005225,6.297095845866729,6.216274786366677,up,0.0121895937475721
K01918,0.0602764032264326,1395.0,0.46179069261521577,0.46179069261521577,0.13164104886693284,4.827298381221944,4.695657332355011,up,0.1108580003395229
K01921,0.35706927564721,1265.0,0.14400580071077623,0.14400580071077623,0.018635967245043794,5.724090020050778,5.7054540528057345,up,0.45542783460337655
K01923,0.01839015270007226,1460.0,0.6081597760646936,0.6081597760646936,0.08849117326314726,5.471994526869233,5.383503353606086,up,0.04445413750109379
K01924,0.0008230011149737229,1594.0,0.427420380259768,0.427420380259768,0.18382940144165705,5.245516503667721,5.061687102226064,up,0.005913915115794785
K01925,3.463174826424936e-05,1702.0,0.590659135482082,0.590659135482082,0.1779972214434391,5.180179805951358,5.002182584507919,up,0.0020446151949707796
K01926,0.05176586160757663,1404.0,0.2829512443616019,0.2829512443616019,0.05658291313972086,5.2099085616937,5.153325648553979,up,0.09837009828607408
K01928,0.0105701966322173,1487.0,0.24691915416146235,0.24691915416146235,0.08606060354113154,5.244971410347748,5.158910806806617,up,0.030086165738886905
K01929,0.0007201794419124876,1599.0,0.693340251551726,0.693340251551726,0.18805879162746297,5.310653465968766,5.122594674341303,up,0.005320426775926522
K01933,0.00045313716412090523,1616.0,0.8178600048428013,0.8178600048428013,0.1375931235621275,5.456760170190512,5.319167046628385,up,0.004317937469702829
K01934,6.721583152165681e-05,1681.0,0.7546962912747306,0.7546962912747306,0.1628400602056974,5.215806213106242,5.052966152900544,up,0.002266379960281505
K01937,0.015042895946240541,809.0,0.4936306660154053,-0.4936306660154053,-0.05866540078348148,5.8323989773910165,5.891064378174498,down,0.03856024984270236
K01938,0.00019295801961271718,1646.0,0.4803858985405223,0.4803858985405223,0.2721180806318628,4.807006583802491,4.534888503170628,up,0.0028258087845800914
K01939,0.802199018740111,1105.0,0.006584714076569504,-0.006584714076569504,-0.0007848133459402717,5.918822423758338,5.9196072371042785,down,0.8486658967363202
K01940,0.6111924348128344,1209.0,0.09774883100393694,0.09774883100393694,0.012079298298818486,5.690636568598174,5.678557270299356,up,0.6892950701362583
K01945,0.05176586160757663,1404.0,0.47166880762657504,0.47166880762657504,0.06559791791240066,5.594549816579054,5.528951898666653,up,0.09837009828607408
K01951,0.9882432594532432,1137.0,0.10807373847413816,0.10807373847413816,0.01098553218220566,5.978865261312781,5.967879729130575,up,0.9897485804882062
K01953,0.6531212181647925,1078.0,0.022080184713315392,-0.022080184713315392,-0.00377892661757695,5.6909679811780425,5.694746907795619,down,0.7235504649424618
K01955,7.606832955213033e-05,1677.0,0.6452846246333801,0.6452846246333801,0.2541695182835202,5.109297257127151,4.855127738843631,up,0.0023640057111695137
K01956,1.476172340208126e-05,1728.0,0.783454007639519,0.783454007639519,0.24627346187513055,5.18607648586626,4.9398030239911295,up,0.0017294616238210329
K01961,0.00435402885957447,1527.0,0.3757169181615743,0.3757169181615743,0.21548504116819522,4.388188246581792,4.172703205413597,up,0.01603794944072949
K01972,0.006268018613311424,768.0,0.5590133712392497,-0.5590133712392497,-0.061714546349049826,5.895023764216814,5.956738310565864,down,0.020814253728546776
K01989,0.03262758926742278,1430.0,0.486464730258836,0.486464730258836,0.12994436880660398,5.686780304586724,5.55683593578012,up,0.06810361886771579
K01990,0.08469982486753858,1374.0,0.2677457831025093,0.2677457831025093,0.06679125947310904,6.673801274601168,6.607010015128059,up,0.1471337776761073
K01991,0.8365597706278638,1168.0,0.034196085787278556,-0.034196085787278556,-0.027597726259720012,4.44425813268311,4.47185585894283,down,0.8758567662226441
K01992,0.44792778249688814,1243.0,0.062319231925874276,-0.062319231925874276,-0.031604989270042516,5.418130457045471,5.449735446315514,down,0.5408861652740201
K01995,0.11318054246514772,1355.0,0.3126222584474329,0.3126222584474329,0.12713649256345416,4.838825344574311,4.711688852010857,up,0.18488498551760155
K01996,0.11318054246514772,1355.0,0.2825527045499433,0.2825527045499433,0.10902279407518112,4.859174308133431,4.75015151405825,up,0.18488498551760155
K01997,0.09886783377544613,1364.0,0.29516563251272904,0.29516563251272904,0.10332382002256857,4.974411113266752,4.871087293244184,up,0.16625473326689472
K01998,0.02919506701365125,1436.0,0.369927687315098,0.369927687315098,0.1815962153443884,4.769075013084017,4.587478797739629,up,0.06222287378112057
K01999,0.12004444740485856,1351.0,0.2458871349603317,0.2458871349603317,0.10194118375851424,4.965861331535186,4.863920147776672,up,0.19298098818751713
K02003,0.0105701966322173,1487.0,0.5575863307355834,0.5575863307355834,0.1216924641271886,7.212004627096748,7.09031216296956,up,0.030086165738886905
K02004,0.0028457834832734865,1545.0,0.6439482498227651,0.6439482498227651,0.09271395712397634,7.560014598766789,7.4673006416428125,up,0.0121895937475721
K02005,0.02708342230355328,1440.0,0.25239131207751386,0.25239131207751386,0.15436362284856298,4.382917505075542,4.228553882226979,up,0.05877013255639037
K02010,0.003611444720982482,1535.0,0.35607231310445747,0.35607231310445747,0.1791163029446361,4.82165412368372,4.642537820739084,up,0.014050443219206994
K02013,0.007005508501929239,1506.0,0.2595379163972645,0.2595379163972645,0.1530888000654409,5.037602547841166,4.884513747775725,up,0.022038860478557295
K02014,0.2954601465140957,1282.0,0.029398516058654418,0.029398516058654418,0.03234716125018089,5.289936160701978,5.257588999451797,up,0.3948498437453861
K02025,0.006409667814513866,1510.0,0.5778414335290603,0.5778414335290603,0.3469712738579265,5.727074566525665,5.380103292667738,up,0.021124594426280036
K02026,0.001784653121254149,1564.0,0.6244730017248475,0.6244730017248475,0.3119667798953012,5.660685622851257,5.348718842955956,up,0.008855920205468703
K02027,0.0021769339394543345,1556.0,0.6463704428254814,0.6463704428254814,0.40322885340317427,5.242340348728512,4.839111495325338,up,0.010115435089690636
K02028,0.020296073387287956,1455.0,0.4035915513163692,0.4035915513163692,0.14123748041365403,6.132433324761709,5.991195844348055,up,0.047744788021974356
K02029,0.00599314369553624,1513.0,0.5361415322976654,0.5361415322976654,0.17331300760175594,6.234068384765252,6.060755377163496,up,0.02015596920621523
K02030,0.02110540274974509,1453.0,0.4581222030785084,0.4581222030785084,0.14096746370575097,6.620339887550775,6.479372423845024,up,0.049121424098964236
K02031,0.08337828484073294,1375.0,0.2776428452461146,0.2776428452461146,0.1169323485560847,5.61009605545477,5.493163706898685,up,0.14560749610300638
K02032,0.09443159217149728,1367.0,0.2333686731459725,0.2333686731459725,0.11788405492612952,5.328605790605093,5.2107217356789635,up,0.1612695372798947
K02033,0.0314468756845915,1432.0,0.2514708374688057,0.2514708374688057,0.10446699780692015,5.848365097263096,5.7438980994561755,up,0.06637663166169795
K02034,0.02069728943010345,1454.0,0.35682277809127905,0.35682277809127905,0.15264165119270778,5.758099492119642,5.605457840926934,up,0.048515036721187225
K02035,0.13474609313749772,1343.0,0.20708844914792454,0.20708844914792454,0.10869954435386919,5.754340145993898,5.645640601640029,up,0.2127144207392671
K02036,0.02110540274974509,1453.0,0.4385248902131821,0.4385248902131821,0.08529992054063928,5.474148419797738,5.388848499257099,up,0.049121424098964236
K02037,0.0006643530815126237,1602.0,0.6471000767938149,0.6471000767938149,0.20223903754343464,5.197322982743049,4.995083945199615,up,0.005200144655887501
K02038,0.00320785557370164,1540.0,0.4082373417547295,0.4082373417547295,0.12594715182533456,5.224784992153421,5.098837840328087,up,0.013182281498180176
K02039,0.0015343038816006468,1570.0,0.4931289480326505,0.4931289480326505,0.11954627724729683,5.247676051264279,5.1281297740169824,up,0.008135522598003429
K02040,0.0003943009887905905,1621.0,0.7637770918729305,0.7637770918729305,0.13117079474074433,6.097854023967155,5.966683229226411,up,0.004019424808214159
K02050,0.016642764975837773,1465.0,0.3642996923460221,0.3642996923460221,0.15724269101927213,5.0342570652097605,4.877014374190488,up,0.04168616370138413
K02072,0.0602764032264326,1395.0,0.3667862277446188,0.3667862277446188,0.15196267498513283,4.854314925234802,4.702352250249669,up,0.1108580003395229
K02073,0.5506511968463674,1221.0,0.09824126139489854,0.09824126139489854,0.024812757123819473,5.120820560530853,5.0960078034070335,up,0.6346242978553664
K02078,0.4748142246511402,1237.0,0.19098752073393394,0.19098752073393394,0.02566115000753122,6.286583368309432,6.260922218301901,up,0.5655622331668926
K02099,0.02919506701365125,1436.0,0.4313121533034779,0.4313121533034779,0.19413043965461174,5.437576288670533,5.243445849015921,up,0.06222287378112057
K02108,0.0001767182536347103,1649.0,0.7584933389551373,0.7584933389551373,0.22977162956654418,5.5748120202460525,5.345040390679508,up,0.0028258087845800914
K02109,0.0023433765308763254,1553.0,0.6834147399603079,0.6834147399603079,0.14729666007648845,5.797234285139595,5.649937625063107,up,0.01066276864395283
K02110,0.006701637739235065,1508.0,0.6309229108963934,0.6309229108963934,0.1839165217261005,5.636462182944898,5.452545661218798,up,0.021706043416487956
K02111,0.0010162130226736051,1586.0,0.7086618957913806,0.7086618957913806,0.21367741044809296,5.696202161848222,5.482524751400129,up,0.006615446162454411
K02112,0.0009393048319008929,1589.0,0.6516002989385232,0.6516002989385232,0.21486348478689443,5.579692388720027,5.364828903933133,up,0.006366937391493166
K02113,0.00041692250137295006,1619.0,0.6962323875840369,0.6962323875840369,0.18363792190006034,5.6128610806755646,5.429223158775504,up,0.004185138086300988
K02114,0.0032851239490646034,1539.0,0.6076238375067509,0.6076238375067509,0.24072704840137238,5.4206930854246185,5.179966037023246,up,0.013333141953765289
K02115,0.0002504958423661632,1637.0,0.7267285151181928,0.7267285151181928,0.25229499451784854,5.54298926253473,5.290694268016882,up,0.0030785236702009777
K02117,0.006409667814513866,1510.0,0.47845181712002893,0.47845181712002893,0.2595725328832783,4.605732893886721,4.3461603610034425,up,0.021124594426280036
K02118,0.00599314369553624,1513.0,0.556409666533923,0.556409666533923,0.25469467901149834,4.711801718241668,4.45710703923017,up,0.02015596920621523
K02119,0.014441890574405215,1472.0,0.4519580778757295,0.4519580778757295,0.17452875099801002,4.798295755966526,4.623767004968516,up,0.03783084881542402
K02120,0.011026421616064845,1485.0,0.5506685714886893,0.5506685714886893,0.18709430175280772,4.912333664840271,4.725239363087463,up,0.030982359882746304
K02122,0.027598579917792194,1439.0,0.45699144142626275,0.45699144142626275,0.14887562236274565,4.826403651503534,4.677528029140788,up,0.05949529933097825
K02123,0.00264686221275214,1548.0,0.5448208831332326,0.5448208831332326,0.21440966881935353,4.924959185675222,4.710549516855869,up,0.011679945670365987
K02124,0.002778008611854813,1546.0,0.590637791652558,0.590637791652558,0.166702895720106,5.057176705395907,4.890473809675801,up,0.01209629577678503
K02160,0.015665823431142572,1468.0,0.5391135657238637,0.5391135657238637,0.19841879785693628,4.732794820430867,4.534376022573931,up,0.03984634006180364
K02171,0.14260074652138943,1339.0,0.10692333527406506,0.10692333527406506,0.032663713508109815,5.818386569809899,5.785722856301789,up,0.2219171380776652
K02172,0.03446975984359024,1427.0,0.2642538393277791,0.2642538393277791,0.09760984870446876,5.518293592984935,5.420683744280466,up,0.07127002231811504
K02190,0.016311332480525877,1466.0,0.5284854090836059,0.5284854090836059,0.1625067349647873,5.215320702557972,5.052813967593185,up,0.04124885040748371
K02231,0.04667008304560424,1410.0,0.36164818593032994,0.36164818593032994,0.10618872754414088,5.344191970945009,5.238003243400868,up,0.08985528434109746
K02237,0.0010706799796157034,1584.0,0.5523049270417102,0.5523049270417102,0.13066921369685147,5.144606630649183,5.013937416952332,up,0.006704496062831666
K02238,0.4176826074131823,1250.0,0.14162671145460082,0.14162671145460082,0.022025748505445364,6.1715744917669255,6.14954874326148,up,0.5152463684318337
K02242,0.0005645683156018696,1608.0,0.47335014747785564,0.47335014747785564,0.0955695312855891,5.390623549994676,5.295054018709087,up,0.004640045843852866
K02283,0.0022866432703706825,1554.0,0.7370084663055527,0.7370084663055527,0.31776525377744846,4.735824055818185,4.418058802040736,up,0.01047712857330121
K02313,0.20771315497995313,1311.0,0.309249011363128,0.309249011363128,0.02883390268812125,5.804670442914738,5.775836540226617,up,0.30148211787929174
K02314,0.3307830311305391,1272.0,0.2002424823822824,0.2002424823822824,0.020952393055191365,5.961123695725637,5.9401713026704455,up,0.4315274662070029
K02315,0.026576586027699474,1441.0,0.3763134523644622,0.3763134523644622,0.10342427071174232,6.151446238675958,6.048021967964216,up,0.057861275871564255
K02316,0.11318054246514772,1355.0,0.28223452837287905,0.28223452837287905,0.04094942274115709,6.274865552579711,6.233916129838554,up,0.18488498551760155
K02335,0.0006643530815126237,1602.0,0.5335808717970272,0.5335808717970272,0.1340755243159144,5.279730688917083,5.145655164601169,up,0.005200144655887501
K02337,0.00320785557370164,1540.0,0.3098070246375249,0.3098070246375249,0.1139083403011254,5.254648964437328,5.140740624136202,up,0.013182281498180176
K02338,0.8308093797364009,1110.0,0.06420523623736381,-0.06420523623736381,-0.006598300272382396,5.9836190966098926,5.990217396882275,down,0.872615283029846
K02340,0.00732169652565289,1504.0,0.4916179585837245,0.4916179585837245,0.09713590112281789,5.333069395101714,5.235933493978896,up,0.022548081806167568
K02341,0.0011878029613755533,1580.0,0.5015151714774951,0.5015151714774951,0.20756896453692963,4.902322771896005,4.694753807359075,up,0.007004308942640595
K02342,0.007005508501929239,1506.0,0.4869434847055797,0.4869434847055797,0.10056580067109433,5.894334348116824,5.79376854744573,up,0.022038860478557295
K02343,0.01276402000012868,1478.0,0.5815096181806443,0.5815096181806443,0.09119134803844453,5.527175771405995,5.43598442336755,up,0.03475090331297974
K02346,0.00010970990410461091,1665.0,0.7001421769302699,0.7001421769302699,0.3524172702988553,4.94582792089995,4.593410650601094,up,0.0026085816800690124
K02355,0.005601166377376896,1516.0,0.5424893003739332,0.5424893003739332,0.1254961697230943,6.028408885573753,5.9029127158506585,up,0.019382983648027943
K02356,0.14260074652138943,940.0,0.29257461934371676,-0.29257461934371676,-0.02701248194009942,5.652940080424335,5.679952562364434,down,0.2219171380776652
K02357,0.4348157953241232,1033.0,0.1463226870533495,-0.1463226870533495,-0.013966641159904647,5.692049680116372,5.706016321276277,down,0.5294284915289093
K02358,0.2722966502778733,1289.0,0.19612468296791746,0.19612468296791746,0.021324241913173836,5.795354383487172,5.7740301415739985,up,0.3699071230531027
K02372,0.015042895946240541,1470.0,0.6083276023686405,0.6083276023686405,0.10697168447498306,5.378508835096482,5.271537150621499,up,0.03856024984270236
K02395,0.34564661739971314,1268.0,0.2409014540441594,0.2409014540441594,0.09488576500814805,4.884025858439828,4.78914009343168,up,0.4456130410594341
K02396,0.1998490494763523,965.0,0.15038981961559822,-0.15038981961559822,-0.10402326158408481,4.186080380431837,4.2901036420159215,down,0.2910315615297932
K02406,0.43049487574052847,1032.0,0.10718930701094964,-0.10718930701094964,-0.07843206878489806,4.74491318989876,4.823345258683658,down,0.5261159494412592
K02429,0.5655054216423199,1218.0,0.05048855516292634,0.05048855516292634,0.051960241125116546,4.515852048182303,4.463891807057187,up,0.6500361564717332
K02433,0.0010706799796157034,1584.0,0.48263664151724145,0.48263664151724145,0.20098475510034763,4.830719889431458,4.62973513433111,up,0.006704496062831666
K02434,0.30231598564550644,1280.0,0.2672331602247245,0.2672331602247245,0.06434916170960037,5.125996155891942,5.061646994182341,up,0.4023740092346568
K02435,0.032032569837472574,1431.0,0.485923092799565,0.485923092799565,0.1265775464385417,5.0992694693743195,4.972691922935778,up,0.0671815459908715
K02469,0.00012008858282937398,1662.0,0.5646714666477344,0.5646714666477344,0.2331349728352743,5.406945884081908,5.173810911246633,up,0.002676550617298759
K02470,8.60155333925689e-05,1673.0,0.6516862881335312,0.6516862881335312,0.23186711321168563,5.382262330892018,5.150395217680332,up,0.002406604817260173
K02477,0.16827534136782796,1327.0,0.12207914008445256,0.12207914008445256,0.1094336462988057,3.7598826943563646,3.650449048057559,up,0.25318532206008754
K02483,0.006701637739235065,1508.0,0.37966355852711786,0.37966355852711786,0.13052255226675324,6.730090996952014,6.599568444685261,up,0.021706043416487956
K02493,0.0002167996091355737,1642.0,0.5713153407533852,0.5713153407533852,0.203330044389058,5.211129901734792,5.007799857345734,up,0.0028797119799321156
K02495,0.00019867593544510684,1645.0,0.5343174147707352,0.5343174147707352,0.19685232800798325,5.632160113918241,5.435307785910258,up,0.0028258087845800914
K02500,0.0021239081491264203,1557.0,0.4787325483307812,0.4787325483307812,0.1683559234408314,5.056047190122979,4.887691266682148,up,0.010046543942810226
K02501,0.0016139135276838994,1568.0,0.4090436452629735,0.4090436452629735,0.14080521479260177,5.064828196269904,4.924022981477302,up,0.00835549720041074
K02503,0.002915064856250412,1544.0,0.5897002224845578,0.5897002224845578,0.06838027027769478,5.569195558246595,5.5008152879689005,up,0.012445812616783415
K02518,0.5957824954594948,1067.0,0.07349791793348462,-0.07349791793348462,-0.007562199234167899,5.681150684642374,5.6887128838765415,down,0.6748096309468007
K02519,0.3271327243786284,1273.0,0.27098387381493505,0.27098387381493505,0.04501109095900713,5.555023593236091,5.510012502277084,up,0.42922902197885504
K02520,0.14260074652138943,940.0,0.34924545783463157,-0.34924545783463157,-0.0328872324136853,5.644753887237524,5.677641119651209,down,0.2219171380776652
K02528,0.0001064426580593614,1666.0,0.3798238006611072,0.3798238006611072,0.1282105309413346,5.321539030385109,5.1933284994437745,up,0.0026085816800690124
K02529,0.006701637739235065,1508.0,0.4617327297288163,0.4617327297288163,0.21966567856155805,5.7519426762209305,5.532276997659372,up,0.021706043416487956
K02563,0.00732169652565289,1504.0,0.39106532014591777,0.39106532014591777,0.0760933986819623,5.530123176074164,5.4540297773922015,up,0.022548081806167568
K02564,0.00019295801961271718,1646.0,0.7265654095994092,0.7265654095994092,0.18078022963899,5.382261164401646,5.201480934762656,up,0.0028258087845800914
K02574,0.024163497574791696,1446.0,0.37706090866059877,0.37706090866059877,0.09182644616528446,5.502993820900652,5.411167374735368,up,0.054223548312032556
K02600,0.0602764032264326,884.0,0.40118740312118556,-0.40118740312118556,-0.04215153969355079,5.7832552706301925,5.825406810323743,down,0.1108580003395229
K02601,0.21038375832902534,1310.0,0.2570475206196062,0.2570475206196062,0.025147406445523046,5.691620102493004,5.666472696047481,up,0.30435054147708285
K02647,0.019132861763444222,1458.0,0.31889683158104126,0.31889683158104126,0.1133193373489707,5.345135035241907,5.231815697892936,up,0.0459118854360021
K02687,0.004060701463528237,1530.0,0.560296188059584,0.560296188059584,0.08966893304016299,5.3735457340280535,5.2838768009878905,up,0.01512697570691114
K02760,0.4885826744125903,1234.0,0.08637415332189755,0.08637415332189755,0.06488555499534865,4.139718373404909,4.07483281840956,up,0.5777753748674067
K02761,0.17986261531922143,1322.0,0.19795008280179627,0.19795008280179627,0.25059789628494755,3.398837299918078,3.1482394036331303,up,0.2679819768371644
K02768,0.015042895946240541,1470.0,0.47585870157179533,0.47585870157179533,0.19442838484971947,4.95168054498105,4.757252160131331,up,0.03856024984270236
K02773,0.3531441421008066,1266.0,0.18275292127704437,0.18275292127704437,0.2500399357456655,2.41004164096317,2.1600017052175047,up,0.4512969357264924
K02775,0.01838856855155909,1460.0,0.28925901067963405,0.28925901067963405,0.2980852647200911,3.3223029996188873,3.024217734898796,up,0.04445413750109379
K02781,0.04428191055385806,1413.0,0.43853819246879683,0.43853819246879683,0.47501670273844177,2.7091619465945183,2.2341452438560765,up,0.08665848084420937
K02784,0.07458856482836067,1382.0,0.3765079491706039,0.3765079491706039,0.09239930795645623,5.89961777020093,5.807218462244474,up,0.13254589560715443
K02793,0.02510296267586866,1444.0,0.47165026342716354,0.47165026342716354,0.43625159372356315,3.442644176875709,3.0063925831521456,up,0.05529814219534335
K02794,0.025831196351306006,1442.5,0.4901428458018615,0.4901428458018615,0.4062357312904843,3.456705534150023,3.0504698028595385,up,0.0564252877109093
K02810,0.022792614641854583,1449.0,0.42727475220905065,0.42727475220905065,0.4441633128961211,3.73675878944069,3.292595476544569,up,0.05162396382921277
K02821,0.4348095643412765,1246.0,0.12738332750659756,0.12738332750659756,0.16884411409761046,2.7889371089192827,2.6200929948216722,up,0.5294284915289093
K02823,0.00021059259383182427,1643.0,0.6620032060422256,0.6620032060422256,0.23964421222661958,5.10000519889558,4.860360986668961,up,0.0028258087845800914
K02834,0.08207349595185619,1376.0,0.2432639462700802,0.2432639462700802,0.026137505964897834,5.517714372346998,5.4915768663821005,up,0.1437105821260864
K02835,0.013580078009279626,1475.0,0.3662575831320715,0.3662575831320715,0.09806239408262485,5.318986542678123,5.220924148595498,up,0.03607636885293476
K02836,0.012501811743426568,1479.0,0.5459221633836577,0.5459221633836577,0.12435360180937938,5.396591454878388,5.272237853069009,up,0.03417854977672752
K02837,0.00015705789190388777,1653.0,0.8220680851290063,0.8220680851290063,0.2003144485627173,5.147814072332714,4.947499623769997,up,0.0028258087845800914
K02838,0.09886783377544613,915.0,0.3027811442031574,-0.3027811442031574,-0.03017484721945074,5.560576338314375,5.590751185533826,down,0.16625473326689472
K02860,0.6961752147494252,1193.0,0.08626486348680779,0.08626486348680779,0.010011236311702199,5.478715179766432,5.46870394345473,up,0.7603574812254935
K02863,0.4261989804918326,1248.0,0.17582723247123191,0.17582723247123191,0.01607527153633459,5.775405664711758,5.759330393175423,up,0.5223221429140352
K02864,0.545742379167212,1222.0,0.1966510092478382,0.1966510092478382,0.017929465957238655,5.725743001245685,5.707813535288446,up,0.6295186215832315
K02867,0.7569839034424591,1182.0,0.1543547708459581,0.1543547708459581,0.011860716530775584,5.731983679687434,5.720122963156658,up,0.8132629354794393
K02871,0.47027253111028866,1238.0,0.12279211364538219,0.12279211364538219,0.011740176096020072,5.6943004839376385,5.6825603078416185,up,0.5616788178111077
K02874,0.2443841500868893,1298.0,0.2753873793004349,0.2753873793004349,0.026518143323054133,5.677561199654993,5.651043056331939,up,0.3400689495918089
K02876,0.1728741370526028,1325.0,0.3223161772574045,0.3223161772574045,0.028424533059773438,5.71127319334537,5.682848660285597,up,0.2589174148339097
K02878,0.8365597706278638,1111.0,0.02964051326718902,-0.02964051326718902,-0.0026668796791673444,5.692186814369596,5.6948536940487635,down,0.8758567662226441
K02879,0.12004444740485856,1351.0,0.3463581358931629,0.3463581358931629,0.039293775927151664,5.760495865959297,5.721202090032145,up,0.19298098818751713
K02881,0.04200321566744913,1416.0,0.42915883654942233,0.42915883654942233,0.045259348410256806,5.689273147917653,5.6440137995073965,up,0.08356161664553041
K02884,0.30231598564550644,999.0,0.1937120786947047,-0.1937120786947047,-0.017423633286220763,5.578678873826012,5.596102507112232,down,0.4023740092346568
K02886,0.16601281082441155,1328.0,0.22801678577122522,0.22801678577122522,0.025641039832464685,5.69324357524111,5.667602535408645,up,0.25035188788314355
K02887,0.7513865761136942,1183.0,0.0693080008182529,0.0693080008182529,0.00658464174984541,5.650368345941085,5.6437837041912395,up,0.808570660875211
K02888,0.9295487994155927,1127.0,0.05144369465004785,-0.05144369465004785,-0.005154681073789469,5.6109007672308735,5.616055448304663,down,0.9460964947612263
K02890,0.055415404273290676,1400.0,0.33740601992655883,0.33740601992655883,0.033393978417110226,5.691017189314923,5.657623210897813,up,0.10351030769797903
K02892,0.8480864929960742,1113.0,0.09273783260206107,-0.09273783260206107,-0.008773926069134852,5.696770407449233,5.705544333518368,down,0.8844042333781423
K02895,0.42192819648809843,1249.0,0.20893588978311095,0.20893588978311095,0.021414394113723034,5.6934491137359515,5.6720347196222285,up,0.5190229919381192
K02897,0.0008451346696014137,1593.0,0.6251082959365855,0.6251082959365855,0.1641178981152036,4.6933837363237965,4.529265838208593,up,0.005943059307624915
K02899,0.9941214701790624,1141.0,0.06273709500477839,0.06273709500477839,0.0066320114937523655,5.5511246274485515,5.544492615954799,up,0.9941214701790624
K02902,0.8308093797364009,1169.0,0.1540018995399751,0.1540018995399751,0.018824241659871177,5.393361244127883,5.374537002468012,up,0.872615283029846
K02904,0.11829864400023156,927.0,0.41033410198183146,-0.41033410198183146,-0.06388397432913351,5.589824347279166,5.6537083216083,down,0.19134405517872632
K02906,0.9061600630456974,1123.0,0.04235967498327772,0.04235967498327772,0.003919342776113943,5.7574069378232995,5.7534875950471855,up,0.9273155508989043
K02907,0.00950226820354573,1492.0,0.36862642536325624,0.36862642536325624,0.050304310304648325,5.385519802118716,5.3352154918140675,up,0.027583846992632746
K02909,0.1728741370526028,954.0,0.3061868219103541,-0.3061868219103541,-0.03239853330719544,5.5404376087478795,5.572836142055075,down,0.2589174148339097
K02911,0.49787984919978967,1232.0,0.06911466555322411,0.06911466555322411,0.007382821123703032,5.432503476164849,5.425120655041146,up,0.5861342897920532
K02913,0.802199018740111,1174.0,0.02471472950312498,0.02471472950312498,0.0036263710220660883,5.505491714820758,5.501865343798692,up,0.8486658967363202
K02914,0.011500058415366747,1483.0,0.37501070920438573,0.37501070920438573,0.06979010802375196,5.506951361501415,5.437161253477663,up,0.03203935766145608
K02916,0.8538622235448089,1165.0,0.08684412563131959,-0.08684412563131959,-0.00905244494256241,5.550271008426795,5.559323453369357,down,0.8883139430074555
K02919,0.07106071840061627,894.0,0.3026751927516105,-0.3026751927516105,-0.08168050876616384,5.16988861055508,5.2515691193212435,down,0.12748273492061446
K02926,0.34942802040190235,1267.0,0.22320350555774243,0.22320350555774243,0.02214041635865449,5.731853267521034,5.709712851162379,up,0.447417572374393
K02931,0.9120004248603445,1124.0,0.05623781600209103,-0.05623781600209103,-0.004847897715651861,5.7718465812103545,5.776694478926006,down,0.9311184461889387
K02933,0.2988757696658032,1281.0,0.26014781699711,0.26014781699711,0.023874320916067227,5.731057840039931,5.707183519123864,up,0.3990067381832804
K02935,0.16827678439583005,1327.0,0.2866428666762752,0.2866428666762752,0.030985382559467034,5.693831790993909,5.662846408434442,up,0.25318532206008754
K02939,0.0024607277691069637,1551.0,0.4909641949283733,0.4909641949283733,0.06775389969525492,5.584311602411386,5.516557702716131,up,0.0110438806019647
K02945,0.015351578534425665,1469.0,0.5528576795405412,0.5528576795405412,0.0592291507057503,5.948033639271042,5.888804488565292,up,0.03919869082091213
K02946,0.8886706468652719,1120.0,0.08200827847175719,0.08200827847175719,0.0073038529584668055,5.669321417628153,5.662017564669686,up,0.9136840505299706
K02948,0.00599314369553624,1513.0,0.6007216729908218,0.6007216729908218,0.06955265529652177,5.644221537263949,5.574668881967427,up,0.02015596920621523
K02950,0.5705010290467267,1217.0,0.1179727431168534,0.1179727431168534,0.010483412606111742,5.766781585424069,5.756298172817957,up,0.6529232838959492
K02952,0.2722966502778733,1289.0,0.30998492824651924,0.30998492824651924,0.032417789753806936,5.639772626336309,5.607354836582502,up,0.3699071230531027
K02954,0.021942706246602127,1451.0,0.4525965623677104,0.4525965623677104,0.06617669269257398,5.5820480635694505,5.5158713708768765,up,0.05026944026878362
K02956,0.8136136643159425,1172.0,0.008985552475199391,0.008985552475199391,0.0009425989024025583,5.571651418555854,5.5707088196534515,up,0.8586693166737274
K02959,0.5957824954594948,1212.0,0.0036747996890344565,-0.0036747996890344565,-0.00038432034939983595,5.525984665005255,5.5263689853546545,down,0.6748096309468007
K02961,0.6961752147494252,1193.0,0.03862442711999608,0.03862442711999608,0.0039051348406058395,5.736139211500501,5.732234076659895,up,0.7603574812254935
K02963,0.05356468291486848,1402.0,0.4358639787566601,0.4358639787566601,0.0472895320700788,5.550728605423167,5.503439073353088,up,0.10091340692414334
K02965,0.4748142246511402,1237.0,0.15053257854587337,0.15053257854587337,0.014375688490233962,5.708260639840172,5.693884951349938,up,0.5655622331668926
K02967,0.05356468291486848,877.0,0.3610938821514399,-0.3610938821514399,-0.034866006212531886,5.631258961063461,5.666124967275993,down,0.10091340692414334
K02968,0.47937989529232317,1236.0,0.004647654830382047,-0.004647654830382047,-0.000595152563088952,5.603902842092167,5.604497994655256,down,0.569453082483654
K02970,0.49321952807181124,1046.0,0.1142335663122788,-0.1142335663122788,-0.012919152750637153,5.436504805494352,5.4494239582449895,down,0.581168171518308
K02982,0.7794982004217617,1101.0,0.038703366965267764,-0.038703366965267764,-0.003606293201747768,5.745000591124551,5.748606884326299,down,0.8306646139016342
K02986,0.580552177759772,1215.0,0.11773359193709229,0.11773359193709229,0.01103182375023426,5.726943674935804,5.715911851185569,up,0.6638487945687827
K02988,0.24141148493039888,1299.0,0.20601684224180375,0.20601684224180375,0.029339830292228974,5.564643960124307,5.535304129832078,up,0.3377192581739091
K02990,0.8654369111540564,1163.0,0.04160814778313473,0.04160814778313473,0.00445294326921708,5.709838170174111,5.705385226904894,up,0.8975154086495143
K02992,0.384633894520091,1258.0,0.24302182554381754,0.24302182554381754,0.02400849215756118,5.697886218132506,5.673877725974945,up,0.4817081631370663
K02994,0.6215628127505901,1207.0,0.13892934774190382,0.13892934774190382,0.013605466248121978,5.7303615370645495,5.716756070816428,up,0.6979975224312776
K02996,0.02510493603849428,1444.0,0.47976434228110976,0.47976434228110976,0.07068455158176157,5.592155280479787,5.521470728898025,up,0.05529814219534335
K03040,0.04831962435070354,871.0,0.3391817443900745,-0.3391817443900745,-0.03819674684474439,5.918607078325816,5.95680382517056,down,0.0923550959610104
K03043,0.02510493603849428,1444.0,0.49216496254668174,0.49216496254668174,0.08832049418681898,5.61074861315251,5.522428118965691,up,0.05529814219534335
K03046,0.005859820816863424,1514.0,0.4396859235451264,0.4396859235451264,0.12532081575542797,5.438748469314924,5.313427653559496,up,0.01991127745264962
K03060,0.16601281082441155,1328.0,0.13985026528537187,0.13985026528537187,0.03158309234036771,5.027970470629431,4.9963873782890635,up,0.25035188788314355
K03070,0.27552762284309384,1288.0,0.18820708617379284,0.18820708617379284,0.025351074359366343,5.787247799878105,5.7618967255187385,up,0.37237289212607233
K03073,0.7402313430064833,1094.0,0.050904375406614105,-0.050904375406614105,-0.006283102966267329,5.652801381453707,5.659084484419974,down,0.7985268384360341
K03075,0.10986653209827235,1357.0,0.2239814121795946,0.2239814121795946,0.03598956359574945,5.402029397179321,5.366039833583572,up,0.18150061521259817
K03076,0.06657089728757958,1389.0,0.3945989608326723,0.3945989608326723,0.05536594390892535,5.645735380324753,5.590369436415828,up,0.12041365878014737
K03077,0.007005508501929239,1506.0,0.5512257087995215,0.5512257087995215,0.22688223941855146,4.98906547364558,4.762183234227028,up,0.022038860478557295
K03086,0.1897049007407734,1318.0,0.21345774646862894,0.21345774646862894,0.07912052851946783,5.25009532292549,5.170974794406022,up,0.27904020634688703
K03088,0.12723011328115408,1347.0,0.3151723301905791,0.3151723301905791,0.07526156535467354,7.506077866376119,7.430816301021445,up,0.20206231759023868
K03091,0.11486682777124572,1354.0,0.22712371852092883,0.22712371852092883,0.06694709219693618,6.1629798512132155,6.096032759016279,up,0.18717457065574736
K03100,0.0011878029613755533,1580.0,0.6479645661437958,0.6479645661437958,0.14693599601557406,6.0457496030223155,5.898813607006741,up,0.007004308942640595
K03101,0.10191665328151103,1362.0,0.25908285826245264,0.25908285826245264,0.039815848417440236,5.538986973154905,5.499171124737464,up,0.17029275611840788
K03106,0.015351578534425665,1469.0,0.39564689377536955,0.39564689377536955,0.07403237567511844,5.370783269964822,5.296750894289704,up,0.03919869082091213
K03110,0.013580078009279626,1475.0,0.3525185200258992,0.3525185200258992,0.1050332904441067,5.226031714782999,5.120998424338892,up,0.03607636885293476
K03111,0.0001767182536347103,1649.0,0.7581029287699185,0.7581029287699185,0.11497025436944419,6.635711358986412,6.520741104616968,up,0.0028258087845800914
K03150,0.04351291229976086,1414.0,0.47776001807910773,0.47776001807910773,0.13736614837812855,5.329830441296214,5.1924642929180855,up,0.08591513464592422
K03151,0.8308093797364009,1110.0,0.07561184584406981,-0.07561184584406981,-0.012484764041690077,5.3842296268057215,5.396714390847412,down,0.872615283029846
K03152,2.8534196257261752e-05,1708.0,0.7931504601954454,0.7931504601954454,0.19864714639648273,5.21683388464257,5.018186738246087,up,0.0020334559729452265
K03154,0.0012507032391831788,1578.0,0.6998092201490901,0.6998092201490901,0.24022331435779964,5.219605650524481,4.979382336166681,up,0.00727732194480478
K03168,0.015042895946240541,1470.0,0.35341967627032456,0.35341967627032456,0.08970231122034189,5.288285687036696,5.198583375816354,up,0.03856024984270236
K03169,0.0014216504552705947,1573.0,0.6169887456911906,0.6169887456911906,0.19195212200174794,6.118609313375478,5.92665719137373,up,0.007789459786170133
K03177,0.005352857670829245,1518.0,0.3438270920685343,0.3438270920685343,0.08846433207455551,5.2972672675893735,5.208802935514818,up,0.018871334684022675
K03205,0.7125857634962778,1190.0,0.08325545199768569,-0.08325545199768569,-0.016644605058614204,7.198514606790248,7.215159211848862,down,0.7744217181798391
K03210,0.032032569837472574,1431.0,0.3945615156082174,0.3945615156082174,0.05263418599958403,5.44333367845448,5.390699492454896,up,0.0671815459908715
K03215,0.0008678192389721226,1592.0,0.6271836376317335,0.6271836376317335,0.18196483169235833,5.993678768058825,5.811713936366466,up,0.006006222627622849
K03216,0.19727662403917245,1315.0,0.13735675540429515,0.13735675540429515,0.024264227731264576,5.394820542145696,5.370556314414431,up,0.2882430673461242
K03217,0.0010162130226736051,1586.0,0.5796184426547614,0.5796184426547614,0.10195198704876951,5.716689865054265,5.614737878005496,up,0.006615446162454411
K03218,0.037063648874715305,1423.0,0.35016920591075207,0.35016920591075207,0.10243299716714027,5.2754314241711,5.17299842700396,up,0.07556387328721027
K03282,0.27552762284309384,1288.0,0.14677054548109944,0.14677054548109944,0.0289554095144009,5.193096133167755,5.164140723653354,up,0.37237289212607233
K03284,0.02812216706918608,1438.0,0.18051632685092536,0.18051632685092536,0.06808642582493185,5.0971791355187,5.029092709693768,up,0.060524794919770364
K03286,0.16147407949222803,1330.0,0.27869715777584253,0.27869715777584253,0.362810018743998,2.995015157575632,2.632205138831634,up,0.2464537471525744
K03292,0.03262758926742278,1430.0,0.47583828793025323,0.47583828793025323,0.17638916446500552,5.507653672517757,5.331264508052752,up,0.06810361886771579
K03299,0.964739986494161,1146.0,0.03773159855771386,0.03773159855771386,0.01628362815901152,4.729796124557415,4.713512496398404,up,0.9751215082550514
K03307,0.0016973095670521517,1566.0,0.6011800548847414,0.6011800548847414,0.2878306839534899,4.801075998932985,4.513245314979495,up,0.008684677356706534
K03308,0.00011307160134139446,1664.0,0.5509125713225461,0.5509125713225461,0.24562699461844328,5.960761025214413,5.71513403059597,up,0.0026085816800690124
K03310,0.00015247492226156293,1654.0,0.7945913277707711,0.7945913277707711,0.2856927224951873,6.137879340614325,5.852186618119138,up,0.0028258087845800914
K03315,0.0005961644673633037,1606.0,0.6408300320586144,0.6408300320586144,0.22489708428254396,4.349266551186843,4.124369466904299,up,0.004839236262856447
K03320,0.00950226820354573,1492.0,0.6235314044172707,0.6235314044172707,0.14805491600014697,5.607927668999571,5.459872752999424,up,0.027583846992632746
K03324,0.0005060003917408402,1612.0,0.8315583687295008,0.8315583687295008,0.1314154285205822,5.997571438249937,5.866156009729355,up,0.004526466089382346
K03327,7.844780696986501e-05,1676.0,0.6906440333988838,0.6906440333988838,0.2436838023990502,7.699058796290439,7.455374993891389,up,0.0023640057111695137
K03378,0.2443841500868893,1298.0,0.25324151402755773,0.25324151402755773,0.0781222243090296,5.4955292042169335,5.417406979907904,up,0.3400689495918089
K03402,0.015042895946240541,1470.0,0.5583836387138305,0.5583836387138305,0.07801521647150977,5.356859829949215,5.278844613477705,up,0.03856024984270236
K03406,0.8596457975027367,1115.0,0.013163554970674883,0.013163554970674883,0.010550594518364598,5.967892904529997,5.957342310011632,up,0.8929180282117685
K03413,0.3344595875241081,1271.0,0.2063768310375012,0.2063768310375012,0.07650480643183055,4.922880729823677,4.846375923391847,up,0.43545975999425957
K03424,0.007820012505729959,1501.0,0.4299185238634548,0.4299185238634548,0.05953123922642156,5.782864085768823,5.723332846542402,up,0.023803973252395593
K03426,0.0009643205101045924,1588.0,0.6787133239307938,0.6787133239307938,0.1719838871061654,5.038808106813696,4.866824219707531,up,0.006469803422385404
K03427,0.877040536646801,1161.0,0.029915329124206958,0.029915329124206958,0.004754435061521178,6.225399943306805,6.220645508245283,up,0.9052655460679304
K03431,0.021942706246602127,1451.0,0.3987792365837042,0.3987792365837042,0.1371577699525064,5.233573430816332,5.096415660863825,up,0.05026944026878362
K03437,0.0003426649098625465,1626.0,0.662932232883809,0.662932232883809,0.20590121446302145,5.231576498156585,5.025675283693563,up,0.0036634500525955173
K03438,0.0005493617336653793,1609.0,0.581992131942249,0.581992131942249,0.15675092047107064,5.23927488704912,5.08252396657805,up,0.00460134190936289
K03439,0.01199166479817229,1481.0,0.4654193937271874,0.4654193937271874,0.061614504685262084,5.533434259145208,5.471819754459946,up,0.033197977283361185
K03455,0.04667008304560424,1410.0,0.20571695334760126,0.20571695334760126,0.06356533011236642,5.0593403832948765,4.99577505318251,up,0.08985528434109746
K03465,0.026576586027699474,838.0,0.5337263079095457,-0.5337263079095457,-0.20295960544779845,4.810944416189993,5.013904021637791,down,0.057861275871564255
K03466,0.6691409883955957,1081.0,0.09379642423528839,-0.09379642423528839,-0.01302272181559605,6.145164978083108,6.158187699898704,down,0.738188254815611
K03469,0.6163680539073899,1071.0,0.21157693730304694,-0.21157693730304694,-0.07652194502183285,4.707102884915243,4.783624829937076,down,0.6933481530267046
K03470,0.052658852193250644,1403.0,0.26581865492816026,0.26581865492816026,0.044910309675603166,5.343800057908606,5.298889748233003,up,0.09963509443758935
K03484,0.0038747564729853415,1532.0,0.5472152055774036,0.5472152055774036,0.5486028897036874,3.984189581670612,3.4355866919669245,up,0.014559827074746148
K03495,0.003785423694634064,1533.0,0.4523981445517264,0.4523981445517264,0.09333388027132905,5.512370733606866,5.419036853335537,up,0.014470442321057538
K03496,0.00732169652565289,1504.0,0.5800270164583611,0.5800270164583611,0.08541820881257767,6.928753817308106,6.843335608495528,up,0.022548081806167568
K03497,0.5025635023178883,1231.0,0.1078151025479878,0.1078151025479878,0.01730808539632367,7.2151121377993945,7.197804052403071,up,0.5895370254665683
K03498,0.0006824985211466705,1601.0,0.6685296886105028,0.6685296886105028,0.12266043784136027,6.259117572864099,6.136457135022739,up,0.005217939275045765
K03499,0.001098914734839474,1583.0,0.6099761408212638,0.6099761408212638,0.13363592148165537,6.446028737821011,6.312392816339355,up,0.006784379701004265
K03501,0.002583433791246995,1549.0,0.5138321402235977,0.5138321402235977,0.07979154363466812,5.615305979785516,5.535514436150848,up,0.011477079173952022
K03502,0.10346888284599995,1361.0,0.2170876916171641,0.2170876916171641,0.06795540362869623,5.199809705106917,5.131854301478221,up,0.17266698089148466
K03517,0.023252820566273404,1448.0,0.50800209391651,0.50800209391651,0.09162060045013476,5.237245620045898,5.145625019595763,up,0.05244847177469902
K03521,0.11829864400023156,1352.0,0.3685792310113691,0.3685792310113691,0.08163286178930385,5.394638923777076,5.313006061987772,up,0.19134405517872632
K03522,0.0654857120107048,1390.0,0.458593209847992,0.458593209847992,0.16022594891339725,5.154369074627974,4.994143125714577,up,0.11877753281941628
K03523,0.009300610330366553,1493.0,0.5975623856626847,0.5975623856626847,0.16018329571497514,5.443929492631915,5.2837461969169395,up,0.0272389812570869
K03524,0.00022317809140424814,1641.0,0.6976515933359124,0.6976515933359124,0.21971606585356973,5.503103762570472,5.283387696716902,up,0.002934791901965863
K03525,0.03773750088599792,1422.0,0.4438366513816696,0.4438366513816696,0.09793404536111172,5.545168088250476,5.447234042889364,up,0.07669986656118588
K03526,0.25963264864774394,1293.0,0.29377666475150455,0.29377666475150455,0.04154140767450176,5.518624471171547,5.477083063497045,up,0.35601348589341325
K03527,0.2659127496834034,1291.0,0.23074204476254748,0.23074204476254748,0.020534812015972292,5.592216231490995,5.571681419475023,up,0.36311034873694237
K03529,0.011026421616064845,1485.0,0.3714218735428304,0.3714218735428304,0.189257276733521,4.8761200750985765,4.6868627983650555,up,0.030982359882746304
K03530,0.7016300631766004,1192.0,0.001870203846017666,0.001870203846017666,0.00033548676226224927,5.510833389758096,5.510497902995834,up,0.7644105493597593
K03531,0.34942802040190235,1267.0,0.22606173325578513,0.22606173325578513,0.029374060252433054,5.663596053965014,5.634221993712581,up,0.447417572374393
K03536,0.0013508389528387164,1575.0,0.50711309316914,0.50711309316914,0.07413876031602662,5.586819437497499,5.512680677181472,up,0.007526920436368272
K03543,0.34029961062792546,1269.0,0.2175148502635516,0.2175148502635516,0.3521889911730356,2.6431289087480145,2.290939917574979,up,0.4404468385587815
K03544,0.19727662403917245,1315.0,0.41972354796203015,0.41972354796203015,0.043099018446464576,5.98812045943319,5.945021440986725,up,0.2882430673461242
K03545,0.6691409883955957,1198.0,0.20133070268944628,0.20133070268944628,0.02876914591711266,6.331479499762637,6.302710353845525,up,0.738188254815611
K03546,0.0024607277691069637,1551.0,0.6077349205062713,0.6077349205062713,0.1803234834491816,5.125215580764546,4.944892097315364,up,0.0110438806019647
K03547,0.00010326738184634182,1667.0,0.7274446050440736,0.7274446050440736,0.2263232244265767,5.419271576611493,5.192948352184916,up,0.0026085816800690124
K03550,0.07106071840061627,1385.0,0.324272586352464,0.324272586352464,0.052501873745008254,5.400901680910611,5.3483998071656025,up,0.12748273492061446
K03551,0.2565314162221233,1294.0,0.265262399391485,0.265262399391485,0.04014002670488459,5.445608937128455,5.40546891042357,up,0.3528648664561633
K03553,0.1115138231079167,923.0,0.3492244222056293,-0.3492244222056293,-0.053590861367438514,5.75211952943926,5.8057103908066985,down,0.18353025955808566
K03555,0.00022973242156426813,1640.0,0.4332359725813666,0.4332359725813666,0.1496500330439554,5.109848447350927,4.960198414306972,up,0.0029614686931903715
K03558,0.04586324637566515,1411.0,0.17494543125022466,0.17494543125022466,0.034955209325001846,5.101353199110399,5.066397989785397,up,0.088822045631811
K03559,0.49321952807181124,1233.0,0.07451052885136611,0.07451052885136611,0.05320580422126575,4.985945728498304,4.932739924277039,up,0.581168171518308
K03561,0.6478161761410279,1202.0,0.06300413022487589,0.06300413022487589,0.038827442394258505,4.637428988551758,4.598601546157499,up,0.7188846174054445
K03563,0.5705010290467267,1062.0,0.04643750689029444,-0.04643750689029444,-0.040149540789681915,4.0475275871221,4.087677127911782,down,0.6529232838959492
K03565,0.023252820566273404,1448.0,0.46160395164107704,0.46160395164107704,0.07257077379390608,5.382029584039463,5.309458810245557,up,0.05244847177469902
K03569,0.7180861046596563,1189.0,0.027430760969178833,0.027430760969178833,0.003845454209406185,6.024450797058928,6.020605342849522,up,0.7784692725700313
K03570,0.21579932283996206,1308.0,0.1626382972844292,0.1626382972844292,0.023294644277795484,5.380801193995502,5.357506549717707,up,0.31013782462792366
K03571,0.12540306090901843,1348.0,0.24848680853289318,0.24848680853289318,0.06850772252359683,4.928425802503789,4.859918079980192,up,0.19964288752464798
K03572,0.001784653121254149,1564.0,0.2246672215766158,0.2246672215766158,0.0958921766501204,5.040967290097476,4.945075113447356,up,0.008855920205468703
K03574,0.04275242997447956,1415.0,0.34733136766354944,0.34733136766354944,0.09332268098271435,5.393185425879768,5.2998627448970534,up,0.0846678394825913
K03575,0.0008678192389721226,1592.0,0.5486244613286384,0.5486244613286384,0.18694444511088015,5.054431906284819,4.867487461173939,up,0.006006222627622849
K03581,0.0807853158004819,1377.0,0.20770358811284803,0.20770358811284803,0.06621905938102746,5.433827741357969,5.367608681976941,up,0.14221243678398088
K03584,0.12540306090901843,1348.0,0.36347616744795075,0.36347616744795075,0.04959812622537818,5.456168357957728,5.40657023173235,up,0.19964288752464798
K03585,0.6111875995009519,1209.0,0.024405322213231273,-0.024405322213231273,-0.026473260336493887,4.631161513858105,4.657634774194599,down,0.6892950701362583
K03587,0.08207349595185619,1376.0,0.13731558530329083,0.13731558530329083,0.06982305882111373,4.881650100238268,4.811827041417154,up,0.1437105821260864
K03588,0.007992747340061248,1500.0,0.31237320577702865,0.31237320577702865,0.13605031369590836,5.086511964673182,4.950461650977274,up,0.024217656111015073
K03589,0.005475741680011545,1517.0,0.47649637444295734,0.47649637444295734,0.08147866699019968,5.4063344010538685,5.324855734063669,up,0.01915053273727442
K03590,0.7016300631766004,1087.0,0.10300229968034474,-0.10300229968034474,-0.03610836826050523,4.48406156427887,4.520169932539376,down,0.7644105493597593
K03593,0.010796166995107747,1486.0,0.5010145996007321,0.5010145996007321,0.07096388662691044,5.477237674856924,5.406273788230013,up,0.03059689568656614
K03595,0.32350867658211324,1274.0,0.20058633097912332,0.20058633097912332,0.026696766192451094,5.483674752725078,5.456977986532627,up,0.42755166804570743
K03596,0.0007803384412494988,1596.0,0.3821454703008377,0.3821454703008377,0.1402181780609144,5.15995601603785,5.019737837976936,up,0.005700805834683838
K03601,0.03384606740855948,1428.0,0.32392400431205903,0.32392400431205903,0.06501071112125878,5.360565390722937,5.295554679601678,up,0.07031213055648612
K03602,0.1799453122032062,1322.0,0.24292433098743452,0.24292433098743452,0.03309034158503099,5.42859063389873,5.395500292313699,up,0.2679819768371644
K03607,0.5822746501115346,1077.0,0.0964204278611927,-0.0964204278611927,-0.18385885715833028,-0.08338079701226937,0.1004780601460609,down,0.6652399347494943
K03613,0.0028457834832734865,1545.0,0.4601094633847373,0.4601094633847373,0.09039037456832766,5.137435328810087,5.047044954241759,up,0.0121895937475721
K03614,0.0016139135276838994,1568.0,0.6448616161447779,0.6448616161447779,0.19286092574796498,4.962285306841533,4.769424381093568,up,0.00835549720041074
K03615,0.001098914734839474,1583.0,0.7170337857111654,0.7170337857111654,0.12295564784775426,5.586747250276078,5.463791602428324,up,0.006784379701004265
K03617,0.002521398072103281,1550.0,0.5020742687641334,0.5020742687641334,0.13930647796794915,5.0606995201718865,4.921393042203937,up,0.011239452423104456
K03621,0.8944948624128058,1158.0,0.054203637599478334,-0.054203637599478334,-0.008517555829552492,5.384853311626285,5.393370867455838,down,0.918236334170835
K03624,0.0009899519958008497,1587.0,0.602348967894285,0.602348967894285,0.10168439539347851,5.621986101687747,5.520301706294268,up,0.006574681184232916
K03625,0.1571856480316817,1332.0,0.24735991800336823,0.24735991800336823,0.044243425312441076,5.373010785592017,5.328767360279576,up,0.24147094294586618
K03628,0.2269301063550806,1304.0,0.2978515547565657,0.2978515547565657,0.04399104878391391,5.164536007080891,5.120544958296977,up,0.32121968768237996
K03629,0.02237209113635176,1450.0,0.4115683050014264,0.4115683050014264,0.0529178836555122,5.691827527187069,5.638909643531557,up,0.05089844263720167
K03630,0.9941214701790624,1138.0,0.05123958768662125,-0.05123958768662125,-0.007759360394477888,5.8205592930447665,5.828318653439244,down,0.9941214701790624
K03631,0.372664716426093,1018.0,0.1507253726559764,-0.1507253726559764,-0.014634637125060301,5.596666596639677,5.611301233764737,down,0.4680554938875953
K03637,0.02919506701365125,1436.0,0.5243732140879616,0.5243732140879616,0.1851707112412031,4.807497733530861,4.6223270222896575,up,0.06222287378112057
K03648,0.013580078009279626,1475.0,0.40047002874160936,0.40047002874160936,0.07597474121057068,5.172784387377709,5.096809646167138,up,0.03607636885293476
K03650,0.007992747340061248,1500.0,0.492141166835093,0.492141166835093,0.08089908656256739,5.5571598329534915,5.476260746390924,up,0.024217656111015073
K03654,0.00014368406024894167,1656.0,0.5348898270382494,0.5348898270382494,0.22493126141986686,5.012292931070449,4.787361669650582,up,0.0028258087845800914
K03655,0.003875239145369697,1532.0,0.22452327828313573,0.22452327828313573,0.07103869058937917,5.22454168467656,5.153502994087181,up,0.014559827074746148
K03657,0.0003943009887905905,1621.0,0.5688777898733492,0.5688777898733492,0.15205661980964802,5.763566426157551,5.611509806347903,up,0.004019424808214159
K03664,0.452347865645516,1242.0,0.0709060646171497,0.0709060646171497,0.006454027038738985,5.536605936431531,5.530151909392792,up,0.5442245593081917
K03665,0.003132246856213291,1541.0,0.5386771545722685,0.5386771545722685,0.09063444867154491,5.435241707912003,5.344607259240458,up,0.01303450827822936
K03671,0.004999003681036837,1521.0,0.496703453334185,0.496703453334185,0.07087328490086975,6.153930187299756,6.083056902398886,up,0.017911961418428997
K03673,0.2328232997817118,995.0,0.24020837436113582,-0.24020837436113582,-0.4389277830526181,-0.3202899742266152,0.11863780882600287,down,0.3288535329892062
K03685,0.00732169652565289,1504.0,0.47522857290526094,0.47522857290526094,0.09146282879219214,5.324983713183207,5.233520884391015,up,0.022548081806167568
K03686,0.001043117592539037,1585.0,0.5037551971293748,0.5037551971293748,0.20057758686259497,5.090956611596911,4.890379024734316,up,0.006626568281105477
K03687,0.4657549339865311,1239.0,0.16093305161542135,0.16093305161542135,0.015621359731929019,5.670202619382583,5.654581259650654,up,0.557295485161318
K03698,0.0032851239490646034,1539.0,0.49958622917746665,0.49958622917746665,0.1314385458763656,4.9591548680224,4.827716322146034,up,0.013333141953765289
K03699,0.007820012505729959,1501.0,0.4093912196560906,0.4093912196560906,0.09690760605856052,5.831052084883467,5.7341444788249065,up,0.023803973252395593
K03701,0.09443159217149728,1367.0,0.35180822065111994,0.35180822065111994,0.05395290714658785,5.8850341606390755,5.831081253492488,up,0.1612695372798947
K03702,0.8712352595679662,1162.0,0.10578719761983227,0.10578719761983227,0.01411788278695525,5.588110109796602,5.573992227009647,up,0.9013960396002169
K03703,0.019132861763444222,1458.0,0.3459085228487534,0.3459085228487534,0.0541373767179083,5.502612101692415,5.448474724974507,up,0.0459118854360021
K03704,0.5408553630580375,1223.0,0.09228046199432453,0.09228046199432453,0.04163949294635305,4.968920398119279,4.927280905172926,up,0.6255275307135614
K03705,0.30927515988482457,1001.0,0.18263636408663433,-0.18263636408663433,-0.033045274263115765,5.462101319332492,5.495146593595607,down,0.4103903483840003
K03710,0.044284790210881136,1413.0,0.37049955596070194,0.37049955596070194,0.22385870056550683,4.626547912252173,4.402689211686666,up,0.08665848084420937
K03718,0.9647398669973137,1146.0,0.047874311748669594,-0.047874311748669594,-0.046687810813557995,3.6989700299323993,3.7456578407459573,down,0.9751215082550514
K03719,0.23554273354063837,1301.0,0.1799770823720219,0.1799770823720219,0.0793094387721327,4.689037448759459,4.609728009987326,up,0.33198145188203587
K03722,0.545742379167212,1057.0,0.09279487426452135,-0.09279487426452135,-0.04975662120040347,4.366193313924374,4.415949935124777,down,0.6295186215832315
K03723,0.01839015270007226,1460.0,0.4446135474670562,0.4446135474670562,0.0878421337574915,5.490180863536407,5.402338729778916,up,0.04445413750109379
K03734,0.00010018165411013952,1668.0,0.8645601030138662,0.8645601030138662,0.1191292775772963,5.73277703921797,5.6136477616406735,up,0.0026085816800690124
K03737,0.055415404273290676,1400.0,0.49065369398427516,0.49065369398427516,0.10243925021552869,5.538389438801582,5.4359501885860535,up,0.10351030769797903
K03744,0.762594006579379,1098.0,0.06680451007145584,-0.06680451007145584,-0.023442003988392912,4.930596090611474,4.954038094599867,down,0.8172869752664087
K03763,0.18234950132252514,1321.0,0.22650365938539388,0.22650365938539388,0.07050973990835363,5.055963951486794,4.98545421157844,up,0.27033776126169173
K03778,0.35706927564721,1265.0,0.22567130404201263,0.22567130404201263,0.09188301100968221,4.7305782032283705,4.638695192218688,up,0.45542783460337655
K03783,0.005729177343922751,1515.0,0.6163080190639361,0.6163080190639361,0.13682174486819498,4.912428496836765,4.77560675196857,up,0.019670674170387512
K03789,0.02510493603849428,1444.0,0.3871643222823795,0.3871643222823795,0.10719794463626187,5.08638900530406,4.979191060667798,up,0.05529814219534335
K03790,0.3307830311305391,1272.0,0.12638202749077063,0.12638202749077063,0.03992761366781039,5.578691690315978,5.538764076648167,up,0.4315274662070029
K03797,0.4612615493545459,1240.0,0.15221607318038374,0.15221607318038374,0.03532675772721916,5.66664921636983,5.631322458642611,up,0.5529251936200801
K03798,0.0006643530815126237,1602.0,0.4948220733611097,0.4948220733611097,0.21217654643088846,5.889197111297416,5.6770205648665275,up,0.005200144655887501
K03816,0.016642764975837773,1465.0,0.5229417210968259,0.5229417210968259,0.10251111529497248,5.334959962739086,5.232448847444114,up,0.04168616370138413
K03830,0.9061600630456974,1123.0,0.003783796165674614,0.003783796165674614,0.00253379717629576,3.582498266744203,3.579964469567907,up,0.9273155508989043
K03832,0.7458022986380475,1184.0,0.005007834775281376,-0.005007834775281376,-0.004104940450878836,5.155596969290075,5.159701909740954,down,0.8032186918173894
K03839,0.000646657047293318,1603.0,0.6059976608341096,0.6059976608341096,0.20122202923800003,5.017522552674602,4.816300523436602,up,0.005153660710246748
K03892,0.008531635210049246,1497.0,0.400081840030072,0.400081840030072,0.13048119202037967,5.193091568215867,5.0626103761954875,up,0.02532528284698591
K03924,0.03982191538156266,1419.0,0.4453546230188337,0.4453546230188337,0.08589074443850997,5.567449169147103,5.481558424708593,up,0.08007005921522156
K03925,0.9764890713556766,1144.0,0.11773926351043335,-0.11773926351043335,-0.014337723834136007,5.418611549014649,5.432949272848785,down,0.9817149303002407
K03972,0.005859820816863424,1514.0,0.6040836703572818,0.6040836703572818,0.18896953247768788,4.778554561812936,4.5895850293352485,up,0.01991127745264962
K03973,0.05829117236196044,1397.0,0.2723889114383984,0.2723889114383984,0.07765554744975489,4.851739157195232,4.774083609745477,up,0.1082667961242627
K03975,0.372664716426093,1261.0,0.08308305575475042,0.08308305575475042,0.043725802190969,4.27804331089761,4.234317508706641,up,0.4680554938875953
K03976,0.013303077568993281,1476.0,0.38901365254158843,0.38901365254158843,0.07545663503432287,5.29023509102547,5.214778455991147,up,0.03584743238366018
K03977,0.16601281082441155,1328.0,0.25897182881388314,0.25897182881388314,0.03926698067187662,5.4777429180156325,5.438475937343756,up,0.25035188788314355
K03978,0.2534560007068153,1295.0,0.18086647171999723,0.18086647171999723,0.02276927613640023,5.425376581985906,5.402607305849505,up,0.3500994127410316
K03979,0.31279413657009547,1277.0,0.23041300783556562,0.23041300783556562,0.03465699854418247,5.467888539134704,5.433231540590522,up,0.41464142095733425
K04041,0.0009148914914127304,1590.0,0.6335862185805243,0.6335862185805243,0.25645926917883966,4.94753858666739,4.69107931748855,up,0.006233587104703319
K04043,0.018758292077714157,1459.0,0.3635257167030188,0.3635257167030188,0.11929456647178327,5.446383445371403,5.32708887889962,up,0.04526083317833783
K04066,0.7236010954524894,1188.0,0.10928289768388257,0.10928289768388257,0.012949835617337868,5.643320365773658,5.63037053015632,up,0.7831567411687437
K04068,0.013303077568993281,1476.0,0.4897340536011965,0.4897340536011965,0.10824344470087333,5.51309781244678,5.404854367745907,up,0.03584743238366018
K04069,0.014739693669801228,1471.0,0.46801261248867904,0.46801261248867904,0.11586476074400398,5.86697786618004,5.751113105436036,up,0.03838157856591805
K04070,0.4885826744125903,1234.0,0.07451737055875797,0.07451737055875797,0.01997729176923002,5.028176810553583,5.008199518784353,up,0.5777753748674067
K04074,0.7125857634962778,1089.0,0.09854135370573419,-0.09854135370573419,-0.0323751357838189,4.887133051114687,4.919508186898506,down,0.7744217181798391
K04075,0.005729177343922751,1515.0,0.4887773461604889,0.4887773461604889,0.09859659124950593,5.3897837053598385,5.291187114110333,up,0.019670674170387512
K04077,0.032032569837472574,848.0,0.3902568195836596,-0.3902568195836596,-0.05071893842517117,5.868919578143611,5.919638516568782,down,0.0671815459908715
K04078,0.8365597706278638,1168.0,0.020907056447271557,-0.020907056447271557,-0.003043657757793916,5.605023180484206,5.608066838242,down,0.8758567662226441
K04079,0.1050398459164744,919.0,0.21661376344325137,-0.21661376344325137,-0.02430071302092429,5.87226522011368,5.896565933134604,down,0.1746237640710036
K04083,0.2269301063550806,1304.0,0.15712106399440662,0.15712106399440662,0.0251926195228096,5.371137997418674,5.345945377895864,up,0.32121968768237996
K04085,0.003132246856213291,1541.0,0.5892767519408847,0.5892767519408847,0.1870394990497557,5.094236927566545,4.907197428516789,up,0.01303450827822936
K04095,0.3271327243786284,1273.0,0.189354855791258,0.189354855791258,0.03081838288049532,6.2918030033132135,6.260984620432718,up,0.42922902197885504
K04096,0.2443841500868893,1298.0,0.2583953606360554,0.2583953606360554,0.03218753956150788,5.640873769240138,5.60868622967863,up,0.3400689495918089
K04485,0.877040536646801,1118.0,0.007693410765569708,0.007693410765569708,0.0009630177534099005,5.582155244800014,5.581192227046604,up,0.9052655460679304
K04486,0.0012832938240292047,1577.0,0.5433184858695864,0.5433184858695864,0.16277691988443,5.4494248928299145,5.2866479729454845,up,0.007305330643283136
K04487,0.03640006951662534,1424.0,0.41004901433343993,0.41004901433343993,0.11097768894531868,5.957767869714925,5.846790180769606,up,0.07455777478872636
K04488,0.05001786449227694,1406.0,0.4076929640883097,0.4076929640883097,0.09815333965939388,5.334320300794387,5.236166961134993,up,0.09546225226029634
K04517,0.00599314369553624,1513.0,0.4685923439684058,0.4685923439684058,0.20178682716636942,4.686204097936774,4.484417270770405,up,0.02015596920621523
K04518,0.0001617702777121964,1652.0,0.6117199827851625,0.6117199827851625,0.16892916128714575,5.090402811984708,4.921473650697562,up,0.0028258087845800914
K04567,0.3927424477521658,1256.0,0.20133879188187967,0.20133879188187967,0.02602388724785154,5.645374899326308,5.619351012078456,up,0.48860578883074557
K04651,0.13863057157027708,938.0,0.3256397755170757,-0.3256397755170757,-0.16722377877202543,4.316492569204378,4.4837163479764035,down,0.2175408133829527
K04655,0.017323413315052112,1463.0,0.36163131236179646,0.36163131236179646,0.16547470456615532,4.505033054095031,4.339558349528875,up,0.04290073165592002
K04656,0.1615537110612313,1330.0,0.22628158826113218,0.22628158826113218,0.08523144979326958,4.197869768537854,4.112638318744584,up,0.2464537471525744
K04720,0.0019474396897133587,1560.5,0.35868584901602535,0.35868584901602535,0.2936786106400451,4.718977212799368,4.425298602159323,up,0.009449753475915375
K04751,0.002521398072103281,1550.0,0.6702159310872606,0.6702159310872606,0.15885276794292746,5.516723811324933,5.357871043382006,up,0.011239452423104456
K04757,0.14260074652138943,1339.0,0.29578560917015484,0.29578560917015484,0.07956980336569774,5.2202766259027795,5.140706822537082,up,0.2219171380776652
K04758,0.1050398459164744,1360.0,0.27250749532323254,0.27250749532323254,0.04358191668748468,6.407469345661405,6.3638874289739205,up,0.1746237640710036
K04759,0.10191665328151103,917.0,0.2832438168835384,-0.2832438168835384,-0.03881421611872149,6.554879924388751,6.5936941405074725,down,0.17029275611840788
K04762,0.00031479469751267985,1629.0,0.5323491241669794,0.5323491241669794,0.09066173990863113,5.3059957697857785,5.215334029877147,up,0.003449625226909783
K04769,0.14461828630899115,1338.0,0.261126504823275,0.261126504823275,0.06926780703807545,5.0930845218490886,5.023816714811013,up,0.22426066803811717
K04771,0.44353234369727956,1244.0,0.18349102594106903,0.18349102594106903,0.07890338281215925,4.604238790647617,4.525335407835458,up,0.5370580404805917
K05349,0.00019295801961271718,1646.0,0.6309317385014613,0.6309317385014613,0.32418668762975944,6.269527204405771,5.945340516776011,up,0.0028258087845800914
K05366,4.195387214423924e-05,1696.0,0.6883670175349386,0.6883670175349386,0.3742095707971851,4.908808963578148,4.534599392780963,up,0.002206773674786984
K05394,0.9178455440902012,1125.0,0.08819623255073897,-0.08819623255073897,-0.043341307408705454,4.406865001732525,4.4502063091412305,down,0.9363591082068383
K05515,0.003132246856213291,1541.0,0.32576310094525485,0.32576310094525485,0.14730255981385199,4.859621848054515,4.712319288240663,up,0.01303450827822936
K05540,0.0005645683156018696,1608.0,0.5480412608115742,0.5480412608115742,0.15598773934525756,5.355666276077718,5.199678536732461,up,0.004640045843852866
K05592,0.01990165946510854,1456.0,0.5445224523669716,0.5445224523669716,0.2658117504779556,4.340561023641611,4.074749273163655,up,0.04741065615329299
K05601,0.2659127496834034,1291.0,0.24667874681116822,0.24667874681116822,0.04887482342403349,5.283746737056152,5.2348719136321185,up,0.36311034873694237
K05795,0.004665877120763365,1524.0,0.7454562125452978,0.7454562125452978,0.6583190560815213,4.047089332720953,3.3887702766394314,up,0.01694924976188902
K05799,0.10191665328151103,1362.0,0.26340220898614347,0.26340220898614347,0.13498417912027794,5.483373009205593,5.348388830085315,up,0.17029275611840788
K05808,0.6425289584436887,1203.0,0.16536272594217827,0.16536272594217827,0.024226190844829354,5.507587018580061,5.483360827735232,up,0.7142228067231198
K05810,0.004156421810309026,1529.0,0.3619154612653797,0.3619154612653797,0.07182142133373315,5.091603016629419,5.019781595295686,up,0.015439815481797655
K05832,0.005859820816863424,1514.0,0.5219811748063403,0.5219811748063403,0.23093871693462287,5.352631293948418,5.121692577013795,up,0.01991127745264962
K05833,0.021942706246602127,1451.0,0.5186424914016334,0.5186424914016334,0.1827366585836554,5.502364471874016,5.319627813290361,up,0.05026944026878362
K05878,0.02578944378777357,1442.5,0.39999084609655594,0.39999084609655594,0.4971505110055898,2.8262272193053564,2.3290767082997665,up,0.0564252877109093
K05896,0.8365597706278638,1168.0,0.025807908779984085,-0.025807908779984085,-0.00459573865898566,5.303826969996059,5.308422708655045,down,0.8758567662226441
K05914,0.2690917049231176,1290.0,0.15935475203926416,0.15935475203926416,0.04942231773567318,5.862737141512015,5.8133148237763415,up,0.36707011615549756
K05919,0.20244588716783662,1313.0,0.1501779659131794,0.1501779659131794,0.04335929592603538,5.000684526052108,4.957325230126073,up,0.29416170345381787
K05970,0.5655067399267397,1218.0,0.2193748492989573,0.2193748492989573,0.12999013863992737,4.813224832486581,4.683234693846654,up,0.6500361564717332
K05989,0.5705010290467267,1217.0,0.038964375715378655,0.038964375715378655,0.013702328160041688,5.382760467952633,5.369058139792592,up,0.6529232838959492
K05992,0.6425289584436887,1203.0,0.21151415442972202,0.21151415442972202,0.11396751865972199,4.261193470144148,4.147225951484426,up,0.7142228067231198
K05995,0.28206778528138343,993.0,0.15850355151575066,-0.15850355151575066,-0.05706465141892192,4.376040867456253,4.433105518875175,down,0.38042988476412226
K06023,0.22131456708414765,1306.0,0.26031180803720294,0.26031180803720294,0.04412887031867907,5.345557883675269,5.30142901335659,up,0.31496607761434436
K06024,0.388675296617357,1257.0,0.06814358233445748,0.06814358233445748,0.014623127475952735,5.177460753783937,5.162837626307985,up,0.48538273034361296
K06079,0.7851537837764377,1102.0,0.0694873187589502,-0.0694873187589502,-0.0701371421592274,3.2881388482043126,3.35827599036354,down,0.8353405858184512
K06113,0.06335818711588193,1392.0,0.5244851737454024,0.5244851737454024,0.4903751604832052,3.9539741429717035,3.4635989824884983,up,0.11587926948332788
K06131,0.000646657047293318,1603.0,0.6874030306446027,0.6874030306446027,0.2133321698266597,5.639294737289694,5.425962567463034,up,0.005153660710246748
K06132,0.1752062718030748,1324.0,0.2402322932139617,0.2402322932139617,0.20020944501406657,4.307363369250333,4.1071539242362665,up,0.26151892375117863
K06133,0.006852059755017802,1507.0,0.31840461153111177,0.31840461153111177,0.10961962927230484,5.03574801450826,4.926128385235955,up,0.021923256880409758
K06142,0.4348157953241232,1246.0,0.12361332502761023,0.12361332502761023,0.08071282070168806,4.754312603532159,4.673599782830471,up,0.5294284915289093
K06147,0.0019718567863027036,1560.0,0.3433656092871395,0.3433656092871395,0.25109063201088855,5.047738126376048,4.79664749436516,up,0.009498137999956247
K06153,0.372664716426093,1261.0,0.06429181291283637,0.06429181291283637,0.0061472171195564584,5.810369366834915,5.8042221497153585,up,0.4680554938875953
K06158,0.0004286824399307189,1618.0,0.45638401780975046,0.45638401780975046,0.1657707497957217,5.268403393968566,5.102632644172845,up,0.004206846332155936
K06168,0.009707816320665126,1491.0,0.2811741099189289,0.2811741099189289,0.0845511324403585,5.131640088547789,5.04708895610743,up,0.028056655959724484
K06173,0.0003059863800801812,1630.0,0.524740116724541,0.524740116724541,0.18744131542923892,5.452018864352644,5.2645775489234055,up,0.0033812780655919188
K06178,0.24738242055348214,1297.0,0.1390849314081047,0.1390849314081047,0.05005164899258219,4.7729663964300935,4.722914747437511,up,0.34279018232647945
K06180,0.0013166667534653344,1576.0,0.46450457660871997,0.46450457660871997,0.14971496582035382,5.416560002225438,5.266845036405084,up,0.007399217011995362
K06183,0.004999003681036837,1521.0,0.4774375441395257,0.4774375441395257,0.18660148956118405,4.883118160487897,4.696516670926713,up,0.017911961418428997
K06187,0.04831962435070354,1408.0,0.4101581954419339,0.4101581954419339,0.0648814866400933,5.588035063875493,5.5231535772354,up,0.0923550959610104
K06199,0.045068191940581065,1412.0,0.4446652722780686,0.4446652722780686,0.18795941897265678,4.398080047059231,4.210120628086575,up,0.0877995146694283
K06200,0.0014958701709081766,1571.0,0.6024859878373187,0.6024859878373187,0.18074964005249416,5.087917696240653,4.9071680561881585,up,0.008061759322722345
K06201,0.014441890574405215,1472.0,0.4305087358235277,0.4305087358235277,0.12531833958970218,4.803361121935571,4.678042782345869,up,0.03783084881542402
K06206,0.02463032021326786,1445.0,0.45657146229456913,0.45657146229456913,0.12562548807905927,4.675831939829568,4.550206451750508,up,0.05489639166177497
K06207,0.5856086628210843,1214.0,0.07651937787054618,-0.07651937787054618,-0.017194719666817626,5.596705096700774,5.613899816367591,down,0.6673096981020155
K06213,0.21579932283996206,1308.0,0.26883962519527427,0.26883962519527427,0.04602684713174554,5.660295506957785,5.614268659826039,up,0.31013782462792366
K06215,0.30927515988482457,1278.0,0.25059956141190837,0.25059956141190837,0.0798281620254162,4.537014106573794,4.457185944548378,up,0.4103903483840003
K06217,0.003611444720982482,1535.0,0.6763482723133152,0.6763482723133152,0.0810503586086675,5.36109165652154,5.280041297912873,up,0.014050443219206994
K06218,0.16601281082441155,1328.0,0.38355835405300354,0.38355835405300354,0.24011349923058756,4.588563975967264,4.3484504767366765,up,0.25035188788314355
K06221,0.21579932283996206,1308.0,0.1534355639273321,0.1534355639273321,0.07133174981166679,4.645717234553762,4.574385484742095,up,0.31013782462792366
K06223,0.9236951070705481,1153.0,0.1184079875593005,-0.1184079875593005,-0.035992729182130034,5.307002056596018,5.342994785778148,down,0.9415961750370316
K06283,0.40095376148025397,1254.0,0.04394147880186486,0.04394147880186486,0.011412747255096889,5.04875477080494,5.037342023549843,up,0.49787931666339375
K06287,0.000265302338753846,1635.0,0.6180895624728254,0.6180895624728254,0.1797801163466488,5.16113161369106,4.981351497344411,up,0.0031715688678300687
K06320,0.8136111824653074,1172.0,0.05554020136517637,-0.05554020136517637,-0.06260103449997612,3.545405825992359,3.608006860492335,down,0.8586693166737274
K06333,0.7794982004217617,1178.0,0.010169968822769822,-0.010169968822769822,-0.0028840000549230638,4.79517505739935,4.798059057454273,down,0.8306646139016342
K06346,0.06657089728757958,1389.0,0.40711862558617284,0.40711862558617284,0.07714628863645157,5.549626064814422,5.472479776177971,up,0.12041365878014737
K06379,0.19727662403917245,1315.0,0.2061547932514825,0.2061547932514825,0.06126156234898872,5.017522308966592,4.956260746617604,up,0.2882430673461242
K06381,0.006701637739235065,1508.0,0.48578868083839083,0.48578868083839083,0.09804652890598131,5.595359422256996,5.4973128933510145,up,0.021706043416487956
K06385,0.09589226249024027,1366.0,0.21771039151773755,0.21771039151773755,0.08325574061393226,4.8910534832449235,4.807797742630991,up,0.16270751635440767
K06387,0.8193360303981039,1108.0,0.23733625556547092,-0.23733625556547092,-0.06787015604534918,4.818413211681193,4.886283367726542,down,0.8633228204915918
K06397,0.9706137317065936,1145.0,0.039385346324191724,-0.039385346324191724,-0.009323272800909166,5.020597194472237,5.029920467273146,down,0.9803049594425273
K06400,0.2722966502778733,990.0,0.31416274352431317,-0.31416274352431317,-0.07207366268199067,7.979762746672696,8.051836409354687,down,0.3699071230531027
K06405,0.25963264864774394,1293.0,0.13186716789455522,0.13186716789455522,0.03753675607396545,5.043520723378134,5.005983967304169,up,0.35601348589341325
K06406,0.16601281082441155,1328.0,0.26310328745835165,0.26310328745835165,0.09884150635643252,4.986509127989904,4.887667621633471,up,0.25035188788314355
K06407,0.27552762284309384,1288.0,0.12853106261386868,0.12853106261386868,0.03892744839876272,4.948711368552408,4.909783920153645,up,0.37237289212607233
K06412,0.452347865645516,1037.0,0.2288219372710954,-0.2288219372710954,-0.07209937418561907,5.727234858493313,5.799334232678932,down,0.5442245593081917
K06421,0.2954617842170798,1282.0,0.05956588979349988,0.05956588979349988,0.016786147622083192,4.84562894420078,4.828842796578697,up,0.3948498437453861
K06442,0.09886783377544613,1364.0,0.28410635793683614,0.28410635793683614,0.04998712384212922,5.276745161219607,5.226758037377477,up,0.16625473326689472
K06518,0.003611444720982482,1535.0,0.5207142715572388,0.5207142715572388,0.1364877518337373,5.075793396770697,4.93930564493696,up,0.014050443219206994
K06871,0.00038342528480441005,1622.0,0.759536937755774,0.759536937755774,0.186893104213536,5.861548992252093,5.674655888038557,up,0.003970112200927553
K06872,0.13094628659419885,1345.0,0.20107853762853614,0.20107853762853614,0.05124911430908252,5.369462718511313,5.3182136042022305,up,0.2072134378716865
K06881,0.00732169652565289,1504.0,0.42388019223193346,0.42388019223193346,0.11440264847508708,5.242415708001873,5.128013059526786,up,0.022548081806167568
K06889,0.03842174743411881,1421.0,0.2667741523874808,0.2667741523874808,0.12893827468594843,5.168686141492821,5.039747866806873,up,0.07784991968546415
K06890,0.36092907055785173,1264.0,0.1841791466937916,0.1841791466937916,0.08850990187025776,3.855380869366757,3.7668709674964993,up,0.4585717176652899
K06901,0.3418913973275114,1269.0,0.1655901886452973,0.1655901886452973,0.030333260630508008,5.586506265103785,5.556173004473277,up,0.4412043056777993
K06904,0.6425289584436887,1203.0,0.012445971168060139,0.012445971168060139,0.005955849767023125,4.291260883027288,4.285305033260265,up,0.7142228067231198
K06909,0.77385143406797,1179.0,0.06227888345452982,-0.06227888345452982,-0.018603834711633738,5.310817270221176,5.32942110493281,down,0.8266568934194805
K06919,0.8828524351744829,1160.0,0.028061760176407123,-0.028061760176407123,-0.00959303434748815,5.1741966528195675,5.183789687167056,down,0.9098361694784052
K06921,0.36872682878221996,1262.0,0.267460149808692,0.267460149808692,0.11806671498708354,5.423201088969166,5.305134373982082,up,0.4657788471168292
K06923,0.02463032021326786,1445.0,0.5629350492041404,0.5629350492041404,0.17897372164105452,4.997182284074273,4.8182085624332185,up,0.05489639166177497
K06925,0.02237209113635176,1450.0,0.43341512750819816,0.43341512750819816,0.06190738904722792,5.445038689788382,5.383131300741154,up,0.05089844263720167
K06926,0.014149406393127983,1473.0,0.4955022491109465,0.4955022491109465,0.13666384541562593,5.507626583884573,5.370962738468947,up,0.03736238836739618
K06933,0.16601281082441155,1328.0,0.26942409354760977,0.26942409354760977,0.08038863721019585,4.917709270890561,4.837320633680365,up,0.25035188788314355
K06941,0.21854444578333776,972.0,0.15340187228837163,-0.15340187228837163,-0.023043196385852838,5.827954442144055,5.850997638529908,down,0.3127159371110872
K06942,0.00044075150960696787,1617.0,0.5211466875627906,0.5211466875627906,0.15170904263702933,5.324215706957379,5.172506664320349,up,0.00426167819950855
K06949,0.1847774285272542,1320.0,0.18656298899459484,0.18656298899459484,0.029310939025262606,5.48850703358795,5.459196094562687,up,0.2720966612691369
K06950,0.03640006951662534,1424.0,0.34975008108228206,0.34975008108228206,0.12077656625736655,4.967300780879293,4.846524214621926,up,0.07455777478872636
K06958,0.03384606740855948,1428.0,0.41175804957613954,0.41175804957613954,0.08585014566875859,5.2716773736431755,5.185827227974417,up,0.07031213055648612
K06959,0.0015343038816006468,1570.0,0.49367878342849625,0.49367878342849625,0.10877821976671953,5.231211332110553,5.122433112343834,up,0.008135522598003429
K06960,0.7180861046596563,1189.0,0.0890005980023196,0.0890005980023196,0.017214500864420224,5.299213189637417,5.281998688772997,up,0.7784692725700313
K06962,0.003875239145369697,1532.0,0.6224745482681542,0.6224745482681542,0.16243999813215648,5.139529244655473,4.977089246523317,up,0.014559827074746148
K06967,0.01767280274862166,1462.0,0.42250078225392307,0.42250078225392307,0.10431659996164555,5.11381079759915,5.009494197637505,up,0.04343875815782707
K06969,0.000520086504979793,1611.0,0.5765665080435973,0.5765665080435973,0.18146801755480801,5.531724112762289,5.350256095207481,up,0.004559425026989519
K06972,0.005859820816863424,1514.0,0.6079795131760269,0.6079795131760269,0.19566876353456397,4.871631729406726,4.675962965872162,up,0.01991127745264962
K06973,0.02237209113635176,1450.0,0.38667945592693453,0.38667945592693453,0.07355431531096546,5.1068163618539835,5.033262046543018,up,0.05089844263720167
K06987,0.12723011328115408,1347.0,0.3345348373978911,0.3345348373978911,0.13114390444231816,4.561647738106782,4.4305038336644635,up,0.20206231759023868
K06997,0.004560115130296059,1525.0,0.48625447310682496,0.48625447310682496,0.05525398730449371,5.447123907862711,5.391869920558217,up,0.016610945696230794
K07000,0.9822728797677521,1136.0,0.03526751119732608,0.03526751119732608,0.055554278786668965,2.000007137337743,1.944452858551074,up,0.9867752764664584
K07001,0.01767280274862166,1462.0,0.293859516863172,0.293859516863172,0.09131768695131992,5.563409690377874,5.472092003426554,up,0.04343875815782707
K07005,0.08876637560841014,1371.0,0.3215065693869486,0.3215065693869486,0.0797680307338835,5.036170461633694,4.956402430899811,up,0.15298530003284316
K07007,0.02510493603849428,1444.0,0.3739234345611002,0.3739234345611002,0.09855065320224998,5.656917683347036,5.558367030144786,up,0.05529814219534335
K07010,0.04200321566744913,1416.0,0.3657774332662257,0.3657774332662257,0.13031645293845617,4.4490039385232025,4.318687485584746,up,0.08356161664553041
K07012,0.11318054246514772,1355.0,0.2662322298580448,0.2662322298580448,0.09527353327110255,4.613885678308219,4.518612145037117,up,0.18488498551760155
K07025,0.011026421616064845,1485.0,0.30774030675890596,0.30774030675890596,0.10776223499069726,4.994085896766079,4.886323661775382,up,0.030982359882746304
K07027,2.3466327069035516e-05,1714.0,0.7495217102750579,0.7495217102750579,0.2239276542162667,4.8278699625489425,4.603942308332676,up,0.0020334559729452265
K07029,0.0012832938240292047,1577.0,0.4292379576889803,0.4292379576889803,0.17086945273803433,5.550941223181663,5.380071770443629,up,0.007305330643283136
K07030,0.0008451346696014137,1593.0,0.5789315562283851,0.5789315562283851,0.19214166097694463,4.948857180278692,4.756715519301747,up,0.005943059307624915
K07040,0.05356468291486848,1402.0,0.4231367644047747,0.4231367644047747,0.04286679323872811,5.470178533295589,5.427311740056861,up,0.10091340692414334
K07042,0.28871243781642797,1284.0,0.12614552774219542,0.12614552774219542,0.014617355274664234,5.470222493987144,5.45560513871248,up,0.387010046614274
K07052,0.016642764975837773,1465.0,0.5095214883963101,0.5095214883963101,0.10914685653928924,6.235066458152981,6.125919601613692,up,0.04168616370138413
K07053,0.388675296617357,1257.0,0.07726226139276754,0.07726226139276754,0.020372364216820316,5.0968196640978345,5.076447299881014,up,0.48538273034361296
K07056,0.005729177343922751,1515.0,0.45752600397004434,0.45752600397004434,0.07253842893881668,5.687445129348146,5.614906700409329,up,0.019670674170387512
K07058,0.10191665328151103,1362.0,0.3348720494503458,0.3348720494503458,0.0547757982182846,5.2326578598772135,5.177882061658929,up,0.17029275611840788
K07075,0.07579583577277392,1381.0,0.21922084030589425,0.21922084030589425,0.10506874525585719,4.3756888761047295,4.270620130848872,up,0.13414740786163892
K07076,0.04586324637566515,1411.0,0.4107613534066905,0.4107613534066905,0.17002548994029798,5.336955769955465,5.166930280015167,up,0.088822045631811
K07079,0.8712352595679662,1162.0,0.04488761273433248,-0.04488761273433248,-0.01841969383566866,5.079773319579282,5.09819301341495,down,0.9013960396002169
K07082,0.21307912032632859,1309.0,0.25912347642594885,0.25912347642594885,0.03452240465353551,5.536918313477031,5.5023959088234955,up,0.30757304415929976
K07085,0.7180851894430614,1189.0,0.05811128401491283,-0.05811128401491283,-0.053605622587854285,4.463897051537692,4.517502674125546,down,0.7784692725700313
K07090,0.1571856480316817,1332.0,0.30604557773756114,0.30604557773756114,0.08057053150181126,5.6046656713204515,5.52409513981864,up,0.24147094294586618
K07095,0.0005060003917408402,1612.0,0.6712789356703371,0.6712789356703371,0.20227237050386737,5.798065490420177,5.595793119916309,up,0.004526466089382346
K07098,7.844780696986501e-05,1676.0,0.6339853452539602,0.6339853452539602,0.1767327012935347,5.654658771286945,5.47792606999341,up,0.0023640057111695137
K07105,0.0032851239490646034,1539.0,0.6357827335352608,0.6357827335352608,0.29319580567859216,5.394356240712179,5.101160435033587,up,0.013333141953765289
K07107,0.21854444578333776,1307.0,0.30163390541689633,0.30163390541689633,0.06910052966928237,5.201999327134172,5.13289879746489,up,0.3127159371110872
K07114,0.372664716426093,1261.0,0.15815815667631605,0.15815815667631605,0.10024897554892664,4.28400005113807,4.183751075589143,up,0.4680554938875953
K07126,0.8654369111540564,1163.0,0.07243499288796645,0.07243499288796645,0.022243052423481124,5.958434909398922,5.936191856975441,up,0.8975154086495143
K07133,0.452347865645516,1242.0,0.19717271702643874,0.19717271702643874,0.04931389513559825,6.76784339951218,6.718529504376582,up,0.5442245593081917
K07137,0.41346229373009313,1251.0,0.16649235000449647,0.16649235000449647,0.02429822293076267,6.066348368829702,6.04205014589894,up,0.5114796954422131
K07138,0.48396942047726743,1235.0,0.1043343972944086,0.1043343972944086,0.03361211897410055,5.198727401047936,5.1651152820738355,up,0.5733511602951411
K07139,0.0001767182536347103,1649.0,0.6843267046871844,0.6843267046871844,0.14390937628751832,5.141362305927108,4.997452929639589,up,0.0028258087845800914
K07149,0.009300610330366553,1493.0,0.5604395654024941,0.5604395654024941,0.14496512026167707,5.63538324946822,5.490418129206543,up,0.0272389812570869
K07154,0.14260074652138943,1339.0,0.2733459812617186,0.2733459812617186,0.08009552679905685,5.471915041771315,5.3918195149722585,up,0.2219171380776652
K07165,0.6425289584436887,1203.0,0.0820351394571702,0.0820351394571702,0.08425525318715632,5.581260455954984,5.497005202767828,up,0.7142228067231198
K07166,0.062317360861632885,1393.0,0.4932415908817566,0.4932415908817566,0.10710546908054308,5.258762621082807,5.151657152002264,up,0.1142919519289362
K07171,0.005232469419121471,1519.0,0.5569006202212812,0.5569006202212812,0.12172843587245552,6.542255818885497,6.420527383013042,up,0.01849649808103423
K07172,0.6799056906278642,1196.0,0.17842069673455715,0.17842069673455715,0.20408247385320832,3.1692515056674644,2.965169031814256,up,0.7469306459278542
K07173,0.0005493617336653793,1609.0,0.6017598802720463,0.6017598802720463,0.1374978931309787,5.164523891479597,5.027025998348618,up,0.00460134190936289
K07221,0.3199108941472355,1275.0,0.16460242249307638,0.16460242249307638,0.1754338700955982,3.9866063694169833,3.811172499321385,up,0.4232221587561516
K07238,0.24738242055348214,1297.0,0.07806285213013775,0.07806285213013775,0.027402178976180913,5.334842273087583,5.307440094111402,up,0.34279018232647945
K07240,0.035746641679430334,1425.0,0.41248609801099445,0.41248609801099445,0.09855390821183985,5.989424976039328,5.890871067827488,up,0.07367842289725844
K07258,0.008348500797737746,1498.0,0.5199925013114127,0.5199925013114127,0.15518406216451996,6.394179295110096,6.238995232945576,up,0.02489405566672366
K07260,0.10038301708118991,1363.0,0.3229453869005405,0.3229453869005405,0.1119504489977805,5.4102132831778,5.2982628341800195,up,0.16858705933814142
K07263,0.23843252130043857,1300.0,0.004359878224943816,0.004359878224943816,0.005616622782905978,4.040480644836055,4.034864022053149,up,0.3356946097538295
K07271,0.006701637739235065,1508.0,0.585422900406316,0.585422900406316,0.1394301177245616,5.368752268613099,5.229322150888537,up,0.021706043416487956
K07273,0.02708342230355328,1440.0,0.5607717831403123,0.5607717831403123,0.12981782373645778,6.103416748646049,5.9735989249095915,up,0.05877013255639037
K07284,0.44353234369727956,1244.0,0.14947188800110073,0.14947188800110073,0.04685962208460559,5.962396890421803,5.915537268337197,up,0.5370580404805917
K07301,0.013303077568993281,1476.0,0.5486638667272107,0.5486638667272107,0.1524154502147601,5.352438411754478,5.200022961539718,up,0.03584743238366018
K07304,0.8712352595679662,1162.0,0.10525924533651011,-0.10525924533651011,-0.037882445987651,4.330131892102236,4.368014338089887,down,0.9013960396002169
K07316,0.4176826074131823,1250.0,0.037289574569480496,0.037289574569480496,0.020207880340183948,4.409894058353678,4.389686178013494,up,0.5152463684318337
K07317,0.020296073387287956,1455.0,0.5582433333332089,0.5582433333332089,0.21840713454560134,4.556791335262428,4.338384200716827,up,0.047744788021974356
K07321,0.2269301063550806,1304.0,0.23025022283655827,0.23025022283655827,0.09352955210013025,4.530618953531864,4.4370894014317335,up,0.32121968768237996
K07322,0.7458022986380475,1184.0,0.004133012951451411,0.004133012951451411,0.003743460718649949,4.067773393977695,4.064029933259045,up,0.8032186918173894
K07335,0.5408553630580375,1223.0,0.042282249414426536,0.042282249414426536,0.013881514305516873,5.3979012937905235,5.384019779485007,up,0.6255275307135614
K07339,0.8886706468652719,1159.0,0.06975703167084339,0.06975703167084339,0.029284200715474995,4.2259036376010775,4.1966194368856025,up,0.9136840505299706
K07345,0.6983222631943811,1099.0,0.1741262493778042,-0.1741262493778042,-0.28674028139590235,1.3628898486774645,1.649630130073367,down,0.762069523734947
K07347,0.6261201201277027,1095.0,0.199362187868044,-0.199362187868044,-0.31947293816727407,0.785035116644357,1.104508054811631,down,0.7025153224982329
K07391,0.0015736452506899456,1569.0,0.5210698214917099,0.5210698214917099,0.13961332060168719,5.279490840102157,5.13987751950047,up,0.008310616484567384
K07407,0.015042895946240541,1470.0,0.5731938712232294,0.5731938712232294,0.13783394629572854,6.012261427483762,5.874427481188033,up,0.03856024984270236
K07447,0.06441515401499434,1391.0,0.29498193482683693,0.29498193482683693,0.04644889434009336,5.416797250852169,5.370348356512076,up,0.11732122926553679
K07448,0.7851566266704225,1177.0,0.06456662923263365,0.06456662923263365,0.01853046363417299,4.836314406543227,4.817783942909054,up,0.8353405858184512
K07450,0.013303077568993281,1476.0,0.5829188826644606,0.5829188826644606,0.3471357031883855,4.8914225564003875,4.544286853212002,up,0.03584743238366018
K07451,0.00950226820354573,1492.0,0.5006623428035707,0.5006623428035707,0.1815881064331375,4.684331859541275,4.502743753108137,up,0.027583846992632746
K07452,0.0014958701709081766,1571.0,0.7039938740259256,0.7039938740259256,0.2549146700858307,4.722833464128108,4.467918794042277,up,0.008061759322722345
K07456,0.008718353195643739,1496.0,0.529968991012765,0.529968991012765,0.10377923011310042,5.398678486664525,5.294899256551425,up,0.025647951794790864
K07458,0.38061829642813705,1259.0,0.15616038904200014,0.15616038904200014,0.042972008072580614,4.721221045651148,4.678249037578567,up,0.47713351744804594
K07460,0.025587448957836607,1443.0,0.4366721762818308,0.4366721762818308,0.06872543525588792,5.280713530863336,5.211988095607448,up,0.05607915896592523
K07461,0.07458856482836067,1382.0,0.27400065289859865,0.27400065289859865,0.118713390613844,4.784322413468713,4.665609022854869,up,0.13254589560715443
K07462,0.34942802040190235,1012.0,0.2238635577258213,-0.2238635577258213,-0.024012575491364707,5.734071426930488,5.758084002421853,down,0.447417572374393
K07467,0.9471314990305431,1149.0,0.06605599264101833,0.06605599264101833,0.04725657399729766,4.90202499696923,4.854768422971932,up,0.9625022575155827
K07473,0.388675296617357,1022.0,0.19547441914430216,-0.19547441914430216,-0.0562274230131008,6.307092763111095,6.363320186124196,down,0.48538273034361296
K07474,0.5705010290467267,1217.0,0.0697802364513653,-0.0697802364513653,-0.02684325350987571,4.506756816387049,4.5336000698969245,down,0.6529232838959492
K07478,0.03510324499028114,1426.0,0.3261248492622727,0.3261248492622727,0.060337024214320856,5.521086302600553,5.460749278386232,up,0.07246588251525855
K07480,0.5949786539605395,1209.5,0.02309697296651459,-0.02309697296651459,-0.05081230059235853,0.8844696955334419,0.9352819961258004,down,0.6748096309468007
K07481,0.4612615493545459,1039.0,0.21260725623265797,-0.21260725623265797,-0.1079388937645982,5.97245655255399,6.0803954463185885,down,0.5529251936200801
K07482,0.13667768398805388,1342.0,0.30519047058012644,0.30519047058012644,0.110150743587905,6.22494470496918,6.114793961381275,up,0.21498941919173545
K07483,0.8480864929960742,1166.0,0.00271721348228453,0.00271721348228453,0.0007518211089383442,6.629734955705482,6.6289831345965435,up,0.8844042333781423
K07484,0.001784653121254149,1564.0,0.7459073819065737,0.7459073819065737,0.2461603781594217,6.519229317590078,6.273068939430656,up,0.008855920205468703
K07485,0.6008994505335937,1211.0,0.09211940113840011,0.09211940113840011,0.05424552605381994,5.820908221648027,5.766662695594207,up,0.6800196019377588
K07486,0.01199166479817229,1481.0,0.5134793099056334,0.5134793099056334,0.11629729307045356,7.255461038962474,7.13916374589202,up,0.033197977283361185
K07487,0.21038375832902534,1310.0,0.3304341124486005,0.3304341124486005,0.11425366737771459,6.224306803443859,6.110053136066145,up,0.30435054147708285
K07488,0.1615537110612313,1330.0,0.25804887667714393,0.25804887667714393,0.27310149756998126,4.329288079583399,4.056186582013417,up,0.2464537471525744
K07491,0.07339704944640317,1383.0,0.38403463906929125,0.38403463906929125,0.11788856257220548,6.804155203464413,6.686266640892208,up,0.13113739133426652
K07492,0.6215628127505901,1207.0,0.07721601477790431,0.07721601477790431,0.048441977767866184,5.166054121290689,5.117612143522823,up,0.6979975224312776
K07493,0.11829864400023156,1352.0,0.31859422733921694,0.31859422733921694,0.08883660535212368,6.566185445079989,6.477348839727865,up,0.19134405517872632
K07494,0.4261989804918326,1031.0,0.27612426675085455,-0.27612426675085455,-0.22645271052433724,3.988593349845228,4.215046060369565,down,0.5223221429140352
K07495,0.20244588716783662,1313.0,0.2525289834574057,0.2525289834574057,0.12852213733667384,6.220361152791196,6.091839015454522,up,0.29416170345381787
K07496,0.006701637739235065,1508.0,0.5888207652204409,0.5888207652204409,0.2626433317342052,7.138574176251075,6.87593084451687,up,0.021706043416487956
K07497,0.5025635023178883,1231.0,0.11735610297397171,0.11735610297397171,0.02630553904398525,7.323369369530894,7.297063830486909,up,0.5895370254665683
K07498,0.9588681540345622,1132.0,0.09247572956521487,-0.09247572956521487,-0.08531902713108597,4.008912307683177,4.094231334814263,down,0.9714265196883276
K07499,0.1846779336980806,973.0,0.30102121998398257,-0.30102121998398257,-0.47941743096850076,0.710178934824708,1.1895963657932087,down,0.2720966612691369
K07507,0.13474609313749772,1343.0,0.21263484258588153,0.21263484258588153,0.06666819579381134,4.557160833549604,4.490492637755793,up,0.2127144207392671
K07560,0.08469982486753858,1374.0,0.2822046183329616,0.2822046183329616,0.035601838133112906,5.490794645033937,5.455192806900824,up,0.1471337776761073
K07566,0.0654857120107048,1390.0,0.28444862126723985,0.28444862126723985,0.046881515501807414,5.585177520371043,5.538296004869236,up,0.11877753281941628
K07568,0.13667768398805388,1342.0,0.18244079194493673,0.18244079194493673,0.03366628810904437,5.471846401592667,5.4381801134836225,up,0.21498941919173545
K07574,0.09156377462464839,1369.0,0.3514879514997999,0.3514879514997999,0.07022049740877723,5.215984027345589,5.145763529936811,up,0.15698352494317164
K07584,0.09589226249024027,1366.0,0.24686106095112714,0.24686106095112714,0.057039412693630887,5.107993162449172,5.050953749755541,up,0.16270751635440767
K07646,0.02110540274974509,1453.0,0.4121621549344298,0.4121621549344298,0.12237584043475991,4.990485057887876,4.868109217453116,up,0.049121424098964236
K07667,0.14260074652138943,1339.0,0.2884494028768783,0.2884494028768783,0.10112904343279627,4.826014487104429,4.724885443671632,up,0.2219171380776652
K07699,0.6320088978835166,1205.0,0.051142589398992716,0.051142589398992716,0.011244441024154561,5.406137487799144,5.39489304677499,up,0.7067106298612451
K07706,0.008531635210049246,1497.0,0.5704736344584136,0.5704736344584136,0.24241793660438393,5.554632236394198,5.312214299789814,up,0.02532528284698591
K07718,0.006268018613311424,1511.0,0.4621256730274446,0.4621256730274446,0.2641295414641851,6.1817591104871115,5.917629569022926,up,0.020814253728546776
K07720,0.006409667814513866,1510.0,0.429990192552406,0.429990192552406,0.2011477392356653,6.541217075385915,6.34006933615025,up,0.021124594426280036
K07726,0.5167530506029011,1228.0,0.09110240578567917,0.09110240578567917,0.031092137575903678,5.148029427392592,5.116937289816688,up,0.603490463181896
K07727,0.9764890713556766,1144.0,0.07663059744733249,-0.07663059744733249,-0.01623066647400684,6.735220297575272,6.751450964049279,down,0.9817149303002407
K07729,0.23554273354063837,1301.0,0.24037169319039672,0.24037169319039672,0.06368846484861201,6.18141954749501,6.117731082646398,up,0.33198145188203587
K07733,0.4771757650755135,1044.0,0.17290306093286179,-0.17290306093286179,-0.30597547446534545,0.9571116774402918,1.2630871519056373,down,0.5678607521034392
K07738,0.36481493370137763,1263.0,0.17220000170604433,0.17220000170604433,0.02751488223127918,5.281021221452332,5.253506339221053,up,0.46216920791648514
K07741,0.3927424477521658,1023.0,0.1224160664028921,-0.1224160664028921,-0.03309695788299738,5.231074007423573,5.264170965306571,down,0.48860578883074557
K07742,0.3271327243786284,1273.0,0.16776916616081866,0.16776916616081866,0.034213020853107956,5.231963293954099,5.197750273100991,up,0.42922902197885504
K07775,0.04586324637566515,1411.0,0.3240935576690735,0.3240935576690735,0.11989758507084503,5.437643131392608,5.317745546321763,up,0.088822045631811
K07780,0.3273891323534537,1031.0,0.20788176754769558,-0.20788176754769558,-0.4195941040232027,0.15753761113226045,0.5771317151554631,down,0.42922902197885504
K07800,0.2659127496834034,1291.0,0.32150064627895486,0.32150064627895486,0.1689638952393695,5.079326317632598,4.910362422393228,up,0.36311034873694237
K07813,0.21854444578333776,1307.0,0.2834664761024776,0.2834664761024776,0.12035566938742193,5.7556118622707055,5.635256192883284,up,0.3127159371110872
K07816,0.0023433765308763254,1553.0,0.6278601228315056,0.6278601228315056,0.19074446319756255,6.05228853045699,5.861544067259428,up,0.01066276864395283
K07979,0.021520509383001745,1452.0,0.38846984584038524,0.38846984584038524,0.15682803964178404,5.368559003249328,5.211730963607544,up,0.04982301027930862
K08079,0.0019234369876702103,1561.0,0.6645986809347767,0.6645986809347767,0.14726643659471517,6.260384992310196,6.113118555715481,up,0.009367850514023432
K08217,0.14461692430505127,1338.0,0.17692981522266232,0.17692981522266232,0.12140107531651534,3.867733057545975,3.7463319822294596,up,0.22426066803811717
K08234,0.2565314162221233,1294.0,0.24258811318539034,0.24258811318539034,0.12210876111788682,4.454952164389113,4.332843403271226,up,0.3528648664561633
K08303,0.004060701463528237,1530.0,0.3819303376134254,0.3819303376134254,0.13125406041825194,5.676446280618886,5.545192220200634,up,0.01512697570691114
K08316,0.019513953388432276,1457.0,0.36892627015471485,0.36892627015471485,0.062216213104551166,5.35454216392156,5.292325950817009,up,0.04657141325914418
K08384,0.006268018613311424,1511.0,0.4054609762472067,0.4054609762472067,0.19758529523694435,4.939540439243549,4.741955144006605,up,0.020814253728546776
K08483,0.001829857168005606,1563.0,0.5572125846900615,0.5572125846900615,0.2719375059813638,4.933850645749765,4.6619131397684015,up,0.008978590208684224
K08591,0.3307830311305391,1272.0,0.1401930588588905,0.1401930588588905,0.029978892899883647,5.432714556918415,5.402735664018532,up,0.4315274662070029
K08600,0.8828524351744829,1160.0,0.0636121752666527,-0.0636121752666527,-0.018294293144758278,6.342130444344298,6.360424737489057,down,0.9098361694784052
K08602,0.9061600630456974,1123.0,0.09228139391613586,-0.09228139391613586,-0.029057730565282824,5.17387048438519,5.2029282149504725,down,0.9273155508989043
K08659,0.09156377462464839,1369.0,0.4089157822642701,0.4089157822642701,0.14504864888848523,4.926967817465729,4.781919168577244,up,0.15698352494317164
K08681,0.1235965214851103,1349.0,0.36622935972025616,0.36622935972025616,0.1301059268988496,4.4885556803663205,4.358449753467471,up,0.1972444487292719
K08978,0.05927689100064914,1396.0,0.41346060205658786,0.41346060205658786,0.12777935129094775,5.230106852462847,5.102327501171899,up,0.10963306844705151
K08986,0.22131456708414765,1306.0,0.302127864605555,0.302127864605555,0.08965990265376966,5.0913707041990195,5.00171080154525,up,0.31496607761434436
K08998,0.11829864400023156,1352.0,0.2193853708370314,0.2193853708370314,0.051281564028471394,5.199606776559482,5.14832521253101,up,0.19134405517872632
K09013,0.5359903157875145,1224.0,0.09533988238519296,0.09533988238519296,0.019386041504362517,5.262194375437273,5.242808333932911,up,0.6209931852516137
K09014,0.0860382584306389,1373.0,0.3158998580740467,0.3158998580740467,0.09677816941352546,4.790580196150907,4.693802026737382,up,0.1490649668462321
K09022,0.020296073387287956,1455.0,0.47916980307294066,0.47916980307294066,0.08803641959450559,5.578024503837041,5.489988084242535,up,0.047744788021974356
K09117,0.0012832938240292047,1577.0,0.6208460555851893,0.6208460555851893,0.13242956927669614,5.077045807348536,4.9446162380718395,up,0.007305330643283136
K09125,0.6961752147494252,1193.0,0.015827634614136162,0.015827634614136162,0.006265039369227843,4.13040523409257,4.124140194723342,up,0.7603574812254935
K09144,0.6320088978835166,1074.0,0.16787926769515382,-0.16787926769515382,-0.0507698871597162,5.405575365797746,5.456345252957462,down,0.7067106298612451
K09157,0.010130838778996596,1489.0,0.567149497439286,0.567149497439286,0.14055949256419265,5.273494055562739,5.132934562998546,up,0.029151100644158694
K09458,0.00019295801961271718,1646.0,0.5965393474244065,0.5965393474244065,0.23142207538141246,5.1859890611380886,4.954566985756676,up,0.0028258087845800914
K09460,0.34942802040190235,1267.0,0.09076708547531805,0.09076708547531805,0.028399472902830958,5.526449631621428,5.4980501587185975,up,0.447417572374393
K09607,0.2553492647343527,1291.5,0.23214855004695703,0.23214855004695703,0.38924031162608164,1.5357484146024016,1.14650810297632,up,0.3523444733742642
K09690,0.42192819648809843,1249.0,0.08899305739580952,0.08899305739580952,0.037300554509664074,4.9886503770313775,4.951349822521713,up,0.5190229919381192
K09691,0.02237209113635176,1450.0,0.37500426034115036,0.37500426034115036,0.15301135146113598,5.194445903591834,5.041434552130698,up,0.05089844263720167
K09704,0.36481493370137763,1263.0,0.18387621584020092,0.18387621584020092,0.09706067425568765,4.272703120553801,4.175642446298113,up,0.46216920791648514
K09710,0.0007011037692427487,1600.0,0.571572451856317,0.571572451856317,0.08944451886603577,5.320214676360213,5.230770157494177,up,0.005238360548603492
K09747,0.1847774285272542,1320.0,0.17767318691862288,0.17767318691862288,0.033985225368370564,5.38243846944175,5.348453244073379,up,0.2720966612691369
K09748,0.5167530506029011,1228.0,0.13514388416337197,0.13514388416337197,0.014883709025428793,5.483107411232652,5.468223702207223,up,0.603490463181896
K09761,0.12004444740485856,1351.0,0.38964741392909086,0.38964741392909086,0.05377740329142888,5.424650609210417,5.370873205918988,up,0.19298098818751713
K09762,0.22131456708414765,1306.0,0.2142558132165697,0.2142558132165697,0.04869465490474312,5.287624633429805,5.238929978525062,up,0.31496607761434436
K09765,0.09443159217149728,1367.0,0.26828506772764843,0.26828506772764843,0.042978269437441874,5.234210640664224,5.191232371226782,up,0.1612695372798947
K09768,0.09737096259358831,1365.0,0.28377805522273597,0.28377805522273597,0.10222728781592405,4.938301892952152,4.836074605136228,up,0.16479126873947056
K09772,0.3927424477521658,1256.0,0.06591242700300705,0.06591242700300705,0.014519072551336443,5.254524558221074,5.240005485669737,up,0.48860578883074557
K09779,0.9882432594532432,1137.0,0.165102939275222,-0.165102939275222,-0.044045429675985126,4.871669053098718,4.915714482774703,down,0.9897485804882062
K09787,0.762594006579379,1181.0,0.016073060221543353,0.016073060221543353,0.003168490063478302,5.235173817743139,5.23200532767966,up,0.8172869752664087
K09808,0.6530992310970909,1201.0,0.032092920924668235,0.032092920924668235,0.03305655275236363,3.6767655259544405,3.643708973202077,up,0.7235504649424618
K09811,0.027598579917792194,1439.0,0.37898647249636236,0.37898647249636236,0.08067085655363027,5.523268693121833,5.442597836568202,up,0.05949529933097825
K09812,0.002778008611854813,1546.0,0.5203165725677235,0.5203165725677235,0.12483762313790958,5.286889142492762,5.162051519354852,up,0.01209629577678503
K09861,0.008718353195643739,1496.0,0.5174992253957647,0.5174992253957647,0.15818886369657115,4.955038802319941,4.79684993862337,up,0.025647951794790864
K09888,0.07579583577277392,1381.0,0.11391697785356704,0.11391697785356704,0.022118908265002624,5.14868364753499,5.126564739269988,up,0.13414740786163892
K09903,0.15080220841889322,1335.0,0.35211295623717914,0.35211295623717914,0.03779320324798885,5.534470753601481,5.496677550353493,up,0.23275223482493496
K09951,0.1847774285272542,1320.0,0.29904352475027085,0.29904352475027085,0.06504131446533457,5.394661998344198,5.329620683878863,up,0.2720966612691369
K09952,0.36481493370137763,1263.0,0.12238137293712217,0.12238137293712217,0.05519606776224961,4.218940282846915,4.163744215084665,up,0.46216920791648514
K09955,0.9529985523327025,1148.0,0.036396827451560476,0.036396827451560476,0.013530301877915818,5.406993017969939,5.393462716092023,up,0.9669699817264689
K10112,0.019513953388432276,1457.0,0.42888601987058433,0.42888601987058433,0.13965147495814723,5.064406354504884,4.924754879546737,up,0.04657141325914418
K10117,0.019513953388432276,1457.0,0.4349916279591867,0.4349916279591867,0.3046474675648385,4.833915288044496,4.5292678204796575,up,0.04657141325914418
K10119,0.055415404273290676,1400.0,0.38020646753287546,0.38020646753287546,0.2637023144064674,4.615614035863229,4.351911721456761,up,0.10351030769797903
K10206,6.721583152165681e-05,1681.0,0.7077876566980741,0.7077876566980741,0.21717757533922644,5.058111325593906,4.840933750254679,up,0.002266379960281505
K10240,0.005232469419121471,1519.0,0.6841302059668929,0.6841302059668929,0.5419724848440097,4.33517140845486,3.7931989236108503,up,0.01849649808103423
K10254,0.24141148493039888,1299.0,0.26519341259011703,0.26519341259011703,0.09612120540870617,4.795489798123422,4.699368592714716,up,0.3377192581739091
K10439,0.006554190757275434,1509.0,0.4133844610374292,0.4133844610374292,0.2577873096476013,4.739344067626964,4.481556757979362,up,0.02154690211454299
K10441,0.044667803281996286,1412.5,0.2064947426383183,0.2064947426383183,0.1870921425643588,4.1857401156819884,3.9986479731176297,up,0.0872781000235143
K10536,0.024163497574791696,1446.0,0.4913905292780748,0.4913905292780748,0.15593221727339746,4.600649406532533,4.444717189259135,up,0.054223548312032556
K10540,0.02838661891797691,1437.5,0.3617827230144614,0.3617827230144614,0.20493807677571674,4.911393939287881,4.706455862512164,up,0.0609941239822543
K10541,0.03446975984359024,1427.0,0.3777230878282861,0.3777230878282861,0.22670685056970008,4.352976518566086,4.126269667996386,up,0.07127002231811504
K10542,0.003697504000681026,1534.0,0.47444776124187826,0.47444776124187826,0.29910074466711034,4.359461395294172,4.060360650627062,up,0.014300640473222204
K10709,0.010555450263690222,1487.0,0.376131602326721,0.376131602326721,0.44275658844472376,2.9265718518513597,2.483815263406636,up,0.030086165738886905
K10773,0.012501811743426568,1479.0,0.3621478493224726,0.3621478493224726,0.06891791442200113,5.484694595542698,5.415776681120697,up,0.03417854977672752
K10823,0.0807853158004819,1377.0,0.2712346904689877,0.2712346904689877,0.15622300084125484,4.775764869100126,4.619541868258871,up,0.14221243678398088
K10947,0.24738242055348214,1297.0,0.24206439711368416,0.24206439711368416,0.051887082667192,6.158500781817332,6.10661369915014,up,0.34279018232647945
K11068,0.00018739502137005916,1647.0,0.561291832738785,0.561291832738785,0.19980436241697053,5.0134311879322855,4.813626825515315,up,0.0028258087845800914
K11070,0.0005961644673633037,1606.0,0.5265844790854652,0.5265844790854652,0.16149736055022146,5.1308364776623785,4.969339117112157,up,0.004839236262856447
K11071,0.013862161720372981,1474.0,0.3682835889764589,0.3682835889764589,0.1342265712478916,4.955090475920076,4.820863904672184,up,0.03667755062835105
K11072,0.0001394697747376547,1657.0,0.4337177602368235,0.4337177602368235,0.15035014704659844,5.066410955171849,4.91606080812525,up,0.0028215808273848605
K11145,0.11657281610621636,1353.0,0.31891940251785383,0.31891940251785383,0.0692150727724048,5.192795083137333,5.123580010364928,up,0.18948486177957297
K11148,0.002711711082515489,1547.0,0.36412343352263343,0.36412343352263343,0.12368100552199035,5.139796211354988,5.016115205832998,up,0.01188633357835956
K11175,0.0008014063630398325,1595.0,0.6473402681084752,0.6473402681084752,0.1625342224976487,5.19877944332982,5.036245220832171,up,0.005790381139546043
K11176,0.03982191538156266,1419.0,0.4517904839862052,0.4517904839862052,0.10963589176806998,4.974742962920191,4.865107071152121,up,0.08007005921522156
K11621,0.0654857120107048,1390.0,0.2990801072406131,0.2990801072406131,0.11892197988086117,4.66668075871946,4.547758778838599,up,0.11877753281941628
K11690,0.022808762726062828,1449.0,0.48328924314937294,0.48328924314937294,0.24263917641454746,5.247174427309619,5.004535250895072,up,0.05162396382921277
K11749,0.6060361648527735,1069.0,0.14581976495356663,-0.14581976495356663,-0.014824457314408512,5.721758331203343,5.736582788517752,down,0.6846542584032621
K11752,0.018028352880297523,1461.0,0.5607601701655044,0.5607601701655044,0.17277909711276074,4.907217948922662,4.734438851809902,up,0.044230007532819485
K11753,0.00018739502137005916,1647.0,0.7362250328044295,0.7362250328044295,0.14189322113454406,5.380043834222475,5.238150613087931,up,0.0028258087845800914
K11754,2.126572834307496e-05,1717.0,0.5758143786475787,0.5758143786475787,0.24139869017560311,5.2912647841448335,5.04986609396923,up,0.0019974594836531124
K11912,0.03262758926742278,1430.0,0.4316200223250179,0.4316200223250179,0.16654496291908227,5.071776209368332,4.90523124644925,up,0.06810361886771579
K11991,0.00021059259383182427,1643.0,0.5877978829505641,0.5877978829505641,0.15063457571421424,5.387299390066549,5.236664814352335,up,0.0028258087845800914
K12063,0.044284790210881136,1413.0,0.36030797399945574,0.36030797399945574,0.08635330593694057,6.504716228146337,6.418362922209396,up,0.08665848084420937
K12132,0.0602764032264326,1395.0,0.37626605093486815,0.37626605093486815,0.11188925368765812,5.4097226604850155,5.297833406797357,up,0.1108580003395229
K12308,0.00816889093121581,1499.0,0.511072763880088,0.511072763880088,0.2738307339580608,5.064602255640976,4.790771521682915,up,0.024581445250683728
K12340,0.5359847848067912,1224.0,0.004122508613318233,-0.004122508613318233,-0.004898174188687321,4.045598572453309,4.050496746641996,down,0.6209931852516137
K12373,0.5311474014927429,1225.0,0.061987973710702485,0.061987973710702485,0.031300251432522685,5.579951533244415,5.5486512818118925,up,0.6192010930522667
K12410,6.721583152165681e-05,1681.0,0.6797322998358867,0.6797322998358867,0.16957126059406846,5.2654696314171545,5.095898370823086,up,0.002266379960281505
K12573,0.0012188783864143383,1579.0,0.4220182204831834,0.4220182204831834,0.13485904956026218,5.051559437279119,4.916700387718857,up,0.0071236670139326885
K12574,0.21038375832902534,969.0,0.2749822542449967,-0.2749822542449967,-0.051885350312083744,5.685032755456047,5.73691810576813,down,0.30435054147708285
K12630,0.04053808422794033,1418.0,0.22850106492905997,0.22850106492905997,0.10075893970103333,4.848599030995824,4.7478400912947905,up,0.08126155603619137
K12678,0.16320134121534724,983.5,0.3279107621018446,-0.3279107621018446,-0.5438746111605722,-0.18931890840254828,0.35455570275802395,down,0.24867875283682692
K12693,0.24141148493039888,1299.0,0.30409190183838164,0.30409190183838164,0.13307456254372063,5.6378351790051,5.504760616461379,up,0.3377192581739091
K12695,0.24141148493039888,1299.0,0.29784121529606394,0.29784121529606394,0.1341594748728019,5.605559326986979,5.471399852114177,up,0.3377192581739091
K12719,0.30231598564550644,1280.0,0.20114238975884952,0.20114238975884952,0.07485860310962256,5.461750786364218,5.386892183254595,up,0.4023740092346568
K12721,0.1847774285272542,1320.0,0.2877215184892544,0.2877215184892544,0.08270323626183274,5.118827901706248,5.036124665444415,up,0.2720966612691369
K12906,0.00021059259383182427,1643.0,0.6246445809503823,0.6246445809503823,0.1873415664668272,5.6359611614172636,5.448619594950436,up,0.0028258087845800914
K12907,0.2565314162221233,1294.0,0.015786881782623004,0.015786881782623004,0.009152944107781558,4.50680476075806,4.497651816650278,up,0.3528648664561633
K12911,0.1115138231079167,1356.0,0.28015185843526647,0.28015185843526647,0.1582063482745708,4.713349529240166,4.555143180965596,up,0.18353025955808566
K12912,0.33816238131863974,1270.0,0.1563205100883798,0.1563205100883798,0.06531001762635924,5.250642988515116,5.185332970888757,up,0.43854391660158903
K12913,0.6961752147494252,1193.0,0.030317980575449977,0.030317980575449977,0.011559622862616692,5.337467338472461,5.325907715609844,up,0.7603574812254935
K13038,0.0005645683156018696,1608.0,0.6771849304562052,0.6771849304562052,0.265104307358631,5.07905267097948,4.813948363620849,up,0.004640045843852866
K13070,0.011500058415366747,1483.0,0.4406567577615337,0.4406567577615337,0.11181991495628818,6.31579151921216,6.203971604255872,up,0.03203935766145608
K13280,0.44792778249688814,1036.0,0.2919539849308876,-0.2919539849308876,-0.14748104047994381,4.499492222813329,4.6469732632932725,down,0.5408861652740201
K13292,0.1235965214851103,1349.0,0.21149071598800245,0.21149071598800245,0.028123309392922735,5.703550240151181,5.675426930758258,up,0.1972444487292719
K13306,0.8538622235448089,1114.0,0.057130257341486655,-0.057130257341486655,-0.027847750859198328,4.168013939954126,4.195861690813325,down,0.8883139430074555
K13319,0.0004286824399307189,1618.0,0.7473878323106344,0.7473878323106344,0.1850150326858202,5.385142195747008,5.200127163061188,up,0.004206846332155936
K13560,2.413131915785016e-06,1780.0,0.4805796457240418,0.4805796457240418,0.17135949646627324,5.1655428338316725,4.994183337365399,up,0.0010857265442721998
K13735,0.7378272128474181,1099.5,0.15639608899305257,-0.15639608899305257,-0.29848202958630604,0.3865636903760598,0.6850457199623659,down,0.7972414008992234
K13993,0.0795136020071905,1378.0,0.5078125081669531,0.5078125081669531,0.09887985263583321,6.083570955172831,5.984691102536998,up,0.14053815408528966
K14058,0.2722966502778733,1289.0,0.18305269168109276,0.18305269168109276,0.03309753997867215,5.594077243010716,5.560979703032044,up,0.3699071230531027
K14059,0.7125857634962778,1190.0,0.014696409292387514,0.014696409292387514,0.0034870147139809404,7.209242750811154,7.205755736097173,up,0.7744217181798391
K14060,0.802199018740111,1174.0,0.04207945121336464,0.04207945121336464,0.02534796830889885,4.653957636831642,4.628609668522743,up,0.8486658967363202
K14155,3.576133040633303e-05,1701.0,0.5842082140875691,0.5842082140875691,0.18888064323297105,5.277218754554057,5.088338111321086,up,0.0020446151949707796
K14245,0.02919506701365125,1436.0,0.470190436434954,0.470190436434954,0.09018484130805415,5.669392903083316,5.579208061775262,up,0.06222287378112057
K14246,0.00264686221275214,1548.0,0.473482067937698,0.473482067937698,0.17967326180436238,5.249769950911462,5.0700966891071,up,0.011679945670365987
K14371,0.004455992492299766,1526.0,0.41445268807898583,0.41445268807898583,0.1607996982747446,5.241099728413338,5.080300030138593,up,0.0162767503538172
K14373,0.05088557693484714,1405.0,0.32868186454455056,0.32868186454455056,0.09042107927112131,5.952307491899986,5.861886412628865,up,0.09697758502800577
K14417,0.8538622235448089,1114.0,0.013824962214028359,0.013824962214028359,0.008236636149971943,4.272123810745753,4.263887174595781,up,0.8883139430074555
K14441,0.010348442849642174,1488.0,0.48420107249462246,0.48420107249462246,0.12240415600849452,5.190843170126329,5.068439014117835,up,0.029712232199300127
K14445,0.0016551283138078608,1567.0,0.516527939971364,0.516527939971364,0.2759677138844516,4.639217647331179,4.363249933446728,up,0.008535269539832694
K14623,0.802199018740111,1105.0,0.145232599382695,-0.145232599382695,-0.05965707128701769,4.911784505439742,4.97144157672676,down,0.8486658967363202
K14652,0.05829117236196044,1397.0,0.5136753884838745,0.5136753884838745,0.1726717665729458,4.758499388493108,4.585827621920163,up,0.1082667961242627
K14698,0.8136136643159425,1107.0,0.11648568338834597,-0.11648568338834597,-0.07080814192974394,5.206179836460252,5.276987978389996,down,0.8586693166737274
K14699,0.7402313430064833,1094.0,0.062302149911960814,-0.062302149911960814,-0.042453051255938234,5.051687381292481,5.09414043254842,down,0.7985268384360341
K14732,0.6163680539073899,1208.0,0.01219307295339081,0.01219307295339081,0.007750013867407368,5.598350339347958,5.59060032548055,up,0.6933481530267046
K14742,0.008348500797737746,1498.0,0.5435604591354779,0.5435604591354779,0.10440276911842261,5.3918916995309845,5.287488930412562,up,0.02489405566672366
K14746,0.0015343038816006468,1570.0,0.5310467263284729,0.5310467263284729,0.12498238622354485,6.628405985650601,6.503423599427056,up,0.008135522598003429
K14747,0.941267311355533,1129.0,0.053175600480444264,-0.053175600480444264,-0.01950153851840053,4.54381996898401,4.563321507502411,down,0.9572826871094554
K14761,0.1235965214851103,1349.0,0.3480145016791832,0.3480145016791832,0.08304575528175473,5.311633082262433,5.228587326980678,up,0.1972444487292719
K15090,0.0035272110610366416,1536.0,0.5426582829480897,0.5426582829480897,0.16299661833165136,5.84623131970096,5.683234701369309,up,0.013928776412201752
K15237,0.008718353195643739,1496.0,0.3834444978503062,0.3834444978503062,0.10000691055632416,6.395319829261261,6.295312918704937,up,0.025647951794790864
K15238,0.005475741680011545,1517.0,0.43610657325185054,0.43610657325185054,0.10537973369563858,6.610857202586652,6.505477468891013,up,0.01915053273727442
K15255,0.021520509383001745,1452.0,0.558991854588617,0.558991854588617,0.38943302010337666,4.0043975840379336,3.614964563934557,up,0.04982301027930862
K15342,0.028654292804341983,1437.0,0.44819258364606307,0.44819258364606307,0.10739926572291747,5.072256714900004,4.964857449177087,up,0.06146883366673688
K15384,0.16601281082441155,1328.0,0.23781869927749355,0.23781869927749355,0.0882286924148854,5.429358889773215,5.341130197358329,up,0.25035188788314355
K15390,0.7346739791165717,1186.0,0.07621369299019871,0.07621369299019871,0.03627689711164361,5.06134477533541,5.0250678782237665,up,0.7944870744558321
K15391,0.372664716426093,1261.0,0.1750055228860466,0.1750055228860466,0.08700309280591512,5.149599215130463,5.062596122324548,up,0.4680554938875953
K15418,0.00037283044638932285,1623.0,0.5380233182252251,0.5380233182252251,0.1648280891855407,5.269426119785536,5.104598030599996,up,0.0038910479127139646
K15460,0.0016973095670521517,1566.0,0.5494845589108701,0.5494845589108701,0.11692600212383564,5.384938937622942,5.268012935499106,up,0.008684677356706534
K15519,0.5097815595115298,1050.0,0.07621213252799465,-0.07621213252799465,-0.10577045549688835,1.7066914524128811,1.8124619079097695,down,0.5969392259640799
K15532,0.44353234369727956,1244.0,0.177828810237157,0.177828810237157,0.08869150622699351,5.212483060580585,5.123791554353591,up,0.5370580404805917
K15558,0.0028457834832734865,1545.0,0.5410275987959854,0.5410275987959854,0.11624263229972698,8.234870690944826,8.118628058645099,up,0.0121895937475721
K15571,0.44353234369727956,1244.0,0.2193567139363267,0.2193567139363267,0.0719572218021165,5.051711743258869,4.979754521456752,up,0.5370580404805917
K15572,0.11318054246514772,1355.0,0.25092556122916476,0.25092556122916476,0.09722092730139664,4.9037775681828695,4.806556640881473,up,0.18488498551760155
K15573,0.005601166377376896,1516.0,0.46463748188353915,0.46463748188353915,0.10900266645075174,6.314464218169741,6.205461551718989,up,0.019382983648027943
K15580,0.6478161761410279,1202.0,0.12475264873311151,0.12475264873311151,0.07020688840117195,4.69293246845558,4.622725580054408,up,0.7188846174054445
K15583,0.03640006951662534,1424.0,0.30946529347628665,0.30946529347628665,0.15680930495560297,4.953499884911805,4.796690579956202,up,0.07455777478872636
K15633,0.015985713501418104,812.0,0.4858998800839743,-0.4858998800839743,-0.06442706796620978,5.798161058849225,5.862588126815435,down,0.040503301068140284
K15742,0.00021059259383182427,1643.0,0.6755183575038309,0.6755183575038309,0.12367575972947709,5.398922332531886,5.275246572802409,up,0.0028258087845800914
K15772,0.06441515401499434,1391.0,0.35305401178756773,0.35305401178756773,0.18034772007478939,4.532595615195372,4.352247895120582,up,0.11732122926553679
K15857,0.011261028986447586,1484.0,0.5565347278678175,0.5565347278678175,0.134553162783571,5.3352925239720745,5.2007393611885036,up,0.03157410046306733
K15869,0.007005508501929239,1506.0,0.4267193679573173,0.4267193679573173,0.09546606293624826,6.425053627900451,6.329587564964203,up,0.022038860478557295
K15887,0.027598579917792194,1439.0,0.2184902981829435,0.2184902981829435,0.0417205416773081,5.390022984542558,5.34830244286525,up,0.05949529933097825
K15923,0.3418913973275114,1269.0,0.19447678765641843,0.19447678765641843,0.07309342941370467,5.214897975461919,5.141804546048214,up,0.4412043056777993
K15967,0.037063648874715305,1423.0,0.3770526009014669,0.3770526009014669,0.10091276109693048,5.518816389400217,5.417903628303287,up,0.07556387328721027
K15971,0.06991561970781549,1386.0,0.36550763775145695,0.36550763775145695,0.15632404989927018,4.352455334405901,4.196131284506631,up,0.12594389029558545
K15986,0.013580078009279626,1475.0,0.5490089749275904,0.5490089749275904,0.18400660252763945,5.122957020030309,4.93895041750267,up,0.03607636885293476
K15988,0.007005508501929239,1506.0,0.3467687485577333,0.3467687485577333,0.14364192610653959,5.0121783550226064,4.868536428916067,up,0.022038860478557295
K16000,0.00028092629500860747,1633.0,0.5389191737541895,0.5389191737541895,0.19672680973491996,5.76166574981877,5.5649389400838505,up,0.003212331112489729
K16001,0.010796166995107747,1486.0,0.34907001054385306,0.34907001054385306,0.1283231875251607,5.23360762068187,5.105284433156709,up,0.03059689568656614
K16002,0.0009148914914127304,1590.0,0.48390799420564573,0.48390799420564573,0.15404302812610204,5.160358985391563,5.0063159572654605,up,0.006233587104703319
K16003,0.003444768768362994,1537.0,0.41895242277519346,0.41895242277519346,0.1647827847798835,4.916853629331337,4.7520708445514535,up,0.013768604651663638
K16007,6.721583152165681e-05,1681.0,0.6224665878875776,0.6224665878875776,0.209906924764252,5.824450803021186,5.614543878256934,up,0.002266379960281505
K16029,0.0011278366902231435,1582.0,0.38011827944528714,0.38011827944528714,0.12094328626448814,6.5170521874026,6.396108901138112,up,0.00686622799834923
K16030,0.00018739502137005916,1647.0,0.5627044395488825,0.5627044395488825,0.1844071862438703,5.8858049749314825,5.701397788687612,up,0.0028258087845800914
K16031,0.00044075150960696787,1617.0,0.5367900316623894,0.5367900316623894,0.1785368231280966,5.368180827986599,5.189644004858502,up,0.00426167819950855
K16032,0.0004286824399307189,1618.0,0.6217389674606367,0.6217389674606367,0.19143228987869954,5.306996184260662,5.115563894381962,up,0.004206846332155936
K16096,0.4092673326870141,1252.0,0.12479316930038982,0.12479316930038982,0.039195736051455654,5.5131514737313,5.4739557376798444,up,0.5072446206252814
K16097,0.3418913973275114,1269.0,0.10847897594270613,0.10847897594270613,0.034834513016572366,5.756375516275401,5.721541003258829,up,0.4412043056777993
K16106,0.372664716426093,1261.0,0.1480022155577611,0.1480022155577611,0.05906331465769643,5.330218227454797,5.2711549127971,up,0.4680554938875953
K16108,0.28871243781642797,1284.0,0.16632784354786162,0.16632784354786162,0.059679042871129795,5.4668389536716955,5.407159910800566,up,0.387010046614274
K16109,0.22131456708414765,1306.0,0.18193886281347224,0.18193886281347224,0.07429842404893261,5.240986299362206,5.166687875313273,up,0.31496607761434436
K16110,0.04275242997447956,1415.0,0.3442161144060558,0.3442161144060558,0.20432555384539786,4.507956271944067,4.3036307180986695,up,0.0846678394825913
K16111,0.38061829642813705,1259.0,0.12770488630470667,0.12770488630470667,0.05406627089658489,5.1604880970027525,5.106421826106168,up,0.47713351744804594
K16112,0.4261989804918326,1248.0,0.11148669508314014,0.11148669508314014,0.04677688397183122,5.3944622546616285,5.347685370689797,up,0.5223221429140352
K16113,0.5119988154912913,1229.0,0.007096217114884859,0.007096217114884859,0.006613190524703327,3.6833518323660424,3.676738641841339,up,0.5990021729279787
K16116,0.1615537110612313,1330.0,0.12742552794674544,0.12742552794674544,0.043990979898835825,5.174445593092015,5.130454613193179,up,0.2464537471525744
K16117,0.4657549339865311,1239.0,0.1440591750955054,0.1440591750955054,0.04891703107155276,5.383853542278415,5.3349365112068625,up,0.557295485161318
K16125,0.6691409883955957,1198.0,0.0593685664679686,0.0593685664679686,0.02113152151851505,5.5071280636248865,5.485996542106371,up,0.738188254815611
K16211,0.2414051009584296,1299.0,0.18413708980134275,0.18413708980134275,0.15115967953632037,3.528875645772509,3.3777159662361886,up,0.3377192581739091
K16213,0.014739693669801228,1471.0,0.46861505304757844,0.46861505304757844,0.3332499857403568,4.009150179796684,3.6759001940563274,up,0.03838157856591805
K16214,0.5070325624746196,1230.0,0.16476483082898455,0.16476483082898455,0.2372548812813564,1.908017528000563,1.6707626467192065,up,0.5942493936311272
K16394,0.0004658470178907673,1615.0,0.5856568277857707,0.5856568277857707,0.18714730639609556,5.5211091962559085,5.333961889859813,up,0.004344601620754319
K16395,0.2787846571783892,1287.0,0.18218544944613022,0.18218544944613022,0.07184566618136223,5.297606430743645,5.225760764562283,up,0.3763879098455665
K16398,0.001829857168005606,1563.0,0.5680697062213367,0.5680697062213367,0.17912526533248752,5.449920548052251,5.270795282719764,up,0.008978590208684224
K16399,0.0005493617336653793,1609.0,0.5772505602481733,0.5772505602481733,0.18267689434703804,5.854549620780849,5.671872726433811,up,0.00460134190936289
K16401,5.751758313487321e-05,1686.0,0.5782894367432664,0.5782894367432664,0.19848475463779813,5.844917783914397,5.646433029276599,up,0.002266379960281505
K16402,5.072933583486511e-05,1690.0,0.5045434795758712,0.5045434795758712,0.19273041644641076,5.771799477628976,5.579069061182565,up,0.002266379960281505
K16405,0.000520086504979793,1611.0,0.5569640524383292,0.5569640524383292,0.1914743938524639,5.540065957347994,5.34859156349553,up,0.004559425026989519
K16406,0.0001767182536347103,1649.0,0.4703091103657444,0.4703091103657444,0.17673714316373612,5.874553953546004,5.6978168103822675,up,0.0028258087845800914
K16407,0.00010326738184634182,1667.0,0.4450567371154982,0.4450567371154982,0.17398084101640165,5.720700647141313,5.546719806124911,up,0.0026085816800690124
K16408,0.00019867593544510684,1645.0,0.4472668556513741,0.4472668556513741,0.18119369689876663,5.187095028333045,5.005901331434278,up,0.0028258087845800914
K16409,0.0013858276650424817,1574.0,0.43976753423327436,0.43976753423327436,0.15241633615389727,5.51970440047993,5.367288064326033,up,0.007656988989625477
K16410,0.00028092629500860747,1633.0,0.5076527660040553,0.5076527660040553,0.19803868312583095,5.636326500445231,5.4382878173194005,up,0.003212331112489729
K16411,0.0001715969447846485,1650.0,0.5244973947814936,0.5244973947814936,0.18792835460517576,5.489685130925958,5.301756776320782,up,0.0028258087845800914
K16412,9.71831121973443e-05,1669.0,0.5170138850521729,0.5170138850521729,0.19319791228512617,5.5634293854947865,5.37023147320966,up,0.0026085816800690124
K16413,0.0002504958423661632,1637.0,0.5064099685579363,0.5064099685579363,0.19688770183786897,5.4396618226735445,5.2427741208356755,up,0.0030785236702009777
K16418,0.00029740926339956626,1631.0,0.48309411569142885,0.48309411569142885,0.16922227894470332,5.7630700062204845,5.593847727275781,up,0.003342676763849826
K16419,0.0006824985211466705,1601.0,0.4679722159632594,0.4679722159632594,0.16130990202590478,5.723568792512064,5.562258890486159,up,0.005217939275045765
K16450,5.402252548673253e-05,1688.0,0.503323348507898,0.503323348507898,0.198511796607856,5.593892717310832,5.395380920702976,up,0.002266379960281505
K16511,0.0105701966322173,1487.0,0.5602527429278217,0.5602527429278217,0.23948842248900704,4.890242537394131,4.650754114905124,up,0.030086165738886905
K16692,0.9764795006249285,1135.0,0.08639332381022168,-0.08639332381022168,-0.11041284197672319,3.4971886130287553,3.6076014550054785,down,0.9817149303002407
K16785,0.13094628659419885,1345.0,0.328463304573395,0.328463304573395,0.0942573531262001,5.945428158219335,5.851170805093135,up,0.2072134378716865
K16786,0.008348500797737746,1498.0,0.5270069540484569,0.5270069540484569,0.16686268940142845,5.104145238287562,4.937282548886134,up,0.02489405566672366
K16787,0.0014216504552705947,1573.0,0.5394009210032211,0.5394009210032211,0.20054485668289512,5.023261916544955,4.82271705986206,up,0.007789459786170133
K16833,0.5957824954594948,1212.0,0.12774881540160077,0.12774881540160077,0.01620451277579793,5.3904738762916615,5.374269363515864,up,0.6748096309468007
K16870,0.0004788888489884619,1614.0,0.36895518184561193,0.36895518184561193,0.20417271266947523,4.9151460217060885,4.710973309036613,up,0.00440376808685194
K16899,0.00037283044638932285,1623.0,0.6116787104927486,0.6116787104927486,0.2089363478566595,5.103220006684934,4.894283658828274,up,0.0038910479127139646
K16926,0.9120004248603445,1155.0,0.021259908895193243,-0.021259908895193243,-0.01209802759879075,5.200222314948556,5.212320342547347,down,0.9311184461889387
K16964,0.41982358200518055,1249.0,0.1350558634891554,0.1350558634891554,0.23860489825264097,1.9236137989466169,1.685008900693976,up,0.5174020715434043
K17108,0.7568081203579661,1182.0,0.06331317435268406,0.06331317435268406,0.08311039755377259,2.303956570738878,2.2208461731851052,up,0.8132629354794393
K17192,0.2534560007068153,1295.0,0.3038068149008026,0.3038068149008026,0.12972539890355606,5.664063619567025,5.534338220663469,up,0.3500994127410316
K17194,0.1571856480316817,1332.0,0.3380671391914612,0.3380671391914612,0.15988130385074406,5.581792073153368,5.421910769302624,up,0.24147094294586618
K17247,0.32642755057174666,1010.0,0.18923169783329855,-0.18923169783329855,-0.3157864660771559,0.6077872770452273,0.9235737431223832,down,0.42922902197885504
K17318,0.2443841500868893,1298.0,0.19192218887642534,0.19192218887642534,0.10117301005691193,5.766287139999761,5.665114129942849,up,0.3400689495918089
K17319,0.964739986494161,1146.0,0.01870972991985266,0.01870972991985266,0.008891764585905015,5.682746698512957,5.673854933927052,up,0.9751215082550514
K17320,0.5856086628210843,1214.0,0.122312465676888,0.122312465676888,0.06252437979259451,5.655208966296164,5.5926845865035695,up,0.6673096981020155
K17609,0.5025620533498187,1231.0,0.03550951112985935,0.03550951112985935,0.03556806185055761,3.4498730993113282,3.4143050374607706,up,0.5895370254665683
K17686,0.00010970990410461091,1665.0,0.4045521471233178,0.4045521471233178,0.21783705071925485,5.005580437201085,4.78774338648183,up,0.0026085816800690124
K17828,8.089753384230276e-05,1675.0,0.8408470768320229,0.8408470768320229,0.23774799992557138,5.190205455840419,4.952457455914848,up,0.0023640057111695137
K17832,0.21854444578333776,1307.0,0.050459528638255646,0.050459528638255646,0.025769608300977964,4.746767735104324,4.720998126803346,up,0.3127159371110872
K17836,0.0007011037692427487,1600.0,0.5946312388640378,0.5946312388640378,0.2817060134124505,4.896376818731925,4.6146708053194745,up,0.005238360548603492
K18114,0.021942706246602127,1451.0,0.22727637767977865,0.22727637767977865,0.04391366908487182,5.393339700270209,5.349426031185337,up,0.05026944026878362
K18189,0.34942802040190235,1267.0,0.1365280212184348,0.1365280212184348,0.018966017986500994,5.453337587508868,5.434371569522367,up,0.447417572374393
K18218,0.0016139135276838994,1568.0,0.5406939274939605,0.5406939274939605,0.21455241400455805,4.981144696555656,4.766592282551098,up,0.00835549720041074
K18220,0.02463032021326786,1445.0,0.48698025201589246,0.48698025201589246,0.18645768171598842,5.5498287121673275,5.363371030451339,up,0.05489639166177497
K18320,0.5325503957641095,1087.0,0.3493070673706096,-0.3493070673706096,-0.43126837583183064,-0.09234510401463963,0.338923271817191,down,0.6202867762885774
K18345,0.044284790210881136,1413.0,0.3021122572220125,0.3021122572220125,0.16260388107025747,4.555357564066307,4.39275368299605,up,0.08665848084420937
K18346,0.6372597912186636,1204.0,0.04303051522715523,-0.04303051522715523,-0.0154515880976831,4.954928945211753,4.970380533309436,down,0.7107689783312491
K18349,0.08207349595185619,1376.0,0.2980722831001767,0.2980722831001767,0.13943848320098606,5.0076047409402245,4.868166257739238,up,0.1437105821260864
K18475,0.09589226249024027,1366.0,0.3939542765232604,0.3939542765232604,0.1431223725181221,5.046883937209884,4.903761564691762,up,0.16270751635440767
K18536,0.029744600426986387,1435.0,0.40869483307804677,0.40869483307804677,0.20434166600636594,4.98571123842505,4.781369572418684,up,0.06329150414480113
K18581,0.77385143406797,1179.0,0.12761174227486546,0.12761174227486546,0.08510659067994908,4.436809814711908,4.351703224031959,up,0.8266568934194805
K18639,0.09589226249024027,1366.0,0.3653070015465871,0.3653070015465871,0.09952810684547408,5.139700434195389,5.040172327349915,up,0.16270751635440767
K18640,0.15935835758677452,1331.0,0.12901474545115804,0.12901474545115804,0.04971948748879651,5.538263598989115,5.488544111500318,up,0.24452303410339382
K18672,0.49321952807181124,1233.0,0.29103971309765275,0.29103971309765275,0.03632449188900555,5.519016153988751,5.482691662099746,up,0.581168171518308
K18679,0.1235965214851103,1349.0,0.35213797219988635,0.35213797219988635,0.10046211769590574,5.109537139044396,5.00907502134849,up,0.1972444487292719
K18680,0.01767280274862166,1462.0,0.5171481703808758,0.5171481703808758,0.13976716724568838,4.983219393959664,4.843452226713976,up,0.04343875815782707
K18682,0.14665762760353065,942.0,0.21225207335864,-0.21225207335864,-0.027256745104873303,5.778523185903127,5.805779931008001,down,0.22688797682193274
K18700,0.1637718240404351,1329.0,0.31485413559805947,0.31485413559805947,0.10625718259821237,4.708696660169955,4.6024394775717425,up,0.24925919978376407
K18707,0.001043117592539037,1585.0,0.4255763452848702,0.4255763452848702,0.18003851367500534,5.0205538016313875,4.840515287956382,up,0.006626568281105477
K18843,0.027598579917792194,1439.0,0.49875568943257176,0.49875568943257176,0.14938243354612446,5.326580622211685,5.17719818866556,up,0.05949529933097825
K18887,0.0021239081491264203,1557.0,0.45525365600986123,0.45525365600986123,0.20095709289324315,6.020330387863194,5.819373294969951,up,0.010046543942810226
K18888,0.007162036385610692,1505.0,0.4799166194830092,0.4799166194830092,0.21153751564301082,6.021444845319246,5.809907329676236,up,0.022317720016772652
K18918,0.27552762284309384,1288.0,0.23836768427902413,0.23836768427902413,0.28179154005817475,3.255580063520849,2.9737885234626744,up,0.37237289212607233
K18954,0.6060361648527735,1210.0,0.057341203039877026,0.057341203039877026,0.0557294682359224,5.318481232455383,5.262751764219461,up,0.6846542584032621
K19055,0.3307830311305391,1272.0,0.04573866752213372,0.04573866752213372,0.01296871523612797,4.854271898192735,4.841303182956607,up,0.4315274662070029
K19081,0.2920740132031484,1283.0,0.3126470184622365,0.3126470184622365,0.16905501404616263,4.678782862288667,4.5097278482425045,up,0.3911174413056417
K19092,0.7236010954524894,1091.0,0.06823968264769405,-0.06823968264769405,-0.017211460272835488,5.855227861155719,5.872439321428555,down,0.7831567411687437
K19108,0.00045313716412090523,1616.0,0.7405688723301023,0.7405688723301023,0.10358334004432201,5.391742716895497,5.2881593768511745,up,0.004317937469702829
K19157,0.44792778249688814,1036.0,0.18097034670790896,-0.18097034670790896,-0.07663991877207188,5.67586442132544,5.752504340097512,down,0.5408861652740201
K19158,0.24141148493039888,1299.0,0.272819277690635,0.272819277690635,0.16836660387385827,5.362330046561891,5.193963442688033,up,0.3377192581739091
K19271,0.7682166094654258,1099.0,0.15127215130741214,-0.15127215130741214,-0.07039767982665968,4.558062933960013,4.628460613786673,down,0.8219730198918104
K19294,0.1235965214851103,1349.0,0.2840143446727438,0.2840143446727438,0.08284993627378512,5.8352792288268,5.752429292553015,up,0.1972444487292719
K19302,0.0010162130226736051,1586.0,0.6438557271010094,0.6438557271010094,0.13590524575313,5.280823684896049,5.144918439142919,up,0.006615446162454411
K19310,0.5957824954594948,1067.0,0.09194548895138328,-0.09194548895138328,-0.05381564235293279,5.116353157308363,5.170168799661296,down,0.6748096309468007
K19334,0.021942706246602127,1451.0,0.2655565765410518,0.2655565765410518,0.10439337939523696,4.759556864625246,4.655163485230009,up,0.05026944026878362
K19353,0.3530984081223605,1266.0,0.1397147101333661,0.1397147101333661,0.1684017152252637,3.2617986346742827,3.093396919449019,up,0.4512969357264924
K19420,0.19220464347583077,1317.0,0.29196280768606214,0.29196280768606214,0.120256709435699,4.761089034170458,4.640832324734759,up,0.2824012359449357
K19545,0.2854528177208714,1284.5,0.22460453980083758,0.22460453980083758,0.3745423042719618,2.0921162305943155,1.7175739263223537,up,0.3842072213950316
K19629,0.18234950132252514,1321.0,0.04319672583333294,0.04319672583333294,0.02258425208806969,4.705281720221431,4.6826974681333615,up,0.27033776126169173
K19630,0.008348500797737746,1498.0,0.42430713603595593,0.42430713603595593,0.10450852245017828,6.509554123424257,6.405045600974079,up,0.02489405566672366
K19635,0.40095376148025397,1254.0,0.25139410748078433,0.25139410748078433,0.12060333123798372,5.018260979715024,4.897657648477041,up,0.49787931666339375
K19639,0.04586324637566515,1411.0,0.3141742186589641,0.3141742186589641,0.08926857196326043,5.5984076871624975,5.509139115199237,up,0.088822045631811
K19650,0.004885839531072837,1522.0,0.4331649704659957,0.4331649704659957,0.11766564411433222,6.195420828687669,6.077755184573337,up,0.01760240817359118
K19651,0.17520773522797595,1324.0,0.23352252266441983,0.23352252266441983,0.08198902078147174,5.308126699779798,5.2261376789983265,up,0.26151892375117863
K19689,0.08469982486753858,1374.0,0.2699595953142353,0.2699595953142353,0.05443088339810753,5.2566877657417805,5.202256882343673,up,0.1471337776761073
K19693,0.33996628805596785,1269.5,0.15956943868887424,0.15956943868887424,0.26423165859220976,4.790097300203013,4.525865641610803,up,0.4404468385587815
K19699,0.28871243781642797,1284.0,0.00557874757792649,-0.00557874757792649,-0.0031236424857450373,4.617336803686914,4.620460446172659,down,0.387010046614274
K19724,8.341944724776754e-05,1674.0,0.7780720043043752,0.7780720043043752,0.18642423743500913,5.353541868860587,5.167117631425578,up,0.0023847081115394415
K19725,0.01839015270007226,1460.0,0.4786945450589865,0.4786945450589865,0.0789643691949724,5.85549556315717,5.776531193962198,up,0.04445413750109379
K19762,0.02110540274974509,1453.0,0.45597268487517245,0.45597268487517245,0.10729807874816544,8.241803281465618,8.134505202717452,up,0.049121424098964236
K19824,0.0003331280274915126,1627.0,0.7403466279267314,0.7403466279267314,0.08216114298901456,5.538960939656197,5.456799796667182,up,0.0036203583153003233
K19854,0.012244384494906224,1480.0,0.39311667104980824,0.39311667104980824,0.10892090995097714,5.622915064341928,5.513994154390951,up,0.03382639834202035
K19858,0.04831962435070354,1408.0,0.4267931243232935,0.4267931243232935,0.19023746041377354,4.409155430916693,4.218917970502919,up,0.0923550959610104
K19955,0.0011574609632606166,1581.0,0.4811481453334188,0.4811481453334188,0.29986163664096743,4.393573312855806,4.093711676214839,up,0.0069184598485805045
K19958,0.004885839531072837,1522.0,0.47264714364100896,0.47264714364100896,0.09897735011299158,6.714529315163897,6.615551965050906,up,0.01760240817359118
K19960,0.003785423694634064,1533.0,0.46312199398758586,0.46312199398758586,0.11254896441513829,6.519581972160758,6.4070330077456195,up,0.014470442321057538
K20074,0.005232469419121471,1519.0,0.6448756660285365,0.6448756660285365,0.14892020697274155,5.804688479648463,5.655768272675721,up,0.01849649808103423
K20170,0.04275242997447956,1415.0,0.4195434889469844,0.4195434889469844,0.10813985936476467,6.794442059779954,6.68630220041519,up,0.0846678394825913
K20171,0.006852059755017802,1507.0,0.4317707454444986,0.4317707454444986,0.22427737040338158,5.058327380750294,4.834050010346912,up,0.021923256880409758
K20172,0.09156377462464839,1369.0,0.301517506649758,0.301517506649758,0.1416991160790655,4.4100623581055345,4.268363242026469,up,0.15698352494317164
K20339,0.12004444740485856,1351.0,0.23818464567499675,0.23818464567499675,0.1256642895327964,5.071217685327311,4.945553395794515,up,0.19298098818751713
K20340,0.020296073387287956,1455.0,0.4646271418138416,0.4646271418138416,0.15332088177593128,6.547186538825991,6.39386565705006,up,0.047744788021974356
K20386,0.0035272110610366416,1536.0,0.5305945304913458,0.5305945304913458,0.1189910937004921,8.968750691910918,8.849759598210426,up,0.013928776412201752
K20419,0.021942706246602127,1451.0,0.3654258296795998,0.3654258296795998,0.1506335358391686,4.7813780162495245,4.630744480410356,up,0.05026944026878362
K20442,0.020296073387287956,1455.0,0.3113495115907952,0.3113495115907952,0.10823835428660722,5.207806233308041,5.099567879021434,up,0.047744788021974356
K20487,0.04126514248701665,1417.0,0.445975299688104,0.445975299688104,0.16217855647048296,5.185857693887097,5.023679137416614,up,0.08246757199153024
K20488,0.27552762284309384,1288.0,0.16645419681589682,0.16645419681589682,0.06370056987263428,5.210348654069554,5.1466480841969195,up,0.37237289212607233
K20490,0.12181036166407973,1350.0,0.3603958949795601,0.3603958949795601,0.1674263922438719,4.386626804789198,4.219200412545326,up,0.1955807394240108
K20491,0.045068191940581065,1412.0,0.42159657070769,0.42159657070769,0.16264124355987164,4.5735320359162985,4.410890792356427,up,0.0877995146694283
K20492,0.04351291229976086,1414.0,0.38614003513324285,0.38614003513324285,0.13821545663233348,4.635428373940856,4.497212917308523,up,0.08591513464592422
K20509,0.2269301063550806,1304.0,0.2319696832291767,0.2319696832291767,0.04820469501539737,5.633350205137788,5.58514551012239,up,0.32121968768237996
K20534,0.0021769339394543345,1556.0,0.4077734836853337,0.4077734836853337,0.13069897942497377,5.490558388977619,5.359859409552645,up,0.010115435089690636
K20548,0.3271327243786284,1273.0,0.015415827188948319,-0.015415827188948319,-0.0076827450916985285,4.762866396721826,4.770549141813524,down,0.42922902197885504
K20572,0.004885839531072837,1522.0,0.341995975828444,0.341995975828444,0.1076621381840992,5.368520018366702,5.260857880182603,up,0.01760240817359118
K20591,0.017323413315052112,1463.0,0.2758234722858396,0.2758234722858396,0.0912256366909503,5.466449121164982,5.375223484474032,up,0.04290073165592002
K20615,0.0035272110610366416,1536.0,0.4037233942595793,0.4037233942595793,0.13187183498848398,5.075541679550787,4.943669844562303,up,0.013928776412201752
K20678,0.008718353195643739,1496.0,0.5171850814295416,0.5171850814295416,0.1346632182473062,5.394053046179598,5.259389827932292,up,0.025647951794790864
K20680,0.016642764975837773,1465.0,0.40209394920819447,0.40209394920819447,0.10441200846873944,5.6249325974581605,5.520520588989421,up,0.04168616370138413
K20707,0.0007011037692427487,1600.0,0.6279437848591148,0.6279437848591148,0.15811765806813138,5.416240005755286,5.258122347687155,up,0.005238360548603492
K20831,0.49321952807181124,1233.0,0.17035865322444319,0.17035865322444319,0.11813704263790825,4.293351532798989,4.175214490161081,up,0.581168171518308
K20836,0.02510493603849428,1444.0,0.5113260787852362,0.5113260787852362,0.2899535731153451,5.145659958616272,4.855706385500927,up,0.05529814219534335
K20849,0.0012832938240292047,1577.0,0.6007329740934381,0.6007329740934381,0.29956598417571634,5.265280451627188,4.9657144674514715,up,0.007305330643283136
K20852,0.1998490494763523,1314.0,0.3193330454846008,0.3193330454846008,0.14137118013319938,5.62215061531282,5.48077943517962,up,0.2910315615297932
K20930,4.4705173428846296e-05,1694.0,0.638280478747416,0.638280478747416,0.17804629400485883,5.201564062755823,5.023517768750964,up,0.0022610501176512647
K21038,0.9295487994155927,1152.0,0.18175372377432758,-0.18175372377432758,-0.09944110903450731,4.342585977620009,4.442027086654516,down,0.9460964947612263
K21064,0.0005060003917408402,1612.0,0.559413062952219,0.559413062952219,0.25319570676143854,5.690160561450711,5.436964854689273,up,0.004526466089382346
K21071,0.0012832938240292047,1577.0,0.5108803781166957,0.5108803781166957,0.23170658367490482,5.55806606621149,5.326359482536585,up,0.007305330643283136
K21175,0.0002364670819657711,1639.0,0.6405660316252162,0.6405660316252162,0.15313177738677464,5.18383891658592,5.030707139199145,up,0.0029614686931903715
K21179,0.8596457975027367,1164.0,0.05398261705632442,-0.05398261705632442,-0.020281534808749058,4.509199849342333,4.529481384151082,down,0.8929180282117685
K21221,0.012501811743426568,1479.0,0.4277576745331545,0.4277576745331545,0.1510320782861685,4.989570266454619,4.83853818816845,up,0.03417854977672752
K21225,0.4176826074131823,1250.0,0.012800551027467862,0.012800551027467862,0.006685538732216223,4.824215854777274,4.817530316045058,up,0.5152463684318337
K21228,0.18234950132252514,1321.0,0.2811013311105789,0.2811013311105789,0.12647641336704307,5.114220414706498,4.987744001339455,up,0.27033776126169173
K21326,0.0051145326385210405,1520.0,0.3739067864301645,0.3739067864301645,0.11442055460106637,5.388365904326404,5.273945349725338,up,0.018226586503130537
K21352,0.0005493617336653793,1609.0,0.6673867728696087,0.6673867728696087,0.26732969117241545,5.0379775851117925,4.770647893939377,up,0.00460134190936289
K21394,0.09589226249024027,1366.0,0.42417178290848023,0.42417178290848023,0.18342002313637185,5.023294045774943,4.839874022638571,up,0.16270751635440767
K21395,0.10823853134199783,1358.0,0.40259916202968565,0.40259916202968565,0.17903458021900143,5.556660912791291,5.37762633257229,up,0.17948760241453615
K21471,0.01839015270007226,1460.0,0.46366860116787495,0.46366860116787495,0.2604663980174893,5.345015067860224,5.084548669842735,up,0.04445413750109379
K21472,0.08876637560841014,1371.0,0.21315933765654385,0.21315933765654385,0.10921505983599467,4.516287142222491,4.407072082386496,up,0.15298530003284316
K21570,0.44353234369727956,1244.0,0.034003810370298995,0.034003810370298995,0.018528420689994718,4.369376231940574,4.3508478112505795,up,0.5370580404805917
K21571,0.17170155527995556,1325.5,0.18626919884519133,0.18626919884519133,0.23118820978761123,3.723156678901474,3.491968469113863,up,0.25774833926157714
K21572,0.7794982004217617,1178.0,0.058909589165523274,0.058909589165523274,0.057509009178221326,7.080975191183788,7.023466182005567,up,0.8306646139016342
K21573,0.34751769687813994,1267.5,0.08157388420109615,0.08157388420109615,0.16149997378053094,6.001415547177685,5.839915573397154,up,0.447417572374393
K21586,0.23120634906303406,1302.5,0.25839739935316824,0.25839739935316824,0.1908321924122096,3.812537453348751,3.621705260936541,up,0.3269208053955804
K21593,0.9764890713556766,1144.0,0.10207554869539828,-0.10207554869539828,-0.04867990153426316,4.413935068480338,4.462614970014601,down,0.9817149303002407
K21600,0.00320785557370164,1540.0,0.5291856258864176,0.5291856258864176,0.1324022439674497,5.468179229081241,5.3357769851137915,up,0.013182281498180176
K21636,0.6320088978835166,1205.0,0.05445578431051757,0.05445578431051757,0.006505219096826664,6.026569155912515,6.0200639368156885,up,0.7067106298612451
K21673,0.015042895946240541,1470.0,0.42001486968036905,0.42001486968036905,0.1987936375638668,5.182842967580684,4.984049330016817,up,0.03856024984270236
K21675,0.04667008304560424,1410.0,0.3637815415441063,0.3637815415441063,0.14307551201805335,4.812747616692342,4.669672104674289,up,0.08985528434109746
K21744,0.1115138231079167,1356.0,0.3490111092603324,0.3490111092603324,0.13236032697470357,4.374094561765999,4.241734234791296,up,0.18353025955808566
K21745,0.6745150126805266,1082.0,0.06446155754964616,-0.06446155754964616,-0.019624404074596313,4.992227236376592,5.011851640451188,down,0.742870386662389
K21837,0.002985882373054269,1543.0,0.48564386217949135,0.48564386217949135,0.1148322201468801,6.319492993898183,6.204660773751303,up,0.012625193956805027
K21838,0.03640006951662534,1424.0,0.37449754254203504,0.37449754254203504,0.2092023556295146,4.86526674781673,4.656064392187216,up,0.07455777478872636
K21903,0.15080220841889322,1335.0,0.32972634594472444,0.32972634594472444,0.08613139221350874,5.3626974150706515,5.276566022857143,up,0.23275223482493496
K21908,0.08876637560841014,1371.0,0.22132024804261136,0.22132024804261136,0.053800408712924686,5.4886927427051955,5.434892333992271,up,0.15298530003284316
K21929,0.3199108941472355,1004.0,0.2701285699308907,-0.2701285699308907,-0.11738723275921714,4.58157361706467,4.698960849823887,down,0.4232221587561516
K21934,0.4348157953241232,1246.0,0.004749429659136166,0.004749429659136166,0.0038333449579424084,4.094146406935368,4.090313061977426,up,0.5294284915289093
K22090,0.0016139135276838994,1568.0,0.5315729149227645,0.5315729149227645,0.1312879400086393,6.479242131963779,6.347954191955139,up,0.00835549720041074
K22092,0.14260074652138943,1339.0,0.3514559700098381,0.3514559700098381,0.16474098837191953,5.579850055092869,5.41510906672095,up,0.2219171380776652
K22093,0.28871243781642797,1284.0,0.12631630010844017,0.12631630010844017,0.054498416317813714,5.110857078165757,5.056358661847943,up,0.387010046614274
K22132,0.00816889093121581,1499.0,0.43797330227912046,0.43797330227912046,0.07769890609337171,5.415216507338371,5.337517601245,up,0.024581445250683728
K22278,0.04831962435070354,1408.0,0.4557163469447885,0.4557163469447885,0.08779383759484549,6.30226020869301,6.2144663710981645,up,0.0923550959610104
K22293,0.006852059755017802,1507.0,0.5611148825559781,0.5611148825559781,0.27560482017951227,5.13528356990839,4.859678749728878,up,0.021923256880409758
K22300,0.6372597912186636,1204.0,0.002586049874851083,-0.002586049874851083,-0.0009811801371428786,5.012590535715775,5.013571715852918,down,0.7107689783312491
K22391,0.0011574609632606166,1581.0,0.5510808850098702,0.5510808850098702,0.20272905938080665,4.795079512308384,4.592350452927577,up,0.0069184598485805045
K22423,0.025587448957836607,1443.0,0.28325045970871476,0.28325045970871476,0.04957372474412125,5.414587660215374,5.365013935471253,up,0.05607915896592523
K22452,0.012501811743426568,1479.0,0.44295930960772606,0.44295930960772606,0.1467498052701126,4.822886322006053,4.676136516735941,up,0.03417854977672752
K22522,6.516018909638348e-05,1682.0,0.7406010426227149,0.7406010426227149,0.20412319093241305,5.0061383693249395,4.8020151783925265,up,0.002266379960281505
K22581,0.41346229373009313,1251.0,0.18269303499409179,0.18269303499409179,0.08234815135233031,5.154551390754291,5.0722032394019605,up,0.5114796954422131
K22607,0.0061291935472839836,1512.0,0.45357376648517,0.45357376648517,0.10490210648459275,6.443856860672548,6.338954754187955,up,0.020560942639485814
K22719,0.48396942047726743,1235.0,0.12941325677675644,0.12941325677675644,0.058625663197182654,4.957060350660312,4.898434687463129,up,0.5733511602951411
K22798,0.22410976265347704,1305.0,0.19728139585825835,0.19728139585825835,0.06723254056534245,4.6938346684738645,4.626602127908522,up,0.31859928420467276
K22927,0.03384606740855948,1428.0,0.44915595791294194,0.44915595791294194,0.13487022697379114,5.139453868277541,5.00458364130375,up,0.07031213055648612
K23102,0.016642764975837773,1465.0,0.5430569696162614,0.5430569696162614,0.2806256262431166,4.255377728775062,3.974752102531945,up,0.04168616370138413
K23108,0.2659127496834034,1291.0,0.12171469449615689,0.12171469449615689,0.049006406481060694,5.329967968677877,5.280961562196817,up,0.36311034873694237
K23242,0.14461828630899115,1338.0,0.2607137828045887,0.2607137828045887,0.05082387265217214,5.544622522324465,5.493798649672293,up,0.22426066803811717
K23365,0.00015247492226156293,1654.0,0.5058959177307597,0.5058959177307597,0.19389387248484802,5.7049113143376315,5.5110174418527835,up,0.0028258087845800914
K23367,6.721583152165681e-05,1681.0,0.5828084498710742,0.5828084498710742,0.20560786200124692,5.830284470216543,5.624676608215296,up,0.002266379960281505
K23396,0.00711162679821151,1455.0,0.598366005201525,0.598366005201525,1.1210795547293697,0.4002996308942618,-0.7207799238351079,up,0.022317720016772652
K23397,0.0008451346696014137,1593.0,0.5929083486108874,0.5929083486108874,0.19353896589394282,5.011487613668804,4.817948647774861,up,0.005943059307624915
K23518,0.34942802040190235,1267.0,0.09747651122035257,0.09747651122035257,0.02790938232992346,5.096616893518261,5.068707511188338,up,0.447417572374393
K23536,0.2596310328468143,1293.0,0.02608848235058911,0.02608848235058911,0.016536795674604754,4.659507596513408,4.642970800838803,up,0.35601348589341325
K23537,0.4092673326870141,1252.0,0.1725011402482117,0.1725011402482117,0.07819561599890523,4.789304798860269,4.711109182861364,up,0.5072446206252814
K23627,0.3344595875241081,1271.0,0.15025315436785905,0.15025315436785905,0.06681146000467564,5.113571724800202,5.046760264795527,up,0.43545975999425957
K23631,0.16601281082441155,1328.0,0.2681173673962427,0.2681173673962427,0.11047655264631562,5.186944342383107,5.076467789736792,up,0.25035188788314355
K23646,0.1998490494763523,1314.0,0.23440896120633384,0.23440896120633384,0.10184460400346929,5.1137003687539995,5.01185576475053,up,0.2910315615297932
K23675,0.1050398459164744,1360.0,0.36662762113586833,0.36662762113586833,0.0993331735308507,5.543362190367842,5.444029016836991,up,0.1746237640710036
K23738,0.00816889093121581,1499.0,0.5183302722399411,0.5183302722399411,0.14502602810511434,5.951300856122354,5.80627482801724,up,0.024581445250683728
K23744,0.004455992492299766,1526.0,0.3919633958948911,0.3919633958948911,0.16530317451121856,5.184442992558925,5.019139818047706,up,0.0162767503538172
K23745,0.0001617702777121964,1652.0,0.4762927704758677,0.4762927704758677,0.17775883080987942,5.705973333357337,5.528214502547457,up,0.0028258087845800914
K23746,0.003611444720982482,1535.0,0.4734751591018284,0.4734751591018284,0.17943961336497694,5.0783058820439715,4.8988662686789946,up,0.014050443219206994
K23747,0.00011307160134139446,1664.0,0.586883797906783,0.586883797906783,0.19171272220535407,5.739805000721626,5.548092278516272,up,0.0026085816800690124
K23748,0.0001313880724692558,1659.0,0.48041047172535634,0.48041047172535634,0.1762197596050532,5.661382523530309,5.485162763925255,up,0.0026996143015167403
K23749,0.002985882373054269,1543.0,0.41226065373896925,0.41226065373896925,0.15411888350853253,5.270908555664829,5.116789672156297,up,0.012625193956805027
K23775,0.87703888195495,1161.0,0.14876732472491783,-0.14876732472491783,-0.16065667697088326,3.6314217029361733,3.7920783799070565,down,0.9052655460679304
K23862,0.003875239145369697,1532.0,0.5572940504532331,0.5572940504532331,0.1663638065078734,5.850056967801064,5.68369316129319,up,0.014559827074746148
K23875,0.7908264291084358,1176.0,0.01176757827120339,-0.01176757827120339,-0.004217824254551417,5.0493817466119975,5.053599570866549,down,0.83933555631767
K23876,0.001740477607259814,1565.0,0.6244342739864907,0.6244342739864907,0.259050721557589,5.4135843835354285,5.1545336619778395,up,0.008802800205948676
K23888,0.1847774285272542,1320.0,0.24902549177174874,0.24902549177174874,0.11467740985531272,5.082138360650934,4.967460950795621,up,0.2720966612691369
K23981,0.007484477502645726,1453.0,0.5863384477885707,0.5863384477885707,1.1012531775736965,0.3957916245346909,-0.7054615530390055,up,0.02299553251396993
K23990,0.002072069166508016,1558.0,0.5542942486696865,0.5542942486696865,0.16630705561178694,5.993607208878622,5.827300153266835,up,0.009872358528833482
K24041,0.10986653209827235,1357.0,0.2651877247488017,0.2651877247488017,0.14456777750494787,4.736932199124765,4.592364421619817,up,0.18150061521259817
K24180,0.00019295801961271718,1646.0,0.7251580511668274,0.7251580511668274,0.2617763518609939,5.602749222562206,5.340972870701212,up,0.0028258087845800914
K24250,0.030870391955030815,1433.0,0.33624804149345583,0.33624804149345583,0.08533174106387165,5.668702111594365,5.583370370530494,up,0.06536967056500084
K24528,5.402252548673253e-05,1688.0,0.509044545987884,0.509044545987884,0.1919926049719427,5.758816176932972,5.566823571961029,up,0.002266379960281505
K24555,5.402252548673253e-05,1688.0,0.5433594151556549,0.5433594151556549,0.19311853267408097,5.796610938864719,5.603492406190638,up,0.002266379960281505
K24556,0.0006824985211466705,1601.0,0.46215076751805473,0.46215076751805473,0.15411379237066392,5.501645110038898,5.347531317668234,up,0.005217939275045765
K24557,0.001740477607259814,1565.0,0.5429406328233766,0.5429406328233766,0.2032763118483114,4.815944708588773,4.612668396740462,up,0.008802800205948676
K24558,2.947407117363367e-05,1707.0,0.5798237826521931,0.5798237826521931,0.23430921623487322,5.6394026021289845,5.405093385894111,up,0.0020334559729452265
K24559,1.578215930483072e-05,1726.0,0.6275993081149629,0.6275993081149629,0.21639915958286604,5.723751596496578,5.507352436913712,up,0.0017294616238210329
K24560,0.032032569837472574,1431.0,0.28602718252152454,0.28602718252152454,0.1574909335067316,4.555091256493663,4.397600322986931,up,0.0671815459908715
K24562,0.000127514704501766,1660.0,0.49791429333631937,0.49791429333631937,0.22194133326205367,5.434657638665495,5.2127163054034416,up,0.0026996143015167403
K24566,0.00028092629500860747,1633.0,0.5208072750298032,0.5208072750298032,0.1841266670356072,5.456146229025258,5.272019561989651,up,0.003212331112489729
K24567,0.0010162130226736051,1586.0,0.383499259771218,0.383499259771218,0.162511408832815,5.401316143150768,5.238804734317953,up,0.006615446162454411
K24568,0.001043117592539037,1585.0,0.5177542624776461,0.5177542624776461,0.1832425333832859,5.314378463607046,5.13113593022376,up,0.006626568281105477
K24569,7.844780696986501e-05,1676.0,0.6500355110407283,0.6500355110407283,0.19625527904900597,5.9032367577366545,5.7069814786876485,up,0.0023640057111695137
K24654,0.21307912032632859,1309.0,0.24692642596986245,0.24692642596986245,0.10444081904740088,4.662690383892415,4.558249564845014,up,0.30757304415929976
K25026,0.002231170764192506,1555.0,0.6806899067368413,0.6806899067368413,0.26851381914536265,5.406319099532757,5.137805280387394,up,0.010294700192677702
K25086,0.10986653209827235,1357.0,0.37437001833718164,0.37437001833718164,0.15887053452643674,5.070007901506225,4.911137366979788,up,0.18150061521259817
K25087,0.0807853158004819,1377.0,0.3048876231178917,0.3048876231178917,0.14003221647659636,4.898768320734467,4.758736104257871,up,0.14221243678398088
K25088,0.037063648874715305,1423.0,0.34379802691673694,0.34379802691673694,0.1390431072250342,4.898581421212895,4.759538313987861,up,0.07556387328721027
K25089,0.0035272110610366416,1536.0,0.6001220434330364,0.6001220434330364,0.2902084368548481,4.859917265509354,4.569708828654506,up,0.013928776412201752
K25153,0.025587448957836607,1443.0,0.4647977874449081,0.4647977874449081,0.2055578570216552,4.911326611829715,4.70576875480806,up,0.05607915896592523
K25232,0.022808762726062828,1449.0,0.4021832389260248,0.4021832389260248,0.09794105598807512,6.61980160926965,6.5218605532815745,up,0.05162396382921277
K25307,0.017323413315052112,1463.0,0.4165008714706672,0.4165008714706672,0.13559652220584884,5.233997873243105,5.098401351037256,up,0.04290073165592002
K25706,0.0003059863800801812,1630.0,0.6289455767271844,0.6289455767271844,0.23661912280495123,5.133935048335929,4.897315925530978,up,0.0033812780655919188
K25763,0.015042895946240541,1470.0,0.5298539395705812,0.5298539395705812,0.22047017106719657,5.575640451223788,5.3551702801565915,up,0.03856024984270236
K25919,0.47027253111028866,1238.0,0.25194444478018985,0.25194444478018985,0.07596967410946665,5.306779911579392,5.2308102374699255,up,0.5616788178111077
K26078,0.0021769339394543345,1556.0,0.510103318262679,0.510103318262679,0.11533107171781865,6.648625018383997,6.533293946666179,up,0.010115435089690636
K26217,0.0314468756845915,1432.0,0.3328688211283957,0.3328688211283957,0.08470826007539678,5.659574460952352,5.574866200876955,up,0.06637663166169795
K26364,8.882466487483296e-06,1743.0,0.7198896801064067,0.7198896801064067,0.1923736021813358,5.367385547172841,5.175011944991505,up,0.001460055428880067
